solver_label	instance	tlsf_file	cap_s	result	seconds	exit_code	timed_out	resource_reason	expectation_source	stdout_bytes	stderr_bytes	run_index	acacia_sha	binary_sha256	preset	timestamp_utc	flags	cpu_seconds	max_process_rss_bytes	scope_memory_peak_bytes	memory_max	memory_swap_max	allowed_cpus	cpu_quota	collect_rusage	worker_records_dir	scope_unit
S-cap120-epoch2	CheckAlarm_6bea956e.ltl	CheckAlarm_6bea956e.tlsf	120	UNREALIZABLE	0.025384615000803024	1	false		status	13	30	0	50384cf69a733199fa17c9c571da1761d8451991	f80ff3f62daaa6e22a6753a3f30a127baab424d0320949bc9957a6ff62ea5ebe	otf_sparse_formula	2026-09-19T05:22:34.526083Z		0.010000	18292736		8G	0			true		acacia-syntcomp26-coverage-120005-030b99175f0d.scope
S-cap120-epoch2	CheckShades_4d4ca5c4.ltl	CheckShades_4d4ca5c4.tlsf	120	UNREALIZABLE	0.019103441009065136	1	false		status	13	30	1	50384cf69a733199fa17c9c571da1761d8451991	f80ff3f62daaa6e22a6753a3f30a127baab424d0320949bc9957a6ff62ea5ebe	otf_sparse_formula	2026-09-19T05:22:34.575209Z		0.010000	19263488	48685056	8G	0			true		acacia-syntcomp26-coverage-120005-9494ff7224e0.scope
S-cap120-epoch2	EnemeyModule.ltl	EnemeyModule.tlsf	120	REALIZABLE	0.017419334006262943	0	false		status	11	30	2	50384cf69a733199fa17c9c571da1761d8451991	f80ff3f62daaa6e22a6753a3f30a127baab424d0320949bc9957a6ff62ea5ebe	otf_sparse_formula	2026-09-19T05:22:34.605034Z		0.010000	15749120	42110976	8G	0			true		acacia-syntcomp26-coverage-120005-1e41b8fdbdfc.scope
S-cap120-epoch2	EscalatorNonCounting.ltl	EscalatorNonCounting.tlsf	120	REALIZABLE	0.016740243998356164	0	false		status	11	30	3	50384cf69a733199fa17c9c571da1761d8451991	f80ff3f62daaa6e22a6753a3f30a127baab424d0320949bc9957a6ff62ea5ebe	otf_sparse_formula	2026-09-19T05:22:34.634152Z		0.010000	15556608	43442176	8G	0			true		acacia-syntcomp26-coverage-120005-3a7312652c55.scope
S-cap120-epoch2	F-G-contradiction-13.ltl	F-G-contradiction-13.tlsf	120	UNREALIZABLE	0.1333530050033005	1	false		none	13	30	4	50384cf69a733199fa17c9c571da1761d8451991	f80ff3f62daaa6e22a6753a3f30a127baab424d0320949bc9957a6ff62ea5ebe	otf_sparse_formula	2026-09-19T05:22:34.780869Z		0.470000	32215040		8G	0			true		acacia-syntcomp26-coverage-120005-1933a962ea99.scope
S-cap120-epoch2	F-G-contradiction-15.ltl	F-G-contradiction-15.tlsf	120	UNREALIZABLE	0.32603478799865115	1	false		none	13	30	5	50384cf69a733199fa17c9c571da1761d8451991	f80ff3f62daaa6e22a6753a3f30a127baab424d0320949bc9957a6ff62ea5ebe	otf_sparse_formula	2026-09-19T05:22:35.121316Z		1.250000	58830848		8G	0			true		acacia-syntcomp26-coverage-120005-c012ae94a0fb.scope
S-cap120-epoch2	KitchenTimerV7.ltl	KitchenTimerV7.tlsf	120	REALIZABLE	0.07741654600249603	0	false		status	11	30	6	50384cf69a733199fa17c9c571da1761d8451991	f80ff3f62daaa6e22a6753a3f30a127baab424d0320949bc9957a6ff62ea5ebe	otf_sparse_formula	2026-09-19T05:22:35.214078Z		0.240000	24821760		8G	0			true		acacia-syntcomp26-coverage-120005-8979c3980113.scope
S-cap120-epoch2	OneCounterGuiA8.ltl	OneCounterGuiA8.tlsf	120	UNREALIZABLE	3.2621048080036417	1	false		status	13	31	7	50384cf69a733199fa17c9c571da1761d8451991	f80ff3f62daaa6e22a6753a3f30a127baab424d0320949bc9957a6ff62ea5ebe	otf_sparse_formula	2026-09-19T05:22:38.489302Z		9.510000	296574976		8G	0			true		acacia-syntcomp26-coverage-120005-8c37a69eee2e.scope
S-cap120-epoch2	SensorPart.ltl	SensorPart.tlsf	120	REALIZABLE	0.049126162004540674	0	false		status	11	30	8	50384cf69a733199fa17c9c571da1761d8451991	f80ff3f62daaa6e22a6753a3f30a127baab424d0320949bc9957a6ff62ea5ebe	otf_sparse_formula	2026-09-19T05:22:38.552655Z		0.090000	21565440		8G	0			true		acacia-syntcomp26-coverage-120005-57801e896207.scope
S-cap120-epoch2	TwoCountersDisButA5.ltl	TwoCountersDisButA5.tlsf	120	UNREALIZABLE	0.13390267900831532	1	false		status	13	30	9	50384cf69a733199fa17c9c571da1761d8451991	f80ff3f62daaa6e22a6753a3f30a127baab424d0320949bc9957a6ff62ea5ebe	otf_sparse_formula	2026-09-19T05:22:38.699944Z		0.430000	29360128		8G	0			true		acacia-syntcomp26-coverage-120005-5fbbb2ad757e.scope
S-cap120-epoch2	TwoCountersInRangeM1.ltl	TwoCountersInRangeM1.tlsf	120	UNREALIZABLE	0.026519200997427106	1	false		status	13	30	10	50384cf69a733199fa17c9c571da1761d8451991	f80ff3f62daaa6e22a6753a3f30a127baab424d0320949bc9957a6ff62ea5ebe	otf_sparse_formula	2026-09-19T05:22:38.741073Z		0.040000	21372928		8G	0			true		acacia-syntcomp26-coverage-120005-40b2e5e141d4.scope
S-cap120-epoch2	Window2_aeb1d897.ltl	Window2_aeb1d897.tlsf	120	REALIZABLE	0.029815054003847763	0	false		status	11	30	11	50384cf69a733199fa17c9c571da1761d8451991	f80ff3f62daaa6e22a6753a3f30a127baab424d0320949bc9957a6ff62ea5ebe	otf_sparse_formula	2026-09-19T05:22:38.783311Z		0.040000	20639744		8G	0			true		acacia-syntcomp26-coverage-120005-ee9a13c250e8.scope
S-cap120-epoch2	Window_54e1f7d2.ltl	Window_54e1f7d2.tlsf	120	REALIZABLE	0.02764889800164383	0	false		status	11	30	12	50384cf69a733199fa17c9c571da1761d8451991	f80ff3f62daaa6e22a6753a3f30a127baab424d0320949bc9957a6ff62ea5ebe	otf_sparse_formula	2026-09-19T05:22:38.833219Z		0.050000	20066304		8G	0			true		acacia-syntcomp26-coverage-120005-17fb409035a6.scope
S-cap120-epoch2	amba_decomposed_encode_pb_13_pe_.ltl	amba_decomposed_encode_pb_13_pe_.tlsf	120	REALIZABLE	0.09051208999881055	0	false		status	11	30	13	50384cf69a733199fa17c9c571da1761d8451991	f80ff3f62daaa6e22a6753a3f30a127baab424d0320949bc9957a6ff62ea5ebe	otf_sparse_formula	2026-09-19T05:22:38.937211Z		0.250000	31297536		8G	0			true		acacia-syntcomp26-coverage-120005-f6736925a3a4.scope
S-cap120-epoch2	amba_decomposed_encode_pb_16_pe_.ltl	amba_decomposed_encode_pb_16_pe_.tlsf	120	REALIZABLE	0.9846603970072465	0	false		status	11	31	14	50384cf69a733199fa17c9c571da1761d8451991	f80ff3f62daaa6e22a6753a3f30a127baab424d0320949bc9957a6ff62ea5ebe	otf_sparse_formula	2026-09-19T05:22:39.936379Z		3.830000	102416384		8G	0			true		acacia-syntcomp26-coverage-120005-d53a11461d05.scope
S-cap120-epoch2	amba_decomposed_encode_pb_7_pe_.ltl	amba_decomposed_encode_pb_7_pe_.tlsf	120	REALIZABLE	0.028776020990335383	0	false		status	11	30	15	50384cf69a733199fa17c9c571da1761d8451991	f80ff3f62daaa6e22a6753a3f30a127baab424d0320949bc9957a6ff62ea5ebe	otf_sparse_formula	2026-09-19T05:22:39.979263Z		0.040000	20803584		8G	0			true		acacia-syntcomp26-coverage-120005-60ae8e885d62.scope
S-cap120-epoch2	amba_gr_pb_3_pe_.ltl	amba_gr_pb_3_pe_.tlsf	120	TIMEOUT	120.22083737299545	124	true	timeout	none	0	8	16	50384cf69a733199fa17c9c571da1761d8451991	f80ff3f62daaa6e22a6753a3f30a127baab424d0320949bc9957a6ff62ea5ebe	otf_sparse_formula	2026-09-19T05:24:40.213030Z					8G	0			true		acacia-syntcomp26-coverage-120005-f502738e4248.scope
S-cap120-epoch2	arbiter_on_inpchange_pb_6_pe_.ltl	arbiter_on_inpchange_pb_6_pe_.tlsf	120	MEMOUT	93.45893902200623	-15	false	memory	none	0	8	17	50384cf69a733199fa17c9c571da1761d8451991	f80ff3f62daaa6e22a6753a3f30a127baab424d0320949bc9957a6ff62ea5ebe	otf_sparse_formula	2026-09-19T05:26:13.690731Z				8589934592	8G	0			true		acacia-syntcomp26-coverage-120005-a1242814949a.scope
S-cap120-epoch2	arbiter_pb_4_pe_.ltl	arbiter_pb_4_pe_.tlsf	120	REALIZABLE	0.04421073599951342	0	false		none	11	30	18	50384cf69a733199fa17c9c571da1761d8451991	f80ff3f62daaa6e22a6753a3f30a127baab424d0320949bc9957a6ff62ea5ebe	otf_sparse_formula	2026-09-19T05:26:13.749850Z		0.080000	22155264		8G	0			true		acacia-syntcomp26-coverage-120005-b89acaf009f0.scope
S-cap120-epoch2	collector_v2_pb_11_pe_.ltl	collector_v2_pb_11_pe_.tlsf	120	REALIZABLE	0.3505649610015098	0	false		status	11	30	19	50384cf69a733199fa17c9c571da1761d8451991	f80ff3f62daaa6e22a6753a3f30a127baab424d0320949bc9957a6ff62ea5ebe	otf_sparse_formula	2026-09-19T05:26:14.113627Z		1.330000	88141824		8G	0			true		acacia-syntcomp26-coverage-120005-1932fe27f468.scope
S-cap120-epoch2	full_arbiter_unreal1_pb_3_5_pe_.ltl	full_arbiter_unreal1_pb_3_5_pe_.tlsf	120	UNREALIZABLE	0.024876615003449842	1	false		status	13	30	20	50384cf69a733199fa17c9c571da1761d8451991	f80ff3f62daaa6e22a6753a3f30a127baab424d0320949bc9957a6ff62ea5ebe	otf_sparse_formula	2026-09-19T05:26:14.150873Z		0.010000	15355904	43622400	8G	0			true		acacia-syntcomp26-coverage-120005-236b8a4a9e96.scope
S-cap120-epoch2	gf-unreal21.ltl	gf-unreal21.tlsf	120	UNREALIZABLE	0.02452165199792944	1	false		none	13	30	21	50384cf69a733199fa17c9c571da1761d8451991	f80ff3f62daaa6e22a6753a3f30a127baab424d0320949bc9957a6ff62ea5ebe	otf_sparse_formula	2026-09-19T05:26:14.196234Z		0.030000	18583552		8G	0			true		acacia-syntcomp26-coverage-120005-2fc7e64f62d4.scope
S-cap120-epoch2	gf-unreal28.ltl	gf-unreal28.tlsf	120	UNREALIZABLE	0.04977496599894948	1	false		none	13	30	22	50384cf69a733199fa17c9c571da1761d8451991	f80ff3f62daaa6e22a6753a3f30a127baab424d0320949bc9957a6ff62ea5ebe	otf_sparse_formula	2026-09-19T05:26:14.260125Z		0.080000	18989056		8G	0			true		acacia-syntcomp26-coverage-120005-1c9f089ce437.scope
S-cap120-epoch2	heim-double-x10.ltl	heim-double-x10.tlsf	120	UNREALIZABLE	2.4706594250019407	1	false		none	13	31	23	50384cf69a733199fa17c9c571da1761d8451991	f80ff3f62daaa6e22a6753a3f30a127baab424d0320949bc9957a6ff62ea5ebe	otf_sparse_formula	2026-09-19T05:26:16.744704Z		8.560000	122949632		8G	0			true		acacia-syntcomp26-coverage-120005-e532d7e3a0f7.scope
S-cap120-epoch2	heim-double-x11.ltl	heim-double-x11.tlsf	120	UNREALIZABLE	2.8033478309953352	1	false		none	13	31	24	50384cf69a733199fa17c9c571da1761d8451991	f80ff3f62daaa6e22a6753a3f30a127baab424d0320949bc9957a6ff62ea5ebe	otf_sparse_formula	2026-09-19T05:26:19.560777Z		9.860000	134582272		8G	0			true		acacia-syntcomp26-coverage-120005-2a0d9481802e.scope
S-cap120-epoch2	load_balancer_unreal1_pb_3_1_pe_.ltl	load_balancer_unreal1_pb_3_1_pe_.tlsf	120	UNREALIZABLE	0.023821075999876484	1	false		status	13	30	25	50384cf69a733199fa17c9c571da1761d8451991	f80ff3f62daaa6e22a6753a3f30a127baab424d0320949bc9957a6ff62ea5ebe	otf_sparse_formula	2026-09-19T05:26:19.598843Z		0.030000	20172800		8G	0			true		acacia-syntcomp26-coverage-120005-a47c8cd50ed7.scope
S-cap120-epoch2	ltl2dba07.ltl	ltl2dba07.tlsf	120	REALIZABLE	0.02620356300030835	0	false		status	11	30	26	50384cf69a733199fa17c9c571da1761d8451991	f80ff3f62daaa6e22a6753a3f30a127baab424d0320949bc9957a6ff62ea5ebe	otf_sparse_formula	2026-09-19T05:26:19.647951Z		0.020000	15319040		8G	0			true		acacia-syntcomp26-coverage-120005-d110ff39ca10.scope
S-cap120-epoch2	ltl2dba16.ltl	ltl2dba16.tlsf	120	REALIZABLE	0.03302690900454763	0	false		status	11	30	27	50384cf69a733199fa17c9c571da1761d8451991	f80ff3f62daaa6e22a6753a3f30a127baab424d0320949bc9957a6ff62ea5ebe	otf_sparse_formula	2026-09-19T05:26:19.710195Z		0.030000	15294464		8G	0			true		acacia-syntcomp26-coverage-120005-acae1589a5db.scope
S-cap120-epoch2	ltl2dba_E_pb_15_pe_.ltl	ltl2dba_E_pb_15_pe_.tlsf	120	REALIZABLE	0.036454236003919505	0	false		none	11	30	28	50384cf69a733199fa17c9c571da1761d8451991	f80ff3f62daaa6e22a6753a3f30a127baab424d0320949bc9957a6ff62ea5ebe	otf_sparse_formula	2026-09-19T05:26:19.786234Z		0.030000	15327232		8G	0			true		acacia-syntcomp26-coverage-120005-1cada4b014ed.scope
S-cap120-epoch2	ltl2dba_Q_pb_15_pe_.ltl	ltl2dba_Q_pb_15_pe_.tlsf	120	REALIZABLE	0.03006942600768525	0	false		none	11	30	29	50384cf69a733199fa17c9c571da1761d8451991	f80ff3f62daaa6e22a6753a3f30a127baab424d0320949bc9957a6ff62ea5ebe	otf_sparse_formula	2026-09-19T05:26:19.841794Z		0.020000	15278080		8G	0			true		acacia-syntcomp26-coverage-120005-ae8f8f7a498a.scope
S-cap120-epoch2	ltl2dba_alpha_pb_50_pe_.ltl	ltl2dba_alpha_pb_50_pe_.tlsf	120	REALIZABLE	0.02731499199580867	0	false		none	11	30	30	50384cf69a733199fa17c9c571da1761d8451991	f80ff3f62daaa6e22a6753a3f30a127baab424d0320949bc9957a6ff62ea5ebe	otf_sparse_formula	2026-09-19T05:26:19.906443Z		0.030000	15552512		8G	0			true		acacia-syntcomp26-coverage-120005-eb38d5bd358b.scope
S-cap120-epoch2	ltl2dba_theta_pb_12_pe_.ltl	ltl2dba_theta_pb_12_pe_.tlsf	120	UNREALIZABLE	2.40916130100959	1	false		status	13	31	31	50384cf69a733199fa17c9c571da1761d8451991	f80ff3f62daaa6e22a6753a3f30a127baab424d0320949bc9957a6ff62ea5ebe	otf_sparse_formula	2026-09-19T05:26:22.330044Z		9.510000	136486912		8G	0			true		acacia-syntcomp26-coverage-120005-4b5e3bf72cf6.scope
S-cap120-epoch2	ltl2dpa11.ltl	ltl2dpa11.tlsf	120	REALIZABLE	0.016000546995201148	0	false		status	11	30	32	50384cf69a733199fa17c9c571da1761d8451991	f80ff3f62daaa6e22a6753a3f30a127baab424d0320949bc9957a6ff62ea5ebe	otf_sparse_formula	2026-09-19T05:26:22.360043Z		0.010000	15630336	43192320	8G	0			true		acacia-syntcomp26-coverage-120005-e1dda4b812c2.scope
S-cap120-epoch2	ltl2dpa17.ltl	ltl2dpa17.tlsf	120	REALIZABLE	0.014690536991111003	0	false		status	11	30	33	50384cf69a733199fa17c9c571da1761d8451991	f80ff3f62daaa6e22a6753a3f30a127baab424d0320949bc9957a6ff62ea5ebe	otf_sparse_formula	2026-09-19T05:26:22.387059Z		0.010000	15589376	43192320	8G	0			true		acacia-syntcomp26-coverage-120005-8fd7078b5cec.scope
S-cap120-epoch2	ltl2dpa24.ltl	ltl2dpa24.tlsf	120	REALIZABLE	0.016722749001928605	0	false		status	11	30	34	50384cf69a733199fa17c9c571da1761d8451991	f80ff3f62daaa6e22a6753a3f30a127baab424d0320949bc9957a6ff62ea5ebe	otf_sparse_formula	2026-09-19T05:26:22.415880Z		0.010000	18300928	43978752	8G	0			true		acacia-syntcomp26-coverage-120005-57b659cc76d1.scope
S-cap120-epoch2	package-delivery-real.ltl	package-delivery-real.tlsf	120	TIMEOUT	120.32679579300748	124	true	timeout	none	0	8	35	50384cf69a733199fa17c9c571da1761d8451991	f80ff3f62daaa6e22a6753a3f30a127baab424d0320949bc9957a6ff62ea5ebe	otf_sparse_formula	2026-09-19T05:28:22.773585Z					8G	0			true		acacia-syntcomp26-coverage-120005-10e656cefad5.scope
S-cap120-epoch2	patrolling-alarm16.ltl	patrolling-alarm16.tlsf	120	UNREALIZABLE	0.3707354639918776	1	false		none	13	30	36	50384cf69a733199fa17c9c571da1761d8451991	f80ff3f62daaa6e22a6753a3f30a127baab424d0320949bc9957a6ff62ea5ebe	otf_sparse_formula	2026-09-19T05:28:23.159361Z		1.350000	56209408		8G	0			true		acacia-syntcomp26-coverage-120005-ecc9f2f9a6f3.scope
S-cap120-epoch2	prioritized_arbiter_unreal1_pb_3_15_pe_.ltl	prioritized_arbiter_unreal1_pb_3_15_pe_.tlsf	120	UNREALIZABLE	0.01881199599301908	1	false		status	13	30	37	50384cf69a733199fa17c9c571da1761d8451991	f80ff3f62daaa6e22a6753a3f30a127baab424d0320949bc9957a6ff62ea5ebe	otf_sparse_formula	2026-09-19T05:28:23.192423Z		0.030000	18862080		8G	0			true		acacia-syntcomp26-coverage-120005-ab9be6ec9e35.scope
S-cap120-epoch2	prioritized_arbiter_unreal1_pb_3_3_pe_.ltl	prioritized_arbiter_unreal1_pb_3_3_pe_.tlsf	120	UNREALIZABLE	0.029280421003932133	1	false		status	13	30	38	50384cf69a733199fa17c9c571da1761d8451991	f80ff3f62daaa6e22a6753a3f30a127baab424d0320949bc9957a6ff62ea5ebe	otf_sparse_formula	2026-09-19T05:28:23.246995Z		0.030000	18509824		8G	0			true		acacia-syntcomp26-coverage-120005-1944f105daa3.scope
S-cap120-epoch2	prioritized_arbiter_unreal1_pb_5_2_pe_.ltl	prioritized_arbiter_unreal1_pb_5_2_pe_.tlsf	120	UNREALIZABLE	0.039062682990334	1	false		status	13	30	39	50384cf69a733199fa17c9c571da1761d8451991	f80ff3f62daaa6e22a6753a3f30a127baab424d0320949bc9957a6ff62ea5ebe	otf_sparse_formula	2026-09-19T05:28:23.314252Z		0.050000	18731008		8G	0			true		acacia-syntcomp26-coverage-120005-11024c87849e.scope
S-cap120-epoch2	robot-resource-1d1.ltl	robot-resource-1d1.tlsf	120	UNREALIZABLE	0.049733859006664716	1	false		none	13	30	40	50384cf69a733199fa17c9c571da1761d8451991	f80ff3f62daaa6e22a6753a3f30a127baab424d0320949bc9957a6ff62ea5ebe	otf_sparse_formula	2026-09-19T05:28:23.377266Z		0.090000	20455424		8G	0			true		acacia-syntcomp26-coverage-120005-47d0306f7254.scope
S-cap120-epoch2	robot-to-target-charging16.ltl	robot-to-target-charging16.tlsf	120	TIMEOUT	120.24503434301005	124	true	timeout	none	0	8	41	50384cf69a733199fa17c9c571da1761d8451991	f80ff3f62daaa6e22a6753a3f30a127baab424d0320949bc9957a6ff62ea5ebe	otf_sparse_formula	2026-09-19T05:30:23.660550Z					8G	0			true		acacia-syntcomp26-coverage-120005-9ff65d309507.scope
S-cap120-epoch2	simple_arbiter_unreal1_pb_3_8_pe_.ltl	simple_arbiter_unreal1_pb_3_8_pe_.tlsf	120	UNREALIZABLE	0.02984371299680788	1	false		status	13	30	42	50384cf69a733199fa17c9c571da1761d8451991	f80ff3f62daaa6e22a6753a3f30a127baab424d0320949bc9957a6ff62ea5ebe	otf_sparse_formula	2026-09-19T05:30:23.725620Z		0.020000	15343616		8G	0			true		acacia-syntcomp26-coverage-120005-55c7310d3ec7.scope
S-cap120-epoch2	square5x5-real.ltl	square5x5-real.tlsf	120	MEMOUT	104.48550631500257	-15	false	memory	none	0	8	43	50384cf69a733199fa17c9c571da1761d8451991	f80ff3f62daaa6e22a6753a3f30a127baab424d0320949bc9957a6ff62ea5ebe	otf_sparse_formula	2026-09-19T05:32:08.230225Z				8589934592	8G	0			true		acacia-syntcomp26-coverage-120005-cc91ae496a3e.scope
S-cap120-epoch2	test3_efe2feaf.ltl	test3_efe2feaf.tlsf	120	REALIZABLE	0.03557808400364593	0	false		status	11	30	44	50384cf69a733199fa17c9c571da1761d8451991	f80ff3f62daaa6e22a6753a3f30a127baab424d0320949bc9957a6ff62ea5ebe	otf_sparse_formula	2026-09-19T05:32:08.293315Z		0.040000	19021824		8G	0			true		acacia-syntcomp26-coverage-120005-d37b3df6227d.scope
S-cap120-epoch2	thermostat-GF-unreal0.ltl	thermostat-GF-unreal0.tlsf	120	UNREALIZABLE	2.138584433007054	1	false		none	13	30	45	50384cf69a733199fa17c9c571da1761d8451991	f80ff3f62daaa6e22a6753a3f30a127baab424d0320949bc9957a6ff62ea5ebe	otf_sparse_formula	2026-09-19T05:32:10.450586Z		8.410000	70250496		8G	0			true		acacia-syntcomp26-coverage-120005-ec6aebadb8f4.scope
S-cap120-epoch2	unordered-visits-charging0.ltl	unordered-visits-charging0.tlsf	120	TIMEOUT	120.32786402299826	124	true	timeout	none	0	8	46	50384cf69a733199fa17c9c571da1761d8451991	f80ff3f62daaa6e22a6753a3f30a127baab424d0320949bc9957a6ff62ea5ebe	otf_sparse_formula	2026-09-19T05:34:10.819559Z					8G	0			true		acacia-syntcomp26-coverage-120005-911aca9fc802.scope
S-cap120-epoch2	AllLights_b209ff21.ltl	AllLights_b209ff21.tlsf	120	UNREALIZABLE	2.5661726920079673	1	false		status	13	31	0	50384cf69a733199fa17c9c571da1761d8451991	f80ff3f62daaa6e22a6753a3f30a127baab424d0320949bc9957a6ff62ea5ebe	otf_sparse_formula	2026-09-19T06:15:43.995399Z		10.160000	70873088		8G	0			true		acacia-syntcomp26-coverage-123488-1128d4357a2f.scope
S-cap120-epoch2	CheckHeating_2418b67e.ltl	CheckHeating_2418b67e.tlsf	120	UNREALIZABLE	0.018297005008207634	1	false		status	13	30	1	50384cf69a733199fa17c9c571da1761d8451991	f80ff3f62daaa6e22a6753a3f30a127baab424d0320949bc9957a6ff62ea5ebe	otf_sparse_formula	2026-09-19T06:15:44.044825Z		0.020000	18501632	43962368	8G	0			true		acacia-syntcomp26-coverage-123488-0ff05159fe4b.scope
S-cap120-epoch2	CheckRoom_70523fbe.ltl	CheckRoom_70523fbe.tlsf	120	UNREALIZABLE	0.02634337700146716	1	false		status	13	30	2	50384cf69a733199fa17c9c571da1761d8451991	f80ff3f62daaa6e22a6753a3f30a127baab424d0320949bc9957a6ff62ea5ebe	otf_sparse_formula	2026-09-19T06:15:44.083897Z		0.010000	17170432	41631744	8G	0			true		acacia-syntcomp26-coverage-123488-4f67e3b20965.scope
S-cap120-epoch2	CoffeeMin_88f351a6.ltl	CoffeeMin_88f351a6.tlsf	120	REALIZABLE	0.022666687989840284	0	false		status	11	30	3	50384cf69a733199fa17c9c571da1761d8451991	f80ff3f62daaa6e22a6753a3f30a127baab424d0320949bc9957a6ff62ea5ebe	otf_sparse_formula	2026-09-19T06:15:44.120073Z		0.010000	18513920	43892736	8G	0			true		acacia-syntcomp26-coverage-123488-5deefb71ff71.scope
S-cap120-epoch2	Core_4b5a2bad.ltl	Core_4b5a2bad.tlsf	120	UNREALIZABLE	0.029327299998840317	1	false		status	13	30	4	50384cf69a733199fa17c9c571da1761d8451991	f80ff3f62daaa6e22a6753a3f30a127baab424d0320949bc9957a6ff62ea5ebe	otf_sparse_formula	2026-09-19T06:15:44.161764Z		0.040000	20103168		8G	0			true		acacia-syntcomp26-coverage-123488-10ec92f22972.scope
S-cap120-epoch2	F-G-contradiction-10.ltl	F-G-contradiction-10.tlsf	120	UNREALIZABLE	0.03414907999103889	1	false		none	13	30	5	50384cf69a733199fa17c9c571da1761d8451991	f80ff3f62daaa6e22a6753a3f30a127baab424d0320949bc9957a6ff62ea5ebe	otf_sparse_formula	2026-09-19T06:15:44.208687Z		0.040000	20369408		8G	0			true		acacia-syntcomp26-coverage-123488-5ba93b3ffdbd.scope
S-cap120-epoch2	GF-G-contradiction7.ltl	GF-G-contradiction7.tlsf	120	UNREALIZABLE	17.91499287499755	1	false		none	13	32	6	50384cf69a733199fa17c9c571da1761d8451991	f80ff3f62daaa6e22a6753a3f30a127baab424d0320949bc9957a6ff62ea5ebe	otf_sparse_formula	2026-09-19T06:16:02.137906Z		71.230000	758423552		8G	0			true		acacia-syntcomp26-coverage-123488-a2bde671fd29.scope
S-cap120-epoch2	KitchenTimerV3.ltl	KitchenTimerV3.tlsf	120	REALIZABLE	0.026964064003550448	0	false		status	11	30	7	50384cf69a733199fa17c9c571da1761d8451991	f80ff3f62daaa6e22a6753a3f30a127baab424d0320949bc9957a6ff62ea5ebe	otf_sparse_formula	2026-09-19T06:16:02.178052Z		0.040000	21258240		8G	0			true		acacia-syntcomp26-coverage-123488-ebb33b098f6c.scope
S-cap120-epoch2	Lights2_0f5381e9.ltl	Lights2_0f5381e9.tlsf	120	REALIZABLE	0.19961875100852922	0	false		status	11	30	8	50384cf69a733199fa17c9c571da1761d8451991	f80ff3f62daaa6e22a6753a3f30a127baab424d0320949bc9957a6ff62ea5ebe	otf_sparse_formula	2026-09-19T06:16:02.394968Z		0.710000	31047680		8G	0			true		acacia-syntcomp26-coverage-123488-9292fc81445e.scope
S-cap120-epoch2	Lights2_b02056d6.ltl	Lights2_b02056d6.tlsf	120	REALIZABLE	0.18658220300858375	0	false		status	11	30	9	50384cf69a733199fa17c9c571da1761d8451991	f80ff3f62daaa6e22a6753a3f30a127baab424d0320949bc9957a6ff62ea5ebe	otf_sparse_formula	2026-09-19T06:16:02.596682Z		0.680000	31473664		8G	0			true		acacia-syntcomp26-coverage-123488-e6c9d9c79e2b.scope
S-cap120-epoch2	ModdifiedLedMatrix5X.ltl	ModdifiedLedMatrix5X.tlsf	120	REALIZABLE	0.12828068899398204	0	false		status	11	30	10	50384cf69a733199fa17c9c571da1761d8451991	f80ff3f62daaa6e22a6753a3f30a127baab424d0320949bc9957a6ff62ea5ebe	otf_sparse_formula	2026-09-19T06:16:02.744793Z		0.440000	23285760		8G	0			true		acacia-syntcomp26-coverage-123488-f29f1183b91d.scope
S-cap120-epoch2	Morning2Min_6cbc6174.ltl	Morning2Min_6cbc6174.tlsf	120	REALIZABLE	0.02532126399455592	0	false		status	11	30	11	50384cf69a733199fa17c9c571da1761d8451991	f80ff3f62daaa6e22a6753a3f30a127baab424d0320949bc9957a6ff62ea5ebe	otf_sparse_formula	2026-09-19T06:16:02.791669Z		0.030000	19009536		8G	0			true		acacia-syntcomp26-coverage-123488-29afde0bfb4f.scope
S-cap120-epoch2	RotationCalculator.ltl	RotationCalculator.tlsf	120	REALIZABLE	0.02501804100756999	0	false		status	11	30	12	50384cf69a733199fa17c9c571da1761d8451991	f80ff3f62daaa6e22a6753a3f30a127baab424d0320949bc9957a6ff62ea5ebe	otf_sparse_formula	2026-09-19T06:16:02.829729Z		0.010000	19849216		8G	0			true		acacia-syntcomp26-coverage-123488-1b755a464f78.scope
S-cap120-epoch2	abcg_arbiter_pb_4_pe_.ltl	abcg_arbiter_pb_4_pe_.tlsf	120	TIMEOUT	120.32679936700151	124	true	timeout	none	0	8	13	50384cf69a733199fa17c9c571da1761d8451991	f80ff3f62daaa6e22a6753a3f30a127baab424d0320949bc9957a6ff62ea5ebe	otf_sparse_formula	2026-09-19T06:18:03.177199Z					8G	0			true		acacia-syntcomp26-coverage-123488-5304c46f3bdc.scope
S-cap120-epoch2	amba_case_study_unreal_pb_5_pe_.ltl	amba_case_study_unreal_pb_5_pe_.tlsf	120	TIMEOUT	120.22613153899147	124	true	timeout	none	0	8	14	50384cf69a733199fa17c9c571da1761d8451991	f80ff3f62daaa6e22a6753a3f30a127baab424d0320949bc9957a6ff62ea5ebe	otf_sparse_formula	2026-09-19T06:20:03.446299Z					8G	0			true		acacia-syntcomp26-coverage-123488-1ef7966f83fe.scope
S-cap120-epoch2	amba_decomposed_encode_pb_4_pe_.ltl	amba_decomposed_encode_pb_4_pe_.tlsf	120	REALIZABLE	0.03795563800667878	0	false		status	11	30	15	50384cf69a733199fa17c9c571da1761d8451991	f80ff3f62daaa6e22a6753a3f30a127baab424d0320949bc9957a6ff62ea5ebe	otf_sparse_formula	2026-09-19T06:20:03.508181Z		0.040000	20119552		8G	0			true		acacia-syntcomp26-coverage-123488-6694fdeee364.scope
S-cap120-epoch2	amba_decomposed_encode_pb_6_pe_.ltl	amba_decomposed_encode_pb_6_pe_.tlsf	120	REALIZABLE	0.04645329499908257	0	false		status	11	30	16	50384cf69a733199fa17c9c571da1761d8451991	f80ff3f62daaa6e22a6753a3f30a127baab424d0320949bc9957a6ff62ea5ebe	otf_sparse_formula	2026-09-19T06:20:03.576536Z		0.070000	20602880		8G	0			true		acacia-syntcomp26-coverage-123488-ef65fcabca36.scope
S-cap120-epoch2	amba_decomposed_encode_pb_9_pe_.ltl	amba_decomposed_encode_pb_9_pe_.tlsf	120	REALIZABLE	0.0514017050008988	0	false		status	11	30	17	50384cf69a733199fa17c9c571da1761d8451991	f80ff3f62daaa6e22a6753a3f30a127baab424d0320949bc9957a6ff62ea5ebe	otf_sparse_formula	2026-09-19T06:20:03.642470Z		0.110000	21635072		8G	0			true		acacia-syntcomp26-coverage-123488-1fbb97e4c149.scope
S-cap120-epoch2	arbiter_with_buffer_pb_8_pe_.ltl	arbiter_with_buffer_pb_8_pe_.tlsf	120	MEMOUT	99.42573605800862	-15	false	memory	none	0	8	18	50384cf69a733199fa17c9c571da1761d8451991	f80ff3f62daaa6e22a6753a3f30a127baab424d0320949bc9957a6ff62ea5ebe	otf_sparse_formula	2026-09-19T06:21:43.086613Z				8589934592	8G	0			true		acacia-syntcomp26-coverage-123488-e4644ed4a7c7.scope
S-cap120-epoch2	chain-4-real.ltl	chain-4-real.tlsf	120	TIMEOUT	120.24696921800205	124	true	timeout	none	0	8	19	50384cf69a733199fa17c9c571da1761d8451991	f80ff3f62daaa6e22a6753a3f30a127baab424d0320949bc9957a6ff62ea5ebe	otf_sparse_formula	2026-09-19T06:23:43.370416Z					8G	0			true		acacia-syntcomp26-coverage-123488-e84c9edc0df3.scope
S-cap120-epoch2	chain-simple-70-real.ltl	chain-simple-70-real.tlsf	120	REALIZABLE	1.103378749001422	0	false		none	11	31	20	50384cf69a733199fa17c9c571da1761d8451991	f80ff3f62daaa6e22a6753a3f30a127baab424d0320949bc9957a6ff62ea5ebe	otf_sparse_formula	2026-09-19T06:23:44.488351Z		4.270000	267120640		8G	0			true		acacia-syntcomp26-coverage-123488-7f5007666799.scope
S-cap120-epoch2	collector_v1_pb_13_pe_.ltl	collector_v1_pb_13_pe_.tlsf	120	TIMEOUT	120.37625951999507	124	true	timeout	status	0	8	21	50384cf69a733199fa17c9c571da1761d8451991	f80ff3f62daaa6e22a6753a3f30a127baab424d0320949bc9957a6ff62ea5ebe	otf_sparse_formula	2026-09-19T06:25:44.900751Z					8G	0			true		acacia-syntcomp26-coverage-123488-e8883d498971.scope
S-cap120-epoch2	full_arbiter_unreal1_pb_3_11_pe_.ltl	full_arbiter_unreal1_pb_3_11_pe_.tlsf	120	UNREALIZABLE	0.034745430006296374	1	false		none	13	30	22	50384cf69a733199fa17c9c571da1761d8451991	f80ff3f62daaa6e22a6753a3f30a127baab424d0320949bc9957a6ff62ea5ebe	otf_sparse_formula	2026-09-19T06:25:44.970645Z		0.030000	15396864		8G	0			true		acacia-syntcomp26-coverage-123488-fc5b5e6303ea.scope
S-cap120-epoch2	full_arbiter_unreal1_pb_3_3_pe_.ltl	full_arbiter_unreal1_pb_3_3_pe_.tlsf	120	UNREALIZABLE	0.030688446990097873	1	false		status	13	30	23	50384cf69a733199fa17c9c571da1761d8451991	f80ff3f62daaa6e22a6753a3f30a127baab424d0320949bc9957a6ff62ea5ebe	otf_sparse_formula	2026-09-19T06:25:45.026873Z		0.020000	15466496		8G	0			true		acacia-syntcomp26-coverage-123488-16de6b714635.scope
S-cap120-epoch2	full_arbiter_unreal1_pb_4_1_pe_.ltl	full_arbiter_unreal1_pb_4_1_pe_.tlsf	120	UNREALIZABLE	0.03205923999485094	1	false		status	13	30	24	50384cf69a733199fa17c9c571da1761d8451991	f80ff3f62daaa6e22a6753a3f30a127baab424d0320949bc9957a6ff62ea5ebe	otf_sparse_formula	2026-09-19T06:25:45.097756Z		0.040000	15425536		8G	0			true		acacia-syntcomp26-coverage-123488-94f4ad962991.scope
S-cap120-epoch2	g-real-real.ltl	g-real-real.tlsf	120	REALIZABLE	2.7617955680034356	0	false		none	11	32	25	50384cf69a733199fa17c9c571da1761d8451991	f80ff3f62daaa6e22a6753a3f30a127baab424d0320949bc9957a6ff62ea5ebe	otf_sparse_formula	2026-09-19T06:25:47.872573Z		10.850000	245182464		8G	0			true		acacia-syntcomp26-coverage-123488-d099ffb02b26.scope
S-cap120-epoch2	gf-unreal41.ltl	gf-unreal41.tlsf	120	UNREALIZABLE	0.02569038099318277	1	false		none	13	30	26	50384cf69a733199fa17c9c571da1761d8451991	f80ff3f62daaa6e22a6753a3f30a127baab424d0320949bc9957a6ff62ea5ebe	otf_sparse_formula	2026-09-19T06:25:47.912319Z		0.040000	19927040		8G	0			true		acacia-syntcomp26-coverage-123488-e1281c0290b2.scope
S-cap120-epoch2	infinite-race-real.ltl	infinite-race-real.tlsf	120	REALIZABLE	0.020767110007000156	0	false		none	11	30	27	50384cf69a733199fa17c9c571da1761d8451991	f80ff3f62daaa6e22a6753a3f30a127baab424d0320949bc9957a6ff62ea5ebe	otf_sparse_formula	2026-09-19T06:25:47.945152Z		0.030000	20348928		8G	0			true		acacia-syntcomp26-coverage-123488-92b674c94421.scope
S-cap120-epoch2	infinite-race-u1.ltl	infinite-race-u1.tlsf	120	UNREALIZABLE	0.02402803899894934	1	false		none	13	30	28	50384cf69a733199fa17c9c571da1761d8451991	f80ff3f62daaa6e22a6753a3f30a127baab424d0320949bc9957a6ff62ea5ebe	otf_sparse_formula	2026-09-19T06:25:47.981225Z		0.030000	19329024		8G	0			true		acacia-syntcomp26-coverage-123488-51df1541d455.scope
S-cap120-epoch2	infinite-race-unequal-22.ltl	infinite-race-unequal-22.tlsf	120	UNREALIZABLE	0.05985390700516291	1	false		none	13	30	29	50384cf69a733199fa17c9c571da1761d8451991	f80ff3f62daaa6e22a6753a3f30a127baab424d0320949bc9957a6ff62ea5ebe	otf_sparse_formula	2026-09-19T06:25:48.055661Z		0.180000	22708224		8G	0			true		acacia-syntcomp26-coverage-123488-800572bd341f.scope
S-cap120-epoch2	lift_gr1_pb_10_pe_.ltl	lift_gr1_pb_10_pe_.tlsf	120	TIMEOUT	120.27441314399766	124	true	timeout	none	0	8	30	50384cf69a733199fa17c9c571da1761d8451991	f80ff3f62daaa6e22a6753a3f30a127baab424d0320949bc9957a6ff62ea5ebe	otf_sparse_formula	2026-09-19T06:27:48.372659Z					8G	0			true		acacia-syntcomp26-coverage-123488-6d208b935b96.scope
S-cap120-epoch2	lift_unary_enc_pb_2_pe_.ltl	lift_unary_enc_pb_2_pe_.tlsf	120	REALIZABLE	0.03411743699689396	0	false		none	11	30	31	50384cf69a733199fa17c9c571da1761d8451991	f80ff3f62daaa6e22a6753a3f30a127baab424d0320949bc9957a6ff62ea5ebe	otf_sparse_formula	2026-09-19T06:27:48.427190Z		0.050000	20430848		8G	0			true		acacia-syntcomp26-coverage-123488-194a3861d5ba.scope
S-cap120-epoch2	lift_unary_enc_pb_4_pe_.ltl	lift_unary_enc_pb_4_pe_.tlsf	120	MEMOUT	83.57107003699639	-15	false	memory	none	0	8	32	50384cf69a733199fa17c9c571da1761d8451991	f80ff3f62daaa6e22a6753a3f30a127baab424d0320949bc9957a6ff62ea5ebe	otf_sparse_formula	2026-09-19T06:29:12.019016Z				8589934592	8G	0			true		acacia-syntcomp26-coverage-123488-6d3bb6aa829f.scope
S-cap120-epoch2	lift_wrong_physics_unreal_pb_3_pe_.ltl	lift_wrong_physics_unreal_pb_3_pe_.tlsf	120	UNREALIZABLE	0.03409667100640945	1	false		none	13	30	33	50384cf69a733199fa17c9c571da1761d8451991	f80ff3f62daaa6e22a6753a3f30a127baab424d0320949bc9957a6ff62ea5ebe	otf_sparse_formula	2026-09-19T06:29:12.073610Z		0.040000	19329024		8G	0			true		acacia-syntcomp26-coverage-123488-9accb95bcdae.scope
S-cap120-epoch2	lilydemo11.ltl	lilydemo11.tlsf	120	UNREALIZABLE	0.02148955498705618	1	false		status	13	30	34	50384cf69a733199fa17c9c571da1761d8451991	f80ff3f62daaa6e22a6753a3f30a127baab424d0320949bc9957a6ff62ea5ebe	otf_sparse_formula	2026-09-19T06:29:12.108339Z		0.010000	19013632	48427008	8G	0			true		acacia-syntcomp26-coverage-123488-7a69c1c38124.scope
S-cap120-epoch2	load_balancer_pb_11_pe_.ltl	load_balancer_pb_11_pe_.tlsf	120	TIMEOUT	120.218229858001	124	true	timeout	none	0	8	35	50384cf69a733199fa17c9c571da1761d8451991	f80ff3f62daaa6e22a6753a3f30a127baab424d0320949bc9957a6ff62ea5ebe	otf_sparse_formula	2026-09-19T06:31:12.339324Z					8G	0			true		acacia-syntcomp26-coverage-123488-b88c326c6301.scope
S-cap120-epoch2	load_balancer_unreal1_pb_2_4_pe_.ltl	load_balancer_unreal1_pb_2_4_pe_.tlsf	120	UNREALIZABLE	0.022315095993690193	1	false		status	13	30	36	50384cf69a733199fa17c9c571da1761d8451991	f80ff3f62daaa6e22a6753a3f30a127baab424d0320949bc9957a6ff62ea5ebe	otf_sparse_formula	2026-09-19T06:31:12.385384Z		0.020000	19107840		8G	0			true		acacia-syntcomp26-coverage-123488-d446ccb6fc3f.scope
S-cap120-epoch2	load_balancer_unreal1_pb_5_7_pe_.ltl	load_balancer_unreal1_pb_5_7_pe_.tlsf	120	TIMEOUT	120.16472995500953	124	true	timeout	status	0	8	37	50384cf69a733199fa17c9c571da1761d8451991	f80ff3f62daaa6e22a6753a3f30a127baab424d0320949bc9957a6ff62ea5ebe	otf_sparse_formula	2026-09-19T06:33:12.591309Z					8G	0			true		acacia-syntcomp26-coverage-123488-5ec2351174b6.scope
S-cap120-epoch2	load_balancer_unreal1_pb_6_4_pe_.ltl	load_balancer_unreal1_pb_6_4_pe_.tlsf	120	UNREALIZABLE	23.984448272007285	1	false		status	13	32	38	50384cf69a733199fa17c9c571da1761d8451991	f80ff3f62daaa6e22a6753a3f30a127baab424d0320949bc9957a6ff62ea5ebe	otf_sparse_formula	2026-09-19T06:33:36.590314Z		74.290000	999800832		8G	0			true		acacia-syntcomp26-coverage-123488-fcc3f66f3abc.scope
S-cap120-epoch2	ltl2dba_R_pb_12_pe_.ltl	ltl2dba_R_pb_12_pe_.tlsf	120	TIMEOUT	120.22654088200943	124	true	timeout	none	0	8	39	50384cf69a733199fa17c9c571da1761d8451991	f80ff3f62daaa6e22a6753a3f30a127baab424d0320949bc9957a6ff62ea5ebe	otf_sparse_formula	2026-09-19T06:35:36.858715Z					8G	0			true		acacia-syntcomp26-coverage-123488-e84db230d00e.scope
S-cap120-epoch2	ltl2dba_R_pb_1_pe_.ltl	ltl2dba_R_pb_1_pe_.tlsf	120	REALIZABLE	0.029776691997540183	0	false		status	11	30	40	50384cf69a733199fa17c9c571da1761d8451991	f80ff3f62daaa6e22a6753a3f30a127baab424d0320949bc9957a6ff62ea5ebe	otf_sparse_formula	2026-09-19T06:35:36.925458Z		0.020000	15269888		8G	0			true		acacia-syntcomp26-coverage-123488-8eff263ac0bb.scope
S-cap120-epoch2	ltl2dba_R_pb_7_pe_.ltl	ltl2dba_R_pb_7_pe_.tlsf	120	UNREALIZABLE	6.472170270004426	1	false		status	13	31	41	50384cf69a733199fa17c9c571da1761d8451991	f80ff3f62daaa6e22a6753a3f30a127baab424d0320949bc9957a6ff62ea5ebe	otf_sparse_formula	2026-09-19T06:35:43.415345Z		25.710000	57790464		8G	0			true		acacia-syntcomp26-coverage-123488-b3bb9e317938.scope
S-cap120-epoch2	ltl2dba_U1_pb_10_pe_.ltl	ltl2dba_U1_pb_10_pe_.tlsf	120	REALIZABLE	0.024358621987630613	0	false		status	11	30	42	50384cf69a733199fa17c9c571da1761d8451991	f80ff3f62daaa6e22a6753a3f30a127baab424d0320949bc9957a6ff62ea5ebe	otf_sparse_formula	2026-09-19T06:35:43.454655Z		0.010000	15368192	43184128	8G	0			true		acacia-syntcomp26-coverage-123488-40adb552e5e9.scope
S-cap120-epoch2	ltl2dba_U1_pb_25_pe_.ltl	ltl2dba_U1_pb_25_pe_.tlsf	120	REALIZABLE	0.024873143003787845	0	false		none	11	30	43	50384cf69a733199fa17c9c571da1761d8451991	f80ff3f62daaa6e22a6753a3f30a127baab424d0320949bc9957a6ff62ea5ebe	otf_sparse_formula	2026-09-19T06:35:43.491593Z		0.010000	15220736	42618880	8G	0			true		acacia-syntcomp26-coverage-123488-ed2f12a261dd.scope
S-cap120-epoch2	ltl2dba_alpha_pb_10_pe_.ltl	ltl2dba_alpha_pb_10_pe_.tlsf	120	REALIZABLE	0.021323011998902075	0	false		status	11	30	44	50384cf69a733199fa17c9c571da1761d8451991	f80ff3f62daaa6e22a6753a3f30a127baab424d0320949bc9957a6ff62ea5ebe	otf_sparse_formula	2026-09-19T06:35:43.525475Z		0.010000	15437824	42618880	8G	0			true		acacia-syntcomp26-coverage-123488-700c16c6b1e7.scope
S-cap120-epoch2	ltl2dba_alpha_pb_4_pe_.ltl	ltl2dba_alpha_pb_4_pe_.tlsf	120	REALIZABLE	0.015309452006476931	0	false		status	11	30	45	50384cf69a733199fa17c9c571da1761d8451991	f80ff3f62daaa6e22a6753a3f30a127baab424d0320949bc9957a6ff62ea5ebe	otf_sparse_formula	2026-09-19T06:35:43.553072Z		0.010000	15450112	42246144	8G	0			true		acacia-syntcomp26-coverage-123488-7114b0b76e4e.scope
S-cap120-epoch2	ltl2dba_beta_pb_18_pe_.ltl	ltl2dba_beta_pb_18_pe_.tlsf	120	REALIZABLE	0.015745897006127052	0	false		none	11	30	46	50384cf69a733199fa17c9c571da1761d8451991	f80ff3f62daaa6e22a6753a3f30a127baab424d0320949bc9957a6ff62ea5ebe	otf_sparse_formula	2026-09-19T06:35:43.581705Z		0.010000	15364096	43118592	8G	0			true		acacia-syntcomp26-coverage-123488-2244e989c2d2.scope
S-cap120-epoch2	ltl2dba_theta_pb_16_pe_.ltl	ltl2dba_theta_pb_16_pe_.tlsf	120	UNREALIZABLE	85.24028432401246	1	false		status	13	33	47	50384cf69a733199fa17c9c571da1761d8451991	f80ff3f62daaa6e22a6753a3f30a127baab424d0320949bc9957a6ff62ea5ebe	otf_sparse_formula	2026-09-19T06:37:08.834731Z		339.440000	630181888		8G	0			true		acacia-syntcomp26-coverage-123488-d46446b2a760.scope
S-cap120-epoch2	ltl2dpa04.ltl	ltl2dpa04.tlsf	120	REALIZABLE	0.02218437599367462	0	false		status	11	30	48	50384cf69a733199fa17c9c571da1761d8451991	f80ff3f62daaa6e22a6753a3f30a127baab424d0320949bc9957a6ff62ea5ebe	otf_sparse_formula	2026-09-19T06:37:08.877784Z		0.020000	15687680		8G	0			true		acacia-syntcomp26-coverage-123488-6963bd6c25d2.scope
S-cap120-epoch2	ltl2dpa09.ltl	ltl2dpa09.tlsf	120	REALIZABLE	0.027852924991748296	0	false		status	11	30	49	50384cf69a733199fa17c9c571da1761d8451991	f80ff3f62daaa6e22a6753a3f30a127baab424d0320949bc9957a6ff62ea5ebe	otf_sparse_formula	2026-09-19T06:37:08.934199Z		0.020000	15581184		8G	0			true		acacia-syntcomp26-coverage-123488-2687a1849122.scope
S-cap120-epoch2	ltl2dpa19.ltl	ltl2dpa19.tlsf	120	REALIZABLE	0.06921964000503067	0	false		status	11	30	50	50384cf69a733199fa17c9c571da1761d8451991	f80ff3f62daaa6e22a6753a3f30a127baab424d0320949bc9957a6ff62ea5ebe	otf_sparse_formula	2026-09-19T06:37:09.016640Z		0.180000	22945792		8G	0			true		acacia-syntcomp26-coverage-123488-eba9d80de468.scope
S-cap120-epoch2	mux_pb_10_pe_.ltl	mux_pb_10_pe_.tlsf	120	REALIZABLE	0.017724928999086842	0	false		status	11	30	51	50384cf69a733199fa17c9c571da1761d8451991	f80ff3f62daaa6e22a6753a3f30a127baab424d0320949bc9957a6ff62ea5ebe	otf_sparse_formula	2026-09-19T06:37:09.048496Z		0.010000	15826944	43749376	8G	0			true		acacia-syntcomp26-coverage-123488-bbbe6425f8c7.scope
S-cap120-epoch2	narylatch_pb_11_pe_.ltl	narylatch_pb_11_pe_.tlsf	120	REALIZABLE	0.041971601007389836	0	false		none	11	30	52	50384cf69a733199fa17c9c571da1761d8451991	f80ff3f62daaa6e22a6753a3f30a127baab424d0320949bc9957a6ff62ea5ebe	otf_sparse_formula	2026-09-19T06:37:09.116096Z		0.060000	19636224		8G	0			true		acacia-syntcomp26-coverage-123488-dec590072543.scope
S-cap120-epoch2	prioritized_arbiter_enc_pb_12_pe_.ltl	prioritized_arbiter_enc_pb_12_pe_.tlsf	120	TIMEOUT	120.13627525999618	124	true	timeout	status	0	8	53	50384cf69a733199fa17c9c571da1761d8451991	f80ff3f62daaa6e22a6753a3f30a127baab424d0320949bc9957a6ff62ea5ebe	otf_sparse_formula	2026-09-19T06:39:09.264721Z					8G	0			true		acacia-syntcomp26-coverage-123488-fe0be30884a8.scope
S-cap120-epoch2	prioritized_arbiter_unreal1_pb_3_10_pe_.ltl	prioritized_arbiter_unreal1_pb_3_10_pe_.tlsf	120	UNREALIZABLE	0.017579380990355276	1	false		status	13	30	54	50384cf69a733199fa17c9c571da1761d8451991	f80ff3f62daaa6e22a6753a3f30a127baab424d0320949bc9957a6ff62ea5ebe	otf_sparse_formula	2026-09-19T06:39:09.294606Z		0.010000	18505728	44232704	8G	0			true		acacia-syntcomp26-coverage-123488-278c39437502.scope
S-cap120-epoch2	prioritized_arbiter_unreal1_pb_4_4_pe_.ltl	prioritized_arbiter_unreal1_pb_4_4_pe_.tlsf	120	UNREALIZABLE	0.01850262700463645	1	false		status	13	30	55	50384cf69a733199fa17c9c571da1761d8451991	f80ff3f62daaa6e22a6753a3f30a127baab424d0320949bc9957a6ff62ea5ebe	otf_sparse_formula	2026-09-19T06:39:09.325791Z		0.010000	18472960	44421120	8G	0			true		acacia-syntcomp26-coverage-123488-aa39a1f100f1.scope
S-cap120-epoch2	robot-resource-1d-unreal.ltl	robot-resource-1d-unreal.tlsf	120	UNREALIZABLE	0.08950828900560737	1	false		none	13	30	56	50384cf69a733199fa17c9c571da1761d8451991	f80ff3f62daaa6e22a6753a3f30a127baab424d0320949bc9957a6ff62ea5ebe	otf_sparse_formula	2026-09-19T06:39:09.429636Z		0.300000	29650944		8G	0			true		acacia-syntcomp26-coverage-123488-28ab986d62d5.scope
S-cap120-epoch2	robot-resource-2d19.ltl	robot-resource-2d19.tlsf	120	UNREALIZABLE	7.7638524289941415	1	false		none	13	31	57	50384cf69a733199fa17c9c571da1761d8451991	f80ff3f62daaa6e22a6753a3f30a127baab424d0320949bc9957a6ff62ea5ebe	otf_sparse_formula	2026-09-19T06:39:17.206744Z		30.850000	82255872		8G	0			true		acacia-syntcomp26-coverage-123488-e812845fde71.scope
S-cap120-epoch2	robot-resource-2d22.ltl	robot-resource-2d22.tlsf	120	UNREALIZABLE	9.197118636991945	1	false		none	13	31	58	50384cf69a733199fa17c9c571da1761d8451991	f80ff3f62daaa6e22a6753a3f30a127baab424d0320949bc9957a6ff62ea5ebe	otf_sparse_formula	2026-09-19T06:39:26.417085Z		36.560000	82407424		8G	0			true		acacia-syntcomp26-coverage-123488-24aaf11b6fce.scope
S-cap120-epoch2	robot-to-target-charging21.ltl	robot-to-target-charging21.tlsf	120	TIMEOUT	120.32722578299581	124	true	timeout	none	0	8	59	50384cf69a733199fa17c9c571da1761d8451991	f80ff3f62daaa6e22a6753a3f30a127baab424d0320949bc9957a6ff62ea5ebe	otf_sparse_formula	2026-09-19T06:41:26.784099Z					8G	0			true		acacia-syntcomp26-coverage-123488-43f0feb6f544.scope
S-cap120-epoch2	round_robin_arbiter_pb_8_pe_.ltl	round_robin_arbiter_pb_8_pe_.tlsf	120	MEMOUT	95.96650542599673	-15	false	memory	none	0	8	60	50384cf69a733199fa17c9c571da1761d8451991	f80ff3f62daaa6e22a6753a3f30a127baab424d0320949bc9957a6ff62ea5ebe	otf_sparse_formula	2026-09-19T06:43:02.771126Z				8589934592	8G	0			true		acacia-syntcomp26-coverage-123488-202fd70779c6.scope
S-cap120-epoch2	round_robin_arbiter_unreal1_pb_2_3_pe_.ltl	round_robin_arbiter_unreal1_pb_2_3_pe_.tlsf	120	UNREALIZABLE	0.027714769006706774	1	false		status	13	30	61	50384cf69a733199fa17c9c571da1761d8451991	f80ff3f62daaa6e22a6753a3f30a127baab424d0320949bc9957a6ff62ea5ebe	otf_sparse_formula	2026-09-19T06:43:02.823326Z		0.040000	18968576		8G	0			true		acacia-syntcomp26-coverage-123488-a45dca6c5e0a.scope
S-cap120-epoch2	round_robin_arbiter_unreal1_pb_2_7_pe_.ltl	round_robin_arbiter_unreal1_pb_2_7_pe_.tlsf	120	UNREALIZABLE	0.029695623001316562	1	false		status	13	30	62	50384cf69a733199fa17c9c571da1761d8451991	f80ff3f62daaa6e22a6753a3f30a127baab424d0320949bc9957a6ff62ea5ebe	otf_sparse_formula	2026-09-19T06:43:02.865138Z		0.030000	19644416		8G	0			true		acacia-syntcomp26-coverage-123488-e1207177eaab.scope
S-cap120-epoch2	round_robin_arbiter_unreal1_pb_4_5_pe_.ltl	round_robin_arbiter_unreal1_pb_4_5_pe_.tlsf	120	UNREALIZABLE	39.77147708198754	1	false		status	13	34	63	50384cf69a733199fa17c9c571da1761d8451991	f80ff3f62daaa6e22a6753a3f30a127baab424d0320949bc9957a6ff62ea5ebe	otf_sparse_formula	2026-09-19T06:43:42.649907Z		157.510000	3792343040		8G	0			true		acacia-syntcomp26-coverage-123488-9fa783ea7e49.scope
S-cap120-epoch2	shift_pb_64_pe_.ltl	shift_pb_64_pe_.tlsf	120	REALIZABLE	0.02296574300271459	0	false		status	11	30	64	50384cf69a733199fa17c9c571da1761d8451991	f80ff3f62daaa6e22a6753a3f30a127baab424d0320949bc9957a6ff62ea5ebe	otf_sparse_formula	2026-09-19T06:43:42.710657Z		0.020000	16375808		8G	0			true		acacia-syntcomp26-coverage-123488-16128f2ff732.scope
S-cap120-epoch2	simple_arbiter_unreal1_pb_16_4_pe_.ltl	simple_arbiter_unreal1_pb_16_4_pe_.tlsf	120	UNREALIZABLE	0.036340202001156285	1	false		status	13	30	65	50384cf69a733199fa17c9c571da1761d8451991	f80ff3f62daaa6e22a6753a3f30a127baab424d0320949bc9957a6ff62ea5ebe	otf_sparse_formula	2026-09-19T06:43:42.773785Z		0.030000	15429632		8G	0			true		acacia-syntcomp26-coverage-123488-791368b40091.scope
S-cap120-epoch2	simple_arbiter_unreal1_pb_4_4_pe_.ltl	simple_arbiter_unreal1_pb_4_4_pe_.tlsf	120	UNREALIZABLE	0.03546225400350522	1	false		status	13	30	66	50384cf69a733199fa17c9c571da1761d8451991	f80ff3f62daaa6e22a6753a3f30a127baab424d0320949bc9957a6ff62ea5ebe	otf_sparse_formula	2026-09-19T06:43:42.847464Z		0.030000	15261696		8G	0			true		acacia-syntcomp26-coverage-123488-a6d138bf261b.scope
S-cap120-epoch2	simple_arbiter_unreal1_pb_6_4_pe_.ltl	simple_arbiter_unreal1_pb_6_4_pe_.tlsf	120	UNREALIZABLE	0.039044788005412556	1	false		status	13	30	67	50384cf69a733199fa17c9c571da1761d8451991	f80ff3f62daaa6e22a6753a3f30a127baab424d0320949bc9957a6ff62ea5ebe	otf_sparse_formula	2026-09-19T06:43:42.925328Z		0.030000	15351808		8G	0			true		acacia-syntcomp26-coverage-123488-10db73529b11.scope
S-cap120-epoch2	simple_arbiter_unreal2_pb_3_pe_.ltl	simple_arbiter_unreal2_pb_3_pe_.tlsf	120	UNREALIZABLE	0.0343945269996766	1	false		status	13	30	68	50384cf69a733199fa17c9c571da1761d8451991	f80ff3f62daaa6e22a6753a3f30a127baab424d0320949bc9957a6ff62ea5ebe	otf_sparse_formula	2026-09-19T06:43:42.997754Z		0.040000	15302656		8G	0			true		acacia-syntcomp26-coverage-123488-b3cfe7b65670.scope
S-cap120-epoch2	sort42.ltl	sort42.tlsf	120	UNREALIZABLE	13.659634369993	1	false		none	13	32	69	50384cf69a733199fa17c9c571da1761d8451991	f80ff3f62daaa6e22a6753a3f30a127baab424d0320949bc9957a6ff62ea5ebe	otf_sparse_formula	2026-09-19T06:43:56.670606Z		54.170000	561397760		8G	0			true		acacia-syntcomp26-coverage-123488-61987c1d0c5b.scope
S-cap120-epoch2	test6_0f5381e9.ltl	test6_0f5381e9.tlsf	120	REALIZABLE	0.017837323001003824	0	false		status	11	30	70	50384cf69a733199fa17c9c571da1761d8451991	f80ff3f62daaa6e22a6753a3f30a127baab424d0320949bc9957a6ff62ea5ebe	otf_sparse_formula	2026-09-19T06:43:56.701789Z		0.010000	19333120		8G	0			true		acacia-syntcomp26-coverage-123488-8b05a045b947.scope
S-cap120-epoch2	workstation_resupply_pb_6_pe_.ltl	workstation_resupply_pb_6_pe_.tlsf	120	TIMEOUT	120.2249155830068	124	true	timeout	none	0	8	71	50384cf69a733199fa17c9c571da1761d8451991	f80ff3f62daaa6e22a6753a3f30a127baab424d0320949bc9957a6ff62ea5ebe	otf_sparse_formula	2026-09-19T06:45:56.967661Z					8G	0			true		acacia-syntcomp26-coverage-123488-cfe90449fb30.scope
S-cap120-epoch2	07.ltl	07.tlsf	120	REALIZABLE	20.078307853007573	0	false		none	11	32	0	50384cf69a733199fa17c9c571da1761d8451991	f80ff3f62daaa6e22a6753a3f30a127baab424d0320949bc9957a6ff62ea5ebe	otf_sparse_formula	2026-09-19T06:46:17.219644Z		61.110000	761131008		8G	0			true		acacia-syntcomp26-coverage-125193-8b3bf7791b59.scope
S-cap120-epoch2	Coffee_f1477cc5.ltl	Coffee_f1477cc5.tlsf	120	UNREALIZABLE	0.026032377005321905	1	false		status	13	30	1	50384cf69a733199fa17c9c571da1761d8451991	f80ff3f62daaa6e22a6753a3f30a127baab424d0320949bc9957a6ff62ea5ebe	otf_sparse_formula	2026-09-19T06:46:17.269488Z		0.020000	19247104		8G	0			true		acacia-syntcomp26-coverage-125193-9f90279583c2.scope
S-cap120-epoch2	FelixSpecFixed3.core_b209ff21.ltl	FelixSpecFixed3.core_b209ff21.tlsf	120	UNREALIZABLE	0.0757129910052754	1	false		status	13	30	2	50384cf69a733199fa17c9c571da1761d8451991	f80ff3f62daaa6e22a6753a3f30a127baab424d0320949bc9957a6ff62ea5ebe	otf_sparse_formula	2026-09-19T06:46:17.358878Z		0.180000	21426176		8G	0			true		acacia-syntcomp26-coverage-125193-8ef992b9dd45.scope
S-cap120-epoch2	FelixSpecFixed_2418b67e.ltl	FelixSpecFixed_2418b67e.tlsf	120	TIMEOUT	120.21902515599504	124	true	timeout	status	0	8	3	50384cf69a733199fa17c9c571da1761d8451991	f80ff3f62daaa6e22a6753a3f30a127baab424d0320949bc9957a6ff62ea5ebe	otf_sparse_formula	2026-09-19T06:48:17.600388Z					8G	0			true		acacia-syntcomp26-coverage-125193-6a98819a9bb6.scope
S-cap120-epoch2	Lights2_2c5b09da.ltl	Lights2_2c5b09da.tlsf	120	REALIZABLE	0.05059042100037914	0	false		status	11	30	4	50384cf69a733199fa17c9c571da1761d8451991	f80ff3f62daaa6e22a6753a3f30a127baab424d0320949bc9957a6ff62ea5ebe	otf_sparse_formula	2026-09-19T06:48:17.665779Z		0.100000	22278144		8G	0			true		acacia-syntcomp26-coverage-125193-df99f488ec07.scope
S-cap120-epoch2	Morning2_407db2cc.ltl	Morning2_407db2cc.tlsf	120	MEMOUT	103.93486288900021	-15	false	memory	none	0	8	5	50384cf69a733199fa17c9c571da1761d8451991	f80ff3f62daaa6e22a6753a3f30a127baab424d0320949bc9957a6ff62ea5ebe	otf_sparse_formula	2026-09-19T06:50:01.618669Z				8589934592	8G	0			true		acacia-syntcomp26-coverage-125193-262e5fedf93e.scope
S-cap120-epoch2	Morning2s_2c5b09da.ltl	Morning2s_2c5b09da.tlsf	120	TIMEOUT	120.37600100399868	124	true	timeout	none	0	8	6	50384cf69a733199fa17c9c571da1761d8451991	f80ff3f62daaa6e22a6753a3f30a127baab424d0320949bc9957a6ff62ea5ebe	otf_sparse_formula	2026-09-19T06:52:02.031467Z					8G	0			true		acacia-syntcomp26-coverage-125193-a05026321542.scope
S-cap120-epoch2	Morning_88c5c1c3.ltl	Morning_88c5c1c3.tlsf	120	REALIZABLE	78.06387251100386	0	false		status	11	34	7	50384cf69a733199fa17c9c571da1761d8451991	f80ff3f62daaa6e22a6753a3f30a127baab424d0320949bc9957a6ff62ea5ebe	otf_sparse_formula	2026-09-19T06:53:20.109154Z		239.400000	4317683712		8G	0			true		acacia-syntcomp26-coverage-125193-f65c8571654d.scope
S-cap120-epoch2	RegManager.ltl	RegManager.tlsf	120	REALIZABLE	0.019050403003348038	0	false		status	11	30	8	50384cf69a733199fa17c9c571da1761d8451991	f80ff3f62daaa6e22a6753a3f30a127baab424d0320949bc9957a6ff62ea5ebe	otf_sparse_formula	2026-09-19T06:53:20.149137Z		0.020000	15712256		8G	0			true		acacia-syntcomp26-coverage-125193-83b96b284c44.scope
S-cap120-epoch2	amba_decomposed_arbiter_pb_5_pe_.ltl	amba_decomposed_arbiter_pb_5_pe_.tlsf	120	REALIZABLE	0.11819070400088094	0	false		status	11	30	9	50384cf69a733199fa17c9c571da1761d8451991	f80ff3f62daaa6e22a6753a3f30a127baab424d0320949bc9957a6ff62ea5ebe	otf_sparse_formula	2026-09-19T06:53:20.280488Z		0.390000	31973376		8G	0			true		acacia-syntcomp26-coverage-125193-c6dd5d1b71ef.scope
S-cap120-epoch2	collector_v2_pb_9_pe_.ltl	collector_v2_pb_9_pe_.tlsf	120	REALIZABLE	0.08004997699754313	0	false		status	11	30	10	50384cf69a733199fa17c9c571da1761d8451991	f80ff3f62daaa6e22a6753a3f30a127baab424d0320949bc9957a6ff62ea5ebe	otf_sparse_formula	2026-09-19T06:53:20.374190Z		0.230000	40468480		8G	0			true		acacia-syntcomp26-coverage-125193-cb2a8ae3f00d.scope
S-cap120-epoch2	f-real-real.ltl	f-real-real.tlsf	120	REALIZABLE	32.57675629500591	0	false		none	11	33	11	50384cf69a733199fa17c9c571da1761d8451991	f80ff3f62daaa6e22a6753a3f30a127baab424d0320949bc9957a6ff62ea5ebe	otf_sparse_formula	2026-09-19T06:53:52.963937Z		129.450000	889421824		8G	0			true		acacia-syntcomp26-coverage-125193-4578dfcfc001.scope
S-cap120-epoch2	full_arbiter_unreal1_pb_3_12_pe_.ltl	full_arbiter_unreal1_pb_3_12_pe_.tlsf	120	UNREALIZABLE	0.022986256997683086	1	false		none	13	30	12	50384cf69a733199fa17c9c571da1761d8451991	f80ff3f62daaa6e22a6753a3f30a127baab424d0320949bc9957a6ff62ea5ebe	otf_sparse_formula	2026-09-19T06:53:53.011456Z		0.020000	15425536		8G	0			true		acacia-syntcomp26-coverage-125193-0d5f8f9f4f15.scope
S-cap120-epoch2	full_arbiter_unreal2_pb_5_pe_.ltl	full_arbiter_unreal2_pb_5_pe_.tlsf	120	UNREALIZABLE	0.03566352299822029	1	false		none	13	30	13	50384cf69a733199fa17c9c571da1761d8451991	f80ff3f62daaa6e22a6753a3f30a127baab424d0320949bc9957a6ff62ea5ebe	otf_sparse_formula	2026-09-19T06:53:53.085432Z		0.020000	15433728		8G	0			true		acacia-syntcomp26-coverage-125193-61aa074ce4e8.scope
S-cap120-epoch2	g-unreal-15.ltl	g-unreal-15.tlsf	120	UNREALIZABLE	0.14536480099195614	1	false		none	13	30	14	50384cf69a733199fa17c9c571da1761d8451991	f80ff3f62daaa6e22a6753a3f30a127baab424d0320949bc9957a6ff62ea5ebe	otf_sparse_formula	2026-09-19T06:53:53.244585Z		0.430000	37924864		8G	0			true		acacia-syntcomp26-coverage-125193-02d94799df50.scope
S-cap120-epoch2	gf-unreal17.ltl	gf-unreal17.tlsf	120	UNREALIZABLE	0.02912578100222163	1	false		none	13	30	15	50384cf69a733199fa17c9c571da1761d8451991	f80ff3f62daaa6e22a6753a3f30a127baab424d0320949bc9957a6ff62ea5ebe	otf_sparse_formula	2026-09-19T06:53:53.296164Z		0.040000	18448384		8G	0			true		acacia-syntcomp26-coverage-125193-51c59ae9d6e3.scope
S-cap120-epoch2	helipad-real.ltl	helipad-real.tlsf	120	TIMEOUT	120.27183741399494	124	true	timeout	none	0	8	16	50384cf69a733199fa17c9c571da1761d8451991	f80ff3f62daaa6e22a6753a3f30a127baab424d0320949bc9957a6ff62ea5ebe	otf_sparse_formula	2026-09-19T06:55:53.595590Z					8G	0			true		acacia-syntcomp26-coverage-125193-dd2c8b364500.scope
S-cap120-epoch2	infinite-race-u16.ltl	infinite-race-u16.tlsf	120	MEMOUT	48.644379477002076	-15	false	memory	none	0	8	17	50384cf69a733199fa17c9c571da1761d8451991	f80ff3f62daaa6e22a6753a3f30a127baab424d0320949bc9957a6ff62ea5ebe	otf_sparse_formula	2026-09-19T06:56:42.259415Z				8589934592	8G	0			true		acacia-syntcomp26-coverage-125193-a61c9e64bd28.scope
S-cap120-epoch2	lilydemo07.ltl	lilydemo07.tlsf	120	REALIZABLE	0.020260542994947173	0	false		status	11	30	18	50384cf69a733199fa17c9c571da1761d8451991	f80ff3f62daaa6e22a6753a3f30a127baab424d0320949bc9957a6ff62ea5ebe	otf_sparse_formula	2026-09-19T06:56:42.300997Z		0.010000	18001920		8G	0			true		acacia-syntcomp26-coverage-125193-0d247868e757.scope
S-cap120-epoch2	ltl2dba05.ltl	ltl2dba05.tlsf	120	REALIZABLE	0.03317843799595721	0	false		status	11	30	19	50384cf69a733199fa17c9c571da1761d8451991	f80ff3f62daaa6e22a6753a3f30a127baab424d0320949bc9957a6ff62ea5ebe	otf_sparse_formula	2026-09-19T06:56:42.370436Z		0.030000	15298560		8G	0			true		acacia-syntcomp26-coverage-125193-cf9946a24af5.scope
S-cap120-epoch2	ltl2dba20.ltl	ltl2dba20.tlsf	120	REALIZABLE	0.02088083600392565	0	false		status	11	30	20	50384cf69a733199fa17c9c571da1761d8451991	f80ff3f62daaa6e22a6753a3f30a127baab424d0320949bc9957a6ff62ea5ebe	otf_sparse_formula	2026-09-19T06:56:42.405127Z		0.010000	15368192	41885696	8G	0			true		acacia-syntcomp26-coverage-125193-040e5b05ac60.scope
S-cap120-epoch2	ltl2dba_C2_pb_100_pe_.ltl	ltl2dba_C2_pb_100_pe_.tlsf	120	REALIZABLE	0.018238871009089053	0	false		none	11	30	21	50384cf69a733199fa17c9c571da1761d8451991	f80ff3f62daaa6e22a6753a3f30a127baab424d0320949bc9957a6ff62ea5ebe	otf_sparse_formula	2026-09-19T06:56:42.436846Z		0.010000	16478208	44539904	8G	0			true		acacia-syntcomp26-coverage-125193-b9fac9121421.scope
S-cap120-epoch2	ltl2dba_R_pb_2_pe_.ltl	ltl2dba_R_pb_2_pe_.tlsf	120	UNREALIZABLE	0.019272985009592958	1	false		status	13	30	22	50384cf69a733199fa17c9c571da1761d8451991	f80ff3f62daaa6e22a6753a3f30a127baab424d0320949bc9957a6ff62ea5ebe	otf_sparse_formula	2026-09-19T06:56:42.468313Z		0.010000	18427904	45547520	8G	0			true		acacia-syntcomp26-coverage-125193-9b7394c07af7.scope
S-cap120-epoch2	ltl2dba_alpha_pb_7_pe_.ltl	ltl2dba_alpha_pb_7_pe_.tlsf	120	REALIZABLE	0.017604677996132523	0	false		status	11	30	23	50384cf69a733199fa17c9c571da1761d8451991	f80ff3f62daaa6e22a6753a3f30a127baab424d0320949bc9957a6ff62ea5ebe	otf_sparse_formula	2026-09-19T06:56:42.498237Z		0.010000	15433728	41611264	8G	0			true		acacia-syntcomp26-coverage-125193-8beeaefbdb56.scope
S-cap120-epoch2	ltl2dba_beta_pb_3_pe_.ltl	ltl2dba_beta_pb_3_pe_.tlsf	120	REALIZABLE	0.020433231999049895	0	false		status	11	30	24	50384cf69a733199fa17c9c571da1761d8451991	f80ff3f62daaa6e22a6753a3f30a127baab424d0320949bc9957a6ff62ea5ebe	otf_sparse_formula	2026-09-19T06:56:42.531775Z		0.010000	15298560	41730048	8G	0			true		acacia-syntcomp26-coverage-125193-7405cb4d2027.scope
S-cap120-epoch2	ltl2dba_theta_pb_25_pe_.ltl	ltl2dba_theta_pb_25_pe_.tlsf	120	TIMEOUT	120.2285297169874	124	true	timeout	status	0	8	25	50384cf69a733199fa17c9c571da1761d8451991	f80ff3f62daaa6e22a6753a3f30a127baab424d0320949bc9957a6ff62ea5ebe	otf_sparse_formula	2026-09-19T06:58:42.796039Z					8G	0			true		acacia-syntcomp26-coverage-125193-e5ab6b6ffe70.scope
S-cap120-epoch2	ltl2dba_theta_pb_7_pe_.ltl	ltl2dba_theta_pb_7_pe_.tlsf	120	UNREALIZABLE	0.06270982799469493	1	false		status	13	30	26	50384cf69a733199fa17c9c571da1761d8451991	f80ff3f62daaa6e22a6753a3f30a127baab424d0320949bc9957a6ff62ea5ebe	otf_sparse_formula	2026-09-19T06:58:42.878093Z		0.150000	22466560		8G	0			true		acacia-syntcomp26-coverage-125193-4f809313d633.scope
S-cap120-epoch2	narylatch_pb_16_pe_.ltl	narylatch_pb_16_pe_.tlsf	120	REALIZABLE	0.029565267002908513	0	false		none	11	30	27	50384cf69a733199fa17c9c571da1761d8451991	f80ff3f62daaa6e22a6753a3f30a127baab424d0320949bc9957a6ff62ea5ebe	otf_sparse_formula	2026-09-19T06:58:42.921240Z		0.050000	19812352		8G	0			true		acacia-syntcomp26-coverage-125193-08c258a75931.scope
S-cap120-epoch2	narylatch_pb_8_pe_.ltl	narylatch_pb_8_pe_.tlsf	120	REALIZABLE	0.03492635700968094	0	false		status	11	30	28	50384cf69a733199fa17c9c571da1761d8451991	f80ff3f62daaa6e22a6753a3f30a127baab424d0320949bc9957a6ff62ea5ebe	otf_sparse_formula	2026-09-19T06:58:42.979211Z		0.040000	19660800		8G	0			true		acacia-syntcomp26-coverage-125193-27b7491690b0.scope
S-cap120-epoch2	ordered-visits-real.ltl	ordered-visits-real.tlsf	120	REALIZABLE	0.04272212499927264	0	false		none	11	30	29	50384cf69a733199fa17c9c571da1761d8451991	f80ff3f62daaa6e22a6753a3f30a127baab424d0320949bc9957a6ff62ea5ebe	otf_sparse_formula	2026-09-19T06:58:43.036375Z		0.060000	20918272		8G	0			true		acacia-syntcomp26-coverage-125193-99c039cea8b7.scope
S-cap120-epoch2	patrolling14.ltl	patrolling14.tlsf	120	UNREALIZABLE	0.2497750780021306	1	false		none	13	30	30	50384cf69a733199fa17c9c571da1761d8451991	f80ff3f62daaa6e22a6753a3f30a127baab424d0320949bc9957a6ff62ea5ebe	otf_sparse_formula	2026-09-19T06:58:43.299818Z		0.890000	40087552		8G	0			true		acacia-syntcomp26-coverage-125193-045aabaf904b.scope
S-cap120-epoch2	patrolling17.ltl	patrolling17.tlsf	120	UNREALIZABLE	0.40333904599538073	1	false		none	13	30	31	50384cf69a733199fa17c9c571da1761d8451991	f80ff3f62daaa6e22a6753a3f30a127baab424d0320949bc9957a6ff62ea5ebe	otf_sparse_formula	2026-09-19T06:58:43.717030Z		1.510000	71786496		8G	0			true		acacia-syntcomp26-coverage-125193-17d8f3cec6d1.scope
S-cap120-epoch2	patrolling22.ltl	patrolling22.tlsf	120	UNREALIZABLE	0.6004956749966368	1	false		none	13	31	32	50384cf69a733199fa17c9c571da1761d8451991	f80ff3f62daaa6e22a6753a3f30a127baab424d0320949bc9957a6ff62ea5ebe	otf_sparse_formula	2026-09-19T06:58:44.332146Z		2.290000	109903872		8G	0			true		acacia-syntcomp26-coverage-125193-dc8e332255b5.scope
S-cap120-epoch2	patrolling24.ltl	patrolling24.tlsf	120	UNREALIZABLE	0.7160464899934595	1	false		none	13	31	33	50384cf69a733199fa17c9c571da1761d8451991	f80ff3f62daaa6e22a6753a3f30a127baab424d0320949bc9957a6ff62ea5ebe	otf_sparse_formula	2026-09-19T06:58:45.062304Z		2.760000	128491520		8G	0			true		acacia-syntcomp26-coverage-125193-ec676695b40f.scope
S-cap120-epoch2	patrolling6.ltl	patrolling6.tlsf	120	UNREALIZABLE	0.08644120999088045	1	false		none	13	30	34	50384cf69a733199fa17c9c571da1761d8451991	f80ff3f62daaa6e22a6753a3f30a127baab424d0320949bc9957a6ff62ea5ebe	otf_sparse_formula	2026-09-19T06:58:45.163119Z		0.210000	22511616		8G	0			true		acacia-syntcomp26-coverage-125193-e00d9c8b74f3.scope
S-cap120-epoch2	prioritized_arbiter_unreal1_pb_3_4_pe_.ltl	prioritized_arbiter_unreal1_pb_3_4_pe_.tlsf	120	UNREALIZABLE	0.025895915998262353	1	false		status	13	30	35	50384cf69a733199fa17c9c571da1761d8451991	f80ff3f62daaa6e22a6753a3f30a127baab424d0320949bc9957a6ff62ea5ebe	otf_sparse_formula	2026-09-19T06:58:45.214949Z		0.030000	18518016		8G	0			true		acacia-syntcomp26-coverage-125193-bd7fb034859c.scope
S-cap120-epoch2	prioritized_arbiter_unreal1_pb_4_10_pe_.ltl	prioritized_arbiter_unreal1_pb_4_10_pe_.tlsf	120	UNREALIZABLE	0.03462397099065129	1	false		status	13	30	36	50384cf69a733199fa17c9c571da1761d8451991	f80ff3f62daaa6e22a6753a3f30a127baab424d0320949bc9957a6ff62ea5ebe	otf_sparse_formula	2026-09-19T06:58:45.277055Z		0.050000	18706432		8G	0			true		acacia-syntcomp26-coverage-125193-7c344f8c13a2.scope
S-cap120-epoch2	prioritized_arbiter_unreal1_pb_4_11_pe_.ltl	prioritized_arbiter_unreal1_pb_4_11_pe_.tlsf	120	UNREALIZABLE	0.03451962801045738	1	false		status	13	30	37	50384cf69a733199fa17c9c571da1761d8451991	f80ff3f62daaa6e22a6753a3f30a127baab424d0320949bc9957a6ff62ea5ebe	otf_sparse_formula	2026-09-19T06:58:45.337994Z		0.050000	18599936		8G	0			true		acacia-syntcomp26-coverage-125193-9d3fe365f781.scope
S-cap120-epoch2	prioritized_arbiter_unreal1_pb_5_16_pe_.ltl	prioritized_arbiter_unreal1_pb_5_16_pe_.tlsf	120	UNREALIZABLE	0.03580618600244634	1	false		status	13	30	38	50384cf69a733199fa17c9c571da1761d8451991	f80ff3f62daaa6e22a6753a3f30a127baab424d0320949bc9957a6ff62ea5ebe	otf_sparse_formula	2026-09-19T06:58:45.409742Z		0.040000	19255296		8G	0			true		acacia-syntcomp26-coverage-125193-0b462113d071.scope
S-cap120-epoch2	prioritized_arbiter_unreal2_pb_10_pe_.ltl	prioritized_arbiter_unreal2_pb_10_pe_.tlsf	120	UNREALIZABLE	0.045041620003758	1	false		status	13	30	39	50384cf69a733199fa17c9c571da1761d8451991	f80ff3f62daaa6e22a6753a3f30a127baab424d0320949bc9957a6ff62ea5ebe	otf_sparse_formula	2026-09-19T06:58:45.480295Z		0.060000	20082688		8G	0			true		acacia-syntcomp26-coverage-125193-bf17a18d8ef3.scope
S-cap120-epoch2	prioritized_arbiter_unreal2_pb_2_pe_.ltl	prioritized_arbiter_unreal2_pb_2_pe_.tlsf	120	UNREALIZABLE	0.03758499099058099	1	false		status	13	30	40	50384cf69a733199fa17c9c571da1761d8451991	f80ff3f62daaa6e22a6753a3f30a127baab424d0320949bc9957a6ff62ea5ebe	otf_sparse_formula	2026-09-19T06:58:45.557706Z		0.040000	18255872		8G	0			true		acacia-syntcomp26-coverage-125193-2e626ca1ed05.scope
S-cap120-epoch2	reversible-lane-u-unreal.ltl	reversible-lane-u-unreal.tlsf	120	UNREALIZABLE	0.1016091189958388	1	false		none	13	30	41	50384cf69a733199fa17c9c571da1761d8451991	f80ff3f62daaa6e22a6753a3f30a127baab424d0320949bc9957a6ff62ea5ebe	otf_sparse_formula	2026-09-19T06:58:45.673355Z		0.300000	23506944		8G	0			true		acacia-syntcomp26-coverage-125193-83074e2cb1d2.scope
S-cap120-epoch2	robot-resource-1d0.ltl	robot-resource-1d0.tlsf	120	UNREALIZABLE	0.029763147002086043	1	false		none	13	30	42	50384cf69a733199fa17c9c571da1761d8451991	f80ff3f62daaa6e22a6753a3f30a127baab424d0320949bc9957a6ff62ea5ebe	otf_sparse_formula	2026-09-19T06:58:45.716250Z		0.050000	19922944		8G	0			true		acacia-syntcomp26-coverage-125193-8f1d40f03d19.scope
S-cap120-epoch2	robot-resource-2d0.ltl	robot-resource-2d0.tlsf	120	UNREALIZABLE	0.0404137179866666	1	false		none	13	30	43	50384cf69a733199fa17c9c571da1761d8451991	f80ff3f62daaa6e22a6753a3f30a127baab424d0320949bc9957a6ff62ea5ebe	otf_sparse_formula	2026-09-19T06:58:45.769966Z		0.100000	20889600		8G	0			true		acacia-syntcomp26-coverage-125193-0369ceb2a0e4.scope
S-cap120-epoch2	robot-resource-2d16.ltl	robot-resource-2d16.tlsf	120	UNREALIZABLE	7.30098720100068	1	false		none	13	31	44	50384cf69a733199fa17c9c571da1761d8451991	f80ff3f62daaa6e22a6753a3f30a127baab424d0320949bc9957a6ff62ea5ebe	otf_sparse_formula	2026-09-19T06:58:53.084099Z		28.980000	82350080		8G	0			true		acacia-syntcomp26-coverage-125193-1ff682d657e0.scope
S-cap120-epoch2	robot-to-target-charging-unreal0.ltl	robot-to-target-charging-unreal0.tlsf	120	UNREALIZABLE	73.96741862599447	1	false		none	13	33	45	50384cf69a733199fa17c9c571da1761d8451991	f80ff3f62daaa6e22a6753a3f30a127baab424d0320949bc9957a6ff62ea5ebe	otf_sparse_formula	2026-09-19T07:00:07.066502Z		294.260000	666935296		8G	0			true		acacia-syntcomp26-coverage-125193-4bd3b87c0380.scope
S-cap120-epoch2	robot-to-target-charging-unreal6.ltl	robot-to-target-charging-unreal6.tlsf	120	TIMEOUT	120.22116546299367	124	true	timeout	none	0	8	46	50384cf69a733199fa17c9c571da1761d8451991	f80ff3f62daaa6e22a6753a3f30a127baab424d0320949bc9957a6ff62ea5ebe	otf_sparse_formula	2026-09-19T07:02:07.311055Z					8G	0			true		acacia-syntcomp26-coverage-125193-fa83f3d52c2d.scope
S-cap120-epoch2	robot_analyze_samples_v1-real.ltl	robot_analyze_samples_v1-real.tlsf	120	TIMEOUT	120.32378974700987	124	true	timeout	none	0	8	47	50384cf69a733199fa17c9c571da1761d8451991	f80ff3f62daaa6e22a6753a3f30a127baab424d0320949bc9957a6ff62ea5ebe	otf_sparse_formula	2026-09-19T07:04:07.674474Z					8G	0			true		acacia-syntcomp26-coverage-125193-c0edc18992a2.scope
S-cap120-epoch2	robot_deliver_products_40.ltl	robot_deliver_products_40.tlsf	120	TIMEOUT	120.19467951900151	124	true	timeout	none	0	8	48	50384cf69a733199fa17c9c571da1761d8451991	f80ff3f62daaa6e22a6753a3f30a127baab424d0320949bc9957a6ff62ea5ebe	otf_sparse_formula	2026-09-19T07:06:07.898965Z					8G	0			true		acacia-syntcomp26-coverage-125193-aac58ed4aa3c.scope
S-cap120-epoch2	round_robin_arbiter_unreal1_pb_2_13_pe_.ltl	round_robin_arbiter_unreal1_pb_2_13_pe_.tlsf	120	UNREALIZABLE	0.3036905030021444	1	false		status	13	30	49	50384cf69a733199fa17c9c571da1761d8451991	f80ff3f62daaa6e22a6753a3f30a127baab424d0320949bc9957a6ff62ea5ebe	otf_sparse_formula	2026-09-19T07:06:08.222278Z		1.100000	59486208		8G	0			true		acacia-syntcomp26-coverage-125193-71c066ea5e3f.scope
S-cap120-epoch2	round_robin_arbiter_unreal1_pb_2_6_pe_.ltl	round_robin_arbiter_unreal1_pb_2_6_pe_.tlsf	120	UNREALIZABLE	0.023220796007080935	1	false		status	13	30	50	50384cf69a733199fa17c9c571da1761d8451991	f80ff3f62daaa6e22a6753a3f30a127baab424d0320949bc9957a6ff62ea5ebe	otf_sparse_formula	2026-09-19T07:06:08.260800Z		0.020000	19365888		8G	0			true		acacia-syntcomp26-coverage-125193-af9f453e5772.scope
S-cap120-epoch2	rw_arbiter_pb_2_pe_.ltl	rw_arbiter_pb_2_pe_.tlsf	120	REALIZABLE	0.04649602899735328	0	false		none	11	30	51	50384cf69a733199fa17c9c571da1761d8451991	f80ff3f62daaa6e22a6753a3f30a127baab424d0320949bc9957a6ff62ea5ebe	otf_sparse_formula	2026-09-19T07:06:08.320976Z		0.070000	20852736		8G	0			true		acacia-syntcomp26-coverage-125193-3ebe32b54205.scope
S-cap120-epoch2	shift_pb_16_pe_.ltl	shift_pb_16_pe_.tlsf	120	REALIZABLE	0.030665033002151176	0	false		status	11	30	52	50384cf69a733199fa17c9c571da1761d8451991	f80ff3f62daaa6e22a6753a3f30a127baab424d0320949bc9957a6ff62ea5ebe	otf_sparse_formula	2026-09-19T07:06:08.389145Z		0.030000	15683584		8G	0			true		acacia-syntcomp26-coverage-125193-41718cba9d6f.scope
S-cap120-epoch2	simple_arbiter_unreal1_pb_4_10_pe_.ltl	simple_arbiter_unreal1_pb_4_10_pe_.tlsf	120	UNREALIZABLE	0.038046683999709785	1	false		status	13	30	53	50384cf69a733199fa17c9c571da1761d8451991	f80ff3f62daaa6e22a6753a3f30a127baab424d0320949bc9957a6ff62ea5ebe	otf_sparse_formula	2026-09-19T07:06:08.465650Z		0.030000	15253504		8G	0			true		acacia-syntcomp26-coverage-125193-e4cdf6e55e7b.scope
S-cap120-epoch2	tasks-unreal0.ltl	tasks-unreal0.tlsf	120	UNREALIZABLE	47.131448058004025	1	false		none	13	33	54	50384cf69a733199fa17c9c571da1761d8451991	f80ff3f62daaa6e22a6753a3f30a127baab424d0320949bc9957a6ff62ea5ebe	otf_sparse_formula	2026-09-19T07:06:55.611462Z		187.770000	679862272		8G	0			true		acacia-syntcomp26-coverage-125193-cebf0d79778a.scope
S-cap120-epoch2	tasks-unreal2.ltl	tasks-unreal2.tlsf	120	TIMEOUT	120.167930222	124	true	timeout	none	0	8	55	50384cf69a733199fa17c9c571da1761d8451991	f80ff3f62daaa6e22a6753a3f30a127baab424d0320949bc9957a6ff62ea5ebe	otf_sparse_formula	2026-09-19T07:08:55.793041Z					8G	0			true		acacia-syntcomp26-coverage-125193-02fd65372bf9.scope
S-cap120-epoch2	workstation_resupply_pb_5_pe_.ltl	workstation_resupply_pb_5_pe_.tlsf	120	MEMOUT	106.09110958200472	-15	false	memory	none	0	8	56	50384cf69a733199fa17c9c571da1761d8451991	f80ff3f62daaa6e22a6753a3f30a127baab424d0320949bc9957a6ff62ea5ebe	otf_sparse_formula	2026-09-19T07:10:41.903625Z				8589934592	8G	0			true		acacia-syntcomp26-coverage-125193-3c00cbd0068b.scope
S-cap120-epoch2	F-G-contradiction-113.ltl	F-G-contradiction-113.tlsf	120	MEMOUT	70.81274061699514	-15	false	memory	none	0	8	0	50384cf69a733199fa17c9c571da1761d8451991	f80ff3f62daaa6e22a6753a3f30a127baab424d0320949bc9957a6ff62ea5ebe	otf_sparse_formula	2026-09-19T08:02:40.926582Z				8589934592	8G	0			true		acacia-syntcomp26-coverage-129466-ed2bc8091655.scope
S-cap120-epoch2	F-G-contradiction-12.ltl	F-G-contradiction-12.tlsf	120	UNREALIZABLE	0.06530502201349009	1	false		none	13	30	1	50384cf69a733199fa17c9c571da1761d8451991	f80ff3f62daaa6e22a6753a3f30a127baab424d0320949bc9957a6ff62ea5ebe	otf_sparse_formula	2026-09-19T08:02:41.010518Z		0.180000	23658496		8G	0			true		acacia-syntcomp26-coverage-129466-341e9a521c6a.scope
S-cap120-epoch2	FelixSpecFixed4GuaranteesOnly_88f351a6.ltl	FelixSpecFixed4GuaranteesOnly_88f351a6.tlsf	120	UNREALIZABLE	0.01679252200119663	1	false		status	13	30	2	50384cf69a733199fa17c9c571da1761d8451991	f80ff3f62daaa6e22a6753a3f30a127baab424d0320949bc9957a6ff62ea5ebe	otf_sparse_formula	2026-09-19T08:02:41.039985Z		0.020000	19427328	49577984	8G	0			true		acacia-syntcomp26-coverage-129466-5619c527f22d.scope
S-cap120-epoch2	KitchenTimerV5.ltl	KitchenTimerV5.tlsf	120	REALIZABLE	0.04470630599826109	0	false		status	11	30	3	50384cf69a733199fa17c9c571da1761d8451991	f80ff3f62daaa6e22a6753a3f30a127baab424d0320949bc9957a6ff62ea5ebe	otf_sparse_formula	2026-09-19T08:02:41.098714Z		0.120000	22786048		8G	0			true		acacia-syntcomp26-coverage-129466-832586513992.scope
S-cap120-epoch2	Lights2Min_9cbf2546.ltl	Lights2Min_9cbf2546.tlsf	120	REALIZABLE	0.022439865992055275	0	false		status	11	30	4	50384cf69a733199fa17c9c571da1761d8451991	f80ff3f62daaa6e22a6753a3f30a127baab424d0320949bc9957a6ff62ea5ebe	otf_sparse_formula	2026-09-19T08:02:41.133296Z		0.020000	20148224		8G	0			true		acacia-syntcomp26-coverage-129466-a482f2083b81.scope
S-cap120-epoch2	Lights2_06e9cad4.ltl	Lights2_06e9cad4.tlsf	120	REALIZABLE	0.1890626109961886	0	false		status	11	30	5	50384cf69a733199fa17c9c571da1761d8451991	f80ff3f62daaa6e22a6753a3f30a127baab424d0320949bc9957a6ff62ea5ebe	otf_sparse_formula	2026-09-19T08:02:41.335728Z		0.680000	31584256		8G	0			true		acacia-syntcomp26-coverage-129466-66537eba658b.scope
S-cap120-epoch2	Lights3_3916ec59.ltl	Lights3_3916ec59.tlsf	120	REALIZABLE	0.03230712498771027	0	false		status	11	30	6	50384cf69a733199fa17c9c571da1761d8451991	f80ff3f62daaa6e22a6753a3f30a127baab424d0320949bc9957a6ff62ea5ebe	otf_sparse_formula	2026-09-19T08:02:41.388136Z		0.060000	20611072		8G	0			true		acacia-syntcomp26-coverage-129466-714818279f15.scope
S-cap120-epoch2	Morning2s_42dc4fff.ltl	Morning2s_42dc4fff.tlsf	120	TIMEOUT	120.2295326859894	124	true	timeout	none	0	8	7	50384cf69a733199fa17c9c571da1761d8451991	f80ff3f62daaa6e22a6753a3f30a127baab424d0320949bc9957a6ff62ea5ebe	otf_sparse_formula	2026-09-19T08:04:41.648196Z					8G	0			true		acacia-syntcomp26-coverage-129466-a083a7b545bd.scope
S-cap120-epoch2	OneCounterGuiA1.ltl	OneCounterGuiA1.tlsf	120	UNREALIZABLE	0.02176868700189516	1	false		status	13	30	8	50384cf69a733199fa17c9c571da1761d8451991	f80ff3f62daaa6e22a6753a3f30a127baab424d0320949bc9957a6ff62ea5ebe	otf_sparse_formula	2026-09-19T08:04:41.693152Z		0.030000	20434944		8G	0			true		acacia-syntcomp26-coverage-129466-9d298e747c14.scope
S-cap120-epoch2	SPIReadManag.ltl	SPIReadManag.tlsf	120	REALIZABLE	0.033214873998076655	0	false		status	11	30	9	50384cf69a733199fa17c9c571da1761d8451991	f80ff3f62daaa6e22a6753a3f30a127baab424d0320949bc9957a6ff62ea5ebe	otf_sparse_formula	2026-09-19T08:04:41.741114Z		0.040000	20291584		8G	0			true		acacia-syntcomp26-coverage-129466-155385ff3c47.scope
S-cap120-epoch2	SensorSelector.ltl	SensorSelector.tlsf	120	REALIZABLE	0.03466456399473827	0	false		status	11	30	10	50384cf69a733199fa17c9c571da1761d8451991	f80ff3f62daaa6e22a6753a3f30a127baab424d0320949bc9957a6ff62ea5ebe	otf_sparse_formula	2026-09-19T08:04:41.801428Z		0.050000	20279296		8G	0			true		acacia-syntcomp26-coverage-129466-42a480a0107b.scope
S-cap120-epoch2	SliderDelayed.ltl	SliderDelayed.tlsf	120	REALIZABLE	0.05162101700261701	0	false		status	11	30	11	50384cf69a733199fa17c9c571da1761d8451991	f80ff3f62daaa6e22a6753a3f30a127baab424d0320949bc9957a6ff62ea5ebe	otf_sparse_formula	2026-09-19T08:04:41.866764Z		0.100000	21524480		8G	0			true		acacia-syntcomp26-coverage-129466-0cd5944a24a4.scope
S-cap120-epoch2	Timer_a50cadd7.ltl	Timer_a50cadd7.tlsf	120	REALIZABLE	0.02824195100401994	0	false		status	11	30	12	50384cf69a733199fa17c9c571da1761d8451991	f80ff3f62daaa6e22a6753a3f30a127baab424d0320949bc9957a6ff62ea5ebe	otf_sparse_formula	2026-09-19T08:04:41.932399Z		0.030000	15552512		8G	0			true		acacia-syntcomp26-coverage-129466-a442ea753b94.scope
S-cap120-epoch2	abcg_arbiter_pb_5_pe_.ltl	abcg_arbiter_pb_5_pe_.tlsf	120	TIMEOUT	120.22831596400647	124	true	timeout	none	0	8	13	50384cf69a733199fa17c9c571da1761d8451991	f80ff3f62daaa6e22a6753a3f30a127baab424d0320949bc9957a6ff62ea5ebe	otf_sparse_formula	2026-09-19T08:06:42.200638Z					8G	0			true		acacia-syntcomp26-coverage-129466-8efa276810cb.scope
S-cap120-epoch2	amba_decomposed_arbiter_pb_3_pe_.ltl	amba_decomposed_arbiter_pb_3_pe_.tlsf	120	REALIZABLE	0.03931810498761479	0	false		status	11	30	14	50384cf69a733199fa17c9c571da1761d8451991	f80ff3f62daaa6e22a6753a3f30a127baab424d0320949bc9957a6ff62ea5ebe	otf_sparse_formula	2026-09-19T08:06:42.266565Z		0.050000	20586496		8G	0			true		acacia-syntcomp26-coverage-129466-e90f2da437db.scope
S-cap120-epoch2	amba_decomposed_lock_pb_15_pe_.ltl	amba_decomposed_lock_pb_15_pe_.tlsf	120	TIMEOUT	120.21926335799799	124	true	timeout	status	0	8	15	50384cf69a733199fa17c9c571da1761d8451991	f80ff3f62daaa6e22a6753a3f30a127baab424d0320949bc9957a6ff62ea5ebe	otf_sparse_formula	2026-09-19T08:08:42.497498Z					8G	0			true		acacia-syntcomp26-coverage-129466-3f26b4d2e4b7.scope
S-cap120-epoch2	arbiter_pb_5_pe_.ltl	arbiter_pb_5_pe_.tlsf	120	REALIZABLE	0.37499010100145824	0	false		none	11	30	16	50384cf69a733199fa17c9c571da1761d8451991	f80ff3f62daaa6e22a6753a3f30a127baab424d0320949bc9957a6ff62ea5ebe	otf_sparse_formula	2026-09-19T08:08:42.886611Z		1.410000	45285376		8G	0			true		acacia-syntcomp26-coverage-129466-a126eee7347f.scope
S-cap120-epoch2	arbiter_with_cancel_pb_1_pe_.ltl	arbiter_with_cancel_pb_1_pe_.tlsf	120	REALIZABLE	0.021312330005457625	0	false		none	11	30	17	50384cf69a733199fa17c9c571da1761d8451991	f80ff3f62daaa6e22a6753a3f30a127baab424d0320949bc9957a6ff62ea5ebe	otf_sparse_formula	2026-09-19T08:08:42.921133Z		0.010000	17956864	43163648	8G	0			true		acacia-syntcomp26-coverage-129466-66bf2808da9d.scope
S-cap120-epoch2	collector_v3_pb_3_pe_.ltl	collector_v3_pb_3_pe_.tlsf	120	REALIZABLE	0.016410014999564737	0	false		status	11	30	18	50384cf69a733199fa17c9c571da1761d8451991	f80ff3f62daaa6e22a6753a3f30a127baab424d0320949bc9957a6ff62ea5ebe	otf_sparse_formula	2026-09-19T08:08:42.950832Z		0.010000	18886656	45199360	8G	0			true		acacia-syntcomp26-coverage-129466-a53b474c6208.scope
S-cap120-epoch2	full_arbiter_unreal1_pb_2_20_pe_.ltl	full_arbiter_unreal1_pb_2_20_pe_.tlsf	120	UNREALIZABLE	0.014820900993072428	1	false		status	13	30	19	50384cf69a733199fa17c9c571da1761d8451991	f80ff3f62daaa6e22a6753a3f30a127baab424d0320949bc9957a6ff62ea5ebe	otf_sparse_formula	2026-09-19T08:08:42.977999Z		0.010000	15491072	42033152	8G	0			true		acacia-syntcomp26-coverage-129466-f8c3ce9770bb.scope
S-cap120-epoch2	g-unreal-30.ltl	g-unreal-30.tlsf	120	UNREALIZABLE	0.046585705000325106	1	false		none	13	30	20	50384cf69a733199fa17c9c571da1761d8451991	f80ff3f62daaa6e22a6753a3f30a127baab424d0320949bc9957a6ff62ea5ebe	otf_sparse_formula	2026-09-19T08:08:43.037775Z		0.120000	23609344		8G	0			true		acacia-syntcomp26-coverage-129466-fa9d42b19fcc.scope
S-cap120-epoch2	g-unreal-31.ltl	g-unreal-31.tlsf	120	UNREALIZABLE	0.05316539898922201	1	false		none	13	30	21	50384cf69a733199fa17c9c571da1761d8451991	f80ff3f62daaa6e22a6753a3f30a127baab424d0320949bc9957a6ff62ea5ebe	otf_sparse_formula	2026-09-19T08:08:43.105584Z		0.150000	22605824		8G	0			true		acacia-syntcomp26-coverage-129466-061c57956beb.scope
S-cap120-epoch2	generalized_buffer_pb_2_pe_.ltl	generalized_buffer_pb_2_pe_.tlsf	120	REALIZABLE	0.019398856005864218	0	false		status	11	30	22	50384cf69a733199fa17c9c571da1761d8451991	f80ff3f62daaa6e22a6753a3f30a127baab424d0320949bc9957a6ff62ea5ebe	otf_sparse_formula	2026-09-19T08:08:43.137187Z		0.020000	19841024		8G	0			true		acacia-syntcomp26-coverage-129466-03ace7131a1a.scope
S-cap120-epoch2	generalized_buffer_pb_6_pe_.ltl	generalized_buffer_pb_6_pe_.tlsf	120	TIMEOUT	120.16800315699948	124	true	timeout	none	0	8	23	50384cf69a733199fa17c9c571da1761d8451991	f80ff3f62daaa6e22a6753a3f30a127baab424d0320949bc9957a6ff62ea5ebe	otf_sparse_formula	2026-09-19T08:10:43.316877Z					8G	0			true		acacia-syntcomp26-coverage-129466-b4993bfeeb71.scope
S-cap120-epoch2	gf-unreal3.ltl	gf-unreal3.tlsf	120	UNREALIZABLE	0.021504362011910416	1	false		none	13	30	24	50384cf69a733199fa17c9c571da1761d8451991	f80ff3f62daaa6e22a6753a3f30a127baab424d0320949bc9957a6ff62ea5ebe	otf_sparse_formula	2026-09-19T08:10:43.351902Z		0.010000	17821696	44384256	8G	0			true		acacia-syntcomp26-coverage-129466-ff09741b4fe7.scope
S-cap120-epoch2	gf-unreal9.ltl	gf-unreal9.tlsf	120	UNREALIZABLE	0.019529248995240778	1	false		none	13	30	25	50384cf69a733199fa17c9c571da1761d8451991	f80ff3f62daaa6e22a6753a3f30a127baab424d0320949bc9957a6ff62ea5ebe	otf_sparse_formula	2026-09-19T08:10:43.385038Z		0.010000	18096128	45326336	8G	0			true		acacia-syntcomp26-coverage-129466-be25d6741d56.scope
S-cap120-epoch2	infinite-race-u7.ltl	infinite-race-u7.tlsf	120	UNREALIZABLE	1.4804384680028306	1	false		none	13	31	26	50384cf69a733199fa17c9c571da1761d8451991	f80ff3f62daaa6e22a6753a3f30a127baab424d0320949bc9957a6ff62ea5ebe	otf_sparse_formula	2026-09-19T08:10:44.879155Z		5.830000	130375680		8G	0			true		acacia-syntcomp26-coverage-129466-8ff1e9f6af2e.scope
S-cap120-epoch2	lift_gr1+_pb_2_pe_.ltl	lift_gr1+_pb_2_pe_.tlsf	120	REALIZABLE	0.026174653001362458	0	false		none	11	30	27	50384cf69a733199fa17c9c571da1761d8451991	f80ff3f62daaa6e22a6753a3f30a127baab424d0320949bc9957a6ff62ea5ebe	otf_sparse_formula	2026-09-19T08:10:44.918696Z		0.050000	21430272		8G	0			true		acacia-syntcomp26-coverage-129466-2aaa86af75cf.scope
S-cap120-epoch2	lift_gr1+_pb_7_pe_.ltl	lift_gr1+_pb_7_pe_.tlsf	120	MEMOUT	88.2540321659908	-15	false	memory	none	0	8	28	50384cf69a733199fa17c9c571da1761d8451991	f80ff3f62daaa6e22a6753a3f30a127baab424d0320949bc9957a6ff62ea5ebe	otf_sparse_formula	2026-09-19T08:12:13.191120Z				8589934592	8G	0			true		acacia-syntcomp26-coverage-129466-6b0bd4d85930.scope
S-cap120-epoch2	lift_wrong_physics_unreal_pb_2_pe_.ltl	lift_wrong_physics_unreal_pb_2_pe_.tlsf	120	REALIZABLE	0.01971940600196831	0	false		none	11	30	29	50384cf69a733199fa17c9c571da1761d8451991	f80ff3f62daaa6e22a6753a3f30a127baab424d0320949bc9957a6ff62ea5ebe	otf_sparse_formula	2026-09-19T08:12:13.224142Z		0.030000	19906560		8G	0			true		acacia-syntcomp26-coverage-129466-8aa99b6509fb.scope
S-cap120-epoch2	lift_wrong_physics_unreal_pb_9_pe_.ltl	lift_wrong_physics_unreal_pb_9_pe_.tlsf	120	UNREALIZABLE	0.44517259500571527	1	false		none	13	30	30	50384cf69a733199fa17c9c571da1761d8451991	f80ff3f62daaa6e22a6753a3f30a127baab424d0320949bc9957a6ff62ea5ebe	otf_sparse_formula	2026-09-19T08:12:13.683263Z		1.710000	43245568		8G	0			true		acacia-syntcomp26-coverage-129466-621248dbd869.scope
S-cap120-epoch2	load_balancer_unreal1_pb_2_12_pe_.ltl	load_balancer_unreal1_pb_2_12_pe_.tlsf	120	UNREALIZABLE	0.08957287600787822	1	false		status	13	30	31	50384cf69a733199fa17c9c571da1761d8451991	f80ff3f62daaa6e22a6753a3f30a127baab424d0320949bc9957a6ff62ea5ebe	otf_sparse_formula	2026-09-19T08:12:13.786729Z		0.230000	24064000		8G	0			true		acacia-syntcomp26-coverage-129466-3efb1eb0bb34.scope
S-cap120-epoch2	load_balancer_unreal1_pb_2_3_pe_.ltl	load_balancer_unreal1_pb_2_3_pe_.tlsf	120	UNREALIZABLE	0.022737089995644055	1	false		status	13	30	32	50384cf69a733199fa17c9c571da1761d8451991	f80ff3f62daaa6e22a6753a3f30a127baab424d0320949bc9957a6ff62ea5ebe	otf_sparse_formula	2026-09-19T08:12:13.834765Z		0.030000	19058688		8G	0			true		acacia-syntcomp26-coverage-129466-535877348dff.scope
S-cap120-epoch2	load_balancer_unreal1_pb_4_7_pe_.ltl	load_balancer_unreal1_pb_4_7_pe_.tlsf	120	UNREALIZABLE	8.242296366996015	1	false		status	13	32	33	50384cf69a733199fa17c9c571da1761d8451991	f80ff3f62daaa6e22a6753a3f30a127baab424d0320949bc9957a6ff62ea5ebe	otf_sparse_formula	2026-09-19T08:12:22.090424Z		24.680000	816537600		8G	0			true		acacia-syntcomp26-coverage-129466-782531e2173d.scope
S-cap120-epoch2	ltl2dba_C2_pb_3_pe_.ltl	ltl2dba_C2_pb_3_pe_.tlsf	120	REALIZABLE	0.018278866991749965	0	false		status	11	30	34	50384cf69a733199fa17c9c571da1761d8451991	f80ff3f62daaa6e22a6753a3f30a127baab424d0320949bc9957a6ff62ea5ebe	otf_sparse_formula	2026-09-19T08:12:22.130386Z		0.010000	15306752		8G	0			true		acacia-syntcomp26-coverage-129466-c96528c777ef.scope
S-cap120-epoch2	ltl2dba_C2_unreal_pb_9_pe_.ltl	ltl2dba_C2_unreal_pb_9_pe_.tlsf	120	UNREALIZABLE	0.07260804199904669	1	false		status	13	30	35	50384cf69a733199fa17c9c571da1761d8451991	f80ff3f62daaa6e22a6753a3f30a127baab424d0320949bc9957a6ff62ea5ebe	otf_sparse_formula	2026-09-19T08:12:22.217127Z		0.210000	26193920		8G	0			true		acacia-syntcomp26-coverage-129466-257b1a71d31e.scope
S-cap120-epoch2	ltl2dba_Q_pb_5_pe_.ltl	ltl2dba_Q_pb_5_pe_.tlsf	120	REALIZABLE	0.0197359379963018	0	false		status	11	30	36	50384cf69a733199fa17c9c571da1761d8451991	f80ff3f62daaa6e22a6753a3f30a127baab424d0320949bc9957a6ff62ea5ebe	otf_sparse_formula	2026-09-19T08:12:22.260631Z		0.020000	15339520		8G	0			true		acacia-syntcomp26-coverage-129466-9e7ba341651b.scope
S-cap120-epoch2	ltl2dba_U1_pb_50_pe_.ltl	ltl2dba_U1_pb_50_pe_.tlsf	120	REALIZABLE	0.02852627199899871	0	false		none	11	30	37	50384cf69a733199fa17c9c571da1761d8451991	f80ff3f62daaa6e22a6753a3f30a127baab424d0320949bc9957a6ff62ea5ebe	otf_sparse_formula	2026-09-19T08:12:22.310197Z		0.030000	15278080		8G	0			true		acacia-syntcomp26-coverage-129466-97281a3c51e2.scope
S-cap120-epoch2	ltl2dba_alpha_pb_1_pe_.ltl	ltl2dba_alpha_pb_1_pe_.tlsf	120	REALIZABLE	0.0316645709972363	0	false		status	11	30	38	50384cf69a733199fa17c9c571da1761d8451991	f80ff3f62daaa6e22a6753a3f30a127baab424d0320949bc9957a6ff62ea5ebe	otf_sparse_formula	2026-09-19T08:12:22.364974Z		0.020000	15437824		8G	0			true		acacia-syntcomp26-coverage-129466-73664cf13a6b.scope
S-cap120-epoch2	ltl2dba_alpha_pb_3_pe_.ltl	ltl2dba_alpha_pb_3_pe_.tlsf	120	REALIZABLE	0.03241177600284573	0	false		status	11	30	39	50384cf69a733199fa17c9c571da1761d8451991	f80ff3f62daaa6e22a6753a3f30a127baab424d0320949bc9957a6ff62ea5ebe	otf_sparse_formula	2026-09-19T08:12:22.425804Z		0.030000	15400960		8G	0			true		acacia-syntcomp26-coverage-129466-b5850acfaea6.scope
S-cap120-epoch2	ltl2dba_beta_pb_8_pe_.ltl	ltl2dba_beta_pb_8_pe_.tlsf	120	REALIZABLE	0.03017930599162355	0	false		status	11	30	40	50384cf69a733199fa17c9c571da1761d8451991	f80ff3f62daaa6e22a6753a3f30a127baab424d0320949bc9957a6ff62ea5ebe	otf_sparse_formula	2026-09-19T08:12:22.495792Z		0.030000	15314944		8G	0			true		acacia-syntcomp26-coverage-129466-1fd41ae12bf2.scope
S-cap120-epoch2	ltl2dba_theta_pb_100_pe_.ltl	ltl2dba_theta_pb_100_pe_.tlsf	120	TIMEOUT	120.14350225300586	124	true	timeout	status	0	8	41	50384cf69a733199fa17c9c571da1761d8451991	f80ff3f62daaa6e22a6753a3f30a127baab424d0320949bc9957a6ff62ea5ebe	otf_sparse_formula	2026-09-19T08:14:22.679654Z					8G	0			true		acacia-syntcomp26-coverage-129466-0ea80a38476d.scope
S-cap120-epoch2	ltl2dba_theta_pb_10_pe_.ltl	ltl2dba_theta_pb_10_pe_.tlsf	120	UNREALIZABLE	0.43839451399981044	1	false		status	13	30	42	50384cf69a733199fa17c9c571da1761d8451991	f80ff3f62daaa6e22a6753a3f30a127baab424d0320949bc9957a6ff62ea5ebe	otf_sparse_formula	2026-09-19T08:14:23.132679Z		1.660000	42401792		8G	0			true		acacia-syntcomp26-coverage-129466-81b010add287.scope
S-cap120-epoch2	ltl2dba_theta_pb_3_pe_.ltl	ltl2dba_theta_pb_3_pe_.tlsf	120	UNREALIZABLE	0.025657589008915238	1	false		status	13	30	43	50384cf69a733199fa17c9c571da1761d8451991	f80ff3f62daaa6e22a6753a3f30a127baab424d0320949bc9957a6ff62ea5ebe	otf_sparse_formula	2026-09-19T08:14:23.172198Z		0.020000	19501056		8G	0			true		acacia-syntcomp26-coverage-129466-b58cfd1d6993.scope
S-cap120-epoch2	mux_pb_16_pe_.ltl	mux_pb_16_pe_.tlsf	120	REALIZABLE	0.03013860000646673	0	false		status	11	30	44	50384cf69a733199fa17c9c571da1761d8451991	f80ff3f62daaa6e22a6753a3f30a127baab424d0320949bc9957a6ff62ea5ebe	otf_sparse_formula	2026-09-19T08:14:23.221655Z		0.030000	16035840		8G	0			true		acacia-syntcomp26-coverage-129466-18940f6b5b99.scope
S-cap120-epoch2	narylatch_pb_32_pe_.ltl	narylatch_pb_32_pe_.tlsf	120	REALIZABLE	0.045258911995915696	0	false		none	11	30	45	50384cf69a733199fa17c9c571da1761d8451991	f80ff3f62daaa6e22a6753a3f30a127baab424d0320949bc9957a6ff62ea5ebe	otf_sparse_formula	2026-09-19T08:14:23.279421Z		0.090000	19804160		8G	0			true		acacia-syntcomp26-coverage-129466-b1aa34caaddb.scope
S-cap120-epoch2	patrolling-alarm15.ltl	patrolling-alarm15.tlsf	120	UNREALIZABLE	0.33786225199582987	1	false		none	13	30	46	50384cf69a733199fa17c9c571da1761d8451991	f80ff3f62daaa6e22a6753a3f30a127baab424d0320949bc9957a6ff62ea5ebe	otf_sparse_formula	2026-09-19T08:14:23.630547Z		1.230000	53809152		8G	0			true		acacia-syntcomp26-coverage-129466-9494c6eabffa.scope
S-cap120-epoch2	patrolling-alarm21.ltl	patrolling-alarm21.tlsf	120	UNREALIZABLE	0.584430210001301	1	false		none	13	31	47	50384cf69a733199fa17c9c571da1761d8451991	f80ff3f62daaa6e22a6753a3f30a127baab424d0320949bc9957a6ff62ea5ebe	otf_sparse_formula	2026-09-19T08:14:24.228777Z		2.240000	111157248		8G	0			true		acacia-syntcomp26-coverage-129466-f3afba9d668e.scope
S-cap120-epoch2	prioritized_arbiter_pb_1_pe_.ltl	prioritized_arbiter_pb_1_pe_.tlsf	120	REALIZABLE	0.020408903001225553	0	false		status	11	30	48	50384cf69a733199fa17c9c571da1761d8451991	f80ff3f62daaa6e22a6753a3f30a127baab424d0320949bc9957a6ff62ea5ebe	otf_sparse_formula	2026-09-19T08:14:24.262802Z		0.010000	17788928	43225088	8G	0			true		acacia-syntcomp26-coverage-129466-957705be2f50.scope
S-cap120-epoch2	prioritized_arbiter_pb_7_pe_.ltl	prioritized_arbiter_pb_7_pe_.tlsf	120	TIMEOUT	120.07669752600486	124	true	timeout	status	0	8	49	50384cf69a733199fa17c9c571da1761d8451991	f80ff3f62daaa6e22a6753a3f30a127baab424d0320949bc9957a6ff62ea5ebe	otf_sparse_formula	2026-09-19T08:16:24.350801Z					8G	0			true		acacia-syntcomp26-coverage-129466-7d0e3c284a14.scope
S-cap120-epoch2	prioritized_arbiter_unreal1_pb_3_11_pe_.ltl	prioritized_arbiter_unreal1_pb_3_11_pe_.tlsf	120	UNREALIZABLE	0.02918168499309104	1	false		status	13	30	50	50384cf69a733199fa17c9c571da1761d8451991	f80ff3f62daaa6e22a6753a3f30a127baab424d0320949bc9957a6ff62ea5ebe	otf_sparse_formula	2026-09-19T08:16:24.405180Z		0.030000	18657280		8G	0			true		acacia-syntcomp26-coverage-129466-36bf42f9d4cd.scope
S-cap120-epoch2	prioritized_arbiter_unreal1_pb_3_9_pe_.ltl	prioritized_arbiter_unreal1_pb_3_9_pe_.tlsf	120	UNREALIZABLE	0.02987166900129523	1	false		status	13	30	51	50384cf69a733199fa17c9c571da1761d8451991	f80ff3f62daaa6e22a6753a3f30a127baab424d0320949bc9957a6ff62ea5ebe	otf_sparse_formula	2026-09-19T08:16:24.459866Z		0.030000	18739200		8G	0			true		acacia-syntcomp26-coverage-129466-fb9bf3dc9e3a.scope
S-cap120-epoch2	prioritized_arbiter_unreal1_pb_4_13_pe_.ltl	prioritized_arbiter_unreal1_pb_4_13_pe_.tlsf	120	UNREALIZABLE	0.03108309999515768	1	false		status	13	30	52	50384cf69a733199fa17c9c571da1761d8451991	f80ff3f62daaa6e22a6753a3f30a127baab424d0320949bc9957a6ff62ea5ebe	otf_sparse_formula	2026-09-19T08:16:24.514600Z		0.040000	18743296		8G	0			true		acacia-syntcomp26-coverage-129466-753099479390.scope
S-cap120-epoch2	prioritized_arbiter_unreal1_pb_4_3_pe_.ltl	prioritized_arbiter_unreal1_pb_4_3_pe_.tlsf	120	UNREALIZABLE	0.038415923991124146	1	false		status	13	30	53	50384cf69a733199fa17c9c571da1761d8451991	f80ff3f62daaa6e22a6753a3f30a127baab424d0320949bc9957a6ff62ea5ebe	otf_sparse_formula	2026-09-19T08:16:24.590833Z		0.050000	18497536		8G	0			true		acacia-syntcomp26-coverage-129466-b2c287b732f5.scope
S-cap120-epoch2	prioritized_arbiter_unreal1_pb_4_8_pe_.ltl	prioritized_arbiter_unreal1_pb_4_8_pe_.tlsf	120	UNREALIZABLE	0.03661767100857105	1	false		status	13	30	54	50384cf69a733199fa17c9c571da1761d8451991	f80ff3f62daaa6e22a6753a3f30a127baab424d0320949bc9957a6ff62ea5ebe	otf_sparse_formula	2026-09-19T08:16:24.654225Z		0.050000	18575360		8G	0			true		acacia-syntcomp26-coverage-129466-9989290c0ccc.scope
S-cap120-epoch2	reversible-lane-u1.ltl	reversible-lane-u1.tlsf	120	UNREALIZABLE	0.09455661200627219	1	false		none	13	30	55	50384cf69a733199fa17c9c571da1761d8451991	f80ff3f62daaa6e22a6753a3f30a127baab424d0320949bc9957a6ff62ea5ebe	otf_sparse_formula	2026-09-19T08:16:24.762080Z		0.260000	23674880		8G	0			true		acacia-syntcomp26-coverage-129466-ab0ced99d9e4.scope
S-cap120-epoch2	robot-resource-2d2.ltl	robot-resource-2d2.tlsf	120	UNREALIZABLE	0.11964715900830925	1	false		none	13	30	56	50384cf69a733199fa17c9c571da1761d8451991	f80ff3f62daaa6e22a6753a3f30a127baab424d0320949bc9957a6ff62ea5ebe	otf_sparse_formula	2026-09-19T08:16:24.896579Z		0.370000	23916544		8G	0			true		acacia-syntcomp26-coverage-129466-5aa8190e4a9e.scope
S-cap120-epoch2	robot-tasks-real.ltl	robot-tasks-real.tlsf	120	REALIZABLE	0.05130357098823879	0	false		none	11	30	57	50384cf69a733199fa17c9c571da1761d8451991	f80ff3f62daaa6e22a6753a3f30a127baab424d0320949bc9957a6ff62ea5ebe	otf_sparse_formula	2026-09-19T08:16:24.961798Z		0.140000	20377600		8G	0			true		acacia-syntcomp26-coverage-129466-3127990e14e1.scope
S-cap120-epoch2	robot-to-target-charging-unreal4.ltl	robot-to-target-charging-unreal4.tlsf	120	TIMEOUT	120.12295329700282	124	true	timeout	none	0	8	58	50384cf69a733199fa17c9c571da1761d8451991	f80ff3f62daaa6e22a6753a3f30a127baab424d0320949bc9957a6ff62ea5ebe	otf_sparse_formula	2026-09-19T08:18:25.120987Z					8G	0			true		acacia-syntcomp26-coverage-129466-97a660366369.scope
S-cap120-epoch2	robot-to-target-charging-unreal5.ltl	robot-to-target-charging-unreal5.tlsf	120	TIMEOUT	120.17076432000613	124	true	timeout	none	0	8	59	50384cf69a733199fa17c9c571da1761d8451991	f80ff3f62daaa6e22a6753a3f30a127baab424d0320949bc9957a6ff62ea5ebe	otf_sparse_formula	2026-09-19T08:20:25.313932Z					8G	0			true		acacia-syntcomp26-coverage-129466-266429e85fbc.scope
S-cap120-epoch2	robot-to-target-charging20.ltl	robot-to-target-charging20.tlsf	120	TIMEOUT	120.28601874099695	124	true	timeout	none	0	8	60	50384cf69a733199fa17c9c571da1761d8451991	f80ff3f62daaa6e22a6753a3f30a127baab424d0320949bc9957a6ff62ea5ebe	otf_sparse_formula	2026-09-19T08:22:25.633135Z					8G	0			true		acacia-syntcomp26-coverage-129466-130a0b613492.scope
S-cap120-epoch2	robot_deliver_products_1-real.ltl	robot_deliver_products_1-real.tlsf	120	TIMEOUT	120.21819379199587	124	true	timeout	none	0	8	61	50384cf69a733199fa17c9c571da1761d8451991	f80ff3f62daaa6e22a6753a3f30a127baab424d0320949bc9957a6ff62ea5ebe	otf_sparse_formula	2026-09-19T08:24:25.872646Z					8G	0			true		acacia-syntcomp26-coverage-129466-0ffba43a17d2.scope
S-cap120-epoch2	round_robin_arbiter_unreal1_pb_3_2_pe_.ltl	round_robin_arbiter_unreal1_pb_3_2_pe_.tlsf	120	UNREALIZABLE	0.04376047199184541	1	false		status	13	30	62	50384cf69a733199fa17c9c571da1761d8451991	f80ff3f62daaa6e22a6753a3f30a127baab424d0320949bc9957a6ff62ea5ebe	otf_sparse_formula	2026-09-19T08:24:25.930367Z		0.070000	19423232		8G	0			true		acacia-syntcomp26-coverage-129466-e65bac9ec917.scope
S-cap120-epoch2	round_robin_arbiter_unreal1_pb_3_5_pe_.ltl	round_robin_arbiter_unreal1_pb_3_5_pe_.tlsf	120	UNREALIZABLE	0.17773419999866746	1	false		status	13	30	63	50384cf69a733199fa17c9c571da1761d8451991	f80ff3f62daaa6e22a6753a3f30a127baab424d0320949bc9957a6ff62ea5ebe	otf_sparse_formula	2026-09-19T08:24:26.121558Z		0.610000	38924288		8G	0			true		acacia-syntcomp26-coverage-129466-8a821f28ca67.scope
S-cap120-epoch2	rw_arbiter_pb_3_pe_.ltl	rw_arbiter_pb_3_pe_.tlsf	120	REALIZABLE	0.7298662659886759	0	false		none	11	30	64	50384cf69a733199fa17c9c571da1761d8451991	f80ff3f62daaa6e22a6753a3f30a127baab424d0320949bc9957a6ff62ea5ebe	otf_sparse_formula	2026-09-19T08:24:26.865519Z		2.830000	62132224		8G	0			true		acacia-syntcomp26-coverage-129466-87d498df30f2.scope
S-cap120-epoch2	simple_arbiter_unreal1_pb_16_1_pe_.ltl	simple_arbiter_unreal1_pb_16_1_pe_.tlsf	120	UNREALIZABLE	0.019554383994545788	1	false		status	13	30	65	50384cf69a733199fa17c9c571da1761d8451991	f80ff3f62daaa6e22a6753a3f30a127baab424d0320949bc9957a6ff62ea5ebe	otf_sparse_formula	2026-09-19T08:24:26.908784Z		0.020000	15355904		8G	0			true		acacia-syntcomp26-coverage-129466-6de19a9d909d.scope
S-cap120-epoch2	simple_arbiter_unreal1_pb_3_1_pe_.ltl	simple_arbiter_unreal1_pb_3_1_pe_.tlsf	120	UNREALIZABLE	0.032914158000494353	1	false		status	13	30	66	50384cf69a733199fa17c9c571da1761d8451991	f80ff3f62daaa6e22a6753a3f30a127baab424d0320949bc9957a6ff62ea5ebe	otf_sparse_formula	2026-09-19T08:24:26.970402Z		0.020000	15216640		8G	0			true		acacia-syntcomp26-coverage-129466-e263066c36d1.scope
S-cap120-epoch2	simple_arbiter_unreal1_pb_4_1_pe_.ltl	simple_arbiter_unreal1_pb_4_1_pe_.tlsf	120	UNREALIZABLE	0.0307626019930467	1	false		status	13	30	67	50384cf69a733199fa17c9c571da1761d8451991	f80ff3f62daaa6e22a6753a3f30a127baab424d0320949bc9957a6ff62ea5ebe	otf_sparse_formula	2026-09-19T08:24:27.025544Z		0.020000	15237120		8G	0			true		acacia-syntcomp26-coverage-129466-771bd8454b04.scope
S-cap120-epoch2	tmp_13cfc6f2.ltl	tmp_13cfc6f2.tlsf	120	REALIZABLE	0.7867250419949414	0	false		status	11	30	68	50384cf69a733199fa17c9c571da1761d8451991	f80ff3f62daaa6e22a6753a3f30a127baab424d0320949bc9957a6ff62ea5ebe	otf_sparse_formula	2026-09-19T08:24:27.831670Z		3.030000	61071360		8G	0			true		acacia-syntcomp26-coverage-129466-a404c2420064.scope
S-cap120-epoch2	unordered-visits-real.ltl	unordered-visits-real.tlsf	120	REALIZABLE	8.2124918680056	0	false		none	11	32	69	50384cf69a733199fa17c9c571da1761d8451991	f80ff3f62daaa6e22a6753a3f30a127baab424d0320949bc9957a6ff62ea5ebe	otf_sparse_formula	2026-09-19T08:24:36.057946Z		32.580000	208519168		8G	0			true		acacia-syntcomp26-coverage-129466-11d73cc0b088.scope
S-cap120-epoch2	03.ltl	03.tlsf	120	REALIZABLE	3.228723035004805	0	false		none	11	32	0	50384cf69a733199fa17c9c571da1761d8451991	f80ff3f62daaa6e22a6753a3f30a127baab424d0320949bc9957a6ff62ea5ebe	otf_sparse_formula	2026-09-19T08:24:39.398925Z		12.770000	161226752		8G	0			true		acacia-syntcomp26-coverage-130926-b0e1a20e981f.scope
S-cap120-epoch2	DeviceBehaviorChec_fa8592c8.ltl	DeviceBehaviorChec_fa8592c8.tlsf	120	UNREALIZABLE	0.022389808000298217	1	false		status	13	30	1	50384cf69a733199fa17c9c571da1761d8451991	f80ff3f62daaa6e22a6753a3f30a127baab424d0320949bc9957a6ff62ea5ebe	otf_sparse_formula	2026-09-19T08:24:39.442803Z		0.020000	19832832		8G	0			true		acacia-syntcomp26-coverage-130926-5672286b0767.scope
S-cap120-epoch2	Example1_d6376bf9.ltl	Example1_d6376bf9.tlsf	120	REALIZABLE	0.021650629001669586	0	false		status	11	30	2	50384cf69a733199fa17c9c571da1761d8451991	f80ff3f62daaa6e22a6753a3f30a127baab424d0320949bc9957a6ff62ea5ebe	otf_sparse_formula	2026-09-19T08:24:39.477073Z		0.010000	19963904	49762304	8G	0			true		acacia-syntcomp26-coverage-130926-2c4a6debe797.scope
S-cap120-epoch2	GamemodeChooser.ltl	GamemodeChooser.tlsf	120	REALIZABLE	0.018277209004736505	0	false		status	11	30	3	50384cf69a733199fa17c9c571da1761d8451991	f80ff3f62daaa6e22a6753a3f30a127baab424d0320949bc9957a6ff62ea5ebe	otf_sparse_formula	2026-09-19T08:24:39.508754Z		0.010000	20127744		8G	0			true		acacia-syntcomp26-coverage-130926-06947c00964f.scope
S-cap120-epoch2	KitchenTimerV6.ltl	KitchenTimerV6.tlsf	120	REALIZABLE	0.0755732010002248	0	false		status	11	30	4	50384cf69a733199fa17c9c571da1761d8451991	f80ff3f62daaa6e22a6753a3f30a127baab424d0320949bc9957a6ff62ea5ebe	otf_sparse_formula	2026-09-19T08:24:39.597823Z		0.240000	24375296		8G	0			true		acacia-syntcomp26-coverage-130926-ab783ba594a0.scope
S-cap120-epoch2	Morning2s_06cf2373.ltl	Morning2s_06cf2373.tlsf	120	TIMEOUT	120.24353366700234	124	true	timeout	none	0	8	5	50384cf69a733199fa17c9c571da1761d8451991	f80ff3f62daaa6e22a6753a3f30a127baab424d0320949bc9957a6ff62ea5ebe	otf_sparse_formula	2026-09-19T08:26:39.870195Z					8G	0			true		acacia-syntcomp26-coverage-130926-18f409604cc1.scope
S-cap120-epoch2	Morning_c92eb242.ltl	Morning_c92eb242.tlsf	120	UNREALIZABLE	3.6238307820021873	1	false		status	13	32	6	50384cf69a733199fa17c9c571da1761d8451991	f80ff3f62daaa6e22a6753a3f30a127baab424d0320949bc9957a6ff62ea5ebe	otf_sparse_formula	2026-09-19T08:26:43.507592Z		14.320000	204746752		8G	0			true		acacia-syntcomp26-coverage-130926-6aafbac4ed76.scope
S-cap120-epoch2	MusicAppMotivating.ltl	MusicAppMotivating.tlsf	120	REALIZABLE	0.0225300880119903	0	false		status	11	30	7	50384cf69a733199fa17c9c571da1761d8451991	f80ff3f62daaa6e22a6753a3f30a127baab424d0320949bc9957a6ff62ea5ebe	otf_sparse_formula	2026-09-19T08:26:43.544228Z		0.030000	20496384		8G	0			true		acacia-syntcomp26-coverage-130926-04a6926084a3.scope
S-cap120-epoch2	Radarboard.ltl	Radarboard.tlsf	120	REALIZABLE	0.036538057000143453	0	false		status	11	30	8	50384cf69a733199fa17c9c571da1761d8451991	f80ff3f62daaa6e22a6753a3f30a127baab424d0320949bc9957a6ff62ea5ebe	otf_sparse_formula	2026-09-19T08:26:43.618007Z		0.030000	16027648		8G	0			true		acacia-syntcomp26-coverage-130926-587da6b592a9.scope
S-cap120-epoch2	TwoCountersInRange.ltl	TwoCountersInRange.tlsf	120	UNREALIZABLE	0.040203291006037034	1	false		status	13	30	9	50384cf69a733199fa17c9c571da1761d8451991	f80ff3f62daaa6e22a6753a3f30a127baab424d0320949bc9957a6ff62ea5ebe	otf_sparse_formula	2026-09-19T08:26:43.693447Z		0.050000	20312064		8G	0			true		acacia-syntcomp26-coverage-130926-6508632a7367.scope
S-cap120-epoch2	TwoCountersInRangeA2.ltl	TwoCountersInRangeA2.tlsf	120	UNREALIZABLE	0.04490057499788236	1	false		status	13	30	10	50384cf69a733199fa17c9c571da1761d8451991	f80ff3f62daaa6e22a6753a3f30a127baab424d0320949bc9957a6ff62ea5ebe	otf_sparse_formula	2026-09-19T08:26:43.761564Z		0.060000	20717568		8G	0			true		acacia-syntcomp26-coverage-130926-c1f70fd52bd2.scope
S-cap120-epoch2	TwoCountersInRangeA4.ltl	TwoCountersInRangeA4.tlsf	120	UNREALIZABLE	0.05209984100656584	1	false		status	13	30	11	50384cf69a733199fa17c9c571da1761d8451991	f80ff3f62daaa6e22a6753a3f30a127baab424d0320949bc9957a6ff62ea5ebe	otf_sparse_formula	2026-09-19T08:26:43.827091Z		0.070000	20779008		8G	0			true		acacia-syntcomp26-coverage-130926-ff83b30b40a3.scope
S-cap120-epoch2	TwoCountersInRangeA5.ltl	TwoCountersInRangeA5.tlsf	120	UNREALIZABLE	0.04658108399598859	1	false		status	13	30	12	50384cf69a733199fa17c9c571da1761d8451991	f80ff3f62daaa6e22a6753a3f30a127baab424d0320949bc9957a6ff62ea5ebe	otf_sparse_formula	2026-09-19T08:26:43.888768Z		0.080000	20811776		8G	0			true		acacia-syntcomp26-coverage-130926-5b7ae54fea6e.scope
S-cap120-epoch2	amba_decomposed_arbiter_pb_10_pe_.ltl	amba_decomposed_arbiter_pb_10_pe_.tlsf	120	TIMEOUT	120.13901240201085	124	true	timeout	none	0	8	13	50384cf69a733199fa17c9c571da1761d8451991	f80ff3f62daaa6e22a6753a3f30a127baab424d0320949bc9957a6ff62ea5ebe	otf_sparse_formula	2026-09-19T08:28:44.049166Z					8G	0			true		acacia-syntcomp26-coverage-130926-ee2c3cfb9fee.scope
S-cap120-epoch2	amba_decomposed_encode_pb_25_pe_.ltl	amba_decomposed_encode_pb_25_pe_.tlsf	120	TIMEOUT	120.22770372999366	124	true	timeout	none	0	8	14	50384cf69a733199fa17c9c571da1761d8451991	f80ff3f62daaa6e22a6753a3f30a127baab424d0320949bc9957a6ff62ea5ebe	otf_sparse_formula	2026-09-19T08:30:44.305672Z					8G	0			true		acacia-syntcomp26-coverage-130926-bf423a193651.scope
S-cap120-epoch2	amba_decomposed_lock_pb_8_pe_.ltl	amba_decomposed_lock_pb_8_pe_.tlsf	120	REALIZABLE	0.05229465400043409	0	false		status	11	30	15	50384cf69a733199fa17c9c571da1761d8451991	f80ff3f62daaa6e22a6753a3f30a127baab424d0320949bc9957a6ff62ea5ebe	otf_sparse_formula	2026-09-19T08:30:44.373079Z		0.120000	21082112		8G	0			true		acacia-syntcomp26-coverage-130926-5944c8a62cda.scope
S-cap120-epoch2	chomp_pb_2_4_pe_.ltl	chomp_pb_2_4_pe_.tlsf	120	MEMOUT	74.8100929309876	-15	false	memory	status	0	8	16	50384cf69a733199fa17c9c571da1761d8451991	f80ff3f62daaa6e22a6753a3f30a127baab424d0320949bc9957a6ff62ea5ebe	otf_sparse_formula	2026-09-19T08:31:59.201149Z				8589934592	8G	0			true		acacia-syntcomp26-coverage-130926-c6c89269c7d1.scope
S-cap120-epoch2	collector_v1_pb_3_pe_.ltl	collector_v1_pb_3_pe_.tlsf	120	REALIZABLE	0.018519705001381226	0	false		status	11	30	17	50384cf69a733199fa17c9c571da1761d8451991	f80ff3f62daaa6e22a6753a3f30a127baab424d0320949bc9957a6ff62ea5ebe	otf_sparse_formula	2026-09-19T08:31:59.233120Z		0.010000	17858560	44240896	8G	0			true		acacia-syntcomp26-coverage-130926-e6d6f759adbb.scope
S-cap120-epoch2	collector_v1_pb_9_pe_.ltl	collector_v1_pb_9_pe_.tlsf	120	REALIZABLE	2.721634658999392	0	false		status	11	32	18	50384cf69a733199fa17c9c571da1761d8451991	f80ff3f62daaa6e22a6753a3f30a127baab424d0320949bc9957a6ff62ea5ebe	otf_sparse_formula	2026-09-19T08:32:01.972764Z		10.690000	527994880		8G	0			true		acacia-syntcomp26-coverage-130926-2ae4744941ae.scope
S-cap120-epoch2	finding_nemo_pb_1_pe_.ltl	finding_nemo_pb_1_pe_.tlsf	120	REALIZABLE	0.12451489998784382	0	false		none	11	30	19	50384cf69a733199fa17c9c571da1761d8451991	f80ff3f62daaa6e22a6753a3f30a127baab424d0320949bc9957a6ff62ea5ebe	otf_sparse_formula	2026-09-19T08:32:02.111450Z		0.430000	22515712		8G	0			true		acacia-syntcomp26-coverage-130926-fd37f90f46ec.scope
S-cap120-epoch2	follow1.ltl	follow1.tlsf	120	TIMEOUT	120.1706693120068	124	true	timeout	none	0	8	20	50384cf69a733199fa17c9c571da1761d8451991	f80ff3f62daaa6e22a6753a3f30a127baab424d0320949bc9957a6ff62ea5ebe	otf_sparse_formula	2026-09-19T08:34:02.302450Z					8G	0			true		acacia-syntcomp26-coverage-130926-1730257d08a8.scope
S-cap120-epoch2	full_arbiter_unreal1_pb_2_3_pe_.ltl	full_arbiter_unreal1_pb_2_3_pe_.tlsf	120	UNREALIZABLE	0.028441743008443154	1	false		status	13	30	21	50384cf69a733199fa17c9c571da1761d8451991	f80ff3f62daaa6e22a6753a3f30a127baab424d0320949bc9957a6ff62ea5ebe	otf_sparse_formula	2026-09-19T08:34:02.356515Z		0.020000	15511552		8G	0			true		acacia-syntcomp26-coverage-130926-f80386f4306e.scope
S-cap120-epoch2	full_arbiter_unreal1_pb_3_1_pe_.ltl	full_arbiter_unreal1_pb_3_1_pe_.tlsf	120	UNREALIZABLE	0.03825989800679963	1	false		status	13	30	22	50384cf69a733199fa17c9c571da1761d8451991	f80ff3f62daaa6e22a6753a3f30a127baab424d0320949bc9957a6ff62ea5ebe	otf_sparse_formula	2026-09-19T08:34:02.432435Z		0.040000	15429632		8G	0			true		acacia-syntcomp26-coverage-130926-de9788ba5f2b.scope
S-cap120-epoch2	g-unreal-110.ltl	g-unreal-110.tlsf	120	UNREALIZABLE	2.3770346409874037	1	false		none	13	31	23	50384cf69a733199fa17c9c571da1761d8451991	f80ff3f62daaa6e22a6753a3f30a127baab424d0320949bc9957a6ff62ea5ebe	otf_sparse_formula	2026-09-19T08:34:04.822465Z		5.620000	215891968		8G	0			true		acacia-syntcomp26-coverage-130926-a750f50bab97.scope
S-cap120-epoch2	g-unreal-118.ltl	g-unreal-118.tlsf	120	UNREALIZABLE	64.59548254399851	1	false		none	13	34	24	50384cf69a733199fa17c9c571da1761d8451991	f80ff3f62daaa6e22a6753a3f30a127baab424d0320949bc9957a6ff62ea5ebe	otf_sparse_formula	2026-09-19T08:35:09.432687Z		131.650000	2460217344		8G	0			true		acacia-syntcomp26-coverage-130926-fe4d9adda011.scope
S-cap120-epoch2	g-unreal-13.ltl	g-unreal-13.tlsf	120	UNREALIZABLE	0.046303340001031756	1	false		none	13	30	25	50384cf69a733199fa17c9c571da1761d8451991	f80ff3f62daaa6e22a6753a3f30a127baab424d0320949bc9957a6ff62ea5ebe	otf_sparse_formula	2026-09-19T08:35:09.493679Z		0.100000	21815296		8G	0			true		acacia-syntcomp26-coverage-130926-bc4516681332.scope
S-cap120-epoch2	infinite-race-u17.ltl	infinite-race-u17.tlsf	120	MEMOUT	50.608946838998236	-15	false	memory	none	0	8	26	50384cf69a733199fa17c9c571da1761d8451991	f80ff3f62daaa6e22a6753a3f30a127baab424d0320949bc9957a6ff62ea5ebe	otf_sparse_formula	2026-09-19T08:36:00.120900Z				8589934592	8G	0			true		acacia-syntcomp26-coverage-130926-6785cf29ce33.scope
S-cap120-epoch2	infinite-race-u2.ltl	infinite-race-u2.tlsf	120	UNREALIZABLE	0.09021485599805601	1	false		none	13	30	27	50384cf69a733199fa17c9c571da1761d8451991	f80ff3f62daaa6e22a6753a3f30a127baab424d0320949bc9957a6ff62ea5ebe	otf_sparse_formula	2026-09-19T08:36:00.229799Z		0.260000	23519232		8G	0			true		acacia-syntcomp26-coverage-130926-2df23179bac7.scope
S-cap120-epoch2	lift_pb_10_pe_.ltl	lift_pb_10_pe_.tlsf	120	TIMEOUT	120.16755111300154	124	true	timeout	none	0	8	28	50384cf69a733199fa17c9c571da1761d8451991	f80ff3f62daaa6e22a6753a3f30a127baab424d0320949bc9957a6ff62ea5ebe	otf_sparse_formula	2026-09-19T08:38:00.410931Z					8G	0			true		acacia-syntcomp26-coverage-130926-c55250b2aed9.scope
S-cap120-epoch2	lift_unary_enc_pb_5_pe_.ltl	lift_unary_enc_pb_5_pe_.tlsf	120	MEMOUT	80.49169413700292	-15	false	memory	none	0	8	29	50384cf69a733199fa17c9c571da1761d8451991	f80ff3f62daaa6e22a6753a3f30a127baab424d0320949bc9957a6ff62ea5ebe	otf_sparse_formula	2026-09-19T08:39:20.921524Z				8589934592	8G	0			true		acacia-syntcomp26-coverage-130926-5a5260c2ef59.scope
S-cap120-epoch2	lift_unary_enc_pb_6_pe_.ltl	lift_unary_enc_pb_6_pe_.tlsf	120	MEMOUT	116.09754850099853	-15	false	memory	none	0	8	30	50384cf69a733199fa17c9c571da1761d8451991	f80ff3f62daaa6e22a6753a3f30a127baab424d0320949bc9957a6ff62ea5ebe	otf_sparse_formula	2026-09-19T08:41:17.038169Z				8589934592	8G	0			true		acacia-syntcomp26-coverage-130926-86464ea8dca7.scope
S-cap120-epoch2	lift_wrong_physics_unreal_pb_7_pe_.ltl	lift_wrong_physics_unreal_pb_7_pe_.tlsf	120	UNREALIZABLE	0.07921420199272688	1	false		none	13	30	31	50384cf69a733199fa17c9c571da1761d8451991	f80ff3f62daaa6e22a6753a3f30a127baab424d0320949bc9957a6ff62ea5ebe	otf_sparse_formula	2026-09-19T08:41:17.131120Z		0.220000	22921216		8G	0			true		acacia-syntcomp26-coverage-130926-9a92a3d12a94.scope
S-cap120-epoch2	load_balancer_pb_5_pe_.ltl	load_balancer_pb_5_pe_.tlsf	120	REALIZABLE	0.1480417779966956	0	false		status	11	30	32	50384cf69a733199fa17c9c571da1761d8451991	f80ff3f62daaa6e22a6753a3f30a127baab424d0320949bc9957a6ff62ea5ebe	otf_sparse_formula	2026-09-19T08:41:17.292812Z		0.490000	25354240		8G	0			true		acacia-syntcomp26-coverage-130926-f75dd67c7208.scope
S-cap120-epoch2	ltl2dba22.ltl	ltl2dba22.tlsf	120	REALIZABLE	0.02137351399869658	0	false		status	11	30	33	50384cf69a733199fa17c9c571da1761d8451991	f80ff3f62daaa6e22a6753a3f30a127baab424d0320949bc9957a6ff62ea5ebe	otf_sparse_formula	2026-09-19T08:41:17.327283Z		0.010000	15310848	41025536	8G	0			true		acacia-syntcomp26-coverage-130926-29b23ff551fd.scope
S-cap120-epoch2	ltl2dba25.ltl	ltl2dba25.tlsf	120	REALIZABLE	0.018371572004980408	0	false		status	11	30	34	50384cf69a733199fa17c9c571da1761d8451991	f80ff3f62daaa6e22a6753a3f30a127baab424d0320949bc9957a6ff62ea5ebe	otf_sparse_formula	2026-09-19T08:41:17.358181Z		0.010000	15532032	42934272	8G	0			true		acacia-syntcomp26-coverage-130926-0046cec31c23.scope
S-cap120-epoch2	ltl2dba_C2_pb_70_pe_.ltl	ltl2dba_C2_pb_70_pe_.tlsf	120	REALIZABLE	0.017034103992045857	0	false		none	11	30	35	50384cf69a733199fa17c9c571da1761d8451991	f80ff3f62daaa6e22a6753a3f30a127baab424d0320949bc9957a6ff62ea5ebe	otf_sparse_formula	2026-09-19T08:41:17.387230Z		0.010000	16101376	41848832	8G	0			true		acacia-syntcomp26-coverage-130926-aa1e7e119244.scope
S-cap120-epoch2	ltl2dba_C2_unreal_pb_5_pe_.ltl	ltl2dba_C2_unreal_pb_5_pe_.tlsf	120	UNREALIZABLE	0.026865514999371953	1	false		status	13	30	36	50384cf69a733199fa17c9c571da1761d8451991	f80ff3f62daaa6e22a6753a3f30a127baab424d0320949bc9957a6ff62ea5ebe	otf_sparse_formula	2026-09-19T08:41:17.431580Z		0.030000	22650880		8G	0			true		acacia-syntcomp26-coverage-130926-b61ce7f05e77.scope
S-cap120-epoch2	ltl2dba_C2_unreal_pb_70_pe_.ltl	ltl2dba_C2_unreal_pb_70_pe_.tlsf	120	TIMEOUT	120.22738272599236	124	true	timeout	none	0	8	37	50384cf69a733199fa17c9c571da1761d8451991	f80ff3f62daaa6e22a6753a3f30a127baab424d0320949bc9957a6ff62ea5ebe	otf_sparse_formula	2026-09-19T08:43:17.695672Z					8G	0			true		acacia-syntcomp26-coverage-130926-6a2df28b6989.scope
S-cap120-epoch2	ltl2dba_E_pb_14_pe_.ltl	ltl2dba_E_pb_14_pe_.tlsf	120	REALIZABLE	0.03288699299446307	0	false		status	11	30	38	50384cf69a733199fa17c9c571da1761d8451991	f80ff3f62daaa6e22a6753a3f30a127baab424d0320949bc9957a6ff62ea5ebe	otf_sparse_formula	2026-09-19T08:43:17.766848Z		0.030000	15314944		8G	0			true		acacia-syntcomp26-coverage-130926-769d9312d5c4.scope
S-cap120-epoch2	ltl2dba_Q_pb_25_pe_.ltl	ltl2dba_Q_pb_25_pe_.tlsf	120	REALIZABLE	0.03132366799400188	0	false		none	11	30	39	50384cf69a733199fa17c9c571da1761d8451991	f80ff3f62daaa6e22a6753a3f30a127baab424d0320949bc9957a6ff62ea5ebe	otf_sparse_formula	2026-09-19T08:43:17.837654Z		0.030000	15314944		8G	0			true		acacia-syntcomp26-coverage-130926-d29b5e681890.scope
S-cap120-epoch2	ltl2dba_U1_pb_6_pe_.ltl	ltl2dba_U1_pb_6_pe_.tlsf	120	REALIZABLE	0.030087750012171455	0	false		status	11	30	40	50384cf69a733199fa17c9c571da1761d8451991	f80ff3f62daaa6e22a6753a3f30a127baab424d0320949bc9957a6ff62ea5ebe	otf_sparse_formula	2026-09-19T08:43:17.900418Z		0.020000	15269888		8G	0			true		acacia-syntcomp26-coverage-130926-694ba04b491e.scope
S-cap120-epoch2	ltl2dba_alpha_pb_5_pe_.ltl	ltl2dba_alpha_pb_5_pe_.tlsf	120	REALIZABLE	0.0350148400029866	0	false		status	11	30	41	50384cf69a733199fa17c9c571da1761d8451991	f80ff3f62daaa6e22a6753a3f30a127baab424d0320949bc9957a6ff62ea5ebe	otf_sparse_formula	2026-09-19T08:43:17.964580Z		0.030000	15400960		8G	0			true		acacia-syntcomp26-coverage-130926-8c4d06caba8a.scope
S-cap120-epoch2	ltl2dba_alpha_pb_6_pe_.ltl	ltl2dba_alpha_pb_6_pe_.tlsf	120	REALIZABLE	0.03481061500497162	0	false		status	11	30	42	50384cf69a733199fa17c9c571da1761d8451991	f80ff3f62daaa6e22a6753a3f30a127baab424d0320949bc9957a6ff62ea5ebe	otf_sparse_formula	2026-09-19T08:43:18.036703Z		0.030000	15343616		8G	0			true		acacia-syntcomp26-coverage-130926-66780dc3f01a.scope
S-cap120-epoch2	ltl2dba_beta_pb_25_pe_.ltl	ltl2dba_beta_pb_25_pe_.tlsf	120	REALIZABLE	0.030330599009175785	0	false		none	11	30	43	50384cf69a733199fa17c9c571da1761d8451991	f80ff3f62daaa6e22a6753a3f30a127baab424d0320949bc9957a6ff62ea5ebe	otf_sparse_formula	2026-09-19T08:43:18.090364Z		0.030000	15351808		8G	0			true		acacia-syntcomp26-coverage-130926-bf646ab162cd.scope
S-cap120-epoch2	ltl2dpa15.ltl	ltl2dpa15.tlsf	120	REALIZABLE	0.018253578004078008	0	false		status	11	30	44	50384cf69a733199fa17c9c571da1761d8451991	f80ff3f62daaa6e22a6753a3f30a127baab424d0320949bc9957a6ff62ea5ebe	otf_sparse_formula	2026-09-19T08:43:18.122646Z		0.010000	15568896	43200512	8G	0			true		acacia-syntcomp26-coverage-130926-01264c9ed6d4.scope
S-cap120-epoch2	mux_pb_64_pe_.ltl	mux_pb_64_pe_.tlsf	120	REALIZABLE	0.020627513993531466	0	false		status	11	30	45	50384cf69a733199fa17c9c571da1761d8451991	f80ff3f62daaa6e22a6753a3f30a127baab424d0320949bc9957a6ff62ea5ebe	otf_sparse_formula	2026-09-19T08:43:18.155857Z		0.020000	17539072		8G	0			true		acacia-syntcomp26-coverage-130926-e4a41e082f41.scope
S-cap120-epoch2	patrolling-alarm12.ltl	patrolling-alarm12.tlsf	120	UNREALIZABLE	0.18555557100626174	1	false		none	13	30	46	50384cf69a733199fa17c9c571da1761d8451991	f80ff3f62daaa6e22a6753a3f30a127baab424d0320949bc9957a6ff62ea5ebe	otf_sparse_formula	2026-09-19T08:43:18.355140Z		0.670000	35831808		8G	0			true		acacia-syntcomp26-coverage-130926-945944fc209d.scope
S-cap120-epoch2	patrolling1.ltl	patrolling1.tlsf	120	UNREALIZABLE	0.030904291998012923	1	false		none	13	30	47	50384cf69a733199fa17c9c571da1761d8451991	f80ff3f62daaa6e22a6753a3f30a127baab424d0320949bc9957a6ff62ea5ebe	otf_sparse_formula	2026-09-19T08:43:18.399631Z		0.050000	21061632		8G	0			true		acacia-syntcomp26-coverage-130926-adf80510765b.scope
S-cap120-epoch2	prioritized_arbiter_unreal1_pb_6_16_pe_.ltl	prioritized_arbiter_unreal1_pb_6_16_pe_.tlsf	120	UNREALIZABLE	0.033131267002318054	1	false		status	13	30	48	50384cf69a733199fa17c9c571da1761d8451991	f80ff3f62daaa6e22a6753a3f30a127baab424d0320949bc9957a6ff62ea5ebe	otf_sparse_formula	2026-09-19T08:43:18.456933Z		0.050000	19439616		8G	0			true		acacia-syntcomp26-coverage-130926-eb4f2d8a0263.scope
S-cap120-epoch2	robot-grid-reach-repeated-with-obstacles-2d-real.ltl	robot-grid-reach-repeated-with-obstacles-2d-real.tlsf	120	REALIZABLE	7.784155973000452	0	false		none	11	32	49	50384cf69a733199fa17c9c571da1761d8451991	f80ff3f62daaa6e22a6753a3f30a127baab424d0320949bc9957a6ff62ea5ebe	otf_sparse_formula	2026-09-19T08:43:26.254190Z		30.790000	772210688		8G	0			true		acacia-syntcomp26-coverage-130926-6a40c6f11d4a.scope
S-cap120-epoch2	robot-resource-2d1.ltl	robot-resource-2d1.tlsf	120	UNREALIZABLE	0.06595351800206117	1	false		none	13	30	50	50384cf69a733199fa17c9c571da1761d8451991	f80ff3f62daaa6e22a6753a3f30a127baab424d0320949bc9957a6ff62ea5ebe	otf_sparse_formula	2026-09-19T08:43:26.334438Z		0.170000	21602304		8G	0			true		acacia-syntcomp26-coverage-130926-2054f6a3d7fa.scope
S-cap120-epoch2	robot-resource-2d17.ltl	robot-resource-2d17.tlsf	120	UNREALIZABLE	7.06677370199759	1	false		none	13	31	51	50384cf69a733199fa17c9c571da1761d8451991	f80ff3f62daaa6e22a6753a3f30a127baab424d0320949bc9957a6ff62ea5ebe	otf_sparse_formula	2026-09-19T08:43:33.415751Z		28.070000	82259968		8G	0			true		acacia-syntcomp26-coverage-130926-b1dd8b81cc10.scope
S-cap120-epoch2	robot-to-target-charging8.ltl	robot-to-target-charging8.tlsf	120	UNREALIZABLE	21.93096247399808	1	false		none	13	32	52	50384cf69a733199fa17c9c571da1761d8451991	f80ff3f62daaa6e22a6753a3f30a127baab424d0320949bc9957a6ff62ea5ebe	otf_sparse_formula	2026-09-19T08:43:55.360429Z		87.220000	489308160		8G	0			true		acacia-syntcomp26-coverage-130926-41d80a8c8503.scope
S-cap120-epoch2	robot-to-target0.ltl	robot-to-target0.tlsf	120	MEMOUT	101.33987613400677	-15	false	memory	none	0	8	53	50384cf69a733199fa17c9c571da1761d8451991	f80ff3f62daaa6e22a6753a3f30a127baab424d0320949bc9957a6ff62ea5ebe	otf_sparse_formula	2026-09-19T08:45:36.720225Z				8589934592	8G	0			true		acacia-syntcomp26-coverage-130926-b66bc1a4d633.scope
S-cap120-epoch2	robot_grid_pb_6_6_pe_.ltl	robot_grid_pb_6_6_pe_.tlsf	120	MEMOUT	21.16964024299523	-15	false	memory	none	0	8	54	50384cf69a733199fa17c9c571da1761d8451991	f80ff3f62daaa6e22a6753a3f30a127baab424d0320949bc9957a6ff62ea5ebe	otf_sparse_formula	2026-09-19T08:45:57.908731Z				8589934592	8G	0			true		acacia-syntcomp26-coverage-130926-8d012c1abe3d.scope
S-cap120-epoch2	round_robin_arbiter_unreal1_pb_4_7_pe_.ltl	round_robin_arbiter_unreal1_pb_4_7_pe_.tlsf	120	MEMOUT	63.02170158700028	-15	false	memory	status	0	8	55	50384cf69a733199fa17c9c571da1761d8451991	f80ff3f62daaa6e22a6753a3f30a127baab424d0320949bc9957a6ff62ea5ebe	otf_sparse_formula	2026-09-19T08:47:00.949805Z				8589934592	8G	0			true		acacia-syntcomp26-coverage-130926-2b5b675f8265.scope
S-cap120-epoch2	simple_arbiter_unreal1_pb_3_2_pe_.ltl	simple_arbiter_unreal1_pb_3_2_pe_.tlsf	120	UNREALIZABLE	0.022458218998508528	1	false		status	13	30	56	50384cf69a733199fa17c9c571da1761d8451991	f80ff3f62daaa6e22a6753a3f30a127baab424d0320949bc9957a6ff62ea5ebe	otf_sparse_formula	2026-09-19T08:47:00.992791Z		0.020000	15237120		8G	0			true		acacia-syntcomp26-coverage-130926-189dd3a9faa2.scope
S-cap120-epoch2	simple_arbiter_unreal1_pb_4_7_pe_.ltl	simple_arbiter_unreal1_pb_4_7_pe_.tlsf	120	UNREALIZABLE	0.019320730003528297	1	false		status	13	30	57	50384cf69a733199fa17c9c571da1761d8451991	f80ff3f62daaa6e22a6753a3f30a127baab424d0320949bc9957a6ff62ea5ebe	otf_sparse_formula	2026-09-19T08:47:01.031086Z		0.010000	15314944	41525248	8G	0			true		acacia-syntcomp26-coverage-130926-efe2c5bb65fe.scope
S-cap120-epoch2	sort50.ltl	sort50.tlsf	120	UNREALIZABLE	14.99995922499511	1	false		none	13	32	58	50384cf69a733199fa17c9c571da1761d8451991	f80ff3f62daaa6e22a6753a3f30a127baab424d0320949bc9957a6ff62ea5ebe	otf_sparse_formula	2026-09-19T08:47:16.043552Z		59.570000	577884160		8G	0			true		acacia-syntcomp26-coverage-130926-e47172626a53.scope
S-cap120-epoch2	square5x52.ltl	square5x52.tlsf	120	UNREALIZABLE	1.417671330011217	1	false		none	13	31	59	50384cf69a733199fa17c9c571da1761d8451991	f80ff3f62daaa6e22a6753a3f30a127baab424d0320949bc9957a6ff62ea5ebe	otf_sparse_formula	2026-09-19T08:47:17.475338Z		5.560000	152510464		8G	0			true		acacia-syntcomp26-coverage-130926-20c0eac8b119.scope
S-cap120-epoch2	thermostat-F-real.ltl	thermostat-F-real.tlsf	120	REALIZABLE	1.515152006992139	0	false		none	11	31	60	50384cf69a733199fa17c9c571da1761d8451991	f80ff3f62daaa6e22a6753a3f30a127baab424d0320949bc9957a6ff62ea5ebe	otf_sparse_formula	2026-09-19T08:47:19.006273Z		5.950000	141320192		8G	0			true		acacia-syntcomp26-coverage-130926-97ab2275eaec.scope
S-cap120-epoch2	06.ltl	06.tlsf	120	REALIZABLE	18.146374816991738	0	false		none	11	32	0	50384cf69a733199fa17c9c571da1761d8451991	f80ff3f62daaa6e22a6753a3f30a127baab424d0320949bc9957a6ff62ea5ebe	otf_sparse_formula	2026-09-19T09:49:03.778349Z		55.750000	438226944		8G	0			true		acacia-syntcomp26-coverage-135480-5b0228d4b16f.scope
S-cap120-epoch2	11.ltl	11.tlsf	120	REALIZABLE	3.2335121399955824	0	false		none	11	32	1	50384cf69a733199fa17c9c571da1761d8451991	f80ff3f62daaa6e22a6753a3f30a127baab424d0320949bc9957a6ff62ea5ebe	otf_sparse_formula	2026-09-19T09:49:07.044796Z		11.940000	206110720		8G	0			true		acacia-syntcomp26-coverage-135480-694eaa8d90ad.scope
S-cap120-epoch2	AllLights_d6c5ac79.ltl	AllLights_d6c5ac79.tlsf	120	UNREALIZABLE	2.6875592569995206	1	false		none	13	31	2	50384cf69a733199fa17c9c571da1761d8451991	f80ff3f62daaa6e22a6753a3f30a127baab424d0320949bc9957a6ff62ea5ebe	otf_sparse_formula	2026-09-19T09:49:09.746817Z		10.620000	70774784		8G	0			true		acacia-syntcomp26-coverage-135480-446a56156e04.scope
S-cap120-epoch2	CheckShades_aeb1d897.ltl	CheckShades_aeb1d897.tlsf	120	UNREALIZABLE	0.029064516013022512	1	false		status	13	30	3	50384cf69a733199fa17c9c571da1761d8451991	f80ff3f62daaa6e22a6753a3f30a127baab424d0320949bc9957a6ff62ea5ebe	otf_sparse_formula	2026-09-19T09:49:09.789254Z		0.010000	18468864		8G	0			true		acacia-syntcomp26-coverage-135480-d9b3b6f27ee4.scope
S-cap120-epoch2	Demo1_2c5b09da.ltl	Demo1_2c5b09da.tlsf	120	TIMEOUT	120.22928613999102	124	true	timeout	none	0	8	4	50384cf69a733199fa17c9c571da1761d8451991	f80ff3f62daaa6e22a6753a3f30a127baab424d0320949bc9957a6ff62ea5ebe	otf_sparse_formula	2026-09-19T09:51:10.057595Z					8G	0			true		acacia-syntcomp26-coverage-135480-6068e7d3e39d.scope
S-cap120-epoch2	GF-G-contradiction6.ltl	GF-G-contradiction6.tlsf	120	UNREALIZABLE	16.045964400997036	1	false		none	13	32	5	50384cf69a733199fa17c9c571da1761d8451991	f80ff3f62daaa6e22a6753a3f30a127baab424d0320949bc9957a6ff62ea5ebe	otf_sparse_formula	2026-09-19T09:51:26.118321Z		63.750000	695050240		8G	0			true		acacia-syntcomp26-coverage-135480-deb9658cedda.scope
S-cap120-epoch2	SPIWriteClk.ltl	SPIWriteClk.tlsf	120	REALIZABLE	0.028553417010698467	0	false		status	11	30	6	50384cf69a733199fa17c9c571da1761d8451991	f80ff3f62daaa6e22a6753a3f30a127baab424d0320949bc9957a6ff62ea5ebe	otf_sparse_formula	2026-09-19T09:51:26.173968Z		0.020000	15679488		8G	0			true		acacia-syntcomp26-coverage-135480-741d1aeab2e7.scope
S-cap120-epoch2	SPIWriteSdi.ltl	SPIWriteSdi.tlsf	120	REALIZABLE	0.03807780898932833	0	false		status	11	30	7	50384cf69a733199fa17c9c571da1761d8451991	f80ff3f62daaa6e22a6753a3f30a127baab424d0320949bc9957a6ff62ea5ebe	otf_sparse_formula	2026-09-19T09:51:26.237556Z		0.040000	19992576		8G	0			true		acacia-syntcomp26-coverage-135480-d4382a22f559.scope
S-cap120-epoch2	Shades2_235467da.ltl	Shades2_235467da.tlsf	120	REALIZABLE	0.04260342700581532	0	false		status	11	30	8	50384cf69a733199fa17c9c571da1761d8451991	f80ff3f62daaa6e22a6753a3f30a127baab424d0320949bc9957a6ff62ea5ebe	otf_sparse_formula	2026-09-19T09:51:26.306396Z		0.050000	19095552		8G	0			true		acacia-syntcomp26-coverage-135480-b94af7aca9bb.scope
S-cap120-epoch2	TwoCountersInRangeM0.ltl	TwoCountersInRangeM0.tlsf	120	UNREALIZABLE	0.0459242069919128	1	false		status	13	30	9	50384cf69a733199fa17c9c571da1761d8451991	f80ff3f62daaa6e22a6753a3f30a127baab424d0320949bc9957a6ff62ea5ebe	otf_sparse_formula	2026-09-19T09:51:26.367069Z		0.090000	21344256		8G	0			true		acacia-syntcomp26-coverage-135480-cad08360252c.scope
S-cap120-epoch2	arbiter_with_buffer_pb_3_pe_.ltl	arbiter_with_buffer_pb_3_pe_.tlsf	120	REALIZABLE	0.031203479011310264	0	false		none	11	30	10	50384cf69a733199fa17c9c571da1761d8451991	f80ff3f62daaa6e22a6753a3f30a127baab424d0320949bc9957a6ff62ea5ebe	otf_sparse_formula	2026-09-19T09:51:26.410892Z		0.030000	19845120		8G	0			true		acacia-syntcomp26-coverage-135480-9f34705f4d38.scope
S-cap120-epoch2	arbiter_with_cancel_pb_10_pe_.ltl	arbiter_with_cancel_pb_10_pe_.tlsf	120	TIMEOUT	120.22899119100475	124	true	timeout	none	0	8	11	50384cf69a733199fa17c9c571da1761d8451991	f80ff3f62daaa6e22a6753a3f30a127baab424d0320949bc9957a6ff62ea5ebe	otf_sparse_formula	2026-09-19T09:53:26.679673Z					8G	0			true		acacia-syntcomp26-coverage-135480-bcdfaf6f4f28.scope
S-cap120-epoch2	chomp_pb_3_6_pe_.ltl	chomp_pb_3_6_pe_.tlsf	120	TIMEOUT	120.16000512600294	124	true	timeout	status	0	8	12	50384cf69a733199fa17c9c571da1761d8451991	f80ff3f62daaa6e22a6753a3f30a127baab424d0320949bc9957a6ff62ea5ebe	otf_sparse_formula	2026-09-19T09:55:26.853928Z					8G	0			true		acacia-syntcomp26-coverage-135480-dc27caa45bb0.scope
S-cap120-epoch2	collector_v1_pb_12_pe_.ltl	collector_v1_pb_12_pe_.tlsf	120	TIMEOUT	120.3270393510029	124	true	timeout	none	0	8	13	50384cf69a733199fa17c9c571da1761d8451991	f80ff3f62daaa6e22a6753a3f30a127baab424d0320949bc9957a6ff62ea5ebe	otf_sparse_formula	2026-09-19T09:57:27.216610Z					8G	0			true		acacia-syntcomp26-coverage-135480-ee19ad8a38db.scope
S-cap120-epoch2	example9_pb_1_pe_.ltl	example9_pb_1_pe_.tlsf	120	REALIZABLE	0.0329023530066479	0	false		none	11	30	14	50384cf69a733199fa17c9c571da1761d8451991	f80ff3f62daaa6e22a6753a3f30a127baab424d0320949bc9957a6ff62ea5ebe	otf_sparse_formula	2026-09-19T09:57:27.284021Z		0.030000	17473536		8G	0			true		acacia-syntcomp26-coverage-135480-4444a100d634.scope
S-cap120-epoch2	full_arbiter_unreal1_pb_2_11_pe_.ltl	full_arbiter_unreal1_pb_2_11_pe_.tlsf	120	UNREALIZABLE	0.035855007998179644	1	false		status	13	30	15	50384cf69a733199fa17c9c571da1761d8451991	f80ff3f62daaa6e22a6753a3f30a127baab424d0320949bc9957a6ff62ea5ebe	otf_sparse_formula	2026-09-19T09:57:27.357847Z		0.030000	15433728		8G	0			true		acacia-syntcomp26-coverage-135480-d7b7241fa55e.scope
S-cap120-epoch2	full_arbiter_unreal1_pb_4_2_pe_.ltl	full_arbiter_unreal1_pb_4_2_pe_.tlsf	120	UNREALIZABLE	0.03391088600619696	1	false		status	13	30	16	50384cf69a733199fa17c9c571da1761d8451991	f80ff3f62daaa6e22a6753a3f30a127baab424d0320949bc9957a6ff62ea5ebe	otf_sparse_formula	2026-09-19T09:57:27.421681Z		0.030000	15347712		8G	0			true		acacia-syntcomp26-coverage-135480-427bab540600.scope
S-cap120-epoch2	full_arbiter_unreal1_pb_4_4_pe_.ltl	full_arbiter_unreal1_pb_4_4_pe_.tlsf	120	UNREALIZABLE	0.029677903003175743	1	false		status	13	30	17	50384cf69a733199fa17c9c571da1761d8451991	f80ff3f62daaa6e22a6753a3f30a127baab424d0320949bc9957a6ff62ea5ebe	otf_sparse_formula	2026-09-19T09:57:27.480511Z		0.030000	15425536		8G	0			true		acacia-syntcomp26-coverage-135480-98058a80f9fc.scope
S-cap120-epoch2	full_arbiter_unreal1_pb_4_8_pe_.ltl	full_arbiter_unreal1_pb_4_8_pe_.tlsf	120	UNREALIZABLE	0.03244310599984601	1	false		none	13	30	18	50384cf69a733199fa17c9c571da1761d8451991	f80ff3f62daaa6e22a6753a3f30a127baab424d0320949bc9957a6ff62ea5ebe	otf_sparse_formula	2026-09-19T09:57:27.550429Z		0.040000	15380480		8G	0			true		acacia-syntcomp26-coverage-135480-ef2482b376ef.scope
S-cap120-epoch2	g-unreal-1-unreal.ltl	g-unreal-1-unreal.tlsf	120	TIMEOUT	120.37913944201136	124	true	timeout	none	0	8	19	50384cf69a733199fa17c9c571da1761d8451991	f80ff3f62daaa6e22a6753a3f30a127baab424d0320949bc9957a6ff62ea5ebe	otf_sparse_formula	2026-09-19T09:59:27.953542Z					8G	0			true		acacia-syntcomp26-coverage-135480-aa4611d58766.scope
S-cap120-epoch2	gf-unreal35.ltl	gf-unreal35.tlsf	120	UNREALIZABLE	0.03694482598803006	1	false		none	13	30	20	50384cf69a733199fa17c9c571da1761d8451991	f80ff3f62daaa6e22a6753a3f30a127baab424d0320949bc9957a6ff62ea5ebe	otf_sparse_formula	2026-09-19T09:59:28.004158Z		0.050000	19722240		8G	0			true		acacia-syntcomp26-coverage-135480-01d691be0cc2.scope
S-cap120-epoch2	infinite-race-u13.ltl	infinite-race-u13.tlsf	120	UNREALIZABLE	41.340801211990765	1	false		none	13	34	21	50384cf69a733199fa17c9c571da1761d8451991	f80ff3f62daaa6e22a6753a3f30a127baab424d0320949bc9957a6ff62ea5ebe	otf_sparse_formula	2026-09-19T10:00:09.358695Z		163.900000	4667400192		8G	0			true		acacia-syntcomp26-coverage-135480-89352153e5b9.scope
S-cap120-epoch2	infinite-race-u24.ltl	infinite-race-u24.tlsf	120	MEMOUT	44.752758480011835	-15	false	memory	none	0	8	22	50384cf69a733199fa17c9c571da1761d8451991	f80ff3f62daaa6e22a6753a3f30a127baab424d0320949bc9957a6ff62ea5ebe	otf_sparse_formula	2026-09-19T10:00:54.130242Z				8589934592	8G	0			true		acacia-syntcomp26-coverage-135480-8e9ee381698a.scope
S-cap120-epoch2	lift_gr1_pb_2_pe_.ltl	lift_gr1_pb_2_pe_.tlsf	120	REALIZABLE	0.03293068800121546	0	false		none	11	30	23	50384cf69a733199fa17c9c571da1761d8451991	f80ff3f62daaa6e22a6753a3f30a127baab424d0320949bc9957a6ff62ea5ebe	otf_sparse_formula	2026-09-19T10:00:54.176485Z		0.060000	20459520		8G	0			true		acacia-syntcomp26-coverage-135480-1ff8fe8c226d.scope
S-cap120-epoch2	lift_gr1_pb_8_pe_.ltl	lift_gr1_pb_8_pe_.tlsf	120	TIMEOUT	120.4762603269919	124	true	timeout	none	0	8	24	50384cf69a733199fa17c9c571da1761d8451991	f80ff3f62daaa6e22a6753a3f30a127baab424d0320949bc9957a6ff62ea5ebe	otf_sparse_formula	2026-09-19T10:02:54.675218Z					8G	0			true		acacia-syntcomp26-coverage-135480-f252fb57f8c6.scope
S-cap120-epoch2	lift_pb_3_pe_.ltl	lift_pb_3_pe_.tlsf	120	REALIZABLE	0.6362852070014924	0	false		none	11	30	25	50384cf69a733199fa17c9c571da1761d8451991	f80ff3f62daaa6e22a6753a3f30a127baab424d0320949bc9957a6ff62ea5ebe	otf_sparse_formula	2026-09-19T10:02:55.327182Z		2.410000	83681280		8G	0			true		acacia-syntcomp26-coverage-135480-dee3e2d50ca0.scope
S-cap120-epoch2	lift_unary_enc_pb_7_pe_.ltl	lift_unary_enc_pb_7_pe_.tlsf	120	TIMEOUT	120.1678389430017	124	true	timeout	none	0	8	26	50384cf69a733199fa17c9c571da1761d8451991	f80ff3f62daaa6e22a6753a3f30a127baab424d0320949bc9957a6ff62ea5ebe	otf_sparse_formula	2026-09-19T10:04:55.508247Z					8G	0			true		acacia-syntcomp26-coverage-135480-514bbd45b49a.scope
S-cap120-epoch2	lilydemo01.ltl	lilydemo01.tlsf	120	UNREALIZABLE	0.025349104005726986	1	false		status	13	30	27	50384cf69a733199fa17c9c571da1761d8451991	f80ff3f62daaa6e22a6753a3f30a127baab424d0320949bc9957a6ff62ea5ebe	otf_sparse_formula	2026-09-19T10:04:55.558278Z		0.020000	14962688		8G	0			true		acacia-syntcomp26-coverage-135480-8ad1362facaa.scope
S-cap120-epoch2	lilydemo05.ltl	lilydemo05.tlsf	120	REALIZABLE	0.03302673398866318	0	false		status	11	30	28	50384cf69a733199fa17c9c571da1761d8451991	f80ff3f62daaa6e22a6753a3f30a127baab424d0320949bc9957a6ff62ea5ebe	otf_sparse_formula	2026-09-19T10:04:55.619037Z		0.040000	18092032		8G	0			true		acacia-syntcomp26-coverage-135480-a294046108ce.scope
S-cap120-epoch2	lilydemo18.ltl	lilydemo18.tlsf	120	REALIZABLE	0.021972182003082708	0	false		status	11	30	29	50384cf69a733199fa17c9c571da1761d8451991	f80ff3f62daaa6e22a6753a3f30a127baab424d0320949bc9957a6ff62ea5ebe	otf_sparse_formula	2026-09-19T10:04:55.679609Z		0.010000	18317312		8G	0			true		acacia-syntcomp26-coverage-135480-2249654edde6.scope
S-cap120-epoch2	load_balancer_pb_4_pe_.ltl	load_balancer_pb_4_pe_.tlsf	120	REALIZABLE	0.04799575799552258	0	false		status	11	30	30	50384cf69a733199fa17c9c571da1761d8451991	f80ff3f62daaa6e22a6753a3f30a127baab424d0320949bc9957a6ff62ea5ebe	otf_sparse_formula	2026-09-19T10:04:55.740873Z		0.100000	20434944		8G	0			true		acacia-syntcomp26-coverage-135480-3577be1cf5a8.scope
S-cap120-epoch2	load_balancer_unreal1_pb_4_4_pe_.ltl	load_balancer_unreal1_pb_4_4_pe_.tlsf	120	UNREALIZABLE	0.05073201000050176	1	false		status	13	30	31	50384cf69a733199fa17c9c571da1761d8451991	f80ff3f62daaa6e22a6753a3f30a127baab424d0320949bc9957a6ff62ea5ebe	otf_sparse_formula	2026-09-19T10:04:55.805125Z		0.150000	20946944		8G	0			true		acacia-syntcomp26-coverage-135480-68772a10a09c.scope
S-cap120-epoch2	ltl2dba04.ltl	ltl2dba04.tlsf	120	REALIZABLE	0.03237923700362444	0	false		status	11	30	32	50384cf69a733199fa17c9c571da1761d8451991	f80ff3f62daaa6e22a6753a3f30a127baab424d0320949bc9957a6ff62ea5ebe	otf_sparse_formula	2026-09-19T10:04:55.866993Z		0.030000	15339520		8G	0			true		acacia-syntcomp26-coverage-135480-d791ed151328.scope
S-cap120-epoch2	ltl2dba13.ltl	ltl2dba13.tlsf	120	REALIZABLE	0.03273415299190674	0	false		status	11	30	33	50384cf69a733199fa17c9c571da1761d8451991	f80ff3f62daaa6e22a6753a3f30a127baab424d0320949bc9957a6ff62ea5ebe	otf_sparse_formula	2026-09-19T10:04:55.912453Z		0.030000	15368192		8G	0			true		acacia-syntcomp26-coverage-135480-6c5085b8bcc1.scope
S-cap120-epoch2	ltl2dba_theta_pb_8_pe_.ltl	ltl2dba_theta_pb_8_pe_.tlsf	120	UNREALIZABLE	0.09089248700183816	1	false		status	13	30	34	50384cf69a733199fa17c9c571da1761d8451991	f80ff3f62daaa6e22a6753a3f30a127baab424d0320949bc9957a6ff62ea5ebe	otf_sparse_formula	2026-09-19T10:04:56.016521Z		0.280000	24223744		8G	0			true		acacia-syntcomp26-coverage-135480-4c2358220b36.scope
S-cap120-epoch2	ltl2dpa01.ltl	ltl2dpa01.tlsf	120	REALIZABLE	0.020589751002262346	0	false		status	11	30	35	50384cf69a733199fa17c9c571da1761d8451991	f80ff3f62daaa6e22a6753a3f30a127baab424d0320949bc9957a6ff62ea5ebe	otf_sparse_formula	2026-09-19T10:04:56.060336Z		0.020000	18890752		8G	0			true		acacia-syntcomp26-coverage-135480-751db86861f3.scope
S-cap120-epoch2	narylatch_pb_64_pe_.ltl	narylatch_pb_64_pe_.tlsf	120	REALIZABLE	0.05310350299987476	0	false		none	11	30	36	50384cf69a733199fa17c9c571da1761d8451991	f80ff3f62daaa6e22a6753a3f30a127baab424d0320949bc9957a6ff62ea5ebe	otf_sparse_formula	2026-09-19T10:04:56.126087Z		0.110000	20033536		8G	0			true		acacia-syntcomp26-coverage-135480-b5ce1fe0e5b7.scope
S-cap120-epoch2	patrolling-alarm26.ltl	patrolling-alarm26.tlsf	120	UNREALIZABLE	0.8745642949943431	1	false		none	13	31	37	50384cf69a733199fa17c9c571da1761d8451991	f80ff3f62daaa6e22a6753a3f30a127baab424d0320949bc9957a6ff62ea5ebe	otf_sparse_formula	2026-09-19T10:04:57.014073Z		3.350000	148971520		8G	0			true		acacia-syntcomp26-coverage-135480-19745c7f6837.scope
S-cap120-epoch2	patrolling13.ltl	patrolling13.tlsf	120	UNREALIZABLE	0.22287694200349506	1	false		none	13	30	38	50384cf69a733199fa17c9c571da1761d8451991	f80ff3f62daaa6e22a6753a3f30a127baab424d0320949bc9957a6ff62ea5ebe	otf_sparse_formula	2026-09-19T10:04:57.255752Z		0.790000	37896192		8G	0			true		acacia-syntcomp26-coverage-135480-868e3d22859a.scope
S-cap120-epoch2	prioritized_arbiter_enc_pb_15_pe_.ltl	prioritized_arbiter_enc_pb_15_pe_.tlsf	120	TIMEOUT	120.16875302299741	124	true	timeout	none	0	8	39	50384cf69a733199fa17c9c571da1761d8451991	f80ff3f62daaa6e22a6753a3f30a127baab424d0320949bc9957a6ff62ea5ebe	otf_sparse_formula	2026-09-19T10:06:57.450789Z					8G	0			true		acacia-syntcomp26-coverage-135480-4fd4edfdcb19.scope
S-cap120-epoch2	reversible-lane-r-real.ltl	reversible-lane-r-real.tlsf	120	MEMOUT	111.03891333199863	-15	false	memory	none	0	8	40	50384cf69a733199fa17c9c571da1761d8451991	f80ff3f62daaa6e22a6753a3f30a127baab424d0320949bc9957a6ff62ea5ebe	otf_sparse_formula	2026-09-19T10:08:48.509890Z				8589934592	8G	0			true		acacia-syntcomp26-coverage-135480-c3b5c2177a8e.scope
S-cap120-epoch2	reversible-lane-u0.ltl	reversible-lane-u0.tlsf	120	UNREALIZABLE	0.07877035399724264	1	false		none	13	30	41	50384cf69a733199fa17c9c571da1761d8451991	f80ff3f62daaa6e22a6753a3f30a127baab424d0320949bc9957a6ff62ea5ebe	otf_sparse_formula	2026-09-19T10:08:48.602879Z		0.250000	23175168		8G	0			true		acacia-syntcomp26-coverage-135480-d8edfde71e75.scope
S-cap120-epoch2	robot-resource-2d14.ltl	robot-resource-2d14.tlsf	120	UNREALIZABLE	2.1643945910036564	1	false		none	13	30	42	50384cf69a733199fa17c9c571da1761d8451991	f80ff3f62daaa6e22a6753a3f30a127baab424d0320949bc9957a6ff62ea5ebe	otf_sparse_formula	2026-09-19T10:08:50.780583Z		8.550000	44646400		8G	0			true		acacia-syntcomp26-coverage-135480-d6e67b4a8dc7.scope
S-cap120-epoch2	robot_deliver_products_30.ltl	robot_deliver_products_30.tlsf	120	TIMEOUT	120.22857557500538	124	true	timeout	none	0	8	43	50384cf69a733199fa17c9c571da1761d8451991	f80ff3f62daaa6e22a6753a3f30a127baab424d0320949bc9957a6ff62ea5ebe	otf_sparse_formula	2026-09-19T10:10:51.050740Z					8G	0			true		acacia-syntcomp26-coverage-135480-c28f703d9ad9.scope
S-cap120-epoch2	robot_grid_pb_8_8_pe_.ltl	robot_grid_pb_8_8_pe_.tlsf	120	MEMOUT	13.771579860986094	-15	false	memory	none	0	648	44	50384cf69a733199fa17c9c571da1761d8451991	f80ff3f62daaa6e22a6753a3f30a127baab424d0320949bc9957a6ff62ea5ebe	otf_sparse_formula	2026-09-19T10:11:04.841496Z				8589934592	8G	0			true		acacia-syntcomp26-coverage-135480-bfbe68f2b688.scope
S-cap120-epoch2	round_robin_arbiter_unreal1_pb_3_50_pe_.ltl	round_robin_arbiter_unreal1_pb_3_50_pe_.tlsf	120	TIMEOUT	120.21933375000663	124	true	timeout	none	0	8	45	50384cf69a733199fa17c9c571da1761d8451991	f80ff3f62daaa6e22a6753a3f30a127baab424d0320949bc9957a6ff62ea5ebe	otf_sparse_formula	2026-09-19T10:13:05.083013Z					8G	0			true		acacia-syntcomp26-coverage-135480-b96b5ec42ba6.scope
S-cap120-epoch2	round_robin_arbiter_unreal1_pb_4_12_pe_.ltl	round_robin_arbiter_unreal1_pb_4_12_pe_.tlsf	120	MEMOUT	48.58212610198825	-15	false	memory	none	0	8	46	50384cf69a733199fa17c9c571da1761d8451991	f80ff3f62daaa6e22a6753a3f30a127baab424d0320949bc9957a6ff62ea5ebe	otf_sparse_formula	2026-09-19T10:13:53.684996Z				8589934592	8G	0			true		acacia-syntcomp26-coverage-135480-90815d2cce3c.scope
S-cap120-epoch2	round_robin_arbiter_unreal1_pb_4_2_pe_.ltl	round_robin_arbiter_unreal1_pb_4_2_pe_.tlsf	120	UNREALIZABLE	0.07433267899614293	1	false		status	13	30	47	50384cf69a733199fa17c9c571da1761d8451991	f80ff3f62daaa6e22a6753a3f30a127baab424d0320949bc9957a6ff62ea5ebe	otf_sparse_formula	2026-09-19T10:13:53.773935Z		0.220000	23302144		8G	0			true		acacia-syntcomp26-coverage-135480-87b7ec40675c.scope
S-cap120-epoch2	round_robin_arbiter_unreal1_pb_4_9_pe_.ltl	round_robin_arbiter_unreal1_pb_4_9_pe_.tlsf	120	MEMOUT	53.66030353700626	-15	false	memory	none	0	8	48	50384cf69a733199fa17c9c571da1761d8451991	f80ff3f62daaa6e22a6753a3f30a127baab424d0320949bc9957a6ff62ea5ebe	otf_sparse_formula	2026-09-19T10:14:47.452521Z				8589934592	8G	0			true		acacia-syntcomp26-coverage-135480-788b68ee5c58.scope
S-cap120-epoch2	simple_arbiter_unreal1_pb_16_5_pe_.ltl	simple_arbiter_unreal1_pb_16_5_pe_.tlsf	120	UNREALIZABLE	0.02943444398988504	1	false		status	13	30	49	50384cf69a733199fa17c9c571da1761d8451991	f80ff3f62daaa6e22a6753a3f30a127baab424d0320949bc9957a6ff62ea5ebe	otf_sparse_formula	2026-09-19T10:14:47.505186Z		0.030000	15503360		8G	0			true		acacia-syntcomp26-coverage-135480-3f96b48d5c41.scope
S-cap120-epoch2	simple_arbiter_unreal1_pb_2_7_pe_.ltl	simple_arbiter_unreal1_pb_2_7_pe_.tlsf	120	UNREALIZABLE	0.020738393999636173	1	false		status	13	30	50	50384cf69a733199fa17c9c571da1761d8451991	f80ff3f62daaa6e22a6753a3f30a127baab424d0320949bc9957a6ff62ea5ebe	otf_sparse_formula	2026-09-19T10:14:47.544128Z		0.010000	15327232	39239680	8G	0			true		acacia-syntcomp26-coverage-135480-e71e3ae05620.scope
S-cap120-epoch2	thermostat-GF-real.ltl	thermostat-GF-real.tlsf	120	REALIZABLE	47.97605744800239	0	false		none	11	34	51	50384cf69a733199fa17c9c571da1761d8451991	f80ff3f62daaa6e22a6753a3f30a127baab424d0320949bc9957a6ff62ea5ebe	otf_sparse_formula	2026-09-19T10:15:35.532877Z		190.800000	3048599552		8G	0			true		acacia-syntcomp26-coverage-135480-2e94c8bbe59b.scope
S-cap120-epoch2	workstation_resupply_pb_2_pe_.ltl	workstation_resupply_pb_2_pe_.tlsf	120	REALIZABLE	0.29741523100528866	0	false		none	11	30	52	50384cf69a733199fa17c9c571da1761d8451991	f80ff3f62daaa6e22a6753a3f30a127baab424d0320949bc9957a6ff62ea5ebe	otf_sparse_formula	2026-09-19T10:15:35.844209Z		1.120000	47030272		8G	0			true		acacia-syntcomp26-coverage-135480-05f3301c6c60.scope
S-cap120-epoch2	12.ltl	12.tlsf	120	REALIZABLE	5.441633089998504	0	false		none	11	32	0	50384cf69a733199fa17c9c571da1761d8451991	f80ff3f62daaa6e22a6753a3f30a127baab424d0320949bc9957a6ff62ea5ebe	otf_sparse_formula	2026-09-19T10:15:41.440578Z		21.560000	176144384		8G	0			true		acacia-syntcomp26-coverage-136807-3d1dbeb65c09.scope
S-cap120-epoch2	CheckRoom_3916ec59.ltl	CheckRoom_3916ec59.tlsf	120	UNREALIZABLE	0.01668641300057061	1	false		status	13	30	1	50384cf69a733199fa17c9c571da1761d8451991	f80ff3f62daaa6e22a6753a3f30a127baab424d0320949bc9957a6ff62ea5ebe	otf_sparse_formula	2026-09-19T10:15:41.497034Z		0.010000	17145856	43184128	8G	0			true		acacia-syntcomp26-coverage-136807-b492a22a9ac3.scope
S-cap120-epoch2	CheckWarnlight_6bea956e.ltl	CheckWarnlight_6bea956e.tlsf	120	UNREALIZABLE	0.02040670700080227	1	false		status	13	30	2	50384cf69a733199fa17c9c571da1761d8451991	f80ff3f62daaa6e22a6753a3f30a127baab424d0320949bc9957a6ff62ea5ebe	otf_sparse_formula	2026-09-19T10:15:41.529735Z		0.010000	18153472	43175936	8G	0			true		acacia-syntcomp26-coverage-136807-3faf475cf761.scope
S-cap120-epoch2	EscalatorCounting.ltl	EscalatorCounting.tlsf	120	REALIZABLE	0.02101141399180051	0	false		status	11	30	3	50384cf69a733199fa17c9c571da1761d8451991	f80ff3f62daaa6e22a6753a3f30a127baab424d0320949bc9957a6ff62ea5ebe	otf_sparse_formula	2026-09-19T10:15:41.563248Z		0.010000	20340736	47271936	8G	0			true		acacia-syntcomp26-coverage-136807-7b3a87ef53f3.scope
S-cap120-epoch2	F-G-contradiction-110.ltl	F-G-contradiction-110.tlsf	120	UNREALIZABLE	28.32856152000022	1	false		none	13	34	4	50384cf69a733199fa17c9c571da1761d8451991	f80ff3f62daaa6e22a6753a3f30a127baab424d0320949bc9957a6ff62ea5ebe	otf_sparse_formula	2026-09-19T10:16:09.906146Z		112.450000	2062577664		8G	0			true		acacia-syntcomp26-coverage-136807-6a2cdeef1461.scope
S-cap120-epoch2	F-G-contradiction-16.ltl	F-G-contradiction-16.tlsf	120	UNREALIZABLE	9.412618791990099	1	false		none	13	32	5	50384cf69a733199fa17c9c571da1761d8451991	f80ff3f62daaa6e22a6753a3f30a127baab424d0320949bc9957a6ff62ea5ebe	otf_sparse_formula	2026-09-19T10:16:19.331739Z		37.270000	772460544		8G	0			true		acacia-syntcomp26-coverage-136807-49e001028517.scope
S-cap120-epoch2	KitchenTimerV0.ltl	KitchenTimerV0.tlsf	120	REALIZABLE	0.01615730499906931	0	false		status	11	30	6	50384cf69a733199fa17c9c571da1761d8451991	f80ff3f62daaa6e22a6753a3f30a127baab424d0320949bc9957a6ff62ea5ebe	otf_sparse_formula	2026-09-19T10:16:19.362475Z		0.010000	15466496	42360832	8G	0			true		acacia-syntcomp26-coverage-136807-5c7c4aee58b2.scope
S-cap120-epoch2	Lights_f3987563.ltl	Lights_f3987563.tlsf	120	REALIZABLE	0.042864055998506956	0	false		status	11	30	7	50384cf69a733199fa17c9c571da1761d8451991	f80ff3f62daaa6e22a6753a3f30a127baab424d0320949bc9957a6ff62ea5ebe	otf_sparse_formula	2026-09-19T10:16:19.417796Z		0.060000	20676608		8G	0			true		acacia-syntcomp26-coverage-136807-8068750e1532.scope
S-cap120-epoch2	OneCounterGuiA7.ltl	OneCounterGuiA7.tlsf	120	UNREALIZABLE	0.8915330309973797	1	false		status	13	30	8	50384cf69a733199fa17c9c571da1761d8451991	f80ff3f62daaa6e22a6753a3f30a127baab424d0320949bc9957a6ff62ea5ebe	otf_sparse_formula	2026-09-19T10:16:20.322071Z		2.910000	95944704		8G	0			true		acacia-syntcomp26-coverage-136807-9f0d2f8175b7.scope
S-cap120-epoch2	TorcsSteeringSmart.ltl	TorcsSteeringSmart.tlsf	120	REALIZABLE	0.01977192299091257	0	false		status	11	30	9	50384cf69a733199fa17c9c571da1761d8451991	f80ff3f62daaa6e22a6753a3f30a127baab424d0320949bc9957a6ff62ea5ebe	otf_sparse_formula	2026-09-19T10:16:20.356554Z		0.020000	20434944		8G	0			true		acacia-syntcomp26-coverage-136807-fb355c4b5ca3.scope
S-cap120-epoch2	Window2_f1477cc5.ltl	Window2_f1477cc5.tlsf	120	UNREALIZABLE	0.01915667900175322	1	false		status	13	30	10	50384cf69a733199fa17c9c571da1761d8451991	f80ff3f62daaa6e22a6753a3f30a127baab424d0320949bc9957a6ff62ea5ebe	otf_sparse_formula	2026-09-19T10:16:20.388480Z		0.010000	18972672	45477888	8G	0			true		acacia-syntcomp26-coverage-136807-d2097ad64d9a.scope
S-cap120-epoch2	abcg_arbiter_pb_1_pe_.ltl	abcg_arbiter_pb_1_pe_.tlsf	120	REALIZABLE	0.022445459995651618	0	false		none	11	30	11	50384cf69a733199fa17c9c571da1761d8451991	f80ff3f62daaa6e22a6753a3f30a127baab424d0320949bc9957a6ff62ea5ebe	otf_sparse_formula	2026-09-19T10:16:20.422847Z		0.020000	19116032		8G	0			true		acacia-syntcomp26-coverage-136807-52d6635a45c1.scope
S-cap120-epoch2	abcg_arbiter_pb_6_pe_.ltl	abcg_arbiter_pb_6_pe_.tlsf	120	TIMEOUT	120.19004758700612	124	true	timeout	none	0	8	12	50384cf69a733199fa17c9c571da1761d8451991	f80ff3f62daaa6e22a6753a3f30a127baab424d0320949bc9957a6ff62ea5ebe	otf_sparse_formula	2026-09-19T10:18:20.654671Z					8G	0			true		acacia-syntcomp26-coverage-136807-d35a9121c990.scope
S-cap120-epoch2	amba_case_study_pb_3_pe_.ltl	amba_case_study_pb_3_pe_.tlsf	120	TIMEOUT	120.27210050199938	124	true	timeout	none	0	8	13	50384cf69a733199fa17c9c571da1761d8451991	f80ff3f62daaa6e22a6753a3f30a127baab424d0320949bc9957a6ff62ea5ebe	otf_sparse_formula	2026-09-19T10:20:20.940537Z					8G	0			true		acacia-syntcomp26-coverage-136807-1e49fa542f05.scope
S-cap120-epoch2	amba_decomposed_lock_pb_10_pe_.ltl	amba_decomposed_lock_pb_10_pe_.tlsf	120	REALIZABLE	0.4752113460126566	0	false		status	11	30	14	50384cf69a733199fa17c9c571da1761d8451991	f80ff3f62daaa6e22a6753a3f30a127baab424d0320949bc9957a6ff62ea5ebe	otf_sparse_formula	2026-09-19T10:20:21.429616Z		1.400000	54976512		8G	0			true		acacia-syntcomp26-coverage-136807-ebcd7bc3f9fd.scope
S-cap120-epoch2	amba_decomposed_lock_pb_13_pe_.ltl	amba_decomposed_lock_pb_13_pe_.tlsf	120	REALIZABLE	23.920193231999292	0	false		status	11	32	15	50384cf69a733199fa17c9c571da1761d8451991	f80ff3f62daaa6e22a6753a3f30a127baab424d0320949bc9957a6ff62ea5ebe	otf_sparse_formula	2026-09-19T10:20:45.363234Z		71.580000	605585408		8G	0			true		acacia-syntcomp26-coverage-136807-f8c6da5b9a00.scope
S-cap120-epoch2	arbiter_with_cancel_pb_7_pe_.ltl	arbiter_with_cancel_pb_7_pe_.tlsf	120	TIMEOUT	120.16733857600775	124	true	timeout	none	0	8	16	50384cf69a733199fa17c9c571da1761d8451991	f80ff3f62daaa6e22a6753a3f30a127baab424d0320949bc9957a6ff62ea5ebe	otf_sparse_formula	2026-09-19T10:22:45.555383Z					8G	0			true		acacia-syntcomp26-coverage-136807-c8a75729abec.scope
S-cap120-epoch2	chain-simple-30-real.ltl	chain-simple-30-real.tlsf	120	REALIZABLE	0.4278080219955882	0	false		none	11	30	17	50384cf69a733199fa17c9c571da1761d8451991	f80ff3f62daaa6e22a6753a3f30a127baab424d0320949bc9957a6ff62ea5ebe	otf_sparse_formula	2026-09-19T10:22:46.001789Z		1.590000	71057408		8G	0			true		acacia-syntcomp26-coverage-136807-835049eb64bc.scope
S-cap120-epoch2	chain-simple-50-real.ltl	chain-simple-50-real.tlsf	120	REALIZABLE	0.6985919550061226	0	false		none	11	31	18	50384cf69a733199fa17c9c571da1761d8451991	f80ff3f62daaa6e22a6753a3f30a127baab424d0320949bc9957a6ff62ea5ebe	otf_sparse_formula	2026-09-19T10:22:46.715909Z		2.700000	150679552		8G	0			true		acacia-syntcomp26-coverage-136807-a5ee85a74c7e.scope
S-cap120-epoch2	chomp_pb_4_6_pe_.ltl	chomp_pb_4_6_pe_.tlsf	120	TIMEOUT	120.22587434700108	124	true	timeout	status	0	8	19	50384cf69a733199fa17c9c571da1761d8451991	f80ff3f62daaa6e22a6753a3f30a127baab424d0320949bc9957a6ff62ea5ebe	otf_sparse_formula	2026-09-19T10:24:46.978668Z					8G	0			true		acacia-syntcomp26-coverage-136807-80d7d55b15dc.scope
S-cap120-epoch2	full_arbiter_unreal1_pb_3_13_pe_.ltl	full_arbiter_unreal1_pb_3_13_pe_.tlsf	120	UNREALIZABLE	0.030300129001261666	1	false		none	13	30	20	50384cf69a733199fa17c9c571da1761d8451991	f80ff3f62daaa6e22a6753a3f30a127baab424d0320949bc9957a6ff62ea5ebe	otf_sparse_formula	2026-09-19T10:24:47.039146Z		0.020000	15454208		8G	0			true		acacia-syntcomp26-coverage-136807-5dc38ddc4166.scope
S-cap120-epoch2	full_arbiter_unreal1_pb_3_15_pe_.ltl	full_arbiter_unreal1_pb_3_15_pe_.tlsf	120	UNREALIZABLE	0.028936129005160183	1	false		none	13	30	21	50384cf69a733199fa17c9c571da1761d8451991	f80ff3f62daaa6e22a6753a3f30a127baab424d0320949bc9957a6ff62ea5ebe	otf_sparse_formula	2026-09-19T10:24:47.095835Z		0.030000	15446016		8G	0			true		acacia-syntcomp26-coverage-136807-ecd534dbf51b.scope
S-cap120-epoch2	full_arbiter_unreal1_pb_3_9_pe_.ltl	full_arbiter_unreal1_pb_3_9_pe_.tlsf	120	UNREALIZABLE	0.03018927799712401	1	false		status	13	30	22	50384cf69a733199fa17c9c571da1761d8451991	f80ff3f62daaa6e22a6753a3f30a127baab424d0320949bc9957a6ff62ea5ebe	otf_sparse_formula	2026-09-19T10:24:47.138497Z		0.030000	15446016		8G	0			true		acacia-syntcomp26-coverage-136807-c4d937cbd6fe.scope
S-cap120-epoch2	g-unreal-117.ltl	g-unreal-117.tlsf	120	UNREALIZABLE	49.91958249700838	1	false		none	13	34	23	50384cf69a733199fa17c9c571da1761d8451991	f80ff3f62daaa6e22a6753a3f30a127baab424d0320949bc9957a6ff62ea5ebe	otf_sparse_formula	2026-09-19T10:25:37.075186Z		102.070000	1867202560		8G	0			true		acacia-syntcomp26-coverage-136807-9d8e63bb2398.scope
S-cap120-epoch2	g-unreal-119.ltl	g-unreal-119.tlsf	120	UNREALIZABLE	68.3771174660069	1	false		none	13	34	24	50384cf69a733199fa17c9c571da1761d8451991	f80ff3f62daaa6e22a6753a3f30a127baab424d0320949bc9957a6ff62ea5ebe	otf_sparse_formula	2026-09-19T10:26:45.466044Z		139.310000	2555875328		8G	0			true		acacia-syntcomp26-coverage-136807-bce131ea7e24.scope
S-cap120-epoch2	gf-unreal27.ltl	gf-unreal27.tlsf	120	UNREALIZABLE	0.03454228000191506	1	false		none	13	30	25	50384cf69a733199fa17c9c571da1761d8451991	f80ff3f62daaa6e22a6753a3f30a127baab424d0320949bc9957a6ff62ea5ebe	otf_sparse_formula	2026-09-19T10:26:45.514809Z		0.040000	19046400		8G	0			true		acacia-syntcomp26-coverage-136807-eb67e7dc1dee.scope
S-cap120-epoch2	gf-unreal47.ltl	gf-unreal47.tlsf	120	UNREALIZABLE	0.04296218999661505	1	false		none	13	30	26	50384cf69a733199fa17c9c571da1761d8451991	f80ff3f62daaa6e22a6753a3f30a127baab424d0320949bc9957a6ff62ea5ebe	otf_sparse_formula	2026-09-19T10:26:45.570767Z		0.070000	20111360		8G	0			true		acacia-syntcomp26-coverage-136807-595b123d4cdf.scope
S-cap120-epoch2	gf-unreal5.ltl	gf-unreal5.tlsf	120	UNREALIZABLE	0.03587103199970443	1	false		none	13	30	27	50384cf69a733199fa17c9c571da1761d8451991	f80ff3f62daaa6e22a6753a3f30a127baab424d0320949bc9957a6ff62ea5ebe	otf_sparse_formula	2026-09-19T10:26:45.626284Z		0.050000	17936384		8G	0			true		acacia-syntcomp26-coverage-136807-ac2e72004046.scope
S-cap120-epoch2	heim-double-x0.ltl	heim-double-x0.tlsf	120	UNREALIZABLE	0.030944443002226762	1	false		none	13	30	28	50384cf69a733199fa17c9c571da1761d8451991	f80ff3f62daaa6e22a6753a3f30a127baab424d0320949bc9957a6ff62ea5ebe	otf_sparse_formula	2026-09-19T10:26:45.669539Z		0.070000	21434368		8G	0			true		acacia-syntcomp26-coverage-136807-ba62358cde77.scope
S-cap120-epoch2	infinite-race-u19.ltl	infinite-race-u19.tlsf	120	MEMOUT	50.68045386800077	-15	false	memory	none	0	8	29	50384cf69a733199fa17c9c571da1761d8451991	f80ff3f62daaa6e22a6753a3f30a127baab424d0320949bc9957a6ff62ea5ebe	otf_sparse_formula	2026-09-19T10:27:36.368449Z				8589934592	8G	0			true		acacia-syntcomp26-coverage-136807-1bb0ac8161d4.scope
S-cap120-epoch2	infinite-race-u23.ltl	infinite-race-u23.tlsf	120	MEMOUT	44.75795562300482	-15	false	memory	none	0	8	30	50384cf69a733199fa17c9c571da1761d8451991	f80ff3f62daaa6e22a6753a3f30a127baab424d0320949bc9957a6ff62ea5ebe	otf_sparse_formula	2026-09-19T10:28:21.146054Z				8589934592	8G	0			true		acacia-syntcomp26-coverage-136807-0aa0e4172483.scope
S-cap120-epoch2	jarvis_philippe_484face8.ltl	jarvis_philippe_484face8.tlsf	120	UNREALIZABLE	0.03447747300378978	1	false		status	13	30	31	50384cf69a733199fa17c9c571da1761d8451991	f80ff3f62daaa6e22a6753a3f30a127baab424d0320949bc9957a6ff62ea5ebe	otf_sparse_formula	2026-09-19T10:28:21.203589Z		0.050000	20168704		8G	0			true		acacia-syntcomp26-coverage-136807-342106771f97.scope
S-cap120-epoch2	lilydemo20.ltl	lilydemo20.tlsf	120	REALIZABLE	0.032123516997671686	0	false		status	11	30	32	50384cf69a733199fa17c9c571da1761d8451991	f80ff3f62daaa6e22a6753a3f30a127baab424d0320949bc9957a6ff62ea5ebe	otf_sparse_formula	2026-09-19T10:28:21.261301Z		0.050000	19013632		8G	0			true		acacia-syntcomp26-coverage-136807-c644e077eb59.scope
S-cap120-epoch2	load_balancer_unreal1_pb_2_10_pe_.ltl	load_balancer_unreal1_pb_2_10_pe_.tlsf	120	UNREALIZABLE	0.0482309439976234	1	false		status	13	30	33	50384cf69a733199fa17c9c571da1761d8451991	f80ff3f62daaa6e22a6753a3f30a127baab424d0320949bc9957a6ff62ea5ebe	otf_sparse_formula	2026-09-19T10:28:21.322840Z		0.110000	20910080		8G	0			true		acacia-syntcomp26-coverage-136807-cd7054cfef3f.scope
S-cap120-epoch2	load_balancer_unreal1_pb_2_14_pe_.ltl	load_balancer_unreal1_pb_2_14_pe_.tlsf	120	UNREALIZABLE	0.37479960800556	1	false		status	13	30	34	50384cf69a733199fa17c9c571da1761d8451991	f80ff3f62daaa6e22a6753a3f30a127baab424d0320949bc9957a6ff62ea5ebe	otf_sparse_formula	2026-09-19T10:28:21.712376Z		1.070000	42950656		8G	0			true		acacia-syntcomp26-coverage-136807-d70995e3f2fe.scope
S-cap120-epoch2	load_balancer_unreal1_pb_3_3_pe_.ltl	load_balancer_unreal1_pb_3_3_pe_.tlsf	120	UNREALIZABLE	0.028369116989779286	1	false		status	13	30	35	50384cf69a733199fa17c9c571da1761d8451991	f80ff3f62daaa6e22a6753a3f30a127baab424d0320949bc9957a6ff62ea5ebe	otf_sparse_formula	2026-09-19T10:28:21.753511Z		0.020000	20234240		8G	0			true		acacia-syntcomp26-coverage-136807-08d97b5577f5.scope
S-cap120-epoch2	load_balancer_unreal1_pb_6_1_pe_.ltl	load_balancer_unreal1_pb_6_1_pe_.tlsf	120	UNREALIZABLE	0.15171841101255268	1	false		status	13	30	36	50384cf69a733199fa17c9c571da1761d8451991	f80ff3f62daaa6e22a6753a3f30a127baab424d0320949bc9957a6ff62ea5ebe	otf_sparse_formula	2026-09-19T10:28:21.918015Z		0.530000	31850496		8G	0			true		acacia-syntcomp26-coverage-136807-44da770af66b.scope
S-cap120-epoch2	ltl2dba11.ltl	ltl2dba11.tlsf	120	REALIZABLE	0.0205227310070768	0	false		status	11	30	37	50384cf69a733199fa17c9c571da1761d8451991	f80ff3f62daaa6e22a6753a3f30a127baab424d0320949bc9957a6ff62ea5ebe	otf_sparse_formula	2026-09-19T10:28:21.960955Z		0.020000	15400960		8G	0			true		acacia-syntcomp26-coverage-136807-91b2439e6294.scope
S-cap120-epoch2	ltl2dba23.ltl	ltl2dba23.tlsf	120	REALIZABLE	0.038071647999458946	0	false		status	11	30	38	50384cf69a733199fa17c9c571da1761d8451991	f80ff3f62daaa6e22a6753a3f30a127baab424d0320949bc9957a6ff62ea5ebe	otf_sparse_formula	2026-09-19T10:28:22.038207Z		0.030000	15339520		8G	0			true		acacia-syntcomp26-coverage-136807-4b0156d33ee3.scope
S-cap120-epoch2	ltl2dba_Q_pb_3_pe_.ltl	ltl2dba_Q_pb_3_pe_.tlsf	120	REALIZABLE	0.030075442002271302	0	false		status	11	30	39	50384cf69a733199fa17c9c571da1761d8451991	f80ff3f62daaa6e22a6753a3f30a127baab424d0320949bc9957a6ff62ea5ebe	otf_sparse_formula	2026-09-19T10:28:22.105755Z		0.030000	15323136		8G	0			true		acacia-syntcomp26-coverage-136807-a3a9209d7f46.scope
S-cap120-epoch2	ltl2dba_R_pb_14_pe_.ltl	ltl2dba_R_pb_14_pe_.tlsf	120	TIMEOUT	120.12078335300612	124	true	timeout	none	0	8	40	50384cf69a733199fa17c9c571da1761d8451991	f80ff3f62daaa6e22a6753a3f30a127baab424d0320949bc9957a6ff62ea5ebe	otf_sparse_formula	2026-09-19T10:30:22.239061Z					8G	0			true		acacia-syntcomp26-coverage-136807-c283b2a2c29a.scope
S-cap120-epoch2	ltl2dba_U1_pb_2_pe_.ltl	ltl2dba_U1_pb_2_pe_.tlsf	120	REALIZABLE	0.016311587009113282	0	false		status	11	30	41	50384cf69a733199fa17c9c571da1761d8451991	f80ff3f62daaa6e22a6753a3f30a127baab424d0320949bc9957a6ff62ea5ebe	otf_sparse_formula	2026-09-19T10:30:22.275360Z		0.010000	15327232	42672128	8G	0			true		acacia-syntcomp26-coverage-136807-0d70bcf38438.scope
S-cap120-epoch2	ltl2dba_alpha_pb_12_pe_.ltl	ltl2dba_alpha_pb_12_pe_.tlsf	120	REALIZABLE	0.027868373988894746	0	false		status	11	30	42	50384cf69a733199fa17c9c571da1761d8451991	f80ff3f62daaa6e22a6753a3f30a127baab424d0320949bc9957a6ff62ea5ebe	otf_sparse_formula	2026-09-19T10:30:22.337054Z		0.020000	15433728		8G	0			true		acacia-syntcomp26-coverage-136807-a2597ca55249.scope
S-cap120-epoch2	ltl2dba_alpha_pb_8_pe_.ltl	ltl2dba_alpha_pb_8_pe_.tlsf	120	REALIZABLE	0.029202883000834845	0	false		status	11	30	43	50384cf69a733199fa17c9c571da1761d8451991	f80ff3f62daaa6e22a6753a3f30a127baab424d0320949bc9957a6ff62ea5ebe	otf_sparse_formula	2026-09-19T10:30:22.387785Z		0.020000	15433728		8G	0			true		acacia-syntcomp26-coverage-136807-ea8979f7f500.scope
S-cap120-epoch2	mux_pb_125_pe_.ltl	mux_pb_125_pe_.tlsf	120	REALIZABLE	0.0542101090104552	0	false		status	11	30	44	50384cf69a733199fa17c9c571da1761d8451991	f80ff3f62daaa6e22a6753a3f30a127baab424d0320949bc9957a6ff62ea5ebe	otf_sparse_formula	2026-09-19T10:30:22.476965Z		0.070000	17960960		8G	0			true		acacia-syntcomp26-coverage-136807-b28761aa8340.scope
S-cap120-epoch2	patrolling-alarm10.ltl	patrolling-alarm10.tlsf	120	UNREALIZABLE	0.1492467540083453	1	false		none	13	30	45	50384cf69a733199fa17c9c571da1761d8451991	f80ff3f62daaa6e22a6753a3f30a127baab424d0320949bc9957a6ff62ea5ebe	otf_sparse_formula	2026-09-19T10:30:22.640278Z		0.470000	30404608		8G	0			true		acacia-syntcomp26-coverage-136807-b7a91ccea86c.scope
S-cap120-epoch2	patrolling-alarm9.ltl	patrolling-alarm9.tlsf	120	UNREALIZABLE	0.1183606209960999	1	false		none	13	30	46	50384cf69a733199fa17c9c571da1761d8451991	f80ff3f62daaa6e22a6753a3f30a127baab424d0320949bc9957a6ff62ea5ebe	otf_sparse_formula	2026-09-19T10:30:22.772899Z		0.400000	28942336		8G	0			true		acacia-syntcomp26-coverage-136807-4139b48b3e0b.scope
S-cap120-epoch2	patrolling11.ltl	patrolling11.tlsf	120	UNREALIZABLE	0.15083907599910162	1	false		none	13	30	47	50384cf69a733199fa17c9c571da1761d8451991	f80ff3f62daaa6e22a6753a3f30a127baab424d0320949bc9957a6ff62ea5ebe	otf_sparse_formula	2026-09-19T10:30:22.939097Z		0.520000	33914880		8G	0			true		acacia-syntcomp26-coverage-136807-5a2ad76dcd57.scope
S-cap120-epoch2	patrolling15.ltl	patrolling15.tlsf	120	UNREALIZABLE	0.3568041349935811	1	false		none	13	30	48	50384cf69a733199fa17c9c571da1761d8451991	f80ff3f62daaa6e22a6753a3f30a127baab424d0320949bc9957a6ff62ea5ebe	otf_sparse_formula	2026-09-19T10:30:23.309866Z		1.330000	53534720		8G	0			true		acacia-syntcomp26-coverage-136807-711c1b45220a.scope
S-cap120-epoch2	patrolling16.ltl	patrolling16.tlsf	120	UNREALIZABLE	0.3750941439939197	1	false		none	13	30	49	50384cf69a733199fa17c9c571da1761d8451991	f80ff3f62daaa6e22a6753a3f30a127baab424d0320949bc9957a6ff62ea5ebe	otf_sparse_formula	2026-09-19T10:30:23.699015Z		1.360000	48807936		8G	0			true		acacia-syntcomp26-coverage-136807-628d80dfa466.scope
S-cap120-epoch2	prioritized_arbiter_unreal1_pb_3_7_pe_.ltl	prioritized_arbiter_unreal1_pb_3_7_pe_.tlsf	120	UNREALIZABLE	0.02170555198972579	1	false		status	13	30	50	50384cf69a733199fa17c9c571da1761d8451991	f80ff3f62daaa6e22a6753a3f30a127baab424d0320949bc9957a6ff62ea5ebe	otf_sparse_formula	2026-09-19T10:30:23.733745Z		0.020000	18751488		8G	0			true		acacia-syntcomp26-coverage-136807-18bee9e0fa13.scope
S-cap120-epoch2	prioritized_arbiter_unreal2_pb_4_pe_.ltl	prioritized_arbiter_unreal2_pb_4_pe_.tlsf	120	UNREALIZABLE	0.02455972699681297	1	false		status	13	30	51	50384cf69a733199fa17c9c571da1761d8451991	f80ff3f62daaa6e22a6753a3f30a127baab424d0320949bc9957a6ff62ea5ebe	otf_sparse_formula	2026-09-19T10:30:23.770956Z		0.010000	18444288	45985792	8G	0			true		acacia-syntcomp26-coverage-136807-64980cc8ffa5.scope
S-cap120-epoch2	robot-resource-2d13.ltl	robot-resource-2d13.tlsf	120	UNREALIZABLE	2.0654431949951686	1	false		none	13	30	52	50384cf69a733199fa17c9c571da1761d8451991	f80ff3f62daaa6e22a6753a3f30a127baab424d0320949bc9957a6ff62ea5ebe	otf_sparse_formula	2026-09-19T10:30:25.849551Z		8.150000	44593152		8G	0			true		acacia-syntcomp26-coverage-136807-33066453ea64.scope
S-cap120-epoch2	robot-to-target-charging19.ltl	robot-to-target-charging19.tlsf	120	TIMEOUT	120.32836029899772	124	true	timeout	none	0	8	53	50384cf69a733199fa17c9c571da1761d8451991	f80ff3f62daaa6e22a6753a3f30a127baab424d0320949bc9957a6ff62ea5ebe	otf_sparse_formula	2026-09-19T10:32:26.204234Z					8G	0			true		acacia-syntcomp26-coverage-136807-cb70ef5bd735.scope
S-cap120-epoch2	robot-to-target-charging9.ltl	robot-to-target-charging9.tlsf	120	UNREALIZABLE	23.337840897002025	1	false		none	13	32	54	50384cf69a733199fa17c9c571da1761d8451991	f80ff3f62daaa6e22a6753a3f30a127baab424d0320949bc9957a6ff62ea5ebe	otf_sparse_formula	2026-09-19T10:32:49.557020Z		92.750000	491237376		8G	0			true		acacia-syntcomp26-coverage-136807-c3fbe32fc47f.scope
S-cap120-epoch2	robot-to-target-unreal0.ltl	robot-to-target-unreal0.tlsf	120	REALIZABLE	8.579534467993653	0	false		none	11	32	55	50384cf69a733199fa17c9c571da1761d8451991	f80ff3f62daaa6e22a6753a3f30a127baab424d0320949bc9957a6ff62ea5ebe	otf_sparse_formula	2026-09-19T10:32:58.150127Z		33.790000	211128320		8G	0			true		acacia-syntcomp26-coverage-136807-d0177285ae4a.scope
S-cap120-epoch2	round_robin_arbiter_pb_4_pe_.ltl	round_robin_arbiter_pb_4_pe_.tlsf	120	REALIZABLE	0.11869690200546756	0	false		status	11	30	56	50384cf69a733199fa17c9c571da1761d8451991	f80ff3f62daaa6e22a6753a3f30a127baab424d0320949bc9957a6ff62ea5ebe	otf_sparse_formula	2026-09-19T10:32:58.284259Z		0.420000	31571968		8G	0			true		acacia-syntcomp26-coverage-136807-6905d3a063ca.scope
S-cap120-epoch2	round_robin_arbiter_unreal1_pb_4_3_pe_.ltl	round_robin_arbiter_unreal1_pb_4_3_pe_.tlsf	120	UNREALIZABLE	0.16796239199175034	1	false		status	13	30	57	50384cf69a733199fa17c9c571da1761d8451991	f80ff3f62daaa6e22a6753a3f30a127baab424d0320949bc9957a6ff62ea5ebe	otf_sparse_formula	2026-09-19T10:32:58.466462Z		0.600000	32436224		8G	0			true		acacia-syntcomp26-coverage-136807-f28985d1ca2d.scope
S-cap120-epoch2	round_robin_arbiter_unreal1_pb_4_4_pe_.ltl	round_robin_arbiter_unreal1_pb_4_4_pe_.tlsf	120	UNREALIZABLE	1.6367781489971094	1	false		status	13	31	58	50384cf69a733199fa17c9c571da1761d8451991	f80ff3f62daaa6e22a6753a3f30a127baab424d0320949bc9957a6ff62ea5ebe	otf_sparse_formula	2026-09-19T10:33:00.116747Z		6.430000	208535552		8G	0			true		acacia-syntcomp26-coverage-136807-564866f5f4c8.scope
S-cap120-epoch2	round_robin_arbiter_unreal2_pb_6_pe_.ltl	round_robin_arbiter_unreal2_pb_6_pe_.tlsf	120	TIMEOUT	120.21803760899638	124	true	timeout	none	0	8	59	50384cf69a733199fa17c9c571da1761d8451991	f80ff3f62daaa6e22a6753a3f30a127baab424d0320949bc9957a6ff62ea5ebe	otf_sparse_formula	2026-09-19T10:35:00.348555Z					8G	0			true		acacia-syntcomp26-coverage-136807-368fc4f303ac.scope
S-cap120-epoch2	simple_arbiter_unreal1_pb_2_12_pe_.ltl	simple_arbiter_unreal1_pb_2_12_pe_.tlsf	120	UNREALIZABLE	0.014557343994965777	1	false		status	13	30	60	50384cf69a733199fa17c9c571da1761d8451991	f80ff3f62daaa6e22a6753a3f30a127baab424d0320949bc9957a6ff62ea5ebe	otf_sparse_formula	2026-09-19T10:35:00.376297Z		0.010000	15306752	43167744	8G	0			true		acacia-syntcomp26-coverage-136807-5ce89da02457.scope
S-cap120-epoch2	simple_arbiter_unreal1_pb_2_6_pe_.ltl	simple_arbiter_unreal1_pb_2_6_pe_.tlsf	120	UNREALIZABLE	0.016484252992086112	1	false		status	13	30	61	50384cf69a733199fa17c9c571da1761d8451991	f80ff3f62daaa6e22a6753a3f30a127baab424d0320949bc9957a6ff62ea5ebe	otf_sparse_formula	2026-09-19T10:35:00.405047Z		0.010000	15224832	43171840	8G	0			true		acacia-syntcomp26-coverage-136807-f5a54c53673a.scope
S-cap120-epoch2	simple_arbiter_unreal1_pb_5_7_pe_.ltl	simple_arbiter_unreal1_pb_5_7_pe_.tlsf	120	UNREALIZABLE	0.027652166012558155	1	false		status	13	30	62	50384cf69a733199fa17c9c571da1761d8451991	f80ff3f62daaa6e22a6753a3f30a127baab424d0320949bc9957a6ff62ea5ebe	otf_sparse_formula	2026-09-19T10:35:00.459039Z		0.020000	15347712		8G	0			true		acacia-syntcomp26-coverage-136807-a5055037e37f.scope
S-cap120-epoch2	sort41.ltl	sort41.tlsf	120	UNREALIZABLE	0.6197066440072376	1	false		none	13	30	63	50384cf69a733199fa17c9c571da1761d8451991	f80ff3f62daaa6e22a6753a3f30a127baab424d0320949bc9957a6ff62ea5ebe	otf_sparse_formula	2026-09-19T10:35:01.094155Z		2.330000	48132096		8G	0			true		acacia-syntcomp26-coverage-136807-e2281d18c5c1.scope
S-cap120-epoch2	tasks-unreal1.ltl	tasks-unreal1.tlsf	120	TIMEOUT	120.28897728800075	124	true	timeout	none	0	8	64	50384cf69a733199fa17c9c571da1761d8451991	f80ff3f62daaa6e22a6753a3f30a127baab424d0320949bc9957a6ff62ea5ebe	otf_sparse_formula	2026-09-19T10:37:01.421637Z					8G	0			true		acacia-syntcomp26-coverage-136807-d8dc49d2983e.scope
S-cap120-epoch2	thermostat-GF-unreal1.ltl	thermostat-GF-unreal1.tlsf	120	UNREALIZABLE	32.289007689993014	1	false		none	13	34	65	50384cf69a733199fa17c9c571da1761d8451991	f80ff3f62daaa6e22a6753a3f30a127baab424d0320949bc9957a6ff62ea5ebe	otf_sparse_formula	2026-09-19T10:37:33.724462Z		128.130000	2395820032		8G	0			true		acacia-syntcomp26-coverage-136807-cebde038bbdf.scope
S-cap120-epoch2	workstation_resupply_pb_3_pe_.ltl	workstation_resupply_pb_3_pe_.tlsf	120	REALIZABLE	17.400333917001262	0	false		none	11	32	66	50384cf69a733199fa17c9c571da1761d8451991	f80ff3f62daaa6e22a6753a3f30a127baab424d0320949bc9957a6ff62ea5ebe	otf_sparse_formula	2026-09-19T10:37:51.138598Z		53.350000	321052672		8G	0			true		acacia-syntcomp26-coverage-136807-b2e9453b01f8.scope
S-cap120-epoch2	10.ltl	10.tlsf	120	REALIZABLE	3.7011868080007844	0	false		none	11	32	0	50384cf69a733199fa17c9c571da1761d8451991	f80ff3f62daaa6e22a6753a3f30a127baab424d0320949bc9957a6ff62ea5ebe	otf_sparse_formula	2026-09-19T11:28:56.197797Z		13.990000	166191104		8G	0			true		acacia-syntcomp26-coverage-141171-f6623380d784.scope
S-cap120-epoch2	Coffee_d6376bf9.ltl	Coffee_d6376bf9.tlsf	120	REALIZABLE	0.02146795400767587	0	false		status	11	30	1	50384cf69a733199fa17c9c571da1761d8451991	f80ff3f62daaa6e22a6753a3f30a127baab424d0320949bc9957a6ff62ea5ebe	otf_sparse_formula	2026-09-19T11:28:56.240473Z		0.030000	20500480		8G	0			true		acacia-syntcomp26-coverage-141171-58df6b580fdb.scope
S-cap120-epoch2	Coffee_efe2feaf.ltl	Coffee_efe2feaf.tlsf	120	REALIZABLE	0.025224558004993014	0	false		status	11	30	2	50384cf69a733199fa17c9c571da1761d8451991	f80ff3f62daaa6e22a6753a3f30a127baab424d0320949bc9957a6ff62ea5ebe	otf_sparse_formula	2026-09-19T11:28:56.279524Z		0.040000	20541440		8G	0			true		acacia-syntcomp26-coverage-141171-454832857d32.scope
S-cap120-epoch2	Core_66f450a4.ltl	Core_66f450a4.tlsf	120	UNREALIZABLE	0.028590396002982743	1	false		status	13	30	3	50384cf69a733199fa17c9c571da1761d8451991	f80ff3f62daaa6e22a6753a3f30a127baab424d0320949bc9957a6ff62ea5ebe	otf_sparse_formula	2026-09-19T11:28:56.331218Z		0.030000	20062208		8G	0			true		acacia-syntcomp26-coverage-141171-5de624c6c2fc.scope
S-cap120-epoch2	KitchenTimerV10.ltl	KitchenTimerV10.tlsf	120	REALIZABLE	0.09059484700264875	0	false		status	11	30	4	50384cf69a733199fa17c9c571da1761d8451991	f80ff3f62daaa6e22a6753a3f30a127baab424d0320949bc9957a6ff62ea5ebe	otf_sparse_formula	2026-09-19T11:28:56.434940Z		0.270000	26562560		8G	0			true		acacia-syntcomp26-coverage-141171-be5123144133.scope
S-cap120-epoch2	Lights3_06e9cad4.ltl	Lights3_06e9cad4.tlsf	120	REALIZABLE	0.03101411700481549	0	false		status	11	30	5	50384cf69a733199fa17c9c571da1761d8451991	f80ff3f62daaa6e22a6753a3f30a127baab424d0320949bc9957a6ff62ea5ebe	otf_sparse_formula	2026-09-19T11:28:56.480138Z		0.070000	21057536		8G	0			true		acacia-syntcomp26-coverage-141171-ddd41ce96a7b.scope
S-cap120-epoch2	Lights3_6bea956e.ltl	Lights3_6bea956e.tlsf	120	REALIZABLE	0.03476779200718738	0	false		status	11	30	6	50384cf69a733199fa17c9c571da1761d8451991	f80ff3f62daaa6e22a6753a3f30a127baab424d0320949bc9957a6ff62ea5ebe	otf_sparse_formula	2026-09-19T11:28:56.527265Z		0.080000	20971520		8G	0			true		acacia-syntcomp26-coverage-141171-07a20be8c544.scope
S-cap120-epoch2	Lights_9cac58d3.ltl	Lights_9cac58d3.tlsf	120	REALIZABLE	0.03945089899934828	0	false		status	11	30	7	50384cf69a733199fa17c9c571da1761d8451991	f80ff3f62daaa6e22a6753a3f30a127baab424d0320949bc9957a6ff62ea5ebe	otf_sparse_formula	2026-09-19T11:28:56.579544Z		0.090000	20910080		8G	0			true		acacia-syntcomp26-coverage-141171-6d08d17a87a0.scope
S-cap120-epoch2	Morning2_63831f8c.ltl	Morning2_63831f8c.tlsf	120	MEMOUT	81.10624663300405	-15	false	memory	none	0	8	8	50384cf69a733199fa17c9c571da1761d8451991	f80ff3f62daaa6e22a6753a3f30a127baab424d0320949bc9957a6ff62ea5ebe	otf_sparse_formula	2026-09-19T11:30:17.703816Z				8589934592	8G	0			true		acacia-syntcomp26-coverage-141171-848322f1b6ed.scope
S-cap120-epoch2	OneCounterGui.ltl	OneCounterGui.tlsf	120	UNREALIZABLE	0.02423153299605474	1	false		status	13	30	9	50384cf69a733199fa17c9c571da1761d8451991	f80ff3f62daaa6e22a6753a3f30a127baab424d0320949bc9957a6ff62ea5ebe	otf_sparse_formula	2026-09-19T11:30:17.741339Z		0.020000	19886080		8G	0			true		acacia-syntcomp26-coverage-141171-8dfcea383c57.scope
S-cap120-epoch2	OneCounterInRangeA1.ltl	OneCounterInRangeA1.tlsf	120	UNREALIZABLE	0.034967258005053736	1	false		status	13	30	10	50384cf69a733199fa17c9c571da1761d8451991	f80ff3f62daaa6e22a6753a3f30a127baab424d0320949bc9957a6ff62ea5ebe	otf_sparse_formula	2026-09-19T11:30:17.797273Z		0.040000	20103168		8G	0			true		acacia-syntcomp26-coverage-141171-f782b7b1fa28.scope
S-cap120-epoch2	System_b0840146.ltl	System_b0840146.tlsf	120	UNREALIZABLE	0.024747347008087672	1	false		status	13	30	11	50384cf69a733199fa17c9c571da1761d8451991	f80ff3f62daaa6e22a6753a3f30a127baab424d0320949bc9957a6ff62ea5ebe	otf_sparse_formula	2026-09-19T11:30:17.834842Z		0.010000	18309120	43950080	8G	0			true		acacia-syntcomp26-coverage-141171-4753791d2e7f.scope
S-cap120-epoch2	TwoCountersDisButA2.ltl	TwoCountersDisButA2.tlsf	120	UNREALIZABLE	0.055131465996964835	1	false		status	13	30	12	50384cf69a733199fa17c9c571da1761d8451991	f80ff3f62daaa6e22a6753a3f30a127baab424d0320949bc9957a6ff62ea5ebe	otf_sparse_formula	2026-09-19T11:30:17.904082Z		0.160000	27459584		8G	0			true		acacia-syntcomp26-coverage-141171-8accb74f509c.scope
S-cap120-epoch2	TwoCountersDisButA4.ltl	TwoCountersDisButA4.tlsf	120	UNREALIZABLE	0.1134314069931861	1	false		status	13	30	13	50384cf69a733199fa17c9c571da1761d8451991	f80ff3f62daaa6e22a6753a3f30a127baab424d0320949bc9957a6ff62ea5ebe	otf_sparse_formula	2026-09-19T11:30:18.030990Z		0.390000	29241344		8G	0			true		acacia-syntcomp26-coverage-141171-08baf7e8eddb.scope
S-cap120-epoch2	amba_case_study_unreal_pb_2_pe_.ltl	amba_case_study_unreal_pb_2_pe_.tlsf	120	TIMEOUT	120.1190264899924	124	true	timeout	none	0	8	14	50384cf69a733199fa17c9c571da1761d8451991	f80ff3f62daaa6e22a6753a3f30a127baab424d0320949bc9957a6ff62ea5ebe	otf_sparse_formula	2026-09-19T11:32:18.163551Z					8G	0			true		acacia-syntcomp26-coverage-141171-6c316279367f.scope
S-cap120-epoch2	amba_decomposed_arbiter_pb_12_pe_.ltl	amba_decomposed_arbiter_pb_12_pe_.tlsf	120	TIMEOUT	120.22328395899967	124	true	timeout	none	0	8	15	50384cf69a733199fa17c9c571da1761d8451991	f80ff3f62daaa6e22a6753a3f30a127baab424d0320949bc9957a6ff62ea5ebe	otf_sparse_formula	2026-09-19T11:34:18.428827Z					8G	0			true		acacia-syntcomp26-coverage-141171-88a02f0debec.scope
S-cap120-epoch2	amba_decomposed_lock_pb_12_pe_.ltl	amba_decomposed_lock_pb_12_pe_.tlsf	120	REALIZABLE	7.097885859009693	0	false		status	11	32	16	50384cf69a733199fa17c9c571da1761d8451991	f80ff3f62daaa6e22a6753a3f30a127baab424d0320949bc9957a6ff62ea5ebe	otf_sparse_formula	2026-09-19T11:34:25.540567Z		21.200000	310861824		8G	0			true		acacia-syntcomp26-coverage-141171-348b0cd0d38f.scope
S-cap120-epoch2	arbiter_on_inpchange_pb_7_pe_.ltl	arbiter_on_inpchange_pb_7_pe_.tlsf	120	MEMOUT	71.99004128600063	-15	false	memory	none	0	8	17	50384cf69a733199fa17c9c571da1761d8451991	f80ff3f62daaa6e22a6753a3f30a127baab424d0320949bc9957a6ff62ea5ebe	otf_sparse_formula	2026-09-19T11:35:37.550843Z				8589934592	8G	0			true		acacia-syntcomp26-coverage-141171-84585c14d89d.scope
S-cap120-epoch2	arbiter_with_cancel_pb_6_pe_.ltl	arbiter_with_cancel_pb_6_pe_.tlsf	120	TIMEOUT	120.13617298200552	124	true	timeout	none	0	8	18	50384cf69a733199fa17c9c571da1761d8451991	f80ff3f62daaa6e22a6753a3f30a127baab424d0320949bc9957a6ff62ea5ebe	otf_sparse_formula	2026-09-19T11:37:37.699807Z					8G	0			true		acacia-syntcomp26-coverage-141171-f29e096aeef6.scope
S-cap120-epoch2	chain-simple-10-real.ltl	chain-simple-10-real.tlsf	120	REALIZABLE	0.12742244800028857	0	false		none	11	30	19	50384cf69a733199fa17c9c571da1761d8451991	f80ff3f62daaa6e22a6753a3f30a127baab424d0320949bc9957a6ff62ea5ebe	otf_sparse_formula	2026-09-19T11:37:37.841060Z		0.450000	28336128		8G	0			true		acacia-syntcomp26-coverage-141171-630200e031b1.scope
S-cap120-epoch2	chain-simple-5-real.ltl	chain-simple-5-real.tlsf	120	REALIZABLE	0.08058555600291584	0	false		none	11	30	20	50384cf69a733199fa17c9c571da1761d8451991	f80ff3f62daaa6e22a6753a3f30a127baab424d0320949bc9957a6ff62ea5ebe	otf_sparse_formula	2026-09-19T11:37:37.935704Z		0.260000	23568384		8G	0			true		acacia-syntcomp26-coverage-141171-2484a671e663.scope
S-cap120-epoch2	chomp_pb_3_3_pe_.ltl	chomp_pb_3_3_pe_.tlsf	120	TIMEOUT	120.05264269000327	124	true	timeout	status	0	39	21	50384cf69a733199fa17c9c571da1761d8451991	f80ff3f62daaa6e22a6753a3f30a127baab424d0320949bc9957a6ff62ea5ebe	otf_sparse_formula	2026-09-19T11:39:38.000017Z					8G	0			true		acacia-syntcomp26-coverage-141171-31f7d5099fce.scope
S-cap120-epoch2	collector_v2_pb_7_pe_.ltl	collector_v2_pb_7_pe_.tlsf	120	REALIZABLE	0.03749319800408557	0	false		status	11	30	22	50384cf69a733199fa17c9c571da1761d8451991	f80ff3f62daaa6e22a6753a3f30a127baab424d0320949bc9957a6ff62ea5ebe	otf_sparse_formula	2026-09-19T11:39:38.050809Z		0.070000	24350720		8G	0			true		acacia-syntcomp26-coverage-141171-ed19072babae.scope
S-cap120-epoch2	door_locking_problem_d6c5ac79.ltl	door_locking_problem_d6c5ac79.tlsf	120	REALIZABLE	0.024632347995066084	0	false		status	11	30	23	50384cf69a733199fa17c9c571da1761d8451991	f80ff3f62daaa6e22a6753a3f30a127baab424d0320949bc9957a6ff62ea5ebe	otf_sparse_formula	2026-09-19T11:39:38.088594Z		0.030000	20271104		8G	0			true		acacia-syntcomp26-coverage-141171-fd5e975db943.scope
S-cap120-epoch2	evasion-real.ltl	evasion-real.tlsf	120	REALIZABLE	23.27202450900222	0	false		none	11	32	24	50384cf69a733199fa17c9c571da1761d8451991	f80ff3f62daaa6e22a6753a3f30a127baab424d0320949bc9957a6ff62ea5ebe	otf_sparse_formula	2026-09-19T11:40:01.374844Z		92.450000	721043456		8G	0			true		acacia-syntcomp26-coverage-141171-6b32ec5118c9.scope
S-cap120-epoch2	full_arbiter_unreal1_pb_2_7_pe_.ltl	full_arbiter_unreal1_pb_2_7_pe_.tlsf	120	UNREALIZABLE	0.022331921005388722	1	false		status	13	30	25	50384cf69a733199fa17c9c571da1761d8451991	f80ff3f62daaa6e22a6753a3f30a127baab424d0320949bc9957a6ff62ea5ebe	otf_sparse_formula	2026-09-19T11:40:01.410111Z		0.010000	15482880	43401216	8G	0			true		acacia-syntcomp26-coverage-141171-67ee3d8eef17.scope
S-cap120-epoch2	full_arbiter_unreal1_pb_3_10_pe_.ltl	full_arbiter_unreal1_pb_3_10_pe_.tlsf	120	UNREALIZABLE	0.02079917400260456	1	false		status	13	30	26	50384cf69a733199fa17c9c571da1761d8451991	f80ff3f62daaa6e22a6753a3f30a127baab424d0320949bc9957a6ff62ea5ebe	otf_sparse_formula	2026-09-19T11:40:01.443410Z		0.010000	15372288	43614208	8G	0			true		acacia-syntcomp26-coverage-141171-0e814bc9b746.scope
S-cap120-epoch2	full_arbiter_unreal1_pb_3_6_pe_.ltl	full_arbiter_unreal1_pb_3_6_pe_.tlsf	120	UNREALIZABLE	0.022078526992117986	1	false		status	13	30	27	50384cf69a733199fa17c9c571da1761d8451991	f80ff3f62daaa6e22a6753a3f30a127baab424d0320949bc9957a6ff62ea5ebe	otf_sparse_formula	2026-09-19T11:40:01.478110Z		0.010000	15417344	43094016	8G	0			true		acacia-syntcomp26-coverage-141171-f09cde20df96.scope
S-cap120-epoch2	g-unreal-310.ltl	g-unreal-310.tlsf	120	UNREALIZABLE	25.55657883398817	1	false		none	13	34	28	50384cf69a733199fa17c9c571da1761d8451991	f80ff3f62daaa6e22a6753a3f30a127baab424d0320949bc9957a6ff62ea5ebe	otf_sparse_formula	2026-09-19T11:40:27.046872Z		101.490000	1369382912		8G	0			true		acacia-syntcomp26-coverage-141171-e833e4dca19e.scope
S-cap120-epoch2	gf-unreal8.ltl	gf-unreal8.tlsf	120	UNREALIZABLE	0.024189397008740343	1	false		none	13	30	29	50384cf69a733199fa17c9c571da1761d8451991	f80ff3f62daaa6e22a6753a3f30a127baab424d0320949bc9957a6ff62ea5ebe	otf_sparse_formula	2026-09-19T11:40:27.084492Z		0.010000	17985536		8G	0			true		acacia-syntcomp26-coverage-141171-8c598b06348c.scope
S-cap120-epoch2	heim-double-x-real.ltl	heim-double-x-real.tlsf	120	REALIZABLE	0.3960930430039298	0	false		none	11	30	30	50384cf69a733199fa17c9c571da1761d8451991	f80ff3f62daaa6e22a6753a3f30a127baab424d0320949bc9957a6ff62ea5ebe	otf_sparse_formula	2026-09-19T11:40:27.493479Z		1.490000	47661056		8G	0			true		acacia-syntcomp26-coverage-141171-a00b8e9a4d0b.scope
S-cap120-epoch2	infinite-race-unequal-21.ltl	infinite-race-unequal-21.tlsf	120	UNREALIZABLE	0.036468204998527654	1	false		none	13	30	31	50384cf69a733199fa17c9c571da1761d8451991	f80ff3f62daaa6e22a6753a3f30a127baab424d0320949bc9957a6ff62ea5ebe	otf_sparse_formula	2026-09-19T11:40:27.544553Z		0.080000	21377024		8G	0			true		acacia-syntcomp26-coverage-141171-1adde4843aa2.scope
S-cap120-epoch2	infinite-race-unequal-25.ltl	infinite-race-unequal-25.tlsf	120	UNREALIZABLE	12.63301251300436	1	false		none	13	32	32	50384cf69a733199fa17c9c571da1761d8451991	f80ff3f62daaa6e22a6753a3f30a127baab424d0320949bc9957a6ff62ea5ebe	otf_sparse_formula	2026-09-19T11:40:40.190543Z		50.220000	634298368		8G	0			true		acacia-syntcomp26-coverage-141171-45635c255f12.scope
S-cap120-epoch2	lilydemo02.ltl	lilydemo02.tlsf	120	UNREALIZABLE	0.018990736003615893	1	false		status	13	30	33	50384cf69a733199fa17c9c571da1761d8451991	f80ff3f62daaa6e22a6753a3f30a127baab424d0320949bc9957a6ff62ea5ebe	otf_sparse_formula	2026-09-19T11:40:40.223230Z		0.010000	15056896	41992192	8G	0			true		acacia-syntcomp26-coverage-141171-e797440e7fdd.scope
S-cap120-epoch2	load_balancer_pb_2_pe_.ltl	load_balancer_pb_2_pe_.tlsf	120	REALIZABLE	0.02365631199791096	0	false		status	11	30	34	50384cf69a733199fa17c9c571da1761d8451991	f80ff3f62daaa6e22a6753a3f30a127baab424d0320949bc9957a6ff62ea5ebe	otf_sparse_formula	2026-09-19T11:40:40.259070Z		0.020000	19062784		8G	0			true		acacia-syntcomp26-coverage-141171-a7540807f43f.scope
S-cap120-epoch2	load_balancer_unreal1_pb_2_2_pe_.ltl	load_balancer_unreal1_pb_2_2_pe_.tlsf	120	UNREALIZABLE	0.017006359004881233	1	false		status	13	30	35	50384cf69a733199fa17c9c571da1761d8451991	f80ff3f62daaa6e22a6753a3f30a127baab424d0320949bc9957a6ff62ea5ebe	otf_sparse_formula	2026-09-19T11:40:40.288722Z		0.010000	19083264		8G	0			true		acacia-syntcomp26-coverage-141171-b8a2a77ec5ed.scope
S-cap120-epoch2	load_balancer_unreal1_pb_2_5_pe_.ltl	load_balancer_unreal1_pb_2_5_pe_.tlsf	120	UNREALIZABLE	0.01949202000105288	1	false		status	13	30	36	50384cf69a733199fa17c9c571da1761d8451991	f80ff3f62daaa6e22a6753a3f30a127baab424d0320949bc9957a6ff62ea5ebe	otf_sparse_formula	2026-09-19T11:40:40.328976Z		0.020000	19251200		8G	0			true		acacia-syntcomp26-coverage-141171-43f0e15827e3.scope
S-cap120-epoch2	load_balancer_unreal1_pb_4_2_pe_.ltl	load_balancer_unreal1_pb_4_2_pe_.tlsf	120	UNREALIZABLE	0.04574509599478915	1	false		status	13	30	37	50384cf69a733199fa17c9c571da1761d8451991	f80ff3f62daaa6e22a6753a3f30a127baab424d0320949bc9957a6ff62ea5ebe	otf_sparse_formula	2026-09-19T11:40:40.387384Z		0.090000	20762624		8G	0			true		acacia-syntcomp26-coverage-141171-06b10d8234a2.scope
S-cap120-epoch2	load_balancer_unreal1_pb_4_5_pe_.ltl	load_balancer_unreal1_pb_4_5_pe_.tlsf	120	UNREALIZABLE	0.1907203039882006	1	false		status	13	30	38	50384cf69a733199fa17c9c571da1761d8451991	f80ff3f62daaa6e22a6753a3f30a127baab424d0320949bc9957a6ff62ea5ebe	otf_sparse_formula	2026-09-19T11:40:40.591545Z		0.630000	32743424		8G	0			true		acacia-syntcomp26-coverage-141171-89a1c4991ef8.scope
S-cap120-epoch2	ltl2dba_C2_unreal_pb_50_pe_.ltl	ltl2dba_C2_unreal_pb_50_pe_.tlsf	120	TIMEOUT	120.22993762200349	124	true	timeout	status	0	8	39	50384cf69a733199fa17c9c571da1761d8451991	f80ff3f62daaa6e22a6753a3f30a127baab424d0320949bc9957a6ff62ea5ebe	otf_sparse_formula	2026-09-19T11:42:40.861444Z					8G	0			true		acacia-syntcomp26-coverage-141171-bad85e68c0e7.scope
S-cap120-epoch2	ltl2dba_E_pb_12_pe_.ltl	ltl2dba_E_pb_12_pe_.tlsf	120	REALIZABLE	0.029544705990701914	0	false		status	11	30	40	50384cf69a733199fa17c9c571da1761d8451991	f80ff3f62daaa6e22a6753a3f30a127baab424d0320949bc9957a6ff62ea5ebe	otf_sparse_formula	2026-09-19T11:42:40.913117Z		0.020000	15278080		8G	0			true		acacia-syntcomp26-coverage-141171-ecfc9f22ed36.scope
S-cap120-epoch2	ltl2dba_E_pb_4_pe_.ltl	ltl2dba_E_pb_4_pe_.tlsf	120	REALIZABLE	0.02738616599526722	0	false		status	11	30	41	50384cf69a733199fa17c9c571da1761d8451991	f80ff3f62daaa6e22a6753a3f30a127baab424d0320949bc9957a6ff62ea5ebe	otf_sparse_formula	2026-09-19T11:42:40.975380Z		0.020000	15294464		8G	0			true		acacia-syntcomp26-coverage-141171-f7f9b9a7e512.scope
S-cap120-epoch2	ltl2dba_R_pb_6_pe_.ltl	ltl2dba_R_pb_6_pe_.tlsf	120	UNREALIZABLE	0.585000826002215	1	false		status	13	30	42	50384cf69a733199fa17c9c571da1761d8451991	f80ff3f62daaa6e22a6753a3f30a127baab424d0320949bc9957a6ff62ea5ebe	otf_sparse_formula	2026-09-19T11:42:41.578282Z		2.240000	24367104		8G	0			true		acacia-syntcomp26-coverage-141171-307f31f28543.scope
S-cap120-epoch2	ltl2dba_U1_pb_1_pe_.ltl	ltl2dba_U1_pb_1_pe_.tlsf	120	REALIZABLE	0.01697819599939976	0	false		status	11	30	43	50384cf69a733199fa17c9c571da1761d8451991	f80ff3f62daaa6e22a6753a3f30a127baab424d0320949bc9957a6ff62ea5ebe	otf_sparse_formula	2026-09-19T11:42:41.608192Z		0.010000	15237120	42938368	8G	0			true		acacia-syntcomp26-coverage-141171-7583011b0f73.scope
S-cap120-epoch2	ltl2dba_beta_pb_30_pe_.ltl	ltl2dba_beta_pb_30_pe_.tlsf	120	REALIZABLE	0.021895633995882235	0	false		none	11	30	44	50384cf69a733199fa17c9c571da1761d8451991	f80ff3f62daaa6e22a6753a3f30a127baab424d0320949bc9957a6ff62ea5ebe	otf_sparse_formula	2026-09-19T11:42:41.643323Z		0.010000	15339520	42725376	8G	0			true		acacia-syntcomp26-coverage-141171-eb2fbfd9c25d.scope
S-cap120-epoch2	ltl2dpa07.ltl	ltl2dpa07.tlsf	120	REALIZABLE	0.017482569004641846	0	false		status	11	30	45	50384cf69a733199fa17c9c571da1761d8451991	f80ff3f62daaa6e22a6753a3f30a127baab424d0320949bc9957a6ff62ea5ebe	otf_sparse_formula	2026-09-19T11:42:41.672936Z		0.010000	15663104	41889792	8G	0			true		acacia-syntcomp26-coverage-141171-68b95cee126d.scope
S-cap120-epoch2	ltl2dpa08.ltl	ltl2dpa08.tlsf	120	REALIZABLE	0.01800712099066004	0	false		status	11	30	46	50384cf69a733199fa17c9c571da1761d8451991	f80ff3f62daaa6e22a6753a3f30a127baab424d0320949bc9957a6ff62ea5ebe	otf_sparse_formula	2026-09-19T11:42:41.703505Z		0.010000	15474688	42151936	8G	0			true		acacia-syntcomp26-coverage-141171-33d633ca3f06.scope
S-cap120-epoch2	ltl2dpa14.ltl	ltl2dpa14.tlsf	120	REALIZABLE	0.02376718699815683	0	false		status	11	30	47	50384cf69a733199fa17c9c571da1761d8451991	f80ff3f62daaa6e22a6753a3f30a127baab424d0320949bc9957a6ff62ea5ebe	otf_sparse_formula	2026-09-19T11:42:41.740109Z		0.010000	18903040	46325760	8G	0			true		acacia-syntcomp26-coverage-141171-cef42b12de19.scope
S-cap120-epoch2	prioritized_arbiter_pb_4_pe_.ltl	prioritized_arbiter_pb_4_pe_.tlsf	120	REALIZABLE	0.01746125498902984	0	false		status	11	30	48	50384cf69a733199fa17c9c571da1761d8451991	f80ff3f62daaa6e22a6753a3f30a127baab424d0320949bc9957a6ff62ea5ebe	otf_sparse_formula	2026-09-19T11:42:41.771781Z		0.010000	18898944		8G	0			true		acacia-syntcomp26-coverage-141171-7a1d757a0f01.scope
S-cap120-epoch2	prioritized_arbiter_pb_5_pe_.ltl	prioritized_arbiter_pb_5_pe_.tlsf	120	REALIZABLE	0.024275381001643836	0	false		status	11	30	49	50384cf69a733199fa17c9c571da1761d8451991	f80ff3f62daaa6e22a6753a3f30a127baab424d0320949bc9957a6ff62ea5ebe	otf_sparse_formula	2026-09-19T11:42:41.808264Z		0.040000	20258816		8G	0			true		acacia-syntcomp26-coverage-141171-29d77a9f7891.scope
S-cap120-epoch2	prioritized_arbiter_unreal1_pb_3_13_pe_.ltl	prioritized_arbiter_unreal1_pb_3_13_pe_.tlsf	120	UNREALIZABLE	0.020648445992264897	1	false		status	13	30	50	50384cf69a733199fa17c9c571da1761d8451991	f80ff3f62daaa6e22a6753a3f30a127baab424d0320949bc9957a6ff62ea5ebe	otf_sparse_formula	2026-09-19T11:42:41.841485Z		0.010000	18751488	44687360	8G	0			true		acacia-syntcomp26-coverage-141171-6425748f5a76.scope
S-cap120-epoch2	prioritized_arbiter_unreal1_pb_4_12_pe_.ltl	prioritized_arbiter_unreal1_pb_4_12_pe_.tlsf	120	UNREALIZABLE	0.01999665801122319	1	false		status	13	30	51	50384cf69a733199fa17c9c571da1761d8451991	f80ff3f62daaa6e22a6753a3f30a127baab424d0320949bc9957a6ff62ea5ebe	otf_sparse_formula	2026-09-19T11:42:41.874815Z		0.010000	18927616	45420544	8G	0			true		acacia-syntcomp26-coverage-141171-098909431357.scope
S-cap120-epoch2	robot-cat-real-1d-real.ltl	robot-cat-real-1d-real.tlsf	120	REALIZABLE	2.1967003350000596	0	false		none	11	31	52	50384cf69a733199fa17c9c571da1761d8451991	f80ff3f62daaa6e22a6753a3f30a127baab424d0320949bc9957a6ff62ea5ebe	otf_sparse_formula	2026-09-19T11:42:44.084801Z		8.670000	118677504		8G	0			true		acacia-syntcomp26-coverage-141171-8bd603c5bbf8.scope
S-cap120-epoch2	robot-grid-commute-1d-real.ltl	robot-grid-commute-1d-real.tlsf	120	REALIZABLE	1.9817338409920922	0	false		none	11	31	53	50384cf69a733199fa17c9c571da1761d8451991	f80ff3f62daaa6e22a6753a3f30a127baab424d0320949bc9957a6ff62ea5ebe	otf_sparse_formula	2026-09-19T11:42:46.087206Z		7.760000	172003328		8G	0			true		acacia-syntcomp26-coverage-141171-cadcc12cc460.scope
S-cap120-epoch2	robot-to-target-charging-unreal1.ltl	robot-to-target-charging-unreal1.tlsf	120	TIMEOUT	120.22930165199796	124	true	timeout	none	0	8	54	50384cf69a733199fa17c9c571da1761d8451991	f80ff3f62daaa6e22a6753a3f30a127baab424d0320949bc9957a6ff62ea5ebe	otf_sparse_formula	2026-09-19T11:44:46.345449Z					8G	0			true		acacia-syntcomp26-coverage-141171-cecbb18ba3bb.scope
S-cap120-epoch2	robot_deliver_products_20.ltl	robot_deliver_products_20.tlsf	120	TIMEOUT	120.12413649099472	124	true	timeout	none	0	8	55	50384cf69a733199fa17c9c571da1761d8451991	f80ff3f62daaa6e22a6753a3f30a127baab424d0320949bc9957a6ff62ea5ebe	otf_sparse_formula	2026-09-19T11:46:46.481867Z					8G	0			true		acacia-syntcomp26-coverage-141171-ef22dd9c8d2a.scope
S-cap120-epoch2	round_robin_arbiter_unreal1_pb_4_14_pe_.ltl	round_robin_arbiter_unreal1_pb_4_14_pe_.tlsf	120	MEMOUT	50.129559966997476	-15	false	memory	none	0	8	56	50384cf69a733199fa17c9c571da1761d8451991	f80ff3f62daaa6e22a6753a3f30a127baab424d0320949bc9957a6ff62ea5ebe	otf_sparse_formula	2026-09-19T11:47:36.630939Z				8589934592	8G	0			true		acacia-syntcomp26-coverage-141171-866d7352ee38.scope
S-cap120-epoch2	shift_pb_132_pe_.ltl	shift_pb_132_pe_.tlsf	120	REALIZABLE	0.03189415800443385	0	false		status	11	30	57	50384cf69a733199fa17c9c571da1761d8451991	f80ff3f62daaa6e22a6753a3f30a127baab424d0320949bc9957a6ff62ea5ebe	otf_sparse_formula	2026-09-19T11:47:36.685554Z		0.050000	17768448		8G	0			true		acacia-syntcomp26-coverage-141171-82d7d0ae7efc.scope
S-cap120-epoch2	simple_arbiter_unreal1_pb_2_1_pe_.ltl	simple_arbiter_unreal1_pb_2_1_pe_.tlsf	120	UNREALIZABLE	0.015552605997072533	1	false		status	13	30	58	50384cf69a733199fa17c9c571da1761d8451991	f80ff3f62daaa6e22a6753a3f30a127baab424d0320949bc9957a6ff62ea5ebe	otf_sparse_formula	2026-09-19T11:47:36.715173Z		0.010000	15319040	43175936	8G	0			true		acacia-syntcomp26-coverage-141171-87532fe1b5e9.scope
S-cap120-epoch2	simple_arbiter_unreal1_pb_3_6_pe_.ltl	simple_arbiter_unreal1_pb_3_6_pe_.tlsf	120	UNREALIZABLE	0.018648855009814724	1	false		status	13	30	59	50384cf69a733199fa17c9c571da1761d8451991	f80ff3f62daaa6e22a6753a3f30a127baab424d0320949bc9957a6ff62ea5ebe	otf_sparse_formula	2026-09-19T11:47:36.746281Z		0.010000	15327232	42614784	8G	0			true		acacia-syntcomp26-coverage-141171-0312d64785de.scope
S-cap120-epoch2	simple_arbiter_unreal1_pb_5_4_pe_.ltl	simple_arbiter_unreal1_pb_5_4_pe_.tlsf	120	UNREALIZABLE	0.018825280989403836	1	false		status	13	30	60	50384cf69a733199fa17c9c571da1761d8451991	f80ff3f62daaa6e22a6753a3f30a127baab424d0320949bc9957a6ff62ea5ebe	otf_sparse_formula	2026-09-19T11:47:36.777174Z		0.010000	15331328	43036672	8G	0			true		acacia-syntcomp26-coverage-141171-61db53cd2d59.scope
S-cap120-epoch2	simple_arbiter_unreal1_pb_5_5_pe_.ltl	simple_arbiter_unreal1_pb_5_5_pe_.tlsf	120	UNREALIZABLE	0.016443904998595826	1	false		status	13	30	61	50384cf69a733199fa17c9c571da1761d8451991	f80ff3f62daaa6e22a6753a3f30a127baab424d0320949bc9957a6ff62ea5ebe	otf_sparse_formula	2026-09-19T11:47:36.807554Z		0.010000	15347712	42835968	8G	0			true		acacia-syntcomp26-coverage-141171-9870032d8710.scope
S-cap120-epoch2	sort51.ltl	sort51.tlsf	120	TIMEOUT	120.32739587199467	124	true	timeout	none	0	8	62	50384cf69a733199fa17c9c571da1761d8451991	f80ff3f62daaa6e22a6753a3f30a127baab424d0320949bc9957a6ff62ea5ebe	otf_sparse_formula	2026-09-19T11:49:37.175656Z					8G	0			true		acacia-syntcomp26-coverage-141171-8218c3f08964.scope
S-cap120-epoch2	taxi-service-u-unreal.ltl	taxi-service-u-unreal.tlsf	120	UNREALIZABLE	0.0934857559914235	1	false		none	13	30	63	50384cf69a733199fa17c9c571da1761d8451991	f80ff3f62daaa6e22a6753a3f30a127baab424d0320949bc9957a6ff62ea5ebe	otf_sparse_formula	2026-09-19T11:49:37.283367Z		0.240000	21774336		8G	0			true		acacia-syntcomp26-coverage-141171-a77cd487b424.scope
S-cap120-epoch2	test_f3987563.ltl	test_f3987563.tlsf	120	REALIZABLE	0.0326093019975815	0	false		status	11	30	64	50384cf69a733199fa17c9c571da1761d8451991	f80ff3f62daaa6e22a6753a3f30a127baab424d0320949bc9957a6ff62ea5ebe	otf_sparse_formula	2026-09-19T11:49:37.336821Z		0.040000	18522112		8G	0			true		acacia-syntcomp26-coverage-141171-a76f37ffa042.scope
S-cap120-epoch2	Coffee_06e9cad4.ltl	Coffee_06e9cad4.tlsf	120	REALIZABLE	0.036768646008567885	0	false		status	11	30	0	50384cf69a733199fa17c9c571da1761d8451991	f80ff3f62daaa6e22a6753a3f30a127baab424d0320949bc9957a6ff62ea5ebe	otf_sparse_formula	2026-09-19T11:49:37.521374Z		0.070000	20606976		8G	0			true		acacia-syntcomp26-coverage-142442-6d616ec8fd5b.scope
S-cap120-epoch2	Coffee_6479ef9a.ltl	Coffee_6479ef9a.tlsf	120	REALIZABLE	0.023910122996312566	0	false		status	11	30	1	50384cf69a733199fa17c9c571da1761d8451991	f80ff3f62daaa6e22a6753a3f30a127baab424d0320949bc9957a6ff62ea5ebe	otf_sparse_formula	2026-09-19T11:49:37.573524Z		0.040000	20512768		8G	0			true		acacia-syntcomp26-coverage-142442-119ce7d50b3b.scope
S-cap120-epoch2	F-G-contradiction-114.ltl	F-G-contradiction-114.tlsf	120	TIMEOUT	120.22298955099541	124	true	timeout	none	0	8	2	50384cf69a733199fa17c9c571da1761d8451991	f80ff3f62daaa6e22a6753a3f30a127baab424d0320949bc9957a6ff62ea5ebe	otf_sparse_formula	2026-09-19T11:51:37.834223Z					8G	0			true		acacia-syntcomp26-coverage-142442-9c680733e1a5.scope
S-cap120-epoch2	F-G-contradiction-18.ltl	F-G-contradiction-18.tlsf	120	UNREALIZABLE	12.224352283999906	1	false		none	13	32	3	50384cf69a733199fa17c9c571da1761d8451991	f80ff3f62daaa6e22a6753a3f30a127baab424d0320949bc9957a6ff62ea5ebe	otf_sparse_formula	2026-09-19T11:51:50.072424Z		48.430000	935612416		8G	0			true		acacia-syntcomp26-coverage-142442-c52ced53adf7.scope
S-cap120-epoch2	GF-G-contradiction1.ltl	GF-G-contradiction1.tlsf	120	UNREALIZABLE	0.07538186899910215	1	false		none	13	30	4	50384cf69a733199fa17c9c571da1761d8451991	f80ff3f62daaa6e22a6753a3f30a127baab424d0320949bc9957a6ff62ea5ebe	otf_sparse_formula	2026-09-19T11:51:50.162264Z		0.200000	23433216		8G	0			true		acacia-syntcomp26-coverage-142442-b835dbbf28fc.scope
S-cap120-epoch2	Gamelogic.ltl	Gamelogic.tlsf	120	REALIZABLE	0.033137548991362564	0	false		status	11	30	5	50384cf69a733199fa17c9c571da1761d8451991	f80ff3f62daaa6e22a6753a3f30a127baab424d0320949bc9957a6ff62ea5ebe	otf_sparse_formula	2026-09-19T11:51:50.218377Z		0.040000	20074496		8G	0			true		acacia-syntcomp26-coverage-142442-13ee98cc0029.scope
S-cap120-epoch2	Heating_974f4a68.ltl	Heating_974f4a68.tlsf	120	REALIZABLE	0.04193142699659802	0	false		status	11	30	6	50384cf69a733199fa17c9c571da1761d8451991	f80ff3f62daaa6e22a6753a3f30a127baab424d0320949bc9957a6ff62ea5ebe	otf_sparse_formula	2026-09-19T11:51:50.286376Z		0.060000	20172800		8G	0			true		acacia-syntcomp26-coverage-142442-c292b16d7284.scope
S-cap120-epoch2	Lights2_f1477cc5.ltl	Lights2_f1477cc5.tlsf	120	UNREALIZABLE	0.05454568500863388	1	false		status	13	30	7	50384cf69a733199fa17c9c571da1761d8451991	f80ff3f62daaa6e22a6753a3f30a127baab424d0320949bc9957a6ff62ea5ebe	otf_sparse_formula	2026-09-19T11:51:50.354248Z		0.120000	20824064		8G	0			true		acacia-syntcomp26-coverage-142442-5143b24bb22d.scope
S-cap120-epoch2	Lights_3461125b.ltl	Lights_3461125b.tlsf	120	REALIZABLE	0.042832974999328144	0	false		status	11	30	8	50384cf69a733199fa17c9c571da1761d8451991	f80ff3f62daaa6e22a6753a3f30a127baab424d0320949bc9957a6ff62ea5ebe	otf_sparse_formula	2026-09-19T11:51:50.411339Z		0.090000	20824064		8G	0			true		acacia-syntcomp26-coverage-142442-0bfded6ad69d.scope
S-cap120-epoch2	Morning_4b5e6eaa.ltl	Morning_4b5e6eaa.tlsf	120	UNREALIZABLE	4.050457748002373	1	false		status	13	32	9	50384cf69a733199fa17c9c571da1761d8451991	f80ff3f62daaa6e22a6753a3f30a127baab424d0320949bc9957a6ff62ea5ebe	otf_sparse_formula	2026-09-19T11:51:54.474883Z		16.010000	230092800		8G	0			true		acacia-syntcomp26-coverage-142442-bbe94e4a1fc5.scope
S-cap120-epoch2	Scoreboard.ltl	Scoreboard.tlsf	120	REALIZABLE	0.017302289998042397	0	false		status	11	30	10	50384cf69a733199fa17c9c571da1761d8451991	f80ff3f62daaa6e22a6753a3f30a127baab424d0320949bc9957a6ff62ea5ebe	otf_sparse_formula	2026-09-19T11:51:54.505707Z		0.010000	15736832	43175936	8G	0			true		acacia-syntcomp26-coverage-142442-38cef5bc1b4a.scope
S-cap120-epoch2	Shades_974f4a68.ltl	Shades_974f4a68.tlsf	120	REALIZABLE	0.023687608991167508	0	false		status	11	30	11	50384cf69a733199fa17c9c571da1761d8451991	f80ff3f62daaa6e22a6753a3f30a127baab424d0320949bc9957a6ff62ea5ebe	otf_sparse_formula	2026-09-19T11:51:54.543105Z		0.040000	20320256		8G	0			true		acacia-syntcomp26-coverage-142442-5ce88f7b009f.scope
S-cap120-epoch2	SliderScored.ltl	SliderScored.tlsf	120	REALIZABLE	0.035356681008124724	0	false		status	11	30	12	50384cf69a733199fa17c9c571da1761d8451991	f80ff3f62daaa6e22a6753a3f30a127baab424d0320949bc9957a6ff62ea5ebe	otf_sparse_formula	2026-09-19T11:51:54.600945Z		0.060000	20316160		8G	0			true		acacia-syntcomp26-coverage-142442-164dfeedf46c.scope
S-cap120-epoch2	TorcsSimple.ltl	TorcsSimple.tlsf	120	REALIZABLE	0.04121871500683483	0	false		status	11	30	13	50384cf69a733199fa17c9c571da1761d8451991	f80ff3f62daaa6e22a6753a3f30a127baab424d0320949bc9957a6ff62ea5ebe	otf_sparse_formula	2026-09-19T11:51:54.669196Z		0.050000	20185088		8G	0			true		acacia-syntcomp26-coverage-142442-d0480003858a.scope
S-cap120-epoch2	TwoCountersDisButA3.ltl	TwoCountersDisButA3.tlsf	120	UNREALIZABLE	0.1274779889936326	1	false		status	13	30	14	50384cf69a733199fa17c9c571da1761d8451991	f80ff3f62daaa6e22a6753a3f30a127baab424d0320949bc9957a6ff62ea5ebe	otf_sparse_formula	2026-09-19T11:51:54.810051Z		0.400000	29306880		8G	0			true		acacia-syntcomp26-coverage-142442-35ce9dfc2df2.scope
S-cap120-epoch2	abcg_arbiter_pb_3_pe_.ltl	abcg_arbiter_pb_3_pe_.tlsf	120	REALIZABLE	31.86908654498984	0	false		none	11	34	15	50384cf69a733199fa17c9c571da1761d8451991	f80ff3f62daaa6e22a6753a3f30a127baab424d0320949bc9957a6ff62ea5ebe	otf_sparse_formula	2026-09-19T11:52:26.693693Z		106.540000	2410389504		8G	0			true		acacia-syntcomp26-coverage-142442-ee123d84ea52.scope
S-cap120-epoch2	amba_decomposed_arbiter_pb_13_pe_.ltl	amba_decomposed_arbiter_pb_13_pe_.tlsf	120	TIMEOUT	120.2247548079904	124	true	timeout	none	0	8	16	50384cf69a733199fa17c9c571da1761d8451991	f80ff3f62daaa6e22a6753a3f30a127baab424d0320949bc9957a6ff62ea5ebe	otf_sparse_formula	2026-09-19T11:54:26.946315Z					8G	0			true		acacia-syntcomp26-coverage-142442-73f5230a2376.scope
S-cap120-epoch2	amba_decomposed_arbiter_pb_4_pe_.ltl	amba_decomposed_arbiter_pb_4_pe_.tlsf	120	REALIZABLE	0.0375325229979353	0	false		status	11	30	17	50384cf69a733199fa17c9c571da1761d8451991	f80ff3f62daaa6e22a6753a3f30a127baab424d0320949bc9957a6ff62ea5ebe	otf_sparse_formula	2026-09-19T11:54:26.997304Z		0.070000	21508096		8G	0			true		acacia-syntcomp26-coverage-142442-b3a71fe80d96.scope
S-cap120-epoch2	amba_decomposed_encode_pb_12_pe_.ltl	amba_decomposed_encode_pb_12_pe_.tlsf	120	REALIZABLE	0.06246705399826169	0	false		status	11	30	18	50384cf69a733199fa17c9c571da1761d8451991	f80ff3f62daaa6e22a6753a3f30a127baab424d0320949bc9957a6ff62ea5ebe	otf_sparse_formula	2026-09-19T11:54:27.072944Z		0.150000	31719424		8G	0			true		acacia-syntcomp26-coverage-142442-45fd6ca2c369.scope
S-cap120-epoch2	arbiter_pb_7_pe_.ltl	arbiter_pb_7_pe_.tlsf	120	TIMEOUT	120.1717836829921	124	true	timeout	none	0	8	19	50384cf69a733199fa17c9c571da1761d8451991	f80ff3f62daaa6e22a6753a3f30a127baab424d0320949bc9957a6ff62ea5ebe	otf_sparse_formula	2026-09-19T11:56:27.267644Z					8G	0			true		acacia-syntcomp26-coverage-142442-3cacee2ccfb9.scope
S-cap120-epoch2	arbiter_with_buffer_pb_4_pe_.ltl	arbiter_with_buffer_pb_4_pe_.tlsf	120	REALIZABLE	0.059193078996031545	0	false		none	11	30	20	50384cf69a733199fa17c9c571da1761d8451991	f80ff3f62daaa6e22a6753a3f30a127baab424d0320949bc9957a6ff62ea5ebe	otf_sparse_formula	2026-09-19T11:56:27.341034Z		0.150000	23871488		8G	0			true		acacia-syntcomp26-coverage-142442-cb99e6a42ae9.scope
S-cap120-epoch2	arbiter_with_cancel_pb_8_pe_.ltl	arbiter_with_cancel_pb_8_pe_.tlsf	120	TIMEOUT	120.21876172600605	124	true	timeout	none	0	8	21	50384cf69a733199fa17c9c571da1761d8451991	f80ff3f62daaa6e22a6753a3f30a127baab424d0320949bc9957a6ff62ea5ebe	otf_sparse_formula	2026-09-19T11:58:27.571252Z					8G	0			true		acacia-syntcomp26-coverage-142442-235bea6b673e.scope
S-cap120-epoch2	chomp_pb_2_2_pe_.ltl	chomp_pb_2_2_pe_.tlsf	120	REALIZABLE	0.07812471300712787	0	false		status	11	30	22	50384cf69a733199fa17c9c571da1761d8451991	f80ff3f62daaa6e22a6753a3f30a127baab424d0320949bc9957a6ff62ea5ebe	otf_sparse_formula	2026-09-19T11:58:27.664772Z		0.190000	25202688		8G	0			true		acacia-syntcomp26-coverage-142442-55af535c2370.scope
S-cap120-epoch2	chomp_pb_2_3_pe_.ltl	chomp_pb_2_3_pe_.tlsf	120	REALIZABLE	3.702759783001966	0	false		status	11	31	23	50384cf69a733199fa17c9c571da1761d8451991	f80ff3f62daaa6e22a6753a3f30a127baab424d0320949bc9957a6ff62ea5ebe	otf_sparse_formula	2026-09-19T11:58:31.380142Z		7.710000	145608704		8G	0			true		acacia-syntcomp26-coverage-142442-53cdd5ae53e1.scope
S-cap120-epoch2	collector_v1_pb_11_pe_.ltl	collector_v1_pb_11_pe_.tlsf	120	MEMOUT	69.73816647000785	-15	false	memory	status	0	8	24	50384cf69a733199fa17c9c571da1761d8451991	f80ff3f62daaa6e22a6753a3f30a127baab424d0320949bc9957a6ff62ea5ebe	otf_sparse_formula	2026-09-19T11:59:41.138871Z				8589934592	8G	0			true		acacia-syntcomp26-coverage-142442-e8c08646ddfb.scope
S-cap120-epoch2	collector_v3_pb_9_pe_.ltl	collector_v3_pb_9_pe_.tlsf	120	REALIZABLE	108.00048160199367	0	false		status	11	33	25	50384cf69a733199fa17c9c571da1761d8451991	f80ff3f62daaa6e22a6753a3f30a127baab424d0320949bc9957a6ff62ea5ebe	otf_sparse_formula	2026-09-19T12:01:29.153068Z		430.300000	623230976		8G	0			true		acacia-syntcomp26-coverage-142442-4c5ce8b83099.scope
S-cap120-epoch2	evasion0.ltl	evasion0.tlsf	120	UNREALIZABLE	0.5674025000043912	1	false		none	13	30	26	50384cf69a733199fa17c9c571da1761d8451991	f80ff3f62daaa6e22a6753a3f30a127baab424d0320949bc9957a6ff62ea5ebe	otf_sparse_formula	2026-09-19T12:01:29.734050Z		2.170000	75309056		8G	0			true		acacia-syntcomp26-coverage-142442-84cdfbf9b16b.scope
S-cap120-epoch2	example7_pb_1_pe_.ltl	example7_pb_1_pe_.tlsf	120	REALIZABLE	0.022375783999450505	0	false		none	11	30	27	50384cf69a733199fa17c9c571da1761d8451991	f80ff3f62daaa6e22a6753a3f30a127baab424d0320949bc9957a6ff62ea5ebe	otf_sparse_formula	2026-09-19T12:01:29.793247Z		0.010000	15360000		8G	0			true		acacia-syntcomp26-coverage-142442-58b1779412e1.scope
S-cap120-epoch2	full_arbiter_unreal1_pb_2_12_pe_.ltl	full_arbiter_unreal1_pb_2_12_pe_.tlsf	120	UNREALIZABLE	0.030743290000827983	1	false		status	13	30	28	50384cf69a733199fa17c9c571da1761d8451991	f80ff3f62daaa6e22a6753a3f30a127baab424d0320949bc9957a6ff62ea5ebe	otf_sparse_formula	2026-09-19T12:01:29.853756Z		0.030000	15441920		8G	0			true		acacia-syntcomp26-coverage-142442-2b16473842d3.scope
S-cap120-epoch2	full_arbiter_unreal1_pb_2_18_pe_.ltl	full_arbiter_unreal1_pb_2_18_pe_.tlsf	120	UNREALIZABLE	0.03130523800791707	1	false		status	13	30	29	50384cf69a733199fa17c9c571da1761d8451991	f80ff3f62daaa6e22a6753a3f30a127baab424d0320949bc9957a6ff62ea5ebe	otf_sparse_formula	2026-09-19T12:01:29.913659Z		0.030000	15433728		8G	0			true		acacia-syntcomp26-coverage-142442-60ad8299a022.scope
S-cap120-epoch2	full_arbiter_unreal2_pb_2_pe_.ltl	full_arbiter_unreal2_pb_2_pe_.tlsf	120	UNREALIZABLE	0.03454570399480872	1	false		status	13	30	30	50384cf69a733199fa17c9c571da1761d8451991	f80ff3f62daaa6e22a6753a3f30a127baab424d0320949bc9957a6ff62ea5ebe	otf_sparse_formula	2026-09-19T12:01:29.986419Z		0.030000	15450112		8G	0			true		acacia-syntcomp26-coverage-142442-965f7f197a10.scope
S-cap120-epoch2	g-unreal-20.ltl	g-unreal-20.tlsf	120	TIMEOUT	120.22785222499806	124	true	timeout	none	0	8	31	50384cf69a733199fa17c9c571da1761d8451991	f80ff3f62daaa6e22a6753a3f30a127baab424d0320949bc9957a6ff62ea5ebe	otf_sparse_formula	2026-09-19T12:03:30.256543Z					8G	0			true		acacia-syntcomp26-coverage-142442-c257afaf032e.scope
S-cap120-epoch2	gf-unreal39.ltl	gf-unreal39.tlsf	120	UNREALIZABLE	0.04475952799839433	1	false		none	13	30	32	50384cf69a733199fa17c9c571da1761d8451991	f80ff3f62daaa6e22a6753a3f30a127baab424d0320949bc9957a6ff62ea5ebe	otf_sparse_formula	2026-09-19T12:03:30.314911Z		0.070000	19775488		8G	0			true		acacia-syntcomp26-coverage-142442-7ab8305de0da.scope
S-cap120-epoch2	gf-unreal40.ltl	gf-unreal40.tlsf	120	UNREALIZABLE	0.03938378900056705	1	false		none	13	30	33	50384cf69a733199fa17c9c571da1761d8451991	f80ff3f62daaa6e22a6753a3f30a127baab424d0320949bc9957a6ff62ea5ebe	otf_sparse_formula	2026-09-19T12:03:30.368460Z		0.070000	19783680		8G	0			true		acacia-syntcomp26-coverage-142442-e65016406f1d.scope
S-cap120-epoch2	gf-unreal7.ltl	gf-unreal7.tlsf	120	UNREALIZABLE	0.02760435799427796	1	false		none	13	30	34	50384cf69a733199fa17c9c571da1761d8451991	f80ff3f62daaa6e22a6753a3f30a127baab424d0320949bc9957a6ff62ea5ebe	otf_sparse_formula	2026-09-19T12:03:30.418876Z		0.030000	18006016		8G	0			true		acacia-syntcomp26-coverage-142442-a222e92c27e3.scope
S-cap120-epoch2	infinite-race-u10.ltl	infinite-race-u10.tlsf	120	UNREALIZABLE	10.71292228200764	1	false		none	13	32	35	50384cf69a733199fa17c9c571da1761d8451991	f80ff3f62daaa6e22a6753a3f30a127baab424d0320949bc9957a6ff62ea5ebe	otf_sparse_formula	2026-09-19T12:03:41.144986Z		42.350000	1018773504		8G	0			true		acacia-syntcomp26-coverage-142442-bcd8a9b2e81e.scope
S-cap120-epoch2	lilydemo04.ltl	lilydemo04.tlsf	120	REALIZABLE	0.02415844200004358	0	false		status	11	30	36	50384cf69a733199fa17c9c571da1761d8451991	f80ff3f62daaa6e22a6753a3f30a127baab424d0320949bc9957a6ff62ea5ebe	otf_sparse_formula	2026-09-19T12:03:41.182151Z		0.010000	18055168	43982848	8G	0			true		acacia-syntcomp26-coverage-142442-ad0c59e31bad.scope
S-cap120-epoch2	lilydemo09.ltl	lilydemo09.tlsf	120	REALIZABLE	0.020954136009095237	0	false		status	11	30	37	50384cf69a733199fa17c9c571da1761d8451991	f80ff3f62daaa6e22a6753a3f30a127baab424d0320949bc9957a6ff62ea5ebe	otf_sparse_formula	2026-09-19T12:03:41.215560Z		0.010000	17829888	43102208	8G	0			true		acacia-syntcomp26-coverage-142442-2b222f3994de.scope
S-cap120-epoch2	load_balancer_unreal1_pb_2_7_pe_.ltl	load_balancer_unreal1_pb_2_7_pe_.tlsf	120	UNREALIZABLE	0.027329980992362835	1	false		status	13	30	38	50384cf69a733199fa17c9c571da1761d8451991	f80ff3f62daaa6e22a6753a3f30a127baab424d0320949bc9957a6ff62ea5ebe	otf_sparse_formula	2026-09-19T12:03:41.255096Z		0.020000	19447808		8G	0			true		acacia-syntcomp26-coverage-142442-461cc9b13f65.scope
S-cap120-epoch2	load_balancer_unreal1_pb_3_6_pe_.ltl	load_balancer_unreal1_pb_3_6_pe_.tlsf	120	UNREALIZABLE	0.0312974409898743	1	false		status	13	30	39	50384cf69a733199fa17c9c571da1761d8451991	f80ff3f62daaa6e22a6753a3f30a127baab424d0320949bc9957a6ff62ea5ebe	otf_sparse_formula	2026-09-19T12:03:41.299152Z		0.050000	20471808		8G	0			true		acacia-syntcomp26-coverage-142442-6257e11b16d4.scope
S-cap120-epoch2	ltl2dba_C2_pb_60_pe_.ltl	ltl2dba_C2_pb_60_pe_.tlsf	120	REALIZABLE	0.03151701400929596	0	false		none	11	30	40	50384cf69a733199fa17c9c571da1761d8451991	f80ff3f62daaa6e22a6753a3f30a127baab424d0320949bc9957a6ff62ea5ebe	otf_sparse_formula	2026-09-19T12:03:41.368203Z		0.030000	16101376		8G	0			true		acacia-syntcomp26-coverage-142442-62f461795b49.scope
S-cap120-epoch2	ltl2dba_C2_unreal_pb_12_pe_.ltl	ltl2dba_C2_unreal_pb_12_pe_.tlsf	120	UNREALIZABLE	0.5078136410011211	1	false		status	13	30	41	50384cf69a733199fa17c9c571da1761d8451991	f80ff3f62daaa6e22a6753a3f30a127baab424d0320949bc9957a6ff62ea5ebe	otf_sparse_formula	2026-09-19T12:03:41.890805Z		1.910000	50946048		8G	0			true		acacia-syntcomp26-coverage-142442-48045c23cb49.scope
S-cap120-epoch2	ltl2dba_C2_unreal_pb_8_pe_.ltl	ltl2dba_C2_unreal_pb_8_pe_.tlsf	120	UNREALIZABLE	0.04193622799357399	1	false		status	13	30	42	50384cf69a733199fa17c9c571da1761d8451991	f80ff3f62daaa6e22a6753a3f30a127baab424d0320949bc9957a6ff62ea5ebe	otf_sparse_formula	2026-09-19T12:03:41.946786Z		0.090000	33533952		8G	0			true		acacia-syntcomp26-coverage-142442-0d2c0cc8c115.scope
S-cap120-epoch2	ltl2dba_Q_pb_10_pe_.ltl	ltl2dba_Q_pb_10_pe_.tlsf	120	REALIZABLE	0.025569467004970647	0	false		status	11	30	43	50384cf69a733199fa17c9c571da1761d8451991	f80ff3f62daaa6e22a6753a3f30a127baab424d0320949bc9957a6ff62ea5ebe	otf_sparse_formula	2026-09-19T12:03:41.994485Z		0.020000	15290368		8G	0			true		acacia-syntcomp26-coverage-142442-2b6aec0f9904.scope
S-cap120-epoch2	ltl2dba_Q_pb_6_pe_.ltl	ltl2dba_Q_pb_6_pe_.tlsf	120	REALIZABLE	0.032612580005661584	0	false		status	11	30	44	50384cf69a733199fa17c9c571da1761d8451991	f80ff3f62daaa6e22a6753a3f30a127baab424d0320949bc9957a6ff62ea5ebe	otf_sparse_formula	2026-09-19T12:03:42.055335Z		0.030000	15302656		8G	0			true		acacia-syntcomp26-coverage-142442-b4170243ba7c.scope
S-cap120-epoch2	ltl2dba_R_pb_11_pe_.ltl	ltl2dba_R_pb_11_pe_.tlsf	120	TIMEOUT	120.13332511798944	124	true	timeout	status	0	8	45	50384cf69a733199fa17c9c571da1761d8451991	f80ff3f62daaa6e22a6753a3f30a127baab424d0320949bc9957a6ff62ea5ebe	otf_sparse_formula	2026-09-19T12:05:42.229881Z					8G	0			true		acacia-syntcomp26-coverage-142442-b55a3f5e074d.scope
S-cap120-epoch2	ltl2dba_R_pb_4_pe_.ltl	ltl2dba_R_pb_4_pe_.tlsf	120	UNREALIZABLE	0.03907432500272989	1	false		status	13	30	46	50384cf69a733199fa17c9c571da1761d8451991	f80ff3f62daaa6e22a6753a3f30a127baab424d0320949bc9957a6ff62ea5ebe	otf_sparse_formula	2026-09-19T12:05:42.283762Z		0.060000	20013056		8G	0			true		acacia-syntcomp26-coverage-142442-2309d838ce1c.scope
S-cap120-epoch2	ltl2dba_beta_pb_15_pe_.ltl	ltl2dba_beta_pb_15_pe_.tlsf	120	REALIZABLE	0.024456715997075662	0	false		status	11	30	47	50384cf69a733199fa17c9c571da1761d8451991	f80ff3f62daaa6e22a6753a3f30a127baab424d0320949bc9957a6ff62ea5ebe	otf_sparse_formula	2026-09-19T12:05:42.345436Z		0.030000	15335424		8G	0			true		acacia-syntcomp26-coverage-142442-9072f10bba0b.scope
S-cap120-epoch2	ltl2dba_beta_pb_4_pe_.ltl	ltl2dba_beta_pb_4_pe_.tlsf	120	REALIZABLE	0.03454459299973678	0	false		status	11	30	48	50384cf69a733199fa17c9c571da1761d8451991	f80ff3f62daaa6e22a6753a3f30a127baab424d0320949bc9957a6ff62ea5ebe	otf_sparse_formula	2026-09-19T12:05:42.418530Z		0.040000	15298560		8G	0			true		acacia-syntcomp26-coverage-142442-a7220e66579d.scope
S-cap120-epoch2	ltl2dpa02.ltl	ltl2dpa02.tlsf	120	REALIZABLE	0.03813090598850977	0	false		status	11	30	49	50384cf69a733199fa17c9c571da1761d8451991	f80ff3f62daaa6e22a6753a3f30a127baab424d0320949bc9957a6ff62ea5ebe	otf_sparse_formula	2026-09-19T12:05:42.494384Z		0.030000	15548416		8G	0			true		acacia-syntcomp26-coverage-142442-5fba0509ca76.scope
S-cap120-epoch2	ltl2dpa16.ltl	ltl2dpa16.tlsf	120	REALIZABLE	0.031845630990574136	0	false		status	11	30	50	50384cf69a733199fa17c9c571da1761d8451991	f80ff3f62daaa6e22a6753a3f30a127baab424d0320949bc9957a6ff62ea5ebe	otf_sparse_formula	2026-09-19T12:05:42.565611Z		0.030000	15663104		8G	0			true		acacia-syntcomp26-coverage-142442-a5df265eb87a.scope
S-cap120-epoch2	patrolling-alarm18.ltl	patrolling-alarm18.tlsf	120	UNREALIZABLE	0.5409649959910894	1	false		none	13	30	51	50384cf69a733199fa17c9c571da1761d8451991	f80ff3f62daaa6e22a6753a3f30a127baab424d0320949bc9957a6ff62ea5ebe	otf_sparse_formula	2026-09-19T12:05:43.120378Z		2.000000	92332032		8G	0			true		acacia-syntcomp26-coverage-142442-a90a6951f816.scope
S-cap120-epoch2	patrolling4.ltl	patrolling4.tlsf	120	UNREALIZABLE	0.04782504700415302	1	false		none	13	30	52	50384cf69a733199fa17c9c571da1761d8451991	f80ff3f62daaa6e22a6753a3f30a127baab424d0320949bc9957a6ff62ea5ebe	otf_sparse_formula	2026-09-19T12:05:43.182098Z		0.130000	21917696		8G	0			true		acacia-syntcomp26-coverage-142442-6f697e00f6da.scope
S-cap120-epoch2	prioritized_arbiter_unreal1_pb_2_11_pe_.ltl	prioritized_arbiter_unreal1_pb_2_11_pe_.tlsf	120	UNREALIZABLE	0.023418794997269288	1	false		status	13	30	53	50384cf69a733199fa17c9c571da1761d8451991	f80ff3f62daaa6e22a6753a3f30a127baab424d0320949bc9957a6ff62ea5ebe	otf_sparse_formula	2026-09-19T12:05:43.230276Z		0.030000	18579456		8G	0			true		acacia-syntcomp26-coverage-142442-a750f6790315.scope
S-cap120-epoch2	prioritized_arbiter_unreal1_pb_2_4_pe_.ltl	prioritized_arbiter_unreal1_pb_2_4_pe_.tlsf	120	UNREALIZABLE	0.031124925997573882	1	false		status	13	30	54	50384cf69a733199fa17c9c571da1761d8451991	f80ff3f62daaa6e22a6753a3f30a127baab424d0320949bc9957a6ff62ea5ebe	otf_sparse_formula	2026-09-19T12:05:43.283927Z		0.020000	18370560		8G	0			true		acacia-syntcomp26-coverage-142442-a93064956e04.scope
S-cap120-epoch2	prioritized_arbiter_unreal1_pb_5_32_pe_.ltl	prioritized_arbiter_unreal1_pb_5_32_pe_.tlsf	120	UNREALIZABLE	0.04512411401083227	1	false		status	13	30	55	50384cf69a733199fa17c9c571da1761d8451991	f80ff3f62daaa6e22a6753a3f30a127baab424d0320949bc9957a6ff62ea5ebe	otf_sparse_formula	2026-09-19T12:05:43.352821Z		0.070000	20017152		8G	0			true		acacia-syntcomp26-coverage-142442-a46af17019b5.scope
S-cap120-epoch2	robot-resource-2d10.ltl	robot-resource-2d10.tlsf	120	UNREALIZABLE	1.7071577299939236	1	false		none	13	30	56	50384cf69a733199fa17c9c571da1761d8451991	f80ff3f62daaa6e22a6753a3f30a127baab424d0320949bc9957a6ff62ea5ebe	otf_sparse_formula	2026-09-19T12:05:45.073532Z		6.690000	44564480		8G	0			true		acacia-syntcomp26-coverage-142442-059a8fa2ea8a.scope
S-cap120-epoch2	robot-resource-2d4.ltl	robot-resource-2d4.tlsf	120	UNREALIZABLE	0.32184167800005525	1	false		none	13	30	57	50384cf69a733199fa17c9c571da1761d8451991	f80ff3f62daaa6e22a6753a3f30a127baab424d0320949bc9957a6ff62ea5ebe	otf_sparse_formula	2026-09-19T12:05:45.411188Z		1.210000	29499392		8G	0			true		acacia-syntcomp26-coverage-142442-e4b3f31b5367.scope
S-cap120-epoch2	robot_repair3.ltl	robot_repair3.tlsf	120	TIMEOUT	120.14027077000355	124	true	timeout	none	0	8	58	50384cf69a733199fa17c9c571da1761d8451991	f80ff3f62daaa6e22a6753a3f30a127baab424d0320949bc9957a6ff62ea5ebe	otf_sparse_formula	2026-09-19T12:07:45.592552Z					8G	0			true		acacia-syntcomp26-coverage-142442-bea250bdc481.scope
S-cap120-epoch2	round_robin_arbiter_unreal1_pb_2_5_pe_.ltl	round_robin_arbiter_unreal1_pb_2_5_pe_.tlsf	120	UNREALIZABLE	0.03690365100919735	1	false		status	13	30	59	50384cf69a733199fa17c9c571da1761d8451991	f80ff3f62daaa6e22a6753a3f30a127baab424d0320949bc9957a6ff62ea5ebe	otf_sparse_formula	2026-09-19T12:07:45.655481Z		0.030000	19480576		8G	0			true		acacia-syntcomp26-coverage-142442-7138d0cf5e57.scope
S-cap120-epoch2	round_robin_arbiter_unreal2_pb_3_pe_.ltl	round_robin_arbiter_unreal2_pb_3_pe_.tlsf	120	UNREALIZABLE	0.0456683070078725	1	false		status	13	30	60	50384cf69a733199fa17c9c571da1761d8451991	f80ff3f62daaa6e22a6753a3f30a127baab424d0320949bc9957a6ff62ea5ebe	otf_sparse_formula	2026-09-19T12:07:45.714113Z		0.090000	19779584		8G	0			true		acacia-syntcomp26-coverage-142442-ce6210d5619a.scope
S-cap120-epoch2	rw_arbiter_pb_1_pe_.ltl	rw_arbiter_pb_1_pe_.tlsf	120	REALIZABLE	0.03755314899899531	0	false		none	11	30	61	50384cf69a733199fa17c9c571da1761d8451991	f80ff3f62daaa6e22a6753a3f30a127baab424d0320949bc9957a6ff62ea5ebe	otf_sparse_formula	2026-09-19T12:07:45.778721Z		0.040000	18419712		8G	0			true		acacia-syntcomp26-coverage-142442-d5a42c77e1b2.scope
S-cap120-epoch2	simple_arbiter_enc_pb_12_pe_.ltl	simple_arbiter_enc_pb_12_pe_.tlsf	120	TIMEOUT	120.09209855900554	124	true	timeout	status	0	8	62	50384cf69a733199fa17c9c571da1761d8451991	f80ff3f62daaa6e22a6753a3f30a127baab424d0320949bc9957a6ff62ea5ebe	otf_sparse_formula	2026-09-19T12:09:45.883599Z					8G	0			true		acacia-syntcomp26-coverage-142442-1e3ffee29c26.scope
S-cap120-epoch2	simple_arbiter_unreal1_pb_16_3_pe_.ltl	simple_arbiter_unreal1_pb_16_3_pe_.tlsf	120	UNREALIZABLE	0.025828261001151986	1	false		status	13	30	63	50384cf69a733199fa17c9c571da1761d8451991	f80ff3f62daaa6e22a6753a3f30a127baab424d0320949bc9957a6ff62ea5ebe	otf_sparse_formula	2026-09-19T12:09:45.921817Z		0.010000	15486976		8G	0			true		acacia-syntcomp26-coverage-142442-e6f78872f449.scope
S-cap120-epoch2	simple_arbiter_with_hints_pb_4_pe_.ltl	simple_arbiter_with_hints_pb_4_pe_.tlsf	120	REALIZABLE	0.020191735005937517	0	false		none	11	30	64	50384cf69a733199fa17c9c571da1761d8451991	f80ff3f62daaa6e22a6753a3f30a127baab424d0320949bc9957a6ff62ea5ebe	otf_sparse_formula	2026-09-19T12:09:45.955328Z		0.020000	19861504		8G	0			true		acacia-syntcomp26-coverage-142442-5e4e3ccad03c.scope
S-cap120-epoch2	ActionConverter.ltl	ActionConverter.tlsf	120	REALIZABLE	0.018450132993166335	0	false		status	11	30	0	50384cf69a733199fa17c9c571da1761d8451991	f80ff3f62daaa6e22a6753a3f30a127baab424d0320949bc9957a6ff62ea5ebe	otf_sparse_formula	2026-09-19T12:57:43.150233Z		0.010000	15683584		8G	0			true		acacia-syntcomp26-coverage-146382-e23a4e50c8b7.scope
S-cap120-epoch2	Demo1_06e9cad4.ltl	Demo1_06e9cad4.tlsf	120	TIMEOUT	120.1435237040132	124	true	timeout	none	0	8	1	50384cf69a733199fa17c9c571da1761d8451991	f80ff3f62daaa6e22a6753a3f30a127baab424d0320949bc9957a6ff62ea5ebe	otf_sparse_formula	2026-09-19T12:59:43.344736Z					8G	0			true		acacia-syntcomp26-coverage-146382-81a3cf520742.scope
S-cap120-epoch2	FelixSpecFixed3_b0840146.ltl	FelixSpecFixed3_b0840146.tlsf	120	TIMEOUT	120.2197353040101	124	true	timeout	status	0	8	2	50384cf69a733199fa17c9c571da1761d8451991	f80ff3f62daaa6e22a6753a3f30a127baab424d0320949bc9957a6ff62ea5ebe	otf_sparse_formula	2026-09-19T13:01:43.576885Z					8G	0			true		acacia-syntcomp26-coverage-146382-756c0d2ab92f.scope
S-cap120-epoch2	Increment.ltl	Increment.tlsf	120	REALIZABLE	0.01815127801091876	0	false		status	11	30	3	50384cf69a733199fa17c9c571da1761d8451991	f80ff3f62daaa6e22a6753a3f30a127baab424d0320949bc9957a6ff62ea5ebe	otf_sparse_formula	2026-09-19T13:01:43.614650Z		0.020000	15630336		8G	0			true		acacia-syntcomp26-coverage-146382-d8e0dac2543d.scope
S-cap120-epoch2	LightsTotal_06e9cad4.ltl	LightsTotal_06e9cad4.tlsf	120	REALIZABLE	0.393643866002094	0	false		status	11	30	4	50384cf69a733199fa17c9c571da1761d8451991	f80ff3f62daaa6e22a6753a3f30a127baab424d0320949bc9957a6ff62ea5ebe	otf_sparse_formula	2026-09-19T13:01:44.022588Z		1.490000	45633536		8G	0			true		acacia-syntcomp26-coverage-146382-d71a4f92510a.scope
S-cap120-epoch2	Morning2_1cf58fc1.ltl	Morning2_1cf58fc1.tlsf	120	UNREALIZABLE	0.07997166199493222	1	false		status	13	30	5	50384cf69a733199fa17c9c571da1761d8451991	f80ff3f62daaa6e22a6753a3f30a127baab424d0320949bc9957a6ff62ea5ebe	otf_sparse_formula	2026-09-19T13:01:44.120857Z		0.260000	21241856		8G	0			true		acacia-syntcomp26-coverage-146382-c1e64c1512cb.scope
S-cap120-epoch2	SPIWriteManag.ltl	SPIWriteManag.tlsf	120	REALIZABLE	0.037846253006136976	0	false		status	11	30	6	50384cf69a733199fa17c9c571da1761d8451991	f80ff3f62daaa6e22a6753a3f30a127baab424d0320949bc9957a6ff62ea5ebe	otf_sparse_formula	2026-09-19T13:01:44.173235Z		0.050000	20221952		8G	0			true		acacia-syntcomp26-coverage-146382-0f54670c550b.scope
S-cap120-epoch2	Zoo0.ltl	Zoo0.tlsf	120	REALIZABLE	0.038319307001074776	0	false		status	11	30	7	50384cf69a733199fa17c9c571da1761d8451991	f80ff3f62daaa6e22a6753a3f30a127baab424d0320949bc9957a6ff62ea5ebe	otf_sparse_formula	2026-09-19T13:01:44.236340Z		0.050000	19128320		8G	0			true		acacia-syntcomp26-coverage-146382-8cbd0a7e8e55.scope
S-cap120-epoch2	amba_decomposed_arbiter_pb_6_pe_.ltl	amba_decomposed_arbiter_pb_6_pe_.tlsf	120	REALIZABLE	1.1038062459992943	0	false		status	11	30	8	50384cf69a733199fa17c9c571da1761d8451991	f80ff3f62daaa6e22a6753a3f30a127baab424d0320949bc9957a6ff62ea5ebe	otf_sparse_formula	2026-09-19T13:01:45.353548Z		4.270000	63692800		8G	0			true		acacia-syntcomp26-coverage-146382-590e2de02b5c.scope
S-cap120-epoch2	amba_decomposed_decode.ltl	amba_decomposed_decode.tlsf	120	REALIZABLE	0.018415737999021076	0	false		status	11	30	9	50384cf69a733199fa17c9c571da1761d8451991	f80ff3f62daaa6e22a6753a3f30a127baab424d0320949bc9957a6ff62ea5ebe	otf_sparse_formula	2026-09-19T13:01:45.385119Z		0.010000	15458304	43008000	8G	0			true		acacia-syntcomp26-coverage-146382-99d303d0b381.scope
S-cap120-epoch2	amba_decomposed_encode_pb_5_pe_.ltl	amba_decomposed_encode_pb_5_pe_.tlsf	120	REALIZABLE	0.022180677988217212	0	false		status	11	30	10	50384cf69a733199fa17c9c571da1761d8451991	f80ff3f62daaa6e22a6753a3f30a127baab424d0320949bc9957a6ff62ea5ebe	otf_sparse_formula	2026-09-19T13:01:45.429996Z		0.020000	20598784		8G	0			true		acacia-syntcomp26-coverage-146382-f081b80afd7f.scope
S-cap120-epoch2	amba_decomposed_encode_pb_8_pe_.ltl	amba_decomposed_encode_pb_8_pe_.tlsf	120	REALIZABLE	0.04317642000387423	0	false		status	11	30	11	50384cf69a733199fa17c9c571da1761d8451991	f80ff3f62daaa6e22a6753a3f30a127baab424d0320949bc9957a6ff62ea5ebe	otf_sparse_formula	2026-09-19T13:01:45.486703Z		0.060000	21004288		8G	0			true		acacia-syntcomp26-coverage-146382-7cfc9ba601d2.scope
S-cap120-epoch2	arbiter_pb_1_pe_.ltl	arbiter_pb_1_pe_.tlsf	120	REALIZABLE	0.029414253003778867	0	false		none	11	30	12	50384cf69a733199fa17c9c571da1761d8451991	f80ff3f62daaa6e22a6753a3f30a127baab424d0320949bc9957a6ff62ea5ebe	otf_sparse_formula	2026-09-19T13:01:45.551830Z		0.040000	17960960		8G	0			true		acacia-syntcomp26-coverage-146382-b9127a89e4d3.scope
S-cap120-epoch2	collector_v1_pb_7_pe_.ltl	collector_v1_pb_7_pe_.tlsf	120	REALIZABLE	0.09375007500057109	0	false		status	11	30	13	50384cf69a733199fa17c9c571da1761d8451991	f80ff3f62daaa6e22a6753a3f30a127baab424d0320949bc9957a6ff62ea5ebe	otf_sparse_formula	2026-09-19T13:01:45.659085Z		0.290000	25976832		8G	0			true		acacia-syntcomp26-coverage-146382-c06a65522c3c.scope
S-cap120-epoch2	collector_v3_pb_11_pe_.ltl	collector_v3_pb_11_pe_.tlsf	120	TIMEOUT	120.16736033601046	124	true	timeout	status	0	8	14	50384cf69a733199fa17c9c571da1761d8451991	f80ff3f62daaa6e22a6753a3f30a127baab424d0320949bc9957a6ff62ea5ebe	otf_sparse_formula	2026-09-19T13:03:45.840037Z					8G	0			true		acacia-syntcomp26-coverage-146382-d74f3b9fee27.scope
S-cap120-epoch2	example7_pb_2_pe_.ltl	example7_pb_2_pe_.tlsf	120	REALIZABLE	0.016954855003859848	0	false		none	11	30	15	50384cf69a733199fa17c9c571da1761d8451991	f80ff3f62daaa6e22a6753a3f30a127baab424d0320949bc9957a6ff62ea5ebe	otf_sparse_formula	2026-09-19T13:03:45.870041Z		0.010000	17711104	43442176	8G	0			true		acacia-syntcomp26-coverage-146382-1bb73504518c.scope
S-cap120-epoch2	follow3.ltl	follow3.tlsf	120	TIMEOUT	120.2311722900049	124	true	timeout	none	0	8	16	50384cf69a733199fa17c9c571da1761d8451991	f80ff3f62daaa6e22a6753a3f30a127baab424d0320949bc9957a6ff62ea5ebe	otf_sparse_formula	2026-09-19T13:05:46.114925Z					8G	0			true		acacia-syntcomp26-coverage-146382-c67f922188fa.scope
S-cap120-epoch2	full_arbiter_unreal1_pb_2_13_pe_.ltl	full_arbiter_unreal1_pb_2_13_pe_.tlsf	120	UNREALIZABLE	0.01900609199947212	1	false		status	13	30	17	50384cf69a733199fa17c9c571da1761d8451991	f80ff3f62daaa6e22a6753a3f30a127baab424d0320949bc9957a6ff62ea5ebe	otf_sparse_formula	2026-09-19T13:05:46.148067Z		0.010000	15466496	43397120	8G	0			true		acacia-syntcomp26-coverage-146382-a906753eb570.scope
S-cap120-epoch2	full_arbiter_unreal1_pb_2_22_pe_.ltl	full_arbiter_unreal1_pb_2_22_pe_.tlsf	120	UNREALIZABLE	0.03304563900746871	1	false		status	13	30	18	50384cf69a733199fa17c9c571da1761d8451991	f80ff3f62daaa6e22a6753a3f30a127baab424d0320949bc9957a6ff62ea5ebe	otf_sparse_formula	2026-09-19T13:05:46.218944Z		0.030000	15478784		8G	0			true		acacia-syntcomp26-coverage-146382-ade2273a620c.scope
S-cap120-epoch2	full_arbiter_unreal1_pb_2_6_pe_.ltl	full_arbiter_unreal1_pb_2_6_pe_.tlsf	120	UNREALIZABLE	0.03116531299019698	1	false		status	13	30	19	50384cf69a733199fa17c9c571da1761d8451991	f80ff3f62daaa6e22a6753a3f30a127baab424d0320949bc9957a6ff62ea5ebe	otf_sparse_formula	2026-09-19T13:05:46.288438Z		0.030000	15544320		8G	0			true		acacia-syntcomp26-coverage-146382-aa07f02daaa6.scope
S-cap120-epoch2	full_arbiter_unreal1_pb_3_14_pe_.ltl	full_arbiter_unreal1_pb_3_14_pe_.tlsf	120	UNREALIZABLE	0.03371194099599961	1	false		none	13	30	20	50384cf69a733199fa17c9c571da1761d8451991	f80ff3f62daaa6e22a6753a3f30a127baab424d0320949bc9957a6ff62ea5ebe	otf_sparse_formula	2026-09-19T13:05:46.360492Z		0.030000	15347712		8G	0			true		acacia-syntcomp26-coverage-146382-3d3152306002.scope
S-cap120-epoch2	g-unreal-113.ltl	g-unreal-113.tlsf	120	UNREALIZABLE	8.254042893007863	1	false		none	13	32	21	50384cf69a733199fa17c9c571da1761d8451991	f80ff3f62daaa6e22a6753a3f30a127baab424d0320949bc9957a6ff62ea5ebe	otf_sparse_formula	2026-09-19T13:05:54.627518Z		17.990000	510611456		8G	0			true		acacia-syntcomp26-coverage-146382-ff66a9401df3.scope
S-cap120-epoch2	g-unreal-36.ltl	g-unreal-36.tlsf	120	UNREALIZABLE	1.1905361590033863	1	false		none	13	31	22	50384cf69a733199fa17c9c571da1761d8451991	f80ff3f62daaa6e22a6753a3f30a127baab424d0320949bc9957a6ff62ea5ebe	otf_sparse_formula	2026-09-19T13:05:55.836333Z		4.650000	129228800		8G	0			true		acacia-syntcomp26-coverage-146382-178d6ccec650.scope
S-cap120-epoch2	gf-real-real.ltl	gf-real-real.tlsf	120	REALIZABLE	0.030740180009161122	0	false		none	11	30	23	50384cf69a733199fa17c9c571da1761d8451991	f80ff3f62daaa6e22a6753a3f30a127baab424d0320949bc9957a6ff62ea5ebe	otf_sparse_formula	2026-09-19T13:05:55.880284Z		0.040000	20508672		8G	0			true		acacia-syntcomp26-coverage-146382-741b74518738.scope
S-cap120-epoch2	gf-unreal13.ltl	gf-unreal13.tlsf	120	UNREALIZABLE	0.01903726799355354	1	false		none	13	30	24	50384cf69a733199fa17c9c571da1761d8451991	f80ff3f62daaa6e22a6753a3f30a127baab424d0320949bc9957a6ff62ea5ebe	otf_sparse_formula	2026-09-19T13:05:55.912093Z		0.020000	18169856		8G	0			true		acacia-syntcomp26-coverage-146382-be85453d2d54.scope
S-cap120-epoch2	heim-double-x4.ltl	heim-double-x4.tlsf	120	UNREALIZABLE	0.2493720419879537	1	false		none	13	30	25	50384cf69a733199fa17c9c571da1761d8451991	f80ff3f62daaa6e22a6753a3f30a127baab424d0320949bc9957a6ff62ea5ebe	otf_sparse_formula	2026-09-19T13:05:56.174811Z		0.920000	39796736		8G	0			true		acacia-syntcomp26-coverage-146382-d1d7822fec59.scope
S-cap120-epoch2	lift_wrong_physics_unreal_pb_6_pe_.ltl	lift_wrong_physics_unreal_pb_6_pe_.tlsf	120	UNREALIZABLE	0.03886714100372046	1	false		none	13	30	26	50384cf69a733199fa17c9c571da1761d8451991	f80ff3f62daaa6e22a6753a3f30a127baab424d0320949bc9957a6ff62ea5ebe	otf_sparse_formula	2026-09-19T13:05:56.228646Z		0.100000	21622784		8G	0			true		acacia-syntcomp26-coverage-146382-5f9b96d2dfdb.scope
S-cap120-epoch2	lilydemo16.ltl	lilydemo16.tlsf	120	REALIZABLE	0.02465440399828367	0	false		exception	11	30	27	50384cf69a733199fa17c9c571da1761d8451991	f80ff3f62daaa6e22a6753a3f30a127baab424d0320949bc9957a6ff62ea5ebe	otf_sparse_formula	2026-09-19T13:05:56.265965Z		0.010000	18714624	44617728	8G	0			true		acacia-syntcomp26-coverage-146382-34a9565e1337.scope
S-cap120-epoch2	load_balancer_pb_3_pe_.ltl	load_balancer_pb_3_pe_.tlsf	120	REALIZABLE	0.022293938003713265	0	false		status	11	30	28	50384cf69a733199fa17c9c571da1761d8451991	f80ff3f62daaa6e22a6753a3f30a127baab424d0320949bc9957a6ff62ea5ebe	otf_sparse_formula	2026-09-19T13:05:56.303113Z		0.030000	20365312		8G	0			true		acacia-syntcomp26-coverage-146382-51302e4573a5.scope
S-cap120-epoch2	load_balancer_unreal1_pb_3_2_pe_.ltl	load_balancer_unreal1_pb_3_2_pe_.tlsf	120	UNREALIZABLE	0.041650928993476555	1	false		status	13	30	29	50384cf69a733199fa17c9c571da1761d8451991	f80ff3f62daaa6e22a6753a3f30a127baab424d0320949bc9957a6ff62ea5ebe	otf_sparse_formula	2026-09-19T13:05:56.368519Z		0.070000	20324352		8G	0			true		acacia-syntcomp26-coverage-146382-22a278badce7.scope
S-cap120-epoch2	load_balancer_unreal1_pb_4_11_pe_.ltl	load_balancer_unreal1_pb_4_11_pe_.tlsf	120	MEMOUT	60.74271990999114	-15	false	memory	status	0	8	30	50384cf69a733199fa17c9c571da1761d8451991	f80ff3f62daaa6e22a6753a3f30a127baab424d0320949bc9957a6ff62ea5ebe	otf_sparse_formula	2026-09-19T13:06:57.129658Z				8589934592	8G	0			true		acacia-syntcomp26-coverage-146382-fa52b4831cdd.scope
S-cap120-epoch2	load_balancer_unreal1_pb_5_2_pe_.ltl	load_balancer_unreal1_pb_5_2_pe_.tlsf	120	UNREALIZABLE	0.06316571400384419	1	false		status	13	30	31	50384cf69a733199fa17c9c571da1761d8451991	f80ff3f62daaa6e22a6753a3f30a127baab424d0320949bc9957a6ff62ea5ebe	otf_sparse_formula	2026-09-19T13:06:57.207392Z		0.180000	22310912		8G	0			true		acacia-syntcomp26-coverage-146382-86c80d71ad36.scope
S-cap120-epoch2	ltl2dba01.ltl	ltl2dba01.tlsf	120	REALIZABLE	0.017456311004934832	0	false		status	11	30	32	50384cf69a733199fa17c9c571da1761d8451991	f80ff3f62daaa6e22a6753a3f30a127baab424d0320949bc9957a6ff62ea5ebe	otf_sparse_formula	2026-09-19T13:06:57.237091Z		0.010000	15327232	43204608	8G	0			true		acacia-syntcomp26-coverage-146382-a6b3fbe77aa8.scope
S-cap120-epoch2	ltl2dba_C2_pb_16_pe_.ltl	ltl2dba_C2_pb_16_pe_.tlsf	120	REALIZABLE	0.02272450599411968	0	false		status	11	30	33	50384cf69a733199fa17c9c571da1761d8451991	f80ff3f62daaa6e22a6753a3f30a127baab424d0320949bc9957a6ff62ea5ebe	otf_sparse_formula	2026-09-19T13:06:57.273521Z		0.010000	15519744	42631168	8G	0			true		acacia-syntcomp26-coverage-146382-459da4e96531.scope
S-cap120-epoch2	ltl2dba_C2_unreal_pb_14_pe_.ltl	ltl2dba_C2_unreal_pb_14_pe_.tlsf	120	UNREALIZABLE	3.2898868869961007	1	false		status	13	32	34	50384cf69a733199fa17c9c571da1761d8451991	f80ff3f62daaa6e22a6753a3f30a127baab424d0320949bc9957a6ff62ea5ebe	otf_sparse_formula	2026-09-19T13:07:00.575871Z		13.020000	184442880		8G	0			true		acacia-syntcomp26-coverage-146382-48355b89a71e.scope
S-cap120-epoch2	ltl2dba_Q_pb_2_pe_.ltl	ltl2dba_Q_pb_2_pe_.tlsf	120	REALIZABLE	0.018361377995461226	0	false		status	11	30	35	50384cf69a733199fa17c9c571da1761d8451991	f80ff3f62daaa6e22a6753a3f30a127baab424d0320949bc9957a6ff62ea5ebe	otf_sparse_formula	2026-09-19T13:07:00.607433Z		0.010000	15294464	43196416	8G	0			true		acacia-syntcomp26-coverage-146382-df7bbfb9b870.scope
S-cap120-epoch2	ltl2dba_Q_pb_8_pe_.ltl	ltl2dba_Q_pb_8_pe_.tlsf	120	REALIZABLE	0.020888854007353075	0	false		status	11	30	36	50384cf69a733199fa17c9c571da1761d8451991	f80ff3f62daaa6e22a6753a3f30a127baab424d0320949bc9957a6ff62ea5ebe	otf_sparse_formula	2026-09-19T13:07:00.640613Z		0.010000	15368192	42647552	8G	0			true		acacia-syntcomp26-coverage-146382-8032a0f0cdf0.scope
S-cap120-epoch2	ltl2dba_beta_pb_10_pe_.ltl	ltl2dba_beta_pb_10_pe_.tlsf	120	REALIZABLE	0.019018799008335918	0	false		status	11	30	37	50384cf69a733199fa17c9c571da1761d8451991	f80ff3f62daaa6e22a6753a3f30a127baab424d0320949bc9957a6ff62ea5ebe	otf_sparse_formula	2026-09-19T13:07:00.672861Z		0.010000	15310848	42348544	8G	0			true		acacia-syntcomp26-coverage-146382-288f0ddba8b9.scope
S-cap120-epoch2	ltl2dba_beta_pb_7_pe_.ltl	ltl2dba_beta_pb_7_pe_.tlsf	120	REALIZABLE	0.014773527000215836	0	false		status	11	30	38	50384cf69a733199fa17c9c571da1761d8451991	f80ff3f62daaa6e22a6753a3f30a127baab424d0320949bc9957a6ff62ea5ebe	otf_sparse_formula	2026-09-19T13:07:00.699793Z		0.010000	15323136	42872832	8G	0			true		acacia-syntcomp26-coverage-146382-f376ee9c8988.scope
S-cap120-epoch2	ltl2dba_theta_pb_300_pe_.ltl	ltl2dba_theta_pb_300_pe_.tlsf	120	TIMEOUT	120.22920794499805	124	true	timeout	none	0	8	39	50384cf69a733199fa17c9c571da1761d8451991	f80ff3f62daaa6e22a6753a3f30a127baab424d0320949bc9957a6ff62ea5ebe	otf_sparse_formula	2026-09-19T13:09:00.968672Z					8G	0			true		acacia-syntcomp26-coverage-146382-5dcea0939dc5.scope
S-cap120-epoch2	ltl2dba_theta_pb_4_pe_.ltl	ltl2dba_theta_pb_4_pe_.tlsf	120	UNREALIZABLE	0.03628491499694064	1	false		status	13	30	40	50384cf69a733199fa17c9c571da1761d8451991	f80ff3f62daaa6e22a6753a3f30a127baab424d0320949bc9957a6ff62ea5ebe	otf_sparse_formula	2026-09-19T13:09:01.028100Z		0.050000	19898368		8G	0			true		acacia-syntcomp26-coverage-146382-7089c496cba6.scope
S-cap120-epoch2	mux_pb_150_pe_.ltl	mux_pb_150_pe_.tlsf	120	REALIZABLE	0.04474931600270793	0	false		none	11	30	41	50384cf69a733199fa17c9c571da1761d8451991	f80ff3f62daaa6e22a6753a3f30a127baab424d0320949bc9957a6ff62ea5ebe	otf_sparse_formula	2026-09-19T13:09:01.085913Z		0.050000	18165760		8G	0			true		acacia-syntcomp26-coverage-146382-4ffdd70dd7e9.scope
S-cap120-epoch2	narylatch_pb_12_pe_.ltl	narylatch_pb_12_pe_.tlsf	120	REALIZABLE	0.026443491005920805	0	false		none	11	30	42	50384cf69a733199fa17c9c571da1761d8451991	f80ff3f62daaa6e22a6753a3f30a127baab424d0320949bc9957a6ff62ea5ebe	otf_sparse_formula	2026-09-19T13:09:01.126157Z		0.020000	19664896		8G	0			true		acacia-syntcomp26-coverage-146382-cc50fe19b421.scope
S-cap120-epoch2	patrolling-alarm13.ltl	patrolling-alarm13.tlsf	120	UNREALIZABLE	0.21410386500065215	1	false		none	13	30	43	50384cf69a733199fa17c9c571da1761d8451991	f80ff3f62daaa6e22a6753a3f30a127baab424d0320949bc9957a6ff62ea5ebe	otf_sparse_formula	2026-09-19T13:09:01.357833Z		0.780000	37888000		8G	0			true		acacia-syntcomp26-coverage-146382-10feb51b279d.scope
S-cap120-epoch2	patrolling3.ltl	patrolling3.tlsf	120	UNREALIZABLE	0.04693901998689398	1	false		none	13	30	44	50384cf69a733199fa17c9c571da1761d8451991	f80ff3f62daaa6e22a6753a3f30a127baab424d0320949bc9957a6ff62ea5ebe	otf_sparse_formula	2026-09-19T13:09:01.418629Z		0.120000	21704704		8G	0			true		acacia-syntcomp26-coverage-146382-69344326cb9a.scope
S-cap120-epoch2	patrolling5.ltl	patrolling5.tlsf	120	UNREALIZABLE	0.07028724999690894	1	false		none	13	30	45	50384cf69a733199fa17c9c571da1761d8451991	f80ff3f62daaa6e22a6753a3f30a127baab424d0320949bc9957a6ff62ea5ebe	otf_sparse_formula	2026-09-19T13:09:01.503119Z		0.210000	22310912		8G	0			true		acacia-syntcomp26-coverage-146382-3d6ec97ebf5c.scope
S-cap120-epoch2	prioritized_arbiter_enc_pb_8_pe_.ltl	prioritized_arbiter_enc_pb_8_pe_.tlsf	120	MEMOUT	78.49970330600627	-15	false	memory	status	0	8	46	50384cf69a733199fa17c9c571da1761d8451991	f80ff3f62daaa6e22a6753a3f30a127baab424d0320949bc9957a6ff62ea5ebe	otf_sparse_formula	2026-09-19T13:10:20.020741Z				8589934592	8G	0			true		acacia-syntcomp26-coverage-146382-8b1f70b1b3f4.scope
S-cap120-epoch2	prioritized_arbiter_pb_12_pe_.ltl	prioritized_arbiter_pb_12_pe_.tlsf	120	TIMEOUT	120.2780349010136	124	true	timeout	none	0	8	47	50384cf69a733199fa17c9c571da1761d8451991	f80ff3f62daaa6e22a6753a3f30a127baab424d0320949bc9957a6ff62ea5ebe	otf_sparse_formula	2026-09-19T13:12:20.340229Z					8G	0			true		acacia-syntcomp26-coverage-146382-8a537eae2951.scope
S-cap120-epoch2	prioritized_arbiter_pb_9_pe_.ltl	prioritized_arbiter_pb_9_pe_.tlsf	120	TIMEOUT	120.20210143800068	124	true	timeout	none	0	8	48	50384cf69a733199fa17c9c571da1761d8451991	f80ff3f62daaa6e22a6753a3f30a127baab424d0320949bc9957a6ff62ea5ebe	otf_sparse_formula	2026-09-19T13:14:20.556344Z					8G	0			true		acacia-syntcomp26-coverage-146382-83d1c731a75c.scope
S-cap120-epoch2	prioritized_arbiter_unreal1_pb_3_1_pe_.ltl	prioritized_arbiter_unreal1_pb_3_1_pe_.tlsf	120	UNREALIZABLE	0.029920450993813574	1	false		status	13	30	49	50384cf69a733199fa17c9c571da1761d8451991	f80ff3f62daaa6e22a6753a3f30a127baab424d0320949bc9957a6ff62ea5ebe	otf_sparse_formula	2026-09-19T13:14:20.608613Z		0.030000	18350080		8G	0			true		acacia-syntcomp26-coverage-146382-8a721678a672.scope
S-cap120-epoch2	prioritized_arbiter_unreal2_pb_30_pe_.ltl	prioritized_arbiter_unreal2_pb_30_pe_.tlsf	120	TIMEOUT	120.21935301100893	124	true	timeout	status	0	648	50	50384cf69a733199fa17c9c571da1761d8451991	f80ff3f62daaa6e22a6753a3f30a127baab424d0320949bc9957a6ff62ea5ebe	otf_sparse_formula	2026-09-19T13:16:20.839519Z					8G	0			true		acacia-syntcomp26-coverage-146382-11aadc080e8a.scope
S-cap120-epoch2	prioritized_arbiter_unreal2_pb_7_pe_.ltl	prioritized_arbiter_unreal2_pb_7_pe_.tlsf	120	UNREALIZABLE	0.022886689999722876	1	false		status	13	30	51	50384cf69a733199fa17c9c571da1761d8451991	f80ff3f62daaa6e22a6753a3f30a127baab424d0320949bc9957a6ff62ea5ebe	otf_sparse_formula	2026-09-19T13:16:20.875422Z		0.010000	18759680		8G	0			true		acacia-syntcomp26-coverage-146382-b43e1603f070.scope
S-cap120-epoch2	robot-grid-reach-repeated-with-obstacles-1d-real.ltl	robot-grid-reach-repeated-with-obstacles-1d-real.tlsf	120	REALIZABLE	0.0368627900024876	0	false		none	11	30	52	50384cf69a733199fa17c9c571da1761d8451991	f80ff3f62daaa6e22a6753a3f30a127baab424d0320949bc9957a6ff62ea5ebe	otf_sparse_formula	2026-09-19T13:16:20.924457Z		0.090000	21692416		8G	0			true		acacia-syntcomp26-coverage-146382-9fcd8f70bc82.scope
S-cap120-epoch2	robot-to-target-charging2.ltl	robot-to-target-charging2.tlsf	120	UNREALIZABLE	2.5303649399866117	1	false		none	13	30	53	50384cf69a733199fa17c9c571da1761d8451991	f80ff3f62daaa6e22a6753a3f30a127baab424d0320949bc9957a6ff62ea5ebe	otf_sparse_formula	2026-09-19T13:16:23.468570Z		10.010000	71622656		8G	0			true		acacia-syntcomp26-coverage-146382-2d6d940a203d.scope
S-cap120-epoch2	robot-to-target-charging24.ltl	robot-to-target-charging24.tlsf	120	TIMEOUT	120.31886251499236	124	true	timeout	none	0	8	54	50384cf69a733199fa17c9c571da1761d8451991	f80ff3f62daaa6e22a6753a3f30a127baab424d0320949bc9957a6ff62ea5ebe	otf_sparse_formula	2026-09-19T13:18:23.799856Z					8G	0			true		acacia-syntcomp26-coverage-146382-3caa85d9bec6.scope
S-cap120-epoch2	robot_grid_pb_5_5_pe_.ltl	robot_grid_pb_5_5_pe_.tlsf	120	REALIZABLE	9.402066505994298	0	false		none	11	33	55	50384cf69a733199fa17c9c571da1761d8451991	f80ff3f62daaa6e22a6753a3f30a127baab424d0320949bc9957a6ff62ea5ebe	otf_sparse_formula	2026-09-19T13:18:33.216142Z		37.160000	1270984704		8G	0			true		acacia-syntcomp26-coverage-146382-85282b4fc8cd.scope
S-cap120-epoch2	round_robin_arbiter_unreal1_pb_3_1_pe_.ltl	round_robin_arbiter_unreal1_pb_3_1_pe_.tlsf	120	UNREALIZABLE	0.02303928699984681	1	false		status	13	30	56	50384cf69a733199fa17c9c571da1761d8451991	f80ff3f62daaa6e22a6753a3f30a127baab424d0320949bc9957a6ff62ea5ebe	otf_sparse_formula	2026-09-19T13:18:33.260473Z		0.030000	19243008		8G	0			true		acacia-syntcomp26-coverage-146382-d104ef8a6434.scope
S-cap120-epoch2	rw_arbiter_pb_4_pe_.ltl	rw_arbiter_pb_4_pe_.tlsf	120	TIMEOUT	120.226787623993	124	true	timeout	none	0	8	57	50384cf69a733199fa17c9c571da1761d8451991	f80ff3f62daaa6e22a6753a3f30a127baab424d0320949bc9957a6ff62ea5ebe	otf_sparse_formula	2026-09-19T13:20:33.529171Z					8G	0			true		acacia-syntcomp26-coverage-146382-b0e1bdd9aeda.scope
S-cap120-epoch2	simple_arbiter_enc_pb_16_pe_.ltl	simple_arbiter_enc_pb_16_pe_.tlsf	120	TIMEOUT	120.10318739501236	124	true	timeout	none	0	8	58	50384cf69a733199fa17c9c571da1761d8451991	f80ff3f62daaa6e22a6753a3f30a127baab424d0320949bc9957a6ff62ea5ebe	otf_sparse_formula	2026-09-19T13:22:33.645089Z					8G	0			true		acacia-syntcomp26-coverage-146382-11846bdb1712.scope
S-cap120-epoch2	simple_arbiter_unreal1_pb_2_10_pe_.ltl	simple_arbiter_unreal1_pb_2_10_pe_.tlsf	120	UNREALIZABLE	0.02187525299086701	1	false		status	13	30	59	50384cf69a733199fa17c9c571da1761d8451991	f80ff3f62daaa6e22a6753a3f30a127baab424d0320949bc9957a6ff62ea5ebe	otf_sparse_formula	2026-09-19T13:22:33.695051Z		0.020000	15339520		8G	0			true		acacia-syntcomp26-coverage-146382-46a1045e4a6f.scope
S-cap120-epoch2	simple_arbiter_unreal1_pb_4_8_pe_.ltl	simple_arbiter_unreal1_pb_4_8_pe_.tlsf	120	UNREALIZABLE	0.026199397005257197	1	false		status	13	30	60	50384cf69a733199fa17c9c571da1761d8451991	f80ff3f62daaa6e22a6753a3f30a127baab424d0320949bc9957a6ff62ea5ebe	otf_sparse_formula	2026-09-19T13:22:33.749684Z		0.030000	15294464		8G	0			true		acacia-syntcomp26-coverage-146382-68b926d2e5aa.scope
S-cap120-epoch2	simple_arbiter_unreal2_pb_2_pe_.ltl	simple_arbiter_unreal2_pb_2_pe_.tlsf	120	UNREALIZABLE	0.032776542007923126	1	false		status	13	30	61	50384cf69a733199fa17c9c571da1761d8451991	f80ff3f62daaa6e22a6753a3f30a127baab424d0320949bc9957a6ff62ea5ebe	otf_sparse_formula	2026-09-19T13:22:33.819533Z		0.030000	15339520		8G	0			true		acacia-syntcomp26-coverage-146382-07ce681c6559.scope
S-cap120-epoch2	simple_arbiter_with_hints_pb_6_pe_.ltl	simple_arbiter_with_hints_pb_6_pe_.tlsf	120	REALIZABLE	1.9366037389991106	0	false		none	11	31	62	50384cf69a733199fa17c9c571da1761d8451991	f80ff3f62daaa6e22a6753a3f30a127baab424d0320949bc9957a6ff62ea5ebe	otf_sparse_formula	2026-09-19T13:22:35.769270Z		5.080000	116342784		8G	0			true		acacia-syntcomp26-coverage-146382-0529e9544725.scope
S-cap120-epoch2	Alarm_2d1010f8.ltl	Alarm_2d1010f8.tlsf	120	REALIZABLE	0.027676448997226544	0	false		status	11	30	0	50384cf69a733199fa17c9c571da1761d8451991	f80ff3f62daaa6e22a6753a3f30a127baab424d0320949bc9957a6ff62ea5ebe	otf_sparse_formula	2026-09-19T13:22:35.924073Z		0.020000	19021824		8G	0			true		acacia-syntcomp26-coverage-148090-15396c891331.scope
S-cap120-epoch2	CheckCoffeMachineBroken1_a5f99bc6.ltl	CheckCoffeMachineBroken1_a5f99bc6.tlsf	120	REALIZABLE	0.026286621010513045	0	false		status	11	30	1	50384cf69a733199fa17c9c571da1761d8451991	f80ff3f62daaa6e22a6753a3f30a127baab424d0320949bc9957a6ff62ea5ebe	otf_sparse_formula	2026-09-19T13:22:35.988295Z		0.010000	18755584		8G	0			true		acacia-syntcomp26-coverage-148090-9dc49db1f530.scope
S-cap120-epoch2	CheckRoom_2c5b09da.ltl	CheckRoom_2c5b09da.tlsf	120	UNREALIZABLE	0.01645860400458332	1	false		status	13	30	2	50384cf69a733199fa17c9c571da1761d8451991	f80ff3f62daaa6e22a6753a3f30a127baab424d0320949bc9957a6ff62ea5ebe	otf_sparse_formula	2026-09-19T13:22:36.017336Z		0.010000	16855040	42663936	8G	0			true		acacia-syntcomp26-coverage-148090-8bf9062bd960.scope
S-cap120-epoch2	CheckWarnlight_4b5a2bad.ltl	CheckWarnlight_4b5a2bad.tlsf	120	UNREALIZABLE	0.03081792200100608	1	false		status	13	30	3	50384cf69a733199fa17c9c571da1761d8451991	f80ff3f62daaa6e22a6753a3f30a127baab424d0320949bc9957a6ff62ea5ebe	otf_sparse_formula	2026-09-19T13:22:36.060446Z		0.010000	18169856	43323392	8G	0			true		acacia-syntcomp26-coverage-148090-59917af015ce.scope
S-cap120-epoch2	Core_fa4d4ce3.ltl	Core_fa4d4ce3.tlsf	120	UNREALIZABLE	0.031226778999553062	1	false		status	13	30	4	50384cf69a733199fa17c9c571da1761d8451991	f80ff3f62daaa6e22a6753a3f30a127baab424d0320949bc9957a6ff62ea5ebe	otf_sparse_formula	2026-09-19T13:22:36.105795Z		0.030000	20557824		8G	0			true		acacia-syntcomp26-coverage-148090-62f16c5ac8a3.scope
S-cap120-epoch2	EscalatorNonReactive.ltl	EscalatorNonReactive.tlsf	120	REALIZABLE	0.023986450003576465	0	false		status	11	30	5	50384cf69a733199fa17c9c571da1761d8451991	f80ff3f62daaa6e22a6753a3f30a127baab424d0320949bc9957a6ff62ea5ebe	otf_sparse_formula	2026-09-19T13:22:36.155334Z		0.020000	17104896		8G	0			true		acacia-syntcomp26-coverage-148090-249f9b252a50.scope
S-cap120-epoch2	FelixSpecFixed4_3916ec59.ltl	FelixSpecFixed4_3916ec59.tlsf	120	TIMEOUT	120.16394816499087	124	true	timeout	status	0	8	6	50384cf69a733199fa17c9c571da1761d8451991	f80ff3f62daaa6e22a6753a3f30a127baab424d0320949bc9957a6ff62ea5ebe	otf_sparse_formula	2026-09-19T13:24:36.346035Z					8G	0			true		acacia-syntcomp26-coverage-148090-171636688526.scope
S-cap120-epoch2	LedMatrix.ltl	LedMatrix.tlsf	120	TIMEOUT	120.19090975100698	124	true	timeout	status	0	8	7	50384cf69a733199fa17c9c571da1761d8451991	f80ff3f62daaa6e22a6753a3f30a127baab424d0320949bc9957a6ff62ea5ebe	otf_sparse_formula	2026-09-19T13:26:36.550757Z					8G	0			true		acacia-syntcomp26-coverage-148090-7d7f40b7152c.scope
S-cap120-epoch2	Morning2_d65ed84e.ltl	Morning2_d65ed84e.tlsf	120	MEMOUT	109.65715509399888	-15	false	memory	none	0	8	8	50384cf69a733199fa17c9c571da1761d8451991	f80ff3f62daaa6e22a6753a3f30a127baab424d0320949bc9957a6ff62ea5ebe	otf_sparse_formula	2026-09-19T13:28:26.226771Z				8589934592	8G	0			true		acacia-syntcomp26-coverage-148090-e5e716bb0d58.scope
S-cap120-epoch2	TorcsAccelerating.ltl	TorcsAccelerating.tlsf	120	REALIZABLE	0.028792169003281742	0	false		status	11	30	9	50384cf69a733199fa17c9c571da1761d8451991	f80ff3f62daaa6e22a6753a3f30a127baab424d0320949bc9957a6ff62ea5ebe	otf_sparse_formula	2026-09-19T13:28:26.292803Z		0.040000	18616320		8G	0			true		acacia-syntcomp26-coverage-148090-d9f9a3bbf5b4.scope
S-cap120-epoch2	TwoCountersDisButA1.ltl	TwoCountersDisButA1.tlsf	120	UNREALIZABLE	0.052521990990499035	1	false		status	13	30	10	50384cf69a733199fa17c9c571da1761d8451991	f80ff3f62daaa6e22a6753a3f30a127baab424d0320949bc9957a6ff62ea5ebe	otf_sparse_formula	2026-09-19T13:28:26.359114Z		0.100000	21921792		8G	0			true		acacia-syntcomp26-coverage-148090-c6a2be5dc84a.scope
S-cap120-epoch2	TwoCountersDisButA6.ltl	TwoCountersDisButA6.tlsf	120	UNREALIZABLE	0.13512141699902713	1	false		status	13	30	11	50384cf69a733199fa17c9c571da1761d8451991	f80ff3f62daaa6e22a6753a3f30a127baab424d0320949bc9957a6ff62ea5ebe	otf_sparse_formula	2026-09-19T13:28:26.507949Z		0.470000	29360128		8G	0			true		acacia-syntcomp26-coverage-148090-14c72a4286da.scope
S-cap120-epoch2	TwoCountersInRangeA3.ltl	TwoCountersInRangeA3.tlsf	120	UNREALIZABLE	0.03630943500320427	1	false		status	13	30	12	50384cf69a733199fa17c9c571da1761d8451991	f80ff3f62daaa6e22a6753a3f30a127baab424d0320949bc9957a6ff62ea5ebe	otf_sparse_formula	2026-09-19T13:28:26.559474Z		0.060000	20680704		8G	0			true		acacia-syntcomp26-coverage-148090-f556df3310c0.scope
S-cap120-epoch2	TwoCountersInRangeM4.ltl	TwoCountersInRangeM4.tlsf	120	UNREALIZABLE	0.023512685991590843	1	false		status	13	30	13	50384cf69a733199fa17c9c571da1761d8451991	f80ff3f62daaa6e22a6753a3f30a127baab424d0320949bc9957a6ff62ea5ebe	otf_sparse_formula	2026-09-19T13:28:26.597061Z		0.030000	20828160		8G	0			true		acacia-syntcomp26-coverage-148090-74edba2b8f75.scope
S-cap120-epoch2	UnderapproxStrengthenedDemo.ltl	UnderapproxStrengthenedDemo.tlsf	120	REALIZABLE	0.01706126799399499	0	false		status	11	30	14	50384cf69a733199fa17c9c571da1761d8451991	f80ff3f62daaa6e22a6753a3f30a127baab424d0320949bc9957a6ff62ea5ebe	otf_sparse_formula	2026-09-19T13:28:26.627111Z		0.010000	16900096	43196416	8G	0			true		acacia-syntcomp26-coverage-148090-98425e1964a8.scope
S-cap120-epoch2	Zoo10.ltl	Zoo10.tlsf	120	REALIZABLE	0.02195250100339763	0	false		status	11	30	15	50384cf69a733199fa17c9c571da1761d8451991	f80ff3f62daaa6e22a6753a3f30a127baab424d0320949bc9957a6ff62ea5ebe	otf_sparse_formula	2026-09-19T13:28:26.662057Z		0.020000	18776064		8G	0			true		acacia-syntcomp26-coverage-148090-9a6441d7ec25.scope
S-cap120-epoch2	abcg_arbiter_pb_2_pe_.ltl	abcg_arbiter_pb_2_pe_.tlsf	120	REALIZABLE	0.09055066900327802	0	false		none	11	30	16	50384cf69a733199fa17c9c571da1761d8451991	f80ff3f62daaa6e22a6753a3f30a127baab424d0320949bc9957a6ff62ea5ebe	otf_sparse_formula	2026-09-19T13:28:26.766161Z		0.310000	28483584		8G	0			true		acacia-syntcomp26-coverage-148090-bdcd22bab0d6.scope
S-cap120-epoch2	amba_decomposed_arbiter_pb_2_pe_.ltl	amba_decomposed_arbiter_pb_2_pe_.tlsf	120	REALIZABLE	0.021239669993519783	0	false		status	11	30	17	50384cf69a733199fa17c9c571da1761d8451991	f80ff3f62daaa6e22a6753a3f30a127baab424d0320949bc9957a6ff62ea5ebe	otf_sparse_formula	2026-09-19T13:28:26.800329Z		0.020000	19189760		8G	0			true		acacia-syntcomp26-coverage-148090-266bef13cde4.scope
S-cap120-epoch2	amba_decomposed_arbiter_pb_9_pe_.ltl	amba_decomposed_arbiter_pb_9_pe_.tlsf	120	TIMEOUT	120.13612863600429	124	true	timeout	status	0	8	18	50384cf69a733199fa17c9c571da1761d8451991	f80ff3f62daaa6e22a6753a3f30a127baab424d0320949bc9957a6ff62ea5ebe	otf_sparse_formula	2026-09-19T13:30:26.948182Z					8G	0			true		acacia-syntcomp26-coverage-148090-23d331fdc3b1.scope
S-cap120-epoch2	amba_decomposed_lock_pb_5_pe_.ltl	amba_decomposed_lock_pb_5_pe_.tlsf	120	REALIZABLE	0.01961613300954923	0	false		status	11	30	19	50384cf69a733199fa17c9c571da1761d8451991	f80ff3f62daaa6e22a6753a3f30a127baab424d0320949bc9957a6ff62ea5ebe	otf_sparse_formula	2026-09-19T13:30:26.980039Z		0.020000	20086784		8G	0			true		acacia-syntcomp26-coverage-148090-5a2f974e8415.scope
S-cap120-epoch2	amba_decomposed_shift.ltl	amba_decomposed_shift.tlsf	120	REALIZABLE	0.02000386200961657	0	false		status	11	30	20	50384cf69a733199fa17c9c571da1761d8451991	f80ff3f62daaa6e22a6753a3f30a127baab424d0320949bc9957a6ff62ea5ebe	otf_sparse_formula	2026-09-19T13:30:27.012119Z		0.010000	17567744	43458560	8G	0			true		acacia-syntcomp26-coverage-148090-fd68b862998c.scope
S-cap120-epoch2	arbiter_pb_3_pe_.ltl	arbiter_pb_3_pe_.tlsf	120	REALIZABLE	0.021041198997409083	0	false		none	11	30	21	50384cf69a733199fa17c9c571da1761d8451991	f80ff3f62daaa6e22a6753a3f30a127baab424d0320949bc9957a6ff62ea5ebe	otf_sparse_formula	2026-09-19T13:30:27.047107Z		0.020000	19091456		8G	0			true		acacia-syntcomp26-coverage-148090-2395c9e00cf9.scope
S-cap120-epoch2	chomp_pb_3_2_pe_.ltl	chomp_pb_3_2_pe_.tlsf	120	REALIZABLE	3.6658340680005495	0	false		status	11	31	22	50384cf69a733199fa17c9c571da1761d8451991	f80ff3f62daaa6e22a6753a3f30a127baab424d0320949bc9957a6ff62ea5ebe	otf_sparse_formula	2026-09-19T13:30:30.725637Z		7.640000	145604608		8G	0			true		acacia-syntcomp26-coverage-148090-c7bae53e080d.scope
S-cap120-epoch2	collector_v1_pb_5_pe_.ltl	collector_v1_pb_5_pe_.tlsf	120	REALIZABLE	0.020687133990577422	0	false		status	11	30	23	50384cf69a733199fa17c9c571da1761d8451991	f80ff3f62daaa6e22a6753a3f30a127baab424d0320949bc9957a6ff62ea5ebe	otf_sparse_formula	2026-09-19T13:30:30.760500Z		0.030000	19914752		8G	0			true		acacia-syntcomp26-coverage-148090-6499fe262d30.scope
S-cap120-epoch2	diagonal-real.ltl	diagonal-real.tlsf	120	REALIZABLE	0.05407173999992665	0	false		none	11	30	24	50384cf69a733199fa17c9c571da1761d8451991	f80ff3f62daaa6e22a6753a3f30a127baab424d0320949bc9957a6ff62ea5ebe	otf_sparse_formula	2026-09-19T13:30:30.827951Z		0.120000	20791296		8G	0			true		acacia-syntcomp26-coverage-148090-b22c445ae7e1.scope
S-cap120-epoch2	full_arbiter_unreal1_pb_2_24_pe_.ltl	full_arbiter_unreal1_pb_2_24_pe_.tlsf	120	UNREALIZABLE	0.018700152009841986	1	false		status	13	30	25	50384cf69a733199fa17c9c571da1761d8451991	f80ff3f62daaa6e22a6753a3f30a127baab424d0320949bc9957a6ff62ea5ebe	otf_sparse_formula	2026-09-19T13:30:30.867924Z		0.010000	15495168		8G	0			true		acacia-syntcomp26-coverage-148090-68b280d13171.scope
S-cap120-epoch2	full_arbiter_unreal1_pb_2_5_pe_.ltl	full_arbiter_unreal1_pb_2_5_pe_.tlsf	120	UNREALIZABLE	0.025630003001424484	1	false		status	13	30	26	50384cf69a733199fa17c9c571da1761d8451991	f80ff3f62daaa6e22a6753a3f30a127baab424d0320949bc9957a6ff62ea5ebe	otf_sparse_formula	2026-09-19T13:30:30.922492Z		0.020000	15491072		8G	0			true		acacia-syntcomp26-coverage-148090-e957adc93f44.scope
S-cap120-epoch2	g-real0.ltl	g-real0.tlsf	120	UNREALIZABLE	0.06283780200465117	1	false		none	13	30	27	50384cf69a733199fa17c9c571da1761d8451991	f80ff3f62daaa6e22a6753a3f30a127baab424d0320949bc9957a6ff62ea5ebe	otf_sparse_formula	2026-09-19T13:30:30.999536Z		0.140000	21336064		8G	0			true		acacia-syntcomp26-coverage-148090-67b35879f344.scope
S-cap120-epoch2	g-unreal-111.ltl	g-unreal-111.tlsf	120	UNREALIZABLE	3.9976181729871314	1	false		none	13	31	28	50384cf69a733199fa17c9c571da1761d8451991	f80ff3f62daaa6e22a6753a3f30a127baab424d0320949bc9957a6ff62ea5ebe	otf_sparse_formula	2026-09-19T13:30:35.009574Z		9.080000	323739648		8G	0			true		acacia-syntcomp26-coverage-148090-91d7872ce6dd.scope
S-cap120-epoch2	gf-unreal1.ltl	gf-unreal1.tlsf	120	UNREALIZABLE	0.017578926010173745	1	false		none	13	30	29	50384cf69a733199fa17c9c571da1761d8451991	f80ff3f62daaa6e22a6753a3f30a127baab424d0320949bc9957a6ff62ea5ebe	otf_sparse_formula	2026-09-19T13:30:35.042204Z		0.010000	17686528	43405312	8G	0			true		acacia-syntcomp26-coverage-148090-81f9d6036cc5.scope
S-cap120-epoch2	gf-unreal22.ltl	gf-unreal22.tlsf	120	UNREALIZABLE	0.02640479800174944	1	false		none	13	30	30	50384cf69a733199fa17c9c571da1761d8451991	f80ff3f62daaa6e22a6753a3f30a127baab424d0320949bc9957a6ff62ea5ebe	otf_sparse_formula	2026-09-19T13:30:35.081687Z		0.030000	18857984		8G	0			true		acacia-syntcomp26-coverage-148090-9c30d8af04f4.scope
S-cap120-epoch2	gf-unreal24.ltl	gf-unreal24.tlsf	120	UNREALIZABLE	0.025288206001278013	1	false		none	13	30	31	50384cf69a733199fa17c9c571da1761d8451991	f80ff3f62daaa6e22a6753a3f30a127baab424d0320949bc9957a6ff62ea5ebe	otf_sparse_formula	2026-09-19T13:30:35.118829Z		0.030000	18866176		8G	0			true		acacia-syntcomp26-coverage-148090-8726cd6cd6f2.scope
S-cap120-epoch2	gf-unreal25.ltl	gf-unreal25.tlsf	120	UNREALIZABLE	0.021988494001561776	1	false		none	13	30	32	50384cf69a733199fa17c9c571da1761d8451991	f80ff3f62daaa6e22a6753a3f30a127baab424d0320949bc9957a6ff62ea5ebe	otf_sparse_formula	2026-09-19T13:30:35.153182Z		0.030000	18882560		8G	0			true		acacia-syntcomp26-coverage-148090-c5fb77760da0.scope
S-cap120-epoch2	heim-fig7-unreal.ltl	heim-fig7-unreal.tlsf	120	UNREALIZABLE	0.022243649000301957	1	false		none	13	30	33	50384cf69a733199fa17c9c571da1761d8451991	f80ff3f62daaa6e22a6753a3f30a127baab424d0320949bc9957a6ff62ea5ebe	otf_sparse_formula	2026-09-19T13:30:35.188484Z		0.030000	19697664		8G	0			true		acacia-syntcomp26-coverage-148090-cd57f5d32866.scope
S-cap120-epoch2	infinite-race-u5.ltl	infinite-race-u5.tlsf	120	UNREALIZABLE	0.1410038609901676	1	false		none	13	30	34	50384cf69a733199fa17c9c571da1761d8451991	f80ff3f62daaa6e22a6753a3f30a127baab424d0320949bc9957a6ff62ea5ebe	otf_sparse_formula	2026-09-19T13:30:35.342925Z		0.490000	27041792		8G	0			true		acacia-syntcomp26-coverage-148090-fb1eea9df5c8.scope
S-cap120-epoch2	infinite-race-unequal-26.ltl	infinite-race-unequal-26.tlsf	120	UNREALIZABLE	58.76994325700798	1	false		none	13	34	35	50384cf69a733199fa17c9c571da1761d8451991	f80ff3f62daaa6e22a6753a3f30a127baab424d0320949bc9957a6ff62ea5ebe	otf_sparse_formula	2026-09-19T13:31:34.126513Z		233.870000	2164838400		8G	0			true		acacia-syntcomp26-coverage-148090-11831d4175d3.scope
S-cap120-epoch2	lift_gr1+_pb_8_pe_.ltl	lift_gr1+_pb_8_pe_.tlsf	120	TIMEOUT	120.41175452500465	124	true	timeout	none	0	8	36	50384cf69a733199fa17c9c571da1761d8451991	f80ff3f62daaa6e22a6753a3f30a127baab424d0320949bc9957a6ff62ea5ebe	otf_sparse_formula	2026-09-19T13:33:34.575985Z					8G	0			true		acacia-syntcomp26-coverage-148090-1f22acdf9024.scope
S-cap120-epoch2	lilydemo21.ltl	lilydemo21.tlsf	120	REALIZABLE	0.04629212799773086	0	false		status	11	30	37	50384cf69a733199fa17c9c571da1761d8451991	f80ff3f62daaa6e22a6753a3f30a127baab424d0320949bc9957a6ff62ea5ebe	otf_sparse_formula	2026-09-19T13:33:34.637401Z		0.060000	21377024		8G	0			true		acacia-syntcomp26-coverage-148090-e0c5f7071e4c.scope
S-cap120-epoch2	load_balancer_pb_9_pe_.ltl	load_balancer_pb_9_pe_.tlsf	120	TIMEOUT	120.22814809301053	124	true	timeout	none	0	8	38	50384cf69a733199fa17c9c571da1761d8451991	f80ff3f62daaa6e22a6753a3f30a127baab424d0320949bc9957a6ff62ea5ebe	otf_sparse_formula	2026-09-19T13:35:34.907960Z					8G	0			true		acacia-syntcomp26-coverage-148090-e47f3d4ead5b.scope
S-cap120-epoch2	load_balancer_unreal1_pb_2_11_pe_.ltl	load_balancer_unreal1_pb_2_11_pe_.tlsf	120	UNREALIZABLE	0.06721425299474504	1	false		status	13	30	39	50384cf69a733199fa17c9c571da1761d8451991	f80ff3f62daaa6e22a6753a3f30a127baab424d0320949bc9957a6ff62ea5ebe	otf_sparse_formula	2026-09-19T13:35:34.989121Z		0.130000	22114304		8G	0			true		acacia-syntcomp26-coverage-148090-f98eb4f15aac.scope
S-cap120-epoch2	load_balancer_unreal1_pb_3_7_pe_.ltl	load_balancer_unreal1_pb_3_7_pe_.tlsf	120	UNREALIZABLE	0.037255693998304196	1	false		status	13	30	40	50384cf69a733199fa17c9c571da1761d8451991	f80ff3f62daaa6e22a6753a3f30a127baab424d0320949bc9957a6ff62ea5ebe	otf_sparse_formula	2026-09-19T13:35:35.039236Z		0.080000	20754432		8G	0			true		acacia-syntcomp26-coverage-148090-3b715215b543.scope
S-cap120-epoch2	load_balancer_unreal2_pb_2_pe_.ltl	load_balancer_unreal2_pb_2_pe_.tlsf	120	REALIZABLE	0.030706474994076416	0	false		status	11	30	41	50384cf69a733199fa17c9c571da1761d8451991	f80ff3f62daaa6e22a6753a3f30a127baab424d0320949bc9957a6ff62ea5ebe	otf_sparse_formula	2026-09-19T13:35:35.094580Z		0.050000	19410944		8G	0			true		acacia-syntcomp26-coverage-148090-c0bc283a744c.scope
S-cap120-epoch2	ltl2dba12.ltl	ltl2dba12.tlsf	120	REALIZABLE	0.03413390299829189	0	false		status	11	30	42	50384cf69a733199fa17c9c571da1761d8451991	f80ff3f62daaa6e22a6753a3f30a127baab424d0320949bc9957a6ff62ea5ebe	otf_sparse_formula	2026-09-19T13:35:35.158048Z		0.030000	15306752		8G	0			true		acacia-syntcomp26-coverage-148090-dc1820707f72.scope
S-cap120-epoch2	ltl2dba17.ltl	ltl2dba17.tlsf	120	REALIZABLE	0.02990896799019538	0	false		status	11	30	43	50384cf69a733199fa17c9c571da1761d8451991	f80ff3f62daaa6e22a6753a3f30a127baab424d0320949bc9957a6ff62ea5ebe	otf_sparse_formula	2026-09-19T13:35:35.228592Z		0.030000	15298560		8G	0			true		acacia-syntcomp26-coverage-148090-a060f1861128.scope
S-cap120-epoch2	ltl2dba_C2_unreal_pb_100_pe_.ltl	ltl2dba_C2_unreal_pb_100_pe_.tlsf	120	TIMEOUT	120.22036614299577	124	true	timeout	none	0	8	44	50384cf69a733199fa17c9c571da1761d8451991	f80ff3f62daaa6e22a6753a3f30a127baab424d0320949bc9957a6ff62ea5ebe	otf_sparse_formula	2026-09-19T13:37:35.491284Z					8G	0			true		acacia-syntcomp26-coverage-148090-84b7e14eb588.scope
S-cap120-epoch2	ltl2dba_U1_pb_5_pe_.ltl	ltl2dba_U1_pb_5_pe_.tlsf	120	REALIZABLE	0.03321844499441795	0	false		status	11	30	45	50384cf69a733199fa17c9c571da1761d8451991	f80ff3f62daaa6e22a6753a3f30a127baab424d0320949bc9957a6ff62ea5ebe	otf_sparse_formula	2026-09-19T13:37:35.560496Z		0.030000	15269888		8G	0			true		acacia-syntcomp26-coverage-148090-fef833416ad5.scope
S-cap120-epoch2	ltl2dba_beta_pb_2_pe_.ltl	ltl2dba_beta_pb_2_pe_.tlsf	120	REALIZABLE	0.03589862000080757	0	false		status	11	30	46	50384cf69a733199fa17c9c571da1761d8451991	f80ff3f62daaa6e22a6753a3f30a127baab424d0320949bc9957a6ff62ea5ebe	otf_sparse_formula	2026-09-19T13:37:35.635261Z		0.030000	15298560		8G	0			true		acacia-syntcomp26-coverage-148090-25fdfeee0ca0.scope
S-cap120-epoch2	mux_pb_175_pe_.ltl	mux_pb_175_pe_.tlsf	120	REALIZABLE	0.06166064299759455	0	false		none	11	30	47	50384cf69a733199fa17c9c571da1761d8451991	f80ff3f62daaa6e22a6753a3f30a127baab424d0320949bc9957a6ff62ea5ebe	otf_sparse_formula	2026-09-19T13:37:35.721163Z		0.070000	18391040		8G	0			true		acacia-syntcomp26-coverage-148090-9fbe3ca0d055.scope
S-cap120-epoch2	patrolling23.ltl	patrolling23.tlsf	120	UNREALIZABLE	0.6897666540025966	1	false		none	13	31	48	50384cf69a733199fa17c9c571da1761d8451991	f80ff3f62daaa6e22a6753a3f30a127baab424d0320949bc9957a6ff62ea5ebe	otf_sparse_formula	2026-09-19T13:37:36.426023Z		2.610000	119959552		8G	0			true		acacia-syntcomp26-coverage-148090-e1487e1b6ea7.scope
S-cap120-epoch2	prioritized_arbiter_enc_pb_13_pe_.ltl	prioritized_arbiter_enc_pb_13_pe_.tlsf	120	TIMEOUT	120.16836856999726	124	true	timeout	none	0	8	49	50384cf69a733199fa17c9c571da1761d8451991	f80ff3f62daaa6e22a6753a3f30a127baab424d0320949bc9957a6ff62ea5ebe	otf_sparse_formula	2026-09-19T13:39:36.606838Z					8G	0			true		acacia-syntcomp26-coverage-148090-79c2fc88345e.scope
S-cap120-epoch2	prioritized_arbiter_unreal1_pb_2_13_pe_.ltl	prioritized_arbiter_unreal1_pb_2_13_pe_.tlsf	120	UNREALIZABLE	0.016542681012651883	1	false		status	13	30	50	50384cf69a733199fa17c9c571da1761d8451991	f80ff3f62daaa6e22a6753a3f30a127baab424d0320949bc9957a6ff62ea5ebe	otf_sparse_formula	2026-09-19T13:39:36.637843Z		0.010000	18395136	44466176	8G	0			true		acacia-syntcomp26-coverage-148090-613b3fc6c5cf.scope
S-cap120-epoch2	prioritized_arbiter_unreal1_pb_2_16_pe_.ltl	prioritized_arbiter_unreal1_pb_2_16_pe_.tlsf	120	UNREALIZABLE	0.016084118993603624	1	false		status	13	30	51	50384cf69a733199fa17c9c571da1761d8451991	f80ff3f62daaa6e22a6753a3f30a127baab424d0320949bc9957a6ff62ea5ebe	otf_sparse_formula	2026-09-19T13:39:36.666801Z		0.010000	18444288	44732416	8G	0			true		acacia-syntcomp26-coverage-148090-d0020a51d734.scope
S-cap120-epoch2	prioritized_arbiter_unreal1_pb_4_16_pe_.ltl	prioritized_arbiter_unreal1_pb_4_16_pe_.tlsf	120	UNREALIZABLE	0.02115482599765528	1	false		status	13	30	52	50384cf69a733199fa17c9c571da1761d8451991	f80ff3f62daaa6e22a6753a3f30a127baab424d0320949bc9957a6ff62ea5ebe	otf_sparse_formula	2026-09-19T13:39:36.708881Z		0.020000	19116032		8G	0			true		acacia-syntcomp26-coverage-148090-5d8f3976c5a2.scope
S-cap120-epoch2	robot-cat-unreal-2d-unreal.ltl	robot-cat-unreal-2d-unreal.tlsf	120	TIMEOUT	120.12297195300926	124	true	timeout	none	0	8	53	50384cf69a733199fa17c9c571da1761d8451991	f80ff3f62daaa6e22a6753a3f30a127baab424d0320949bc9957a6ff62ea5ebe	otf_sparse_formula	2026-09-19T13:41:36.868544Z					8G	0			true		acacia-syntcomp26-coverage-148090-9e36e396d827.scope
S-cap120-epoch2	robot-to-target-charging11.ltl	robot-to-target-charging11.tlsf	120	UNREALIZABLE	46.07675347699842	1	false		none	13	34	54	50384cf69a733199fa17c9c571da1761d8451991	f80ff3f62daaa6e22a6753a3f30a127baab424d0320949bc9957a6ff62ea5ebe	otf_sparse_formula	2026-09-19T13:42:22.958705Z		183.260000	1271377920		8G	0			true		acacia-syntcomp26-coverage-148090-9e2488cfdc98.scope
S-cap120-epoch2	round_robin_arbiter_pb_5_pe_.ltl	round_robin_arbiter_pb_5_pe_.tlsf	120	REALIZABLE	14.79722297299304	0	false		status	11	32	55	50384cf69a733199fa17c9c571da1761d8451991	f80ff3f62daaa6e22a6753a3f30a127baab424d0320949bc9957a6ff62ea5ebe	otf_sparse_formula	2026-09-19T13:42:37.769559Z		45.570000	496996352		8G	0			true		acacia-syntcomp26-coverage-148090-f66ac0905284.scope
S-cap120-epoch2	round_robin_arbiter_unreal1_pb_2_16_pe_.ltl	round_robin_arbiter_unreal1_pb_2_16_pe_.tlsf	120	UNREALIZABLE	2.870619223001995	1	false		status	13	32	56	50384cf69a733199fa17c9c571da1761d8451991	f80ff3f62daaa6e22a6753a3f30a127baab424d0320949bc9957a6ff62ea5ebe	otf_sparse_formula	2026-09-19T13:42:40.655303Z		11.330000	342523904		8G	0			true		acacia-syntcomp26-coverage-148090-5b0388133644.scope
S-cap120-epoch2	shift_pb_125_pe_.ltl	shift_pb_125_pe_.tlsf	120	REALIZABLE	0.025579629000276327	0	false		status	11	30	57	50384cf69a733199fa17c9c571da1761d8451991	f80ff3f62daaa6e22a6753a3f30a127baab424d0320949bc9957a6ff62ea5ebe	otf_sparse_formula	2026-09-19T13:42:40.694089Z		0.030000	17747968		8G	0			true		acacia-syntcomp26-coverage-148090-71b2920797ad.scope
S-cap120-epoch2	simple_arbiter_unreal1_pb_4_3_pe_.ltl	simple_arbiter_unreal1_pb_4_3_pe_.tlsf	120	UNREALIZABLE	0.03458310299902223	1	false		status	13	30	58	50384cf69a733199fa17c9c571da1761d8451991	f80ff3f62daaa6e22a6753a3f30a127baab424d0320949bc9957a6ff62ea5ebe	otf_sparse_formula	2026-09-19T13:42:40.766890Z		0.040000	15302656		8G	0			true		acacia-syntcomp26-coverage-148090-ed31d7100467.scope
S-cap120-epoch2	simple_arbiter_unreal1_pb_5_1_pe_.ltl	simple_arbiter_unreal1_pb_5_1_pe_.tlsf	120	UNREALIZABLE	0.029346610986976884	1	false		status	13	30	59	50384cf69a733199fa17c9c571da1761d8451991	f80ff3f62daaa6e22a6753a3f30a127baab424d0320949bc9957a6ff62ea5ebe	otf_sparse_formula	2026-09-19T13:42:40.820714Z		0.030000	15216640		8G	0			true		acacia-syntcomp26-coverage-148090-57c7f59ed34f.scope
S-cap120-epoch2	simple_arbiter_unreal1_pb_5_3_pe_.ltl	simple_arbiter_unreal1_pb_5_3_pe_.tlsf	120	UNREALIZABLE	0.03877539200766478	1	false		status	13	30	60	50384cf69a733199fa17c9c571da1761d8451991	f80ff3f62daaa6e22a6753a3f30a127baab424d0320949bc9957a6ff62ea5ebe	otf_sparse_formula	2026-09-19T13:42:40.897628Z		0.030000	15249408		8G	0			true		acacia-syntcomp26-coverage-148090-a6a6d7dc6565.scope
S-cap120-epoch2	simple_arbiter_unreal1_pb_6_2_pe_.ltl	simple_arbiter_unreal1_pb_6_2_pe_.tlsf	120	UNREALIZABLE	0.03426249099720735	1	false		status	13	30	61	50384cf69a733199fa17c9c571da1761d8451991	f80ff3f62daaa6e22a6753a3f30a127baab424d0320949bc9957a6ff62ea5ebe	otf_sparse_formula	2026-09-19T13:42:40.971440Z		0.040000	15433728		8G	0			true		acacia-syntcomp26-coverage-148090-a663b02f51f5.scope
S-cap120-epoch2	simple_arbiter_unreal2_pb_8_pe_.ltl	simple_arbiter_unreal2_pb_8_pe_.tlsf	120	UNREALIZABLE	0.03291244900901802	1	false		status	13	30	62	50384cf69a733199fa17c9c571da1761d8451991	f80ff3f62daaa6e22a6753a3f30a127baab424d0320949bc9957a6ff62ea5ebe	otf_sparse_formula	2026-09-19T13:42:41.042740Z		0.040000	15421440		8G	0			true		acacia-syntcomp26-coverage-148090-c3d6f7866f09.scope
S-cap120-epoch2	square5x50.ltl	square5x50.tlsf	120	UNREALIZABLE	0.3210897230019327	1	false		none	13	30	63	50384cf69a733199fa17c9c571da1761d8451991	f80ff3f62daaa6e22a6753a3f30a127baab424d0320949bc9957a6ff62ea5ebe	otf_sparse_formula	2026-09-19T13:42:41.378199Z		1.170000	25808896		8G	0			true		acacia-syntcomp26-coverage-148090-886f0617a782.scope
S-cap120-epoch2	storage-GF-64-real.ltl	storage-GF-64-real.tlsf	120	REALIZABLE	0.039934564993018284	0	false		none	11	30	64	50384cf69a733199fa17c9c571da1761d8451991	f80ff3f62daaa6e22a6753a3f30a127baab424d0320949bc9957a6ff62ea5ebe	otf_sparse_formula	2026-09-19T13:42:41.431536Z		0.060000	20725760		8G	0			true		acacia-syntcomp26-coverage-148090-fd630cd3e5cd.scope
S-cap120-epoch2	workstation_resupply_pb_1_pe_.ltl	workstation_resupply_pb_1_pe_.tlsf	120	REALIZABLE	0.038742336007999256	0	false		none	11	30	65	50384cf69a733199fa17c9c571da1761d8451991	f80ff3f62daaa6e22a6753a3f30a127baab424d0320949bc9957a6ff62ea5ebe	otf_sparse_formula	2026-09-19T13:42:41.484102Z		0.080000	20467712		8G	0			true		acacia-syntcomp26-coverage-148090-4c7503f2290f.scope
S-cap120-epoch2	08.ltl	08.tlsf	120	REALIZABLE	29.917744926991872	0	false		none	11	32	0	50384cf69a733199fa17c9c571da1761d8451991	f80ff3f62daaa6e22a6753a3f30a127baab424d0320949bc9957a6ff62ea5ebe	otf_sparse_formula	2026-09-19T14:42:54.257767Z		94.120000	565800960		8G	0			true		acacia-syntcomp26-coverage-156316-42a8ed83ae35.scope
S-cap120-epoch2	AllShades_66f450a4.ltl	AllShades_66f450a4.tlsf	120	UNREALIZABLE	1.829066940001212	1	false		status	13	30	1	50384cf69a733199fa17c9c571da1761d8451991	f80ff3f62daaa6e22a6753a3f30a127baab424d0320949bc9957a6ff62ea5ebe	otf_sparse_formula	2026-09-19T14:42:56.105202Z		7.240000	55730176		8G	0			true		acacia-syntcomp26-coverage-156316-8f756b60c4c6.scope
S-cap120-epoch2	CheckDoor_c2b9e44d.ltl	CheckDoor_c2b9e44d.tlsf	120	UNREALIZABLE	0.01883615400583949	1	false		status	13	30	2	50384cf69a733199fa17c9c571da1761d8451991	f80ff3f62daaa6e22a6753a3f30a127baab424d0320949bc9957a6ff62ea5ebe	otf_sparse_formula	2026-09-19T14:42:56.137202Z		0.010000	18493440	43700224	8G	0			true		acacia-syntcomp26-coverage-156316-f36af8d23694.scope
S-cap120-epoch2	CheckLight_aeb1d897.ltl	CheckLight_aeb1d897.tlsf	120	UNREALIZABLE	0.025610516997403465	1	false		status	13	30	3	50384cf69a733199fa17c9c571da1761d8451991	f80ff3f62daaa6e22a6753a3f30a127baab424d0320949bc9957a6ff62ea5ebe	otf_sparse_formula	2026-09-19T14:42:56.185822Z		0.020000	18247680	45195264	8G	0			true		acacia-syntcomp26-coverage-156316-4c013e4b68d8.scope
S-cap120-epoch2	F-G-contradiction-112.ltl	F-G-contradiction-112.tlsf	120	MEMOUT	56.630637312002364	-15	false	memory	none	0	8	4	50384cf69a733199fa17c9c571da1761d8451991	f80ff3f62daaa6e22a6753a3f30a127baab424d0320949bc9957a6ff62ea5ebe	otf_sparse_formula	2026-09-19T14:43:52.837311Z				8589934592	8G	0			true		acacia-syntcomp26-coverage-156316-d34ec89ce08f.scope
S-cap120-epoch2	Heating_b209ff21.ltl	Heating_b209ff21.tlsf	120	REALIZABLE	0.03013992500200402	0	false		status	11	30	5	50384cf69a733199fa17c9c571da1761d8451991	f80ff3f62daaa6e22a6753a3f30a127baab424d0320949bc9957a6ff62ea5ebe	otf_sparse_formula	2026-09-19T14:43:52.879619Z		0.020000	18649088		8G	0			true		acacia-syntcomp26-coverage-156316-6817dc1c4cd5.scope
S-cap120-epoch2	IntendDemo_42dc4fff.ltl	IntendDemo_42dc4fff.tlsf	120	UNREALIZABLE	0.05253530900517944	1	false		status	13	30	6	50384cf69a733199fa17c9c571da1761d8451991	f80ff3f62daaa6e22a6753a3f30a127baab424d0320949bc9957a6ff62ea5ebe	otf_sparse_formula	2026-09-19T14:43:52.945099Z		0.120000	20635648		8G	0			true		acacia-syntcomp26-coverage-156316-bfde41b927a3.scope
S-cap120-epoch2	Lights_2c5b09da.ltl	Lights_2c5b09da.tlsf	120	REALIZABLE	0.025674410004285164	0	false		status	11	30	7	50384cf69a733199fa17c9c571da1761d8451991	f80ff3f62daaa6e22a6753a3f30a127baab424d0320949bc9957a6ff62ea5ebe	otf_sparse_formula	2026-09-19T14:43:52.985869Z		0.030000	19320832		8G	0			true		acacia-syntcomp26-coverage-156316-35dc9583de2d.scope
S-cap120-epoch2	Morning2_68c86764.ltl	Morning2_68c86764.tlsf	120	MEMOUT	80.98904602600669	-15	false	memory	none	0	8	8	50384cf69a733199fa17c9c571da1761d8451991	f80ff3f62daaa6e22a6753a3f30a127baab424d0320949bc9957a6ff62ea5ebe	otf_sparse_formula	2026-09-19T14:45:13.993293Z				8589934592	8G	0			true		acacia-syntcomp26-coverage-156316-cd02da18a5f9.scope
S-cap120-epoch2	Morning2s_06e9cad4.ltl	Morning2s_06e9cad4.tlsf	120	TIMEOUT	120.32660229499743	124	true	timeout	none	0	8	9	50384cf69a733199fa17c9c571da1761d8451991	f80ff3f62daaa6e22a6753a3f30a127baab424d0320949bc9957a6ff62ea5ebe	otf_sparse_formula	2026-09-19T14:47:14.355771Z					8G	0			true		acacia-syntcomp26-coverage-156316-4562b84d5fc7.scope
S-cap120-epoch2	MorningMin_d6c5ac79.ltl	MorningMin_d6c5ac79.tlsf	120	REALIZABLE	0.04153700199094601	0	false		status	11	30	10	50384cf69a733199fa17c9c571da1761d8451991	f80ff3f62daaa6e22a6753a3f30a127baab424d0320949bc9957a6ff62ea5ebe	otf_sparse_formula	2026-09-19T14:47:14.412568Z		0.040000	20418560		8G	0			true		acacia-syntcomp26-coverage-156316-524e5d02a394.scope
S-cap120-epoch2	OneCounterGuiA6.ltl	OneCounterGuiA6.tlsf	120	UNREALIZABLE	0.33703763199446257	1	false		status	13	30	11	50384cf69a733199fa17c9c571da1761d8451991	f80ff3f62daaa6e22a6753a3f30a127baab424d0320949bc9957a6ff62ea5ebe	otf_sparse_formula	2026-09-19T14:47:14.763154Z		1.250000	54304768		8G	0			true		acacia-syntcomp26-coverage-156316-008e9ff2d3ad.scope
S-cap120-epoch2	SensorSubmodulChooser.ltl	SensorSubmodulChooser.tlsf	120	REALIZABLE	0.03506133198970929	0	false		status	11	30	12	50384cf69a733199fa17c9c571da1761d8451991	f80ff3f62daaa6e22a6753a3f30a127baab424d0320949bc9957a6ff62ea5ebe	otf_sparse_formula	2026-09-19T14:47:14.816903Z		0.080000	22343680		8G	0			true		acacia-syntcomp26-coverage-156316-9cd8e32db51c.scope
S-cap120-epoch2	Shades2_70523fbe.ltl	Shades2_70523fbe.tlsf	120	REALIZABLE	0.018296762005775236	0	false		status	11	30	13	50384cf69a733199fa17c9c571da1761d8451991	f80ff3f62daaa6e22a6753a3f30a127baab424d0320949bc9957a6ff62ea5ebe	otf_sparse_formula	2026-09-19T14:47:14.848021Z		0.010000	19034112	45010944	8G	0			true		acacia-syntcomp26-coverage-156316-2b143244573f.scope
S-cap120-epoch2	TorcsSteeringImproved.ltl	TorcsSteeringImproved.tlsf	120	REALIZABLE	0.023232309002196416	0	false		status	11	30	14	50384cf69a733199fa17c9c571da1761d8451991	f80ff3f62daaa6e22a6753a3f30a127baab424d0320949bc9957a6ff62ea5ebe	otf_sparse_formula	2026-09-19T14:47:14.885229Z		0.020000	20205568		8G	0			true		acacia-syntcomp26-coverage-156316-b35df1328b0a.scope
S-cap120-epoch2	TwoCountersDisButAC.ltl	TwoCountersDisButAC.tlsf	120	UNREALIZABLE	0.19278091698652133	1	false		status	13	30	15	50384cf69a733199fa17c9c571da1761d8451991	f80ff3f62daaa6e22a6753a3f30a127baab424d0320949bc9957a6ff62ea5ebe	otf_sparse_formula	2026-09-19T14:47:15.092080Z		0.690000	38027264		8G	0			true		acacia-syntcomp26-coverage-156316-c53b07988b1c.scope
S-cap120-epoch2	Window2_6479ef9a.ltl	Window2_6479ef9a.tlsf	120	REALIZABLE	0.019512339000357315	0	false		status	11	30	16	50384cf69a733199fa17c9c571da1761d8451991	f80ff3f62daaa6e22a6753a3f30a127baab424d0320949bc9957a6ff62ea5ebe	otf_sparse_formula	2026-09-19T14:47:15.125050Z		0.020000	19734528		8G	0			true		acacia-syntcomp26-coverage-156316-1bff241fe4ba.scope
S-cap120-epoch2	amba_case_study_unreal_pb_3_pe_.ltl	amba_case_study_unreal_pb_3_pe_.tlsf	120	TIMEOUT	120.18254996099859	124	true	timeout	none	0	8	17	50384cf69a733199fa17c9c571da1761d8451991	f80ff3f62daaa6e22a6753a3f30a127baab424d0320949bc9957a6ff62ea5ebe	otf_sparse_formula	2026-09-19T14:49:15.320329Z					8G	0			true		acacia-syntcomp26-coverage-156316-d2d58167d9c1.scope
S-cap120-epoch2	amba_decomposed_arbiter_pb_7_pe_.ltl	amba_decomposed_arbiter_pb_7_pe_.tlsf	120	TIMEOUT	120.0337116169976	124	true	timeout	status	0	8	18	50384cf69a733199fa17c9c571da1761d8451991	f80ff3f62daaa6e22a6753a3f30a127baab424d0320949bc9957a6ff62ea5ebe	otf_sparse_formula	2026-09-19T14:51:15.366368Z					8G	0			true		acacia-syntcomp26-coverage-156316-7f93377f536a.scope
S-cap120-epoch2	amba_decomposed_encode_pb_15_pe_.ltl	amba_decomposed_encode_pb_15_pe_.tlsf	120	REALIZABLE	0.3286181029980071	0	false		status	11	30	19	50384cf69a733199fa17c9c571da1761d8451991	f80ff3f62daaa6e22a6753a3f30a127baab424d0320949bc9957a6ff62ea5ebe	otf_sparse_formula	2026-09-19T14:51:15.708467Z		1.210000	60612608		8G	0			true		acacia-syntcomp26-coverage-156316-09f2561b54d5.scope
S-cap120-epoch2	amba_decomposed_lock_pb_4_pe_.ltl	amba_decomposed_lock_pb_4_pe_.tlsf	120	REALIZABLE	0.021215760993072763	0	false		status	11	30	20	50384cf69a733199fa17c9c571da1761d8451991	f80ff3f62daaa6e22a6753a3f30a127baab424d0320949bc9957a6ff62ea5ebe	otf_sparse_formula	2026-09-19T14:51:15.749777Z		0.020000	19877888		8G	0			true		acacia-syntcomp26-coverage-156316-7a29ab46b3c9.scope
S-cap120-epoch2	arbiter_with_buffer_pb_6_pe_.ltl	arbiter_with_buffer_pb_6_pe_.tlsf	120	TIMEOUT	120.08440558800066	124	true	timeout	none	0	8	21	50384cf69a733199fa17c9c571da1761d8451991	f80ff3f62daaa6e22a6753a3f30a127baab424d0320949bc9957a6ff62ea5ebe	otf_sparse_formula	2026-09-19T14:53:15.847525Z					8G	0			true		acacia-syntcomp26-coverage-156316-c0cc45bfd4bd.scope
S-cap120-epoch2	arbiter_with_buffer_pb_7_pe_.ltl	arbiter_with_buffer_pb_7_pe_.tlsf	120	TIMEOUT	120.270764735993	124	true	timeout	none	0	8	22	50384cf69a733199fa17c9c571da1761d8451991	f80ff3f62daaa6e22a6753a3f30a127baab424d0320949bc9957a6ff62ea5ebe	otf_sparse_formula	2026-09-19T14:55:16.143291Z					8G	0			true		acacia-syntcomp26-coverage-156316-b9f2e7356288.scope
S-cap120-epoch2	arbiter_with_cancel_pb_9_pe_.ltl	arbiter_with_cancel_pb_9_pe_.tlsf	120	TIMEOUT	120.22605526099505	124	true	timeout	none	0	8	23	50384cf69a733199fa17c9c571da1761d8451991	f80ff3f62daaa6e22a6753a3f30a127baab424d0320949bc9957a6ff62ea5ebe	otf_sparse_formula	2026-09-19T14:57:16.395480Z					8G	0			true		acacia-syntcomp26-coverage-156316-30de15421fe7.scope
S-cap120-epoch2	chain-simple-param-70-real.ltl	chain-simple-param-70-real.tlsf	120	REALIZABLE	1.1279130009934306	0	false		none	11	30	24	50384cf69a733199fa17c9c571da1761d8451991	f80ff3f62daaa6e22a6753a3f30a127baab424d0320949bc9957a6ff62ea5ebe	otf_sparse_formula	2026-09-19T14:57:17.537535Z		4.410000	84840448		8G	0			true		acacia-syntcomp26-coverage-156316-d53a561039ce.scope
S-cap120-epoch2	collector_v1_pb_14_pe_.ltl	collector_v1_pb_14_pe_.tlsf	120	TIMEOUT	120.32717100900481	124	true	timeout	none	0	8	25	50384cf69a733199fa17c9c571da1761d8451991	f80ff3f62daaa6e22a6753a3f30a127baab424d0320949bc9957a6ff62ea5ebe	otf_sparse_formula	2026-09-19T14:59:17.903361Z					8G	0			true		acacia-syntcomp26-coverage-156316-d2f031dc1dd0.scope
S-cap120-epoch2	collector_v2_pb_13_pe_.ltl	collector_v2_pb_13_pe_.tlsf	120	REALIZABLE	2.0990612099994905	0	false		none	11	31	26	50384cf69a733199fa17c9c571da1761d8451991	f80ff3f62daaa6e22a6753a3f30a127baab424d0320949bc9957a6ff62ea5ebe	otf_sparse_formula	2026-09-19T14:59:20.016543Z		8.260000	160473088		8G	0			true		acacia-syntcomp26-coverage-156316-97078642aa5c.scope
S-cap120-epoch2	full_arbiter_enc_pb_8_pe_.ltl	full_arbiter_enc_pb_8_pe_.tlsf	120	TIMEOUT	120.17618515998765	124	true	timeout	none	0	8	27	50384cf69a733199fa17c9c571da1761d8451991	f80ff3f62daaa6e22a6753a3f30a127baab424d0320949bc9957a6ff62ea5ebe	otf_sparse_formula	2026-09-19T15:01:20.233630Z					8G	0			true		acacia-syntcomp26-coverage-156316-181bf03d02c2.scope
S-cap120-epoch2	full_arbiter_unreal1_pb_2_16_pe_.ltl	full_arbiter_unreal1_pb_2_16_pe_.tlsf	120	UNREALIZABLE	0.04205811899737455	1	false		status	13	30	28	50384cf69a733199fa17c9c571da1761d8451991	f80ff3f62daaa6e22a6753a3f30a127baab424d0320949bc9957a6ff62ea5ebe	otf_sparse_formula	2026-09-19T15:01:20.312942Z		0.020000	15515648		8G	0			true		acacia-syntcomp26-coverage-156316-a923f55f0cff.scope
S-cap120-epoch2	full_arbiter_unreal1_pb_2_26_pe_.ltl	full_arbiter_unreal1_pb_2_26_pe_.tlsf	120	UNREALIZABLE	0.03561389500100631	1	false		status	13	30	29	50384cf69a733199fa17c9c571da1761d8451991	f80ff3f62daaa6e22a6753a3f30a127baab424d0320949bc9957a6ff62ea5ebe	otf_sparse_formula	2026-09-19T15:01:20.387072Z		0.030000	15450112		8G	0			true		acacia-syntcomp26-coverage-156316-bd8a8671d357.scope
S-cap120-epoch2	full_arbiter_unreal1_pb_2_4_pe_.ltl	full_arbiter_unreal1_pb_2_4_pe_.tlsf	120	UNREALIZABLE	0.03380082499643322	1	false		status	13	30	30	50384cf69a733199fa17c9c571da1761d8451991	f80ff3f62daaa6e22a6753a3f30a127baab424d0320949bc9957a6ff62ea5ebe	otf_sparse_formula	2026-09-19T15:01:20.459041Z		0.030000	15486976		8G	0			true		acacia-syntcomp26-coverage-156316-0bb76cc14a23.scope
S-cap120-epoch2	full_arbiter_unreal1_pb_3_2_pe_.ltl	full_arbiter_unreal1_pb_3_2_pe_.tlsf	120	UNREALIZABLE	0.032690274994820356	1	false		status	13	30	31	50384cf69a733199fa17c9c571da1761d8451991	f80ff3f62daaa6e22a6753a3f30a127baab424d0320949bc9957a6ff62ea5ebe	otf_sparse_formula	2026-09-19T15:01:20.531324Z		0.030000	15368192		8G	0			true		acacia-syntcomp26-coverage-156316-4e4163146973.scope
S-cap120-epoch2	full_arbiter_unreal1_pb_4_3_pe_.ltl	full_arbiter_unreal1_pb_4_3_pe_.tlsf	120	UNREALIZABLE	0.03716565099603031	1	false		status	13	30	32	50384cf69a733199fa17c9c571da1761d8451991	f80ff3f62daaa6e22a6753a3f30a127baab424d0320949bc9957a6ff62ea5ebe	otf_sparse_formula	2026-09-19T15:01:20.608533Z		0.030000	15400960		8G	0			true		acacia-syntcomp26-coverage-156316-bcbf68eb860b.scope
S-cap120-epoch2	full_arbiter_unreal1_pb_4_6_pe_.ltl	full_arbiter_unreal1_pb_4_6_pe_.tlsf	120	UNREALIZABLE	0.033883317999425344	1	false		none	13	30	33	50384cf69a733199fa17c9c571da1761d8451991	f80ff3f62daaa6e22a6753a3f30a127baab424d0320949bc9957a6ff62ea5ebe	otf_sparse_formula	2026-09-19T15:01:20.682082Z		0.030000	15482880		8G	0			true		acacia-syntcomp26-coverage-156316-9880944a9e11.scope
S-cap120-epoch2	full_arbiter_unreal2_pb_6_pe_.ltl	full_arbiter_unreal2_pb_6_pe_.tlsf	120	UNREALIZABLE	0.030187242999090813	1	false		none	13	30	34	50384cf69a733199fa17c9c571da1761d8451991	f80ff3f62daaa6e22a6753a3f30a127baab424d0320949bc9957a6ff62ea5ebe	otf_sparse_formula	2026-09-19T15:01:20.725542Z		0.010000	15564800		8G	0			true		acacia-syntcomp26-coverage-156316-3fb1e6128025.scope
S-cap120-epoch2	g-unreal-112.ltl	g-unreal-112.tlsf	120	UNREALIZABLE	6.460633363996749	1	false		none	13	32	35	50384cf69a733199fa17c9c571da1761d8451991	f80ff3f62daaa6e22a6753a3f30a127baab424d0320949bc9957a6ff62ea5ebe	otf_sparse_formula	2026-09-19T15:01:27.198813Z		14.180000	411594752		8G	0			true		acacia-syntcomp26-coverage-156316-242e23104c12.scope
S-cap120-epoch2	g-unreal-37.ltl	g-unreal-37.tlsf	120	UNREALIZABLE	1.911553465994075	1	false		none	13	31	36	50384cf69a733199fa17c9c571da1761d8451991	f80ff3f62daaa6e22a6753a3f30a127baab424d0320949bc9957a6ff62ea5ebe	otf_sparse_formula	2026-09-19T15:01:29.124875Z		7.500000	208220160		8G	0			true		acacia-syntcomp26-coverage-156316-6e05d15e1f8f.scope
S-cap120-epoch2	gf-unreal15.ltl	gf-unreal15.tlsf	120	UNREALIZABLE	0.028730681995511986	1	false		none	13	30	37	50384cf69a733199fa17c9c571da1761d8451991	f80ff3f62daaa6e22a6753a3f30a127baab424d0320949bc9957a6ff62ea5ebe	otf_sparse_formula	2026-09-19T15:01:29.178223Z		0.040000	18255872		8G	0			true		acacia-syntcomp26-coverage-156316-4587b1396f87.scope
S-cap120-epoch2	heim-double-x7.ltl	heim-double-x7.tlsf	120	UNREALIZABLE	0.42208489899348933	1	false		none	13	30	38	50384cf69a733199fa17c9c571da1761d8451991	f80ff3f62daaa6e22a6753a3f30a127baab424d0320949bc9957a6ff62ea5ebe	otf_sparse_formula	2026-09-19T15:01:29.614035Z		1.580000	43335680		8G	0			true		acacia-syntcomp26-coverage-156316-4423d87fcf6a.scope
S-cap120-epoch2	infinite-race-u4.ltl	infinite-race-u4.tlsf	120	UNREALIZABLE	0.11188799599767663	1	false		none	13	30	39	50384cf69a733199fa17c9c571da1761d8451991	f80ff3f62daaa6e22a6753a3f30a127baab424d0320949bc9957a6ff62ea5ebe	otf_sparse_formula	2026-09-19T15:01:29.741186Z		0.350000	23789568		8G	0			true		acacia-syntcomp26-coverage-156316-c2fdf520469e.scope
S-cap120-epoch2	infinite-race-unequal-1-real.ltl	infinite-race-unequal-1-real.tlsf	120	REALIZABLE	0.16144629499467555	0	false		none	11	30	40	50384cf69a733199fa17c9c571da1761d8451991	f80ff3f62daaa6e22a6753a3f30a127baab424d0320949bc9957a6ff62ea5ebe	otf_sparse_formula	2026-09-19T15:01:29.920782Z		0.570000	29630464		8G	0			true		acacia-syntcomp26-coverage-156316-ed25ad20cc7b.scope
S-cap120-epoch2	lift_pb_6_pe_.ltl	lift_pb_6_pe_.tlsf	120	MEMOUT	39.204440015004366	-15	false	memory	none	0	8	41	50384cf69a733199fa17c9c571da1761d8451991	f80ff3f62daaa6e22a6753a3f30a127baab424d0320949bc9957a6ff62ea5ebe	otf_sparse_formula	2026-09-19T15:02:09.145076Z				8589934592	8G	0			true		acacia-syntcomp26-coverage-156316-1ba3ed97eafd.scope
S-cap120-epoch2	load_balancer_pb_10_pe_.ltl	load_balancer_pb_10_pe_.tlsf	120	TIMEOUT	120.20216222599265	124	true	timeout	none	0	8	42	50384cf69a733199fa17c9c571da1761d8451991	f80ff3f62daaa6e22a6753a3f30a127baab424d0320949bc9957a6ff62ea5ebe	otf_sparse_formula	2026-09-19T15:04:09.389393Z					8G	0			true		acacia-syntcomp26-coverage-156316-c5a31a98337b.scope
S-cap120-epoch2	load_balancer_unreal1_pb_3_12_pe_.ltl	load_balancer_unreal1_pb_3_12_pe_.tlsf	120	UNREALIZABLE	0.5925144810025813	1	false		status	13	30	43	50384cf69a733199fa17c9c571da1761d8451991	f80ff3f62daaa6e22a6753a3f30a127baab424d0320949bc9957a6ff62ea5ebe	otf_sparse_formula	2026-09-19T15:04:09.995928Z		1.760000	71704576		8G	0			true		acacia-syntcomp26-coverage-156316-6aee7e3c6195.scope
S-cap120-epoch2	ltl2dba03.ltl	ltl2dba03.tlsf	120	REALIZABLE	0.016306457997416146	0	false		status	11	30	44	50384cf69a733199fa17c9c571da1761d8451991	f80ff3f62daaa6e22a6753a3f30a127baab424d0320949bc9957a6ff62ea5ebe	otf_sparse_formula	2026-09-19T15:04:10.026762Z		0.010000	15380480	43204608	8G	0			true		acacia-syntcomp26-coverage-156316-8e08f9ee6b82.scope
S-cap120-epoch2	ltl2dba15.ltl	ltl2dba15.tlsf	120	REALIZABLE	0.01844733499456197	0	false		status	11	30	45	50384cf69a733199fa17c9c571da1761d8451991	f80ff3f62daaa6e22a6753a3f30a127baab424d0320949bc9957a6ff62ea5ebe	otf_sparse_formula	2026-09-19T15:04:10.057850Z		0.010000	15339520	42561536	8G	0			true		acacia-syntcomp26-coverage-156316-6d133a2f5b74.scope
S-cap120-epoch2	ltl2dba_C2_pb_80_pe_.ltl	ltl2dba_C2_pb_80_pe_.tlsf	120	REALIZABLE	0.019905098000890575	0	false		none	11	30	46	50384cf69a733199fa17c9c571da1761d8451991	f80ff3f62daaa6e22a6753a3f30a127baab424d0320949bc9957a6ff62ea5ebe	otf_sparse_formula	2026-09-19T15:04:10.090081Z		0.010000	16330752	42934272	8G	0			true		acacia-syntcomp26-coverage-156316-98299babe3ff.scope
S-cap120-epoch2	ltl2dba_C2_unreal_pb_13_pe_.ltl	ltl2dba_C2_unreal_pb_13_pe_.tlsf	120	UNREALIZABLE	1.2819780409918167	1	false		status	13	30	47	50384cf69a733199fa17c9c571da1761d8451991	f80ff3f62daaa6e22a6753a3f30a127baab424d0320949bc9957a6ff62ea5ebe	otf_sparse_formula	2026-09-19T15:04:11.386106Z		5.010000	98045952		8G	0			true		acacia-syntcomp26-coverage-156316-d645b78e3074.scope
S-cap120-epoch2	ltl2dba_E_pb_5_pe_.ltl	ltl2dba_E_pb_5_pe_.tlsf	120	REALIZABLE	0.019689299995661713	0	false		status	11	30	48	50384cf69a733199fa17c9c571da1761d8451991	f80ff3f62daaa6e22a6753a3f30a127baab424d0320949bc9957a6ff62ea5ebe	otf_sparse_formula	2026-09-19T15:04:11.432227Z		0.020000	15388672		8G	0			true		acacia-syntcomp26-coverage-156316-44d3e19cab1b.scope
S-cap120-epoch2	ltl2dba_Q_pb_12_pe_.ltl	ltl2dba_Q_pb_12_pe_.tlsf	120	REALIZABLE	0.020850185988820158	0	false		none	11	30	49	50384cf69a733199fa17c9c571da1761d8451991	f80ff3f62daaa6e22a6753a3f30a127baab424d0320949bc9957a6ff62ea5ebe	otf_sparse_formula	2026-09-19T15:04:11.466221Z		0.010000	15351808	43147264	8G	0			true		acacia-syntcomp26-coverage-156316-bbef5aa3859b.scope
S-cap120-epoch2	ltl2dba_R_pb_8_pe_.ltl	ltl2dba_R_pb_8_pe_.tlsf	120	UNREALIZABLE	88.65630242800398	1	false		status	13	34	50	50384cf69a733199fa17c9c571da1761d8451991	f80ff3f62daaa6e22a6753a3f30a127baab424d0320949bc9957a6ff62ea5ebe	otf_sparse_formula	2026-09-19T15:05:40.139461Z		353.020000	1099866112		8G	0			true		acacia-syntcomp26-coverage-156316-df28ff010686.scope
S-cap120-epoch2	mux_pb_200_pe_.ltl	mux_pb_200_pe_.tlsf	120	REALIZABLE	0.047540466010104865	0	false		none	11	30	51	50384cf69a733199fa17c9c571da1761d8451991	f80ff3f62daaa6e22a6753a3f30a127baab424d0320949bc9957a6ff62ea5ebe	otf_sparse_formula	2026-09-19T15:05:40.210882Z		0.060000	18354176		8G	0			true		acacia-syntcomp26-coverage-156316-43e4bf50cc6a.scope
S-cap120-epoch2	patrolling-alarm1.ltl	patrolling-alarm1.tlsf	120	UNREALIZABLE	0.0528603220009245	1	false		none	13	30	52	50384cf69a733199fa17c9c571da1761d8451991	f80ff3f62daaa6e22a6753a3f30a127baab424d0320949bc9957a6ff62ea5ebe	otf_sparse_formula	2026-09-19T15:05:40.276756Z		0.110000	21131264		8G	0			true		acacia-syntcomp26-coverage-156316-d8fe6e3ad0cf.scope
S-cap120-epoch2	patrolling-alarm25.ltl	patrolling-alarm25.tlsf	120	UNREALIZABLE	0.726698293001391	1	false		none	13	31	53	50384cf69a733199fa17c9c571da1761d8451991	f80ff3f62daaa6e22a6753a3f30a127baab424d0320949bc9957a6ff62ea5ebe	otf_sparse_formula	2026-09-19T15:05:41.016790Z		2.760000	131952640		8G	0			true		acacia-syntcomp26-coverage-156316-fd60c8580a99.scope
S-cap120-epoch2	patrolling-alarm6.ltl	patrolling-alarm6.tlsf	120	UNREALIZABLE	0.07431046800047625	1	false		none	13	30	54	50384cf69a733199fa17c9c571da1761d8451991	f80ff3f62daaa6e22a6753a3f30a127baab424d0320949bc9957a6ff62ea5ebe	otf_sparse_formula	2026-09-19T15:05:41.109803Z		0.200000	22552576		8G	0			true		acacia-syntcomp26-coverage-156316-d1e7d9c880a5.scope
S-cap120-epoch2	patrolling25.ltl	patrolling25.tlsf	120	UNREALIZABLE	0.7528982119983993	1	false		none	13	31	55	50384cf69a733199fa17c9c571da1761d8451991	f80ff3f62daaa6e22a6753a3f30a127baab424d0320949bc9957a6ff62ea5ebe	otf_sparse_formula	2026-09-19T15:05:41.877226Z		2.880000	133427200		8G	0			true		acacia-syntcomp26-coverage-156316-d5a9097baee7.scope
S-cap120-epoch2	prioritized_arbiter_unreal1_pb_2_8_pe_.ltl	prioritized_arbiter_unreal1_pb_2_8_pe_.tlsf	120	UNREALIZABLE	0.03312003199243918	1	false		status	13	30	56	50384cf69a733199fa17c9c571da1761d8451991	f80ff3f62daaa6e22a6753a3f30a127baab424d0320949bc9957a6ff62ea5ebe	otf_sparse_formula	2026-09-19T15:05:41.933996Z		0.030000	18489344		8G	0			true		acacia-syntcomp26-coverage-156316-4b96d03fba44.scope
S-cap120-epoch2	prioritized_arbiter_unreal1_pb_3_12_pe_.ltl	prioritized_arbiter_unreal1_pb_3_12_pe_.tlsf	120	UNREALIZABLE	0.03831378799804952	1	false		status	13	30	57	50384cf69a733199fa17c9c571da1761d8451991	f80ff3f62daaa6e22a6753a3f30a127baab424d0320949bc9957a6ff62ea5ebe	otf_sparse_formula	2026-09-19T15:05:42.009294Z		0.050000	18640896		8G	0			true		acacia-syntcomp26-coverage-156316-dcc3a379db62.scope
S-cap120-epoch2	prioritized_arbiter_unreal1_pb_3_2_pe_.ltl	prioritized_arbiter_unreal1_pb_3_2_pe_.tlsf	120	UNREALIZABLE	0.029626174000441097	1	false		status	13	30	58	50384cf69a733199fa17c9c571da1761d8451991	f80ff3f62daaa6e22a6753a3f30a127baab424d0320949bc9957a6ff62ea5ebe	otf_sparse_formula	2026-09-19T15:05:42.062215Z		0.030000	18386944		8G	0			true		acacia-syntcomp26-coverage-156316-2f6a598bc15c.scope
S-cap120-epoch2	prioritized_arbiter_unreal1_pb_5_4_pe_.ltl	prioritized_arbiter_unreal1_pb_5_4_pe_.tlsf	120	UNREALIZABLE	0.021442393990582787	1	false		status	13	30	59	50384cf69a733199fa17c9c571da1761d8451991	f80ff3f62daaa6e22a6753a3f30a127baab424d0320949bc9957a6ff62ea5ebe	otf_sparse_formula	2026-09-19T15:05:42.097065Z		0.010000	18685952	45137920	8G	0			true		acacia-syntcomp26-coverage-156316-4e9c0fa9e4ed.scope
S-cap120-epoch2	robot-resource-2d8.ltl	robot-resource-2d8.tlsf	120	UNREALIZABLE	1.2831938169983914	1	false		none	13	30	60	50384cf69a733199fa17c9c571da1761d8451991	f80ff3f62daaa6e22a6753a3f30a127baab424d0320949bc9957a6ff62ea5ebe	otf_sparse_formula	2026-09-19T15:05:43.393180Z		5.040000	44494848		8G	0			true		acacia-syntcomp26-coverage-156316-08b275ab1e3a.scope
S-cap120-epoch2	robot-to-target-charging-real.ltl	robot-to-target-charging-real.tlsf	120	TIMEOUT	120.2183480070089	124	true	timeout	none	0	8	61	50384cf69a733199fa17c9c571da1761d8451991	f80ff3f62daaa6e22a6753a3f30a127baab424d0320949bc9957a6ff62ea5ebe	otf_sparse_formula	2026-09-19T15:07:43.624446Z					8G	0			true		acacia-syntcomp26-coverage-156316-aed87ba5b474.scope
S-cap120-epoch2	robot-to-target-charging10.ltl	robot-to-target-charging10.tlsf	120	UNREALIZABLE	31.872397911007283	1	false		none	13	33	62	50384cf69a733199fa17c9c571da1761d8451991	f80ff3f62daaa6e22a6753a3f30a127baab424d0320949bc9957a6ff62ea5ebe	otf_sparse_formula	2026-09-19T15:08:15.509983Z		126.830000	796667904		8G	0			true		acacia-syntcomp26-coverage-156316-bdd29ea406a9.scope
S-cap120-epoch2	robot-to-target-charging23.ltl	robot-to-target-charging23.tlsf	120	TIMEOUT	120.32784097100375	124	true	timeout	none	0	8	63	50384cf69a733199fa17c9c571da1761d8451991	f80ff3f62daaa6e22a6753a3f30a127baab424d0320949bc9957a6ff62ea5ebe	otf_sparse_formula	2026-09-19T15:10:15.877666Z					8G	0			true		acacia-syntcomp26-coverage-156316-51f9e027694d.scope
S-cap120-epoch2	robot-to-target-charging25.ltl	robot-to-target-charging25.tlsf	120	TIMEOUT	120.32118776699645	124	true	timeout	none	0	8	64	50384cf69a733199fa17c9c571da1761d8451991	f80ff3f62daaa6e22a6753a3f30a127baab424d0320949bc9957a6ff62ea5ebe	otf_sparse_formula	2026-09-19T15:12:16.213987Z					8G	0			true		acacia-syntcomp26-coverage-156316-75797925a0b2.scope
S-cap120-epoch2	round_robin_arbiter_pb_10_pe_.ltl	round_robin_arbiter_pb_10_pe_.tlsf	120	TIMEOUT	120.32518111099489	124	true	timeout	none	0	8	65	50384cf69a733199fa17c9c571da1761d8451991	f80ff3f62daaa6e22a6753a3f30a127baab424d0320949bc9957a6ff62ea5ebe	otf_sparse_formula	2026-09-19T15:14:16.577394Z					8G	0			true		acacia-syntcomp26-coverage-156316-4b5a995e5dbc.scope
S-cap120-epoch2	round_robin_arbiter_unreal1_pb_2_12_pe_.ltl	round_robin_arbiter_unreal1_pb_2_12_pe_.tlsf	120	UNREALIZABLE	0.15108377298747655	1	false		status	13	30	66	50384cf69a733199fa17c9c571da1761d8451991	f80ff3f62daaa6e22a6753a3f30a127baab424d0320949bc9957a6ff62ea5ebe	otf_sparse_formula	2026-09-19T15:14:16.743181Z		0.500000	36114432		8G	0			true		acacia-syntcomp26-coverage-156316-cb0b3d00be7e.scope
S-cap120-epoch2	round_robin_arbiter_unreal1_pb_4_6_pe_.ltl	round_robin_arbiter_unreal1_pb_4_6_pe_.tlsf	120	MEMOUT	70.79266986700532	-15	false	memory	status	0	8	67	50384cf69a733199fa17c9c571da1761d8451991	f80ff3f62daaa6e22a6753a3f30a127baab424d0320949bc9957a6ff62ea5ebe	otf_sparse_formula	2026-09-19T15:15:27.554842Z				8589934592	8G	0			true		acacia-syntcomp26-coverage-156316-25a2d142434c.scope
S-cap120-epoch2	round_robin_arbiter_unreal2_pb_7_pe_.ltl	round_robin_arbiter_unreal2_pb_7_pe_.tlsf	120	TIMEOUT	120.32779059499444	124	true	timeout	none	0	8	68	50384cf69a733199fa17c9c571da1761d8451991	f80ff3f62daaa6e22a6753a3f30a127baab424d0320949bc9957a6ff62ea5ebe	otf_sparse_formula	2026-09-19T15:17:27.922953Z					8G	0			true		acacia-syntcomp26-coverage-156316-987674a20151.scope
S-cap120-epoch2	simple_arbiter_enc_pb_14_pe_.ltl	simple_arbiter_enc_pb_14_pe_.tlsf	120	TIMEOUT	120.1173338189983	124	true	timeout	none	0	8	69	50384cf69a733199fa17c9c571da1761d8451991	f80ff3f62daaa6e22a6753a3f30a127baab424d0320949bc9957a6ff62ea5ebe	otf_sparse_formula	2026-09-19T15:19:28.052776Z					8G	0			true		acacia-syntcomp26-coverage-156316-b86eaa87a502.scope
S-cap120-epoch2	simple_arbiter_unreal1_pb_16_2_pe_.ltl	simple_arbiter_unreal1_pb_16_2_pe_.tlsf	120	UNREALIZABLE	0.016907944998820312	1	false		status	13	30	70	50384cf69a733199fa17c9c571da1761d8451991	f80ff3f62daaa6e22a6753a3f30a127baab424d0320949bc9957a6ff62ea5ebe	otf_sparse_formula	2026-09-19T15:19:28.082669Z		0.010000	15400960	43188224	8G	0			true		acacia-syntcomp26-coverage-156316-f5c37ab63277.scope
S-cap120-epoch2	simple_arbiter_unreal1_pb_2_8_pe_.ltl	simple_arbiter_unreal1_pb_2_8_pe_.tlsf	120	UNREALIZABLE	0.01620739299687557	1	false		status	13	30	71	50384cf69a733199fa17c9c571da1761d8451991	f80ff3f62daaa6e22a6753a3f30a127baab424d0320949bc9957a6ff62ea5ebe	otf_sparse_formula	2026-09-19T15:19:28.111987Z		0.010000	15360000	42651648	8G	0			true		acacia-syntcomp26-coverage-156316-ed8466e6a11b.scope
S-cap120-epoch2	simple_arbiter_unreal1_pb_3_3_pe_.ltl	simple_arbiter_unreal1_pb_3_3_pe_.tlsf	120	UNREALIZABLE	0.016240779994404875	1	false		status	13	30	72	50384cf69a733199fa17c9c571da1761d8451991	f80ff3f62daaa6e22a6753a3f30a127baab424d0320949bc9957a6ff62ea5ebe	otf_sparse_formula	2026-09-19T15:19:28.140757Z		0.010000	15327232	42889216	8G	0			true		acacia-syntcomp26-coverage-156316-37c66707768d.scope
S-cap120-epoch2	simple_arbiter_unreal1_pb_3_9_pe_.ltl	simple_arbiter_unreal1_pb_3_9_pe_.tlsf	120	UNREALIZABLE	0.016037271998357028	1	false		status	13	30	73	50384cf69a733199fa17c9c571da1761d8451991	f80ff3f62daaa6e22a6753a3f30a127baab424d0320949bc9957a6ff62ea5ebe	otf_sparse_formula	2026-09-19T15:19:28.169113Z		0.010000	15306752	42090496	8G	0			true		acacia-syntcomp26-coverage-156316-edbca783fdd3.scope
S-cap120-epoch2	simple_arbiter_unreal1_pb_4_2_pe_.ltl	simple_arbiter_unreal1_pb_4_2_pe_.tlsf	120	UNREALIZABLE	0.01577183800691273	1	false		status	13	30	74	50384cf69a733199fa17c9c571da1761d8451991	f80ff3f62daaa6e22a6753a3f30a127baab424d0320949bc9957a6ff62ea5ebe	otf_sparse_formula	2026-09-19T15:19:28.198564Z		0.010000	15314944	43118592	8G	0			true		acacia-syntcomp26-coverage-156316-1e094ddcb863.scope
S-cap120-epoch2	simple_arbiter_with_hints_pb_2_pe_.ltl	simple_arbiter_with_hints_pb_2_pe_.tlsf	120	REALIZABLE	0.021501178009202704	0	false		none	11	30	75	50384cf69a733199fa17c9c571da1761d8451991	f80ff3f62daaa6e22a6753a3f30a127baab424d0320949bc9957a6ff62ea5ebe	otf_sparse_formula	2026-09-19T15:19:28.232753Z		0.010000	18366464	43384832	8G	0			true		acacia-syntcomp26-coverage-156316-a66ec165bdd9.scope
S-cap120-epoch2	solitary-real.ltl	solitary-real.tlsf	120	REALIZABLE	0.0302108500036411	0	false		none	11	30	76	50384cf69a733199fa17c9c571da1761d8451991	f80ff3f62daaa6e22a6753a3f30a127baab424d0320949bc9957a6ff62ea5ebe	otf_sparse_formula	2026-09-19T15:19:28.275933Z		0.030000	20365312		8G	0			true		acacia-syntcomp26-coverage-156316-de7ab83d55fe.scope
S-cap120-epoch2	square5x51.ltl	square5x51.tlsf	120	UNREALIZABLE	1.184232808998786	1	false		none	13	31	77	50384cf69a733199fa17c9c571da1761d8451991	f80ff3f62daaa6e22a6753a3f30a127baab424d0320949bc9957a6ff62ea5ebe	otf_sparse_formula	2026-09-19T15:19:29.473225Z		4.570000	149581824		8G	0			true		acacia-syntcomp26-coverage-156316-f4979f18ecca.scope
S-cap120-epoch2	taxi-service-real.ltl	taxi-service-real.tlsf	120	REALIZABLE	17.64518799399957	0	false		none	11	33	78	50384cf69a733199fa17c9c571da1761d8451991	f80ff3f62daaa6e22a6753a3f30a127baab424d0320949bc9957a6ff62ea5ebe	otf_sparse_formula	2026-09-19T15:19:47.131807Z		69.910000	1584558080		8G	0			true		acacia-syntcomp26-coverage-156316-50cabd8e9534.scope
S-cap120-epoch2	AlarmMin_efe2feaf.ltl	AlarmMin_efe2feaf.tlsf	120	REALIZABLE	0.021428567997645587	0	false		status	11	30	0	50384cf69a733199fa17c9c571da1761d8451991	f80ff3f62daaa6e22a6753a3f30a127baab424d0320949bc9957a6ff62ea5ebe	otf_sparse_formula	2026-09-19T15:19:47.300469Z		0.010000	18018304	43454464	8G	0			true		acacia-syntcomp26-coverage-158718-585cc6e1ef1f.scope
S-cap120-epoch2	Alarm_68c86764.ltl	Alarm_68c86764.tlsf	120	REALIZABLE	1.837455601998954	0	false		status	11	31	1	50384cf69a733199fa17c9c571da1761d8451991	f80ff3f62daaa6e22a6753a3f30a127baab424d0320949bc9957a6ff62ea5ebe	otf_sparse_formula	2026-09-19T15:19:49.159795Z		7.210000	175042560		8G	0			true		acacia-syntcomp26-coverage-158718-24f7c2ef8249.scope
S-cap120-epoch2	Alarm_9cac58d3.ltl	Alarm_9cac58d3.tlsf	120	REALIZABLE	0.01928449199476745	0	false		status	11	30	2	50384cf69a733199fa17c9c571da1761d8451991	f80ff3f62daaa6e22a6753a3f30a127baab424d0320949bc9957a6ff62ea5ebe	otf_sparse_formula	2026-09-19T15:19:49.192410Z		0.020000	19111936	44957696	8G	0			true		acacia-syntcomp26-coverage-158718-977c5cd10845.scope
S-cap120-epoch2	CheckWindows_54e1f7d2.ltl	CheckWindows_54e1f7d2.tlsf	120	UNREALIZABLE	0.01545221300330013	1	false		status	13	30	3	50384cf69a733199fa17c9c571da1761d8451991	f80ff3f62daaa6e22a6753a3f30a127baab424d0320949bc9957a6ff62ea5ebe	otf_sparse_formula	2026-09-19T15:19:49.220458Z		0.010000	16896000	43466752	8G	0			true		acacia-syntcomp26-coverage-158718-bc70e6a87cdc.scope
S-cap120-epoch2	CoffeMachine_974f4a68.ltl	CoffeMachine_974f4a68.tlsf	120	REALIZABLE	0.028235271995072253	0	false		status	11	30	4	50384cf69a733199fa17c9c571da1761d8451991	f80ff3f62daaa6e22a6753a3f30a127baab424d0320949bc9957a6ff62ea5ebe	otf_sparse_formula	2026-09-19T15:19:49.260901Z		0.020000	20176896		8G	0			true		acacia-syntcomp26-coverage-158718-8208a0a18ab0.scope
S-cap120-epoch2	EscalatorBidirectionalInit.ltl	EscalatorBidirectionalInit.tlsf	120	REALIZABLE	0.020902188000036404	0	false		status	11	30	5	50384cf69a733199fa17c9c571da1761d8451991	f80ff3f62daaa6e22a6753a3f30a127baab424d0320949bc9957a6ff62ea5ebe	otf_sparse_formula	2026-09-19T15:19:49.303217Z		0.020000	20074496		8G	0			true		acacia-syntcomp26-coverage-158718-3db21602f004.scope
S-cap120-epoch2	EscalatorSmart.ltl	EscalatorSmart.tlsf	120	REALIZABLE	0.049614509000093676	0	false		status	11	30	6	50384cf69a733199fa17c9c571da1761d8451991	f80ff3f62daaa6e22a6753a3f30a127baab424d0320949bc9957a6ff62ea5ebe	otf_sparse_formula	2026-09-19T15:19:49.365436Z		0.080000	20488192		8G	0			true		acacia-syntcomp26-coverage-158718-254f43daf704.scope
S-cap120-epoch2	F-G-contradiction-11.ltl	F-G-contradiction-11.tlsf	120	UNREALIZABLE	0.049932638998143375	1	false		none	13	30	7	50384cf69a733199fa17c9c571da1761d8451991	f80ff3f62daaa6e22a6753a3f30a127baab424d0320949bc9957a6ff62ea5ebe	otf_sparse_formula	2026-09-19T15:19:49.428790Z		0.130000	21712896		8G	0			true		acacia-syntcomp26-coverage-158718-72c1ba30327b.scope
S-cap120-epoch2	Light_d65ed84e.ltl	Light_d65ed84e.tlsf	120	REALIZABLE	0.0343249459983781	0	false		status	11	30	8	50384cf69a733199fa17c9c571da1761d8451991	f80ff3f62daaa6e22a6753a3f30a127baab424d0320949bc9957a6ff62ea5ebe	otf_sparse_formula	2026-09-19T15:19:49.478236Z		0.050000	20426752		8G	0			true		acacia-syntcomp26-coverage-158718-bf4e66287374.scope
S-cap120-epoch2	LightsTotal_2c5b09da.ltl	LightsTotal_2c5b09da.tlsf	120	UNREALIZABLE	0.06408935399667826	1	false		status	13	30	9	50384cf69a733199fa17c9c571da1761d8451991	f80ff3f62daaa6e22a6753a3f30a127baab424d0320949bc9957a6ff62ea5ebe	otf_sparse_formula	2026-09-19T15:19:49.555289Z		0.160000	20926464		8G	0			true		acacia-syntcomp26-coverage-158718-d083982253bb.scope
S-cap120-epoch2	Morning2_2c5b09da.ltl	Morning2_2c5b09da.tlsf	120	TIMEOUT	120.37576720099605	124	true	timeout	none	0	8	10	50384cf69a733199fa17c9c571da1761d8451991	f80ff3f62daaa6e22a6753a3f30a127baab424d0320949bc9957a6ff62ea5ebe	otf_sparse_formula	2026-09-19T15:21:49.964330Z					8G	0			true		acacia-syntcomp26-coverage-158718-20918ce1076a.scope
S-cap120-epoch2	OneCounterGuiA2.ltl	OneCounterGuiA2.tlsf	120	UNREALIZABLE	0.04272105199925136	1	false		status	13	30	11	50384cf69a733199fa17c9c571da1761d8451991	f80ff3f62daaa6e22a6753a3f30a127baab424d0320949bc9957a6ff62ea5ebe	otf_sparse_formula	2026-09-19T15:21:50.020561Z		0.060000	20815872		8G	0			true		acacia-syntcomp26-coverage-158718-41254caba58c.scope
S-cap120-epoch2	ShadesMin_aeb1d897.ltl	ShadesMin_aeb1d897.tlsf	120	REALIZABLE	0.0332374260033248	0	false		status	11	30	12	50384cf69a733199fa17c9c571da1761d8451991	f80ff3f62daaa6e22a6753a3f30a127baab424d0320949bc9957a6ff62ea5ebe	otf_sparse_formula	2026-09-19T15:21:50.081529Z		0.030000	18063360		8G	0			true		acacia-syntcomp26-coverage-158718-948404aa8613.scope
S-cap120-epoch2	Shades_6479ef9a.ltl	Shades_6479ef9a.tlsf	120	REALIZABLE	0.03780370300228242	0	false		status	11	30	13	50384cf69a733199fa17c9c571da1761d8451991	f80ff3f62daaa6e22a6753a3f30a127baab424d0320949bc9957a6ff62ea5ebe	otf_sparse_formula	2026-09-19T15:21:50.151302Z		0.050000	19021824		8G	0			true		acacia-syntcomp26-coverage-158718-007188fa8ed7.scope
S-cap120-epoch2	amba_decomposed_lock_pb_30_pe_.ltl	amba_decomposed_lock_pb_30_pe_.tlsf	120	TIMEOUT	120.22555957300938	124	true	timeout	status	0	105	14	50384cf69a733199fa17c9c571da1761d8451991	f80ff3f62daaa6e22a6753a3f30a127baab424d0320949bc9957a6ff62ea5ebe	otf_sparse_formula	2026-09-19T15:23:50.415879Z					8G	0			true		acacia-syntcomp26-coverage-158718-4e0af2f1ede7.scope
S-cap120-epoch2	amba_decomposed_lock_pb_7_pe_.ltl	amba_decomposed_lock_pb_7_pe_.tlsf	120	REALIZABLE	0.040692694994504564	0	false		status	11	30	15	50384cf69a733199fa17c9c571da1761d8451991	f80ff3f62daaa6e22a6753a3f30a127baab424d0320949bc9957a6ff62ea5ebe	otf_sparse_formula	2026-09-19T15:23:50.472398Z		0.070000	20742144		8G	0			true		acacia-syntcomp26-coverage-158718-0443eb7ba0f0.scope
S-cap120-epoch2	amba_gr_pb_2_pe_.ltl	amba_gr_pb_2_pe_.tlsf	120	REALIZABLE	58.05969376199937	0	false		none	11	34	16	50384cf69a733199fa17c9c571da1761d8451991	f80ff3f62daaa6e22a6753a3f30a127baab424d0320949bc9957a6ff62ea5ebe	otf_sparse_formula	2026-09-19T15:24:48.546815Z		229.040000	2583236608		8G	0			true		acacia-syntcomp26-coverage-158718-75cff97835a1.scope
S-cap120-epoch2	arbiter_pb_9_pe_.ltl	arbiter_pb_9_pe_.tlsf	120	TIMEOUT	120.22264523699414	124	true	timeout	none	0	8	17	50384cf69a733199fa17c9c571da1761d8451991	f80ff3f62daaa6e22a6753a3f30a127baab424d0320949bc9957a6ff62ea5ebe	otf_sparse_formula	2026-09-19T15:26:48.811416Z					8G	0			true		acacia-syntcomp26-coverage-158718-9e785ac26052.scope
S-cap120-epoch2	chain-5-real.ltl	chain-5-real.tlsf	120	TIMEOUT	120.22365772999183	124	true	timeout	none	0	8	18	50384cf69a733199fa17c9c571da1761d8451991	f80ff3f62daaa6e22a6753a3f30a127baab424d0320949bc9957a6ff62ea5ebe	otf_sparse_formula	2026-09-19T15:28:49.058792Z					8G	0			true		acacia-syntcomp26-coverage-158718-193ba3f471e0.scope
S-cap120-epoch2	collector_v2_pb_12_pe_.ltl	collector_v2_pb_12_pe_.tlsf	120	REALIZABLE	0.759478036998189	0	false		none	11	30	19	50384cf69a733199fa17c9c571da1761d8451991	f80ff3f62daaa6e22a6753a3f30a127baab424d0320949bc9957a6ff62ea5ebe	otf_sparse_formula	2026-09-19T15:28:49.831969Z		2.950000	101523456		8G	0			true		acacia-syntcomp26-coverage-158718-21c7128ea5f6.scope
S-cap120-epoch2	collector_v2_pb_5_pe_.ltl	collector_v2_pb_5_pe_.tlsf	120	REALIZABLE	0.02540377900004387	0	false		status	11	30	20	50384cf69a733199fa17c9c571da1761d8451991	f80ff3f62daaa6e22a6753a3f30a127baab424d0320949bc9957a6ff62ea5ebe	otf_sparse_formula	2026-09-19T15:28:49.871354Z		0.040000	21475328		8G	0			true		acacia-syntcomp26-coverage-158718-891f2562a7ef.scope
S-cap120-epoch2	finding_nemo_pb_6_pe_.ltl	finding_nemo_pb_6_pe_.tlsf	120	TIMEOUT	120.17066694599635	124	true	timeout	none	0	8	21	50384cf69a733199fa17c9c571da1761d8451991	f80ff3f62daaa6e22a6753a3f30a127baab424d0320949bc9957a6ff62ea5ebe	otf_sparse_formula	2026-09-19T15:30:50.082497Z					8G	0			true		acacia-syntcomp26-coverage-158718-3779fdce8297.scope
S-cap120-epoch2	full_arbiter_unreal1_pb_3_4_pe_.ltl	full_arbiter_unreal1_pb_3_4_pe_.tlsf	120	UNREALIZABLE	0.031148903988651	1	false		status	13	30	22	50384cf69a733199fa17c9c571da1761d8451991	f80ff3f62daaa6e22a6753a3f30a127baab424d0320949bc9957a6ff62ea5ebe	otf_sparse_formula	2026-09-19T15:30:50.136417Z		0.020000	15450112		8G	0			true		acacia-syntcomp26-coverage-158718-b1e4071026a3.scope
S-cap120-epoch2	full_arbiter_unreal1_pb_3_8_pe_.ltl	full_arbiter_unreal1_pb_3_8_pe_.tlsf	120	UNREALIZABLE	0.029679936007596552	1	false		status	13	30	23	50384cf69a733199fa17c9c571da1761d8451991	f80ff3f62daaa6e22a6753a3f30a127baab424d0320949bc9957a6ff62ea5ebe	otf_sparse_formula	2026-09-19T15:30:50.203875Z		0.040000	15310848		8G	0			true		acacia-syntcomp26-coverage-158718-617b0b535035.scope
S-cap120-epoch2	g-unreal-19.ltl	g-unreal-19.tlsf	120	UNREALIZABLE	1.983330171002308	1	false		none	13	31	24	50384cf69a733199fa17c9c571da1761d8451991	f80ff3f62daaa6e22a6753a3f30a127baab424d0320949bc9957a6ff62ea5ebe	otf_sparse_formula	2026-09-19T15:30:52.200499Z		4.670000	194568192		8G	0			true		acacia-syntcomp26-coverage-158718-ffd3a52dad1f.scope
S-cap120-epoch2	g-unreal-311.ltl	g-unreal-311.tlsf	120	UNREALIZABLE	70.29537820699625	1	false		none	13	34	25	50384cf69a733199fa17c9c571da1761d8451991	f80ff3f62daaa6e22a6753a3f30a127baab424d0320949bc9957a6ff62ea5ebe	otf_sparse_formula	2026-09-19T15:32:02.510363Z		279.270000	4670361600		8G	0			true		acacia-syntcomp26-coverage-158718-f10ac7283b8b.scope
S-cap120-epoch2	g-unreal-313.ltl	g-unreal-313.tlsf	120	MEMOUT	100.11844352100161	-15	false	memory	none	0	8	26	50384cf69a733199fa17c9c571da1761d8451991	f80ff3f62daaa6e22a6753a3f30a127baab424d0320949bc9957a6ff62ea5ebe	otf_sparse_formula	2026-09-19T15:33:42.647402Z				8589934592	8G	0			true		acacia-syntcomp26-coverage-158718-d9243bc92ff1.scope
S-cap120-epoch2	gf-unreal23.ltl	gf-unreal23.tlsf	120	UNREALIZABLE	0.03522411700396333	1	false		none	13	30	27	50384cf69a733199fa17c9c571da1761d8451991	f80ff3f62daaa6e22a6753a3f30a127baab424d0320949bc9957a6ff62ea5ebe	otf_sparse_formula	2026-09-19T15:33:42.697281Z		0.060000	18751488		8G	0			true		acacia-syntcomp26-coverage-158718-d5845e647701.scope
S-cap120-epoch2	infinite-race-u14.ltl	infinite-race-u14.tlsf	120	UNREALIZABLE	54.303370099005406	1	false		none	13	34	28	50384cf69a733199fa17c9c571da1761d8451991	f80ff3f62daaa6e22a6753a3f30a127baab424d0320949bc9957a6ff62ea5ebe	otf_sparse_formula	2026-09-19T15:34:37.014238Z		215.330000	5127413760		8G	0			true		acacia-syntcomp26-coverage-158718-997067f214e5.scope
S-cap120-epoch2	infinite-race-u15.ltl	infinite-race-u15.tlsf	120	MEMOUT	46.8037416379957	-15	false	memory	none	0	8	29	50384cf69a733199fa17c9c571da1761d8451991	f80ff3f62daaa6e22a6753a3f30a127baab424d0320949bc9957a6ff62ea5ebe	otf_sparse_formula	2026-09-19T15:35:23.837390Z				8589934592	8G	0			true		acacia-syntcomp26-coverage-158718-de39a0ed244f.scope
S-cap120-epoch2	infinite-race-u20.ltl	infinite-race-u20.tlsf	120	MEMOUT	48.78647879300115	-15	false	memory	none	0	8	30	50384cf69a733199fa17c9c571da1761d8451991	f80ff3f62daaa6e22a6753a3f30a127baab424d0320949bc9957a6ff62ea5ebe	otf_sparse_formula	2026-09-19T15:36:12.644741Z				8589934592	8G	0			true		acacia-syntcomp26-coverage-158718-e70c15d392a0.scope
S-cap120-epoch2	lilydemo10.ltl	lilydemo10.tlsf	120	REALIZABLE	0.02718439399905037	0	false		status	11	30	31	50384cf69a733199fa17c9c571da1761d8451991	f80ff3f62daaa6e22a6753a3f30a127baab424d0320949bc9957a6ff62ea5ebe	otf_sparse_formula	2026-09-19T15:36:12.700420Z		0.030000	15392768		8G	0			true		acacia-syntcomp26-coverage-158718-f615de23dd00.scope
S-cap120-epoch2	lilydemo15.ltl	lilydemo15.tlsf	120	REALIZABLE	0.0398952840041602	0	false		exception	11	30	32	50384cf69a733199fa17c9c571da1761d8451991	f80ff3f62daaa6e22a6753a3f30a127baab424d0320949bc9957a6ff62ea5ebe	otf_sparse_formula	2026-09-19T15:36:12.762079Z		0.040000	18333696		8G	0			true		acacia-syntcomp26-coverage-158718-c70b1ff3ad84.scope
S-cap120-epoch2	load_balancer_unreal1_pb_4_1_pe_.ltl	load_balancer_unreal1_pb_4_1_pe_.tlsf	120	UNREALIZABLE	0.033056750005926006	1	false		status	13	30	33	50384cf69a733199fa17c9c571da1761d8451991	f80ff3f62daaa6e22a6753a3f30a127baab424d0320949bc9957a6ff62ea5ebe	otf_sparse_formula	2026-09-19T15:36:12.808128Z		0.070000	20824064		8G	0			true		acacia-syntcomp26-coverage-158718-0459abe91a52.scope
S-cap120-epoch2	load_balancer_unreal1_pb_6_3_pe_.ltl	load_balancer_unreal1_pb_6_3_pe_.tlsf	120	UNREALIZABLE	0.669388002002961	1	false		status	13	30	34	50384cf69a733199fa17c9c571da1761d8451991	f80ff3f62daaa6e22a6753a3f30a127baab424d0320949bc9957a6ff62ea5ebe	otf_sparse_formula	2026-09-19T15:36:13.492443Z		2.570000	60391424		8G	0			true		acacia-syntcomp26-coverage-158718-d95feae3ba34.scope
S-cap120-epoch2	load_balancer_unreal2_pb_6_pe_.ltl	load_balancer_unreal2_pb_6_pe_.tlsf	120	TIMEOUT	120.12953852499777	124	true	timeout	status	0	8	35	50384cf69a733199fa17c9c571da1761d8451991	f80ff3f62daaa6e22a6753a3f30a127baab424d0320949bc9957a6ff62ea5ebe	otf_sparse_formula	2026-09-19T15:38:13.659714Z					8G	0			true		acacia-syntcomp26-coverage-158718-aa88283cb47f.scope
S-cap120-epoch2	ltl2dba_C2_pb_50_pe_.ltl	ltl2dba_C2_pb_50_pe_.tlsf	120	REALIZABLE	0.03204659800394438	0	false		status	11	30	36	50384cf69a733199fa17c9c571da1761d8451991	f80ff3f62daaa6e22a6753a3f30a127baab424d0320949bc9957a6ff62ea5ebe	otf_sparse_formula	2026-09-19T15:38:13.716879Z		0.030000	15970304		8G	0			true		acacia-syntcomp26-coverage-158718-54d06636c43f.scope
S-cap120-epoch2	ltl2dba_C2_unreal_pb_10_pe_.ltl	ltl2dba_C2_unreal_pb_10_pe_.tlsf	120	UNREALIZABLE	0.14053078199503943	1	false		status	13	30	37	50384cf69a733199fa17c9c571da1761d8451991	f80ff3f62daaa6e22a6753a3f30a127baab424d0320949bc9957a6ff62ea5ebe	otf_sparse_formula	2026-09-19T15:38:13.871065Z		0.470000	26480640		8G	0			true		acacia-syntcomp26-coverage-158718-aeb4c524eee7.scope
S-cap120-epoch2	ltl2dba_E_pb_2_pe_.ltl	ltl2dba_E_pb_2_pe_.tlsf	120	REALIZABLE	0.022371975996065885	0	false		status	11	30	38	50384cf69a733199fa17c9c571da1761d8451991	f80ff3f62daaa6e22a6753a3f30a127baab424d0320949bc9957a6ff62ea5ebe	otf_sparse_formula	2026-09-19T15:38:13.915877Z		0.020000	15233024		8G	0			true		acacia-syntcomp26-coverage-158718-b2a80f69bbf7.scope
S-cap120-epoch2	ltl2dba_alpha_pb_2_pe_.ltl	ltl2dba_alpha_pb_2_pe_.tlsf	120	REALIZABLE	0.03409805799310561	0	false		status	11	30	39	50384cf69a733199fa17c9c571da1761d8451991	f80ff3f62daaa6e22a6753a3f30a127baab424d0320949bc9957a6ff62ea5ebe	otf_sparse_formula	2026-09-19T15:38:13.980054Z		0.030000	15446016		8G	0			true		acacia-syntcomp26-coverage-158718-bebc3c9054a5.scope
S-cap120-epoch2	ltl2dba_theta_pb_6_pe_.ltl	ltl2dba_theta_pb_6_pe_.tlsf	120	UNREALIZABLE	0.058930569008225575	1	false		status	13	30	40	50384cf69a733199fa17c9c571da1761d8451991	f80ff3f62daaa6e22a6753a3f30a127baab424d0320949bc9957a6ff62ea5ebe	otf_sparse_formula	2026-09-19T15:38:14.051671Z		0.120000	25161728		8G	0			true		acacia-syntcomp26-coverage-158718-e8a5c7fb8f40.scope
S-cap120-epoch2	ltl2dpa05.ltl	ltl2dpa05.tlsf	120	REALIZABLE	0.030081225995672867	0	false		status	11	30	41	50384cf69a733199fa17c9c571da1761d8451991	f80ff3f62daaa6e22a6753a3f30a127baab424d0320949bc9957a6ff62ea5ebe	otf_sparse_formula	2026-09-19T15:38:14.107308Z		0.030000	15495168		8G	0			true		acacia-syntcomp26-coverage-158718-9bdb6f7889e6.scope
S-cap120-epoch2	ltl2dpa06.ltl	ltl2dpa06.tlsf	120	REALIZABLE	0.026703263996751048	0	false		status	11	30	42	50384cf69a733199fa17c9c571da1761d8451991	f80ff3f62daaa6e22a6753a3f30a127baab424d0320949bc9957a6ff62ea5ebe	otf_sparse_formula	2026-09-19T15:38:14.170802Z		0.030000	15634432		8G	0			true		acacia-syntcomp26-coverage-158718-600d464f92dc.scope
S-cap120-epoch2	ltl2dpa20.ltl	ltl2dpa20.tlsf	120	REALIZABLE	0.043010270994273014	0	false		status	11	30	43	50384cf69a733199fa17c9c571da1761d8451991	f80ff3f62daaa6e22a6753a3f30a127baab424d0320949bc9957a6ff62ea5ebe	otf_sparse_formula	2026-09-19T15:38:14.239193Z		0.050000	19214336		8G	0			true		acacia-syntcomp26-coverage-158718-66fd8f81172e.scope
S-cap120-epoch2	ordered-visits-choice-real.ltl	ordered-visits-choice-real.tlsf	120	REALIZABLE	0.04140672799258027	0	false		none	11	30	44	50384cf69a733199fa17c9c571da1761d8451991	f80ff3f62daaa6e22a6753a3f30a127baab424d0320949bc9957a6ff62ea5ebe	otf_sparse_formula	2026-09-19T15:38:14.294796Z		0.070000	20332544		8G	0			true		acacia-syntcomp26-coverage-158718-38d7953af92a.scope
S-cap120-epoch2	patrolling-alarm20.ltl	patrolling-alarm20.tlsf	120	UNREALIZABLE	0.5648468879953725	1	false		none	13	30	45	50384cf69a733199fa17c9c571da1761d8451991	f80ff3f62daaa6e22a6753a3f30a127baab424d0320949bc9957a6ff62ea5ebe	otf_sparse_formula	2026-09-19T15:38:14.872755Z		2.130000	100757504		8G	0			true		acacia-syntcomp26-coverage-158718-bffa510ae8b4.scope
S-cap120-epoch2	patrolling-alarm7.ltl	patrolling-alarm7.tlsf	120	UNREALIZABLE	0.07789257699914742	1	false		none	13	30	46	50384cf69a733199fa17c9c571da1761d8451991	f80ff3f62daaa6e22a6753a3f30a127baab424d0320949bc9957a6ff62ea5ebe	otf_sparse_formula	2026-09-19T15:38:14.965744Z		0.250000	22654976		8G	0			true		acacia-syntcomp26-coverage-158718-3e8d6f4e1fa7.scope
S-cap120-epoch2	patrolling18.ltl	patrolling18.tlsf	120	UNREALIZABLE	0.5055415550014004	1	false		none	13	30	47	50384cf69a733199fa17c9c571da1761d8451991	f80ff3f62daaa6e22a6753a3f30a127baab424d0320949bc9957a6ff62ea5ebe	otf_sparse_formula	2026-09-19T15:38:15.484332Z		1.900000	91844608		8G	0			true		acacia-syntcomp26-coverage-158718-3105528b4f22.scope
S-cap120-epoch2	prioritized_arbiter_enc_pb_14_pe_.ltl	prioritized_arbiter_enc_pb_14_pe_.tlsf	120	TIMEOUT	120.17441827799485	124	true	timeout	none	0	8	48	50384cf69a733199fa17c9c571da1761d8451991	f80ff3f62daaa6e22a6753a3f30a127baab424d0320949bc9957a6ff62ea5ebe	otf_sparse_formula	2026-09-19T15:40:15.698019Z					8G	0			true		acacia-syntcomp26-coverage-158718-36e992da1af5.scope
S-cap120-epoch2	prioritized_arbiter_unreal1_pb_2_1_pe_.ltl	prioritized_arbiter_unreal1_pb_2_1_pe_.tlsf	120	UNREALIZABLE	0.034955159993842244	1	false		status	13	30	49	50384cf69a733199fa17c9c571da1761d8451991	f80ff3f62daaa6e22a6753a3f30a127baab424d0320949bc9957a6ff62ea5ebe	otf_sparse_formula	2026-09-19T15:40:15.756304Z		0.030000	18395136		8G	0			true		acacia-syntcomp26-coverage-158718-68ddf29739d4.scope
S-cap120-epoch2	prioritized_arbiter_unreal1_pb_2_6_pe_.ltl	prioritized_arbiter_unreal1_pb_2_6_pe_.tlsf	120	UNREALIZABLE	0.03885803298908286	1	false		status	13	30	50	50384cf69a733199fa17c9c571da1761d8451991	f80ff3f62daaa6e22a6753a3f30a127baab424d0320949bc9957a6ff62ea5ebe	otf_sparse_formula	2026-09-19T15:40:15.820341Z		0.040000	18468864		8G	0			true		acacia-syntcomp26-coverage-158718-97d7b729d49c.scope
S-cap120-epoch2	prioritized_arbiter_unreal1_pb_4_15_pe_.ltl	prioritized_arbiter_unreal1_pb_4_15_pe_.tlsf	120	UNREALIZABLE	0.030050863002543338	1	false		status	13	30	51	50384cf69a733199fa17c9c571da1761d8451991	f80ff3f62daaa6e22a6753a3f30a127baab424d0320949bc9957a6ff62ea5ebe	otf_sparse_formula	2026-09-19T15:40:15.873780Z		0.030000	19013632		8G	0			true		acacia-syntcomp26-coverage-158718-70eefd41e6d2.scope
S-cap120-epoch2	prioritized_arbiter_unreal2_pb_60_pe_.ltl	prioritized_arbiter_unreal2_pb_60_pe_.tlsf	120	TIMEOUT	120.23042309400626	124	true	timeout	none	0	648	52	50384cf69a733199fa17c9c571da1761d8451991	f80ff3f62daaa6e22a6753a3f30a127baab424d0320949bc9957a6ff62ea5ebe	otf_sparse_formula	2026-09-19T15:42:16.146472Z					8G	0			true		acacia-syntcomp26-coverage-158718-9d0a12610afe.scope
S-cap120-epoch2	prioritized_arbiter_unreal2_pb_8_pe_.ltl	prioritized_arbiter_unreal2_pb_8_pe_.tlsf	120	UNREALIZABLE	0.03882968898687977	1	false		status	13	30	53	50384cf69a733199fa17c9c571da1761d8451991	f80ff3f62daaa6e22a6753a3f30a127baab424d0320949bc9957a6ff62ea5ebe	otf_sparse_formula	2026-09-19T15:42:16.209806Z		0.040000	19210240		8G	0			true		acacia-syntcomp26-coverage-158718-0c6ac83df296.scope
S-cap120-epoch2	round_robin_arbiter_unreal1_pb_2_15_pe_.ltl	round_robin_arbiter_unreal1_pb_2_15_pe_.tlsf	120	UNREALIZABLE	1.2604017120029312	1	false		status	13	31	54	50384cf69a733199fa17c9c571da1761d8451991	f80ff3f62daaa6e22a6753a3f30a127baab424d0320949bc9957a6ff62ea5ebe	otf_sparse_formula	2026-09-19T15:42:17.484770Z		4.900000	180232192		8G	0			true		acacia-syntcomp26-coverage-158718-7265e4db59c6.scope
S-cap120-epoch2	round_robin_arbiter_unreal1_pb_3_11_pe_.ltl	round_robin_arbiter_unreal1_pb_3_11_pe_.tlsf	120	MEMOUT	58.96809527000005	-15	false	memory	status	0	8	55	50384cf69a733199fa17c9c571da1761d8451991	f80ff3f62daaa6e22a6753a3f30a127baab424d0320949bc9957a6ff62ea5ebe	otf_sparse_formula	2026-09-19T15:43:16.472106Z				8589934592	8G	0			true		acacia-syntcomp26-coverage-158718-03e89b014032.scope
S-cap120-epoch2	round_robin_arbiter_unreal1_pb_4_10_pe_.ltl	round_robin_arbiter_unreal1_pb_4_10_pe_.tlsf	120	MEMOUT	50.07639607900637	-15	false	memory	none	0	8	56	50384cf69a733199fa17c9c571da1761d8451991	f80ff3f62daaa6e22a6753a3f30a127baab424d0320949bc9957a6ff62ea5ebe	otf_sparse_formula	2026-09-19T15:44:06.567382Z				8589934592	8G	0			true		acacia-syntcomp26-coverage-158718-da0effc44239.scope
S-cap120-epoch2	round_robin_arbiter_unreal1_pb_4_13_pe_.ltl	round_robin_arbiter_unreal1_pb_4_13_pe_.tlsf	120	MEMOUT	50.29198295199603	-15	false	memory	none	0	8	57	50384cf69a733199fa17c9c571da1761d8451991	f80ff3f62daaa6e22a6753a3f30a127baab424d0320949bc9957a6ff62ea5ebe	otf_sparse_formula	2026-09-19T15:44:56.880625Z				8589934592	8G	0			true		acacia-syntcomp26-coverage-158718-dfc9b2a40dd6.scope
S-cap120-epoch2	shift_pb_250_pe_.ltl	shift_pb_250_pe_.tlsf	120	REALIZABLE	0.0382415519998176	0	false		none	11	30	58	50384cf69a733199fa17c9c571da1761d8451991	f80ff3f62daaa6e22a6753a3f30a127baab424d0320949bc9957a6ff62ea5ebe	otf_sparse_formula	2026-09-19T15:44:56.944332Z		0.060000	18132992		8G	0			true		acacia-syntcomp26-coverage-158718-e0815e005b56.scope
S-cap120-epoch2	shift_pb_500_pe_.ltl	shift_pb_500_pe_.tlsf	120	REALIZABLE	0.046232340988353826	0	false		none	11	30	59	50384cf69a733199fa17c9c571da1761d8451991	f80ff3f62daaa6e22a6753a3f30a127baab424d0320949bc9957a6ff62ea5ebe	otf_sparse_formula	2026-09-19T15:44:57.004621Z		0.050000	18440192		8G	0			true		acacia-syntcomp26-coverage-158718-dd34d531daa8.scope
S-cap120-epoch2	simple_arbiter_enc_pb_32_pe_.ltl	simple_arbiter_enc_pb_32_pe_.tlsf	120	TIMEOUT	120.14987435301009	124	true	timeout	none	0	8	60	50384cf69a733199fa17c9c571da1761d8451991	f80ff3f62daaa6e22a6753a3f30a127baab424d0320949bc9957a6ff62ea5ebe	otf_sparse_formula	2026-09-19T15:46:57.193480Z					8G	0			true		acacia-syntcomp26-coverage-158718-f1bdc1ac41a8.scope
S-cap120-epoch2	simple_arbiter_unreal1_pb_3_4_pe_.ltl	simple_arbiter_unreal1_pb_3_4_pe_.tlsf	120	UNREALIZABLE	0.03536194899061229	1	false		status	13	30	61	50384cf69a733199fa17c9c571da1761d8451991	f80ff3f62daaa6e22a6753a3f30a127baab424d0320949bc9957a6ff62ea5ebe	otf_sparse_formula	2026-09-19T15:46:57.261424Z		0.030000	15257600		8G	0			true		acacia-syntcomp26-coverage-158718-e67401992d68.scope
S-cap120-epoch2	simple_arbiter_unreal1_pb_3_7_pe_.ltl	simple_arbiter_unreal1_pb_3_7_pe_.tlsf	120	UNREALIZABLE	0.033932477002963424	1	false		status	13	30	62	50384cf69a733199fa17c9c571da1761d8451991	f80ff3f62daaa6e22a6753a3f30a127baab424d0320949bc9957a6ff62ea5ebe	otf_sparse_formula	2026-09-19T15:46:57.332715Z		0.030000	15335424		8G	0			true		acacia-syntcomp26-coverage-158718-d4e6e5906bec.scope
S-cap120-epoch2	simple_arbiter_unreal1_pb_5_2_pe_.ltl	simple_arbiter_unreal1_pb_5_2_pe_.tlsf	120	UNREALIZABLE	0.029681735002668574	1	false		status	13	30	63	50384cf69a733199fa17c9c571da1761d8451991	f80ff3f62daaa6e22a6753a3f30a127baab424d0320949bc9957a6ff62ea5ebe	otf_sparse_formula	2026-09-19T15:46:57.384914Z		0.030000	15319040		8G	0			true		acacia-syntcomp26-coverage-158718-b5541dc441f1.scope
S-cap120-epoch2	Alarm_06e9cad4.ltl	Alarm_06e9cad4.tlsf	120	REALIZABLE	1.5835608470079023	0	false		status	11	31	0	50384cf69a733199fa17c9c571da1761d8451991	f80ff3f62daaa6e22a6753a3f30a127baab424d0320949bc9957a6ff62ea5ebe	otf_sparse_formula	2026-09-19T16:53:53.796841Z		6.220000	166219776		8G	0			true		acacia-syntcomp26-coverage-163544-3b6e69a9d133.scope
S-cap120-epoch2	EscalatorCountingInit.ltl	EscalatorCountingInit.tlsf	120	REALIZABLE	0.016999114013742656	0	false		status	11	30	1	50384cf69a733199fa17c9c571da1761d8451991	f80ff3f62daaa6e22a6753a3f30a127baab424d0320949bc9957a6ff62ea5ebe	otf_sparse_formula	2026-09-19T16:53:53.842821Z		0.020000	20357120	47321088	8G	0			true		acacia-syntcomp26-coverage-163544-31edf92fc041.scope
S-cap120-epoch2	FelixSpecFixed2.2.core_fa8592c8.ltl	FelixSpecFixed2.2.core_fa8592c8.tlsf	120	UNREALIZABLE	0.018091877005645074	1	false		status	13	30	2	50384cf69a733199fa17c9c571da1761d8451991	f80ff3f62daaa6e22a6753a3f30a127baab424d0320949bc9957a6ff62ea5ebe	otf_sparse_formula	2026-09-19T16:53:53.873480Z		0.010000	19058688	46551040	8G	0			true		acacia-syntcomp26-coverage-163544-3b343bd8efc2.scope
S-cap120-epoch2	KitchenTimerV2.ltl	KitchenTimerV2.tlsf	120	REALIZABLE	0.019670848996611312	0	false		status	11	30	3	50384cf69a733199fa17c9c571da1761d8451991	f80ff3f62daaa6e22a6753a3f30a127baab424d0320949bc9957a6ff62ea5ebe	otf_sparse_formula	2026-09-19T16:53:53.905307Z		0.020000	19193856		8G	0			true		acacia-syntcomp26-coverage-163544-641ef1906f4c.scope
S-cap120-epoch2	Lights3_2c5b09da.ltl	Lights3_2c5b09da.tlsf	120	REALIZABLE	0.027230070991208777	0	false		status	11	30	4	50384cf69a733199fa17c9c571da1761d8451991	f80ff3f62daaa6e22a6753a3f30a127baab424d0320949bc9957a6ff62ea5ebe	otf_sparse_formula	2026-09-19T16:53:53.945998Z		0.020000	19841024		8G	0			true		acacia-syntcomp26-coverage-163544-2d56e383d579.scope
S-cap120-epoch2	OneCounterGuiA4.ltl	OneCounterGuiA4.tlsf	120	UNREALIZABLE	0.04733501700684428	1	false		status	13	30	5	50384cf69a733199fa17c9c571da1761d8451991	f80ff3f62daaa6e22a6753a3f30a127baab424d0320949bc9957a6ff62ea5ebe	otf_sparse_formula	2026-09-19T16:53:54.006327Z		0.130000	26374144		8G	0			true		acacia-syntcomp26-coverage-163544-c636ed288571.scope
S-cap120-epoch2	OneCounterInRange.ltl	OneCounterInRange.tlsf	120	UNREALIZABLE	0.03124479899997823	1	false		status	13	30	6	50384cf69a733199fa17c9c571da1761d8451991	f80ff3f62daaa6e22a6753a3f30a127baab424d0320949bc9957a6ff62ea5ebe	otf_sparse_formula	2026-09-19T16:53:54.050403Z		0.010000	20094976		8G	0			true		acacia-syntcomp26-coverage-163544-49e501a74711.scope
S-cap120-epoch2	Shades_9cac58d3.ltl	Shades_9cac58d3.tlsf	120	REALIZABLE	0.019478999995044433	0	false		status	11	30	7	50384cf69a733199fa17c9c571da1761d8451991	f80ff3f62daaa6e22a6753a3f30a127baab424d0320949bc9957a6ff62ea5ebe	otf_sparse_formula	2026-09-19T16:53:54.082259Z		0.020000	18767872	45281280	8G	0			true		acacia-syntcomp26-coverage-163544-9a030a5bbc96.scope
S-cap120-epoch2	TorcsSteeringSimple.ltl	TorcsSteeringSimple.tlsf	120	REALIZABLE	0.022372402003384195	0	false		status	11	30	8	50384cf69a733199fa17c9c571da1761d8451991	f80ff3f62daaa6e22a6753a3f30a127baab424d0320949bc9957a6ff62ea5ebe	otf_sparse_formula	2026-09-19T16:53:54.119071Z		0.010000	20189184		8G	0			true		acacia-syntcomp26-coverage-163544-892ef8fdea7d.scope
S-cap120-epoch2	TwoCounters3.ltl	TwoCounters3.tlsf	120	REALIZABLE	1.5092994879960315	0	false		status	11	31	9	50384cf69a733199fa17c9c571da1761d8451991	f80ff3f62daaa6e22a6753a3f30a127baab424d0320949bc9957a6ff62ea5ebe	otf_sparse_formula	2026-09-19T16:53:55.641053Z		4.800000	180305920		8G	0			true		acacia-syntcomp26-coverage-163544-e7e7da7b7d05.scope
S-cap120-epoch2	TwoCountersDisButA7.ltl	TwoCountersDisButA7.tlsf	120	UNREALIZABLE	0.1382929279934615	1	false		status	13	30	10	50384cf69a733199fa17c9c571da1761d8451991	f80ff3f62daaa6e22a6753a3f30a127baab424d0320949bc9957a6ff62ea5ebe	otf_sparse_formula	2026-09-19T16:53:55.793177Z		0.480000	29995008		8G	0			true		acacia-syntcomp26-coverage-163544-2d64ffd81cd6.scope
S-cap120-epoch2	Window_42dc4fff.ltl	Window_42dc4fff.tlsf	120	REALIZABLE	0.02293558900419157	0	false		status	11	30	11	50384cf69a733199fa17c9c571da1761d8451991	f80ff3f62daaa6e22a6753a3f30a127baab424d0320949bc9957a6ff62ea5ebe	otf_sparse_formula	2026-09-19T16:53:55.830119Z		0.020000	19951616		8G	0			true		acacia-syntcomp26-coverage-163544-d44219d87664.scope
S-cap120-epoch2	amba_gr+_pb_2_pe_.ltl	amba_gr+_pb_2_pe_.tlsf	120	TIMEOUT	120.32717117200082	124	true	timeout	none	0	8	12	50384cf69a733199fa17c9c571da1761d8451991	f80ff3f62daaa6e22a6753a3f30a127baab424d0320949bc9957a6ff62ea5ebe	otf_sparse_formula	2026-09-19T16:55:56.190194Z					8G	0			true		acacia-syntcomp26-coverage-163544-35e8e6a5f4a2.scope
S-cap120-epoch2	arbiter-with-failure-real.ltl	arbiter-with-failure-real.tlsf	120	REALIZABLE	0.04108279899810441	0	false		none	11	30	13	50384cf69a733199fa17c9c571da1761d8451991	f80ff3f62daaa6e22a6753a3f30a127baab424d0320949bc9957a6ff62ea5ebe	otf_sparse_formula	2026-09-19T16:55:56.245048Z		0.070000	20504576		8G	0			true		acacia-syntcomp26-coverage-163544-93aecaec6d2e.scope
S-cap120-epoch2	arbiter_pb_8_pe_.ltl	arbiter_pb_8_pe_.tlsf	120	TIMEOUT	120.16772329100058	124	true	timeout	none	0	8	14	50384cf69a733199fa17c9c571da1761d8451991	f80ff3f62daaa6e22a6753a3f30a127baab424d0320949bc9957a6ff62ea5ebe	otf_sparse_formula	2026-09-19T16:57:56.425707Z					8G	0			true		acacia-syntcomp26-coverage-163544-2a26234bc50c.scope
S-cap120-epoch2	arbiter_with_cancel_pb_2_pe_.ltl	arbiter_with_cancel_pb_2_pe_.tlsf	120	REALIZABLE	0.02942294700187631	0	false		none	11	30	15	50384cf69a733199fa17c9c571da1761d8451991	f80ff3f62daaa6e22a6753a3f30a127baab424d0320949bc9957a6ff62ea5ebe	otf_sparse_formula	2026-09-19T16:57:56.478078Z		0.030000	18800640		8G	0			true		acacia-syntcomp26-coverage-163544-3419e03ae761.scope
S-cap120-epoch2	chain-60.ltl	chain-60.tlsf	120	TIMEOUT	120.22659072300303	124	true	timeout	none	0	8	16	50384cf69a733199fa17c9c571da1761d8451991	f80ff3f62daaa6e22a6753a3f30a127baab424d0320949bc9957a6ff62ea5ebe	otf_sparse_formula	2026-09-19T16:59:56.735618Z					8G	0			true		acacia-syntcomp26-coverage-163544-49e22d05dce6.scope
S-cap120-epoch2	chain-simple-60-real.ltl	chain-simple-60-real.tlsf	120	REALIZABLE	0.8675911070022266	0	false		none	11	31	17	50384cf69a733199fa17c9c571da1761d8451991	f80ff3f62daaa6e22a6753a3f30a127baab424d0320949bc9957a6ff62ea5ebe	otf_sparse_formula	2026-09-19T16:59:57.617595Z		3.310000	204111872		8G	0			true		acacia-syntcomp26-coverage-163544-ee6f21af58ed.scope
S-cap120-epoch2	chomp_pb_2_5_pe_.ltl	chomp_pb_2_5_pe_.tlsf	120	TIMEOUT	120.22009663499193	124	true	timeout	status	0	8	18	50384cf69a733199fa17c9c571da1761d8451991	f80ff3f62daaa6e22a6753a3f30a127baab424d0320949bc9957a6ff62ea5ebe	otf_sparse_formula	2026-09-19T17:01:57.850205Z					8G	0			true		acacia-syntcomp26-coverage-163544-070a7c59c2c4.scope
S-cap120-epoch2	chomp_pb_3_4_pe_.ltl	chomp_pb_3_4_pe_.tlsf	120	TIMEOUT	120.22284227599448	124	true	timeout	status	0	8	19	50384cf69a733199fa17c9c571da1761d8451991	f80ff3f62daaa6e22a6753a3f30a127baab424d0320949bc9957a6ff62ea5ebe	otf_sparse_formula	2026-09-19T17:03:58.112343Z					8G	0			true		acacia-syntcomp26-coverage-163544-e94e41a642f6.scope
S-cap120-epoch2	chomp_pb_4_3_pe_.ltl	chomp_pb_4_3_pe_.tlsf	120	TIMEOUT	120.21976618199551	124	true	timeout	status	0	8	20	50384cf69a733199fa17c9c571da1761d8451991	f80ff3f62daaa6e22a6753a3f30a127baab424d0320949bc9957a6ff62ea5ebe	otf_sparse_formula	2026-09-19T17:05:58.346333Z					8G	0			true		acacia-syntcomp26-coverage-163544-87b4b641eebb.scope
S-cap120-epoch2	collector_v2_pb_3_pe_.ltl	collector_v2_pb_3_pe_.tlsf	120	REALIZABLE	0.019390064000617713	0	false		status	11	30	21	50384cf69a733199fa17c9c571da1761d8451991	f80ff3f62daaa6e22a6753a3f30a127baab424d0320949bc9957a6ff62ea5ebe	otf_sparse_formula	2026-09-19T17:05:58.378032Z		0.010000	18767872		8G	0			true		acacia-syntcomp26-coverage-163544-182e1652eb4b.scope
S-cap120-epoch2	example10a_pb_2_pe_.ltl	example10a_pb_2_pe_.tlsf	120	REALIZABLE	0.029013681996730156	0	false		none	11	30	22	50384cf69a733199fa17c9c571da1761d8451991	f80ff3f62daaa6e22a6753a3f30a127baab424d0320949bc9957a6ff62ea5ebe	otf_sparse_formula	2026-09-19T17:05:58.428665Z		0.030000	18178048		8G	0			true		acacia-syntcomp26-coverage-163544-78bb35e8586b.scope
S-cap120-epoch2	f-unreal-unreal.ltl	f-unreal-unreal.tlsf	120	UNREALIZABLE	0.030229701995267533	1	false		none	13	30	23	50384cf69a733199fa17c9c571da1761d8451991	f80ff3f62daaa6e22a6753a3f30a127baab424d0320949bc9957a6ff62ea5ebe	otf_sparse_formula	2026-09-19T17:05:58.483198Z		0.050000	18063360		8G	0			true		acacia-syntcomp26-coverage-163544-8b654ca1976f.scope
S-cap120-epoch2	full_arbiter_unreal1_pb_2_14_pe_.ltl	full_arbiter_unreal1_pb_2_14_pe_.tlsf	120	UNREALIZABLE	0.033823898003902286	1	false		status	13	30	24	50384cf69a733199fa17c9c571da1761d8451991	f80ff3f62daaa6e22a6753a3f30a127baab424d0320949bc9957a6ff62ea5ebe	otf_sparse_formula	2026-09-19T17:05:58.558267Z		0.030000	15450112		8G	0			true		acacia-syntcomp26-coverage-163544-02ffa3629311.scope
S-cap120-epoch2	full_arbiter_unreal1_pb_2_21_pe_.ltl	full_arbiter_unreal1_pb_2_21_pe_.tlsf	120	UNREALIZABLE	0.03494763399066869	1	false		status	13	30	25	50384cf69a733199fa17c9c571da1761d8451991	f80ff3f62daaa6e22a6753a3f30a127baab424d0320949bc9957a6ff62ea5ebe	otf_sparse_formula	2026-09-19T17:05:58.633490Z		0.040000	15454208		8G	0			true		acacia-syntcomp26-coverage-163544-7fb7dbbd2497.scope
S-cap120-epoch2	g-unreal-14.ltl	g-unreal-14.tlsf	120	UNREALIZABLE	0.08740066300379112	1	false		none	13	30	26	50384cf69a733199fa17c9c571da1761d8451991	f80ff3f62daaa6e22a6753a3f30a127baab424d0320949bc9957a6ff62ea5ebe	otf_sparse_formula	2026-09-19T17:05:58.734449Z		0.230000	28602368		8G	0			true		acacia-syntcomp26-coverage-163544-25e689c78108.scope
S-cap120-epoch2	g-unreal-314.ltl	g-unreal-314.tlsf	120	TIMEOUT	120.19781344600779	124	true	timeout	none	0	8	27	50384cf69a733199fa17c9c571da1761d8451991	f80ff3f62daaa6e22a6753a3f30a127baab424d0320949bc9957a6ff62ea5ebe	otf_sparse_formula	2026-09-19T17:07:58.952631Z					8G	0			true		acacia-syntcomp26-coverage-163544-7c349fc56018.scope
S-cap120-epoch2	g-unreal-34.ltl	g-unreal-34.tlsf	120	UNREALIZABLE	0.9775169889908284	1	false		none	13	30	28	50384cf69a733199fa17c9c571da1761d8451991	f80ff3f62daaa6e22a6753a3f30a127baab424d0320949bc9957a6ff62ea5ebe	otf_sparse_formula	2026-09-19T17:07:59.944213Z		3.730000	99274752		8G	0			true		acacia-syntcomp26-coverage-163544-d11822814669.scope
S-cap120-epoch2	generalized_buffer_pb_3_pe_.ltl	generalized_buffer_pb_3_pe_.tlsf	120	REALIZABLE	0.02917111800343264	0	false		none	11	30	29	50384cf69a733199fa17c9c571da1761d8451991	f80ff3f62daaa6e22a6753a3f30a127baab424d0320949bc9957a6ff62ea5ebe	otf_sparse_formula	2026-09-19T17:07:59.986611Z		0.050000	20828160		8G	0			true		acacia-syntcomp26-coverage-163544-5943a5f10fd9.scope
S-cap120-epoch2	gf-unreal12.ltl	gf-unreal12.tlsf	120	UNREALIZABLE	0.029646088005392812	1	false		none	13	30	30	50384cf69a733199fa17c9c571da1761d8451991	f80ff3f62daaa6e22a6753a3f30a127baab424d0320949bc9957a6ff62ea5ebe	otf_sparse_formula	2026-09-19T17:08:00.035153Z		0.040000	18018304		8G	0			true		acacia-syntcomp26-coverage-163544-b2c9ba59f3cb.scope
S-cap120-epoch2	gf-unreal31.ltl	gf-unreal31.tlsf	120	UNREALIZABLE	0.035959363987785764	1	false		none	13	30	31	50384cf69a733199fa17c9c571da1761d8451991	f80ff3f62daaa6e22a6753a3f30a127baab424d0320949bc9957a6ff62ea5ebe	otf_sparse_formula	2026-09-19T17:08:00.083243Z		0.040000	19181568		8G	0			true		acacia-syntcomp26-coverage-163544-fbfd096230b1.scope
S-cap120-epoch2	gf-unreal36.ltl	gf-unreal36.tlsf	120	UNREALIZABLE	0.02628084199386649	1	false		none	13	30	32	50384cf69a733199fa17c9c571da1761d8451991	f80ff3f62daaa6e22a6753a3f30a127baab424d0320949bc9957a6ff62ea5ebe	otf_sparse_formula	2026-09-19T17:08:00.122073Z		0.050000	19767296		8G	0			true		acacia-syntcomp26-coverage-163544-6d52bfd125d6.scope
S-cap120-epoch2	gf-unreal38.ltl	gf-unreal38.tlsf	120	UNREALIZABLE	0.038224655989324674	1	false		none	13	30	33	50384cf69a733199fa17c9c571da1761d8451991	f80ff3f62daaa6e22a6753a3f30a127baab424d0320949bc9957a6ff62ea5ebe	otf_sparse_formula	2026-09-19T17:08:00.172982Z		0.070000	19779584		8G	0			true		acacia-syntcomp26-coverage-163544-650073fe1d8f.scope
S-cap120-epoch2	gf-unreal6.ltl	gf-unreal6.tlsf	120	UNREALIZABLE	0.030766153999138623	1	false		none	13	30	34	50384cf69a733199fa17c9c571da1761d8451991	f80ff3f62daaa6e22a6753a3f30a127baab424d0320949bc9957a6ff62ea5ebe	otf_sparse_formula	2026-09-19T17:08:00.228127Z		0.040000	17879040		8G	0			true		acacia-syntcomp26-coverage-163544-f0a2fa62828a.scope
S-cap120-epoch2	heim-buechi-real.ltl	heim-buechi-real.tlsf	120	REALIZABLE	2.128254584997194	0	false		none	11	31	35	50384cf69a733199fa17c9c571da1761d8451991	f80ff3f62daaa6e22a6753a3f30a127baab424d0320949bc9957a6ff62ea5ebe	otf_sparse_formula	2026-09-19T17:08:02.369676Z		8.350000	186007552		8G	0			true		acacia-syntcomp26-coverage-163544-484a46ea99fe.scope
S-cap120-epoch2	heim-double-x9.ltl	heim-double-x9.tlsf	120	UNREALIZABLE	2.1579811480041826	1	false		none	13	31	36	50384cf69a733199fa17c9c571da1761d8451991	f80ff3f62daaa6e22a6753a3f30a127baab424d0320949bc9957a6ff62ea5ebe	otf_sparse_formula	2026-09-19T17:08:04.540907Z		7.410000	116236288		8G	0			true		acacia-syntcomp26-coverage-163544-7ecafb6b3acf.scope
S-cap120-epoch2	helipad-contradict1.ltl	helipad-contradict1.tlsf	120	TIMEOUT	120.17085293499986	124	true	timeout	none	0	8	37	50384cf69a733199fa17c9c571da1761d8451991	f80ff3f62daaa6e22a6753a3f30a127baab424d0320949bc9957a6ff62ea5ebe	otf_sparse_formula	2026-09-19T17:10:04.739632Z					8G	0			true		acacia-syntcomp26-coverage-163544-29f6ddfcb10e.scope
S-cap120-epoch2	infinite-race-u22.ltl	infinite-race-u22.tlsf	120	MEMOUT	46.88857501000166	-15	false	memory	none	0	8	38	50384cf69a733199fa17c9c571da1761d8451991	f80ff3f62daaa6e22a6753a3f30a127baab424d0320949bc9957a6ff62ea5ebe	otf_sparse_formula	2026-09-19T17:10:51.648726Z				8589934592	8G	0			true		acacia-syntcomp26-coverage-163544-b03e2f4f65b0.scope
S-cap120-epoch2	infinite-race-unequal-10.ltl	infinite-race-unequal-10.tlsf	120	UNREALIZABLE	0.02492808600072749	1	false		none	13	30	39	50384cf69a733199fa17c9c571da1761d8451991	f80ff3f62daaa6e22a6753a3f30a127baab424d0320949bc9957a6ff62ea5ebe	otf_sparse_formula	2026-09-19T17:10:51.688234Z		0.020000	18829312		8G	0			true		acacia-syntcomp26-coverage-163544-3bae1480baf9.scope
S-cap120-epoch2	infinite-race-unequal-20.ltl	infinite-race-unequal-20.tlsf	120	UNREALIZABLE	0.019881955013261177	1	false		none	13	30	40	50384cf69a733199fa17c9c571da1761d8451991	f80ff3f62daaa6e22a6753a3f30a127baab424d0320949bc9957a6ff62ea5ebe	otf_sparse_formula	2026-09-19T17:10:51.721294Z		0.020000	19914752		8G	0			true		acacia-syntcomp26-coverage-163544-3b2807ba9067.scope
S-cap120-epoch2	lilydemo04_modified.ltl	lilydemo04_modified.tlsf	120	UNREALIZABLE	0.025206248988979496	1	false		exception	13	30	41	50384cf69a733199fa17c9c571da1761d8451991	f80ff3f62daaa6e22a6753a3f30a127baab424d0320949bc9957a6ff62ea5ebe	otf_sparse_formula	2026-09-19T17:10:51.770445Z		0.030000	18083840		8G	0			true		acacia-syntcomp26-coverage-163544-70620477426c.scope
S-cap120-epoch2	load_balancer_unreal1_pb_2_15_pe_.ltl	load_balancer_unreal1_pb_2_15_pe_.tlsf	120	UNREALIZABLE	0.788919906000956	1	false		status	13	30	42	50384cf69a733199fa17c9c571da1761d8451991	f80ff3f62daaa6e22a6753a3f30a127baab424d0320949bc9957a6ff62ea5ebe	otf_sparse_formula	2026-09-19T17:10:52.573865Z		2.320000	67141632		8G	0			true		acacia-syntcomp26-coverage-163544-8921dd4a90df.scope
S-cap120-epoch2	load_balancer_unreal1_pb_2_9_pe_.ltl	load_balancer_unreal1_pb_2_9_pe_.tlsf	120	UNREALIZABLE	0.027573912011575885	1	false		status	13	30	43	50384cf69a733199fa17c9c571da1761d8451991	f80ff3f62daaa6e22a6753a3f30a127baab424d0320949bc9957a6ff62ea5ebe	otf_sparse_formula	2026-09-19T17:10:52.614905Z		0.050000	20267008		8G	0			true		acacia-syntcomp26-coverage-163544-5545db1ea53b.scope
S-cap120-epoch2	load_balancer_unreal1_pb_3_8_pe_.ltl	load_balancer_unreal1_pb_3_8_pe_.tlsf	120	UNREALIZABLE	0.06762022500333842	1	false		status	13	30	44	50384cf69a733199fa17c9c571da1761d8451991	f80ff3f62daaa6e22a6753a3f30a127baab424d0320949bc9957a6ff62ea5ebe	otf_sparse_formula	2026-09-19T17:10:52.701812Z		0.170000	21749760		8G	0			true		acacia-syntcomp26-coverage-163544-05f44345455b.scope
S-cap120-epoch2	load_balancer_unreal1_pb_3_9_pe_.ltl	load_balancer_unreal1_pb_3_9_pe_.tlsf	120	UNREALIZABLE	0.08500952100439463	1	false		status	13	30	45	50384cf69a733199fa17c9c571da1761d8451991	f80ff3f62daaa6e22a6753a3f30a127baab424d0320949bc9957a6ff62ea5ebe	otf_sparse_formula	2026-09-19T17:10:52.805478Z		0.260000	23470080		8G	0			true		acacia-syntcomp26-coverage-163544-cb799cf46560.scope
S-cap120-epoch2	load_balancer_unreal1_pb_5_4_pe_.ltl	load_balancer_unreal1_pb_5_4_pe_.tlsf	120	UNREALIZABLE	0.6567884139949456	1	false		status	13	30	46	50384cf69a733199fa17c9c571da1761d8451991	f80ff3f62daaa6e22a6753a3f30a127baab424d0320949bc9957a6ff62ea5ebe	otf_sparse_formula	2026-09-19T17:10:53.475453Z		2.430000	83845120		8G	0			true		acacia-syntcomp26-coverage-163544-92fa0ddcebe3.scope
S-cap120-epoch2	load_balancer_unreal1_pb_5_5_pe_.ltl	load_balancer_unreal1_pb_5_5_pe_.tlsf	120	UNREALIZABLE	15.140185700991424	1	false		status	13	32	47	50384cf69a733199fa17c9c571da1761d8451991	f80ff3f62daaa6e22a6753a3f30a127baab424d0320949bc9957a6ff62ea5ebe	otf_sparse_formula	2026-09-19T17:11:08.630346Z		45.830000	785559552		8G	0			true		acacia-syntcomp26-coverage-163544-e6075d027fbb.scope
S-cap120-epoch2	load_balancer_unreal1_pb_5_6_pe_.ltl	load_balancer_unreal1_pb_5_6_pe_.tlsf	120	TIMEOUT	120.12951621199318	124	true	timeout	status	0	8	48	50384cf69a733199fa17c9c571da1761d8451991	f80ff3f62daaa6e22a6753a3f30a127baab424d0320949bc9957a6ff62ea5ebe	otf_sparse_formula	2026-09-19T17:13:08.789796Z					8G	0			true		acacia-syntcomp26-coverage-163544-f442b1d04eda.scope
S-cap120-epoch2	load_balancer_unreal2_pb_4_pe_.ltl	load_balancer_unreal2_pb_4_pe_.tlsf	120	UNREALIZABLE	0.1346157650114037	1	false		status	13	30	49	50384cf69a733199fa17c9c571da1761d8451991	f80ff3f62daaa6e22a6753a3f30a127baab424d0320949bc9957a6ff62ea5ebe	otf_sparse_formula	2026-09-19T17:13:08.938471Z		0.430000	39440384		8G	0			true		acacia-syntcomp26-coverage-163544-d9b9b3323e6f.scope
S-cap120-epoch2	ltl2dba14.ltl	ltl2dba14.tlsf	120	REALIZABLE	0.02159027400193736	0	false		status	11	30	50	50384cf69a733199fa17c9c571da1761d8451991	f80ff3f62daaa6e22a6753a3f30a127baab424d0320949bc9957a6ff62ea5ebe	otf_sparse_formula	2026-09-19T17:13:08.981243Z		0.010000	15233024		8G	0			true		acacia-syntcomp26-coverage-163544-9275b44e50ff.scope
S-cap120-epoch2	ltl2dba_C2_pb_12_pe_.ltl	ltl2dba_C2_pb_12_pe_.tlsf	120	REALIZABLE	0.03492417199595366	0	false		status	11	30	51	50384cf69a733199fa17c9c571da1761d8451991	f80ff3f62daaa6e22a6753a3f30a127baab424d0320949bc9957a6ff62ea5ebe	otf_sparse_formula	2026-09-19T17:13:09.055728Z		0.030000	15536128		8G	0			true		acacia-syntcomp26-coverage-163544-adfb853eeca9.scope
S-cap120-epoch2	ltl2dba_C2_pb_6_pe_.ltl	ltl2dba_C2_pb_6_pe_.tlsf	120	REALIZABLE	0.033519149001222104	0	false		status	11	30	52	50384cf69a733199fa17c9c571da1761d8451991	f80ff3f62daaa6e22a6753a3f30a127baab424d0320949bc9957a6ff62ea5ebe	otf_sparse_formula	2026-09-19T17:13:09.128346Z		0.030000	15306752		8G	0			true		acacia-syntcomp26-coverage-163544-0cd869df84d5.scope
S-cap120-epoch2	ltl2dba_U1_pb_12_pe_.ltl	ltl2dba_U1_pb_12_pe_.tlsf	120	REALIZABLE	0.0337905719934497	0	false		none	11	30	53	50384cf69a733199fa17c9c571da1761d8451991	f80ff3f62daaa6e22a6753a3f30a127baab424d0320949bc9957a6ff62ea5ebe	otf_sparse_formula	2026-09-19T17:13:09.191328Z		0.030000	15396864		8G	0			true		acacia-syntcomp26-coverage-163544-984718adfdf4.scope
S-cap120-epoch2	ltl2dba_U1_pb_3_pe_.ltl	ltl2dba_U1_pb_3_pe_.tlsf	120	REALIZABLE	0.03525573300430551	0	false		status	11	30	54	50384cf69a733199fa17c9c571da1761d8451991	f80ff3f62daaa6e22a6753a3f30a127baab424d0320949bc9957a6ff62ea5ebe	otf_sparse_formula	2026-09-19T17:13:09.241441Z		0.020000	15290368	43200512	8G	0			true		acacia-syntcomp26-coverage-163544-05d92b293e43.scope
S-cap120-epoch2	ltl2dba_U1_pb_8_pe_.ltl	ltl2dba_U1_pb_8_pe_.tlsf	120	REALIZABLE	0.029038024993496947	0	false		status	11	30	55	50384cf69a733199fa17c9c571da1761d8451991	f80ff3f62daaa6e22a6753a3f30a127baab424d0320949bc9957a6ff62ea5ebe	otf_sparse_formula	2026-09-19T17:13:09.284272Z		0.010000	15327232	43188224	8G	0			true		acacia-syntcomp26-coverage-163544-8569ab98d9b9.scope
S-cap120-epoch2	ltl2dba_theta_pb_14_pe_.ltl	ltl2dba_theta_pb_14_pe_.tlsf	120	UNREALIZABLE	13.507039104006253	1	false		status	13	32	56	50384cf69a733199fa17c9c571da1761d8451991	f80ff3f62daaa6e22a6753a3f30a127baab424d0320949bc9957a6ff62ea5ebe	otf_sparse_formula	2026-09-19T17:13:22.804401Z		53.740000	125149184		8G	0			true		acacia-syntcomp26-coverage-163544-966e85f2692c.scope
S-cap120-epoch2	ltl2dba_theta_pb_5_pe_.ltl	ltl2dba_theta_pb_5_pe_.tlsf	120	UNREALIZABLE	0.022930303995963186	1	false		status	13	30	57	50384cf69a733199fa17c9c571da1761d8451991	f80ff3f62daaa6e22a6753a3f30a127baab424d0320949bc9957a6ff62ea5ebe	otf_sparse_formula	2026-09-19T17:13:22.841336Z		0.040000	20647936		8G	0			true		acacia-syntcomp26-coverage-163544-610a11083a34.scope
S-cap120-epoch2	patrolling10.ltl	patrolling10.tlsf	120	UNREALIZABLE	0.14199526500306092	1	false		none	13	30	58	50384cf69a733199fa17c9c571da1761d8451991	f80ff3f62daaa6e22a6753a3f30a127baab424d0320949bc9957a6ff62ea5ebe	otf_sparse_formula	2026-09-19T17:13:22.998453Z		0.450000	30265344		8G	0			true		acacia-syntcomp26-coverage-163544-8f14eaa5375a.scope
S-cap120-epoch2	prioritized_arbiter_unreal1_pb_6_32_pe_.ltl	prioritized_arbiter_unreal1_pb_6_32_pe_.tlsf	120	UNREALIZABLE	0.026553588002570905	1	false		status	13	30	59	50384cf69a733199fa17c9c571da1761d8451991	f80ff3f62daaa6e22a6753a3f30a127baab424d0320949bc9957a6ff62ea5ebe	otf_sparse_formula	2026-09-19T17:13:23.039295Z		0.040000	20205568		8G	0			true		acacia-syntcomp26-coverage-163544-b53dfb94fdf0.scope
S-cap120-epoch2	robot-cat-unreal-1d-unreal.ltl	robot-cat-unreal-1d-unreal.tlsf	120	UNREALIZABLE	0.19621501299843658	1	false		none	13	30	60	50384cf69a733199fa17c9c571da1761d8451991	f80ff3f62daaa6e22a6753a3f30a127baab424d0320949bc9957a6ff62ea5ebe	otf_sparse_formula	2026-09-19T17:13:23.249485Z		0.670000	24133632		8G	0			true		acacia-syntcomp26-coverage-163544-746e4b4050fd.scope
S-cap120-epoch2	robot-resource-2d5.ltl	robot-resource-2d5.tlsf	120	UNREALIZABLE	0.3622533419984393	1	false		none	13	30	61	50384cf69a733199fa17c9c571da1761d8451991	f80ff3f62daaa6e22a6753a3f30a127baab424d0320949bc9957a6ff62ea5ebe	otf_sparse_formula	2026-09-19T17:13:23.626928Z		1.360000	29310976		8G	0			true		acacia-syntcomp26-coverage-163544-77fd42598b3c.scope
S-cap120-epoch2	robot-resource-2d7.ltl	robot-resource-2d7.tlsf	120	UNREALIZABLE	0.4459617399988929	1	false		none	13	30	62	50384cf69a733199fa17c9c571da1761d8451991	f80ff3f62daaa6e22a6753a3f30a127baab424d0320949bc9957a6ff62ea5ebe	otf_sparse_formula	2026-09-19T17:13:24.087154Z		1.700000	29450240		8G	0			true		acacia-syntcomp26-coverage-163544-9d1626e5b353.scope
S-cap120-epoch2	robot-to-target-charging-unreal3.ltl	robot-to-target-charging-unreal3.tlsf	120	TIMEOUT	120.22617987899866	124	true	timeout	none	0	8	63	50384cf69a733199fa17c9c571da1761d8451991	f80ff3f62daaa6e22a6753a3f30a127baab424d0320949bc9957a6ff62ea5ebe	otf_sparse_formula	2026-09-19T17:15:24.351668Z					8G	0			true		acacia-syntcomp26-coverage-163544-6865e79bba6d.scope
S-cap120-epoch2	robot-to-target-charging15.ltl	robot-to-target-charging15.tlsf	120	TIMEOUT	120.32744522699795	124	true	timeout	none	0	8	64	50384cf69a733199fa17c9c571da1761d8451991	f80ff3f62daaa6e22a6753a3f30a127baab424d0320949bc9957a6ff62ea5ebe	otf_sparse_formula	2026-09-19T17:17:24.718066Z					8G	0			true		acacia-syntcomp26-coverage-163544-d38c0f7bd3ba.scope
S-cap120-epoch2	robot-to-target-charging17.ltl	robot-to-target-charging17.tlsf	120	TIMEOUT	120.24418519499886	124	true	timeout	none	0	8	65	50384cf69a733199fa17c9c571da1761d8451991	f80ff3f62daaa6e22a6753a3f30a127baab424d0320949bc9957a6ff62ea5ebe	otf_sparse_formula	2026-09-19T17:19:25.004109Z					8G	0			true		acacia-syntcomp26-coverage-163544-ea9c037ef488.scope
S-cap120-epoch2	robot-to-target-charging6.ltl	robot-to-target-charging6.tlsf	120	UNREALIZABLE	7.3110557019972475	1	false		none	13	32	66	50384cf69a733199fa17c9c571da1761d8451991	f80ff3f62daaa6e22a6753a3f30a127baab424d0320949bc9957a6ff62ea5ebe	otf_sparse_formula	2026-09-19T17:19:32.328938Z		29.000000	166522880		8G	0			true		acacia-syntcomp26-coverage-163544-7c7fdf7b2d28.scope
S-cap120-epoch2	robot_repair1.ltl	robot_repair1.tlsf	120	TIMEOUT	120.22016505499778	124	true	timeout	none	0	8	67	50384cf69a733199fa17c9c571da1761d8451991	f80ff3f62daaa6e22a6753a3f30a127baab424d0320949bc9957a6ff62ea5ebe	otf_sparse_formula	2026-09-19T17:21:32.574131Z					8G	0			true		acacia-syntcomp26-coverage-163544-8ad2242ad82c.scope
S-cap120-epoch2	round_robin_arbiter_unreal1_pb_2_10_pe_.ltl	round_robin_arbiter_unreal1_pb_2_10_pe_.tlsf	120	UNREALIZABLE	0.050151180010288954	1	false		status	13	30	68	50384cf69a733199fa17c9c571da1761d8451991	f80ff3f62daaa6e22a6753a3f30a127baab424d0320949bc9957a6ff62ea5ebe	otf_sparse_formula	2026-09-19T17:21:32.638054Z		0.110000	22065152		8G	0			true		acacia-syntcomp26-coverage-163544-7de32307d929.scope
S-cap120-epoch2	round_robin_arbiter_unreal1_pb_3_22_pe_.ltl	round_robin_arbiter_unreal1_pb_3_22_pe_.tlsf	120	TIMEOUT	120.21967484000197	124	true	timeout	status	0	8	69	50384cf69a733199fa17c9c571da1761d8451991	f80ff3f62daaa6e22a6753a3f30a127baab424d0320949bc9957a6ff62ea5ebe	otf_sparse_formula	2026-09-19T17:23:32.875390Z					8G	0			true		acacia-syntcomp26-coverage-163544-9bfa38db472c.scope
S-cap120-epoch2	round_robin_arbiter_unreal1_pb_3_4_pe_.ltl	round_robin_arbiter_unreal1_pb_3_4_pe_.tlsf	120	UNREALIZABLE	0.053216191998217255	1	false		status	13	30	70	50384cf69a733199fa17c9c571da1761d8451991	f80ff3f62daaa6e22a6753a3f30a127baab424d0320949bc9957a6ff62ea5ebe	otf_sparse_formula	2026-09-19T17:23:32.942850Z		0.140000	21487616		8G	0			true		acacia-syntcomp26-coverage-163544-152c6499d907.scope
S-cap120-epoch2	simple_arbiter_unreal1_pb_4_5_pe_.ltl	simple_arbiter_unreal1_pb_4_5_pe_.tlsf	120	UNREALIZABLE	0.021532124010263942	1	false		status	13	30	71	50384cf69a733199fa17c9c571da1761d8451991	f80ff3f62daaa6e22a6753a3f30a127baab424d0320949bc9957a6ff62ea5ebe	otf_sparse_formula	2026-09-19T17:23:32.989280Z		0.020000	15355904		8G	0			true		acacia-syntcomp26-coverage-163544-00bda01fb8e3.scope
S-cap120-epoch2	simple_arbiter_with_hints_pb_8_pe_.ltl	simple_arbiter_with_hints_pb_8_pe_.tlsf	120	TIMEOUT	120.11920424399432	124	true	timeout	none	0	8	72	50384cf69a733199fa17c9c571da1761d8451991	f80ff3f62daaa6e22a6753a3f30a127baab424d0320949bc9957a6ff62ea5ebe	otf_sparse_formula	2026-09-19T17:25:33.120064Z					8G	0			true		acacia-syntcomp26-coverage-163544-4591c16bb2e5.scope
S-cap120-epoch2	CheckRoom_06e9cad4.ltl	CheckRoom_06e9cad4.tlsf	120	UNREALIZABLE	0.018603716991492547	1	false		status	13	30	0	50384cf69a733199fa17c9c571da1761d8451991	f80ff3f62daaa6e22a6753a3f30a127baab424d0320949bc9957a6ff62ea5ebe	otf_sparse_formula	2026-09-19T17:25:33.250896Z		0.010000	17227776	43192320	8G	0			true		acacia-syntcomp26-coverage-165997-5fbcc6c4d46a.scope
S-cap120-epoch2	CheckShades_1a2942e3.ltl	CheckShades_1a2942e3.tlsf	120	UNREALIZABLE	0.018045860997517593	1	false		status	13	30	1	50384cf69a733199fa17c9c571da1761d8451991	f80ff3f62daaa6e22a6753a3f30a127baab424d0320949bc9957a6ff62ea5ebe	otf_sparse_formula	2026-09-19T17:25:33.288935Z		0.010000	18526208	44482560	8G	0			true		acacia-syntcomp26-coverage-165997-2040961fab5b.scope
S-cap120-epoch2	FelixSpecFixed5_f82794da.ltl	FelixSpecFixed5_f82794da.tlsf	120	TIMEOUT	120.23179014200286	124	true	timeout	none	0	8	2	50384cf69a733199fa17c9c571da1761d8451991	f80ff3f62daaa6e22a6753a3f30a127baab424d0320949bc9957a6ff62ea5ebe	otf_sparse_formula	2026-09-19T17:27:33.561664Z					8G	0			true		acacia-syntcomp26-coverage-165997-6dcce29ccf6f.scope
S-cap120-epoch2	Heating_235467da.ltl	Heating_235467da.tlsf	120	REALIZABLE	0.03268277099414263	0	false		status	11	30	3	50384cf69a733199fa17c9c571da1761d8451991	f80ff3f62daaa6e22a6753a3f30a127baab424d0320949bc9957a6ff62ea5ebe	otf_sparse_formula	2026-09-19T17:27:33.626519Z		0.030000	18575360		8G	0			true		acacia-syntcomp26-coverage-165997-8e135447803d.scope
S-cap120-epoch2	KitchenTimerV4.ltl	KitchenTimerV4.tlsf	120	REALIZABLE	0.04845453699817881	0	false		status	11	30	4	50384cf69a733199fa17c9c571da1761d8451991	f80ff3f62daaa6e22a6753a3f30a127baab424d0320949bc9957a6ff62ea5ebe	otf_sparse_formula	2026-09-19T17:27:33.688962Z		0.100000	21483520		8G	0			true		acacia-syntcomp26-coverage-165997-4f37620d5a9a.scope
S-cap120-epoch2	Lights2_f3987563.ltl	Lights2_f3987563.tlsf	120	REALIZABLE	0.18049217300722376	0	false		status	11	30	5	50384cf69a733199fa17c9c571da1761d8451991	f80ff3f62daaa6e22a6753a3f30a127baab424d0320949bc9957a6ff62ea5ebe	otf_sparse_formula	2026-09-19T17:27:33.882555Z		0.630000	31739904		8G	0			true		acacia-syntcomp26-coverage-165997-5840db37e3a4.scope
S-cap120-epoch2	Lights3_235467da.ltl	Lights3_235467da.tlsf	120	REALIZABLE	0.040240854999865405	0	false		status	11	30	6	50384cf69a733199fa17c9c571da1761d8451991	f80ff3f62daaa6e22a6753a3f30a127baab424d0320949bc9957a6ff62ea5ebe	otf_sparse_formula	2026-09-19T17:27:33.936051Z		0.080000	20983808		8G	0			true		acacia-syntcomp26-coverage-165997-7fc16e6246a1.scope
S-cap120-epoch2	SPIPureNext.ltl	SPIPureNext.tlsf	120	REALIZABLE	0.49081768600444775	0	false		none	11	30	7	50384cf69a733199fa17c9c571da1761d8451991	f80ff3f62daaa6e22a6753a3f30a127baab424d0320949bc9957a6ff62ea5ebe	otf_sparse_formula	2026-09-19T17:27:34.441309Z		1.890000	30318592		8G	0			true		acacia-syntcomp26-coverage-165997-84cbec4a3a15.scope
S-cap120-epoch2	SensorInit.ltl	SensorInit.tlsf	120	REALIZABLE	0.13329673500265926	0	false		status	11	30	8	50384cf69a733199fa17c9c571da1761d8451991	f80ff3f62daaa6e22a6753a3f30a127baab424d0320949bc9957a6ff62ea5ebe	otf_sparse_formula	2026-09-19T17:27:34.588117Z		0.250000	25333760		8G	0			true		acacia-syntcomp26-coverage-165997-075fe755d37e.scope
S-cap120-epoch2	TwoCountersInRangeM2.ltl	TwoCountersInRangeM2.tlsf	120	UNREALIZABLE	0.0249217489908915	1	false		status	13	30	9	50384cf69a733199fa17c9c571da1761d8451991	f80ff3f62daaa6e22a6753a3f30a127baab424d0320949bc9957a6ff62ea5ebe	otf_sparse_formula	2026-09-19T17:27:34.627062Z		0.040000	20848640		8G	0			true		acacia-syntcomp26-coverage-165997-a9b7c5fa8c60.scope
S-cap120-epoch2	Warnlight_2d1010f8.ltl	Warnlight_2d1010f8.tlsf	120	REALIZABLE	0.028810819989303127	0	false		status	11	30	10	50384cf69a733199fa17c9c571da1761d8451991	f80ff3f62daaa6e22a6753a3f30a127baab424d0320949bc9957a6ff62ea5ebe	otf_sparse_formula	2026-09-19T17:27:34.678848Z		0.030000	19230720		8G	0			true		acacia-syntcomp26-coverage-165997-54dd33c8daca.scope
S-cap120-epoch2	amba_decomposed_arbiter_pb_8_pe_.ltl	amba_decomposed_arbiter_pb_8_pe_.tlsf	120	TIMEOUT	120.02457816999231	124	true	timeout	status	0	8	11	50384cf69a733199fa17c9c571da1761d8451991	f80ff3f62daaa6e22a6753a3f30a127baab424d0320949bc9957a6ff62ea5ebe	otf_sparse_formula	2026-09-19T17:29:34.716308Z					8G	0			true		acacia-syntcomp26-coverage-165997-1ceadb251ec7.scope
S-cap120-epoch2	amba_decomposed_lock_pb_14_pe_.ltl	amba_decomposed_lock_pb_14_pe_.tlsf	120	REALIZABLE	72.56771495800058	0	false		status	11	33	12	50384cf69a733199fa17c9c571da1761d8451991	f80ff3f62daaa6e22a6753a3f30a127baab424d0320949bc9957a6ff62ea5ebe	otf_sparse_formula	2026-09-19T17:30:47.297793Z		217.500000	965931008		8G	0			true		acacia-syntcomp26-coverage-165997-b9214e65c484.scope
S-cap120-epoch2	amba_decomposed_lock_pb_2_pe_.ltl	amba_decomposed_lock_pb_2_pe_.tlsf	120	REALIZABLE	0.017633390001719818	0	false		status	11	30	13	50384cf69a733199fa17c9c571da1761d8451991	f80ff3f62daaa6e22a6753a3f30a127baab424d0320949bc9957a6ff62ea5ebe	otf_sparse_formula	2026-09-19T17:30:47.328869Z		0.010000	19718144		8G	0			true		acacia-syntcomp26-coverage-165997-58f520231da0.scope
S-cap120-epoch2	amba_decomposed_tincr.ltl	amba_decomposed_tincr.tlsf	120	REALIZABLE	0.02005906999693252	0	false		status	11	30	14	50384cf69a733199fa17c9c571da1761d8451991	f80ff3f62daaa6e22a6753a3f30a127baab424d0320949bc9957a6ff62ea5ebe	otf_sparse_formula	2026-09-19T17:30:47.361065Z		0.010000	19066880		8G	0			true		acacia-syntcomp26-coverage-165997-58a31653e3b5.scope
S-cap120-epoch2	arbiter_with_buffer_pb_2_pe_.ltl	arbiter_with_buffer_pb_2_pe_.tlsf	120	REALIZABLE	0.017676130999461748	0	false		none	11	30	15	50384cf69a733199fa17c9c571da1761d8451991	f80ff3f62daaa6e22a6753a3f30a127baab424d0320949bc9957a6ff62ea5ebe	otf_sparse_formula	2026-09-19T17:30:47.391012Z		0.010000	18452480	44744704	8G	0			true		acacia-syntcomp26-coverage-165997-d05aa54ac21d.scope
S-cap120-epoch2	arbiter_with_buffer_pb_9_pe_.ltl	arbiter_with_buffer_pb_9_pe_.tlsf	120	TIMEOUT	120.32905165999546	124	true	timeout	none	0	8	16	50384cf69a733199fa17c9c571da1761d8451991	f80ff3f62daaa6e22a6753a3f30a127baab424d0320949bc9957a6ff62ea5ebe	otf_sparse_formula	2026-09-19T17:32:47.760291Z					8G	0			true		acacia-syntcomp26-coverage-165997-556fe5eda6f9.scope
S-cap120-epoch2	arbiter_with_cancel_pb_3_pe_.ltl	arbiter_with_cancel_pb_3_pe_.tlsf	120	REALIZABLE	0.03860752799664624	0	false		none	11	30	17	50384cf69a733199fa17c9c571da1761d8451991	f80ff3f62daaa6e22a6753a3f30a127baab424d0320949bc9957a6ff62ea5ebe	otf_sparse_formula	2026-09-19T17:32:47.821196Z		0.050000	19808256		8G	0			true		acacia-syntcomp26-coverage-165997-36fc9e2f9a18.scope
S-cap120-epoch2	box-real.ltl	box-real.tlsf	120	REALIZABLE	0.06057752500055358	0	false		none	11	30	18	50384cf69a733199fa17c9c571da1761d8451991	f80ff3f62daaa6e22a6753a3f30a127baab424d0320949bc9957a6ff62ea5ebe	otf_sparse_formula	2026-09-19T17:32:47.894924Z		0.150000	21704704		8G	0			true		acacia-syntcomp26-coverage-165997-4b351a549e4b.scope
S-cap120-epoch2	box0.ltl	box0.tlsf	120	UNREALIZABLE	0.039158553001470864	1	false		none	13	30	19	50384cf69a733199fa17c9c571da1761d8451991	f80ff3f62daaa6e22a6753a3f30a127baab424d0320949bc9957a6ff62ea5ebe	otf_sparse_formula	2026-09-19T17:32:47.948309Z		0.070000	20303872		8G	0			true		acacia-syntcomp26-coverage-165997-417bec43a3b5.scope
S-cap120-epoch2	chomp_pb_4_4_pe_.ltl	chomp_pb_4_4_pe_.tlsf	120	TIMEOUT	120.18752076599048	124	true	timeout	status	0	8	20	50384cf69a733199fa17c9c571da1761d8451991	f80ff3f62daaa6e22a6753a3f30a127baab424d0320949bc9957a6ff62ea5ebe	otf_sparse_formula	2026-09-19T17:34:48.176018Z					8G	0			true		acacia-syntcomp26-coverage-165997-ac710363d3ad.scope
S-cap120-epoch2	collector_v3_pb_5_pe_.ltl	collector_v3_pb_5_pe_.tlsf	120	REALIZABLE	0.054886004989384674	0	false		status	11	30	21	50384cf69a733199fa17c9c571da1761d8451991	f80ff3f62daaa6e22a6753a3f30a127baab424d0320949bc9957a6ff62ea5ebe	otf_sparse_formula	2026-09-19T17:34:48.244560Z		0.120000	20332544		8G	0			true		acacia-syntcomp26-coverage-165997-57ece5fae6c8.scope
S-cap120-epoch2	example9_pb_2_pe_.ltl	example9_pb_2_pe_.tlsf	120	REALIZABLE	0.02492785599315539	0	false		none	11	30	22	50384cf69a733199fa17c9c571da1761d8451991	f80ff3f62daaa6e22a6753a3f30a127baab424d0320949bc9957a6ff62ea5ebe	otf_sparse_formula	2026-09-19T17:34:48.291649Z		0.030000	17928192		8G	0			true		acacia-syntcomp26-coverage-165997-0f2f1ca606ba.scope
S-cap120-epoch2	full_arbiter_unreal1_pb_2_2_pe_.ltl	full_arbiter_unreal1_pb_2_2_pe_.tlsf	120	UNREALIZABLE	0.029294010004377924	1	false		status	13	30	23	50384cf69a733199fa17c9c571da1761d8451991	f80ff3f62daaa6e22a6753a3f30a127baab424d0320949bc9957a6ff62ea5ebe	otf_sparse_formula	2026-09-19T17:34:48.351055Z		0.030000	15540224		8G	0			true		acacia-syntcomp26-coverage-165997-c579ba26a0bd.scope
S-cap120-epoch2	full_arbiter_unreal1_pb_4_7_pe_.ltl	full_arbiter_unreal1_pb_4_7_pe_.tlsf	120	UNREALIZABLE	0.036460964009165764	1	false		none	13	30	24	50384cf69a733199fa17c9c571da1761d8451991	f80ff3f62daaa6e22a6753a3f30a127baab424d0320949bc9957a6ff62ea5ebe	otf_sparse_formula	2026-09-19T17:34:48.425265Z		0.030000	15470592		8G	0			true		acacia-syntcomp26-coverage-165997-6fea44617393.scope
S-cap120-epoch2	full_arbiter_unreal2_pb_4_pe_.ltl	full_arbiter_unreal2_pb_4_pe_.tlsf	120	UNREALIZABLE	0.033112543998868205	1	false		status	13	30	25	50384cf69a733199fa17c9c571da1761d8451991	f80ff3f62daaa6e22a6753a3f30a127baab424d0320949bc9957a6ff62ea5ebe	otf_sparse_formula	2026-09-19T17:34:48.495723Z		0.030000	15327232		8G	0			true		acacia-syntcomp26-coverage-165997-c4844ab9456a.scope
S-cap120-epoch2	gf-unreal10.ltl	gf-unreal10.tlsf	120	UNREALIZABLE	0.039641743001993746	1	false		none	13	30	26	50384cf69a733199fa17c9c571da1761d8451991	f80ff3f62daaa6e22a6753a3f30a127baab424d0320949bc9957a6ff62ea5ebe	otf_sparse_formula	2026-09-19T17:34:48.558794Z		0.050000	18169856		8G	0			true		acacia-syntcomp26-coverage-165997-466068a7974d.scope
S-cap120-epoch2	gf-unreal33.ltl	gf-unreal33.tlsf	120	UNREALIZABLE	0.04913433000911027	1	false		none	13	30	27	50384cf69a733199fa17c9c571da1761d8451991	f80ff3f62daaa6e22a6753a3f30a127baab424d0320949bc9957a6ff62ea5ebe	otf_sparse_formula	2026-09-19T17:34:48.622752Z		0.090000	19656704		8G	0			true		acacia-syntcomp26-coverage-165997-91028aa8a6ed.scope
S-cap120-epoch2	heim-double-x3.ltl	heim-double-x3.tlsf	120	UNREALIZABLE	0.12746757999411784	1	false		none	13	30	28	50384cf69a733199fa17c9c571da1761d8451991	f80ff3f62daaa6e22a6753a3f30a127baab424d0320949bc9957a6ff62ea5ebe	otf_sparse_formula	2026-09-19T17:34:48.763709Z		0.420000	29179904		8G	0			true		acacia-syntcomp26-coverage-165997-2354b32d4ff4.scope
S-cap120-epoch2	heim-double-x6.ltl	heim-double-x6.tlsf	120	UNREALIZABLE	0.34582468098960817	1	false		none	13	30	29	50384cf69a733199fa17c9c571da1761d8451991	f80ff3f62daaa6e22a6753a3f30a127baab424d0320949bc9957a6ff62ea5ebe	otf_sparse_formula	2026-09-19T17:34:49.123861Z		1.300000	42500096		8G	0			true		acacia-syntcomp26-coverage-165997-98d80ae6f0c6.scope
S-cap120-epoch2	infinite-race-u8.ltl	infinite-race-u8.tlsf	120	UNREALIZABLE	2.423159203011892	1	false		none	13	31	30	50384cf69a733199fa17c9c571da1761d8451991	f80ff3f62daaa6e22a6753a3f30a127baab424d0320949bc9957a6ff62ea5ebe	otf_sparse_formula	2026-09-19T17:34:51.562294Z		9.550000	163749888		8G	0			true		acacia-syntcomp26-coverage-165997-a79508b7b9de.scope
S-cap120-epoch2	lift_pb_8_pe_.ltl	lift_pb_8_pe_.tlsf	120	TIMEOUT	120.16823796999233	124	true	timeout	none	0	8	31	50384cf69a733199fa17c9c571da1761d8451991	f80ff3f62daaa6e22a6753a3f30a127baab424d0320949bc9957a6ff62ea5ebe	otf_sparse_formula	2026-09-19T17:36:51.743361Z					8G	0			true		acacia-syntcomp26-coverage-165997-d8edc02da816.scope
S-cap120-epoch2	lilydemo17.ltl	lilydemo17.tlsf	120	REALIZABLE	0.017603522996068932	0	false		status	11	30	32	50384cf69a733199fa17c9c571da1761d8451991	f80ff3f62daaa6e22a6753a3f30a127baab424d0320949bc9957a6ff62ea5ebe	otf_sparse_formula	2026-09-19T17:36:51.782375Z		0.010000	17993728		8G	0			true		acacia-syntcomp26-coverage-165997-9c396ddfdf68.scope
S-cap120-epoch2	load_balancer_pb_6_pe_.ltl	load_balancer_pb_6_pe_.tlsf	120	REALIZABLE	0.5428100019926205	0	false		status	11	30	33	50384cf69a733199fa17c9c571da1761d8451991	f80ff3f62daaa6e22a6753a3f30a127baab424d0320949bc9957a6ff62ea5ebe	otf_sparse_formula	2026-09-19T17:36:52.344165Z		2.070000	37154816		8G	0			true		acacia-syntcomp26-coverage-165997-e0268b1278eb.scope
S-cap120-epoch2	load_balancer_unreal1_pb_4_12_pe_.ltl	load_balancer_unreal1_pb_4_12_pe_.tlsf	120	MEMOUT	64.67778903599537	-15	false	memory	status	0	8	34	50384cf69a733199fa17c9c571da1761d8451991	f80ff3f62daaa6e22a6753a3f30a127baab424d0320949bc9957a6ff62ea5ebe	otf_sparse_formula	2026-09-19T17:37:57.040930Z				8589934592	8G	0			true		acacia-syntcomp26-coverage-165997-b5d42890d59e.scope
S-cap120-epoch2	ltl2dba_R_pb_10_pe_.ltl	ltl2dba_R_pb_10_pe_.tlsf	120	TIMEOUT	120.17366720600694	124	true	timeout	status	0	8	35	50384cf69a733199fa17c9c571da1761d8451991	f80ff3f62daaa6e22a6753a3f30a127baab424d0320949bc9957a6ff62ea5ebe	otf_sparse_formula	2026-09-19T17:39:57.254923Z					8G	0			true		acacia-syntcomp26-coverage-165997-20a710a254c0.scope
S-cap120-epoch2	ltl2dba_U1_pb_7_pe_.ltl	ltl2dba_U1_pb_7_pe_.tlsf	120	REALIZABLE	0.028487624993431382	0	false		status	11	30	36	50384cf69a733199fa17c9c571da1761d8451991	f80ff3f62daaa6e22a6753a3f30a127baab424d0320949bc9957a6ff62ea5ebe	otf_sparse_formula	2026-09-19T17:39:57.319978Z		0.030000	15306752		8G	0			true		acacia-syntcomp26-coverage-165997-d7990d5cbac4.scope
S-cap120-epoch2	ltl2dba_alpha_pb_18_pe_.ltl	ltl2dba_alpha_pb_18_pe_.tlsf	120	REALIZABLE	0.034321004000958055	0	false		none	11	30	37	50384cf69a733199fa17c9c571da1761d8451991	f80ff3f62daaa6e22a6753a3f30a127baab424d0320949bc9957a6ff62ea5ebe	otf_sparse_formula	2026-09-19T17:39:57.388468Z		0.030000	15499264		8G	0			true		acacia-syntcomp26-coverage-165997-a89d7e0d55f2.scope
S-cap120-epoch2	ltl2dba_beta_pb_5_pe_.ltl	ltl2dba_beta_pb_5_pe_.tlsf	120	REALIZABLE	0.03716943600738887	0	false		status	11	30	38	50384cf69a733199fa17c9c571da1761d8451991	f80ff3f62daaa6e22a6753a3f30a127baab424d0320949bc9957a6ff62ea5ebe	otf_sparse_formula	2026-09-19T17:39:57.464779Z		0.030000	15351808		8G	0			true		acacia-syntcomp26-coverage-165997-43d1153df3ff.scope
S-cap120-epoch2	prioritized_arbiter_enc_pb_10_pe_.ltl	prioritized_arbiter_enc_pb_10_pe_.tlsf	120	TIMEOUT	120.42864613598795	124	true	timeout	status	0	8	39	50384cf69a733199fa17c9c571da1761d8451991	f80ff3f62daaa6e22a6753a3f30a127baab424d0320949bc9957a6ff62ea5ebe	otf_sparse_formula	2026-09-19T17:41:57.922731Z					8G	0			true		acacia-syntcomp26-coverage-165997-92ef8796de04.scope
S-cap120-epoch2	prioritized_arbiter_pb_2_pe_.ltl	prioritized_arbiter_pb_2_pe_.tlsf	120	REALIZABLE	0.02897907000442501	0	false		status	11	30	40	50384cf69a733199fa17c9c571da1761d8451991	f80ff3f62daaa6e22a6753a3f30a127baab424d0320949bc9957a6ff62ea5ebe	otf_sparse_formula	2026-09-19T17:41:57.975760Z		0.030000	18477056		8G	0			true		acacia-syntcomp26-coverage-165997-51d48824e101.scope
S-cap120-epoch2	prioritized_arbiter_pb_3_pe_.ltl	prioritized_arbiter_pb_3_pe_.tlsf	120	REALIZABLE	0.027757687988923863	0	false		status	11	30	41	50384cf69a733199fa17c9c571da1761d8451991	f80ff3f62daaa6e22a6753a3f30a127baab424d0320949bc9957a6ff62ea5ebe	otf_sparse_formula	2026-09-19T17:41:58.026599Z		0.040000	18718720		8G	0			true		acacia-syntcomp26-coverage-165997-27aaeb67765c.scope
S-cap120-epoch2	prioritized_arbiter_pb_6_pe_.ltl	prioritized_arbiter_pb_6_pe_.tlsf	120	REALIZABLE	0.3610895510064438	0	false		status	11	30	42	50384cf69a733199fa17c9c571da1761d8451991	f80ff3f62daaa6e22a6753a3f30a127baab424d0320949bc9957a6ff62ea5ebe	otf_sparse_formula	2026-09-19T17:41:58.401322Z		1.360000	43982848		8G	0			true		acacia-syntcomp26-coverage-165997-1fc6419e3614.scope
S-cap120-epoch2	prioritized_arbiter_unreal1_pb_2_5_pe_.ltl	prioritized_arbiter_unreal1_pb_2_5_pe_.tlsf	120	UNREALIZABLE	0.017010462994221598	1	false		status	13	30	43	50384cf69a733199fa17c9c571da1761d8451991	f80ff3f62daaa6e22a6753a3f30a127baab424d0320949bc9957a6ff62ea5ebe	otf_sparse_formula	2026-09-19T17:41:58.431867Z		0.010000	18530304	43945984	8G	0			true		acacia-syntcomp26-coverage-165997-4bd8c573fedf.scope
S-cap120-epoch2	robot-grid-reach-repeated-with-obstacles-6d-real.ltl	robot-grid-reach-repeated-with-obstacles-6d-real.tlsf	120	TIMEOUT	120.22749985700648	124	true	timeout	none	0	8	44	50384cf69a733199fa17c9c571da1761d8451991	f80ff3f62daaa6e22a6753a3f30a127baab424d0320949bc9957a6ff62ea5ebe	otf_sparse_formula	2026-09-19T17:43:58.699618Z					8G	0			true		acacia-syntcomp26-coverage-165997-aaa4e76c5c31.scope
S-cap120-epoch2	robot-resource-2d20.ltl	robot-resource-2d20.tlsf	120	UNREALIZABLE	9.172423427997273	1	false		none	13	31	45	50384cf69a733199fa17c9c571da1761d8451991	f80ff3f62daaa6e22a6753a3f30a127baab424d0320949bc9957a6ff62ea5ebe	otf_sparse_formula	2026-09-19T17:44:07.886802Z		36.360000	82366464		8G	0			true		acacia-syntcomp26-coverage-165997-01a7d6fe6b97.scope
S-cap120-epoch2	robot_collect_samples_v2-real.ltl	robot_collect_samples_v2-real.tlsf	120	REALIZABLE	52.533043673000066	0	false		none	11	34	46	50384cf69a733199fa17c9c571da1761d8451991	f80ff3f62daaa6e22a6753a3f30a127baab424d0320949bc9957a6ff62ea5ebe	otf_sparse_formula	2026-09-19T17:45:00.434676Z		208.920000	1517654016		8G	0			true		acacia-syntcomp26-coverage-165997-92bdab57dfd2.scope
S-cap120-epoch2	robot_collect_samples_v4-real.ltl	robot_collect_samples_v4-real.tlsf	120	TIMEOUT	120.22583130699059	124	true	timeout	none	0	8	47	50384cf69a733199fa17c9c571da1761d8451991	f80ff3f62daaa6e22a6753a3f30a127baab424d0320949bc9957a6ff62ea5ebe	otf_sparse_formula	2026-09-19T17:47:00.685222Z					8G	0			true		acacia-syntcomp26-coverage-165997-d0dfdc5624c1.scope
S-cap120-epoch2	robot_grid_pb_7_7_pe_.ltl	robot_grid_pb_7_7_pe_.tlsf	120	MEMOUT	10.493349579002825	-15	false	memory	none	0	8	48	50384cf69a733199fa17c9c571da1761d8451991	f80ff3f62daaa6e22a6753a3f30a127baab424d0320949bc9957a6ff62ea5ebe	otf_sparse_formula	2026-09-19T17:47:11.199175Z				8589934592	8G	0			true		acacia-syntcomp26-coverage-165997-bf563687d55d.scope
S-cap120-epoch2	round_robin_arbiter_unreal1_pb_4_11_pe_.ltl	round_robin_arbiter_unreal1_pb_4_11_pe_.tlsf	120	MEMOUT	49.39063743200677	-15	false	memory	none	0	8	49	50384cf69a733199fa17c9c571da1761d8451991	f80ff3f62daaa6e22a6753a3f30a127baab424d0320949bc9957a6ff62ea5ebe	otf_sparse_formula	2026-09-19T17:48:00.609221Z				8589934592	8G	0			true		acacia-syntcomp26-coverage-165997-31e9e2183d3a.scope
S-cap120-epoch2	shift_pb_12_pe_.ltl	shift_pb_12_pe_.tlsf	120	REALIZABLE	0.025726674997713417	0	false		status	11	30	50	50384cf69a733199fa17c9c571da1761d8451991	f80ff3f62daaa6e22a6753a3f30a127baab424d0320949bc9957a6ff62ea5ebe	otf_sparse_formula	2026-09-19T17:48:00.660454Z		0.030000	15724544		8G	0			true		acacia-syntcomp26-coverage-165997-5b785366085f.scope
S-cap120-epoch2	simple_arbiter_enc_pb_10_pe_.ltl	simple_arbiter_enc_pb_10_pe_.tlsf	120	MEMOUT	74.54303470099694	-15	false	memory	status	0	8	51	50384cf69a733199fa17c9c571da1761d8451991	f80ff3f62daaa6e22a6753a3f30a127baab424d0320949bc9957a6ff62ea5ebe	otf_sparse_formula	2026-09-19T17:49:15.221891Z				8589934592	8G	0			true		acacia-syntcomp26-coverage-165997-8e1e678a4410.scope
S-cap120-epoch2	simple_arbiter_unreal1_pb_4_12_pe_.ltl	simple_arbiter_unreal1_pb_4_12_pe_.tlsf	120	UNREALIZABLE	0.025401892999070697	1	false		status	13	30	52	50384cf69a733199fa17c9c571da1761d8451991	f80ff3f62daaa6e22a6753a3f30a127baab424d0320949bc9957a6ff62ea5ebe	otf_sparse_formula	2026-09-19T17:49:15.271701Z		0.030000	15306752		8G	0			true		acacia-syntcomp26-coverage-165997-f8844dceb93e.scope
S-cap120-epoch2	simple_arbiter_unreal2_pb_10_pe_.ltl	simple_arbiter_unreal2_pb_10_pe_.tlsf	120	UNREALIZABLE	0.027946703994530253	1	false		status	13	30	53	50384cf69a733199fa17c9c571da1761d8451991	f80ff3f62daaa6e22a6753a3f30a127baab424d0320949bc9957a6ff62ea5ebe	otf_sparse_formula	2026-09-19T17:49:15.319962Z		0.030000	15470592		8G	0			true		acacia-syntcomp26-coverage-165997-8828dc2175ba.scope
S-cap120-epoch2	simple_arbiter_with_hints_pb_15_pe_.ltl	simple_arbiter_with_hints_pb_15_pe_.tlsf	120	TIMEOUT	120.22578358800092	124	true	timeout	none	0	8	54	50384cf69a733199fa17c9c571da1761d8451991	f80ff3f62daaa6e22a6753a3f30a127baab424d0320949bc9957a6ff62ea5ebe	otf_sparse_formula	2026-09-19T17:51:15.588240Z					8G	0			true		acacia-syntcomp26-coverage-165997-224e7a8b238a.scope
S-cap120-epoch2	CheckCoffeMachine_3461125b.ltl	CheckCoffeMachine_3461125b.tlsf	120	UNREALIZABLE	0.021888862989726476	1	false		status	13	30	0	50384cf69a733199fa17c9c571da1761d8451991	f80ff3f62daaa6e22a6753a3f30a127baab424d0320949bc9957a6ff62ea5ebe	otf_sparse_formula	2026-09-19T18:45:33.247321Z		0.020000	18907136		8G	0			true		acacia-syntcomp26-coverage-172977-8b02312d144b.scope
S-cap120-epoch2	CheckTime_4b5e6eaa.ltl	CheckTime_4b5e6eaa.tlsf	120	UNREALIZABLE	0.018961442008730955	1	false		status	13	30	1	50384cf69a733199fa17c9c571da1761d8451991	f80ff3f62daaa6e22a6753a3f30a127baab424d0320949bc9957a6ff62ea5ebe	otf_sparse_formula	2026-09-19T18:45:33.310958Z		0.010000	17317888	43188224	8G	0			true		acacia-syntcomp26-coverage-172977-b2537eed40f2.scope
S-cap120-epoch2	F-G-contradiction-2-unreal.ltl	F-G-contradiction-2-unreal.tlsf	120	UNREALIZABLE	0.026181302993791178	1	false		none	13	30	2	50384cf69a733199fa17c9c571da1761d8451991	f80ff3f62daaa6e22a6753a3f30a127baab424d0320949bc9957a6ff62ea5ebe	otf_sparse_formula	2026-09-19T18:45:33.349329Z		0.040000	19877888		8G	0			true		acacia-syntcomp26-coverage-172977-769f04eb328a.scope
S-cap120-epoch2	Light_a50cadd7.ltl	Light_a50cadd7.tlsf	120	UNREALIZABLE	0.01706266700057313	1	false		status	13	30	3	50384cf69a733199fa17c9c571da1761d8451991	f80ff3f62daaa6e22a6753a3f30a127baab424d0320949bc9957a6ff62ea5ebe	otf_sparse_formula	2026-09-19T18:45:33.380299Z		0.010000	15613952	43159552	8G	0			true		acacia-syntcomp26-coverage-172977-a1c46caf8402.scope
S-cap120-epoch2	LightsMin_6bea956e.ltl	LightsMin_6bea956e.tlsf	120	REALIZABLE	0.020314250999945216	0	false		status	11	30	4	50384cf69a733199fa17c9c571da1761d8451991	f80ff3f62daaa6e22a6753a3f30a127baab424d0320949bc9957a6ff62ea5ebe	otf_sparse_formula	2026-09-19T18:45:33.421264Z		0.010000	19177472	46305280	8G	0			true		acacia-syntcomp26-coverage-172977-c7132d608529.scope
S-cap120-epoch2	Morning_14a3b3a2.ltl	Morning_14a3b3a2.tlsf	120	UNREALIZABLE	3.7850769159995252	1	false		status	13	32	5	50384cf69a733199fa17c9c571da1761d8451991	f80ff3f62daaa6e22a6753a3f30a127baab424d0320949bc9957a6ff62ea5ebe	otf_sparse_formula	2026-09-19T18:45:37.219072Z		14.960000	230023168		8G	0			true		acacia-syntcomp26-coverage-172977-c2a0b938dfc8.scope
S-cap120-epoch2	Sensor.ltl	Sensor.tlsf	120	REALIZABLE	0.14162708500225563	0	false		status	11	30	6	50384cf69a733199fa17c9c571da1761d8451991	f80ff3f62daaa6e22a6753a3f30a127baab424d0320949bc9957a6ff62ea5ebe	otf_sparse_formula	2026-09-19T18:45:37.380210Z		0.490000	27406336		8G	0			true		acacia-syntcomp26-coverage-172977-59693a3e1af1.scope
S-cap120-epoch2	Shades2Min_63831f8c.ltl	Shades2Min_63831f8c.tlsf	120	REALIZABLE	0.030312060000142083	0	false		status	11	30	7	50384cf69a733199fa17c9c571da1761d8451991	f80ff3f62daaa6e22a6753a3f30a127baab424d0320949bc9957a6ff62ea5ebe	otf_sparse_formula	2026-09-19T18:45:37.436922Z		0.020000	18116608		8G	0			true		acacia-syntcomp26-coverage-172977-f803d5153dd8.scope
S-cap120-epoch2	TwoCounters.ltl	TwoCounters.tlsf	120	UNREALIZABLE	0.025821041999734007	1	false		status	13	30	8	50384cf69a733199fa17c9c571da1761d8451991	f80ff3f62daaa6e22a6753a3f30a127baab424d0320949bc9957a6ff62ea5ebe	otf_sparse_formula	2026-09-19T18:45:37.485222Z		0.040000	20324352		8G	0			true		acacia-syntcomp26-coverage-172977-50ef8e23a278.scope
S-cap120-epoch2	TwoCountersDisButA0.ltl	TwoCountersDisButA0.tlsf	120	UNREALIZABLE	0.04076319999876432	1	false		status	13	30	9	50384cf69a733199fa17c9c571da1761d8451991	f80ff3f62daaa6e22a6753a3f30a127baab424d0320949bc9957a6ff62ea5ebe	otf_sparse_formula	2026-09-19T18:45:37.540443Z		0.070000	20328448		8G	0			true		acacia-syntcomp26-coverage-172977-1ade7c3c248b.scope
S-cap120-epoch2	TwoCountersDisButA8.ltl	TwoCountersDisButA8.tlsf	120	UNREALIZABLE	0.16249969499767758	1	false		status	13	30	10	50384cf69a733199fa17c9c571da1761d8451991	f80ff3f62daaa6e22a6753a3f30a127baab424d0320949bc9957a6ff62ea5ebe	otf_sparse_formula	2026-09-19T18:45:37.717814Z		0.550000	30089216		8G	0			true		acacia-syntcomp26-coverage-172977-4e7e7c7e106e.scope
S-cap120-epoch2	TwoCountersInRangeA1.ltl	TwoCountersInRangeA1.tlsf	120	UNREALIZABLE	0.022821911989012733	1	false		status	13	30	11	50384cf69a733199fa17c9c571da1761d8451991	f80ff3f62daaa6e22a6753a3f30a127baab424d0320949bc9957a6ff62ea5ebe	otf_sparse_formula	2026-09-19T18:45:37.754206Z		0.030000	20668416		8G	0			true		acacia-syntcomp26-coverage-172977-19e02c988aee.scope
S-cap120-epoch2	amba_decomposed_lock_pb_11_pe_.ltl	amba_decomposed_lock_pb_11_pe_.tlsf	120	REALIZABLE	1.8893152759992518	0	false		status	11	31	12	50384cf69a733199fa17c9c571da1761d8451991	f80ff3f62daaa6e22a6753a3f30a127baab424d0320949bc9957a6ff62ea5ebe	otf_sparse_formula	2026-09-19T18:45:39.656574Z		5.610000	132460544		8G	0			true		acacia-syntcomp26-coverage-172977-56e62685a807.scope
S-cap120-epoch2	amba_decomposed_lock_pb_16_pe_.ltl	amba_decomposed_lock_pb_16_pe_.tlsf	120	TIMEOUT	120.22517779900227	124	true	timeout	status	0	8	13	50384cf69a733199fa17c9c571da1761d8451991	f80ff3f62daaa6e22a6753a3f30a127baab424d0320949bc9957a6ff62ea5ebe	otf_sparse_formula	2026-09-19T18:47:39.912645Z					8G	0			true		acacia-syntcomp26-coverage-172977-d1b73ff54b34.scope
S-cap120-epoch2	collector_v1_pb_15_pe_.ltl	collector_v1_pb_15_pe_.tlsf	120	TIMEOUT	120.32299001701176	124	true	timeout	none	0	8	14	50384cf69a733199fa17c9c571da1761d8451991	f80ff3f62daaa6e22a6753a3f30a127baab424d0320949bc9957a6ff62ea5ebe	otf_sparse_formula	2026-09-19T18:49:40.275188Z					8G	0			true		acacia-syntcomp26-coverage-172977-fb045fe14c78.scope
S-cap120-epoch2	collector_v2_pb_15_pe_.ltl	collector_v2_pb_15_pe_.tlsf	120	REALIZABLE	14.785249676002422	0	false		none	11	32	15	50384cf69a733199fa17c9c571da1761d8451991	f80ff3f62daaa6e22a6753a3f30a127baab424d0320949bc9957a6ff62ea5ebe	otf_sparse_formula	2026-09-19T18:49:55.074418Z		58.770000	524353536		8G	0			true		acacia-syntcomp26-coverage-172977-3f20eb34b792.scope
S-cap120-epoch2	finding_nemo_pb_5_pe_.ltl	finding_nemo_pb_5_pe_.tlsf	120	TIMEOUT	120.1900370939984	124	true	timeout	none	0	8	16	50384cf69a733199fa17c9c571da1761d8451991	f80ff3f62daaa6e22a6753a3f30a127baab424d0320949bc9957a6ff62ea5ebe	otf_sparse_formula	2026-09-19T18:51:55.305444Z					8G	0			true		acacia-syntcomp26-coverage-172977-2816f7b40a47.scope
S-cap120-epoch2	full_arbiter_unreal2_pb_3_pe_.ltl	full_arbiter_unreal2_pb_3_pe_.tlsf	120	UNREALIZABLE	0.032584069995209575	1	false		status	13	30	17	50384cf69a733199fa17c9c571da1761d8451991	f80ff3f62daaa6e22a6753a3f30a127baab424d0320949bc9957a6ff62ea5ebe	otf_sparse_formula	2026-09-19T18:51:55.375674Z		0.020000	15384576		8G	0			true		acacia-syntcomp26-coverage-172977-58fb202d7775.scope
S-cap120-epoch2	g-unreal-114.ltl	g-unreal-114.tlsf	120	UNREALIZABLE	11.048709233000409	1	false		none	13	32	18	50384cf69a733199fa17c9c571da1761d8451991	f80ff3f62daaa6e22a6753a3f30a127baab424d0320949bc9957a6ff62ea5ebe	otf_sparse_formula	2026-09-19T18:52:06.438852Z		23.540000	555081728		8G	0			true		acacia-syntcomp26-coverage-172977-4b6e7b45cce6.scope
S-cap120-epoch2	g-unreal-120.ltl	g-unreal-120.tlsf	120	UNREALIZABLE	94.18647240599967	1	false		none	13	34	19	50384cf69a733199fa17c9c571da1761d8451991	f80ff3f62daaa6e22a6753a3f30a127baab424d0320949bc9957a6ff62ea5ebe	otf_sparse_formula	2026-09-19T18:53:40.639101Z		190.850000	3307675648		8G	0			true		acacia-syntcomp26-coverage-172977-5e90259b9a36.scope
S-cap120-epoch2	g-unreal-39.ltl	g-unreal-39.tlsf	120	UNREALIZABLE	11.551708876999328	1	false		none	13	32	20	50384cf69a733199fa17c9c571da1761d8451991	f80ff3f62daaa6e22a6753a3f30a127baab424d0320949bc9957a6ff62ea5ebe	otf_sparse_formula	2026-09-19T18:53:52.204840Z		45.890000	487989248		8G	0			true		acacia-syntcomp26-coverage-172977-4e87b2b9ca4d.scope
S-cap120-epoch2	gf-unreal14.ltl	gf-unreal14.tlsf	120	UNREALIZABLE	0.030307595996418968	1	false		none	13	30	21	50384cf69a733199fa17c9c571da1761d8451991	f80ff3f62daaa6e22a6753a3f30a127baab424d0320949bc9957a6ff62ea5ebe	otf_sparse_formula	2026-09-19T18:53:52.247338Z		0.030000	18059264		8G	0			true		acacia-syntcomp26-coverage-172977-a429dfae2866.scope
S-cap120-epoch2	gf-unreal45.ltl	gf-unreal45.tlsf	120	UNREALIZABLE	0.03657357000338379	1	false		none	13	30	22	50384cf69a733199fa17c9c571da1761d8451991	f80ff3f62daaa6e22a6753a3f30a127baab424d0320949bc9957a6ff62ea5ebe	otf_sparse_formula	2026-09-19T18:53:52.296232Z		0.080000	20045824		8G	0			true		acacia-syntcomp26-coverage-172977-e1a0a0d13f1a.scope
S-cap120-epoch2	gf-unreal46.ltl	gf-unreal46.tlsf	120	UNREALIZABLE	0.041137788008200005	1	false		none	13	30	23	50384cf69a733199fa17c9c571da1761d8451991	f80ff3f62daaa6e22a6753a3f30a127baab424d0320949bc9957a6ff62ea5ebe	otf_sparse_formula	2026-09-19T18:53:52.349693Z		0.080000	20103168		8G	0			true		acacia-syntcomp26-coverage-172977-2e09a24cdfb4.scope
S-cap120-epoch2	heim-double-x2.ltl	heim-double-x2.tlsf	120	UNREALIZABLE	0.06883834800100885	1	false		none	13	30	24	50384cf69a733199fa17c9c571da1761d8451991	f80ff3f62daaa6e22a6753a3f30a127baab424d0320949bc9957a6ff62ea5ebe	otf_sparse_formula	2026-09-19T18:53:52.432393Z		0.200000	24309760		8G	0			true		acacia-syntcomp26-coverage-172977-b54fbf9ee879.scope
S-cap120-epoch2	jarvis_gideon_a02758ea.ltl	jarvis_gideon_a02758ea.tlsf	120	UNREALIZABLE	0.021405201987363398	1	false		status	13	30	25	50384cf69a733199fa17c9c571da1761d8451991	f80ff3f62daaa6e22a6753a3f30a127baab424d0320949bc9957a6ff62ea5ebe	otf_sparse_formula	2026-09-19T18:53:52.477145Z		0.030000	15691776		8G	0			true		acacia-syntcomp26-coverage-172977-a33fb9504dde.scope
S-cap120-epoch2	lazy_shades_problem_d6376bf9.ltl	lazy_shades_problem_d6376bf9.tlsf	120	REALIZABLE	0.04218382899125572	0	false		status	11	30	26	50384cf69a733199fa17c9c571da1761d8451991	f80ff3f62daaa6e22a6753a3f30a127baab424d0320949bc9957a6ff62ea5ebe	otf_sparse_formula	2026-09-19T18:53:52.531950Z		0.090000	20754432		8G	0			true		acacia-syntcomp26-coverage-172977-228513625d32.scope
S-cap120-epoch2	lift_gr1+_pb_6_pe_.ltl	lift_gr1+_pb_6_pe_.tlsf	120	MEMOUT	94.89000497099187	-15	false	memory	none	0	8	27	50384cf69a733199fa17c9c571da1761d8451991	f80ff3f62daaa6e22a6753a3f30a127baab424d0320949bc9957a6ff62ea5ebe	otf_sparse_formula	2026-09-19T18:55:27.440498Z				8589934592	8G	0			true		acacia-syntcomp26-coverage-172977-cbd3fb8f4f32.scope
S-cap120-epoch2	lift_gr1+_pb_9_pe_.ltl	lift_gr1+_pb_9_pe_.tlsf	120	TIMEOUT	120.22065571400162	124	true	timeout	none	0	8	28	50384cf69a733199fa17c9c571da1761d8451991	f80ff3f62daaa6e22a6753a3f30a127baab424d0320949bc9957a6ff62ea5ebe	otf_sparse_formula	2026-09-19T18:57:27.674312Z					8G	0			true		acacia-syntcomp26-coverage-172977-0cda16596cb8.scope
S-cap120-epoch2	lift_pb_9_pe_.ltl	lift_pb_9_pe_.tlsf	120	TIMEOUT	120.167588049997	124	true	timeout	none	0	8	29	50384cf69a733199fa17c9c571da1761d8451991	f80ff3f62daaa6e22a6753a3f30a127baab424d0320949bc9957a6ff62ea5ebe	otf_sparse_formula	2026-09-19T18:59:27.854883Z					8G	0			true		acacia-syntcomp26-coverage-172977-866d001c8e6a.scope
S-cap120-epoch2	lift_wrong_physics_unreal_pb_8_pe_.ltl	lift_wrong_physics_unreal_pb_8_pe_.tlsf	120	UNREALIZABLE	0.11767465798766352	1	false		none	13	30	30	50384cf69a733199fa17c9c571da1761d8451991	f80ff3f62daaa6e22a6753a3f30a127baab424d0320949bc9957a6ff62ea5ebe	otf_sparse_formula	2026-09-19T18:59:27.985969Z		0.400000	31494144		8G	0			true		acacia-syntcomp26-coverage-172977-d5c509d6ea3a.scope
S-cap120-epoch2	load_balancer_pb_7_pe_.ltl	load_balancer_pb_7_pe_.tlsf	120	REALIZABLE	5.155995604000054	0	false		status	11	32	31	50384cf69a733199fa17c9c571da1761d8451991	f80ff3f62daaa6e22a6753a3f30a127baab424d0320949bc9957a6ff62ea5ebe	otf_sparse_formula	2026-09-19T18:59:33.156310Z		15.980000	154771456		8G	0			true		acacia-syntcomp26-coverage-172977-45a037d1daea.scope
S-cap120-epoch2	load_balancer_unreal1_pb_2_13_pe_.ltl	load_balancer_unreal1_pb_2_13_pe_.tlsf	120	UNREALIZABLE	0.17791007799678482	1	false		status	13	30	32	50384cf69a733199fa17c9c571da1761d8451991	f80ff3f62daaa6e22a6753a3f30a127baab424d0320949bc9957a6ff62ea5ebe	otf_sparse_formula	2026-09-19T18:59:33.349885Z		0.490000	28139520		8G	0			true		acacia-syntcomp26-coverage-172977-9af2f37da57a.scope
S-cap120-epoch2	ltl2dba02.ltl	ltl2dba02.tlsf	120	REALIZABLE	0.01996433899330441	0	false		status	11	30	33	50384cf69a733199fa17c9c571da1761d8451991	f80ff3f62daaa6e22a6753a3f30a127baab424d0320949bc9957a6ff62ea5ebe	otf_sparse_formula	2026-09-19T18:59:33.394934Z		0.020000	15290368		8G	0			true		acacia-syntcomp26-coverage-172977-b92783c8301d.scope
S-cap120-epoch2	ltl2dba08.ltl	ltl2dba08.tlsf	120	REALIZABLE	0.030171706996043213	0	false		status	11	30	34	50384cf69a733199fa17c9c571da1761d8451991	f80ff3f62daaa6e22a6753a3f30a127baab424d0320949bc9957a6ff62ea5ebe	otf_sparse_formula	2026-09-19T18:59:33.453628Z		0.030000	15368192		8G	0			true		acacia-syntcomp26-coverage-172977-d45dc06b981e.scope
S-cap120-epoch2	ltl2dba26.ltl	ltl2dba26.tlsf	120	REALIZABLE	0.030817267994279973	0	false		status	11	30	35	50384cf69a733199fa17c9c571da1761d8451991	f80ff3f62daaa6e22a6753a3f30a127baab424d0320949bc9957a6ff62ea5ebe	otf_sparse_formula	2026-09-19T18:59:33.521601Z		0.030000	15319040		8G	0			true		acacia-syntcomp26-coverage-172977-90b12684b0a0.scope
S-cap120-epoch2	ltl2dba_C2_pb_8_pe_.ltl	ltl2dba_C2_pb_8_pe_.tlsf	120	REALIZABLE	0.0343510359962238	0	false		status	11	30	36	50384cf69a733199fa17c9c571da1761d8451991	f80ff3f62daaa6e22a6753a3f30a127baab424d0320949bc9957a6ff62ea5ebe	otf_sparse_formula	2026-09-19T18:59:33.594480Z		0.040000	15446016		8G	0			true		acacia-syntcomp26-coverage-172977-fb8fb9362cbe.scope
S-cap120-epoch2	ltl2dba_C2_unreal_pb_25_pe_.ltl	ltl2dba_C2_unreal_pb_25_pe_.tlsf	120	TIMEOUT	120.23094530799426	124	true	timeout	status	0	8	37	50384cf69a733199fa17c9c571da1761d8451991	f80ff3f62daaa6e22a6753a3f30a127baab424d0320949bc9957a6ff62ea5ebe	otf_sparse_formula	2026-09-19T19:01:33.865272Z					8G	0			true		acacia-syntcomp26-coverage-172977-8c83097007e5.scope
S-cap120-epoch2	ltl2dba_E_pb_1_pe_.ltl	ltl2dba_E_pb_1_pe_.tlsf	120	REALIZABLE	0.03660907699668314	0	false		status	11	30	38	50384cf69a733199fa17c9c571da1761d8451991	f80ff3f62daaa6e22a6753a3f30a127baab424d0320949bc9957a6ff62ea5ebe	otf_sparse_formula	2026-09-19T19:01:33.925031Z		0.020000	15347712		8G	0			true		acacia-syntcomp26-coverage-172977-7aaa10f0b895.scope
S-cap120-epoch2	ltl2dba_E_pb_8_pe_.ltl	ltl2dba_E_pb_8_pe_.tlsf	120	REALIZABLE	0.02994423100608401	0	false		status	11	30	39	50384cf69a733199fa17c9c571da1761d8451991	f80ff3f62daaa6e22a6753a3f30a127baab424d0320949bc9957a6ff62ea5ebe	otf_sparse_formula	2026-09-19T19:01:33.983233Z		0.030000	15388672		8G	0			true		acacia-syntcomp26-coverage-172977-e30092baf364.scope
S-cap120-epoch2	ltl2dba_Q_pb_1_pe_.ltl	ltl2dba_Q_pb_1_pe_.tlsf	120	REALIZABLE	0.026031528002931736	0	false		status	11	30	40	50384cf69a733199fa17c9c571da1761d8451991	f80ff3f62daaa6e22a6753a3f30a127baab424d0320949bc9957a6ff62ea5ebe	otf_sparse_formula	2026-09-19T19:01:34.038001Z		0.030000	15380480		8G	0			true		acacia-syntcomp26-coverage-172977-c804105bd037.scope
S-cap120-epoch2	ltl2dba_U1_pb_15_pe_.ltl	ltl2dba_U1_pb_15_pe_.tlsf	120	REALIZABLE	0.028785654008970596	0	false		none	11	30	41	50384cf69a733199fa17c9c571da1761d8451991	f80ff3f62daaa6e22a6753a3f30a127baab424d0320949bc9957a6ff62ea5ebe	otf_sparse_formula	2026-09-19T19:01:34.106019Z		0.030000	15372288		8G	0			true		acacia-syntcomp26-coverage-172977-6090b8a40721.scope
S-cap120-epoch2	ltl2dba_theta_pb_2_pe_.ltl	ltl2dba_theta_pb_2_pe_.tlsf	120	UNREALIZABLE	0.035974186001112685	1	false		status	13	30	42	50384cf69a733199fa17c9c571da1761d8451991	f80ff3f62daaa6e22a6753a3f30a127baab424d0320949bc9957a6ff62ea5ebe	otf_sparse_formula	2026-09-19T19:01:34.165040Z		0.040000	18845696		8G	0			true		acacia-syntcomp26-coverage-172977-32fb48434a5c.scope
S-cap120-epoch2	ltl2dpa13.ltl	ltl2dpa13.tlsf	120	REALIZABLE	0.0390418699971633	0	false		status	11	30	43	50384cf69a733199fa17c9c571da1761d8451991	f80ff3f62daaa6e22a6753a3f30a127baab424d0320949bc9957a6ff62ea5ebe	otf_sparse_formula	2026-09-19T19:01:34.224282Z		0.070000	20189184		8G	0			true		acacia-syntcomp26-coverage-172977-ffb865e364fc.scope
S-cap120-epoch2	patrolling-alarm24.ltl	patrolling-alarm24.tlsf	120	UNREALIZABLE	0.7505031729961047	1	false		none	13	31	44	50384cf69a733199fa17c9c571da1761d8451991	f80ff3f62daaa6e22a6753a3f30a127baab424d0320949bc9957a6ff62ea5ebe	otf_sparse_formula	2026-09-19T19:01:34.989493Z		2.840000	131895296		8G	0			true		acacia-syntcomp26-coverage-172977-e249fbbeddc7.scope
S-cap120-epoch2	prioritized_arbiter_unreal1_pb_3_14_pe_.ltl	prioritized_arbiter_unreal1_pb_3_14_pe_.tlsf	120	UNREALIZABLE	0.01921747298911214	1	false		status	13	30	45	50384cf69a733199fa17c9c571da1761d8451991	f80ff3f62daaa6e22a6753a3f30a127baab424d0320949bc9957a6ff62ea5ebe	otf_sparse_formula	2026-09-19T19:01:35.022109Z		0.020000	18583552	44945408	8G	0			true		acacia-syntcomp26-coverage-172977-757bcc77397d.scope
S-cap120-epoch2	prioritized_arbiter_unreal1_pb_3_16_pe_.ltl	prioritized_arbiter_unreal1_pb_3_16_pe_.tlsf	120	UNREALIZABLE	0.02364899800159037	1	false		status	13	30	46	50384cf69a733199fa17c9c571da1761d8451991	f80ff3f62daaa6e22a6753a3f30a127baab424d0320949bc9957a6ff62ea5ebe	otf_sparse_formula	2026-09-19T19:01:35.062128Z		0.010000	18751488		8G	0			true		acacia-syntcomp26-coverage-172977-b934fe260fc6.scope
S-cap120-epoch2	prioritized_arbiter_unreal1_pb_3_8_pe_.ltl	prioritized_arbiter_unreal1_pb_3_8_pe_.tlsf	120	UNREALIZABLE	0.017987533006817102	1	false		status	13	30	47	50384cf69a733199fa17c9c571da1761d8451991	f80ff3f62daaa6e22a6753a3f30a127baab424d0320949bc9957a6ff62ea5ebe	otf_sparse_formula	2026-09-19T19:01:35.094503Z		0.010000	18415616	44187648	8G	0			true		acacia-syntcomp26-coverage-172977-7dc2064493bc.scope
S-cap120-epoch2	prioritized_arbiter_unreal1_pb_4_14_pe_.ltl	prioritized_arbiter_unreal1_pb_4_14_pe_.tlsf	120	UNREALIZABLE	0.020446609007194638	1	false		status	13	30	48	50384cf69a733199fa17c9c571da1761d8451991	f80ff3f62daaa6e22a6753a3f30a127baab424d0320949bc9957a6ff62ea5ebe	otf_sparse_formula	2026-09-19T19:01:35.127460Z		0.020000	18911232		8G	0			true		acacia-syntcomp26-coverage-172977-f3300597fff8.scope
S-cap120-epoch2	robot_running-real.ltl	robot_running-real.tlsf	120	TIMEOUT	120.12329084900557	124	true	timeout	none	0	8	49	50384cf69a733199fa17c9c571da1761d8451991	f80ff3f62daaa6e22a6753a3f30a127baab424d0320949bc9957a6ff62ea5ebe	otf_sparse_formula	2026-09-19T19:03:35.262830Z					8G	0			true		acacia-syntcomp26-coverage-172977-d869d1de0da7.scope
S-cap120-epoch2	round_robin_arbiter_unreal1_pb_2_14_pe_.ltl	round_robin_arbiter_unreal1_pb_2_14_pe_.tlsf	120	UNREALIZABLE	0.6054068500088761	1	false		status	13	30	50	50384cf69a733199fa17c9c571da1761d8451991	f80ff3f62daaa6e22a6753a3f30a127baab424d0320949bc9957a6ff62ea5ebe	otf_sparse_formula	2026-09-19T19:03:35.882486Z		2.330000	99708928		8G	0			true		acacia-syntcomp26-coverage-172977-b6491fd1d7db.scope
S-cap120-epoch2	round_robin_arbiter_unreal1_pb_2_1_pe_.ltl	round_robin_arbiter_unreal1_pb_2_1_pe_.tlsf	120	UNREALIZABLE	0.028740195994032547	1	false		status	13	30	51	50384cf69a733199fa17c9c571da1761d8451991	f80ff3f62daaa6e22a6753a3f30a127baab424d0320949bc9957a6ff62ea5ebe	otf_sparse_formula	2026-09-19T19:03:35.934505Z		0.030000	18993152		8G	0			true		acacia-syntcomp26-coverage-172977-b029bcca25da.scope
S-cap120-epoch2	round_robin_arbiter_unreal1_pb_2_8_pe_.ltl	round_robin_arbiter_unreal1_pb_2_8_pe_.tlsf	120	UNREALIZABLE	0.042829817000892945	1	false		status	13	30	52	50384cf69a733199fa17c9c571da1761d8451991	f80ff3f62daaa6e22a6753a3f30a127baab424d0320949bc9957a6ff62ea5ebe	otf_sparse_formula	2026-09-19T19:03:35.990777Z		0.090000	20148224		8G	0			true		acacia-syntcomp26-coverage-172977-e4bcec0e1dfd.scope
S-cap120-epoch2	round_robin_arbiter_unreal1_pb_3_20_pe_.ltl	round_robin_arbiter_unreal1_pb_3_20_pe_.tlsf	120	TIMEOUT	120.19652364199283	124	true	timeout	status	0	8	53	50384cf69a733199fa17c9c571da1761d8451991	f80ff3f62daaa6e22a6753a3f30a127baab424d0320949bc9957a6ff62ea5ebe	otf_sparse_formula	2026-09-19T19:05:36.201579Z					8G	0			true		acacia-syntcomp26-coverage-172977-70f0f17c1bb5.scope
S-cap120-epoch2	round_robin_arbiter_unreal2_pb_2_pe_.ltl	round_robin_arbiter_unreal2_pb_2_pe_.tlsf	120	UNREALIZABLE	0.033871274994453415	1	false		status	13	30	54	50384cf69a733199fa17c9c571da1761d8451991	f80ff3f62daaa6e22a6753a3f30a127baab424d0320949bc9957a6ff62ea5ebe	otf_sparse_formula	2026-09-19T19:05:36.258562Z		0.040000	19079168		8G	0			true		acacia-syntcomp26-coverage-172977-f0719b6addfe.scope
S-cap120-epoch2	simple_arbiter_unreal1_pb_4_6_pe_.ltl	simple_arbiter_unreal1_pb_4_6_pe_.tlsf	120	UNREALIZABLE	0.02955976000521332	1	false		status	13	30	55	50384cf69a733199fa17c9c571da1761d8451991	f80ff3f62daaa6e22a6753a3f30a127baab424d0320949bc9957a6ff62ea5ebe	otf_sparse_formula	2026-09-19T19:05:36.311062Z		0.030000	15179776		8G	0			true		acacia-syntcomp26-coverage-172977-5734097a49ec.scope
S-cap120-epoch2	simple_arbiter_unreal2_pb_25_pe_.ltl	simple_arbiter_unreal2_pb_25_pe_.tlsf	120	UNREALIZABLE	0.037727671005995944	1	false		status	13	30	56	50384cf69a733199fa17c9c571da1761d8451991	f80ff3f62daaa6e22a6753a3f30a127baab424d0320949bc9957a6ff62ea5ebe	otf_sparse_formula	2026-09-19T19:05:36.371640Z		0.040000	15675392		8G	0			true		acacia-syntcomp26-coverage-172977-1b36169dea20.scope
S-cap120-epoch2	simple_arbiter_with_hints_pb_10_pe_.ltl	simple_arbiter_with_hints_pb_10_pe_.tlsf	120	TIMEOUT	120.26863506399968	124	true	timeout	none	0	8	57	50384cf69a733199fa17c9c571da1761d8451991	f80ff3f62daaa6e22a6753a3f30a127baab424d0320949bc9957a6ff62ea5ebe	otf_sparse_formula	2026-09-19T19:07:36.652202Z					8G	0			true		acacia-syntcomp26-coverage-172977-f4a3c78b2dff.scope
S-cap120-epoch2	test2_f2774e0b.ltl	test2_f2774e0b.tlsf	120	REALIZABLE	0.03254567799740471	0	false		status	11	30	58	50384cf69a733199fa17c9c571da1761d8451991	f80ff3f62daaa6e22a6753a3f30a127baab424d0320949bc9957a6ff62ea5ebe	otf_sparse_formula	2026-09-19T19:07:36.706668Z		0.030000	19927040		8G	0			true		acacia-syntcomp26-coverage-172977-d95ee01be552.scope
S-cap120-epoch2	test7_2c5b09da.ltl	test7_2c5b09da.tlsf	120	REALIZABLE	0.040364571003010496	0	false		status	11	30	59	50384cf69a733199fa17c9c571da1761d8451991	f80ff3f62daaa6e22a6753a3f30a127baab424d0320949bc9957a6ff62ea5ebe	otf_sparse_formula	2026-09-19T19:07:36.770023Z		0.050000	19787776		8G	0			true		acacia-syntcomp26-coverage-172977-1d170c455681.scope
S-cap120-epoch2	test9_dd3a27e1.ltl	test9_dd3a27e1.tlsf	120	UNREALIZABLE	0.03905993601074442	1	false		status	13	30	60	50384cf69a733199fa17c9c571da1761d8451991	f80ff3f62daaa6e22a6753a3f30a127baab424d0320949bc9957a6ff62ea5ebe	otf_sparse_formula	2026-09-19T19:07:36.834971Z		0.050000	19185664		8G	0			true		acacia-syntcomp26-coverage-172977-2e92afcdfe57.scope
S-cap120-epoch2	workstation_resupply_pb_4_pe_.ltl	workstation_resupply_pb_4_pe_.tlsf	120	TIMEOUT	120.37711284500256	124	true	timeout	none	0	8	61	50384cf69a733199fa17c9c571da1761d8451991	f80ff3f62daaa6e22a6753a3f30a127baab424d0320949bc9957a6ff62ea5ebe	otf_sparse_formula	2026-09-19T19:09:37.233573Z					8G	0			true		acacia-syntcomp26-coverage-172977-528a04f9f588.scope
S-cap120-epoch2	09.ltl	09.tlsf	120	REALIZABLE	8.377740807991358	0	false		none	11	32	0	50384cf69a733199fa17c9c571da1761d8451991	f80ff3f62daaa6e22a6753a3f30a127baab424d0320949bc9957a6ff62ea5ebe	otf_sparse_formula	2026-09-19T19:09:45.751335Z		27.840000	470319104		8G	0			true		acacia-syntcomp26-coverage-179956-b32678a4cf58.scope
S-cap120-epoch2	Alarm_a5f99bc6.ltl	Alarm_a5f99bc6.tlsf	120	REALIZABLE	20.00373999000294	0	false		status	11	33	1	50384cf69a733199fa17c9c571da1761d8451991	f80ff3f62daaa6e22a6753a3f30a127baab424d0320949bc9957a6ff62ea5ebe	otf_sparse_formula	2026-09-19T19:10:05.781667Z		75.210000	1424916480		8G	0			true		acacia-syntcomp26-coverage-179956-f384fb56430a.scope
S-cap120-epoch2	AllLights_aeb1d897.ltl	AllLights_aeb1d897.tlsf	120	UNREALIZABLE	2.4954180319909938	1	false		status	13	30	2	50384cf69a733199fa17c9c571da1761d8451991	f80ff3f62daaa6e22a6753a3f30a127baab424d0320949bc9957a6ff62ea5ebe	otf_sparse_formula	2026-09-19T19:10:08.290635Z		9.870000	70713344		8G	0			true		acacia-syntcomp26-coverage-179956-e456e4a75e23.scope
S-cap120-epoch2	Assumptions_a50cadd7.ltl	Assumptions_a50cadd7.tlsf	120	UNREALIZABLE	0.022832073998870328	1	false		status	13	30	3	50384cf69a733199fa17c9c571da1761d8451991	f80ff3f62daaa6e22a6753a3f30a127baab424d0320949bc9957a6ff62ea5ebe	otf_sparse_formula	2026-09-19T19:10:08.335303Z		0.020000	19345408		8G	0			true		acacia-syntcomp26-coverage-179956-5aac4c73dfc6.scope
S-cap120-epoch2	CheckLight_007df645.ltl	CheckLight_007df645.tlsf	120	UNREALIZABLE	0.03818119000061415	1	false		status	13	30	4	50384cf69a733199fa17c9c571da1761d8451991	f80ff3f62daaa6e22a6753a3f30a127baab424d0320949bc9957a6ff62ea5ebe	otf_sparse_formula	2026-09-19T19:10:08.399403Z		0.050000	18358272		8G	0			true		acacia-syntcomp26-coverage-179956-20e285d6c049.scope
S-cap120-epoch2	Cockpitboard_efe2feaf.ltl	Cockpitboard_efe2feaf.tlsf	120	REALIZABLE	0.04003161599393934	0	false		status	11	30	5	50384cf69a733199fa17c9c571da1761d8451991	f80ff3f62daaa6e22a6753a3f30a127baab424d0320949bc9957a6ff62ea5ebe	otf_sparse_formula	2026-09-19T19:10:08.477185Z		0.030000	15925248		8G	0			true		acacia-syntcomp26-coverage-179956-efda0c08b5f1.scope
S-cap120-epoch2	Coffee_2c5b09da.ltl	Coffee_2c5b09da.tlsf	120	REALIZABLE	0.04116378500475548	0	false		status	11	30	6	50384cf69a733199fa17c9c571da1761d8451991	f80ff3f62daaa6e22a6753a3f30a127baab424d0320949bc9957a6ff62ea5ebe	otf_sparse_formula	2026-09-19T19:10:08.541995Z		0.040000	19628032		8G	0			true		acacia-syntcomp26-coverage-179956-9060cfac7e7a.scope
S-cap120-epoch2	EscalatorBidirectional.ltl	EscalatorBidirectional.tlsf	120	REALIZABLE	0.04020828800275922	0	false		status	11	30	7	50384cf69a733199fa17c9c571da1761d8451991	f80ff3f62daaa6e22a6753a3f30a127baab424d0320949bc9957a6ff62ea5ebe	otf_sparse_formula	2026-09-19T19:10:08.609442Z		0.050000	20238336		8G	0			true		acacia-syntcomp26-coverage-179956-6c19daee6e43.scope
S-cap120-epoch2	F-G-contradiction-14.ltl	F-G-contradiction-14.tlsf	120	UNREALIZABLE	0.299577625002712	1	false		none	13	30	8	50384cf69a733199fa17c9c571da1761d8451991	f80ff3f62daaa6e22a6753a3f30a127baab424d0320949bc9957a6ff62ea5ebe	otf_sparse_formula	2026-09-19T19:10:08.922539Z		1.080000	52559872		8G	0			true		acacia-syntcomp26-coverage-179956-d8cb5e858496.scope
S-cap120-epoch2	F-G-contradiction-17.ltl	F-G-contradiction-17.tlsf	120	UNREALIZABLE	10.780293328003609	1	false		none	13	32	9	50384cf69a733199fa17c9c571da1761d8451991	f80ff3f62daaa6e22a6753a3f30a127baab424d0320949bc9957a6ff62ea5ebe	otf_sparse_formula	2026-09-19T19:10:19.716339Z		42.660000	870543360		8G	0			true		acacia-syntcomp26-coverage-179956-4b3c0d3c1fd2.scope
S-cap120-epoch2	FelixSpecFixed2_fa4d4ce3.ltl	FelixSpecFixed2_fa4d4ce3.tlsf	120	TIMEOUT	120.22082116099773	124	true	timeout	status	0	8	10	50384cf69a733199fa17c9c571da1761d8451991	f80ff3f62daaa6e22a6753a3f30a127baab424d0320949bc9957a6ff62ea5ebe	otf_sparse_formula	2026-09-19T19:12:19.958167Z					8G	0			true		acacia-syntcomp26-coverage-179956-b4f37f75e14a.scope
S-cap120-epoch2	GF-G-contradiction0.ltl	GF-G-contradiction0.tlsf	120	UNREALIZABLE	0.04533818899653852	1	false		none	13	30	11	50384cf69a733199fa17c9c571da1761d8451991	f80ff3f62daaa6e22a6753a3f30a127baab424d0320949bc9957a6ff62ea5ebe	otf_sparse_formula	2026-09-19T19:12:20.016795Z		0.070000	20971520		8G	0			true		acacia-syntcomp26-coverage-179956-82982a1e0591.scope
S-cap120-epoch2	Heating_b02056d6.ltl	Heating_b02056d6.tlsf	120	REALIZABLE	0.021856381004909053	0	false		status	11	30	12	50384cf69a733199fa17c9c571da1761d8451991	f80ff3f62daaa6e22a6753a3f30a127baab424d0320949bc9957a6ff62ea5ebe	otf_sparse_formula	2026-09-19T19:12:20.052478Z		0.010000	18718720		8G	0			true		acacia-syntcomp26-coverage-179956-e926197dbe17.scope
S-cap120-epoch2	Lights2_9cac58d3.ltl	Lights2_9cac58d3.tlsf	120	REALIZABLE	0.1937218090024544	0	false		status	11	30	13	50384cf69a733199fa17c9c571da1761d8451991	f80ff3f62daaa6e22a6753a3f30a127baab424d0320949bc9957a6ff62ea5ebe	otf_sparse_formula	2026-09-19T19:12:20.259842Z		0.700000	31404032		8G	0			true		acacia-syntcomp26-coverage-179956-9af3aaa693b1.scope
S-cap120-epoch2	Morning2s_d6c5ac79.ltl	Morning2s_d6c5ac79.tlsf	120	TIMEOUT	120.27559826600191	124	true	timeout	none	0	8	14	50384cf69a733199fa17c9c571da1761d8451991	f80ff3f62daaa6e22a6753a3f30a127baab424d0320949bc9957a6ff62ea5ebe	otf_sparse_formula	2026-09-19T19:14:20.574159Z					8G	0			true		acacia-syntcomp26-coverage-179956-f9f99d0a6e3b.scope
S-cap120-epoch2	OneCounter.ltl	OneCounter.tlsf	120	REALIZABLE	3.1742668060032884	0	false		status	11	33	15	50384cf69a733199fa17c9c571da1761d8451991	f80ff3f62daaa6e22a6753a3f30a127baab424d0320949bc9957a6ff62ea5ebe	otf_sparse_formula	2026-09-19T19:14:23.762747Z		12.370000	1094115328		8G	0			true		acacia-syntcomp26-coverage-179956-d84faa57fa99.scope
S-cap120-epoch2	SPIReadSdi.ltl	SPIReadSdi.tlsf	120	REALIZABLE	0.018598392998683266	0	false		status	11	30	16	50384cf69a733199fa17c9c571da1761d8451991	f80ff3f62daaa6e22a6753a3f30a127baab424d0320949bc9957a6ff62ea5ebe	otf_sparse_formula	2026-09-19T19:14:23.794285Z		0.010000	19939328		8G	0			true		acacia-syntcomp26-coverage-179956-0b85c0af03c0.scope
S-cap120-epoch2	TwoCountersRefined.ltl	TwoCountersRefined.tlsf	120	UNREALIZABLE	0.022110197009169497	1	false		status	13	30	17	50384cf69a733199fa17c9c571da1761d8451991	f80ff3f62daaa6e22a6753a3f30a127baab424d0320949bc9957a6ff62ea5ebe	otf_sparse_formula	2026-09-19T19:14:23.828416Z		0.030000	20529152		8G	0			true		acacia-syntcomp26-coverage-179956-2eeca496c81b.scope
S-cap120-epoch2	WindowMin_a5f99bc6.ltl	WindowMin_a5f99bc6.tlsf	120	REALIZABLE	0.017592347008758225	0	false		status	11	30	18	50384cf69a733199fa17c9c571da1761d8451991	f80ff3f62daaa6e22a6753a3f30a127baab424d0320949bc9957a6ff62ea5ebe	otf_sparse_formula	2026-09-19T19:14:23.858680Z		0.010000	18845696	45002752	8G	0			true		acacia-syntcomp26-coverage-179956-92c89370221b.scope
S-cap120-epoch2	amba_case_study_pb_4_pe_.ltl	amba_case_study_pb_4_pe_.tlsf	120	MEMOUT	118.80181937399902	-15	false	memory	none	0	8	19	50384cf69a733199fa17c9c571da1761d8451991	f80ff3f62daaa6e22a6753a3f30a127baab424d0320949bc9957a6ff62ea5ebe	otf_sparse_formula	2026-09-19T19:16:22.678887Z				8589934592	8G	0			true		acacia-syntcomp26-coverage-179956-f3680f3b86b1.scope
S-cap120-epoch2	amba_decomposed_encode_pb_3_pe_.ltl	amba_decomposed_encode_pb_3_pe_.tlsf	120	REALIZABLE	0.036427371989702806	0	false		status	11	30	20	50384cf69a733199fa17c9c571da1761d8451991	f80ff3f62daaa6e22a6753a3f30a127baab424d0320949bc9957a6ff62ea5ebe	otf_sparse_formula	2026-09-19T19:16:22.739737Z		0.060000	20135936		8G	0			true		acacia-syntcomp26-coverage-179956-2a8d0e4e3e5b.scope
S-cap120-epoch2	amba_gr+_pb_3_pe_.ltl	amba_gr+_pb_3_pe_.tlsf	120	TIMEOUT	120.1272289740009	124	true	timeout	none	0	8	21	50384cf69a733199fa17c9c571da1761d8451991	f80ff3f62daaa6e22a6753a3f30a127baab424d0320949bc9957a6ff62ea5ebe	otf_sparse_formula	2026-09-19T19:18:22.891235Z					8G	0			true		acacia-syntcomp26-coverage-179956-d418e0027a46.scope
S-cap120-epoch2	arbiter_pb_10_pe_.ltl	arbiter_pb_10_pe_.tlsf	120	TIMEOUT	120.22892961799516	124	true	timeout	none	0	8	22	50384cf69a733199fa17c9c571da1761d8451991	f80ff3f62daaa6e22a6753a3f30a127baab424d0320949bc9957a6ff62ea5ebe	otf_sparse_formula	2026-09-19T19:20:23.162815Z					8G	0			true		acacia-syntcomp26-coverage-179956-db22f0750be7.scope
S-cap120-epoch2	chain-simple-20-real.ltl	chain-simple-20-real.tlsf	120	REALIZABLE	0.25758238400158007	0	false		none	11	30	23	50384cf69a733199fa17c9c571da1761d8451991	f80ff3f62daaa6e22a6753a3f30a127baab424d0320949bc9957a6ff62ea5ebe	otf_sparse_formula	2026-09-19T19:20:23.435585Z		0.900000	45125632		8G	0			true		acacia-syntcomp26-coverage-179956-b08ee331fedc.scope
S-cap120-epoch2	chomp_pb_4_5_pe_.ltl	chomp_pb_4_5_pe_.tlsf	120	TIMEOUT	120.2218777800008	124	true	timeout	status	0	8	24	50384cf69a733199fa17c9c571da1761d8451991	f80ff3f62daaa6e22a6753a3f30a127baab424d0320949bc9957a6ff62ea5ebe	otf_sparse_formula	2026-09-19T19:22:23.697606Z					8G	0			true		acacia-syntcomp26-coverage-179956-cc36b371e5c2.scope
S-cap120-epoch2	collector_v2_pb_10_pe_.ltl	collector_v2_pb_10_pe_.tlsf	120	REALIZABLE	0.17071032199601177	0	false		none	11	30	25	50384cf69a733199fa17c9c571da1761d8451991	f80ff3f62daaa6e22a6753a3f30a127baab424d0320949bc9957a6ff62ea5ebe	otf_sparse_formula	2026-09-19T19:22:23.882933Z		0.580000	56156160		8G	0			true		acacia-syntcomp26-coverage-179956-0c9669099101.scope
S-cap120-epoch2	example7a_pb_1_pe_.ltl	example7a_pb_1_pe_.tlsf	120	REALIZABLE	0.01899585699720774	0	false		none	11	30	26	50384cf69a733199fa17c9c571da1761d8451991	f80ff3f62daaa6e22a6753a3f30a127baab424d0320949bc9957a6ff62ea5ebe	otf_sparse_formula	2026-09-19T19:22:23.924486Z		0.010000	17563648		8G	0			true		acacia-syntcomp26-coverage-179956-7eaabe227fca.scope
S-cap120-epoch2	finding_nemo_pb_3_pe_.ltl	finding_nemo_pb_3_pe_.tlsf	120	TIMEOUT	120.15723469400837	124	true	timeout	none	0	8	27	50384cf69a733199fa17c9c571da1761d8451991	f80ff3f62daaa6e22a6753a3f30a127baab424d0320949bc9957a6ff62ea5ebe	otf_sparse_formula	2026-09-19T19:24:24.121055Z					8G	0			true		acacia-syntcomp26-coverage-179956-3c9eb4e86ad9.scope
S-cap120-epoch2	g-unreal-38.ltl	g-unreal-38.tlsf	120	UNREALIZABLE	9.51266311899235	1	false		none	13	32	28	50384cf69a733199fa17c9c571da1761d8451991	f80ff3f62daaa6e22a6753a3f30a127baab424d0320949bc9957a6ff62ea5ebe	otf_sparse_formula	2026-09-19T19:24:33.648400Z		37.590000	979132416		8G	0			true		acacia-syntcomp26-coverage-179956-360b5c4ac52b.scope
S-cap120-epoch2	gf-unreal19.ltl	gf-unreal19.tlsf	120	UNREALIZABLE	0.02528611500747502	1	false		none	13	30	29	50384cf69a733199fa17c9c571da1761d8451991	f80ff3f62daaa6e22a6753a3f30a127baab424d0320949bc9957a6ff62ea5ebe	otf_sparse_formula	2026-09-19T19:24:33.694399Z		0.040000	18604032		8G	0			true		acacia-syntcomp26-coverage-179956-ac3212943601.scope
S-cap120-epoch2	lilydemo12.ltl	lilydemo12.tlsf	120	REALIZABLE	0.0307317749975482	0	false		status	11	30	30	50384cf69a733199fa17c9c571da1761d8451991	f80ff3f62daaa6e22a6753a3f30a127baab424d0320949bc9957a6ff62ea5ebe	otf_sparse_formula	2026-09-19T19:24:33.753486Z		0.040000	15327232		8G	0			true		acacia-syntcomp26-coverage-179956-6a30fae7665c.scope
S-cap120-epoch2	load_balancer_unreal1_pb_2_1_pe_.ltl	load_balancer_unreal1_pb_2_1_pe_.tlsf	120	UNREALIZABLE	0.04577238800993655	1	false		status	13	30	31	50384cf69a733199fa17c9c571da1761d8451991	f80ff3f62daaa6e22a6753a3f30a127baab424d0320949bc9957a6ff62ea5ebe	otf_sparse_formula	2026-09-19T19:24:33.826469Z		0.060000	19128320		8G	0			true		acacia-syntcomp26-coverage-179956-65b21840b289.scope
S-cap120-epoch2	load_balancer_unreal1_pb_3_11_pe_.ltl	load_balancer_unreal1_pb_3_11_pe_.tlsf	120	UNREALIZABLE	0.3066873619973194	1	false		status	13	30	32	50384cf69a733199fa17c9c571da1761d8451991	f80ff3f62daaa6e22a6753a3f30a127baab424d0320949bc9957a6ff62ea5ebe	otf_sparse_formula	2026-09-19T19:24:34.146579Z		0.890000	38289408		8G	0			true		acacia-syntcomp26-coverage-179956-cfba65cf154d.scope
S-cap120-epoch2	ltl2dba_alpha_pb_100_pe_.ltl	ltl2dba_alpha_pb_100_pe_.tlsf	120	REALIZABLE	0.02760671600117348	0	false		none	11	30	33	50384cf69a733199fa17c9c571da1761d8451991	f80ff3f62daaa6e22a6753a3f30a127baab424d0320949bc9957a6ff62ea5ebe	otf_sparse_formula	2026-09-19T19:24:34.198938Z		0.020000	15728640		8G	0			true		acacia-syntcomp26-coverage-179956-7e23d7ad6d53.scope
S-cap120-epoch2	patrolling-alarm11.ltl	patrolling-alarm11.tlsf	120	UNREALIZABLE	0.17432650900445879	1	false		none	13	30	34	50384cf69a733199fa17c9c571da1761d8451991	f80ff3f62daaa6e22a6753a3f30a127baab424d0320949bc9957a6ff62ea5ebe	otf_sparse_formula	2026-09-19T19:24:34.387028Z		0.590000	34050048		8G	0			true		acacia-syntcomp26-coverage-179956-b504c59ec3dc.scope
S-cap120-epoch2	patrolling-alarm23.ltl	patrolling-alarm23.tlsf	120	UNREALIZABLE	0.6781995829951484	1	false		none	13	31	35	50384cf69a733199fa17c9c571da1761d8451991	f80ff3f62daaa6e22a6753a3f30a127baab424d0320949bc9957a6ff62ea5ebe	otf_sparse_formula	2026-09-19T19:24:35.080507Z		2.610000	119316480		8G	0			true		acacia-syntcomp26-coverage-179956-4f6db1bf50c8.scope
S-cap120-epoch2	patrolling-alarm3.ltl	patrolling-alarm3.tlsf	120	UNREALIZABLE	0.04366863300674595	1	false		none	13	30	36	50384cf69a733199fa17c9c571da1761d8451991	f80ff3f62daaa6e22a6753a3f30a127baab424d0320949bc9957a6ff62ea5ebe	otf_sparse_formula	2026-09-19T19:24:35.143305Z		0.110000	21725184		8G	0			true		acacia-syntcomp26-coverage-179956-66f18c9011cd.scope
S-cap120-epoch2	patrolling21.ltl	patrolling21.tlsf	120	UNREALIZABLE	0.6216077269928064	1	false		none	13	31	37	50384cf69a733199fa17c9c571da1761d8451991	f80ff3f62daaa6e22a6753a3f30a127baab424d0320949bc9957a6ff62ea5ebe	otf_sparse_formula	2026-09-19T19:24:35.778626Z		2.350000	109608960		8G	0			true		acacia-syntcomp26-coverage-179956-db28d9239d0a.scope
S-cap120-epoch2	patrolling7.ltl	patrolling7.tlsf	120	UNREALIZABLE	0.0752460079966113	1	false		none	13	30	38	50384cf69a733199fa17c9c571da1761d8451991	f80ff3f62daaa6e22a6753a3f30a127baab424d0320949bc9957a6ff62ea5ebe	otf_sparse_formula	2026-09-19T19:24:35.869541Z		0.240000	22777856		8G	0			true		acacia-syntcomp26-coverage-179956-ef22eac39f22.scope
S-cap120-epoch2	prioritized_arbiter_unreal1_pb_2_7_pe_.ltl	prioritized_arbiter_unreal1_pb_2_7_pe_.tlsf	120	UNREALIZABLE	0.02524627400271129	1	false		status	13	30	39	50384cf69a733199fa17c9c571da1761d8451991	f80ff3f62daaa6e22a6753a3f30a127baab424d0320949bc9957a6ff62ea5ebe	otf_sparse_formula	2026-09-19T19:24:35.907745Z		0.010000	18567168	43950080	8G	0			true		acacia-syntcomp26-coverage-179956-0682ed94fc17.scope
S-cap120-epoch2	prioritized_arbiter_unreal2_pb_3_pe_.ltl	prioritized_arbiter_unreal2_pb_3_pe_.tlsf	120	UNREALIZABLE	0.023169370004325174	1	false		status	13	30	40	50384cf69a733199fa17c9c571da1761d8451991	f80ff3f62daaa6e22a6753a3f30a127baab424d0320949bc9957a6ff62ea5ebe	otf_sparse_formula	2026-09-19T19:24:35.944075Z		0.010000	18386944	43937792	8G	0			true		acacia-syntcomp26-coverage-179956-1930191087de.scope
S-cap120-epoch2	prioritized_arbiter_unreal2_pb_6_pe_.ltl	prioritized_arbiter_unreal2_pb_6_pe_.tlsf	120	UNREALIZABLE	0.02062550699338317	1	false		status	13	30	41	50384cf69a733199fa17c9c571da1761d8451991	f80ff3f62daaa6e22a6753a3f30a127baab424d0320949bc9957a6ff62ea5ebe	otf_sparse_formula	2026-09-19T19:24:35.977056Z		0.010000	18882560		8G	0			true		acacia-syntcomp26-coverage-179956-e12ce895f9a7.scope
S-cap120-epoch2	robot-resource-2d12.ltl	robot-resource-2d12.tlsf	120	UNREALIZABLE	1.9543733640020946	1	false		none	13	30	42	50384cf69a733199fa17c9c571da1761d8451991	f80ff3f62daaa6e22a6753a3f30a127baab424d0320949bc9957a6ff62ea5ebe	otf_sparse_formula	2026-09-19T19:24:37.950016Z		7.710000	44240896		8G	0			true		acacia-syntcomp26-coverage-179956-a966779c2053.scope
S-cap120-epoch2	robot-resource-2d15.ltl	robot-resource-2d15.tlsf	120	UNREALIZABLE	2.537997057006578	1	false		none	13	30	43	50384cf69a733199fa17c9c571da1761d8451991	f80ff3f62daaa6e22a6753a3f30a127baab424d0320949bc9957a6ff62ea5ebe	otf_sparse_formula	2026-09-19T19:24:40.502286Z		10.020000	44703744		8G	0			true		acacia-syntcomp26-coverage-179956-1ee8c249dd09.scope
S-cap120-epoch2	robot-resource-2d23.ltl	robot-resource-2d23.tlsf	120	UNREALIZABLE	9.938138874000288	1	false		none	13	31	44	50384cf69a733199fa17c9c571da1761d8451991	f80ff3f62daaa6e22a6753a3f30a127baab424d0320949bc9957a6ff62ea5ebe	otf_sparse_formula	2026-09-19T19:24:50.454198Z		39.490000	90841088		8G	0			true		acacia-syntcomp26-coverage-179956-73ce0cb47bc8.scope
S-cap120-epoch2	robot_collect_samples_v3-real.ltl	robot_collect_samples_v3-real.tlsf	120	TIMEOUT	120.19519845600007	124	true	timeout	none	0	8	45	50384cf69a733199fa17c9c571da1761d8451991	f80ff3f62daaa6e22a6753a3f30a127baab424d0320949bc9957a6ff62ea5ebe	otf_sparse_formula	2026-09-19T19:26:50.690500Z					8G	0			true		acacia-syntcomp26-coverage-179956-696087f738cd.scope
S-cap120-epoch2	robot_grid_pb_4_4_pe_.ltl	robot_grid_pb_4_4_pe_.tlsf	120	REALIZABLE	1.6654977459984366	0	false		status	11	31	46	50384cf69a733199fa17c9c571da1761d8451991	f80ff3f62daaa6e22a6753a3f30a127baab424d0320949bc9957a6ff62ea5ebe	otf_sparse_formula	2026-09-19T19:26:52.369816Z		6.480000	220319744		8G	0			true		acacia-syntcomp26-coverage-179956-f465d543d1c5.scope
S-cap120-epoch2	robot_grid_pb_6_1_pe_.ltl	robot_grid_pb_6_1_pe_.tlsf	120	REALIZABLE	0.09196896800131071	0	false		status	11	30	47	50384cf69a733199fa17c9c571da1761d8451991	f80ff3f62daaa6e22a6753a3f30a127baab424d0320949bc9957a6ff62ea5ebe	otf_sparse_formula	2026-09-19T19:26:52.477497Z		0.300000	24858624		8G	0			true		acacia-syntcomp26-coverage-179956-46b6261953f2.scope
S-cap120-epoch2	robot_repair0.ltl	robot_repair0.tlsf	120	UNREALIZABLE	105.10916446600459	1	false		none	13	34	48	50384cf69a733199fa17c9c571da1761d8451991	f80ff3f62daaa6e22a6753a3f30a127baab424d0320949bc9957a6ff62ea5ebe	otf_sparse_formula	2026-09-19T19:28:37.600200Z		417.770000	1483341824		8G	0			true		acacia-syntcomp26-coverage-179956-49cf9e495696.scope
S-cap120-epoch2	round_robin_arbiter_unreal1_pb_3_12_pe_.ltl	round_robin_arbiter_unreal1_pb_3_12_pe_.tlsf	120	MEMOUT	52.01411812299921	-15	false	memory	status	0	8	49	50384cf69a733199fa17c9c571da1761d8451991	f80ff3f62daaa6e22a6753a3f30a127baab424d0320949bc9957a6ff62ea5ebe	otf_sparse_formula	2026-09-19T19:29:29.633073Z				8589934592	8G	0			true		acacia-syntcomp26-coverage-179956-7d5f7e5ac995.scope
S-cap120-epoch2	round_robin_arbiter_unreal1_pb_3_14_pe_.ltl	round_robin_arbiter_unreal1_pb_3_14_pe_.tlsf	120	MEMOUT	45.476151766997646	-15	false	memory	status	0	8	50	50384cf69a733199fa17c9c571da1761d8451991	f80ff3f62daaa6e22a6753a3f30a127baab424d0320949bc9957a6ff62ea5ebe	otf_sparse_formula	2026-09-19T19:30:15.128436Z				8589934592	8G	0			true		acacia-syntcomp26-coverage-179956-d401b156769b.scope
S-cap120-epoch2	scheduler-real.ltl	scheduler-real.tlsf	120	MEMOUT	100.90284527900803	-15	false	memory	none	0	8	51	50384cf69a733199fa17c9c571da1761d8451991	f80ff3f62daaa6e22a6753a3f30a127baab424d0320949bc9957a6ff62ea5ebe	otf_sparse_formula	2026-09-19T19:31:56.052098Z				8589934592	8G	0			true		acacia-syntcomp26-coverage-179956-58d18b64c44d.scope
S-cap120-epoch2	shift_pb_32_pe_.ltl	shift_pb_32_pe_.tlsf	120	REALIZABLE	0.024653272004798055	0	false		status	11	30	52	50384cf69a733199fa17c9c571da1761d8451991	f80ff3f62daaa6e22a6753a3f30a127baab424d0320949bc9957a6ff62ea5ebe	otf_sparse_formula	2026-09-19T19:31:56.111479Z		0.030000	15822848		8G	0			true		acacia-syntcomp26-coverage-179956-aacdf78a10b5.scope
S-cap120-epoch2	simple_arbiter_enc_pb_13_pe_.ltl	simple_arbiter_enc_pb_13_pe_.tlsf	120	TIMEOUT	120.16844381199917	124	true	timeout	none	0	8	53	50384cf69a733199fa17c9c571da1761d8451991	f80ff3f62daaa6e22a6753a3f30a127baab424d0320949bc9957a6ff62ea5ebe	otf_sparse_formula	2026-09-19T19:33:56.292025Z					8G	0			true		acacia-syntcomp26-coverage-179956-0941e0ec3a6d.scope
S-cap120-epoch2	simple_arbiter_unreal1_pb_2_4_pe_.ltl	simple_arbiter_unreal1_pb_2_4_pe_.tlsf	120	UNREALIZABLE	0.03517676499905065	1	false		status	13	30	54	50384cf69a733199fa17c9c571da1761d8451991	f80ff3f62daaa6e22a6753a3f30a127baab424d0320949bc9957a6ff62ea5ebe	otf_sparse_formula	2026-09-19T19:33:56.349904Z		0.030000	15380480		8G	0			true		acacia-syntcomp26-coverage-179956-8e19b7ff02c1.scope
S-cap120-epoch2	simple_arbiter_unreal1_pb_5_10_pe_.ltl	simple_arbiter_unreal1_pb_5_10_pe_.tlsf	120	UNREALIZABLE	0.032494521990884095	1	false		status	13	30	55	50384cf69a733199fa17c9c571da1761d8451991	f80ff3f62daaa6e22a6753a3f30a127baab424d0320949bc9957a6ff62ea5ebe	otf_sparse_formula	2026-09-19T19:33:56.421800Z		0.030000	15446016		8G	0			true		acacia-syntcomp26-coverage-179956-4b0506c1034a.scope
S-cap120-epoch2	sort40.ltl	sort40.tlsf	120	UNREALIZABLE	0.22267816100793425	1	false		none	13	30	56	50384cf69a733199fa17c9c571da1761d8451991	f80ff3f62daaa6e22a6753a3f30a127baab424d0320949bc9957a6ff62ea5ebe	otf_sparse_formula	2026-09-19T19:33:56.659198Z		0.740000	34066432		8G	0			true		acacia-syntcomp26-coverage-179956-c279e3de6810.scope
S-cap120-epoch2	square5x53.ltl	square5x53.tlsf	120	UNREALIZABLE	5.178187260986306	1	false		none	13	32	57	50384cf69a733199fa17c9c571da1761d8451991	f80ff3f62daaa6e22a6753a3f30a127baab424d0320949bc9957a6ff62ea5ebe	otf_sparse_formula	2026-09-19T19:34:01.851024Z		20.510000	330588160		8G	0			true		acacia-syntcomp26-coverage-179956-ab3a7dc81f6f.scope
S-cap120-epoch2	test5_6cbc6174.ltl	test5_6cbc6174.tlsf	120	REALIZABLE	0.018050231010420248	0	false		status	11	30	58	50384cf69a733199fa17c9c571da1761d8451991	f80ff3f62daaa6e22a6753a3f30a127baab424d0320949bc9957a6ff62ea5ebe	otf_sparse_formula	2026-09-19T19:34:01.882542Z		0.020000	18776064		8G	0			true		acacia-syntcomp26-coverage-179956-f86159ed584f.scope
S-cap120-epoch2	Alarm_f2774e0b.ltl	Alarm_f2774e0b.tlsf	120	REALIZABLE	0.9387879900168628	0	false		status	11	31	0	50384cf69a733199fa17c9c571da1761d8451991	f80ff3f62daaa6e22a6753a3f30a127baab424d0320949bc9957a6ff62ea5ebe	otf_sparse_formula	2026-09-19T20:25:14.772765Z		3.670000	103907328		8G	0			true		acacia-syntcomp26-coverage-185916-ccafc00ccf4a.scope
S-cap120-epoch2	CheckTimer_54e1f7d2.ltl	CheckTimer_54e1f7d2.tlsf	120	UNREALIZABLE	0.022082108014728874	1	false		status	13	30	1	50384cf69a733199fa17c9c571da1761d8451991	f80ff3f62daaa6e22a6753a3f30a127baab424d0320949bc9957a6ff62ea5ebe	otf_sparse_formula	2026-09-19T20:25:14.825241Z		0.020000	19304448	48410624	8G	0			true		acacia-syntcomp26-coverage-185916-7447a2cc1294.scope
S-cap120-epoch2	CoffeMachine_a50cadd7.ltl	CoffeMachine_a50cadd7.tlsf	120	UNREALIZABLE	0.020480942010181025	1	false		status	13	30	2	50384cf69a733199fa17c9c571da1761d8451991	f80ff3f62daaa6e22a6753a3f30a127baab424d0320949bc9957a6ff62ea5ebe	otf_sparse_formula	2026-09-19T20:25:14.859161Z		0.010000	19214336	48386048	8G	0			true		acacia-syntcomp26-coverage-185916-81f299468157.scope
S-cap120-epoch2	Coffee_235467da.ltl	Coffee_235467da.tlsf	120	REALIZABLE	0.022552334994543344	0	false		status	11	30	3	50384cf69a733199fa17c9c571da1761d8451991	f80ff3f62daaa6e22a6753a3f30a127baab424d0320949bc9957a6ff62ea5ebe	otf_sparse_formula	2026-09-19T20:25:14.894730Z		0.030000	20561920		8G	0			true		acacia-syntcomp26-coverage-185916-56fc4ce724d4.scope
S-cap120-epoch2	Core_solved_974f4a68.ltl	Core_solved_974f4a68.tlsf	120	REALIZABLE	0.03081465300056152	0	false		status	11	30	4	50384cf69a733199fa17c9c571da1761d8451991	f80ff3f62daaa6e22a6753a3f30a127baab424d0320949bc9957a6ff62ea5ebe	otf_sparse_formula	2026-09-19T20:25:14.937907Z		0.040000	20840448		8G	0			true		acacia-syntcomp26-coverage-185916-212eab0bacd1.scope
S-cap120-epoch2	Demo1_d65ed84e.ltl	Demo1_d65ed84e.tlsf	120	TIMEOUT	120.22740941101802	124	true	timeout	none	0	8	5	50384cf69a733199fa17c9c571da1761d8451991	f80ff3f62daaa6e22a6753a3f30a127baab424d0320949bc9957a6ff62ea5ebe	otf_sparse_formula	2026-09-19T20:27:15.191593Z					8G	0			true		acacia-syntcomp26-coverage-185916-ecbfa8a636b5.scope
S-cap120-epoch2	GF-G-contradiction5.ltl	GF-G-contradiction5.tlsf	120	UNREALIZABLE	2.1522954550164286	1	false		none	13	31	6	50384cf69a733199fa17c9c571da1761d8451991	f80ff3f62daaa6e22a6753a3f30a127baab424d0320949bc9957a6ff62ea5ebe	otf_sparse_formula	2026-09-19T20:27:17.357871Z		8.430000	102404096		8G	0			true		acacia-syntcomp26-coverage-185916-b25f19d07f1a.scope
S-cap120-epoch2	KitchenTimerV1.ltl	KitchenTimerV1.tlsf	120	REALIZABLE	0.030490664998069406	0	false		status	11	30	7	50384cf69a733199fa17c9c571da1761d8451991	f80ff3f62daaa6e22a6753a3f30a127baab424d0320949bc9957a6ff62ea5ebe	otf_sparse_formula	2026-09-19T20:27:17.412458Z		0.030000	18358272		8G	0			true		acacia-syntcomp26-coverage-185916-5318eb0842ae.scope
S-cap120-epoch2	Room_a50cadd7.ltl	Room_a50cadd7.tlsf	120	UNREALIZABLE	0.033384884998667985	1	false		status	13	30	8	50384cf69a733199fa17c9c571da1761d8451991	f80ff3f62daaa6e22a6753a3f30a127baab424d0320949bc9957a6ff62ea5ebe	otf_sparse_formula	2026-09-19T20:27:17.483525Z		0.030000	17268736		8G	0			true		acacia-syntcomp26-coverage-185916-c81c251bf663.scope
S-cap120-epoch2	SliderDefault.ltl	SliderDefault.tlsf	120	REALIZABLE	0.037740847998065874	0	false		status	11	30	9	50384cf69a733199fa17c9c571da1761d8451991	f80ff3f62daaa6e22a6753a3f30a127baab424d0320949bc9957a6ff62ea5ebe	otf_sparse_formula	2026-09-19T20:27:17.548156Z		0.050000	19058688		8G	0			true		acacia-syntcomp26-coverage-185916-faef3ee1bcf1.scope
S-cap120-epoch2	TorcsGearing.ltl	TorcsGearing.tlsf	120	REALIZABLE	0.036150854983134195	0	false		status	11	30	10	50384cf69a733199fa17c9c571da1761d8451991	f80ff3f62daaa6e22a6753a3f30a127baab424d0320949bc9957a6ff62ea5ebe	otf_sparse_formula	2026-09-19T20:27:17.622276Z		0.040000	18059264		8G	0			true		acacia-syntcomp26-coverage-185916-c09cb54bd4ad.scope
S-cap120-epoch2	TwoCountersInRangeM3.ltl	TwoCountersInRangeM3.tlsf	120	UNREALIZABLE	0.04362856800435111	1	false		status	13	30	11	50384cf69a733199fa17c9c571da1761d8451991	f80ff3f62daaa6e22a6753a3f30a127baab424d0320949bc9957a6ff62ea5ebe	otf_sparse_formula	2026-09-19T20:27:17.680132Z		0.080000	20905984		8G	0			true		acacia-syntcomp26-coverage-185916-0e23b11e8f68.scope
S-cap120-epoch2	box1.ltl	box1.tlsf	120	UNREALIZABLE	0.04646144498838112	1	false		none	13	30	12	50384cf69a733199fa17c9c571da1761d8451991	f80ff3f62daaa6e22a6753a3f30a127baab424d0320949bc9957a6ff62ea5ebe	otf_sparse_formula	2026-09-19T20:27:17.740293Z		0.090000	20029440		8G	0			true		acacia-syntcomp26-coverage-185916-507a0e001ac7.scope
S-cap120-epoch2	example10_pb_1_pe_.ltl	example10_pb_1_pe_.tlsf	120	REALIZABLE	0.03229377599200234	0	false		none	11	30	13	50384cf69a733199fa17c9c571da1761d8451991	f80ff3f62daaa6e22a6753a3f30a127baab424d0320949bc9957a6ff62ea5ebe	otf_sparse_formula	2026-09-19T20:27:17.800060Z		0.030000	17539072		8G	0			true		acacia-syntcomp26-coverage-185916-61439831efe3.scope
S-cap120-epoch2	example10a_pb_1_pe_.ltl	example10a_pb_1_pe_.tlsf	120	REALIZABLE	0.034818376996554434	0	false		none	11	30	14	50384cf69a733199fa17c9c571da1761d8451991	f80ff3f62daaa6e22a6753a3f30a127baab424d0320949bc9957a6ff62ea5ebe	otf_sparse_formula	2026-09-19T20:27:17.861288Z		0.040000	17920000		8G	0			true		acacia-syntcomp26-coverage-185916-b783d3d92f45.scope
S-cap120-epoch2	example8_pb_2_pe_.ltl	example8_pb_2_pe_.tlsf	120	REALIZABLE	0.031514681002590805	0	false		none	11	30	15	50384cf69a733199fa17c9c571da1761d8451991	f80ff3f62daaa6e22a6753a3f30a127baab424d0320949bc9957a6ff62ea5ebe	otf_sparse_formula	2026-09-19T20:27:17.932663Z		0.040000	17977344		8G	0			true		acacia-syntcomp26-coverage-185916-5a0c6d510b0f.scope
S-cap120-epoch2	full_arbiter_unreal1_pb_3_7_pe_.ltl	full_arbiter_unreal1_pb_3_7_pe_.tlsf	120	UNREALIZABLE	0.03565961797721684	1	false		status	13	30	16	50384cf69a733199fa17c9c571da1761d8451991	f80ff3f62daaa6e22a6753a3f30a127baab424d0320949bc9957a6ff62ea5ebe	otf_sparse_formula	2026-09-19T20:27:18.008571Z		0.040000	15429632		8G	0			true		acacia-syntcomp26-coverage-185916-32fb545c8801.scope
S-cap120-epoch2	g-unreal-12.ltl	g-unreal-12.tlsf	120	UNREALIZABLE	0.05211063602473587	1	false		none	13	30	17	50384cf69a733199fa17c9c571da1761d8451991	f80ff3f62daaa6e22a6753a3f30a127baab424d0320949bc9957a6ff62ea5ebe	otf_sparse_formula	2026-09-19T20:27:18.074047Z		0.100000	20537344		8G	0			true		acacia-syntcomp26-coverage-185916-319c9c42303b.scope
S-cap120-epoch2	g-unreal-16.ltl	g-unreal-16.tlsf	120	UNREALIZABLE	0.28738334501395	1	false		none	13	30	18	50384cf69a733199fa17c9c571da1761d8451991	f80ff3f62daaa6e22a6753a3f30a127baab424d0320949bc9957a6ff62ea5ebe	otf_sparse_formula	2026-09-19T20:27:18.376103Z		0.860000	46837760		8G	0			true		acacia-syntcomp26-coverage-185916-a8263c948e59.scope
S-cap120-epoch2	g-unreal-35.ltl	g-unreal-35.tlsf	120	UNREALIZABLE	1.015621947008185	1	false		none	13	31	19	50384cf69a733199fa17c9c571da1761d8451991	f80ff3f62daaa6e22a6753a3f30a127baab424d0320949bc9957a6ff62ea5ebe	otf_sparse_formula	2026-09-19T20:27:19.405299Z		3.950000	113950720		8G	0			true		acacia-syntcomp26-coverage-185916-50aa2bdc6a6d.scope
S-cap120-epoch2	gf-unreal20.ltl	gf-unreal20.tlsf	120	UNREALIZABLE	0.022026859980542213	1	false		none	13	30	20	50384cf69a733199fa17c9c571da1761d8451991	f80ff3f62daaa6e22a6753a3f30a127baab424d0320949bc9957a6ff62ea5ebe	otf_sparse_formula	2026-09-19T20:27:19.441149Z		0.040000	18649088		8G	0			true		acacia-syntcomp26-coverage-185916-7a11c07a57eb.scope
S-cap120-epoch2	gf-unreal37.ltl	gf-unreal37.tlsf	120	UNREALIZABLE	0.045901558973127976	1	false		none	13	30	21	50384cf69a733199fa17c9c571da1761d8451991	f80ff3f62daaa6e22a6753a3f30a127baab424d0320949bc9957a6ff62ea5ebe	otf_sparse_formula	2026-09-19T20:27:19.499132Z		0.080000	19795968		8G	0			true		acacia-syntcomp26-coverage-185916-49324ef02e23.scope
S-cap120-epoch2	infinite-race-u18.ltl	infinite-race-u18.tlsf	120	MEMOUT	50.40397148000193	-15	false	memory	none	0	8	22	50384cf69a733199fa17c9c571da1761d8451991	f80ff3f62daaa6e22a6753a3f30a127baab424d0320949bc9957a6ff62ea5ebe	otf_sparse_formula	2026-09-19T20:28:09.922599Z				8589934592	8G	0			true		acacia-syntcomp26-coverage-185916-caece6aa381b.scope
S-cap120-epoch2	infinite-race-u9.ltl	infinite-race-u9.tlsf	120	UNREALIZABLE	8.974507238977822	1	false		none	13	32	23	50384cf69a733199fa17c9c571da1761d8451991	f80ff3f62daaa6e22a6753a3f30a127baab424d0320949bc9957a6ff62ea5ebe	otf_sparse_formula	2026-09-19T20:28:18.909833Z		35.500000	836612096		8G	0			true		acacia-syntcomp26-coverage-185916-6df3aa54adb2.scope
S-cap120-epoch2	infinite-race-unequal-23.ltl	infinite-race-unequal-23.tlsf	120	UNREALIZABLE	0.12339426099788398	1	false		none	13	30	24	50384cf69a733199fa17c9c571da1761d8451991	f80ff3f62daaa6e22a6753a3f30a127baab424d0320949bc9957a6ff62ea5ebe	otf_sparse_formula	2026-09-19T20:28:19.046908Z		0.420000	24264704		8G	0			true		acacia-syntcomp26-coverage-185916-0406c34c9953.scope
S-cap120-epoch2	lift_gr1_pb_3_pe_.ltl	lift_gr1_pb_3_pe_.tlsf	120	REALIZABLE	0.22390601399820298	0	false		none	11	30	25	50384cf69a733199fa17c9c571da1761d8451991	f80ff3f62daaa6e22a6753a3f30a127baab424d0320949bc9957a6ff62ea5ebe	otf_sparse_formula	2026-09-19T20:28:19.285096Z		0.830000	33165312		8G	0			true		acacia-syntcomp26-coverage-185916-decbb8653053.scope
S-cap120-epoch2	lift_pb_5_pe_.ltl	lift_pb_5_pe_.tlsf	120	MEMOUT	56.55626387702068	-15	false	memory	none	0	8	26	50384cf69a733199fa17c9c571da1761d8451991	f80ff3f62daaa6e22a6753a3f30a127baab424d0320949bc9957a6ff62ea5ebe	otf_sparse_formula	2026-09-19T20:29:15.860201Z				8589934592	8G	0			true		acacia-syntcomp26-coverage-185916-ffc499a83557.scope
S-cap120-epoch2	lift_wrong_physics_unreal_pb_5_pe_.ltl	lift_wrong_physics_unreal_pb_5_pe_.tlsf	120	UNREALIZABLE	0.03986823602463119	1	false		none	13	30	27	50384cf69a733199fa17c9c571da1761d8451991	f80ff3f62daaa6e22a6753a3f30a127baab424d0320949bc9957a6ff62ea5ebe	otf_sparse_formula	2026-09-19T20:29:15.913313Z		0.070000	21012480		8G	0			true		acacia-syntcomp26-coverage-185916-85dc5c2d8729.scope
S-cap120-epoch2	load_balancer_unreal1_pb_3_5_pe_.ltl	load_balancer_unreal1_pb_3_5_pe_.tlsf	120	UNREALIZABLE	0.03822368200053461	1	false		status	13	30	28	50384cf69a733199fa17c9c571da1761d8451991	f80ff3f62daaa6e22a6753a3f30a127baab424d0320949bc9957a6ff62ea5ebe	otf_sparse_formula	2026-09-19T20:29:15.966063Z		0.070000	20299776		8G	0			true		acacia-syntcomp26-coverage-185916-dea6223a2a42.scope
S-cap120-epoch2	load_balancer_unreal1_pb_4_8_pe_.ltl	load_balancer_unreal1_pb_4_8_pe_.tlsf	120	UNREALIZABLE	96.37937320600031	1	false		status	13	34	29	50384cf69a733199fa17c9c571da1761d8451991	f80ff3f62daaa6e22a6753a3f30a127baab424d0320949bc9957a6ff62ea5ebe	otf_sparse_formula	2026-09-19T20:30:52.359937Z		287.760000	5947588608		8G	0			true		acacia-syntcomp26-coverage-185916-e003302adc7d.scope
S-cap120-epoch2	load_balancer_unreal2_pb_8_pe_.ltl	load_balancer_unreal2_pb_8_pe_.tlsf	120	TIMEOUT	120.21743471702212	124	true	timeout	none	0	8	30	50384cf69a733199fa17c9c571da1761d8451991	f80ff3f62daaa6e22a6753a3f30a127baab424d0320949bc9957a6ff62ea5ebe	otf_sparse_formula	2026-09-19T20:32:52.589874Z					8G	0			true		acacia-syntcomp26-coverage-185916-5e1e08793f70.scope
S-cap120-epoch2	ltl2dba27.ltl	ltl2dba27.tlsf	120	UNREALIZABLE	0.016330838989233598	1	false		status	13	30	31	50384cf69a733199fa17c9c571da1761d8451991	f80ff3f62daaa6e22a6753a3f30a127baab424d0320949bc9957a6ff62ea5ebe	otf_sparse_formula	2026-09-19T20:32:52.620206Z		0.010000	17801216	43728896	8G	0			true		acacia-syntcomp26-coverage-185916-21fea3fcd04b.scope
S-cap120-epoch2	ltl2dba_C2_pb_7_pe_.ltl	ltl2dba_C2_pb_7_pe_.tlsf	120	REALIZABLE	0.022537015000125393	0	false		status	11	30	32	50384cf69a733199fa17c9c571da1761d8451991	f80ff3f62daaa6e22a6753a3f30a127baab424d0320949bc9957a6ff62ea5ebe	otf_sparse_formula	2026-09-19T20:32:52.655081Z		0.010000	15474688	42139648	8G	0			true		acacia-syntcomp26-coverage-185916-0690ec37a629.scope
S-cap120-epoch2	ltl2dba_C2_unreal_pb_6_pe_.ltl	ltl2dba_C2_unreal_pb_6_pe_.tlsf	120	UNREALIZABLE	0.03016907800338231	1	false		status	13	30	33	50384cf69a733199fa17c9c571da1761d8451991	f80ff3f62daaa6e22a6753a3f30a127baab424d0320949bc9957a6ff62ea5ebe	otf_sparse_formula	2026-09-19T20:32:52.699107Z		0.030000	24268800		8G	0			true		acacia-syntcomp26-coverage-185916-a58ffe5285f5.scope
S-cap120-epoch2	ltl2dba_Q_pb_18_pe_.ltl	ltl2dba_Q_pb_18_pe_.tlsf	120	REALIZABLE	0.02511400799266994	0	false		none	11	30	34	50384cf69a733199fa17c9c571da1761d8451991	f80ff3f62daaa6e22a6753a3f30a127baab424d0320949bc9957a6ff62ea5ebe	otf_sparse_formula	2026-09-19T20:32:52.744564Z		0.020000	15331328		8G	0			true		acacia-syntcomp26-coverage-185916-ed0b90896732.scope
S-cap120-epoch2	ltl2dba_Q_pb_4_pe_.ltl	ltl2dba_Q_pb_4_pe_.tlsf	120	REALIZABLE	0.023716408002655953	0	false		status	11	30	35	50384cf69a733199fa17c9c571da1761d8451991	f80ff3f62daaa6e22a6753a3f30a127baab424d0320949bc9957a6ff62ea5ebe	otf_sparse_formula	2026-09-19T20:32:52.796597Z		0.020000	15290368		8G	0			true		acacia-syntcomp26-coverage-185916-b966bc48d448.scope
S-cap120-epoch2	ltl2dba_R_pb_5_pe_.ltl	ltl2dba_R_pb_5_pe_.tlsf	120	UNREALIZABLE	0.08776917000068352	1	false		status	13	30	36	50384cf69a733199fa17c9c571da1761d8451991	f80ff3f62daaa6e22a6753a3f30a127baab424d0320949bc9957a6ff62ea5ebe	otf_sparse_formula	2026-09-19T20:32:52.898225Z		0.270000	20656128		8G	0			true		acacia-syntcomp26-coverage-185916-c3ef25aebd3a.scope
S-cap120-epoch2	ltl2dba_alpha_pb_17_pe_.ltl	ltl2dba_alpha_pb_17_pe_.tlsf	120	REALIZABLE	0.01916832700953819	0	false		none	11	30	37	50384cf69a733199fa17c9c571da1761d8451991	f80ff3f62daaa6e22a6753a3f30a127baab424d0320949bc9957a6ff62ea5ebe	otf_sparse_formula	2026-09-19T20:32:52.939703Z		0.020000	15446016		8G	0			true		acacia-syntcomp26-coverage-185916-dd49c54183c1.scope
S-cap120-epoch2	ltl2dba_beta_pb_1_pe_.ltl	ltl2dba_beta_pb_1_pe_.tlsf	120	REALIZABLE	0.027187133993720636	0	false		status	11	30	38	50384cf69a733199fa17c9c571da1761d8451991	f80ff3f62daaa6e22a6753a3f30a127baab424d0320949bc9957a6ff62ea5ebe	otf_sparse_formula	2026-09-19T20:32:52.995331Z		0.030000	15319040		8G	0			true		acacia-syntcomp26-coverage-185916-8be0bab22203.scope
S-cap120-epoch2	ltl2dpa10.ltl	ltl2dpa10.tlsf	120	REALIZABLE	0.03791188300237991	0	false		status	11	30	39	50384cf69a733199fa17c9c571da1761d8451991	f80ff3f62daaa6e22a6753a3f30a127baab424d0320949bc9957a6ff62ea5ebe	otf_sparse_formula	2026-09-19T20:32:53.056470Z		0.070000	20152320		8G	0			true		acacia-syntcomp26-coverage-185916-1dd99a9793e3.scope
S-cap120-epoch2	narylatch_pb_10_pe_.ltl	narylatch_pb_10_pe_.tlsf	120	REALIZABLE	0.041506898996885866	0	false		status	11	30	40	50384cf69a733199fa17c9c571da1761d8451991	f80ff3f62daaa6e22a6753a3f30a127baab424d0320949bc9957a6ff62ea5ebe	otf_sparse_formula	2026-09-19T20:32:53.121456Z		0.060000	19570688		8G	0			true		acacia-syntcomp26-coverage-185916-63a6f20a1eca.scope
S-cap120-epoch2	patrolling-alarm2.ltl	patrolling-alarm2.tlsf	120	UNREALIZABLE	0.05824451899388805	1	false		none	13	30	41	50384cf69a733199fa17c9c571da1761d8451991	f80ff3f62daaa6e22a6753a3f30a127baab424d0320949bc9957a6ff62ea5ebe	otf_sparse_formula	2026-09-19T20:32:53.192859Z		0.120000	21368832		8G	0			true		acacia-syntcomp26-coverage-185916-fd7fa1ec0068.scope
S-cap120-epoch2	patrolling-alarm22.ltl	patrolling-alarm22.tlsf	120	UNREALIZABLE	0.6568871670169756	1	false		none	13	31	42	50384cf69a733199fa17c9c571da1761d8451991	f80ff3f62daaa6e22a6753a3f30a127baab424d0320949bc9957a6ff62ea5ebe	otf_sparse_formula	2026-09-19T20:32:53.864475Z		2.500000	112574464		8G	0			true		acacia-syntcomp26-coverage-185916-2b6162b43544.scope
S-cap120-epoch2	prioritized_arbiter_pb_10_pe_.ltl	prioritized_arbiter_pb_10_pe_.tlsf	120	TIMEOUT	120.21871400901	124	true	timeout	none	0	8	43	50384cf69a733199fa17c9c571da1761d8451991	f80ff3f62daaa6e22a6753a3f30a127baab424d0320949bc9957a6ff62ea5ebe	otf_sparse_formula	2026-09-19T20:34:54.095940Z					8G	0			true		acacia-syntcomp26-coverage-185916-61639f88223e.scope
S-cap120-epoch2	prioritized_arbiter_pb_8_pe_.ltl	prioritized_arbiter_pb_8_pe_.tlsf	120	TIMEOUT	120.11208369699307	124	true	timeout	status	0	8	44	50384cf69a733199fa17c9c571da1761d8451991	f80ff3f62daaa6e22a6753a3f30a127baab424d0320949bc9957a6ff62ea5ebe	otf_sparse_formula	2026-09-19T20:36:54.220753Z					8G	0			true		acacia-syntcomp26-coverage-185916-153c27b0da5c.scope
S-cap120-epoch2	prioritized_arbiter_unreal1_pb_2_3_pe_.ltl	prioritized_arbiter_unreal1_pb_2_3_pe_.tlsf	120	UNREALIZABLE	0.025029658019775525	1	false		status	13	30	45	50384cf69a733199fa17c9c571da1761d8451991	f80ff3f62daaa6e22a6753a3f30a127baab424d0320949bc9957a6ff62ea5ebe	otf_sparse_formula	2026-09-19T20:36:54.270064Z		0.030000	18235392		8G	0			true		acacia-syntcomp26-coverage-185916-608168df5b19.scope
S-cap120-epoch2	prioritized_arbiter_unreal1_pb_4_9_pe_.ltl	prioritized_arbiter_unreal1_pb_4_9_pe_.tlsf	120	UNREALIZABLE	0.038252930011367425	1	false		status	13	30	46	50384cf69a733199fa17c9c571da1761d8451991	f80ff3f62daaa6e22a6753a3f30a127baab424d0320949bc9957a6ff62ea5ebe	otf_sparse_formula	2026-09-19T20:36:54.335487Z		0.050000	18644992		8G	0			true		acacia-syntcomp26-coverage-185916-ca4c388c3281.scope
S-cap120-epoch2	robot-cat-real-2d-real.ltl	robot-cat-real-2d-real.tlsf	120	TIMEOUT	120.17220509401523	124	true	timeout	none	0	8	47	50384cf69a733199fa17c9c571da1761d8451991	f80ff3f62daaa6e22a6753a3f30a127baab424d0320949bc9957a6ff62ea5ebe	otf_sparse_formula	2026-09-19T20:38:54.546317Z					8G	0			true		acacia-syntcomp26-coverage-185916-9f5c92de0e01.scope
S-cap120-epoch2	robot-grid-commute-2d-real.ltl	robot-grid-commute-2d-real.tlsf	120	MEMOUT	89.8214535320003	-15	false	memory	none	0	8	48	50384cf69a733199fa17c9c571da1761d8451991	f80ff3f62daaa6e22a6753a3f30a127baab424d0320949bc9957a6ff62ea5ebe	otf_sparse_formula	2026-09-19T20:40:24.387045Z				8589934592	8G	0			true		acacia-syntcomp26-coverage-185916-94e44fae8e2e.scope
S-cap120-epoch2	robot-to-target-charging13.ltl	robot-to-target-charging13.tlsf	120	UNREALIZABLE	70.24922891100869	1	false		none	13	34	49	50384cf69a733199fa17c9c571da1761d8451991	f80ff3f62daaa6e22a6753a3f30a127baab424d0320949bc9957a6ff62ea5ebe	otf_sparse_formula	2026-09-19T20:41:34.649579Z		279.400000	1975537664		8G	0			true		acacia-syntcomp26-coverage-185916-d366aacec5b2.scope
S-cap120-epoch2	robot_collect_samples_v1-real.ltl	robot_collect_samples_v1-real.tlsf	120	TIMEOUT	120.2705791349872	124	true	timeout	none	0	8	50	50384cf69a733199fa17c9c571da1761d8451991	f80ff3f62daaa6e22a6753a3f30a127baab424d0320949bc9957a6ff62ea5ebe	otf_sparse_formula	2026-09-19T20:43:34.943318Z					8G	0			true		acacia-syntcomp26-coverage-185916-86de6c7e83c9.scope
S-cap120-epoch2	robot_grid_pb_2_2_pe_.ltl	robot_grid_pb_2_2_pe_.tlsf	120	REALIZABLE	0.041961891984101385	0	false		status	11	30	51	50384cf69a733199fa17c9c571da1761d8451991	f80ff3f62daaa6e22a6753a3f30a127baab424d0320949bc9957a6ff62ea5ebe	otf_sparse_formula	2026-09-19T20:43:35.000705Z		0.080000	20410368		8G	0			true		acacia-syntcomp26-coverage-185916-ba131bea9e33.scope
S-cap120-epoch2	round_robin_arbiter_pb_3_pe_.ltl	round_robin_arbiter_pb_3_pe_.tlsf	120	REALIZABLE	0.028628663014387712	0	false		status	11	30	52	50384cf69a733199fa17c9c571da1761d8451991	f80ff3f62daaa6e22a6753a3f30a127baab424d0320949bc9957a6ff62ea5ebe	otf_sparse_formula	2026-09-19T20:43:35.042477Z		0.050000	20770816		8G	0			true		acacia-syntcomp26-coverage-185916-d4bc86520c99.scope
S-cap120-epoch2	round_robin_arbiter_unreal1_pb_2_2_pe_.ltl	round_robin_arbiter_unreal1_pb_2_2_pe_.tlsf	120	UNREALIZABLE	0.027668341004755348	1	false		status	13	30	53	50384cf69a733199fa17c9c571da1761d8451991	f80ff3f62daaa6e22a6753a3f30a127baab424d0320949bc9957a6ff62ea5ebe	otf_sparse_formula	2026-09-19T20:43:35.095317Z		0.040000	19009536		8G	0			true		acacia-syntcomp26-coverage-185916-3a44d871d200.scope
S-cap120-epoch2	round_robin_arbiter_unreal1_pb_2_4_pe_.ltl	round_robin_arbiter_unreal1_pb_2_4_pe_.tlsf	120	UNREALIZABLE	0.03354216201114468	1	false		status	13	30	54	50384cf69a733199fa17c9c571da1761d8451991	f80ff3f62daaa6e22a6753a3f30a127baab424d0320949bc9957a6ff62ea5ebe	otf_sparse_formula	2026-09-19T20:43:35.144060Z		0.040000	19128320		8G	0			true		acacia-syntcomp26-coverage-185916-6cc95896901a.scope
S-cap120-epoch2	round_robin_arbiter_unreal1_pb_4_15_pe_.ltl	round_robin_arbiter_unreal1_pb_4_15_pe_.tlsf	120	MEMOUT	46.83144295398961	-15	false	memory	none	0	8	55	50384cf69a733199fa17c9c571da1761d8451991	f80ff3f62daaa6e22a6753a3f30a127baab424d0320949bc9957a6ff62ea5ebe	otf_sparse_formula	2026-09-19T20:44:21.994485Z				8589934592	8G	0			true		acacia-syntcomp26-coverage-185916-c0b37ddbc814.scope
S-cap120-epoch2	simple_arbiter_unreal1_pb_4_9_pe_.ltl	simple_arbiter_unreal1_pb_4_9_pe_.tlsf	120	UNREALIZABLE	0.02348434299346991	1	false		status	13	30	56	50384cf69a733199fa17c9c571da1761d8451991	f80ff3f62daaa6e22a6753a3f30a127baab424d0320949bc9957a6ff62ea5ebe	otf_sparse_formula	2026-09-19T20:44:22.040271Z		0.020000	15282176		8G	0			true		acacia-syntcomp26-coverage-185916-c8b1beba5c13.scope
S-cap120-epoch2	simple_arbiter_unreal1_pb_5_6_pe_.ltl	simple_arbiter_unreal1_pb_5_6_pe_.tlsf	120	UNREALIZABLE	0.03644808899844065	1	false		status	13	30	57	50384cf69a733199fa17c9c571da1761d8451991	f80ff3f62daaa6e22a6753a3f30a127baab424d0320949bc9957a6ff62ea5ebe	otf_sparse_formula	2026-09-19T20:44:22.109461Z		0.030000	15237120		8G	0			true		acacia-syntcomp26-coverage-185916-36eefd16e827.scope
S-cap120-epoch2	simple_arbiter_unreal1_pb_6_5_pe_.ltl	simple_arbiter_unreal1_pb_6_5_pe_.tlsf	120	UNREALIZABLE	0.023700132995145395	1	false		status	13	30	58	50384cf69a733199fa17c9c571da1761d8451991	f80ff3f62daaa6e22a6753a3f30a127baab424d0320949bc9957a6ff62ea5ebe	otf_sparse_formula	2026-09-19T20:44:22.145850Z		0.010000	15314944	42999808	8G	0			true		acacia-syntcomp26-coverage-185916-9234ee8547d6.scope
S-cap120-epoch2	tasks-real.ltl	tasks-real.tlsf	120	REALIZABLE	0.07024818201898597	0	false		none	11	30	59	50384cf69a733199fa17c9c571da1761d8451991	f80ff3f62daaa6e22a6753a3f30a127baab424d0320949bc9957a6ff62ea5ebe	otf_sparse_formula	2026-09-19T20:44:22.230266Z		0.190000	21336064		8G	0			true		acacia-syntcomp26-coverage-185916-10f01fa03f70.scope
S-cap120-epoch2	workstation_resupply_pb_7_pe_.ltl	workstation_resupply_pb_7_pe_.tlsf	120	TIMEOUT	120.27965363900876	124	true	timeout	none	0	8	60	50384cf69a733199fa17c9c571da1761d8451991	f80ff3f62daaa6e22a6753a3f30a127baab424d0320949bc9957a6ff62ea5ebe	otf_sparse_formula	2026-09-19T20:46:22.548759Z					8G	0			true		acacia-syntcomp26-coverage-185916-dc7c6660739a.scope
S-cap120-epoch2	01.ltl	01.tlsf	120	REALIZABLE	0.026015081006335095	0	false		none	11	30	0	50384cf69a733199fa17c9c571da1761d8451991	f80ff3f62daaa6e22a6753a3f30a127baab424d0320949bc9957a6ff62ea5ebe	otf_sparse_formula	2026-09-19T20:46:22.790348Z		0.040000	19410944		8G	0			true		acacia-syntcomp26-coverage-187115-35648ed6704f.scope
S-cap120-epoch2	02.ltl	02.tlsf	120	REALIZABLE	0.04273856000509113	0	false		none	11	30	1	50384cf69a733199fa17c9c571da1761d8451991	f80ff3f62daaa6e22a6753a3f30a127baab424d0320949bc9957a6ff62ea5ebe	otf_sparse_formula	2026-09-19T20:46:22.874322Z		0.100000	20959232		8G	0			true		acacia-syntcomp26-coverage-187115-4848b470785a.scope
S-cap120-epoch2	13.ltl	13.tlsf	120	REALIZABLE	5.73249322900665	0	false		none	11	32	2	50384cf69a733199fa17c9c571da1761d8451991	f80ff3f62daaa6e22a6753a3f30a127baab424d0320949bc9957a6ff62ea5ebe	otf_sparse_formula	2026-09-19T20:46:28.621187Z		22.730000	229224448		8G	0			true		acacia-syntcomp26-coverage-187115-87f152272c14.scope
S-cap120-epoch2	AllLights_06e9cad4.ltl	AllLights_06e9cad4.tlsf	120	UNREALIZABLE	1.5914781799947377	1	false		status	13	30	3	50384cf69a733199fa17c9c571da1761d8451991	f80ff3f62daaa6e22a6753a3f30a127baab424d0320949bc9957a6ff62ea5ebe	otf_sparse_formula	2026-09-19T20:46:30.226988Z		6.260000	45674496		8G	0			true		acacia-syntcomp26-coverage-187115-c5ea31ccfec3.scope
S-cap120-epoch2	AllLights_2c5b09da.ltl	AllLights_2c5b09da.tlsf	120	UNREALIZABLE	0.8876319820119534	1	false		status	13	30	4	50384cf69a733199fa17c9c571da1761d8451991	f80ff3f62daaa6e22a6753a3f30a127baab424d0320949bc9957a6ff62ea5ebe	otf_sparse_formula	2026-09-19T20:46:31.129054Z		3.470000	27922432		8G	0			true		acacia-syntcomp26-coverage-187115-c7ceedbac9bb.scope
S-cap120-epoch2	Automata16S.ltl	Automata16S.tlsf	120	REALIZABLE	65.30458419400384	0	false		status	11	33	5	50384cf69a733199fa17c9c571da1761d8451991	f80ff3f62daaa6e22a6753a3f30a127baab424d0320949bc9957a6ff62ea5ebe	otf_sparse_formula	2026-09-19T20:47:36.448022Z		195.190000	911400960		8G	0			true		acacia-syntcomp26-coverage-187115-18a68e864853.scope
S-cap120-epoch2	Automata32S.ltl	Automata32S.tlsf	120	TIMEOUT	120.22521321600652	124	true	timeout	status	0	8	6	50384cf69a733199fa17c9c571da1761d8451991	f80ff3f62daaa6e22a6753a3f30a127baab424d0320949bc9957a6ff62ea5ebe	otf_sparse_formula	2026-09-19T20:49:36.699758Z					8G	0			true		acacia-syntcomp26-coverage-187115-3a6ffaf4cc4b.scope
S-cap120-epoch2	F-G-contradiction-111.ltl	F-G-contradiction-111.tlsf	120	UNREALIZABLE	29.107545564998873	1	false		none	13	34	7	50384cf69a733199fa17c9c571da1761d8451991	f80ff3f62daaa6e22a6753a3f30a127baab424d0320949bc9957a6ff62ea5ebe	otf_sparse_formula	2026-09-19T20:50:05.821975Z		115.500000	1611038720		8G	0			true		acacia-syntcomp26-coverage-187115-36c50eb73061.scope
S-cap120-epoch2	Full_f1477cc5.ltl	Full_f1477cc5.tlsf	120	TIMEOUT	120.22760462900624	124	true	timeout	none	0	8	8	50384cf69a733199fa17c9c571da1761d8451991	f80ff3f62daaa6e22a6753a3f30a127baab424d0320949bc9957a6ff62ea5ebe	otf_sparse_formula	2026-09-19T20:52:06.076777Z					8G	0			true		acacia-syntcomp26-coverage-187115-a60804ddea92.scope
S-cap120-epoch2	LampController_974f4a68.ltl	LampController_974f4a68.tlsf	120	REALIZABLE	0.03511320598772727	0	false		status	11	30	9	50384cf69a733199fa17c9c571da1761d8451991	f80ff3f62daaa6e22a6753a3f30a127baab424d0320949bc9957a6ff62ea5ebe	otf_sparse_formula	2026-09-19T20:52:06.127387Z		0.050000	20598784		8G	0			true		acacia-syntcomp26-coverage-187115-a4f5f1518cdd.scope
S-cap120-epoch2	Lights3Min_6479ef9a.ltl	Lights3Min_6479ef9a.tlsf	120	REALIZABLE	0.032541755004785955	0	false		status	11	30	10	50384cf69a733199fa17c9c571da1761d8451991	f80ff3f62daaa6e22a6753a3f30a127baab424d0320949bc9957a6ff62ea5ebe	otf_sparse_formula	2026-09-19T20:52:06.183837Z		0.040000	19046400		8G	0			true		acacia-syntcomp26-coverage-187115-64c63bb14076.scope
S-cap120-epoch2	Lights3_f1477cc5.ltl	Lights3_f1477cc5.tlsf	120	REALIZABLE	0.04926515099941753	0	false		status	11	30	11	50384cf69a733199fa17c9c571da1761d8451991	f80ff3f62daaa6e22a6753a3f30a127baab424d0320949bc9957a6ff62ea5ebe	otf_sparse_formula	2026-09-19T20:52:06.246613Z		0.100000	20979712		8G	0			true		acacia-syntcomp26-coverage-187115-16fc4f00ba86.scope
S-cap120-epoch2	Lights_06e9cad4.ltl	Lights_06e9cad4.tlsf	120	REALIZABLE	0.0410262219957076	0	false		status	11	30	12	50384cf69a733199fa17c9c571da1761d8451991	f80ff3f62daaa6e22a6753a3f30a127baab424d0320949bc9957a6ff62ea5ebe	otf_sparse_formula	2026-09-19T20:52:06.300860Z		0.100000	20824064		8G	0			true		acacia-syntcomp26-coverage-187115-57582f1b82bd.scope
S-cap120-epoch2	Morning2_9cac58d3.ltl	Morning2_9cac58d3.tlsf	120	REALIZABLE	0.030557788006262854	0	false		status	11	30	13	50384cf69a733199fa17c9c571da1761d8451991	f80ff3f62daaa6e22a6753a3f30a127baab424d0320949bc9957a6ff62ea5ebe	otf_sparse_formula	2026-09-19T20:52:06.356780Z		0.040000	19091456		8G	0			true		acacia-syntcomp26-coverage-187115-f58a189b1c78.scope
S-cap120-epoch2	Morning_f1477cc5.ltl	Morning_f1477cc5.tlsf	120	UNREALIZABLE	3.7442457870056387	1	false		status	13	32	14	50384cf69a733199fa17c9c571da1761d8451991	f80ff3f62daaa6e22a6753a3f30a127baab424d0320949bc9957a6ff62ea5ebe	otf_sparse_formula	2026-09-19T20:52:10.114211Z		14.800000	230100992		8G	0			true		acacia-syntcomp26-coverage-187115-62cbda18918e.scope
S-cap120-epoch2	SingleContoller_d65ed84e.ltl	SingleContoller_d65ed84e.tlsf	120	UNREALIZABLE	0.03211812599329278	1	false		status	13	30	15	50384cf69a733199fa17c9c571da1761d8451991	f80ff3f62daaa6e22a6753a3f30a127baab424d0320949bc9957a6ff62ea5ebe	otf_sparse_formula	2026-09-19T20:52:10.159840Z		0.050000	21274624		8G	0			true		acacia-syntcomp26-coverage-187115-850aceb4fb6e.scope
S-cap120-epoch2	TwoCountersGui.ltl	TwoCountersGui.tlsf	120	UNREALIZABLE	0.040446119994157925	1	false		status	13	30	16	50384cf69a733199fa17c9c571da1761d8451991	f80ff3f62daaa6e22a6753a3f30a127baab424d0320949bc9957a6ff62ea5ebe	otf_sparse_formula	2026-09-19T20:52:10.213182Z		0.060000	21655552		8G	0			true		acacia-syntcomp26-coverage-187115-e461c195d726.scope
S-cap120-epoch2	Window2Min_88c5c1c3.ltl	Window2Min_88c5c1c3.tlsf	120	REALIZABLE	0.03233929999987595	0	false		status	11	30	17	50384cf69a733199fa17c9c571da1761d8451991	f80ff3f62daaa6e22a6753a3f30a127baab424d0320949bc9957a6ff62ea5ebe	otf_sparse_formula	2026-09-19T20:52:10.267454Z		0.040000	18477056		8G	0			true		acacia-syntcomp26-coverage-187115-567bc3e4ea65.scope
S-cap120-epoch2	amba_decomposed_encode_pb_10_pe_.ltl	amba_decomposed_encode_pb_10_pe_.tlsf	120	REALIZABLE	0.053265263995854184	0	false		status	11	30	18	50384cf69a733199fa17c9c571da1761d8451991	f80ff3f62daaa6e22a6753a3f30a127baab424d0320949bc9957a6ff62ea5ebe	otf_sparse_formula	2026-09-19T20:52:10.334482Z		0.120000	22134784		8G	0			true		acacia-syntcomp26-coverage-187115-1dda18f29083.scope
S-cap120-epoch2	amba_decomposed_encode_pb_14_pe_.ltl	amba_decomposed_encode_pb_14_pe_.tlsf	120	REALIZABLE	0.14079504300025292	0	false		status	11	30	19	50384cf69a733199fa17c9c571da1761d8451991	f80ff3f62daaa6e22a6753a3f30a127baab424d0320949bc9957a6ff62ea5ebe	otf_sparse_formula	2026-09-19T20:52:10.488461Z		0.490000	43581440		8G	0			true		acacia-syntcomp26-coverage-187115-71ce4a8df928.scope
S-cap120-epoch2	amba_decomposed_lock_pb_6_pe_.ltl	amba_decomposed_lock_pb_6_pe_.tlsf	120	REALIZABLE	0.019973354996182024	0	false		status	11	30	20	50384cf69a733199fa17c9c571da1761d8451991	f80ff3f62daaa6e22a6753a3f30a127baab424d0320949bc9957a6ff62ea5ebe	otf_sparse_formula	2026-09-19T20:52:10.521936Z		0.020000	20381696		8G	0			true		acacia-syntcomp26-coverage-187115-5ef50ad0fae5.scope
S-cap120-epoch2	arbiter-paper-unreal-unreal.ltl	arbiter-paper-unreal-unreal.tlsf	120	UNREALIZABLE	0.042095615004654974	1	false		none	13	30	21	50384cf69a733199fa17c9c571da1761d8451991	f80ff3f62daaa6e22a6753a3f30a127baab424d0320949bc9957a6ff62ea5ebe	otf_sparse_formula	2026-09-19T20:52:10.579209Z		0.090000	20426752		8G	0			true		acacia-syntcomp26-coverage-187115-d8cf44995d73.scope
S-cap120-epoch2	arbiter_on_inpchange_pb_3_pe_.ltl	arbiter_on_inpchange_pb_3_pe_.tlsf	120	REALIZABLE	0.05634575799922459	0	false		none	11	30	22	50384cf69a733199fa17c9c571da1761d8451991	f80ff3f62daaa6e22a6753a3f30a127baab424d0320949bc9957a6ff62ea5ebe	otf_sparse_formula	2026-09-19T20:52:10.648792Z		0.120000	20905984		8G	0			true		acacia-syntcomp26-coverage-187115-5302f1daf61e.scope
S-cap120-epoch2	arbiter_on_inpchange_pb_5_pe_.ltl	arbiter_on_inpchange_pb_5_pe_.tlsf	120	MEMOUT	97.646400069003	-15	false	memory	none	0	8	23	50384cf69a733199fa17c9c571da1761d8451991	f80ff3f62daaa6e22a6753a3f30a127baab424d0320949bc9957a6ff62ea5ebe	otf_sparse_formula	2026-09-19T20:53:48.310596Z				8589934592	8G	0			true		acacia-syntcomp26-coverage-187115-4afce922e6c9.scope
S-cap120-epoch2	arbiter_with_cancel_pb_4_pe_.ltl	arbiter_with_cancel_pb_4_pe_.tlsf	120	REALIZABLE	0.07564161499612965	0	false		none	11	30	24	50384cf69a733199fa17c9c571da1761d8451991	f80ff3f62daaa6e22a6753a3f30a127baab424d0320949bc9957a6ff62ea5ebe	otf_sparse_formula	2026-09-19T20:53:48.400965Z		0.230000	25833472		8G	0			true		acacia-syntcomp26-coverage-187115-0f3b92a246bd.scope
S-cap120-epoch2	arbiter_with_cancel_pb_5_pe_.ltl	arbiter_with_cancel_pb_5_pe_.tlsf	120	REALIZABLE	1.1252801249793265	0	false		none	11	30	25	50384cf69a733199fa17c9c571da1761d8451991	f80ff3f62daaa6e22a6753a3f30a127baab424d0320949bc9957a6ff62ea5ebe	otf_sparse_formula	2026-09-19T20:53:49.539217Z		4.400000	66191360		8G	0			true		acacia-syntcomp26-coverage-187115-189822b80c3e.scope
S-cap120-epoch2	example8_pb_1_pe_.ltl	example8_pb_1_pe_.tlsf	120	REALIZABLE	0.027678446989739314	0	false		none	11	30	26	50384cf69a733199fa17c9c571da1761d8451991	f80ff3f62daaa6e22a6753a3f30a127baab424d0320949bc9957a6ff62ea5ebe	otf_sparse_formula	2026-09-19T20:53:49.593927Z		0.030000	17457152		8G	0			true		acacia-syntcomp26-coverage-187115-3d2afdd6625e.scope
S-cap120-epoch2	full_arbiter_unreal1_pb_2_10_pe_.ltl	full_arbiter_unreal1_pb_2_10_pe_.tlsf	120	UNREALIZABLE	0.026797286001965404	1	false		status	13	30	27	50384cf69a733199fa17c9c571da1761d8451991	f80ff3f62daaa6e22a6753a3f30a127baab424d0320949bc9957a6ff62ea5ebe	otf_sparse_formula	2026-09-19T20:53:49.649192Z		0.020000	15499264		8G	0			true		acacia-syntcomp26-coverage-187115-9e8eb9fdcb5e.scope
S-cap120-epoch2	generalized_buffer_pb_4_pe_.ltl	generalized_buffer_pb_4_pe_.tlsf	120	REALIZABLE	0.11263078099000268	0	false		none	11	30	28	50384cf69a733199fa17c9c571da1761d8451991	f80ff3f62daaa6e22a6753a3f30a127baab424d0320949bc9957a6ff62ea5ebe	otf_sparse_formula	2026-09-19T20:53:49.775459Z		0.370000	32256000		8G	0			true		acacia-syntcomp26-coverage-187115-be2542941aec.scope
S-cap120-epoch2	gf-unreal26.ltl	gf-unreal26.tlsf	120	UNREALIZABLE	0.029837306996341795	1	false		none	13	30	29	50384cf69a733199fa17c9c571da1761d8451991	f80ff3f62daaa6e22a6753a3f30a127baab424d0320949bc9957a6ff62ea5ebe	otf_sparse_formula	2026-09-19T20:53:49.821114Z		0.050000	19046400		8G	0			true		acacia-syntcomp26-coverage-187115-40d00c4de78c.scope
S-cap120-epoch2	gf-unreal43.ltl	gf-unreal43.tlsf	120	UNREALIZABLE	0.04739148399676196	1	false		none	13	30	30	50384cf69a733199fa17c9c571da1761d8451991	f80ff3f62daaa6e22a6753a3f30a127baab424d0320949bc9957a6ff62ea5ebe	otf_sparse_formula	2026-09-19T20:53:49.880817Z		0.090000	19898368		8G	0			true		acacia-syntcomp26-coverage-187115-07daf5b5250b.scope
S-cap120-epoch2	gf-unreal44.ltl	gf-unreal44.tlsf	120	UNREALIZABLE	0.0411319539998658	1	false		none	13	30	31	50384cf69a733199fa17c9c571da1761d8451991	f80ff3f62daaa6e22a6753a3f30a127baab424d0320949bc9957a6ff62ea5ebe	otf_sparse_formula	2026-09-19T20:53:49.934586Z		0.080000	19922944		8G	0			true		acacia-syntcomp26-coverage-187115-83e284c56a16.scope
S-cap120-epoch2	heim-double-x13.ltl	heim-double-x13.tlsf	120	UNREALIZABLE	5.425379288994009	1	false		none	13	32	32	50384cf69a733199fa17c9c571da1761d8451991	f80ff3f62daaa6e22a6753a3f30a127baab424d0320949bc9957a6ff62ea5ebe	otf_sparse_formula	2026-09-19T20:53:55.372692Z		18.030000	227934208		8G	0			true		acacia-syntcomp26-coverage-187115-be1d74419bf2.scope
S-cap120-epoch2	infinite-race-u12.ltl	infinite-race-u12.tlsf	120	UNREALIZABLE	41.2908923200157	1	false		none	13	34	33	50384cf69a733199fa17c9c571da1761d8451991	f80ff3f62daaa6e22a6753a3f30a127baab424d0320949bc9957a6ff62ea5ebe	otf_sparse_formula	2026-09-19T20:54:36.677117Z		163.710000	4242870272		8G	0			true		acacia-syntcomp26-coverage-187115-501d96db6dfb.scope
S-cap120-epoch2	infinite-race-u25.ltl	infinite-race-u25.tlsf	120	MEMOUT	46.02606365000247	-15	false	memory	none	0	8	34	50384cf69a733199fa17c9c571da1761d8451991	f80ff3f62daaa6e22a6753a3f30a127baab424d0320949bc9957a6ff62ea5ebe	otf_sparse_formula	2026-09-19T20:55:22.722067Z				8589934592	8G	0			true		acacia-syntcomp26-coverage-187115-db8876425e47.scope
S-cap120-epoch2	infinite-race-unequal-24.ltl	infinite-race-unequal-24.tlsf	120	UNREALIZABLE	1.1709871140192263	1	false		none	13	31	35	50384cf69a733199fa17c9c571da1761d8451991	f80ff3f62daaa6e22a6753a3f30a127baab424d0320949bc9957a6ff62ea5ebe	otf_sparse_formula	2026-09-19T20:55:23.907379Z		4.530000	140746752		8G	0			true		acacia-syntcomp26-coverage-187115-68ef9a82f57b.scope
S-cap120-epoch2	lift_unary_enc_pb_3_pe_.ltl	lift_unary_enc_pb_3_pe_.tlsf	120	REALIZABLE	0.7032420189934783	0	false		none	11	30	36	50384cf69a733199fa17c9c571da1761d8451991	f80ff3f62daaa6e22a6753a3f30a127baab424d0320949bc9957a6ff62ea5ebe	otf_sparse_formula	2026-09-19T20:55:24.628755Z		2.720000	81338368		8G	0			true		acacia-syntcomp26-coverage-187115-31da5e4ff4ca.scope
S-cap120-epoch2	lift_wrong_physics_unreal_pb_10_pe_.ltl	lift_wrong_physics_unreal_pb_10_pe_.tlsf	120	UNREALIZABLE	1.0952173919940833	1	false		none	13	30	37	50384cf69a733199fa17c9c571da1761d8451991	f80ff3f62daaa6e22a6753a3f30a127baab424d0320949bc9957a6ff62ea5ebe	otf_sparse_formula	2026-09-19T20:55:25.739165Z		4.280000	66035712		8G	0			true		acacia-syntcomp26-coverage-187115-f31463c8edaa.scope
S-cap120-epoch2	load_balancer_unreal1_pb_4_10_pe_.ltl	load_balancer_unreal1_pb_4_10_pe_.tlsf	120	MEMOUT	59.67041746200994	-15	false	memory	status	0	8	38	50384cf69a733199fa17c9c571da1761d8451991	f80ff3f62daaa6e22a6753a3f30a127baab424d0320949bc9957a6ff62ea5ebe	otf_sparse_formula	2026-09-19T20:56:25.428443Z				8589934592	8G	0			true		acacia-syntcomp26-coverage-187115-882cdddd90fb.scope
S-cap120-epoch2	load_balancer_unreal1_pb_4_3_pe_.ltl	load_balancer_unreal1_pb_4_3_pe_.tlsf	120	UNREALIZABLE	0.041517492005368695	1	false		status	13	30	39	50384cf69a733199fa17c9c571da1761d8451991	f80ff3f62daaa6e22a6753a3f30a127baab424d0320949bc9957a6ff62ea5ebe	otf_sparse_formula	2026-09-19T20:56:25.484847Z		0.090000	20697088		8G	0			true		acacia-syntcomp26-coverage-187115-63612e699494.scope
S-cap120-epoch2	load_balancer_unreal1_pb_6_5_pe_.ltl	load_balancer_unreal1_pb_6_5_pe_.tlsf	120	TIMEOUT	120.22575870598666	124	true	timeout	none	0	8	40	50384cf69a733199fa17c9c571da1761d8451991	f80ff3f62daaa6e22a6753a3f30a127baab424d0320949bc9957a6ff62ea5ebe	otf_sparse_formula	2026-09-19T20:58:25.735449Z					8G	0			true		acacia-syntcomp26-coverage-187115-5ffb79f5f482.scope
S-cap120-epoch2	ltl2dba18.ltl	ltl2dba18.tlsf	120	REALIZABLE	0.03143293998437002	0	false		status	11	30	41	50384cf69a733199fa17c9c571da1761d8451991	f80ff3f62daaa6e22a6753a3f30a127baab424d0320949bc9957a6ff62ea5ebe	otf_sparse_formula	2026-09-19T20:58:25.792582Z		0.020000	15360000		8G	0			true		acacia-syntcomp26-coverage-187115-5429b45f79f8.scope
S-cap120-epoch2	ltl2dba_C2_pb_5_pe_.ltl	ltl2dba_C2_pb_5_pe_.tlsf	120	REALIZABLE	0.035238672979176044	0	false		status	11	30	42	50384cf69a733199fa17c9c571da1761d8451991	f80ff3f62daaa6e22a6753a3f30a127baab424d0320949bc9957a6ff62ea5ebe	otf_sparse_formula	2026-09-19T20:58:25.850100Z		0.030000	15327232		8G	0			true		acacia-syntcomp26-coverage-187115-a5110d512d2a.scope
S-cap120-epoch2	ltl2dba_C2_unreal_pb_15_pe_.ltl	ltl2dba_C2_unreal_pb_15_pe_.tlsf	120	UNREALIZABLE	8.01604216301348	1	false		status	13	32	43	50384cf69a733199fa17c9c571da1761d8451991	f80ff3f62daaa6e22a6753a3f30a127baab424d0320949bc9957a6ff62ea5ebe	otf_sparse_formula	2026-09-19T20:58:33.878950Z		31.770000	361746432		8G	0			true		acacia-syntcomp26-coverage-187115-a41ca556e37f.scope
S-cap120-epoch2	ltl2dba_E_pb_7_pe_.ltl	ltl2dba_E_pb_7_pe_.tlsf	120	REALIZABLE	0.017287122987909243	0	false		status	11	30	44	50384cf69a733199fa17c9c571da1761d8451991	f80ff3f62daaa6e22a6753a3f30a127baab424d0320949bc9957a6ff62ea5ebe	otf_sparse_formula	2026-09-19T20:58:33.910707Z		0.010000	15421440	42827776	8G	0			true		acacia-syntcomp26-coverage-187115-529c46e2eaac.scope
S-cap120-epoch2	ltl2dba_U1_pb_100_pe_.ltl	ltl2dba_U1_pb_100_pe_.tlsf	120	REALIZABLE	0.01642682999954559	0	false		none	11	30	45	50384cf69a733199fa17c9c571da1761d8451991	f80ff3f62daaa6e22a6753a3f30a127baab424d0320949bc9957a6ff62ea5ebe	otf_sparse_formula	2026-09-19T20:58:33.939502Z		0.010000	15343616	42700800	8G	0			true		acacia-syntcomp26-coverage-187115-302e2700207d.scope
S-cap120-epoch2	ltl2dba_U1_pb_9_pe_.ltl	ltl2dba_U1_pb_9_pe_.tlsf	120	REALIZABLE	0.015229479991830885	0	false		status	11	30	46	50384cf69a733199fa17c9c571da1761d8451991	f80ff3f62daaa6e22a6753a3f30a127baab424d0320949bc9957a6ff62ea5ebe	otf_sparse_formula	2026-09-19T20:58:33.967977Z		0.010000	15327232	43073536	8G	0			true		acacia-syntcomp26-coverage-187115-14d86339cfef.scope
S-cap120-epoch2	ltl2dba_theta_pb_500_pe_.ltl	ltl2dba_theta_pb_500_pe_.tlsf	120	TIMEOUT	120.13642698398326	124	true	timeout	none	0	8	47	50384cf69a733199fa17c9c571da1761d8451991	f80ff3f62daaa6e22a6753a3f30a127baab424d0320949bc9957a6ff62ea5ebe	otf_sparse_formula	2026-09-19T21:00:34.143296Z					8G	0			true		acacia-syntcomp26-coverage-187115-62c20f08916b.scope
S-cap120-epoch2	mux_pb_100_pe_.ltl	mux_pb_100_pe_.tlsf	120	REALIZABLE	0.03701483001350425	0	false		status	11	30	48	50384cf69a733199fa17c9c571da1761d8451991	f80ff3f62daaa6e22a6753a3f30a127baab424d0320949bc9957a6ff62ea5ebe	otf_sparse_formula	2026-09-19T21:00:34.203805Z		0.040000	17715200		8G	0			true		acacia-syntcomp26-coverage-187115-aeb9d7538d5f.scope
S-cap120-epoch2	mux_pb_12_pe_.ltl	mux_pb_12_pe_.tlsf	120	REALIZABLE	0.039782526990165934	0	false		status	11	30	49	50384cf69a733199fa17c9c571da1761d8451991	f80ff3f62daaa6e22a6753a3f30a127baab424d0320949bc9957a6ff62ea5ebe	otf_sparse_formula	2026-09-19T21:00:34.281888Z		0.040000	15937536		8G	0			true		acacia-syntcomp26-coverage-187115-6aff770e61ef.scope
S-cap120-epoch2	patrolling-alarm17.ltl	patrolling-alarm17.tlsf	120	UNREALIZABLE	0.4834565339842811	1	false		none	13	30	50	50384cf69a733199fa17c9c571da1761d8451991	f80ff3f62daaa6e22a6753a3f30a127baab424d0320949bc9957a6ff62ea5ebe	otf_sparse_formula	2026-09-19T21:00:34.779486Z		1.780000	75870208		8G	0			true		acacia-syntcomp26-coverage-187115-b9c2cfef9538.scope
S-cap120-epoch2	patrolling20.ltl	patrolling20.tlsf	120	UNREALIZABLE	0.5445683739962988	1	false		none	13	30	51	50384cf69a733199fa17c9c571da1761d8451991	f80ff3f62daaa6e22a6753a3f30a127baab424d0320949bc9957a6ff62ea5ebe	otf_sparse_formula	2026-09-19T21:00:35.337786Z		2.070000	101617664		8G	0			true		acacia-syntcomp26-coverage-187115-de18e5a3a2de.scope
S-cap120-epoch2	patrolling9.ltl	patrolling9.tlsf	120	UNREALIZABLE	0.11731628500274383	1	false		none	13	30	52	50384cf69a733199fa17c9c571da1761d8451991	f80ff3f62daaa6e22a6753a3f30a127baab424d0320949bc9957a6ff62ea5ebe	otf_sparse_formula	2026-09-19T21:00:35.472323Z		0.400000	28483584		8G	0			true		acacia-syntcomp26-coverage-187115-d84a1c728936.scope
S-cap120-epoch2	prioritized_arbiter_unreal1_pb_2_12_pe_.ltl	prioritized_arbiter_unreal1_pb_2_12_pe_.tlsf	120	UNREALIZABLE	0.020000685995910317	1	false		status	13	30	53	50384cf69a733199fa17c9c571da1761d8451991	f80ff3f62daaa6e22a6753a3f30a127baab424d0320949bc9957a6ff62ea5ebe	otf_sparse_formula	2026-09-19T21:00:35.506849Z		0.010000	18563072	44400640	8G	0			true		acacia-syntcomp26-coverage-187115-6eb79b718708.scope
S-cap120-epoch2	prioritized_arbiter_unreal1_pb_2_15_pe_.ltl	prioritized_arbiter_unreal1_pb_2_15_pe_.tlsf	120	UNREALIZABLE	0.02259473397862166	1	false		status	13	30	54	50384cf69a733199fa17c9c571da1761d8451991	f80ff3f62daaa6e22a6753a3f30a127baab424d0320949bc9957a6ff62ea5ebe	otf_sparse_formula	2026-09-19T21:00:35.541747Z		0.020000	18493440		8G	0			true		acacia-syntcomp26-coverage-187115-d38e820223fa.scope
S-cap120-epoch2	robot-resource-2d11.ltl	robot-resource-2d11.tlsf	120	UNREALIZABLE	1.8046680230181664	1	false		none	13	30	55	50384cf69a733199fa17c9c571da1761d8451991	f80ff3f62daaa6e22a6753a3f30a127baab424d0320949bc9957a6ff62ea5ebe	otf_sparse_formula	2026-09-19T21:00:37.363645Z		7.110000	44560384		8G	0			true		acacia-syntcomp26-coverage-187115-13ac145d7350.scope
S-cap120-epoch2	robot-resource-2d9.ltl	robot-resource-2d9.tlsf	120	UNREALIZABLE	1.4859815030067693	1	false		none	13	30	56	50384cf69a733199fa17c9c571da1761d8451991	f80ff3f62daaa6e22a6753a3f30a127baab424d0320949bc9957a6ff62ea5ebe	otf_sparse_formula	2026-09-19T21:00:38.865758Z		5.810000	44462080		8G	0			true		acacia-syntcomp26-coverage-187115-e6588fb4c8af.scope
S-cap120-epoch2	robot-to-target-charging-unreal7.ltl	robot-to-target-charging-unreal7.tlsf	120	TIMEOUT	120.1434470769891	124	true	timeout	none	0	8	57	50384cf69a733199fa17c9c571da1761d8451991	f80ff3f62daaa6e22a6753a3f30a127baab424d0320949bc9957a6ff62ea5ebe	otf_sparse_formula	2026-09-19T21:02:39.021744Z					8G	0			true		acacia-syntcomp26-coverage-187115-831adb5a223c.scope
S-cap120-epoch2	robot_deliver_products_50.ltl	robot_deliver_products_50.tlsf	120	TIMEOUT	120.22506283200346	124	true	timeout	none	0	8	58	50384cf69a733199fa17c9c571da1761d8451991	f80ff3f62daaa6e22a6753a3f30a127baab424d0320949bc9957a6ff62ea5ebe	otf_sparse_formula	2026-09-19T21:04:39.286591Z					8G	0			true		acacia-syntcomp26-coverage-187115-02868c1ca999.scope
S-cap120-epoch2	robot_grid_pb_5_1_pe_.ltl	robot_grid_pb_5_1_pe_.tlsf	120	REALIZABLE	0.05502219600020908	0	false		status	11	30	59	50384cf69a733199fa17c9c571da1761d8451991	f80ff3f62daaa6e22a6753a3f30a127baab424d0320949bc9957a6ff62ea5ebe	otf_sparse_formula	2026-09-19T21:04:39.357681Z		0.150000	22155264		8G	0			true		acacia-syntcomp26-coverage-187115-51be73cd7b0b.scope
S-cap120-epoch2	round_robin_arbiter_pb_6_pe_.ltl	round_robin_arbiter_pb_6_pe_.tlsf	120	TIMEOUT	120.29262243199628	124	true	timeout	status	0	8	60	50384cf69a733199fa17c9c571da1761d8451991	f80ff3f62daaa6e22a6753a3f30a127baab424d0320949bc9957a6ff62ea5ebe	otf_sparse_formula	2026-09-19T21:06:39.686960Z					8G	0			true		acacia-syntcomp26-coverage-187115-db2e10d28610.scope
S-cap120-epoch2	round_robin_arbiter_unreal1_pb_2_11_pe_.ltl	round_robin_arbiter_unreal1_pb_2_11_pe_.tlsf	120	UNREALIZABLE	0.08047772801364772	1	false		status	13	30	61	50384cf69a733199fa17c9c571da1761d8451991	f80ff3f62daaa6e22a6753a3f30a127baab424d0320949bc9957a6ff62ea5ebe	otf_sparse_formula	2026-09-19T21:06:39.782600Z		0.230000	26611712		8G	0			true		acacia-syntcomp26-coverage-187115-171ccdf0c41d.scope
S-cap120-epoch2	round_robin_arbiter_unreal1_pb_3_16_pe_.ltl	round_robin_arbiter_unreal1_pb_3_16_pe_.tlsf	120	MEMOUT	45.040638929989655	-15	false	memory	status	0	8	62	50384cf69a733199fa17c9c571da1761d8451991	f80ff3f62daaa6e22a6753a3f30a127baab424d0320949bc9957a6ff62ea5ebe	otf_sparse_formula	2026-09-19T21:07:24.842071Z				8589934592	8G	0			true		acacia-syntcomp26-coverage-187115-2c65a5d08ee8.scope
S-cap120-epoch2	round_robin_arbiter_unreal1_pb_3_3_pe_.ltl	round_robin_arbiter_unreal1_pb_3_3_pe_.tlsf	120	UNREALIZABLE	0.045915872004115954	1	false		status	13	30	63	50384cf69a733199fa17c9c571da1761d8451991	f80ff3f62daaa6e22a6753a3f30a127baab424d0320949bc9957a6ff62ea5ebe	otf_sparse_formula	2026-09-19T21:07:24.904149Z		0.080000	20529152		8G	0			true		acacia-syntcomp26-coverage-187115-68b4f64385be.scope
S-cap120-epoch2	round_robin_arbiter_unreal2_pb_5_pe_.ltl	round_robin_arbiter_unreal2_pb_5_pe_.tlsf	120	TIMEOUT	120.16810921501019	124	true	timeout	status	0	8	64	50384cf69a733199fa17c9c571da1761d8451991	f80ff3f62daaa6e22a6753a3f30a127baab424d0320949bc9957a6ff62ea5ebe	otf_sparse_formula	2026-09-19T21:09:25.084239Z					8G	0			true		acacia-syntcomp26-coverage-187115-c5b2f7d5bcb1.scope
S-cap120-epoch2	shift_pb_10_pe_.ltl	shift_pb_10_pe_.tlsf	120	REALIZABLE	0.02530615302384831	0	false		status	11	30	65	50384cf69a733199fa17c9c571da1761d8451991	f80ff3f62daaa6e22a6753a3f30a127baab424d0320949bc9957a6ff62ea5ebe	otf_sparse_formula	2026-09-19T21:09:25.123625Z		0.010000	15708160	43438080	8G	0			true		acacia-syntcomp26-coverage-187115-5601c456958b.scope
S-cap120-epoch2	shift_pb_8_pe_.ltl	shift_pb_8_pe_.tlsf	120	REALIZABLE	0.01977621001424268	0	false		status	11	30	66	50384cf69a733199fa17c9c571da1761d8451991	f80ff3f62daaa6e22a6753a3f30a127baab424d0320949bc9957a6ff62ea5ebe	otf_sparse_formula	2026-09-19T21:09:25.155938Z		0.010000	15724544	42663936	8G	0			true		acacia-syntcomp26-coverage-187115-219c05800da8.scope
S-cap120-epoch2	simple_arbiter_unreal1_pb_5_9_pe_.ltl	simple_arbiter_unreal1_pb_5_9_pe_.tlsf	120	UNREALIZABLE	0.018960607005283237	1	false		status	13	30	67	50384cf69a733199fa17c9c571da1761d8451991	f80ff3f62daaa6e22a6753a3f30a127baab424d0320949bc9957a6ff62ea5ebe	otf_sparse_formula	2026-09-19T21:09:25.187064Z		0.010000	15458304	41725952	8G	0			true		acacia-syntcomp26-coverage-187115-0802590926c5.scope
S-cap120-epoch2	simple_arbiter_unreal2_pb_4_pe_.ltl	simple_arbiter_unreal2_pb_4_pe_.tlsf	120	UNREALIZABLE	0.02446046899422072	1	false		status	13	30	68	50384cf69a733199fa17c9c571da1761d8451991	f80ff3f62daaa6e22a6753a3f30a127baab424d0320949bc9957a6ff62ea5ebe	otf_sparse_formula	2026-09-19T21:09:25.225903Z		0.010000	15237120	42491904	8G	0			true		acacia-syntcomp26-coverage-187115-69600801786e.scope
S-cap120-epoch2	simple_arbiter_unreal2_pb_75_pe_.ltl	simple_arbiter_unreal2_pb_75_pe_.tlsf	120	UNREALIZABLE	0.039038027985952795	1	false		none	13	30	69	50384cf69a733199fa17c9c571da1761d8451991	f80ff3f62daaa6e22a6753a3f30a127baab424d0320949bc9957a6ff62ea5ebe	otf_sparse_formula	2026-09-19T21:09:25.277704Z		0.050000	26771456		8G	0			true		acacia-syntcomp26-coverage-187115-d237c406f1fc.scope
S-cap120-epoch2	simple_arbiter_with_hints_pb_12_pe_.ltl	simple_arbiter_with_hints_pb_12_pe_.tlsf	120	TIMEOUT	120.21913357701851	124	true	timeout	none	0	8	70	50384cf69a733199fa17c9c571da1761d8451991	f80ff3f62daaa6e22a6753a3f30a127baab424d0320949bc9957a6ff62ea5ebe	otf_sparse_formula	2026-09-19T21:11:25.508785Z					8G	0			true		acacia-syntcomp26-coverage-187115-97e58273ebd9.scope
S-cap120-epoch2	CheckCoffeMachine_f3987563.ltl	CheckCoffeMachine_f3987563.tlsf	120	UNREALIZABLE	0.025475734990322962	1	false		status	13	30	0	50384cf69a733199fa17c9c571da1761d8451991	f80ff3f62daaa6e22a6753a3f30a127baab424d0320949bc9957a6ff62ea5ebe	otf_sparse_formula	2026-09-19T22:01:50.579539Z		0.030000	19066880		8G	0			true		acacia-syntcomp26-coverage-191626-5ae907b294d8.scope
S-cap120-epoch2	CheckTime_3916ec59.ltl	CheckTime_3916ec59.tlsf	120	UNREALIZABLE	0.015728544007288292	1	false		status	13	30	1	50384cf69a733199fa17c9c571da1761d8451991	f80ff3f62daaa6e22a6753a3f30a127baab424d0320949bc9957a6ff62ea5ebe	otf_sparse_formula	2026-09-19T22:01:50.622074Z		0.010000	17281024	43700224	8G	0			true		acacia-syntcomp26-coverage-191626-8e145b6afc6a.scope
S-cap120-epoch2	CheckTimer_fa8592c8.ltl	CheckTimer_fa8592c8.tlsf	120	UNREALIZABLE	0.01631681900471449	1	false		status	13	30	2	50384cf69a733199fa17c9c571da1761d8451991	f80ff3f62daaa6e22a6753a3f30a127baab424d0320949bc9957a6ff62ea5ebe	otf_sparse_formula	2026-09-19T22:01:50.650892Z		0.010000	19283968	48672768	8G	0			true		acacia-syntcomp26-coverage-191626-8a78b168a39d.scope
S-cap120-epoch2	Lights_b0840146.ltl	Lights_b0840146.tlsf	120	REALIZABLE	0.036065356980543584	0	false		status	11	30	3	50384cf69a733199fa17c9c571da1761d8451991	f80ff3f62daaa6e22a6753a3f30a127baab424d0320949bc9957a6ff62ea5ebe	otf_sparse_formula	2026-09-19T22:01:50.700539Z		0.060000	20692992		8G	0			true		acacia-syntcomp26-coverage-191626-b94869f2d44a.scope
S-cap120-epoch2	ModdifiedLedMatrix4X.ltl	ModdifiedLedMatrix4X.tlsf	120	UNREALIZABLE	0.5620024059899151	1	false		status	13	30	4	50384cf69a733199fa17c9c571da1761d8451991	f80ff3f62daaa6e22a6753a3f30a127baab424d0320949bc9957a6ff62ea5ebe	otf_sparse_formula	2026-09-19T22:01:51.276255Z		2.170000	26693632		8G	0			true		acacia-syntcomp26-coverage-191626-afaa3d210a9b.scope
S-cap120-epoch2	Morning2_06e9cad4.ltl	Morning2_06e9cad4.tlsf	120	MEMOUT	82.05137576899142	-15	false	memory	none	0	8	5	50384cf69a733199fa17c9c571da1761d8451991	f80ff3f62daaa6e22a6753a3f30a127baab424d0320949bc9957a6ff62ea5ebe	otf_sparse_formula	2026-09-19T22:03:13.346650Z				8589934592	8G	0			true		acacia-syntcomp26-coverage-191626-f8aba49a41dd.scope
S-cap120-epoch2	Morning2s_9cbf2546.ltl	Morning2s_9cbf2546.tlsf	120	TIMEOUT	120.26850497999112	124	true	timeout	none	0	8	6	50384cf69a733199fa17c9c571da1761d8451991	f80ff3f62daaa6e22a6753a3f30a127baab424d0320949bc9957a6ff62ea5ebe	otf_sparse_formula	2026-09-19T22:05:13.629068Z					8G	0			true		acacia-syntcomp26-coverage-191626-b5f9dfa0c083.scope
S-cap120-epoch2	SPI.ltl	SPI.tlsf	120	REALIZABLE	0.2700113050232176	0	false		status	11	30	7	50384cf69a733199fa17c9c571da1761d8451991	f80ff3f62daaa6e22a6753a3f30a127baab424d0320949bc9957a6ff62ea5ebe	otf_sparse_formula	2026-09-19T22:05:13.913667Z		0.980000	47353856		8G	0			true		acacia-syntcomp26-coverage-191626-c90502c12606.scope
S-cap120-epoch2	Time_a50cadd7.ltl	Time_a50cadd7.tlsf	120	UNREALIZABLE	0.028392127016559243	1	false		status	13	30	8	50384cf69a733199fa17c9c571da1761d8451991	f80ff3f62daaa6e22a6753a3f30a127baab424d0320949bc9957a6ff62ea5ebe	otf_sparse_formula	2026-09-19T22:05:13.968910Z		0.020000	17080320		8G	0			true		acacia-syntcomp26-coverage-191626-87cddce94309.scope
S-cap120-epoch2	TwoCounters5.ltl	TwoCounters5.tlsf	120	UNREALIZABLE	0.13149002200225368	1	false		status	13	30	9	50384cf69a733199fa17c9c571da1761d8451991	f80ff3f62daaa6e22a6753a3f30a127baab424d0320949bc9957a6ff62ea5ebe	otf_sparse_formula	2026-09-19T22:05:14.114116Z		0.430000	64929792		8G	0			true		acacia-syntcomp26-coverage-191626-16bbd3249043.scope
S-cap120-epoch2	UnderapproxDemo2.ltl	UnderapproxDemo2.tlsf	120	UNREALIZABLE	0.016172297997400165	1	false		status	13	30	10	50384cf69a733199fa17c9c571da1761d8451991	f80ff3f62daaa6e22a6753a3f30a127baab424d0320949bc9957a6ff62ea5ebe	otf_sparse_formula	2026-09-19T22:05:14.143830Z		0.010000	19292160	48443392	8G	0			true		acacia-syntcomp26-coverage-191626-4cfddee63ee5.scope
S-cap120-epoch2	Warnlight_a50cadd7.ltl	Warnlight_a50cadd7.tlsf	120	UNREALIZABLE	0.02199217601446435	1	false		status	13	30	11	50384cf69a733199fa17c9c571da1761d8451991	f80ff3f62daaa6e22a6753a3f30a127baab424d0320949bc9957a6ff62ea5ebe	otf_sparse_formula	2026-09-19T22:05:14.178258Z		0.010000	19230720	48689152	8G	0			true		acacia-syntcomp26-coverage-191626-4fbe280ea1fb.scope
S-cap120-epoch2	Window2_54e1f7d2.ltl	Window2_54e1f7d2.tlsf	120	REALIZABLE	0.021627580979838967	0	false		status	11	30	12	50384cf69a733199fa17c9c571da1761d8451991	f80ff3f62daaa6e22a6753a3f30a127baab424d0320949bc9957a6ff62ea5ebe	otf_sparse_formula	2026-09-19T22:05:14.220156Z		0.030000	19451904		8G	0			true		acacia-syntcomp26-coverage-191626-da03b0d70ad5.scope
S-cap120-epoch2	amba_case_study_pb_2_pe_.ltl	amba_case_study_pb_2_pe_.tlsf	120	REALIZABLE	1.0529699249891564	0	false		status	11	30	13	50384cf69a733199fa17c9c571da1761d8451991	f80ff3f62daaa6e22a6753a3f30a127baab424d0320949bc9957a6ff62ea5ebe	otf_sparse_formula	2026-09-19T22:05:15.286719Z		4.110000	79925248		8G	0			true		acacia-syntcomp26-coverage-191626-853af72cba89.scope
S-cap120-epoch2	amba_decomposed_lock_pb_3_pe_.ltl	amba_decomposed_lock_pb_3_pe_.tlsf	120	REALIZABLE	0.017552521981997415	0	false		status	11	30	14	50384cf69a733199fa17c9c571da1761d8451991	f80ff3f62daaa6e22a6753a3f30a127baab424d0320949bc9957a6ff62ea5ebe	otf_sparse_formula	2026-09-19T22:05:15.327941Z		0.010000	20246528		8G	0			true		acacia-syntcomp26-coverage-191626-21d6b60b7025.scope
S-cap120-epoch2	amba_decomposed_lock_pb_9_pe_.ltl	amba_decomposed_lock_pb_9_pe_.tlsf	120	REALIZABLE	0.16353518899995834	0	false		status	11	30	15	50384cf69a733199fa17c9c571da1761d8451991	f80ff3f62daaa6e22a6753a3f30a127baab424d0320949bc9957a6ff62ea5ebe	otf_sparse_formula	2026-09-19T22:05:15.504502Z		0.450000	24096768		8G	0			true		acacia-syntcomp26-coverage-191626-c8f581e853a5.scope
S-cap120-epoch2	amba_decomposed_tsingle.ltl	amba_decomposed_tsingle.tlsf	120	REALIZABLE	0.018821534991730005	0	false		status	11	30	16	50384cf69a733199fa17c9c571da1761d8451991	f80ff3f62daaa6e22a6753a3f30a127baab424d0320949bc9957a6ff62ea5ebe	otf_sparse_formula	2026-09-19T22:05:15.537318Z		0.020000	18571264		8G	0			true		acacia-syntcomp26-coverage-191626-3ef96377949c.scope
S-cap120-epoch2	arbiter_on_inpchange_pb_2_pe_.ltl	arbiter_on_inpchange_pb_2_pe_.tlsf	120	REALIZABLE	0.0339753029984422	0	false		none	11	30	17	50384cf69a733199fa17c9c571da1761d8451991	f80ff3f62daaa6e22a6753a3f30a127baab424d0320949bc9957a6ff62ea5ebe	otf_sparse_formula	2026-09-19T22:05:15.597264Z		0.060000	19030016		8G	0			true		acacia-syntcomp26-coverage-191626-edf29bc410b7.scope
S-cap120-epoch2	arbiter_with_buffer_pb_10_pe_.ltl	arbiter_with_buffer_pb_10_pe_.tlsf	120	TIMEOUT	120.22433828099747	124	true	timeout	none	0	8	18	50384cf69a733199fa17c9c571da1761d8451991	f80ff3f62daaa6e22a6753a3f30a127baab424d0320949bc9957a6ff62ea5ebe	otf_sparse_formula	2026-09-19T22:07:15.861051Z					8G	0			true		acacia-syntcomp26-coverage-191626-42f4fe9cdad6.scope
S-cap120-epoch2	box-limited-real.ltl	box-limited-real.tlsf	120	REALIZABLE	0.0444785550062079	0	false		none	11	30	19	50384cf69a733199fa17c9c571da1761d8451991	f80ff3f62daaa6e22a6753a3f30a127baab424d0320949bc9957a6ff62ea5ebe	otf_sparse_formula	2026-09-19T22:07:15.919540Z		0.070000	20021248		8G	0			true		acacia-syntcomp26-coverage-191626-1a35afe0a90f.scope
S-cap120-epoch2	chain-simple-40-real.ltl	chain-simple-40-real.tlsf	120	REALIZABLE	0.5900525480101351	0	false		none	11	31	20	50384cf69a733199fa17c9c571da1761d8451991	f80ff3f62daaa6e22a6753a3f30a127baab424d0320949bc9957a6ff62ea5ebe	otf_sparse_formula	2026-09-19T22:07:16.528252Z		2.240000	106323968		8G	0			true		acacia-syntcomp26-coverage-191626-978229898555.scope
S-cap120-epoch2	chomp_pb_4_2_pe_.ltl	chomp_pb_4_2_pe_.tlsf	120	MEMOUT	73.1706656430033	-15	false	memory	status	0	8	21	50384cf69a733199fa17c9c571da1761d8451991	f80ff3f62daaa6e22a6753a3f30a127baab424d0320949bc9957a6ff62ea5ebe	otf_sparse_formula	2026-09-19T22:08:29.718082Z				8589934592	8G	0			true		acacia-syntcomp26-coverage-191626-4d8be17e0ddf.scope
S-cap120-epoch2	collector_v3_pb_15_pe_.ltl	collector_v3_pb_15_pe_.tlsf	120	TIMEOUT	120.16735483700177	124	true	timeout	none	0	8	22	50384cf69a733199fa17c9c571da1761d8451991	f80ff3f62daaa6e22a6753a3f30a127baab424d0320949bc9957a6ff62ea5ebe	otf_sparse_formula	2026-09-19T22:10:29.898210Z					8G	0			true		acacia-syntcomp26-coverage-191626-53516e7f6a2d.scope
S-cap120-epoch2	collector_v3_pb_7_pe_.ltl	collector_v3_pb_7_pe_.tlsf	120	REALIZABLE	1.1194452730123885	0	false		status	11	30	23	50384cf69a733199fa17c9c571da1761d8451991	f80ff3f62daaa6e22a6753a3f30a127baab424d0320949bc9957a6ff62ea5ebe	otf_sparse_formula	2026-09-19T22:10:31.032283Z		4.400000	38703104		8G	0			true		acacia-syntcomp26-coverage-191626-a324a6c158a5.scope
S-cap120-epoch2	follow0.ltl	follow0.tlsf	120	TIMEOUT	120.1678856179933	124	true	timeout	none	0	8	24	50384cf69a733199fa17c9c571da1761d8451991	f80ff3f62daaa6e22a6753a3f30a127baab424d0320949bc9957a6ff62ea5ebe	otf_sparse_formula	2026-09-19T22:12:31.213761Z					8G	0			true		acacia-syntcomp26-coverage-191626-dbee9a7fc087.scope
S-cap120-epoch2	follow2.ltl	follow2.tlsf	120	TIMEOUT	120.1686953640019	124	true	timeout	none	0	8	25	50384cf69a733199fa17c9c571da1761d8451991	f80ff3f62daaa6e22a6753a3f30a127baab424d0320949bc9957a6ff62ea5ebe	otf_sparse_formula	2026-09-19T22:14:31.397330Z					8G	0			true		acacia-syntcomp26-coverage-191626-fa2d1eeeaca5.scope
S-cap120-epoch2	full_arbiter_unreal1_pb_6_8_pe_.ltl	full_arbiter_unreal1_pb_6_8_pe_.tlsf	120	UNREALIZABLE	0.029774511989671737	1	false		none	13	30	26	50384cf69a733199fa17c9c571da1761d8451991	f80ff3f62daaa6e22a6753a3f30a127baab424d0320949bc9957a6ff62ea5ebe	otf_sparse_formula	2026-09-19T22:14:31.449354Z		0.020000	15446016		8G	0			true		acacia-syntcomp26-coverage-191626-bb7381502be9.scope
S-cap120-epoch2	full_arbiter_unreal2_pb_7_pe_.ltl	full_arbiter_unreal2_pb_7_pe_.tlsf	120	UNREALIZABLE	0.037842112011276186	1	false		none	13	30	27	50384cf69a733199fa17c9c571da1761d8451991	f80ff3f62daaa6e22a6753a3f30a127baab424d0320949bc9957a6ff62ea5ebe	otf_sparse_formula	2026-09-19T22:14:31.525375Z		0.030000	15532032		8G	0			true		acacia-syntcomp26-coverage-191626-16b6355befbf.scope
S-cap120-epoch2	g-unreal-17.ltl	g-unreal-17.tlsf	120	UNREALIZABLE	0.3839538710017223	1	false		none	13	30	28	50384cf69a733199fa17c9c571da1761d8451991	f80ff3f62daaa6e22a6753a3f30a127baab424d0320949bc9957a6ff62ea5ebe	otf_sparse_formula	2026-09-19T22:14:31.924458Z		1.180000	71794688		8G	0			true		acacia-syntcomp26-coverage-191626-f58abcfa3a42.scope
S-cap120-epoch2	gf-unreal16.ltl	gf-unreal16.tlsf	120	UNREALIZABLE	0.026046764018246904	1	false		none	13	30	29	50384cf69a733199fa17c9c571da1761d8451991	f80ff3f62daaa6e22a6753a3f30a127baab424d0320949bc9957a6ff62ea5ebe	otf_sparse_formula	2026-09-19T22:14:31.963177Z		0.030000	18526208		8G	0			true		acacia-syntcomp26-coverage-191626-dd6b56265467.scope
S-cap120-epoch2	helipad-contradict0.ltl	helipad-contradict0.tlsf	120	UNREALIZABLE	43.22119635500712	1	false		none	13	34	30	50384cf69a733199fa17c9c571da1761d8451991	f80ff3f62daaa6e22a6753a3f30a127baab424d0320949bc9957a6ff62ea5ebe	otf_sparse_formula	2026-09-19T22:15:15.197265Z		171.610000	2468093952		8G	0			true		acacia-syntcomp26-coverage-191626-e54bd697d4e2.scope
S-cap120-epoch2	infinite-race-u3.ltl	infinite-race-u3.tlsf	120	UNREALIZABLE	0.07073790600406937	1	false		none	13	30	31	50384cf69a733199fa17c9c571da1761d8451991	f80ff3f62daaa6e22a6753a3f30a127baab424d0320949bc9957a6ff62ea5ebe	otf_sparse_formula	2026-09-19T22:15:15.282490Z		0.220000	23138304		8G	0			true		acacia-syntcomp26-coverage-191626-e69c12901377.scope
S-cap120-epoch2	infinite-race-u6.ltl	infinite-race-u6.tlsf	120	UNREALIZABLE	1.1227900680096354	1	false		none	13	30	32	50384cf69a733199fa17c9c571da1761d8451991	f80ff3f62daaa6e22a6753a3f30a127baab424d0320949bc9957a6ff62ea5ebe	otf_sparse_formula	2026-09-19T22:15:16.418269Z		4.400000	102289408		8G	0			true		acacia-syntcomp26-coverage-191626-050ec5ab9fc7.scope
S-cap120-epoch2	lilydemo08.ltl	lilydemo08.tlsf	120	REALIZABLE	0.02281706899520941	0	false		status	11	30	33	50384cf69a733199fa17c9c571da1761d8451991	f80ff3f62daaa6e22a6753a3f30a127baab424d0320949bc9957a6ff62ea5ebe	otf_sparse_formula	2026-09-19T22:15:16.453781Z		0.010000	15339520	41111552	8G	0			true		acacia-syntcomp26-coverage-191626-ace49c0ba37e.scope
S-cap120-epoch2	lilydemo23.ltl	lilydemo23.tlsf	120	REALIZABLE	0.02172345298458822	0	false		status	11	30	34	50384cf69a733199fa17c9c571da1761d8451991	f80ff3f62daaa6e22a6753a3f30a127baab424d0320949bc9957a6ff62ea5ebe	otf_sparse_formula	2026-09-19T22:15:16.489806Z		0.010000	17620992	43458560	8G	0			true		acacia-syntcomp26-coverage-191626-f6d1cd798a44.scope
S-cap120-epoch2	load_balancer_unreal1_pb_2_6_pe_.ltl	load_balancer_unreal1_pb_2_6_pe_.tlsf	120	UNREALIZABLE	0.027893118996871635	1	false		status	13	30	35	50384cf69a733199fa17c9c571da1761d8451991	f80ff3f62daaa6e22a6753a3f30a127baab424d0320949bc9957a6ff62ea5ebe	otf_sparse_formula	2026-09-19T22:15:16.529899Z		0.020000	19357696		8G	0			true		acacia-syntcomp26-coverage-191626-931d36be1c71.scope
S-cap120-epoch2	load_balancer_unreal1_pb_2_8_pe_.ltl	load_balancer_unreal1_pb_2_8_pe_.tlsf	120	UNREALIZABLE	0.03204386599827558	1	false		status	13	30	36	50384cf69a733199fa17c9c571da1761d8451991	f80ff3f62daaa6e22a6753a3f30a127baab424d0320949bc9957a6ff62ea5ebe	otf_sparse_formula	2026-09-19T22:15:16.574284Z		0.030000	20037632		8G	0			true		acacia-syntcomp26-coverage-191626-9b617aae8f98.scope
S-cap120-epoch2	load_balancer_unreal1_pb_3_10_pe_.ltl	load_balancer_unreal1_pb_3_10_pe_.tlsf	120	UNREALIZABLE	0.1537416259816382	1	false		status	13	30	37	50384cf69a733199fa17c9c571da1761d8451991	f80ff3f62daaa6e22a6753a3f30a127baab424d0320949bc9957a6ff62ea5ebe	otf_sparse_formula	2026-09-19T22:15:16.741098Z		0.450000	33468416		8G	0			true		acacia-syntcomp26-coverage-191626-3b67dc896e8c.scope
S-cap120-epoch2	load_balancer_unreal2_pb_5_pe_.ltl	load_balancer_unreal2_pb_5_pe_.tlsf	120	UNREALIZABLE	12.510271868988639	1	false		status	13	32	38	50384cf69a733199fa17c9c571da1761d8451991	f80ff3f62daaa6e22a6753a3f30a127baab424d0320949bc9957a6ff62ea5ebe	otf_sparse_formula	2026-09-19T22:15:29.265170Z		41.220000	195207168		8G	0			true		acacia-syntcomp26-coverage-191626-24b80bd0b8bd.scope
S-cap120-epoch2	ltl2dba09.ltl	ltl2dba09.tlsf	120	REALIZABLE	0.020040310017066076	0	false		status	11	30	39	50384cf69a733199fa17c9c571da1761d8451991	f80ff3f62daaa6e22a6753a3f30a127baab424d0320949bc9957a6ff62ea5ebe	otf_sparse_formula	2026-09-19T22:15:29.303664Z		0.010000	15327232		8G	0			true		acacia-syntcomp26-coverage-191626-ec543400b00d.scope
S-cap120-epoch2	ltl2dba_C2_pb_4_pe_.ltl	ltl2dba_C2_pb_4_pe_.tlsf	120	REALIZABLE	0.022475021018180996	0	false		status	11	30	40	50384cf69a733199fa17c9c571da1761d8451991	f80ff3f62daaa6e22a6753a3f30a127baab424d0320949bc9957a6ff62ea5ebe	otf_sparse_formula	2026-09-19T22:15:29.347923Z		0.020000	15327232		8G	0			true		acacia-syntcomp26-coverage-191626-246eee5e8dde.scope
S-cap120-epoch2	ltl2dba_C2_unreal_pb_16_pe_.ltl	ltl2dba_C2_unreal_pb_16_pe_.tlsf	120	UNREALIZABLE	19.851380446983967	1	false		status	13	32	41	50384cf69a733199fa17c9c571da1761d8451991	f80ff3f62daaa6e22a6753a3f30a127baab424d0320949bc9957a6ff62ea5ebe	otf_sparse_formula	2026-09-19T22:15:49.212088Z		78.850000	750149632		8G	0			true		acacia-syntcomp26-coverage-191626-9d6824e751d1.scope
S-cap120-epoch2	ltl2dba_C2_unreal_pb_2_pe_.ltl	ltl2dba_C2_unreal_pb_2_pe_.tlsf	120	UNREALIZABLE	0.016300443006912246	1	false		status	13	30	42	50384cf69a733199fa17c9c571da1761d8451991	f80ff3f62daaa6e22a6753a3f30a127baab424d0320949bc9957a6ff62ea5ebe	otf_sparse_formula	2026-09-19T22:15:49.241752Z		0.010000	18055168	44503040	8G	0			true		acacia-syntcomp26-coverage-191626-308780edcff1.scope
S-cap120-epoch2	ltl2dba_E_pb_6_pe_.ltl	ltl2dba_E_pb_6_pe_.tlsf	120	REALIZABLE	0.015272805991116911	0	false		status	11	30	43	50384cf69a733199fa17c9c571da1761d8451991	f80ff3f62daaa6e22a6753a3f30a127baab424d0320949bc9957a6ff62ea5ebe	otf_sparse_formula	2026-09-19T22:15:49.269123Z		0.010000	15310848	42409984	8G	0			true		acacia-syntcomp26-coverage-191626-08ba7d6d9f25.scope
S-cap120-epoch2	ltl2dba_Q_pb_50_pe_.ltl	ltl2dba_Q_pb_50_pe_.tlsf	120	REALIZABLE	0.020851448993198574	0	false		none	11	30	44	50384cf69a733199fa17c9c571da1761d8451991	f80ff3f62daaa6e22a6753a3f30a127baab424d0320949bc9957a6ff62ea5ebe	otf_sparse_formula	2026-09-19T22:15:49.302314Z		0.010000	15372288	42291200	8G	0			true		acacia-syntcomp26-coverage-191626-cc8a9e07fa8e.scope
S-cap120-epoch2	ltl2dpa12.ltl	ltl2dpa12.tlsf	120	REALIZABLE	0.02272127999458462	0	false		status	11	30	45	50384cf69a733199fa17c9c571da1761d8451991	f80ff3f62daaa6e22a6753a3f30a127baab424d0320949bc9957a6ff62ea5ebe	otf_sparse_formula	2026-09-19T22:15:49.348965Z		0.020000	20078592		8G	0			true		acacia-syntcomp26-coverage-191626-a3b1d5415545.scope
S-cap120-epoch2	mux_pb_8_pe_.ltl	mux_pb_8_pe_.tlsf	120	REALIZABLE	0.03413759698742069	0	false		status	11	30	46	50384cf69a733199fa17c9c571da1761d8451991	f80ff3f62daaa6e22a6753a3f30a127baab424d0320949bc9957a6ff62ea5ebe	otf_sparse_formula	2026-09-19T22:15:49.411460Z		0.030000	15769600		8G	0			true		acacia-syntcomp26-coverage-191626-e5590e4e8012.scope
S-cap120-epoch2	patrolling-alarm14.ltl	patrolling-alarm14.tlsf	120	UNREALIZABLE	0.24932412698399276	1	false		none	13	30	47	50384cf69a733199fa17c9c571da1761d8451991	f80ff3f62daaa6e22a6753a3f30a127baab424d0320949bc9957a6ff62ea5ebe	otf_sparse_formula	2026-09-19T22:15:49.678695Z		0.870000	40181760		8G	0			true		acacia-syntcomp26-coverage-191626-54c2dabed40f.scope
S-cap120-epoch2	patrolling-alarm19.ltl	patrolling-alarm19.tlsf	120	UNREALIZABLE	0.5566172800026834	1	false		none	13	30	48	50384cf69a733199fa17c9c571da1761d8451991	f80ff3f62daaa6e22a6753a3f30a127baab424d0320949bc9957a6ff62ea5ebe	otf_sparse_formula	2026-09-19T22:15:50.249681Z		2.080000	96133120		8G	0			true		acacia-syntcomp26-coverage-191626-6b4000fec241.scope
S-cap120-epoch2	patrolling-alarm8.ltl	patrolling-alarm8.tlsf	120	UNREALIZABLE	0.10038865098613314	1	false		none	13	30	49	50384cf69a733199fa17c9c571da1761d8451991	f80ff3f62daaa6e22a6753a3f30a127baab424d0320949bc9957a6ff62ea5ebe	otf_sparse_formula	2026-09-19T22:15:50.364868Z		0.310000	27340800		8G	0			true		acacia-syntcomp26-coverage-191626-1e65f612fd00.scope
S-cap120-epoch2	patrolling12.ltl	patrolling12.tlsf	120	UNREALIZABLE	0.19069361701258458	1	false		none	13	30	50	50384cf69a733199fa17c9c571da1761d8451991	f80ff3f62daaa6e22a6753a3f30a127baab424d0320949bc9957a6ff62ea5ebe	otf_sparse_formula	2026-09-19T22:15:50.569862Z		0.670000	35930112		8G	0			true		acacia-syntcomp26-coverage-191626-567221a18e44.scope
S-cap120-epoch2	prioritized_arbiter_unreal1_pb_2_2_pe_.ltl	prioritized_arbiter_unreal1_pb_2_2_pe_.tlsf	120	UNREALIZABLE	0.021073840995086357	1	false		status	13	30	51	50384cf69a733199fa17c9c571da1761d8451991	f80ff3f62daaa6e22a6753a3f30a127baab424d0320949bc9957a6ff62ea5ebe	otf_sparse_formula	2026-09-19T22:15:50.615263Z		0.010000	18370560		8G	0			true		acacia-syntcomp26-coverage-191626-e71762f6ad28.scope
S-cap120-epoch2	prioritized_arbiter_unreal1_pb_3_5_pe_.ltl	prioritized_arbiter_unreal1_pb_3_5_pe_.tlsf	120	UNREALIZABLE	0.03248989302664995	1	false		status	13	30	52	50384cf69a733199fa17c9c571da1761d8451991	f80ff3f62daaa6e22a6753a3f30a127baab424d0320949bc9957a6ff62ea5ebe	otf_sparse_formula	2026-09-19T22:15:50.673282Z		0.030000	18530304		8G	0			true		acacia-syntcomp26-coverage-191626-7490091e4e40.scope
S-cap120-epoch2	prioritized_arbiter_unreal1_pb_6_2_pe_.ltl	prioritized_arbiter_unreal1_pb_6_2_pe_.tlsf	120	UNREALIZABLE	0.0401403610012494	1	false		status	13	30	53	50384cf69a733199fa17c9c571da1761d8451991	f80ff3f62daaa6e22a6753a3f30a127baab424d0320949bc9957a6ff62ea5ebe	otf_sparse_formula	2026-09-19T22:15:50.739252Z		0.050000	18948096		8G	0			true		acacia-syntcomp26-coverage-191626-ceb135fecab4.scope
S-cap120-epoch2	prioritized_arbiter_unreal2_pb_5_pe_.ltl	prioritized_arbiter_unreal2_pb_5_pe_.tlsf	120	UNREALIZABLE	0.0330972789961379	1	false		status	13	30	54	50384cf69a733199fa17c9c571da1761d8451991	f80ff3f62daaa6e22a6753a3f30a127baab424d0320949bc9957a6ff62ea5ebe	otf_sparse_formula	2026-09-19T22:15:50.795756Z		0.030000	18874368		8G	0			true		acacia-syntcomp26-coverage-191626-091e0dba4a17.scope
S-cap120-epoch2	robot-to-target-charging14.ltl	robot-to-target-charging14.tlsf	120	MEMOUT	102.17839093899238	-15	false	memory	none	0	8	55	50384cf69a733199fa17c9c571da1761d8451991	f80ff3f62daaa6e22a6753a3f30a127baab424d0320949bc9957a6ff62ea5ebe	otf_sparse_formula	2026-09-19T22:17:32.997830Z				8589934592	8G	0			true		acacia-syntcomp26-coverage-191626-ca06ddf4b14b.scope
S-cap120-epoch2	robot-to-target-charging3.ltl	robot-to-target-charging3.tlsf	120	UNREALIZABLE	6.2645704120222945	1	false		none	13	32	56	50384cf69a733199fa17c9c571da1761d8451991	f80ff3f62daaa6e22a6753a3f30a127baab424d0320949bc9957a6ff62ea5ebe	otf_sparse_formula	2026-09-19T22:17:39.277348Z		24.850000	114835456		8G	0			true		acacia-syntcomp26-coverage-191626-e34379527d42.scope
S-cap120-epoch2	robot-to-target-charging4.ltl	robot-to-target-charging4.tlsf	120	UNREALIZABLE	6.687057731003733	1	false		none	13	32	57	50384cf69a733199fa17c9c571da1761d8451991	f80ff3f62daaa6e22a6753a3f30a127baab424d0320949bc9957a6ff62ea5ebe	otf_sparse_formula	2026-09-19T22:17:45.978074Z		26.550000	114954240		8G	0			true		acacia-syntcomp26-coverage-191626-5a25f40b8253.scope
S-cap120-epoch2	robot_grid_pb_3_3_pe_.ltl	robot_grid_pb_3_3_pe_.tlsf	120	REALIZABLE	0.26927981298649684	0	false		none	11	30	58	50384cf69a733199fa17c9c571da1761d8451991	f80ff3f62daaa6e22a6753a3f30a127baab424d0320949bc9957a6ff62ea5ebe	otf_sparse_formula	2026-09-19T22:17:46.261823Z		1.000000	42156032		8G	0			true		acacia-syntcomp26-coverage-191626-2395d0c195d0.scope
S-cap120-epoch2	round_robin_arbiter_pb_2_pe_.ltl	round_robin_arbiter_pb_2_pe_.tlsf	120	REALIZABLE	0.020688579010311514	0	false		status	11	30	59	50384cf69a733199fa17c9c571da1761d8451991	f80ff3f62daaa6e22a6753a3f30a127baab424d0320949bc9957a6ff62ea5ebe	otf_sparse_formula	2026-09-19T22:17:46.296998Z		0.010000	18993152	46039040	8G	0			true		acacia-syntcomp26-coverage-191626-662b4978f7a9.scope
S-cap120-epoch2	round_robin_arbiter_unreal1_pb_4_8_pe_.ltl	round_robin_arbiter_unreal1_pb_4_8_pe_.tlsf	120	MEMOUT	56.20761539100204	-15	false	memory	none	0	8	60	50384cf69a733199fa17c9c571da1761d8451991	f80ff3f62daaa6e22a6753a3f30a127baab424d0320949bc9957a6ff62ea5ebe	otf_sparse_formula	2026-09-19T22:18:42.525392Z				8589934592	8G	0			true		acacia-syntcomp26-coverage-191626-83da4ada693f.scope
S-cap120-epoch2	simple_arbiter_enc_pb_11_pe_.ltl	simple_arbiter_enc_pb_11_pe_.tlsf	120	MEMOUT	102.65574286997435	-15	false	memory	none	0	8	61	50384cf69a733199fa17c9c571da1761d8451991	f80ff3f62daaa6e22a6753a3f30a127baab424d0320949bc9957a6ff62ea5ebe	otf_sparse_formula	2026-09-19T22:20:25.202793Z				8589934592	8G	0			true		acacia-syntcomp26-coverage-191626-0b3591ef1069.scope
S-cap120-epoch2	simple_arbiter_unreal1_pb_3_5_pe_.ltl	simple_arbiter_unreal1_pb_3_5_pe_.tlsf	120	UNREALIZABLE	0.019108628010144457	1	false		status	13	30	62	50384cf69a733199fa17c9c571da1761d8451991	f80ff3f62daaa6e22a6753a3f30a127baab424d0320949bc9957a6ff62ea5ebe	otf_sparse_formula	2026-09-19T22:20:25.235050Z		0.010000	15179776	41578496	8G	0			true		acacia-syntcomp26-coverage-191626-9918a09a7943.scope
S-cap120-epoch2	simple_arbiter_unreal1_pb_5_8_pe_.ltl	simple_arbiter_unreal1_pb_5_8_pe_.tlsf	120	UNREALIZABLE	0.015703083015978336	1	false		status	13	30	63	50384cf69a733199fa17c9c571da1761d8451991	f80ff3f62daaa6e22a6753a3f30a127baab424d0320949bc9957a6ff62ea5ebe	otf_sparse_formula	2026-09-19T22:20:25.263909Z		0.010000	15355904	43036672	8G	0			true		acacia-syntcomp26-coverage-191626-9e3303b2c025.scope
S-cap120-epoch2	sort52.ltl	sort52.tlsf	120	TIMEOUT	120.21919765599887	124	true	timeout	none	0	8	64	50384cf69a733199fa17c9c571da1761d8451991	f80ff3f62daaa6e22a6753a3f30a127baab424d0320949bc9957a6ff62ea5ebe	otf_sparse_formula	2026-09-19T22:22:25.494568Z					8G	0			true		acacia-syntcomp26-coverage-191626-e27a3f682dd7.scope
S-cap120-epoch2	test8_88f351a6.ltl	test8_88f351a6.tlsf	120	UNREALIZABLE	0.025979536992963403	1	false		status	13	30	65	50384cf69a733199fa17c9c571da1761d8451991	f80ff3f62daaa6e22a6753a3f30a127baab424d0320949bc9957a6ff62ea5ebe	otf_sparse_formula	2026-09-19T22:22:25.533503Z		0.010000	18595840	45268992	8G	0			true		acacia-syntcomp26-coverage-191626-7939cfebbadd.scope
S-cap120-epoch2	05.ltl	05.tlsf	120	REALIZABLE	13.963627663993975	0	false		none	11	32	0	50384cf69a733199fa17c9c571da1761d8451991	f80ff3f62daaa6e22a6753a3f30a127baab424d0320949bc9957a6ff62ea5ebe	otf_sparse_formula	2026-09-19T22:22:39.636027Z		42.250000	444067840		8G	0			true		acacia-syntcomp26-coverage-192963-c19b21ebabd0.scope
S-cap120-epoch2	CheckHeating_3461125b.ltl	CheckHeating_3461125b.tlsf	120	UNREALIZABLE	0.01910219798446633	1	false		status	13	30	1	50384cf69a733199fa17c9c571da1761d8451991	f80ff3f62daaa6e22a6753a3f30a127baab424d0320949bc9957a6ff62ea5ebe	otf_sparse_formula	2026-09-19T22:22:39.683075Z		0.010000	18518016	44482560	8G	0			true		acacia-syntcomp26-coverage-192963-df0cdd01fe2a.scope
S-cap120-epoch2	CheckWarnlightBroken1_70523fbe.ltl	CheckWarnlightBroken1_70523fbe.tlsf	120	REALIZABLE	0.027347141003701836	0	false		status	11	30	2	50384cf69a733199fa17c9c571da1761d8451991	f80ff3f62daaa6e22a6753a3f30a127baab424d0320949bc9957a6ff62ea5ebe	otf_sparse_formula	2026-09-19T22:22:39.726560Z		0.010000	17887232	43175936	8G	0			true		acacia-syntcomp26-coverage-192963-89180596a076.scope
S-cap120-epoch2	Cockpitboard.ltl	Cockpitboard.tlsf	120	REALIZABLE	0.026077465998241678	0	false		status	11	30	3	50384cf69a733199fa17c9c571da1761d8451991	f80ff3f62daaa6e22a6753a3f30a127baab424d0320949bc9957a6ff62ea5ebe	otf_sparse_formula	2026-09-19T22:22:39.766310Z		0.010000	15921152	43552768	8G	0			true		acacia-syntcomp26-coverage-192963-a9f4db8deb41.scope
S-cap120-epoch2	Demo1_c2b9e44d.ltl	Demo1_c2b9e44d.tlsf	120	TIMEOUT	120.22424277698155	124	true	timeout	none	0	8	4	50384cf69a733199fa17c9c571da1761d8451991	f80ff3f62daaa6e22a6753a3f30a127baab424d0320949bc9957a6ff62ea5ebe	otf_sparse_formula	2026-09-19T22:24:40.016898Z					8G	0			true		acacia-syntcomp26-coverage-192963-5b0ff951458c.scope
S-cap120-epoch2	Door_2d1010f8.ltl	Door_2d1010f8.tlsf	120	REALIZABLE	0.03444170200964436	0	false		status	11	30	5	50384cf69a733199fa17c9c571da1761d8451991	f80ff3f62daaa6e22a6753a3f30a127baab424d0320949bc9957a6ff62ea5ebe	otf_sparse_formula	2026-09-19T22:24:40.078753Z		0.040000	19656704		8G	0			true		acacia-syntcomp26-coverage-192963-a81299cc02bf.scope
S-cap120-epoch2	GF-G-contradiction3.ltl	GF-G-contradiction3.tlsf	120	UNREALIZABLE	1.769115650007734	1	false		none	13	31	6	50384cf69a733199fa17c9c571da1761d8451991	f80ff3f62daaa6e22a6753a3f30a127baab424d0320949bc9957a6ff62ea5ebe	otf_sparse_formula	2026-09-19T22:24:41.861136Z		6.890000	171667456		8G	0			true		acacia-syntcomp26-coverage-192963-c866d3d673b3.scope
S-cap120-epoch2	HeatingMin_d6c5ac79.ltl	HeatingMin_d6c5ac79.tlsf	120	REALIZABLE	0.019072986993705854	0	false		status	11	30	7	50384cf69a733199fa17c9c571da1761d8451991	f80ff3f62daaa6e22a6753a3f30a127baab424d0320949bc9957a6ff62ea5ebe	otf_sparse_formula	2026-09-19T22:24:41.893217Z		0.010000	18382848	43970560	8G	0			true		acacia-syntcomp26-coverage-192963-4bd517352266.scope
S-cap120-epoch2	OneCounterGuiA5.ltl	OneCounterGuiA5.tlsf	120	UNREALIZABLE	0.11548178398516029	1	false		status	13	30	8	50384cf69a733199fa17c9c571da1761d8451991	f80ff3f62daaa6e22a6753a3f30a127baab424d0320949bc9957a6ff62ea5ebe	otf_sparse_formula	2026-09-19T22:24:42.026700Z		0.380000	27619328		8G	0			true		acacia-syntcomp26-coverage-192963-0a9fe20a7cfe.scope
S-cap120-epoch2	OneCounterInRangeA2.ltl	OneCounterInRangeA2.tlsf	120	UNREALIZABLE	0.023837524000555277	1	false		status	13	30	9	50384cf69a733199fa17c9c571da1761d8451991	f80ff3f62daaa6e22a6753a3f30a127baab424d0320949bc9957a6ff62ea5ebe	otf_sparse_formula	2026-09-19T22:24:42.064166Z		0.010000	20115456		8G	0			true		acacia-syntcomp26-coverage-192963-d1bccfd0b1c2.scope
S-cap120-epoch2	PlugController_fa4d4ce3.ltl	PlugController_fa4d4ce3.tlsf	120	REALIZABLE	0.02649325897800736	0	false		status	11	30	10	50384cf69a733199fa17c9c571da1761d8451991	f80ff3f62daaa6e22a6753a3f30a127baab424d0320949bc9957a6ff62ea5ebe	otf_sparse_formula	2026-09-19T22:24:42.102653Z		0.020000	20287488		8G	0			true		acacia-syntcomp26-coverage-192963-4aa26107c5f0.scope
S-cap120-epoch2	TwoCounters2.ltl	TwoCounters2.tlsf	120	UNREALIZABLE	0.0273886889917776	1	false		status	13	30	11	50384cf69a733199fa17c9c571da1761d8451991	f80ff3f62daaa6e22a6753a3f30a127baab424d0320949bc9957a6ff62ea5ebe	otf_sparse_formula	2026-09-19T22:24:42.143383Z		0.050000	20889600		8G	0			true		acacia-syntcomp26-coverage-192963-6264aecdb2ce.scope
S-cap120-epoch2	TwoCountersDisButA9.ltl	TwoCountersDisButA9.tlsf	120	UNREALIZABLE	0.19434598501538858	1	false		status	13	30	12	50384cf69a733199fa17c9c571da1761d8451991	f80ff3f62daaa6e22a6753a3f30a127baab424d0320949bc9957a6ff62ea5ebe	otf_sparse_formula	2026-09-19T22:24:42.355642Z		0.700000	37957632		8G	0			true		acacia-syntcomp26-coverage-192963-22a6b0854e54.scope
S-cap120-epoch2	Window2_9cac58d3.ltl	Window2_9cac58d3.tlsf	120	REALIZABLE	0.0317587080062367	0	false		status	11	30	13	50384cf69a733199fa17c9c571da1761d8451991	f80ff3f62daaa6e22a6753a3f30a127baab424d0320949bc9957a6ff62ea5ebe	otf_sparse_formula	2026-09-19T22:24:42.408885Z		0.050000	19161088		8G	0			true		acacia-syntcomp26-coverage-192963-897100f8a888.scope
S-cap120-epoch2	Zoo5.ltl	Zoo5.tlsf	120	REALIZABLE	0.03922849497757852	0	false		status	11	30	14	50384cf69a733199fa17c9c571da1761d8451991	f80ff3f62daaa6e22a6753a3f30a127baab424d0320949bc9957a6ff62ea5ebe	otf_sparse_formula	2026-09-19T22:24:42.475212Z		0.050000	19017728		8G	0			true		acacia-syntcomp26-coverage-192963-32483c1b262c.scope
S-cap120-epoch2	amba_decomposed_arbiter_pb_11_pe_.ltl	amba_decomposed_arbiter_pb_11_pe_.tlsf	120	TIMEOUT	120.21876999898814	124	true	timeout	none	0	8	15	50384cf69a733199fa17c9c571da1761d8451991	f80ff3f62daaa6e22a6753a3f30a127baab424d0320949bc9957a6ff62ea5ebe	otf_sparse_formula	2026-09-19T22:26:42.714509Z					8G	0			true		acacia-syntcomp26-coverage-192963-2941cdaf7d14.scope
S-cap120-epoch2	amba_decomposed_tburst4.ltl	amba_decomposed_tburst4.tlsf	120	REALIZABLE	0.03356424000230618	0	false		status	11	30	16	50384cf69a733199fa17c9c571da1761d8451991	f80ff3f62daaa6e22a6753a3f30a127baab424d0320949bc9957a6ff62ea5ebe	otf_sparse_formula	2026-09-19T22:26:42.771445Z		0.040000	18857984		8G	0			true		acacia-syntcomp26-coverage-192963-f85c0a4fd5b5.scope
S-cap120-epoch2	arbiter_with_buffer_pb_5_pe_.ltl	arbiter_with_buffer_pb_5_pe_.tlsf	120	REALIZABLE	0.8534974099893589	0	false		none	11	30	17	50384cf69a733199fa17c9c571da1761d8451991	f80ff3f62daaa6e22a6753a3f30a127baab424d0320949bc9957a6ff62ea5ebe	otf_sparse_formula	2026-09-19T22:26:43.639476Z		2.730000	55578624		8G	0			true		acacia-syntcomp26-coverage-192963-defca6e04524.scope
S-cap120-epoch2	chomp_pb_2_6_pe_.ltl	chomp_pb_2_6_pe_.tlsf	120	TIMEOUT	120.21432987402659	124	true	timeout	status	0	8	18	50384cf69a733199fa17c9c571da1761d8451991	f80ff3f62daaa6e22a6753a3f30a127baab424d0320949bc9957a6ff62ea5ebe	otf_sparse_formula	2026-09-19T22:28:43.865877Z					8G	0			true		acacia-syntcomp26-coverage-192963-ed4d5bc461f5.scope
S-cap120-epoch2	full_arbiter_unreal1_pb_4_5_pe_.ltl	full_arbiter_unreal1_pb_4_5_pe_.tlsf	120	UNREALIZABLE	0.01729695699759759	1	false		status	13	30	19	50384cf69a733199fa17c9c571da1761d8451991	f80ff3f62daaa6e22a6753a3f30a127baab424d0320949bc9957a6ff62ea5ebe	otf_sparse_formula	2026-09-19T22:28:43.896657Z		0.010000	15450112	43307008	8G	0			true		acacia-syntcomp26-coverage-192963-b17c622285ce.scope
S-cap120-epoch2	g-unreal-115.ltl	g-unreal-115.tlsf	120	UNREALIZABLE	16.70221963900258	1	false		none	13	33	20	50384cf69a733199fa17c9c571da1761d8451991	f80ff3f62daaa6e22a6753a3f30a127baab424d0320949bc9957a6ff62ea5ebe	otf_sparse_formula	2026-09-19T22:29:00.611824Z		35.070000	1264902144		8G	0			true		acacia-syntcomp26-coverage-192963-e957ae87379b.scope
S-cap120-epoch2	g-unreal-116.ltl	g-unreal-116.tlsf	120	UNREALIZABLE	33.364855051011546	1	false		none	13	33	21	50384cf69a733199fa17c9c571da1761d8451991	f80ff3f62daaa6e22a6753a3f30a127baab424d0320949bc9957a6ff62ea5ebe	otf_sparse_formula	2026-09-19T22:29:33.989925Z		68.650000	1397497856		8G	0			true		acacia-syntcomp26-coverage-192963-fb1197508590.scope
S-cap120-epoch2	g-unreal-33.ltl	g-unreal-33.tlsf	120	UNREALIZABLE	0.5796315540210344	1	false		none	13	30	22	50384cf69a733199fa17c9c571da1761d8451991	f80ff3f62daaa6e22a6753a3f30a127baab424d0320949bc9957a6ff62ea5ebe	otf_sparse_formula	2026-09-19T22:29:34.583281Z		2.240000	70676480		8G	0			true		acacia-syntcomp26-coverage-192963-aa52fc8eaf0b.scope
S-cap120-epoch2	generalized_buffer_pb_5_pe_.ltl	generalized_buffer_pb_5_pe_.tlsf	120	REALIZABLE	1.7534099979966413	0	false		none	11	31	23	50384cf69a733199fa17c9c571da1761d8451991	f80ff3f62daaa6e22a6753a3f30a127baab424d0320949bc9957a6ff62ea5ebe	otf_sparse_formula	2026-09-19T22:29:36.352021Z		6.920000	112996352		8G	0			true		acacia-syntcomp26-coverage-192963-407cab4f50c0.scope
S-cap120-epoch2	gf-unreal32.ltl	gf-unreal32.tlsf	120	UNREALIZABLE	0.034460672992281616	1	false		none	13	30	24	50384cf69a733199fa17c9c571da1761d8451991	f80ff3f62daaa6e22a6753a3f30a127baab424d0320949bc9957a6ff62ea5ebe	otf_sparse_formula	2026-09-19T22:29:36.400654Z		0.050000	19492864		8G	0			true		acacia-syntcomp26-coverage-192963-ba467749c091.scope
S-cap120-epoch2	heim-double-x1.ltl	heim-double-x1.tlsf	120	UNREALIZABLE	0.05965904498589225	1	false		none	13	30	25	50384cf69a733199fa17c9c571da1761d8451991	f80ff3f62daaa6e22a6753a3f30a127baab424d0320949bc9957a6ff62ea5ebe	otf_sparse_formula	2026-09-19T22:29:36.475003Z		0.160000	23064576		8G	0			true		acacia-syntcomp26-coverage-192963-e0e9e3f45573.scope
S-cap120-epoch2	heim-double-x8.ltl	heim-double-x8.tlsf	120	UNREALIZABLE	1.1510931189986877	1	false		none	13	30	26	50384cf69a733199fa17c9c571da1761d8451991	f80ff3f62daaa6e22a6753a3f30a127baab424d0320949bc9957a6ff62ea5ebe	otf_sparse_formula	2026-09-19T22:29:37.639103Z		4.240000	72478720		8G	0			true		acacia-syntcomp26-coverage-192963-b39063be4283.scope
S-cap120-epoch2	infinite-race-u21.ltl	infinite-race-u21.tlsf	120	MEMOUT	45.12461061400245	-15	false	memory	none	0	8	27	50384cf69a733199fa17c9c571da1761d8451991	f80ff3f62daaa6e22a6753a3f30a127baab424d0320949bc9957a6ff62ea5ebe	otf_sparse_formula	2026-09-19T22:30:22.784074Z				8589934592	8G	0			true		acacia-syntcomp26-coverage-192963-a49b53504140.scope
S-cap120-epoch2	items_processing-real.ltl	items_processing-real.tlsf	120	TIMEOUT	120.07149945001584	124	true	timeout	none	0	8	28	50384cf69a733199fa17c9c571da1761d8451991	f80ff3f62daaa6e22a6753a3f30a127baab424d0320949bc9957a6ff62ea5ebe	otf_sparse_formula	2026-09-19T22:32:22.868751Z					8G	0			true		acacia-syntcomp26-coverage-192963-3dace4cb4e57.scope
S-cap120-epoch2	lift_gr1_pb_7_pe_.ltl	lift_gr1_pb_7_pe_.tlsf	120	MEMOUT	59.13640078098979	-15	false	memory	none	0	8	29	50384cf69a733199fa17c9c571da1761d8451991	f80ff3f62daaa6e22a6753a3f30a127baab424d0320949bc9957a6ff62ea5ebe	otf_sparse_formula	2026-09-19T22:33:22.032049Z				8589934592	8G	0			true		acacia-syntcomp26-coverage-192963-179a810cc510.scope
S-cap120-epoch2	lift_pb_4_pe_.ltl	lift_pb_4_pe_.tlsf	120	MEMOUT	75.62833534099627	-15	false	memory	none	0	8	30	50384cf69a733199fa17c9c571da1761d8451991	f80ff3f62daaa6e22a6753a3f30a127baab424d0320949bc9957a6ff62ea5ebe	otf_sparse_formula	2026-09-19T22:34:37.679517Z				8589934592	8G	0			true		acacia-syntcomp26-coverage-192963-860d58b3e3d0.scope
S-cap120-epoch2	lift_pb_7_pe_.ltl	lift_pb_7_pe_.tlsf	120	MEMOUT	78.82331673701992	-15	false	memory	none	0	8	31	50384cf69a733199fa17c9c571da1761d8451991	f80ff3f62daaa6e22a6753a3f30a127baab424d0320949bc9957a6ff62ea5ebe	otf_sparse_formula	2026-09-19T22:35:56.523168Z				8589934592	8G	0			true		acacia-syntcomp26-coverage-192963-db236c4d6225.scope
S-cap120-epoch2	lift_wrong_physics_unreal_pb_4_pe_.ltl	lift_wrong_physics_unreal_pb_4_pe_.tlsf	120	UNREALIZABLE	0.035924022988183424	1	false		none	13	30	32	50384cf69a733199fa17c9c571da1761d8451991	f80ff3f62daaa6e22a6753a3f30a127baab424d0320949bc9957a6ff62ea5ebe	otf_sparse_formula	2026-09-19T22:35:56.575153Z		0.070000	19922944		8G	0			true		acacia-syntcomp26-coverage-192963-7558b674eb51.scope
S-cap120-epoch2	load_balancer_unreal2_pb_3_pe_.ltl	load_balancer_unreal2_pb_3_pe_.tlsf	120	UNREALIZABLE	0.043040680000558496	1	false		status	13	30	33	50384cf69a733199fa17c9c571da1761d8451991	f80ff3f62daaa6e22a6753a3f30a127baab424d0320949bc9957a6ff62ea5ebe	otf_sparse_formula	2026-09-19T22:35:56.631333Z		0.050000	20504576		8G	0			true		acacia-syntcomp26-coverage-192963-d9302b7ef1ca.scope
S-cap120-epoch2	ltl2dba_C2_pb_10_pe_.ltl	ltl2dba_C2_pb_10_pe_.tlsf	120	REALIZABLE	0.021389831992564723	0	false		status	11	30	34	50384cf69a733199fa17c9c571da1761d8451991	f80ff3f62daaa6e22a6753a3f30a127baab424d0320949bc9957a6ff62ea5ebe	otf_sparse_formula	2026-09-19T22:35:56.674487Z		0.020000	15466496		8G	0			true		acacia-syntcomp26-coverage-192963-9dcea6c3552c.scope
S-cap120-epoch2	ltl2dba_C2_pb_9_pe_.ltl	ltl2dba_C2_pb_9_pe_.tlsf	120	REALIZABLE	0.015568413014989346	0	false		status	11	30	35	50384cf69a733199fa17c9c571da1761d8451991	f80ff3f62daaa6e22a6753a3f30a127baab424d0320949bc9957a6ff62ea5ebe	otf_sparse_formula	2026-09-19T22:35:56.702778Z		0.010000	15503360	42131456	8G	0			true		acacia-syntcomp26-coverage-192963-ae6aa6f56f8b.scope
S-cap120-epoch2	ltl2dba_C2_unreal_pb_11_pe_.ltl	ltl2dba_C2_unreal_pb_11_pe_.tlsf	120	UNREALIZABLE	0.23738713201601058	1	false		status	13	30	36	50384cf69a733199fa17c9c571da1761d8451991	f80ff3f62daaa6e22a6753a3f30a127baab424d0320949bc9957a6ff62ea5ebe	otf_sparse_formula	2026-09-19T22:35:56.953161Z		0.870000	34144256		8G	0			true		acacia-syntcomp26-coverage-192963-3562fe0ad8bf.scope
S-cap120-epoch2	ltl2dba_C2_unreal_pb_3_pe_.ltl	ltl2dba_C2_unreal_pb_3_pe_.tlsf	120	UNREALIZABLE	0.021999908989528194	1	false		status	13	30	37	50384cf69a733199fa17c9c571da1761d8451991	f80ff3f62daaa6e22a6753a3f30a127baab424d0320949bc9957a6ff62ea5ebe	otf_sparse_formula	2026-09-19T22:35:56.989016Z		0.010000	18956288		8G	0			true		acacia-syntcomp26-coverage-192963-95f5c5ce8d99.scope
S-cap120-epoch2	ltl2dba_C2_unreal_pb_60_pe_.ltl	ltl2dba_C2_unreal_pb_60_pe_.tlsf	120	TIMEOUT	120.21490186199662	124	true	timeout	none	0	8	38	50384cf69a733199fa17c9c571da1761d8451991	f80ff3f62daaa6e22a6753a3f30a127baab424d0320949bc9957a6ff62ea5ebe	otf_sparse_formula	2026-09-19T22:37:57.243953Z					8G	0			true		acacia-syntcomp26-coverage-192963-9b8c86749cb7.scope
S-cap120-epoch2	ltl2dba_E_pb_10_pe_.ltl	ltl2dba_E_pb_10_pe_.tlsf	120	REALIZABLE	0.03589519200613722	0	false		status	11	30	39	50384cf69a733199fa17c9c571da1761d8451991	f80ff3f62daaa6e22a6753a3f30a127baab424d0320949bc9957a6ff62ea5ebe	otf_sparse_formula	2026-09-19T22:37:57.306120Z		0.020000	15335424		8G	0			true		acacia-syntcomp26-coverage-192963-689ee03bbe9d.scope
S-cap120-epoch2	ltl2dba_Q_pb_7_pe_.ltl	ltl2dba_Q_pb_7_pe_.tlsf	120	REALIZABLE	0.03347575099905953	0	false		status	11	30	40	50384cf69a733199fa17c9c571da1761d8451991	f80ff3f62daaa6e22a6753a3f30a127baab424d0320949bc9957a6ff62ea5ebe	otf_sparse_formula	2026-09-19T22:37:57.377440Z		0.040000	15368192		8G	0			true		acacia-syntcomp26-coverage-192963-24e6d87372c4.scope
S-cap120-epoch2	ltl2dba_beta_pb_20_pe_.ltl	ltl2dba_beta_pb_20_pe_.tlsf	120	REALIZABLE	0.031517473980784416	0	false		none	11	30	41	50384cf69a733199fa17c9c571da1761d8451991	f80ff3f62daaa6e22a6753a3f30a127baab424d0320949bc9957a6ff62ea5ebe	otf_sparse_formula	2026-09-19T22:37:57.447472Z		0.030000	15314944		8G	0			true		acacia-syntcomp26-coverage-192963-be1fcc041954.scope
S-cap120-epoch2	ltl2dba_theta_pb_50_pe_.ltl	ltl2dba_theta_pb_50_pe_.tlsf	120	TIMEOUT	120.18950056601898	124	true	timeout	status	0	8	42	50384cf69a733199fa17c9c571da1761d8451991	f80ff3f62daaa6e22a6753a3f30a127baab424d0320949bc9957a6ff62ea5ebe	otf_sparse_formula	2026-09-19T22:39:57.666274Z					8G	0			true		acacia-syntcomp26-coverage-192963-01bf0c38f90b.scope
S-cap120-epoch2	ltl2dpa23.ltl	ltl2dpa23.tlsf	120	REALIZABLE	0.03648929699556902	0	false		status	11	30	43	50384cf69a733199fa17c9c571da1761d8451991	f80ff3f62daaa6e22a6753a3f30a127baab424d0320949bc9957a6ff62ea5ebe	otf_sparse_formula	2026-09-19T22:39:57.727014Z		0.020000	18366464		8G	0			true		acacia-syntcomp26-coverage-192963-11e943084e8f.scope
S-cap120-epoch2	mux_pb_32_pe_.ltl	mux_pb_32_pe_.tlsf	120	REALIZABLE	0.03924250800628215	0	false		status	11	30	44	50384cf69a733199fa17c9c571da1761d8451991	f80ff3f62daaa6e22a6753a3f30a127baab424d0320949bc9957a6ff62ea5ebe	otf_sparse_formula	2026-09-19T22:39:57.802947Z		0.040000	16625664		8G	0			true		acacia-syntcomp26-coverage-192963-f977e359dfe8.scope
S-cap120-epoch2	precise-reachability-real.ltl	precise-reachability-real.tlsf	120	REALIZABLE	0.14109334300155751	0	false		none	11	30	45	50384cf69a733199fa17c9c571da1761d8451991	f80ff3f62daaa6e22a6753a3f30a127baab424d0320949bc9957a6ff62ea5ebe	otf_sparse_formula	2026-09-19T22:39:57.958511Z		0.450000	32067584		8G	0			true		acacia-syntcomp26-coverage-192963-e7e91f3b2695.scope
S-cap120-epoch2	prioritized_arbiter_unreal1_pb_2_10_pe_.ltl	prioritized_arbiter_unreal1_pb_2_10_pe_.tlsf	120	UNREALIZABLE	0.027095027005998418	1	false		status	13	30	46	50384cf69a733199fa17c9c571da1761d8451991	f80ff3f62daaa6e22a6753a3f30a127baab424d0320949bc9957a6ff62ea5ebe	otf_sparse_formula	2026-09-19T22:39:58.010744Z		0.030000	18599936		8G	0			true		acacia-syntcomp26-coverage-192963-6dfed441b0f7.scope
S-cap120-epoch2	prioritized_arbiter_unreal1_pb_4_6_pe_.ltl	prioritized_arbiter_unreal1_pb_4_6_pe_.tlsf	120	UNREALIZABLE	0.03720089397393167	1	false		status	13	30	47	50384cf69a733199fa17c9c571da1761d8451991	f80ff3f62daaa6e22a6753a3f30a127baab424d0320949bc9957a6ff62ea5ebe	otf_sparse_formula	2026-09-19T22:39:58.073991Z		0.050000	18857984		8G	0			true		acacia-syntcomp26-coverage-192963-ed1e411b5983.scope
S-cap120-epoch2	prioritized_arbiter_unreal2_pb_100_pe_.ltl	prioritized_arbiter_unreal2_pb_100_pe_.tlsf	120	TIMEOUT	120.22832383698551	124	true	timeout	none	0	648	48	50384cf69a733199fa17c9c571da1761d8451991	f80ff3f62daaa6e22a6753a3f30a127baab424d0320949bc9957a6ff62ea5ebe	otf_sparse_formula	2026-09-19T22:41:58.336206Z					8G	0			true		acacia-syntcomp26-coverage-192963-c7b42eb11f15.scope
S-cap120-epoch2	robot-resource-2d18.ltl	robot-resource-2d18.tlsf	120	UNREALIZABLE	7.7192770249967	1	false		none	13	31	49	50384cf69a733199fa17c9c571da1761d8451991	f80ff3f62daaa6e22a6753a3f30a127baab424d0320949bc9957a6ff62ea5ebe	otf_sparse_formula	2026-09-19T22:42:06.069582Z		30.560000	82231296		8G	0			true		acacia-syntcomp26-coverage-192963-6c1ab152003b.scope
S-cap120-epoch2	robot-to-target-charging-unreal8.ltl	robot-to-target-charging-unreal8.tlsf	120	TIMEOUT	120.19842774499557	124	true	timeout	none	0	8	50	50384cf69a733199fa17c9c571da1761d8451991	f80ff3f62daaa6e22a6753a3f30a127baab424d0320949bc9957a6ff62ea5ebe	otf_sparse_formula	2026-09-19T22:44:06.290200Z					8G	0			true		acacia-syntcomp26-coverage-192963-951259cb4568.scope
S-cap120-epoch2	robot-to-target-charging12.ltl	robot-to-target-charging12.tlsf	120	UNREALIZABLE	45.33835714799352	1	false		none	13	34	51	50384cf69a733199fa17c9c571da1761d8451991	f80ff3f62daaa6e22a6753a3f30a127baab424d0320949bc9957a6ff62ea5ebe	otf_sparse_formula	2026-09-19T22:44:51.643192Z		180.490000	1276743680		8G	0			true		acacia-syntcomp26-coverage-192963-f0bc4491ab6d.scope
S-cap120-epoch2	robot_repair4.ltl	robot_repair4.tlsf	120	TIMEOUT	120.22195272200042	124	true	timeout	none	0	8	52	50384cf69a733199fa17c9c571da1761d8451991	f80ff3f62daaa6e22a6753a3f30a127baab424d0320949bc9957a6ff62ea5ebe	otf_sparse_formula	2026-09-19T22:46:51.904427Z					8G	0			true		acacia-syntcomp26-coverage-192963-3338ca635dc8.scope
S-cap120-epoch2	robot_repair5.ltl	robot_repair5.tlsf	120	TIMEOUT	120.22493767601554	124	true	timeout	none	0	8	53	50384cf69a733199fa17c9c571da1761d8451991	f80ff3f62daaa6e22a6753a3f30a127baab424d0320949bc9957a6ff62ea5ebe	otf_sparse_formula	2026-09-19T22:48:52.157323Z					8G	0			true		acacia-syntcomp26-coverage-192963-acd9ee92f372.scope
S-cap120-epoch2	round_robin_arbiter_pb_7_pe_.ltl	round_robin_arbiter_pb_7_pe_.tlsf	120	TIMEOUT	120.26847255401663	124	true	timeout	status	0	8	54	50384cf69a733199fa17c9c571da1761d8451991	f80ff3f62daaa6e22a6753a3f30a127baab424d0320949bc9957a6ff62ea5ebe	otf_sparse_formula	2026-09-19T22:50:52.450161Z					8G	0			true		acacia-syntcomp26-coverage-192963-9dc274970db3.scope
S-cap120-epoch2	round_robin_arbiter_unreal1_pb_2_9_pe_.ltl	round_robin_arbiter_unreal1_pb_2_9_pe_.tlsf	120	UNREALIZABLE	0.04739445200539194	1	false		status	13	30	55	50384cf69a733199fa17c9c571da1761d8451991	f80ff3f62daaa6e22a6753a3f30a127baab424d0320949bc9957a6ff62ea5ebe	otf_sparse_formula	2026-09-19T22:50:52.511143Z		0.080000	20697088		8G	0			true		acacia-syntcomp26-coverage-192963-6be469c26279.scope
S-cap120-epoch2	round_robin_arbiter_unreal1_pb_3_13_pe_.ltl	round_robin_arbiter_unreal1_pb_3_13_pe_.tlsf	120	MEMOUT	47.88082317498629	-15	false	memory	status	0	8	56	50384cf69a733199fa17c9c571da1761d8451991	f80ff3f62daaa6e22a6753a3f30a127baab424d0320949bc9957a6ff62ea5ebe	otf_sparse_formula	2026-09-19T22:51:40.409744Z				8589934592	8G	0			true		acacia-syntcomp26-coverage-192963-d6085be32809.scope
S-cap120-epoch2	shift_pb_100_pe_.ltl	shift_pb_100_pe_.tlsf	120	REALIZABLE	0.017627467022975907	0	false		status	11	30	57	50384cf69a733199fa17c9c571da1761d8451991	f80ff3f62daaa6e22a6753a3f30a127baab424d0320949bc9957a6ff62ea5ebe	otf_sparse_formula	2026-09-19T22:51:40.440371Z		0.010000	17346560		8G	0			true		acacia-syntcomp26-coverage-192963-59c946884aa6.scope
S-cap120-epoch2	simple_arbiter_enc_pb_8_pe_.ltl	simple_arbiter_enc_pb_8_pe_.tlsf	120	MEMOUT	86.1406775790092	-15	false	memory	status	0	8	58	50384cf69a733199fa17c9c571da1761d8451991	f80ff3f62daaa6e22a6753a3f30a127baab424d0320949bc9957a6ff62ea5ebe	otf_sparse_formula	2026-09-19T22:53:06.600150Z				8589934592	8G	0			true		acacia-syntcomp26-coverage-192963-c0835674164d.scope
S-cap120-epoch2	simple_arbiter_unreal1_pb_6_3_pe_.ltl	simple_arbiter_unreal1_pb_6_3_pe_.tlsf	120	UNREALIZABLE	0.01817281698458828	1	false		status	13	30	59	50384cf69a733199fa17c9c571da1761d8451991	f80ff3f62daaa6e22a6753a3f30a127baab424d0320949bc9957a6ff62ea5ebe	otf_sparse_formula	2026-09-19T22:53:06.632240Z		0.010000	15409152	43274240	8G	0			true		acacia-syntcomp26-coverage-192963-a80c31de3fe4.scope
S-cap120-epoch2	simple_arbiter_unreal2_pb_5_pe_.ltl	simple_arbiter_unreal2_pb_5_pe_.tlsf	120	UNREALIZABLE	0.016135252022650093	1	false		status	13	30	60	50384cf69a733199fa17c9c571da1761d8451991	f80ff3f62daaa6e22a6753a3f30a127baab424d0320949bc9957a6ff62ea5ebe	otf_sparse_formula	2026-09-19T22:53:06.661738Z		0.010000	15306752	42291200	8G	0			true		acacia-syntcomp26-coverage-192963-16c3ccf8a560.scope
S-cap120-epoch2	sort53.ltl	sort53.tlsf	120	TIMEOUT	120.22441542398883	124	true	timeout	none	0	8	61	50384cf69a733199fa17c9c571da1761d8451991	f80ff3f62daaa6e22a6753a3f30a127baab424d0320949bc9957a6ff62ea5ebe	otf_sparse_formula	2026-09-19T22:55:06.923773Z					8G	0			true		acacia-syntcomp26-coverage-192963-6b347cab2c0b.scope
S-cap120-epoch2	square5x54.ltl	square5x54.tlsf	120	UNREALIZABLE	6.745595782005694	1	false		none	13	32	62	50384cf69a733199fa17c9c571da1761d8451991	f80ff3f62daaa6e22a6753a3f30a127baab424d0320949bc9957a6ff62ea5ebe	otf_sparse_formula	2026-09-19T22:55:13.683098Z		26.690000	355008512		8G	0			true		acacia-syntcomp26-coverage-192963-b410ca2013ca.scope
S-cap120-epoch2	test4_4b82b1f4.ltl	test4_4b82b1f4.tlsf	120	UNREALIZABLE	0.023896448023151606	1	false		status	13	30	63	50384cf69a733199fa17c9c571da1761d8451991	f80ff3f62daaa6e22a6753a3f30a127baab424d0320949bc9957a6ff62ea5ebe	otf_sparse_formula	2026-09-19T22:55:13.722283Z		0.010000	19136512	46600192	8G	0			true		acacia-syntcomp26-coverage-192963-cb4ffae1150c.scope
S-cap120-epoch2	thermostat-GF-unreal2.ltl	thermostat-GF-unreal2.tlsf	120	TIMEOUT	120.36817866098136	124	true	timeout	none	0	8	64	50384cf69a733199fa17c9c571da1761d8451991	f80ff3f62daaa6e22a6753a3f30a127baab424d0320949bc9957a6ff62ea5ebe	otf_sparse_formula	2026-09-19T22:57:14.102134Z					8G	0			true		acacia-syntcomp26-coverage-192963-0964a7cc2bcd.scope
S-cap120-epoch2	Alarm_70523fbe.ltl	Alarm_70523fbe.tlsf	120	REALIZABLE	0.9400765219761524	0	false		status	11	31	0	50384cf69a733199fa17c9c571da1761d8451991	f80ff3f62daaa6e22a6753a3f30a127baab424d0320949bc9957a6ff62ea5ebe	otf_sparse_formula	2026-09-20T00:02:35.349866Z		3.680000	103645184		8G	0			true		acacia-syntcomp26-coverage-198186-5ac79b7d0a5b.scope
S-cap120-epoch2	AllLights_63831f8c.ltl	AllLights_63831f8c.tlsf	120	UNREALIZABLE	1.6331167450116482	1	false		status	13	30	1	50384cf69a733199fa17c9c571da1761d8451991	f80ff3f62daaa6e22a6753a3f30a127baab424d0320949bc9957a6ff62ea5ebe	otf_sparse_formula	2026-09-20T00:02:37.002843Z		6.450000	45584384		8G	0			true		acacia-syntcomp26-coverage-198186-b8b1d6598292.scope
S-cap120-epoch2	Automata.ltl	Automata.tlsf	120	REALIZABLE	0.0552178299985826	0	false		status	11	30	2	50384cf69a733199fa17c9c571da1761d8451991	f80ff3f62daaa6e22a6753a3f30a127baab424d0320949bc9957a6ff62ea5ebe	otf_sparse_formula	2026-09-20T00:02:37.076798Z		0.120000	22106112		8G	0			true		acacia-syntcomp26-coverage-198186-0c1224765a99.scope
S-cap120-epoch2	CheckAlarmBroken1_1a2942e3.ltl	CheckAlarmBroken1_1a2942e3.tlsf	120	REALIZABLE	0.02355021599214524	0	false		status	11	30	3	50384cf69a733199fa17c9c571da1761d8451991	f80ff3f62daaa6e22a6753a3f30a127baab424d0320949bc9957a6ff62ea5ebe	otf_sparse_formula	2026-09-20T00:02:37.124988Z		0.020000	17965056		8G	0			true		acacia-syntcomp26-coverage-198186-07f5a72557e4.scope
S-cap120-epoch2	CheckTime_54e1f7d2.ltl	CheckTime_54e1f7d2.tlsf	120	UNREALIZABLE	0.03598939802031964	1	false		status	13	30	4	50384cf69a733199fa17c9c571da1761d8451991	f80ff3f62daaa6e22a6753a3f30a127baab424d0320949bc9957a6ff62ea5ebe	otf_sparse_formula	2026-09-20T00:02:37.199452Z		0.040000	17268736		8G	0			true		acacia-syntcomp26-coverage-198186-a8b82956e1d3.scope
S-cap120-epoch2	GF-G-contradiction2.ltl	GF-G-contradiction2.tlsf	120	UNREALIZABLE	0.24686943399137817	1	false		none	13	30	5	50384cf69a733199fa17c9c571da1761d8451991	f80ff3f62daaa6e22a6753a3f30a127baab424d0320949bc9957a6ff62ea5ebe	otf_sparse_formula	2026-09-20T00:02:37.460447Z		0.890000	49008640		8G	0			true		acacia-syntcomp26-coverage-198186-ba77922d520b.scope
S-cap120-epoch2	KitchenTimerV9.ltl	KitchenTimerV9.tlsf	120	REALIZABLE	0.13870249199680984	0	false		status	11	30	6	50384cf69a733199fa17c9c571da1761d8451991	f80ff3f62daaa6e22a6753a3f30a127baab424d0320949bc9957a6ff62ea5ebe	otf_sparse_formula	2026-09-20T00:02:37.614044Z		0.460000	27746304		8G	0			true		acacia-syntcomp26-coverage-198186-a701ec887758.scope
S-cap120-epoch2	Morning_9cac58d3.ltl	Morning_9cac58d3.tlsf	120	REALIZABLE	80.21074619400315	0	false		status	11	34	7	50384cf69a733199fa17c9c571da1761d8451991	f80ff3f62daaa6e22a6753a3f30a127baab424d0320949bc9957a6ff62ea5ebe	otf_sparse_formula	2026-09-20T00:03:57.838333Z		245.950000	4325609472		8G	0			true		acacia-syntcomp26-coverage-198186-b1cd8d5142ae.scope
S-cap120-epoch2	Morning_f2774e0b.ltl	Morning_f2774e0b.tlsf	120	UNREALIZABLE	3.5267433609988075	1	false		status	13	32	8	50384cf69a733199fa17c9c571da1761d8451991	f80ff3f62daaa6e22a6753a3f30a127baab424d0320949bc9957a6ff62ea5ebe	otf_sparse_formula	2026-09-20T00:04:01.378514Z		13.940000	204750848		8G	0			true		acacia-syntcomp26-coverage-198186-f7251f0254b9.scope
S-cap120-epoch2	OneCounterGuiA3.ltl	OneCounterGuiA3.tlsf	120	UNREALIZABLE	0.05049477398279123	1	false		status	13	30	9	50384cf69a733199fa17c9c571da1761d8451991	f80ff3f62daaa6e22a6753a3f30a127baab424d0320949bc9957a6ff62ea5ebe	otf_sparse_formula	2026-09-20T00:04:01.447596Z		0.130000	26013696		8G	0			true		acacia-syntcomp26-coverage-198186-98b33bd26556.scope
S-cap120-epoch2	TwoCounters4.ltl	TwoCounters4.tlsf	120	REALIZABLE	0.03834148999885656	0	false		status	11	30	10	50384cf69a733199fa17c9c571da1761d8451991	f80ff3f62daaa6e22a6753a3f30a127baab424d0320949bc9957a6ff62ea5ebe	otf_sparse_formula	2026-09-20T00:04:01.499692Z		0.080000	20398080		8G	0			true		acacia-syntcomp26-coverage-198186-f3083c70615f.scope
S-cap120-epoch2	Window_235467da.ltl	Window_235467da.tlsf	120	REALIZABLE	0.03810016202623956	0	false		status	11	30	11	50384cf69a733199fa17c9c571da1761d8451991	f80ff3f62daaa6e22a6753a3f30a127baab424d0320949bc9957a6ff62ea5ebe	otf_sparse_formula	2026-09-20T00:04:01.563732Z		0.050000	20099072		8G	0			true		acacia-syntcomp26-coverage-198186-5a588171b53e.scope
S-cap120-epoch2	amba_decomposed_encode_pb_11_pe_.ltl	amba_decomposed_encode_pb_11_pe_.tlsf	120	REALIZABLE	0.06599339400418103	0	false		status	11	30	12	50384cf69a733199fa17c9c571da1761d8451991	f80ff3f62daaa6e22a6753a3f30a127baab424d0320949bc9957a6ff62ea5ebe	otf_sparse_formula	2026-09-20T00:04:01.643054Z		0.140000	22446080		8G	0			true		acacia-syntcomp26-coverage-198186-7e98b1a84d99.scope
S-cap120-epoch2	amba_decomposed_encode_pb_20_pe_.ltl	amba_decomposed_encode_pb_20_pe_.tlsf	120	TIMEOUT	120.21669049799675	124	true	timeout	status	0	8	13	50384cf69a733199fa17c9c571da1761d8451991	f80ff3f62daaa6e22a6753a3f30a127baab424d0320949bc9957a6ff62ea5ebe	otf_sparse_formula	2026-09-20T00:06:01.898702Z					8G	0			true		acacia-syntcomp26-coverage-198186-097f0fe7c4c1.scope
S-cap120-epoch2	amba_decomposed_encode_pb_2_pe_.ltl	amba_decomposed_encode_pb_2_pe_.tlsf	120	REALIZABLE	0.035251459979917854	0	false		status	11	30	14	50384cf69a733199fa17c9c571da1761d8451991	f80ff3f62daaa6e22a6753a3f30a127baab424d0320949bc9957a6ff62ea5ebe	otf_sparse_formula	2026-09-20T00:06:01.972508Z		0.040000	17989632		8G	0			true		acacia-syntcomp26-coverage-198186-57d7d4fc2e34.scope
S-cap120-epoch2	amba_gr_pb_4_pe_.ltl	amba_gr_pb_4_pe_.tlsf	120	TIMEOUT	120.22053568600677	124	true	timeout	none	0	8	15	50384cf69a733199fa17c9c571da1761d8451991	f80ff3f62daaa6e22a6753a3f30a127baab424d0320949bc9957a6ff62ea5ebe	otf_sparse_formula	2026-09-20T00:08:02.235055Z					8G	0			true		acacia-syntcomp26-coverage-198186-ac2f8f2d19d6.scope
S-cap120-epoch2	arbiter_pb_6_pe_.ltl	arbiter_pb_6_pe_.tlsf	120	TIMEOUT	120.13648502499564	124	true	timeout	none	0	8	16	50384cf69a733199fa17c9c571da1761d8451991	f80ff3f62daaa6e22a6753a3f30a127baab424d0320949bc9957a6ff62ea5ebe	otf_sparse_formula	2026-09-20T00:10:02.384916Z					8G	0			true		acacia-syntcomp26-coverage-198186-abb2926225ad.scope
S-cap120-epoch2	batch-arbiter-real.ltl	batch-arbiter-real.tlsf	120	REALIZABLE	0.045350486994720995	0	false		none	11	30	17	50384cf69a733199fa17c9c571da1761d8451991	f80ff3f62daaa6e22a6753a3f30a127baab424d0320949bc9957a6ff62ea5ebe	otf_sparse_formula	2026-09-20T00:10:02.443943Z		0.090000	21176320		8G	0			true		acacia-syntcomp26-coverage-198186-2e9be9f1fc6e.scope
S-cap120-epoch2	buffer-storage-real.ltl	buffer-storage-real.tlsf	120	REALIZABLE	0.6434500770119485	0	false		none	11	30	18	50384cf69a733199fa17c9c571da1761d8451991	f80ff3f62daaa6e22a6753a3f30a127baab424d0320949bc9957a6ff62ea5ebe	otf_sparse_formula	2026-09-20T00:10:03.101767Z		2.500000	51843072		8G	0			true		acacia-syntcomp26-coverage-198186-ec769fab0296.scope
S-cap120-epoch2	chain-70.ltl	chain-70.tlsf	120	TIMEOUT	120.22924002498621	124	true	timeout	none	0	8	19	50384cf69a733199fa17c9c571da1761d8451991	f80ff3f62daaa6e22a6753a3f30a127baab424d0320949bc9957a6ff62ea5ebe	otf_sparse_formula	2026-09-20T00:12:03.371325Z					8G	0			true		acacia-syntcomp26-coverage-198186-cb0c20d81639.scope
S-cap120-epoch2	chomp_pb_3_5_pe_.ltl	chomp_pb_3_5_pe_.tlsf	120	TIMEOUT	120.22855680898647	124	true	timeout	status	0	8	20	50384cf69a733199fa17c9c571da1761d8451991	f80ff3f62daaa6e22a6753a3f30a127baab424d0320949bc9957a6ff62ea5ebe	otf_sparse_formula	2026-09-20T00:14:03.632031Z					8G	0			true		acacia-syntcomp26-coverage-198186-288600ef701c.scope
S-cap120-epoch2	full_arbiter_unreal1_pb_2_15_pe_.ltl	full_arbiter_unreal1_pb_2_15_pe_.tlsf	120	UNREALIZABLE	0.03319983297842555	1	false		status	13	30	21	50384cf69a733199fa17c9c571da1761d8451991	f80ff3f62daaa6e22a6753a3f30a127baab424d0320949bc9957a6ff62ea5ebe	otf_sparse_formula	2026-09-20T00:14:03.699748Z		0.020000	15433728		8G	0			true		acacia-syntcomp26-coverage-198186-35e2fad71142.scope
S-cap120-epoch2	full_arbiter_unreal1_pb_2_1_pe_.ltl	full_arbiter_unreal1_pb_2_1_pe_.tlsf	120	UNREALIZABLE	0.033190379006555304	1	false		status	13	30	22	50384cf69a733199fa17c9c571da1761d8451991	f80ff3f62daaa6e22a6753a3f30a127baab424d0320949bc9957a6ff62ea5ebe	otf_sparse_formula	2026-09-20T00:14:03.772124Z		0.030000	15511552		8G	0			true		acacia-syntcomp26-coverage-198186-f2ccd758e2c3.scope
S-cap120-epoch2	full_arbiter_unreal1_pb_2_9_pe_.ltl	full_arbiter_unreal1_pb_2_9_pe_.tlsf	120	UNREALIZABLE	0.035481018014252186	1	false		status	13	30	23	50384cf69a733199fa17c9c571da1761d8451991	f80ff3f62daaa6e22a6753a3f30a127baab424d0320949bc9957a6ff62ea5ebe	otf_sparse_formula	2026-09-20T00:14:03.839203Z		0.040000	15503360		8G	0			true		acacia-syntcomp26-coverage-198186-e6582dd27db1.scope
S-cap120-epoch2	gf-unreal0.ltl	gf-unreal0.tlsf	120	UNREALIZABLE	0.03537715598940849	1	false		none	13	30	24	50384cf69a733199fa17c9c571da1761d8451991	f80ff3f62daaa6e22a6753a3f30a127baab424d0320949bc9957a6ff62ea5ebe	otf_sparse_formula	2026-09-20T00:14:03.901900Z		0.040000	17309696		8G	0			true		acacia-syntcomp26-coverage-198186-a318fa5d7cb4.scope
S-cap120-epoch2	gf-unreal29.ltl	gf-unreal29.tlsf	120	UNREALIZABLE	0.04859752900665626	1	false		none	13	30	25	50384cf69a733199fa17c9c571da1761d8451991	f80ff3f62daaa6e22a6753a3f30a127baab424d0320949bc9957a6ff62ea5ebe	otf_sparse_formula	2026-09-20T00:14:03.965129Z		0.090000	19189760		8G	0			true		acacia-syntcomp26-coverage-198186-1e31a441ad8d.scope
S-cap120-epoch2	gf-unreal30.ltl	gf-unreal30.tlsf	120	UNREALIZABLE	0.039249619003385305	1	false		none	13	30	26	50384cf69a733199fa17c9c571da1761d8451991	f80ff3f62daaa6e22a6753a3f30a127baab424d0320949bc9957a6ff62ea5ebe	otf_sparse_formula	2026-09-20T00:14:04.018251Z		0.070000	19189760		8G	0			true		acacia-syntcomp26-coverage-198186-88e942ca0c57.scope
S-cap120-epoch2	gf-unreal4.ltl	gf-unreal4.tlsf	120	UNREALIZABLE	0.02809285101830028	1	false		none	13	30	27	50384cf69a733199fa17c9c571da1761d8451991	f80ff3f62daaa6e22a6753a3f30a127baab424d0320949bc9957a6ff62ea5ebe	otf_sparse_formula	2026-09-20T00:14:04.069799Z		0.040000	17833984		8G	0			true		acacia-syntcomp26-coverage-198186-6b6378dbc8b8.scope
S-cap120-epoch2	heim-double-x12.ltl	heim-double-x12.tlsf	120	UNREALIZABLE	4.706469141994603	1	false		none	13	32	28	50384cf69a733199fa17c9c571da1761d8451991	f80ff3f62daaa6e22a6753a3f30a127baab424d0320949bc9957a6ff62ea5ebe	otf_sparse_formula	2026-09-20T00:14:08.789168Z		15.450000	206266368		8G	0			true		acacia-syntcomp26-coverage-198186-518a491e2f5d.scope
S-cap120-epoch2	infinite-race-u11.ltl	infinite-race-u11.tlsf	120	UNREALIZABLE	13.604727288009599	1	false		none	13	33	29	50384cf69a733199fa17c9c571da1761d8451991	f80ff3f62daaa6e22a6753a3f30a127baab424d0320949bc9957a6ff62ea5ebe	otf_sparse_formula	2026-09-20T00:14:22.408830Z		53.880000	1391177728		8G	0			true		acacia-syntcomp26-coverage-198186-73ac56666286.scope
S-cap120-epoch2	lift_gr1_pb_9_pe_.ltl	lift_gr1_pb_9_pe_.tlsf	120	TIMEOUT	120.27668349599116	124	true	timeout	none	0	8	30	50384cf69a733199fa17c9c571da1761d8451991	f80ff3f62daaa6e22a6753a3f30a127baab424d0320949bc9957a6ff62ea5ebe	otf_sparse_formula	2026-09-20T00:16:22.698089Z					8G	0			true		acacia-syntcomp26-coverage-198186-273ae4b68c7d.scope
S-cap120-epoch2	lift_pb_2_pe_.ltl	lift_pb_2_pe_.tlsf	120	REALIZABLE	0.03464889898896217	0	false		none	11	30	31	50384cf69a733199fa17c9c571da1761d8451991	f80ff3f62daaa6e22a6753a3f30a127baab424d0320949bc9957a6ff62ea5ebe	otf_sparse_formula	2026-09-20T00:16:22.757626Z		0.030000	19947520		8G	0			true		acacia-syntcomp26-coverage-198186-d978c1dad534.scope
S-cap120-epoch2	lilydemo03.ltl	lilydemo03.tlsf	120	REALIZABLE	0.03401891500107013	0	false		status	11	30	32	50384cf69a733199fa17c9c571da1761d8451991	f80ff3f62daaa6e22a6753a3f30a127baab424d0320949bc9957a6ff62ea5ebe	otf_sparse_formula	2026-09-20T00:16:22.821197Z		0.040000	17969152		8G	0			true		acacia-syntcomp26-coverage-198186-203ccb4054ea.scope
S-cap120-epoch2	lilydemo14.ltl	lilydemo14.tlsf	120	REALIZABLE	0.03788096402422525	0	false		status	11	30	33	50384cf69a733199fa17c9c571da1761d8451991	f80ff3f62daaa6e22a6753a3f30a127baab424d0320949bc9957a6ff62ea5ebe	otf_sparse_formula	2026-09-20T00:16:22.897920Z		0.040000	17772544		8G	0			true		acacia-syntcomp26-coverage-198186-6ff880f746a4.scope
S-cap120-epoch2	lilydemo19.ltl	lilydemo19.tlsf	120	REALIZABLE	0.04145728499861434	0	false		status	11	30	34	50384cf69a733199fa17c9c571da1761d8451991	f80ff3f62daaa6e22a6753a3f30a127baab424d0320949bc9957a6ff62ea5ebe	otf_sparse_formula	2026-09-20T00:16:22.977745Z		0.040000	17817600		8G	0			true		acacia-syntcomp26-coverage-198186-bfd83bbac29e.scope
S-cap120-epoch2	load_balancer_unreal1_pb_2_16_pe_.ltl	load_balancer_unreal1_pb_2_16_pe_.tlsf	120	UNREALIZABLE	1.709296887012897	1	false		status	13	31	35	50384cf69a733199fa17c9c571da1761d8451991	f80ff3f62daaa6e22a6753a3f30a127baab424d0320949bc9957a6ff62ea5ebe	otf_sparse_formula	2026-09-20T00:16:24.699932Z		4.720000	130351104		8G	0			true		acacia-syntcomp26-coverage-198186-0fbd79eaefff.scope
S-cap120-epoch2	load_balancer_unreal1_pb_4_9_pe_.ltl	load_balancer_unreal1_pb_4_9_pe_.tlsf	120	TIMEOUT	120.21922073201858	124	true	timeout	status	0	8	36	50384cf69a733199fa17c9c571da1761d8451991	f80ff3f62daaa6e22a6753a3f30a127baab424d0320949bc9957a6ff62ea5ebe	otf_sparse_formula	2026-09-20T00:18:24.945204Z					8G	0			true		acacia-syntcomp26-coverage-198186-8f38c5f0bd83.scope
S-cap120-epoch2	load_balancer_unreal2_pb_7_pe_.ltl	load_balancer_unreal2_pb_7_pe_.tlsf	120	TIMEOUT	120.22598006800399	124	true	timeout	none	0	8	37	50384cf69a733199fa17c9c571da1761d8451991	f80ff3f62daaa6e22a6753a3f30a127baab424d0320949bc9957a6ff62ea5ebe	otf_sparse_formula	2026-09-20T00:20:25.200331Z					8G	0			true		acacia-syntcomp26-coverage-198186-bfc42146c3a5.scope
S-cap120-epoch2	ltl2dba06.ltl	ltl2dba06.tlsf	120	REALIZABLE	0.0366052919998765	0	false		status	11	30	38	50384cf69a733199fa17c9c571da1761d8451991	f80ff3f62daaa6e22a6753a3f30a127baab424d0320949bc9957a6ff62ea5ebe	otf_sparse_formula	2026-09-20T00:20:25.271574Z		0.020000	15355904		8G	0			true		acacia-syntcomp26-coverage-198186-d50815f77330.scope
S-cap120-epoch2	ltl2dba21.ltl	ltl2dba21.tlsf	120	REALIZABLE	0.02736262502730824	0	false		status	11	30	39	50384cf69a733199fa17c9c571da1761d8451991	f80ff3f62daaa6e22a6753a3f30a127baab424d0320949bc9957a6ff62ea5ebe	otf_sparse_formula	2026-09-20T00:20:25.320756Z		0.020000	15306752		8G	0			true		acacia-syntcomp26-coverage-198186-fd3a1325b764.scope
S-cap120-epoch2	ltl2dba_C2_pb_14_pe_.ltl	ltl2dba_C2_pb_14_pe_.tlsf	120	REALIZABLE	0.03049952699802816	0	false		status	11	30	40	50384cf69a733199fa17c9c571da1761d8451991	f80ff3f62daaa6e22a6753a3f30a127baab424d0320949bc9957a6ff62ea5ebe	otf_sparse_formula	2026-09-20T00:20:25.390240Z		0.020000	15646720		8G	0			true		acacia-syntcomp26-coverage-198186-09f6985c0ad4.scope
S-cap120-epoch2	ltl2dba_C2_pb_1_pe_.ltl	ltl2dba_C2_pb_1_pe_.tlsf	120	REALIZABLE	0.03369107699836604	0	false		status	11	30	41	50384cf69a733199fa17c9c571da1761d8451991	f80ff3f62daaa6e22a6753a3f30a127baab424d0320949bc9957a6ff62ea5ebe	otf_sparse_formula	2026-09-20T00:20:25.463218Z		0.030000	15368192		8G	0			true		acacia-syntcomp26-coverage-198186-d2ab88469e66.scope
S-cap120-epoch2	ltl2dba_C2_pb_25_pe_.ltl	ltl2dba_C2_pb_25_pe_.tlsf	120	REALIZABLE	0.039214322983752936	0	false		status	11	30	42	50384cf69a733199fa17c9c571da1761d8451991	f80ff3f62daaa6e22a6753a3f30a127baab424d0320949bc9957a6ff62ea5ebe	otf_sparse_formula	2026-09-20T00:20:25.543327Z		0.030000	15720448		8G	0			true		acacia-syntcomp26-coverage-198186-40512796458e.scope
S-cap120-epoch2	ltl2dba_C2_pb_2_pe_.ltl	ltl2dba_C2_pb_2_pe_.tlsf	120	REALIZABLE	0.03296767099527642	0	false		status	11	30	43	50384cf69a733199fa17c9c571da1761d8451991	f80ff3f62daaa6e22a6753a3f30a127baab424d0320949bc9957a6ff62ea5ebe	otf_sparse_formula	2026-09-20T00:20:25.616529Z		0.040000	15343616		8G	0			true		acacia-syntcomp26-coverage-198186-e955ee1dfb56.scope
S-cap120-epoch2	ltl2dba_C2_unreal_pb_80_pe_.ltl	ltl2dba_C2_unreal_pb_80_pe_.tlsf	120	TIMEOUT	120.22992413397878	124	true	timeout	none	0	8	44	50384cf69a733199fa17c9c571da1761d8451991	f80ff3f62daaa6e22a6753a3f30a127baab424d0320949bc9957a6ff62ea5ebe	otf_sparse_formula	2026-09-20T00:22:25.889364Z					8G	0			true		acacia-syntcomp26-coverage-198186-274b19717cee.scope
S-cap120-epoch2	ltl2dba_E_pb_16_pe_.ltl	ltl2dba_E_pb_16_pe_.tlsf	120	REALIZABLE	0.02899465398513712	0	false		none	11	30	45	50384cf69a733199fa17c9c571da1761d8451991	f80ff3f62daaa6e22a6753a3f30a127baab424d0320949bc9957a6ff62ea5ebe	otf_sparse_formula	2026-09-20T00:22:25.940504Z		0.020000	15327232		8G	0			true		acacia-syntcomp26-coverage-198186-e2fa507ad1e4.scope
S-cap120-epoch2	ltl2dba_E_pb_3_pe_.ltl	ltl2dba_E_pb_3_pe_.tlsf	120	REALIZABLE	0.03006765601458028	0	false		status	11	30	46	50384cf69a733199fa17c9c571da1761d8451991	f80ff3f62daaa6e22a6753a3f30a127baab424d0320949bc9957a6ff62ea5ebe	otf_sparse_formula	2026-09-20T00:22:25.999433Z		0.030000	15355904		8G	0			true		acacia-syntcomp26-coverage-198186-f798fe0efb34.scope
S-cap120-epoch2	ltl2dba_Q_pb_100_pe_.ltl	ltl2dba_Q_pb_100_pe_.tlsf	120	REALIZABLE	0.03335604799212888	0	false		none	11	30	47	50384cf69a733199fa17c9c571da1761d8451991	f80ff3f62daaa6e22a6753a3f30a127baab424d0320949bc9957a6ff62ea5ebe	otf_sparse_formula	2026-09-20T00:22:26.069772Z		0.030000	15417344		8G	0			true		acacia-syntcomp26-coverage-198186-b8983d33c340.scope
S-cap120-epoch2	ltl2dba_alpha_pb_16_pe_.ltl	ltl2dba_alpha_pb_16_pe_.tlsf	120	REALIZABLE	0.031292136991396546	0	false		status	11	30	48	50384cf69a733199fa17c9c571da1761d8451991	f80ff3f62daaa6e22a6753a3f30a127baab424d0320949bc9957a6ff62ea5ebe	otf_sparse_formula	2026-09-20T00:22:26.138115Z		0.020000	15540224		8G	0			true		acacia-syntcomp26-coverage-198186-1128d84e6f11.scope
S-cap120-epoch2	ltl2dba_alpha_pb_25_pe_.ltl	ltl2dba_alpha_pb_25_pe_.tlsf	120	REALIZABLE	0.029716593999182805	0	false		none	11	30	49	50384cf69a733199fa17c9c571da1761d8451991	f80ff3f62daaa6e22a6753a3f30a127baab424d0320949bc9957a6ff62ea5ebe	otf_sparse_formula	2026-09-20T00:22:26.185227Z		0.030000	15491072		8G	0			true		acacia-syntcomp26-coverage-198186-ed900ce3cccf.scope
S-cap120-epoch2	ltl2dba_theta_pb_1_pe_.ltl	ltl2dba_theta_pb_1_pe_.tlsf	120	UNREALIZABLE	0.027691080991644412	1	false		status	13	30	50	50384cf69a733199fa17c9c571da1761d8451991	f80ff3f62daaa6e22a6753a3f30a127baab424d0320949bc9957a6ff62ea5ebe	otf_sparse_formula	2026-09-20T00:22:26.236724Z		0.040000	18120704		8G	0			true		acacia-syntcomp26-coverage-198186-c3776f259d23.scope
S-cap120-epoch2	patrolling-alarm4.ltl	patrolling-alarm4.tlsf	120	UNREALIZABLE	0.06132055600755848	1	false		none	13	30	51	50384cf69a733199fa17c9c571da1761d8451991	f80ff3f62daaa6e22a6753a3f30a127baab424d0320949bc9957a6ff62ea5ebe	otf_sparse_formula	2026-09-20T00:22:26.310937Z		0.160000	21983232		8G	0			true		acacia-syntcomp26-coverage-198186-64be2c29ba9b.scope
S-cap120-epoch2	patrolling0.ltl	patrolling0.tlsf	120	UNREALIZABLE	0.03642376701463945	1	false		none	13	30	52	50384cf69a733199fa17c9c571da1761d8451991	f80ff3f62daaa6e22a6753a3f30a127baab424d0320949bc9957a6ff62ea5ebe	otf_sparse_formula	2026-09-20T00:22:26.360620Z		0.070000	20688896		8G	0			true		acacia-syntcomp26-coverage-198186-e01ad40f9b05.scope
S-cap120-epoch2	patrolling19.ltl	patrolling19.tlsf	120	UNREALIZABLE	0.5498093609930947	1	false		none	13	30	53	50384cf69a733199fa17c9c571da1761d8451991	f80ff3f62daaa6e22a6753a3f30a127baab424d0320949bc9957a6ff62ea5ebe	otf_sparse_formula	2026-09-20T00:22:26.924078Z		2.090000	96395264		8G	0			true		acacia-syntcomp26-coverage-198186-2d620888c6c8.scope
S-cap120-epoch2	precise-reachability0.ltl	precise-reachability0.tlsf	120	UNREALIZABLE	0.03025623000576161	1	false		none	13	30	54	50384cf69a733199fa17c9c571da1761d8451991	f80ff3f62daaa6e22a6753a3f30a127baab424d0320949bc9957a6ff62ea5ebe	otf_sparse_formula	2026-09-20T00:22:26.968124Z		0.040000	19763200		8G	0			true		acacia-syntcomp26-coverage-198186-3b7e7d2556be.scope
S-cap120-epoch2	prioritized_arbiter_unreal1_pb_4_1_pe_.ltl	prioritized_arbiter_unreal1_pb_4_1_pe_.tlsf	120	UNREALIZABLE	0.02400681798462756	1	false		status	13	30	55	50384cf69a733199fa17c9c571da1761d8451991	f80ff3f62daaa6e22a6753a3f30a127baab424d0320949bc9957a6ff62ea5ebe	otf_sparse_formula	2026-09-20T00:22:27.015583Z		0.030000	18554880		8G	0			true		acacia-syntcomp26-coverage-198186-c493cd663309.scope
S-cap120-epoch2	robot-grid-reach-1d-real.ltl	robot-grid-reach-1d-real.tlsf	120	REALIZABLE	0.04519642301602289	0	false		none	11	30	56	50384cf69a733199fa17c9c571da1761d8451991	f80ff3f62daaa6e22a6753a3f30a127baab424d0320949bc9957a6ff62ea5ebe	otf_sparse_formula	2026-09-20T00:22:27.075366Z		0.090000	20701184		8G	0			true		acacia-syntcomp26-coverage-198186-cf1e2f13d597.scope
S-cap120-epoch2	robot-resource-2d21.ltl	robot-resource-2d21.tlsf	120	UNREALIZABLE	9.518448198999977	1	false		none	13	31	57	50384cf69a733199fa17c9c571da1761d8451991	f80ff3f62daaa6e22a6753a3f30a127baab424d0320949bc9957a6ff62ea5ebe	otf_sparse_formula	2026-09-20T00:22:36.607127Z		37.760000	82391040		8G	0			true		acacia-syntcomp26-coverage-198186-d474ee6aebee.scope
S-cap120-epoch2	robot-resource-2d3.ltl	robot-resource-2d3.tlsf	120	UNREALIZABLE	0.13575472100637853	1	false		none	13	30	58	50384cf69a733199fa17c9c571da1761d8451991	f80ff3f62daaa6e22a6753a3f30a127baab424d0320949bc9957a6ff62ea5ebe	otf_sparse_formula	2026-09-20T00:22:36.761462Z		0.470000	24899584		8G	0			true		acacia-syntcomp26-coverage-198186-2f13d3e4c240.scope
S-cap120-epoch2	robot-to-target-charging-unreal2.ltl	robot-to-target-charging-unreal2.tlsf	120	TIMEOUT	120.2290765059879	124	true	timeout	none	0	8	59	50384cf69a733199fa17c9c571da1761d8451991	f80ff3f62daaa6e22a6753a3f30a127baab424d0320949bc9957a6ff62ea5ebe	otf_sparse_formula	2026-09-20T00:24:37.020129Z					8G	0			true		acacia-syntcomp26-coverage-198186-d3e21ff4aa86.scope
S-cap120-epoch2	robot-to-target-charging1.ltl	robot-to-target-charging1.tlsf	120	UNREALIZABLE	2.5442864559881855	1	false		none	13	30	60	50384cf69a733199fa17c9c571da1761d8451991	f80ff3f62daaa6e22a6753a3f30a127baab424d0320949bc9957a6ff62ea5ebe	otf_sparse_formula	2026-09-20T00:24:39.578941Z		10.020000	71614464		8G	0			true		acacia-syntcomp26-coverage-198186-ca18c87938a4.scope
S-cap120-epoch2	robot-to-target-charging18.ltl	robot-to-target-charging18.tlsf	120	TIMEOUT	120.27742843900342	124	true	timeout	none	0	8	61	50384cf69a733199fa17c9c571da1761d8451991	f80ff3f62daaa6e22a6753a3f30a127baab424d0320949bc9957a6ff62ea5ebe	otf_sparse_formula	2026-09-20T00:26:39.896275Z					8G	0			true		acacia-syntcomp26-coverage-198186-ee95413abacd.scope
S-cap120-epoch2	robot-to-target-charging22.ltl	robot-to-target-charging22.tlsf	120	TIMEOUT	120.32645748901996	124	true	timeout	none	0	8	62	50384cf69a733199fa17c9c571da1761d8451991	f80ff3f62daaa6e22a6753a3f30a127baab424d0320949bc9957a6ff62ea5ebe	otf_sparse_formula	2026-09-20T00:28:40.257235Z					8G	0			true		acacia-syntcomp26-coverage-198186-55c9814bb108.scope
S-cap120-epoch2	round_robin_arbiter_unreal1_pb_3_7_pe_.ltl	round_robin_arbiter_unreal1_pb_3_7_pe_.tlsf	120	UNREALIZABLE	7.8599938539846335	1	false		status	13	32	63	50384cf69a733199fa17c9c571da1761d8451991	f80ff3f62daaa6e22a6753a3f30a127baab424d0320949bc9957a6ff62ea5ebe	otf_sparse_formula	2026-09-20T00:28:48.131037Z		31.080000	686854144		8G	0			true		acacia-syntcomp26-coverage-198186-caeebc9f7bf5.scope
S-cap120-epoch2	round_robin_arbiter_unreal1_pb_3_8_pe_.ltl	round_robin_arbiter_unreal1_pb_3_8_pe_.tlsf	120	UNREALIZABLE	62.986946160992375	1	false		status	13	34	64	50384cf69a733199fa17c9c571da1761d8451991	f80ff3f62daaa6e22a6753a3f30a127baab424d0320949bc9957a6ff62ea5ebe	otf_sparse_formula	2026-09-20T00:29:51.133325Z		249.860000	5804371968		8G	0			true		acacia-syntcomp26-coverage-198186-f7c39258bf24.scope
S-cap120-epoch2	round_robin_arbiter_unreal1_pb_3_9_pe_.ltl	round_robin_arbiter_unreal1_pb_3_9_pe_.tlsf	120	MEMOUT	71.01208248198964	-15	false	memory	status	0	8	65	50384cf69a733199fa17c9c571da1761d8451991	f80ff3f62daaa6e22a6753a3f30a127baab424d0320949bc9957a6ff62ea5ebe	otf_sparse_formula	2026-09-20T00:31:02.164661Z				8589934592	8G	0			true		acacia-syntcomp26-coverage-198186-ae5f18bc565c.scope
S-cap120-epoch2	simple_arbiter_unreal1_pb_2_2_pe_.ltl	simple_arbiter_unreal1_pb_2_2_pe_.tlsf	120	UNREALIZABLE	0.034432572982041165	1	false		status	13	30	66	50384cf69a733199fa17c9c571da1761d8451991	f80ff3f62daaa6e22a6753a3f30a127baab424d0320949bc9957a6ff62ea5ebe	otf_sparse_formula	2026-09-20T00:31:02.236754Z		0.030000	15302656		8G	0			true		acacia-syntcomp26-coverage-198186-3c8a66360b19.scope
S-cap120-epoch2	simple_arbiter_unreal1_pb_2_5_pe_.ltl	simple_arbiter_unreal1_pb_2_5_pe_.tlsf	120	UNREALIZABLE	0.01720146299339831	1	false		status	13	30	67	50384cf69a733199fa17c9c571da1761d8451991	f80ff3f62daaa6e22a6753a3f30a127baab424d0320949bc9957a6ff62ea5ebe	otf_sparse_formula	2026-09-20T00:31:02.268034Z		0.010000	15392768	42647552	8G	0			true		acacia-syntcomp26-coverage-198186-ce9152411bff.scope
S-cap120-epoch2	simple_arbiter_unreal1_pb_2_9_pe_.ltl	simple_arbiter_unreal1_pb_2_9_pe_.tlsf	120	UNREALIZABLE	0.017212987004313618	1	false		status	13	30	68	50384cf69a733199fa17c9c571da1761d8451991	f80ff3f62daaa6e22a6753a3f30a127baab424d0320949bc9957a6ff62ea5ebe	otf_sparse_formula	2026-09-20T00:31:02.297786Z		0.010000	15360000	42659840	8G	0			true		acacia-syntcomp26-coverage-198186-b506fe15a511.scope
S-cap120-epoch2	solitary0.ltl	solitary0.tlsf	120	UNREALIZABLE	0.023556000989628956	1	false		none	13	30	69	50384cf69a733199fa17c9c571da1761d8451991	f80ff3f62daaa6e22a6753a3f30a127baab424d0320949bc9957a6ff62ea5ebe	otf_sparse_formula	2026-09-20T00:31:02.339375Z		0.030000	19374080		8G	0			true		acacia-syntcomp26-coverage-198186-a191d9b116ef.scope
S-cap120-epoch2	Alarm_88c5c1c3.ltl	Alarm_88c5c1c3.tlsf	120	REALIZABLE	0.024189735006075352	0	false		status	11	30	0	50384cf69a733199fa17c9c571da1761d8451991	f80ff3f62daaa6e22a6753a3f30a127baab424d0320949bc9957a6ff62ea5ebe	otf_sparse_formula	2026-09-20T00:31:02.498124Z		0.010000	19382272		8G	0			true		acacia-syntcomp26-coverage-199856-fa31e33d633f.scope
S-cap120-epoch2	AllHeating_d6376bf9.ltl	AllHeating_d6376bf9.tlsf	120	REALIZABLE	0.01950305499485694	0	false		status	11	30	1	50384cf69a733199fa17c9c571da1761d8451991	f80ff3f62daaa6e22a6753a3f30a127baab424d0320949bc9957a6ff62ea5ebe	otf_sparse_formula	2026-09-20T00:31:02.537141Z		0.020000	20017152		8G	0			true		acacia-syntcomp26-coverage-199856-bb35c71586b1.scope
S-cap120-epoch2	Button.ltl	Button.tlsf	120	REALIZABLE	0.015896038006758317	0	false		status	11	30	2	50384cf69a733199fa17c9c571da1761d8451991	f80ff3f62daaa6e22a6753a3f30a127baab424d0320949bc9957a6ff62ea5ebe	otf_sparse_formula	2026-09-20T00:31:02.565735Z		0.010000	15683584	43122688	8G	0			true		acacia-syntcomp26-coverage-199856-b2109a679134.scope
S-cap120-epoch2	CheckWarnlight_1cf58fc1.ltl	CheckWarnlight_1cf58fc1.tlsf	120	UNREALIZABLE	0.02269202400930226	1	false		status	13	30	3	50384cf69a733199fa17c9c571da1761d8451991	f80ff3f62daaa6e22a6753a3f30a127baab424d0320949bc9957a6ff62ea5ebe	otf_sparse_formula	2026-09-20T00:31:02.600859Z		0.010000	18223104	43122688	8G	0			true		acacia-syntcomp26-coverage-199856-7ab20a36f074.scope
S-cap120-epoch2	F-G-contradiction-19.ltl	F-G-contradiction-19.tlsf	120	UNREALIZABLE	12.437821256986354	1	false		none	13	32	4	50384cf69a733199fa17c9c571da1761d8451991	f80ff3f62daaa6e22a6753a3f30a127baab424d0320949bc9957a6ff62ea5ebe	otf_sparse_formula	2026-09-20T00:31:15.052329Z		49.310000	967249920		8G	0			true		acacia-syntcomp26-coverage-199856-73000ea37331.scope
S-cap120-epoch2	GF-G-contradiction4.ltl	GF-G-contradiction4.tlsf	120	UNREALIZABLE	1.7157242440152913	1	false		none	13	31	5	50384cf69a733199fa17c9c571da1761d8451991	f80ff3f62daaa6e22a6753a3f30a127baab424d0320949bc9957a6ff62ea5ebe	otf_sparse_formula	2026-09-20T00:31:16.781423Z		6.740000	184963072		8G	0			true		acacia-syntcomp26-coverage-199856-32e2dc0372bc.scope
S-cap120-epoch2	Gamemodule.ltl	Gamemodule.tlsf	120	REALIZABLE	0.020057662011822686	0	false		status	11	30	6	50384cf69a733199fa17c9c571da1761d8451991	f80ff3f62daaa6e22a6753a3f30a127baab424d0320949bc9957a6ff62ea5ebe	otf_sparse_formula	2026-09-20T00:31:16.815380Z		0.010000	19804160		8G	0			true		acacia-syntcomp26-coverage-199856-41b84dd1a063.scope
S-cap120-epoch2	LightsTotal_d65ed84e.ltl	LightsTotal_d65ed84e.tlsf	120	REALIZABLE	0.42169978900346905	0	false		status	11	30	7	50384cf69a733199fa17c9c571da1761d8451991	f80ff3f62daaa6e22a6753a3f30a127baab424d0320949bc9957a6ff62ea5ebe	otf_sparse_formula	2026-09-20T00:31:17.251047Z		1.610000	42737664		8G	0			true		acacia-syntcomp26-coverage-199856-1b4552f0a6f7.scope
S-cap120-epoch2	Morning2_4d4ca5c4.ltl	Morning2_4d4ca5c4.tlsf	120	REALIZABLE	0.017685033002635464	0	false		status	11	30	8	50384cf69a733199fa17c9c571da1761d8451991	f80ff3f62daaa6e22a6753a3f30a127baab424d0320949bc9957a6ff62ea5ebe	otf_sparse_formula	2026-09-20T00:31:17.282097Z		0.020000	20131840		8G	0			true		acacia-syntcomp26-coverage-199856-9a146ea7d7ad.scope
S-cap120-epoch2	MusicAppSimple.ltl	MusicAppSimple.tlsf	120	REALIZABLE	0.020164094981737435	0	false		status	11	30	9	50384cf69a733199fa17c9c571da1761d8451991	f80ff3f62daaa6e22a6753a3f30a127baab424d0320949bc9957a6ff62ea5ebe	otf_sparse_formula	2026-09-20T00:31:17.322482Z		0.020000	18739200		8G	0			true		acacia-syntcomp26-coverage-199856-db92d0f4e2e6.scope
S-cap120-epoch2	OneCounterInRangeA3.ltl	OneCounterInRangeA3.tlsf	120	REALIZABLE	0.03193426100187935	0	false		status	11	30	10	50384cf69a733199fa17c9c571da1761d8451991	f80ff3f62daaa6e22a6753a3f30a127baab424d0320949bc9957a6ff62ea5ebe	otf_sparse_formula	2026-09-20T00:31:17.381551Z		0.050000	20107264		8G	0			true		acacia-syntcomp26-coverage-199856-c42ea0e79c84.scope
S-cap120-epoch2	SPIReadClk.ltl	SPIReadClk.tlsf	120	REALIZABLE	0.032617988996207714	0	false		status	11	30	11	50384cf69a733199fa17c9c571da1761d8451991	f80ff3f62daaa6e22a6753a3f30a127baab424d0320949bc9957a6ff62ea5ebe	otf_sparse_formula	2026-09-20T00:31:17.452390Z		0.030000	15675392		8G	0			true		acacia-syntcomp26-coverage-199856-c01eab1a4800.scope
S-cap120-epoch2	SensorRegister.ltl	SensorRegister.tlsf	120	REALIZABLE	0.04277045599883422	0	false		status	11	30	12	50384cf69a733199fa17c9c571da1761d8451991	f80ff3f62daaa6e22a6753a3f30a127baab424d0320949bc9957a6ff62ea5ebe	otf_sparse_formula	2026-09-20T00:31:17.533890Z		0.030000	15630336		8G	0			true		acacia-syntcomp26-coverage-199856-fc45bdcbcba9.scope
S-cap120-epoch2	Shades2_42dc4fff.ltl	Shades2_42dc4fff.tlsf	120	REALIZABLE	0.04182651900919154	0	false		status	11	30	13	50384cf69a733199fa17c9c571da1761d8451991	f80ff3f62daaa6e22a6753a3f30a127baab424d0320949bc9957a6ff62ea5ebe	otf_sparse_formula	2026-09-20T00:31:17.605084Z		0.060000	19451904		8G	0			true		acacia-syntcomp26-coverage-199856-1acfc73eac80.scope
S-cap120-epoch2	Shades2_a5f99bc6.ltl	Shades2_a5f99bc6.tlsf	120	REALIZABLE	0.04357838199939579	0	false		status	11	30	14	50384cf69a733199fa17c9c571da1761d8451991	f80ff3f62daaa6e22a6753a3f30a127baab424d0320949bc9957a6ff62ea5ebe	otf_sparse_formula	2026-09-20T00:31:17.662254Z		0.070000	19050496		8G	0			true		acacia-syntcomp26-coverage-199856-6892705ac8fb.scope
S-cap120-epoch2	Shades_a02758ea.ltl	Shades_a02758ea.tlsf	120	REALIZABLE	0.024886769999284297	0	false		status	11	30	15	50384cf69a733199fa17c9c571da1761d8451991	f80ff3f62daaa6e22a6753a3f30a127baab424d0320949bc9957a6ff62ea5ebe	otf_sparse_formula	2026-09-20T00:31:17.704544Z		0.020000	18808832		8G	0			true		acacia-syntcomp26-coverage-199856-40221b973fa5.scope
S-cap120-epoch2	arbiter_on_inpchange_pb_1_pe_.ltl	arbiter_on_inpchange_pb_1_pe_.tlsf	120	REALIZABLE	0.022299862990621477	0	false		none	11	30	16	50384cf69a733199fa17c9c571da1761d8451991	f80ff3f62daaa6e22a6753a3f30a127baab424d0320949bc9957a6ff62ea5ebe	otf_sparse_formula	2026-09-20T00:31:17.751015Z		0.030000	17969152		8G	0			true		acacia-syntcomp26-coverage-199856-5020efd48719.scope
S-cap120-epoch2	arbiter_with_buffer_pb_1_pe_.ltl	arbiter_with_buffer_pb_1_pe_.tlsf	120	REALIZABLE	0.023948173999087885	0	false		none	11	30	17	50384cf69a733199fa17c9c571da1761d8451991	f80ff3f62daaa6e22a6753a3f30a127baab424d0320949bc9957a6ff62ea5ebe	otf_sparse_formula	2026-09-20T00:31:17.798499Z		0.020000	15347712		8G	0			true		acacia-syntcomp26-coverage-199856-402db6990169.scope
S-cap120-epoch2	collector_v2_pb_27_pe_.ltl	collector_v2_pb_27_pe_.tlsf	120	TIMEOUT	120.13268019200768	124	true	timeout	none	0	8	18	50384cf69a733199fa17c9c571da1761d8451991	f80ff3f62daaa6e22a6753a3f30a127baab424d0320949bc9957a6ff62ea5ebe	otf_sparse_formula	2026-09-20T00:33:17.967002Z					8G	0			true		acacia-syntcomp26-coverage-199856-27d7372ce9b9.scope
S-cap120-epoch2	collector_v3_pb_12_pe_.ltl	collector_v3_pb_12_pe_.tlsf	120	TIMEOUT	120.16831432300387	124	true	timeout	none	0	8	19	50384cf69a733199fa17c9c571da1761d8451991	f80ff3f62daaa6e22a6753a3f30a127baab424d0320949bc9957a6ff62ea5ebe	otf_sparse_formula	2026-09-20T00:35:18.149748Z					8G	0			true		acacia-syntcomp26-coverage-199856-65fd5f9c0f86.scope
S-cap120-epoch2	finding_nemo_pb_2_pe_.ltl	finding_nemo_pb_2_pe_.tlsf	120	REALIZABLE	4.850887651991798	0	false		none	11	31	20	50384cf69a733199fa17c9c571da1761d8451991	f80ff3f62daaa6e22a6753a3f30a127baab424d0320949bc9957a6ff62ea5ebe	otf_sparse_formula	2026-09-20T00:35:23.015209Z		14.910000	102117376		8G	0			true		acacia-syntcomp26-coverage-199856-0c0dcea02d79.scope
S-cap120-epoch2	full_arbiter_enc_pb_10_pe_.ltl	full_arbiter_enc_pb_10_pe_.tlsf	120	TIMEOUT	120.17041915698792	124	true	timeout	none	0	8	21	50384cf69a733199fa17c9c571da1761d8451991	f80ff3f62daaa6e22a6753a3f30a127baab424d0320949bc9957a6ff62ea5ebe	otf_sparse_formula	2026-09-20T00:37:23.209705Z					8G	0			true		acacia-syntcomp26-coverage-199856-3ab55a65b73f.scope
S-cap120-epoch2	full_arbiter_unreal1_pb_2_8_pe_.ltl	full_arbiter_unreal1_pb_2_8_pe_.tlsf	120	UNREALIZABLE	0.03076305301510729	1	false		status	13	30	22	50384cf69a733199fa17c9c571da1761d8451991	f80ff3f62daaa6e22a6753a3f30a127baab424d0320949bc9957a6ff62ea5ebe	otf_sparse_formula	2026-09-20T00:37:23.264912Z		0.020000	15470592		8G	0			true		acacia-syntcomp26-coverage-199856-97060601c2d5.scope
S-cap120-epoch2	g-unreal-18.ltl	g-unreal-18.tlsf	120	UNREALIZABLE	1.1558255630079657	1	false		none	13	31	23	50384cf69a733199fa17c9c571da1761d8451991	f80ff3f62daaa6e22a6753a3f30a127baab424d0320949bc9957a6ff62ea5ebe	otf_sparse_formula	2026-09-20T00:37:24.433902Z		2.960000	123432960		8G	0			true		acacia-syntcomp26-coverage-199856-cb8f00a2d897.scope
S-cap120-epoch2	gf-unreal2.ltl	gf-unreal2.tlsf	120	UNREALIZABLE	0.01569778099656105	1	false		none	13	30	24	50384cf69a733199fa17c9c571da1761d8451991	f80ff3f62daaa6e22a6753a3f30a127baab424d0320949bc9957a6ff62ea5ebe	otf_sparse_formula	2026-09-20T00:37:24.463342Z		0.010000	17797120	44396544	8G	0			true		acacia-syntcomp26-coverage-199856-e9d3373a8098.scope
S-cap120-epoch2	gf-unreal34.ltl	gf-unreal34.tlsf	120	UNREALIZABLE	0.03051083700847812	1	false		none	13	30	25	50384cf69a733199fa17c9c571da1761d8451991	f80ff3f62daaa6e22a6753a3f30a127baab424d0320949bc9957a6ff62ea5ebe	otf_sparse_formula	2026-09-20T00:37:24.506799Z		0.040000	19746816		8G	0			true		acacia-syntcomp26-coverage-199856-90ec75b33385.scope
S-cap120-epoch2	gf-unreal42.ltl	gf-unreal42.tlsf	120	UNREALIZABLE	0.04281689698109403	1	false		none	13	30	26	50384cf69a733199fa17c9c571da1761d8451991	f80ff3f62daaa6e22a6753a3f30a127baab424d0320949bc9957a6ff62ea5ebe	otf_sparse_formula	2026-09-20T00:37:24.563127Z		0.090000	19906560		8G	0			true		acacia-syntcomp26-coverage-199856-e89866d5cdbf.scope
S-cap120-epoch2	heim-double-x5.ltl	heim-double-x5.tlsf	120	UNREALIZABLE	0.2862436049908865	1	false		none	13	30	27	50384cf69a733199fa17c9c571da1761d8451991	f80ff3f62daaa6e22a6753a3f30a127baab424d0320949bc9957a6ff62ea5ebe	otf_sparse_formula	2026-09-20T00:37:24.862547Z		1.070000	40902656		8G	0			true		acacia-syntcomp26-coverage-199856-37666668f1a2.scope
S-cap120-epoch2	lilydemo06.ltl	lilydemo06.tlsf	120	REALIZABLE	0.022303869016468525	0	false		status	11	30	28	50384cf69a733199fa17c9c571da1761d8451991	f80ff3f62daaa6e22a6753a3f30a127baab424d0320949bc9957a6ff62ea5ebe	otf_sparse_formula	2026-09-20T00:37:24.900518Z		0.020000	17981440		8G	0			true		acacia-syntcomp26-coverage-199856-acfb0333eea2.scope
S-cap120-epoch2	lilydemo22.ltl	lilydemo22.tlsf	120	REALIZABLE	0.031537695991573855	0	false		status	11	30	29	50384cf69a733199fa17c9c571da1761d8451991	f80ff3f62daaa6e22a6753a3f30a127baab424d0320949bc9957a6ff62ea5ebe	otf_sparse_formula	2026-09-20T00:37:24.958440Z		0.050000	18907136		8G	0			true		acacia-syntcomp26-coverage-199856-8fd3a03b2188.scope
S-cap120-epoch2	load_balancer_unreal1_pb_3_4_pe_.ltl	load_balancer_unreal1_pb_3_4_pe_.tlsf	120	UNREALIZABLE	0.05404811300104484	1	false		status	13	30	30	50384cf69a733199fa17c9c571da1761d8451991	f80ff3f62daaa6e22a6753a3f30a127baab424d0320949bc9957a6ff62ea5ebe	otf_sparse_formula	2026-09-20T00:37:25.033688Z		0.080000	20275200		8G	0			true		acacia-syntcomp26-coverage-199856-955f34e3f282.scope
S-cap120-epoch2	load_balancer_unreal1_pb_5_3_pe_.ltl	load_balancer_unreal1_pb_5_3_pe_.tlsf	120	UNREALIZABLE	0.10896611801581457	1	false		status	13	30	31	50384cf69a733199fa17c9c571da1761d8451991	f80ff3f62daaa6e22a6753a3f30a127baab424d0320949bc9957a6ff62ea5ebe	otf_sparse_formula	2026-09-20T00:37:25.156499Z		0.330000	22269952		8G	0			true		acacia-syntcomp26-coverage-199856-917c68f5d88f.scope
S-cap120-epoch2	ltl2dba10.ltl	ltl2dba10.tlsf	120	REALIZABLE	0.018755900004180148	0	false		status	11	30	32	50384cf69a733199fa17c9c571da1761d8451991	f80ff3f62daaa6e22a6753a3f30a127baab424d0320949bc9957a6ff62ea5ebe	otf_sparse_formula	2026-09-20T00:37:25.198718Z		0.020000	15347712		8G	0			true		acacia-syntcomp26-coverage-199856-3a3fbc9663cc.scope
S-cap120-epoch2	ltl2dba19.ltl	ltl2dba19.tlsf	120	REALIZABLE	0.03135354400728829	0	false		status	11	30	33	50384cf69a733199fa17c9c571da1761d8451991	f80ff3f62daaa6e22a6753a3f30a127baab424d0320949bc9957a6ff62ea5ebe	otf_sparse_formula	2026-09-20T00:37:25.260418Z		0.030000	15360000		8G	0			true		acacia-syntcomp26-coverage-199856-91dcaac62899.scope
S-cap120-epoch2	ltl2dba_C2_unreal_pb_7_pe_.ltl	ltl2dba_C2_unreal_pb_7_pe_.tlsf	120	UNREALIZABLE	0.043787170987343416	1	false		status	13	30	34	50384cf69a733199fa17c9c571da1761d8451991	f80ff3f62daaa6e22a6753a3f30a127baab424d0320949bc9957a6ff62ea5ebe	otf_sparse_formula	2026-09-20T00:37:25.318691Z		0.060000	25554944		8G	0			true		acacia-syntcomp26-coverage-199856-d757b4627330.scope
S-cap120-epoch2	ltl2dba_R_pb_3_pe_.ltl	ltl2dba_R_pb_3_pe_.tlsf	120	UNREALIZABLE	0.03611451399046928	1	false		status	13	30	35	50384cf69a733199fa17c9c571da1761d8451991	f80ff3f62daaa6e22a6753a3f30a127baab424d0320949bc9957a6ff62ea5ebe	otf_sparse_formula	2026-09-20T00:37:25.378434Z		0.060000	19570688		8G	0			true		acacia-syntcomp26-coverage-199856-7ba09aebed51.scope
S-cap120-epoch2	ltl2dpa18.ltl	ltl2dpa18.tlsf	120	REALIZABLE	0.03935687299235724	0	false		status	11	30	36	50384cf69a733199fa17c9c571da1761d8451991	f80ff3f62daaa6e22a6753a3f30a127baab424d0320949bc9957a6ff62ea5ebe	otf_sparse_formula	2026-09-20T00:37:25.454935Z		0.060000	18907136		8G	0			true		acacia-syntcomp26-coverage-199856-76b67545576c.scope
S-cap120-epoch2	mux_pb_132_pe_.ltl	mux_pb_132_pe_.tlsf	120	REALIZABLE	0.051318810001248494	0	false		status	11	30	37	50384cf69a733199fa17c9c571da1761d8451991	f80ff3f62daaa6e22a6753a3f30a127baab424d0320949bc9957a6ff62ea5ebe	otf_sparse_formula	2026-09-20T00:37:25.531041Z		0.070000	18124800		8G	0			true		acacia-syntcomp26-coverage-199856-c8916a0a1303.scope
S-cap120-epoch2	patrolling2.ltl	patrolling2.tlsf	120	UNREALIZABLE	0.051936407980974764	1	false		none	13	30	38	50384cf69a733199fa17c9c571da1761d8451991	f80ff3f62daaa6e22a6753a3f30a127baab424d0320949bc9957a6ff62ea5ebe	otf_sparse_formula	2026-09-20T00:37:25.596177Z		0.110000	21360640		8G	0			true		acacia-syntcomp26-coverage-199856-f5267aa48c45.scope
S-cap120-epoch2	patrolling8.ltl	patrolling8.tlsf	120	UNREALIZABLE	0.09804641600931063	1	false		none	13	30	39	50384cf69a733199fa17c9c571da1761d8451991	f80ff3f62daaa6e22a6753a3f30a127baab424d0320949bc9957a6ff62ea5ebe	otf_sparse_formula	2026-09-20T00:37:25.707224Z		0.310000	27095040		8G	0			true		acacia-syntcomp26-coverage-199856-165002c1a60e.scope
S-cap120-epoch2	prioritized_arbiter_unreal1_pb_2_14_pe_.ltl	prioritized_arbiter_unreal1_pb_2_14_pe_.tlsf	120	UNREALIZABLE	0.021461516007548198	1	false		status	13	30	40	50384cf69a733199fa17c9c571da1761d8451991	f80ff3f62daaa6e22a6753a3f30a127baab424d0320949bc9957a6ff62ea5ebe	otf_sparse_formula	2026-09-20T00:37:25.750634Z		0.020000	18563072		8G	0			true		acacia-syntcomp26-coverage-199856-621839c567be.scope
S-cap120-epoch2	prioritized_arbiter_unreal1_pb_4_5_pe_.ltl	prioritized_arbiter_unreal1_pb_4_5_pe_.tlsf	120	UNREALIZABLE	0.030958119983552024	1	false		status	13	30	41	50384cf69a733199fa17c9c571da1761d8451991	f80ff3f62daaa6e22a6753a3f30a127baab424d0320949bc9957a6ff62ea5ebe	otf_sparse_formula	2026-09-20T00:37:25.817359Z		0.040000	18751488		8G	0			true		acacia-syntcomp26-coverage-199856-45e2f22f0db5.scope
S-cap120-epoch2	prioritized_arbiter_unreal1_pb_4_7_pe_.ltl	prioritized_arbiter_unreal1_pb_4_7_pe_.tlsf	120	UNREALIZABLE	0.03647635300876573	1	false		status	13	30	42	50384cf69a733199fa17c9c571da1761d8451991	f80ff3f62daaa6e22a6753a3f30a127baab424d0320949bc9957a6ff62ea5ebe	otf_sparse_formula	2026-09-20T00:37:25.891675Z		0.050000	18530304		8G	0			true		acacia-syntcomp26-coverage-199856-21c553e41fa5.scope
S-cap120-epoch2	prioritized_arbiter_unreal1_pb_6_4_pe_.ltl	prioritized_arbiter_unreal1_pb_6_4_pe_.tlsf	120	UNREALIZABLE	0.041816148994257674	1	false		status	13	30	43	50384cf69a733199fa17c9c571da1761d8451991	f80ff3f62daaa6e22a6753a3f30a127baab424d0320949bc9957a6ff62ea5ebe	otf_sparse_formula	2026-09-20T00:37:25.960822Z		0.050000	18726912		8G	0			true		acacia-syntcomp26-coverage-199856-04541eb43871.scope
S-cap120-epoch2	robot-to-target-charging0.ltl	robot-to-target-charging0.tlsf	120	UNREALIZABLE	0.8903323319973424	1	false		none	13	30	44	50384cf69a733199fa17c9c571da1761d8451991	f80ff3f62daaa6e22a6753a3f30a127baab424d0320949bc9957a6ff62ea5ebe	otf_sparse_formula	2026-09-20T00:37:26.864330Z		3.430000	46391296		8G	0			true		acacia-syntcomp26-coverage-199856-655961ef9dbe.scope
S-cap120-epoch2	robot-to-target-charging7.ltl	robot-to-target-charging7.tlsf	120	UNREALIZABLE	18.578783458011458	1	false		none	13	32	45	50384cf69a733199fa17c9c571da1761d8451991	f80ff3f62daaa6e22a6753a3f30a127baab424d0320949bc9957a6ff62ea5ebe	otf_sparse_formula	2026-09-20T00:37:45.456146Z		73.890000	306794496		8G	0			true		acacia-syntcomp26-coverage-199856-0d8f0417b37b.scope
S-cap120-epoch2	round_robin_arbiter_unreal1_pb_3_15_pe_.ltl	round_robin_arbiter_unreal1_pb_3_15_pe_.tlsf	120	MEMOUT	44.37877461401513	-15	false	memory	status	0	8	46	50384cf69a733199fa17c9c571da1761d8451991	f80ff3f62daaa6e22a6753a3f30a127baab424d0320949bc9957a6ff62ea5ebe	otf_sparse_formula	2026-09-20T00:38:29.857287Z				8589934592	8G	0			true		acacia-syntcomp26-coverage-199856-6c208dca956c.scope
S-cap120-epoch2	round_robin_arbiter_unreal2_pb_4_pe_.ltl	round_robin_arbiter_unreal2_pb_4_pe_.tlsf	120	UNREALIZABLE	0.49660346200107597	1	false		status	13	30	47	50384cf69a733199fa17c9c571da1761d8451991	f80ff3f62daaa6e22a6753a3f30a127baab424d0320949bc9957a6ff62ea5ebe	otf_sparse_formula	2026-09-20T00:38:30.367166Z		1.920000	44974080		8G	0			true		acacia-syntcomp26-coverage-199856-ff385c74653d.scope
S-cap120-epoch2	simple_arbiter_unreal1_pb_2_3_pe_.ltl	simple_arbiter_unreal1_pb_2_3_pe_.tlsf	120	UNREALIZABLE	0.017777002009097487	1	false		status	13	30	48	50384cf69a733199fa17c9c571da1761d8451991	f80ff3f62daaa6e22a6753a3f30a127baab424d0320949bc9957a6ff62ea5ebe	otf_sparse_formula	2026-09-20T00:38:30.406784Z		0.020000	15400960	42930176	8G	0			true		acacia-syntcomp26-coverage-199856-8afcdbba95cd.scope
S-cap120-epoch2	simple_arbiter_unreal1_pb_6_1_pe_.ltl	simple_arbiter_unreal1_pb_6_1_pe_.tlsf	120	UNREALIZABLE	0.027713446004781872	1	false		status	13	30	49	50384cf69a733199fa17c9c571da1761d8451991	f80ff3f62daaa6e22a6753a3f30a127baab424d0320949bc9957a6ff62ea5ebe	otf_sparse_formula	2026-09-20T00:38:30.461912Z		0.030000	15450112		8G	0			true		acacia-syntcomp26-coverage-199856-5dec5c61cbb4.scope
S-cap120-epoch2	simple_arbiter_unreal2_pb_50_pe_.ltl	simple_arbiter_unreal2_pb_50_pe_.tlsf	120	UNREALIZABLE	0.04150777301401831	1	false		status	13	30	50	50384cf69a733199fa17c9c571da1761d8451991	f80ff3f62daaa6e22a6753a3f30a127baab424d0320949bc9957a6ff62ea5ebe	otf_sparse_formula	2026-09-20T00:38:30.525346Z		0.050000	16928768		8G	0			true		acacia-syntcomp26-coverage-199856-d818912e2a6a.scope
S-cap120-epoch2	CheckShades_3461125b.ltl	CheckShades_3461125b.tlsf	120	UNREALIZABLE	0.020221959974151105	1	false		status	13	30	0	50384cf69a733199fa17c9c571da1761d8451991	f80ff3f62daaa6e22a6753a3f30a127baab424d0320949bc9957a6ff62ea5ebe	otf_sparse_formula	2026-09-20T01:17:23.264932Z		0.010000	18522112		8G	0			true		acacia-syntcomp26-coverage-202845-62ef386a5544.scope
S-cap120-epoch2	CheckWarnlight_54e1f7d2.ltl	CheckWarnlight_54e1f7d2.tlsf	120	UNREALIZABLE	0.019577414001105353	1	false		status	13	30	1	50384cf69a733199fa17c9c571da1761d8451991	f80ff3f62daaa6e22a6753a3f30a127baab424d0320949bc9957a6ff62ea5ebe	otf_sparse_formula	2026-09-20T01:17:23.332819Z		0.010000	18132992	43438080	8G	0			true		acacia-syntcomp26-coverage-202845-ac2f6de5b5ef.scope
S-cap120-epoch2	Demo1_63831f8c.ltl	Demo1_63831f8c.tlsf	120	TIMEOUT	120.22516152000753	124	true	timeout	none	0	8	2	50384cf69a733199fa17c9c571da1761d8451991	f80ff3f62daaa6e22a6753a3f30a127baab424d0320949bc9957a6ff62ea5ebe	otf_sparse_formula	2026-09-20T01:19:23.584210Z					8G	0			true		acacia-syntcomp26-coverage-202845-622288ff75e0.scope
S-cap120-epoch2	KitchenTimerV8.ltl	KitchenTimerV8.tlsf	120	REALIZABLE	0.12470637500518933	0	false		status	11	30	3	50384cf69a733199fa17c9c571da1761d8451991	f80ff3f62daaa6e22a6753a3f30a127baab424d0320949bc9957a6ff62ea5ebe	otf_sparse_formula	2026-09-20T01:19:23.723054Z		0.320000	24920064		8G	0			true		acacia-syntcomp26-coverage-202845-99331a299cd2.scope
S-cap120-epoch2	Light_aeb1d897.ltl	Light_aeb1d897.tlsf	120	UNREALIZABLE	0.029874201980419457	1	false		status	13	30	4	50384cf69a733199fa17c9c571da1761d8451991	f80ff3f62daaa6e22a6753a3f30a127baab424d0320949bc9957a6ff62ea5ebe	otf_sparse_formula	2026-09-20T01:19:23.767198Z		0.030000	19460096		8G	0			true		acacia-syntcomp26-coverage-202845-731761abfbf8.scope
S-cap120-epoch2	LightsTotal_9cbf2546.ltl	LightsTotal_9cbf2546.tlsf	120	REALIZABLE	0.41749092398094945	0	false		status	11	30	5	50384cf69a733199fa17c9c571da1761d8451991	f80ff3f62daaa6e22a6753a3f30a127baab424d0320949bc9957a6ff62ea5ebe	otf_sparse_formula	2026-09-20T01:19:24.197873Z		1.590000	46133248		8G	0			true		acacia-syntcomp26-coverage-202845-e82b179e4cb1.scope
S-cap120-epoch2	MusicAppFeedback.ltl	MusicAppFeedback.tlsf	120	REALIZABLE	0.02013242500834167	0	false		status	11	30	6	50384cf69a733199fa17c9c571da1761d8451991	f80ff3f62daaa6e22a6753a3f30a127baab424d0320949bc9957a6ff62ea5ebe	otf_sparse_formula	2026-09-20T01:19:24.232632Z		0.030000	19832832		8G	0			true		acacia-syntcomp26-coverage-202845-5b838ce4d5da.scope
S-cap120-epoch2	TwoCountersRefinedRefined.ltl	TwoCountersRefinedRefined.tlsf	120	REALIZABLE	0.0422643740021158	0	false		status	11	30	7	50384cf69a733199fa17c9c571da1761d8451991	f80ff3f62daaa6e22a6753a3f30a127baab424d0320949bc9957a6ff62ea5ebe	otf_sparse_formula	2026-09-20T01:19:24.287839Z		0.090000	21352448		8G	0			true		acacia-syntcomp26-coverage-202845-1c59db059825.scope
S-cap120-epoch2	amba_case_study_unreal_pb_4_pe_.ltl	amba_case_study_unreal_pb_4_pe_.tlsf	120	TIMEOUT	120.32381182399695	124	true	timeout	none	0	8	8	50384cf69a733199fa17c9c571da1761d8451991	f80ff3f62daaa6e22a6753a3f30a127baab424d0320949bc9957a6ff62ea5ebe	otf_sparse_formula	2026-09-20T01:21:24.651594Z					8G	0			true		acacia-syntcomp26-coverage-202845-998b6fa559e3.scope
S-cap120-epoch2	arbiter_on_inpchange_pb_4_pe_.ltl	arbiter_on_inpchange_pb_4_pe_.tlsf	120	REALIZABLE	1.3087112959765363	0	false		none	11	31	9	50384cf69a733199fa17c9c571da1761d8451991	f80ff3f62daaa6e22a6753a3f30a127baab424d0320949bc9957a6ff62ea5ebe	otf_sparse_formula	2026-09-20T01:21:25.974548Z		5.090000	140640256		8G	0			true		acacia-syntcomp26-coverage-202845-9c83394ac22c.scope
S-cap120-epoch2	arbiter_pb_2_pe_.ltl	arbiter_pb_2_pe_.tlsf	120	REALIZABLE	0.022206607012776658	0	false		none	11	30	10	50384cf69a733199fa17c9c571da1761d8451991	f80ff3f62daaa6e22a6753a3f30a127baab424d0320949bc9957a6ff62ea5ebe	otf_sparse_formula	2026-09-20T01:21:26.018967Z		0.030000	18513920		8G	0			true		acacia-syntcomp26-coverage-202845-050e52c36856.scope
S-cap120-epoch2	collector_v3_pb_10_pe_.ltl	collector_v3_pb_10_pe_.tlsf	120	TIMEOUT	120.16860813400126	124	true	timeout	none	0	8	11	50384cf69a733199fa17c9c571da1761d8451991	f80ff3f62daaa6e22a6753a3f30a127baab424d0320949bc9957a6ff62ea5ebe	otf_sparse_formula	2026-09-20T01:23:26.200515Z					8G	0			true		acacia-syntcomp26-coverage-202845-6d12ed333330.scope
S-cap120-epoch2	collector_v3_pb_13_pe_.ltl	collector_v3_pb_13_pe_.tlsf	120	TIMEOUT	120.16797257700819	124	true	timeout	none	0	8	12	50384cf69a733199fa17c9c571da1761d8451991	f80ff3f62daaa6e22a6753a3f30a127baab424d0320949bc9957a6ff62ea5ebe	otf_sparse_formula	2026-09-20T01:25:26.381720Z					8G	0			true		acacia-syntcomp26-coverage-202845-0c1574a7ff1c.scope
S-cap120-epoch2	elevator-paper-real.ltl	elevator-paper-real.tlsf	120	REALIZABLE	0.06289086802280508	0	false		none	11	30	13	50384cf69a733199fa17c9c571da1761d8451991	f80ff3f62daaa6e22a6753a3f30a127baab424d0320949bc9957a6ff62ea5ebe	otf_sparse_formula	2026-09-20T01:25:26.458463Z		0.170000	23969792		8G	0			true		acacia-syntcomp26-coverage-202845-1a6584813aa5.scope
S-cap120-epoch2	example10_pb_2_pe_.ltl	example10_pb_2_pe_.tlsf	120	REALIZABLE	0.023808950005332008	0	false		none	11	30	14	50384cf69a733199fa17c9c571da1761d8451991	f80ff3f62daaa6e22a6753a3f30a127baab424d0320949bc9957a6ff62ea5ebe	otf_sparse_formula	2026-09-20T01:25:26.505828Z		0.020000	17682432		8G	0			true		acacia-syntcomp26-coverage-202845-ddb85c7f67ff.scope
S-cap120-epoch2	example7a_pb_2_pe_.ltl	example7a_pb_2_pe_.tlsf	120	REALIZABLE	0.032524394016945735	0	false		none	11	30	15	50384cf69a733199fa17c9c571da1761d8451991	f80ff3f62daaa6e22a6753a3f30a127baab424d0320949bc9957a6ff62ea5ebe	otf_sparse_formula	2026-09-20T01:25:26.565232Z		0.040000	18067456		8G	0			true		acacia-syntcomp26-coverage-202845-51e1e030950a.scope
S-cap120-epoch2	finding_nemo_pb_4_pe_.ltl	finding_nemo_pb_4_pe_.tlsf	120	TIMEOUT	120.13032114799717	124	true	timeout	none	0	8	16	50384cf69a733199fa17c9c571da1761d8451991	f80ff3f62daaa6e22a6753a3f30a127baab424d0320949bc9957a6ff62ea5ebe	otf_sparse_formula	2026-09-20T01:27:26.708149Z					8G	0			true		acacia-syntcomp26-coverage-202845-4793a14b83a8.scope
S-cap120-epoch2	finding_nemo_pb_7_pe_.ltl	finding_nemo_pb_7_pe_.tlsf	120	TIMEOUT	120.21946358500281	124	true	timeout	none	0	8	17	50384cf69a733199fa17c9c571da1761d8451991	f80ff3f62daaa6e22a6753a3f30a127baab424d0320949bc9957a6ff62ea5ebe	otf_sparse_formula	2026-09-20T01:29:26.946987Z					8G	0			true		acacia-syntcomp26-coverage-202845-ec590da1584f.scope
S-cap120-epoch2	full_arbiter_enc_pb_12_pe_.ltl	full_arbiter_enc_pb_12_pe_.tlsf	120	TIMEOUT	120.18166342799668	124	true	timeout	none	0	8	18	50384cf69a733199fa17c9c571da1761d8451991	f80ff3f62daaa6e22a6753a3f30a127baab424d0320949bc9957a6ff62ea5ebe	otf_sparse_formula	2026-09-20T01:31:27.142235Z					8G	0			true		acacia-syntcomp26-coverage-202845-01f120b3d50d.scope
S-cap120-epoch2	g-unreal-10.ltl	g-unreal-10.tlsf	120	UNREALIZABLE	0.03326119200210087	1	false		none	13	30	19	50384cf69a733199fa17c9c571da1761d8451991	f80ff3f62daaa6e22a6753a3f30a127baab424d0320949bc9957a6ff62ea5ebe	otf_sparse_formula	2026-09-20T01:31:27.213092Z		0.050000	19218432		8G	0			true		acacia-syntcomp26-coverage-202845-60bae05d9a4d.scope
S-cap120-epoch2	g-unreal-11.ltl	g-unreal-11.tlsf	120	UNREALIZABLE	0.03640163200907409	1	false		none	13	30	20	50384cf69a733199fa17c9c571da1761d8451991	f80ff3f62daaa6e22a6753a3f30a127baab424d0320949bc9957a6ff62ea5ebe	otf_sparse_formula	2026-09-20T01:31:27.271625Z		0.050000	20172800		8G	0			true		acacia-syntcomp26-coverage-202845-3b345ab9321c.scope
S-cap120-epoch2	g-unreal-21.ltl	g-unreal-21.tlsf	120	TIMEOUT	120.32668671698775	124	true	timeout	none	0	8	21	50384cf69a733199fa17c9c571da1761d8451991	f80ff3f62daaa6e22a6753a3f30a127baab424d0320949bc9957a6ff62ea5ebe	otf_sparse_formula	2026-09-20T01:33:27.629437Z					8G	0			true		acacia-syntcomp26-coverage-202845-579bdb63ccd8.scope
S-cap120-epoch2	g-unreal-312.ltl	g-unreal-312.tlsf	120	MEMOUT	94.55123748601181	-15	false	memory	none	0	8	22	50384cf69a733199fa17c9c571da1761d8451991	f80ff3f62daaa6e22a6753a3f30a127baab424d0320949bc9957a6ff62ea5ebe	otf_sparse_formula	2026-09-20T01:35:02.199672Z				8589934592	8G	0			true		acacia-syntcomp26-coverage-202845-548c61c320bf.scope
S-cap120-epoch2	g-unreal-32.ltl	g-unreal-32.tlsf	120	UNREALIZABLE	0.20576049300143495	1	false		none	13	30	23	50384cf69a733199fa17c9c571da1761d8451991	f80ff3f62daaa6e22a6753a3f30a127baab424d0320949bc9957a6ff62ea5ebe	otf_sparse_formula	2026-09-20T01:35:02.424318Z		0.740000	46895104		8G	0			true		acacia-syntcomp26-coverage-202845-56763447e719.scope
S-cap120-epoch2	gf-unreal11.ltl	gf-unreal11.tlsf	120	UNREALIZABLE	0.023512592975748703	1	false		none	13	30	24	50384cf69a733199fa17c9c571da1761d8451991	f80ff3f62daaa6e22a6753a3f30a127baab424d0320949bc9957a6ff62ea5ebe	otf_sparse_formula	2026-09-20T01:35:02.461377Z		0.030000	17956864		8G	0			true		acacia-syntcomp26-coverage-202845-8230875e42d7.scope
S-cap120-epoch2	gf-unreal18.ltl	gf-unreal18.tlsf	120	UNREALIZABLE	0.03083524201065302	1	false		none	13	30	25	50384cf69a733199fa17c9c571da1761d8451991	f80ff3f62daaa6e22a6753a3f30a127baab424d0320949bc9957a6ff62ea5ebe	otf_sparse_formula	2026-09-20T01:35:02.505180Z		0.040000	18464768		8G	0			true		acacia-syntcomp26-coverage-202845-ead70e0c41e8.scope
S-cap120-epoch2	infinite-race-u0.ltl	infinite-race-u0.tlsf	120	UNREALIZABLE	0.020711586985271424	1	false		none	13	30	26	50384cf69a733199fa17c9c571da1761d8451991	f80ff3f62daaa6e22a6753a3f30a127baab424d0320949bc9957a6ff62ea5ebe	otf_sparse_formula	2026-09-20T01:35:02.537955Z		0.020000	19062784		8G	0			true		acacia-syntcomp26-coverage-202845-9b76e711c642.scope
S-cap120-epoch2	lift_gr1+_pb_3_pe_.ltl	lift_gr1+_pb_3_pe_.tlsf	120	REALIZABLE	1.2994622649857774	0	false		none	11	31	27	50384cf69a733199fa17c9c571da1761d8451991	f80ff3f62daaa6e22a6753a3f30a127baab424d0320949bc9957a6ff62ea5ebe	otf_sparse_formula	2026-09-20T01:35:03.850503Z		5.110000	115089408		8G	0			true		acacia-syntcomp26-coverage-202845-04cd7a1e2269.scope
S-cap120-epoch2	lilydemo13.ltl	lilydemo13.tlsf	120	REALIZABLE	0.029703535983571783	0	false		status	11	30	28	50384cf69a733199fa17c9c571da1761d8451991	f80ff3f62daaa6e22a6753a3f30a127baab424d0320949bc9957a6ff62ea5ebe	otf_sparse_formula	2026-09-20T01:35:03.904998Z		0.020000	17534976		8G	0			true		acacia-syntcomp26-coverage-202845-4a9af3267d57.scope
S-cap120-epoch2	load_balancer_pb_8_pe_.ltl	load_balancer_pb_8_pe_.tlsf	120	TIMEOUT	120.16766436301987	124	true	timeout	status	0	8	29	50384cf69a733199fa17c9c571da1761d8451991	f80ff3f62daaa6e22a6753a3f30a127baab424d0320949bc9957a6ff62ea5ebe	otf_sparse_formula	2026-09-20T01:37:04.084729Z					8G	0			true		acacia-syntcomp26-coverage-202845-18a892bb4726.scope
S-cap120-epoch2	load_balancer_unreal1_pb_4_6_pe_.ltl	load_balancer_unreal1_pb_4_6_pe_.tlsf	120	UNREALIZABLE	1.1330935120058712	1	false		status	13	31	30	50384cf69a733199fa17c9c571da1761d8451991	f80ff3f62daaa6e22a6753a3f30a127baab424d0320949bc9957a6ff62ea5ebe	otf_sparse_formula	2026-09-20T01:37:05.232953Z		3.480000	132980736		8G	0			true		acacia-syntcomp26-coverage-202845-853ae6329c63.scope
S-cap120-epoch2	load_balancer_unreal1_pb_6_2_pe_.ltl	load_balancer_unreal1_pb_6_2_pe_.tlsf	120	UNREALIZABLE	0.2079638670256827	1	false		status	13	30	31	50384cf69a733199fa17c9c571da1761d8451991	f80ff3f62daaa6e22a6753a3f30a127baab424d0320949bc9957a6ff62ea5ebe	otf_sparse_formula	2026-09-20T01:37:05.455052Z		0.770000	43581440		8G	0			true		acacia-syntcomp26-coverage-202845-59c025a20016.scope
S-cap120-epoch2	ltl2dba_C2_unreal_pb_4_pe_.ltl	ltl2dba_C2_unreal_pb_4_pe_.tlsf	120	UNREALIZABLE	0.02397650698549114	1	false		status	13	30	32	50384cf69a733199fa17c9c571da1761d8451991	f80ff3f62daaa6e22a6753a3f30a127baab424d0320949bc9957a6ff62ea5ebe	otf_sparse_formula	2026-09-20T01:37:05.493539Z		0.030000	19775488		8G	0			true		acacia-syntcomp26-coverage-202845-b3727768fb11.scope
S-cap120-epoch2	ltl2dba_E_pb_9_pe_.ltl	ltl2dba_E_pb_9_pe_.tlsf	120	REALIZABLE	0.03531946399016306	0	false		status	11	30	33	50384cf69a733199fa17c9c571da1761d8451991	f80ff3f62daaa6e22a6753a3f30a127baab424d0320949bc9957a6ff62ea5ebe	otf_sparse_formula	2026-09-20T01:37:05.568098Z		0.030000	15347712		8G	0			true		acacia-syntcomp26-coverage-202845-58010e4b42e9.scope
S-cap120-epoch2	ltl2dba_U1_pb_18_pe_.ltl	ltl2dba_U1_pb_18_pe_.tlsf	120	REALIZABLE	0.03518025600351393	0	false		none	11	30	34	50384cf69a733199fa17c9c571da1761d8451991	f80ff3f62daaa6e22a6753a3f30a127baab424d0320949bc9957a6ff62ea5ebe	otf_sparse_formula	2026-09-20T01:37:05.641544Z		0.030000	15335424		8G	0			true		acacia-syntcomp26-coverage-202845-bd1521fc0347.scope
S-cap120-epoch2	ltl2dba_U1_pb_4_pe_.ltl	ltl2dba_U1_pb_4_pe_.tlsf	120	REALIZABLE	0.03263837398844771	0	false		status	11	30	35	50384cf69a733199fa17c9c571da1761d8451991	f80ff3f62daaa6e22a6753a3f30a127baab424d0320949bc9957a6ff62ea5ebe	otf_sparse_formula	2026-09-20T01:37:05.713246Z		0.030000	15347712		8G	0			true		acacia-syntcomp26-coverage-202845-719b4dd1ed4a.scope
S-cap120-epoch2	ltl2dba_alpha_pb_14_pe_.ltl	ltl2dba_alpha_pb_14_pe_.tlsf	120	REALIZABLE	0.03213467600289732	0	false		status	11	30	36	50384cf69a733199fa17c9c571da1761d8451991	f80ff3f62daaa6e22a6753a3f30a127baab424d0320949bc9957a6ff62ea5ebe	otf_sparse_formula	2026-09-20T01:37:05.783642Z		0.040000	15441920		8G	0			true		acacia-syntcomp26-coverage-202845-088bbb4fa3ea.scope
S-cap120-epoch2	ltl2dba_alpha_pb_20_pe_.ltl	ltl2dba_alpha_pb_20_pe_.tlsf	120	REALIZABLE	0.0438081769971177	0	false		none	11	30	37	50384cf69a733199fa17c9c571da1761d8451991	f80ff3f62daaa6e22a6753a3f30a127baab424d0320949bc9957a6ff62ea5ebe	otf_sparse_formula	2026-09-20T01:37:05.866654Z		0.030000	15450112		8G	0			true		acacia-syntcomp26-coverage-202845-41235831ed31.scope
S-cap120-epoch2	ltl2dba_beta_pb_100_pe_.ltl	ltl2dba_beta_pb_100_pe_.tlsf	120	REALIZABLE	0.044042164023267105	0	false		none	11	30	38	50384cf69a733199fa17c9c571da1761d8451991	f80ff3f62daaa6e22a6753a3f30a127baab424d0320949bc9957a6ff62ea5ebe	otf_sparse_formula	2026-09-20T01:37:05.942760Z		0.040000	15458304		8G	0			true		acacia-syntcomp26-coverage-202845-59f695ece982.scope
S-cap120-epoch2	ltl2dba_beta_pb_6_pe_.ltl	ltl2dba_beta_pb_6_pe_.tlsf	120	REALIZABLE	0.024673590989550576	0	false		status	11	30	39	50384cf69a733199fa17c9c571da1761d8451991	f80ff3f62daaa6e22a6753a3f30a127baab424d0320949bc9957a6ff62ea5ebe	otf_sparse_formula	2026-09-20T01:37:06.007084Z		0.030000	15343616		8G	0			true		acacia-syntcomp26-coverage-202845-9d0da074b557.scope
S-cap120-epoch2	ltl2dpa03.ltl	ltl2dpa03.tlsf	120	REALIZABLE	0.049186625983566046	0	false		status	11	30	40	50384cf69a733199fa17c9c571da1761d8451991	f80ff3f62daaa6e22a6753a3f30a127baab424d0320949bc9957a6ff62ea5ebe	otf_sparse_formula	2026-09-20T01:37:06.076281Z		0.080000	20951040		8G	0			true		acacia-syntcomp26-coverage-202845-a94242acb86f.scope
S-cap120-epoch2	ltl2dpa22.ltl	ltl2dpa22.tlsf	120	REALIZABLE	0.10126013398985378	0	false		status	11	30	41	50384cf69a733199fa17c9c571da1761d8451991	f80ff3f62daaa6e22a6753a3f30a127baab424d0320949bc9957a6ff62ea5ebe	otf_sparse_formula	2026-09-20T01:37:06.190947Z		0.310000	24850432		8G	0			true		acacia-syntcomp26-coverage-202845-34fdee380e5a.scope
S-cap120-epoch2	patrolling-alarm0.ltl	patrolling-alarm0.tlsf	120	UNREALIZABLE	0.027754638984333724	1	false		none	13	30	42	50384cf69a733199fa17c9c571da1761d8451991	f80ff3f62daaa6e22a6753a3f30a127baab424d0320949bc9957a6ff62ea5ebe	otf_sparse_formula	2026-09-20T01:37:06.232998Z		0.050000	20688896		8G	0			true		acacia-syntcomp26-coverage-202845-ff581dd25412.scope
S-cap120-epoch2	patrolling-alarm5.ltl	patrolling-alarm5.tlsf	120	UNREALIZABLE	0.07112591600161977	1	false		none	13	30	43	50384cf69a733199fa17c9c571da1761d8451991	f80ff3f62daaa6e22a6753a3f30a127baab424d0320949bc9957a6ff62ea5ebe	otf_sparse_formula	2026-09-20T01:37:06.318726Z		0.170000	22138880		8G	0			true		acacia-syntcomp26-coverage-202845-48a8a0fc5cb8.scope
S-cap120-epoch2	prioritized_arbiter_unreal1_pb_2_9_pe_.ltl	prioritized_arbiter_unreal1_pb_2_9_pe_.tlsf	120	UNREALIZABLE	0.02468204899923876	1	false		status	13	30	44	50384cf69a733199fa17c9c571da1761d8451991	f80ff3f62daaa6e22a6753a3f30a127baab424d0320949bc9957a6ff62ea5ebe	otf_sparse_formula	2026-09-20T01:37:06.366504Z		0.030000	18403328		8G	0			true		acacia-syntcomp26-coverage-202845-d8b639759624.scope
S-cap120-epoch2	prioritized_arbiter_unreal1_pb_3_6_pe_.ltl	prioritized_arbiter_unreal1_pb_3_6_pe_.tlsf	120	UNREALIZABLE	0.03957274099229835	1	false		status	13	30	45	50384cf69a733199fa17c9c571da1761d8451991	f80ff3f62daaa6e22a6753a3f30a127baab424d0320949bc9957a6ff62ea5ebe	otf_sparse_formula	2026-09-20T01:37:06.433258Z		0.050000	18784256		8G	0			true		acacia-syntcomp26-coverage-202845-6316eb533751.scope
S-cap120-epoch2	prioritized_arbiter_unreal1_pb_4_2_pe_.ltl	prioritized_arbiter_unreal1_pb_4_2_pe_.tlsf	120	UNREALIZABLE	0.037093974999152124	1	false		status	13	30	46	50384cf69a733199fa17c9c571da1761d8451991	f80ff3f62daaa6e22a6753a3f30a127baab424d0320949bc9957a6ff62ea5ebe	otf_sparse_formula	2026-09-20T01:37:06.507619Z		0.040000	18599936		8G	0			true		acacia-syntcomp26-coverage-202845-08e93e51d372.scope
S-cap120-epoch2	robot-grid-reach-2d-real.ltl	robot-grid-reach-2d-real.tlsf	120	REALIZABLE	2.733102025988046	0	false		none	11	32	47	50384cf69a733199fa17c9c571da1761d8451991	f80ff3f62daaa6e22a6753a3f30a127baab424d0320949bc9957a6ff62ea5ebe	otf_sparse_formula	2026-09-20T01:37:09.254481Z		10.750000	164864000		8G	0			true		acacia-syntcomp26-coverage-202845-3b0323c8d270.scope
S-cap120-epoch2	robot-resource-2d6.ltl	robot-resource-2d6.tlsf	120	UNREALIZABLE	0.43843137501971796	1	false		none	13	30	48	50384cf69a733199fa17c9c571da1761d8451991	f80ff3f62daaa6e22a6753a3f30a127baab424d0320949bc9957a6ff62ea5ebe	otf_sparse_formula	2026-09-20T01:37:09.706763Z		1.680000	35131392		8G	0			true		acacia-syntcomp26-coverage-202845-cf80153769d0.scope
S-cap120-epoch2	robot-to-target-charging5.ltl	robot-to-target-charging5.tlsf	120	UNREALIZABLE	7.55421536200447	1	false		none	13	32	49	50384cf69a733199fa17c9c571da1761d8451991	f80ff3f62daaa6e22a6753a3f30a127baab424d0320949bc9957a6ff62ea5ebe	otf_sparse_formula	2026-09-20T01:37:17.280023Z		29.990000	143945728		8G	0			true		acacia-syntcomp26-coverage-202845-b8e95b38d8e9.scope
S-cap120-epoch2	robot_repair2.ltl	robot_repair2.tlsf	120	TIMEOUT	120.22552045798511	124	true	timeout	none	0	8	50	50384cf69a733199fa17c9c571da1761d8451991	f80ff3f62daaa6e22a6753a3f30a127baab424d0320949bc9957a6ff62ea5ebe	otf_sparse_formula	2026-09-20T01:39:17.544676Z					8G	0			true		acacia-syntcomp26-coverage-202845-e59869f013de.scope
S-cap120-epoch2	round_robin_arbiter_unreal1_pb_3_10_pe_.ltl	round_robin_arbiter_unreal1_pb_3_10_pe_.tlsf	120	MEMOUT	61.93691181199392	-15	false	memory	status	0	8	51	50384cf69a733199fa17c9c571da1761d8451991	f80ff3f62daaa6e22a6753a3f30a127baab424d0320949bc9957a6ff62ea5ebe	otf_sparse_formula	2026-09-20T01:40:19.502485Z				8589934592	8G	0			true		acacia-syntcomp26-coverage-202845-43d32aa339c9.scope
S-cap120-epoch2	round_robin_arbiter_unreal1_pb_3_6_pe_.ltl	round_robin_arbiter_unreal1_pb_3_6_pe_.tlsf	120	UNREALIZABLE	1.0521896249847487	1	false		status	13	31	52	50384cf69a733199fa17c9c571da1761d8451991	f80ff3f62daaa6e22a6753a3f30a127baab424d0320949bc9957a6ff62ea5ebe	otf_sparse_formula	2026-09-20T01:40:20.568828Z		4.090000	173961216		8G	0			true		acacia-syntcomp26-coverage-202845-d928fcd5b3d2.scope
S-cap120-epoch2	round_robin_arbiter_unreal1_pb_4_1_pe_.ltl	round_robin_arbiter_unreal1_pb_4_1_pe_.tlsf	120	UNREALIZABLE	0.041281991987489164	1	false		status	13	30	53	50384cf69a733199fa17c9c571da1761d8451991	f80ff3f62daaa6e22a6753a3f30a127baab424d0320949bc9957a6ff62ea5ebe	otf_sparse_formula	2026-09-20T01:40:20.623835Z		0.080000	20738048		8G	0			true		acacia-syntcomp26-coverage-202845-fc80bcf6d218.scope
S-cap120-epoch2	rw_arbiter_pb_5_pe_.ltl	rw_arbiter_pb_5_pe_.tlsf	120	TIMEOUT	120.27673402099754	124	true	timeout	none	0	8	54	50384cf69a733199fa17c9c571da1761d8451991	f80ff3f62daaa6e22a6753a3f30a127baab424d0320949bc9957a6ff62ea5ebe	otf_sparse_formula	2026-09-20T01:42:20.936798Z					8G	0			true		acacia-syntcomp26-coverage-202845-bea3bc951fbb.scope
S-cap120-epoch2	simple_arbiter_enc_pb_15_pe_.ltl	simple_arbiter_enc_pb_15_pe_.tlsf	120	TIMEOUT	120.16810656597954	124	true	timeout	none	0	8	55	50384cf69a733199fa17c9c571da1761d8451991	f80ff3f62daaa6e22a6753a3f30a127baab424d0320949bc9957a6ff62ea5ebe	otf_sparse_formula	2026-09-20T01:44:21.117648Z					8G	0			true		acacia-syntcomp26-coverage-202845-9bb046def7b6.scope
S-cap120-epoch2	simple_arbiter_unreal1_pb_3_11_pe_.ltl	simple_arbiter_unreal1_pb_3_11_pe_.tlsf	120	UNREALIZABLE	0.02434501698007807	1	false		status	13	30	56	50384cf69a733199fa17c9c571da1761d8451991	f80ff3f62daaa6e22a6753a3f30a127baab424d0320949bc9957a6ff62ea5ebe	otf_sparse_formula	2026-09-20T01:44:21.156779Z		0.010000	15269888	43393024	8G	0			true		acacia-syntcomp26-coverage-202845-a639afda0994.scope
S-cap120-epoch2	simple_arbiter_unreal1_pb_8_8_pe_.ltl	simple_arbiter_unreal1_pb_8_8_pe_.tlsf	120	UNREALIZABLE	0.023226790013723075	1	false		status	13	30	57	50384cf69a733199fa17c9c571da1761d8451991	f80ff3f62daaa6e22a6753a3f30a127baab424d0320949bc9957a6ff62ea5ebe	otf_sparse_formula	2026-09-20T01:44:21.192539Z		0.010000	15462400	43331584	8G	0			true		acacia-syntcomp26-coverage-202845-fc7ca7f31c0e.scope
S-cap120-epoch2	simple_arbiter_unreal2_pb_60_pe_.ltl	simple_arbiter_unreal2_pb_60_pe_.tlsf	120	UNREALIZABLE	0.03158604301279411	1	false		none	13	30	58	50384cf69a733199fa17c9c571da1761d8451991	f80ff3f62daaa6e22a6753a3f30a127baab424d0320949bc9957a6ff62ea5ebe	otf_sparse_formula	2026-09-20T01:44:21.244684Z		0.040000	19505152		8G	0			true		acacia-syntcomp26-coverage-202845-259fa54f997c.scope
S-cap120-epoch2	simple_arbiter_unreal2_pb_6_pe_.ltl	simple_arbiter_unreal2_pb_6_pe_.tlsf	120	UNREALIZABLE	0.030621871002949774	1	false		status	13	30	59	50384cf69a733199fa17c9c571da1761d8451991	f80ff3f62daaa6e22a6753a3f30a127baab424d0320949bc9957a6ff62ea5ebe	otf_sparse_formula	2026-09-20T01:44:21.301151Z		0.020000	15450112		8G	0			true		acacia-syntcomp26-coverage-202845-6c3aa8de3901.scope
S-cap120-epoch2	simple_arbiter_unreal2_pb_7_pe_.ltl	simple_arbiter_unreal2_pb_7_pe_.tlsf	120	UNREALIZABLE	0.03740981902228668	1	false		status	13	30	60	50384cf69a733199fa17c9c571da1761d8451991	f80ff3f62daaa6e22a6753a3f30a127baab424d0320949bc9957a6ff62ea5ebe	otf_sparse_formula	2026-09-20T01:44:21.375783Z		0.030000	15450112		8G	0			true		acacia-syntcomp26-coverage-202845-c12d5e91d267.scope
S-cap120-epoch2	sort4-real.ltl	sort4-real.tlsf	120	TIMEOUT	120.32870726601686	124	true	timeout	none	0	8	61	50384cf69a733199fa17c9c571da1761d8451991	f80ff3f62daaa6e22a6753a3f30a127baab424d0320949bc9957a6ff62ea5ebe	otf_sparse_formula	2026-09-20T01:46:21.746516Z					8G	0			true		acacia-syntcomp26-coverage-202845-0d9fd3afa6da.scope
