cap=60s instance=01.ltl result=UNKNOWN seconds=0.090
cap=60s instance=02.ltl result=UNKNOWN seconds=22.516
cap=60s instance=03.ltl result=UNKNOWN seconds=35.125
cap=60s instance=05.ltl result=UNKNOWN seconds=0.510
cap=60s instance=06.ltl result=UNKNOWN seconds=1.244
cap=60s instance=07.ltl result=UNKNOWN seconds=0.981
cap=60s instance=08.ltl result=UNKNOWN seconds=3.492
cap=60s instance=09.ltl result=UNKNOWN seconds=2.192
cap=60s instance=10.ltl result=UNKNOWN seconds=2.102
cap=60s instance=11.ltl result=UNKNOWN seconds=1.911
cap=60s instance=12.ltl result=UNKNOWN seconds=4.776
cap=60s instance=13.ltl result=UNKNOWN seconds=11.772
cap=60s instance=ActionConverter.ltl result=UNKNOWN seconds=0.032
cap=60s instance=AlarmMin_efe2feaf.ltl result=UNKNOWN seconds=2.382
cap=60s instance=Alarm_06e9cad4.ltl result=UNKNOWN seconds=3.236
cap=60s instance=Alarm_2d1010f8.ltl result=UNKNOWN seconds=0.368
cap=60s instance=Alarm_68c86764.ltl result=UNKNOWN seconds=3.223
cap=60s instance=Alarm_70523fbe.ltl result=UNKNOWN seconds=2.755
cap=60s instance=Alarm_88c5c1c3.ltl result=UNKNOWN seconds=0.038
cap=60s instance=Alarm_9cac58d3.ltl result=UNKNOWN seconds=0.038
cap=60s instance=Alarm_a5f99bc6.ltl result=UNKNOWN seconds=12.430
cap=60s instance=Alarm_f2774e0b.ltl result=UNKNOWN seconds=2.707
cap=60s instance=AllHeating_d6376bf9.ltl result=UNKNOWN seconds=4.886
cap=60s instance=AllLights_06e9cad4.ltl result=TIMEOUT seconds=60.098
cap=60s instance=AllLights_2c5b09da.ltl result=UNKNOWN seconds=29.795
cap=60s instance=AllLights_63831f8c.ltl result=TIMEOUT seconds=60.075
cap=60s instance=AllLights_aeb1d897.ltl result=TIMEOUT seconds=60.091
cap=60s instance=AllLights_b209ff21.ltl result=TIMEOUT seconds=60.079
cap=60s instance=AllLights_d6c5ac79.ltl result=TIMEOUT seconds=60.097
cap=60s instance=AllShades_66f450a4.ltl result=UNREALIZABLE seconds=2.450
cap=60s instance=Assumptions_a50cadd7.ltl result=UNREALIZABLE seconds=0.032
cap=60s instance=Automata.ltl result=UNKNOWN seconds=0.050
cap=60s instance=Automata16S.ltl result=UNKNOWN seconds=0.044
cap=60s instance=Automata32S.ltl result=UNKNOWN seconds=0.047
cap=60s instance=Button.ltl result=UNKNOWN seconds=0.040
cap=60s instance=CheckAlarmBroken1_1a2942e3.ltl result=UNKNOWN seconds=0.046
cap=60s instance=CheckAlarm_6bea956e.ltl result=UNREALIZABLE seconds=0.033
cap=60s instance=CheckCoffeMachineBroken1_a5f99bc6.ltl result=UNKNOWN seconds=10.576
cap=60s instance=CheckCoffeMachine_3461125b.ltl result=UNREALIZABLE seconds=0.037
cap=60s instance=CheckCoffeMachine_f3987563.ltl result=UNREALIZABLE seconds=0.029
cap=60s instance=CheckDoor_c2b9e44d.ltl result=UNREALIZABLE seconds=0.027
cap=60s instance=CheckHeating_2418b67e.ltl result=UNREALIZABLE seconds=0.021
cap=60s instance=CheckHeating_3461125b.ltl result=UNREALIZABLE seconds=0.027
cap=60s instance=CheckLight_007df645.ltl result=UNKNOWN seconds=6.417
cap=60s instance=CheckLight_aeb1d897.ltl result=UNKNOWN seconds=6.446
cap=60s instance=CheckRoom_06e9cad4.ltl result=UNREALIZABLE seconds=0.021
cap=60s instance=CheckRoom_2c5b09da.ltl result=UNREALIZABLE seconds=0.031
cap=60s instance=CheckRoom_3916ec59.ltl result=UNREALIZABLE seconds=0.034
cap=60s instance=CheckRoom_70523fbe.ltl result=UNREALIZABLE seconds=0.033
cap=60s instance=CheckShades_1a2942e3.ltl result=UNREALIZABLE seconds=0.046
cap=60s instance=CheckShades_3461125b.ltl result=UNREALIZABLE seconds=0.044
cap=60s instance=CheckShades_4d4ca5c4.ltl result=UNREALIZABLE seconds=0.047
cap=60s instance=CheckShades_aeb1d897.ltl result=UNREALIZABLE seconds=0.050
cap=60s instance=CheckTime_3916ec59.ltl result=UNREALIZABLE seconds=0.045
cap=60s instance=CheckTime_4b5e6eaa.ltl result=UNREALIZABLE seconds=0.045
cap=60s instance=CheckTime_54e1f7d2.ltl result=UNREALIZABLE seconds=0.048
cap=60s instance=CheckTimer_54e1f7d2.ltl result=UNREALIZABLE seconds=0.046
cap=60s instance=CheckTimer_fa8592c8.ltl result=UNREALIZABLE seconds=0.046
cap=60s instance=CheckWarnlightBroken1_70523fbe.ltl result=UNKNOWN seconds=0.047
cap=60s instance=CheckWarnlight_1cf58fc1.ltl result=UNREALIZABLE seconds=0.049
cap=60s instance=CheckWarnlight_4b5a2bad.ltl result=UNREALIZABLE seconds=0.047
cap=60s instance=CheckWarnlight_54e1f7d2.ltl result=UNREALIZABLE seconds=0.033
cap=60s instance=CheckWarnlight_6bea956e.ltl result=UNREALIZABLE seconds=0.047
cap=60s instance=CheckWindows_54e1f7d2.ltl result=UNREALIZABLE seconds=0.034
cap=60s instance=Cockpitboard.ltl result=UNKNOWN seconds=0.047
cap=60s instance=Cockpitboard_efe2feaf.ltl result=UNKNOWN seconds=0.036
cap=60s instance=CoffeMachine_974f4a68.ltl result=UNKNOWN seconds=22.039
cap=60s instance=CoffeMachine_a50cadd7.ltl result=UNREALIZABLE seconds=0.024
cap=60s instance=CoffeeMin_88f351a6.ltl result=UNKNOWN seconds=2.286
cap=60s instance=Coffee_06e9cad4.ltl result=UNKNOWN seconds=24.110
cap=60s instance=Coffee_235467da.ltl result=UNKNOWN seconds=13.396
cap=60s instance=Coffee_2c5b09da.ltl result=UNKNOWN seconds=1.362
cap=60s instance=Coffee_6479ef9a.ltl result=UNKNOWN seconds=24.526
cap=60s instance=Coffee_d6376bf9.ltl result=UNKNOWN seconds=22.696
cap=60s instance=Coffee_efe2feaf.ltl result=UNKNOWN seconds=13.401
cap=60s instance=Coffee_f1477cc5.ltl result=UNREALIZABLE seconds=0.022
cap=60s instance=Core_4b5a2bad.ltl result=UNREALIZABLE seconds=0.041
cap=60s instance=Core_66f450a4.ltl result=UNREALIZABLE seconds=0.041
cap=60s instance=Core_fa4d4ce3.ltl result=UNREALIZABLE seconds=0.053
cap=60s instance=Core_solved_974f4a68.ltl result=UNKNOWN seconds=11.647
cap=60s instance=Demo1_06e9cad4.ltl result=TIMEOUT seconds=60.128
cap=60s instance=Demo1_2c5b09da.ltl result=TIMEOUT seconds=60.108
cap=60s instance=Demo1_63831f8c.ltl result=TIMEOUT seconds=60.073
cap=60s instance=Demo1_c2b9e44d.ltl result=TIMEOUT seconds=60.129
cap=60s instance=Demo1_d65ed84e.ltl result=TIMEOUT seconds=60.070
cap=60s instance=DeviceBehaviorChec_fa8592c8.ltl result=UNREALIZABLE seconds=0.039
cap=60s instance=Door_2d1010f8.ltl result=UNKNOWN seconds=0.598
cap=60s instance=EnemeyModule.ltl result=UNKNOWN seconds=0.029
cap=60s instance=EscalatorBidirectional.ltl result=UNKNOWN seconds=1.513
cap=60s instance=EscalatorBidirectionalInit.ltl result=UNKNOWN seconds=1.665
cap=60s instance=EscalatorCounting.ltl result=UNKNOWN seconds=0.034
cap=60s instance=EscalatorCountingInit.ltl result=UNKNOWN seconds=0.039
cap=60s instance=EscalatorNonCounting.ltl result=UNKNOWN seconds=0.034
cap=60s instance=EscalatorNonReactive.ltl result=UNKNOWN seconds=0.032
cap=60s instance=EscalatorSmart.ltl result=UNKNOWN seconds=10.766
cap=60s instance=Example1_d6376bf9.ltl result=UNKNOWN seconds=0.026
cap=60s instance=F-G-contradiction-10.ltl result=UNREALIZABLE seconds=0.049
cap=60s instance=F-G-contradiction-11.ltl result=UNREALIZABLE seconds=0.058
cap=60s instance=F-G-contradiction-110.ltl result=TIMEOUT seconds=60.076
cap=60s instance=F-G-contradiction-111.ltl result=TIMEOUT seconds=60.129
cap=60s instance=F-G-contradiction-112.ltl result=TIMEOUT seconds=60.333
cap=60s instance=F-G-contradiction-113.ltl result=TIMEOUT seconds=60.275
cap=60s instance=F-G-contradiction-114.ltl result=TIMEOUT seconds=60.184
cap=60s instance=F-G-contradiction-12.ltl result=UNREALIZABLE seconds=0.087
cap=60s instance=F-G-contradiction-13.ltl result=UNREALIZABLE seconds=0.125
cap=60s instance=F-G-contradiction-14.ltl result=UNREALIZABLE seconds=0.252
cap=60s instance=F-G-contradiction-15.ltl result=UNREALIZABLE seconds=0.289
cap=60s instance=F-G-contradiction-16.ltl result=TIMEOUT seconds=60.080
cap=60s instance=F-G-contradiction-17.ltl result=TIMEOUT seconds=60.096
cap=60s instance=F-G-contradiction-18.ltl result=TIMEOUT seconds=60.084
cap=60s instance=F-G-contradiction-19.ltl result=TIMEOUT seconds=60.129
cap=60s instance=F-G-contradiction-2-unreal.ltl result=UNREALIZABLE seconds=0.046
cap=60s instance=FelixSpecFixed2.2.core_fa8592c8.ltl result=UNKNOWN seconds=18.263
cap=60s instance=FelixSpecFixed2_fa4d4ce3.ltl result=UNKNOWN seconds=0.780
cap=60s instance=FelixSpecFixed3.core_b209ff21.ltl result=UNKNOWN seconds=17.881
cap=60s instance=FelixSpecFixed3_b0840146.ltl result=UNKNOWN seconds=0.787
cap=60s instance=FelixSpecFixed4GuaranteesOnly_88f351a6.ltl result=UNREALIZABLE seconds=0.028
cap=60s instance=FelixSpecFixed4_3916ec59.ltl result=UNKNOWN seconds=0.791
cap=60s instance=FelixSpecFixed5_f82794da.ltl result=TIMEOUT seconds=60.091
cap=60s instance=FelixSpecFixed_2418b67e.ltl result=UNKNOWN seconds=0.801
cap=60s instance=Full_f1477cc5.ltl result=TIMEOUT seconds=60.183
cap=60s instance=GF-G-contradiction0.ltl result=UNREALIZABLE seconds=0.060
cap=60s instance=GF-G-contradiction1.ltl result=UNREALIZABLE seconds=0.088
cap=60s instance=GF-G-contradiction2.ltl result=UNREALIZABLE seconds=0.231
cap=60s instance=GF-G-contradiction3.ltl result=UNREALIZABLE seconds=34.336
cap=60s instance=GF-G-contradiction4.ltl result=UNREALIZABLE seconds=37.304
cap=60s instance=GF-G-contradiction5.ltl result=TIMEOUT seconds=60.136
cap=60s instance=GF-G-contradiction6.ltl result=TIMEOUT seconds=60.236
cap=60s instance=GF-G-contradiction7.ltl result=TIMEOUT seconds=60.234
cap=60s instance=Gamelogic.ltl result=UNKNOWN seconds=0.037
cap=60s instance=GamemodeChooser.ltl result=UNKNOWN seconds=0.078
cap=60s instance=Gamemodule.ltl result=UNKNOWN seconds=0.061
cap=60s instance=HeatingMin_d6c5ac79.ltl result=UNKNOWN seconds=0.841
cap=60s instance=Heating_235467da.ltl result=UNKNOWN seconds=17.724
cap=60s instance=Heating_974f4a68.ltl result=UNKNOWN seconds=25.229
cap=60s instance=Heating_b02056d6.ltl result=UNKNOWN seconds=18.524
cap=60s instance=Heating_b209ff21.ltl result=UNKNOWN seconds=17.948
cap=60s instance=Increment.ltl result=UNKNOWN seconds=0.028
cap=60s instance=IntendDemo_42dc4fff.ltl result=UNREALIZABLE seconds=0.048
cap=60s instance=KitchenTimerV0.ltl result=UNKNOWN seconds=0.034
cap=60s instance=KitchenTimerV1.ltl result=UNKNOWN seconds=0.042
cap=60s instance=KitchenTimerV10.ltl result=UNKNOWN seconds=2.837
cap=60s instance=KitchenTimerV2.ltl result=UNKNOWN seconds=0.118
cap=60s instance=KitchenTimerV3.ltl result=UNKNOWN seconds=0.142
cap=60s instance=KitchenTimerV4.ltl result=UNKNOWN seconds=0.190
cap=60s instance=KitchenTimerV5.ltl result=UNKNOWN seconds=1.441
cap=60s instance=KitchenTimerV6.ltl result=UNKNOWN seconds=1.208
cap=60s instance=KitchenTimerV7.ltl result=UNKNOWN seconds=1.189
cap=60s instance=KitchenTimerV8.ltl result=UNKNOWN seconds=1.192
cap=60s instance=KitchenTimerV9.ltl result=UNKNOWN seconds=3.836
cap=60s instance=LampController_974f4a68.ltl result=UNKNOWN seconds=18.913
cap=60s instance=LedMatrix.ltl result=UNKNOWN seconds=5.002
cap=60s instance=Light_a50cadd7.ltl result=UNREALIZABLE seconds=0.029
cap=60s instance=Light_aeb1d897.ltl result=UNKNOWN seconds=8.187
cap=60s instance=Light_d65ed84e.ltl result=UNKNOWN seconds=13.746
cap=60s instance=Lights2Min_9cbf2546.ltl result=UNKNOWN seconds=9.468
cap=60s instance=Lights2_06e9cad4.ltl result=UNKNOWN seconds=14.914
cap=60s instance=Lights2_0f5381e9.ltl result=UNKNOWN seconds=13.404
cap=60s instance=Lights2_2c5b09da.ltl result=UNKNOWN seconds=6.323
cap=60s instance=Lights2_9cac58d3.ltl result=UNKNOWN seconds=21.698
cap=60s instance=Lights2_b02056d6.ltl result=UNKNOWN seconds=21.738
cap=60s instance=Lights2_f1477cc5.ltl result=UNKNOWN seconds=17.096
cap=60s instance=Lights2_f3987563.ltl result=UNKNOWN seconds=15.508
cap=60s instance=Lights3Min_6479ef9a.ltl result=UNKNOWN seconds=21.469
cap=60s instance=Lights3_06e9cad4.ltl result=UNKNOWN seconds=11.998
cap=60s instance=Lights3_235467da.ltl result=UNKNOWN seconds=14.894
cap=60s instance=Lights3_2c5b09da.ltl result=UNKNOWN seconds=9.083
cap=60s instance=Lights3_3916ec59.ltl result=UNKNOWN seconds=10.038
cap=60s instance=Lights3_6bea956e.ltl result=UNKNOWN seconds=15.065
cap=60s instance=Lights3_f1477cc5.ltl result=UNKNOWN seconds=11.638
cap=60s instance=LightsMin_6bea956e.ltl result=UNKNOWN seconds=18.243
cap=60s instance=LightsTotal_06e9cad4.ltl result=UNKNOWN seconds=56.655
cap=60s instance=LightsTotal_2c5b09da.ltl result=UNKNOWN seconds=13.237
cap=60s instance=LightsTotal_9cbf2546.ltl result=UNKNOWN seconds=56.951
cap=60s instance=LightsTotal_d65ed84e.ltl result=UNKNOWN seconds=25.672
cap=60s instance=Lights_06e9cad4.ltl result=UNKNOWN seconds=19.803
cap=60s instance=Lights_2c5b09da.ltl result=UNKNOWN seconds=17.569
cap=60s instance=Lights_3461125b.ltl result=UNKNOWN seconds=20.195
cap=60s instance=Lights_9cac58d3.ltl result=UNKNOWN seconds=20.016
cap=60s instance=Lights_b0840146.ltl result=UNKNOWN seconds=18.970
cap=60s instance=Lights_f3987563.ltl result=UNKNOWN seconds=18.859
cap=60s instance=ModdifiedLedMatrix4X.ltl result=UNREALIZABLE seconds=0.474
cap=60s instance=ModdifiedLedMatrix5X.ltl result=UNKNOWN seconds=2.726
cap=60s instance=Morning2Min_6cbc6174.ltl result=UNKNOWN seconds=0.024
cap=60s instance=Morning2_06e9cad4.ltl result=TIMEOUT seconds=60.171
cap=60s instance=Morning2_1cf58fc1.ltl result=UNKNOWN seconds=36.503
cap=60s instance=Morning2_2c5b09da.ltl result=TIMEOUT seconds=60.042
cap=60s instance=Morning2_407db2cc.ltl result=TIMEOUT seconds=60.239
cap=60s instance=Morning2_4d4ca5c4.ltl result=UNKNOWN seconds=0.047
cap=60s instance=Morning2_63831f8c.ltl result=TIMEOUT seconds=60.173
cap=60s instance=Morning2_68c86764.ltl result=TIMEOUT seconds=60.185
cap=60s instance=Morning2_9cac58d3.ltl result=UNKNOWN seconds=0.035
cap=60s instance=Morning2_d65ed84e.ltl result=TIMEOUT seconds=60.288
cap=60s instance=Morning2s_06cf2373.ltl result=TIMEOUT seconds=60.128
cap=60s instance=Morning2s_06e9cad4.ltl result=TIMEOUT seconds=60.128
cap=60s instance=Morning2s_2c5b09da.ltl result=TIMEOUT seconds=60.132
cap=60s instance=Morning2s_42dc4fff.ltl result=TIMEOUT seconds=60.096
cap=60s instance=Morning2s_9cbf2546.ltl result=TIMEOUT seconds=60.129
cap=60s instance=Morning2s_d6c5ac79.ltl result=TIMEOUT seconds=60.128
cap=60s instance=MorningMin_d6c5ac79.ltl result=UNKNOWN seconds=3.681
cap=60s instance=Morning_14a3b3a2.ltl result=UNREALIZABLE seconds=11.570
cap=60s instance=Morning_4b5e6eaa.ltl result=UNREALIZABLE seconds=11.706
cap=60s instance=Morning_88c5c1c3.ltl result=UNKNOWN seconds=5.041
cap=60s instance=Morning_9cac58d3.ltl result=UNKNOWN seconds=5.070
cap=60s instance=Morning_c92eb242.ltl result=UNREALIZABLE seconds=11.598
cap=60s instance=Morning_f1477cc5.ltl result=UNREALIZABLE seconds=4.747
cap=60s instance=Morning_f2774e0b.ltl result=UNREALIZABLE seconds=11.649
cap=60s instance=MusicAppFeedback.ltl result=UNKNOWN seconds=0.549
cap=60s instance=MusicAppMotivating.ltl result=UNKNOWN seconds=0.219
cap=60s instance=MusicAppSimple.ltl result=UNKNOWN seconds=0.345
cap=60s instance=OneCounter.ltl result=UNKNOWN seconds=9.309
cap=60s instance=OneCounterGui.ltl result=UNREALIZABLE seconds=0.025
cap=60s instance=OneCounterGuiA1.ltl result=UNREALIZABLE seconds=0.040
cap=60s instance=OneCounterGuiA2.ltl result=UNREALIZABLE seconds=0.044
cap=60s instance=OneCounterGuiA3.ltl result=UNREALIZABLE seconds=0.073
cap=60s instance=OneCounterGuiA4.ltl result=UNREALIZABLE seconds=0.070
cap=60s instance=OneCounterGuiA5.ltl result=UNKNOWN seconds=0.300
cap=60s instance=OneCounterGuiA6.ltl result=UNKNOWN seconds=0.681
cap=60s instance=OneCounterGuiA7.ltl result=UNKNOWN seconds=1.440
cap=60s instance=OneCounterGuiA8.ltl result=UNKNOWN seconds=4.404
cap=60s instance=OneCounterInRange.ltl result=UNREALIZABLE seconds=0.037
cap=60s instance=OneCounterInRangeA1.ltl result=UNREALIZABLE seconds=0.036
cap=60s instance=OneCounterInRangeA2.ltl result=UNREALIZABLE seconds=0.047
cap=60s instance=OneCounterInRangeA3.ltl result=UNKNOWN seconds=1.816
cap=60s instance=PlugController_fa4d4ce3.ltl result=UNKNOWN seconds=19.229
cap=60s instance=Radarboard.ltl result=UNKNOWN seconds=0.025
cap=60s instance=RegManager.ltl result=UNKNOWN seconds=0.034
cap=60s instance=Room_a50cadd7.ltl result=UNREALIZABLE seconds=0.045
cap=60s instance=RotationCalculator.ltl result=UNKNOWN seconds=0.057
cap=60s instance=SPI.ltl result=UNKNOWN seconds=0.443
cap=60s instance=SPIPureNext.ltl result=TIMEOUT seconds=60.131
cap=60s instance=SPIReadClk.ltl result=UNKNOWN seconds=0.037
cap=60s instance=SPIReadManag.ltl result=UNKNOWN seconds=2.196
cap=60s instance=SPIReadSdi.ltl result=UNKNOWN seconds=0.318
cap=60s instance=SPIWriteClk.ltl result=UNKNOWN seconds=0.025
cap=60s instance=SPIWriteManag.ltl result=UNKNOWN seconds=2.657
cap=60s instance=SPIWriteSdi.ltl result=UNKNOWN seconds=0.336
cap=60s instance=Scoreboard.ltl result=UNKNOWN seconds=0.030
cap=60s instance=Sensor.ltl result=UNKNOWN seconds=6.856
cap=60s instance=SensorInit.ltl result=UNKNOWN seconds=0.025
cap=60s instance=SensorPart.ltl result=UNKNOWN seconds=0.034
cap=60s instance=SensorRegister.ltl result=UNKNOWN seconds=0.034
cap=60s instance=SensorSelector.ltl result=UNKNOWN seconds=0.586
cap=60s instance=SensorSubmodulChooser.ltl result=UNKNOWN seconds=0.072
cap=60s instance=Shades2Min_63831f8c.ltl result=UNKNOWN seconds=0.817
cap=60s instance=Shades2_235467da.ltl result=UNKNOWN seconds=3.073
cap=60s instance=Shades2_42dc4fff.ltl result=UNKNOWN seconds=16.361
cap=60s instance=Shades2_70523fbe.ltl result=UNKNOWN seconds=2.966
cap=60s instance=Shades2_a5f99bc6.ltl result=UNKNOWN seconds=3.038
cap=60s instance=ShadesMin_aeb1d897.ltl result=UNKNOWN seconds=0.799
cap=60s instance=Shades_6479ef9a.ltl result=UNKNOWN seconds=2.932
cap=60s instance=Shades_974f4a68.ltl result=UNKNOWN seconds=15.610
cap=60s instance=Shades_9cac58d3.ltl result=UNKNOWN seconds=2.957
cap=60s instance=Shades_a02758ea.ltl result=UNKNOWN seconds=2.971
cap=60s instance=SingleContoller_d65ed84e.ltl result=UNREALIZABLE seconds=0.039
cap=60s instance=SliderDefault.ltl result=UNKNOWN seconds=2.782
cap=60s instance=SliderDelayed.ltl result=UNKNOWN seconds=21.966
cap=60s instance=SliderScored.ltl result=UNKNOWN seconds=4.238
cap=60s instance=System_b0840146.ltl result=UNREALIZABLE seconds=0.038
cap=60s instance=Time_a50cadd7.ltl result=UNREALIZABLE seconds=0.044
cap=60s instance=Timer_a50cadd7.ltl result=UNKNOWN seconds=0.031
cap=60s instance=TorcsAccelerating.ltl result=UNKNOWN seconds=0.034
cap=60s instance=TorcsGearing.ltl result=UNKNOWN seconds=0.033
cap=60s instance=TorcsSimple.ltl result=UNKNOWN seconds=0.327
cap=60s instance=TorcsSteeringImproved.ltl result=UNKNOWN seconds=0.343
cap=60s instance=TorcsSteeringSimple.ltl result=UNKNOWN seconds=0.300
cap=60s instance=TorcsSteeringSmart.ltl result=UNKNOWN seconds=0.050
cap=60s instance=TwoCounters.ltl result=UNREALIZABLE seconds=0.035
cap=60s instance=TwoCounters2.ltl result=UNREALIZABLE seconds=0.054
cap=60s instance=TwoCounters3.ltl result=UNKNOWN seconds=0.358
cap=60s instance=TwoCounters4.ltl result=UNKNOWN seconds=0.457
cap=60s instance=TwoCounters5.ltl result=UNREALIZABLE seconds=1.796
cap=60s instance=TwoCountersDisButA0.ltl result=UNREALIZABLE seconds=0.039
cap=60s instance=TwoCountersDisButA1.ltl result=UNREALIZABLE seconds=0.056
cap=60s instance=TwoCountersDisButA2.ltl result=UNREALIZABLE seconds=0.106
cap=60s instance=TwoCountersDisButA3.ltl result=UNREALIZABLE seconds=0.110
cap=60s instance=TwoCountersDisButA4.ltl result=UNREALIZABLE seconds=0.120
cap=60s instance=TwoCountersDisButA5.ltl result=UNREALIZABLE seconds=0.120
cap=60s instance=TwoCountersDisButA6.ltl result=UNREALIZABLE seconds=0.117
cap=60s instance=TwoCountersDisButA7.ltl result=UNREALIZABLE seconds=0.141
cap=60s instance=TwoCountersDisButA8.ltl result=UNREALIZABLE seconds=0.143
cap=60s instance=TwoCountersDisButA9.ltl result=UNREALIZABLE seconds=0.161
cap=60s instance=TwoCountersDisButAC.ltl result=UNREALIZABLE seconds=0.171
cap=60s instance=TwoCountersGui.ltl result=UNREALIZABLE seconds=0.054
cap=60s instance=TwoCountersInRange.ltl result=UNREALIZABLE seconds=0.043
cap=60s instance=TwoCountersInRangeA1.ltl result=UNREALIZABLE seconds=0.054
cap=60s instance=TwoCountersInRangeA2.ltl result=UNREALIZABLE seconds=0.055
cap=60s instance=TwoCountersInRangeA3.ltl result=UNREALIZABLE seconds=0.046
cap=60s instance=TwoCountersInRangeA4.ltl result=UNREALIZABLE seconds=0.051
cap=60s instance=TwoCountersInRangeA5.ltl result=UNREALIZABLE seconds=0.051
cap=60s instance=TwoCountersInRangeM0.ltl result=UNREALIZABLE seconds=0.051
cap=60s instance=TwoCountersInRangeM1.ltl result=UNREALIZABLE seconds=0.045
cap=60s instance=TwoCountersInRangeM2.ltl result=UNREALIZABLE seconds=0.054
cap=60s instance=TwoCountersInRangeM3.ltl result=UNREALIZABLE seconds=0.045
cap=60s instance=TwoCountersInRangeM4.ltl result=UNREALIZABLE seconds=0.042
cap=60s instance=TwoCountersRefined.ltl result=UNREALIZABLE seconds=0.055
cap=60s instance=TwoCountersRefinedRefined.ltl result=UNKNOWN seconds=0.522
cap=60s instance=UnderapproxDemo2.ltl result=UNREALIZABLE seconds=0.023
cap=60s instance=UnderapproxStrengthenedDemo.ltl result=UNKNOWN seconds=0.046
cap=60s instance=Warnlight_2d1010f8.ltl result=UNKNOWN seconds=0.458
cap=60s instance=Warnlight_a50cadd7.ltl result=UNREALIZABLE seconds=0.029
cap=60s instance=Window2Min_88c5c1c3.ltl result=UNKNOWN seconds=0.053
cap=60s instance=Window2_54e1f7d2.ltl result=UNKNOWN seconds=0.043
cap=60s instance=Window2_6479ef9a.ltl result=UNKNOWN seconds=0.063
cap=60s instance=Window2_9cac58d3.ltl result=UNKNOWN seconds=0.038
cap=60s instance=Window2_aeb1d897.ltl result=UNKNOWN seconds=3.764
cap=60s instance=Window2_f1477cc5.ltl result=UNREALIZABLE seconds=0.029
cap=60s instance=WindowMin_a5f99bc6.ltl result=UNKNOWN seconds=2.480
cap=60s instance=Window_235467da.ltl result=UNKNOWN seconds=4.926
cap=60s instance=Window_42dc4fff.ltl result=UNKNOWN seconds=5.161
cap=60s instance=Window_54e1f7d2.ltl result=UNKNOWN seconds=5.023
cap=60s instance=Zoo0.ltl result=UNKNOWN seconds=0.112
cap=60s instance=Zoo10.ltl result=UNKNOWN seconds=0.103
cap=60s instance=Zoo5.ltl result=UNKNOWN seconds=0.088
cap=60s instance=abcg_arbiter_pb_1_pe_.ltl result=UNKNOWN seconds=0.180
cap=60s instance=abcg_arbiter_pb_2_pe_.ltl result=UNKNOWN seconds=8.137
cap=60s instance=abcg_arbiter_pb_3_pe_.ltl result=UNKNOWN seconds=8.923
cap=60s instance=abcg_arbiter_pb_4_pe_.ltl result=UNKNOWN seconds=48.221
cap=60s instance=abcg_arbiter_pb_5_pe_.ltl result=TIMEOUT seconds=60.099
cap=60s instance=abcg_arbiter_pb_6_pe_.ltl result=TIMEOUT seconds=60.128
cap=60s instance=amba_case_study_pb_2_pe_.ltl result=UNKNOWN seconds=1.004
cap=60s instance=amba_case_study_pb_3_pe_.ltl result=UNKNOWN seconds=54.582
cap=60s instance=amba_case_study_pb_4_pe_.ltl result=TIMEOUT seconds=60.074
cap=60s instance=amba_case_study_unreal_pb_2_pe_.ltl result=UNKNOWN seconds=0.913
cap=60s instance=amba_case_study_unreal_pb_3_pe_.ltl result=UNKNOWN seconds=54.012
cap=60s instance=amba_case_study_unreal_pb_4_pe_.ltl result=TIMEOUT seconds=60.097
cap=60s instance=amba_case_study_unreal_pb_5_pe_.ltl result=TIMEOUT seconds=60.187
cap=60s instance=amba_decomposed_arbiter_pb_10_pe_.ltl result=UNKNOWN seconds=41.158
cap=60s instance=amba_decomposed_arbiter_pb_11_pe_.ltl result=TIMEOUT seconds=60.183
cap=60s instance=amba_decomposed_arbiter_pb_12_pe_.ltl result=TIMEOUT seconds=60.188
cap=60s instance=amba_decomposed_arbiter_pb_13_pe_.ltl result=TIMEOUT seconds=60.187
cap=60s instance=amba_decomposed_arbiter_pb_2_pe_.ltl result=UNKNOWN seconds=14.541
cap=60s instance=amba_decomposed_arbiter_pb_3_pe_.ltl result=UNKNOWN seconds=4.436
cap=60s instance=amba_decomposed_arbiter_pb_4_pe_.ltl result=UNKNOWN seconds=3.549
cap=60s instance=amba_decomposed_arbiter_pb_5_pe_.ltl result=UNKNOWN seconds=4.467
cap=60s instance=amba_decomposed_arbiter_pb_6_pe_.ltl result=UNKNOWN seconds=15.251
cap=60s instance=amba_decomposed_arbiter_pb_7_pe_.ltl result=TIMEOUT seconds=60.186
cap=60s instance=amba_decomposed_arbiter_pb_8_pe_.ltl result=UNKNOWN seconds=1.533
cap=60s instance=amba_decomposed_arbiter_pb_9_pe_.ltl result=UNKNOWN seconds=7.309
cap=60s instance=amba_decomposed_decode.ltl result=UNKNOWN seconds=0.023
cap=60s instance=amba_decomposed_encode_pb_10_pe_.ltl result=UNKNOWN seconds=5.571
cap=60s instance=amba_decomposed_encode_pb_11_pe_.ltl result=UNKNOWN seconds=8.019
cap=60s instance=amba_decomposed_encode_pb_12_pe_.ltl result=UNKNOWN seconds=11.208
cap=60s instance=amba_decomposed_encode_pb_13_pe_.ltl result=UNKNOWN seconds=15.383
cap=60s instance=amba_decomposed_encode_pb_14_pe_.ltl result=UNKNOWN seconds=23.229
cap=60s instance=amba_decomposed_encode_pb_15_pe_.ltl result=UNKNOWN seconds=33.173
cap=60s instance=amba_decomposed_encode_pb_16_pe_.ltl result=UNKNOWN seconds=52.280
cap=60s instance=amba_decomposed_encode_pb_20_pe_.ltl result=TIMEOUT seconds=60.183
cap=60s instance=amba_decomposed_encode_pb_25_pe_.ltl result=TIMEOUT seconds=60.128
cap=60s instance=amba_decomposed_encode_pb_2_pe_.ltl result=UNKNOWN seconds=0.049
cap=60s instance=amba_decomposed_encode_pb_3_pe_.ltl result=UNKNOWN seconds=0.086
cap=60s instance=amba_decomposed_encode_pb_4_pe_.ltl result=UNKNOWN seconds=0.147
cap=60s instance=amba_decomposed_encode_pb_5_pe_.ltl result=UNKNOWN seconds=0.373
cap=60s instance=amba_decomposed_encode_pb_6_pe_.ltl result=UNKNOWN seconds=0.635
cap=60s instance=amba_decomposed_encode_pb_7_pe_.ltl result=UNKNOWN seconds=1.037
cap=60s instance=amba_decomposed_encode_pb_8_pe_.ltl result=UNKNOWN seconds=1.537
cap=60s instance=amba_decomposed_encode_pb_9_pe_.ltl result=UNKNOWN seconds=3.817
cap=60s instance=amba_decomposed_lock_pb_10_pe_.ltl result=UNKNOWN seconds=0.061
cap=60s instance=amba_decomposed_lock_pb_11_pe_.ltl result=UNKNOWN seconds=0.081
cap=60s instance=amba_decomposed_lock_pb_12_pe_.ltl result=UNKNOWN seconds=0.104
cap=60s instance=amba_decomposed_lock_pb_13_pe_.ltl result=UNKNOWN seconds=0.203
cap=60s instance=amba_decomposed_lock_pb_14_pe_.ltl result=UNKNOWN seconds=0.491
cap=60s instance=amba_decomposed_lock_pb_15_pe_.ltl result=UNKNOWN seconds=1.193
cap=60s instance=amba_decomposed_lock_pb_16_pe_.ltl result=UNKNOWN seconds=3.121
cap=60s instance=amba_decomposed_lock_pb_2_pe_.ltl result=UNKNOWN seconds=0.049
cap=60s instance=amba_decomposed_lock_pb_30_pe_.ltl result=ERROR seconds=0.034
cap=60s instance=amba_decomposed_lock_pb_3_pe_.ltl result=UNKNOWN seconds=0.066
cap=60s instance=amba_decomposed_lock_pb_4_pe_.ltl result=UNKNOWN seconds=0.063
cap=60s instance=amba_decomposed_lock_pb_5_pe_.ltl result=UNKNOWN seconds=0.068
cap=60s instance=amba_decomposed_lock_pb_6_pe_.ltl result=UNKNOWN seconds=0.062
cap=60s instance=amba_decomposed_lock_pb_7_pe_.ltl result=UNKNOWN seconds=0.049
cap=60s instance=amba_decomposed_lock_pb_8_pe_.ltl result=UNKNOWN seconds=0.061
cap=60s instance=amba_decomposed_lock_pb_9_pe_.ltl result=UNKNOWN seconds=0.061
cap=60s instance=amba_decomposed_shift.ltl result=UNKNOWN seconds=0.053
cap=60s instance=amba_decomposed_tburst4.ltl result=UNKNOWN seconds=1.026
cap=60s instance=amba_decomposed_tincr.ltl result=UNKNOWN seconds=0.103
cap=60s instance=amba_decomposed_tsingle.ltl result=UNKNOWN seconds=0.303
cap=60s instance=amba_gr+_pb_2_pe_.ltl result=UNKNOWN seconds=52.546
cap=60s instance=amba_gr+_pb_3_pe_.ltl result=TIMEOUT seconds=60.187
cap=60s instance=amba_gr_pb_2_pe_.ltl result=UNKNOWN seconds=39.964
cap=60s instance=amba_gr_pb_3_pe_.ltl result=TIMEOUT seconds=60.185
cap=60s instance=amba_gr_pb_4_pe_.ltl result=TIMEOUT seconds=60.128
cap=60s instance=arbiter-paper-unreal-unreal.ltl result=UNREALIZABLE seconds=0.050
cap=60s instance=arbiter-with-failure-real.ltl result=UNKNOWN seconds=0.308
cap=60s instance=arbiter_on_inpchange_pb_1_pe_.ltl result=UNKNOWN seconds=0.044
cap=60s instance=arbiter_on_inpchange_pb_2_pe_.ltl result=UNKNOWN seconds=0.803
cap=60s instance=arbiter_on_inpchange_pb_3_pe_.ltl result=TIMEOUT seconds=60.028
cap=60s instance=arbiter_on_inpchange_pb_4_pe_.ltl result=UNKNOWN seconds=5.623
cap=60s instance=arbiter_on_inpchange_pb_5_pe_.ltl result=TIMEOUT seconds=60.080
cap=60s instance=arbiter_on_inpchange_pb_6_pe_.ltl result=TIMEOUT seconds=60.039
cap=60s instance=arbiter_on_inpchange_pb_7_pe_.ltl result=TIMEOUT seconds=60.096
cap=60s instance=arbiter_pb_10_pe_.ltl result=TIMEOUT seconds=60.094
cap=60s instance=arbiter_pb_1_pe_.ltl result=UNKNOWN seconds=0.027
cap=60s instance=arbiter_pb_2_pe_.ltl result=UNKNOWN seconds=0.062
cap=60s instance=arbiter_pb_3_pe_.ltl result=UNKNOWN seconds=0.501
cap=60s instance=arbiter_pb_4_pe_.ltl result=UNKNOWN seconds=5.773
cap=60s instance=arbiter_pb_5_pe_.ltl result=TIMEOUT seconds=60.052
cap=60s instance=arbiter_pb_6_pe_.ltl result=TIMEOUT seconds=60.080
cap=60s instance=arbiter_pb_7_pe_.ltl result=UNKNOWN seconds=1.122
cap=60s instance=arbiter_pb_8_pe_.ltl result=UNKNOWN seconds=5.672
cap=60s instance=arbiter_pb_9_pe_.ltl result=UNKNOWN seconds=33.555
cap=60s instance=arbiter_with_buffer_pb_10_pe_.ltl result=TIMEOUT seconds=60.077
cap=60s instance=arbiter_with_buffer_pb_1_pe_.ltl result=UNKNOWN seconds=0.037
cap=60s instance=arbiter_with_buffer_pb_2_pe_.ltl result=UNKNOWN seconds=0.392
cap=60s instance=arbiter_with_buffer_pb_3_pe_.ltl result=UNKNOWN seconds=23.450
cap=60s instance=arbiter_with_buffer_pb_4_pe_.ltl result=UNKNOWN seconds=0.159
cap=60s instance=arbiter_with_buffer_pb_5_pe_.ltl result=UNKNOWN seconds=0.240
cap=60s instance=arbiter_with_buffer_pb_6_pe_.ltl result=UNKNOWN seconds=0.689
cap=60s instance=arbiter_with_buffer_pb_7_pe_.ltl result=UNKNOWN seconds=2.578
cap=60s instance=arbiter_with_buffer_pb_8_pe_.ltl result=UNKNOWN seconds=18.284
cap=60s instance=arbiter_with_buffer_pb_9_pe_.ltl result=TIMEOUT seconds=60.233
cap=60s instance=arbiter_with_cancel_pb_10_pe_.ltl result=TIMEOUT seconds=60.121
cap=60s instance=arbiter_with_cancel_pb_1_pe_.ltl result=UNKNOWN seconds=0.056
cap=60s instance=arbiter_with_cancel_pb_2_pe_.ltl result=UNKNOWN seconds=0.107
cap=60s instance=arbiter_with_cancel_pb_3_pe_.ltl result=UNKNOWN seconds=1.111
cap=60s instance=arbiter_with_cancel_pb_4_pe_.ltl result=UNKNOWN seconds=14.911
cap=60s instance=arbiter_with_cancel_pb_5_pe_.ltl result=TIMEOUT seconds=60.080
cap=60s instance=arbiter_with_cancel_pb_6_pe_.ltl result=UNKNOWN seconds=6.053
cap=60s instance=arbiter_with_cancel_pb_7_pe_.ltl result=TIMEOUT seconds=60.080
cap=60s instance=arbiter_with_cancel_pb_8_pe_.ltl result=TIMEOUT seconds=60.080
cap=60s instance=arbiter_with_cancel_pb_9_pe_.ltl result=TIMEOUT seconds=60.096
cap=60s instance=batch-arbiter-real.ltl result=UNKNOWN seconds=2.900
cap=60s instance=box-limited-real.ltl result=UNKNOWN seconds=4.258
cap=60s instance=box-real.ltl result=UNKNOWN seconds=0.174
cap=60s instance=box0.ltl result=UNREALIZABLE seconds=0.044
cap=60s instance=box1.ltl result=UNREALIZABLE seconds=0.060
cap=60s instance=buffer-storage-real.ltl result=UNKNOWN seconds=11.597
cap=60s instance=chain-4-real.ltl result=TIMEOUT seconds=60.131
cap=60s instance=chain-5-real.ltl result=TIMEOUT seconds=60.185
cap=60s instance=chain-60.ltl result=TIMEOUT seconds=60.185
cap=60s instance=chain-70.ltl result=TIMEOUT seconds=60.129
cap=60s instance=chain-simple-10-real.ltl result=TIMEOUT seconds=60.080
cap=60s instance=chain-simple-20-real.ltl result=TIMEOUT seconds=60.080
cap=60s instance=chain-simple-30-real.ltl result=TIMEOUT seconds=60.025
cap=60s instance=chain-simple-40-real.ltl result=TIMEOUT seconds=60.074
cap=60s instance=chain-simple-5-real.ltl result=TIMEOUT seconds=60.076
cap=60s instance=chain-simple-50-real.ltl result=TIMEOUT seconds=60.064
cap=60s instance=chain-simple-60-real.ltl result=TIMEOUT seconds=60.097
cap=60s instance=chain-simple-70-real.ltl result=TIMEOUT seconds=60.097
cap=60s instance=chain-simple-param-70-real.ltl result=TIMEOUT seconds=60.097
cap=60s instance=chomp_pb_2_2_pe_.ltl result=UNKNOWN seconds=0.083
cap=60s instance=chomp_pb_2_3_pe_.ltl result=UNKNOWN seconds=0.175
cap=60s instance=chomp_pb_2_4_pe_.ltl result=UNKNOWN seconds=1.260
cap=60s instance=chomp_pb_2_5_pe_.ltl result=TIMEOUT seconds=60.165
cap=60s instance=chomp_pb_2_6_pe_.ltl result=TIMEOUT seconds=60.129
cap=60s instance=chomp_pb_3_2_pe_.ltl result=UNKNOWN seconds=0.182
cap=60s instance=chomp_pb_3_3_pe_.ltl result=UNKNOWN seconds=6.315
cap=60s instance=chomp_pb_3_4_pe_.ltl result=TIMEOUT seconds=60.137
cap=60s instance=chomp_pb_3_5_pe_.ltl result=TIMEOUT seconds=60.071
cap=60s instance=chomp_pb_3_6_pe_.ltl result=TIMEOUT seconds=60.135
cap=60s instance=chomp_pb_4_2_pe_.ltl result=UNKNOWN seconds=1.228
cap=60s instance=chomp_pb_4_3_pe_.ltl result=TIMEOUT seconds=60.185
cap=60s instance=chomp_pb_4_4_pe_.ltl result=TIMEOUT seconds=60.133
cap=60s instance=chomp_pb_4_5_pe_.ltl result=TIMEOUT seconds=60.127
cap=60s instance=chomp_pb_4_6_pe_.ltl result=TIMEOUT seconds=60.110
cap=60s instance=collector_v1_pb_11_pe_.ltl result=UNKNOWN seconds=2.516
cap=60s instance=collector_v1_pb_12_pe_.ltl result=UNKNOWN seconds=9.664
cap=60s instance=collector_v1_pb_13_pe_.ltl result=UNKNOWN seconds=36.013
cap=60s instance=collector_v1_pb_14_pe_.ltl result=TIMEOUT seconds=60.034
cap=60s instance=collector_v1_pb_15_pe_.ltl result=TIMEOUT seconds=60.080
cap=60s instance=collector_v1_pb_3_pe_.ltl result=UNKNOWN seconds=7.539
cap=60s instance=collector_v1_pb_5_pe_.ltl result=TIMEOUT seconds=60.079
cap=60s instance=collector_v1_pb_7_pe_.ltl result=TIMEOUT seconds=60.080
cap=60s instance=collector_v1_pb_9_pe_.ltl result=TIMEOUT seconds=60.023
cap=60s instance=collector_v2_pb_10_pe_.ltl result=UNKNOWN seconds=30.176
cap=60s instance=collector_v2_pb_11_pe_.ltl result=TIMEOUT seconds=60.096
cap=60s instance=collector_v2_pb_12_pe_.ltl result=TIMEOUT seconds=60.091
cap=60s instance=collector_v2_pb_13_pe_.ltl result=TIMEOUT seconds=60.083
cap=60s instance=collector_v2_pb_15_pe_.ltl result=TIMEOUT seconds=60.132
cap=60s instance=collector_v2_pb_27_pe_.ltl result=TIMEOUT seconds=60.129
cap=60s instance=collector_v2_pb_3_pe_.ltl result=TIMEOUT seconds=60.030
cap=60s instance=collector_v2_pb_5_pe_.ltl result=TIMEOUT seconds=60.080
cap=60s instance=collector_v2_pb_7_pe_.ltl result=TIMEOUT seconds=60.080
cap=60s instance=collector_v2_pb_9_pe_.ltl result=UNKNOWN seconds=6.824
cap=60s instance=collector_v3_pb_10_pe_.ltl result=TIMEOUT seconds=60.138
cap=60s instance=collector_v3_pb_11_pe_.ltl result=TIMEOUT seconds=60.096
cap=60s instance=collector_v3_pb_12_pe_.ltl result=TIMEOUT seconds=60.116
cap=60s instance=collector_v3_pb_13_pe_.ltl result=TIMEOUT seconds=60.137
cap=60s instance=collector_v3_pb_15_pe_.ltl result=TIMEOUT seconds=60.121
cap=60s instance=collector_v3_pb_3_pe_.ltl result=TIMEOUT seconds=60.080
cap=60s instance=collector_v3_pb_5_pe_.ltl result=TIMEOUT seconds=60.097
cap=60s instance=collector_v3_pb_7_pe_.ltl result=UNKNOWN seconds=3.047
cap=60s instance=collector_v3_pb_9_pe_.ltl result=TIMEOUT seconds=60.096
cap=60s instance=diagonal-real.ltl result=UNKNOWN seconds=13.051
cap=60s instance=door_locking_problem_d6c5ac79.ltl result=UNKNOWN seconds=14.822
cap=60s instance=elevator-paper-real.ltl result=UNKNOWN seconds=0.903
cap=60s instance=evasion-real.ltl result=TIMEOUT seconds=60.080
cap=60s instance=evasion0.ltl result=TIMEOUT seconds=60.022
cap=60s instance=example10_pb_1_pe_.ltl result=UNKNOWN seconds=0.027
cap=60s instance=example10_pb_2_pe_.ltl result=UNKNOWN seconds=0.057
cap=60s instance=example10a_pb_1_pe_.ltl result=UNKNOWN seconds=0.064
cap=60s instance=example10a_pb_2_pe_.ltl result=UNKNOWN seconds=0.077
cap=60s instance=example7_pb_1_pe_.ltl result=UNKNOWN seconds=0.032
cap=60s instance=example7_pb_2_pe_.ltl result=UNKNOWN seconds=0.044
cap=60s instance=example7a_pb_1_pe_.ltl result=UNKNOWN seconds=0.047
cap=60s instance=example7a_pb_2_pe_.ltl result=UNKNOWN seconds=0.067
cap=60s instance=example8_pb_1_pe_.ltl result=UNKNOWN seconds=0.051
cap=60s instance=example8_pb_2_pe_.ltl result=UNKNOWN seconds=0.123
cap=60s instance=example9_pb_1_pe_.ltl result=UNKNOWN seconds=0.048
cap=60s instance=example9_pb_2_pe_.ltl result=UNKNOWN seconds=0.066
cap=60s instance=f-real-real.ltl result=UNKNOWN seconds=48.655
cap=60s instance=f-unreal-unreal.ltl result=UNREALIZABLE seconds=0.027
cap=60s instance=finding_nemo_pb_1_pe_.ltl result=UNKNOWN seconds=0.155
cap=60s instance=finding_nemo_pb_2_pe_.ltl result=UNKNOWN seconds=0.387
cap=60s instance=finding_nemo_pb_3_pe_.ltl result=UNKNOWN seconds=3.194
cap=60s instance=finding_nemo_pb_4_pe_.ltl result=UNKNOWN seconds=1.837
cap=60s instance=finding_nemo_pb_5_pe_.ltl result=UNKNOWN seconds=6.665
cap=60s instance=finding_nemo_pb_6_pe_.ltl result=TIMEOUT seconds=60.048
cap=60s instance=finding_nemo_pb_7_pe_.ltl result=TIMEOUT seconds=60.114
cap=60s instance=follow0.ltl result=TIMEOUT seconds=60.096
cap=60s instance=follow1.ltl result=TIMEOUT seconds=60.136
cap=60s instance=follow2.ltl result=TIMEOUT seconds=60.132
cap=60s instance=follow3.ltl result=TIMEOUT seconds=60.132
cap=60s instance=full_arbiter_enc_pb_10_pe_.ltl result=UNKNOWN seconds=22.006
cap=60s instance=full_arbiter_enc_pb_12_pe_.ltl result=TIMEOUT seconds=60.080
cap=60s instance=full_arbiter_enc_pb_8_pe_.ltl result=UNKNOWN seconds=2.323
cap=60s instance=full_arbiter_unreal1_pb_2_10_pe_.ltl result=UNREALIZABLE seconds=0.033
cap=60s instance=full_arbiter_unreal1_pb_2_11_pe_.ltl result=UNREALIZABLE seconds=0.029
cap=60s instance=full_arbiter_unreal1_pb_2_12_pe_.ltl result=UNREALIZABLE seconds=0.032
cap=60s instance=full_arbiter_unreal1_pb_2_13_pe_.ltl result=UNREALIZABLE seconds=0.031
cap=60s instance=full_arbiter_unreal1_pb_2_14_pe_.ltl result=UNREALIZABLE seconds=0.030
cap=60s instance=full_arbiter_unreal1_pb_2_15_pe_.ltl result=UNREALIZABLE seconds=0.040
cap=60s instance=full_arbiter_unreal1_pb_2_16_pe_.ltl result=UNREALIZABLE seconds=0.033
cap=60s instance=full_arbiter_unreal1_pb_2_18_pe_.ltl result=UNREALIZABLE seconds=0.034
cap=60s instance=full_arbiter_unreal1_pb_2_1_pe_.ltl result=UNREALIZABLE seconds=0.033
cap=60s instance=full_arbiter_unreal1_pb_2_20_pe_.ltl result=UNREALIZABLE seconds=0.032
cap=60s instance=full_arbiter_unreal1_pb_2_21_pe_.ltl result=UNREALIZABLE seconds=0.031
cap=60s instance=full_arbiter_unreal1_pb_2_22_pe_.ltl result=UNREALIZABLE seconds=0.036
cap=60s instance=full_arbiter_unreal1_pb_2_24_pe_.ltl result=UNREALIZABLE seconds=0.034
cap=60s instance=full_arbiter_unreal1_pb_2_26_pe_.ltl result=UNREALIZABLE seconds=0.036
cap=60s instance=full_arbiter_unreal1_pb_2_2_pe_.ltl result=UNREALIZABLE seconds=0.034
cap=60s instance=full_arbiter_unreal1_pb_2_3_pe_.ltl result=UNREALIZABLE seconds=0.036
cap=60s instance=full_arbiter_unreal1_pb_2_4_pe_.ltl result=UNREALIZABLE seconds=0.036
cap=60s instance=full_arbiter_unreal1_pb_2_5_pe_.ltl result=UNREALIZABLE seconds=0.038
cap=60s instance=full_arbiter_unreal1_pb_2_6_pe_.ltl result=UNREALIZABLE seconds=0.035
cap=60s instance=full_arbiter_unreal1_pb_2_7_pe_.ltl result=UNREALIZABLE seconds=0.035
cap=60s instance=full_arbiter_unreal1_pb_2_8_pe_.ltl result=UNREALIZABLE seconds=0.033
cap=60s instance=full_arbiter_unreal1_pb_2_9_pe_.ltl result=UNREALIZABLE seconds=0.040
cap=60s instance=full_arbiter_unreal1_pb_3_10_pe_.ltl result=UNREALIZABLE seconds=0.036
cap=60s instance=full_arbiter_unreal1_pb_3_11_pe_.ltl result=UNREALIZABLE seconds=0.045
cap=60s instance=full_arbiter_unreal1_pb_3_12_pe_.ltl result=UNREALIZABLE seconds=0.034
cap=60s instance=full_arbiter_unreal1_pb_3_13_pe_.ltl result=UNREALIZABLE seconds=0.034
cap=60s instance=full_arbiter_unreal1_pb_3_14_pe_.ltl result=UNREALIZABLE seconds=0.054
cap=60s instance=full_arbiter_unreal1_pb_3_15_pe_.ltl result=UNREALIZABLE seconds=0.039
cap=60s instance=full_arbiter_unreal1_pb_3_1_pe_.ltl result=UNREALIZABLE seconds=0.035
cap=60s instance=full_arbiter_unreal1_pb_3_2_pe_.ltl result=UNREALIZABLE seconds=0.035
cap=60s instance=full_arbiter_unreal1_pb_3_3_pe_.ltl result=UNREALIZABLE seconds=0.042
cap=60s instance=full_arbiter_unreal1_pb_3_4_pe_.ltl result=UNREALIZABLE seconds=0.038
cap=60s instance=full_arbiter_unreal1_pb_3_5_pe_.ltl result=UNREALIZABLE seconds=0.033
cap=60s instance=full_arbiter_unreal1_pb_3_6_pe_.ltl result=UNREALIZABLE seconds=0.035
cap=60s instance=full_arbiter_unreal1_pb_3_7_pe_.ltl result=UNREALIZABLE seconds=0.038
cap=60s instance=full_arbiter_unreal1_pb_3_8_pe_.ltl result=UNREALIZABLE seconds=0.034
cap=60s instance=full_arbiter_unreal1_pb_3_9_pe_.ltl result=UNREALIZABLE seconds=0.037
cap=60s instance=full_arbiter_unreal1_pb_4_1_pe_.ltl result=UNREALIZABLE seconds=0.049
cap=60s instance=full_arbiter_unreal1_pb_4_2_pe_.ltl result=UNREALIZABLE seconds=0.024
cap=60s instance=full_arbiter_unreal1_pb_4_3_pe_.ltl result=UNREALIZABLE seconds=0.051
cap=60s instance=full_arbiter_unreal1_pb_4_4_pe_.ltl result=UNREALIZABLE seconds=0.034
cap=60s instance=full_arbiter_unreal1_pb_4_5_pe_.ltl result=UNREALIZABLE seconds=0.034
cap=60s instance=full_arbiter_unreal1_pb_4_6_pe_.ltl result=UNREALIZABLE seconds=0.035
cap=60s instance=full_arbiter_unreal1_pb_4_7_pe_.ltl result=UNREALIZABLE seconds=0.034
cap=60s instance=full_arbiter_unreal1_pb_4_8_pe_.ltl result=UNREALIZABLE seconds=0.039
cap=60s instance=full_arbiter_unreal1_pb_6_8_pe_.ltl result=UNREALIZABLE seconds=0.048
cap=60s instance=full_arbiter_unreal2_pb_2_pe_.ltl result=UNREALIZABLE seconds=0.023
cap=60s instance=full_arbiter_unreal2_pb_3_pe_.ltl result=UNREALIZABLE seconds=0.021
cap=60s instance=full_arbiter_unreal2_pb_4_pe_.ltl result=UNREALIZABLE seconds=0.023
cap=60s instance=full_arbiter_unreal2_pb_5_pe_.ltl result=UNREALIZABLE seconds=0.023
cap=60s instance=full_arbiter_unreal2_pb_6_pe_.ltl result=UNREALIZABLE seconds=0.023
cap=60s instance=full_arbiter_unreal2_pb_7_pe_.ltl result=UNREALIZABLE seconds=0.023
cap=60s instance=g-real-real.ltl result=TIMEOUT seconds=60.096
cap=60s instance=g-real0.ltl result=UNREALIZABLE seconds=0.183
cap=60s instance=g-unreal-1-unreal.ltl result=TIMEOUT seconds=60.064
cap=60s instance=g-unreal-10.ltl result=UNREALIZABLE seconds=0.036
cap=60s instance=g-unreal-11.ltl result=UNREALIZABLE seconds=0.045
cap=60s instance=g-unreal-110.ltl result=UNREALIZABLE seconds=2.174
cap=60s instance=g-unreal-111.ltl result=UNREALIZABLE seconds=3.692
cap=60s instance=g-unreal-112.ltl result=UNREALIZABLE seconds=5.832
cap=60s instance=g-unreal-113.ltl result=UNREALIZABLE seconds=6.621
cap=60s instance=g-unreal-114.ltl result=UNREALIZABLE seconds=10.387
cap=60s instance=g-unreal-115.ltl result=UNREALIZABLE seconds=15.230
cap=60s instance=g-unreal-116.ltl result=UNREALIZABLE seconds=29.155
cap=60s instance=g-unreal-117.ltl result=UNREALIZABLE seconds=41.528
cap=60s instance=g-unreal-118.ltl result=UNREALIZABLE seconds=59.198
cap=60s instance=g-unreal-119.ltl result=TIMEOUT seconds=60.079
cap=60s instance=g-unreal-12.ltl result=UNREALIZABLE seconds=0.039
cap=60s instance=g-unreal-120.ltl result=TIMEOUT seconds=60.080
cap=60s instance=g-unreal-13.ltl result=UNREALIZABLE seconds=0.051
cap=60s instance=g-unreal-14.ltl result=UNREALIZABLE seconds=0.088
cap=60s instance=g-unreal-15.ltl result=UNREALIZABLE seconds=0.132
cap=60s instance=g-unreal-16.ltl result=UNREALIZABLE seconds=0.254
cap=60s instance=g-unreal-17.ltl result=UNREALIZABLE seconds=0.318
cap=60s instance=g-unreal-18.ltl result=UNREALIZABLE seconds=1.002
cap=60s instance=g-unreal-19.ltl result=UNREALIZABLE seconds=1.815
cap=60s instance=g-unreal-20.ltl result=TIMEOUT seconds=60.135
cap=60s instance=g-unreal-21.ltl result=TIMEOUT seconds=60.229
cap=60s instance=g-unreal-30.ltl result=UNKNOWN seconds=1.291
cap=60s instance=g-unreal-31.ltl result=UNREALIZABLE seconds=0.069
cap=60s instance=g-unreal-310.ltl result=TIMEOUT seconds=60.159
cap=60s instance=g-unreal-311.ltl result=TIMEOUT seconds=60.287
cap=60s instance=g-unreal-312.ltl result=TIMEOUT seconds=60.227
cap=60s instance=g-unreal-313.ltl result=TIMEOUT seconds=60.287
cap=60s instance=g-unreal-314.ltl result=TIMEOUT seconds=60.184
cap=60s instance=g-unreal-32.ltl result=UNREALIZABLE seconds=0.167
cap=60s instance=g-unreal-33.ltl result=UNREALIZABLE seconds=1.530
cap=60s instance=g-unreal-34.ltl result=UNREALIZABLE seconds=15.141
cap=60s instance=g-unreal-35.ltl result=UNREALIZABLE seconds=12.845
cap=60s instance=g-unreal-36.ltl result=UNREALIZABLE seconds=9.209
cap=60s instance=g-unreal-37.ltl result=UNREALIZABLE seconds=20.311
cap=60s instance=g-unreal-38.ltl result=TIMEOUT seconds=60.128
cap=60s instance=g-unreal-39.ltl result=TIMEOUT seconds=60.179
cap=60s instance=generalized_buffer_pb_2_pe_.ltl result=UNKNOWN seconds=2.583
cap=60s instance=generalized_buffer_pb_3_pe_.ltl result=TIMEOUT seconds=60.041
cap=60s instance=generalized_buffer_pb_4_pe_.ltl result=TIMEOUT seconds=60.132
cap=60s instance=generalized_buffer_pb_5_pe_.ltl result=UNKNOWN seconds=9.906
cap=60s instance=generalized_buffer_pb_6_pe_.ltl result=TIMEOUT seconds=60.095
cap=60s instance=gf-real-real.ltl result=UNKNOWN seconds=3.992
cap=60s instance=gf-unreal0.ltl result=UNREALIZABLE seconds=0.030
cap=60s instance=gf-unreal1.ltl result=UNREALIZABLE seconds=0.039
cap=60s instance=gf-unreal10.ltl result=UNREALIZABLE seconds=0.035
cap=60s instance=gf-unreal11.ltl result=UNREALIZABLE seconds=0.046
cap=60s instance=gf-unreal12.ltl result=UNREALIZABLE seconds=0.034
cap=60s instance=gf-unreal13.ltl result=UNREALIZABLE seconds=0.042
cap=60s instance=gf-unreal14.ltl result=UNREALIZABLE seconds=0.044
cap=60s instance=gf-unreal15.ltl result=UNREALIZABLE seconds=0.048
cap=60s instance=gf-unreal16.ltl result=UNREALIZABLE seconds=0.049
cap=60s instance=gf-unreal17.ltl result=UNREALIZABLE seconds=0.045
cap=60s instance=gf-unreal18.ltl result=UNREALIZABLE seconds=0.045
cap=60s instance=gf-unreal19.ltl result=UNREALIZABLE seconds=0.046
cap=60s instance=gf-unreal2.ltl result=UNREALIZABLE seconds=0.035
cap=60s instance=gf-unreal20.ltl result=UNREALIZABLE seconds=0.059
cap=60s instance=gf-unreal21.ltl result=UNREALIZABLE seconds=0.057
cap=60s instance=gf-unreal22.ltl result=UNREALIZABLE seconds=0.049
cap=60s instance=gf-unreal23.ltl result=UNREALIZABLE seconds=0.058
cap=60s instance=gf-unreal24.ltl result=UNREALIZABLE seconds=0.056
cap=60s instance=gf-unreal25.ltl result=UNREALIZABLE seconds=0.061
cap=60s instance=gf-unreal26.ltl result=UNREALIZABLE seconds=0.058
cap=60s instance=gf-unreal27.ltl result=UNREALIZABLE seconds=0.048
cap=60s instance=gf-unreal28.ltl result=UNREALIZABLE seconds=0.054
cap=60s instance=gf-unreal29.ltl result=UNREALIZABLE seconds=0.025
cap=60s instance=gf-unreal3.ltl result=UNREALIZABLE seconds=0.038
cap=60s instance=gf-unreal30.ltl result=UNREALIZABLE seconds=0.064
cap=60s instance=gf-unreal31.ltl result=UNREALIZABLE seconds=0.059
cap=60s instance=gf-unreal32.ltl result=UNREALIZABLE seconds=0.057
cap=60s instance=gf-unreal33.ltl result=UNREALIZABLE seconds=0.052
cap=60s instance=gf-unreal34.ltl result=UNREALIZABLE seconds=0.061
cap=60s instance=gf-unreal35.ltl result=UNREALIZABLE seconds=0.060
cap=60s instance=gf-unreal36.ltl result=UNREALIZABLE seconds=0.058
cap=60s instance=gf-unreal37.ltl result=UNREALIZABLE seconds=0.056
cap=60s instance=gf-unreal38.ltl result=UNREALIZABLE seconds=0.057
cap=60s instance=gf-unreal39.ltl result=UNREALIZABLE seconds=0.060
cap=60s instance=gf-unreal4.ltl result=UNREALIZABLE seconds=0.048
cap=60s instance=gf-unreal40.ltl result=UNREALIZABLE seconds=0.059
cap=60s instance=gf-unreal41.ltl result=UNREALIZABLE seconds=0.061
cap=60s instance=gf-unreal42.ltl result=UNREALIZABLE seconds=0.061
cap=60s instance=gf-unreal43.ltl result=UNREALIZABLE seconds=0.056
cap=60s instance=gf-unreal44.ltl result=UNREALIZABLE seconds=0.043
cap=60s instance=gf-unreal45.ltl result=UNREALIZABLE seconds=0.037
cap=60s instance=gf-unreal46.ltl result=UNREALIZABLE seconds=0.035
cap=60s instance=gf-unreal47.ltl result=UNREALIZABLE seconds=0.033
cap=60s instance=gf-unreal5.ltl result=UNREALIZABLE seconds=0.024
cap=60s instance=gf-unreal6.ltl result=UNREALIZABLE seconds=0.024
cap=60s instance=gf-unreal7.ltl result=UNREALIZABLE seconds=0.025
cap=60s instance=gf-unreal8.ltl result=UNREALIZABLE seconds=0.033
cap=60s instance=gf-unreal9.ltl result=UNREALIZABLE seconds=0.023
cap=60s instance=heim-buechi-real.ltl result=TIMEOUT seconds=60.080
cap=60s instance=heim-double-x-real.ltl result=UNKNOWN seconds=34.555
cap=60s instance=heim-double-x0.ltl result=UNREALIZABLE seconds=0.065
cap=60s instance=heim-double-x1.ltl result=UNKNOWN seconds=1.412
cap=60s instance=heim-double-x10.ltl result=UNKNOWN seconds=29.623
cap=60s instance=heim-double-x11.ltl result=UNKNOWN seconds=31.003
cap=60s instance=heim-double-x12.ltl result=UNKNOWN seconds=31.476
cap=60s instance=heim-double-x13.ltl result=UNKNOWN seconds=31.680
cap=60s instance=heim-double-x2.ltl result=UNKNOWN seconds=1.554
cap=60s instance=heim-double-x3.ltl result=UNKNOWN seconds=1.700
cap=60s instance=heim-double-x4.ltl result=UNKNOWN seconds=3.922
cap=60s instance=heim-double-x5.ltl result=UNKNOWN seconds=4.016
cap=60s instance=heim-double-x6.ltl result=UNKNOWN seconds=4.427
cap=60s instance=heim-double-x7.ltl result=UNKNOWN seconds=4.539
cap=60s instance=heim-double-x8.ltl result=UNKNOWN seconds=13.925
cap=60s instance=heim-double-x9.ltl result=UNKNOWN seconds=28.682
cap=60s instance=heim-fig7-unreal.ltl result=UNKNOWN seconds=0.182
cap=60s instance=helipad-contradict0.ltl result=TIMEOUT seconds=60.235
cap=60s instance=helipad-contradict1.ltl result=TIMEOUT seconds=60.090
cap=60s instance=helipad-real.ltl result=TIMEOUT seconds=60.181
cap=60s instance=infinite-race-real.ltl result=UNKNOWN seconds=0.093
cap=60s instance=infinite-race-u0.ltl result=UNKNOWN seconds=0.090
cap=60s instance=infinite-race-u1.ltl result=UNKNOWN seconds=0.174
cap=60s instance=infinite-race-u10.ltl result=TIMEOUT seconds=60.079
cap=60s instance=infinite-race-u11.ltl result=TIMEOUT seconds=60.080
cap=60s instance=infinite-race-u12.ltl result=TIMEOUT seconds=60.080
cap=60s instance=infinite-race-u13.ltl result=TIMEOUT seconds=60.080
cap=60s instance=infinite-race-u14.ltl result=TIMEOUT seconds=60.072
cap=60s instance=infinite-race-u15.ltl result=TIMEOUT seconds=60.126
cap=60s instance=infinite-race-u16.ltl result=TIMEOUT seconds=60.063
cap=60s instance=infinite-race-u17.ltl result=TIMEOUT seconds=60.031
cap=60s instance=infinite-race-u18.ltl result=TIMEOUT seconds=60.080
cap=60s instance=infinite-race-u19.ltl result=TIMEOUT seconds=60.080
cap=60s instance=infinite-race-u2.ltl result=UNKNOWN seconds=13.442
cap=60s instance=infinite-race-u20.ltl result=TIMEOUT seconds=60.080
cap=60s instance=infinite-race-u21.ltl result=TIMEOUT seconds=60.080
cap=60s instance=infinite-race-u22.ltl result=TIMEOUT seconds=60.080
cap=60s instance=infinite-race-u23.ltl result=TIMEOUT seconds=60.026
cap=60s instance=infinite-race-u24.ltl result=TIMEOUT seconds=60.080
cap=60s instance=infinite-race-u25.ltl result=TIMEOUT seconds=60.079
cap=60s instance=infinite-race-u3.ltl result=UNKNOWN seconds=14.460
cap=60s instance=infinite-race-u4.ltl result=UNKNOWN seconds=33.261
cap=60s instance=infinite-race-u5.ltl result=UNKNOWN seconds=35.367
cap=60s instance=infinite-race-u6.ltl result=UNKNOWN seconds=37.127
cap=60s instance=infinite-race-u7.ltl result=UNKNOWN seconds=39.987
cap=60s instance=infinite-race-u8.ltl result=TIMEOUT seconds=60.058
cap=60s instance=infinite-race-u9.ltl result=TIMEOUT seconds=60.049
cap=60s instance=infinite-race-unequal-1-real.ltl result=UNKNOWN seconds=49.137
cap=60s instance=infinite-race-unequal-10.ltl result=UNREALIZABLE seconds=0.044
cap=60s instance=infinite-race-unequal-20.ltl result=UNREALIZABLE seconds=0.048
cap=60s instance=infinite-race-unequal-21.ltl result=UNREALIZABLE seconds=0.124
cap=60s instance=infinite-race-unequal-22.ltl result=UNREALIZABLE seconds=0.165
cap=60s instance=infinite-race-unequal-23.ltl result=UNREALIZABLE seconds=0.769
cap=60s instance=infinite-race-unequal-24.ltl result=UNREALIZABLE seconds=3.420
cap=60s instance=infinite-race-unequal-25.ltl result=TIMEOUT seconds=60.185
cap=60s instance=infinite-race-unequal-26.ltl result=TIMEOUT seconds=60.130
cap=60s instance=items_processing-real.ltl result=TIMEOUT seconds=60.134
cap=60s instance=jarvis_gideon_a02758ea.ltl result=UNREALIZABLE seconds=0.036
cap=60s instance=jarvis_philippe_484face8.ltl result=UNREALIZABLE seconds=0.052
cap=60s instance=lazy_shades_problem_d6376bf9.ltl result=UNKNOWN seconds=3.660
cap=60s instance=lift_gr1+_pb_2_pe_.ltl result=UNKNOWN seconds=2.379
cap=60s instance=lift_gr1+_pb_3_pe_.ltl result=UNKNOWN seconds=2.450
cap=60s instance=lift_gr1+_pb_6_pe_.ltl result=UNKNOWN seconds=14.051
cap=60s instance=lift_gr1+_pb_7_pe_.ltl result=UNKNOWN seconds=59.845
cap=60s instance=lift_gr1+_pb_8_pe_.ltl result=TIMEOUT seconds=60.109
cap=60s instance=lift_gr1+_pb_9_pe_.ltl result=TIMEOUT seconds=60.183
cap=60s instance=lift_gr1_pb_10_pe_.ltl result=TIMEOUT seconds=60.182
cap=60s instance=lift_gr1_pb_2_pe_.ltl result=UNKNOWN seconds=25.728
cap=60s instance=lift_gr1_pb_3_pe_.ltl result=UNKNOWN seconds=5.675
cap=60s instance=lift_gr1_pb_7_pe_.ltl result=UNKNOWN seconds=24.121
cap=60s instance=lift_gr1_pb_8_pe_.ltl result=UNKNOWN seconds=51.820
cap=60s instance=lift_gr1_pb_9_pe_.ltl result=TIMEOUT seconds=60.130
cap=60s instance=lift_pb_10_pe_.ltl result=TIMEOUT seconds=60.074
cap=60s instance=lift_pb_2_pe_.ltl result=UNKNOWN seconds=0.151
cap=60s instance=lift_pb_3_pe_.ltl result=UNKNOWN seconds=2.418
cap=60s instance=lift_pb_4_pe_.ltl result=UNKNOWN seconds=39.696
cap=60s instance=lift_pb_5_pe_.ltl result=TIMEOUT seconds=60.096
cap=60s instance=lift_pb_6_pe_.ltl result=TIMEOUT seconds=60.039
cap=60s instance=lift_pb_7_pe_.ltl result=UNKNOWN seconds=0.994
cap=60s instance=lift_pb_8_pe_.ltl result=UNKNOWN seconds=4.267
cap=60s instance=lift_pb_9_pe_.ltl result=UNKNOWN seconds=23.470
cap=60s instance=lift_unary_enc_pb_2_pe_.ltl result=UNKNOWN seconds=0.386
cap=60s instance=lift_unary_enc_pb_3_pe_.ltl result=UNKNOWN seconds=10.718
cap=60s instance=lift_unary_enc_pb_4_pe_.ltl result=UNKNOWN seconds=15.792
cap=60s instance=lift_unary_enc_pb_5_pe_.ltl result=UNKNOWN seconds=3.851
cap=60s instance=lift_unary_enc_pb_6_pe_.ltl result=TIMEOUT seconds=60.040
cap=60s instance=lift_unary_enc_pb_7_pe_.ltl result=TIMEOUT seconds=60.037
cap=60s instance=lift_wrong_physics_unreal_pb_10_pe_.ltl result=UNREALIZABLE seconds=0.949
cap=60s instance=lift_wrong_physics_unreal_pb_2_pe_.ltl result=UNKNOWN seconds=0.161
cap=60s instance=lift_wrong_physics_unreal_pb_3_pe_.ltl result=UNREALIZABLE seconds=0.028
cap=60s instance=lift_wrong_physics_unreal_pb_4_pe_.ltl result=UNREALIZABLE seconds=0.025
cap=60s instance=lift_wrong_physics_unreal_pb_5_pe_.ltl result=UNREALIZABLE seconds=0.047
cap=60s instance=lift_wrong_physics_unreal_pb_6_pe_.ltl result=UNREALIZABLE seconds=0.048
cap=60s instance=lift_wrong_physics_unreal_pb_7_pe_.ltl result=UNREALIZABLE seconds=0.081
cap=60s instance=lift_wrong_physics_unreal_pb_8_pe_.ltl result=UNREALIZABLE seconds=0.127
cap=60s instance=lift_wrong_physics_unreal_pb_9_pe_.ltl result=UNREALIZABLE seconds=0.374
cap=60s instance=lilydemo01.ltl result=UNREALIZABLE seconds=0.037
cap=60s instance=lilydemo02.ltl result=UNREALIZABLE seconds=0.036
cap=60s instance=lilydemo03.ltl result=UNKNOWN seconds=0.060
cap=60s instance=lilydemo04.ltl result=UNKNOWN seconds=0.068
cap=60s instance=lilydemo04_modified.ltl result=UNREALIZABLE seconds=0.039
cap=60s instance=lilydemo05.ltl result=UNKNOWN seconds=0.105
cap=60s instance=lilydemo06.ltl result=UNKNOWN seconds=0.100
cap=60s instance=lilydemo07.ltl result=UNKNOWN seconds=0.096
cap=60s instance=lilydemo08.ltl result=UNKNOWN seconds=0.030
cap=60s instance=lilydemo09.ltl result=UNKNOWN seconds=1.529
cap=60s instance=lilydemo10.ltl result=UNKNOWN seconds=0.024
cap=60s instance=lilydemo11.ltl result=UNREALIZABLE seconds=0.046
cap=60s instance=lilydemo12.ltl result=UNKNOWN seconds=0.032
cap=60s instance=lilydemo13.ltl result=UNKNOWN seconds=0.045
cap=60s instance=lilydemo14.ltl result=UNKNOWN seconds=0.053
cap=60s instance=lilydemo15.ltl result=UNKNOWN seconds=0.074
cap=60s instance=lilydemo16.ltl result=UNKNOWN seconds=0.605
cap=60s instance=lilydemo17.ltl result=UNKNOWN seconds=0.034
cap=60s instance=lilydemo18.ltl result=UNKNOWN seconds=0.057
cap=60s instance=lilydemo19.ltl result=UNKNOWN seconds=12.629
cap=60s instance=lilydemo20.ltl result=UNKNOWN seconds=1.135
cap=60s instance=lilydemo21.ltl result=UNKNOWN seconds=27.547
cap=60s instance=lilydemo22.ltl result=UNKNOWN seconds=0.148
cap=60s instance=lilydemo23.ltl result=UNKNOWN seconds=0.046
cap=60s instance=load_balancer_pb_10_pe_.ltl result=UNKNOWN seconds=46.243
cap=60s instance=load_balancer_pb_11_pe_.ltl result=TIMEOUT seconds=60.129
cap=60s instance=load_balancer_pb_2_pe_.ltl result=UNKNOWN seconds=0.148
cap=60s instance=load_balancer_pb_3_pe_.ltl result=UNKNOWN seconds=12.235
cap=60s instance=load_balancer_pb_4_pe_.ltl result=UNKNOWN seconds=48.926
cap=60s instance=load_balancer_pb_5_pe_.ltl result=TIMEOUT seconds=60.024
cap=60s instance=load_balancer_pb_6_pe_.ltl result=TIMEOUT seconds=60.097
cap=60s instance=load_balancer_pb_7_pe_.ltl result=UNKNOWN seconds=0.552
cap=60s instance=load_balancer_pb_8_pe_.ltl result=UNKNOWN seconds=1.913
cap=60s instance=load_balancer_pb_9_pe_.ltl result=UNKNOWN seconds=8.489
cap=60s instance=load_balancer_unreal1_pb_2_10_pe_.ltl result=UNREALIZABLE seconds=0.048
cap=60s instance=load_balancer_unreal1_pb_2_11_pe_.ltl result=UNREALIZABLE seconds=0.071
cap=60s instance=load_balancer_unreal1_pb_2_12_pe_.ltl result=UNREALIZABLE seconds=0.084
cap=60s instance=load_balancer_unreal1_pb_2_13_pe_.ltl result=UNREALIZABLE seconds=0.173
cap=60s instance=load_balancer_unreal1_pb_2_14_pe_.ltl result=UNREALIZABLE seconds=0.287
cap=60s instance=load_balancer_unreal1_pb_2_15_pe_.ltl result=UNREALIZABLE seconds=0.635
cap=60s instance=load_balancer_unreal1_pb_2_16_pe_.ltl result=UNREALIZABLE seconds=1.322
cap=60s instance=load_balancer_unreal1_pb_2_1_pe_.ltl result=UNREALIZABLE seconds=0.030
cap=60s instance=load_balancer_unreal1_pb_2_2_pe_.ltl result=UNREALIZABLE seconds=0.043
cap=60s instance=load_balancer_unreal1_pb_2_3_pe_.ltl result=UNREALIZABLE seconds=0.047
cap=60s instance=load_balancer_unreal1_pb_2_4_pe_.ltl result=UNREALIZABLE seconds=0.046
cap=60s instance=load_balancer_unreal1_pb_2_5_pe_.ltl result=UNREALIZABLE seconds=0.032
cap=60s instance=load_balancer_unreal1_pb_2_6_pe_.ltl result=UNREALIZABLE seconds=0.049
cap=60s instance=load_balancer_unreal1_pb_2_7_pe_.ltl result=UNREALIZABLE seconds=0.043
cap=60s instance=load_balancer_unreal1_pb_2_8_pe_.ltl result=UNREALIZABLE seconds=0.059
cap=60s instance=load_balancer_unreal1_pb_2_9_pe_.ltl result=UNREALIZABLE seconds=0.043
cap=60s instance=load_balancer_unreal1_pb_3_10_pe_.ltl result=UNREALIZABLE seconds=0.145
cap=60s instance=load_balancer_unreal1_pb_3_11_pe_.ltl result=UNREALIZABLE seconds=0.255
cap=60s instance=load_balancer_unreal1_pb_3_12_pe_.ltl result=UNREALIZABLE seconds=0.539
cap=60s instance=load_balancer_unreal1_pb_3_1_pe_.ltl result=UNREALIZABLE seconds=0.036
cap=60s instance=load_balancer_unreal1_pb_3_2_pe_.ltl result=UNREALIZABLE seconds=0.045
cap=60s instance=load_balancer_unreal1_pb_3_3_pe_.ltl result=UNREALIZABLE seconds=0.042
cap=60s instance=load_balancer_unreal1_pb_3_4_pe_.ltl result=UNREALIZABLE seconds=0.047
cap=60s instance=load_balancer_unreal1_pb_3_5_pe_.ltl result=UNREALIZABLE seconds=0.055
cap=60s instance=load_balancer_unreal1_pb_3_6_pe_.ltl result=UNREALIZABLE seconds=0.057
cap=60s instance=load_balancer_unreal1_pb_3_7_pe_.ltl result=UNREALIZABLE seconds=0.066
cap=60s instance=load_balancer_unreal1_pb_3_8_pe_.ltl result=UNREALIZABLE seconds=0.062
cap=60s instance=load_balancer_unreal1_pb_3_9_pe_.ltl result=UNREALIZABLE seconds=0.089
cap=60s instance=load_balancer_unreal1_pb_4_10_pe_.ltl result=TIMEOUT seconds=60.158
cap=60s instance=load_balancer_unreal1_pb_4_11_pe_.ltl result=TIMEOUT seconds=60.177
cap=60s instance=load_balancer_unreal1_pb_4_12_pe_.ltl result=TIMEOUT seconds=60.184
cap=60s instance=load_balancer_unreal1_pb_4_1_pe_.ltl result=UNREALIZABLE seconds=0.043
cap=60s instance=load_balancer_unreal1_pb_4_2_pe_.ltl result=UNREALIZABLE seconds=0.033
cap=60s instance=load_balancer_unreal1_pb_4_3_pe_.ltl result=UNREALIZABLE seconds=0.031
cap=60s instance=load_balancer_unreal1_pb_4_4_pe_.ltl result=UNREALIZABLE seconds=0.060
cap=60s instance=load_balancer_unreal1_pb_4_5_pe_.ltl result=UNREALIZABLE seconds=0.171
cap=60s instance=load_balancer_unreal1_pb_4_6_pe_.ltl result=UNREALIZABLE seconds=0.935
cap=60s instance=load_balancer_unreal1_pb_4_7_pe_.ltl result=UNREALIZABLE seconds=6.449
cap=60s instance=load_balancer_unreal1_pb_4_8_pe_.ltl result=TIMEOUT seconds=60.187
cap=60s instance=load_balancer_unreal1_pb_4_9_pe_.ltl result=TIMEOUT seconds=60.179
cap=60s instance=load_balancer_unreal1_pb_5_2_pe_.ltl result=UNREALIZABLE seconds=0.073
cap=60s instance=load_balancer_unreal1_pb_5_3_pe_.ltl result=UNREALIZABLE seconds=0.101
cap=60s instance=load_balancer_unreal1_pb_5_4_pe_.ltl result=UNREALIZABLE seconds=0.562
cap=60s instance=load_balancer_unreal1_pb_5_5_pe_.ltl result=UNREALIZABLE seconds=10.754
cap=60s instance=load_balancer_unreal1_pb_5_6_pe_.ltl result=TIMEOUT seconds=60.183
cap=60s instance=load_balancer_unreal1_pb_5_7_pe_.ltl result=TIMEOUT seconds=60.149
cap=60s instance=load_balancer_unreal1_pb_6_1_pe_.ltl result=UNREALIZABLE seconds=0.153
cap=60s instance=load_balancer_unreal1_pb_6_2_pe_.ltl result=UNREALIZABLE seconds=0.187
cap=60s instance=load_balancer_unreal1_pb_6_3_pe_.ltl result=UNREALIZABLE seconds=0.498
cap=60s instance=load_balancer_unreal1_pb_6_4_pe_.ltl result=UNREALIZABLE seconds=17.439
cap=60s instance=load_balancer_unreal1_pb_6_5_pe_.ltl result=TIMEOUT seconds=60.135
cap=60s instance=load_balancer_unreal2_pb_2_pe_.ltl result=UNKNOWN seconds=0.150
cap=60s instance=load_balancer_unreal2_pb_3_pe_.ltl result=UNREALIZABLE seconds=0.033
cap=60s instance=load_balancer_unreal2_pb_4_pe_.ltl result=UNREALIZABLE seconds=0.139
cap=60s instance=load_balancer_unreal2_pb_5_pe_.ltl result=UNREALIZABLE seconds=9.748
cap=60s instance=load_balancer_unreal2_pb_6_pe_.ltl result=TIMEOUT seconds=60.097
cap=60s instance=load_balancer_unreal2_pb_7_pe_.ltl result=TIMEOUT seconds=60.089
cap=60s instance=load_balancer_unreal2_pb_8_pe_.ltl result=TIMEOUT seconds=60.130
cap=60s instance=ltl2dba01.ltl result=UNKNOWN seconds=0.032
cap=60s instance=ltl2dba02.ltl result=UNKNOWN seconds=0.034
cap=60s instance=ltl2dba03.ltl result=UNKNOWN seconds=0.038
cap=60s instance=ltl2dba04.ltl result=UNKNOWN seconds=0.037
cap=60s instance=ltl2dba05.ltl result=UNKNOWN seconds=0.038
cap=60s instance=ltl2dba06.ltl result=UNKNOWN seconds=0.047
cap=60s instance=ltl2dba07.ltl result=UNKNOWN seconds=0.046
cap=60s instance=ltl2dba08.ltl result=UNKNOWN seconds=0.047
cap=60s instance=ltl2dba09.ltl result=UNKNOWN seconds=0.036
cap=60s instance=ltl2dba10.ltl result=UNKNOWN seconds=0.035
cap=60s instance=ltl2dba11.ltl result=UNKNOWN seconds=0.032
cap=60s instance=ltl2dba12.ltl result=UNKNOWN seconds=0.045
cap=60s instance=ltl2dba13.ltl result=UNKNOWN seconds=0.033
cap=60s instance=ltl2dba14.ltl result=UNKNOWN seconds=0.036
cap=60s instance=ltl2dba15.ltl result=UNKNOWN seconds=0.035
cap=60s instance=ltl2dba16.ltl result=UNKNOWN seconds=0.034
cap=60s instance=ltl2dba17.ltl result=UNKNOWN seconds=0.030
cap=60s instance=ltl2dba18.ltl result=UNKNOWN seconds=0.033
cap=60s instance=ltl2dba19.ltl result=UNKNOWN seconds=0.032
cap=60s instance=ltl2dba20.ltl result=UNKNOWN seconds=0.033
cap=60s instance=ltl2dba21.ltl result=UNKNOWN seconds=0.030
cap=60s instance=ltl2dba22.ltl result=UNKNOWN seconds=0.030
cap=60s instance=ltl2dba23.ltl result=UNKNOWN seconds=0.031
cap=60s instance=ltl2dba25.ltl result=UNKNOWN seconds=0.036
cap=60s instance=ltl2dba26.ltl result=UNKNOWN seconds=0.036
cap=60s instance=ltl2dba27.ltl result=UNREALIZABLE seconds=0.045
cap=60s instance=ltl2dba_C2_pb_100_pe_.ltl result=UNKNOWN seconds=0.034
cap=60s instance=ltl2dba_C2_pb_10_pe_.ltl result=UNKNOWN seconds=0.035
cap=60s instance=ltl2dba_C2_pb_12_pe_.ltl result=UNKNOWN seconds=0.051
cap=60s instance=ltl2dba_C2_pb_14_pe_.ltl result=UNKNOWN seconds=0.034
cap=60s instance=ltl2dba_C2_pb_16_pe_.ltl result=UNKNOWN seconds=0.036
cap=60s instance=ltl2dba_C2_pb_1_pe_.ltl result=UNKNOWN seconds=0.035
cap=60s instance=ltl2dba_C2_pb_25_pe_.ltl result=UNKNOWN seconds=0.023
cap=60s instance=ltl2dba_C2_pb_2_pe_.ltl result=UNKNOWN seconds=0.035
cap=60s instance=ltl2dba_C2_pb_3_pe_.ltl result=UNKNOWN seconds=0.036
cap=60s instance=ltl2dba_C2_pb_4_pe_.ltl result=UNKNOWN seconds=0.033
cap=60s instance=ltl2dba_C2_pb_50_pe_.ltl result=UNKNOWN seconds=0.036
cap=60s instance=ltl2dba_C2_pb_5_pe_.ltl result=UNKNOWN seconds=0.035
cap=60s instance=ltl2dba_C2_pb_60_pe_.ltl result=UNKNOWN seconds=0.048
cap=60s instance=ltl2dba_C2_pb_6_pe_.ltl result=UNKNOWN seconds=0.032
cap=60s instance=ltl2dba_C2_pb_70_pe_.ltl result=UNKNOWN seconds=0.033
cap=60s instance=ltl2dba_C2_pb_7_pe_.ltl result=UNKNOWN seconds=0.032
cap=60s instance=ltl2dba_C2_pb_80_pe_.ltl result=UNKNOWN seconds=0.032
cap=60s instance=ltl2dba_C2_pb_8_pe_.ltl result=UNKNOWN seconds=0.034
cap=60s instance=ltl2dba_C2_pb_9_pe_.ltl result=UNKNOWN seconds=0.035
cap=60s instance=ltl2dba_C2_unreal_pb_100_pe_.ltl result=TIMEOUT seconds=60.183
cap=60s instance=ltl2dba_C2_unreal_pb_10_pe_.ltl result=UNREALIZABLE seconds=0.108
cap=60s instance=ltl2dba_C2_unreal_pb_11_pe_.ltl result=UNREALIZABLE seconds=0.198
cap=60s instance=ltl2dba_C2_unreal_pb_12_pe_.ltl result=UNREALIZABLE seconds=0.423
cap=60s instance=ltl2dba_C2_unreal_pb_13_pe_.ltl result=UNREALIZABLE seconds=0.912
cap=60s instance=ltl2dba_C2_unreal_pb_14_pe_.ltl result=UNREALIZABLE seconds=2.214
cap=60s instance=ltl2dba_C2_unreal_pb_15_pe_.ltl result=UNREALIZABLE seconds=5.689
cap=60s instance=ltl2dba_C2_unreal_pb_16_pe_.ltl result=UNREALIZABLE seconds=13.621
cap=60s instance=ltl2dba_C2_unreal_pb_25_pe_.ltl result=TIMEOUT seconds=60.129
cap=60s instance=ltl2dba_C2_unreal_pb_2_pe_.ltl result=UNREALIZABLE seconds=0.034
cap=60s instance=ltl2dba_C2_unreal_pb_3_pe_.ltl result=UNREALIZABLE seconds=0.033
cap=60s instance=ltl2dba_C2_unreal_pb_4_pe_.ltl result=UNREALIZABLE seconds=0.036
cap=60s instance=ltl2dba_C2_unreal_pb_50_pe_.ltl result=TIMEOUT seconds=60.092
cap=60s instance=ltl2dba_C2_unreal_pb_5_pe_.ltl result=UNREALIZABLE seconds=0.041
cap=60s instance=ltl2dba_C2_unreal_pb_60_pe_.ltl result=TIMEOUT seconds=60.128
cap=60s instance=ltl2dba_C2_unreal_pb_6_pe_.ltl result=UNREALIZABLE seconds=0.038
cap=60s instance=ltl2dba_C2_unreal_pb_70_pe_.ltl result=TIMEOUT seconds=60.072
cap=60s instance=ltl2dba_C2_unreal_pb_7_pe_.ltl result=UNREALIZABLE seconds=0.041
cap=60s instance=ltl2dba_C2_unreal_pb_80_pe_.ltl result=TIMEOUT seconds=60.186
cap=60s instance=ltl2dba_C2_unreal_pb_8_pe_.ltl result=UNREALIZABLE seconds=0.043
cap=60s instance=ltl2dba_C2_unreal_pb_9_pe_.ltl result=UNREALIZABLE seconds=0.078
cap=60s instance=ltl2dba_E_pb_10_pe_.ltl result=UNKNOWN seconds=0.026
cap=60s instance=ltl2dba_E_pb_12_pe_.ltl result=UNKNOWN seconds=0.037
cap=60s instance=ltl2dba_E_pb_14_pe_.ltl result=UNKNOWN seconds=0.034
cap=60s instance=ltl2dba_E_pb_15_pe_.ltl result=UNKNOWN seconds=0.034
cap=60s instance=ltl2dba_E_pb_16_pe_.ltl result=UNKNOWN seconds=0.029
cap=60s instance=ltl2dba_E_pb_1_pe_.ltl result=UNKNOWN seconds=0.037
cap=60s instance=ltl2dba_E_pb_2_pe_.ltl result=UNKNOWN seconds=0.034
cap=60s instance=ltl2dba_E_pb_3_pe_.ltl result=UNKNOWN seconds=0.034
cap=60s instance=ltl2dba_E_pb_4_pe_.ltl result=UNKNOWN seconds=0.035
cap=60s instance=ltl2dba_E_pb_5_pe_.ltl result=UNKNOWN seconds=0.031
cap=60s instance=ltl2dba_E_pb_6_pe_.ltl result=UNKNOWN seconds=0.032
cap=60s instance=ltl2dba_E_pb_7_pe_.ltl result=UNKNOWN seconds=0.038
cap=60s instance=ltl2dba_E_pb_8_pe_.ltl result=UNKNOWN seconds=0.034
cap=60s instance=ltl2dba_E_pb_9_pe_.ltl result=UNKNOWN seconds=0.037
cap=60s instance=ltl2dba_Q_pb_100_pe_.ltl result=UNKNOWN seconds=0.034
cap=60s instance=ltl2dba_Q_pb_10_pe_.ltl result=UNKNOWN seconds=0.040
cap=60s instance=ltl2dba_Q_pb_12_pe_.ltl result=UNKNOWN seconds=0.046
cap=60s instance=ltl2dba_Q_pb_15_pe_.ltl result=UNKNOWN seconds=0.046
cap=60s instance=ltl2dba_Q_pb_18_pe_.ltl result=UNKNOWN seconds=0.035
cap=60s instance=ltl2dba_Q_pb_1_pe_.ltl result=UNKNOWN seconds=0.032
cap=60s instance=ltl2dba_Q_pb_25_pe_.ltl result=UNKNOWN seconds=0.035
cap=60s instance=ltl2dba_Q_pb_2_pe_.ltl result=UNKNOWN seconds=0.034
cap=60s instance=ltl2dba_Q_pb_3_pe_.ltl result=UNKNOWN seconds=0.047
cap=60s instance=ltl2dba_Q_pb_4_pe_.ltl result=UNKNOWN seconds=0.035
cap=60s instance=ltl2dba_Q_pb_50_pe_.ltl result=UNKNOWN seconds=0.046
cap=60s instance=ltl2dba_Q_pb_5_pe_.ltl result=UNKNOWN seconds=0.034
cap=60s instance=ltl2dba_Q_pb_6_pe_.ltl result=UNKNOWN seconds=0.035
cap=60s instance=ltl2dba_Q_pb_7_pe_.ltl result=UNKNOWN seconds=0.039
cap=60s instance=ltl2dba_Q_pb_8_pe_.ltl result=UNKNOWN seconds=0.036
cap=60s instance=ltl2dba_R_pb_10_pe_.ltl result=TIMEOUT seconds=60.097
cap=60s instance=ltl2dba_R_pb_11_pe_.ltl result=TIMEOUT seconds=60.132
cap=60s instance=ltl2dba_R_pb_12_pe_.ltl result=TIMEOUT seconds=60.129
cap=60s instance=ltl2dba_R_pb_14_pe_.ltl result=TIMEOUT seconds=60.079
cap=60s instance=ltl2dba_R_pb_1_pe_.ltl result=UNKNOWN seconds=0.028
cap=60s instance=ltl2dba_R_pb_2_pe_.ltl result=UNREALIZABLE seconds=0.034
cap=60s instance=ltl2dba_R_pb_3_pe_.ltl result=UNREALIZABLE seconds=0.033
cap=60s instance=ltl2dba_R_pb_4_pe_.ltl result=UNREALIZABLE seconds=0.053
cap=60s instance=ltl2dba_R_pb_5_pe_.ltl result=UNREALIZABLE seconds=0.091
cap=60s instance=ltl2dba_R_pb_6_pe_.ltl result=UNREALIZABLE seconds=0.513
cap=60s instance=ltl2dba_R_pb_7_pe_.ltl result=UNREALIZABLE seconds=5.386
cap=60s instance=ltl2dba_R_pb_8_pe_.ltl result=TIMEOUT seconds=60.037
cap=60s instance=ltl2dba_U1_pb_100_pe_.ltl result=UNKNOWN seconds=0.026
cap=60s instance=ltl2dba_U1_pb_10_pe_.ltl result=UNKNOWN seconds=0.025
cap=60s instance=ltl2dba_U1_pb_12_pe_.ltl result=UNKNOWN seconds=0.021
cap=60s instance=ltl2dba_U1_pb_15_pe_.ltl result=UNKNOWN seconds=0.026
cap=60s instance=ltl2dba_U1_pb_18_pe_.ltl result=UNKNOWN seconds=0.022
cap=60s instance=ltl2dba_U1_pb_1_pe_.ltl result=UNKNOWN seconds=0.023
cap=60s instance=ltl2dba_U1_pb_25_pe_.ltl result=UNKNOWN seconds=0.026
cap=60s instance=ltl2dba_U1_pb_2_pe_.ltl result=UNKNOWN seconds=0.021
cap=60s instance=ltl2dba_U1_pb_3_pe_.ltl result=UNKNOWN seconds=0.031
cap=60s instance=ltl2dba_U1_pb_4_pe_.ltl result=UNKNOWN seconds=0.025
cap=60s instance=ltl2dba_U1_pb_50_pe_.ltl result=UNKNOWN seconds=0.030
cap=60s instance=ltl2dba_U1_pb_5_pe_.ltl result=UNKNOWN seconds=0.023
cap=60s instance=ltl2dba_U1_pb_6_pe_.ltl result=UNKNOWN seconds=0.021
cap=60s instance=ltl2dba_U1_pb_7_pe_.ltl result=UNKNOWN seconds=0.022
cap=60s instance=ltl2dba_U1_pb_8_pe_.ltl result=UNKNOWN seconds=0.022
cap=60s instance=ltl2dba_U1_pb_9_pe_.ltl result=UNKNOWN seconds=0.022
cap=60s instance=ltl2dba_alpha_pb_100_pe_.ltl result=UNKNOWN seconds=0.028
cap=60s instance=ltl2dba_alpha_pb_10_pe_.ltl result=UNKNOWN seconds=0.023
cap=60s instance=ltl2dba_alpha_pb_12_pe_.ltl result=UNKNOWN seconds=0.026
cap=60s instance=ltl2dba_alpha_pb_14_pe_.ltl result=UNKNOWN seconds=0.025
cap=60s instance=ltl2dba_alpha_pb_16_pe_.ltl result=UNKNOWN seconds=0.025
cap=60s instance=ltl2dba_alpha_pb_17_pe_.ltl result=UNKNOWN seconds=0.023
cap=60s instance=ltl2dba_alpha_pb_18_pe_.ltl result=UNKNOWN seconds=0.024
cap=60s instance=ltl2dba_alpha_pb_1_pe_.ltl result=UNKNOWN seconds=0.032
cap=60s instance=ltl2dba_alpha_pb_20_pe_.ltl result=UNKNOWN seconds=0.046
cap=60s instance=ltl2dba_alpha_pb_25_pe_.ltl result=UNKNOWN seconds=0.033
cap=60s instance=ltl2dba_alpha_pb_2_pe_.ltl result=UNKNOWN seconds=0.033
cap=60s instance=ltl2dba_alpha_pb_3_pe_.ltl result=UNKNOWN seconds=0.031
cap=60s instance=ltl2dba_alpha_pb_4_pe_.ltl result=UNKNOWN seconds=0.031
cap=60s instance=ltl2dba_alpha_pb_50_pe_.ltl result=UNKNOWN seconds=0.047
cap=60s instance=ltl2dba_alpha_pb_5_pe_.ltl result=UNKNOWN seconds=0.033
cap=60s instance=ltl2dba_alpha_pb_6_pe_.ltl result=UNKNOWN seconds=0.034
cap=60s instance=ltl2dba_alpha_pb_7_pe_.ltl result=UNKNOWN seconds=0.032
cap=60s instance=ltl2dba_alpha_pb_8_pe_.ltl result=UNKNOWN seconds=0.035
cap=60s instance=ltl2dba_beta_pb_100_pe_.ltl result=UNKNOWN seconds=0.034
cap=60s instance=ltl2dba_beta_pb_10_pe_.ltl result=UNKNOWN seconds=0.032
cap=60s instance=ltl2dba_beta_pb_15_pe_.ltl result=UNKNOWN seconds=0.033
cap=60s instance=ltl2dba_beta_pb_18_pe_.ltl result=UNKNOWN seconds=0.033
cap=60s instance=ltl2dba_beta_pb_1_pe_.ltl result=UNKNOWN seconds=0.044
cap=60s instance=ltl2dba_beta_pb_20_pe_.ltl result=UNKNOWN seconds=0.047
cap=60s instance=ltl2dba_beta_pb_25_pe_.ltl result=UNKNOWN seconds=0.034
cap=60s instance=ltl2dba_beta_pb_2_pe_.ltl result=UNKNOWN seconds=0.048
cap=60s instance=ltl2dba_beta_pb_30_pe_.ltl result=UNKNOWN seconds=0.035
cap=60s instance=ltl2dba_beta_pb_3_pe_.ltl result=UNKNOWN seconds=0.029
cap=60s instance=ltl2dba_beta_pb_4_pe_.ltl result=UNKNOWN seconds=0.035
cap=60s instance=ltl2dba_beta_pb_5_pe_.ltl result=UNKNOWN seconds=0.031
cap=60s instance=ltl2dba_beta_pb_6_pe_.ltl result=UNKNOWN seconds=0.036
cap=60s instance=ltl2dba_beta_pb_7_pe_.ltl result=UNKNOWN seconds=0.033
cap=60s instance=ltl2dba_beta_pb_8_pe_.ltl result=UNKNOWN seconds=0.023
cap=60s instance=ltl2dba_theta_pb_100_pe_.ltl result=TIMEOUT seconds=60.129
cap=60s instance=ltl2dba_theta_pb_10_pe_.ltl result=UNREALIZABLE seconds=0.402
cap=60s instance=ltl2dba_theta_pb_12_pe_.ltl result=UNREALIZABLE seconds=1.880
cap=60s instance=ltl2dba_theta_pb_14_pe_.ltl result=UNREALIZABLE seconds=12.686
cap=60s instance=ltl2dba_theta_pb_16_pe_.ltl result=TIMEOUT seconds=60.078
cap=60s instance=ltl2dba_theta_pb_1_pe_.ltl result=UNREALIZABLE seconds=0.034
cap=60s instance=ltl2dba_theta_pb_25_pe_.ltl result=TIMEOUT seconds=60.129
cap=60s instance=ltl2dba_theta_pb_2_pe_.ltl result=UNREALIZABLE seconds=0.048
cap=60s instance=ltl2dba_theta_pb_300_pe_.ltl result=TIMEOUT seconds=60.129
cap=60s instance=ltl2dba_theta_pb_3_pe_.ltl result=UNREALIZABLE seconds=0.039
cap=60s instance=ltl2dba_theta_pb_4_pe_.ltl result=UNREALIZABLE seconds=0.040
cap=60s instance=ltl2dba_theta_pb_500_pe_.ltl result=TIMEOUT seconds=60.129
cap=60s instance=ltl2dba_theta_pb_50_pe_.ltl result=TIMEOUT seconds=60.075
cap=60s instance=ltl2dba_theta_pb_5_pe_.ltl result=UNREALIZABLE seconds=0.053
cap=60s instance=ltl2dba_theta_pb_6_pe_.ltl result=UNREALIZABLE seconds=0.067
cap=60s instance=ltl2dba_theta_pb_7_pe_.ltl result=UNREALIZABLE seconds=0.064
cap=60s instance=ltl2dba_theta_pb_8_pe_.ltl result=UNREALIZABLE seconds=0.105
cap=60s instance=ltl2dpa01.ltl result=UNKNOWN seconds=7.769
cap=60s instance=ltl2dpa02.ltl result=UNKNOWN seconds=0.029
cap=60s instance=ltl2dpa03.ltl result=UNKNOWN seconds=1.831
cap=60s instance=ltl2dpa04.ltl result=UNKNOWN seconds=0.032
cap=60s instance=ltl2dpa05.ltl result=UNKNOWN seconds=0.035
cap=60s instance=ltl2dpa06.ltl result=UNKNOWN seconds=0.031
cap=60s instance=ltl2dpa07.ltl result=UNKNOWN seconds=0.032
cap=60s instance=ltl2dpa08.ltl result=UNKNOWN seconds=0.023
cap=60s instance=ltl2dpa09.ltl result=UNKNOWN seconds=0.024
cap=60s instance=ltl2dpa10.ltl result=UNKNOWN seconds=8.237
cap=60s instance=ltl2dpa11.ltl result=UNKNOWN seconds=0.027
cap=60s instance=ltl2dpa12.ltl result=UNKNOWN seconds=8.735
cap=60s instance=ltl2dpa13.ltl result=UNKNOWN seconds=6.155
cap=60s instance=ltl2dpa14.ltl result=UNKNOWN seconds=36.178
cap=60s instance=ltl2dpa15.ltl result=UNKNOWN seconds=0.032
cap=60s instance=ltl2dpa16.ltl result=UNKNOWN seconds=0.038
cap=60s instance=ltl2dpa17.ltl result=UNKNOWN seconds=0.036
cap=60s instance=ltl2dpa18.ltl result=UNKNOWN seconds=0.957
cap=60s instance=ltl2dpa19.ltl result=UNKNOWN seconds=7.060
cap=60s instance=ltl2dpa20.ltl result=UNKNOWN seconds=31.319
cap=60s instance=ltl2dpa22.ltl result=UNKNOWN seconds=20.742
cap=60s instance=ltl2dpa23.ltl result=TIMEOUT seconds=60.080
cap=60s instance=ltl2dpa24.ltl result=TIMEOUT seconds=60.079
cap=60s instance=mux_pb_100_pe_.ltl result=UNKNOWN seconds=0.056
cap=60s instance=mux_pb_10_pe_.ltl result=UNKNOWN seconds=0.049
cap=60s instance=mux_pb_125_pe_.ltl result=UNKNOWN seconds=0.062
cap=60s instance=mux_pb_12_pe_.ltl result=UNKNOWN seconds=0.062
cap=60s instance=mux_pb_132_pe_.ltl result=UNKNOWN seconds=0.063
cap=60s instance=mux_pb_150_pe_.ltl result=UNKNOWN seconds=0.068
cap=60s instance=mux_pb_16_pe_.ltl result=UNKNOWN seconds=0.044
cap=60s instance=mux_pb_175_pe_.ltl result=UNKNOWN seconds=0.074
cap=60s instance=mux_pb_200_pe_.ltl result=UNKNOWN seconds=0.066
cap=60s instance=mux_pb_32_pe_.ltl result=UNKNOWN seconds=0.054
cap=60s instance=mux_pb_64_pe_.ltl result=UNKNOWN seconds=0.057
cap=60s instance=mux_pb_8_pe_.ltl result=UNKNOWN seconds=0.043
cap=60s instance=narylatch_pb_10_pe_.ltl result=UNKNOWN seconds=0.043
cap=60s instance=narylatch_pb_11_pe_.ltl result=UNKNOWN seconds=0.045
cap=60s instance=narylatch_pb_12_pe_.ltl result=UNKNOWN seconds=0.040
cap=60s instance=narylatch_pb_16_pe_.ltl result=UNKNOWN seconds=0.050
cap=60s instance=narylatch_pb_32_pe_.ltl result=UNKNOWN seconds=0.053
cap=60s instance=narylatch_pb_64_pe_.ltl result=UNKNOWN seconds=0.062
cap=60s instance=narylatch_pb_8_pe_.ltl result=UNKNOWN seconds=0.046
cap=60s instance=ordered-visits-choice-real.ltl result=UNKNOWN seconds=0.456
cap=60s instance=ordered-visits-real.ltl result=UNKNOWN seconds=1.026
cap=60s instance=package-delivery-real.ltl result=TIMEOUT seconds=60.184
cap=60s instance=patrolling-alarm0.ltl result=UNREALIZABLE seconds=0.054
cap=60s instance=patrolling-alarm1.ltl result=UNREALIZABLE seconds=0.049
cap=60s instance=patrolling-alarm10.ltl result=UNREALIZABLE seconds=0.141
cap=60s instance=patrolling-alarm11.ltl result=UNREALIZABLE seconds=0.151
cap=60s instance=patrolling-alarm12.ltl result=UNREALIZABLE seconds=0.175
cap=60s instance=patrolling-alarm13.ltl result=UNREALIZABLE seconds=0.187
cap=60s instance=patrolling-alarm14.ltl result=UNREALIZABLE seconds=0.234
cap=60s instance=patrolling-alarm15.ltl result=UNREALIZABLE seconds=0.305
cap=60s instance=patrolling-alarm16.ltl result=UNREALIZABLE seconds=0.317
cap=60s instance=patrolling-alarm17.ltl result=UNREALIZABLE seconds=0.368
cap=60s instance=patrolling-alarm18.ltl result=UNREALIZABLE seconds=0.453
cap=60s instance=patrolling-alarm19.ltl result=UNREALIZABLE seconds=0.455
cap=60s instance=patrolling-alarm2.ltl result=UNREALIZABLE seconds=0.051
cap=60s instance=patrolling-alarm20.ltl result=UNREALIZABLE seconds=0.556
cap=60s instance=patrolling-alarm21.ltl result=UNREALIZABLE seconds=0.642
cap=60s instance=patrolling-alarm22.ltl result=UNREALIZABLE seconds=0.673
cap=60s instance=patrolling-alarm23.ltl result=UNREALIZABLE seconds=0.804
cap=60s instance=patrolling-alarm24.ltl result=UNREALIZABLE seconds=0.927
cap=60s instance=patrolling-alarm25.ltl result=UNREALIZABLE seconds=0.985
cap=60s instance=patrolling-alarm26.ltl result=UNREALIZABLE seconds=1.117
cap=60s instance=patrolling-alarm3.ltl result=UNREALIZABLE seconds=0.055
cap=60s instance=patrolling-alarm4.ltl result=UNREALIZABLE seconds=0.052
cap=60s instance=patrolling-alarm5.ltl result=UNREALIZABLE seconds=0.070
cap=60s instance=patrolling-alarm6.ltl result=UNREALIZABLE seconds=0.083
cap=60s instance=patrolling-alarm7.ltl result=UNREALIZABLE seconds=0.098
cap=60s instance=patrolling-alarm8.ltl result=UNREALIZABLE seconds=0.084
cap=60s instance=patrolling-alarm9.ltl result=UNREALIZABLE seconds=0.123
cap=60s instance=patrolling0.ltl result=UNREALIZABLE seconds=0.040
cap=60s instance=patrolling1.ltl result=UNREALIZABLE seconds=0.031
cap=60s instance=patrolling10.ltl result=UNREALIZABLE seconds=0.110
cap=60s instance=patrolling11.ltl result=UNREALIZABLE seconds=0.146
cap=60s instance=patrolling12.ltl result=UNREALIZABLE seconds=0.169
cap=60s instance=patrolling13.ltl result=UNREALIZABLE seconds=0.185
cap=60s instance=patrolling14.ltl result=UNREALIZABLE seconds=0.211
cap=60s instance=patrolling15.ltl result=UNREALIZABLE seconds=0.294
cap=60s instance=patrolling16.ltl result=UNREALIZABLE seconds=0.321
cap=60s instance=patrolling17.ltl result=UNREALIZABLE seconds=0.370
cap=60s instance=patrolling18.ltl result=UNREALIZABLE seconds=0.436
cap=60s instance=patrolling19.ltl result=UNREALIZABLE seconds=0.464
cap=60s instance=patrolling2.ltl result=UNREALIZABLE seconds=0.044
cap=60s instance=patrolling20.ltl result=UNREALIZABLE seconds=0.537
cap=60s instance=patrolling21.ltl result=UNREALIZABLE seconds=0.632
cap=60s instance=patrolling22.ltl result=UNREALIZABLE seconds=0.664
cap=60s instance=patrolling23.ltl result=UNREALIZABLE seconds=0.777
cap=60s instance=patrolling24.ltl result=UNREALIZABLE seconds=0.921
cap=60s instance=patrolling25.ltl result=UNREALIZABLE seconds=0.966
cap=60s instance=patrolling3.ltl result=UNREALIZABLE seconds=0.045
cap=60s instance=patrolling4.ltl result=UNREALIZABLE seconds=0.062
cap=60s instance=patrolling5.ltl result=UNREALIZABLE seconds=0.055
cap=60s instance=patrolling6.ltl result=UNREALIZABLE seconds=0.082
cap=60s instance=patrolling7.ltl result=UNREALIZABLE seconds=0.097
cap=60s instance=patrolling8.ltl result=UNREALIZABLE seconds=0.105
cap=60s instance=patrolling9.ltl result=UNREALIZABLE seconds=0.125
cap=60s instance=precise-reachability-real.ltl result=UNKNOWN seconds=1.297
cap=60s instance=precise-reachability0.ltl result=UNREALIZABLE seconds=0.037
cap=60s instance=prioritized_arbiter_enc_pb_10_pe_.ltl result=UNKNOWN seconds=3.906
cap=60s instance=prioritized_arbiter_enc_pb_12_pe_.ltl result=UNKNOWN seconds=16.837
cap=60s instance=prioritized_arbiter_enc_pb_13_pe_.ltl result=UNKNOWN seconds=34.791
cap=60s instance=prioritized_arbiter_enc_pb_14_pe_.ltl result=TIMEOUT seconds=60.134
cap=60s instance=prioritized_arbiter_enc_pb_15_pe_.ltl result=TIMEOUT seconds=60.044
cap=60s instance=prioritized_arbiter_enc_pb_8_pe_.ltl result=UNKNOWN seconds=0.593
cap=60s instance=prioritized_arbiter_pb_10_pe_.ltl result=UNKNOWN seconds=16.891
cap=60s instance=prioritized_arbiter_pb_12_pe_.ltl result=UNKNOWN seconds=11.003
cap=60s instance=prioritized_arbiter_pb_1_pe_.ltl result=UNKNOWN seconds=2.550
cap=60s instance=prioritized_arbiter_pb_2_pe_.ltl result=UNKNOWN seconds=11.398
cap=60s instance=prioritized_arbiter_pb_3_pe_.ltl result=UNKNOWN seconds=26.910
cap=60s instance=prioritized_arbiter_pb_4_pe_.ltl result=UNKNOWN seconds=49.199
cap=60s instance=prioritized_arbiter_pb_5_pe_.ltl result=TIMEOUT seconds=60.080
cap=60s instance=prioritized_arbiter_pb_6_pe_.ltl result=UNKNOWN seconds=46.198
cap=60s instance=prioritized_arbiter_pb_7_pe_.ltl result=UNKNOWN seconds=36.210
cap=60s instance=prioritized_arbiter_pb_8_pe_.ltl result=UNKNOWN seconds=25.893
cap=60s instance=prioritized_arbiter_pb_9_pe_.ltl result=UNKNOWN seconds=21.928
cap=60s instance=prioritized_arbiter_unreal1_pb_2_10_pe_.ltl result=UNREALIZABLE seconds=0.035
cap=60s instance=prioritized_arbiter_unreal1_pb_2_11_pe_.ltl result=UNREALIZABLE seconds=0.043
cap=60s instance=prioritized_arbiter_unreal1_pb_2_12_pe_.ltl result=UNREALIZABLE seconds=0.045
cap=60s instance=prioritized_arbiter_unreal1_pb_2_13_pe_.ltl result=UNREALIZABLE seconds=0.046
cap=60s instance=prioritized_arbiter_unreal1_pb_2_14_pe_.ltl result=UNREALIZABLE seconds=0.044
cap=60s instance=prioritized_arbiter_unreal1_pb_2_15_pe_.ltl result=UNREALIZABLE seconds=0.049
cap=60s instance=prioritized_arbiter_unreal1_pb_2_16_pe_.ltl result=UNREALIZABLE seconds=0.045
cap=60s instance=prioritized_arbiter_unreal1_pb_2_1_pe_.ltl result=UNREALIZABLE seconds=0.042
cap=60s instance=prioritized_arbiter_unreal1_pb_2_2_pe_.ltl result=UNREALIZABLE seconds=0.042
cap=60s instance=prioritized_arbiter_unreal1_pb_2_3_pe_.ltl result=UNREALIZABLE seconds=0.037
cap=60s instance=prioritized_arbiter_unreal1_pb_2_4_pe_.ltl result=UNREALIZABLE seconds=0.035
cap=60s instance=prioritized_arbiter_unreal1_pb_2_5_pe_.ltl result=UNREALIZABLE seconds=0.045
cap=60s instance=prioritized_arbiter_unreal1_pb_2_6_pe_.ltl result=UNREALIZABLE seconds=0.038
cap=60s instance=prioritized_arbiter_unreal1_pb_2_7_pe_.ltl result=UNREALIZABLE seconds=0.046
cap=60s instance=prioritized_arbiter_unreal1_pb_2_8_pe_.ltl result=UNREALIZABLE seconds=0.044
cap=60s instance=prioritized_arbiter_unreal1_pb_2_9_pe_.ltl result=UNREALIZABLE seconds=0.046
cap=60s instance=prioritized_arbiter_unreal1_pb_3_10_pe_.ltl result=UNREALIZABLE seconds=0.045
cap=60s instance=prioritized_arbiter_unreal1_pb_3_11_pe_.ltl result=UNREALIZABLE seconds=0.035
cap=60s instance=prioritized_arbiter_unreal1_pb_3_12_pe_.ltl result=UNREALIZABLE seconds=0.043
cap=60s instance=prioritized_arbiter_unreal1_pb_3_13_pe_.ltl result=UNREALIZABLE seconds=0.047
cap=60s instance=prioritized_arbiter_unreal1_pb_3_14_pe_.ltl result=UNREALIZABLE seconds=0.047
cap=60s instance=prioritized_arbiter_unreal1_pb_3_15_pe_.ltl result=UNREALIZABLE seconds=0.045
cap=60s instance=prioritized_arbiter_unreal1_pb_3_16_pe_.ltl result=UNREALIZABLE seconds=0.046
cap=60s instance=prioritized_arbiter_unreal1_pb_3_1_pe_.ltl result=UNREALIZABLE seconds=0.043
cap=60s instance=prioritized_arbiter_unreal1_pb_3_2_pe_.ltl result=UNREALIZABLE seconds=0.042
cap=60s instance=prioritized_arbiter_unreal1_pb_3_3_pe_.ltl result=UNREALIZABLE seconds=0.045
cap=60s instance=prioritized_arbiter_unreal1_pb_3_4_pe_.ltl result=UNREALIZABLE seconds=0.044
cap=60s instance=prioritized_arbiter_unreal1_pb_3_5_pe_.ltl result=UNREALIZABLE seconds=0.045
cap=60s instance=prioritized_arbiter_unreal1_pb_3_6_pe_.ltl result=UNREALIZABLE seconds=0.045
cap=60s instance=prioritized_arbiter_unreal1_pb_3_7_pe_.ltl result=UNREALIZABLE seconds=0.045
cap=60s instance=prioritized_arbiter_unreal1_pb_3_8_pe_.ltl result=UNREALIZABLE seconds=0.046
cap=60s instance=prioritized_arbiter_unreal1_pb_3_9_pe_.ltl result=UNREALIZABLE seconds=0.046
cap=60s instance=prioritized_arbiter_unreal1_pb_4_10_pe_.ltl result=UNREALIZABLE seconds=0.043
cap=60s instance=prioritized_arbiter_unreal1_pb_4_11_pe_.ltl result=UNREALIZABLE seconds=0.045
cap=60s instance=prioritized_arbiter_unreal1_pb_4_12_pe_.ltl result=UNREALIZABLE seconds=0.038
cap=60s instance=prioritized_arbiter_unreal1_pb_4_13_pe_.ltl result=UNREALIZABLE seconds=0.034
cap=60s instance=prioritized_arbiter_unreal1_pb_4_14_pe_.ltl result=UNREALIZABLE seconds=0.044
cap=60s instance=prioritized_arbiter_unreal1_pb_4_15_pe_.ltl result=UNREALIZABLE seconds=0.027
cap=60s instance=prioritized_arbiter_unreal1_pb_4_16_pe_.ltl result=UNREALIZABLE seconds=0.025
cap=60s instance=prioritized_arbiter_unreal1_pb_4_1_pe_.ltl result=UNREALIZABLE seconds=0.021
cap=60s instance=prioritized_arbiter_unreal1_pb_4_2_pe_.ltl result=UNREALIZABLE seconds=0.024
cap=60s instance=prioritized_arbiter_unreal1_pb_4_3_pe_.ltl result=UNREALIZABLE seconds=0.024
cap=60s instance=prioritized_arbiter_unreal1_pb_4_4_pe_.ltl result=UNREALIZABLE seconds=0.027
cap=60s instance=prioritized_arbiter_unreal1_pb_4_5_pe_.ltl result=UNREALIZABLE seconds=0.023
cap=60s instance=prioritized_arbiter_unreal1_pb_4_6_pe_.ltl result=UNREALIZABLE seconds=0.027
cap=60s instance=prioritized_arbiter_unreal1_pb_4_7_pe_.ltl result=UNREALIZABLE seconds=0.023
cap=60s instance=prioritized_arbiter_unreal1_pb_4_8_pe_.ltl result=UNREALIZABLE seconds=0.023
cap=60s instance=prioritized_arbiter_unreal1_pb_4_9_pe_.ltl result=UNREALIZABLE seconds=0.020
cap=60s instance=prioritized_arbiter_unreal1_pb_5_16_pe_.ltl result=UNREALIZABLE seconds=0.023
cap=60s instance=prioritized_arbiter_unreal1_pb_5_2_pe_.ltl result=UNREALIZABLE seconds=0.021
cap=60s instance=prioritized_arbiter_unreal1_pb_5_32_pe_.ltl result=UNREALIZABLE seconds=0.026
cap=60s instance=prioritized_arbiter_unreal1_pb_5_4_pe_.ltl result=UNREALIZABLE seconds=0.037
cap=60s instance=prioritized_arbiter_unreal1_pb_6_16_pe_.ltl result=UNREALIZABLE seconds=0.047
cap=60s instance=prioritized_arbiter_unreal1_pb_6_2_pe_.ltl result=UNREALIZABLE seconds=0.044
cap=60s instance=prioritized_arbiter_unreal1_pb_6_32_pe_.ltl result=UNREALIZABLE seconds=0.058
cap=60s instance=prioritized_arbiter_unreal1_pb_6_4_pe_.ltl result=UNREALIZABLE seconds=0.045
cap=60s instance=prioritized_arbiter_unreal2_pb_100_pe_.ltl result=ERROR seconds=0.134
cap=60s instance=prioritized_arbiter_unreal2_pb_10_pe_.ltl result=UNREALIZABLE seconds=0.043
cap=60s instance=prioritized_arbiter_unreal2_pb_2_pe_.ltl result=UNREALIZABLE seconds=0.042
cap=60s instance=prioritized_arbiter_unreal2_pb_30_pe_.ltl result=ERROR seconds=0.060
cap=60s instance=prioritized_arbiter_unreal2_pb_3_pe_.ltl result=UNREALIZABLE seconds=0.050
cap=60s instance=prioritized_arbiter_unreal2_pb_4_pe_.ltl result=UNREALIZABLE seconds=0.047
cap=60s instance=prioritized_arbiter_unreal2_pb_5_pe_.ltl result=UNREALIZABLE seconds=0.033
cap=60s instance=prioritized_arbiter_unreal2_pb_60_pe_.ltl result=ERROR seconds=0.067
cap=60s instance=prioritized_arbiter_unreal2_pb_6_pe_.ltl result=UNREALIZABLE seconds=0.038
cap=60s instance=prioritized_arbiter_unreal2_pb_7_pe_.ltl result=UNREALIZABLE seconds=0.049
cap=60s instance=prioritized_arbiter_unreal2_pb_8_pe_.ltl result=UNREALIZABLE seconds=0.041
cap=60s instance=reversible-lane-r-real.ltl result=TIMEOUT seconds=60.080
cap=60s instance=reversible-lane-u-unreal.ltl result=UNREALIZABLE seconds=2.419
cap=60s instance=reversible-lane-u0.ltl result=UNREALIZABLE seconds=1.551
cap=60s instance=reversible-lane-u1.ltl result=UNREALIZABLE seconds=2.351
cap=60s instance=robot-cat-real-1d-real.ltl result=TIMEOUT seconds=60.080
cap=60s instance=robot-cat-real-2d-real.ltl result=TIMEOUT seconds=60.136
cap=60s instance=robot-cat-unreal-1d-unreal.ltl result=UNREALIZABLE seconds=0.212
cap=60s instance=robot-cat-unreal-2d-unreal.ltl result=TIMEOUT seconds=60.136
cap=60s instance=robot-grid-commute-1d-real.ltl result=TIMEOUT seconds=60.025
cap=60s instance=robot-grid-commute-2d-real.ltl result=TIMEOUT seconds=60.329
cap=60s instance=robot-grid-reach-1d-real.ltl result=UNKNOWN seconds=0.520
cap=60s instance=robot-grid-reach-2d-real.ltl result=TIMEOUT seconds=60.033
cap=60s instance=robot-grid-reach-repeated-with-obstacles-1d-real.ltl result=TIMEOUT seconds=60.080
cap=60s instance=robot-grid-reach-repeated-with-obstacles-2d-real.ltl result=TIMEOUT seconds=60.080
cap=60s instance=robot-grid-reach-repeated-with-obstacles-6d-real.ltl result=TIMEOUT seconds=60.144
cap=60s instance=robot-resource-1d-unreal.ltl result=UNREALIZABLE seconds=0.739
cap=60s instance=robot-resource-1d0.ltl result=UNREALIZABLE seconds=0.047
cap=60s instance=robot-resource-1d1.ltl result=UNREALIZABLE seconds=0.117
cap=60s instance=robot-resource-2d0.ltl result=UNREALIZABLE seconds=0.944
cap=60s instance=robot-resource-2d1.ltl result=UNREALIZABLE seconds=2.488
cap=60s instance=robot-resource-2d10.ltl result=UNREALIZABLE seconds=56.732
cap=60s instance=robot-resource-2d11.ltl result=UNREALIZABLE seconds=58.019
cap=60s instance=robot-resource-2d12.ltl result=TIMEOUT seconds=60.128
cap=60s instance=robot-resource-2d13.ltl result=TIMEOUT seconds=60.188
cap=60s instance=robot-resource-2d14.ltl result=TIMEOUT seconds=60.189
cap=60s instance=robot-resource-2d15.ltl result=TIMEOUT seconds=60.175
cap=60s instance=robot-resource-2d16.ltl result=TIMEOUT seconds=60.183
cap=60s instance=robot-resource-2d17.ltl result=TIMEOUT seconds=60.234
cap=60s instance=robot-resource-2d18.ltl result=TIMEOUT seconds=60.234
cap=60s instance=robot-resource-2d19.ltl result=TIMEOUT seconds=60.236
cap=60s instance=robot-resource-2d2.ltl result=UNREALIZABLE seconds=7.362
cap=60s instance=robot-resource-2d20.ltl result=TIMEOUT seconds=60.229
cap=60s instance=robot-resource-2d21.ltl result=TIMEOUT seconds=60.229
cap=60s instance=robot-resource-2d22.ltl result=TIMEOUT seconds=60.234
cap=60s instance=robot-resource-2d23.ltl result=TIMEOUT seconds=60.232
cap=60s instance=robot-resource-2d3.ltl result=UNREALIZABLE seconds=7.705
cap=60s instance=robot-resource-2d4.ltl result=UNREALIZABLE seconds=20.278
cap=60s instance=robot-resource-2d5.ltl result=UNREALIZABLE seconds=21.136
cap=60s instance=robot-resource-2d6.ltl result=UNREALIZABLE seconds=24.184
cap=60s instance=robot-resource-2d7.ltl result=UNREALIZABLE seconds=24.977
cap=60s instance=robot-resource-2d8.ltl result=UNREALIZABLE seconds=54.644
cap=60s instance=robot-resource-2d9.ltl result=UNREALIZABLE seconds=55.533
cap=60s instance=robot-tasks-real.ltl result=UNKNOWN seconds=0.070
cap=60s instance=robot-to-target-charging-real.ltl result=TIMEOUT seconds=60.082
cap=60s instance=robot-to-target-charging-unreal0.ltl result=TIMEOUT seconds=60.097
cap=60s instance=robot-to-target-charging-unreal1.ltl result=TIMEOUT seconds=60.134
cap=60s instance=robot-to-target-charging-unreal2.ltl result=TIMEOUT seconds=60.092
cap=60s instance=robot-to-target-charging-unreal3.ltl result=TIMEOUT seconds=60.083
cap=60s instance=robot-to-target-charging-unreal4.ltl result=TIMEOUT seconds=60.187
cap=60s instance=robot-to-target-charging-unreal5.ltl result=TIMEOUT seconds=60.189
cap=60s instance=robot-to-target-charging-unreal6.ltl result=TIMEOUT seconds=60.184
cap=60s instance=robot-to-target-charging-unreal7.ltl result=TIMEOUT seconds=60.182
cap=60s instance=robot-to-target-charging-unreal8.ltl result=TIMEOUT seconds=60.188
cap=60s instance=robot-to-target-charging0.ltl result=UNREALIZABLE seconds=7.056
cap=60s instance=robot-to-target-charging1.ltl result=UNREALIZABLE seconds=16.708
cap=60s instance=robot-to-target-charging10.ltl result=TIMEOUT seconds=60.184
cap=60s instance=robot-to-target-charging11.ltl result=TIMEOUT seconds=60.153
cap=60s instance=robot-to-target-charging12.ltl result=TIMEOUT seconds=60.186
cap=60s instance=robot-to-target-charging13.ltl result=TIMEOUT seconds=60.188
cap=60s instance=robot-to-target-charging14.ltl result=TIMEOUT seconds=60.129
cap=60s instance=robot-to-target-charging15.ltl result=TIMEOUT seconds=60.097
cap=60s instance=robot-to-target-charging16.ltl result=TIMEOUT seconds=60.096
cap=60s instance=robot-to-target-charging17.ltl result=TIMEOUT seconds=60.046
cap=60s instance=robot-to-target-charging18.ltl result=TIMEOUT seconds=60.133
cap=60s instance=robot-to-target-charging19.ltl result=TIMEOUT seconds=60.137
cap=60s instance=robot-to-target-charging2.ltl result=UNREALIZABLE seconds=30.523
cap=60s instance=robot-to-target-charging20.ltl result=TIMEOUT seconds=60.137
cap=60s instance=robot-to-target-charging21.ltl result=TIMEOUT seconds=60.096
cap=60s instance=robot-to-target-charging22.ltl result=TIMEOUT seconds=60.136
cap=60s instance=robot-to-target-charging23.ltl result=TIMEOUT seconds=60.137
cap=60s instance=robot-to-target-charging24.ltl result=TIMEOUT seconds=60.135
cap=60s instance=robot-to-target-charging25.ltl result=TIMEOUT seconds=60.092
cap=60s instance=robot-to-target-charging3.ltl result=TIMEOUT seconds=60.234
cap=60s instance=robot-to-target-charging4.ltl result=TIMEOUT seconds=60.209
cap=60s instance=robot-to-target-charging5.ltl result=TIMEOUT seconds=60.220
cap=60s instance=robot-to-target-charging6.ltl result=TIMEOUT seconds=60.238
cap=60s instance=robot-to-target-charging7.ltl result=TIMEOUT seconds=60.185
cap=60s instance=robot-to-target-charging8.ltl result=TIMEOUT seconds=60.189
cap=60s instance=robot-to-target-charging9.ltl result=TIMEOUT seconds=60.187
cap=60s instance=robot-to-target-unreal0.ltl result=TIMEOUT seconds=60.183
cap=60s instance=robot-to-target0.ltl result=TIMEOUT seconds=60.129
cap=60s instance=robot_analyze_samples_v1-real.ltl result=TIMEOUT seconds=60.283
cap=60s instance=robot_collect_samples_v1-real.ltl result=TIMEOUT seconds=60.234
cap=60s instance=robot_collect_samples_v2-real.ltl result=TIMEOUT seconds=60.129
cap=60s instance=robot_collect_samples_v3-real.ltl result=TIMEOUT seconds=60.187
cap=60s instance=robot_collect_samples_v4-real.ltl result=TIMEOUT seconds=60.179
cap=60s instance=robot_deliver_products_1-real.ltl result=TIMEOUT seconds=60.184
cap=60s instance=robot_deliver_products_20.ltl result=TIMEOUT seconds=60.187
cap=60s instance=robot_deliver_products_30.ltl result=TIMEOUT seconds=60.128
cap=60s instance=robot_deliver_products_40.ltl result=TIMEOUT seconds=60.128
cap=60s instance=robot_deliver_products_50.ltl result=TIMEOUT seconds=60.107
cap=60s instance=robot_grid_pb_2_2_pe_.ltl result=TIMEOUT seconds=60.039
cap=60s instance=robot_grid_pb_3_3_pe_.ltl result=UNKNOWN seconds=19.088
cap=60s instance=robot_grid_pb_4_4_pe_.ltl result=TIMEOUT seconds=60.096
cap=60s instance=robot_grid_pb_5_1_pe_.ltl result=TIMEOUT seconds=60.048
cap=60s instance=robot_grid_pb_5_5_pe_.ltl result=TIMEOUT seconds=60.132
cap=60s instance=robot_grid_pb_6_1_pe_.ltl result=TIMEOUT seconds=60.097
cap=60s instance=robot_grid_pb_6_6_pe_.ltl result=TIMEOUT seconds=60.077
cap=60s instance=robot_grid_pb_7_7_pe_.ltl result=TIMEOUT seconds=60.085
cap=60s instance=robot_grid_pb_8_8_pe_.ltl result=ERROR seconds=0.098
cap=60s instance=robot_repair0.ltl result=TIMEOUT seconds=60.079
cap=60s instance=robot_repair1.ltl result=TIMEOUT seconds=60.182
cap=60s instance=robot_repair2.ltl result=TIMEOUT seconds=60.188
cap=60s instance=robot_repair3.ltl result=TIMEOUT seconds=60.187
cap=60s instance=robot_repair4.ltl result=TIMEOUT seconds=60.183
cap=60s instance=robot_repair5.ltl result=TIMEOUT seconds=60.179
cap=60s instance=robot_running-real.ltl result=TIMEOUT seconds=60.186
cap=60s instance=round_robin_arbiter_pb_10_pe_.ltl result=UNKNOWN seconds=38.068
cap=60s instance=round_robin_arbiter_pb_2_pe_.ltl result=UNKNOWN seconds=2.539
cap=60s instance=round_robin_arbiter_pb_3_pe_.ltl result=UNKNOWN seconds=1.151
cap=60s instance=round_robin_arbiter_pb_4_pe_.ltl result=UNKNOWN seconds=0.635
cap=60s instance=round_robin_arbiter_pb_5_pe_.ltl result=UNKNOWN seconds=1.154
cap=60s instance=round_robin_arbiter_pb_6_pe_.ltl result=UNKNOWN seconds=5.724
cap=60s instance=round_robin_arbiter_pb_7_pe_.ltl result=UNKNOWN seconds=40.833
cap=60s instance=round_robin_arbiter_pb_8_pe_.ltl result=UNKNOWN seconds=1.208
cap=60s instance=round_robin_arbiter_unreal1_pb_2_10_pe_.ltl result=UNREALIZABLE seconds=0.042
cap=60s instance=round_robin_arbiter_unreal1_pb_2_11_pe_.ltl result=UNREALIZABLE seconds=0.075
cap=60s instance=round_robin_arbiter_unreal1_pb_2_12_pe_.ltl result=UNREALIZABLE seconds=0.126
cap=60s instance=round_robin_arbiter_unreal1_pb_2_13_pe_.ltl result=UNREALIZABLE seconds=0.254
cap=60s instance=round_robin_arbiter_unreal1_pb_2_14_pe_.ltl result=UNREALIZABLE seconds=0.482
cap=60s instance=round_robin_arbiter_unreal1_pb_2_15_pe_.ltl result=UNREALIZABLE seconds=1.056
cap=60s instance=round_robin_arbiter_unreal1_pb_2_16_pe_.ltl result=UNREALIZABLE seconds=2.234
cap=60s instance=round_robin_arbiter_unreal1_pb_2_1_pe_.ltl result=UNREALIZABLE seconds=0.036
cap=60s instance=round_robin_arbiter_unreal1_pb_2_2_pe_.ltl result=UNREALIZABLE seconds=0.035
cap=60s instance=round_robin_arbiter_unreal1_pb_2_3_pe_.ltl result=UNREALIZABLE seconds=0.034
cap=60s instance=round_robin_arbiter_unreal1_pb_2_4_pe_.ltl result=UNREALIZABLE seconds=0.041
cap=60s instance=round_robin_arbiter_unreal1_pb_2_5_pe_.ltl result=UNREALIZABLE seconds=0.043
cap=60s instance=round_robin_arbiter_unreal1_pb_2_6_pe_.ltl result=UNREALIZABLE seconds=0.046
cap=60s instance=round_robin_arbiter_unreal1_pb_2_7_pe_.ltl result=UNREALIZABLE seconds=0.043
cap=60s instance=round_robin_arbiter_unreal1_pb_2_8_pe_.ltl result=UNREALIZABLE seconds=0.032
cap=60s instance=round_robin_arbiter_unreal1_pb_2_9_pe_.ltl result=UNREALIZABLE seconds=0.033
cap=60s instance=round_robin_arbiter_unreal1_pb_3_10_pe_.ltl result=TIMEOUT seconds=60.183
cap=60s instance=round_robin_arbiter_unreal1_pb_3_11_pe_.ltl result=TIMEOUT seconds=60.186
cap=60s instance=round_robin_arbiter_unreal1_pb_3_12_pe_.ltl result=TIMEOUT seconds=60.188
cap=60s instance=round_robin_arbiter_unreal1_pb_3_13_pe_.ltl result=TIMEOUT seconds=60.186
cap=60s instance=round_robin_arbiter_unreal1_pb_3_14_pe_.ltl result=TIMEOUT seconds=60.186
cap=60s instance=round_robin_arbiter_unreal1_pb_3_15_pe_.ltl result=TIMEOUT seconds=60.152
cap=60s instance=round_robin_arbiter_unreal1_pb_3_16_pe_.ltl result=TIMEOUT seconds=60.187
cap=60s instance=round_robin_arbiter_unreal1_pb_3_1_pe_.ltl result=UNREALIZABLE seconds=0.047
cap=60s instance=round_robin_arbiter_unreal1_pb_3_20_pe_.ltl result=TIMEOUT seconds=60.179
cap=60s instance=round_robin_arbiter_unreal1_pb_3_22_pe_.ltl result=TIMEOUT seconds=60.187
cap=60s instance=round_robin_arbiter_unreal1_pb_3_2_pe_.ltl result=UNREALIZABLE seconds=0.045
cap=60s instance=round_robin_arbiter_unreal1_pb_3_3_pe_.ltl result=UNREALIZABLE seconds=0.046
cap=60s instance=round_robin_arbiter_unreal1_pb_3_4_pe_.ltl result=UNREALIZABLE seconds=0.048
cap=60s instance=round_robin_arbiter_unreal1_pb_3_50_pe_.ltl result=TIMEOUT seconds=60.186
cap=60s instance=round_robin_arbiter_unreal1_pb_3_5_pe_.ltl result=UNREALIZABLE seconds=0.171
cap=60s instance=round_robin_arbiter_unreal1_pb_3_6_pe_.ltl result=UNREALIZABLE seconds=0.830
cap=60s instance=round_robin_arbiter_unreal1_pb_3_7_pe_.ltl result=UNREALIZABLE seconds=5.643
cap=60s instance=round_robin_arbiter_unreal1_pb_3_8_pe_.ltl result=UNREALIZABLE seconds=40.209
cap=60s instance=round_robin_arbiter_unreal1_pb_3_9_pe_.ltl result=TIMEOUT seconds=60.168
cap=60s instance=round_robin_arbiter_unreal1_pb_4_10_pe_.ltl result=TIMEOUT seconds=60.178
cap=60s instance=round_robin_arbiter_unreal1_pb_4_11_pe_.ltl result=TIMEOUT seconds=60.185
cap=60s instance=round_robin_arbiter_unreal1_pb_4_12_pe_.ltl result=TIMEOUT seconds=60.185
cap=60s instance=round_robin_arbiter_unreal1_pb_4_13_pe_.ltl result=TIMEOUT seconds=60.186
cap=60s instance=round_robin_arbiter_unreal1_pb_4_14_pe_.ltl result=TIMEOUT seconds=60.139
cap=60s instance=round_robin_arbiter_unreal1_pb_4_15_pe_.ltl result=TIMEOUT seconds=60.183
cap=60s instance=round_robin_arbiter_unreal1_pb_4_1_pe_.ltl result=UNREALIZABLE seconds=0.066
cap=60s instance=round_robin_arbiter_unreal1_pb_4_2_pe_.ltl result=UNREALIZABLE seconds=0.080
cap=60s instance=round_robin_arbiter_unreal1_pb_4_3_pe_.ltl result=UNREALIZABLE seconds=0.147
cap=60s instance=round_robin_arbiter_unreal1_pb_4_4_pe_.ltl result=UNREALIZABLE seconds=1.239
cap=60s instance=round_robin_arbiter_unreal1_pb_4_5_pe_.ltl result=UNREALIZABLE seconds=22.771
cap=60s instance=round_robin_arbiter_unreal1_pb_4_6_pe_.ltl result=TIMEOUT seconds=60.134
cap=60s instance=round_robin_arbiter_unreal1_pb_4_7_pe_.ltl result=TIMEOUT seconds=60.130
cap=60s instance=round_robin_arbiter_unreal1_pb_4_8_pe_.ltl result=TIMEOUT seconds=60.136
cap=60s instance=round_robin_arbiter_unreal1_pb_4_9_pe_.ltl result=TIMEOUT seconds=60.183
cap=60s instance=round_robin_arbiter_unreal2_pb_2_pe_.ltl result=UNREALIZABLE seconds=0.046
cap=60s instance=round_robin_arbiter_unreal2_pb_3_pe_.ltl result=UNREALIZABLE seconds=0.055
cap=60s instance=round_robin_arbiter_unreal2_pb_4_pe_.ltl result=UNREALIZABLE seconds=1.702
cap=60s instance=round_robin_arbiter_unreal2_pb_5_pe_.ltl result=TIMEOUT seconds=60.073
cap=60s instance=round_robin_arbiter_unreal2_pb_6_pe_.ltl result=TIMEOUT seconds=60.139
cap=60s instance=round_robin_arbiter_unreal2_pb_7_pe_.ltl result=TIMEOUT seconds=60.130
cap=60s instance=rw_arbiter_pb_1_pe_.ltl result=UNKNOWN seconds=0.094
cap=60s instance=rw_arbiter_pb_2_pe_.ltl result=UNKNOWN seconds=31.922
cap=60s instance=rw_arbiter_pb_3_pe_.ltl result=UNKNOWN seconds=0.970
cap=60s instance=rw_arbiter_pb_4_pe_.ltl result=TIMEOUT seconds=60.129
cap=60s instance=rw_arbiter_pb_5_pe_.ltl result=TIMEOUT seconds=60.041
cap=60s instance=scheduler-real.ltl result=TIMEOUT seconds=60.096
cap=60s instance=shift_pb_100_pe_.ltl result=UNKNOWN seconds=2.739
cap=60s instance=shift_pb_10_pe_.ltl result=UNKNOWN seconds=0.060
cap=60s instance=shift_pb_125_pe_.ltl result=UNKNOWN seconds=2.909
cap=60s instance=shift_pb_12_pe_.ltl result=UNKNOWN seconds=0.062
cap=60s instance=shift_pb_132_pe_.ltl result=UNKNOWN seconds=2.690
cap=60s instance=shift_pb_16_pe_.ltl result=UNKNOWN seconds=0.175
cap=60s instance=shift_pb_250_pe_.ltl result=UNKNOWN seconds=2.701
cap=60s instance=shift_pb_32_pe_.ltl result=UNKNOWN seconds=2.695
cap=60s instance=shift_pb_500_pe_.ltl result=UNKNOWN seconds=2.710
cap=60s instance=shift_pb_64_pe_.ltl result=UNKNOWN seconds=2.734
cap=60s instance=shift_pb_8_pe_.ltl result=UNKNOWN seconds=0.048
cap=60s instance=simple_arbiter_enc_pb_10_pe_.ltl result=UNKNOWN seconds=5.316
cap=60s instance=simple_arbiter_enc_pb_11_pe_.ltl result=UNKNOWN seconds=11.721
cap=60s instance=simple_arbiter_enc_pb_12_pe_.ltl result=UNKNOWN seconds=25.557
cap=60s instance=simple_arbiter_enc_pb_13_pe_.ltl result=UNKNOWN seconds=55.855
cap=60s instance=simple_arbiter_enc_pb_14_pe_.ltl result=TIMEOUT seconds=60.096
cap=60s instance=simple_arbiter_enc_pb_15_pe_.ltl result=TIMEOUT seconds=60.059
cap=60s instance=simple_arbiter_enc_pb_16_pe_.ltl result=TIMEOUT seconds=60.085
cap=60s instance=simple_arbiter_enc_pb_32_pe_.ltl result=TIMEOUT seconds=60.128
cap=60s instance=simple_arbiter_enc_pb_8_pe_.ltl result=UNKNOWN seconds=0.350
cap=60s instance=simple_arbiter_unreal1_pb_16_1_pe_.ltl result=UNREALIZABLE seconds=0.041
cap=60s instance=simple_arbiter_unreal1_pb_16_2_pe_.ltl result=UNREALIZABLE seconds=0.052
cap=60s instance=simple_arbiter_unreal1_pb_16_3_pe_.ltl result=UNREALIZABLE seconds=0.062
cap=60s instance=simple_arbiter_unreal1_pb_16_4_pe_.ltl result=UNREALIZABLE seconds=0.054
cap=60s instance=simple_arbiter_unreal1_pb_16_5_pe_.ltl result=UNREALIZABLE seconds=0.054
cap=60s instance=simple_arbiter_unreal1_pb_2_10_pe_.ltl result=UNREALIZABLE seconds=0.033
cap=60s instance=simple_arbiter_unreal1_pb_2_12_pe_.ltl result=UNREALIZABLE seconds=0.036
cap=60s instance=simple_arbiter_unreal1_pb_2_1_pe_.ltl result=UNREALIZABLE seconds=0.033
cap=60s instance=simple_arbiter_unreal1_pb_2_2_pe_.ltl result=UNREALIZABLE seconds=0.037
cap=60s instance=simple_arbiter_unreal1_pb_2_3_pe_.ltl result=UNREALIZABLE seconds=0.034
cap=60s instance=simple_arbiter_unreal1_pb_2_4_pe_.ltl result=UNREALIZABLE seconds=0.041
cap=60s instance=simple_arbiter_unreal1_pb_2_5_pe_.ltl result=UNREALIZABLE seconds=0.036
cap=60s instance=simple_arbiter_unreal1_pb_2_6_pe_.ltl result=UNREALIZABLE seconds=0.037
cap=60s instance=simple_arbiter_unreal1_pb_2_7_pe_.ltl result=UNREALIZABLE seconds=0.038
cap=60s instance=simple_arbiter_unreal1_pb_2_8_pe_.ltl result=UNREALIZABLE seconds=0.037
cap=60s instance=simple_arbiter_unreal1_pb_2_9_pe_.ltl result=UNREALIZABLE seconds=0.032
cap=60s instance=simple_arbiter_unreal1_pb_3_11_pe_.ltl result=UNREALIZABLE seconds=0.033
cap=60s instance=simple_arbiter_unreal1_pb_3_1_pe_.ltl result=UNREALIZABLE seconds=0.032
cap=60s instance=simple_arbiter_unreal1_pb_3_2_pe_.ltl result=UNREALIZABLE seconds=0.038
cap=60s instance=simple_arbiter_unreal1_pb_3_3_pe_.ltl result=UNREALIZABLE seconds=0.036
cap=60s instance=simple_arbiter_unreal1_pb_3_4_pe_.ltl result=UNREALIZABLE seconds=0.035
cap=60s instance=simple_arbiter_unreal1_pb_3_5_pe_.ltl result=UNREALIZABLE seconds=0.032
cap=60s instance=simple_arbiter_unreal1_pb_3_6_pe_.ltl result=UNREALIZABLE seconds=0.040
cap=60s instance=simple_arbiter_unreal1_pb_3_7_pe_.ltl result=UNREALIZABLE seconds=0.036
cap=60s instance=simple_arbiter_unreal1_pb_3_8_pe_.ltl result=UNREALIZABLE seconds=0.033
cap=60s instance=simple_arbiter_unreal1_pb_3_9_pe_.ltl result=UNREALIZABLE seconds=0.033
cap=60s instance=simple_arbiter_unreal1_pb_4_10_pe_.ltl result=UNREALIZABLE seconds=0.025
cap=60s instance=simple_arbiter_unreal1_pb_4_12_pe_.ltl result=UNREALIZABLE seconds=0.024
cap=60s instance=simple_arbiter_unreal1_pb_4_1_pe_.ltl result=UNREALIZABLE seconds=0.025
cap=60s instance=simple_arbiter_unreal1_pb_4_2_pe_.ltl result=UNREALIZABLE seconds=0.024
cap=60s instance=simple_arbiter_unreal1_pb_4_3_pe_.ltl result=UNREALIZABLE seconds=0.024
cap=60s instance=simple_arbiter_unreal1_pb_4_4_pe_.ltl result=UNREALIZABLE seconds=0.025
cap=60s instance=simple_arbiter_unreal1_pb_4_5_pe_.ltl result=UNREALIZABLE seconds=0.027
cap=60s instance=simple_arbiter_unreal1_pb_4_6_pe_.ltl result=UNREALIZABLE seconds=0.033
cap=60s instance=simple_arbiter_unreal1_pb_4_7_pe_.ltl result=UNREALIZABLE seconds=0.025
cap=60s instance=simple_arbiter_unreal1_pb_4_8_pe_.ltl result=UNREALIZABLE seconds=0.027
cap=60s instance=simple_arbiter_unreal1_pb_4_9_pe_.ltl result=UNREALIZABLE seconds=0.029
cap=60s instance=simple_arbiter_unreal1_pb_5_10_pe_.ltl result=UNREALIZABLE seconds=0.031
cap=60s instance=simple_arbiter_unreal1_pb_5_1_pe_.ltl result=UNREALIZABLE seconds=0.029
cap=60s instance=simple_arbiter_unreal1_pb_5_2_pe_.ltl result=UNREALIZABLE seconds=0.033
cap=60s instance=simple_arbiter_unreal1_pb_5_3_pe_.ltl result=UNREALIZABLE seconds=0.026
cap=60s instance=simple_arbiter_unreal1_pb_5_4_pe_.ltl result=UNREALIZABLE seconds=0.026
cap=60s instance=simple_arbiter_unreal1_pb_5_5_pe_.ltl result=UNREALIZABLE seconds=0.030
cap=60s instance=simple_arbiter_unreal1_pb_5_6_pe_.ltl result=UNREALIZABLE seconds=0.027
cap=60s instance=simple_arbiter_unreal1_pb_5_7_pe_.ltl result=UNREALIZABLE seconds=0.028
cap=60s instance=simple_arbiter_unreal1_pb_5_8_pe_.ltl result=UNREALIZABLE seconds=0.035
cap=60s instance=simple_arbiter_unreal1_pb_5_9_pe_.ltl result=UNREALIZABLE seconds=0.040
cap=60s instance=simple_arbiter_unreal1_pb_6_1_pe_.ltl result=UNREALIZABLE seconds=0.041
cap=60s instance=simple_arbiter_unreal1_pb_6_2_pe_.ltl result=UNREALIZABLE seconds=0.039
cap=60s instance=simple_arbiter_unreal1_pb_6_3_pe_.ltl result=UNREALIZABLE seconds=0.043
cap=60s instance=simple_arbiter_unreal1_pb_6_4_pe_.ltl result=UNREALIZABLE seconds=0.049
cap=60s instance=simple_arbiter_unreal1_pb_6_5_pe_.ltl result=UNREALIZABLE seconds=0.036
cap=60s instance=simple_arbiter_unreal1_pb_8_8_pe_.ltl result=UNREALIZABLE seconds=0.034
cap=60s instance=simple_arbiter_unreal2_pb_10_pe_.ltl result=UNREALIZABLE seconds=0.054
cap=60s instance=simple_arbiter_unreal2_pb_25_pe_.ltl result=UNREALIZABLE seconds=0.055
cap=60s instance=simple_arbiter_unreal2_pb_2_pe_.ltl result=UNREALIZABLE seconds=0.036
cap=60s instance=simple_arbiter_unreal2_pb_3_pe_.ltl result=UNREALIZABLE seconds=0.035
cap=60s instance=simple_arbiter_unreal2_pb_4_pe_.ltl result=UNREALIZABLE seconds=0.035
cap=60s instance=simple_arbiter_unreal2_pb_50_pe_.ltl result=UNREALIZABLE seconds=0.060
cap=60s instance=simple_arbiter_unreal2_pb_5_pe_.ltl result=UNREALIZABLE seconds=0.036
cap=60s instance=simple_arbiter_unreal2_pb_60_pe_.ltl result=UNREALIZABLE seconds=0.061
cap=60s instance=simple_arbiter_unreal2_pb_6_pe_.ltl result=UNREALIZABLE seconds=0.036
cap=60s instance=simple_arbiter_unreal2_pb_75_pe_.ltl result=UNREALIZABLE seconds=0.077
cap=60s instance=simple_arbiter_unreal2_pb_7_pe_.ltl result=UNREALIZABLE seconds=0.036
cap=60s instance=simple_arbiter_unreal2_pb_8_pe_.ltl result=UNREALIZABLE seconds=0.055
cap=60s instance=simple_arbiter_with_hints_pb_10_pe_.ltl result=UNKNOWN seconds=3.944
cap=60s instance=simple_arbiter_with_hints_pb_12_pe_.ltl result=TIMEOUT seconds=60.185
cap=60s instance=simple_arbiter_with_hints_pb_15_pe_.ltl result=TIMEOUT seconds=60.080
cap=60s instance=simple_arbiter_with_hints_pb_2_pe_.ltl result=UNKNOWN seconds=0.049
cap=60s instance=simple_arbiter_with_hints_pb_4_pe_.ltl result=UNKNOWN seconds=1.800
cap=60s instance=simple_arbiter_with_hints_pb_6_pe_.ltl result=TIMEOUT seconds=60.080
cap=60s instance=simple_arbiter_with_hints_pb_8_pe_.ltl result=UNKNOWN seconds=0.397
cap=60s instance=solitary-real.ltl result=UNKNOWN seconds=0.114
cap=60s instance=solitary0.ltl result=UNREALIZABLE seconds=0.026
cap=60s instance=sort4-real.ltl result=TIMEOUT seconds=60.229
cap=60s instance=sort40.ltl result=TIMEOUT seconds=60.080
cap=60s instance=sort41.ltl result=TIMEOUT seconds=60.022
cap=60s instance=sort42.ltl result=TIMEOUT seconds=60.131
cap=60s instance=sort50.ltl result=TIMEOUT seconds=60.086
cap=60s instance=sort51.ltl result=TIMEOUT seconds=60.233
cap=60s instance=sort52.ltl result=TIMEOUT seconds=60.133
cap=60s instance=sort53.ltl result=TIMEOUT seconds=60.187
cap=60s instance=square5x5-real.ltl result=TIMEOUT seconds=60.043
cap=60s instance=square5x50.ltl result=UNREALIZABLE seconds=4.983
cap=60s instance=square5x51.ltl result=UNREALIZABLE seconds=12.172
cap=60s instance=square5x52.ltl result=UNREALIZABLE seconds=8.619
cap=60s instance=square5x53.ltl result=UNREALIZABLE seconds=27.928
cap=60s instance=square5x54.ltl result=UNREALIZABLE seconds=32.909
cap=60s instance=storage-GF-64-real.ltl result=UNKNOWN seconds=10.676
cap=60s instance=tasks-real.ltl result=TIMEOUT seconds=60.080
cap=60s instance=tasks-unreal0.ltl result=TIMEOUT seconds=60.096
cap=60s instance=tasks-unreal1.ltl result=TIMEOUT seconds=60.129
cap=60s instance=tasks-unreal2.ltl result=TIMEOUT seconds=60.132
cap=60s instance=taxi-service-real.ltl result=TIMEOUT seconds=60.080
cap=60s instance=taxi-service-u-unreal.ltl result=UNREALIZABLE seconds=0.406
cap=60s instance=test2_f2774e0b.ltl result=UNKNOWN seconds=0.041
cap=60s instance=test3_efe2feaf.ltl result=UNKNOWN seconds=0.052
cap=60s instance=test4_4b82b1f4.ltl result=UNREALIZABLE seconds=0.025
cap=60s instance=test5_6cbc6174.ltl result=UNKNOWN seconds=8.925
cap=60s instance=test6_0f5381e9.ltl result=UNKNOWN seconds=0.113
cap=60s instance=test7_2c5b09da.ltl result=UNKNOWN seconds=17.912
cap=60s instance=test8_88f351a6.ltl result=UNREALIZABLE seconds=0.026
cap=60s instance=test9_dd3a27e1.ltl result=UNREALIZABLE seconds=0.048
cap=60s instance=test_f3987563.ltl result=UNKNOWN seconds=6.171
cap=60s instance=thermostat-F-real.ltl result=TIMEOUT seconds=60.079
cap=60s instance=thermostat-GF-real.ltl result=TIMEOUT seconds=60.096
cap=60s instance=thermostat-GF-unreal0.ltl result=TIMEOUT seconds=60.096
cap=60s instance=thermostat-GF-unreal1.ltl result=TIMEOUT seconds=60.236
cap=60s instance=thermostat-GF-unreal2.ltl result=TIMEOUT seconds=60.279
cap=60s instance=tmp_13cfc6f2.ltl result=UNKNOWN seconds=4.957
cap=60s instance=unordered-visits-charging0.ltl result=TIMEOUT seconds=60.220
cap=60s instance=unordered-visits-real.ltl result=UNKNOWN seconds=16.979
cap=60s instance=workstation_resupply_pb_1_pe_.ltl result=UNKNOWN seconds=3.923
cap=60s instance=workstation_resupply_pb_2_pe_.ltl result=UNKNOWN seconds=3.451
cap=60s instance=workstation_resupply_pb_3_pe_.ltl result=UNKNOWN seconds=1.209
cap=60s instance=workstation_resupply_pb_4_pe_.ltl result=UNKNOWN seconds=4.357
cap=60s instance=workstation_resupply_pb_5_pe_.ltl result=UNKNOWN seconds=34.985
cap=60s instance=workstation_resupply_pb_6_pe_.ltl result=TIMEOUT seconds=60.177
cap=60s instance=workstation_resupply_pb_7_pe_.ltl result=TIMEOUT seconds=60.182
wrote /home/gperez/GIT-repos/acacia-gr1-par2-timing/benchmarking/gr1-par2-20260923/campaign/perarm-m1/legs/arm-4/arm-4-cap60.tsv
wrote /home/gperez/GIT-repos/acacia-gr1-par2-timing/benchmarking/gr1-par2-20260923/campaign/perarm-m1/legs/arm-4/arm-4-cap60-summary.tsv
