logical_instance	family_key	family_display	origin	parameter_confidence	parameter_names	parameter_values_json	inputs	outputs	semantics	effective_target	source_sha256	b_120s_result	b_120s_seconds	s_120s_result	s_120s_seconds	b_17s_result	b_17s_seconds	s_17s_result	s_17s_seconds	verdict_transition	winning_witness_reference
01.ltl	direct:tlsf/gui_glue_code_synthesis:numeric	numeric	direct:tlsf/gui_glue_code_synthesis/01.tlsf	none		{}	4	3	Mealy	Mealy	1a1cb932aafaf7c6bdd3af79ecdf9774955e824a853c26aaf1e546d07b32db06	REALIZABLE	0.03359310799714876	REALIZABLE	0.024557874996389728	REALIZABLE	0.031307178986025974	REALIZABLE	0.02335098199546337	stable-realizable	
02.ltl	direct:tlsf/gui_glue_code_synthesis:numeric	numeric	direct:tlsf/gui_glue_code_synthesis/02.tlsf	none		{}	4	4	Mealy	Mealy	7506a3a03d800f341fc044cddddc90d10996592eab8a329fa222b243cb03b1bd	REALIZABLE	0.041759325002203695	REALIZABLE	0.0406583719959599	REALIZABLE	0.05058876099064946	REALIZABLE	0.05724309600191191	stable-realizable	
03.ltl	direct:tlsf/gui_glue_code_synthesis:numeric	numeric	direct:tlsf/gui_glue_code_synthesis/03.tlsf	none		{}	5	5	Mealy	Mealy	9c602682592e97367de356341470f64cbea937198e49b6a05084160ad400f9fb	REALIZABLE	3.0104767649972928	REALIZABLE	2.9464555039994593	REALIZABLE	3.405358313000761	REALIZABLE	2.966157861985266	stable-realizable	
05.ltl	direct:tlsf/gui_glue_code_synthesis:numeric	numeric	direct:tlsf/gui_glue_code_synthesis/05.tlsf	none		{}	5	5	Mealy	Mealy	3a6ad0fde1c488d7e8e9cfd4da3772cf68fcf99a15ac531528b8fd952562f448	REALIZABLE	14.041591881003114	REALIZABLE	13.372841657008394	REALIZABLE	13.15309914201498	REALIZABLE	13.640188534016488	stable-realizable	
06.ltl	direct:tlsf/gui_glue_code_synthesis:numeric	numeric	direct:tlsf/gui_glue_code_synthesis/06.tlsf	none		{}	5	5	Mealy	Mealy	c11ea2e2d94ee3c109b833df27de068ed8306e68a113e671ca3dad1f79b534dd	REALIZABLE	18.125003575001756	REALIZABLE	17.922925520000717	TIMEOUT		TIMEOUT		stable-realizable	
07.ltl	direct:tlsf/gui_glue_code_synthesis:numeric	numeric	direct:tlsf/gui_glue_code_synthesis/07.tlsf	none		{}	5	5	Mealy	Mealy	ec5f572b0e44856d0c9a707c279bcb53afe3db90c8347dc343f626869a4d801a	REALIZABLE	19.91697950100024	REALIZABLE	20.768214159999843	TIMEOUT		TIMEOUT		stable-realizable	
08.ltl	direct:tlsf/gui_glue_code_synthesis:numeric	numeric	direct:tlsf/gui_glue_code_synthesis/08.tlsf	none		{}	5	6	Mealy	Mealy	0c6ae710ddd1230dfb828264280f82cd39fb69f812827dcc13d11a1efd831307	REALIZABLE	28.92908145600086	REALIZABLE	29.955598024003848	TIMEOUT		TIMEOUT		stable-realizable	
09.ltl	direct:tlsf/gui_glue_code_synthesis:numeric	numeric	direct:tlsf/gui_glue_code_synthesis/09.tlsf	none		{}	5	5	Mealy	Mealy	73df54decd8c9bb57bc285a4377d67cd4ca176035fc386c87308b71866dfaf2a	REALIZABLE	7.40375456000038	REALIZABLE	7.793998271998134	REALIZABLE	7.59456632801448	REALIZABLE	7.52920983399963	stable-realizable	
10.ltl	direct:tlsf/gui_glue_code_synthesis:numeric	numeric	direct:tlsf/gui_glue_code_synthesis/10.tlsf	none		{}	5	5	Mealy	Mealy	eba958d4401be9f10e160cb8efd3c882d0cb1c03073cb7a0bb71d26aeceff4b0	REALIZABLE	3.525196495000273	REALIZABLE	3.575173041997914	REALIZABLE	3.4977983529970516	REALIZABLE	3.572712796012638	stable-realizable	
11.ltl	direct:tlsf/gui_glue_code_synthesis:numeric	numeric	direct:tlsf/gui_glue_code_synthesis/11.tlsf	none		{}	5	5	Mealy	Mealy	ea11a33a7c90773e7d2bf0b5ae5a1d011db943846750f707dfcafc7d0cc8233f	REALIZABLE	3.340208725003322	REALIZABLE	3.30509820700172	REALIZABLE	3.454343424993567	REALIZABLE	3.300434764008969	stable-realizable	
12.ltl	direct:tlsf/gui_glue_code_synthesis:numeric	numeric	direct:tlsf/gui_glue_code_synthesis/12.tlsf	none		{}	5	6	Mealy	Mealy	911e332a7dadfaf03cc08c37b598eaec4bb431e9deadc93d1e3f07d6d5e12f31	REALIZABLE	5.228082068999356	REALIZABLE	5.278738375996909	REALIZABLE	5.574847691023024	REALIZABLE	5.594913450011518	stable-realizable	
13.ltl	direct:tlsf/gui_glue_code_synthesis:numeric	numeric	direct:tlsf/gui_glue_code_synthesis/13.tlsf	none		{}	5	6	Mealy	Mealy	f32b56f402b43bef9904be06f7c72bbfa699866727e454d204f5949c51e24a73	REALIZABLE	5.520962750000763	REALIZABLE	5.636402137002733	REALIZABLE	5.439749324985314	REALIZABLE	5.275079215003643	stable-realizable	
ActionConverter.ltl	direct:tlsf/tsl_paper:ActionConverter	ActionConverter	direct:tlsf/tsl_paper/ActionConverter.tlsf	none		{}	5	6	Mealy	Mealy	d61b4e81634d6851adf5e459e40dce080859e7de059272436e9bc140a9495749	REALIZABLE	0.027023552000173368	REALIZABLE	0.01927201999933459	REALIZABLE	0.01635242300108075	REALIZABLE	0.01838743599364534	stable-realizable	
AlarmMin_efe2feaf.ltl	direct:tlsf/tsl_smart_home_jarvis/extracted-benchmarks:AlarmMin	AlarmMin	direct:tlsf/tsl_smart_home_jarvis/extracted-benchmarks/AlarmMin_efe2feaf.tlsf	none		{}	6	2	Mealy	Mealy	48211414bb626105049470313c48250383f709ca2ab4d3f8a1a1bbd41e143d44	REALIZABLE	0.01802606900309911	REALIZABLE	0.020243042999936733	REALIZABLE	0.029311298014363274	REALIZABLE	0.019101093988865614	stable-realizable	
Alarm_06e9cad4.ltl	direct:tlsf/tsl_smart_home_jarvis/extracted-benchmarks:Alarm	Alarm	direct:tlsf/tsl_smart_home_jarvis/extracted-benchmarks/Alarm_06e9cad4.tlsf	none		{}	14	6	Mealy	Mealy	3b2180841e331204021d646b907f3e7bfccbb86791dd5abd52ed641123625c41	REALIZABLE	1.592842775004101	REALIZABLE	1.7820108699961565	REALIZABLE	1.7007816999976058	REALIZABLE	1.7099631049786694	stable-realizable	
Alarm_2d1010f8.ltl	direct:tlsf/tsl_smart_home_jarvis/extracted-benchmarks:Alarm	Alarm	direct:tlsf/tsl_smart_home_jarvis/extracted-benchmarks/Alarm_2d1010f8.tlsf	none		{}	3	3	Mealy	Mealy	1cce1c30bbc81bd565a065bdf51ae02fad487572595f7a6a7483f72216dd21ee	REALIZABLE	0.024947006000729743	REALIZABLE	0.02160580900090281	REALIZABLE	0.02216284000314772	REALIZABLE	0.041258316981839016	stable-realizable	
Alarm_68c86764.ltl	direct:tlsf/tsl_smart_home_jarvis/extracted-benchmarks:Alarm	Alarm	direct:tlsf/tsl_smart_home_jarvis/extracted-benchmarks/Alarm_68c86764.tlsf	none		{}	11	6	Mealy	Mealy	ac95678469627f1b287fe8ee296ba669de3a389d64231def7d789b9fd1e72d18	REALIZABLE	1.5522902270022314	REALIZABLE	1.8105178400001023	REALIZABLE	1.7969597869960126	REALIZABLE	1.7169270610029344	stable-realizable	
Alarm_70523fbe.ltl	direct:tlsf/tsl_smart_home_jarvis/extracted-benchmarks:Alarm	Alarm	direct:tlsf/tsl_smart_home_jarvis/extracted-benchmarks/Alarm_70523fbe.tlsf	none		{}	11	6	Mealy	Mealy	4ae234d6e0a6997fa97a6e84708553454b206ec8f1ef9dd901b831c6b96ab7f2	REALIZABLE	0.9449040879990207	REALIZABLE	0.9554274580004858	REALIZABLE	0.9352165399759542	REALIZABLE	0.9477279779966921	stable-realizable	
Alarm_88c5c1c3.ltl	direct:tlsf/tsl_smart_home_jarvis/extracted-benchmarks:Alarm	Alarm	direct:tlsf/tsl_smart_home_jarvis/extracted-benchmarks/Alarm_88c5c1c3.tlsf	none		{}	11	6	Mealy	Mealy	250054e99d1e3a797a7411014de087227dc3459d1ed91d1615c6d235fe721c0e	REALIZABLE	0.018517396005336195	REALIZABLE	0.02626292800414376	REALIZABLE	0.017941124009666964	REALIZABLE	0.02869414901942946	stable-realizable	
Alarm_9cac58d3.ltl	direct:tlsf/tsl_smart_home_jarvis/extracted-benchmarks:Alarm	Alarm	direct:tlsf/tsl_smart_home_jarvis/extracted-benchmarks/Alarm_9cac58d3.tlsf	none		{}	11	6	Mealy	Mealy	28d43e2dcd1b3643132186c1d4d293a9f21c5b4c9f878588f51597809f28622f	REALIZABLE	0.023998872995434795	REALIZABLE	0.02800674500031164	REALIZABLE	0.016291923995595425	REALIZABLE	0.018802606995450333	stable-realizable	
Alarm_a5f99bc6.ltl	direct:tlsf/tsl_smart_home_jarvis/extracted-benchmarks:Alarm	Alarm	direct:tlsf/tsl_smart_home_jarvis/extracted-benchmarks/Alarm_a5f99bc6.tlsf	none		{}	14	6	Mealy	Mealy	36a773fc9d07d410d35f03fcd9a0eaa5fc3edb1e572340b1abfed4d9ce92b53a	REALIZABLE	19.675369545002468	REALIZABLE	20.832378166000126	TIMEOUT		TIMEOUT		stable-realizable	
Alarm_f2774e0b.ltl	direct:tlsf/tsl_smart_home_jarvis/extracted-benchmarks:Alarm	Alarm	direct:tlsf/tsl_smart_home_jarvis/extracted-benchmarks/Alarm_f2774e0b.tlsf	none		{}	10	6	Mealy	Mealy	a439ecea3a630290eba01ff9b3569d0ce7f4ec1de794e7863188b0992766c665	REALIZABLE	0.9850469309967593	REALIZABLE	0.9434607279981719	REALIZABLE	0.9506218750029802	REALIZABLE	0.9295492189994548	stable-realizable	
AllHeating_d6376bf9.ltl	direct:tlsf/tsl_smart_home_jarvis/extracted-benchmarks:AllHeating	AllHeating	direct:tlsf/tsl_smart_home_jarvis/extracted-benchmarks/AllHeating_d6376bf9.tlsf	none		{}	6	5	Mealy	Mealy	2e031f628ffe3f5da7481d710f6c338b65436119c171de6e9b6137ce99e6806f	REALIZABLE	0.024692824998055585	REALIZABLE	0.02101856700028293	REALIZABLE	0.02065072499681264	REALIZABLE	0.021912836004048586	stable-realizable	
AllLights_06e9cad4.ltl	direct:tlsf/tsl_smart_home_jarvis/extracted-benchmarks:AllLights	AllLights	direct:tlsf/tsl_smart_home_jarvis/extracted-benchmarks/AllLights_06e9cad4.tlsf	none		{}	14	8	Mealy	Mealy	e48582cce51b281b6d6f5df4205179b46531b158beee98314b44cd111875e487	UNREALIZABLE	1.647582074998354	UNREALIZABLE	1.706423965995782	UNREALIZABLE	1.676486450014636	UNREALIZABLE	1.6842983300157357	stable-unrealizable	
AllLights_2c5b09da.ltl	direct:tlsf/tsl_smart_home_jarvis/extracted-benchmarks:AllLights	AllLights	direct:tlsf/tsl_smart_home_jarvis/extracted-benchmarks/AllLights_2c5b09da.tlsf	none		{}	15	8	Mealy	Mealy	cfd0555e97b3a2f3c7df52d9d195c9019597051b37cb8748f4812482433a6608	UNREALIZABLE	1.0129006450006273	UNREALIZABLE	0.9333428709942382	UNREALIZABLE	0.9380920910043642	UNREALIZABLE	0.9544463829952292	stable-unrealizable	
AllLights_63831f8c.ltl	direct:tlsf/tsl_smart_home_jarvis/extracted-benchmarks:AllLights	AllLights	direct:tlsf/tsl_smart_home_jarvis/extracted-benchmarks/AllLights_63831f8c.tlsf	none		{}	12	8	Mealy	Mealy	26e62c0f9694c43b4cdf98d1efe1047081c5e29f0b63c3a422265b3638e26b8f	UNREALIZABLE	1.5722001050016843	UNREALIZABLE	1.6017027989873895	UNREALIZABLE	1.5920691580104176	UNREALIZABLE	1.6078826269949786	stable-unrealizable	
AllLights_aeb1d897.ltl	direct:tlsf/tsl_smart_home_jarvis/extracted-benchmarks:AllLights	AllLights	direct:tlsf/tsl_smart_home_jarvis/extracted-benchmarks/AllLights_aeb1d897.tlsf	none		{}	12	8	Mealy	Mealy	2e511e21c899c983a14063f6edfa7c0aa2af549ac22ea5062871affa02214b90	UNREALIZABLE	2.730532758003392	UNREALIZABLE	2.554614827997284	UNREALIZABLE	2.5812756000086665	UNREALIZABLE	2.5736368630023208	stable-unrealizable	
AllLights_b209ff21.ltl	direct:tlsf/tsl_smart_home_jarvis/extracted-benchmarks:AllLights	AllLights	direct:tlsf/tsl_smart_home_jarvis/extracted-benchmarks/AllLights_b209ff21.tlsf	none		{}	12	8	Mealy	Mealy	c0bb371f4a319c690ebe0593cdef398246f4c07b4f0c7cbd8ccc39573ca7e2f9	UNREALIZABLE	2.558577271000104	UNREALIZABLE	2.4899107999999615	UNREALIZABLE	2.4362599029846024	UNREALIZABLE	2.42214980602148	stable-unrealizable	
AllLights_d6c5ac79.ltl	direct:tlsf/tsl_smart_home_jarvis/extracted-benchmarks:AllLights	AllLights	direct:tlsf/tsl_smart_home_jarvis/extracted-benchmarks/AllLights_d6c5ac79.tlsf	none		{}	12	8	Mealy	Mealy	eec7b1f2aac999987200dac40f6d7a830ad9ad8a9581e141942598ece9c246ab	UNREALIZABLE	2.577836104999733	UNREALIZABLE	2.4679433279998193	UNREALIZABLE	2.7451141659985296	UNREALIZABLE	2.6159619160171133	stable-unrealizable	
AllShades_66f450a4.ltl	direct:tlsf/tsl_smart_home_jarvis/extracted-benchmarks:AllShades	AllShades	direct:tlsf/tsl_smart_home_jarvis/extracted-benchmarks/AllShades_66f450a4.tlsf	none		{}	19	6	Mealy	Mealy	80b820d8b2f10ce25be8369ddd95748db4061defab153560e79e9a9821fe056a	UNREALIZABLE	1.7861433330035652	UNREALIZABLE	1.6954881550045684	UNREALIZABLE	1.7757617319875862	UNREALIZABLE	1.7562299199926201	stable-unrealizable	
Assumptions_a50cadd7.ltl	direct:tlsf/tsl_smart_home_jarvis/extracted-benchmarks:Assumptions	Assumptions	direct:tlsf/tsl_smart_home_jarvis/extracted-benchmarks/Assumptions_a50cadd7.tlsf	none		{}	25	24	Mealy	Mealy	2970d203e002b727c5bfe6ca4d81d131a95bbbfa66aedb61a5ea5cf3e79fc561	UNREALIZABLE	0.01571094999962952	UNREALIZABLE	0.02278981100243982	UNREALIZABLE	0.030146895005600527	UNREALIZABLE	0.024595307011622936	stable-unrealizable	
Automata.ltl	direct:tlsf/tsl_paper:Automata	Automata	direct:tlsf/tsl_paper/Automata.tlsf	none		{}	2	13	Mealy	Mealy	f8075bbd44374c31377eea525020529f5d79c5a334f0ea58f53827594aa060a7	REALIZABLE	0.06244990500272252	REALIZABLE	0.04777055699378252	REALIZABLE	0.04879157099639997	REALIZABLE	0.047732142003951594	stable-realizable	
Automata16S.ltl	direct:tlsf/tsl_paper:Automata16S	Automata16S	direct:tlsf/tsl_paper/Automata16S.tlsf	none		{}	2	21	Mealy	Mealy	a23aee283958984eeabefcfb5d0d2e2c0eccaa54a0ee0963afc6d6f1cf6a17c0	REALIZABLE	65.74305580400687	REALIZABLE	65.37591195899586	TIMEOUT		TIMEOUT		stable-realizable	
Automata32S.ltl	direct:tlsf/tsl_paper:Automata32S	Automata32S	direct:tlsf/tsl_paper/Automata32S.tlsf	none		{}	2	37	Mealy	Mealy	f1c2128849fca8d106547a094a0d14306a3aa1ec4fef7a911277db00ca301f19	TIMEOUT		TIMEOUT		TIMEOUT		TIMEOUT		stable-unsolved	
Button.ltl	direct:tlsf/tsl_paper:Button	Button	direct:tlsf/tsl_paper/Button.tlsf	none		{}	1	4	Mealy	Mealy	dd7df453016c47a9cf87f10c7185a770490f08010a25d104ed75b54ccf61fd98	REALIZABLE	0.015622903010807931	REALIZABLE	0.02187576198775787	REALIZABLE	0.018353883002419025	REALIZABLE	0.016380671004299074	stable-realizable	
CheckAlarmBroken1_1a2942e3.ltl	direct:tlsf/tsl_smart_home_jarvis/extracted-benchmarks:CheckAlarmBroken	CheckAlarmBroken	direct:tlsf/tsl_smart_home_jarvis/extracted-benchmarks/CheckAlarmBroken1_1a2942e3.tlsf	none		{}	1	3	Mealy	Mealy	760c971db4579496d03e0bc265f04259a039966631bf3935869b83ba364efb5a	REALIZABLE	0.01728923901100643	REALIZABLE	0.014738593003130518	REALIZABLE	0.029702711006393656	REALIZABLE	0.017271550983423367	stable-realizable	
CheckAlarm_6bea956e.ltl	direct:tlsf/tsl_smart_home_jarvis/extracted-benchmarks:CheckAlarm	CheckAlarm	direct:tlsf/tsl_smart_home_jarvis/extracted-benchmarks/CheckAlarm_6bea956e.tlsf	none		{}	1	3	Mealy	Mealy	6dff1628867386bff2c59512bdcd5e9aa87c1f461c62dc2d596966d00092ae4d	UNREALIZABLE	0.017403441999704228	UNREALIZABLE	0.022102629999608325	UNREALIZABLE	0.01984449999872595	UNREALIZABLE	0.016728026006603613	stable-unrealizable	
CheckCoffeMachineBroken1_a5f99bc6.ltl	direct:tlsf/tsl_smart_home_jarvis/extracted-benchmarks:CheckCoffeMachineBroken	CheckCoffeMachineBroken	direct:tlsf/tsl_smart_home_jarvis/extracted-benchmarks/CheckCoffeMachineBroken1_a5f99bc6.tlsf	none		{}	4	4	Mealy	Mealy	752611776e65f5ac47c5707ec012afa17973986ede9db8f2df1d4b14c427a60b	REALIZABLE	0.03064684599667089	REALIZABLE	0.023644116998184472	REALIZABLE	0.020580697018885985	REALIZABLE	0.017227040021680295	stable-realizable	
CheckCoffeMachine_3461125b.ltl	direct:tlsf/tsl_smart_home_jarvis/extracted-benchmarks:CheckCoffeMachine	CheckCoffeMachine	direct:tlsf/tsl_smart_home_jarvis/extracted-benchmarks/CheckCoffeMachine_3461125b.tlsf	none		{}	4	4	Mealy	Mealy	cbba6ff422a80282fdae7c7f8ca63947d70b53bc8c826dabfb685e60c6ef1da3	UNREALIZABLE	0.01881573699938599	UNREALIZABLE	0.021590659001958556	UNREALIZABLE	0.023408098990330473	UNREALIZABLE	0.023734198999591172	stable-unrealizable	
CheckCoffeMachine_f3987563.ltl	direct:tlsf/tsl_smart_home_jarvis/extracted-benchmarks:CheckCoffeMachine	CheckCoffeMachine	direct:tlsf/tsl_smart_home_jarvis/extracted-benchmarks/CheckCoffeMachine_f3987563.tlsf	none		{}	4	4	Mealy	Mealy	0f14ed943a9b7ade196ed7c7091576440628fccc550da37a1fc47500c79232c9	UNREALIZABLE	0.026361236989032477	UNREALIZABLE	0.022298679003142752	UNREALIZABLE	0.02282075598486699	UNREALIZABLE	0.021505640004761517	stable-unrealizable	
CheckDoor_c2b9e44d.ltl	direct:tlsf/tsl_smart_home_jarvis/extracted-benchmarks:CheckDoor	CheckDoor	direct:tlsf/tsl_smart_home_jarvis/extracted-benchmarks/CheckDoor_c2b9e44d.tlsf	none		{}	2	3	Mealy	Mealy	0117af2275a063c90843765d4fb27296c82bb151206c37e5a09ea4eaf94c747b	UNREALIZABLE	0.020173226002953015	UNREALIZABLE	0.020631166000384837	UNREALIZABLE	0.01792113098781556	UNREALIZABLE	0.0208594260038808	stable-unrealizable	
CheckHeating_2418b67e.ltl	direct:tlsf/tsl_smart_home_jarvis/extracted-benchmarks:CheckHeating	CheckHeating	direct:tlsf/tsl_smart_home_jarvis/extracted-benchmarks/CheckHeating_2418b67e.tlsf	none		{}	2	3	Mealy	Mealy	781b073ff52fcaf3d72d658125d06e32fc294f22ee73080528b2f3e4bed621d7	UNREALIZABLE	0.01944550000007439	UNREALIZABLE	0.019236744999943767	UNREALIZABLE	0.018005000019911677	UNREALIZABLE	0.02505690700490959	stable-unrealizable	
CheckHeating_3461125b.ltl	direct:tlsf/tsl_smart_home_jarvis/extracted-benchmarks:CheckHeating	CheckHeating	direct:tlsf/tsl_smart_home_jarvis/extracted-benchmarks/CheckHeating_3461125b.tlsf	none		{}	2	3	Mealy	Mealy	cc018e088b0de46e976ccab69c263424592dc628852ccdeef675cfe867b36d98	UNREALIZABLE	0.018809337008860894	UNREALIZABLE	0.020899961004033685	UNREALIZABLE	0.026066231017466635	UNREALIZABLE	0.029003047005971894	stable-unrealizable	
CheckLight_007df645.ltl	direct:tlsf/tsl_smart_home_jarvis/extracted-benchmarks:CheckLight	CheckLight	direct:tlsf/tsl_smart_home_jarvis/extracted-benchmarks/CheckLight_007df645.tlsf	none		{}	2	4	Mealy	Mealy	0cca57787523ef43bb5564314e5e0dc21ec608734e13372b7a289adb4fdbea5e	UNREALIZABLE	0.02972271400358295	UNREALIZABLE	0.021020045001932885	UNREALIZABLE	0.037310457992134616	UNREALIZABLE	0.04074362199753523	stable-unrealizable	
CheckLight_aeb1d897.ltl	direct:tlsf/tsl_smart_home_jarvis/extracted-benchmarks:CheckLight	CheckLight	direct:tlsf/tsl_smart_home_jarvis/extracted-benchmarks/CheckLight_aeb1d897.tlsf	none		{}	2	4	Mealy	Mealy	93d3f6a833c7bd2bfeba5d5e5b352b9529ec93ed585f0e747a2cbd3a13925f2d	UNREALIZABLE	0.03282279399718391	UNREALIZABLE	0.03470159400603734	UNREALIZABLE	0.02607845500460826	UNREALIZABLE	0.031250391009962186	stable-unrealizable	
CheckRoom_06e9cad4.ltl	direct:tlsf/tsl_smart_home_jarvis/extracted-benchmarks:CheckRoom	CheckRoom	direct:tlsf/tsl_smart_home_jarvis/extracted-benchmarks/CheckRoom_06e9cad4.tlsf	none		{}	6	0	Mealy	Mealy	0044887e0a2c7140a3d4371ef571c2e04ce1137bde43c699c3bb94cc9d38ce78	UNREALIZABLE	0.017225379997398704	UNREALIZABLE	0.02076318900071783	UNREALIZABLE	0.019453888991847634	UNREALIZABLE	0.01738969300640747	stable-unrealizable	
CheckRoom_2c5b09da.ltl	direct:tlsf/tsl_smart_home_jarvis/extracted-benchmarks:CheckRoom	CheckRoom	direct:tlsf/tsl_smart_home_jarvis/extracted-benchmarks/CheckRoom_2c5b09da.tlsf	none		{}	7	0	Mealy	Mealy	6d2a380d934081c7cd025aefdc85e41c99cd8a16b66495d3c12917f8e240eea7	UNREALIZABLE	0.037713142002758104	UNREALIZABLE	0.0246802470064722	UNREALIZABLE	0.01651299902005121	UNREALIZABLE	0.015906858985545114	stable-unrealizable	
CheckRoom_3916ec59.ltl	direct:tlsf/tsl_smart_home_jarvis/extracted-benchmarks:CheckRoom	CheckRoom	direct:tlsf/tsl_smart_home_jarvis/extracted-benchmarks/CheckRoom_3916ec59.tlsf	none		{}	5	0	Mealy	Mealy	a90249623f0954e4c50acca08e5f8c047ead0674e73e5105afca6f560f759116	UNREALIZABLE	0.0204110380000202	UNREALIZABLE	0.024976238997624023	UNREALIZABLE	0.019593739008996636	UNREALIZABLE	0.02044697798555717	stable-unrealizable	
CheckRoom_70523fbe.ltl	direct:tlsf/tsl_smart_home_jarvis/extracted-benchmarks:CheckRoom	CheckRoom	direct:tlsf/tsl_smart_home_jarvis/extracted-benchmarks/CheckRoom_70523fbe.tlsf	none		{}	4	0	Mealy	Mealy	28ae0c32bf2a047e00dc88eae605f3f3aad34f5cd26b89ab1bf2b4572efdf348	UNREALIZABLE	0.016674407001119107	UNREALIZABLE	0.020726370000375027	UNREALIZABLE	0.022390763013390824	UNREALIZABLE	0.02007489401148632	stable-unrealizable	
CheckShades_1a2942e3.ltl	direct:tlsf/tsl_smart_home_jarvis/extracted-benchmarks:CheckShades	CheckShades	direct:tlsf/tsl_smart_home_jarvis/extracted-benchmarks/CheckShades_1a2942e3.tlsf	none		{}	2	3	Mealy	Mealy	86cd160eabe6ff6b9d0587959f7fe0c702c0d99e07ef7533967974c4f5739423	UNREALIZABLE	0.02540392299852101	UNREALIZABLE	0.02805049400194548	UNREALIZABLE	0.020051238010637462	UNREALIZABLE	0.016784854989964515	stable-unrealizable	
CheckShades_3461125b.ltl	direct:tlsf/tsl_smart_home_jarvis/extracted-benchmarks:CheckShades	CheckShades	direct:tlsf/tsl_smart_home_jarvis/extracted-benchmarks/CheckShades_3461125b.tlsf	none		{}	2	3	Mealy	Mealy	fc554465a33c84a6c655e73cf6fbd0470be4bf7251f2571fda5ef5f01efc9acf	UNREALIZABLE	0.024212097996496595	UNREALIZABLE	0.020931335995555855	UNREALIZABLE	0.026899963995674625	UNREALIZABLE	0.01964165599201806	stable-unrealizable	
CheckShades_4d4ca5c4.ltl	direct:tlsf/tsl_smart_home_jarvis/extracted-benchmarks:CheckShades	CheckShades	direct:tlsf/tsl_smart_home_jarvis/extracted-benchmarks/CheckShades_4d4ca5c4.tlsf	none		{}	2	3	Mealy	Mealy	ede8d23b9a947032204c962fa430968a9a46048893dc206eb4c4f7dd32cee5e4	UNREALIZABLE	0.01656055599960382	UNREALIZABLE	0.018969959000060044	UNREALIZABLE	0.018387656018603593	UNREALIZABLE	0.018810146022588015	stable-unrealizable	
CheckShades_aeb1d897.ltl	direct:tlsf/tsl_smart_home_jarvis/extracted-benchmarks:CheckShades	CheckShades	direct:tlsf/tsl_smart_home_jarvis/extracted-benchmarks/CheckShades_aeb1d897.tlsf	none		{}	2	3	Mealy	Mealy	156b0817f533923809eb41b6574e83a244df08f3b799bca8ba78cc9cc832ac78	UNREALIZABLE	0.02662959300141665	UNREALIZABLE	0.019025765999685973	UNREALIZABLE	0.026429063989780843	UNREALIZABLE	0.0236360720009543	stable-unrealizable	
CheckTime_3916ec59.ltl	direct:tlsf/tsl_smart_home_jarvis/extracted-benchmarks:CheckTime	CheckTime	direct:tlsf/tsl_smart_home_jarvis/extracted-benchmarks/CheckTime_3916ec59.tlsf	none		{}	8	0	Mealy	Mealy	60b1108ff7ba4e5f46140a3bf4510b8775f03894c1661456654db1bdb2d66d0b	UNREALIZABLE	0.016442803011159413	UNREALIZABLE	0.021810004996950738	UNREALIZABLE	0.02783976000500843	UNREALIZABLE	0.019790379999903962	stable-unrealizable	
CheckTime_4b5e6eaa.ltl	direct:tlsf/tsl_smart_home_jarvis/extracted-benchmarks:CheckTime	CheckTime	direct:tlsf/tsl_smart_home_jarvis/extracted-benchmarks/CheckTime_4b5e6eaa.tlsf	none		{}	5	0	Mealy	Mealy	ae8bc74855962038737511a5997f796c5c024985704366aaa8edf2ce50f379e5	UNREALIZABLE	0.016126106995216105	UNREALIZABLE	0.029948940995382145	UNREALIZABLE	0.01770237402524799	UNREALIZABLE	0.02060122898546979	stable-unrealizable	
CheckTime_54e1f7d2.ltl	direct:tlsf/tsl_smart_home_jarvis/extracted-benchmarks:CheckTime	CheckTime	direct:tlsf/tsl_smart_home_jarvis/extracted-benchmarks/CheckTime_54e1f7d2.tlsf	none		{}	4	0	Mealy	Mealy	88a453430a9807ab4337131a101f02dd9336f9b917bb8c2785224e4f0704757a	UNREALIZABLE	0.018767604007734917	UNREALIZABLE	0.01714928200817667	UNREALIZABLE	0.03202500901534222	UNREALIZABLE	0.014644012990174815	stable-unrealizable	
CheckTimer_54e1f7d2.ltl	direct:tlsf/tsl_smart_home_jarvis/extracted-benchmarks:CheckTimer	CheckTimer	direct:tlsf/tsl_smart_home_jarvis/extracted-benchmarks/CheckTimer_54e1f7d2.tlsf	none		{}	1	4	Mealy	Mealy	8804afd0d060418c9f86c949beda277d0b979f29a514ac5a55b26a3761c3f3cf	UNREALIZABLE	0.015949339998769574	UNREALIZABLE	0.0257333089975873	UNREALIZABLE	0.01697294198675081	UNREALIZABLE	0.01809143999707885	stable-unrealizable	
CheckTimer_fa8592c8.ltl	direct:tlsf/tsl_smart_home_jarvis/extracted-benchmarks:CheckTimer	CheckTimer	direct:tlsf/tsl_smart_home_jarvis/extracted-benchmarks/CheckTimer_fa8592c8.tlsf	none		{}	1	4	Mealy	Mealy	717229468f0cd6ce628418c598ac4f9bda0a89058fa165f9c96b472c9fc9de6b	UNREALIZABLE	0.01900637299695518	UNREALIZABLE	0.025338403997011483	UNREALIZABLE	0.023833721003029495	UNREALIZABLE	0.01720098700025119	stable-unrealizable	
CheckWarnlightBroken1_70523fbe.ltl	direct:tlsf/tsl_smart_home_jarvis/extracted-benchmarks:CheckWarnlightBroken	CheckWarnlightBroken	direct:tlsf/tsl_smart_home_jarvis/extracted-benchmarks/CheckWarnlightBroken1_70523fbe.tlsf	none		{}	2	3	Mealy	Mealy	85258f2323bf91a344818c2af434fe6e2e21c51033b35178294822970395281c	REALIZABLE	0.02588315999309998	REALIZABLE	0.01886712000123225	REALIZABLE	0.020470866991672665	REALIZABLE	0.031796800991287455	stable-realizable	
CheckWarnlight_1cf58fc1.ltl	direct:tlsf/tsl_smart_home_jarvis/extracted-benchmarks:CheckWarnlight	CheckWarnlight	direct:tlsf/tsl_smart_home_jarvis/extracted-benchmarks/CheckWarnlight_1cf58fc1.tlsf	none		{}	3	3	Mealy	Mealy	decf20b732ed5d6aec6c4a975d7da028d827086ccad72977c6681da2ac06b407	UNREALIZABLE	0.017105700011597946	UNREALIZABLE	0.01833500000066124	UNREALIZABLE	0.018342069000937045	UNREALIZABLE	0.01886706901132129	stable-unrealizable	
CheckWarnlight_4b5a2bad.ltl	direct:tlsf/tsl_smart_home_jarvis/extracted-benchmarks:CheckWarnlight	CheckWarnlight	direct:tlsf/tsl_smart_home_jarvis/extracted-benchmarks/CheckWarnlight_4b5a2bad.tlsf	none		{}	2	3	Mealy	Mealy	fcb805f35de3795758af48918fb1e748a047e0ea25eea848a487ab39c2bbf3b0	UNREALIZABLE	0.03773333100252785	UNREALIZABLE	0.04089586099871667	UNREALIZABLE	0.029093553981510922	UNREALIZABLE	0.016840010997839272	stable-unrealizable	
CheckWarnlight_54e1f7d2.ltl	direct:tlsf/tsl_smart_home_jarvis/extracted-benchmarks:CheckWarnlight	CheckWarnlight	direct:tlsf/tsl_smart_home_jarvis/extracted-benchmarks/CheckWarnlight_54e1f7d2.tlsf	none		{}	2	3	Mealy	Mealy	0f4378d0f273d069593a63eab1a72dff519f96289d6a88a0b0d2d52e08b86d21	UNREALIZABLE	0.017569443996762857	UNREALIZABLE	0.018866341997636482	UNREALIZABLE	0.01724705399828963	UNREALIZABLE	0.0210962489945814	stable-unrealizable	
CheckWarnlight_6bea956e.ltl	direct:tlsf/tsl_smart_home_jarvis/extracted-benchmarks:CheckWarnlight	CheckWarnlight	direct:tlsf/tsl_smart_home_jarvis/extracted-benchmarks/CheckWarnlight_6bea956e.tlsf	none		{}	3	3	Mealy	Mealy	778981f31a46d2c18d0d1de8696590dd411200596cf1620ff3b69c911a3851ca	UNREALIZABLE	0.017231999001523945	UNREALIZABLE	0.02746310799921048	UNREALIZABLE	0.01715271099237725	UNREALIZABLE	0.02101849199971184	stable-unrealizable	
CheckWindows_54e1f7d2.ltl	direct:tlsf/tsl_smart_home_jarvis/extracted-benchmarks:CheckWindows	CheckWindows	direct:tlsf/tsl_smart_home_jarvis/extracted-benchmarks/CheckWindows_54e1f7d2.tlsf	none		{}	3	0	Mealy	Mealy	d2a309b0056fb52b8e270957ab8a6b75f258ddcddeb93c324528aa9d21e255f4	UNREALIZABLE	0.032248882998828776	UNREALIZABLE	0.02866223599994555	UNREALIZABLE	0.020184609980788082	UNREALIZABLE	0.021778605005238205	stable-unrealizable	
Cockpitboard.ltl	direct:tlsf/tsl_paper:Cockpitboard	Cockpitboard	direct:tlsf/tsl_paper/Cockpitboard.tlsf	none		{}	6	19	Mealy	Mealy	2f4cccca8f5f3318f7e2ceaf94eee2a45b0a1941b35d2759fc535d9564c960f7	REALIZABLE	0.030206807001377456	REALIZABLE	0.016096095001557842	REALIZABLE	0.020433911005966365	REALIZABLE	0.035089087003143504	stable-realizable	
Cockpitboard_efe2feaf.ltl	direct:tlsf/tsl_smart_home_jarvis/extracted-benchmarks:Cockpitboard	Cockpitboard	direct:tlsf/tsl_smart_home_jarvis/extracted-benchmarks/Cockpitboard_efe2feaf.tlsf	none		{}	6	19	Mealy	Mealy	a996e0e85ccd05d5a24c674996b5e0a1ea437a451ca688d2bd74fd7f9539d513	REALIZABLE	0.03374594599881675	REALIZABLE	0.020825537001655903	REALIZABLE	0.03030259598745033	REALIZABLE	0.030459531000815332	stable-realizable	
CoffeMachine_974f4a68.ltl	direct:tlsf/tsl_smart_home_jarvis/extracted-benchmarks:CoffeMachine	CoffeMachine	direct:tlsf/tsl_smart_home_jarvis/extracted-benchmarks/CoffeMachine_974f4a68.tlsf	none		{}	6	4	Mealy	Mealy	9f6eb7ae1d673c09e822e0112a229046dad75ffa6be302ed4e5e4b47ba3cb097	REALIZABLE	0.044275695996475406	REALIZABLE	0.04052075800427701	REALIZABLE	0.023223564989166334	REALIZABLE	0.037420892011141405	stable-realizable	
CoffeMachine_a50cadd7.ltl	direct:tlsf/tsl_smart_home_jarvis/extracted-benchmarks:CoffeMachine	CoffeMachine	direct:tlsf/tsl_smart_home_jarvis/extracted-benchmarks/CoffeMachine_a50cadd7.tlsf	none		{}	4	4	Mealy	Mealy	90287c993822762c498c00c0e4cd3ddda1361f7bcac223c9a272771f88a99711	UNREALIZABLE	0.016019048998714425	UNREALIZABLE	0.020162224005616736	UNREALIZABLE	0.02194592301384546	UNREALIZABLE	0.02171127000474371	stable-unrealizable	
CoffeeMin_88f351a6.ltl	direct:tlsf/tsl_smart_home_jarvis/extracted-benchmarks:CoffeeMin	CoffeeMin	direct:tlsf/tsl_smart_home_jarvis/extracted-benchmarks/CoffeeMin_88f351a6.tlsf	none		{}	6	4	Mealy	Mealy	6bbcc6abcec950a002cb4c9b4a4112c7359251b7c67087e445fc7ebb3f53e98f	REALIZABLE	0.016804118000436574	REALIZABLE	0.018583660000331292	REALIZABLE	0.037555215996690094	REALIZABLE	0.0171203019854147	stable-realizable	
Coffee_06e9cad4.ltl	direct:tlsf/tsl_smart_home_jarvis/extracted-benchmarks:Coffee	Coffee	direct:tlsf/tsl_smart_home_jarvis/extracted-benchmarks/Coffee_06e9cad4.tlsf	none		{}	10	4	Mealy	Mealy	4ba0b67c3dd8848332b3de623ae862fe102051265e783c3671a8898226a902dc	REALIZABLE	0.03528235900012078	REALIZABLE	0.033518237996759126	REALIZABLE	0.02837625000393018	REALIZABLE	0.04071799901430495	stable-realizable	
Coffee_235467da.ltl	direct:tlsf/tsl_smart_home_jarvis/extracted-benchmarks:Coffee	Coffee	direct:tlsf/tsl_smart_home_jarvis/extracted-benchmarks/Coffee_235467da.tlsf	none		{}	7	4	Mealy	Mealy	ef5b6f1c8198c5218d561f2dc159ae473f987ccd01591b58c565e39f7d46d035	REALIZABLE	0.023945124994497746	REALIZABLE	0.02419611199729843	REALIZABLE	0.020677759021054953	REALIZABLE	0.020695215003797784	stable-realizable	
Coffee_2c5b09da.ltl	direct:tlsf/tsl_smart_home_jarvis/extracted-benchmarks:Coffee	Coffee	direct:tlsf/tsl_smart_home_jarvis/extracted-benchmarks/Coffee_2c5b09da.tlsf	none		{}	11	4	Mealy	Mealy	bcd6dfb10b33122acd7b3c15fe2d0c1f20a1ee2e810aac8ffadc382041092687	REALIZABLE	0.03565363199595595	REALIZABLE	0.03028262400039239	REALIZABLE	0.030576885008485988	REALIZABLE	0.041208053997252136	stable-realizable	
Coffee_6479ef9a.ltl	direct:tlsf/tsl_smart_home_jarvis/extracted-benchmarks:Coffee	Coffee	direct:tlsf/tsl_smart_home_jarvis/extracted-benchmarks/Coffee_6479ef9a.tlsf	none		{}	8	4	Mealy	Mealy	7d25f3ea1ff621e1657abda8cab03c6814f85bee6ba78d7666af06277454cd35	REALIZABLE	0.026296383002772927	REALIZABLE	0.037464594999619294	REALIZABLE	0.026243942003929988	REALIZABLE	0.035844168975017965	stable-realizable	
Coffee_d6376bf9.ltl	direct:tlsf/tsl_smart_home_jarvis/extracted-benchmarks:Coffee	Coffee	direct:tlsf/tsl_smart_home_jarvis/extracted-benchmarks/Coffee_d6376bf9.tlsf	none		{}	9	4	Mealy	Mealy	f6b0e9e65d9828f38cf067513cfbbfe9d176d6e67e9ab366b4609e7f375489d1	REALIZABLE	0.023115401003451552	REALIZABLE	0.02267403500081855	REALIZABLE	0.025279681984102353	REALIZABLE	0.02423020001151599	stable-realizable	
Coffee_efe2feaf.ltl	direct:tlsf/tsl_smart_home_jarvis/extracted-benchmarks:Coffee	Coffee	direct:tlsf/tsl_smart_home_jarvis/extracted-benchmarks/Coffee_efe2feaf.tlsf	none		{}	7	4	Mealy	Mealy	7f8c10c27e11db0c9a384d88ef6186f3366de8a08bf646d75481226fb64d242d	REALIZABLE	0.02270832599970163	REALIZABLE	0.026631056000042008	REALIZABLE	0.0316233380290214	REALIZABLE	0.024341703014215454	stable-realizable	
Coffee_f1477cc5.ltl	direct:tlsf/tsl_smart_home_jarvis/extracted-benchmarks:Coffee	Coffee	direct:tlsf/tsl_smart_home_jarvis/extracted-benchmarks/Coffee_f1477cc5.tlsf	none		{}	8	4	Mealy	Mealy	a1d56c242785cb44d651d792a2b508637f10d4e6ad4d6881a780f0dbf9117805	UNREALIZABLE	0.027246126999671105	UNREALIZABLE	0.02082009599871526	UNREALIZABLE	0.02110951198847033	UNREALIZABLE	0.026865167979849502	stable-unrealizable	
Core_4b5a2bad.ltl	direct:tlsf/tsl_smart_home_jarvis/extracted-benchmarks:Core	Core	direct:tlsf/tsl_smart_home_jarvis/extracted-benchmarks/Core_4b5a2bad.tlsf	none		{}	10	7	Mealy	Mealy	f086df60ca3fb5de3ab287323f66c5a99afde931e2630a04f8117fc547c3146e	UNREALIZABLE	0.02310100000067905	UNREALIZABLE	0.027342666000549798	UNREALIZABLE	0.041151587007334456	UNREALIZABLE	0.02733363999868743	stable-unrealizable	
Core_66f450a4.ltl	direct:tlsf/tsl_smart_home_jarvis/extracted-benchmarks:Core	Core	direct:tlsf/tsl_smart_home_jarvis/extracted-benchmarks/Core_66f450a4.tlsf	none		{}	8	5	Mealy	Mealy	82b1b1466d15e765ba08b06bd3d38c80ada9428914b2f84b2e4e2779f1b51f8d	UNREALIZABLE	0.02192731399918557	UNREALIZABLE	0.020757530997798312	UNREALIZABLE	0.02028727700235322	UNREALIZABLE	0.023214579006889835	stable-unrealizable	
Core_fa4d4ce3.ltl	direct:tlsf/tsl_smart_home_jarvis/extracted-benchmarks:Core	Core	direct:tlsf/tsl_smart_home_jarvis/extracted-benchmarks/Core_fa4d4ce3.tlsf	none		{}	8	13	Mealy	Mealy	fb5efe51e7ae25467efe9d2560f78da92832a500efa7ceb89b0e889b547361a8	UNREALIZABLE	0.04809018300147727	UNREALIZABLE	0.04462307300127577	UNREALIZABLE	0.04792694398202002	UNREALIZABLE	0.024409532983554527	stable-unrealizable	
Core_solved_974f4a68.ltl	direct:tlsf/tsl_smart_home_jarvis/extracted-benchmarks:Core_solved	Core_solved	direct:tlsf/tsl_smart_home_jarvis/extracted-benchmarks/Core_solved_974f4a68.tlsf	none		{}	10	7	Mealy	Mealy	43869d034fe3ae5f408d5cb2be925ad8daa14b87180b24dfae888ba368d75e89	REALIZABLE	0.023289614997338504	REALIZABLE	0.044026437994034495	REALIZABLE	0.023290337005164474	REALIZABLE	0.025269020989071578	stable-realizable	
Demo1_06e9cad4.ltl	direct:tlsf/tsl_smart_home_jarvis/extracted-benchmarks:Demo	Demo	direct:tlsf/tsl_smart_home_jarvis/extracted-benchmarks/Demo1_06e9cad4.tlsf	none		{}	32	24	Mealy	Mealy	dc62ead021837bcc7ed703b677b2291e9e561715871b255717a3603155435448	TIMEOUT		TIMEOUT		TIMEOUT		TIMEOUT		stable-unsolved	
Demo1_2c5b09da.ltl	direct:tlsf/tsl_smart_home_jarvis/extracted-benchmarks:Demo	Demo	direct:tlsf/tsl_smart_home_jarvis/extracted-benchmarks/Demo1_2c5b09da.tlsf	none		{}	33	24	Mealy	Mealy	870402f588c842e19d85e2d04b2ee5451638278f0a3026f523c366bca7a2e43e	TIMEOUT		TIMEOUT		TIMEOUT		TIMEOUT		stable-unsolved	
Demo1_63831f8c.ltl	direct:tlsf/tsl_smart_home_jarvis/extracted-benchmarks:Demo	Demo	direct:tlsf/tsl_smart_home_jarvis/extracted-benchmarks/Demo1_63831f8c.tlsf	none		{}	30	24	Mealy	Mealy	a02bf9e80689dfd40815b48da3239686b71d789ece74032adb3d7ce04aaffcfd	TIMEOUT		TIMEOUT		TIMEOUT		TIMEOUT		stable-unsolved	
Demo1_c2b9e44d.ltl	direct:tlsf/tsl_smart_home_jarvis/extracted-benchmarks:Demo	Demo	direct:tlsf/tsl_smart_home_jarvis/extracted-benchmarks/Demo1_c2b9e44d.tlsf	none		{}	30	24	Mealy	Mealy	11d2b0985387727bb298977dbb91003267d29d3aa53b8087ef5a9d882c8922bb	TIMEOUT		TIMEOUT		TIMEOUT		TIMEOUT		stable-unsolved	
Demo1_d65ed84e.ltl	direct:tlsf/tsl_smart_home_jarvis/extracted-benchmarks:Demo	Demo	direct:tlsf/tsl_smart_home_jarvis/extracted-benchmarks/Demo1_d65ed84e.tlsf	none		{}	31	24	Mealy	Mealy	1c0e872a251aef48d9c669a8beaba565a92c859fe9cdac034c35655c8d399a7b	TIMEOUT		TIMEOUT		TIMEOUT		TIMEOUT		stable-unsolved	
DeviceBehaviorChec_fa8592c8.ltl	direct:tlsf/tsl_smart_home_jarvis/extracted-benchmarks:DeviceBehaviorChec	DeviceBehaviorChec	direct:tlsf/tsl_smart_home_jarvis/extracted-benchmarks/DeviceBehaviorChec_fa8592c8.tlsf	none		{}	4	6	Mealy	Mealy	ad4e7d1be5a5f13a01712c7dc8b59cba0f06897ba5f532aa44f9340b91928c53	UNREALIZABLE	0.019968756998423487	UNREALIZABLE	0.026412568000523606	UNREALIZABLE	0.028590211004484445	UNREALIZABLE	0.018409154989058152	stable-unrealizable	
Door_2d1010f8.ltl	direct:tlsf/tsl_smart_home_jarvis/extracted-benchmarks:Door	Door	direct:tlsf/tsl_smart_home_jarvis/extracted-benchmarks/Door_2d1010f8.tlsf	none		{}	4	3	Mealy	Mealy	c02be224fff986b99dd52af13aaadd9078dcb9d1a28730c107eb7d7ed42cdb41	REALIZABLE	0.031226104008965194	REALIZABLE	0.03361121400666889	REALIZABLE	0.037220992002403364	REALIZABLE	0.029790486994897947	stable-realizable	
EnemeyModule.ltl	direct:tlsf/tsl_paper:EnemeyModule	EnemeyModule	direct:tlsf/tsl_paper/EnemeyModule.tlsf	none		{}	2	7	Mealy	Mealy	f691670e705859cc18358d3b5679a05572990e1806ba614fe68ce2df4fceb820	REALIZABLE	0.018745881000540976	REALIZABLE	0.01748907999990479	REALIZABLE	0.018251695000799373	REALIZABLE	0.022021788987331092	stable-realizable	
EscalatorBidirectional.ltl	direct:tlsf/tsl_paper:EscalatorBidirectional	EscalatorBidirectional	direct:tlsf/tsl_paper/EscalatorBidirectional.tlsf	none		{}	7	7	Mealy	Mealy	b49d487bc2adecc653928f86e521aa20cbb9ebea4dd517aed380da3230254c7e	REALIZABLE	0.03694981199805625	REALIZABLE	0.01872243000252638	REALIZABLE	0.01787375600542873	REALIZABLE	0.03849698600242846	stable-realizable	
EscalatorBidirectionalInit.ltl	direct:tlsf/tsl_paper:EscalatorBidirectionalInit	EscalatorBidirectionalInit	direct:tlsf/tsl_paper/EscalatorBidirectionalInit.tlsf	none		{}	7	8	Mealy	Mealy	2295966baabdcd7e39c456ea7a7374bfe43b62fe6c917a89d826d4328966bd64	REALIZABLE	0.04184015400096541	REALIZABLE	0.02460830799827818	REALIZABLE	0.04073916198103689	REALIZABLE	0.03160683700116351	stable-realizable	
EscalatorCounting.ltl	direct:tlsf/tsl_paper:EscalatorCounting	EscalatorCounting	direct:tlsf/tsl_paper/EscalatorCounting.tlsf	none		{}	3	6	Mealy	Mealy	5123d1497c0668a610021d6a0e53b453c5b5c412d3fedf4d1d9465eedabb7153	REALIZABLE	0.024982289000035962	REALIZABLE	0.03429980800137855	REALIZABLE	0.01765894200070761	REALIZABLE	0.023800085007678717	stable-realizable	
EscalatorCountingInit.ltl	direct:tlsf/tsl_paper:EscalatorCountingInit	EscalatorCountingInit	direct:tlsf/tsl_paper/EscalatorCountingInit.tlsf	none		{}	3	7	Mealy	Mealy	ba310f03fc0122843962659bfc45f8f87581c7322bba70b0acd69a7e7d6d7972	REALIZABLE	0.02294525600154884	REALIZABLE	0.021399689998361282	REALIZABLE	0.019672747002914548	REALIZABLE	0.0200429719989188	stable-realizable	
EscalatorNonCounting.ltl	direct:tlsf/tsl_paper:EscalatorNonCounting	EscalatorNonCounting	direct:tlsf/tsl_paper/EscalatorNonCounting.tlsf	none		{}	2	3	Mealy	Mealy	8c0ce87398491765726a75551efa070273a411612504f7bafd3795a3f8e27559	REALIZABLE	0.01559757700033515	REALIZABLE	0.0158046540000214	REALIZABLE	0.015002868982264772	REALIZABLE	0.01977844798238948	stable-realizable	
EscalatorNonReactive.ltl	direct:tlsf/tsl_paper:EscalatorNonReactive	EscalatorNonReactive	direct:tlsf/tsl_paper/EscalatorNonReactive.tlsf	none		{}	0	2	Mealy	Mealy	7cc16d573de79dae19bf3ac127fd0c4a6a9ba5261d89b7af5321acfd3314f2b3	REALIZABLE	0.040018717998464126	REALIZABLE	0.04031205399951432	REALIZABLE	0.027813922992208973	REALIZABLE	0.021061371982796118	stable-realizable	
EscalatorSmart.ltl	direct:tlsf/tsl_paper:EscalatorSmart	EscalatorSmart	direct:tlsf/tsl_paper/EscalatorSmart.tlsf	none		{}	4	3	Mealy	Mealy	51fe4b7da8d9c76db018bd71b27fb94d4e3f3ea20348e07279977ad92945d39c	REALIZABLE	0.04590464500506641	REALIZABLE	0.02868716600642074	REALIZABLE	0.037309210980311036	REALIZABLE	0.04165290101082064	stable-realizable	
Example1_d6376bf9.ltl	direct:tlsf/tsl_smart_home_jarvis/extracted-benchmarks:Example	Example	direct:tlsf/tsl_smart_home_jarvis/extracted-benchmarks/Example1_d6376bf9.tlsf	none		{}	6	8	Mealy	Mealy	670451371aca676c10595ef34930817a374ed58fdda1562d9527469f9e0f1ce5	REALIZABLE	0.01706267800182104	REALIZABLE	0.02476317099717562	REALIZABLE	0.03487842998583801	REALIZABLE	0.019059698999626562	stable-realizable	
F-G-contradiction-10.ltl	direct:tlsf/sweap:F-G-contradiction	F-G-contradiction	direct:tlsf/sweap/F-G-contradiction-10.tlsf	none		{}	8	2	Mealy	Mealy	b4e7ceda5dad9cd761e152d8d1b88843a2512686cf1eb0c7281b50d93fce24e3	UNREALIZABLE	0.02958075800052029	UNREALIZABLE	0.03557654599990201	UNREALIZABLE	0.05579702902468853	UNREALIZABLE	0.027488521998748183	stable-unrealizable	
F-G-contradiction-11.ltl	direct:tlsf/sweap:F-G-contradiction	F-G-contradiction	direct:tlsf/sweap/F-G-contradiction-11.tlsf	none		{}	8	2	Mealy	Mealy	ba61104251ab4c6b233964fda46dba228311613dab09ae403d7031cc9db14d60	UNREALIZABLE	0.05855235000490211	UNREALIZABLE	0.05150728899752721	UNREALIZABLE	0.05366233200766146	UNREALIZABLE	0.06580275998567231	stable-unrealizable	
F-G-contradiction-110.ltl	direct:tlsf/sweap:F-G-contradiction	F-G-contradiction	direct:tlsf/sweap/F-G-contradiction-110.tlsf	none		{}	17	2	Mealy	Mealy	9c68fc049c36d7994869cf896aae7bcd0fce33566d73874f85c32a2426637ba7	UNREALIZABLE	28.721840002002864	UNREALIZABLE	31.369077740000648	TIMEOUT		TIMEOUT		stable-unrealizable	
F-G-contradiction-111.ltl	direct:tlsf/sweap:F-G-contradiction	F-G-contradiction	direct:tlsf/sweap/F-G-contradiction-111.tlsf	none		{}	17	2	Mealy	Mealy	35a1b02359935ce3f4dee1022e0e09d561ab183144fa6ee70a0a05b8687013a3	UNREALIZABLE	29.175218530996062	UNREALIZABLE	27.244321928003046	TIMEOUT		TIMEOUT		stable-unrealizable	
F-G-contradiction-112.ltl	direct:tlsf/sweap:F-G-contradiction	F-G-contradiction	direct:tlsf/sweap/F-G-contradiction-112.tlsf	none		{}	20	2	Mealy	Mealy	0b04925f8f1cd5245084cee62ac34a2d1ed4209624eba07810e6aa86605d1f27	MEMOUT		MEMOUT		TIMEOUT		TIMEOUT		stable-unsolved	
F-G-contradiction-113.ltl	direct:tlsf/sweap:F-G-contradiction	F-G-contradiction	direct:tlsf/sweap/F-G-contradiction-113.tlsf	none		{}	20	2	Mealy	Mealy	608404a227a0cc36c916f64ca22a1f68b5797bc98a7c170ba8539cb18b16db18	MEMOUT		MEMOUT		TIMEOUT		TIMEOUT		stable-unsolved	
F-G-contradiction-114.ltl	direct:tlsf/sweap:F-G-contradiction	F-G-contradiction	direct:tlsf/sweap/F-G-contradiction-114.tlsf	none		{}	25	2	Mealy	Mealy	2aceba8b4b95ad304b9ed61da07b0fd7d4558ba9e2279f856a16e40b3d8e89b1	TIMEOUT		TIMEOUT		TIMEOUT		TIMEOUT		stable-unsolved	
F-G-contradiction-12.ltl	direct:tlsf/sweap:F-G-contradiction	F-G-contradiction	direct:tlsf/sweap/F-G-contradiction-12.tlsf	none		{}	9	2	Mealy	Mealy	fb2e11d7347e15dacb959bc8a5232ed19713326373d45b2936d94039f68c3998	UNREALIZABLE	0.07895753400043759	UNREALIZABLE	0.07056364200070675	UNREALIZABLE	0.06482134200632572	UNREALIZABLE	0.06365655700210482	stable-unrealizable	
F-G-contradiction-13.ltl	direct:tlsf/sweap:F-G-contradiction	F-G-contradiction	direct:tlsf/sweap/F-G-contradiction-13.tlsf	none		{}	9	2	Mealy	Mealy	5d576647e85167fc5a7e23fb97d4d4181b7c17778d1009a60b4afc8e3a60e556	UNREALIZABLE	0.13923247500042635	UNREALIZABLE	0.14271517599991057	UNREALIZABLE	0.13090974601800554	UNREALIZABLE	0.1410427939845249	stable-unrealizable	
F-G-contradiction-14.ltl	direct:tlsf/sweap:F-G-contradiction	F-G-contradiction	direct:tlsf/sweap/F-G-contradiction-14.tlsf	none		{}	9	2	Mealy	Mealy	22b9196ebb63bb5e9cd30a74fbefbc6cd4dc2957b9cadbcf90c5def97f6c20c4	UNREALIZABLE	0.29058516799705103	UNREALIZABLE	0.27232137900136877	UNREALIZABLE	0.27822657400975004	UNREALIZABLE	0.32039526602602564	stable-unrealizable	
F-G-contradiction-15.ltl	direct:tlsf/sweap:F-G-contradiction	F-G-contradiction	direct:tlsf/sweap/F-G-contradiction-15.tlsf	none		{}	9	2	Mealy	Mealy	396430b88c5ffe86d671bf7ae78e2acc25f96067bfc7644f0329ebfc21c17fba	UNREALIZABLE	0.2916622439997809	UNREALIZABLE	0.3657749229996625	UNREALIZABLE	0.29506793001201004	UNREALIZABLE	0.3089116670016665	stable-unrealizable	
F-G-contradiction-16.ltl	direct:tlsf/sweap:F-G-contradiction	F-G-contradiction	direct:tlsf/sweap/F-G-contradiction-16.tlsf	none		{}	15	2	Mealy	Mealy	66c1b8f52a798b6f09bf2684bcc09135b142d3965c1a9375479e8c693fcd5d69	UNREALIZABLE	9.355379241002083	UNREALIZABLE	9.798547850001341	UNREALIZABLE	9.092705210990971	UNREALIZABLE	9.106098916992778	stable-unrealizable	
F-G-contradiction-17.ltl	direct:tlsf/sweap:F-G-contradiction	F-G-contradiction	direct:tlsf/sweap/F-G-contradiction-17.tlsf	none		{}	16	2	Mealy	Mealy	65e35f1cfadede9fa977ee7e3140b5ba9ebff8c23040b67cd168decc4267458a	UNREALIZABLE	9.980598581998493	UNREALIZABLE	9.804730430005293	UNREALIZABLE	10.129512492014328	UNREALIZABLE	10.368549136997899	stable-unrealizable	
F-G-contradiction-18.ltl	direct:tlsf/sweap:F-G-contradiction	F-G-contradiction	direct:tlsf/sweap/F-G-contradiction-18.tlsf	none		{}	17	2	Mealy	Mealy	413b4fc8f501c0c5438620ab8bf6771e37e2fbbbbb4cf2a6e22ed09c7cbb18f6	UNREALIZABLE	12.038791849001427	UNREALIZABLE	11.557404086001043	UNREALIZABLE	12.792630042997189	UNREALIZABLE	12.540289961005328	stable-unrealizable	
F-G-contradiction-19.ltl	direct:tlsf/sweap:F-G-contradiction	F-G-contradiction	direct:tlsf/sweap/F-G-contradiction-19.tlsf	none		{}	17	2	Mealy	Mealy	b348ababbaf0a1e7d702d89bf516d395172db81e87ef66a0bb7b175a7fb8611f	UNREALIZABLE	11.829779698993661	UNREALIZABLE	12.89726571898791	UNREALIZABLE	13.007763868983602	UNREALIZABLE	12.671040297020227	stable-unrealizable	
F-G-contradiction-2-unreal.ltl	direct:tlsf/sweap:F-G-contradiction-2-unreal	F-G-contradiction-2-unreal	direct:tlsf/sweap/F-G-contradiction-2-unreal.tlsf	none		{}	9	1	Mealy	Mealy	470dd1d0f620c4d92ea9b478f2c97f8077fc23df9bfbe876ad5fee9d98ab5199	UNREALIZABLE	0.021680496000044513	UNREALIZABLE	0.023294157996133436	UNREALIZABLE	0.03233097499469295	UNREALIZABLE	0.028479840024374425	stable-unrealizable	
FelixSpecFixed2.2.core_fa8592c8.ltl	direct:tlsf/tsl_smart_home_jarvis/extracted-benchmarks:FelixSpecFixed2.2.core	FelixSpecFixed2.2.core	direct:tlsf/tsl_smart_home_jarvis/extracted-benchmarks/FelixSpecFixed2.2.core_fa8592c8.tlsf	none		{}	5	4	Mealy	Mealy	030f3cb9a1602b77127b34989b4a1b93cf386e1209f3b1b8eca38221710154df	UNREALIZABLE	0.016325723998306785	UNREALIZABLE	0.018919891001132783	UNREALIZABLE	0.018570295011159033	UNREALIZABLE	0.02479372199741192	stable-unrealizable	
FelixSpecFixed2_fa4d4ce3.ltl	direct:tlsf/tsl_smart_home_jarvis/extracted-benchmarks:FelixSpecFixed	FelixSpecFixed	direct:tlsf/tsl_smart_home_jarvis/extracted-benchmarks/FelixSpecFixed2_fa4d4ce3.tlsf	none		{}	36	30	Mealy	Mealy	1b45f368d58f5d094da1910917a3e234896205e6d5d925e06867ec3e8853ab08	TIMEOUT		TIMEOUT		TIMEOUT		TIMEOUT		stable-unsolved	
FelixSpecFixed3.core_b209ff21.ltl	direct:tlsf/tsl_smart_home_jarvis/extracted-benchmarks:FelixSpecFixed3.core	FelixSpecFixed3.core	direct:tlsf/tsl_smart_home_jarvis/extracted-benchmarks/FelixSpecFixed3.core_b209ff21.tlsf	none		{}	8	8	Mealy	Mealy	9467e552dabd74fac68ca6ea814d46e0544318da3bf22bf9575008cba3b80da3	UNREALIZABLE	0.059874124999623746	UNREALIZABLE	0.05231534400081728	UNREALIZABLE	0.051526991999708116	UNREALIZABLE	0.048935584985883906	stable-unrealizable	
FelixSpecFixed3_b0840146.ltl	direct:tlsf/tsl_smart_home_jarvis/extracted-benchmarks:FelixSpecFixed	FelixSpecFixed	direct:tlsf/tsl_smart_home_jarvis/extracted-benchmarks/FelixSpecFixed3_b0840146.tlsf	none		{}	36	30	Mealy	Mealy	06ff13a6c3c0765146266491d6ef24122338c5ba23f5fc02fc8fc3d7a5a680e4	TIMEOUT		TIMEOUT		TIMEOUT		TIMEOUT		stable-unsolved	
FelixSpecFixed4GuaranteesOnly_88f351a6.ltl	direct:tlsf/tsl_smart_home_jarvis/extracted-benchmarks:FelixSpecFixed4GuaranteesOnly	FelixSpecFixed4GuaranteesOnly	direct:tlsf/tsl_smart_home_jarvis/extracted-benchmarks/FelixSpecFixed4GuaranteesOnly_88f351a6.tlsf	none		{}	32	14	Mealy	Mealy	38f2f0c3466458ae6975f4d13b8de780267fca3feef4a2784ef4967451857143	UNREALIZABLE	0.01896829900033481	UNREALIZABLE	0.017827842999395216	UNREALIZABLE	0.021399086981546134	UNREALIZABLE	0.02067924599396065	stable-unrealizable	
FelixSpecFixed4_3916ec59.ltl	direct:tlsf/tsl_smart_home_jarvis/extracted-benchmarks:FelixSpecFixed	FelixSpecFixed	direct:tlsf/tsl_smart_home_jarvis/extracted-benchmarks/FelixSpecFixed4_3916ec59.tlsf	none		{}	36	30	Mealy	Mealy	aa0356166a17899696285fa91f1b2b7a0f4689e46a1a6270cc890af54d9ea511	TIMEOUT		TIMEOUT		TIMEOUT		TIMEOUT		stable-unsolved	
FelixSpecFixed5_f82794da.ltl	direct:tlsf/tsl_smart_home_jarvis/extracted-benchmarks:FelixSpecFixed	FelixSpecFixed	direct:tlsf/tsl_smart_home_jarvis/extracted-benchmarks/FelixSpecFixed5_f82794da.tlsf	none		{}	37	30	Mealy	Mealy	827f151562fe0fc74c3080e692adc46ea685ed987cce57e5131b7ca5ffd5b35c	TIMEOUT		TIMEOUT		TIMEOUT		TIMEOUT		stable-unsolved	
FelixSpecFixed_2418b67e.ltl	direct:tlsf/tsl_smart_home_jarvis/extracted-benchmarks:FelixSpecFixed	FelixSpecFixed	direct:tlsf/tsl_smart_home_jarvis/extracted-benchmarks/FelixSpecFixed_2418b67e.tlsf	none		{}	36	30	Mealy	Mealy	8615e317faf8270f0245016b3158a30494e01037f5996f3e91b09d0f6f216a25	TIMEOUT		TIMEOUT		TIMEOUT		TIMEOUT		stable-unsolved	
Full_f1477cc5.ltl	direct:tlsf/tsl_smart_home_jarvis/extracted-benchmarks:Full	Full	direct:tlsf/tsl_smart_home_jarvis/extracted-benchmarks/Full_f1477cc5.tlsf	none		{}	36	30	Mealy	Mealy	aebb73baa34a6f79e3afdc0515e7d1fd163a243d90b13365ee8929db57d046ec	TIMEOUT		TIMEOUT		TIMEOUT		TIMEOUT		stable-unsolved	
GF-G-contradiction0.ltl	direct:tlsf/sweap:GF-G-contradiction	GF-G-contradiction	direct:tlsf/sweap/GF-G-contradiction0.tlsf	none		{}	8	2	Mealy	Mealy	aaeb55004064163ec08125c3cc3a6390592de52b14a737f9b9e20d57eb0d2629	UNREALIZABLE	0.039358310001262	UNREALIZABLE	0.042078673002833966	UNREALIZABLE	0.045175348001066595	UNREALIZABLE	0.043036229006247595	stable-unrealizable	
GF-G-contradiction1.ltl	direct:tlsf/sweap:GF-G-contradiction	GF-G-contradiction	direct:tlsf/sweap/GF-G-contradiction1.tlsf	none		{}	9	2	Mealy	Mealy	0ea6f334a8c7b8e389573644d6bbba9fb23b0e288119854b8a4305f5c4037057	UNREALIZABLE	0.06051097000090522	UNREALIZABLE	0.06397435899998527	UNREALIZABLE	0.06738697801483795	UNREALIZABLE	0.06398417899617925	stable-unrealizable	
GF-G-contradiction2.ltl	direct:tlsf/sweap:GF-G-contradiction	GF-G-contradiction	direct:tlsf/sweap/GF-G-contradiction2.tlsf	none		{}	10	2	Mealy	Mealy	8b06d188aca0fe15df10ca3073bb28a3ef7cc60fec3d1a0570400f2e9f307a3f	UNREALIZABLE	0.24825675300962757	UNREALIZABLE	0.24533702099870425	UNREALIZABLE	0.23807697498705238	UNREALIZABLE	0.2409983719990123	stable-unrealizable	
GF-G-contradiction3.ltl	direct:tlsf/sweap:GF-G-contradiction	GF-G-contradiction	direct:tlsf/sweap/GF-G-contradiction3.tlsf	none		{}	16	2	Mealy	Mealy	036711327b86e9cb4191bf98b25ee6d5910d32061178df9a44d03c049438757e	UNREALIZABLE	1.6990263170009712	UNREALIZABLE	1.6446607649995713	UNREALIZABLE	1.5902048370044213	UNREALIZABLE	1.6553888509806711	stable-unrealizable	
GF-G-contradiction4.ltl	direct:tlsf/sweap:GF-G-contradiction	GF-G-contradiction	direct:tlsf/sweap/GF-G-contradiction4.tlsf	none		{}	16	2	Mealy	Mealy	42bb0bd95600a08b52d4174edcbeb88de1c752bd47a29f3c3661bb6c6a341983	UNREALIZABLE	1.7432090009970125	UNREALIZABLE	1.7675363580056	UNREALIZABLE	1.8788337419973686	UNREALIZABLE	1.9004747080034576	stable-unrealizable	
GF-G-contradiction5.ltl	direct:tlsf/sweap:GF-G-contradiction	GF-G-contradiction	direct:tlsf/sweap/GF-G-contradiction5.tlsf	none		{}	17	2	Mealy	Mealy	92f9348ced9c98682f1df9a341f64c2f823545cea3a7ab14d1d1e44575240084	UNREALIZABLE	2.3757957159978105	UNREALIZABLE	2.3088040729999193	UNREALIZABLE	2.3769685919978656	UNREALIZABLE	2.366104175016517	stable-unrealizable	
GF-G-contradiction6.ltl	direct:tlsf/sweap:GF-G-contradiction	GF-G-contradiction	direct:tlsf/sweap/GF-G-contradiction6.tlsf	none		{}	20	2	Mealy	Mealy	c3752f27f89cdeed0ef9ec3aca3325697f98b57a24b472e9c35f2d70a68948f6	UNREALIZABLE	15.941036232001352	UNREALIZABLE	16.39131794399873	TIMEOUT		UNREALIZABLE	16.28285763101303	stable-unrealizable	
GF-G-contradiction7.ltl	direct:tlsf/sweap:GF-G-contradiction	GF-G-contradiction	direct:tlsf/sweap/GF-G-contradiction7.tlsf	none		{}	20	2	Mealy	Mealy	d3b215bd358f0e3da67ef853815af2fac11f8f9cb2ddaef62c0f574004f45b66	UNREALIZABLE	17.442701447998843	UNREALIZABLE	17.45630955499928	UNREALIZABLE	16.91251234500669	TIMEOUT		stable-unrealizable	
Gamelogic.ltl	direct:tlsf/tsl_paper:Gamelogic	Gamelogic	direct:tlsf/tsl_paper/Gamelogic.tlsf	none		{}	5	25	Mealy	Mealy	d7263cecaa68829136958ad7fd70227820faf9ee4b8a9ca1d52c88f11adc80bd	REALIZABLE	0.028909410000778735	REALIZABLE	0.024023145997489337	REALIZABLE	0.028440435009542853	REALIZABLE	0.019913980009732768	stable-realizable	
GamemodeChooser.ltl	direct:tlsf/tsl_paper:GamemodeChooser	GamemodeChooser	direct:tlsf/tsl_paper/GamemodeChooser.tlsf	none		{}	9	11	Mealy	Mealy	89edf5521d4a4f164af03ad174cbc7017b1dac81946d0dbf5f82eb9b03c8025c	REALIZABLE	0.021377124001446646	REALIZABLE	0.01798833700013347	REALIZABLE	0.04538894500001334	REALIZABLE	0.01746839500265196	stable-realizable	
Gamemodule.ltl	direct:tlsf/tsl_paper:Gamemodule	Gamemodule	direct:tlsf/tsl_paper/Gamemodule.tlsf	none		{}	4	4	Mealy	Mealy	28e892cc3272a4b82d5fcd86f1c8012cd6be58cf752a9f53c158723b104f2e0d	REALIZABLE	0.01874452200718224	REALIZABLE	0.019706017003045417	REALIZABLE	0.020971221005311236	REALIZABLE	0.022853331989608705	stable-realizable	
HeatingMin_d6c5ac79.ltl	direct:tlsf/tsl_smart_home_jarvis/extracted-benchmarks:HeatingMin	HeatingMin	direct:tlsf/tsl_smart_home_jarvis/extracted-benchmarks/HeatingMin_d6c5ac79.tlsf	none		{}	2	3	Mealy	Mealy	064f838dbb236c1a9e35babeba72fa2845c9666138acd2486076366b6a5ec699	REALIZABLE	0.019012147997273132	REALIZABLE	0.023924456996610388	REALIZABLE	0.016749794012866914	REALIZABLE	0.016800490993773565	stable-realizable	
Heating_235467da.ltl	direct:tlsf/tsl_smart_home_jarvis/extracted-benchmarks:Heating	Heating	direct:tlsf/tsl_smart_home_jarvis/extracted-benchmarks/Heating_235467da.tlsf	none		{}	3	3	Mealy	Mealy	4eb9c09220f7475389c41269f02eae5fc24a068d2cb9a41225aca0b6cb4ac53c	REALIZABLE	0.023074361997714732	REALIZABLE	0.03765075000410434	REALIZABLE	0.02353501398465596	REALIZABLE	0.033474274998297915	stable-realizable	
Heating_974f4a68.ltl	direct:tlsf/tsl_smart_home_jarvis/extracted-benchmarks:Heating	Heating	direct:tlsf/tsl_smart_home_jarvis/extracted-benchmarks/Heating_974f4a68.tlsf	none		{}	4	3	Mealy	Mealy	ab9b4eb3129740fb91f3dd683a87bac390778f81b44599728c01d112e92f1804	REALIZABLE	0.03672498599917162	REALIZABLE	0.018219235997094074	REALIZABLE	0.025740638026036322	REALIZABLE	0.041571346984710544	stable-realizable	
Heating_b02056d6.ltl	direct:tlsf/tsl_smart_home_jarvis/extracted-benchmarks:Heating	Heating	direct:tlsf/tsl_smart_home_jarvis/extracted-benchmarks/Heating_b02056d6.tlsf	none		{}	3	3	Mealy	Mealy	2c7aeceb5141460c30aeb851c054683330f9b3d6f85a3169442fbb7f1e2cde1d	REALIZABLE	0.024086475001240615	REALIZABLE	0.02760814700013725	REALIZABLE	0.029345118993660435	REALIZABLE	0.028989216982154176	stable-realizable	
Heating_b209ff21.ltl	direct:tlsf/tsl_smart_home_jarvis/extracted-benchmarks:Heating	Heating	direct:tlsf/tsl_smart_home_jarvis/extracted-benchmarks/Heating_b209ff21.tlsf	none		{}	3	3	Mealy	Mealy	5ddc379c04eb6a192e2c37169631eb3b66e3972657bf30c8fe5b953bb99afbc3	REALIZABLE	0.03338596899993718	REALIZABLE	0.024268102999485563	REALIZABLE	0.025230807019397616	REALIZABLE	0.03500080300727859	stable-realizable	
Increment.ltl	direct:tlsf/tsl_paper:Increment	Increment	direct:tlsf/tsl_paper/Increment.tlsf	none		{}	1	2	Mealy	Mealy	3e1d979f488835605479ee1100071d31a8cbec4f50b8afe133a86f87a9f17260	REALIZABLE	0.02690037299907999	REALIZABLE	0.02997700400010217	REALIZABLE	0.031578209018334746	REALIZABLE	0.03141086900723167	stable-realizable	
IntendDemo_42dc4fff.ltl	direct:tlsf/tsl_smart_home_jarvis/extracted-benchmarks:IntendDemo	IntendDemo	direct:tlsf/tsl_smart_home_jarvis/extracted-benchmarks/IntendDemo_42dc4fff.tlsf	none		{}	14	17	Mealy	Mealy	2d0170d428adb0c73150c6668309a524862747f882847d1dd1d27dd3be199484	UNREALIZABLE	0.03642397400108166	UNREALIZABLE	0.05413010399934137	UNREALIZABLE	0.044667926005786285	UNREALIZABLE	0.050601827999344096	stable-unrealizable	
KitchenTimerV0.ltl	direct:tlsf/tsl_paper:KitchenTimerV	KitchenTimerV	direct:tlsf/tsl_paper/KitchenTimerV0.tlsf	none		{}	2	2	Mealy	Mealy	1bcc88f5402ce96de80b8c179f6389dc0668267e592d1526804732306894dde4	REALIZABLE	0.02198171600321075	REALIZABLE	0.017094991002522875	REALIZABLE	0.022227501001907513	REALIZABLE	0.01773104100720957	stable-realizable	
KitchenTimerV1.ltl	direct:tlsf/tsl_paper:KitchenTimerV	KitchenTimerV	direct:tlsf/tsl_paper/KitchenTimerV1.tlsf	none		{}	2	6	Mealy	Mealy	1bfdf1204629c9680da29179f05d81aa4c23ccf188ae1eb6efc9a6188b32ad7d	REALIZABLE	0.028219266998348758	REALIZABLE	0.0322657370052184	REALIZABLE	0.02486842099460773	REALIZABLE	0.018204964988399297	stable-realizable	
KitchenTimerV10.ltl	direct:tlsf/tsl_paper:KitchenTimerV	KitchenTimerV	direct:tlsf/tsl_paper/KitchenTimerV10.tlsf	none		{}	4	11	Mealy	Mealy	fae21e7d586943e21dbbfbffff659548465ef17b32d03bd490e175a46cc59191	REALIZABLE	0.08571425799891585	REALIZABLE	0.08452764899993781	REALIZABLE	0.10560879201511852	REALIZABLE	0.0961044010182377	stable-realizable	
KitchenTimerV2.ltl	direct:tlsf/tsl_paper:KitchenTimerV	KitchenTimerV	direct:tlsf/tsl_paper/KitchenTimerV2.tlsf	none		{}	4	6	Mealy	Mealy	700bf80d70fc8688c5d773819d2d19ef371f2b2584d265eb506eaf202270a66e	REALIZABLE	0.018680110995774157	REALIZABLE	0.021975151998049114	REALIZABLE	0.02307254000334069	REALIZABLE	0.024620295997010544	stable-realizable	
KitchenTimerV3.ltl	direct:tlsf/tsl_paper:KitchenTimerV	KitchenTimerV	direct:tlsf/tsl_paper/KitchenTimerV3.tlsf	none		{}	4	6	Mealy	Mealy	10cf1c26f0aa446fe0f0da506bbcf8ce30e087ff3b36b7d0bd170396d34bcc75	REALIZABLE	0.03313671199975943	REALIZABLE	0.029590016999463842	REALIZABLE	0.03153262901469134	REALIZABLE	0.040234812011476606	stable-realizable	
KitchenTimerV4.ltl	direct:tlsf/tsl_paper:KitchenTimerV	KitchenTimerV	direct:tlsf/tsl_paper/KitchenTimerV4.tlsf	none		{}	4	6	Mealy	Mealy	b3beb35612cd1a712f3c0252d74795320595e929b02bb7cad4ce82476eaa14aa	REALIZABLE	0.028010807996906806	REALIZABLE	0.04314468699885765	REALIZABLE	0.031630512996343896	REALIZABLE	0.053499278001254424	stable-realizable	
KitchenTimerV5.ltl	direct:tlsf/tsl_paper:KitchenTimerV	KitchenTimerV	direct:tlsf/tsl_paper/KitchenTimerV5.tlsf	none		{}	4	6	Mealy	Mealy	7b2f5af12365bc813fcff3ef3f3a0dc301b1e7539616476ad84dde67b4be5bf9	REALIZABLE	0.0649885330003599	REALIZABLE	0.052524489001370966	REALIZABLE	0.046275974018499255	REALIZABLE	0.045279791025677696	stable-realizable	
KitchenTimerV6.ltl	direct:tlsf/tsl_paper:KitchenTimerV	KitchenTimerV	direct:tlsf/tsl_paper/KitchenTimerV6.tlsf	none		{}	4	6	Mealy	Mealy	4b1c8ac80cabddf450d8361803f8ed6dda3ce07cc843bed369b8a098de0fb31d	REALIZABLE	0.06065392800155678	REALIZABLE	0.07964130799882696	REALIZABLE	0.06966104498133063	REALIZABLE	0.07496311099384911	stable-realizable	
KitchenTimerV7.ltl	direct:tlsf/tsl_paper:KitchenTimerV	KitchenTimerV	direct:tlsf/tsl_paper/KitchenTimerV7.tlsf	none		{}	4	8	Mealy	Mealy	44a14a47b9ff97d1c40a47fee16b013317be0661076a5a5ece8aa475002bd107	REALIZABLE	0.06552952999936679	REALIZABLE	0.08005931800016697	REALIZABLE	0.06005569198168814	REALIZABLE	0.07807127200067043	stable-realizable	
KitchenTimerV8.ltl	direct:tlsf/tsl_paper:KitchenTimerV	KitchenTimerV	direct:tlsf/tsl_paper/KitchenTimerV8.tlsf	none		{}	4	11	Mealy	Mealy	68c7507a83d6932281f4bd70eb8ca332d3eb83e5b15ab9baba042a01c0dab3ef	REALIZABLE	0.07430862799810711	REALIZABLE	0.09284433400898706	REALIZABLE	0.07519768399652094	REALIZABLE	0.08415547301410697	stable-realizable	
KitchenTimerV9.ltl	direct:tlsf/tsl_paper:KitchenTimerV	KitchenTimerV	direct:tlsf/tsl_paper/KitchenTimerV9.tlsf	none		{}	4	11	Mealy	Mealy	f11f9131e106d772e976cfa2cf4ef386e50e185733cecab91d9725b1f0b75e73	REALIZABLE	0.12784261400520336	REALIZABLE	0.1361308190098498	REALIZABLE	0.12949695400311612	REALIZABLE	0.14153936997172423	stable-realizable	
LampController_974f4a68.ltl	direct:tlsf/tsl_smart_home_jarvis/extracted-benchmarks:LampController	LampController	direct:tlsf/tsl_smart_home_jarvis/extracted-benchmarks/LampController_974f4a68.tlsf	none		{}	5	3	Mealy	Mealy	96ed00b17a3e5b789426154f4e8f23e357abaf308f4710738d4328ba43d896f3	REALIZABLE	0.03347175399539992	REALIZABLE	0.03702903199882712	REALIZABLE	0.03996017901226878	REALIZABLE	0.03715913099586032	stable-realizable	
LedMatrix.ltl	direct:tlsf/tsl_paper:LedMatrix	LedMatrix	direct:tlsf/tsl_paper/LedMatrix.tlsf	none		{}	3	27	Mealy	Mealy	bb5c17419f09ab5057b99debcc7261ff21462b307a322a2725b6b64d54307d00	TIMEOUT		TIMEOUT		TIMEOUT		TIMEOUT		stable-unsolved	
Light_a50cadd7.ltl	direct:tlsf/tsl_smart_home_jarvis/extracted-benchmarks:Light	Light	direct:tlsf/tsl_smart_home_jarvis/extracted-benchmarks/Light_a50cadd7.tlsf	none		{}	2	4	Mealy	Mealy	745f33e7c2f2590eaf5154bef8f19f88acf93dcff035be5124118126072e1409	UNREALIZABLE	0.015289495000615716	UNREALIZABLE	0.03173211499961326	UNREALIZABLE	0.014551316009601578	UNREALIZABLE	0.020299266005167738	stable-unrealizable	
Light_aeb1d897.ltl	direct:tlsf/tsl_smart_home_jarvis/extracted-benchmarks:Light	Light	direct:tlsf/tsl_smart_home_jarvis/extracted-benchmarks/Light_aeb1d897.tlsf	none		{}	5	4	Mealy	Mealy	27aa0961c3b8a1b27e8b1cf3bc7c9c22cad349a2b1cfd55f188ff05ac052b703	UNREALIZABLE	0.024163296999176964	UNREALIZABLE	0.028785146001609974	UNREALIZABLE	0.027651628013700247	UNREALIZABLE	0.03510806997655891	stable-unrealizable	
Light_d65ed84e.ltl	direct:tlsf/tsl_smart_home_jarvis/extracted-benchmarks:Light	Light	direct:tlsf/tsl_smart_home_jarvis/extracted-benchmarks/Light_d65ed84e.tlsf	none		{}	5	4	Mealy	Mealy	4cbcbdc610876566bbbd78341e4b16e859913e4b5bbf3b96bf2da5980fb05bc2	REALIZABLE	0.04476595000596717	REALIZABLE	0.023913131997687742	REALIZABLE	0.03212947098654695	REALIZABLE	0.029607422009576112	stable-realizable	
Lights2Min_9cbf2546.ltl	direct:tlsf/tsl_smart_home_jarvis/extracted-benchmarks:Lights2Min	Lights2Min	direct:tlsf/tsl_smart_home_jarvis/extracted-benchmarks/Lights2Min_9cbf2546.tlsf	none		{}	6	6	Mealy	Mealy	d8551c85375017f7f69330aa7f73993b157b09ac2f8c3900c3f55364f882f5a4	REALIZABLE	0.021555502999035525	REALIZABLE	0.02078290899953572	REALIZABLE	0.031956757011357695	REALIZABLE	0.02264272200409323	stable-realizable	
Lights2_06e9cad4.ltl	direct:tlsf/tsl_smart_home_jarvis/extracted-benchmarks:Lights	Lights	direct:tlsf/tsl_smart_home_jarvis/extracted-benchmarks/Lights2_06e9cad4.tlsf	none		{}	9	8	Mealy	Mealy	5297f43506d55ad1fa793b908e8b4ab3a48973037f4ee85b635c01710cd9dad2	REALIZABLE	0.17079496199949062	REALIZABLE	0.19348444099887274	REALIZABLE	0.2090325430035591	REALIZABLE	0.1873450179991778	stable-realizable	
Lights2_0f5381e9.ltl	direct:tlsf/tsl_smart_home_jarvis/extracted-benchmarks:Lights	Lights	direct:tlsf/tsl_smart_home_jarvis/extracted-benchmarks/Lights2_0f5381e9.tlsf	none		{}	8	8	Mealy	Mealy	35240de7fca58f5951bd10e79e745faf42c69ace72bb1510136eb1ad3d190913	REALIZABLE	0.189128920001167	REALIZABLE	0.19230556399998022	REALIZABLE	0.19240961098694243	REALIZABLE	0.18434288300340995	stable-realizable	
Lights2_2c5b09da.ltl	direct:tlsf/tsl_smart_home_jarvis/extracted-benchmarks:Lights	Lights	direct:tlsf/tsl_smart_home_jarvis/extracted-benchmarks/Lights2_2c5b09da.tlsf	none		{}	10	8	Mealy	Mealy	cd2fadd4f74775e34b79efd8c8f83dbe71cd7d16188935b737771ca94187c3cc	REALIZABLE	0.04770100300083868	REALIZABLE	0.04264081400106079	REALIZABLE	0.04912391200195998	REALIZABLE	0.04580401600105688	stable-realizable	
Lights2_9cac58d3.ltl	direct:tlsf/tsl_smart_home_jarvis/extracted-benchmarks:Lights	Lights	direct:tlsf/tsl_smart_home_jarvis/extracted-benchmarks/Lights2_9cac58d3.tlsf	none		{}	7	8	Mealy	Mealy	d1efb0f9d79d5bf075bde2f109b3badd51c4c8ab5f79066318bd436d0fda2a3d	REALIZABLE	0.20271404799859738	REALIZABLE	0.20294821800052887	REALIZABLE	0.19649162297719158	REALIZABLE	0.2055487589968834	stable-realizable	
Lights2_b02056d6.ltl	direct:tlsf/tsl_smart_home_jarvis/extracted-benchmarks:Lights	Lights	direct:tlsf/tsl_smart_home_jarvis/extracted-benchmarks/Lights2_b02056d6.tlsf	none		{}	7	8	Mealy	Mealy	9833d7e90c1a1c6de2bf2c670728ade5c89ab51d646d8ab4dd8bb1a6b77932ed	REALIZABLE	0.19235478100017644	REALIZABLE	0.19774232099916844	REALIZABLE	0.1865921060089022	REALIZABLE	0.19929618400055915	stable-realizable	
Lights2_f1477cc5.ltl	direct:tlsf/tsl_smart_home_jarvis/extracted-benchmarks:Lights	Lights	direct:tlsf/tsl_smart_home_jarvis/extracted-benchmarks/Lights2_f1477cc5.tlsf	none		{}	8	8	Mealy	Mealy	ce4bdc94c22d399beb27511858776aefc914740434085d1ef603eb2bc99e6884	UNREALIZABLE	0.052994136000052094	UNREALIZABLE	0.05850244700195617	UNREALIZABLE	0.043127704004291445	UNREALIZABLE	0.04962480699759908	stable-unrealizable	
Lights2_f3987563.ltl	direct:tlsf/tsl_smart_home_jarvis/extracted-benchmarks:Lights	Lights	direct:tlsf/tsl_smart_home_jarvis/extracted-benchmarks/Lights2_f3987563.tlsf	none		{}	7	8	Mealy	Mealy	bd869c5b0487c4e12f4dc6111b1ada12921391b7dd8682cec091330ea6e27412	REALIZABLE	0.1838796839947463	REALIZABLE	0.1936697209966951	REALIZABLE	0.17942057101754472	REALIZABLE	0.17170039500342682	stable-realizable	
Lights3Min_6479ef9a.ltl	direct:tlsf/tsl_smart_home_jarvis/extracted-benchmarks:Lights3Min	Lights3Min	direct:tlsf/tsl_smart_home_jarvis/extracted-benchmarks/Lights3Min_6479ef9a.tlsf	none		{}	5	4	Mealy	Mealy	6c3bf329ab15570b05a3a944572613467e65a4ee63cb3f77266d90ff33ebaaba	REALIZABLE	0.034731763000309	REALIZABLE	0.039634784996451344	REALIZABLE	0.02963385498151183	REALIZABLE	0.03817759800585918	stable-realizable	
Lights3_06e9cad4.ltl	direct:tlsf/tsl_smart_home_jarvis/extracted-benchmarks:Lights	Lights	direct:tlsf/tsl_smart_home_jarvis/extracted-benchmarks/Lights3_06e9cad4.tlsf	none		{}	9	4	Mealy	Mealy	0af49d3e13f638417f5c7ab4a3cbad5fbdf4aebb7edcbccf5288743fac9c6fe5	REALIZABLE	0.03000279299885733	REALIZABLE	0.03326280400142423	REALIZABLE	0.032458921981742606	REALIZABLE	0.03255984399584122	stable-realizable	
Lights3_235467da.ltl	direct:tlsf/tsl_smart_home_jarvis/extracted-benchmarks:Lights	Lights	direct:tlsf/tsl_smart_home_jarvis/extracted-benchmarks/Lights3_235467da.tlsf	none		{}	7	4	Mealy	Mealy	055791ec224ca60ea6e72f821306b4f7fe1d8a315f4ce36dff5c59013b8b1523	REALIZABLE	0.034974918999068905	REALIZABLE	0.039713520993245766	REALIZABLE	0.04084004199830815	REALIZABLE	0.027464129001600668	stable-realizable	
Lights3_2c5b09da.ltl	direct:tlsf/tsl_smart_home_jarvis/extracted-benchmarks:Lights	Lights	direct:tlsf/tsl_smart_home_jarvis/extracted-benchmarks/Lights3_2c5b09da.tlsf	none		{}	10	4	Mealy	Mealy	7900a5884db22741885ce1a6b49ec24e1290bdecacb5a8d9e12a73cb522bf70b	REALIZABLE	0.020458499995584134	REALIZABLE	0.02062433899845928	REALIZABLE	0.020431872981134802	REALIZABLE	0.023359815997537225	stable-realizable	
Lights3_3916ec59.ltl	direct:tlsf/tsl_smart_home_jarvis/extracted-benchmarks:Lights	Lights	direct:tlsf/tsl_smart_home_jarvis/extracted-benchmarks/Lights3_3916ec59.tlsf	none		{}	8	4	Mealy	Mealy	1b710b0f688031b41b762b8aa5e487ea71f7667e5457d6d75499e8f80ceb9809	REALIZABLE	0.03323724500114622	REALIZABLE	0.031421802999830106	REALIZABLE	0.03682446599123068	REALIZABLE	0.031369039992569014	stable-realizable	
Lights3_6bea956e.ltl	direct:tlsf/tsl_smart_home_jarvis/extracted-benchmarks:Lights	Lights	direct:tlsf/tsl_smart_home_jarvis/extracted-benchmarks/Lights3_6bea956e.tlsf	none		{}	7	4	Mealy	Mealy	1328d11e2c3b226dd466e742d54c66dfc08891171a4dd0ef8dee7fc10ffe28c3	REALIZABLE	0.050687396000284934	REALIZABLE	0.03838876000008895	REALIZABLE	0.04363777200342156	REALIZABLE	0.04697099298937246	stable-realizable	
Lights3_f1477cc5.ltl	direct:tlsf/tsl_smart_home_jarvis/extracted-benchmarks:Lights	Lights	direct:tlsf/tsl_smart_home_jarvis/extracted-benchmarks/Lights3_f1477cc5.tlsf	none		{}	7	4	Mealy	Mealy	2b0cc764dce48a797dcec693c9d34795a96f59d5687c0bf8ad185c9d3a1e0503	REALIZABLE	0.05184927099617198	REALIZABLE	0.046321809000801295	REALIZABLE	0.05252801897586323	REALIZABLE	0.04968298101448454	stable-realizable	
LightsMin_6bea956e.ltl	direct:tlsf/tsl_smart_home_jarvis/extracted-benchmarks:LightsMin	LightsMin	direct:tlsf/tsl_smart_home_jarvis/extracted-benchmarks/LightsMin_6bea956e.tlsf	none		{}	3	4	Mealy	Mealy	9f376ab67e60d10d7a01ce46cb0fa800baaaacae576b72b16ae1e2f88e23fd4b	REALIZABLE	0.016419324005255476	REALIZABLE	0.017382701000315137	REALIZABLE	0.025473826011875644	REALIZABLE	0.02759849399444647	stable-realizable	
LightsTotal_06e9cad4.ltl	direct:tlsf/tsl_smart_home_jarvis/extracted-benchmarks:LightsTotal	LightsTotal	direct:tlsf/tsl_smart_home_jarvis/extracted-benchmarks/LightsTotal_06e9cad4.tlsf	none		{}	10	8	Mealy	Mealy	6ee89b17b97e5d9b37c0f427d567982eb98273db56ef1149c6e7d0138a5dd02e	REALIZABLE	0.40484931300306926	REALIZABLE	0.41874461000043084	REALIZABLE	0.43971854602568783	REALIZABLE	0.4336241980199702	stable-realizable	
LightsTotal_2c5b09da.ltl	direct:tlsf/tsl_smart_home_jarvis/extracted-benchmarks:LightsTotal	LightsTotal	direct:tlsf/tsl_smart_home_jarvis/extracted-benchmarks/LightsTotal_2c5b09da.tlsf	none		{}	11	8	Mealy	Mealy	180f747cb16297bbbf04f75136fd077768ccc0f99627c5280f097eec9bd5ca05	UNREALIZABLE	0.06617848700261675	UNREALIZABLE	0.05872586699842941	UNREALIZABLE	0.060282138001639396	UNREALIZABLE	0.06268628899124451	stable-unrealizable	
LightsTotal_9cbf2546.ltl	direct:tlsf/tsl_smart_home_jarvis/extracted-benchmarks:LightsTotal	LightsTotal	direct:tlsf/tsl_smart_home_jarvis/extracted-benchmarks/LightsTotal_9cbf2546.tlsf	none		{}	8	8	Mealy	Mealy	bac713e02fbd61febececb9943a9a12d3e03792a45b3e80af16af0dd9bb391b9	REALIZABLE	0.40070360200479627	REALIZABLE	0.4243920760054607	REALIZABLE	0.4360887939983513	REALIZABLE	0.41981952500646	stable-realizable	
LightsTotal_d65ed84e.ltl	direct:tlsf/tsl_smart_home_jarvis/extracted-benchmarks:LightsTotal	LightsTotal	direct:tlsf/tsl_smart_home_jarvis/extracted-benchmarks/LightsTotal_d65ed84e.tlsf	none		{}	9	8	Mealy	Mealy	9587ba20fd87489d37089901e51def1a17e922a82b1c9c1cd18cd978dbc96914	REALIZABLE	0.376394220002112	REALIZABLE	0.3679302730015479	REALIZABLE	0.38820782100083306	REALIZABLE	0.41167688099085353	stable-realizable	
Lights_06e9cad4.ltl	direct:tlsf/tsl_smart_home_jarvis/extracted-benchmarks:Lights	Lights	direct:tlsf/tsl_smart_home_jarvis/extracted-benchmarks/Lights_06e9cad4.tlsf	none		{}	8	4	Mealy	Mealy	444cedd0396d8cb77d8281ae2bc35b29f916f66467a9865e009f1f2975fe2f21	REALIZABLE	0.042332191005698405	REALIZABLE	0.04346717400039779	REALIZABLE	0.04269530301098712	REALIZABLE	0.04531845299061388	stable-realizable	
Lights_2c5b09da.ltl	direct:tlsf/tsl_smart_home_jarvis/extracted-benchmarks:Lights	Lights	direct:tlsf/tsl_smart_home_jarvis/extracted-benchmarks/Lights_2c5b09da.tlsf	none		{}	9	4	Mealy	Mealy	742272b9d58d45e38c87f7ab753ddd210604fc35887ee2355ed6724ec5e4fc09	REALIZABLE	0.023774527006025892	REALIZABLE	0.024190552001527976	REALIZABLE	0.033816265990026295	REALIZABLE	0.01915378199191764	stable-realizable	
Lights_3461125b.ltl	direct:tlsf/tsl_smart_home_jarvis/extracted-benchmarks:Lights	Lights	direct:tlsf/tsl_smart_home_jarvis/extracted-benchmarks/Lights_3461125b.tlsf	none		{}	6	4	Mealy	Mealy	1c91041012bd1c524de180b0a729b46a35cb2d5a75e9cf61c5af51381501dac1	REALIZABLE	0.0355340599999181	REALIZABLE	0.03954013399925316	REALIZABLE	0.03624922499875538	REALIZABLE	0.039032849977957085	stable-realizable	
Lights_9cac58d3.ltl	direct:tlsf/tsl_smart_home_jarvis/extracted-benchmarks:Lights	Lights	direct:tlsf/tsl_smart_home_jarvis/extracted-benchmarks/Lights_9cac58d3.tlsf	none		{}	6	4	Mealy	Mealy	fcfeca9bcf7ae8e3ab36e24985424952d6a4497aa0a831c98aa6647d05b7ccc5	REALIZABLE	0.051126965998264495	REALIZABLE	0.045985068998561474	REALIZABLE	0.051600111997686327	REALIZABLE	0.033030410995706916	stable-realizable	
Lights_b0840146.ltl	direct:tlsf/tsl_smart_home_jarvis/extracted-benchmarks:Lights	Lights	direct:tlsf/tsl_smart_home_jarvis/extracted-benchmarks/Lights_b0840146.tlsf	none		{}	7	4	Mealy	Mealy	942ca72016a60bed377c7070b1ded5691f9d410f69a26cc4c8797040507183fe	REALIZABLE	0.03467592899687588	REALIZABLE	0.029376630001934245	REALIZABLE	0.041892127017490566	REALIZABLE	0.029165968007873744	stable-realizable	
Lights_f3987563.ltl	direct:tlsf/tsl_smart_home_jarvis/extracted-benchmarks:Lights	Lights	direct:tlsf/tsl_smart_home_jarvis/extracted-benchmarks/Lights_f3987563.tlsf	none		{}	6	4	Mealy	Mealy	343ea3e683c443773513375ce74f31f030cfb8d42b7836989afa4941ea6b468b	REALIZABLE	0.03927750500224647	REALIZABLE	0.055791045997466426	REALIZABLE	0.045412362000206485	REALIZABLE	0.04597703300532885	stable-realizable	
ModdifiedLedMatrix4X.ltl	direct:tlsf/tsl_paper:ModdifiedLedMatrix4X	ModdifiedLedMatrix4X	direct:tlsf/tsl_paper/ModdifiedLedMatrix4X.tlsf	none		{}	3	25	Mealy	Mealy	d253274821badc19e9038d6beaa48c525585aac8fb9b4d43ba5988487fe301aa	UNREALIZABLE	0.520939827998518	UNREALIZABLE	0.5651378620023024	UNREALIZABLE	0.556914822984254	UNREALIZABLE	0.5647260409896262	stable-unrealizable	
ModdifiedLedMatrix5X.ltl	direct:tlsf/tsl_paper:ModdifiedLedMatrix5X	ModdifiedLedMatrix5X	direct:tlsf/tsl_paper/ModdifiedLedMatrix5X.tlsf	none		{}	3	25	Mealy	Mealy	525a3ddcb91f1896ff4b025b1b45b6b908c0558cafa0bfbf32f524f8c72f5cf6	REALIZABLE	0.1302901879989804	REALIZABLE	0.12900962000003346	REALIZABLE	0.1114124890009407	REALIZABLE	0.11687626998173073	stable-realizable	
Morning2Min_6cbc6174.ltl	direct:tlsf/tsl_smart_home_jarvis/extracted-benchmarks:Morning2Min	Morning2Min	direct:tlsf/tsl_smart_home_jarvis/extracted-benchmarks/Morning2Min_6cbc6174.tlsf	none		{}	12	3	Mealy	Mealy	8071b7f71f30a4f0f1cff8e423b8a7c0080ab55c5ee4cd8ea87ba74d99a6504e	REALIZABLE	0.020666821999839158	REALIZABLE	0.01647356600005878	REALIZABLE	0.020030090992804617	REALIZABLE	0.01800764599465765	stable-realizable	
Morning2_06e9cad4.ltl	direct:tlsf/tsl_smart_home_jarvis/extracted-benchmarks:Morning	Morning	direct:tlsf/tsl_smart_home_jarvis/extracted-benchmarks/Morning2_06e9cad4.tlsf	none		{}	23	10	Mealy	Mealy	6ff39b07dfe7f647d04ad179c04383a3cd0dbad43e70301d6782452fecf5669d	MEMOUT		MEMOUT		TIMEOUT		TIMEOUT		stable-unsolved	
Morning2_1cf58fc1.ltl	direct:tlsf/tsl_smart_home_jarvis/extracted-benchmarks:Morning	Morning	direct:tlsf/tsl_smart_home_jarvis/extracted-benchmarks/Morning2_1cf58fc1.tlsf	none		{}	18	10	Mealy	Mealy	55e426d6a107bcb8589bb0d5f90fabb74b5a2d6b95e758a249450a1b35c7a123	UNREALIZABLE	0.07881057500344468	UNREALIZABLE	0.07853715199962608	UNREALIZABLE	0.09037403500406072	UNREALIZABLE	0.07990584400249645	stable-unrealizable	
Morning2_2c5b09da.ltl	direct:tlsf/tsl_smart_home_jarvis/extracted-benchmarks:Morning	Morning	direct:tlsf/tsl_smart_home_jarvis/extracted-benchmarks/Morning2_2c5b09da.tlsf	none		{}	24	10	Mealy	Mealy	7ab97ca9cfea1afe011acba9938755a4e7f557b81a39e804b5c71ccfbe1b8b98	TIMEOUT		TIMEOUT		TIMEOUT		TIMEOUT		stable-unsolved	
Morning2_407db2cc.ltl	direct:tlsf/tsl_smart_home_jarvis/extracted-benchmarks:Morning	Morning	direct:tlsf/tsl_smart_home_jarvis/extracted-benchmarks/Morning2_407db2cc.tlsf	none		{}	18	10	Mealy	Mealy	f1542410d60db27876218856d7414cea884411feb5e297c5d0f0efd82ac9559b	TIMEOUT		TIMEOUT		TIMEOUT		TIMEOUT		stable-unsolved	
Morning2_4d4ca5c4.ltl	direct:tlsf/tsl_smart_home_jarvis/extracted-benchmarks:Morning	Morning	direct:tlsf/tsl_smart_home_jarvis/extracted-benchmarks/Morning2_4d4ca5c4.tlsf	none		{}	16	10	Mealy	Mealy	34868f777b87fc04d20952b492ae9231f6848df3573902cbdc798723715bad24	REALIZABLE	0.01972166300402023	REALIZABLE	0.023607114009791985	REALIZABLE	0.03473339998163283	REALIZABLE	0.02160690602613613	stable-realizable	
Morning2_63831f8c.ltl	direct:tlsf/tsl_smart_home_jarvis/extracted-benchmarks:Morning	Morning	direct:tlsf/tsl_smart_home_jarvis/extracted-benchmarks/Morning2_63831f8c.tlsf	none		{}	21	10	Mealy	Mealy	1b4493ad7a821195a8212def677e2a8a1fdfe2fbd213277e8509e81c22bf8246	MEMOUT		MEMOUT		TIMEOUT		TIMEOUT		stable-unsolved	
Morning2_68c86764.ltl	direct:tlsf/tsl_smart_home_jarvis/extracted-benchmarks:Morning	Morning	direct:tlsf/tsl_smart_home_jarvis/extracted-benchmarks/Morning2_68c86764.tlsf	none		{}	18	10	Mealy	Mealy	190b61ded8c751e7dda8abb456feacaaff5b42558244cb036297ba25a8328f42	MEMOUT		MEMOUT		TIMEOUT		TIMEOUT		stable-unsolved	
Morning2_9cac58d3.ltl	direct:tlsf/tsl_smart_home_jarvis/extracted-benchmarks:Morning	Morning	direct:tlsf/tsl_smart_home_jarvis/extracted-benchmarks/Morning2_9cac58d3.tlsf	none		{}	16	10	Mealy	Mealy	1275441f4700a2888abbbe34b1fbb758cc9b8e9a2d2fefe3933d65cb3ebeed8f	REALIZABLE	0.032432410000183154	REALIZABLE	0.028632556000957265	REALIZABLE	0.026541748986346647	REALIZABLE	0.027846098004374653	stable-realizable	
Morning2_d65ed84e.ltl	direct:tlsf/tsl_smart_home_jarvis/extracted-benchmarks:Morning	Morning	direct:tlsf/tsl_smart_home_jarvis/extracted-benchmarks/Morning2_d65ed84e.tlsf	none		{}	22	10	Mealy	Mealy	351e3e9fadd8c4a55cd04cd60dac270bf3e72fca0d3591fe6196458034771ea7	MEMOUT		MEMOUT		TIMEOUT		TIMEOUT		stable-unsolved	
Morning2s_06cf2373.ltl	direct:tlsf/tsl_smart_home_jarvis/extracted-benchmarks:Morning2s	Morning2s	direct:tlsf/tsl_smart_home_jarvis/extracted-benchmarks/Morning2s_06cf2373.tlsf	none		{}	21	10	Mealy	Mealy	1371c3dd52d9a320383e8e1b37f618d49787e362bff399c045ce5586b74c7e67	TIMEOUT		TIMEOUT		TIMEOUT		TIMEOUT		stable-unsolved	
Morning2s_06e9cad4.ltl	direct:tlsf/tsl_smart_home_jarvis/extracted-benchmarks:Morning2s	Morning2s	direct:tlsf/tsl_smart_home_jarvis/extracted-benchmarks/Morning2s_06e9cad4.tlsf	none		{}	23	10	Mealy	Mealy	e4079efee47d20de3c73cc85539f2d47f316647e3246fbfda6d423956dadf55f	TIMEOUT		TIMEOUT		TIMEOUT		TIMEOUT		stable-unsolved	
Morning2s_2c5b09da.ltl	direct:tlsf/tsl_smart_home_jarvis/extracted-benchmarks:Morning2s	Morning2s	direct:tlsf/tsl_smart_home_jarvis/extracted-benchmarks/Morning2s_2c5b09da.tlsf	none		{}	24	10	Mealy	Mealy	9b2a584ba8d929e9216ca977830fe61e37245043049f6c60d2cc4b4b4d4edac9	TIMEOUT		TIMEOUT		TIMEOUT		TIMEOUT		stable-unsolved	
Morning2s_42dc4fff.ltl	direct:tlsf/tsl_smart_home_jarvis/extracted-benchmarks:Morning2s	Morning2s	direct:tlsf/tsl_smart_home_jarvis/extracted-benchmarks/Morning2s_42dc4fff.tlsf	none		{}	22	10	Mealy	Mealy	acb58dfe089e4ab004ed108c1f37bcd265dd0c36d641799318111d3259c27f82	TIMEOUT		TIMEOUT		TIMEOUT		TIMEOUT		stable-unsolved	
Morning2s_9cbf2546.ltl	direct:tlsf/tsl_smart_home_jarvis/extracted-benchmarks:Morning2s	Morning2s	direct:tlsf/tsl_smart_home_jarvis/extracted-benchmarks/Morning2s_9cbf2546.tlsf	none		{}	18	10	Mealy	Mealy	5665e925e048ff5d05c9e7327141feb770f1922716a1cb122667ca6dd893396f	TIMEOUT		TIMEOUT		TIMEOUT		TIMEOUT		stable-unsolved	
Morning2s_d6c5ac79.ltl	direct:tlsf/tsl_smart_home_jarvis/extracted-benchmarks:Morning2s	Morning2s	direct:tlsf/tsl_smart_home_jarvis/extracted-benchmarks/Morning2s_d6c5ac79.tlsf	none		{}	22	10	Mealy	Mealy	b3890ab0a4c9ed602691928ec574a5b93345d1b71bbb223b47cac38f11076cbf	TIMEOUT		TIMEOUT		TIMEOUT		TIMEOUT		stable-unsolved	
MorningMin_d6c5ac79.ltl	direct:tlsf/tsl_smart_home_jarvis/extracted-benchmarks:MorningMin	MorningMin	direct:tlsf/tsl_smart_home_jarvis/extracted-benchmarks/MorningMin_d6c5ac79.tlsf	none		{}	9	13	Mealy	Mealy	c0841fe1d784ee090d7b152017701f7c4f3742a1d7a5acaefc1f86a9b47dc71d	REALIZABLE	0.03533203800179763	REALIZABLE	0.03707571800623555	REALIZABLE	0.02408365800511092	REALIZABLE	0.024239762977231294	stable-realizable	
Morning_14a3b3a2.ltl	direct:tlsf/tsl_smart_home_jarvis/extracted-benchmarks:Morning	Morning	direct:tlsf/tsl_smart_home_jarvis/extracted-benchmarks/Morning_14a3b3a2.tlsf	none		{}	17	15	Mealy	Mealy	04fa8d996038f7a2e50922441f23a8f35b79251327d442ec4b1f0c2e0479c82f	UNREALIZABLE	3.842785332999483	UNREALIZABLE	3.78132904299855	UNREALIZABLE	3.9175908970064484	UNREALIZABLE	3.749025685014203	stable-unrealizable	
Morning_4b5e6eaa.ltl	direct:tlsf/tsl_smart_home_jarvis/extracted-benchmarks:Morning	Morning	direct:tlsf/tsl_smart_home_jarvis/extracted-benchmarks/Morning_4b5e6eaa.tlsf	none		{}	14	15	Mealy	Mealy	88ac6d607f035b08a982d5d9ee6681618a3163c5f17b49982531cb4b6ae178dc	UNREALIZABLE	3.9813748329979717	UNREALIZABLE	4.058757357001014	UNREALIZABLE	3.9849979319842532	UNREALIZABLE	3.9901845709828194	stable-unrealizable	
Morning_88c5c1c3.ltl	direct:tlsf/tsl_smart_home_jarvis/extracted-benchmarks:Morning	Morning	direct:tlsf/tsl_smart_home_jarvis/extracted-benchmarks/Morning_88c5c1c3.tlsf	none		{}	12	15	Mealy	Mealy	01511f509e1bf0b43ced53166417503ba49cc487b3e208694217fe4ecff65ba7	REALIZABLE	78.09238246899986	REALIZABLE	77.89043656499962	TIMEOUT		TIMEOUT		stable-realizable	
Morning_9cac58d3.ltl	direct:tlsf/tsl_smart_home_jarvis/extracted-benchmarks:Morning	Morning	direct:tlsf/tsl_smart_home_jarvis/extracted-benchmarks/Morning_9cac58d3.tlsf	none		{}	12	15	Mealy	Mealy	92ad591cb4827f954122dd0a9ba440972cac36a6473ea17bb1d8f02b362983e9	REALIZABLE	79.03335396500188	REALIZABLE	75.2946252989932	TIMEOUT		TIMEOUT		stable-realizable	
Morning_c92eb242.ltl	direct:tlsf/tsl_smart_home_jarvis/extracted-benchmarks:Morning	Morning	direct:tlsf/tsl_smart_home_jarvis/extracted-benchmarks/Morning_c92eb242.tlsf	none		{}	14	15	Mealy	Mealy	0aaadada9ef679f8ec05819d1fd52674b999a86913f35d427a6ab134352f01fe	UNREALIZABLE	3.5160906380006054	UNREALIZABLE	3.637948998999491	UNREALIZABLE	3.5626667469914537	UNREALIZABLE	3.6906612580060028	stable-unrealizable	
Morning_f1477cc5.ltl	direct:tlsf/tsl_smart_home_jarvis/extracted-benchmarks:Morning	Morning	direct:tlsf/tsl_smart_home_jarvis/extracted-benchmarks/Morning_f1477cc5.tlsf	none		{}	13	15	Mealy	Mealy	1f3f47a55804a1fa43b34483c6c3907c33b453465583a9dae6fde7d35cf3e806	UNREALIZABLE	3.8144225620053476	UNREALIZABLE	3.8247717810008908	UNREALIZABLE	3.7756103450083174	UNREALIZABLE	3.6306695390085224	stable-unrealizable	
Morning_f2774e0b.ltl	direct:tlsf/tsl_smart_home_jarvis/extracted-benchmarks:Morning	Morning	direct:tlsf/tsl_smart_home_jarvis/extracted-benchmarks/Morning_f2774e0b.tlsf	none		{}	13	15	Mealy	Mealy	c9cdc9f69aca476fc8040d04c5129736ee38be6cfecc714c75b9ad812efbd0fc	UNREALIZABLE	3.598056101007387	UNREALIZABLE	3.597104272004799	UNREALIZABLE	3.7010483120102435	UNREALIZABLE	3.731207926000934	stable-unrealizable	
MusicAppFeedback.ltl	direct:tlsf/tsl_paper:MusicAppFeedback	MusicAppFeedback	direct:tlsf/tsl_paper/MusicAppFeedback.tlsf	none		{}	5	3	Mealy	Mealy	25b51f4884338a6fec761c3252a159c5bb598ba652d543faaaf4e8343d8e1ca3	REALIZABLE	0.026325038008508272	REALIZABLE	0.02665379901009146	REALIZABLE	0.018908325990196317	REALIZABLE	0.024928566010203212	stable-realizable	
MusicAppMotivating.ltl	direct:tlsf/tsl_paper:MusicAppMotivating	MusicAppMotivating	direct:tlsf/tsl_paper/MusicAppMotivating.tlsf	none		{}	5	3	Mealy	Mealy	ab049059e4038c9fe938846bc87bad00d9846e1901c33a319ba70c255125b079	REALIZABLE	0.02175534200068796	REALIZABLE	0.021709401000407524	REALIZABLE	0.02454286700231023	REALIZABLE	0.02266605300246738	stable-realizable	
MusicAppSimple.ltl	direct:tlsf/tsl_paper:MusicAppSimple	MusicAppSimple	direct:tlsf/tsl_paper/MusicAppSimple.tlsf	none		{}	4	3	Mealy	Mealy	c659e98e0729584559e58d784bfea96d6dcb40c7cbe1433832073d2a15f56776	REALIZABLE	0.028963941003894433	REALIZABLE	0.03944053300074302	REALIZABLE	0.03376115401624702	REALIZABLE	0.03377613198244944	stable-realizable	
OneCounter.ltl	direct:tlsf/tsl_paper:OneCounter	OneCounter	direct:tlsf/tsl_paper/OneCounter.tlsf	none		{}	9	9	Mealy	Mealy	46dde8e50709d5f60aa67f58a0de5e50e13cb4c3e3e9c8c250e0e140ded284e1	REALIZABLE	3.039062793002813	REALIZABLE	3.0237389339963556	REALIZABLE	3.083924455975648	REALIZABLE	3.1066534880083054	stable-realizable	
OneCounterGui.ltl	direct:tlsf/tsl_paper:OneCounterGui	OneCounterGui	direct:tlsf/tsl_paper/OneCounterGui.tlsf	none		{}	9	9	Mealy	Mealy	a38be9d40c361231a8303a1d011bc1b3e8bb6f4f8a912a0278337eced28b5942	UNREALIZABLE	0.02685362299962435	UNREALIZABLE	0.031835249999858206	UNREALIZABLE	0.024548354995204136	UNREALIZABLE	0.018937595013994724	stable-unrealizable	
OneCounterGuiA1.ltl	direct:tlsf/tsl_paper:OneCounterGuiA	OneCounterGuiA	direct:tlsf/tsl_paper/OneCounterGuiA1.tlsf	none		{}	9	9	Mealy	Mealy	3abae5b9904473e886bec689c50b5fd603c0e84f1b5c9425d2bc6249c8d0bec1	UNREALIZABLE	0.024488373999702162	UNREALIZABLE	0.025590793999072048	UNREALIZABLE	0.024700445006601512	UNREALIZABLE	0.04079198601539247	stable-unrealizable	
OneCounterGuiA2.ltl	direct:tlsf/tsl_paper:OneCounterGuiA	OneCounterGuiA	direct:tlsf/tsl_paper/OneCounterGuiA2.tlsf	none		{}	9	9	Mealy	Mealy	f8c09db792e6668470b71e2109b5677053d6b9b866ad11ffafadb46d45fa5534	UNREALIZABLE	0.040558969994890504	UNREALIZABLE	0.03916607399878558	UNREALIZABLE	0.040902172011556104	UNREALIZABLE	0.02402791997883469	stable-unrealizable	
OneCounterGuiA3.ltl	direct:tlsf/tsl_paper:OneCounterGuiA	OneCounterGuiA	direct:tlsf/tsl_paper/OneCounterGuiA3.tlsf	none		{}	9	9	Mealy	Mealy	f3807def3c43684b53bf72874e652aeedf963c4578b50f0a6b2343ee7a96b10f	UNREALIZABLE	0.04564429499441758	UNREALIZABLE	0.046285298987641	UNREALIZABLE	0.04368449898902327	UNREALIZABLE	0.05243276999681257	stable-unrealizable	
OneCounterGuiA4.ltl	direct:tlsf/tsl_paper:OneCounterGuiA	OneCounterGuiA	direct:tlsf/tsl_paper/OneCounterGuiA4.tlsf	none		{}	9	9	Mealy	Mealy	03b93b12c8d8cbcad74201ae34c06d50020187b2fd135076cec807ccbb8959a4	UNREALIZABLE	0.04551606300083222	UNREALIZABLE	0.04872607200377388	UNREALIZABLE	0.05065939002088271	UNREALIZABLE	0.04655907201231457	stable-unrealizable	
OneCounterGuiA5.ltl	direct:tlsf/tsl_paper:OneCounterGuiA	OneCounterGuiA	direct:tlsf/tsl_paper/OneCounterGuiA5.tlsf	none		{}	9	9	Mealy	Mealy	0c68518540eb6cd463124e2202d4606e439a64c4f8ec4dc1995cce422053116c	UNREALIZABLE	0.10204821400111541	UNREALIZABLE	0.118768389991601	UNREALIZABLE	0.10908887299592607	UNREALIZABLE	0.11357925602351315	stable-unrealizable	
OneCounterGuiA6.ltl	direct:tlsf/tsl_paper:OneCounterGuiA	OneCounterGuiA	direct:tlsf/tsl_paper/OneCounterGuiA6.tlsf	none		{}	9	9	Mealy	Mealy	3004cd86945de5f2882cdf9e9cda3fd2dcf89648389761db721edb9ebda4d30e	UNREALIZABLE	0.3528817179976613	UNREALIZABLE	0.32795699900452746	UNREALIZABLE	0.31312118598725647	UNREALIZABLE	0.35132656700443476	stable-unrealizable	
OneCounterGuiA7.ltl	direct:tlsf/tsl_paper:OneCounterGuiA	OneCounterGuiA	direct:tlsf/tsl_paper/OneCounterGuiA7.tlsf	none		{}	9	9	Mealy	Mealy	fe6cad3d76b044ad8aea255a4e94d0a8824d27c3602513bcccfc6f023a7c3243	UNREALIZABLE	0.889619710000261	UNREALIZABLE	0.8818594090007537	UNREALIZABLE	0.8840466790134087	UNREALIZABLE	0.8656060770153999	stable-unrealizable	
OneCounterGuiA8.ltl	direct:tlsf/tsl_paper:OneCounterGuiA	OneCounterGuiA	direct:tlsf/tsl_paper/OneCounterGuiA8.tlsf	none		{}	9	9	Mealy	Mealy	f704d4d2c4ad651000675688bef5cf8ee92457093e0a7c70c0cab5caefa5fbf6	UNREALIZABLE	3.210811141000704	UNREALIZABLE	3.337789019000411	UNREALIZABLE	3.1652231290063355	UNREALIZABLE	3.320741322997492	stable-unrealizable	
OneCounterInRange.ltl	direct:tlsf/tsl_paper:OneCounterInRange	OneCounterInRange	direct:tlsf/tsl_paper/OneCounterInRange.tlsf	none		{}	5	3	Mealy	Mealy	414d9c54aef327994a49ed74fbd96a22b8117d6e1a8640e73c2901cf25815030	UNREALIZABLE	0.022735090999049135	UNREALIZABLE	0.017228930002602283	UNREALIZABLE	0.02293425300740637	UNREALIZABLE	0.01646955800242722	stable-unrealizable	
OneCounterInRangeA1.ltl	direct:tlsf/tsl_paper:OneCounterInRangeA	OneCounterInRangeA	direct:tlsf/tsl_paper/OneCounterInRangeA1.tlsf	none		{}	5	3	Mealy	Mealy	b1a0c240c223b71cb2ced1d4cb7d560235ab55119ab13a32b4a58febf8dc63b6	UNREALIZABLE	0.03850627100109705	UNREALIZABLE	0.03318197000044165	UNREALIZABLE	0.03799541699117981	UNREALIZABLE	0.03355706000002101	stable-unrealizable	
OneCounterInRangeA2.ltl	direct:tlsf/tsl_paper:OneCounterInRangeA	OneCounterInRangeA	direct:tlsf/tsl_paper/OneCounterInRangeA2.tlsf	none		{}	5	3	Mealy	Mealy	a9a60b8cca0b42054720b5e426ddb4368b28d6f9407039582e3caa51bafcef5a	UNREALIZABLE	0.018246445994009264	UNREALIZABLE	0.02542581901070662	UNREALIZABLE	0.01915548200486228	UNREALIZABLE	0.026770060998387635	stable-unrealizable	
OneCounterInRangeA3.ltl	direct:tlsf/tsl_paper:OneCounterInRangeA	OneCounterInRangeA	direct:tlsf/tsl_paper/OneCounterInRangeA3.tlsf	none		{}	5	3	Mealy	Mealy	394e747e897fe29895141abf76893780b605ae7bf83b9b574580e6c87f1a5557	REALIZABLE	0.03523833499639295	REALIZABLE	0.035319834991241805	REALIZABLE	0.03334705301676877	REALIZABLE	0.0354560730047524	stable-realizable	
PlugController_fa4d4ce3.ltl	direct:tlsf/tsl_smart_home_jarvis/extracted-benchmarks:PlugController	PlugController	direct:tlsf/tsl_smart_home_jarvis/extracted-benchmarks/PlugController_fa4d4ce3.tlsf	none		{}	4	3	Mealy	Mealy	d27b87fb2f91311d1225f4c9ab623134ba8205d8e12a380040afa320d50d8c4c	REALIZABLE	0.03645809400768485	REALIZABLE	0.03143708300194703	REALIZABLE	0.02277531599975191	REALIZABLE	0.032983902987325564	stable-realizable	
Radarboard.ltl	direct:tlsf/tsl_paper:Radarboard	Radarboard	direct:tlsf/tsl_paper/Radarboard.tlsf	none		{}	5	24	Mealy	Mealy	046b0413ae7e2fda9ca7cf02c6b93459d5ab2dd212fae62a370d6474f9ffa690	REALIZABLE	0.023108577999664703	REALIZABLE	0.0363051499989524	REALIZABLE	0.03679951099911705	REALIZABLE	0.032809350988827646	stable-realizable	
RegManager.ltl	direct:tlsf/tsl_paper:RegManager	RegManager	direct:tlsf/tsl_paper/RegManager.tlsf	none		{}	2	8	Mealy	Mealy	89aedd0f3237af580017849a139ac332a48a1557ce5dd155e26a9d1f107f0231	REALIZABLE	0.023219807999339537	REALIZABLE	0.026373689999672933	REALIZABLE	0.035465271008433774	REALIZABLE	0.03767129700281657	stable-realizable	
Room_a50cadd7.ltl	direct:tlsf/tsl_smart_home_jarvis/extracted-benchmarks:Room	Room	direct:tlsf/tsl_smart_home_jarvis/extracted-benchmarks/Room_a50cadd7.tlsf	none		{}	4	0	Mealy	Mealy	93004db24691bdd19c1eeafcbbf949e973ba702d4c8d097b82cdae42dc1f9bd4	UNREALIZABLE	0.015745877994049806	UNREALIZABLE	0.026427227006934118	UNREALIZABLE	0.02662227800465189	UNREALIZABLE	0.015528198011452332	stable-unrealizable	
RotationCalculator.ltl	direct:tlsf/tsl_paper:RotationCalculator	RotationCalculator	direct:tlsf/tsl_paper/RotationCalculator.tlsf	none		{}	6	8	Mealy	Mealy	99926ee7000ed6809218f93f432ecf0653f2042e14c0fa25d3015d91362dac0b	REALIZABLE	0.02026467900032003	REALIZABLE	0.025564273000782123	REALIZABLE	0.024315261020092294	REALIZABLE	0.03002261702204123	stable-realizable	
SPI.ltl	direct:tlsf/tsl_paper:SPI	SPI	direct:tlsf/tsl_paper/SPI.tlsf	none		{}	4	16	Mealy	Mealy	a10471d78e35cadc4175d56ff1a201d5f62c9a5ccf94ddf8cee35a8713b00533	REALIZABLE	0.30115767200186383	REALIZABLE	0.30004840699984925	REALIZABLE	0.30991687800269574	REALIZABLE	0.30728288198588416	stable-realizable	
SPIPureNext.ltl	direct:tlsf/tsl_paper:SPIPureNext	SPIPureNext	direct:tlsf/tsl_paper/SPIPureNext.tlsf	none		{}	1	27	Mealy	Mealy	335e50ae5e989f9f99dc967faaf117aa45bb23347210d17c0215fd100a999804	TIMEOUT		REALIZABLE	0.5141615210013697	TIMEOUT		REALIZABLE	0.5313412180112209	s-solved-b-not	
SPIReadClk.ltl	direct:tlsf/tsl_paper:SPIReadClk	SPIReadClk	direct:tlsf/tsl_paper/SPIReadClk.tlsf	none		{}	3	3	Mealy	Mealy	f1d58003b05b698732f83fe1dbef84faddb13b7f5baac49ef09b79564a1c05ac	REALIZABLE	0.03101474599679932	REALIZABLE	0.034448178004822694	REALIZABLE	0.031189606990665197	REALIZABLE	0.021026736008934677	stable-realizable	
SPIReadManag.ltl	direct:tlsf/tsl_paper:SPIReadManag	SPIReadManag	direct:tlsf/tsl_paper/SPIReadManag.tlsf	none		{}	8	16	Mealy	Mealy	07122d5484b2043c165f3683de1d77b43b3c393880d588bfb94504596e88576c	REALIZABLE	0.030471098998532398	REALIZABLE	0.0327543120001792	REALIZABLE	0.03007755198632367	REALIZABLE	0.04481213499093428	stable-realizable	
SPIReadSdi.ltl	direct:tlsf/tsl_paper:SPIReadSdi	SPIReadSdi	direct:tlsf/tsl_paper/SPIReadSdi.tlsf	none		{}	4	3	Mealy	Mealy	81f959ffe6605375aea274a7e5d2b51d16f3e089a689eccd5d4b8d8427e7df3c	REALIZABLE	0.03176582299784059	REALIZABLE	0.025859875000605825	REALIZABLE	0.019932781986426562	REALIZABLE	0.017358645010972396	stable-realizable	
SPIWriteClk.ltl	direct:tlsf/tsl_paper:SPIWriteClk	SPIWriteClk	direct:tlsf/tsl_paper/SPIWriteClk.tlsf	none		{}	5	3	Mealy	Mealy	4d0a981ead91e509b32b680186cc95ef17d4b3037a7aa308efdd2e633f2145c2	REALIZABLE	0.016515449002326932	REALIZABLE	0.020951972001057584	REALIZABLE	0.026648063998436555	REALIZABLE	0.02526385401142761	stable-realizable	
SPIWriteManag.ltl	direct:tlsf/tsl_paper:SPIWriteManag	SPIWriteManag	direct:tlsf/tsl_paper/SPIWriteManag.tlsf	none		{}	5	15	Mealy	Mealy	04fac39ecc2668e616ff3f1607d4bdd17bc7723831a52ab773c67c015015782e	REALIZABLE	0.023100690996216144	REALIZABLE	0.024725266001041746	REALIZABLE	0.022723611997207627	REALIZABLE	0.02026801000465639	stable-realizable	
SPIWriteSdi.ltl	direct:tlsf/tsl_paper:SPIWriteSdi	SPIWriteSdi	direct:tlsf/tsl_paper/SPIWriteSdi.tlsf	none		{}	6	4	Mealy	Mealy	aa67111581bd08fe0e601197132ed683a267ea92b0955d4ca13e5931f4101d44	REALIZABLE	0.03280352499859873	REALIZABLE	0.024488543000188656	REALIZABLE	0.020521370985079557	REALIZABLE	0.02757549099624157	stable-realizable	
Scoreboard.ltl	direct:tlsf/tsl_paper:Scoreboard	Scoreboard	direct:tlsf/tsl_paper/Scoreboard.tlsf	none		{}	5	12	Mealy	Mealy	72ea6533f3efd5d00b4bf7e3e0c505a896098cb36fcc2080ec25021831c5249e	REALIZABLE	0.015635914001904894	REALIZABLE	0.0220310309996421	REALIZABLE	0.015219191991491243	REALIZABLE	0.020572870009345934	stable-realizable	
Sensor.ltl	direct:tlsf/tsl_paper:Sensor	Sensor	direct:tlsf/tsl_paper/Sensor.tlsf	none		{}	4	6	Mealy	Mealy	72f5d3d98b613fcbe156c5e6125818e2f1e70782ff96e8db95cd37215d99449b	REALIZABLE	0.1440409520000685	REALIZABLE	0.14099940500454977	REALIZABLE	0.13377320900326595	REALIZABLE	0.1437020520097576	stable-realizable	
SensorInit.ltl	direct:tlsf/tsl_paper:SensorInit	SensorInit	direct:tlsf/tsl_paper/SensorInit.tlsf	none		{}	2	17	Mealy	Mealy	d9e78efb588b2e4e89d76841184341baf1c856fa765358a43997d88ad15667cb	REALIZABLE	0.1482453450007597	REALIZABLE	0.13940144200023497	REALIZABLE	0.1487419610202778	REALIZABLE	0.14157605200307444	stable-realizable	
SensorPart.ltl	direct:tlsf/tsl_paper:SensorPart	SensorPart	direct:tlsf/tsl_paper/SensorPart.tlsf	none		{}	2	21	Mealy	Mealy	665b5d88c45578ab61ea26e13d10a18e1fcac2b45c5df1a55233116de6d26701	REALIZABLE	0.0434663450005246	REALIZABLE	0.0396562960004303	REALIZABLE	0.04333504900569096	REALIZABLE	0.03807622898602858	stable-realizable	
SensorRegister.ltl	direct:tlsf/tsl_paper:SensorRegister	SensorRegister	direct:tlsf/tsl_paper/SensorRegister.tlsf	none		{}	1	2	Mealy	Mealy	46f361a66062e1d1b902e5caf6f544836ec7671cd6765069daed9fe533f031c6	REALIZABLE	0.029309564997674897	REALIZABLE	0.031999154001823626	REALIZABLE	0.02809704901301302	REALIZABLE	0.017317941004876047	stable-realizable	
SensorSelector.ltl	direct:tlsf/tsl_paper:SensorSelector	SensorSelector	direct:tlsf/tsl_paper/SensorSelector.tlsf	none		{}	4	25	Mealy	Mealy	fe966967b6cb0595551040f51f69afae5a48a067874b294b3089afa0bfc66dba	REALIZABLE	0.03978627200012852	REALIZABLE	0.018106805000570603	REALIZABLE	0.01662033100728877	REALIZABLE	0.028653693007072434	stable-realizable	
SensorSubmodulChooser.ltl	direct:tlsf/tsl_paper:SensorSubmodulChooser	SensorSubmodulChooser	direct:tlsf/tsl_paper/SensorSubmodulChooser.tlsf	none		{}	4	15	Mealy	Mealy	9c414bb78982b30090230ef8e6845bbe912a13bba763a85f6db0c216882c0ae3	REALIZABLE	0.043335508002201095	REALIZABLE	0.03537400200002594	REALIZABLE	0.03777515501133166	REALIZABLE	0.04818021398386918	stable-realizable	
Shades2Min_63831f8c.ltl	direct:tlsf/tsl_smart_home_jarvis/extracted-benchmarks:Shades2Min	Shades2Min	direct:tlsf/tsl_smart_home_jarvis/extracted-benchmarks/Shades2Min_63831f8c.tlsf	none		{}	3	2	Mealy	Mealy	a36ba383b28e97f8ee31c969d4c0d5f91b54568a7ef4c50c0b1c0f5699adc3d7	REALIZABLE	0.02874633399915183	REALIZABLE	0.016473448995384388	REALIZABLE	0.026627577986801043	REALIZABLE	0.027021236019209027	stable-realizable	
Shades2_235467da.ltl	direct:tlsf/tsl_smart_home_jarvis/extracted-benchmarks:Shades	Shades	direct:tlsf/tsl_smart_home_jarvis/extracted-benchmarks/Shades2_235467da.tlsf	none		{}	4	3	Mealy	Mealy	368819715da042703d1dfdd1eb8b4258c843fdf5602100a768a250ebe8fdd158	REALIZABLE	0.037571051998384064	REALIZABLE	0.04093107299922849	REALIZABLE	0.022636617999523878	REALIZABLE	0.021476727008121088	stable-realizable	
Shades2_42dc4fff.ltl	direct:tlsf/tsl_smart_home_jarvis/extracted-benchmarks:Shades	Shades	direct:tlsf/tsl_smart_home_jarvis/extracted-benchmarks/Shades2_42dc4fff.tlsf	none		{}	4	3	Mealy	Mealy	89aa2ebed2b4c5c057d150584cff94cb4d9bb482750fd5fcebaf4fb5c708a360	REALIZABLE	0.033614597996347584	REALIZABLE	0.046569664002163336	REALIZABLE	0.038156731985509396	REALIZABLE	0.021203615004196763	stable-realizable	
Shades2_70523fbe.ltl	direct:tlsf/tsl_smart_home_jarvis/extracted-benchmarks:Shades	Shades	direct:tlsf/tsl_smart_home_jarvis/extracted-benchmarks/Shades2_70523fbe.tlsf	none		{}	4	3	Mealy	Mealy	35c25fe40f029c8e014ce42b3985aabc218c01860ae68c4c89004afd3abaa398	REALIZABLE	0.034302781998121645	REALIZABLE	0.028386122998199426	REALIZABLE	0.018965518014738336	REALIZABLE	0.032303984015015885	stable-realizable	
Shades2_a5f99bc6.ltl	direct:tlsf/tsl_smart_home_jarvis/extracted-benchmarks:Shades	Shades	direct:tlsf/tsl_smart_home_jarvis/extracted-benchmarks/Shades2_a5f99bc6.tlsf	none		{}	4	3	Mealy	Mealy	b9f120dfee7583c464b46d806fa3dc61e1acc7ce05c72604c8442410ace6efe9	REALIZABLE	0.03596409699821379	REALIZABLE	0.036448655009735376	REALIZABLE	0.033859946008306	REALIZABLE	0.03985291300341487	stable-realizable	
ShadesMin_aeb1d897.ltl	direct:tlsf/tsl_smart_home_jarvis/extracted-benchmarks:ShadesMin	ShadesMin	direct:tlsf/tsl_smart_home_jarvis/extracted-benchmarks/ShadesMin_aeb1d897.tlsf	none		{}	2	2	Mealy	Mealy	f9e13b7939c8037fac85c4f9f8a1699d1370a95b759b1db60882580555904162	REALIZABLE	0.030003462001332082	REALIZABLE	0.03219071900093695	REALIZABLE	0.03667105300701223	REALIZABLE	0.019189324986655265	stable-realizable	
Shades_6479ef9a.ltl	direct:tlsf/tsl_smart_home_jarvis/extracted-benchmarks:Shades	Shades	direct:tlsf/tsl_smart_home_jarvis/extracted-benchmarks/Shades_6479ef9a.tlsf	none		{}	3	3	Mealy	Mealy	ed6d4f07d89fce3b93f9f6f815646401525addeef742e0821381ba8341109532	REALIZABLE	0.03135018500324804	REALIZABLE	0.03287137400184292	REALIZABLE	0.03693052497692406	REALIZABLE	0.019822410016786307	stable-realizable	
Shades_974f4a68.ltl	direct:tlsf/tsl_smart_home_jarvis/extracted-benchmarks:Shades	Shades	direct:tlsf/tsl_smart_home_jarvis/extracted-benchmarks/Shades_974f4a68.tlsf	none		{}	4	3	Mealy	Mealy	068ae893ca6fd81dc87a34c8f9b79dd80d13526afe8787e600ef7e761d882b16	REALIZABLE	0.03793433600003482	REALIZABLE	0.03599560300062876	REALIZABLE	0.022266157990088686	REALIZABLE	0.03658901099697687	stable-realizable	
Shades_9cac58d3.ltl	direct:tlsf/tsl_smart_home_jarvis/extracted-benchmarks:Shades	Shades	direct:tlsf/tsl_smart_home_jarvis/extracted-benchmarks/Shades_9cac58d3.tlsf	none		{}	3	3	Mealy	Mealy	7de8ef5e2523e33ee994f26074d9dd54b3f3a466427058757ac5215160a20527	REALIZABLE	0.0203123350001988	REALIZABLE	0.015860464998695534	REALIZABLE	0.04634228299255483	REALIZABLE	0.016999674000544474	stable-realizable	
Shades_a02758ea.ltl	direct:tlsf/tsl_smart_home_jarvis/extracted-benchmarks:Shades	Shades	direct:tlsf/tsl_smart_home_jarvis/extracted-benchmarks/Shades_a02758ea.tlsf	none		{}	3	3	Mealy	Mealy	c6f8bb72b3c656200d5b3c353a1d214d5b08f94aff281e8a1478e9ed14604490	REALIZABLE	0.03305294799793046	REALIZABLE	0.039012541994452477	REALIZABLE	0.03894238601787947	REALIZABLE	0.03726878599263728	stable-realizable	
SingleContoller_d65ed84e.ltl	direct:tlsf/tsl_smart_home_jarvis/extracted-benchmarks:SingleContoller	SingleContoller	direct:tlsf/tsl_smart_home_jarvis/extracted-benchmarks/SingleContoller_d65ed84e.tlsf	none		{}	12	6	Mealy	Mealy	a45e95f597313997d8d06048b02a3dbfa502825f24b1e6ffacc596368bfbb510	UNREALIZABLE	0.028051526001945604	UNREALIZABLE	0.03046720199927222	UNREALIZABLE	0.03729417800786905	UNREALIZABLE	0.029701327002840117	stable-unrealizable	
SliderDefault.ltl	direct:tlsf/tsl_paper:SliderDefault	SliderDefault	direct:tlsf/tsl_paper/SliderDefault.tlsf	none		{}	2	3	Mealy	Mealy	5ba0086b480c8f151e04cf4d352ec55478e5e50d548a07fd4563539f4cd02c7c	REALIZABLE	0.020152458993834443	REALIZABLE	0.037797010998474434	REALIZABLE	0.030848236987367272	REALIZABLE	0.016698086023097858	stable-realizable	
SliderDelayed.ltl	direct:tlsf/tsl_paper:SliderDelayed	SliderDelayed	direct:tlsf/tsl_paper/SliderDelayed.tlsf	none		{}	4	9	Mealy	Mealy	3dca9866cc13f5c6844091b64ea67612bf0df88509855741dd68b8fe8f49603a	REALIZABLE	0.05759283699990192	REALIZABLE	0.03443610900103522	REALIZABLE	0.030240230989875272	REALIZABLE	0.04107163200387731	stable-realizable	
SliderScored.ltl	direct:tlsf/tsl_paper:SliderScored	SliderScored	direct:tlsf/tsl_paper/SliderScored.tlsf	none		{}	4	9	Mealy	Mealy	1951261ffc6ddd54b4f25d30cddfa4d059e4c8a6f7ae70f7ea43a4758c6a5b94	REALIZABLE	0.029919167998741614	REALIZABLE	0.03965925599914044	REALIZABLE	0.027450235007563606	REALIZABLE	0.0265109270112589	stable-realizable	
System_b0840146.ltl	direct:tlsf/tsl_smart_home_jarvis/extracted-benchmarks:System	System	direct:tlsf/tsl_smart_home_jarvis/extracted-benchmarks/System_b0840146.tlsf	none		{}	3	5	Mealy	Mealy	0b6a5c13cd4d621d11f16f069c78236d5846eab0b2020acea8d4ca256032109e	UNREALIZABLE	0.02142897600060678	UNREALIZABLE	0.0354691799984721	UNREALIZABLE	0.031808405998162925	UNREALIZABLE	0.029737826000200585	stable-unrealizable	
Time_a50cadd7.ltl	direct:tlsf/tsl_smart_home_jarvis/extracted-benchmarks:Time	Time	direct:tlsf/tsl_smart_home_jarvis/extracted-benchmarks/Time_a50cadd7.tlsf	none		{}	4	0	Mealy	Mealy	2ca68b0ee08d5df28ea8e58fba7d5155dc0659d9c39a2bec933964e4be15e1d4	UNREALIZABLE	0.021449452004162595	UNREALIZABLE	0.024093978994642384	UNREALIZABLE	0.017813590995501727	UNREALIZABLE	0.01718417400843464	stable-unrealizable	
Timer_a50cadd7.ltl	direct:tlsf/tsl_smart_home_jarvis/extracted-benchmarks:Timer	Timer	direct:tlsf/tsl_smart_home_jarvis/extracted-benchmarks/Timer_a50cadd7.tlsf	none		{}	1	4	Mealy	Mealy	fe127320cc3d65d7dd155f157b896b265ccde0148ae474c092986a77568b99fa	REALIZABLE	0.0306177980000939	REALIZABLE	0.01573422000001301	REALIZABLE	0.022365987999364734	REALIZABLE	0.027216180023970082	stable-realizable	
TorcsAccelerating.ltl	direct:tlsf/tsl_paper:TorcsAccelerating	TorcsAccelerating	direct:tlsf/tsl_paper/TorcsAccelerating.tlsf	none		{}	2	6	Mealy	Mealy	ee191bb7ad4a51907c2eb8449dca519bead6cd46953289b91b7ad522f95caa9c	REALIZABLE	0.030333036003867164	REALIZABLE	0.029557271998783108	REALIZABLE	0.028174328996101394	REALIZABLE	0.04052339799818583	stable-realizable	
TorcsGearing.ltl	direct:tlsf/tsl_paper:TorcsGearing	TorcsGearing	direct:tlsf/tsl_paper/TorcsGearing.tlsf	none		{}	1	3	Mealy	Mealy	d8483612976a468043a4f77422e8259cd0a05f2f544184211c91634e65982cf2	REALIZABLE	0.020372175000375137	REALIZABLE	0.036649654000939336	REALIZABLE	0.03159769999911077	REALIZABLE	0.01651256700279191	stable-realizable	
TorcsSimple.ltl	direct:tlsf/tsl_paper:TorcsSimple	TorcsSimple	direct:tlsf/tsl_paper/TorcsSimple.tlsf	none		{}	3	8	Mealy	Mealy	3a098c67e786e2273f70583516af19ea77bfb2a7cfc9262c27c143113770517b	REALIZABLE	0.03235496399793192	REALIZABLE	0.031305759999668226	REALIZABLE	0.03412024301360361	REALIZABLE	0.03539288500905968	stable-realizable	
TorcsSteeringImproved.ltl	direct:tlsf/tsl_paper:TorcsSteeringImproved	TorcsSteeringImproved	direct:tlsf/tsl_paper/TorcsSteeringImproved.tlsf	none		{}	4	8	Mealy	Mealy	6a9a0488fccd810b5f00d5abe0398c418349f5c905f6ecd5b0e9aa77034dc0b8	REALIZABLE	0.03721222400054103	REALIZABLE	0.039640363000216894	REALIZABLE	0.020918484980938956	REALIZABLE	0.04346075898502022	stable-realizable	
TorcsSteeringSimple.ltl	direct:tlsf/tsl_paper:TorcsSteeringSimple	TorcsSteeringSimple	direct:tlsf/tsl_paper/TorcsSteeringSimple.tlsf	none		{}	4	3	Mealy	Mealy	e44464d20d428d8e7516282b9721f9f568ba12feb2c370748769e801e2781136	REALIZABLE	0.017986787999689113	REALIZABLE	0.02184030899661593	REALIZABLE	0.03631455299910158	REALIZABLE	0.016144011984579265	stable-realizable	
TorcsSteeringSmart.ltl	direct:tlsf/tsl_paper:TorcsSteeringSmart	TorcsSteeringSmart	direct:tlsf/tsl_paper/TorcsSteeringSmart.tlsf	none		{}	4	6	Mealy	Mealy	55757509e7ccc4fcf568b5965e75f64cc4045bb9a9c820b67fac59094332f658	REALIZABLE	0.02094798200050718	REALIZABLE	0.020818731001781998	REALIZABLE	0.033361171022988856	REALIZABLE	0.03167205900535919	stable-realizable	
TwoCounters.ltl	direct:tlsf/tsl_paper:TwoCounters	TwoCounters	direct:tlsf/tsl_paper/TwoCounters.tlsf	none		{}	6	8	Mealy	Mealy	57f638936603c23dfa2da4a582aed19b482fd701a21f8bdfd948dd7f6e31d7ef	UNREALIZABLE	0.04136620100325672	UNREALIZABLE	0.03204445600567851	UNREALIZABLE	0.03411598000093363	UNREALIZABLE	0.03660061999107711	stable-unrealizable	
TwoCounters2.ltl	direct:tlsf/tsl_paper:TwoCounters	TwoCounters	direct:tlsf/tsl_paper/TwoCounters2.tlsf	none		{}	11	8	Mealy	Mealy	582e0cfe7f95e2ba138f78cdcb2d9022ea48b29a712e4fdec6efbd3b845dd994	UNREALIZABLE	0.04113835901080165	UNREALIZABLE	0.044588992997887544	UNREALIZABLE	0.02891269899555482	UNREALIZABLE	0.047884512023301795	stable-unrealizable	
TwoCounters3.ltl	direct:tlsf/tsl_paper:TwoCounters	TwoCounters	direct:tlsf/tsl_paper/TwoCounters3.tlsf	none		{}	11	8	Mealy	Mealy	5ea656b1ef2e8bcaca22f06da95573da20f0921e7fe97096b89b3081454964b5	REALIZABLE	1.5364424139988841	REALIZABLE	1.563671346004412	REALIZABLE	1.6065050100150984	REALIZABLE	1.5664336780027952	stable-realizable	
TwoCounters4.ltl	direct:tlsf/tsl_paper:TwoCounters	TwoCounters	direct:tlsf/tsl_paper/TwoCounters4.tlsf	none		{}	11	8	Mealy	Mealy	60904508d3d1689d7de0028a70c8957a1212309a900925a2d23c9707301ae822	REALIZABLE	0.028041539000696503	REALIZABLE	0.025867873002425767	REALIZABLE	0.03523894399404526	REALIZABLE	0.026305635983590037	stable-realizable	
TwoCounters5.ltl	direct:tlsf/tsl_paper:TwoCounters	TwoCounters	direct:tlsf/tsl_paper/TwoCounters5.tlsf	none		{}	19	13	Mealy	Mealy	c866c2b230143b1d229850003f29b70fe3980f9aa130eeafe25fcc72ab7a1fdb	UNREALIZABLE	0.12341383099555969	UNREALIZABLE	0.12233161099720746	UNREALIZABLE	0.11074991698842496	UNREALIZABLE	0.1151767480187118	stable-unrealizable	
TwoCountersDisButA0.ltl	direct:tlsf/tsl_paper:TwoCountersDisButA	TwoCountersDisButA	direct:tlsf/tsl_paper/TwoCountersDisButA0.tlsf	none		{}	11	13	Mealy	Mealy	177e104e080eaf68162e5f7abd125dad482f527176c3434f928b64bff2f290df	UNREALIZABLE	0.036502409995591734	UNREALIZABLE	0.022839234996354207	UNREALIZABLE	0.029082024993840605	UNREALIZABLE	0.04681495699333027	stable-unrealizable	
TwoCountersDisButA1.ltl	direct:tlsf/tsl_paper:TwoCountersDisButA	TwoCountersDisButA	direct:tlsf/tsl_paper/TwoCountersDisButA1.tlsf	none		{}	11	13	Mealy	Mealy	adf61c11ad2a479589606aa88e48deb95083495e40939da5b249382da61ad8cc	UNREALIZABLE	0.03898675399977947	UNREALIZABLE	0.03750039200531319	UNREALIZABLE	0.04748996198759414	UNREALIZABLE	0.04407362901838496	stable-unrealizable	
TwoCountersDisButA2.ltl	direct:tlsf/tsl_paper:TwoCountersDisButA	TwoCountersDisButA	direct:tlsf/tsl_paper/TwoCountersDisButA2.tlsf	none		{}	11	13	Mealy	Mealy	e0ec20dde8db277c4c94306262ffa92bc60f26bd1c11d77b134a5cd69c762508	UNREALIZABLE	0.06424317300115945	UNREALIZABLE	0.06711653199818102	UNREALIZABLE	0.07221078302245587	UNREALIZABLE	0.06866486699436791	stable-unrealizable	
TwoCountersDisButA3.ltl	direct:tlsf/tsl_paper:TwoCountersDisButA	TwoCountersDisButA	direct:tlsf/tsl_paper/TwoCountersDisButA3.tlsf	none		{}	11	13	Mealy	Mealy	c325ebadd195d27a484e5a276ae9aab2cbbc628714b910046ac035debece47e2	UNREALIZABLE	0.1201146970015543	UNREALIZABLE	0.1294075520017941	UNREALIZABLE	0.12966475597932003	UNREALIZABLE	0.1262795930088032	stable-unrealizable	
TwoCountersDisButA4.ltl	direct:tlsf/tsl_paper:TwoCountersDisButA	TwoCountersDisButA	direct:tlsf/tsl_paper/TwoCountersDisButA4.tlsf	none		{}	12	13	Mealy	Mealy	9d88a02dab56522adb1d892f6adc4a5fd31fbb0c7a8c875a9f9810805e7e4325	UNREALIZABLE	0.10897568599830265	UNREALIZABLE	0.12111795899909339	UNREALIZABLE	0.11038912201183848	UNREALIZABLE	0.11479554401012138	stable-unrealizable	
TwoCountersDisButA5.ltl	direct:tlsf/tsl_paper:TwoCountersDisButA	TwoCountersDisButA	direct:tlsf/tsl_paper/TwoCountersDisButA5.tlsf	none		{}	12	13	Mealy	Mealy	ae13ee8f63ed4231f6f97e262e825d4dc55cfd93df5ac18bd49ce61c470443ed	UNREALIZABLE	0.1211987369997587	UNREALIZABLE	0.12697256799947354	UNREALIZABLE	0.13562333301524632	UNREALIZABLE	0.13325263099977747	stable-unrealizable	
TwoCountersDisButA6.ltl	direct:tlsf/tsl_paper:TwoCountersDisButA	TwoCountersDisButA	direct:tlsf/tsl_paper/TwoCountersDisButA6.tlsf	none		{}	13	13	Mealy	Mealy	ae71135dab06ba44b3f32422563a831f33ae25e53b150db8610fb1bdc5602d08	UNREALIZABLE	0.1327234709970071	UNREALIZABLE	0.14083679399482207	UNREALIZABLE	0.13557120400946587	UNREALIZABLE	0.1319059939996805	stable-unrealizable	
TwoCountersDisButA7.ltl	direct:tlsf/tsl_paper:TwoCountersDisButA	TwoCountersDisButA	direct:tlsf/tsl_paper/TwoCountersDisButA7.tlsf	none		{}	13	13	Mealy	Mealy	59c0fa52ec6aa74502f64860b8b1d47b275f91543988da0f9a0357bdf5129c21	UNREALIZABLE	0.13467533900256967	UNREALIZABLE	0.159295667996048	UNREALIZABLE	0.15420714500942267	UNREALIZABLE	0.16463941900292411	stable-unrealizable	
TwoCountersDisButA8.ltl	direct:tlsf/tsl_paper:TwoCountersDisButA	TwoCountersDisButA	direct:tlsf/tsl_paper/TwoCountersDisButA8.tlsf	none		{}	14	13	Mealy	Mealy	14f944e3fccbdd267f5cce3782adc38c602a4f0dc107a4c974de75c796896781	UNREALIZABLE	0.15155869799491484	UNREALIZABLE	0.15708173000166425	UNREALIZABLE	0.16190811697742902	UNREALIZABLE	0.16747765798936598	stable-unrealizable	
TwoCountersDisButA9.ltl	direct:tlsf/tsl_paper:TwoCountersDisButA	TwoCountersDisButA	direct:tlsf/tsl_paper/TwoCountersDisButA9.tlsf	none		{}	14	13	Mealy	Mealy	3c47939f5cb14bbcb56690a6c00e567f9fd2c33b0ad745d27a92389571ea6ab9	UNREALIZABLE	0.197637688004761	UNREALIZABLE	0.2048291459941538	UNREALIZABLE	0.19776601900230162	UNREALIZABLE	0.18945489099132828	stable-unrealizable	
TwoCountersDisButAC.ltl	direct:tlsf/tsl_paper:TwoCountersDisButAC	TwoCountersDisButAC	direct:tlsf/tsl_paper/TwoCountersDisButAC.tlsf	none		{}	15	13	Mealy	Mealy	f00eec8209e7950e220d4f6a5b7f7f5f63e3043285c10c41c30516cc2381d0e8	UNREALIZABLE	0.19569036299799336	UNREALIZABLE	0.19891497000207892	UNREALIZABLE	0.20087657298427075	UNREALIZABLE	0.1949258920212742	stable-unrealizable	
TwoCountersGui.ltl	direct:tlsf/tsl_paper:TwoCountersGui	TwoCountersGui	direct:tlsf/tsl_paper/TwoCountersGui.tlsf	none		{}	19	14	Mealy	Mealy	8a5cb9b089018c601733dcefa713a8cc5841c1b0501ca7e06d945f6dd3416997	UNREALIZABLE	0.04445017000398366	UNREALIZABLE	0.03343511900311569	UNREALIZABLE	0.03476250800304115	UNREALIZABLE	0.044403201987734064	stable-unrealizable	
TwoCountersInRange.ltl	direct:tlsf/tsl_paper:TwoCountersInRange	TwoCountersInRange	direct:tlsf/tsl_paper/TwoCountersInRange.tlsf	none		{}	11	8	Mealy	Mealy	fc1d8064091756ce29d49dcd4adc184bd1f8412f7e55cd21871572d5b067cc2f	UNREALIZABLE	0.039550329001940554	UNREALIZABLE	0.03540990100009367	UNREALIZABLE	0.02378510101698339	UNREALIZABLE	0.041117868007859215	stable-unrealizable	
TwoCountersInRangeA1.ltl	direct:tlsf/tsl_paper:TwoCountersInRangeA	TwoCountersInRangeA	direct:tlsf/tsl_paper/TwoCountersInRangeA1.tlsf	none		{}	11	8	Mealy	Mealy	d96cfa564e9994222125725403a2fbb1e24dd29924c58f30df8922806edffe05	UNREALIZABLE	0.025528543003019877	UNREALIZABLE	0.02554908000456635	UNREALIZABLE	0.028531617019325495	UNREALIZABLE	0.025180989992804825	stable-unrealizable	
TwoCountersInRangeA2.ltl	direct:tlsf/tsl_paper:TwoCountersInRangeA	TwoCountersInRangeA	direct:tlsf/tsl_paper/TwoCountersInRangeA2.tlsf	none		{}	11	8	Mealy	Mealy	f3ea2a714e779e7240cbf415143802bd61f6961a7bb0a4a2c8f9db01f8ac1611	UNREALIZABLE	0.04390257699924405	UNREALIZABLE	0.04393493099996704	UNREALIZABLE	0.040946711000287905	UNREALIZABLE	0.04639548101113178	stable-unrealizable	
TwoCountersInRangeA3.ltl	direct:tlsf/tsl_paper:TwoCountersInRangeA	TwoCountersInRangeA	direct:tlsf/tsl_paper/TwoCountersInRangeA3.tlsf	none		{}	11	8	Mealy	Mealy	6f742f18e3df80ab2027024fb39ea1aa3448f9301c765bc62ca4f7876286a71d	UNREALIZABLE	0.03021162300137803	UNREALIZABLE	0.027051425000536256	UNREALIZABLE	0.02547462299116887	UNREALIZABLE	0.023533073981525376	stable-unrealizable	
TwoCountersInRangeA4.ltl	direct:tlsf/tsl_paper:TwoCountersInRangeA	TwoCountersInRangeA	direct:tlsf/tsl_paper/TwoCountersInRangeA4.tlsf	none		{}	11	8	Mealy	Mealy	18b9ea3cd9c370324b8f8b71fdd5d9c260c9831ea2e9b401449c1fca87084643	UNREALIZABLE	0.0423637729982147	UNREALIZABLE	0.04889081500004977	UNREALIZABLE	0.04435978701803833	UNREALIZABLE	0.027429154986748472	stable-unrealizable	
TwoCountersInRangeA5.ltl	direct:tlsf/tsl_paper:TwoCountersInRangeA	TwoCountersInRangeA	direct:tlsf/tsl_paper/TwoCountersInRangeA5.tlsf	none		{}	11	8	Mealy	Mealy	b1890e8d281fafeadadcccd5f16d558b5652743451c7109344848180923f3556	UNREALIZABLE	0.03894323100030306	UNREALIZABLE	0.041853127997455886	UNREALIZABLE	0.04597780198673718	UNREALIZABLE	0.02812510699732229	stable-unrealizable	
TwoCountersInRangeM0.ltl	direct:tlsf/tsl_paper:TwoCountersInRangeM	TwoCountersInRangeM	direct:tlsf/tsl_paper/TwoCountersInRangeM0.tlsf	none		{}	11	8	Mealy	Mealy	18f19b12d1e54fe063e22ca0d7a065982d6558a5e49c3c10dd50f5079097444b	UNREALIZABLE	0.05066714399799821	UNREALIZABLE	0.04568908600049326	UNREALIZABLE	0.025464464008109644	UNREALIZABLE	0.028455628984374925	stable-unrealizable	
TwoCountersInRangeM1.ltl	direct:tlsf/tsl_paper:TwoCountersInRangeM	TwoCountersInRangeM	direct:tlsf/tsl_paper/TwoCountersInRangeM1.tlsf	none		{}	11	8	Mealy	Mealy	f6d907160c3d7cb793e3ac22199f76548dd73b09539b3558249ee944a5828a7b	UNREALIZABLE	0.027048490999732167	UNREALIZABLE	0.031238489000315894	UNREALIZABLE	0.030285701010143384	UNREALIZABLE	0.030399085982935503	stable-unrealizable	
TwoCountersInRangeM2.ltl	direct:tlsf/tsl_paper:TwoCountersInRangeM	TwoCountersInRangeM	direct:tlsf/tsl_paper/TwoCountersInRangeM2.tlsf	none		{}	11	8	Mealy	Mealy	ce63f4da53a6993d70d1074d001c18e2719518c0c0e571bb0e34db4b6199f87c	UNREALIZABLE	0.029039230998023413	UNREALIZABLE	0.027858339999511372	UNREALIZABLE	0.02516870098770596	UNREALIZABLE	0.02563116600504145	stable-unrealizable	
TwoCountersInRangeM3.ltl	direct:tlsf/tsl_paper:TwoCountersInRangeM	TwoCountersInRangeM	direct:tlsf/tsl_paper/TwoCountersInRangeM3.tlsf	none		{}	11	8	Mealy	Mealy	76c01fb2575f23bd34119751b7941299800c70907a683ad5282bd74bca6ae748	UNREALIZABLE	0.03060962000017753	UNREALIZABLE	0.0487368920003064	UNREALIZABLE	0.058256599004380405	UNREALIZABLE	0.027328694006428123	stable-unrealizable	
TwoCountersInRangeM4.ltl	direct:tlsf/tsl_paper:TwoCountersInRangeM	TwoCountersInRangeM	direct:tlsf/tsl_paper/TwoCountersInRangeM4.tlsf	none		{}	11	8	Mealy	Mealy	daffe18f98e5a3cd8cb6b5e1c54c172d4a799c6db17d45949af55f5719f2cb3e	UNREALIZABLE	0.029725642001722008	UNREALIZABLE	0.03396026799600804	UNREALIZABLE	0.038783966010669246	UNREALIZABLE	0.040764316014247015	stable-unrealizable	
TwoCountersRefined.ltl	direct:tlsf/tsl_paper:TwoCountersRefined	TwoCountersRefined	direct:tlsf/tsl_paper/TwoCountersRefined.tlsf	none		{}	6	8	Mealy	Mealy	2d343373f7185560609300dcf90a350672b64be5c7fa79857cbce94a8037529d	UNREALIZABLE	0.046146672997565474	UNREALIZABLE	0.027163967002707068	UNREALIZABLE	0.04302303001168184	UNREALIZABLE	0.022328908002236858	stable-unrealizable	
TwoCountersRefinedRefined.ltl	direct:tlsf/tsl_paper:TwoCountersRefinedRefined	TwoCountersRefinedRefined	direct:tlsf/tsl_paper/TwoCountersRefinedRefined.tlsf	none		{}	6	8	Mealy	Mealy	67251727a89f3b407c06ddbfaea2a749095fa00280ded4d5652bed4ed72b0c4f	REALIZABLE	0.04641310799343046	REALIZABLE	0.027902922010980546	REALIZABLE	0.031688226998085156	REALIZABLE	0.03555681699072011	stable-realizable	
UnderapproxDemo2.ltl	direct:tlsf/tsl_paper:UnderapproxDemo	UnderapproxDemo	direct:tlsf/tsl_paper/UnderapproxDemo2.tlsf	none		{}	2	2	Mealy	Mealy	72036e4a744f73ebfe026c55149dc0ada369c2ca82454aec715fc94437efaccc	UNREALIZABLE	0.027523238997673616	UNREALIZABLE	0.02109758499864256	UNREALIZABLE	0.015777843014802784	UNREALIZABLE	0.024050362000707537	stable-unrealizable	
UnderapproxStrengthenedDemo.ltl	direct:tlsf/tsl_paper:UnderapproxStrengthenedDemo	UnderapproxStrengthenedDemo	direct:tlsf/tsl_paper/UnderapproxStrengthenedDemo.tlsf	none		{}	1	0	Mealy	Mealy	051e8b0d7b43fcd698e3b2a64e63f92154c4756f495eddc1c35a41ebda933278	REALIZABLE	0.017541859997436404	REALIZABLE	0.020209730006172322	REALIZABLE	0.019039467995753512	REALIZABLE	0.03546111600007862	stable-realizable	
Warnlight_2d1010f8.ltl	direct:tlsf/tsl_smart_home_jarvis/extracted-benchmarks:Warnlight	Warnlight	direct:tlsf/tsl_smart_home_jarvis/extracted-benchmarks/Warnlight_2d1010f8.tlsf	none		{}	4	3	Mealy	Mealy	63b43cf75035534e00112b1865172f4ab3ddddeeaba91bafbe52b92fbaefdc67	REALIZABLE	0.038150129999849014	REALIZABLE	0.03270930999860866	REALIZABLE	0.03655387100297958	REALIZABLE	0.027226664999034256	stable-realizable	
Warnlight_a50cadd7.ltl	direct:tlsf/tsl_smart_home_jarvis/extracted-benchmarks:Warnlight	Warnlight	direct:tlsf/tsl_smart_home_jarvis/extracted-benchmarks/Warnlight_a50cadd7.tlsf	none		{}	2	3	Mealy	Mealy	d897e18cd9e6a03a0b590b8e8844a5e0167e819c7ab3762a1a39fbd7f81e86e3	UNREALIZABLE	0.0397871360037243	UNREALIZABLE	0.03646690500318073	UNREALIZABLE	0.016615305008599535	UNREALIZABLE	0.021543718001339585	stable-unrealizable	
Window2Min_88c5c1c3.ltl	direct:tlsf/tsl_smart_home_jarvis/extracted-benchmarks:Window2Min	Window2Min	direct:tlsf/tsl_smart_home_jarvis/extracted-benchmarks/Window2Min_88c5c1c3.tlsf	none		{}	6	5	Mealy	Mealy	d9fffdddc7a817ccd3a8f924721e98ba668a2b0353c037ad10465c9d5f717c6a	REALIZABLE	0.031456063996301964	REALIZABLE	0.02108193200547248	REALIZABLE	0.03428973598056473	REALIZABLE	0.024759694992098957	stable-realizable	
Window2_54e1f7d2.ltl	direct:tlsf/tsl_smart_home_jarvis/extracted-benchmarks:Window	Window	direct:tlsf/tsl_smart_home_jarvis/extracted-benchmarks/Window2_54e1f7d2.tlsf	none		{}	9	11	Mealy	Mealy	102d2bda4449a49057e2f2ad4053430f82f798b62ea998851c3dc82adc19cd40	REALIZABLE	0.0427545429993188	REALIZABLE	0.045953230997838546	REALIZABLE	0.021407840016763657	REALIZABLE	0.03299001700361259	stable-realizable	
Window2_6479ef9a.ltl	direct:tlsf/tsl_smart_home_jarvis/extracted-benchmarks:Window	Window	direct:tlsf/tsl_smart_home_jarvis/extracted-benchmarks/Window2_6479ef9a.tlsf	none		{}	7	7	Mealy	Mealy	e1b1f91d1e57c9a74047f3e305f855ad15d89526bab8dc3e9ac54ea77bca80d4	REALIZABLE	0.023483418000978418	REALIZABLE	0.021526516000449192	REALIZABLE	0.021816560998558998	REALIZABLE	0.039606298989383504	stable-realizable	
Window2_9cac58d3.ltl	direct:tlsf/tsl_smart_home_jarvis/extracted-benchmarks:Window	Window	direct:tlsf/tsl_smart_home_jarvis/extracted-benchmarks/Window2_9cac58d3.tlsf	none		{}	9	11	Mealy	Mealy	5779e12c3b93836ce2683d6fb22b0de2c25e52839a3cddb7415dd13a412e22b5	REALIZABLE	0.024311221990501508	REALIZABLE	0.03798874300264288	REALIZABLE	0.026080251001985744	REALIZABLE	0.021187638980336487	stable-realizable	
Window2_aeb1d897.ltl	direct:tlsf/tsl_smart_home_jarvis/extracted-benchmarks:Window	Window	direct:tlsf/tsl_smart_home_jarvis/extracted-benchmarks/Window2_aeb1d897.tlsf	none		{}	7	7	Mealy	Mealy	09972531f601b3725c7a571c31f11f4771dbc19011e4c5191e9c6bc6171f70b6	REALIZABLE	0.025464678999924217	REALIZABLE	0.039692727999863564	REALIZABLE	0.036955914983991534	REALIZABLE	0.046986598026705906	stable-realizable	
Window2_f1477cc5.ltl	direct:tlsf/tsl_smart_home_jarvis/extracted-benchmarks:Window	Window	direct:tlsf/tsl_smart_home_jarvis/extracted-benchmarks/Window2_f1477cc5.tlsf	none		{}	8	7	Mealy	Mealy	b8cc2fe59836219c5234d66dd4f71e675f5b9f163f40a3222e2c2e60c4919509	UNREALIZABLE	0.02553530899967882	UNREALIZABLE	0.034197512999526225	UNREALIZABLE	0.03574540599947795	UNREALIZABLE	0.03124034099164419	stable-unrealizable	
WindowMin_a5f99bc6.ltl	direct:tlsf/tsl_smart_home_jarvis/extracted-benchmarks:WindowMin	WindowMin	direct:tlsf/tsl_smart_home_jarvis/extracted-benchmarks/WindowMin_a5f99bc6.tlsf	none		{}	4	5	Mealy	Mealy	6efc785b8e1d2ac18d00cfee002030352ed8c447cdc840bc21529cceabcec8c9	REALIZABLE	0.03493159899517195	REALIZABLE	0.032570568000664935	REALIZABLE	0.03614642401225865	REALIZABLE	0.0337563679786399	stable-realizable	
Window_235467da.ltl	direct:tlsf/tsl_smart_home_jarvis/extracted-benchmarks:Window	Window	direct:tlsf/tsl_smart_home_jarvis/extracted-benchmarks/Window_235467da.tlsf	none		{}	5	5	Mealy	Mealy	bfa563b48cc863ed78cd83941d963ecf4c55ad21e461e8cb4e809ccbbd33625a	REALIZABLE	0.02332565600227099	REALIZABLE	0.027587613003561273	REALIZABLE	0.030117504997178912	REALIZABLE	0.026585945015540347	stable-realizable	
Window_42dc4fff.ltl	direct:tlsf/tsl_smart_home_jarvis/extracted-benchmarks:Window	Window	direct:tlsf/tsl_smart_home_jarvis/extracted-benchmarks/Window_42dc4fff.tlsf	none		{}	5	5	Mealy	Mealy	288c1b094f8651c567ed0bb17a51ba92a8076255304589745fce0a6fba7e4dac	REALIZABLE	0.02353089900134364	REALIZABLE	0.02242164299968863	REALIZABLE	0.0226066000177525	REALIZABLE	0.01807349201408215	stable-realizable	
Window_54e1f7d2.ltl	direct:tlsf/tsl_smart_home_jarvis/extracted-benchmarks:Window	Window	direct:tlsf/tsl_smart_home_jarvis/extracted-benchmarks/Window_54e1f7d2.tlsf	none		{}	5	5	Mealy	Mealy	c15459a75f8bf79746904016142cbb969e1135bce3b8f693bca7941330026ad0	REALIZABLE	0.02065716900051484	REALIZABLE	0.026871108000705135	REALIZABLE	0.04075523902429268	REALIZABLE	0.033133292017737404	stable-realizable	
Zoo0.ltl	direct:tlsf/tsl_paper:Zoo	Zoo	direct:tlsf/tsl_paper/Zoo0.tlsf	none		{}	3	9	Mealy	Mealy	2831f9166e6edb900704b5a9354e65971f825cefa46e33573149c7d59ae863c3	REALIZABLE	0.019005841000762302	REALIZABLE	0.0318576870013203	REALIZABLE	0.028845315013313666	REALIZABLE	0.02696724797715433	stable-realizable	
Zoo10.ltl	direct:tlsf/tsl_paper:Zoo	Zoo	direct:tlsf/tsl_paper/Zoo10.tlsf	none		{}	3	8	Mealy	Mealy	2bf62b09b29ca8bbe5f02fca68297ab32118b2d31d95bafb2689a887a9e39cdd	REALIZABLE	0.01976971000112826	REALIZABLE	0.02318229299999075	REALIZABLE	0.022598871000809595	REALIZABLE	0.04109180698287673	stable-realizable	
Zoo5.ltl	direct:tlsf/tsl_paper:Zoo	Zoo	direct:tlsf/tsl_paper/Zoo5.tlsf	none		{}	3	8	Mealy	Mealy	3933751d6f50cad59f8e61e7fdca0f84d08676c386fa2c57bdf6001f96dd5039	REALIZABLE	0.039617171001737006	REALIZABLE	0.03900828699988779	REALIZABLE	0.018864954996388406	REALIZABLE	0.03708555898629129	stable-realizable	
abcg_arbiter_pb_1_pe_.ltl	param:tlsf/arbiters_zoo/parametric/abcg_arbiter.tlsf	abcg_arbiter	param:tlsf/arbiters_zoo/parametric/abcg_arbiter.tlsf:n=1	exact	n	"{""n"": 1}"	1	4	Mealy	Mealy	6f402be300a597062a8a28f460d405e16e783490b2c9ba1c12c1a8588394c279	REALIZABLE	0.020633441999962088	REALIZABLE	0.038280478001979645	REALIZABLE	0.039637740002945065	REALIZABLE	0.03481184699921869	stable-realizable	
abcg_arbiter_pb_2_pe_.ltl	param:tlsf/arbiters_zoo/parametric/abcg_arbiter.tlsf	abcg_arbiter	param:tlsf/arbiters_zoo/parametric/abcg_arbiter.tlsf:n=2	exact	n	"{""n"": 2}"	2	8	Mealy	Mealy	2e23bb296f881a396083c6d6bc193a48283e272320963bc5bc839acc2cafec26	REALIZABLE	0.09123198599991156	REALIZABLE	0.08893516199896112	REALIZABLE	0.09406596701592207	REALIZABLE	0.10681041900534183	stable-realizable	
abcg_arbiter_pb_3_pe_.ltl	param:tlsf/arbiters_zoo/parametric/abcg_arbiter.tlsf	abcg_arbiter	param:tlsf/arbiters_zoo/parametric/abcg_arbiter.tlsf:n=3	exact	n	"{""n"": 3}"	3	12	Mealy	Mealy	ffe566f3252292837253a7068081b87bc5c9d65d86238833b8864d8428310655	REALIZABLE	31.986588024999946	REALIZABLE	31.092613374999928	TIMEOUT		TIMEOUT		stable-realizable	
abcg_arbiter_pb_4_pe_.ltl	param:tlsf/arbiters_zoo/parametric/abcg_arbiter.tlsf	abcg_arbiter	param:tlsf/arbiters_zoo/parametric/abcg_arbiter.tlsf:n=4	exact	n	"{""n"": 4}"	4	16	Mealy	Mealy	13ffd61ce4cd4a57e4e640380541bdcb8f1f629b1216776d4d63a75f6c740bd4	TIMEOUT		TIMEOUT		TIMEOUT		TIMEOUT		stable-unsolved	
abcg_arbiter_pb_5_pe_.ltl	param:tlsf/arbiters_zoo/parametric/abcg_arbiter.tlsf	abcg_arbiter	param:tlsf/arbiters_zoo/parametric/abcg_arbiter.tlsf:n=5	exact	n	"{""n"": 5}"	5	20	Mealy	Mealy	6cd4f694d2fead45f182e6ca27ad3e6bd0bb2eae2eed9865d9124ecc48f122e5	TIMEOUT		TIMEOUT		TIMEOUT		TIMEOUT		stable-unsolved	
abcg_arbiter_pb_6_pe_.ltl	param:tlsf/arbiters_zoo/parametric/abcg_arbiter.tlsf	abcg_arbiter	param:tlsf/arbiters_zoo/parametric/abcg_arbiter.tlsf:n=6	exact	n	"{""n"": 6}"	6	24	Mealy	Mealy	eeefe2935b8c3692a17a8c09cc2bdc998012f5bfa3bec10d9d610a702eca9e90	TIMEOUT		TIMEOUT		TIMEOUT		TIMEOUT		stable-unsolved	
amba_case_study_pb_2_pe_.ltl	param:tlsf/amba/amba/parametric/amba_case_study.tlsf	amba_case_study	param:tlsf/amba/amba/parametric/amba_case_study.tlsf:n=2	exact	n	"{""n"": 2}"	7	8	Mealy	Mealy	4da5edeb720c78d52219b4186d99ee4372ef421c8da15dfe6b6096456ff4ae80	REALIZABLE	1.0876994470017962	REALIZABLE	1.0651050939995912	REALIZABLE	1.0956316719821189	REALIZABLE	1.0989907800103538	stable-realizable	
amba_case_study_pb_3_pe_.ltl	param:tlsf/amba/amba/parametric/amba_case_study.tlsf	amba_case_study	param:tlsf/amba/amba/parametric/amba_case_study.tlsf:n=3	exact	n	"{""n"": 3}"	9	10	Mealy	Mealy	79259f6399a70e92aa32e2a67f8e334971658710677c2d0d8b68772845549a5e	TIMEOUT		TIMEOUT		TIMEOUT		TIMEOUT		stable-unsolved	
amba_case_study_pb_4_pe_.ltl	param:tlsf/amba/amba/parametric/amba_case_study.tlsf	amba_case_study	param:tlsf/amba/amba/parametric/amba_case_study.tlsf:n=4	exact	n	"{""n"": 4}"	11	11	Mealy	Mealy	79ac6d91864401d3b22a0dc53f9247fd5a85fb83a21cc9713ce7e4b5dd64d3e5	MEMOUT		TIMEOUT		TIMEOUT		TIMEOUT		stable-unsolved	
amba_case_study_unreal_pb_2_pe_.ltl	param:tlsf/amba/amba/parametric/amba_case_study_unreal.tlsf	amba_case_study_unreal	param:tlsf/amba/amba/parametric/amba_case_study_unreal.tlsf:n=2	exact	n	"{""n"": 2}"	7	8	Mealy	Mealy	371a3f0bcb1acaabcb7bfb8ea37ee63e548f33aa0eb5cbfad1a5da2e6b4064e1	TIMEOUT		TIMEOUT		TIMEOUT		TIMEOUT		stable-unsolved	
amba_case_study_unreal_pb_3_pe_.ltl	param:tlsf/amba/amba/parametric/amba_case_study_unreal.tlsf	amba_case_study_unreal	param:tlsf/amba/amba/parametric/amba_case_study_unreal.tlsf:n=3	exact	n	"{""n"": 3}"	9	10	Mealy	Mealy	7cd7ef94f50523fee3ac57a3691d0211b0ef26379d618a355485f5c01f390122	TIMEOUT		TIMEOUT		TIMEOUT		TIMEOUT		stable-unsolved	
amba_case_study_unreal_pb_4_pe_.ltl	param:tlsf/amba/amba/parametric/amba_case_study_unreal.tlsf	amba_case_study_unreal	param:tlsf/amba/amba/parametric/amba_case_study_unreal.tlsf:n=4	exact	n	"{""n"": 4}"	11	11	Mealy	Mealy	5fb204accfc2bf8b00445954ad30d783e9f22cf58fc971504748812e7f675ea9	TIMEOUT		TIMEOUT		TIMEOUT		TIMEOUT		stable-unsolved	
amba_case_study_unreal_pb_5_pe_.ltl	param:tlsf/amba/amba/parametric/amba_case_study_unreal.tlsf	amba_case_study_unreal	param:tlsf/amba/amba/parametric/amba_case_study_unreal.tlsf:n=5	exact	n	"{""n"": 5}"	13	13	Mealy	Mealy	947cae4927d0a1e14f52a0ec9fc9e98991786110db8cf6bde81f73681259d2e0	TIMEOUT		TIMEOUT		TIMEOUT		TIMEOUT		stable-unsolved	
amba_decomposed_arbiter_pb_10_pe_.ltl	param:tlsf/amba/amba_decomposed/parametric/amba_decomposed_arbiter.tlsf	amba_decomposed_arbiter	param:tlsf/amba/amba_decomposed/parametric/amba_decomposed_arbiter.tlsf:n=10	exact	n	"{""n"": 10}"	11	12	Mealy	Mealy	c7902079c4ea4fe19d3029cc2ad544d4f265bf00d6aa1a7ed93ce43d0c0d528c	TIMEOUT		TIMEOUT		TIMEOUT		TIMEOUT		stable-unsolved	
amba_decomposed_arbiter_pb_11_pe_.ltl	param:tlsf/amba/amba_decomposed/parametric/amba_decomposed_arbiter.tlsf	amba_decomposed_arbiter	param:tlsf/amba/amba_decomposed/parametric/amba_decomposed_arbiter.tlsf:n=11	exact	n	"{""n"": 11}"	12	13	Mealy	Mealy	cf0ef38762a6c96d28dbe530faa96d533cc2a068e154e0cffed305f9a5faf983	TIMEOUT		TIMEOUT		TIMEOUT		TIMEOUT		stable-unsolved	
amba_decomposed_arbiter_pb_12_pe_.ltl	param:tlsf/amba/amba_decomposed/parametric/amba_decomposed_arbiter.tlsf	amba_decomposed_arbiter	param:tlsf/amba/amba_decomposed/parametric/amba_decomposed_arbiter.tlsf:n=12	exact	n	"{""n"": 12}"	13	14	Mealy	Mealy	89a8ecfb5976cc59b2bf04515e1aa43d3707cff9e2af754ee0f5facce6a35844	TIMEOUT		TIMEOUT		TIMEOUT		TIMEOUT		stable-unsolved	
amba_decomposed_arbiter_pb_13_pe_.ltl	param:tlsf/amba/amba_decomposed/parametric/amba_decomposed_arbiter.tlsf	amba_decomposed_arbiter	param:tlsf/amba/amba_decomposed/parametric/amba_decomposed_arbiter.tlsf:n=13	exact	n	"{""n"": 13}"	14	15	Mealy	Mealy	c705777bbcdd5e202b52d132557fd1da96782ba7afc648cbef32c8c1dec46e63	TIMEOUT		TIMEOUT		TIMEOUT		TIMEOUT		stable-unsolved	
amba_decomposed_arbiter_pb_2_pe_.ltl	param:tlsf/amba/amba_decomposed/parametric/amba_decomposed_arbiter.tlsf	amba_decomposed_arbiter	param:tlsf/amba/amba_decomposed/parametric/amba_decomposed_arbiter.tlsf:n=2	exact	n	"{""n"": 2}"	3	4	Mealy	Mealy	74564d9a7e423f8996bb96e200f132f4e9c5492b998b790a5369b1b89eee753a	REALIZABLE	0.017486584998550825	REALIZABLE	0.021578537998721004	REALIZABLE	0.019513656006893143	REALIZABLE	0.020677155000157654	stable-realizable	
amba_decomposed_arbiter_pb_3_pe_.ltl	param:tlsf/amba/amba_decomposed/parametric/amba_decomposed_arbiter.tlsf	amba_decomposed_arbiter	param:tlsf/amba/amba_decomposed/parametric/amba_decomposed_arbiter.tlsf:n=3	exact	n	"{""n"": 3}"	4	5	Mealy	Mealy	97b9d99f4f47538e2b57d1a282e20c0bb6eb90a260086bd7623ddcce5aca408e	REALIZABLE	0.03889434399934544	REALIZABLE	0.021843557000465808	REALIZABLE	0.038462630996946245	REALIZABLE	0.03594453900586814	stable-realizable	
amba_decomposed_arbiter_pb_4_pe_.ltl	param:tlsf/amba/amba_decomposed/parametric/amba_decomposed_arbiter.tlsf	amba_decomposed_arbiter	param:tlsf/amba/amba_decomposed/parametric/amba_decomposed_arbiter.tlsf:n=4	exact	n	"{""n"": 4}"	5	6	Mealy	Mealy	35eb2657e92aca8932e12cbffa6071f12f07423f9bf3426d25c77c8097101c9d	REALIZABLE	0.04883386000074097	REALIZABLE	0.0474526039979537	REALIZABLE	0.04318410201813094	REALIZABLE	0.04503430801560171	stable-realizable	
amba_decomposed_arbiter_pb_5_pe_.ltl	param:tlsf/amba/amba_decomposed/parametric/amba_decomposed_arbiter.tlsf	amba_decomposed_arbiter	param:tlsf/amba/amba_decomposed/parametric/amba_decomposed_arbiter.tlsf:n=5	exact	n	"{""n"": 5}"	6	7	Mealy	Mealy	cdd69d03b0837754aa2ef25f26b1945f2f02c4c19a891ca280829c7795bc2221	REALIZABLE	0.12312572600058047	REALIZABLE	0.12593250200006878	REALIZABLE	0.12895004299934953	REALIZABLE	0.12014364602509886	stable-realizable	
amba_decomposed_arbiter_pb_6_pe_.ltl	param:tlsf/amba/amba_decomposed/parametric/amba_decomposed_arbiter.tlsf	amba_decomposed_arbiter	param:tlsf/amba/amba_decomposed/parametric/amba_decomposed_arbiter.tlsf:n=6	exact	n	"{""n"": 6}"	7	8	Mealy	Mealy	56f31637ac61c2f15d2f065ea2600cf0ffd864dd666de089cb53bcbcdbdc6d55	REALIZABLE	1.0874079990026075	REALIZABLE	1.0838714800011076	REALIZABLE	1.2264245460100938	REALIZABLE	1.0829590139910579	stable-realizable	
amba_decomposed_arbiter_pb_7_pe_.ltl	param:tlsf/amba/amba_decomposed/parametric/amba_decomposed_arbiter.tlsf	amba_decomposed_arbiter	param:tlsf/amba/amba_decomposed/parametric/amba_decomposed_arbiter.tlsf:n=7	exact	n	"{""n"": 7}"	8	9	Mealy	Mealy	fda31b5f2a4bde749b5d1b046fb270bc298ea64ae19da1adf41e2f14a77ada22	TIMEOUT		TIMEOUT		TIMEOUT		TIMEOUT		stable-unsolved	
amba_decomposed_arbiter_pb_8_pe_.ltl	param:tlsf/amba/amba_decomposed/parametric/amba_decomposed_arbiter.tlsf	amba_decomposed_arbiter	param:tlsf/amba/amba_decomposed/parametric/amba_decomposed_arbiter.tlsf:n=8	exact	n	"{""n"": 8}"	9	10	Mealy	Mealy	93e648b1817217e99b31d03281d73189dfa63294b4fe3ec64d691feff41afbb9	TIMEOUT		TIMEOUT		TIMEOUT		TIMEOUT		stable-unsolved	
amba_decomposed_arbiter_pb_9_pe_.ltl	param:tlsf/amba/amba_decomposed/parametric/amba_decomposed_arbiter.tlsf	amba_decomposed_arbiter	param:tlsf/amba/amba_decomposed/parametric/amba_decomposed_arbiter.tlsf:n=9	exact	n	"{""n"": 9}"	10	11	Mealy	Mealy	2245dc5c02901b8df4ac99e3119944fd70cb0f63c88d0a718c1a44230acb42b6	TIMEOUT		TIMEOUT		TIMEOUT		TIMEOUT		stable-unsolved	
amba_decomposed_decode.ltl	direct:tlsf/amba/amba_decomposed:amba_decomposed_decode	amba_decomposed_decode	direct:tlsf/amba/amba_decomposed/amba_decomposed_decode.tlsf	none		{}	2	3	Mealy	Mealy	e117b77c8d4fd4f20638b3c36cd837760d4a1187f6075c1946dcafeede3e505f	REALIZABLE	0.01848881800106028	REALIZABLE	0.017563607998454245	REALIZABLE	0.014911288017174229	REALIZABLE	0.018257647985592484	stable-realizable	
amba_decomposed_encode_pb_10_pe_.ltl	param:tlsf/amba/amba_decomposed/parametric/amba_decomposed_encode.tlsf	amba_decomposed_encode	param:tlsf/amba/amba_decomposed/parametric/amba_decomposed_encode.tlsf:n=10	exact	n	"{""n"": 10}"	11	4	Mealy	Mealy	376659fdfe710b891363a5367d6e9688948ff8064b59a4221ac25b9df9a33c9b	REALIZABLE	0.05698600599862402	REALIZABLE	0.04034128399507608	REALIZABLE	0.059458402974996716	REALIZABLE	0.051854777993867174	stable-realizable	
amba_decomposed_encode_pb_11_pe_.ltl	param:tlsf/amba/amba_decomposed/parametric/amba_decomposed_encode.tlsf	amba_decomposed_encode	param:tlsf/amba/amba_decomposed/parametric/amba_decomposed_encode.tlsf:n=11	exact	n	"{""n"": 11}"	12	4	Mealy	Mealy	78836b2d5dff48f38751ad0b994b9eb0787402d8023826aca86f4d3edb8c9e4b	REALIZABLE	0.0540218589885626	REALIZABLE	0.03943166500539519	REALIZABLE	0.053620352991856635	REALIZABLE	0.05930467299185693	stable-realizable	
amba_decomposed_encode_pb_12_pe_.ltl	param:tlsf/amba/amba_decomposed/parametric/amba_decomposed_encode.tlsf	amba_decomposed_encode	param:tlsf/amba/amba_decomposed/parametric/amba_decomposed_encode.tlsf:n=12	exact	n	"{""n"": 12}"	13	4	Mealy	Mealy	79f47112fd8d2f20493b8b6cbb5a26d8ed2e268cb242d9f0795dcb3e3db5c1e3	REALIZABLE	0.06288557299922104	REALIZABLE	0.062251393999758875	REALIZABLE	0.05382223500055261	REALIZABLE	0.0635643019923009	stable-realizable	
amba_decomposed_encode_pb_13_pe_.ltl	param:tlsf/amba/amba_decomposed/parametric/amba_decomposed_encode.tlsf	amba_decomposed_encode	param:tlsf/amba/amba_decomposed/parametric/amba_decomposed_encode.tlsf:n=13	exact	n	"{""n"": 13}"	14	4	Mealy	Mealy	580adba27700a76dbe1b10d35e9af842f7b752b8bf001b53598bca6a37e7fa22	REALIZABLE	0.07092237600045337	REALIZABLE	0.07794441300029575	REALIZABLE	0.08487663100822829	REALIZABLE	0.08555083800456487	stable-realizable	
amba_decomposed_encode_pb_14_pe_.ltl	param:tlsf/amba/amba_decomposed/parametric/amba_decomposed_encode.tlsf	amba_decomposed_encode	param:tlsf/amba/amba_decomposed/parametric/amba_decomposed_encode.tlsf:n=14	exact	n	"{""n"": 14}"	15	4	Mealy	Mealy	f73f643a0bff0368d567d2d3598f30463cd8c8999aac5d07e74aeafd3eff4f69	REALIZABLE	0.1510805869984324	REALIZABLE	0.1414938189991517	REALIZABLE	0.14854447601828724	REALIZABLE	0.14467754200450145	stable-realizable	
amba_decomposed_encode_pb_15_pe_.ltl	param:tlsf/amba/amba_decomposed/parametric/amba_decomposed_encode.tlsf	amba_decomposed_encode	param:tlsf/amba/amba_decomposed/parametric/amba_decomposed_encode.tlsf:n=15	exact	n	"{""n"": 15}"	16	4	Mealy	Mealy	fb9d2cba206c44b00eb3ebdd7292892d85aebc039215ddc46d82e1e4118d226a	REALIZABLE	0.32523015700280666	REALIZABLE	0.32455014099832624	REALIZABLE	0.320253625017358	REALIZABLE	0.3230595900095068	stable-realizable	
amba_decomposed_encode_pb_16_pe_.ltl	param:tlsf/amba/amba_decomposed/parametric/amba_decomposed_encode.tlsf	amba_decomposed_encode	param:tlsf/amba/amba_decomposed/parametric/amba_decomposed_encode.tlsf:n=16	exact	n	"{""n"": 16}"	17	4	Mealy	Mealy	cbe4b33d82320546b3aa958afd39a5bd6769838a3834e41cf0dfa4a13adc85f5	REALIZABLE	1.003352482000082	REALIZABLE	1.0564327900001445	REALIZABLE	0.9530126139870845	REALIZABLE	0.9380729009862989	stable-realizable	
amba_decomposed_encode_pb_20_pe_.ltl	param:tlsf/amba/amba_decomposed/parametric/amba_decomposed_encode.tlsf	amba_decomposed_encode	param:tlsf/amba/amba_decomposed/parametric/amba_decomposed_encode.tlsf:n=20	exact	n	"{""n"": 20}"	21	5	Mealy	Mealy	2ba6b5c167664586dbb32752d2b42ea75ea5e3b0a63338eb8a6c69e87e19f88f	TIMEOUT		TIMEOUT		TIMEOUT		TIMEOUT		stable-unsolved	
amba_decomposed_encode_pb_25_pe_.ltl	param:tlsf/amba/amba_decomposed/parametric/amba_decomposed_encode.tlsf	amba_decomposed_encode	param:tlsf/amba/amba_decomposed/parametric/amba_decomposed_encode.tlsf:n=25	exact	n	"{""n"": 25}"	26	5	Mealy	Mealy	6d50790e1d52eb2cb3f71e17220ba387e0be5290b8c9db149e1ae3475b2d1640	TIMEOUT		TIMEOUT		TIMEOUT		TIMEOUT		stable-unsolved	
amba_decomposed_encode_pb_2_pe_.ltl	param:tlsf/amba/amba_decomposed/parametric/amba_decomposed_encode.tlsf	amba_decomposed_encode	param:tlsf/amba/amba_decomposed/parametric/amba_decomposed_encode.tlsf:n=2	exact	n	"{""n"": 2}"	3	1	Mealy	Mealy	0168543016a28af242363f6bc812c9d2e737f4f94c338522df1656003f89d4d7	REALIZABLE	0.034530991993960924	REALIZABLE	0.03142063399718609	REALIZABLE	0.03472612801124342	REALIZABLE	0.03879475800204091	stable-realizable	
amba_decomposed_encode_pb_3_pe_.ltl	param:tlsf/amba/amba_decomposed/parametric/amba_decomposed_encode.tlsf	amba_decomposed_encode	param:tlsf/amba/amba_decomposed/parametric/amba_decomposed_encode.tlsf:n=3	exact	n	"{""n"": 3}"	4	2	Mealy	Mealy	fab4ccd61be67b8d34b43c2685cbf495d81988d45e51138f4acfb780bd7200f5	REALIZABLE	0.035055703003308736	REALIZABLE	0.0367904480008292	REALIZABLE	0.036172938998788595	REALIZABLE	0.026065415993798524	stable-realizable	
amba_decomposed_encode_pb_4_pe_.ltl	param:tlsf/amba/amba_decomposed/parametric/amba_decomposed_encode.tlsf	amba_decomposed_encode	param:tlsf/amba/amba_decomposed/parametric/amba_decomposed_encode.tlsf:n=4	exact	n	"{""n"": 4}"	5	2	Mealy	Mealy	1d6188750fc8d153368ca53ea380e700ef40d5db774590e007ea3f7c09cfd170	REALIZABLE	0.03999033099898952	REALIZABLE	0.040078252000057546	REALIZABLE	0.03287858300609514	REALIZABLE	0.03332046797731891	stable-realizable	
amba_decomposed_encode_pb_5_pe_.ltl	param:tlsf/amba/amba_decomposed/parametric/amba_decomposed_encode.tlsf	amba_decomposed_encode	param:tlsf/amba/amba_decomposed/parametric/amba_decomposed_encode.tlsf:n=5	exact	n	"{""n"": 5}"	6	3	Mealy	Mealy	14beffad42694d942b0924b204b31b477005b54c7b107bd495ea2f1113fa98a3	REALIZABLE	0.03685394899366656	REALIZABLE	0.027695672997651855	REALIZABLE	0.023241787013830617	REALIZABLE	0.04193993299850263	stable-realizable	
amba_decomposed_encode_pb_6_pe_.ltl	param:tlsf/amba/amba_decomposed/parametric/amba_decomposed_encode.tlsf	amba_decomposed_encode	param:tlsf/amba/amba_decomposed/parametric/amba_decomposed_encode.tlsf:n=6	exact	n	"{""n"": 6}"	7	3	Mealy	Mealy	93d10ed579eb662afff4960d216d4194714c85fe373b39b194a99dc9e70e9b80	REALIZABLE	0.037531182999373414	REALIZABLE	0.04262269799983187	REALIZABLE	0.030648792017018422	REALIZABLE	0.049822419998236	stable-realizable	
amba_decomposed_encode_pb_7_pe_.ltl	param:tlsf/amba/amba_decomposed/parametric/amba_decomposed_encode.tlsf	amba_decomposed_encode	param:tlsf/amba/amba_decomposed/parametric/amba_decomposed_encode.tlsf:n=7	exact	n	"{""n"": 7}"	8	3	Mealy	Mealy	12752748f4b184f83cd91fc8ff66207b713743ba5ceceb952a0ce0777350c061	REALIZABLE	0.03335519200027193	REALIZABLE	0.03556010200009041	REALIZABLE	0.026354650006396696	REALIZABLE	0.03423703199950978	stable-realizable	
amba_decomposed_encode_pb_8_pe_.ltl	param:tlsf/amba/amba_decomposed/parametric/amba_decomposed_encode.tlsf	amba_decomposed_encode	param:tlsf/amba/amba_decomposed/parametric/amba_decomposed_encode.tlsf:n=8	exact	n	"{""n"": 8}"	9	3	Mealy	Mealy	cdd7db333bba095a7c0358732367121821beef0ba0e11982b3e37cff6760eca8	REALIZABLE	0.045713885003351606	REALIZABLE	0.025738839998666663	REALIZABLE	0.042193725996185094	REALIZABLE	0.04209876898676157	stable-realizable	
amba_decomposed_encode_pb_9_pe_.ltl	param:tlsf/amba/amba_decomposed/parametric/amba_decomposed_encode.tlsf	amba_decomposed_encode	param:tlsf/amba/amba_decomposed/parametric/amba_decomposed_encode.tlsf:n=9	exact	n	"{""n"": 9}"	10	4	Mealy	Mealy	cac546bd53a9617d2149b3255a1d81876681d33b14b798da3c8c42640905f419	REALIZABLE	0.04614076899997599	REALIZABLE	0.0520752900001753	REALIZABLE	0.036277634993894026	REALIZABLE	0.05383229599101469	stable-realizable	
amba_decomposed_lock_pb_10_pe_.ltl	param:tlsf/amba/amba_decomposed/parametric/amba_decomposed_lock.tlsf	amba_decomposed_lock	param:tlsf/amba/amba_decomposed/parametric/amba_decomposed_lock.tlsf:n=10	exact	n	"{""n"": 10}"	21	1	Mealy	Mealy	8f5f9464c4583499f588cc6d777ff2888342079e2ab966df18343a2492fa5d8e	REALIZABLE	0.47215671700178063	REALIZABLE	0.4709926710020227	REALIZABLE	0.4844498340098653	REALIZABLE	0.4767169810074847	stable-realizable	
amba_decomposed_lock_pb_11_pe_.ltl	param:tlsf/amba/amba_decomposed/parametric/amba_decomposed_lock.tlsf	amba_decomposed_lock	param:tlsf/amba/amba_decomposed/parametric/amba_decomposed_lock.tlsf:n=11	exact	n	"{""n"": 11}"	23	1	Mealy	Mealy	4521704bda643819899c9a6fe7ed9bba9d5acc6f5459ee302763465d1831c7f6	REALIZABLE	1.8930920210041222	REALIZABLE	1.8777890670025954	REALIZABLE	1.8712998050032184	REALIZABLE	1.8651348379789852	stable-realizable	
amba_decomposed_lock_pb_12_pe_.ltl	param:tlsf/amba/amba_decomposed/parametric/amba_decomposed_lock.tlsf	amba_decomposed_lock	param:tlsf/amba/amba_decomposed/parametric/amba_decomposed_lock.tlsf:n=12	exact	n	"{""n"": 12}"	25	1	Mealy	Mealy	9a3fec2cd07f335563e8454c3cdaca42845d87250b1b68423ca5b2dfbf500555	REALIZABLE	7.084361741002795	REALIZABLE	7.2140667000021494	REALIZABLE	7.195878528000321	REALIZABLE	7.143434191006236	stable-realizable	
amba_decomposed_lock_pb_13_pe_.ltl	param:tlsf/amba/amba_decomposed/parametric/amba_decomposed_lock.tlsf	amba_decomposed_lock	param:tlsf/amba/amba_decomposed/parametric/amba_decomposed_lock.tlsf:n=13	exact	n	"{""n"": 13}"	27	1	Mealy	Mealy	24a7cd2663f010f1041447864c761574caa4e79d08e10ddde259f0c4b81baf57	REALIZABLE	24.294208625000465	REALIZABLE	24.049902145998203	TIMEOUT		TIMEOUT		stable-realizable	
amba_decomposed_lock_pb_14_pe_.ltl	param:tlsf/amba/amba_decomposed/parametric/amba_decomposed_lock.tlsf	amba_decomposed_lock	param:tlsf/amba/amba_decomposed/parametric/amba_decomposed_lock.tlsf:n=14	exact	n	"{""n"": 14}"	29	1	Mealy	Mealy	65882181b9fff8b05dc8b872dd983da5d22b755507add77c601706667f6796be	REALIZABLE	71.63623583599838	REALIZABLE	72.18213795100019	TIMEOUT		TIMEOUT		stable-realizable	
amba_decomposed_lock_pb_15_pe_.ltl	param:tlsf/amba/amba_decomposed/parametric/amba_decomposed_lock.tlsf	amba_decomposed_lock	param:tlsf/amba/amba_decomposed/parametric/amba_decomposed_lock.tlsf:n=15	exact	n	"{""n"": 15}"	31	1	Mealy	Mealy	15f18abd3193587f946df1a46bd5bdc21ef425936eadc94ef28a741e5214b224	TIMEOUT		TIMEOUT		TIMEOUT		TIMEOUT		stable-unsolved	
amba_decomposed_lock_pb_16_pe_.ltl	param:tlsf/amba/amba_decomposed/parametric/amba_decomposed_lock.tlsf	amba_decomposed_lock	param:tlsf/amba/amba_decomposed/parametric/amba_decomposed_lock.tlsf:n=16	exact	n	"{""n"": 16}"	33	1	Mealy	Mealy	65e4dd3176ac686280b56e7cac7cf65f2972d0f783c0c39295c0926138c74d32	TIMEOUT		TIMEOUT		TIMEOUT		TIMEOUT		stable-unsolved	
amba_decomposed_lock_pb_2_pe_.ltl	param:tlsf/amba/amba_decomposed/parametric/amba_decomposed_lock.tlsf	amba_decomposed_lock	param:tlsf/amba/amba_decomposed/parametric/amba_decomposed_lock.tlsf:n=2	exact	n	"{""n"": 2}"	5	1	Mealy	Mealy	b1e33ea735f7d1de3cedb816d014204a4fe6755a62ca7ad6aa53eaf45c90efe4	REALIZABLE	0.025369705006596632	REALIZABLE	0.026954672997817397	REALIZABLE	0.037086397991515696	REALIZABLE	0.0354555330122821	stable-realizable	
amba_decomposed_lock_pb_30_pe_.ltl	param:tlsf/amba/amba_decomposed/parametric/amba_decomposed_lock.tlsf	amba_decomposed_lock	param:tlsf/amba/amba_decomposed/parametric/amba_decomposed_lock.tlsf:n=30	exact	n	"{""n"": 30}"	61	1	Mealy	Mealy	aaebb5156888c61be545b7f2667e44db30943a36966bccac890a63b3493b63d0	TIMEOUT		TIMEOUT		TIMEOUT		TIMEOUT		stable-unsolved	
amba_decomposed_lock_pb_3_pe_.ltl	param:tlsf/amba/amba_decomposed/parametric/amba_decomposed_lock.tlsf	amba_decomposed_lock	param:tlsf/amba/amba_decomposed/parametric/amba_decomposed_lock.tlsf:n=3	exact	n	"{""n"": 3}"	7	1	Mealy	Mealy	1b3daf82781b36ece21293e64d0d21149a8a396867b5d27a674788699a0c95c1	REALIZABLE	0.03459867699712049	REALIZABLE	0.017920417994901072	REALIZABLE	0.030807097995420918	REALIZABLE	0.025143123988527805	stable-realizable	
amba_decomposed_lock_pb_4_pe_.ltl	param:tlsf/amba/amba_decomposed/parametric/amba_decomposed_lock.tlsf	amba_decomposed_lock	param:tlsf/amba/amba_decomposed/parametric/amba_decomposed_lock.tlsf:n=4	exact	n	"{""n"": 4}"	9	1	Mealy	Mealy	c423fc6a68808073e81070ed4f149237d0431f33b21c72251e018fde82a73555	REALIZABLE	0.01916020999487955	REALIZABLE	0.021242096998321358	REALIZABLE	0.024311242013936862	REALIZABLE	0.019572499993955716	stable-realizable	
amba_decomposed_lock_pb_5_pe_.ltl	param:tlsf/amba/amba_decomposed/parametric/amba_decomposed_lock.tlsf	amba_decomposed_lock	param:tlsf/amba/amba_decomposed/parametric/amba_decomposed_lock.tlsf:n=5	exact	n	"{""n"": 5}"	11	1	Mealy	Mealy	cb09cc7a8be56f4afb43dec9b43e83e50668c8790fce5a59a5095a6af54816a6	REALIZABLE	0.018871278000005987	REALIZABLE	0.02965122900059214	REALIZABLE	0.03584329297882505	REALIZABLE	0.030083642021054402	stable-realizable	
amba_decomposed_lock_pb_6_pe_.ltl	param:tlsf/amba/amba_decomposed/parametric/amba_decomposed_lock.tlsf	amba_decomposed_lock	param:tlsf/amba/amba_decomposed/parametric/amba_decomposed_lock.tlsf:n=6	exact	n	"{""n"": 6}"	13	1	Mealy	Mealy	ebd1f3343656c25cf76ac3546c00bd0ae6cbd8940d16bd65ad9203c9a3017ab0	REALIZABLE	0.023491975000069942	REALIZABLE	0.03519643799518235	REALIZABLE	0.023185908008599654	REALIZABLE	0.022570780012756586	stable-realizable	
amba_decomposed_lock_pb_7_pe_.ltl	param:tlsf/amba/amba_decomposed/parametric/amba_decomposed_lock.tlsf	amba_decomposed_lock	param:tlsf/amba/amba_decomposed/parametric/amba_decomposed_lock.tlsf:n=7	exact	n	"{""n"": 7}"	15	1	Mealy	Mealy	b04fb001a76c6a251bedff93c92f6c9b327bc192347883835c47a7afa19a6ca5	REALIZABLE	0.05076355000346666	REALIZABLE	0.045553862997621763	REALIZABLE	0.04402404298889451	REALIZABLE	0.04120294700260274	stable-realizable	
amba_decomposed_lock_pb_8_pe_.ltl	param:tlsf/amba/amba_decomposed/parametric/amba_decomposed_lock.tlsf	amba_decomposed_lock	param:tlsf/amba/amba_decomposed/parametric/amba_decomposed_lock.tlsf:n=8	exact	n	"{""n"": 8}"	17	1	Mealy	Mealy	b81c141afcbe7f099afdb0ff2e159c1c9a0e69df04ae55ca977f7507534a0086	REALIZABLE	0.057455502999800956	REALIZABLE	0.04898562699963804	REALIZABLE	0.057536131993401796	REALIZABLE	0.055007615010254085	stable-realizable	
amba_decomposed_lock_pb_9_pe_.ltl	param:tlsf/amba/amba_decomposed/parametric/amba_decomposed_lock.tlsf	amba_decomposed_lock	param:tlsf/amba/amba_decomposed/parametric/amba_decomposed_lock.tlsf:n=9	exact	n	"{""n"": 9}"	19	1	Mealy	Mealy	e188b538a94f2f79d1299b1248356af3d973ef42973b6cac669f16a36cded4e7	REALIZABLE	0.13729652599431574	REALIZABLE	0.13321916899440112	REALIZABLE	0.13881484800367616	REALIZABLE	0.14956788200652227	stable-realizable	
amba_decomposed_shift.ltl	direct:tlsf/amba/amba_decomposed:amba_decomposed_shift	amba_decomposed_shift	direct:tlsf/amba/amba_decomposed/amba_decomposed_shift.tlsf	none		{}	2	1	Mealy	Mealy	54bc4453f8b1b41e652f7078f7a70494565c4679b19a8228f2dc85b668c1f22b	REALIZABLE	0.018768590001855046	REALIZABLE	0.030538370003341697	REALIZABLE	0.028522144973976538	REALIZABLE	0.03566994800348766	stable-realizable	
amba_decomposed_tburst4.ltl	direct:tlsf/amba/amba_decomposed:amba_decomposed_tburst	amba_decomposed_tburst	direct:tlsf/amba/amba_decomposed/amba_decomposed_tburst4.tlsf	none		{}	4	1	Mealy	Mealy	b47c7f6e2e7681106ed243277d612e01b67f5608e4a60551db3b914b294efec6	REALIZABLE	0.03418469199095853	REALIZABLE	0.026140322006540373	REALIZABLE	0.027012126985937357	REALIZABLE	0.038047573005314916	stable-realizable	
amba_decomposed_tincr.ltl	direct:tlsf/amba/amba_decomposed:amba_decomposed_tincr	amba_decomposed_tincr	direct:tlsf/amba/amba_decomposed/amba_decomposed_tincr.tlsf	none		{}	5	1	Mealy	Mealy	7d591da07cdbcd3612f8bca0d27c164d83db7b7fa20f48d7295b739008c9fab7	REALIZABLE	0.028288421002798714	REALIZABLE	0.034634044000995345	REALIZABLE	0.04156257299473509	REALIZABLE	0.035220418008975685	stable-realizable	
amba_decomposed_tsingle.ltl	direct:tlsf/amba/amba_decomposed:amba_decomposed_tsingle	amba_decomposed_tsingle	direct:tlsf/amba/amba_decomposed/amba_decomposed_tsingle.tlsf	none		{}	4	1	Mealy	Mealy	8bde0fcbe53ce4f2cd6d825e187e1410613154e2f5d4fa67a54423d746f8f12d	REALIZABLE	0.018186817003879696	REALIZABLE	0.018582537995825987	REALIZABLE	0.01878940500319004	REALIZABLE	0.024526002001948655	stable-realizable	
amba_gr+_pb_2_pe_.ltl	direct:tlsf/amba/amba_gr1/specs:amba_gr+_pb_2_pe	amba_gr+_pb_2_pe	direct:tlsf/amba/amba_gr1/specs/amba_gr+_pb_2_pe_.tlsf	none		{}	7	16	Strict,Mealy	Mealy	fae82a1ce40abe8b15d9d4143143f8adc2523cbea8d9a06e177f24832d780671	TIMEOUT		TIMEOUT		TIMEOUT		TIMEOUT		stable-unsolved	
amba_gr+_pb_3_pe_.ltl	direct:tlsf/amba/amba_gr1/specs:amba_gr+_pb_3_pe	amba_gr+_pb_3_pe	direct:tlsf/amba/amba_gr1/specs/amba_gr+_pb_3_pe_.tlsf	none		{}	9	19	Strict,Mealy	Mealy	17191cb265213019b3e0819e7a68f51a40dd39c18017125585dab9c636ce65ae	TIMEOUT		TIMEOUT		TIMEOUT		TIMEOUT		stable-unsolved	
amba_gr_pb_2_pe_.ltl	direct:tlsf/amba/amba_gr1/specs:amba_gr_pb_2_pe	amba_gr_pb_2_pe	direct:tlsf/amba/amba_gr1/specs/amba_gr_pb_2_pe_.tlsf	none		{}	7	15	Strict,Mealy	Mealy	dbe1747e3909d90f4270fee95782493d837f4231afce19003d9e8a62cbfd4542	TIMEOUT		REALIZABLE	57.9179724170026	TIMEOUT		TIMEOUT		s-solved-b-not	
amba_gr_pb_3_pe_.ltl	direct:tlsf/amba/amba_gr1/specs:amba_gr_pb_3_pe	amba_gr_pb_3_pe	direct:tlsf/amba/amba_gr1/specs/amba_gr_pb_3_pe_.tlsf	none		{}	9	18	Strict,Mealy	Mealy	2c38eeab8f936a5c7b1c2196fd051fed86a9396dd2b209c27e579f2ec70661df	TIMEOUT		TIMEOUT		TIMEOUT		TIMEOUT		stable-unsolved	
amba_gr_pb_4_pe_.ltl	direct:tlsf/amba/amba_gr1/specs:amba_gr_pb_4_pe	amba_gr_pb_4_pe	direct:tlsf/amba/amba_gr1/specs/amba_gr_pb_4_pe_.tlsf	none		{}	11	20	Strict,Mealy	Mealy	23b695b5b4544611b3cdb2c745029158867071770940b8d8ac21a0c07fbfe62f	TIMEOUT		TIMEOUT		TIMEOUT		TIMEOUT		stable-unsolved	
arbiter-paper-unreal-unreal.ltl	direct:tlsf/sweap:arbiter-paper-unreal-unreal	arbiter-paper-unreal-unreal	direct:tlsf/sweap/arbiter-paper-unreal-unreal.tlsf	none		{}	9	3	Mealy	Mealy	a8f528d6d591a033c6bba6bf273e43d8291e24811d627170d66fc7e3cabdfc48	UNREALIZABLE	0.02600396500201896	UNREALIZABLE	0.03602670800319174	UNREALIZABLE	0.03611915500368923	UNREALIZABLE	0.05307439301395789	stable-unrealizable	
arbiter-with-failure-real.ltl	direct:tlsf/sweap:arbiter-with-failure-real	arbiter-with-failure-real	direct:tlsf/sweap/arbiter-with-failure-real.tlsf	none		{}	7	2	Mealy	Mealy	3a538d74ab02585f836693fcd8e80013123ec6219fc87223c03ca7676a0121ba	REALIZABLE	0.03733335900324164	REALIZABLE	0.03350320899335202	REALIZABLE	0.04253480400075205	REALIZABLE	0.04276460097753443	stable-realizable	
arbiter_on_inpchange_pb_1_pe_.ltl	param:tlsf/arbiters_zoo/parametric/arbiter_on_inpchange.tlsf	arbiter_on_inpchange	param:tlsf/arbiters_zoo/parametric/arbiter_on_inpchange.tlsf:n=1	exact	n	"{""n"": 1}"	1	1	Mealy	Mealy	3b942382cf47664f81b6e2f4e047627a39e1d9657d717a58765349e366706ad4	REALIZABLE	0.03583169799821917	REALIZABLE	0.02962085499893874	REALIZABLE	0.037068575009470806	REALIZABLE	0.0373529699863866	stable-realizable	
arbiter_on_inpchange_pb_2_pe_.ltl	param:tlsf/arbiters_zoo/parametric/arbiter_on_inpchange.tlsf	arbiter_on_inpchange	param:tlsf/arbiters_zoo/parametric/arbiter_on_inpchange.tlsf:n=2	exact	n	"{""n"": 2}"	2	2	Mealy	Mealy	8951fd16d62ef7bc0646925ee883ae3e843d17331d468b4972e0eb209aea0a38	REALIZABLE	0.034876851001172327	REALIZABLE	0.04041150699777063	REALIZABLE	0.020500218000961468	REALIZABLE	0.037465817003976554	stable-realizable	
arbiter_on_inpchange_pb_3_pe_.ltl	param:tlsf/arbiters_zoo/parametric/arbiter_on_inpchange.tlsf	arbiter_on_inpchange	param:tlsf/arbiters_zoo/parametric/arbiter_on_inpchange.tlsf:n=3	exact	n	"{""n"": 3}"	3	3	Mealy	Mealy	8a6964e9fb55f6910839379beb487e8bc63722233ced80fb720f16ab4d0defeb	REALIZABLE	0.03684601400163956	REALIZABLE	0.05835919599485351	REALIZABLE	0.053349079011240974	REALIZABLE	0.0546761569858063	stable-realizable	
arbiter_on_inpchange_pb_4_pe_.ltl	param:tlsf/arbiters_zoo/parametric/arbiter_on_inpchange.tlsf	arbiter_on_inpchange	param:tlsf/arbiters_zoo/parametric/arbiter_on_inpchange.tlsf:n=4	exact	n	"{""n"": 4}"	4	4	Mealy	Mealy	954e0dd365dd2f8c863109e9a8f169862b780b7dca1ffc9df1e32465bcda3eaa	REALIZABLE	0.7740103510004701	REALIZABLE	1.20638585400593	REALIZABLE	0.755724824994104	REALIZABLE	1.2606487990124151	stable-realizable	
arbiter_on_inpchange_pb_5_pe_.ltl	param:tlsf/arbiters_zoo/parametric/arbiter_on_inpchange.tlsf	arbiter_on_inpchange	param:tlsf/arbiters_zoo/parametric/arbiter_on_inpchange.tlsf:n=5	exact	n	"{""n"": 5}"	5	5	Mealy	Mealy	e68ed433173e761e18fc2b8a7e3d0bf4b6e04f30d46815825946233d9ae60821	TIMEOUT		MEMOUT		TIMEOUT		TIMEOUT		stable-unsolved	
arbiter_on_inpchange_pb_6_pe_.ltl	param:tlsf/arbiters_zoo/parametric/arbiter_on_inpchange.tlsf	arbiter_on_inpchange	param:tlsf/arbiters_zoo/parametric/arbiter_on_inpchange.tlsf:n=6	exact	n	"{""n"": 6}"	6	6	Mealy	Mealy	0db85b1ec966e69814725edea217a4dff7ee47a05f124c39d05408e5cd780373	TIMEOUT		MEMOUT		TIMEOUT		TIMEOUT		stable-unsolved	
arbiter_on_inpchange_pb_7_pe_.ltl	param:tlsf/arbiters_zoo/parametric/arbiter_on_inpchange.tlsf	arbiter_on_inpchange	param:tlsf/arbiters_zoo/parametric/arbiter_on_inpchange.tlsf:n=7	exact	n	"{""n"": 7}"	7	7	Mealy	Mealy	b6c672b5d871a2ed22410ccd3c1335596460c9c4c475a613c18ef82e1e7503ef	TIMEOUT		MEMOUT		TIMEOUT		TIMEOUT		stable-unsolved	
arbiter_pb_10_pe_.ltl	param:tlsf/arbiters_zoo/parametric/arbiter.tlsf	arbiter	param:tlsf/arbiters_zoo/parametric/arbiter.tlsf:n=10	exact	n	"{""n"": 10}"	10	10	Mealy	Mealy	2b11c047c48f045af43b14b328b09ad469060da9dce5ea98100bda819cfc100d	TIMEOUT		TIMEOUT		TIMEOUT		TIMEOUT		stable-unsolved	families/target-checks.tsv: arbiter n=10 VERIFIED via exact conjunct decomposition
arbiter_pb_1_pe_.ltl	param:tlsf/arbiters_zoo/parametric/arbiter.tlsf	arbiter	param:tlsf/arbiters_zoo/parametric/arbiter.tlsf:n=1	exact	n	"{""n"": 1}"	1	1	Mealy	Mealy	1946fa7ab2d18ac12ad40c444dccac83a320738e7f2275e85a1782ba4adc014a	REALIZABLE	0.029623942995385733	REALIZABLE	0.02260129199930816	REALIZABLE	0.034292716009076685	REALIZABLE	0.03005028999177739	stable-realizable	
arbiter_pb_2_pe_.ltl	param:tlsf/arbiters_zoo/parametric/arbiter.tlsf	arbiter	param:tlsf/arbiters_zoo/parametric/arbiter.tlsf:n=2	exact	n	"{""n"": 2}"	2	2	Mealy	Mealy	ebc0b259b3c810cb081c38e374eec7309760433f08d01652823561e85f505e12	REALIZABLE	0.02301918700686656	REALIZABLE	0.024602575998869725	REALIZABLE	0.021471129002748057	REALIZABLE	0.02748229299322702	stable-realizable	
arbiter_pb_3_pe_.ltl	param:tlsf/arbiters_zoo/parametric/arbiter.tlsf	arbiter	param:tlsf/arbiters_zoo/parametric/arbiter.tlsf:n=3	exact	n	"{""n"": 3}"	3	3	Mealy	Mealy	c78e19abfe2cdcf9106a42fd88689513f46dec7cae005be02d36e29a3fc68708	REALIZABLE	0.018614238004374783	REALIZABLE	0.044992722003371455	REALIZABLE	0.04323187199770473	REALIZABLE	0.019793070998275653	stable-realizable	
arbiter_pb_4_pe_.ltl	param:tlsf/arbiters_zoo/parametric/arbiter.tlsf	arbiter	param:tlsf/arbiters_zoo/parametric/arbiter.tlsf:n=4	exact	n	"{""n"": 4}"	4	4	Mealy	Mealy	6fe2905cb06fb73e5ae93c019978d41dc84a6c95d5a5a6a484acd7e28cefaac7	REALIZABLE	0.03592249299981631	REALIZABLE	0.03763867299949197	REALIZABLE	0.03420075599569827	REALIZABLE	0.05067573499400169	stable-realizable	
arbiter_pb_5_pe_.ltl	param:tlsf/arbiters_zoo/parametric/arbiter.tlsf	arbiter	param:tlsf/arbiters_zoo/parametric/arbiter.tlsf:n=5	exact	n	"{""n"": 5}"	5	5	Mealy	Mealy	80d0e8aeb7973f8107cc472028878319d075de3aa91036ea0b6dd68083372d1e	REALIZABLE	0.36535575200105086	REALIZABLE	0.35324295700047514	REALIZABLE	0.3938140140089672	REALIZABLE	0.36718026601010934	stable-realizable	
arbiter_pb_6_pe_.ltl	param:tlsf/arbiters_zoo/parametric/arbiter.tlsf	arbiter	param:tlsf/arbiters_zoo/parametric/arbiter.tlsf:n=6	exact	n	"{""n"": 6}"	6	6	Mealy	Mealy	0a52db34c1299888dfec022d8e8bcc97fd7c9cf4ec5574c2ba575771f00434a9	TIMEOUT		TIMEOUT		TIMEOUT		TIMEOUT		stable-unsolved	
arbiter_pb_7_pe_.ltl	param:tlsf/arbiters_zoo/parametric/arbiter.tlsf	arbiter	param:tlsf/arbiters_zoo/parametric/arbiter.tlsf:n=7	exact	n	"{""n"": 7}"	7	7	Mealy	Mealy	1ce3431df8125a88ad353e654f0841d56ceff46ba1ee3999d6b0179b869d4ae6	TIMEOUT		TIMEOUT		TIMEOUT		TIMEOUT		stable-unsolved	
arbiter_pb_8_pe_.ltl	param:tlsf/arbiters_zoo/parametric/arbiter.tlsf	arbiter	param:tlsf/arbiters_zoo/parametric/arbiter.tlsf:n=8	exact	n	"{""n"": 8}"	8	8	Mealy	Mealy	1a3e82ec6a94ae5f8e6a01ac577741f175b93bfa069c7497e4847cd3d7183b1c	TIMEOUT		TIMEOUT		TIMEOUT		TIMEOUT		stable-unsolved	
arbiter_pb_9_pe_.ltl	param:tlsf/arbiters_zoo/parametric/arbiter.tlsf	arbiter	param:tlsf/arbiters_zoo/parametric/arbiter.tlsf:n=9	exact	n	"{""n"": 9}"	9	9	Mealy	Mealy	bbad893aefe83791755dfdf4740cb8417df1c317bd58d3bdabf971fed691517e	TIMEOUT		TIMEOUT		TIMEOUT		TIMEOUT		stable-unsolved	
arbiter_with_buffer_pb_10_pe_.ltl	param:tlsf/arbiters_zoo/parametric/arbiter_with_buffer.tlsf	arbiter_with_buffer	param:tlsf/arbiters_zoo/parametric/arbiter_with_buffer.tlsf:n=10	exact	n	"{""n"": 10}"	20	20	Mealy	Mealy	13610117354afae51bd19cbe00199617d47f2148db693b5005e71c14adcfd973	TIMEOUT		TIMEOUT		TIMEOUT		TIMEOUT		stable-unsolved	
arbiter_with_buffer_pb_1_pe_.ltl	param:tlsf/arbiters_zoo/parametric/arbiter_with_buffer.tlsf	arbiter_with_buffer	param:tlsf/arbiters_zoo/parametric/arbiter_with_buffer.tlsf:n=1	exact	n	"{""n"": 1}"	2	2	Mealy	Mealy	fcfb8bda02dbc3d0646d981d83029b127034ebdb51e699c1851b7118438e7562	REALIZABLE	0.030887134998920374	REALIZABLE	0.02702933100226801	REALIZABLE	0.021573945006821305	REALIZABLE	0.03303250699536875	stable-realizable	
arbiter_with_buffer_pb_2_pe_.ltl	param:tlsf/arbiters_zoo/parametric/arbiter_with_buffer.tlsf	arbiter_with_buffer	param:tlsf/arbiters_zoo/parametric/arbiter_with_buffer.tlsf:n=2	exact	n	"{""n"": 2}"	4	4	Mealy	Mealy	eb3d60a79615f9543b8d8d593fad1d7d2f244b0c3842c165b8e66ee0c0a30c6d	REALIZABLE	0.04104168600315461	REALIZABLE	0.03706785599933937	REALIZABLE	0.03859680599998683	REALIZABLE	0.029373606987064704	stable-realizable	
arbiter_with_buffer_pb_3_pe_.ltl	param:tlsf/arbiters_zoo/parametric/arbiter_with_buffer.tlsf	arbiter_with_buffer	param:tlsf/arbiters_zoo/parametric/arbiter_with_buffer.tlsf:n=3	exact	n	"{""n"": 3}"	6	6	Mealy	Mealy	2fbf242591d3cb56aa4fb6a04188e3296f7005f7766661e9acaba56b915d9b64	REALIZABLE	0.04171196199968108	REALIZABLE	0.04333455699816113	REALIZABLE	0.02053074599825777	REALIZABLE	0.02161573601188138	stable-realizable	
arbiter_with_buffer_pb_4_pe_.ltl	param:tlsf/arbiters_zoo/parametric/arbiter_with_buffer.tlsf	arbiter_with_buffer	param:tlsf/arbiters_zoo/parametric/arbiter_with_buffer.tlsf:n=4	exact	n	"{""n"": 4}"	8	8	Mealy	Mealy	34263398b878ea6a1c7918fe59e162d6b247656a39c6387aaae50817383cd723	REALIZABLE	0.06439895700168563	REALIZABLE	0.06855720500243478	REALIZABLE	0.06324402400059626	REALIZABLE	0.04935438800021075	stable-realizable	
arbiter_with_buffer_pb_5_pe_.ltl	param:tlsf/arbiters_zoo/parametric/arbiter_with_buffer.tlsf	arbiter_with_buffer	param:tlsf/arbiters_zoo/parametric/arbiter_with_buffer.tlsf:n=5	exact	n	"{""n"": 5}"	10	10	Mealy	Mealy	5764ab23b8be0bd4282247f7389063b27d61c92fcb6fcbdea1b86082ced800cf	REALIZABLE	0.9198862979974365	REALIZABLE	0.8682028569892282	REALIZABLE	0.8378331860003527	REALIZABLE	0.8933506759931333	stable-realizable	
arbiter_with_buffer_pb_6_pe_.ltl	param:tlsf/arbiters_zoo/parametric/arbiter_with_buffer.tlsf	arbiter_with_buffer	param:tlsf/arbiters_zoo/parametric/arbiter_with_buffer.tlsf:n=6	exact	n	"{""n"": 6}"	12	12	Mealy	Mealy	6a6950d834803935e25112683e596da666b89c64a3224efca3eb18db70763d44	TIMEOUT		TIMEOUT		TIMEOUT		TIMEOUT		stable-unsolved	
arbiter_with_buffer_pb_7_pe_.ltl	param:tlsf/arbiters_zoo/parametric/arbiter_with_buffer.tlsf	arbiter_with_buffer	param:tlsf/arbiters_zoo/parametric/arbiter_with_buffer.tlsf:n=7	exact	n	"{""n"": 7}"	14	14	Mealy	Mealy	d2d349a30bb83cf80e668580e66875a69188f21954b68a977985fac171b1a8fc	TIMEOUT		TIMEOUT		TIMEOUT		TIMEOUT		stable-unsolved	
arbiter_with_buffer_pb_8_pe_.ltl	param:tlsf/arbiters_zoo/parametric/arbiter_with_buffer.tlsf	arbiter_with_buffer	param:tlsf/arbiters_zoo/parametric/arbiter_with_buffer.tlsf:n=8	exact	n	"{""n"": 8}"	16	16	Mealy	Mealy	4fd5371b9b2a324e5588393cad85a1c6cecc8072e09ca260ffe7e028f1025ce4	MEMOUT		MEMOUT		TIMEOUT		TIMEOUT		stable-unsolved	
arbiter_with_buffer_pb_9_pe_.ltl	param:tlsf/arbiters_zoo/parametric/arbiter_with_buffer.tlsf	arbiter_with_buffer	param:tlsf/arbiters_zoo/parametric/arbiter_with_buffer.tlsf:n=9	exact	n	"{""n"": 9}"	18	18	Mealy	Mealy	d835088490657036f7fab7a16f7e0ff79137b81b68edb7846bde58bf7417858f	TIMEOUT		TIMEOUT		TIMEOUT		TIMEOUT		stable-unsolved	
arbiter_with_cancel_pb_10_pe_.ltl	param:tlsf/arbiters_zoo/parametric/arbiter_with_cancel.tlsf	arbiter_with_cancel	param:tlsf/arbiters_zoo/parametric/arbiter_with_cancel.tlsf:n=10	exact	n	"{""n"": 10}"	20	10	Mealy	Mealy	dc553b9f9915f5d60a0f59af170fdd92f848412b1ebf7448774a82bd7693265d	TIMEOUT		TIMEOUT		TIMEOUT		TIMEOUT		stable-unsolved	
arbiter_with_cancel_pb_1_pe_.ltl	param:tlsf/arbiters_zoo/parametric/arbiter_with_cancel.tlsf	arbiter_with_cancel	param:tlsf/arbiters_zoo/parametric/arbiter_with_cancel.tlsf:n=1	exact	n	"{""n"": 1}"	2	1	Mealy	Mealy	1bb0bad86c266ae75ed6c66aa23374d88953827585b389dd76a7d1a4eab10827	REALIZABLE	0.02722260699920298	REALIZABLE	0.019001651999133173	REALIZABLE	0.018444146000547335	REALIZABLE	0.01667670998722315	stable-realizable	
arbiter_with_cancel_pb_2_pe_.ltl	param:tlsf/arbiters_zoo/parametric/arbiter_with_cancel.tlsf	arbiter_with_cancel	param:tlsf/arbiters_zoo/parametric/arbiter_with_cancel.tlsf:n=2	exact	n	"{""n"": 2}"	4	2	Mealy	Mealy	b91560cb1332231ac7a688a3f105e39cdbe5940d71f39bf6a53b3c1e99dcdc3c	REALIZABLE	0.024488399998517707	REALIZABLE	0.0340557420058758	REALIZABLE	0.04233486601151526	REALIZABLE	0.03339108399813995	stable-realizable	
arbiter_with_cancel_pb_3_pe_.ltl	param:tlsf/arbiters_zoo/parametric/arbiter_with_cancel.tlsf	arbiter_with_cancel	param:tlsf/arbiters_zoo/parametric/arbiter_with_cancel.tlsf:n=3	exact	n	"{""n"": 3}"	6	3	Mealy	Mealy	8bced68a3a02eb930a8cbb432c0294fd7d536c22ec3a8602b3a9356223cc0ae2	REALIZABLE	0.030303058003482874	REALIZABLE	0.030399641997064464	REALIZABLE	0.03918608900858089	REALIZABLE	0.03410275897476822	stable-realizable	
arbiter_with_cancel_pb_4_pe_.ltl	param:tlsf/arbiters_zoo/parametric/arbiter_with_cancel.tlsf	arbiter_with_cancel	param:tlsf/arbiters_zoo/parametric/arbiter_with_cancel.tlsf:n=4	exact	n	"{""n"": 4}"	8	4	Mealy	Mealy	5a7482c15ed7d190dba6185fc2ab4a17462a65af419d363a3eb912ab59bd0418	REALIZABLE	0.08306034799898043	REALIZABLE	0.08054890600033104	REALIZABLE	0.08544010898913257	REALIZABLE	0.0725134169915691	stable-realizable	
arbiter_with_cancel_pb_5_pe_.ltl	param:tlsf/arbiters_zoo/parametric/arbiter_with_cancel.tlsf	arbiter_with_cancel	param:tlsf/arbiters_zoo/parametric/arbiter_with_cancel.tlsf:n=5	exact	n	"{""n"": 5}"	10	5	Mealy	Mealy	ce69a3fd67e37b79ae9ab631128abdea310eb256681037bb77280950be780be3	REALIZABLE	1.1821713109966367	REALIZABLE	1.1691864849999547	REALIZABLE	1.19021432500449	REALIZABLE	1.1461008269980084	stable-realizable	
arbiter_with_cancel_pb_6_pe_.ltl	param:tlsf/arbiters_zoo/parametric/arbiter_with_cancel.tlsf	arbiter_with_cancel	param:tlsf/arbiters_zoo/parametric/arbiter_with_cancel.tlsf:n=6	exact	n	"{""n"": 6}"	12	6	Mealy	Mealy	528e4f799ed78658bc67c95bd74f96eabd6057384dd57a5fbbfdb5e0d3765f0b	TIMEOUT		TIMEOUT		TIMEOUT		TIMEOUT		stable-unsolved	
arbiter_with_cancel_pb_7_pe_.ltl	param:tlsf/arbiters_zoo/parametric/arbiter_with_cancel.tlsf	arbiter_with_cancel	param:tlsf/arbiters_zoo/parametric/arbiter_with_cancel.tlsf:n=7	exact	n	"{""n"": 7}"	14	7	Mealy	Mealy	da67dd08eee2c5ec4e68db5486771f5962606b63b094e979442a974605a121e1	TIMEOUT		TIMEOUT		TIMEOUT		TIMEOUT		stable-unsolved	
arbiter_with_cancel_pb_8_pe_.ltl	param:tlsf/arbiters_zoo/parametric/arbiter_with_cancel.tlsf	arbiter_with_cancel	param:tlsf/arbiters_zoo/parametric/arbiter_with_cancel.tlsf:n=8	exact	n	"{""n"": 8}"	16	8	Mealy	Mealy	5ee1e08857d05eea772db88b353a31d1256ff921a6d9c93e65d21cf079eb7356	TIMEOUT		TIMEOUT		TIMEOUT		TIMEOUT		stable-unsolved	
arbiter_with_cancel_pb_9_pe_.ltl	param:tlsf/arbiters_zoo/parametric/arbiter_with_cancel.tlsf	arbiter_with_cancel	param:tlsf/arbiters_zoo/parametric/arbiter_with_cancel.tlsf:n=9	exact	n	"{""n"": 9}"	18	9	Mealy	Mealy	e14d215e36331007fb203e26531b42612cb732234340b7dd88123879249b2365	TIMEOUT		TIMEOUT		TIMEOUT		TIMEOUT		stable-unsolved	
batch-arbiter-real.ltl	direct:tlsf/sweap:batch-arbiter-real	batch-arbiter-real	direct:tlsf/sweap/batch-arbiter-real.tlsf	none		{}	8	3	Mealy	Mealy	4d049d03ec9a96e14b8432f83658963615499d72b3eb67db6bf38e4fc77f624f	REALIZABLE	0.04926802900445182	REALIZABLE	0.041321272001368925	REALIZABLE	0.036584731977200136	REALIZABLE	0.03331329199136235	stable-realizable	
box-limited-real.ltl	direct:tlsf/sweap:box-limited-real	box-limited-real	direct:tlsf/sweap/box-limited-real.tlsf	none		{}	7	2	Mealy	Mealy	4932b5cf2393c5cb1a3c66f5e1b9e1a41dd46ac218e39a178289b9c3d900dc7d	REALIZABLE	0.04345077500329353	REALIZABLE	0.04015942300611641	REALIZABLE	0.036941623024176806	REALIZABLE	0.03972364097717218	stable-realizable	
box-real.ltl	direct:tlsf/sweap:box-real	box-real	direct:tlsf/sweap/box-real.tlsf	none		{}	10	4	Mealy	Mealy	843486c685d233525c1ccdfe179a735af2bd41a277649b80b38b79249dbc4cc2	REALIZABLE	0.061729379995085765	REALIZABLE	0.06162560799566563	REALIZABLE	0.061833998013753444	REALIZABLE	0.05985273502301425	stable-realizable	
box0.ltl	direct:tlsf/sweap:box	box	direct:tlsf/sweap/box0.tlsf	none		{}	9	4	Mealy	Mealy	d2d3c7b40e93c53374b46c7e3f3704507e51031ccd2783956814b50839079781	UNREALIZABLE	0.029133248004654888	UNREALIZABLE	0.03934811500221258	UNREALIZABLE	0.026527467998676002	UNREALIZABLE	0.037646159005817026	stable-unrealizable	
box1.ltl	direct:tlsf/sweap:box	box	direct:tlsf/sweap/box1.tlsf	none		{}	9	4	Mealy	Mealy	4cd11dd12af7c6e00991bf0bfe97ffdb6e33a7ae050e3706d792751082cee37f	UNREALIZABLE	0.027599405002547428	UNREALIZABLE	0.05087892300070962	UNREALIZABLE	0.04711585698532872	UNREALIZABLE	0.024675388995092362	stable-unrealizable	
buffer-storage-real.ltl	direct:tlsf/sweap:buffer-storage-real	buffer-storage-real	direct:tlsf/sweap/buffer-storage-real.tlsf	none		{}	12	1	Mealy	Mealy	501e4575501d1c012616841280f75c2f304bcc4748098871211fe68258acb54e	REALIZABLE	0.6250601270003244	REALIZABLE	0.6316688020015135	REALIZABLE	0.5925076369894668	REALIZABLE	0.5942855199973565	stable-realizable	
chain-4-real.ltl	direct:tlsf/sweap:chain-4-real	chain-4-real	direct:tlsf/sweap/chain-4-real.tlsf	none		{}	24	2	Mealy	Mealy	6bc27ef17a1b57a0c97aa49694032b635d0aecfa4289f6dc3d690c96ec03e30f	TIMEOUT		TIMEOUT		TIMEOUT		TIMEOUT		stable-unsolved	
chain-5-real.ltl	direct:tlsf/sweap:chain-5-real	chain-5-real	direct:tlsf/sweap/chain-5-real.tlsf	none		{}	29	2	Mealy	Mealy	9b6873b78ca36c589e9330ac238fed9a8082457c3f2cf55ce28ef9e30069207e	TIMEOUT		TIMEOUT		TIMEOUT		TIMEOUT		stable-unsolved	
chain-60.ltl	direct:tlsf/sweap:chain	chain	direct:tlsf/sweap/chain-60.tlsf	none		{}	33	2	Mealy	Mealy	292f67098924d2a348537a940da3d00f3f860ee551f2b6cf3ce24c8e1d411e71	TIMEOUT		TIMEOUT		TIMEOUT		TIMEOUT		stable-unsolved	
chain-70.ltl	direct:tlsf/sweap:chain	chain	direct:tlsf/sweap/chain-70.tlsf	none		{}	37	2	Mealy	Mealy	ad598b8e1be009e6df6576d8dbefdd6b91a5ac9cd9551ffdc7bd1205a75a850d	TIMEOUT		TIMEOUT		TIMEOUT		TIMEOUT		stable-unsolved	
chain-simple-10-real.ltl	direct:tlsf/sweap:chain-simple-10-real	chain-simple-10-real	direct:tlsf/sweap/chain-simple-10-real.tlsf	none		{}	13	2	Mealy	Mealy	db58aa5048758b315e40cbfc5e04ba57375fac11785cc5ed76bcc055fc1fa3fb	REALIZABLE	0.13787744000001112	REALIZABLE	0.13786571800301317	REALIZABLE	0.12844881799537688	REALIZABLE	0.12316162200295366	stable-realizable	
chain-simple-20-real.ltl	direct:tlsf/sweap:chain-simple-20-real	chain-simple-20-real	direct:tlsf/sweap/chain-simple-20-real.tlsf	none		{}	14	2	Mealy	Mealy	68efa955e5060494bf81bfdc91a03ecc7bd59efb9f4bb03e3371327571818d1b	REALIZABLE	0.2690033230028348	REALIZABLE	0.2672140220020083	REALIZABLE	0.26961972398567013	REALIZABLE	0.2548556679976173	stable-realizable	
chain-simple-30-real.ltl	direct:tlsf/sweap:chain-simple-30-real	chain-simple-30-real	direct:tlsf/sweap/chain-simple-30-real.tlsf	none		{}	15	2	Mealy	Mealy	b69bfd9923ce493232d6fdf597d629db3d23f7c76ee396b1a85f90eb70904461	REALIZABLE	0.4156034189982165	REALIZABLE	0.4599924750000355	REALIZABLE	0.4235906009853352	REALIZABLE	0.42006849899189547	stable-realizable	
chain-simple-40-real.ltl	direct:tlsf/sweap:chain-simple-40-real	chain-simple-40-real	direct:tlsf/sweap/chain-simple-40-real.tlsf	none		{}	15	2	Mealy	Mealy	68c8f4ac5f902670337960bd6793afe04d2cd524c7dd64899cd352abcb84f923	REALIZABLE	0.57030257700535	REALIZABLE	0.5377047070069239	REALIZABLE	0.5946921510039829	REALIZABLE	0.5800754520168994	stable-realizable	
chain-simple-5-real.ltl	direct:tlsf/sweap:chain-simple-5-real	chain-simple-5-real	direct:tlsf/sweap/chain-simple-5-real.tlsf	none		{}	13	2	Mealy	Mealy	1448fad6ae7548b24291e33533672d880c4310b540f68febdfa4d67e17a3ea65	REALIZABLE	0.08166201000130968	REALIZABLE	0.07763805599824991	REALIZABLE	0.07790297098108567	REALIZABLE	0.08400096200057305	stable-realizable	
chain-simple-50-real.ltl	direct:tlsf/sweap:chain-simple-50-real	chain-simple-50-real	direct:tlsf/sweap/chain-simple-50-real.tlsf	none		{}	15	2	Mealy	Mealy	2c922f03b5cc020c4576aae16bf28c7d1b02bc1e5491d3ad9252a53b4feb774d	REALIZABLE	0.6948148730007233	REALIZABLE	0.7238513140000578	REALIZABLE	0.7894731170090381	REALIZABLE	0.7454884010076057	stable-realizable	
chain-simple-60-real.ltl	direct:tlsf/sweap:chain-simple-60-real	chain-simple-60-real	direct:tlsf/sweap/chain-simple-60-real.tlsf	none		{}	15	2	Mealy	Mealy	7d1f665b6c8e302ed1b3933554ab351140c505093828658f76b1904a23e1d91a	REALIZABLE	0.8878000230033649	REALIZABLE	0.9175454849973903	REALIZABLE	0.9504879340238404	REALIZABLE	0.9230281349737197	stable-realizable	
chain-simple-70-real.ltl	direct:tlsf/sweap:chain-simple-70-real	chain-simple-70-real	direct:tlsf/sweap/chain-simple-70-real.tlsf	none		{}	16	2	Mealy	Mealy	e5dc0f10b17f4d9753e928da0d5776518a02bef6b107696b6ec00a1bf205977b	REALIZABLE	1.2612809100010054	REALIZABLE	1.1489711360000001	REALIZABLE	1.12986618001014	REALIZABLE	1.178736649977509	stable-realizable	
chain-simple-param-70-real.ltl	direct:tlsf/sweap:chain-simple-param-70-real	chain-simple-param-70-real	direct:tlsf/sweap/chain-simple-param-70-real.tlsf	none		{}	16	2	Mealy	Mealy	98de275ee6907519000b0c14768ed7682f315e0c1537c8b1753419a8704ad14e	REALIZABLE	1.195700748998206	REALIZABLE	1.1554979139982606	REALIZABLE	1.17446154699428	REALIZABLE	1.1408994320081547	stable-realizable	
chomp_pb_2_2_pe_.ltl	param:tlsf/chomp_game/parametric/chomp.tlsf	chomp	param:tlsf/chomp_game/parametric/chomp.tlsf:N=2,M=2	exact	N,M	"{""N"": 2, ""M"": 2}"	4	10	Mealy	Mealy	f8952ddd395299f9bd8df9ba0808e14e4061c42f1dba531900a3ee3161a5dcb6	REALIZABLE	0.08170069599873386	REALIZABLE	0.08581804999994347	REALIZABLE	0.09458290800102986	REALIZABLE	0.09296282200375572	stable-realizable	
chomp_pb_2_3_pe_.ltl	param:tlsf/chomp_game/parametric/chomp.tlsf	chomp	param:tlsf/chomp_game/parametric/chomp.tlsf:N=2,M=3	exact	N,M	"{""N"": 2, ""M"": 3}"	5	13	Mealy	Mealy	965b772b4d944249026b091d60f42d26f03e6af61f9eac34e64cb3ec25291150	REALIZABLE	3.746683273999224	REALIZABLE	3.682496675999573	REALIZABLE	3.9695391659915913	REALIZABLE	4.001238853990799	stable-realizable	
chomp_pb_2_4_pe_.ltl	param:tlsf/chomp_game/parametric/chomp.tlsf	chomp	param:tlsf/chomp_game/parametric/chomp.tlsf:N=2,M=4	exact	N,M	"{""N"": 2, ""M"": 4}"	6	16	Mealy	Mealy	abcc8c886aa58b67ded512620684d16a6e5947c0c17b528b2e870aea4028f66c	MEMOUT		MEMOUT		TIMEOUT		TIMEOUT		stable-unsolved	
chomp_pb_2_5_pe_.ltl	param:tlsf/chomp_game/parametric/chomp.tlsf	chomp	param:tlsf/chomp_game/parametric/chomp.tlsf:N=2,M=5	exact	N,M	"{""N"": 2, ""M"": 5}"	7	19	Mealy	Mealy	fe49a42ef6124cfc490afd0d3ebcbafe2ce7e7782ca25ce87bf9404c7805237f	TIMEOUT		TIMEOUT		TIMEOUT		TIMEOUT		stable-unsolved	
chomp_pb_2_6_pe_.ltl	param:tlsf/chomp_game/parametric/chomp.tlsf	chomp	param:tlsf/chomp_game/parametric/chomp.tlsf:N=2,M=6	exact	N,M	"{""N"": 2, ""M"": 6}"	8	22	Mealy	Mealy	800b56152f38e965af1be0132ca2b76447073ac65f5d83041ccb94a68d99f0d0	TIMEOUT		TIMEOUT		TIMEOUT		TIMEOUT		stable-unsolved	
chomp_pb_3_2_pe_.ltl	param:tlsf/chomp_game/parametric/chomp.tlsf	chomp	param:tlsf/chomp_game/parametric/chomp.tlsf:N=3,M=2	exact	N,M	"{""N"": 3, ""M"": 2}"	5	13	Mealy	Mealy	1df02a93a9c332a9ae3803f4236966a2b60c59136bb4ab0a0bcc2010e335005c	REALIZABLE	3.729731207000441	REALIZABLE	3.6402904909991776	REALIZABLE	4.023981928010471	REALIZABLE	3.9832033190177754	stable-realizable	
chomp_pb_3_3_pe_.ltl	param:tlsf/chomp_game/parametric/chomp.tlsf	chomp	param:tlsf/chomp_game/parametric/chomp.tlsf:N=3,M=3	exact	N,M	"{""N"": 3, ""M"": 3}"	6	17	Mealy	Mealy	3db63597d5b89467a3dc091e991fc757c050c5a1548d9aa820d1a98a1943d638	TIMEOUT		TIMEOUT		TIMEOUT		TIMEOUT		stable-unsolved	
chomp_pb_3_4_pe_.ltl	param:tlsf/chomp_game/parametric/chomp.tlsf	chomp	param:tlsf/chomp_game/parametric/chomp.tlsf:N=3,M=4	exact	N,M	"{""N"": 3, ""M"": 4}"	7	21	Mealy	Mealy	e59c26bacf035a127da3b9cbc5672c30a7589e40fba44d97e68d5187f98ed706	TIMEOUT		TIMEOUT		TIMEOUT		TIMEOUT		stable-unsolved	
chomp_pb_3_5_pe_.ltl	param:tlsf/chomp_game/parametric/chomp.tlsf	chomp	param:tlsf/chomp_game/parametric/chomp.tlsf:N=3,M=5	exact	N,M	"{""N"": 3, ""M"": 5}"	8	25	Mealy	Mealy	3034c8b7f9dca92cef1f6ab43f8058e17cd8f2144f26db9db35025afeb13bc68	TIMEOUT		TIMEOUT		TIMEOUT		TIMEOUT		stable-unsolved	
chomp_pb_3_6_pe_.ltl	param:tlsf/chomp_game/parametric/chomp.tlsf	chomp	param:tlsf/chomp_game/parametric/chomp.tlsf:N=3,M=6	exact	N,M	"{""N"": 3, ""M"": 6}"	9	29	Mealy	Mealy	de252e8a23da2aef330a5e2140686d7e3022763069e5b094b38c4079734a037a	TIMEOUT		TIMEOUT		TIMEOUT		TIMEOUT		stable-unsolved	
chomp_pb_4_2_pe_.ltl	param:tlsf/chomp_game/parametric/chomp.tlsf	chomp	param:tlsf/chomp_game/parametric/chomp.tlsf:N=4,M=2	exact	N,M	"{""N"": 4, ""M"": 2}"	6	16	Mealy	Mealy	246e8b0b051d8ca12b7c09bcbeaf2e758c8fb22e1dfc404ce139070f6d392327	MEMOUT		MEMOUT		TIMEOUT		TIMEOUT		stable-unsolved	
chomp_pb_4_3_pe_.ltl	param:tlsf/chomp_game/parametric/chomp.tlsf	chomp	param:tlsf/chomp_game/parametric/chomp.tlsf:N=4,M=3	exact	N,M	"{""N"": 4, ""M"": 3}"	7	21	Mealy	Mealy	b940c0c535a5486aadb433be501ff538426a27fe280fdd7227ee3c553ed898c4	TIMEOUT		TIMEOUT		TIMEOUT		TIMEOUT		stable-unsolved	
chomp_pb_4_4_pe_.ltl	param:tlsf/chomp_game/parametric/chomp.tlsf	chomp	param:tlsf/chomp_game/parametric/chomp.tlsf:N=4,M=4	exact	N,M	"{""N"": 4, ""M"": 4}"	8	26	Mealy	Mealy	df9861ffc64f9fe6a58c0506689bc4c251c22b6a7dfe5211a68f7943831a3784	TIMEOUT		TIMEOUT		TIMEOUT		TIMEOUT		stable-unsolved	
chomp_pb_4_5_pe_.ltl	param:tlsf/chomp_game/parametric/chomp.tlsf	chomp	param:tlsf/chomp_game/parametric/chomp.tlsf:N=4,M=5	exact	N,M	"{""N"": 4, ""M"": 5}"	9	31	Mealy	Mealy	6874f4ee89c2465bdb7911911fe23dc9bf57193d2207ff8c0c8746042e34f4b3	TIMEOUT		TIMEOUT		TIMEOUT		TIMEOUT		stable-unsolved	
chomp_pb_4_6_pe_.ltl	param:tlsf/chomp_game/parametric/chomp.tlsf	chomp	param:tlsf/chomp_game/parametric/chomp.tlsf:N=4,M=6	exact	N,M	"{""N"": 4, ""M"": 6}"	10	36	Mealy	Mealy	4897666fe22cba88e6ef8daf4a4c402fa582a9768dcc44b96765f1de4a9f6d83	TIMEOUT		TIMEOUT		TIMEOUT		TIMEOUT		stable-unsolved	
collector_v1_pb_11_pe_.ltl	param:tlsf/collector/parametric/collector_v1.tlsf	collector_v1	param:tlsf/collector/parametric/collector_v1.tlsf:n=11	exact	n	"{""n"": 11}"	11	1	Mealy	Mealy	6735c4ac0cca92f2a2e91c8bd0d716dc7418a751258f29e0fcb1f428ebb2892a	MEMOUT		MEMOUT		TIMEOUT		TIMEOUT		stable-unsolved	
collector_v1_pb_12_pe_.ltl	param:tlsf/collector/parametric/collector_v1.tlsf	collector_v1	param:tlsf/collector/parametric/collector_v1.tlsf:n=12	exact	n	"{""n"": 12}"	12	1	Mealy	Mealy	38c8322f5fd92fd05a859b3d86d514dbf68f99e6c0d390ae43a4778621590497	TIMEOUT		TIMEOUT		TIMEOUT		TIMEOUT		stable-unsolved	
collector_v1_pb_13_pe_.ltl	param:tlsf/collector/parametric/collector_v1.tlsf	collector_v1	param:tlsf/collector/parametric/collector_v1.tlsf:n=13	exact	n	"{""n"": 13}"	13	1	Mealy	Mealy	e618e988929a98334cdc3cc1a4b0310ef3e46b72d2ced3c7a5f806ba1d1cb1ae	TIMEOUT		TIMEOUT		TIMEOUT		TIMEOUT		stable-unsolved	
collector_v1_pb_14_pe_.ltl	param:tlsf/collector/parametric/collector_v1.tlsf	collector_v1	param:tlsf/collector/parametric/collector_v1.tlsf:n=14	exact	n	"{""n"": 14}"	14	1	Mealy	Mealy	989ef9968e95bdb0a5615409f01ebb5bb9da72ef855cf67a081ba3b39443d30e	TIMEOUT		TIMEOUT		TIMEOUT		TIMEOUT		stable-unsolved	
collector_v1_pb_15_pe_.ltl	param:tlsf/collector/parametric/collector_v1.tlsf	collector_v1	param:tlsf/collector/parametric/collector_v1.tlsf:n=15	exact	n	"{""n"": 15}"	15	1	Mealy	Mealy	46f7679e47be0183880b5148c22096bf0e2941e968bf2aab40bee00cfc6aa6d1	TIMEOUT		TIMEOUT		TIMEOUT		TIMEOUT		stable-unsolved	
collector_v1_pb_3_pe_.ltl	param:tlsf/collector/parametric/collector_v1.tlsf	collector_v1	param:tlsf/collector/parametric/collector_v1.tlsf:n=3	exact	n	"{""n"": 3}"	3	1	Mealy	Mealy	3433f1a3b3952d149f8e44c55a4a483944e0aa76232aae9416abe32ac710cf9c	REALIZABLE	0.03359366500080796	REALIZABLE	0.02105996899990714	REALIZABLE	0.02891475398791954	REALIZABLE	0.02229035898926668	stable-realizable	
collector_v1_pb_5_pe_.ltl	param:tlsf/collector/parametric/collector_v1.tlsf	collector_v1	param:tlsf/collector/parametric/collector_v1.tlsf:n=5	exact	n	"{""n"": 5}"	5	1	Mealy	Mealy	c2c058c8af7f6bb4a19aa75ebafd12670bb8d3574cf8c1106b4e0b122d96733d	REALIZABLE	0.02459158999408828	REALIZABLE	0.023537993998616003	REALIZABLE	0.027118853002320975	REALIZABLE	0.021363923005992547	stable-realizable	
collector_v1_pb_7_pe_.ltl	param:tlsf/collector/parametric/collector_v1.tlsf	collector_v1	param:tlsf/collector/parametric/collector_v1.tlsf:n=7	exact	n	"{""n"": 7}"	7	1	Mealy	Mealy	7ebcfcf3bfc9250fb51458bedcb4485d6c9a30bb17cf39f5e2ea4c75ccbf7e3b	REALIZABLE	0.09464061399921775	REALIZABLE	0.07700640299663064	REALIZABLE	0.0987852860125713	REALIZABLE	0.10929622099502012	stable-realizable	
collector_v1_pb_9_pe_.ltl	param:tlsf/collector/parametric/collector_v1.tlsf	collector_v1	param:tlsf/collector/parametric/collector_v1.tlsf:n=9	exact	n	"{""n"": 9}"	9	1	Mealy	Mealy	97420c343a53c34529775be646644a4b61ad3e5a1e83bdfef228e3abc98acead	REALIZABLE	2.710101297998335	REALIZABLE	2.6396795040018333	REALIZABLE	2.9410402109788265	REALIZABLE	3.0518711670010816	stable-realizable	
collector_v2_pb_10_pe_.ltl	param:tlsf/collector/parametric/collector_v2.tlsf	collector_v2	param:tlsf/collector/parametric/collector_v2.tlsf:n=10	exact	n	"{""n"": 10}"	10	1	Mealy	Mealy	c27e74a92dfa6778b065359b5b7783be5de284d7cffc386eccbab7db2187be7e	REALIZABLE	0.15553491200262215	REALIZABLE	0.1637104570036172	REALIZABLE	0.1708047630090732	REALIZABLE	0.14922107598977163	stable-realizable	
collector_v2_pb_11_pe_.ltl	param:tlsf/collector/parametric/collector_v2.tlsf	collector_v2	param:tlsf/collector/parametric/collector_v2.tlsf:n=11	exact	n	"{""n"": 11}"	11	1	Mealy	Mealy	72ae96bd63cbcd1ee319a4295d117ac1ff07acef2011a532ffd0cefec3eb5211	REALIZABLE	0.34274164799990103	REALIZABLE	0.45048573999974906	REALIZABLE	0.3036299919767771	REALIZABLE	0.3178857449966017	stable-realizable	
collector_v2_pb_12_pe_.ltl	param:tlsf/collector/parametric/collector_v2.tlsf	collector_v2	param:tlsf/collector/parametric/collector_v2.tlsf:n=12	exact	n	"{""n"": 12}"	12	1	Mealy	Mealy	0d515ece3a1c22e0b1c150accdfbd35c03ee6dd9ede68a95fd6d9bbe4665996b	REALIZABLE	0.8420930270003737	REALIZABLE	0.8025989620000473	REALIZABLE	0.7868019059824292	REALIZABLE	0.7681776600074954	stable-realizable	
collector_v2_pb_13_pe_.ltl	param:tlsf/collector/parametric/collector_v2.tlsf	collector_v2	param:tlsf/collector/parametric/collector_v2.tlsf:n=13	exact	n	"{""n"": 13}"	13	1	Mealy	Mealy	235233e73502c47e06d5c5a5a566bdef3469ab1a3cb1242cc73559a2f6029a87	REALIZABLE	2.0445273560035275	REALIZABLE	2.006729158005328	REALIZABLE	2.030735417007236	REALIZABLE	2.0835279200109653	stable-realizable	
collector_v2_pb_15_pe_.ltl	param:tlsf/collector/parametric/collector_v2.tlsf	collector_v2	param:tlsf/collector/parametric/collector_v2.tlsf:n=15	exact	n	"{""n"": 15}"	15	1	Mealy	Mealy	5caeb7635afe80a4ebaa453c24232e8be87bc574df8cb2b7f0551345b115b6ce	REALIZABLE	14.384543831001793	REALIZABLE	15.07916315300099	REALIZABLE	14.882757324987324	REALIZABLE	14.480480495025404	stable-realizable	
collector_v2_pb_27_pe_.ltl	param:tlsf/collector/parametric/collector_v2.tlsf	collector_v2	param:tlsf/collector/parametric/collector_v2.tlsf:n=27	exact	n	"{""n"": 27}"	27	1	Mealy	Mealy	81dde96c3eb36df0c6f29a7427ca1da50419a9c5049e69e9bdee2df8759d9100	TIMEOUT		TIMEOUT		TIMEOUT		TIMEOUT		stable-unsolved	
collector_v2_pb_3_pe_.ltl	param:tlsf/collector/parametric/collector_v2.tlsf	collector_v2	param:tlsf/collector/parametric/collector_v2.tlsf:n=3	exact	n	"{""n"": 3}"	3	1	Mealy	Mealy	cdf2474d0250530eb33c45de68d5533d5d8e58bb99993912a2c9007d65e6499d	REALIZABLE	0.0333062530044117	REALIZABLE	0.01686007399985101	REALIZABLE	0.03458562301238999	REALIZABLE	0.02901728800497949	stable-realizable	
collector_v2_pb_5_pe_.ltl	param:tlsf/collector/parametric/collector_v2.tlsf	collector_v2	param:tlsf/collector/parametric/collector_v2.tlsf:n=5	exact	n	"{""n"": 5}"	5	1	Mealy	Mealy	d4b3bc79b20ce0cdf323c81bdd6a9cc42768e0ca762df240924e5042777377bd	REALIZABLE	0.024002427999221254	REALIZABLE	0.03355392999947071	REALIZABLE	0.023517791996710002	REALIZABLE	0.022940176975680515	stable-realizable	
collector_v2_pb_7_pe_.ltl	param:tlsf/collector/parametric/collector_v2.tlsf	collector_v2	param:tlsf/collector/parametric/collector_v2.tlsf:n=7	exact	n	"{""n"": 7}"	7	1	Mealy	Mealy	a68268f04abac351f14bfd617f539ff3736f849410393924acd74e0347a76531	REALIZABLE	0.03628576900155167	REALIZABLE	0.03026183100155322	REALIZABLE	0.03242913002031855	REALIZABLE	0.044548921985551715	stable-realizable	
collector_v2_pb_9_pe_.ltl	param:tlsf/collector/parametric/collector_v2.tlsf	collector_v2	param:tlsf/collector/parametric/collector_v2.tlsf:n=9	exact	n	"{""n"": 9}"	9	1	Mealy	Mealy	cdfe5acc1a3e9b283096512e4019faa3db2ebbb12ac6e9e04c73785759620740	REALIZABLE	0.08055249900098715	REALIZABLE	0.07272321100026602	REALIZABLE	0.0747400920081418	REALIZABLE	0.07514417299535125	stable-realizable	
collector_v3_pb_10_pe_.ltl	param:tlsf/collector/parametric/collector_v3.tlsf	collector_v3	param:tlsf/collector/parametric/collector_v3.tlsf:n=10	exact	n	"{""n"": 10}"	10	1	Mealy	Mealy	df43951079cebd5c50d6b28324a1b3c94f28da8558716086b32ec95eb68f6ce5	TIMEOUT		TIMEOUT		TIMEOUT		TIMEOUT		stable-unsolved	
collector_v3_pb_11_pe_.ltl	param:tlsf/collector/parametric/collector_v3.tlsf	collector_v3	param:tlsf/collector/parametric/collector_v3.tlsf:n=11	exact	n	"{""n"": 11}"	11	1	Mealy	Mealy	164a0aeffcf76f0edbe88a1e03ed2c801b6bf236f779286f3befbf6ca501e60b	TIMEOUT		TIMEOUT		TIMEOUT		TIMEOUT		stable-unsolved	
collector_v3_pb_12_pe_.ltl	param:tlsf/collector/parametric/collector_v3.tlsf	collector_v3	param:tlsf/collector/parametric/collector_v3.tlsf:n=12	exact	n	"{""n"": 12}"	12	1	Mealy	Mealy	bbf76f1fe709a1091b79135d5c09f5a371d21efb251abbc6b996ff6d940e29e0	TIMEOUT		TIMEOUT		TIMEOUT		TIMEOUT		stable-unsolved	
collector_v3_pb_13_pe_.ltl	param:tlsf/collector/parametric/collector_v3.tlsf	collector_v3	param:tlsf/collector/parametric/collector_v3.tlsf:n=13	exact	n	"{""n"": 13}"	13	1	Mealy	Mealy	04cee7ed0b541138eda1bf98f01446c7b9bbaf15c247abb0c6994a4ecce56112	TIMEOUT		TIMEOUT		TIMEOUT		TIMEOUT		stable-unsolved	
collector_v3_pb_15_pe_.ltl	param:tlsf/collector/parametric/collector_v3.tlsf	collector_v3	param:tlsf/collector/parametric/collector_v3.tlsf:n=15	exact	n	"{""n"": 15}"	15	1	Mealy	Mealy	de8e17c61189968339e2ac73ddae62e462a1f1c9c4e280ad800ee08ef1cb6cfe	TIMEOUT		TIMEOUT		TIMEOUT		TIMEOUT		stable-unsolved	
collector_v3_pb_3_pe_.ltl	param:tlsf/collector/parametric/collector_v3.tlsf	collector_v3	param:tlsf/collector/parametric/collector_v3.tlsf:n=3	exact	n	"{""n"": 3}"	3	1	Mealy	Mealy	6c9cf2979d3689a0879fb8898bb44af0d6f8d76b924e170ee157653a37785458	REALIZABLE	0.0384258480007702	REALIZABLE	0.020663576999140787	REALIZABLE	0.01881795798544772	REALIZABLE	0.017603886022698134	stable-realizable	
collector_v3_pb_5_pe_.ltl	param:tlsf/collector/parametric/collector_v3.tlsf	collector_v3	param:tlsf/collector/parametric/collector_v3.tlsf:n=5	exact	n	"{""n"": 5}"	5	1	Mealy	Mealy	9f39d0caf78d82a9f43518181120f12a577bfcc5983e5ab3aab6c3910d71940d	REALIZABLE	0.042080538005393464	REALIZABLE	0.04889509399799863	REALIZABLE	0.04334267400554381	REALIZABLE	0.044164421007735655	stable-realizable	
collector_v3_pb_7_pe_.ltl	param:tlsf/collector/parametric/collector_v3.tlsf	collector_v3	param:tlsf/collector/parametric/collector_v3.tlsf:n=7	exact	n	"{""n"": 7}"	7	1	Mealy	Mealy	ad8f1e00135c2b37721f049dd7cc92b83b677c7b80fbd5aa7547313fea865de7	REALIZABLE	1.0377411399967968	REALIZABLE	1.076125065999804	REALIZABLE	1.0848817189980764	REALIZABLE	1.1246503799920902	stable-realizable	
collector_v3_pb_9_pe_.ltl	param:tlsf/collector/parametric/collector_v3.tlsf	collector_v3	param:tlsf/collector/parametric/collector_v3.tlsf:n=9	exact	n	"{""n"": 9}"	9	1	Mealy	Mealy	19c52e58c858a5dbaecf52d1e05b3de1dd41ecf6ea17095d919c82df40e0d9e9	REALIZABLE	106.23314933800066	REALIZABLE	107.92293533500197	TIMEOUT		TIMEOUT		stable-realizable	
diagonal-real.ltl	direct:tlsf/sweap:diagonal-real	diagonal-real	direct:tlsf/sweap/diagonal-real.tlsf	none		{}	7	2	Mealy	Mealy	1d2ccb8f78e7c7b3a996bd2bf21f6551a87e1cf4d1ad332cb2978e0293167f2a	REALIZABLE	0.05306218299665488	REALIZABLE	0.05299182499584276	REALIZABLE	0.05982799699995667	REALIZABLE	0.06204809001064859	stable-realizable	
door_locking_problem_d6c5ac79.ltl	direct:tlsf/tsl_smart_home_jarvis/extracted-benchmarks:door_locking_problem	door_locking_problem	direct:tlsf/tsl_smart_home_jarvis/extracted-benchmarks/door_locking_problem_d6c5ac79.tlsf	none		{}	6	3	Mealy	Mealy	ef627332954d758f563caddc1c4db2874b588f2ef86ffea0b90b680158889842	REALIZABLE	0.0329469499993138	REALIZABLE	0.027453167000203393	REALIZABLE	0.023458714014850557	REALIZABLE	0.03863283898681402	stable-realizable	
elevator-paper-real.ltl	direct:tlsf/sweap:elevator-paper-real	elevator-paper-real	direct:tlsf/sweap/elevator-paper-real.tlsf	none		{}	7	3	Mealy	Mealy	7190714456f9836a36eea25433c75e9fa9976baf1ca83ec6ff2310817d63c843	REALIZABLE	0.07402333299978636	REALIZABLE	0.0612743959936779	REALIZABLE	0.07175736999488436	REALIZABLE	0.07584196800598875	stable-realizable	
evasion-real.ltl	direct:tlsf/sweap:evasion-real	evasion-real	direct:tlsf/sweap/evasion-real.tlsf	none		{}	13	4	Mealy	Mealy	8bededb19f78ab209948a8c06f194060646599d5c3c8b75dad46ddb61ddadc3f	TIMEOUT		REALIZABLE	23.63194160800049	TIMEOUT		TIMEOUT		s-solved-b-not	
evasion0.ltl	direct:tlsf/sweap:evasion	evasion	direct:tlsf/sweap/evasion0.tlsf	none		{}	13	4	Mealy	Mealy	701f38f8817611af9560352bbd6d28e047885e15272028c84c356d4320c0b29b	UNREALIZABLE	0.5156525660022453	UNREALIZABLE	0.551027872999839	UNREALIZABLE	0.5565404530207161	UNREALIZABLE	0.5346596399904229	stable-unrealizable	
example10_pb_1_pe_.ltl	param:tlsf/arbiters_s4/parametric/example10.tlsf	example10	param:tlsf/arbiters_s4/parametric/example10.tlsf:n=1	exact	n	"{""n"": 1}"	1	1	Mealy	Mealy	1148f944f75734f30d9d57e1d81b780996e57b979c2f00515e3b8cc41c0a5bf8	REALIZABLE	0.02568734800297534	REALIZABLE	0.016370916993764695	REALIZABLE	0.02070232600090094	REALIZABLE	0.019447274011326954	stable-realizable	
example10_pb_2_pe_.ltl	param:tlsf/arbiters_s4/parametric/example10.tlsf	example10	param:tlsf/arbiters_s4/parametric/example10.tlsf:n=2	exact	n	"{""n"": 2}"	1	1	Mealy	Mealy	dde2cc374d864fb055e3fe1650f85435b1f05e192a4a55ea697d1883c4518d0b	REALIZABLE	0.03146808700694237	REALIZABLE	0.026344970989157446	REALIZABLE	0.02269007300492376	REALIZABLE	0.024123106995830312	stable-realizable	
example10a_pb_1_pe_.ltl	param:tlsf/arbiters_s4/parametric/example10a.tlsf	example10a	param:tlsf/arbiters_s4/parametric/example10a.tlsf:n=1	exact	n	"{""n"": 1}"	1	1	Mealy	Mealy	f648c89c6b49a294016e048c871e987bae2bd65fe316cfcf4180f5596fbf3651	REALIZABLE	0.014965203998144716	REALIZABLE	0.03209579800022766	REALIZABLE	0.033725424989825115	REALIZABLE	0.02022763600689359	stable-realizable	
example10a_pb_2_pe_.ltl	param:tlsf/arbiters_s4/parametric/example10a.tlsf	example10a	param:tlsf/arbiters_s4/parametric/example10a.tlsf:n=2	exact	n	"{""n"": 2}"	1	1	Mealy	Mealy	520d3fe3e0a5b96b848d79a580301fb5aabb0ba6fcadec1e35f29a51a02327d3	REALIZABLE	0.03823574499983806	REALIZABLE	0.01754497899673879	REALIZABLE	0.03419359299005009	REALIZABLE	0.031334433995652944	stable-realizable	
example7_pb_1_pe_.ltl	param:tlsf/arbiters_s4/parametric/example7.tlsf	example7	param:tlsf/arbiters_s4/parametric/example7.tlsf:n=1	exact	n	"{""n"": 1}"	1	1	Mealy	Mealy	13a9d404b37c408236e3ef7dfa68ac71ecb423c4dad8907e925d40dd0a6b10f7	REALIZABLE	0.020964277999155456	REALIZABLE	0.020283586000005016	REALIZABLE	0.017081423982745036	REALIZABLE	0.024049728002864867	stable-realizable	
example7_pb_2_pe_.ltl	param:tlsf/arbiters_s4/parametric/example7.tlsf	example7	param:tlsf/arbiters_s4/parametric/example7.tlsf:n=2	exact	n	"{""n"": 2}"	2	2	Mealy	Mealy	58a5f57e2f31b74f04b9ba6917ce49f17a4b61e7af55c56a0846944e8d897a6b	REALIZABLE	0.03134068599320017	REALIZABLE	0.031308480000006966	REALIZABLE	0.020490544993663207	REALIZABLE	0.01607945401337929	stable-realizable	
example7a_pb_1_pe_.ltl	param:tlsf/arbiters_s4/parametric/example7a.tlsf	example7a	param:tlsf/arbiters_s4/parametric/example7a.tlsf:n=1	exact	n	"{""n"": 1}"	1	1	Mealy	Mealy	448a1197a3d094239e423c546facd83d22df57793292419be28b9e85ad9c7b53	REALIZABLE	0.02282051400106866	REALIZABLE	0.018587069993373007	REALIZABLE	0.022896215989021584	REALIZABLE	0.020627958001568913	stable-realizable	
example7a_pb_2_pe_.ltl	param:tlsf/arbiters_s4/parametric/example7a.tlsf	example7a	param:tlsf/arbiters_s4/parametric/example7a.tlsf:n=2	exact	n	"{""n"": 2}"	2	2	Mealy	Mealy	7da8776db05e6f84e5a262218778f7b4b3c06a8ee181722d1b08e1648430bd68	REALIZABLE	0.03418407500430476	REALIZABLE	0.03246825499809347	REALIZABLE	0.038708740001311526	REALIZABLE	0.03295210999203846	stable-realizable	
example8_pb_1_pe_.ltl	param:tlsf/arbiters_s4/parametric/example8.tlsf	example8	param:tlsf/arbiters_s4/parametric/example8.tlsf:n=1	exact	n	"{""n"": 1}"	1	1	Mealy	Mealy	0bb482fae04c4bbe0f4e4829d39968fc92fe605c6fbf1bcc7295cfc2f4e901c3	REALIZABLE	0.023864581002271734	REALIZABLE	0.019952940005168784	REALIZABLE	0.026060611999128014	REALIZABLE	0.01658679300453514	stable-realizable	
example8_pb_2_pe_.ltl	param:tlsf/arbiters_s4/parametric/example8.tlsf	example8	param:tlsf/arbiters_s4/parametric/example8.tlsf:n=2	exact	n	"{""n"": 2}"	2	2	Mealy	Mealy	fca274f125438cee4ad81b427893699bd4def96927f0e797f1004389649f45f1	REALIZABLE	0.015178339002886787	REALIZABLE	0.0359625019991654	REALIZABLE	0.041550914000254124	REALIZABLE	0.017202399991219863	stable-realizable	
example9_pb_1_pe_.ltl	param:tlsf/arbiters_s4/parametric/example9.tlsf	example9	param:tlsf/arbiters_s4/parametric/example9.tlsf:n=1	exact	n	"{""n"": 1}"	1	1	Mealy	Mealy	88c35ef1ae4a76c3b8cd22b66a7909dd555d959e23efd1992ab94aa9523a5d74	REALIZABLE	0.028731289003189886	REALIZABLE	0.030663687000924256	REALIZABLE	0.023134702001698315	REALIZABLE	0.03192244400270283	stable-realizable	
example9_pb_2_pe_.ltl	param:tlsf/arbiters_s4/parametric/example9.tlsf	example9	param:tlsf/arbiters_s4/parametric/example9.tlsf:n=2	exact	n	"{""n"": 2}"	1	1	Mealy	Mealy	0b63be786f29ddce0e1889ab01cb160489c7b4cddbe82fe6a467470ba146ad55	REALIZABLE	0.03926464600226609	REALIZABLE	0.01816390699968906	REALIZABLE	0.029116882011294365	REALIZABLE	0.02708838798571378	stable-realizable	
f-real-real.ltl	direct:tlsf/sweap:f-real-real	f-real-real	direct:tlsf/sweap/f-real-real.tlsf	none		{}	11	3	Mealy	Mealy	ba6fab7704bc1df2b962ac182b5a34750855f5f60eec35cd618152de113dfe43	TIMEOUT		REALIZABLE	32.015044759999	TIMEOUT		TIMEOUT		s-solved-b-not	
f-unreal-unreal.ltl	direct:tlsf/sweap:f-unreal-unreal	f-unreal-unreal	direct:tlsf/sweap/f-unreal-unreal.tlsf	none		{}	6	0	Mealy	Mealy	605dd2034bb1c125f0c9802ed8289179538561767b45cb790f890594e37a27bf	UNREALIZABLE	0.04262727800232824	UNREALIZABLE	0.02427355499821715	UNREALIZABLE	0.03725604701321572	UNREALIZABLE	0.04173902698676102	stable-unrealizable	
finding_nemo_pb_1_pe_.ltl	direct:tlsf/ltl_f/generated_TLSF:finding_nemo_pb_1_pe	finding_nemo_pb_1_pe	direct:tlsf/ltl_f/generated_TLSF/finding_nemo_pb_1_pe_.tlsf	none		{}	2	5	Mealy	Mealy	02f37b32ad4c895d1bac49df24f71ff442cf70bcc746cb60323be8e06a1b62f9	REALIZABLE	0.11669298199922196	REALIZABLE	0.11754536300213658	REALIZABLE	0.11882088001584634	REALIZABLE	0.12750781801878475	stable-realizable	
finding_nemo_pb_2_pe_.ltl	direct:tlsf/ltl_f/generated_TLSF:finding_nemo_pb_2_pe	finding_nemo_pb_2_pe	direct:tlsf/ltl_f/generated_TLSF/finding_nemo_pb_2_pe_.tlsf	none		{}	2	8	Mealy	Mealy	72fb2a571066d55d43b1c1433f701705ee4f6f798c6d7e6ccea2ee14414c080b	REALIZABLE	4.9642940089979675	REALIZABLE	4.943050770001719	REALIZABLE	4.71246425100253	REALIZABLE	4.626127608993556	stable-realizable	
finding_nemo_pb_3_pe_.ltl	direct:tlsf/ltl_f/generated_TLSF:finding_nemo_pb_3_pe	finding_nemo_pb_3_pe	direct:tlsf/ltl_f/generated_TLSF/finding_nemo_pb_3_pe_.tlsf	none		{}	2	11	Mealy	Mealy	dc1e13ceadd8b3aa01135db9b3b999be30b90e20c68c758672b36422a8da94a5	TIMEOUT		TIMEOUT		TIMEOUT		TIMEOUT		stable-unsolved	
finding_nemo_pb_4_pe_.ltl	direct:tlsf/ltl_f/generated_TLSF:finding_nemo_pb_4_pe	finding_nemo_pb_4_pe	direct:tlsf/ltl_f/generated_TLSF/finding_nemo_pb_4_pe_.tlsf	none		{}	2	14	Mealy	Mealy	5bd8db3eab9940ff7880fa3c1f001dae452ebadcef177b455e69b3c168415fa6	TIMEOUT		TIMEOUT		TIMEOUT		TIMEOUT		stable-unsolved	
finding_nemo_pb_5_pe_.ltl	direct:tlsf/ltl_f/generated_TLSF:finding_nemo_pb_5_pe	finding_nemo_pb_5_pe	direct:tlsf/ltl_f/generated_TLSF/finding_nemo_pb_5_pe_.tlsf	none		{}	2	17	Mealy	Mealy	e004ccb576b752f4d0d4cba547ca32b7de466a7bdeb93f5695796691d207527b	TIMEOUT		TIMEOUT		TIMEOUT		TIMEOUT		stable-unsolved	
finding_nemo_pb_6_pe_.ltl	direct:tlsf/ltl_f/generated_TLSF:finding_nemo_pb_6_pe	finding_nemo_pb_6_pe	direct:tlsf/ltl_f/generated_TLSF/finding_nemo_pb_6_pe_.tlsf	none		{}	2	20	Mealy	Mealy	c004780140c6a2712aa296d57a11a5f4a2f4971700506c43e2241914beec4da4	TIMEOUT		TIMEOUT		TIMEOUT		TIMEOUT		stable-unsolved	
finding_nemo_pb_7_pe_.ltl	direct:tlsf/ltl_f/generated_TLSF:finding_nemo_pb_7_pe	finding_nemo_pb_7_pe	direct:tlsf/ltl_f/generated_TLSF/finding_nemo_pb_7_pe_.tlsf	none		{}	2	23	Mealy	Mealy	81e3e40a95681e2f5982d68e6faeb9ab40491728b88a508de74d0dda3fbe08d0	TIMEOUT		TIMEOUT		TIMEOUT		TIMEOUT		stable-unsolved	
follow0.ltl	direct:tlsf/sweap:follow	follow	direct:tlsf/sweap/follow0.tlsf	none		{}	21	4	Mealy	Mealy	26c5c3163a10c49aa18804ffb20a16f1bf54996c0cff08f980aa724a0b3bb53c	TIMEOUT		TIMEOUT		TIMEOUT		TIMEOUT		stable-unsolved	
follow1.ltl	direct:tlsf/sweap:follow	follow	direct:tlsf/sweap/follow1.tlsf	none		{}	21	4	Mealy	Mealy	2c69f14e2c6be8cb51a007c29b7ccb0b32540907398eae3e63d37c40c5fa05d6	TIMEOUT		TIMEOUT		TIMEOUT		TIMEOUT		stable-unsolved	
follow2.ltl	direct:tlsf/sweap:follow	follow	direct:tlsf/sweap/follow2.tlsf	none		{}	22	4	Mealy	Mealy	0d596a581684ecfca6b31153e1e9f31a8b3ab18d4475c958413f60f02fe6c66a	TIMEOUT		TIMEOUT		TIMEOUT		TIMEOUT		stable-unsolved	
follow3.ltl	direct:tlsf/sweap:follow	follow	direct:tlsf/sweap/follow3.tlsf	none		{}	23	4	Mealy	Mealy	2f688a4b62e0d1d68bbc905cc75c636297f65e57e65ca516078395e653059f43	TIMEOUT		TIMEOUT		TIMEOUT		TIMEOUT		stable-unsolved	
full_arbiter_enc_pb_10_pe_.ltl	param:tlsf/full_arbiter_log/parametric/full_arbiter_enc.tlsf	full_arbiter_enc	param:tlsf/full_arbiter_log/parametric/full_arbiter_enc.tlsf:n=10	exact	n	"{""n"": 10}"	4	4	Mealy	Mealy	8378c051e41d340a4f4020683b424ebd5d9af4a90d2c0052de70e2e137e8ff13	TIMEOUT		TIMEOUT		TIMEOUT		TIMEOUT		stable-unsolved	
full_arbiter_enc_pb_12_pe_.ltl	param:tlsf/full_arbiter_log/parametric/full_arbiter_enc.tlsf	full_arbiter_enc	param:tlsf/full_arbiter_log/parametric/full_arbiter_enc.tlsf:n=12	exact	n	"{""n"": 12}"	4	4	Mealy	Mealy	189f9415827ab1ba76c77210b5bad7bcad1862c5ed0e793af117d888f5860742	TIMEOUT		TIMEOUT		TIMEOUT		TIMEOUT		stable-unsolved	
full_arbiter_enc_pb_8_pe_.ltl	param:tlsf/full_arbiter_log/parametric/full_arbiter_enc.tlsf	full_arbiter_enc	param:tlsf/full_arbiter_log/parametric/full_arbiter_enc.tlsf:n=8	exact	n	"{""n"": 8}"	3	4	Mealy	Mealy	84fedf9886b9dcdafcdb3a76b5666fe644739ae1ce9c599fdefbde37242f203e	TIMEOUT		TIMEOUT		TIMEOUT		TIMEOUT		stable-unsolved	
full_arbiter_unreal1_pb_2_10_pe_.ltl	param:tlsf/full_arbiter_unreal/parametric/full_arbiter_unreal1.tlsf	full_arbiter_unreal1	param:tlsf/full_arbiter_unreal/parametric/full_arbiter_unreal1.tlsf:n=2,u=10	exact	n,u	"{""n"": 2, ""u"": 10}"	2	2	Moore	Mealy	c68883c4f29a251f619d0abe80238da8d49b9f81dca51dd7c5717eccf5ea8c7f	UNREALIZABLE	0.03175134900084231	UNREALIZABLE	0.019051383998885285	UNREALIZABLE	0.03256279800552875	UNREALIZABLE	0.019005273992661387	stable-unrealizable	
full_arbiter_unreal1_pb_2_11_pe_.ltl	param:tlsf/full_arbiter_unreal/parametric/full_arbiter_unreal1.tlsf	full_arbiter_unreal1	param:tlsf/full_arbiter_unreal/parametric/full_arbiter_unreal1.tlsf:n=2,u=11	exact	n,u	"{""n"": 2, ""u"": 11}"	2	2	Moore	Mealy	60fbf27ae4a28a9b5eef3edf0abfc910870130a615a1f9e73fd3f7b207b5ca12	UNREALIZABLE	0.031693619002908235	UNREALIZABLE	0.03304704099718947	UNREALIZABLE	0.023407030996168032	UNREALIZABLE	0.03263949800748378	stable-unrealizable	
full_arbiter_unreal1_pb_2_12_pe_.ltl	param:tlsf/full_arbiter_unreal/parametric/full_arbiter_unreal1.tlsf	full_arbiter_unreal1	param:tlsf/full_arbiter_unreal/parametric/full_arbiter_unreal1.tlsf:n=2,u=12	exact	n,u	"{""n"": 2, ""u"": 12}"	2	2	Moore	Mealy	1655e335bf7a3690185abcf548a508be7f74ccae29dc920231bd434096105dbe	UNREALIZABLE	0.03225159900102881	UNREALIZABLE	0.017583655997441383	UNREALIZABLE	0.028231953998329118	UNREALIZABLE	0.018620932998601347	stable-unrealizable	
full_arbiter_unreal1_pb_2_13_pe_.ltl	param:tlsf/full_arbiter_unreal/parametric/full_arbiter_unreal1.tlsf	full_arbiter_unreal1	param:tlsf/full_arbiter_unreal/parametric/full_arbiter_unreal1.tlsf:n=2,u=13	exact	n,u	"{""n"": 2, ""u"": 13}"	2	2	Moore	Mealy	5e41a349de5859c6c682eb3b85c5b5bce337f0ccf72770842b671916b46b0993	UNREALIZABLE	0.017528863994812127	UNREALIZABLE	0.024928781000198796	UNREALIZABLE	0.0257383470016066	UNREALIZABLE	0.02545193099649623	stable-unrealizable	
full_arbiter_unreal1_pb_2_14_pe_.ltl	param:tlsf/full_arbiter_unreal/parametric/full_arbiter_unreal1.tlsf	full_arbiter_unreal1	param:tlsf/full_arbiter_unreal/parametric/full_arbiter_unreal1.tlsf:n=2,u=14	exact	n,u	"{""n"": 2, ""u"": 14}"	2	2	Moore	Mealy	b98476dd54ac949fe03439eda797491a023f7f4d5ff2ebbc8b8d7dd83a0e880e	UNREALIZABLE	0.03339903999585658	UNREALIZABLE	0.016611559003649745	UNREALIZABLE	0.019912558986106887	UNREALIZABLE	0.03487778297858313	stable-unrealizable	
full_arbiter_unreal1_pb_2_15_pe_.ltl	param:tlsf/full_arbiter_unreal/parametric/full_arbiter_unreal1.tlsf	full_arbiter_unreal1	param:tlsf/full_arbiter_unreal/parametric/full_arbiter_unreal1.tlsf:n=2,u=15	exact	n,u	"{""n"": 2, ""u"": 15}"	2	2	Moore	Mealy	ffaa7c204a070b0320e8273a03b5ee2ec60db36479c610b87fd1cc7cac84e114	UNREALIZABLE	0.03324740199605003	UNREALIZABLE	0.01584786199964583	UNREALIZABLE	0.02802390299621038	UNREALIZABLE	0.018699448002735153	stable-unrealizable	
full_arbiter_unreal1_pb_2_16_pe_.ltl	param:tlsf/full_arbiter_unreal/parametric/full_arbiter_unreal1.tlsf	full_arbiter_unreal1	param:tlsf/full_arbiter_unreal/parametric/full_arbiter_unreal1.tlsf:n=2,u=16	exact	n,u	"{""n"": 2, ""u"": 16}"	2	2	Moore	Mealy	d52a9137be800f780a1de01d8333479bc03eee55e5289bdaa0ad440e3bc5a62e	UNREALIZABLE	0.020430942000530194	UNREALIZABLE	0.03275240699440474	UNREALIZABLE	0.018757276993710548	UNREALIZABLE	0.02275430501322262	stable-unrealizable	
full_arbiter_unreal1_pb_2_18_pe_.ltl	param:tlsf/full_arbiter_unreal/parametric/full_arbiter_unreal1.tlsf	full_arbiter_unreal1	param:tlsf/full_arbiter_unreal/parametric/full_arbiter_unreal1.tlsf:n=2,u=18	exact	n,u	"{""n"": 2, ""u"": 18}"	2	2	Moore	Mealy	35f740ad3b2ec0e3ea5224361947c650279173f17767bf2daeacc809a74c9153	UNREALIZABLE	0.03831994800202665	UNREALIZABLE	0.017371066998748574	UNREALIZABLE	0.03320879998500459	UNREALIZABLE	0.017110585002228618	stable-unrealizable	
full_arbiter_unreal1_pb_2_1_pe_.ltl	param:tlsf/full_arbiter_unreal/parametric/full_arbiter_unreal1.tlsf	full_arbiter_unreal1	param:tlsf/full_arbiter_unreal/parametric/full_arbiter_unreal1.tlsf:n=2,u=1	exact	n,u	"{""n"": 2, ""u"": 1}"	2	2	Moore	Mealy	517f3c81951fad8894ccb51dac7ec50764fb7399227027f94acc983e662af92c	UNREALIZABLE	0.04078790500352625	UNREALIZABLE	0.022398075001547113	UNREALIZABLE	0.036438103998079896	UNREALIZABLE	0.015377914009150118	stable-unrealizable	
full_arbiter_unreal1_pb_2_20_pe_.ltl	param:tlsf/full_arbiter_unreal/parametric/full_arbiter_unreal1.tlsf	full_arbiter_unreal1	param:tlsf/full_arbiter_unreal/parametric/full_arbiter_unreal1.tlsf:n=2,u=20	exact	n,u	"{""n"": 2, ""u"": 20}"	2	2	Moore	Mealy	8a9edc61a833756d791aee4519e76286ff17585ba4e7c18daa074082802143e7	UNREALIZABLE	0.030038503000469063	UNREALIZABLE	0.021483037999132648	UNREALIZABLE	0.018895301007432863	UNREALIZABLE	0.025858741020783782	stable-unrealizable	
full_arbiter_unreal1_pb_2_21_pe_.ltl	param:tlsf/full_arbiter_unreal/parametric/full_arbiter_unreal1.tlsf	full_arbiter_unreal1	param:tlsf/full_arbiter_unreal/parametric/full_arbiter_unreal1.tlsf:n=2,u=21	exact	n,u	"{""n"": 2, ""u"": 21}"	2	2	Moore	Mealy	f396778b09b976d7cb6ec71622163cf561ed5413cc77df350348f3055730c1e0	UNREALIZABLE	0.033474522999313194	UNREALIZABLE	0.01580404199921759	UNREALIZABLE	0.02590357299777679	UNREALIZABLE	0.027011416997993365	stable-unrealizable	
full_arbiter_unreal1_pb_2_22_pe_.ltl	param:tlsf/full_arbiter_unreal/parametric/full_arbiter_unreal1.tlsf	full_arbiter_unreal1	param:tlsf/full_arbiter_unreal/parametric/full_arbiter_unreal1.tlsf:n=2,u=22	exact	n,u	"{""n"": 2, ""u"": 22}"	2	2	Moore	Mealy	7a54d7e4ba645a4ff19aaa5341325fd52348f64fb4764f3eabe72f337a7198d9	UNREALIZABLE	0.023914994002552703	UNREALIZABLE	0.03320318300029612	UNREALIZABLE	0.031185863015707582	UNREALIZABLE	0.028773351019481197	stable-unrealizable	
full_arbiter_unreal1_pb_2_24_pe_.ltl	param:tlsf/full_arbiter_unreal/parametric/full_arbiter_unreal1.tlsf	full_arbiter_unreal1	param:tlsf/full_arbiter_unreal/parametric/full_arbiter_unreal1.tlsf:n=2,u=24	exact	n,u	"{""n"": 2, ""u"": 24}"	2	2	Moore	Mealy	67ff80ec2281112af5a8c730d1d214262d33fb39bf1a471e37753073e7595e05	UNREALIZABLE	0.015359149001596961	UNREALIZABLE	0.01919407599780243	UNREALIZABLE	0.024501584004610777	UNREALIZABLE	0.018653006991371512	stable-unrealizable	
full_arbiter_unreal1_pb_2_26_pe_.ltl	param:tlsf/full_arbiter_unreal/parametric/full_arbiter_unreal1.tlsf	full_arbiter_unreal1	param:tlsf/full_arbiter_unreal/parametric/full_arbiter_unreal1.tlsf:n=2,u=26	exact	n,u	"{""n"": 2, ""u"": 26}"	2	2	Moore	Mealy	975d02820488331f21d423cf9b1e62df653709d90b7c1b1ea58b3e5e8e637b9f	UNREALIZABLE	0.015180443995632231	UNREALIZABLE	0.03662524300307268	UNREALIZABLE	0.017237979016499594	UNREALIZABLE	0.03085496000130661	stable-unrealizable	
full_arbiter_unreal1_pb_2_2_pe_.ltl	param:tlsf/full_arbiter_unreal/parametric/full_arbiter_unreal1.tlsf	full_arbiter_unreal1	param:tlsf/full_arbiter_unreal/parametric/full_arbiter_unreal1.tlsf:n=2,u=2	exact	n,u	"{""n"": 2, ""u"": 2}"	2	2	Moore	Mealy	78233625b547e8250209b9d87c6a7493bac1486865d20a278b735951360c122f	UNREALIZABLE	0.02855952299432829	UNREALIZABLE	0.028730386002280284	UNREALIZABLE	0.02333307798835449	UNREALIZABLE	0.029165460990043357	stable-unrealizable	
full_arbiter_unreal1_pb_2_3_pe_.ltl	param:tlsf/full_arbiter_unreal/parametric/full_arbiter_unreal1.tlsf	full_arbiter_unreal1	param:tlsf/full_arbiter_unreal/parametric/full_arbiter_unreal1.tlsf:n=2,u=3	exact	n,u	"{""n"": 2, ""u"": 3}"	2	2	Moore	Mealy	22aed6bd8cd351f4ca4b56564e338cec6867362673abadcfa6639139c711e765	UNREALIZABLE	0.032280286999593955	UNREALIZABLE	0.022367131998180412	UNREALIZABLE	0.027781757002230734	UNREALIZABLE	0.02773878100560978	stable-unrealizable	
full_arbiter_unreal1_pb_2_4_pe_.ltl	param:tlsf/full_arbiter_unreal/parametric/full_arbiter_unreal1.tlsf	full_arbiter_unreal1	param:tlsf/full_arbiter_unreal/parametric/full_arbiter_unreal1.tlsf:n=2,u=4	exact	n,u	"{""n"": 2, ""u"": 4}"	2	2	Moore	Mealy	9eb682543793c67d2f29d07726c34c044ab2c342179739e4231b612b0d67786d	UNREALIZABLE	0.017090548004489392	UNREALIZABLE	0.03384836600162089	UNREALIZABLE	0.022180455009220168	UNREALIZABLE	0.03659424700890668	stable-unrealizable	
full_arbiter_unreal1_pb_2_5_pe_.ltl	param:tlsf/full_arbiter_unreal/parametric/full_arbiter_unreal1.tlsf	full_arbiter_unreal1	param:tlsf/full_arbiter_unreal/parametric/full_arbiter_unreal1.tlsf:n=2,u=5	exact	n,u	"{""n"": 2, ""u"": 5}"	2	2	Moore	Mealy	c2e28208fe86ca19dc7efac3c7e6e9fd05f7aa04d459f4a6bb213f4a9bfef4b9	UNREALIZABLE	0.02584228100022301	UNREALIZABLE	0.03592064899567049	UNREALIZABLE	0.02944066800409928	UNREALIZABLE	0.03181804998894222	stable-unrealizable	
full_arbiter_unreal1_pb_2_6_pe_.ltl	param:tlsf/full_arbiter_unreal/parametric/full_arbiter_unreal1.tlsf	full_arbiter_unreal1	param:tlsf/full_arbiter_unreal/parametric/full_arbiter_unreal1.tlsf:n=2,u=6	exact	n,u	"{""n"": 2, ""u"": 6}"	2	2	Moore	Mealy	fb364742aacda3d683d1f2dcadd1f9dd749f09e95626f6cf406151d6c9ea478f	UNREALIZABLE	0.018263573001604527	UNREALIZABLE	0.03798856399953365	UNREALIZABLE	0.0364780520030763	UNREALIZABLE	0.026626917999237776	stable-unrealizable	
full_arbiter_unreal1_pb_2_7_pe_.ltl	param:tlsf/full_arbiter_unreal/parametric/full_arbiter_unreal1.tlsf	full_arbiter_unreal1	param:tlsf/full_arbiter_unreal/parametric/full_arbiter_unreal1.tlsf:n=2,u=7	exact	n,u	"{""n"": 2, ""u"": 7}"	2	2	Moore	Mealy	dda619e445b4fb99aefd01d61bece9ae0c7420ac15ee3f2a811101fc085ff7ad	UNREALIZABLE	0.030498781998176128	UNREALIZABLE	0.018868160997953964	UNREALIZABLE	0.03674855598364957	UNREALIZABLE	0.027127634006319568	stable-unrealizable	
full_arbiter_unreal1_pb_2_8_pe_.ltl	param:tlsf/full_arbiter_unreal/parametric/full_arbiter_unreal1.tlsf	full_arbiter_unreal1	param:tlsf/full_arbiter_unreal/parametric/full_arbiter_unreal1.tlsf:n=2,u=8	exact	n,u	"{""n"": 2, ""u"": 8}"	2	2	Moore	Mealy	b8ea7b5138b951c673e50cd8257864a58ac8f41b666f03ee46397cb84e88e855	UNREALIZABLE	0.031833323009777814	UNREALIZABLE	0.02914244998828508	UNREALIZABLE	0.022851732006529346	UNREALIZABLE	0.02503823200822808	stable-unrealizable	
full_arbiter_unreal1_pb_2_9_pe_.ltl	param:tlsf/full_arbiter_unreal/parametric/full_arbiter_unreal1.tlsf	full_arbiter_unreal1	param:tlsf/full_arbiter_unreal/parametric/full_arbiter_unreal1.tlsf:n=2,u=9	exact	n,u	"{""n"": 2, ""u"": 9}"	2	2	Moore	Mealy	b9b4aa1248c8a9e47303ff03cb4a9776c9515c1ec66d3cdb1da688623e4dd463	UNREALIZABLE	0.035419053994701244	UNREALIZABLE	0.031098751991521567	UNREALIZABLE	0.03262427597655915	UNREALIZABLE	0.01539862502249889	stable-unrealizable	
full_arbiter_unreal1_pb_3_10_pe_.ltl	param:tlsf/full_arbiter_unreal/parametric/full_arbiter_unreal1.tlsf	full_arbiter_unreal1	param:tlsf/full_arbiter_unreal/parametric/full_arbiter_unreal1.tlsf:n=3,u=10	exact	n,u	"{""n"": 3, ""u"": 10}"	3	3	Moore	Mealy	293751cb5e9a5b8e7d98d4554f3d80a79fa3cfa89ec8d94f325eae63b6399a90	UNREALIZABLE	0.04202266400170629	UNREALIZABLE	0.028662765998888062	UNREALIZABLE	0.02382406298420392	UNREALIZABLE	0.033180842990987	stable-unrealizable	
full_arbiter_unreal1_pb_3_11_pe_.ltl	param:tlsf/full_arbiter_unreal/parametric/full_arbiter_unreal1.tlsf	full_arbiter_unreal1	param:tlsf/full_arbiter_unreal/parametric/full_arbiter_unreal1.tlsf:n=3,u=11	exact	n,u	"{""n"": 3, ""u"": 11}"	3	3	Moore	Mealy	b236b9191f706fc0d3fce552ad067e0575ff7d96eb35a50248cf990a86afc0f7	UNREALIZABLE	0.030309632998978486	UNREALIZABLE	0.028108683000027668	UNREALIZABLE	0.0299064579885453	UNREALIZABLE	0.018281890981597826	stable-unrealizable	
full_arbiter_unreal1_pb_3_12_pe_.ltl	param:tlsf/full_arbiter_unreal/parametric/full_arbiter_unreal1.tlsf	full_arbiter_unreal1	param:tlsf/full_arbiter_unreal/parametric/full_arbiter_unreal1.tlsf:n=3,u=12	exact	n,u	"{""n"": 3, ""u"": 12}"	3	3	Moore	Mealy	59bbffb7e0b18a7e601f169bc5eac6f394a93b9e97c2dd0c3cdc08829865e158	UNREALIZABLE	0.041576797999368864	UNREALIZABLE	0.01758739099932427	UNREALIZABLE	0.030109737999737263	UNREALIZABLE	0.021098016994073987	stable-unrealizable	
full_arbiter_unreal1_pb_3_13_pe_.ltl	param:tlsf/full_arbiter_unreal/parametric/full_arbiter_unreal1.tlsf	full_arbiter_unreal1	param:tlsf/full_arbiter_unreal/parametric/full_arbiter_unreal1.tlsf:n=3,u=13	exact	n,u	"{""n"": 3, ""u"": 13}"	3	3	Moore	Mealy	d837cca958d0c71a2a9677bcf7d62145211cffaba35cba743abb92d1cdca3dfb	UNREALIZABLE	0.03262016300141113	UNREALIZABLE	0.027561842998693464	UNREALIZABLE	0.0324772669991944	UNREALIZABLE	0.021793007996166125	stable-unrealizable	
full_arbiter_unreal1_pb_3_14_pe_.ltl	param:tlsf/full_arbiter_unreal/parametric/full_arbiter_unreal1.tlsf	full_arbiter_unreal1	param:tlsf/full_arbiter_unreal/parametric/full_arbiter_unreal1.tlsf:n=3,u=14	exact	n,u	"{""n"": 3, ""u"": 14}"	3	3	Moore	Mealy	e841d2d574fb797be64f7e74e20e180702add42458b87bd6c971410f793f399b	UNREALIZABLE	0.021735738002462313	UNREALIZABLE	0.039158347997727105	UNREALIZABLE	0.03811871400102973	UNREALIZABLE	0.03283179897698574	stable-unrealizable	
full_arbiter_unreal1_pb_3_15_pe_.ltl	param:tlsf/full_arbiter_unreal/parametric/full_arbiter_unreal1.tlsf	full_arbiter_unreal1	param:tlsf/full_arbiter_unreal/parametric/full_arbiter_unreal1.tlsf:n=3,u=15	exact	n,u	"{""n"": 3, ""u"": 15}"	3	3	Moore	Mealy	05a69172c277659b56c13b156807a351309f74a5349a1b29a3ebd052db87c976	UNREALIZABLE	0.03737279699998908	UNREALIZABLE	0.02700402900154586	UNREALIZABLE	0.028986802004510537	UNREALIZABLE	0.020115889987209812	stable-unrealizable	
full_arbiter_unreal1_pb_3_1_pe_.ltl	param:tlsf/full_arbiter_unreal/parametric/full_arbiter_unreal1.tlsf	full_arbiter_unreal1	param:tlsf/full_arbiter_unreal/parametric/full_arbiter_unreal1.tlsf:n=3,u=1	exact	n,u	"{""n"": 3, ""u"": 1}"	3	3	Moore	Mealy	e82c7fa974a8c3eb560fa40720f13827b4d693e9131e55bb7978f660472b242a	UNREALIZABLE	0.03841044999717269	UNREALIZABLE	0.030353977999766357	UNREALIZABLE	0.031836145994020626	UNREALIZABLE	0.031965569010935724	stable-unrealizable	
full_arbiter_unreal1_pb_3_2_pe_.ltl	param:tlsf/full_arbiter_unreal/parametric/full_arbiter_unreal1.tlsf	full_arbiter_unreal1	param:tlsf/full_arbiter_unreal/parametric/full_arbiter_unreal1.tlsf:n=3,u=2	exact	n,u	"{""n"": 3, ""u"": 2}"	3	3	Moore	Mealy	47606d66682a55b1f1e4d1d64eeb7bc2ad598c97d53cbc119388a6a315a73830	UNREALIZABLE	0.019701912999153137	UNREALIZABLE	0.02985007799725281	UNREALIZABLE	0.023851642006775364	UNREALIZABLE	0.02801797102438286	stable-unrealizable	
full_arbiter_unreal1_pb_3_3_pe_.ltl	param:tlsf/full_arbiter_unreal/parametric/full_arbiter_unreal1.tlsf	full_arbiter_unreal1	param:tlsf/full_arbiter_unreal/parametric/full_arbiter_unreal1.tlsf:n=3,u=3	exact	n,u	"{""n"": 3, ""u"": 3}"	3	3	Moore	Mealy	3221b936a712004fcaed6308a7e9555aa1b9670c5b5c311bba8619365a30df1d	UNREALIZABLE	0.0236724240003241	UNREALIZABLE	0.03287287000057404	UNREALIZABLE	0.0225516349892132	UNREALIZABLE	0.017485126008978114	stable-unrealizable	
full_arbiter_unreal1_pb_3_4_pe_.ltl	param:tlsf/full_arbiter_unreal/parametric/full_arbiter_unreal1.tlsf	full_arbiter_unreal1	param:tlsf/full_arbiter_unreal/parametric/full_arbiter_unreal1.tlsf:n=3,u=4	exact	n,u	"{""n"": 3, ""u"": 4}"	3	3	Moore	Mealy	9c19296d90020bd343953f0b7e8d5e7261cff6206917dd9a5c962adc2a11e565	UNREALIZABLE	0.03315351000492228	UNREALIZABLE	0.032164878997718915	UNREALIZABLE	0.026748842996312305	UNREALIZABLE	0.023112833994673565	stable-unrealizable	
full_arbiter_unreal1_pb_3_5_pe_.ltl	param:tlsf/full_arbiter_unreal/parametric/full_arbiter_unreal1.tlsf	full_arbiter_unreal1	param:tlsf/full_arbiter_unreal/parametric/full_arbiter_unreal1.tlsf:n=3,u=5	exact	n,u	"{""n"": 3, ""u"": 5}"	3	3	Moore	Mealy	ea6f73a284490140845f580a7e4cd35343991a90e86fa2832a98048e3274c860	UNREALIZABLE	0.01965691900022648	UNREALIZABLE	0.028521808999357745	UNREALIZABLE	0.017383457015966997	UNREALIZABLE	0.021453506022226065	stable-unrealizable	
full_arbiter_unreal1_pb_3_6_pe_.ltl	param:tlsf/full_arbiter_unreal/parametric/full_arbiter_unreal1.tlsf	full_arbiter_unreal1	param:tlsf/full_arbiter_unreal/parametric/full_arbiter_unreal1.tlsf:n=3,u=6	exact	n,u	"{""n"": 3, ""u"": 6}"	3	3	Moore	Mealy	c4ca045686225658fa002316cea49f52423ef8a338422f0fbdef224e0fd7b819	UNREALIZABLE	0.031153575000644196	UNREALIZABLE	0.033382366000296315	UNREALIZABLE	0.022425554023357108	UNREALIZABLE	0.0325510669790674	stable-unrealizable	
full_arbiter_unreal1_pb_3_7_pe_.ltl	param:tlsf/full_arbiter_unreal/parametric/full_arbiter_unreal1.tlsf	full_arbiter_unreal1	param:tlsf/full_arbiter_unreal/parametric/full_arbiter_unreal1.tlsf:n=3,u=7	exact	n,u	"{""n"": 3, ""u"": 7}"	3	3	Moore	Mealy	43ff678e7148b7d792351629e6c4109c262ab2b2aee9cb1a0432ad9e306ccde3	UNREALIZABLE	0.019913210002414417	UNREALIZABLE	0.0287972299993271	UNREALIZABLE	0.035611260012956336	UNREALIZABLE	0.024914359993999824	stable-unrealizable	
full_arbiter_unreal1_pb_3_8_pe_.ltl	param:tlsf/full_arbiter_unreal/parametric/full_arbiter_unreal1.tlsf	full_arbiter_unreal1	param:tlsf/full_arbiter_unreal/parametric/full_arbiter_unreal1.tlsf:n=3,u=8	exact	n,u	"{""n"": 3, ""u"": 8}"	3	3	Moore	Mealy	e22ac85932cf4c1be65ba7d33a19e2ddcb38581e3f7971b17395ddf2c0199479	UNREALIZABLE	0.03311330600263318	UNREALIZABLE	0.029494852002244443	UNREALIZABLE	0.02779984299559146	UNREALIZABLE	0.016854509012773633	stable-unrealizable	
full_arbiter_unreal1_pb_3_9_pe_.ltl	param:tlsf/full_arbiter_unreal/parametric/full_arbiter_unreal1.tlsf	full_arbiter_unreal1	param:tlsf/full_arbiter_unreal/parametric/full_arbiter_unreal1.tlsf:n=3,u=9	exact	n,u	"{""n"": 3, ""u"": 9}"	3	3	Moore	Mealy	5a123f3755b6f942d530dbe71486d029a39435a653b0172b1416dd7981f5d84b	UNREALIZABLE	0.03777361899847165	UNREALIZABLE	0.030408378999709385	UNREALIZABLE	0.02978317000088282	UNREALIZABLE	0.016861266980413347	stable-unrealizable	
full_arbiter_unreal1_pb_4_1_pe_.ltl	param:tlsf/full_arbiter_unreal/parametric/full_arbiter_unreal1.tlsf	full_arbiter_unreal1	param:tlsf/full_arbiter_unreal/parametric/full_arbiter_unreal1.tlsf:n=4,u=1	exact	n,u	"{""n"": 4, ""u"": 1}"	4	4	Moore	Mealy	d786c60e8d62365289b6350cbd8e4d96badcd822fc0b43bf60b8c791c0eda02a	UNREALIZABLE	0.02201803499883681	UNREALIZABLE	0.035499407998941024	UNREALIZABLE	0.03054057899862528	UNREALIZABLE	0.02647192301810719	stable-unrealizable	
full_arbiter_unreal1_pb_4_2_pe_.ltl	param:tlsf/full_arbiter_unreal/parametric/full_arbiter_unreal1.tlsf	full_arbiter_unreal1	param:tlsf/full_arbiter_unreal/parametric/full_arbiter_unreal1.tlsf:n=4,u=2	exact	n,u	"{""n"": 4, ""u"": 2}"	4	4	Moore	Mealy	ac1d03fb58d05c04c58244c3f43c4eff4df7321c394e17d86687b24b92b5b0dc	UNREALIZABLE	0.031765270003234036	UNREALIZABLE	0.029783592002786463	UNREALIZABLE	0.03254918899619952	UNREALIZABLE	0.030178829008946195	stable-unrealizable	
full_arbiter_unreal1_pb_4_3_pe_.ltl	param:tlsf/full_arbiter_unreal/parametric/full_arbiter_unreal1.tlsf	full_arbiter_unreal1	param:tlsf/full_arbiter_unreal/parametric/full_arbiter_unreal1.tlsf:n=4,u=3	exact	n,u	"{""n"": 4, ""u"": 3}"	4	4	Moore	Mealy	ecc37a5852fdb2d7a0dbbe6dfdeae2512ac7e2f267216238ed5788d15e28791c	UNREALIZABLE	0.01760293200641172	UNREALIZABLE	0.03129276600520825	UNREALIZABLE	0.02085884500411339	UNREALIZABLE	0.03526024500024505	stable-unrealizable	
full_arbiter_unreal1_pb_4_4_pe_.ltl	param:tlsf/full_arbiter_unreal/parametric/full_arbiter_unreal1.tlsf	full_arbiter_unreal1	param:tlsf/full_arbiter_unreal/parametric/full_arbiter_unreal1.tlsf:n=4,u=4	exact	n,u	"{""n"": 4, ""u"": 4}"	4	4	Moore	Mealy	7faea1272ab5a7b22d52051c8edb9c60b5a76f29e111c064edb36d0c48a04399	UNREALIZABLE	0.03983920599785051	UNREALIZABLE	0.03435790900039137	UNREALIZABLE	0.03172939000069164	UNREALIZABLE	0.025095707009313628	stable-unrealizable	
full_arbiter_unreal1_pb_4_5_pe_.ltl	param:tlsf/full_arbiter_unreal/parametric/full_arbiter_unreal1.tlsf	full_arbiter_unreal1	param:tlsf/full_arbiter_unreal/parametric/full_arbiter_unreal1.tlsf:n=4,u=5	exact	n,u	"{""n"": 4, ""u"": 5}"	4	4	Moore	Mealy	0c810de4ab41badf2b0b22004096f089b75f50710caac1f1d5d189d39d090844	UNREALIZABLE	0.03103030100464821	UNREALIZABLE	0.02138218199252151	UNREALIZABLE	0.02605544199468568	UNREALIZABLE	0.03241895799874328	stable-unrealizable	
full_arbiter_unreal1_pb_4_6_pe_.ltl	param:tlsf/full_arbiter_unreal/parametric/full_arbiter_unreal1.tlsf	full_arbiter_unreal1	param:tlsf/full_arbiter_unreal/parametric/full_arbiter_unreal1.tlsf:n=4,u=6	exact	n,u	"{""n"": 4, ""u"": 6}"	4	4	Moore	Mealy	5217c487355654080b0a8993e96067b63eb784ca5d6a84f3b8c1da106944f30a	UNREALIZABLE	0.018508977998862974	UNREALIZABLE	0.03317431399773341	UNREALIZABLE	0.0161926599976141	UNREALIZABLE	0.03897793201031163	stable-unrealizable	
full_arbiter_unreal1_pb_4_7_pe_.ltl	param:tlsf/full_arbiter_unreal/parametric/full_arbiter_unreal1.tlsf	full_arbiter_unreal1	param:tlsf/full_arbiter_unreal/parametric/full_arbiter_unreal1.tlsf:n=4,u=7	exact	n,u	"{""n"": 4, ""u"": 7}"	4	4	Moore	Mealy	3707d1824f5f1b7fbbcc0c1394c181175244a7eafbaeb885428276835643b5e2	UNREALIZABLE	0.029871814003854524	UNREALIZABLE	0.03138111600128468	UNREALIZABLE	0.03129530500154942	UNREALIZABLE	0.031865405006101355	stable-unrealizable	
full_arbiter_unreal1_pb_4_8_pe_.ltl	param:tlsf/full_arbiter_unreal/parametric/full_arbiter_unreal1.tlsf	full_arbiter_unreal1	param:tlsf/full_arbiter_unreal/parametric/full_arbiter_unreal1.tlsf:n=4,u=8	exact	n,u	"{""n"": 4, ""u"": 8}"	4	4	Moore	Mealy	37a48dbed5b81d1a80d467c68bd35e9636b306945eac37b35862cf16bdfd9cf8	UNREALIZABLE	0.03193361100056791	UNREALIZABLE	0.0324434790018131	UNREALIZABLE	0.030646236991742626	UNREALIZABLE	0.01670360198477283	stable-unrealizable	
full_arbiter_unreal1_pb_6_8_pe_.ltl	param:tlsf/full_arbiter_unreal/parametric/full_arbiter_unreal1.tlsf	full_arbiter_unreal1	param:tlsf/full_arbiter_unreal/parametric/full_arbiter_unreal1.tlsf:n=6,u=8	exact	n,u	"{""n"": 6, ""u"": 8}"	6	6	Moore	Mealy	0a9b4d1ff0271c0bec1510966284765706a957a0f4d10614e410c1553cc6e779	UNREALIZABLE	0.02684462799516041	UNREALIZABLE	0.021695751987863332	UNREALIZABLE	0.03222619800362736	UNREALIZABLE	0.03061533998697996	stable-unrealizable	
full_arbiter_unreal2_pb_2_pe_.ltl	param:tlsf/full_arbiter_unreal/parametric/full_arbiter_unreal2.tlsf	full_arbiter_unreal2	param:tlsf/full_arbiter_unreal/parametric/full_arbiter_unreal2.tlsf:n=2	exact	n	"{""n"": 2}"	2	2	Mealy	Mealy	e274c5b10a62a2e619fc6f83efe3152606f6389a986284cf0fa69bc5cdf5b6b0	UNREALIZABLE	0.022901996999280527	UNREALIZABLE	0.019943362000049092	UNREALIZABLE	0.03783618099987507	UNREALIZABLE	0.023429765016771853	stable-unrealizable	
full_arbiter_unreal2_pb_3_pe_.ltl	param:tlsf/full_arbiter_unreal/parametric/full_arbiter_unreal2.tlsf	full_arbiter_unreal2	param:tlsf/full_arbiter_unreal/parametric/full_arbiter_unreal2.tlsf:n=3	exact	n	"{""n"": 3}"	3	3	Mealy	Mealy	b553a19d0ad1343b32268d93dac7ca3642ba4981b72900ba93f0455dfd97e2fb	UNREALIZABLE	0.035396063001826406	UNREALIZABLE	0.03498353499890072	UNREALIZABLE	0.022778555983677506	UNREALIZABLE	0.0257606879749801	stable-unrealizable	
full_arbiter_unreal2_pb_4_pe_.ltl	param:tlsf/full_arbiter_unreal/parametric/full_arbiter_unreal2.tlsf	full_arbiter_unreal2	param:tlsf/full_arbiter_unreal/parametric/full_arbiter_unreal2.tlsf:n=4	exact	n	"{""n"": 4}"	4	4	Mealy	Mealy	2f5dbf3c0d4c0770fdaf0221081fabd63bf2143cb767f2e2df197a805ad63366	UNREALIZABLE	0.01748165000026347	UNREALIZABLE	0.03139850499428576	UNREALIZABLE	0.030953334004152566	UNREALIZABLE	0.02646924799773842	stable-unrealizable	
full_arbiter_unreal2_pb_5_pe_.ltl	param:tlsf/full_arbiter_unreal/parametric/full_arbiter_unreal2.tlsf	full_arbiter_unreal2	param:tlsf/full_arbiter_unreal/parametric/full_arbiter_unreal2.tlsf:n=5	exact	n	"{""n"": 5}"	5	5	Mealy	Mealy	a6837b76a1f9b75eee4d28a39275f73e1b4722a195954d73711e035ca2797b8b	UNREALIZABLE	0.03371076099938364	UNREALIZABLE	0.014471521999439574	UNREALIZABLE	0.017019734979839996	UNREALIZABLE	0.03129872298450209	stable-unrealizable	
full_arbiter_unreal2_pb_6_pe_.ltl	param:tlsf/full_arbiter_unreal/parametric/full_arbiter_unreal2.tlsf	full_arbiter_unreal2	param:tlsf/full_arbiter_unreal/parametric/full_arbiter_unreal2.tlsf:n=6	exact	n	"{""n"": 6}"	6	6	Mealy	Mealy	a0e44f1608bf3414105d8bcf6879aee1821c3a9c015854388f0442334c536bdb	UNREALIZABLE	0.01545636400260264	UNREALIZABLE	0.035747133995755576	UNREALIZABLE	0.016493228991748765	UNREALIZABLE	0.036322961997939274	stable-unrealizable	
full_arbiter_unreal2_pb_7_pe_.ltl	param:tlsf/full_arbiter_unreal/parametric/full_arbiter_unreal2.tlsf	full_arbiter_unreal2	param:tlsf/full_arbiter_unreal/parametric/full_arbiter_unreal2.tlsf:n=7	exact	n	"{""n"": 7}"	7	7	Mealy	Mealy	303ed58e7ead23df9b6ef5be5d96f618f055da38c09f3bc23ff389b517685b3a	UNREALIZABLE	0.031122157000936568	UNREALIZABLE	0.03157514499616809	UNREALIZABLE	0.02736702500260435	UNREALIZABLE	0.02127288799965754	stable-unrealizable	
g-real-real.ltl	direct:tlsf/sweap:g-real-real	g-real-real	direct:tlsf/sweap/g-real-real.tlsf	none		{}	16	2	Mealy	Mealy	ef1f0ea272c69c1588804e5014af4df38234495bb6b3f6b6b742c3b571fd54e5	REALIZABLE	5.448352551000426	REALIZABLE	2.9016802160003863	REALIZABLE	4.435641483985819	REALIZABLE	2.933743535017129	stable-realizable	
g-real0.ltl	direct:tlsf/sweap:g-real	g-real	direct:tlsf/sweap/g-real0.tlsf	none		{}	13	2	Mealy	Mealy	78e13c012e7bd87b16d0d8ce83fabcc815058c6e119ee7e790d53e8a66c52401	UNREALIZABLE	0.03933091399812838	UNREALIZABLE	0.0707243400029256	UNREALIZABLE	0.05949653100105934	UNREALIZABLE	0.058346134988823906	stable-unrealizable	
g-unreal-1-unreal.ltl	direct:tlsf/sweap:g-unreal-1-unreal	g-unreal-1-unreal	direct:tlsf/sweap/g-unreal-1-unreal.tlsf	none		{}	11	2	Mealy	Mealy	89f09620b82adf55b783edd8ed73952155e5786a063d9dafe3eecd4b5612f479	TIMEOUT		TIMEOUT		TIMEOUT		TIMEOUT		stable-unsolved	
g-unreal-10.ltl	direct:tlsf/sweap:g-unreal	g-unreal	direct:tlsf/sweap/g-unreal-10.tlsf	none		{}	6	2	Mealy	Mealy	9c1e0e06b3b57917b18b86bf4c5fb0aed4184f4a27a935e79ed51dcd5efe1cae	UNREALIZABLE	0.03546109999297187	UNREALIZABLE	0.028725073992973194	UNREALIZABLE	0.034964349993970245	UNREALIZABLE	0.03216665601939894	stable-unrealizable	
g-unreal-11.ltl	direct:tlsf/sweap:g-unreal	g-unreal	direct:tlsf/sweap/g-unreal-11.tlsf	none		{}	7	2	Mealy	Mealy	3c3c82a2898a4ce3fcb3aae3e6def166049a09ec3357c426d4b99b84393a5920	UNREALIZABLE	0.037951889011310413	UNREALIZABLE	0.03240802200161852	UNREALIZABLE	0.030283419997431338	UNREALIZABLE	0.037509185989620164	stable-unrealizable	
g-unreal-110.ltl	direct:tlsf/sweap:g-unreal	g-unreal	direct:tlsf/sweap/g-unreal-110.tlsf	none		{}	10	2	Mealy	Mealy	6c477025b2c90b1498b3a8c068a33525b15d67d5b9aef7b3a43e46336f90ebf4	UNREALIZABLE	2.634434075000172	UNREALIZABLE	2.3648719119992165	UNREALIZABLE	2.465195319004124	UNREALIZABLE	2.4541832910035737	stable-unrealizable	
g-unreal-111.ltl	direct:tlsf/sweap:g-unreal	g-unreal	direct:tlsf/sweap/g-unreal-111.tlsf	none		{}	10	2	Mealy	Mealy	76322a5097dea11d63fc78c3b2c1635c56a76b26b525840fcda8c6637301eb7b	UNREALIZABLE	3.9792389139984152	UNREALIZABLE	3.8611937599998782	UNREALIZABLE	4.002936046977993	UNREALIZABLE	3.9776839730038773	stable-unrealizable	
g-unreal-112.ltl	direct:tlsf/sweap:g-unreal	g-unreal	direct:tlsf/sweap/g-unreal-112.tlsf	none		{}	10	2	Mealy	Mealy	ebedade82d397c79c91702f3699adcd1f31d62075125caa44757ef6adfd7a2c7	UNREALIZABLE	7.319685129994468	UNREALIZABLE	6.480668167001568	UNREALIZABLE	6.692383624002105	UNREALIZABLE	7.19875430301181	stable-unrealizable	
g-unreal-113.ltl	direct:tlsf/sweap:g-unreal	g-unreal	direct:tlsf/sweap/g-unreal-113.tlsf	none		{}	10	2	Mealy	Mealy	72cd77f004df2df5f0a7c5d120b5f84fa391d48cbcc43a7a0e5055063cf7f7a1	UNREALIZABLE	8.26751007099665	UNREALIZABLE	8.30532381699959	UNREALIZABLE	8.304940219997661	UNREALIZABLE	7.287615449982695	stable-unrealizable	
g-unreal-114.ltl	direct:tlsf/sweap:g-unreal	g-unreal	direct:tlsf/sweap/g-unreal-114.tlsf	none		{}	10	2	Mealy	Mealy	646fef66d1a335b943ddbbd1698adb3d92eda7e41e16eed0949cc02ab62dd6bd	UNREALIZABLE	11.571345080003084	UNREALIZABLE	11.040169179999793	UNREALIZABLE	11.662248381995596	UNREALIZABLE	11.483674957999028	stable-unrealizable	
g-unreal-115.ltl	direct:tlsf/sweap:g-unreal	g-unreal	direct:tlsf/sweap/g-unreal-115.tlsf	none		{}	10	2	Mealy	Mealy	8aa0e6356b42aada4140d2c151b07534f1b765c0c5ec9f6a52ff607523665069	UNREALIZABLE	17.825274369999534	UNREALIZABLE	16.39593432600668	TIMEOUT		UNREALIZABLE	16.934704040992074	stable-unrealizable	
g-unreal-116.ltl	direct:tlsf/sweap:g-unreal	g-unreal	direct:tlsf/sweap/g-unreal-116.tlsf	none		{}	11	2	Mealy	Mealy	062b0a900d90ae29d4760388b5eabe739da487b331ac9aecb19f8d0b5629cdfd	UNREALIZABLE	35.46993907399883	UNREALIZABLE	35.28549614700023	TIMEOUT		TIMEOUT		stable-unrealizable	
g-unreal-117.ltl	direct:tlsf/sweap:g-unreal	g-unreal	direct:tlsf/sweap/g-unreal-117.tlsf	none		{}	11	2	Mealy	Mealy	d10d362dd00175b24c86d7ea84a7b995e1a983120f2b947a8c928dd29abbdbb0	UNREALIZABLE	46.684142283000256	UNREALIZABLE	46.30074613599936	TIMEOUT		TIMEOUT		stable-unrealizable	
g-unreal-118.ltl	direct:tlsf/sweap:g-unreal	g-unreal	direct:tlsf/sweap/g-unreal-118.tlsf	none		{}	11	2	Mealy	Mealy	732d5884eab376a69516afba23b75f2cccfbf73ac0bd67e75a36511a33857120	UNREALIZABLE	67.4956920859986	UNREALIZABLE	63.92144566900242	TIMEOUT		TIMEOUT		stable-unrealizable	
g-unreal-119.ltl	direct:tlsf/sweap:g-unreal	g-unreal	direct:tlsf/sweap/g-unreal-119.tlsf	none		{}	11	2	Mealy	Mealy	46d0719b8d91412008358926ee6200b971834ae02144cce35456749b3bc509d4	UNREALIZABLE	71.36484498400023	UNREALIZABLE	68.36829541599946	TIMEOUT		TIMEOUT		stable-unrealizable	
g-unreal-12.ltl	direct:tlsf/sweap:g-unreal	g-unreal	direct:tlsf/sweap/g-unreal-12.tlsf	none		{}	8	2	Mealy	Mealy	6b7e701e4c97c84beb49011bc6115cc5ac9754cdfed484ca4a706e38b284bbff	UNREALIZABLE	0.03125085000647232	UNREALIZABLE	0.04895088700141059	UNREALIZABLE	0.04640992998611182	UNREALIZABLE	0.02568941900972277	stable-unrealizable	
g-unreal-120.ltl	direct:tlsf/sweap:g-unreal	g-unreal	direct:tlsf/sweap/g-unreal-120.tlsf	none		{}	11	2	Mealy	Mealy	dcc886aa303c21adc3cf783bd642ff4b4df32fd41e67cb575469c47e7ee9b376	UNREALIZABLE	101.1169120179984	UNREALIZABLE	94.65961066800082	TIMEOUT		TIMEOUT		stable-unrealizable	
g-unreal-13.ltl	direct:tlsf/sweap:g-unreal	g-unreal	direct:tlsf/sweap/g-unreal-13.tlsf	none		{}	8	2	Mealy	Mealy	2f71a18bde4dad11c655f84ac2ac87004e49b5ac925d360ee3ae518b1e337cea	UNREALIZABLE	0.03735633199903532	UNREALIZABLE	0.034439521998137934	UNREALIZABLE	0.03745775399147533	UNREALIZABLE	0.044087882997700945	stable-unrealizable	
g-unreal-14.ltl	direct:tlsf/sweap:g-unreal	g-unreal	direct:tlsf/sweap/g-unreal-14.tlsf	none		{}	9	2	Mealy	Mealy	1c7a21632a9f9fc76f9973f08f83f13919b9bfd94bc35b43015d5417a3977fe4	UNREALIZABLE	0.0848285659958492	UNREALIZABLE	0.0742497889950755	UNREALIZABLE	0.08698257201467641	UNREALIZABLE	0.09225237398641184	stable-unrealizable	
g-unreal-15.ltl	direct:tlsf/sweap:g-unreal	g-unreal	direct:tlsf/sweap/g-unreal-15.tlsf	none		{}	9	2	Mealy	Mealy	39a7bd441934f289e2553ef9a9ba514f0896759ae355a9edfd48165322b2ccde	UNREALIZABLE	0.14390624400039087	UNREALIZABLE	0.13390098600029887	UNREALIZABLE	0.15671872600796632	UNREALIZABLE	0.1480705560243223	stable-unrealizable	
g-unreal-16.ltl	direct:tlsf/sweap:g-unreal	g-unreal	direct:tlsf/sweap/g-unreal-16.tlsf	none		{}	9	2	Mealy	Mealy	902aaa5f44079786b64c65106caa28bce02ef004f553c14a22e4e358dfb63d0c	UNREALIZABLE	0.271250145000522	UNREALIZABLE	0.27319585099758115	UNREALIZABLE	0.28078471097978763	UNREALIZABLE	0.2632817509875167	stable-unrealizable	
g-unreal-17.ltl	direct:tlsf/sweap:g-unreal	g-unreal	direct:tlsf/sweap/g-unreal-17.tlsf	none		{}	9	2	Mealy	Mealy	69fba0fc27cbb412a0006650ec858653adfb9c32acbd12370cc8533fdbd99463	UNREALIZABLE	0.3879693920025602	UNREALIZABLE	0.3670520339946961	UNREALIZABLE	0.3620862039970234	UNREALIZABLE	0.37060548999579623	stable-unrealizable	
g-unreal-18.ltl	direct:tlsf/sweap:g-unreal	g-unreal	direct:tlsf/sweap/g-unreal-18.tlsf	none		{}	10	2	Mealy	Mealy	b82406aced998affda0176adb70208b10d62be15d67e5fe2227078f0051ae589	UNREALIZABLE	1.2949916320067132	UNREALIZABLE	1.1139358610089403	UNREALIZABLE	1.1570840160129592	UNREALIZABLE	1.1061268730263691	stable-unrealizable	
g-unreal-19.ltl	direct:tlsf/sweap:g-unreal	g-unreal	direct:tlsf/sweap/g-unreal-19.tlsf	none		{}	10	2	Mealy	Mealy	3bda441812f46ffa59239f9f34f1b8b47ed3ee3467dd8aae4a3231a691d114c7	UNREALIZABLE	2.1671928069990827	UNREALIZABLE	2.046255449000455	UNREALIZABLE	2.3014529820065945	UNREALIZABLE	2.095128162007313	stable-unrealizable	
g-unreal-20.ltl	direct:tlsf/sweap:g-unreal	g-unreal	direct:tlsf/sweap/g-unreal-20.tlsf	none		{}	14	4	Mealy	Mealy	d9f32e200b32591cecca4eb33eb70157a8e816553f2d2145293da2f84412677e	TIMEOUT		TIMEOUT		TIMEOUT		TIMEOUT		stable-unsolved	
g-unreal-21.ltl	direct:tlsf/sweap:g-unreal	g-unreal	direct:tlsf/sweap/g-unreal-21.tlsf	none		{}	17	4	Mealy	Mealy	de604da8618b56f031061edee1242a439af9b8fbab976b29a53a6370296dd67a	TIMEOUT		TIMEOUT		TIMEOUT		TIMEOUT		stable-unsolved	
g-unreal-30.ltl	direct:tlsf/sweap:g-unreal	g-unreal	direct:tlsf/sweap/g-unreal-30.tlsf	none		{}	8	2	Mealy	Mealy	89b56b65518a0e1172b10bbdfaad6574ba7a9940408dbbca612e7b5f0fbe7c1a	UNREALIZABLE	0.07142772299994249	UNREALIZABLE	0.04905095300091489	UNREALIZABLE	0.04600807200768031	UNREALIZABLE	0.06176424500881694	stable-unrealizable	
g-unreal-31.ltl	direct:tlsf/sweap:g-unreal	g-unreal	direct:tlsf/sweap/g-unreal-31.tlsf	none		{}	9	2	Mealy	Mealy	71bf5ef060bc6b53664e18e222822cfc24fd76ec4b3ee7775f0b6729062956dc	UNREALIZABLE	0.05976684300003399	UNREALIZABLE	0.056498742998883245	UNREALIZABLE	0.05173814299632795	UNREALIZABLE	0.058935409993864596	stable-unrealizable	
g-unreal-310.ltl	direct:tlsf/sweap:g-unreal	g-unreal	direct:tlsf/sweap/g-unreal-310.tlsf	none		{}	19	2	Mealy	Mealy	3110e6e7c338dcb5f399735c295481aec476ef0dee683638fc06ea6445e2fc85	UNREALIZABLE	25.704219298997486	UNREALIZABLE	26.898869125998317	TIMEOUT		TIMEOUT		stable-unrealizable	
g-unreal-311.ltl	direct:tlsf/sweap:g-unreal	g-unreal	direct:tlsf/sweap/g-unreal-311.tlsf	none		{}	20	2	Mealy	Mealy	37c723201c9c4fa284d6d2c260c8c311183e941acb5f4652eadfc8c4bd989748	UNREALIZABLE	68.795173505001	UNREALIZABLE	70.94303991299967	TIMEOUT		TIMEOUT		stable-unrealizable	
g-unreal-312.ltl	direct:tlsf/sweap:g-unreal	g-unreal	direct:tlsf/sweap/g-unreal-312.tlsf	none		{}	20	2	Mealy	Mealy	2db58563f283f0ce7d6ab95a71b90442ed329511a7d1db53978358c84284d61d	MEMOUT		MEMOUT		TIMEOUT		TIMEOUT		stable-unsolved	
g-unreal-313.ltl	direct:tlsf/sweap:g-unreal	g-unreal	direct:tlsf/sweap/g-unreal-313.tlsf	none		{}	20	2	Mealy	Mealy	06df44c3f7b0229f20d22df261e9a958175c846ab4f4d94525f33dcbeb352dba	MEMOUT		MEMOUT		TIMEOUT		TIMEOUT		stable-unsolved	
g-unreal-314.ltl	direct:tlsf/sweap:g-unreal	g-unreal	direct:tlsf/sweap/g-unreal-314.tlsf	none		{}	25	2	Mealy	Mealy	3af5a7cf028e6a522a6251d1ca2ec1d27dc227b75da0ceb29bf05b48be05015d	TIMEOUT		TIMEOUT		TIMEOUT		TIMEOUT		stable-unsolved	
g-unreal-32.ltl	direct:tlsf/sweap:g-unreal	g-unreal	direct:tlsf/sweap/g-unreal-32.tlsf	none		{}	10	2	Mealy	Mealy	a94842f317bb38371ddd6505550b8d22f30b6c628dbe5d618fb8a32f135d2c55	UNREALIZABLE	0.18405078200157732	UNREALIZABLE	0.19550288798927795	UNREALIZABLE	0.18232615300803445	UNREALIZABLE	0.19316266200621612	stable-unrealizable	
g-unreal-33.ltl	direct:tlsf/sweap:g-unreal	g-unreal	direct:tlsf/sweap/g-unreal-33.tlsf	none		{}	13	2	Mealy	Mealy	f751962a13094616fd12c02bde00be3695e0079f620933a945949bcf03ea3fa4	UNREALIZABLE	0.5462511380028445	UNREALIZABLE	0.5692781469988404	UNREALIZABLE	0.5491841119946912	UNREALIZABLE	0.5957092669850681	stable-unrealizable	
g-unreal-34.ltl	direct:tlsf/sweap:g-unreal	g-unreal	direct:tlsf/sweap/g-unreal-34.tlsf	none		{}	15	2	Mealy	Mealy	2f86cb0543455d1974a81e5c93fb16896276de46b15477157646a9a970ea9c63	UNREALIZABLE	0.9916163550005876	UNREALIZABLE	0.9294536470042658	UNREALIZABLE	0.947148697974626	UNREALIZABLE	0.9174702460004482	stable-unrealizable	
g-unreal-35.ltl	direct:tlsf/sweap:g-unreal	g-unreal	direct:tlsf/sweap/g-unreal-35.tlsf	none		{}	15	2	Mealy	Mealy	bff01658b486df239ee629b54937c6e2ad752ab29880ae6fa014d2000eb30564	UNREALIZABLE	1.0081056900016847	UNREALIZABLE	1.0684513810047065	UNREALIZABLE	1.084483125974657	UNREALIZABLE	1.0595295240054838	stable-unrealizable	
g-unreal-36.ltl	direct:tlsf/sweap:g-unreal	g-unreal	direct:tlsf/sweap/g-unreal-36.tlsf	none		{}	15	2	Mealy	Mealy	6362eed4645e6d8fb94ce05202d7e0235a40680d508427d1758bae7f5f4635c6	UNREALIZABLE	1.1187287650027429	UNREALIZABLE	1.1774141380010406	UNREALIZABLE	1.2346936379908584	UNREALIZABLE	1.2563705280190334	stable-unrealizable	
g-unreal-37.ltl	direct:tlsf/sweap:g-unreal	g-unreal	direct:tlsf/sweap/g-unreal-37.tlsf	none		{}	15	2	Mealy	Mealy	db46a20e6b7d7e2d97295ddc53b4d8b4312eb9280c9862229954e7f998cf8fb4	UNREALIZABLE	1.9515738779955427	UNREALIZABLE	1.9235743220051518	UNREALIZABLE	2.054515277995961	UNREALIZABLE	1.9180570040189195	stable-unrealizable	
g-unreal-38.ltl	direct:tlsf/sweap:g-unreal	g-unreal	direct:tlsf/sweap/g-unreal-38.tlsf	none		{}	18	2	Mealy	Mealy	e809a51353b09505938d26a096938db350790c1834d909935f1631136fc9de24	UNREALIZABLE	9.579494773999613	UNREALIZABLE	9.465193305004505	UNREALIZABLE	8.960606387001462	UNREALIZABLE	9.728264459990896	stable-unrealizable	
g-unreal-39.ltl	direct:tlsf/sweap:g-unreal	g-unreal	direct:tlsf/sweap/g-unreal-39.tlsf	none		{}	19	2	Mealy	Mealy	700bdfacb78a4ba11d53709c2701ab2835ac72656a53841841880e05bcae5987	UNREALIZABLE	11.532662343000993	UNREALIZABLE	11.437792987999273	UNREALIZABLE	11.828418670978863	UNREALIZABLE	11.895486491994234	stable-unrealizable	
generalized_buffer_pb_2_pe_.ltl	param:tlsf/generalized_buffer/parametric/generalized_buffer.tlsf	generalized_buffer	param:tlsf/generalized_buffer/parametric/generalized_buffer.tlsf:n=2	exact	n	"{""n"": 2}"	4	4	Mealy	Mealy	227086aae730af90c27f3868168f4bac5882cceca7e72db20eea5d25c5687cc5	REALIZABLE	0.03365803899941966	REALIZABLE	0.02149167100105842	REALIZABLE	0.022860268014483154	REALIZABLE	0.03498531098011881	stable-realizable	
generalized_buffer_pb_3_pe_.ltl	param:tlsf/generalized_buffer/parametric/generalized_buffer.tlsf	generalized_buffer	param:tlsf/generalized_buffer/parametric/generalized_buffer.tlsf:n=3	exact	n	"{""n"": 3}"	5	5	Mealy	Mealy	54a8c086a24f9c7ae7ace74956a4ed858363c8211ecba0e8c48393041fa3905c	REALIZABLE	0.027619189000688493	REALIZABLE	0.03284213699953398	REALIZABLE	0.024668365018442273	REALIZABLE	0.03247820198885165	stable-realizable	
generalized_buffer_pb_4_pe_.ltl	param:tlsf/generalized_buffer/parametric/generalized_buffer.tlsf	generalized_buffer	param:tlsf/generalized_buffer/parametric/generalized_buffer.tlsf:n=4	exact	n	"{""n"": 4}"	6	6	Mealy	Mealy	02f38e653aafe420bb08c9582e8bd771aca473b6f8ab91e36c02904272925cc5	REALIZABLE	0.1075575349968858	REALIZABLE	0.09455813000386115	REALIZABLE	0.12010632798774168	REALIZABLE	0.10072005799156614	stable-realizable	
generalized_buffer_pb_5_pe_.ltl	param:tlsf/generalized_buffer/parametric/generalized_buffer.tlsf	generalized_buffer	param:tlsf/generalized_buffer/parametric/generalized_buffer.tlsf:n=5	exact	n	"{""n"": 5}"	7	7	Mealy	Mealy	1084a92b16bf2a336043a9ad3eaf9f44feb659f9fa730ef6e09fc282deba8c84	REALIZABLE	1.5373485290037934	REALIZABLE	1.5845298630010802	REALIZABLE	1.7789007510000374	REALIZABLE	1.7617817799909972	stable-realizable	
generalized_buffer_pb_6_pe_.ltl	param:tlsf/generalized_buffer/parametric/generalized_buffer.tlsf	generalized_buffer	param:tlsf/generalized_buffer/parametric/generalized_buffer.tlsf:n=6	exact	n	"{""n"": 6}"	8	8	Mealy	Mealy	06ef957848670795ac324022c6efec9d8e67bc784697898c6fd0715ad772863b	TIMEOUT		TIMEOUT		TIMEOUT		TIMEOUT		stable-unsolved	
gf-real-real.ltl	direct:tlsf/sweap:gf-real-real	gf-real-real	direct:tlsf/sweap/gf-real-real.tlsf	none		{}	6	1	Mealy	Mealy	89470a7f8a6eb091dab8dafe6cda7da5215ef8aa072f69c23a7e46e2943816b2	REALIZABLE	0.02611377099674428	REALIZABLE	0.03872958300053142	REALIZABLE	0.0285463530162815	REALIZABLE	0.02796936800586991	stable-realizable	
gf-unreal0.ltl	direct:tlsf/sweap:gf-unreal	gf-unreal	direct:tlsf/sweap/gf-unreal0.tlsf	none		{}	3	0	Mealy	Mealy	a51e4b93d6c7d778810ad9a8fd2152b746a826b8bc41d975ec198ae8ebb94399	UNREALIZABLE	0.04002382600447163	UNREALIZABLE	0.028271371993469074	UNREALIZABLE	0.033816242998000234	UNREALIZABLE	0.021665559004759416	stable-unrealizable	
gf-unreal1.ltl	direct:tlsf/sweap:gf-unreal	gf-unreal	direct:tlsf/sweap/gf-unreal1.tlsf	none		{}	4	0	Mealy	Mealy	de597d347c4ed9a925a2d6162d5386ab09c7af7393e45d9c49eaa47b865cc294	UNREALIZABLE	0.019660427002236247	UNREALIZABLE	0.019355461998202372	UNREALIZABLE	0.030578722013160586	UNREALIZABLE	0.025174148991936818	stable-unrealizable	
gf-unreal10.ltl	direct:tlsf/sweap:gf-unreal	gf-unreal	direct:tlsf/sweap/gf-unreal10.tlsf	none		{}	7	0	Mealy	Mealy	6ed00edd154f783c2c6836638270e2602a7ff32b2594ff71a99078654663b4f5	UNREALIZABLE	0.01836226400337182	UNREALIZABLE	0.04223363799974322	UNREALIZABLE	0.04017609701259062	UNREALIZABLE	0.03855426501831971	stable-unrealizable	
gf-unreal11.ltl	direct:tlsf/sweap:gf-unreal	gf-unreal	direct:tlsf/sweap/gf-unreal11.tlsf	none		{}	7	0	Mealy	Mealy	e17d9ccc3d1a852b4d7bb04b461ee53da91e0e9f8f1449815f8715cbe96eeb13	UNREALIZABLE	0.019856144004734233	UNREALIZABLE	0.019846383002004586	UNREALIZABLE	0.023010589997284114	UNREALIZABLE	0.018700924003496766	stable-unrealizable	
gf-unreal12.ltl	direct:tlsf/sweap:gf-unreal	gf-unreal	direct:tlsf/sweap/gf-unreal12.tlsf	none		{}	7	0	Mealy	Mealy	1fb8f5d050295361a71beeca99426436b7185cbe56416acc955326ad7f2fe1ff	UNREALIZABLE	0.0283901849979884	UNREALIZABLE	0.018266043996845838	UNREALIZABLE	0.02480999700492248	UNREALIZABLE	0.03516274198773317	stable-unrealizable	
gf-unreal13.ltl	direct:tlsf/sweap:gf-unreal	gf-unreal	direct:tlsf/sweap/gf-unreal13.tlsf	none		{}	7	0	Mealy	Mealy	3c2baef0f7b432849ae440daa905e796c59386a7e987ca2c9fced3252319071f	UNREALIZABLE	0.033423790002416354	UNREALIZABLE	0.03654266400189954	UNREALIZABLE	0.02846043699537404	UNREALIZABLE	0.04815124601009302	stable-unrealizable	
gf-unreal14.ltl	direct:tlsf/sweap:gf-unreal	gf-unreal	direct:tlsf/sweap/gf-unreal14.tlsf	none		{}	7	0	Mealy	Mealy	b43d8cc11502454843608348dba778d984f52fdaaaa410a08e7be18d2c9f6b67	UNREALIZABLE	0.025670760005596094	UNREALIZABLE	0.021365239001170266	UNREALIZABLE	0.026407354016555473	UNREALIZABLE	0.029007600009208545	stable-unrealizable	
gf-unreal15.ltl	direct:tlsf/sweap:gf-unreal	gf-unreal	direct:tlsf/sweap/gf-unreal15.tlsf	none		{}	7	0	Mealy	Mealy	20a0a00d039341ae4af55f28dfd543f1bc63b91ce1b4d5c0cb0dd9328dc4b2a4	UNREALIZABLE	0.023406182997860014	UNREALIZABLE	0.02228263200231595	UNREALIZABLE	0.01859078000416048	UNREALIZABLE	0.02760820699040778	stable-unrealizable	
gf-unreal16.ltl	direct:tlsf/sweap:gf-unreal	gf-unreal	direct:tlsf/sweap/gf-unreal16.tlsf	none		{}	8	0	Mealy	Mealy	f549157884911a364aa440b2910d5039115fa4b5e0701aba3bd45d8e7aa8a3bb	UNREALIZABLE	0.03367506599170156	UNREALIZABLE	0.03789060299459379	UNREALIZABLE	0.03349323000293225	UNREALIZABLE	0.019900368992239237	stable-unrealizable	
gf-unreal17.ltl	direct:tlsf/sweap:gf-unreal	gf-unreal	direct:tlsf/sweap/gf-unreal17.tlsf	none		{}	8	0	Mealy	Mealy	6e21f3feef50b2e17fa56cccb2199cfd61a70446ea30095dde27ab256612337f	UNREALIZABLE	0.030541198000719305	UNREALIZABLE	0.024204545999964466	UNREALIZABLE	0.027292240993119776	UNREALIZABLE	0.024356056994292885	stable-unrealizable	
gf-unreal18.ltl	direct:tlsf/sweap:gf-unreal	gf-unreal	direct:tlsf/sweap/gf-unreal18.tlsf	none		{}	8	0	Mealy	Mealy	7e0ab08d2857bc7abe56e719e96814f1b07adbc0c327da274bfd79e649027afc	UNREALIZABLE	0.029931716999271885	UNREALIZABLE	0.040159823998692445	UNREALIZABLE	0.04408629398676567	UNREALIZABLE	0.027654280012939125	stable-unrealizable	
gf-unreal19.ltl	direct:tlsf/sweap:gf-unreal	gf-unreal	direct:tlsf/sweap/gf-unreal19.tlsf	none		{}	8	0	Mealy	Mealy	a48e4bdcdc94fe5ac15afefcdac317a710974dd91a07664d6301f9d0ad4d15ba	UNREALIZABLE	0.031308698002249	UNREALIZABLE	0.027543725998839363	UNREALIZABLE	0.02206450601806864	UNREALIZABLE	0.02775434497743845	stable-unrealizable	
gf-unreal2.ltl	direct:tlsf/sweap:gf-unreal	gf-unreal	direct:tlsf/sweap/gf-unreal2.tlsf	none		{}	5	0	Mealy	Mealy	3a958331b7be3855e5522ef1f4569a644b2701f3153f3bf4cf550153ff9e93e6	UNREALIZABLE	0.02090319299895782	UNREALIZABLE	0.025474670008406974	UNREALIZABLE	0.02704508200986311	UNREALIZABLE	0.028341213008388877	stable-unrealizable	
gf-unreal20.ltl	direct:tlsf/sweap:gf-unreal	gf-unreal	direct:tlsf/sweap/gf-unreal20.tlsf	none		{}	8	0	Mealy	Mealy	226e489ba6263ad5f55c6c55f62c3233791efbb890a620a914a692467e71573c	UNREALIZABLE	0.02319223300582962	UNREALIZABLE	0.027041644003475085	UNREALIZABLE	0.02575636698747985	UNREALIZABLE	0.02806101000169292	stable-unrealizable	
gf-unreal21.ltl	direct:tlsf/sweap:gf-unreal	gf-unreal	direct:tlsf/sweap/gf-unreal21.tlsf	none		{}	8	0	Mealy	Mealy	a0197b7a581ae570e92501e59f64687fec8e1e4f575439a25ca1bdc18902191d	UNREALIZABLE	0.04077004700047837	UNREALIZABLE	0.027563501999793516	UNREALIZABLE	0.042286103998776525	UNREALIZABLE	0.02122766201500781	stable-unrealizable	
gf-unreal22.ltl	direct:tlsf/sweap:gf-unreal	gf-unreal	direct:tlsf/sweap/gf-unreal22.tlsf	none		{}	8	0	Mealy	Mealy	df70c246a7793af5bc3fcaa12c6c3433277ad3e278f222409a05381f523c8650	UNREALIZABLE	0.05302656500134617	UNREALIZABLE	0.0349501529999543	UNREALIZABLE	0.035182584018912166	UNREALIZABLE	0.03766154500772245	stable-unrealizable	
gf-unreal23.ltl	direct:tlsf/sweap:gf-unreal	gf-unreal	direct:tlsf/sweap/gf-unreal23.tlsf	none		{}	8	0	Mealy	Mealy	8678fdb7021e54c5326f226640f3dc8cbe5bd72d67cd8e092685df05e99c1057	UNREALIZABLE	0.039618009999685455	UNREALIZABLE	0.0321140390005894	UNREALIZABLE	0.04092288200627081	UNREALIZABLE	0.02448827400803566	stable-unrealizable	
gf-unreal24.ltl	direct:tlsf/sweap:gf-unreal	gf-unreal	direct:tlsf/sweap/gf-unreal24.tlsf	none		{}	8	0	Mealy	Mealy	8cc083915e031e6de8d52c896071de46f9125c36d400d45681ef4ccc25de5c78	UNREALIZABLE	0.03892742899915902	UNREALIZABLE	0.04419862599752378	UNREALIZABLE	0.0407563500048127	UNREALIZABLE	0.03818321699509397	stable-unrealizable	
gf-unreal25.ltl	direct:tlsf/sweap:gf-unreal	gf-unreal	direct:tlsf/sweap/gf-unreal25.tlsf	none		{}	8	0	Mealy	Mealy	e3b91e694c524ee4618052e285138aff3f8906626302a657c138e0deba59e385	UNREALIZABLE	0.04684382299456047	UNREALIZABLE	0.03413791699858848	UNREALIZABLE	0.035445820016320795	UNREALIZABLE	0.03699483201489784	stable-unrealizable	
gf-unreal26.ltl	direct:tlsf/sweap:gf-unreal	gf-unreal	direct:tlsf/sweap/gf-unreal26.tlsf	none		{}	8	0	Mealy	Mealy	1ccfef1a710ee09a08942ded64a1cff139cd5cfa5549003db869f75a24595e24	UNREALIZABLE	0.02920099499897333	UNREALIZABLE	0.023102888000721578	UNREALIZABLE	0.03492976797861047	UNREALIZABLE	0.035079746012343094	stable-unrealizable	
gf-unreal27.ltl	direct:tlsf/sweap:gf-unreal	gf-unreal	direct:tlsf/sweap/gf-unreal27.tlsf	none		{}	8	0	Mealy	Mealy	4008769ea1d41134e3bb7575214fb716bf4b8aeed87708291aa4acf9fefcba39	UNREALIZABLE	0.023478813000110677	UNREALIZABLE	0.0300854220004112	UNREALIZABLE	0.03785576001973823	UNREALIZABLE	0.03510718300822191	stable-unrealizable	
gf-unreal28.ltl	direct:tlsf/sweap:gf-unreal	gf-unreal	direct:tlsf/sweap/gf-unreal28.tlsf	none		{}	8	0	Mealy	Mealy	449976ff69654565dfde1b07f90c27dddc222a511f145fbb0e3432ca4ca5850d	UNREALIZABLE	0.05280139899969072	UNREALIZABLE	0.02777257199977612	UNREALIZABLE	0.044530904007842764	UNREALIZABLE	0.02821676598978229	stable-unrealizable	
gf-unreal29.ltl	direct:tlsf/sweap:gf-unreal	gf-unreal	direct:tlsf/sweap/gf-unreal29.tlsf	none		{}	8	0	Mealy	Mealy	6ca493a2b055c0532cf9041bd74f0edb97b7cf1cd990318ce0a9158f31473b61	UNREALIZABLE	0.049559867999050766	UNREALIZABLE	0.044607711999560706	UNREALIZABLE	0.04591015900950879	UNREALIZABLE	0.02407823401154019	stable-unrealizable	
gf-unreal3.ltl	direct:tlsf/sweap:gf-unreal	gf-unreal	direct:tlsf/sweap/gf-unreal3.tlsf	none		{}	5	0	Mealy	Mealy	f0980296a59a4ff9ea93d8945d670efd74776c283fbf2bcfd8abde588e925dbe	UNREALIZABLE	0.034304982000321615	UNREALIZABLE	0.024743243999182596	UNREALIZABLE	0.019061336992308497	UNREALIZABLE	0.017616190016269684	stable-unrealizable	
gf-unreal30.ltl	direct:tlsf/sweap:gf-unreal	gf-unreal	direct:tlsf/sweap/gf-unreal30.tlsf	none		{}	8	0	Mealy	Mealy	4d6f9b5f39dd0007c6bd22b100920faaec68e3fb366b58ce3634b8b5899cdb58	UNREALIZABLE	0.04849979899881873	UNREALIZABLE	0.04435061098774895	UNREALIZABLE	0.03586938601802103	UNREALIZABLE	0.04174140599207021	stable-unrealizable	
gf-unreal31.ltl	direct:tlsf/sweap:gf-unreal	gf-unreal	direct:tlsf/sweap/gf-unreal31.tlsf	none		{}	8	0	Mealy	Mealy	2d2b5fa15bfd2f914ebfd54c084108b93497a20fdc1e7cad4cf18404123f0629	UNREALIZABLE	0.04940175299998373	UNREALIZABLE	0.02604928799701156	UNREALIZABLE	0.04948026899364777	UNREALIZABLE	0.042629392992239445	stable-unrealizable	
gf-unreal32.ltl	direct:tlsf/sweap:gf-unreal	gf-unreal	direct:tlsf/sweap/gf-unreal32.tlsf	none		{}	9	0	Mealy	Mealy	0fa58c52800f6e11cd6d20b12b9e40b4f8e3b0ff901a1154e069a726a73194cf	UNREALIZABLE	0.027303370006848127	UNREALIZABLE	0.04056212300201878	UNREALIZABLE	0.026038473995868117	UNREALIZABLE	0.029886547999922186	stable-unrealizable	
gf-unreal33.ltl	direct:tlsf/sweap:gf-unreal	gf-unreal	direct:tlsf/sweap/gf-unreal33.tlsf	none		{}	9	0	Mealy	Mealy	2e33b8740f252717a96b189fb78d214faa4713686fa8b7380227ffa32300e81d	UNREALIZABLE	0.0247500969999237	UNREALIZABLE	0.0506855049970909	UNREALIZABLE	0.05523442800040357	UNREALIZABLE	0.0504980810219422	stable-unrealizable	
gf-unreal34.ltl	direct:tlsf/sweap:gf-unreal	gf-unreal	direct:tlsf/sweap/gf-unreal34.tlsf	none		{}	9	0	Mealy	Mealy	2ab72ef309de8deac54f96647403ea6708db40375c7ad357af3a073b55d51df2	UNREALIZABLE	0.04548828100087121	UNREALIZABLE	0.03743736199976411	UNREALIZABLE	0.03152313700411469	UNREALIZABLE	0.039691300014965236	stable-unrealizable	
gf-unreal35.ltl	direct:tlsf/sweap:gf-unreal	gf-unreal	direct:tlsf/sweap/gf-unreal35.tlsf	none		{}	9	0	Mealy	Mealy	e85eef494fc95121ac94a99dc43fe1e0364fe649c62c15f8300d5430a8ae1000	UNREALIZABLE	0.026165164999838453	UNREALIZABLE	0.03671747499902267	UNREALIZABLE	0.040863601985620335	UNREALIZABLE	0.03610105998814106	stable-unrealizable	
gf-unreal36.ltl	direct:tlsf/sweap:gf-unreal	gf-unreal	direct:tlsf/sweap/gf-unreal36.tlsf	none		{}	9	0	Mealy	Mealy	89b38caa70903ce91ae8169e075864cc6a297f1ec41fcc1a6d108d1addca82ee	UNREALIZABLE	0.0422323780003353	UNREALIZABLE	0.025090887997066602	UNREALIZABLE	0.041284920007456094	UNREALIZABLE	0.044940071005839854	stable-unrealizable	
gf-unreal37.ltl	direct:tlsf/sweap:gf-unreal	gf-unreal	direct:tlsf/sweap/gf-unreal37.tlsf	none		{}	9	0	Mealy	Mealy	61724869bb98b0f8867e8b1843742c423c003924ad177d1e4e9ab221e1e1df00	UNREALIZABLE	0.030122521005978342	UNREALIZABLE	0.055943045001185965	UNREALIZABLE	0.04912045900709927	UNREALIZABLE	0.04039141599787399	stable-unrealizable	
gf-unreal38.ltl	direct:tlsf/sweap:gf-unreal	gf-unreal	direct:tlsf/sweap/gf-unreal38.tlsf	none		{}	9	0	Mealy	Mealy	d9572f13f43998dbfec0ae148b76e05c4285abe269b8f005b913c59f1c27a0ff	UNREALIZABLE	0.05149958299443824	UNREALIZABLE	0.026357352995546535	UNREALIZABLE	0.04890881400206126	UNREALIZABLE	0.04617434000829235	stable-unrealizable	
gf-unreal39.ltl	direct:tlsf/sweap:gf-unreal	gf-unreal	direct:tlsf/sweap/gf-unreal39.tlsf	none		{}	9	0	Mealy	Mealy	d81afb2f40a9be82e94a01e3a4c5db3da5a0358d5ed0549a9bfb160568f09654	UNREALIZABLE	0.03932118599914247	UNREALIZABLE	0.038495748998684576	UNREALIZABLE	0.046833254978992045	UNREALIZABLE	0.04530131898354739	stable-unrealizable	
gf-unreal4.ltl	direct:tlsf/sweap:gf-unreal	gf-unreal	direct:tlsf/sweap/gf-unreal4.tlsf	none		{}	6	0	Mealy	Mealy	5a0dd367b74a3db781d9844c47b383dcd75618d5c4461742c0079ba5b0127958	UNREALIZABLE	0.032847936992766336	UNREALIZABLE	0.030906448009773158	UNREALIZABLE	0.03718592700897716	UNREALIZABLE	0.03285674599464983	stable-unrealizable	
gf-unreal40.ltl	direct:tlsf/sweap:gf-unreal	gf-unreal	direct:tlsf/sweap/gf-unreal40.tlsf	none		{}	9	0	Mealy	Mealy	b4243a6c43d2f91dde641368f31d657084b375c5f56c242be138ec25f4548443	UNREALIZABLE	0.039394931998685934	UNREALIZABLE	0.03732480899998336	UNREALIZABLE	0.04360075999284163	UNREALIZABLE	0.04305143098463304	stable-unrealizable	
gf-unreal41.ltl	direct:tlsf/sweap:gf-unreal	gf-unreal	direct:tlsf/sweap/gf-unreal41.tlsf	none		{}	9	0	Mealy	Mealy	8711104990324cc5c4d712e07f006d9c90b7fd7993c1683cdf8f646b55e02e47	UNREALIZABLE	0.029721688999416074	UNREALIZABLE	0.02794366799935233	UNREALIZABLE	0.02987106901127845	UNREALIZABLE	0.02941058500437066	stable-unrealizable	
gf-unreal42.ltl	direct:tlsf/sweap:gf-unreal	gf-unreal	direct:tlsf/sweap/gf-unreal42.tlsf	none		{}	9	0	Mealy	Mealy	9870f8d4bb7844e1815c228e843b032af72423c4a688cc746f99974f7c649dff	UNREALIZABLE	0.04294281000329647	UNREALIZABLE	0.05155320001358632	UNREALIZABLE	0.04904490799526684	UNREALIZABLE	0.04159541701665148	stable-unrealizable	
gf-unreal43.ltl	direct:tlsf/sweap:gf-unreal	gf-unreal	direct:tlsf/sweap/gf-unreal43.tlsf	none		{}	9	0	Mealy	Mealy	48a10cb3da2f8f56284fc788abc62b7809058caf14f3e1a2fe9b8e3cbf975564	UNREALIZABLE	0.052485664004052524	UNREALIZABLE	0.03998439399583731	UNREALIZABLE	0.04885211700457148	UNREALIZABLE	0.04817758500576019	stable-unrealizable	
gf-unreal44.ltl	direct:tlsf/sweap:gf-unreal	gf-unreal	direct:tlsf/sweap/gf-unreal44.tlsf	none		{}	9	0	Mealy	Mealy	1c357b7d0a348df559c972c01af40adb287039d54d6f30ffae190be29c0cd74d	UNREALIZABLE	0.04221911200147588	UNREALIZABLE	0.04510186099651037	UNREALIZABLE	0.05059646800509654	UNREALIZABLE	0.02794975199503824	stable-unrealizable	
gf-unreal45.ltl	direct:tlsf/sweap:gf-unreal	gf-unreal	direct:tlsf/sweap/gf-unreal45.tlsf	none		{}	9	0	Mealy	Mealy	28b677caae170f9e94a4ff8d1db7ac539c3ca5122270db87d9dd8e230c019118	UNREALIZABLE	0.05141886499768589	UNREALIZABLE	0.049293046999082435	UNREALIZABLE	0.028507912007626146	UNREALIZABLE	0.028230745025211945	stable-unrealizable	
gf-unreal46.ltl	direct:tlsf/sweap:gf-unreal	gf-unreal	direct:tlsf/sweap/gf-unreal46.tlsf	none		{}	9	0	Mealy	Mealy	de66dd8ac3364397cc0f9839490704e78baf5ee8265ef7bd40736f432fa95866	UNREALIZABLE	0.04721783100103494	UNREALIZABLE	0.03817002900177613	UNREALIZABLE	0.039184454013593495	UNREALIZABLE	0.031240846001310274	stable-unrealizable	
gf-unreal47.ltl	direct:tlsf/sweap:gf-unreal	gf-unreal	direct:tlsf/sweap/gf-unreal47.tlsf	none		{}	9	0	Mealy	Mealy	9ca4a51822d0468e1fa9de3a3550c18ddb67f384bcad7f16284be2467fa509b2	UNREALIZABLE	0.04914724899936118	UNREALIZABLE	0.038843303998874035	UNREALIZABLE	0.050263790995813906	UNREALIZABLE	0.049623084982158616	stable-unrealizable	
gf-unreal5.ltl	direct:tlsf/sweap:gf-unreal	gf-unreal	direct:tlsf/sweap/gf-unreal5.tlsf	none		{}	6	0	Mealy	Mealy	2aba60256c16e886de9027dca6a941f8836637e216de5f55c0aa8cfc1db3e3e5	UNREALIZABLE	0.029942619999928866	UNREALIZABLE	0.03631380600199918	UNREALIZABLE	0.027980334998574108	UNREALIZABLE	0.02804732898948714	stable-unrealizable	
gf-unreal6.ltl	direct:tlsf/sweap:gf-unreal	gf-unreal	direct:tlsf/sweap/gf-unreal6.tlsf	none		{}	6	0	Mealy	Mealy	9a539516185784e790ab13e38e6f0b4797a93f43df695576dfe93b0231a664bc	UNREALIZABLE	0.026702340997871943	UNREALIZABLE	0.02149543999985326	UNREALIZABLE	0.02739576800377108	UNREALIZABLE	0.03838989598443732	stable-unrealizable	
gf-unreal7.ltl	direct:tlsf/sweap:gf-unreal	gf-unreal	direct:tlsf/sweap/gf-unreal7.tlsf	none		{}	6	0	Mealy	Mealy	56eae937ddd0743cf8085dd6d0f25a5dffe4abb312f9cc767958a0fb2ed87229	UNREALIZABLE	0.024826890003168955	UNREALIZABLE	0.023819367001124192	UNREALIZABLE	0.03568903999985196	UNREALIZABLE	0.027450285997474566	stable-unrealizable	
gf-unreal8.ltl	direct:tlsf/sweap:gf-unreal	gf-unreal	direct:tlsf/sweap/gf-unreal8.tlsf	none		{}	7	0	Mealy	Mealy	19680521499e94bde567fe941903e0c01179cc082879ae18566e35db625f85f6	UNREALIZABLE	0.023696370000834577	UNREALIZABLE	0.023534645999461645	UNREALIZABLE	0.022581194003578275	UNREALIZABLE	0.03181761997984722	stable-unrealizable	
gf-unreal9.ltl	direct:tlsf/sweap:gf-unreal	gf-unreal	direct:tlsf/sweap/gf-unreal9.tlsf	none		{}	7	0	Mealy	Mealy	453367e15a81dccc3c8ae3f3672649e94122f1a62639c6b10a67172dab7d20b0	UNREALIZABLE	0.033794566999858944	UNREALIZABLE	0.0348474910006189	UNREALIZABLE	0.021503915020730346	UNREALIZABLE	0.01838492797105573	stable-unrealizable	
heim-buechi-real.ltl	direct:tlsf/sweap:heim-buechi-real	heim-buechi-real	direct:tlsf/sweap/heim-buechi-real.tlsf	none		{}	14	1	Mealy	Mealy	c2381c8d583d42913c1caee685c753df355d02f0cb9909a706ad77561ab2a9b2	REALIZABLE	2.1779564390017185	REALIZABLE	2.027724557003239	REALIZABLE	2.2179508469998837	REALIZABLE	2.080538020003587	stable-realizable	
heim-double-x-real.ltl	direct:tlsf/sweap:heim-double-x-real	heim-double-x-real	direct:tlsf/sweap/heim-double-x-real.tlsf	none		{}	14	1	Mealy	Mealy	e5f062deec6563a936ef521f3b553e06c39a7c4d782c47859dc1074a74ae039e	TIMEOUT		REALIZABLE	0.4190047179981775	TIMEOUT		REALIZABLE	0.43431156501173973	s-solved-b-not	
heim-double-x0.ltl	direct:tlsf/sweap:heim-double-x	heim-double-x	direct:tlsf/sweap/heim-double-x0.tlsf	none		{}	10	1	Mealy	Mealy	c13c568633e0c2969c34dc71a11c695c44311fd2fefcb4cdfc0bc65d54976aa4	UNREALIZABLE	0.0479667170002358	UNREALIZABLE	0.0543648460006807	UNREALIZABLE	0.04649921800591983	UNREALIZABLE	0.054539025004487485	stable-unrealizable	
heim-double-x1.ltl	direct:tlsf/sweap:heim-double-x	heim-double-x	direct:tlsf/sweap/heim-double-x1.tlsf	none		{}	11	1	Mealy	Mealy	cce2ceb557f6c6d6884699cae2bf9d51227fc29c8e5d09074260f2125c76378e	UNREALIZABLE	0.06027518500923179	UNREALIZABLE	0.05370412999764085	UNREALIZABLE	0.062389272992732	UNREALIZABLE	0.05450070701772347	stable-unrealizable	
heim-double-x10.ltl	direct:tlsf/sweap:heim-double-x	heim-double-x	direct:tlsf/sweap/heim-double-x10.tlsf	none		{}	14	1	Mealy	Mealy	02e6e0dc374911231df1635b70770346384a60fde506d88f2ab4ae52a7a9f750	UNREALIZABLE	2.303143172000091	UNREALIZABLE	2.560024015999261	UNREALIZABLE	2.385557810019236	UNREALIZABLE	2.3939663729979657	stable-unrealizable	
heim-double-x11.ltl	direct:tlsf/sweap:heim-double-x	heim-double-x	direct:tlsf/sweap/heim-double-x11.tlsf	none		{}	14	1	Mealy	Mealy	0de1dfa772de4867617b4011f7b77a6901d8c565e23a2b9340be2bc51a554727	UNREALIZABLE	2.796210495000196	UNREALIZABLE	3.115230671000063	UNREALIZABLE	2.6702246890054084	UNREALIZABLE	2.605608767014928	stable-unrealizable	
heim-double-x12.ltl	direct:tlsf/sweap:heim-double-x	heim-double-x	direct:tlsf/sweap/heim-double-x12.tlsf	none		{}	14	1	Mealy	Mealy	cf407d66ab1841d9badf90ce6720bdeafbe150b90cd475b3a621881544cd73c0	UNREALIZABLE	4.649451242003124	UNREALIZABLE	4.60290550100035	UNREALIZABLE	4.652632383018499	UNREALIZABLE	4.759593477996532	stable-unrealizable	
heim-double-x13.ltl	direct:tlsf/sweap:heim-double-x	heim-double-x	direct:tlsf/sweap/heim-double-x13.tlsf	none		{}	14	1	Mealy	Mealy	daa214258fcb4e623bd6008f73b2f8ecde3e88427c55d94f2d42790dc7cfac35	UNREALIZABLE	5.259501654996711	UNREALIZABLE	5.3607696130056866	UNREALIZABLE	5.376288625004236	UNREALIZABLE	5.4018338980094995	stable-unrealizable	
heim-double-x2.ltl	direct:tlsf/sweap:heim-double-x	heim-double-x	direct:tlsf/sweap/heim-double-x2.tlsf	none		{}	11	1	Mealy	Mealy	311408c8a375acc5ea2390ca83c7802fc0e0ee6cc562e936f648b0a23db0a5a0	UNREALIZABLE	0.07055273099831538	UNREALIZABLE	0.07380048500635894	UNREALIZABLE	0.06737403801525943	UNREALIZABLE	0.06274948400096036	stable-unrealizable	
heim-double-x3.ltl	direct:tlsf/sweap:heim-double-x	heim-double-x	direct:tlsf/sweap/heim-double-x3.tlsf	none		{}	11	1	Mealy	Mealy	55daf89f55a223e75051d4b3f11eb930299916be054aec329662e13f40f75bc0	UNREALIZABLE	0.12694570299936458	UNREALIZABLE	0.1310174179961905	UNREALIZABLE	0.13520071297534741	UNREALIZABLE	0.13222232199041173	stable-unrealizable	
heim-double-x4.ltl	direct:tlsf/sweap:heim-double-x	heim-double-x	direct:tlsf/sweap/heim-double-x4.tlsf	none		{}	12	1	Mealy	Mealy	17dd5db49f67ddb95781dfd75613dd5bf5708883d32101e72d031d8f6bf7c95a	UNREALIZABLE	0.2650309139935416	UNREALIZABLE	0.2775726130021212	UNREALIZABLE	0.2620118630002253	UNREALIZABLE	0.25946683599613607	stable-unrealizable	
heim-double-x5.ltl	direct:tlsf/sweap:heim-double-x	heim-double-x	direct:tlsf/sweap/heim-double-x5.tlsf	none		{}	12	1	Mealy	Mealy	678a1bf6f4d7b6b624ea90330056c3c15d9b809d6b303f38037403d5b0a19f21	UNREALIZABLE	0.2789873730071122	UNREALIZABLE	0.27776830100629013	UNREALIZABLE	0.30869788498966955	UNREALIZABLE	0.2987646280089393	stable-unrealizable	
heim-double-x6.ltl	direct:tlsf/sweap:heim-double-x	heim-double-x	direct:tlsf/sweap/heim-double-x6.tlsf	none		{}	12	1	Mealy	Mealy	2b6b1bd06aba03eb5e58f82505c5794ce54b715a35d4550792217ee12ff743f1	UNREALIZABLE	0.35601765000319574	UNREALIZABLE	0.3584081020017038	UNREALIZABLE	0.36792819600668736	UNREALIZABLE	0.3526959639857523	stable-unrealizable	
heim-double-x7.ltl	direct:tlsf/sweap:heim-double-x	heim-double-x	direct:tlsf/sweap/heim-double-x7.tlsf	none		{}	12	1	Mealy	Mealy	d87e046d8d4556c7c1a2e59ebc08e05f316901b3dee95882309ee470c7d04843	UNREALIZABLE	0.4089042729974608	UNREALIZABLE	0.39193695099675097	UNREALIZABLE	0.4002040199993644	UNREALIZABLE	0.41769062299863435	stable-unrealizable	
heim-double-x8.ltl	direct:tlsf/sweap:heim-double-x	heim-double-x	direct:tlsf/sweap/heim-double-x8.tlsf	none		{}	13	1	Mealy	Mealy	268ddfae50e8dc49093f5475b591d40fc65aa303b3a25d9c11b2ce52fe87d273	UNREALIZABLE	1.0487143740028841	UNREALIZABLE	1.0681650150072528	UNREALIZABLE	1.094826179993106	UNREALIZABLE	1.1419331099896226	stable-unrealizable	
heim-double-x9.ltl	direct:tlsf/sweap:heim-double-x	heim-double-x	direct:tlsf/sweap/heim-double-x9.tlsf	none		{}	14	1	Mealy	Mealy	0a7d44c029823d16a2a988a2f2175458ad8f9755ae5869e0d0cee72d054058cb	UNREALIZABLE	1.991671914998733	UNREALIZABLE	2.1265687869963585	UNREALIZABLE	2.1799380139855202	UNREALIZABLE	2.121673669986194	stable-unrealizable	
heim-fig7-unreal.ltl	direct:tlsf/sweap:heim-fig7-unreal	heim-fig7-unreal	direct:tlsf/sweap/heim-fig7-unreal.tlsf	none		{}	9	2	Mealy	Mealy	fe73e8a2615364e87e16c4a8b15db7f00bcc5e443d87c279972aa1a6a6ffee56	UNREALIZABLE	0.04318481199879898	UNREALIZABLE	0.042113406998396385	UNREALIZABLE	0.03972420099307783	UNREALIZABLE	0.04258538901922293	stable-unrealizable	
helipad-contradict0.ltl	direct:tlsf/sweap:helipad-contradict	helipad-contradict	direct:tlsf/sweap/helipad-contradict0.tlsf	none		{}	18	5	Mealy	Mealy	a87157ba7be0e38d3a069518a8dcaf7800035a4722de7ea151ec179c344d7c16	UNREALIZABLE	43.01521692199458	UNREALIZABLE	43.17194473200652	TIMEOUT		TIMEOUT		stable-unrealizable	
helipad-contradict1.ltl	direct:tlsf/sweap:helipad-contradict	helipad-contradict	direct:tlsf/sweap/helipad-contradict1.tlsf	none		{}	22	5	Mealy	Mealy	305cfef6f9106c39d81baecafc5d201ca0572c5a1e92c97c1cd85fe508ef5e85	TIMEOUT		TIMEOUT		TIMEOUT		TIMEOUT		stable-unsolved	
helipad-real.ltl	direct:tlsf/sweap:helipad-real	helipad-real	direct:tlsf/sweap/helipad-real.tlsf	none		{}	18	5	Mealy	Mealy	1acd67e99958e3380ab26c3751dfd45f6c47de99e742c04dd350a2837733c9f9	TIMEOUT		TIMEOUT		TIMEOUT		TIMEOUT		stable-unsolved	
infinite-race-real.ltl	direct:tlsf/sweap:infinite-race-real	infinite-race-real	direct:tlsf/sweap/infinite-race-real.tlsf	none		{}	5	1	Mealy	Mealy	63e7e2f49e26aa74b5692efd959d9ec88bc6267c3aa4dbfdbd93f2ac475e686a	REALIZABLE	0.023457098001017584	REALIZABLE	0.023473379000279238	REALIZABLE	0.036263257992686704	REALIZABLE	0.024449399003060535	stable-realizable	
infinite-race-u0.ltl	direct:tlsf/sweap:infinite-race-u	infinite-race-u	direct:tlsf/sweap/infinite-race-u0.tlsf	none		{}	5	1	Mealy	Mealy	a0ccfa32d80f330e93ec3c1fa6a749cc50f5ac334ec71cbd3abee3b86bbe8aba	UNREALIZABLE	0.034393843001453206	UNREALIZABLE	0.02306594600668177	UNREALIZABLE	0.04495621100068092	UNREALIZABLE	0.03836130601121113	stable-unrealizable	
infinite-race-u1.ltl	direct:tlsf/sweap:infinite-race-u	infinite-race-u	direct:tlsf/sweap/infinite-race-u1.tlsf	none		{}	6	1	Mealy	Mealy	852910edda70daff8e6bf31453102147743e7dab34c40d052757defb5e2c8b97	UNREALIZABLE	0.026267822000590968	UNREALIZABLE	0.02854019000005792	UNREALIZABLE	0.03973162200418301	UNREALIZABLE	0.04104057600488886	stable-unrealizable	
infinite-race-u10.ltl	direct:tlsf/sweap:infinite-race-u	infinite-race-u	direct:tlsf/sweap/infinite-race-u10.tlsf	none		{}	15	1	Mealy	Mealy	b600997ea4667bcd905f9ad07c3a10b2fb32470e1d944a7e50b36111257cee63	UNREALIZABLE	10.32055559500077	UNREALIZABLE	10.90611862300284	UNREALIZABLE	10.669032343983417	UNREALIZABLE	10.651543307001702	stable-unrealizable	
infinite-race-u11.ltl	direct:tlsf/sweap:infinite-race-u	infinite-race-u	direct:tlsf/sweap/infinite-race-u11.tlsf	none		{}	15	1	Mealy	Mealy	7b3f84ced15ba011ee15d46f3aea78bef82769a5b8463de81a463955c927a2c6	UNREALIZABLE	14.491185342994868	UNREALIZABLE	13.857218827004544	UNREALIZABLE	13.763141650997568	UNREALIZABLE	14.15584841297823	stable-unrealizable	
infinite-race-u12.ltl	direct:tlsf/sweap:infinite-race-u	infinite-race-u	direct:tlsf/sweap/infinite-race-u12.tlsf	none		{}	15	1	Mealy	Mealy	8c97615a2e72159040e67e257904221984f98b7deb701eea4093891b11d4c14c	UNREALIZABLE	40.22166021400335	UNREALIZABLE	42.702534209995065	TIMEOUT		TIMEOUT		stable-unrealizable	
infinite-race-u13.ltl	direct:tlsf/sweap:infinite-race-u	infinite-race-u	direct:tlsf/sweap/infinite-race-u13.tlsf	none		{}	15	1	Mealy	Mealy	5c08e52581330b63fc3e7ca37b4ee0c3a7f954c7009b833f36c9ff9089d91b1f	UNREALIZABLE	40.492428426001425	UNREALIZABLE	43.784604206997756	TIMEOUT		TIMEOUT		stable-unrealizable	
infinite-race-u14.ltl	direct:tlsf/sweap:infinite-race-u	infinite-race-u	direct:tlsf/sweap/infinite-race-u14.tlsf	none		{}	15	1	Mealy	Mealy	9295d2b8a1755116e6ac88842b6c32e4f5424634787a4738a9725e7a8846adc7	UNREALIZABLE	51.886856600998726	UNREALIZABLE	51.13646179300122	TIMEOUT		TIMEOUT		stable-unrealizable	
infinite-race-u15.ltl	direct:tlsf/sweap:infinite-race-u	infinite-race-u	direct:tlsf/sweap/infinite-race-u15.tlsf	none		{}	15	1	Mealy	Mealy	979c4010d5b4d6867a76873556e5d64edad24293dae8e8cb2e5e255fbc8e53e1	TIMEOUT		MEMOUT		TIMEOUT		TIMEOUT		stable-unsolved	
infinite-race-u16.ltl	direct:tlsf/sweap:infinite-race-u	infinite-race-u	direct:tlsf/sweap/infinite-race-u16.tlsf	none		{}	16	1	Mealy	Mealy	5eb48aaf267aff287d0df5f10ca348f3459e976b55da268774d7873d8207d0b2	TIMEOUT		MEMOUT		TIMEOUT		TIMEOUT		stable-unsolved	
infinite-race-u17.ltl	direct:tlsf/sweap:infinite-race-u	infinite-race-u	direct:tlsf/sweap/infinite-race-u17.tlsf	none		{}	16	1	Mealy	Mealy	41896276c486245d250645babf21870bc4b45e6f06e858c469a13aa371485b69	TIMEOUT		MEMOUT		TIMEOUT		TIMEOUT		stable-unsolved	
infinite-race-u18.ltl	direct:tlsf/sweap:infinite-race-u	infinite-race-u	direct:tlsf/sweap/infinite-race-u18.tlsf	none		{}	16	1	Mealy	Mealy	e3b423ab0218187558c2e641da4950a95c347e16816ec23d053515edd87f07a8	TIMEOUT		MEMOUT		TIMEOUT		TIMEOUT		stable-unsolved	
infinite-race-u19.ltl	direct:tlsf/sweap:infinite-race-u	infinite-race-u	direct:tlsf/sweap/infinite-race-u19.tlsf	none		{}	16	1	Mealy	Mealy	0ba96b8c7877cf78915aafd50d9e4f0d9a042d298b81a6cf3b2abc0afcd19698	TIMEOUT		MEMOUT		TIMEOUT		TIMEOUT		stable-unsolved	
infinite-race-u2.ltl	direct:tlsf/sweap:infinite-race-u	infinite-race-u	direct:tlsf/sweap/infinite-race-u2.tlsf	none		{}	13	1	Mealy	Mealy	b04cc5bd8b75fb16447ce13b157f81ab288499aafb8801591c82aed3374aba0e	UNREALIZABLE	0.07441721400027745	UNREALIZABLE	0.09248949299944798	UNREALIZABLE	0.0865897329931613	UNREALIZABLE	0.09165936399949715	stable-unrealizable	
infinite-race-u20.ltl	direct:tlsf/sweap:infinite-race-u	infinite-race-u	direct:tlsf/sweap/infinite-race-u20.tlsf	none		{}	16	1	Mealy	Mealy	e130ca1c8c4979c546f606a6e5ae130256da8ea4124fe9b115a6d397572a543b	TIMEOUT		MEMOUT		TIMEOUT		TIMEOUT		stable-unsolved	
infinite-race-u21.ltl	direct:tlsf/sweap:infinite-race-u	infinite-race-u	direct:tlsf/sweap/infinite-race-u21.tlsf	none		{}	16	1	Mealy	Mealy	0bde96c15a3035b87c720b4e2c92c2cb90f014b02af8bfaf3c19850a773c55a9	TIMEOUT		MEMOUT		TIMEOUT		TIMEOUT		stable-unsolved	
infinite-race-u22.ltl	direct:tlsf/sweap:infinite-race-u	infinite-race-u	direct:tlsf/sweap/infinite-race-u22.tlsf	none		{}	16	1	Mealy	Mealy	3441f697c51a3511caa0df84317825d71ca77c773e675d4994311eec11214650	TIMEOUT		MEMOUT		TIMEOUT		TIMEOUT		stable-unsolved	
infinite-race-u23.ltl	direct:tlsf/sweap:infinite-race-u	infinite-race-u	direct:tlsf/sweap/infinite-race-u23.tlsf	none		{}	16	1	Mealy	Mealy	3f329919167905e989a95b3c3ad0e37a1401f6a749aeb92389c138e3e36e749c	TIMEOUT		MEMOUT		TIMEOUT		TIMEOUT		stable-unsolved	
infinite-race-u24.ltl	direct:tlsf/sweap:infinite-race-u	infinite-race-u	direct:tlsf/sweap/infinite-race-u24.tlsf	none		{}	16	1	Mealy	Mealy	93c5919a5e45492e1e6aa7a62b12f725215cafd07aefdae6c20b6a43e06658d4	TIMEOUT		MEMOUT		TIMEOUT		TIMEOUT		stable-unsolved	
infinite-race-u25.ltl	direct:tlsf/sweap:infinite-race-u	infinite-race-u	direct:tlsf/sweap/infinite-race-u25.tlsf	none		{}	16	1	Mealy	Mealy	33006a52f900cbd71f1102dd9b0755dd1e5042143c7096054fbbaaf8332e96ea	TIMEOUT		MEMOUT		TIMEOUT		TIMEOUT		stable-unsolved	
infinite-race-u3.ltl	direct:tlsf/sweap:infinite-race-u	infinite-race-u	direct:tlsf/sweap/infinite-race-u3.tlsf	none		{}	13	1	Mealy	Mealy	ac9a6bbfa47f7fa5893796f79cdcd5785fc731343e43289fedf06f6c873eeef0	UNREALIZABLE	0.0725756600004388	UNREALIZABLE	0.08407480300229508	UNREALIZABLE	0.07815630797995254	UNREALIZABLE	0.08550266199745238	stable-unrealizable	
infinite-race-u4.ltl	direct:tlsf/sweap:infinite-race-u	infinite-race-u	direct:tlsf/sweap/infinite-race-u4.tlsf	none		{}	14	1	Mealy	Mealy	c5656d580a7e4e936e090049ce6000e5404f1a11ee936d8d24b719f2ba36d33f	UNREALIZABLE	0.10749097899679327	UNREALIZABLE	0.09950378999928944	UNREALIZABLE	0.10606993502005935	UNREALIZABLE	0.10779872298007831	stable-unrealizable	
infinite-race-u5.ltl	direct:tlsf/sweap:infinite-race-u	infinite-race-u	direct:tlsf/sweap/infinite-race-u5.tlsf	none		{}	14	1	Mealy	Mealy	fc56d8ed65ee71405b8e1506a92de1bba7863c49798faad91f4df8544c004c12	UNREALIZABLE	0.14783949599950574	UNREALIZABLE	0.14621748199715512	UNREALIZABLE	0.15351432299939916	UNREALIZABLE	0.14706670201849192	stable-unrealizable	
infinite-race-u6.ltl	direct:tlsf/sweap:infinite-race-u	infinite-race-u	direct:tlsf/sweap/infinite-race-u6.tlsf	none		{}	14	1	Mealy	Mealy	83b09285b05ab86633181403ed38559110939d3dd6bf0875d39dd080547bd961	UNREALIZABLE	1.081717649998609	UNREALIZABLE	1.0978479089972097	UNREALIZABLE	1.1567869069986045	UNREALIZABLE	1.0022644610144198	stable-unrealizable	
infinite-race-u7.ltl	direct:tlsf/sweap:infinite-race-u	infinite-race-u	direct:tlsf/sweap/infinite-race-u7.tlsf	none		{}	14	1	Mealy	Mealy	b3a780e6ec179080051966a458b23e06bf520a76568473b15d6c82313ebad286	UNREALIZABLE	1.493915212000502	UNREALIZABLE	1.5597881779995078	UNREALIZABLE	1.6141033700259868	UNREALIZABLE	1.5298297190165613	stable-unrealizable	
infinite-race-u8.ltl	direct:tlsf/sweap:infinite-race-u	infinite-race-u	direct:tlsf/sweap/infinite-race-u8.tlsf	none		{}	15	1	Mealy	Mealy	8939f53ecbe53acf83ddf7727a5b47b51c2144b869550bcbb59d6c7e232bdedb	UNREALIZABLE	2.400890259006701	UNREALIZABLE	2.568524818001606	UNREALIZABLE	2.4478640420129523	UNREALIZABLE	2.343189342005644	stable-unrealizable	
infinite-race-u9.ltl	direct:tlsf/sweap:infinite-race-u	infinite-race-u	direct:tlsf/sweap/infinite-race-u9.tlsf	none		{}	15	1	Mealy	Mealy	c5af33630dff8069694bfcaeec5d1befd01b8ac85af99c0d58409f59aee4092a	UNREALIZABLE	8.6229966480023	UNREALIZABLE	9.270901310002955	UNREALIZABLE	8.891474167990964	UNREALIZABLE	8.90948851100984	stable-unrealizable	
infinite-race-unequal-1-real.ltl	direct:tlsf/sweap:infinite-race-unequal-1-real	infinite-race-unequal-1-real	direct:tlsf/sweap/infinite-race-unequal-1-real.tlsf	none		{}	12	1	Mealy	Mealy	bcabbe5747533792e35787c83701a1c8e66e6b84b49ba0e6b2a865fe7fbf12ea	REALIZABLE	0.15976537900132826	REALIZABLE	0.15455833599844482	REALIZABLE	0.14446084201335907	REALIZABLE	0.14619163802126423	stable-realizable	
infinite-race-unequal-10.ltl	direct:tlsf/sweap:infinite-race-unequal	infinite-race-unequal	direct:tlsf/sweap/infinite-race-unequal-10.tlsf	none		{}	6	1	Mealy	Mealy	dc78fd7c0f4cb82c0e79d3b14bc12f3e99e6ae364e50fb3915bfff9d53347831	UNREALIZABLE	0.035254483998869546	UNREALIZABLE	0.02299609300098382	UNREALIZABLE	0.019701251992955804	UNREALIZABLE	0.022081631992477924	stable-unrealizable	
infinite-race-unequal-20.ltl	direct:tlsf/sweap:infinite-race-unequal	infinite-race-unequal	direct:tlsf/sweap/infinite-race-unequal-20.tlsf	none		{}	6	1	Mealy	Mealy	a3240243c087509cfb825679675dc893b0e78d5090ea82b0a7ed4c4bfea49718	UNREALIZABLE	0.03453753400390269	UNREALIZABLE	0.04103688999748556	UNREALIZABLE	0.019832285994198173	UNREALIZABLE	0.02510101202642545	stable-unrealizable	
infinite-race-unequal-21.ltl	direct:tlsf/sweap:infinite-race-unequal	infinite-race-unequal	direct:tlsf/sweap/infinite-race-unequal-21.tlsf	none		{}	12	1	Mealy	Mealy	df9371d02fb44388f902bc335fecd8b61f17dc401e158126205e944844bdf6a0	UNREALIZABLE	0.0510510250023799	UNREALIZABLE	0.043995754000206944	UNREALIZABLE	0.04932120902230963	UNREALIZABLE	0.03805004002060741	stable-unrealizable	
infinite-race-unequal-22.ltl	direct:tlsf/sweap:infinite-race-unequal	infinite-race-unequal	direct:tlsf/sweap/infinite-race-unequal-22.tlsf	none		{}	13	1	Mealy	Mealy	d56f232d78058ae8378235ceadc0a6d880dd6e49ea0fdc309241239fca16864a	UNREALIZABLE	0.07356986000013421	UNREALIZABLE	0.07155453599989414	UNREALIZABLE	0.07537558002513833	UNREALIZABLE	0.08251423100591637	stable-unrealizable	
infinite-race-unequal-23.ltl	direct:tlsf/sweap:infinite-race-unequal	infinite-race-unequal	direct:tlsf/sweap/infinite-race-unequal-23.tlsf	none		{}	15	1	Mealy	Mealy	fd27eb0e852e3dacf6e6ecf8996f2a95cac326cdbb114323f46ebeb61031c941	UNREALIZABLE	0.12309913599892752	UNREALIZABLE	0.13772585499827983	UNREALIZABLE	0.12090632098261267	UNREALIZABLE	0.11690561502473429	stable-unrealizable	
infinite-race-unequal-24.ltl	direct:tlsf/sweap:infinite-race-unequal	infinite-race-unequal	direct:tlsf/sweap/infinite-race-unequal-24.tlsf	none		{}	16	1	Mealy	Mealy	3b9abf597fa61d5fef8ad57347368506ad4358974c82be635d189c428f670d28	UNREALIZABLE	1.2050112040014938	UNREALIZABLE	1.2328527019999456	UNREALIZABLE	1.2039014069887344	UNREALIZABLE	1.1497831199958455	stable-unrealizable	
infinite-race-unequal-25.ltl	direct:tlsf/sweap:infinite-race-unequal	infinite-race-unequal	direct:tlsf/sweap/infinite-race-unequal-25.tlsf	none		{}	20	1	Mealy	Mealy	61a552548076a62b6bfa19917873cfe08d9eaef6d91f3bcd6b02b84e3af9dff8	UNREALIZABLE	12.808513336000033	UNREALIZABLE	12.89114680900093	UNREALIZABLE	12.802008729981026	UNREALIZABLE	13.84371071701753	stable-unrealizable	
infinite-race-unequal-26.ltl	direct:tlsf/sweap:infinite-race-unequal	infinite-race-unequal	direct:tlsf/sweap/infinite-race-unequal-26.tlsf	none		{}	22	1	Mealy	Mealy	06c260e3bb60c217ce94edb13f917dbb658716f49aecfdecf6e2a4ab698a501d	UNREALIZABLE	58.17624503099796	UNREALIZABLE	57.29061415899923	TIMEOUT		TIMEOUT		stable-unrealizable	
items_processing-real.ltl	direct:tlsf/sweap:items_processing-real	items_processing-real	direct:tlsf/sweap/items_processing-real.tlsf	none		{}	24	2	Mealy	Mealy	ff7d487dff4e76878972823e6d47709846d77ecef4ee9189e0a50978d55dae14	TIMEOUT		TIMEOUT		TIMEOUT		TIMEOUT		stable-unsolved	
jarvis_gideon_a02758ea.ltl	direct:tlsf/tsl_smart_home_jarvis/extracted-benchmarks:jarvis_gideon	jarvis_gideon	direct:tlsf/tsl_smart_home_jarvis/extracted-benchmarks/jarvis_gideon_a02758ea.tlsf	none		{}	18	36	Mealy	Mealy	f4d3c04816ec127f81b5ae19b4b7abdce4a4a9ba012dc1c1958dfe8380e45a58	UNREALIZABLE	0.022928742997464724	UNREALIZABLE	0.012334203995123971	UNREALIZABLE	0.03382697398774326	UNREALIZABLE	0.019733282999368384	stable-unrealizable	
jarvis_philippe_484face8.ltl	direct:tlsf/tsl_smart_home_jarvis/extracted-benchmarks:jarvis_philippe	jarvis_philippe	direct:tlsf/tsl_smart_home_jarvis/extracted-benchmarks/jarvis_philippe_484face8.tlsf	none		{}	33	48	Mealy	Mealy	de7f431f2b73076ab96f53a2389393b607f3283f813722ec3182ddd873c50aa6	UNREALIZABLE	0.03320201800306677	UNREALIZABLE	0.030949444997531828	UNREALIZABLE	0.022719026019331068	UNREALIZABLE	0.03990796799189411	stable-unrealizable	
lazy_shades_problem_d6376bf9.ltl	direct:tlsf/tsl_smart_home_jarvis/extracted-benchmarks:lazy_shades_problem	lazy_shades_problem	direct:tlsf/tsl_smart_home_jarvis/extracted-benchmarks/lazy_shades_problem_d6376bf9.tlsf	none		{}	6	3	Mealy	Mealy	f6357a835924a7f4a03c0660de2f7bbdd6c1039eed98645aacf6596be850e1d6	REALIZABLE	0.041555665993655566	REALIZABLE	0.0418170109987841	REALIZABLE	0.04447800398338586	REALIZABLE	0.040979452984174713	stable-realizable	
lift_gr1+_pb_2_pe_.ltl	param:tlsf/lift/parametric/lift_gr1+.tlsf	lift_gr1+	param:tlsf/lift/parametric/lift_gr1+.tlsf:n=2	exact	n	"{""n"": 2}"	4	5	Mealy	Mealy	aa20b375adc409c8e7e2374dc01ef88cbe6c5c6c2e21fbc15fcd1754ea4c50db	REALIZABLE	0.02728876500077604	REALIZABLE	0.03782609399968351	REALIZABLE	0.03468571600387804	REALIZABLE	0.029336535022594035	stable-realizable	
lift_gr1+_pb_3_pe_.ltl	param:tlsf/lift/parametric/lift_gr1+.tlsf	lift_gr1+	param:tlsf/lift/parametric/lift_gr1+.tlsf:n=3	exact	n	"{""n"": 3}"	5	6	Mealy	Mealy	ff3cd9ca15b7634f5d277cae60d9d951320e9743f21173703333faaec3439d67	REALIZABLE	1.293322582001565	REALIZABLE	1.196575715992367	REALIZABLE	1.2705597759922966	REALIZABLE	1.2307753690110985	stable-realizable	
lift_gr1+_pb_6_pe_.ltl	param:tlsf/lift/parametric/lift_gr1+.tlsf	lift_gr1+	param:tlsf/lift/parametric/lift_gr1+.tlsf:n=6	exact	n	"{""n"": 6}"	8	7	Mealy	Mealy	2f9a4e35cb97d79801dc64fc2cc45698a307a4615d6a41451cc55fbe9fd3a04e	MEMOUT		MEMOUT		TIMEOUT		TIMEOUT		stable-unsolved	
lift_gr1+_pb_7_pe_.ltl	param:tlsf/lift/parametric/lift_gr1+.tlsf	lift_gr1+	param:tlsf/lift/parametric/lift_gr1+.tlsf:n=7	exact	n	"{""n"": 7}"	9	7	Mealy	Mealy	f753664b19cd79e48e7b39eb21e0680ed668b0b61bb7b63e24383033ceef25c3	MEMOUT		MEMOUT		TIMEOUT		TIMEOUT		stable-unsolved	
lift_gr1+_pb_8_pe_.ltl	param:tlsf/lift/parametric/lift_gr1+.tlsf	lift_gr1+	param:tlsf/lift/parametric/lift_gr1+.tlsf:n=8	exact	n	"{""n"": 8}"	10	7	Mealy	Mealy	34ac1ac5cebdc0fa3c22cb6f980ccd4956a8fb3ab2756fb78812a7e83a38c0d1	TIMEOUT		TIMEOUT		TIMEOUT		TIMEOUT		stable-unsolved	
lift_gr1+_pb_9_pe_.ltl	param:tlsf/lift/parametric/lift_gr1+.tlsf	lift_gr1+	param:tlsf/lift/parametric/lift_gr1+.tlsf:n=9	exact	n	"{""n"": 9}"	11	8	Mealy	Mealy	45013ae3af7f440e5f9f27fac8e5a93f594e4925e43ca0394eebf97276db63d2	TIMEOUT		TIMEOUT		TIMEOUT		TIMEOUT		stable-unsolved	
lift_gr1_pb_10_pe_.ltl	param:tlsf/lift/parametric/lift_gr1.tlsf	lift_gr1	param:tlsf/lift/parametric/lift_gr1.tlsf:n=10	exact	n	"{""n"": 10}"	11	7	Mealy	Mealy	83b31f0e62f8c65aee789710b5ed45d9a74e0eb291c81964e7185e0800d2eed7	TIMEOUT		TIMEOUT		TIMEOUT		TIMEOUT		stable-unsolved	
lift_gr1_pb_2_pe_.ltl	param:tlsf/lift/parametric/lift_gr1.tlsf	lift_gr1	param:tlsf/lift/parametric/lift_gr1.tlsf:n=2	exact	n	"{""n"": 2}"	3	4	Mealy	Mealy	ce7d5521c64d36eadc8e66564c61727a660bc13d4abbaffb495df266ab3a6373	REALIZABLE	0.030496429000777425	REALIZABLE	0.03362556099818903	REALIZABLE	0.027659918006975204	REALIZABLE	0.03486333999899216	stable-realizable	
lift_gr1_pb_3_pe_.ltl	param:tlsf/lift/parametric/lift_gr1.tlsf	lift_gr1	param:tlsf/lift/parametric/lift_gr1.tlsf:n=3	exact	n	"{""n"": 3}"	4	5	Mealy	Mealy	1ff1097d227e5785854edb1be09fcda5fd6785ba0f33f3aef9982a3f39ee1126	REALIZABLE	0.23310307200154057	REALIZABLE	0.22679596899979515	REALIZABLE	0.2268398940213956	REALIZABLE	0.22565630002645776	stable-realizable	
lift_gr1_pb_7_pe_.ltl	param:tlsf/lift/parametric/lift_gr1.tlsf	lift_gr1	param:tlsf/lift/parametric/lift_gr1.tlsf:n=7	exact	n	"{""n"": 7}"	8	6	Mealy	Mealy	a919078c4d5841d52788e6981db07b82ec2c5e46740a39ba7064290c15ca9003	MEMOUT		MEMOUT		TIMEOUT		TIMEOUT		stable-unsolved	
lift_gr1_pb_8_pe_.ltl	param:tlsf/lift/parametric/lift_gr1.tlsf	lift_gr1	param:tlsf/lift/parametric/lift_gr1.tlsf:n=8	exact	n	"{""n"": 8}"	9	6	Mealy	Mealy	a85e1977a2156ea241c424e8e3a72379b0f79a7118b148d8c8c5401c38694f80	TIMEOUT		TIMEOUT		TIMEOUT		TIMEOUT		stable-unsolved	
lift_gr1_pb_9_pe_.ltl	param:tlsf/lift/parametric/lift_gr1.tlsf	lift_gr1	param:tlsf/lift/parametric/lift_gr1.tlsf:n=9	exact	n	"{""n"": 9}"	10	7	Mealy	Mealy	32766f5d1c12c738d752d714504f03b5661b8b689a1d91ac303c6fb3c235a9db	TIMEOUT		TIMEOUT		TIMEOUT		TIMEOUT		stable-unsolved	
lift_pb_10_pe_.ltl	param:tlsf/lift/parametric/lift.tlsf	lift	param:tlsf/lift/parametric/lift.tlsf:n=10	exact	n	"{""n"": 10}"	10	7	Mealy	Mealy	502da1ad0be887393758025b17e8393442f1314394fe54dab9391f3dcebdb84f	TIMEOUT		TIMEOUT		TIMEOUT		TIMEOUT		stable-unsolved	
lift_pb_2_pe_.ltl	param:tlsf/lift/parametric/lift.tlsf	lift	param:tlsf/lift/parametric/lift.tlsf:n=2	exact	n	"{""n"": 2}"	2	4	Mealy	Mealy	4d8a37859b320b8c4af323ea94c0d05edad2ad3bb7e5bb5c6ee33eeabe90a5f3	REALIZABLE	0.02723463100846857	REALIZABLE	0.021484647993929684	REALIZABLE	0.033199448022060096	REALIZABLE	0.027214932022616267	stable-realizable	
lift_pb_3_pe_.ltl	param:tlsf/lift/parametric/lift.tlsf	lift	param:tlsf/lift/parametric/lift.tlsf:n=3	exact	n	"{""n"": 3}"	3	5	Mealy	Mealy	13333bd7d85ea017ff27d81c1403da19244b08a3bece95c40cd0e940c784e070	REALIZABLE	0.051923724997323006	REALIZABLE	0.639501770001516	REALIZABLE	0.039781491010216996	REALIZABLE	0.6314503999892622	stable-realizable	
lift_pb_4_pe_.ltl	param:tlsf/lift/parametric/lift.tlsf	lift	param:tlsf/lift/parametric/lift.tlsf:n=4	exact	n	"{""n"": 4}"	4	5	Mealy	Mealy	893ef6dc7f85c438b96bad29929ba6255eb468ab0b0bb4487e7b8c2008c290d3	REALIZABLE	0.2906155999953626	MEMOUT		REALIZABLE	0.2670817459875252	TIMEOUT		b-solved-s-not	
lift_pb_5_pe_.ltl	param:tlsf/lift/parametric/lift.tlsf	lift	param:tlsf/lift/parametric/lift.tlsf:n=5	exact	n	"{""n"": 5}"	5	6	Mealy	Mealy	4a5f8da756ca42bd16d3de3b90ed5a9c50462e04d90afe0b7937a92f5f51f4d5	TIMEOUT		MEMOUT		TIMEOUT		TIMEOUT		stable-unsolved	
lift_pb_6_pe_.ltl	param:tlsf/lift/parametric/lift.tlsf	lift	param:tlsf/lift/parametric/lift.tlsf:n=6	exact	n	"{""n"": 6}"	6	6	Mealy	Mealy	a227e199af866174bdcd9cac783082f18133215a06f5af3dad6d7ca4c71917e0	TIMEOUT		MEMOUT		TIMEOUT		TIMEOUT		stable-unsolved	
lift_pb_7_pe_.ltl	param:tlsf/lift/parametric/lift.tlsf	lift	param:tlsf/lift/parametric/lift.tlsf:n=7	exact	n	"{""n"": 7}"	7	6	Mealy	Mealy	8f5200101965be3dcabbeb89244517da499ca0422f94f4d84b7f5486aab0e85f	MEMOUT		MEMOUT		TIMEOUT		TIMEOUT		stable-unsolved	
lift_pb_8_pe_.ltl	param:tlsf/lift/parametric/lift.tlsf	lift	param:tlsf/lift/parametric/lift.tlsf:n=8	exact	n	"{""n"": 8}"	8	6	Mealy	Mealy	1122e72f01ab5fc9e9258664e4866af1626a18da568d47327f16a8d7e202ffca	TIMEOUT		TIMEOUT		TIMEOUT		TIMEOUT		stable-unsolved	
lift_pb_9_pe_.ltl	param:tlsf/lift/parametric/lift.tlsf	lift	param:tlsf/lift/parametric/lift.tlsf:n=9	exact	n	"{""n"": 9}"	9	7	Mealy	Mealy	d168533ef53e719fb33e191e09d3614f1347e10d7c6093a0edb3bbc3b648158a	TIMEOUT		TIMEOUT		TIMEOUT		TIMEOUT		stable-unsolved	
lift_unary_enc_pb_2_pe_.ltl	param:tlsf/lift/parametric/lift_unary_enc.tlsf	lift_unary_enc	param:tlsf/lift/parametric/lift_unary_enc.tlsf:n=2	exact	n	"{""n"": 2}"	2	5	Mealy	Mealy	69e536f6e1d26aa409889f966e3a0642e10486a523e1a5abaea189e2c2c7b845	REALIZABLE	0.032169121001061285	REALIZABLE	0.03613251100068737	REALIZABLE	0.03608786000404507	REALIZABLE	0.03577498998492956	stable-realizable	
lift_unary_enc_pb_3_pe_.ltl	param:tlsf/lift/parametric/lift_unary_enc.tlsf	lift_unary_enc	param:tlsf/lift/parametric/lift_unary_enc.tlsf:n=3	exact	n	"{""n"": 3}"	3	6	Mealy	Mealy	3a567c698b940a6ca6f55019986dc6c04fd519027aacabfd69d238b91f5df145	REALIZABLE	0.07474819799972465	REALIZABLE	0.6449821070054895	REALIZABLE	0.06768831599038094	REALIZABLE	0.6794823880190961	stable-realizable	
lift_unary_enc_pb_4_pe_.ltl	param:tlsf/lift/parametric/lift_unary_enc.tlsf	lift_unary_enc	param:tlsf/lift/parametric/lift_unary_enc.tlsf:n=4	exact	n	"{""n"": 4}"	4	7	Mealy	Mealy	4c0607135909c32f5d7dd19146892145ac0459e5b3c7383f74c86a41353e6bd3	REALIZABLE	10.298957998000333	MEMOUT		REALIZABLE	9.981286379013909	TIMEOUT		b-solved-s-not	
lift_unary_enc_pb_5_pe_.ltl	param:tlsf/lift/parametric/lift_unary_enc.tlsf	lift_unary_enc	param:tlsf/lift/parametric/lift_unary_enc.tlsf:n=5	exact	n	"{""n"": 5}"	5	8	Mealy	Mealy	66b5a955079dcfe0949ea5bc031c1e6c444a892eec20b4b19563acaa55eacbf9	TIMEOUT		MEMOUT		TIMEOUT		TIMEOUT		stable-unsolved	
lift_unary_enc_pb_6_pe_.ltl	param:tlsf/lift/parametric/lift_unary_enc.tlsf	lift_unary_enc	param:tlsf/lift/parametric/lift_unary_enc.tlsf:n=6	exact	n	"{""n"": 6}"	6	9	Mealy	Mealy	c201155fc7680d254200076ce3e59c3e4d08ae01f1b094b42960ecb0ae4c2d3a	TIMEOUT		MEMOUT		TIMEOUT		TIMEOUT		stable-unsolved	
lift_unary_enc_pb_7_pe_.ltl	param:tlsf/lift/parametric/lift_unary_enc.tlsf	lift_unary_enc	param:tlsf/lift/parametric/lift_unary_enc.tlsf:n=7	exact	n	"{""n"": 7}"	7	10	Mealy	Mealy	fea6504bfbd74db5168decafc82700b4b767976bb511bfc6be838d9b3749f48d	TIMEOUT		TIMEOUT		TIMEOUT		TIMEOUT		stable-unsolved	
lift_wrong_physics_unreal_pb_10_pe_.ltl	param:tlsf/lift/parametric/lift_wrong_physics_unreal.tlsf	lift_wrong_physics_unreal	param:tlsf/lift/parametric/lift_wrong_physics_unreal.tlsf:n=10	exact	n	"{""n"": 10}"	10	7	Mealy	Mealy	cc86874bf6e8868929bbbaf0dcba480928206fa4f531e119f0aff39556b755a4	UNREALIZABLE	1.1002802919974783	UNREALIZABLE	1.1352998739967006	UNREALIZABLE	1.1311107910005376	UNREALIZABLE	1.1856554689875338	stable-unrealizable	
lift_wrong_physics_unreal_pb_2_pe_.ltl	param:tlsf/lift/parametric/lift_wrong_physics_unreal.tlsf	lift_wrong_physics_unreal	param:tlsf/lift/parametric/lift_wrong_physics_unreal.tlsf:n=2	exact	n	"{""n"": 2}"	2	4	Mealy	Mealy	a63322c87bdf0aa285e71e59d61f4f734b4238d78a9aa198d390b0da9aa8a26a	REALIZABLE	0.040094346997648245	REALIZABLE	0.02834609900128271	REALIZABLE	0.03766830000677146	REALIZABLE	0.03486416599480435	stable-realizable	
lift_wrong_physics_unreal_pb_3_pe_.ltl	param:tlsf/lift/parametric/lift_wrong_physics_unreal.tlsf	lift_wrong_physics_unreal	param:tlsf/lift/parametric/lift_wrong_physics_unreal.tlsf:n=3	exact	n	"{""n"": 3}"	3	5	Mealy	Mealy	805cef41232c046b03e47c52651212adf182dd43ef381f6c47e2a2500cf116c1	UNREALIZABLE	0.028601919000720955	UNREALIZABLE	0.027511775000675698	UNREALIZABLE	0.020697895990451798	UNREALIZABLE	0.03935914099565707	stable-unrealizable	
lift_wrong_physics_unreal_pb_4_pe_.ltl	param:tlsf/lift/parametric/lift_wrong_physics_unreal.tlsf	lift_wrong_physics_unreal	param:tlsf/lift/parametric/lift_wrong_physics_unreal.tlsf:n=4	exact	n	"{""n"": 4}"	4	5	Mealy	Mealy	3b21b3a76c217b8292766803401bfd4d687db8d07e3bbb23dbfb896187983d4c	UNREALIZABLE	0.030784574002609588	UNREALIZABLE	0.022375540997018106	UNREALIZABLE	0.021171341999433935	UNREALIZABLE	0.027140737016452476	stable-unrealizable	
lift_wrong_physics_unreal_pb_5_pe_.ltl	param:tlsf/lift/parametric/lift_wrong_physics_unreal.tlsf	lift_wrong_physics_unreal	param:tlsf/lift/parametric/lift_wrong_physics_unreal.tlsf:n=5	exact	n	"{""n"": 5}"	5	6	Mealy	Mealy	f4223a2e9ae4b83eeee5ce00fa9833fa5871309d9f4ea92d5ef1f44f7af9832f	UNREALIZABLE	0.049345623003318906	UNREALIZABLE	0.03831552900373936	UNREALIZABLE	0.047316031996160746	UNREALIZABLE	0.046952051983680576	stable-unrealizable	
lift_wrong_physics_unreal_pb_6_pe_.ltl	param:tlsf/lift/parametric/lift_wrong_physics_unreal.tlsf	lift_wrong_physics_unreal	param:tlsf/lift/parametric/lift_wrong_physics_unreal.tlsf:n=6	exact	n	"{""n"": 6}"	6	6	Mealy	Mealy	9d05db91eef4af75f83756b6394af34e933ae51722beabb944cb49b31a1288c7	UNREALIZABLE	0.04182776899688179	UNREALIZABLE	0.047303093000664376	UNREALIZABLE	0.04499501298414543	UNREALIZABLE	0.04706214601173997	stable-unrealizable	
lift_wrong_physics_unreal_pb_7_pe_.ltl	param:tlsf/lift/parametric/lift_wrong_physics_unreal.tlsf	lift_wrong_physics_unreal	param:tlsf/lift/parametric/lift_wrong_physics_unreal.tlsf:n=7	exact	n	"{""n"": 7}"	7	6	Mealy	Mealy	5b08402ae7e7c6d8173061037fd02c34fcbefae42b74d081c9cd54f36aed94eb	UNREALIZABLE	0.07511307599997963	UNREALIZABLE	0.0737499620008748	UNREALIZABLE	0.07775660601328127	UNREALIZABLE	0.07389602297917008	stable-unrealizable	
lift_wrong_physics_unreal_pb_8_pe_.ltl	param:tlsf/lift/parametric/lift_wrong_physics_unreal.tlsf	lift_wrong_physics_unreal	param:tlsf/lift/parametric/lift_wrong_physics_unreal.tlsf:n=8	exact	n	"{""n"": 8}"	8	6	Mealy	Mealy	78ea5fbb06c748e47a30e79fea278b7ec8f6c9d794f1489841fb1d5eacb64325	UNREALIZABLE	0.14027947900467552	UNREALIZABLE	0.13606024000182515	UNREALIZABLE	0.11980226301238872	UNREALIZABLE	0.12863756698789075	stable-unrealizable	
lift_wrong_physics_unreal_pb_9_pe_.ltl	param:tlsf/lift/parametric/lift_wrong_physics_unreal.tlsf	lift_wrong_physics_unreal	param:tlsf/lift/parametric/lift_wrong_physics_unreal.tlsf:n=9	exact	n	"{""n"": 9}"	9	7	Mealy	Mealy	ae7ccd73c8ce021a8fcdef5180a519241e7e6fc1f92a1d0d264f796634d3b371	UNREALIZABLE	0.4516730680006731	UNREALIZABLE	0.4673296839991963	UNREALIZABLE	0.47170824799104594	UNREALIZABLE	0.49032509498647414	stable-unrealizable	
lilydemo01.ltl	direct:tlsf/lily:lilydemo	lilydemo	direct:tlsf/lily/lilydemo01.tlsf	none		{}	3	1	Mealy	Mealy	1b2df09e089bf584ee24efcd1d88636f6be4d6457ca9360468740ca0ad86303a	UNREALIZABLE	0.026270620997820515	UNREALIZABLE	0.01548306800032151	UNREALIZABLE	0.027571913989959285	UNREALIZABLE	0.03047787499963306	stable-unrealizable	
lilydemo02.ltl	direct:tlsf/lily:lilydemo	lilydemo	direct:tlsf/lily/lilydemo02.tlsf	none		{}	3	1	Mealy	Mealy	c450734311c6d825ad2199124e0dae94a4c1b00b60f4ba21687cb4cd27954473	UNREALIZABLE	0.015453880001587095	UNREALIZABLE	0.025279993998992722	UNREALIZABLE	0.02095949000795372	UNREALIZABLE	0.02425841600052081	stable-unrealizable	
lilydemo03.ltl	direct:tlsf/lily:lilydemo	lilydemo	direct:tlsf/lily/lilydemo03.tlsf	none		{}	3	1	Mealy	Mealy	1fe5f5eab8b848dd60c3cd28011816f9b576ba6064d00c5e4e8674239ddbf4db	REALIZABLE	0.03007344099751208	REALIZABLE	0.027147624001372606	REALIZABLE	0.0311771470005624	REALIZABLE	0.039328332990407944	stable-realizable	
lilydemo04.ltl	direct:tlsf/lily:lilydemo	lilydemo	direct:tlsf/lily/lilydemo04.tlsf	none		{}	3	1	Mealy	Mealy	58a0296b2ef8c2ba5cede660794e5eec679f250e52415cbb45adc5d7ea724557	REALIZABLE	0.019861731001583394	REALIZABLE	0.0257560440004454	REALIZABLE	0.024073448992567137	REALIZABLE	0.021678117016563192	stable-realizable	
lilydemo04_modified.ltl	direct:tlsf/lily:lilydemo04_modified	lilydemo04_modified	direct:tlsf/lily/lilydemo04_modified.tlsf	none		{}	3	1	Mealy	Mealy	79ee28dd2ec5c8d4dcecffb3fbf5449bbcb8deb148afd3ed2c81131492aa3cc4	UNREALIZABLE	0.03315778300020611	UNREALIZABLE	0.027638708001177292	UNREALIZABLE	0.017191282007843256	UNREALIZABLE	0.01942296198103577	stable-unrealizable	
lilydemo05.ltl	direct:tlsf/lily:lilydemo	lilydemo	direct:tlsf/lily/lilydemo05.tlsf	none		{}	3	1	Mealy	Mealy	abfb2d949b5a6c1f4cf8caf6c72ad904edacdf2fb96aed8e7e6eee35f92d1117	REALIZABLE	0.036891773001116235	REALIZABLE	0.01701944500018726	REALIZABLE	0.03017054300289601	REALIZABLE	0.03802259502117522	stable-realizable	
lilydemo06.ltl	direct:tlsf/lily:lilydemo	lilydemo	direct:tlsf/lily/lilydemo06.tlsf	none		{}	3	1	Mealy	Mealy	1e35b93114c740556f13651c91f70c62a51357498d693fe334d7edde6a79e675	REALIZABLE	0.025117376004345715	REALIZABLE	0.019411111003137194	REALIZABLE	0.016176283010281622	REALIZABLE	0.017021656007273123	stable-realizable	
lilydemo07.ltl	direct:tlsf/lily:lilydemo	lilydemo	direct:tlsf/lily/lilydemo07.tlsf	none		{}	3	1	Mealy	Mealy	51351646a3fdcf4a7d987d111e02d80ebe328a6e643a6e355f2bdc845abd8d95	REALIZABLE	0.020286885999666993	REALIZABLE	0.03157761200054665	REALIZABLE	0.03415202000178397	REALIZABLE	0.030199473985703662	stable-realizable	
lilydemo08.ltl	direct:tlsf/lily:lilydemo	lilydemo	direct:tlsf/lily/lilydemo08.tlsf	none		{}	1	1	Mealy	Mealy	a46c37d0310608b8735ad102d049f00045408a4d724ba46d4f909253c043f397	REALIZABLE	0.023326032009208575	REALIZABLE	0.01746709800499957	REALIZABLE	0.01966231598635204	REALIZABLE	0.01532482000766322	stable-realizable	
lilydemo09.ltl	direct:tlsf/lily:lilydemo	lilydemo	direct:tlsf/lily/lilydemo09.tlsf	none		{}	1	1	Mealy	Mealy	486f92965abe4a735246db9276887093a7f8058a6f0cc3b7fbcbe9b8f94996f4	REALIZABLE	0.032004520999180386	REALIZABLE	0.02462615900003584	REALIZABLE	0.030167235992848873	REALIZABLE	0.028536569006973878	stable-realizable	
lilydemo10.ltl	direct:tlsf/lily:lilydemo	lilydemo	direct:tlsf/lily/lilydemo10.tlsf	none		{}	2	2	Mealy	Mealy	b8720fadf0a56bdb884d1e2dc3aae533868ff80dc1e858b2edec72f0b33e57e8	REALIZABLE	0.027173755996045657	REALIZABLE	0.02223944699653657	REALIZABLE	0.028995408007176593	REALIZABLE	0.030117171991150826	stable-realizable	
lilydemo11.ltl	direct:tlsf/lily:lilydemo	lilydemo	direct:tlsf/lily/lilydemo11.tlsf	none		{}	2	2	Mealy	Mealy	6d10d3afcd49e0c65b77bbb4e8698071d15c591ba01a056d7e9fd45b472dba3f	UNREALIZABLE	0.026922906001345837	UNREALIZABLE	0.034275433001312194	UNREALIZABLE	0.029548018996138126	UNREALIZABLE	0.036827514006290585	stable-unrealizable	
lilydemo12.ltl	direct:tlsf/lily:lilydemo	lilydemo	direct:tlsf/lily/lilydemo12.tlsf	none		{}	2	2	Mealy	Mealy	d05ad0f6d7a4d1fdbb700622d4048a2bb46fc24769c7ab3611828a94a495c828	REALIZABLE	0.030397766997339204	REALIZABLE	0.02265791699755937	REALIZABLE	0.020060242008185014	REALIZABLE	0.015013610012829304	stable-realizable	
lilydemo13.ltl	direct:tlsf/lily:lilydemo	lilydemo	direct:tlsf/lily/lilydemo13.tlsf	none		{}	1	1	Mealy	Mealy	a04d4d6571096138aef7e4320d9338aeee2dc7c007e1d93126d2bf9e2f18eea2	REALIZABLE	0.031762843995238654	REALIZABLE	0.023248665005667135	REALIZABLE	0.021793078019982204	REALIZABLE	0.017012914002407342	stable-realizable	
lilydemo14.ltl	direct:tlsf/lily:lilydemo	lilydemo	direct:tlsf/lily/lilydemo14.tlsf	none		{}	2	2	Mealy	Mealy	235f428de341c9411ceda8269bb03f8bd71f0c792bd754959a18d43d3162f24f	REALIZABLE	0.02629134499875363	REALIZABLE	0.028793211007723585	REALIZABLE	0.037588018021779135	REALIZABLE	0.03627871401840821	stable-realizable	
lilydemo15.ltl	direct:tlsf/lily:lilydemo	lilydemo	direct:tlsf/lily/lilydemo15.tlsf	none		{}	2	2	Mealy	Mealy	001143fc4d208a5ea1323c6a492d3e92f4db951faa0d513bd69daf5741d5c4e9	REALIZABLE	0.03293431600468466	REALIZABLE	0.035007484002562705	REALIZABLE	0.029250026011141017	REALIZABLE	0.029457366006681696	stable-realizable	
lilydemo16.ltl	direct:tlsf/lily:lilydemo	lilydemo	direct:tlsf/lily/lilydemo16.tlsf	none		{}	3	3	Mealy	Mealy	e7871a3578dbb3c62bce20bbb5dfa970df031008729daa504aa7735f36460f81	REALIZABLE	0.017226340001798235	REALIZABLE	0.025813807998929406	REALIZABLE	0.023111997987143695	REALIZABLE	0.02470422800979577	stable-realizable	
lilydemo17.ltl	direct:tlsf/lily:lilydemo	lilydemo	direct:tlsf/lily/lilydemo17.tlsf	none		{}	2	3	Mealy	Mealy	c8c89e136c7d0725a8643e7ec63304d2de636fb43c115525b778861b9c917b83	REALIZABLE	0.020245772000635043	REALIZABLE	0.01787906100071268	REALIZABLE	0.023772907006787136	REALIZABLE	0.016677339997841045	stable-realizable	
lilydemo18.ltl	direct:tlsf/lily:lilydemo	lilydemo	direct:tlsf/lily/lilydemo18.tlsf	none		{}	3	4	Mealy	Mealy	2f376ddd07597611da3cbe5169ed6c61afd149c5d80685d8b3173bf31ebbee0f	REALIZABLE	0.038160189000336686	REALIZABLE	0.015333295999880647	REALIZABLE	0.04120927400072105	REALIZABLE	0.03292571799829602	stable-realizable	
lilydemo19.ltl	direct:tlsf/lily:lilydemo	lilydemo	direct:tlsf/lily/lilydemo19.tlsf	none		{}	2	2	Mealy	Mealy	6d0ec775969710a784f68978e425997f5c8759e5416454913cc376e2379b42f5	REALIZABLE	0.03355739799735602	REALIZABLE	0.033156906996737234	REALIZABLE	0.04055808900739066	REALIZABLE	0.037183200009167194	stable-realizable	
lilydemo20.ltl	direct:tlsf/lily:lilydemo	lilydemo	direct:tlsf/lily/lilydemo20.tlsf	none		{}	2	3	Mealy	Mealy	eb5ba162707bfc88744f0135a8d4965de7e8205cce36fe4445bedfc743050f83	REALIZABLE	0.03474299799927394	REALIZABLE	0.03856364699822734	REALIZABLE	0.01850329097942449	REALIZABLE	0.04441085801227018	stable-realizable	
lilydemo21.ltl	direct:tlsf/lily:lilydemo	lilydemo	direct:tlsf/lily/lilydemo21.tlsf	none		{}	4	4	Mealy	Mealy	0786432db27952cedd2d2f2a19dd5d6718f4bf681967c344d405c2105245965b	REALIZABLE	0.0364938139973674	REALIZABLE	0.03581879100238439	REALIZABLE	0.025947855989215896	REALIZABLE	0.02941598297911696	stable-realizable	
lilydemo22.ltl	direct:tlsf/lily:lilydemo	lilydemo	direct:tlsf/lily/lilydemo22.tlsf	none		{}	3	1	Mealy	Mealy	92d0e497824505963c8fc57a01feb62415ae6ad95d294fe2d1b474d66dc09964	REALIZABLE	0.036657981007010676	REALIZABLE	0.034270716991159134	REALIZABLE	0.016930006007896736	REALIZABLE	0.016211935988394544	stable-realizable	
lilydemo23.ltl	direct:tlsf/lily:lilydemo	lilydemo	direct:tlsf/lily/lilydemo23.tlsf	none		{}	1	1	Mealy	Mealy	6ac2cdd7d19e1ba32909fda257223d2e71941d2dc08ee970cafe47c6eed670c4	REALIZABLE	0.022924941004021093	REALIZABLE	0.022593708999920636	REALIZABLE	0.021443092002300546	REALIZABLE	0.017235406005056575	stable-realizable	
load_balancer_pb_10_pe_.ltl	param:tlsf/load_balancer/parametric/load_balancer.tlsf	load_balancer	param:tlsf/load_balancer/parametric/load_balancer.tlsf:n=10	exact	n	"{""n"": 10}"	11	10	Mealy	Mealy	88e641efcdcf6690527cfb54fd21fe59fdd4d54003ae20786e0cb4727c32505a	TIMEOUT		TIMEOUT		TIMEOUT		TIMEOUT		stable-unsolved	
load_balancer_pb_11_pe_.ltl	param:tlsf/load_balancer/parametric/load_balancer.tlsf	load_balancer	param:tlsf/load_balancer/parametric/load_balancer.tlsf:n=11	exact	n	"{""n"": 11}"	12	11	Mealy	Mealy	53503684efa5aac74b2aa9fab20f046a3032e2fd76c3383f0726398b8b2bb9a1	TIMEOUT		TIMEOUT		TIMEOUT		TIMEOUT		stable-unsolved	
load_balancer_pb_2_pe_.ltl	param:tlsf/load_balancer/parametric/load_balancer.tlsf	load_balancer	param:tlsf/load_balancer/parametric/load_balancer.tlsf:n=2	exact	n	"{""n"": 2}"	3	2	Mealy	Mealy	8b4dd1602ef761a2aa5868550cc51b5aa67e2e3628bda1690093b261dbca43f4	REALIZABLE	0.01752796900109388	REALIZABLE	0.033897536999575095	REALIZABLE	0.03250751900486648	REALIZABLE	0.0295958939823322	stable-realizable	
load_balancer_pb_3_pe_.ltl	param:tlsf/load_balancer/parametric/load_balancer.tlsf	load_balancer	param:tlsf/load_balancer/parametric/load_balancer.tlsf:n=3	exact	n	"{""n"": 3}"	4	3	Mealy	Mealy	8d07a908145a9931fbd4e295b71d26e94ff431c8d9dcd2e9e295a48646df38c2	REALIZABLE	0.03806698699918343	REALIZABLE	0.04860799499874702	REALIZABLE	0.026450639008544385	REALIZABLE	0.0434170690132305	stable-realizable	
load_balancer_pb_4_pe_.ltl	param:tlsf/load_balancer/parametric/load_balancer.tlsf	load_balancer	param:tlsf/load_balancer/parametric/load_balancer.tlsf:n=4	exact	n	"{""n"": 4}"	5	4	Mealy	Mealy	d8aa37ec4c2c34d3e650407410e6d3ebf3024c5799c03e4776097617322f1524	REALIZABLE	0.053056610999192344	REALIZABLE	0.045237550999445375	REALIZABLE	0.06613860800280236	REALIZABLE	0.05448274200898595	stable-realizable	
load_balancer_pb_5_pe_.ltl	param:tlsf/load_balancer/parametric/load_balancer.tlsf	load_balancer	param:tlsf/load_balancer/parametric/load_balancer.tlsf:n=5	exact	n	"{""n"": 5}"	6	5	Mealy	Mealy	ceb644e94f5285bbee911661c1bd3ca86b8ee4bcdcde9a9735fa934e5e4c0916	REALIZABLE	0.13432374499825528	REALIZABLE	0.13142566900205566	REALIZABLE	0.13365639297990128	REALIZABLE	0.13929425799869932	stable-realizable	
load_balancer_pb_6_pe_.ltl	param:tlsf/load_balancer/parametric/load_balancer.tlsf	load_balancer	param:tlsf/load_balancer/parametric/load_balancer.tlsf:n=6	exact	n	"{""n"": 6}"	7	6	Mealy	Mealy	c35e9239722f353d3000f44cbedbfa7e05ec53f7d9178962ac4df63752a30955	REALIZABLE	0.523581938999996	REALIZABLE	0.48181159099476645	REALIZABLE	0.483532619982725	REALIZABLE	0.4966063280007802	stable-realizable	
load_balancer_pb_7_pe_.ltl	param:tlsf/load_balancer/parametric/load_balancer.tlsf	load_balancer	param:tlsf/load_balancer/parametric/load_balancer.tlsf:n=7	exact	n	"{""n"": 7}"	8	7	Mealy	Mealy	71cfbd4e0dc74f812a31678729f4d4729b789ac288938892d351f985fd05d935	REALIZABLE	4.820411847998912	REALIZABLE	4.997843101002218	REALIZABLE	4.935504043009132	REALIZABLE	4.8760483440128155	stable-realizable	
load_balancer_pb_8_pe_.ltl	param:tlsf/load_balancer/parametric/load_balancer.tlsf	load_balancer	param:tlsf/load_balancer/parametric/load_balancer.tlsf:n=8	exact	n	"{""n"": 8}"	9	8	Mealy	Mealy	43eb7b6ab8568907d153cdba3d73db3f71923cca3c6f3b52b79dff84eb858453	TIMEOUT		TIMEOUT		TIMEOUT		TIMEOUT		stable-unsolved	
load_balancer_pb_9_pe_.ltl	param:tlsf/load_balancer/parametric/load_balancer.tlsf	load_balancer	param:tlsf/load_balancer/parametric/load_balancer.tlsf:n=9	exact	n	"{""n"": 9}"	10	9	Mealy	Mealy	fc7021b44759e083eb7cde8f67746a37fe1afb7f6d3732c91f0d5db9fffef2a9	TIMEOUT		TIMEOUT		TIMEOUT		TIMEOUT		stable-unsolved	
load_balancer_unreal1_pb_2_10_pe_.ltl	param:tlsf/load_balancer_unreal/parametric/load_balancer_unreal1.tlsf	load_balancer_unreal1	param:tlsf/load_balancer_unreal/parametric/load_balancer_unreal1.tlsf:n=2,u=10	exact	n,u	"{""n"": 2, ""u"": 10}"	3	2	Mealy	Mealy	2c3a8fd83b5576aaf152576f35744c64353c933c8e0bf0f52e952027caa4d1cb	UNREALIZABLE	0.05905161299961037	UNREALIZABLE	0.03499663100228645	UNREALIZABLE	0.03844136800034903	UNREALIZABLE	0.04980553899076767	stable-unrealizable	
load_balancer_unreal1_pb_2_11_pe_.ltl	param:tlsf/load_balancer_unreal/parametric/load_balancer_unreal1.tlsf	load_balancer_unreal1	param:tlsf/load_balancer_unreal/parametric/load_balancer_unreal1.tlsf:n=2,u=11	exact	n,u	"{""n"": 2, ""u"": 11}"	3	2	Mealy	Mealy	cfe9e162e2f5f6905c57db8929e1ecc1a5ad57660c22a8372e5f6e2ab0f2546c	UNREALIZABLE	0.06453137799690012	UNREALIZABLE	0.0635867800010601	UNREALIZABLE	0.06633212300948799	UNREALIZABLE	0.0461289570084773	stable-unrealizable	
load_balancer_unreal1_pb_2_12_pe_.ltl	param:tlsf/load_balancer_unreal/parametric/load_balancer_unreal1.tlsf	load_balancer_unreal1	param:tlsf/load_balancer_unreal/parametric/load_balancer_unreal1.tlsf:n=2,u=12	exact	n,u	"{""n"": 2, ""u"": 12}"	3	2	Mealy	Mealy	09c772fd311465cd42c10c8156c303a8336ee8d344b5fe8fa41171d5ff4f27de	UNREALIZABLE	0.083228016999783	UNREALIZABLE	0.09444510700086539	UNREALIZABLE	0.08555910902214237	UNREALIZABLE	0.0913239200017415	stable-unrealizable	
load_balancer_unreal1_pb_2_13_pe_.ltl	param:tlsf/load_balancer_unreal/parametric/load_balancer_unreal1.tlsf	load_balancer_unreal1	param:tlsf/load_balancer_unreal/parametric/load_balancer_unreal1.tlsf:n=2,u=13	exact	n,u	"{""n"": 2, ""u"": 13}"	3	2	Mealy	Mealy	25de81ee615d2fe968f80a1c3aa743e9e7cd385a66d44e3313165d9f6fba26e1	UNREALIZABLE	0.16798724600084824	UNREALIZABLE	0.1626153110046289	UNREALIZABLE	0.15784067998174578	UNREALIZABLE	0.15882790699834004	stable-unrealizable	
load_balancer_unreal1_pb_2_14_pe_.ltl	param:tlsf/load_balancer_unreal/parametric/load_balancer_unreal1.tlsf	load_balancer_unreal1	param:tlsf/load_balancer_unreal/parametric/load_balancer_unreal1.tlsf:n=2,u=14	exact	n,u	"{""n"": 2, ""u"": 14}"	3	2	Mealy	Mealy	1a39f04f2ccc154604dea44148e074968e0c338be21d6c554de4f2e93b666cc1	UNREALIZABLE	0.3325119019973499	UNREALIZABLE	0.3723219349994906	UNREALIZABLE	0.3598610619956162	UNREALIZABLE	0.370319240988465	stable-unrealizable	
load_balancer_unreal1_pb_2_15_pe_.ltl	param:tlsf/load_balancer_unreal/parametric/load_balancer_unreal1.tlsf	load_balancer_unreal1	param:tlsf/load_balancer_unreal/parametric/load_balancer_unreal1.tlsf:n=2,u=15	exact	n,u	"{""n"": 2, ""u"": 15}"	3	2	Mealy	Mealy	80595ada7fe18dbf75696741327c21918a03af655f4e748743163f042c367ccc	UNREALIZABLE	0.6976525989957736	UNREALIZABLE	0.7955581909991452	UNREALIZABLE	0.694570103980368	UNREALIZABLE	0.7891467959852889	stable-unrealizable	
load_balancer_unreal1_pb_2_16_pe_.ltl	param:tlsf/load_balancer_unreal/parametric/load_balancer_unreal1.tlsf	load_balancer_unreal1	param:tlsf/load_balancer_unreal/parametric/load_balancer_unreal1.tlsf:n=2,u=16	exact	n,u	"{""n"": 2, ""u"": 16}"	3	2	Mealy	Mealy	8bf15af5db1bddeee59c077169026e192b38bfd0c303aac3298d37b4fbda6381	UNREALIZABLE	1.5186724410013994	UNREALIZABLE	1.7829672009975184	UNREALIZABLE	1.6090894599910825	UNREALIZABLE	1.5654644429741893	stable-unrealizable	
load_balancer_unreal1_pb_2_1_pe_.ltl	param:tlsf/load_balancer_unreal/parametric/load_balancer_unreal1.tlsf	load_balancer_unreal1	param:tlsf/load_balancer_unreal/parametric/load_balancer_unreal1.tlsf:n=2,u=1	exact	n,u	"{""n"": 2, ""u"": 1}"	3	2	Mealy	Mealy	ff4745569bfc638d7ea14b732725beab30c28a9c871e9c77a536f48925012cee	UNREALIZABLE	0.04158309000195004	UNREALIZABLE	0.03413942100451095	UNREALIZABLE	0.02564317500218749	UNREALIZABLE	0.01643588999286294	stable-unrealizable	
load_balancer_unreal1_pb_2_2_pe_.ltl	param:tlsf/load_balancer_unreal/parametric/load_balancer_unreal1.tlsf	load_balancer_unreal1	param:tlsf/load_balancer_unreal/parametric/load_balancer_unreal1.tlsf:n=2,u=2	exact	n,u	"{""n"": 2, ""u"": 2}"	3	2	Mealy	Mealy	9eeef0714796af49a8e27bdda3da84b5a0dc0e465cb15f14623501159651f196	UNREALIZABLE	0.017774067000573268	UNREALIZABLE	0.036366898002597736	UNREALIZABLE	0.03676844001165591	UNREALIZABLE	0.030828967021079734	stable-unrealizable	
load_balancer_unreal1_pb_2_3_pe_.ltl	param:tlsf/load_balancer_unreal/parametric/load_balancer_unreal1.tlsf	load_balancer_unreal1	param:tlsf/load_balancer_unreal/parametric/load_balancer_unreal1.tlsf:n=2,u=3	exact	n,u	"{""n"": 2, ""u"": 3}"	3	2	Mealy	Mealy	f8ebc69d3bd4b27dbbc5c2d1616fea62fa8dd22b0669ef6657ce7243593cf275	UNREALIZABLE	0.018961251000291668	UNREALIZABLE	0.026972522000505705	UNREALIZABLE	0.022687335003865883	UNREALIZABLE	0.02202501500141807	stable-unrealizable	
load_balancer_unreal1_pb_2_4_pe_.ltl	param:tlsf/load_balancer_unreal/parametric/load_balancer_unreal1.tlsf	load_balancer_unreal1	param:tlsf/load_balancer_unreal/parametric/load_balancer_unreal1.tlsf:n=2,u=4	exact	n,u	"{""n"": 2, ""u"": 4}"	3	2	Mealy	Mealy	852f964265aef5daa68fc3568d91721a0ee0b65db494925f06860a25c7fd22c2	UNREALIZABLE	0.021547440001086215	UNREALIZABLE	0.019360984999366337	UNREALIZABLE	0.020949344005202875	UNREALIZABLE	0.0208371439948678	stable-unrealizable	
load_balancer_unreal1_pb_2_5_pe_.ltl	param:tlsf/load_balancer_unreal/parametric/load_balancer_unreal1.tlsf	load_balancer_unreal1	param:tlsf/load_balancer_unreal/parametric/load_balancer_unreal1.tlsf:n=2,u=5	exact	n,u	"{""n"": 2, ""u"": 5}"	3	2	Mealy	Mealy	e06d675388fdbafb5271c7013567036266bc386ab7070869c3c663e6c3213ab8	UNREALIZABLE	0.018722327000432415	UNREALIZABLE	0.029572710001957603	UNREALIZABLE	0.026656456000637263	UNREALIZABLE	0.043961955001577735	stable-unrealizable	
load_balancer_unreal1_pb_2_6_pe_.ltl	param:tlsf/load_balancer_unreal/parametric/load_balancer_unreal1.tlsf	load_balancer_unreal1	param:tlsf/load_balancer_unreal/parametric/load_balancer_unreal1.tlsf:n=2,u=6	exact	n,u	"{""n"": 2, ""u"": 6}"	3	2	Mealy	Mealy	ec3d78d3413f0e8514299ba2c26ad688b43fc8d3abcba8ba0f47f67f0c38fb26	UNREALIZABLE	0.028265487009775825	UNREALIZABLE	0.024014295006054454	UNREALIZABLE	0.02188389701768756	UNREALIZABLE	0.020590445987181738	stable-unrealizable	
load_balancer_unreal1_pb_2_7_pe_.ltl	param:tlsf/load_balancer_unreal/parametric/load_balancer_unreal1.tlsf	load_balancer_unreal1	param:tlsf/load_balancer_unreal/parametric/load_balancer_unreal1.tlsf:n=2,u=7	exact	n,u	"{""n"": 2, ""u"": 7}"	3	2	Mealy	Mealy	88943e614659d1e461306f569e1d745db4ffe54cdbc9962599a7a89eb9353b83	UNREALIZABLE	0.04476701099702041	UNREALIZABLE	0.02323907200116082	UNREALIZABLE	0.03959572099847719	UNREALIZABLE	0.030362946999957785	stable-unrealizable	
load_balancer_unreal1_pb_2_8_pe_.ltl	param:tlsf/load_balancer_unreal/parametric/load_balancer_unreal1.tlsf	load_balancer_unreal1	param:tlsf/load_balancer_unreal/parametric/load_balancer_unreal1.tlsf:n=2,u=8	exact	n,u	"{""n"": 2, ""u"": 8}"	3	2	Mealy	Mealy	ea60c12854833aa4c301c3038c3c6d27b0ad88078606f782c8203340c608a8c3	UNREALIZABLE	0.02220221600146033	UNREALIZABLE	0.04343420900113415	UNREALIZABLE	0.03136384001118131	UNREALIZABLE	0.024128347024088725	stable-unrealizable	
load_balancer_unreal1_pb_2_9_pe_.ltl	param:tlsf/load_balancer_unreal/parametric/load_balancer_unreal1.tlsf	load_balancer_unreal1	param:tlsf/load_balancer_unreal/parametric/load_balancer_unreal1.tlsf:n=2,u=9	exact	n,u	"{""n"": 2, ""u"": 9}"	3	2	Mealy	Mealy	6fb5c089658dc0f44e6cafbd705335eb9c79f2ed549688e7826385a889e528b5	UNREALIZABLE	0.03824772700318135	UNREALIZABLE	0.023793560001649894	UNREALIZABLE	0.028279936988838017	UNREALIZABLE	0.030041440011700615	stable-unrealizable	
load_balancer_unreal1_pb_3_10_pe_.ltl	param:tlsf/load_balancer_unreal/parametric/load_balancer_unreal1.tlsf	load_balancer_unreal1	param:tlsf/load_balancer_unreal/parametric/load_balancer_unreal1.tlsf:n=3,u=10	exact	n,u	"{""n"": 3, ""u"": 10}"	4	3	Mealy	Mealy	1f615de00fb7d63fed7be84bdbf3cffcf781f76a47b37b63af7fa9a40186442a	UNREALIZABLE	0.1478799229953438	UNREALIZABLE	0.1783955849969061	UNREALIZABLE	0.1555250419769436	UNREALIZABLE	0.1400912770186551	stable-unrealizable	
load_balancer_unreal1_pb_3_11_pe_.ltl	param:tlsf/load_balancer_unreal/parametric/load_balancer_unreal1.tlsf	load_balancer_unreal1	param:tlsf/load_balancer_unreal/parametric/load_balancer_unreal1.tlsf:n=3,u=11	exact	n,u	"{""n"": 3, ""u"": 11}"	4	3	Mealy	Mealy	c69787e8248735fa52ea9144552d40e1dda925027d73b98feab24c2cddd433b0	UNREALIZABLE	0.31057006899936823	UNREALIZABLE	0.30343413000082364	UNREALIZABLE	0.27409948100103065	UNREALIZABLE	0.29099050001241267	stable-unrealizable	
load_balancer_unreal1_pb_3_12_pe_.ltl	param:tlsf/load_balancer_unreal/parametric/load_balancer_unreal1.tlsf	load_balancer_unreal1	param:tlsf/load_balancer_unreal/parametric/load_balancer_unreal1.tlsf:n=3,u=12	exact	n,u	"{""n"": 3, ""u"": 12}"	4	3	Mealy	Mealy	12a96c1bd4391930d564986bc62cfc5ac09636e7cdc166392fc008b10635ab1d	UNREALIZABLE	0.6150924129979103	UNREALIZABLE	0.6195515149956918	UNREALIZABLE	0.5872056850057561	UNREALIZABLE	0.6154519529954996	stable-unrealizable	
load_balancer_unreal1_pb_3_1_pe_.ltl	param:tlsf/load_balancer_unreal/parametric/load_balancer_unreal1.tlsf	load_balancer_unreal1	param:tlsf/load_balancer_unreal/parametric/load_balancer_unreal1.tlsf:n=3,u=1	exact	n,u	"{""n"": 3, ""u"": 1}"	4	3	Mealy	Mealy	dbd1c6db2503ac009f63b4a5ac8de71a93c0729c8fc0be19678fe984e77b9660	UNREALIZABLE	0.03131026099981682	UNREALIZABLE	0.029210470999714744	UNREALIZABLE	0.027479326992761344	UNREALIZABLE	0.028335114009678364	stable-unrealizable	
load_balancer_unreal1_pb_3_2_pe_.ltl	param:tlsf/load_balancer_unreal/parametric/load_balancer_unreal1.tlsf	load_balancer_unreal1	param:tlsf/load_balancer_unreal/parametric/load_balancer_unreal1.tlsf:n=3,u=2	exact	n,u	"{""n"": 3, ""u"": 2}"	4	3	Mealy	Mealy	f659e2c06d5d8993abef91a7996806381d87e05498ed74f1bfa8b0a1595084b0	UNREALIZABLE	0.03327798599639209	UNREALIZABLE	0.039604730998689774	UNREALIZABLE	0.023795424989657477	UNREALIZABLE	0.03642982098972425	stable-unrealizable	
load_balancer_unreal1_pb_3_3_pe_.ltl	param:tlsf/load_balancer_unreal/parametric/load_balancer_unreal1.tlsf	load_balancer_unreal1	param:tlsf/load_balancer_unreal/parametric/load_balancer_unreal1.tlsf:n=3,u=3	exact	n,u	"{""n"": 3, ""u"": 3}"	4	3	Mealy	Mealy	efc6cab140fc3aa80115209a61f4f6a8103cc8c8c4970ce44fe75575a183803e	UNREALIZABLE	0.02137455400225008	UNREALIZABLE	0.02039163399967947	UNREALIZABLE	0.02903376700123772	UNREALIZABLE	0.018618403002619743	stable-unrealizable	
load_balancer_unreal1_pb_3_4_pe_.ltl	param:tlsf/load_balancer_unreal/parametric/load_balancer_unreal1.tlsf	load_balancer_unreal1	param:tlsf/load_balancer_unreal/parametric/load_balancer_unreal1.tlsf:n=3,u=4	exact	n,u	"{""n"": 3, ""u"": 4}"	4	3	Mealy	Mealy	bf5518ec73ff2059d5614f2f35ec867913e9d4e69333ee49fce692efc5534075	UNREALIZABLE	0.04137530300067738	UNREALIZABLE	0.048617103006108664	UNREALIZABLE	0.020534126000711694	UNREALIZABLE	0.025414717994863167	stable-unrealizable	
load_balancer_unreal1_pb_3_5_pe_.ltl	param:tlsf/load_balancer_unreal/parametric/load_balancer_unreal1.tlsf	load_balancer_unreal1	param:tlsf/load_balancer_unreal/parametric/load_balancer_unreal1.tlsf:n=3,u=5	exact	n,u	"{""n"": 3, ""u"": 5}"	4	3	Mealy	Mealy	61203fab3f2500951868fb2fd9395a6eaeafe1e3df199d48273cce346932e146	UNREALIZABLE	0.03721572599897627	UNREALIZABLE	0.02691487300035078	UNREALIZABLE	0.04261569300433621	UNREALIZABLE	0.03924322500824928	stable-unrealizable	
load_balancer_unreal1_pb_3_6_pe_.ltl	param:tlsf/load_balancer_unreal/parametric/load_balancer_unreal1.tlsf	load_balancer_unreal1	param:tlsf/load_balancer_unreal/parametric/load_balancer_unreal1.tlsf:n=3,u=6	exact	n,u	"{""n"": 3, ""u"": 6}"	4	3	Mealy	Mealy	7c951aa9bd702e125a7c5d070254d61eb720c6ad25e4f8cd50c67bcff0629e0a	UNREALIZABLE	0.047766331997991074	UNREALIZABLE	0.052211867998266825	UNREALIZABLE	0.044234316010260954	UNREALIZABLE	0.02878455800237134	stable-unrealizable	
load_balancer_unreal1_pb_3_7_pe_.ltl	param:tlsf/load_balancer_unreal/parametric/load_balancer_unreal1.tlsf	load_balancer_unreal1	param:tlsf/load_balancer_unreal/parametric/load_balancer_unreal1.tlsf:n=3,u=7	exact	n,u	"{""n"": 3, ""u"": 7}"	4	3	Mealy	Mealy	d85fafaf6185ef58105113879c8e7afe151480961e3274555f6d7a80b7fa2057	UNREALIZABLE	0.0434460999967996	UNREALIZABLE	0.033676894003292546	UNREALIZABLE	0.03240159401320852	UNREALIZABLE	0.03601291499217041	stable-unrealizable	
load_balancer_unreal1_pb_3_8_pe_.ltl	param:tlsf/load_balancer_unreal/parametric/load_balancer_unreal1.tlsf	load_balancer_unreal1	param:tlsf/load_balancer_unreal/parametric/load_balancer_unreal1.tlsf:n=3,u=8	exact	n,u	"{""n"": 3, ""u"": 8}"	4	3	Mealy	Mealy	57e9b6a6ac33e4f32ce407dfce708e24ad8da5c62a3dd204d0eaf4d776a81243	UNREALIZABLE	0.048098152998136356	UNREALIZABLE	0.049058429001888726	UNREALIZABLE	0.06226674999925308	UNREALIZABLE	0.06338713198783807	stable-unrealizable	
load_balancer_unreal1_pb_3_9_pe_.ltl	param:tlsf/load_balancer_unreal/parametric/load_balancer_unreal1.tlsf	load_balancer_unreal1	param:tlsf/load_balancer_unreal/parametric/load_balancer_unreal1.tlsf:n=3,u=9	exact	n,u	"{""n"": 3, ""u"": 9}"	4	3	Mealy	Mealy	25f0c7d5295a6996f27714bccd7318fb1a2ba07c06c384bd6fdd29d79f597e2e	UNREALIZABLE	0.07757346699509071	UNREALIZABLE	0.08003895900037605	UNREALIZABLE	0.08646966799278744	UNREALIZABLE	0.09095718100434169	stable-unrealizable	
load_balancer_unreal1_pb_4_10_pe_.ltl	param:tlsf/load_balancer_unreal/parametric/load_balancer_unreal1.tlsf	load_balancer_unreal1	param:tlsf/load_balancer_unreal/parametric/load_balancer_unreal1.tlsf:n=4,u=10	exact	n,u	"{""n"": 4, ""u"": 10}"	5	4	Mealy	Mealy	5af8aa28741f4e9eb8c0dffae2f4d4e2fcb0379dac121b63d94328b71028e1ef	TIMEOUT		MEMOUT		TIMEOUT		TIMEOUT		stable-unsolved	
load_balancer_unreal1_pb_4_11_pe_.ltl	param:tlsf/load_balancer_unreal/parametric/load_balancer_unreal1.tlsf	load_balancer_unreal1	param:tlsf/load_balancer_unreal/parametric/load_balancer_unreal1.tlsf:n=4,u=11	exact	n,u	"{""n"": 4, ""u"": 11}"	5	4	Mealy	Mealy	4065f773103e90fd8f10a6abe365f5fce96192bbf90273711dd4d3bd84c3074d	TIMEOUT		MEMOUT		TIMEOUT		TIMEOUT		stable-unsolved	
load_balancer_unreal1_pb_4_12_pe_.ltl	param:tlsf/load_balancer_unreal/parametric/load_balancer_unreal1.tlsf	load_balancer_unreal1	param:tlsf/load_balancer_unreal/parametric/load_balancer_unreal1.tlsf:n=4,u=12	exact	n,u	"{""n"": 4, ""u"": 12}"	5	4	Mealy	Mealy	8822bd670e8a30a9424647d8c7dcea7bc17d9c64c4419125757b4c046e66502a	TIMEOUT		MEMOUT		TIMEOUT		TIMEOUT		stable-unsolved	
load_balancer_unreal1_pb_4_1_pe_.ltl	param:tlsf/load_balancer_unreal/parametric/load_balancer_unreal1.tlsf	load_balancer_unreal1	param:tlsf/load_balancer_unreal/parametric/load_balancer_unreal1.tlsf:n=4,u=1	exact	n,u	"{""n"": 4, ""u"": 1}"	5	4	Mealy	Mealy	0646b0f691bd6fc9a505b535323e2a3af563b26350861063dc86c5651a058d9b	UNREALIZABLE	0.04881454099813709	UNREALIZABLE	0.03766878700116649	UNREALIZABLE	0.04431457200553268	UNREALIZABLE	0.03217475599376485	stable-unrealizable	
load_balancer_unreal1_pb_4_2_pe_.ltl	param:tlsf/load_balancer_unreal/parametric/load_balancer_unreal1.tlsf	load_balancer_unreal1	param:tlsf/load_balancer_unreal/parametric/load_balancer_unreal1.tlsf:n=4,u=2	exact	n,u	"{""n"": 4, ""u"": 2}"	5	4	Mealy	Mealy	2944c8182a2f1aae478c76a3dbbb01d28bf5e06c54077c31e758b2b6ea14318d	UNREALIZABLE	0.04179949299941654	UNREALIZABLE	0.03099833300075261	UNREALIZABLE	0.0398071939998772	UNREALIZABLE	0.04895294999005273	stable-unrealizable	
load_balancer_unreal1_pb_4_3_pe_.ltl	param:tlsf/load_balancer_unreal/parametric/load_balancer_unreal1.tlsf	load_balancer_unreal1	param:tlsf/load_balancer_unreal/parametric/load_balancer_unreal1.tlsf:n=4,u=3	exact	n,u	"{""n"": 4, ""u"": 3}"	5	4	Mealy	Mealy	6aefc0204aee96e00ad276b91eab215a8fbe064ae296346f1ffaac62503b703b	UNREALIZABLE	0.03901807299553184	UNREALIZABLE	0.04016474899981404	UNREALIZABLE	0.045647790015209466	UNREALIZABLE	0.040115958981914446	stable-unrealizable	
load_balancer_unreal1_pb_4_4_pe_.ltl	param:tlsf/load_balancer_unreal/parametric/load_balancer_unreal1.tlsf	load_balancer_unreal1	param:tlsf/load_balancer_unreal/parametric/load_balancer_unreal1.tlsf:n=4,u=4	exact	n,u	"{""n"": 4, ""u"": 4}"	5	4	Mealy	Mealy	fc6c71c5a03b42815fb062958f2467eb229726d6740c31f8091b337d7224f009	UNREALIZABLE	0.05203255699962028	UNREALIZABLE	0.05845722499725525	UNREALIZABLE	0.05682990700006485	UNREALIZABLE	0.050610381993465126	stable-unrealizable	
load_balancer_unreal1_pb_4_5_pe_.ltl	param:tlsf/load_balancer_unreal/parametric/load_balancer_unreal1.tlsf	load_balancer_unreal1	param:tlsf/load_balancer_unreal/parametric/load_balancer_unreal1.tlsf:n=4,u=5	exact	n,u	"{""n"": 4, ""u"": 5}"	5	4	Mealy	Mealy	507604c03302f159a150b57f8068b8e958bb29906e827230ea5495c56a2724a4	UNREALIZABLE	0.18464059899997665	UNREALIZABLE	0.17500275900238194	UNREALIZABLE	0.18613597101648338	UNREALIZABLE	0.17748167598620057	stable-unrealizable	
load_balancer_unreal1_pb_4_6_pe_.ltl	param:tlsf/load_balancer_unreal/parametric/load_balancer_unreal1.tlsf	load_balancer_unreal1	param:tlsf/load_balancer_unreal/parametric/load_balancer_unreal1.tlsf:n=4,u=6	exact	n,u	"{""n"": 4, ""u"": 6}"	5	4	Mealy	Mealy	8634fc47c1b4a77f7c7b2caea1ee2865c1396c0b1c4ecabc940b32d7744c71ee	UNREALIZABLE	1.0919013709935825	UNREALIZABLE	1.049237216997426	UNREALIZABLE	1.0792006150004454	UNREALIZABLE	1.0626821329933591	stable-unrealizable	
load_balancer_unreal1_pb_4_7_pe_.ltl	param:tlsf/load_balancer_unreal/parametric/load_balancer_unreal1.tlsf	load_balancer_unreal1	param:tlsf/load_balancer_unreal/parametric/load_balancer_unreal1.tlsf:n=4,u=7	exact	n,u	"{""n"": 4, ""u"": 7}"	5	4	Mealy	Mealy	db19a235f6e22bba1edd51c991cdf2e78abc2e03ac8f076ee14d0174c785210e	UNREALIZABLE	7.729910836998897	UNREALIZABLE	8.70543742100017	UNREALIZABLE	7.768788322980981	UNREALIZABLE	8.734168836002937	stable-unrealizable	
load_balancer_unreal1_pb_4_8_pe_.ltl	param:tlsf/load_balancer_unreal/parametric/load_balancer_unreal1.tlsf	load_balancer_unreal1	param:tlsf/load_balancer_unreal/parametric/load_balancer_unreal1.tlsf:n=4,u=8	exact	n,u	"{""n"": 4, ""u"": 8}"	5	4	Mealy	Mealy	fa161ccbc4c7f6a4174212ca0120f434e2b891aa5206dcaf2a8a80c6ac5e76bf	UNREALIZABLE	84.49597133000498	UNREALIZABLE	93.26727552900411	TIMEOUT		TIMEOUT		stable-unrealizable	
load_balancer_unreal1_pb_4_9_pe_.ltl	param:tlsf/load_balancer_unreal/parametric/load_balancer_unreal1.tlsf	load_balancer_unreal1	param:tlsf/load_balancer_unreal/parametric/load_balancer_unreal1.tlsf:n=4,u=9	exact	n,u	"{""n"": 4, ""u"": 9}"	5	4	Mealy	Mealy	b320ff3f82258e9fe6622a285e0d3fcd10361d586b665f1847daff969de1047a	TIMEOUT		TIMEOUT		TIMEOUT		TIMEOUT		stable-unsolved	
load_balancer_unreal1_pb_5_2_pe_.ltl	param:tlsf/load_balancer_unreal/parametric/load_balancer_unreal1.tlsf	load_balancer_unreal1	param:tlsf/load_balancer_unreal/parametric/load_balancer_unreal1.tlsf:n=5,u=2	exact	n,u	"{""n"": 5, ""u"": 2}"	6	5	Mealy	Mealy	becf028110612a760346e3b4ffb2f2886618628579424de6d2e3eef168c22a28	UNREALIZABLE	0.07299084500118624	UNREALIZABLE	0.07134432100065169	UNREALIZABLE	0.05961568100610748	UNREALIZABLE	0.0674307840235997	stable-unrealizable	
load_balancer_unreal1_pb_5_3_pe_.ltl	param:tlsf/load_balancer_unreal/parametric/load_balancer_unreal1.tlsf	load_balancer_unreal1	param:tlsf/load_balancer_unreal/parametric/load_balancer_unreal1.tlsf:n=5,u=3	exact	n,u	"{""n"": 5, ""u"": 3}"	6	5	Mealy	Mealy	5a77ff3b0eb5e9d25c940381ede457738395fe9cf8b5dd46bdbfea7b05c7a1de	UNREALIZABLE	0.10192761699727271	UNREALIZABLE	0.10482925799442455	UNREALIZABLE	0.09588502699625678	UNREALIZABLE	0.10202215699246153	stable-unrealizable	
load_balancer_unreal1_pb_5_4_pe_.ltl	param:tlsf/load_balancer_unreal/parametric/load_balancer_unreal1.tlsf	load_balancer_unreal1	param:tlsf/load_balancer_unreal/parametric/load_balancer_unreal1.tlsf:n=5,u=4	exact	n,u	"{""n"": 5, ""u"": 4}"	6	5	Mealy	Mealy	4b2b6910daef9934e9938498507d2c5db5b9f28c2f7b14b98a9dcb817ab7661f	UNREALIZABLE	0.6819229559987434	UNREALIZABLE	0.6870872830040753	UNREALIZABLE	0.7135217180184554	UNREALIZABLE	0.7473705899901688	stable-unrealizable	
load_balancer_unreal1_pb_5_5_pe_.ltl	param:tlsf/load_balancer_unreal/parametric/load_balancer_unreal1.tlsf	load_balancer_unreal1	param:tlsf/load_balancer_unreal/parametric/load_balancer_unreal1.tlsf:n=5,u=5	exact	n,u	"{""n"": 5, ""u"": 5}"	6	5	Mealy	Mealy	d298fd1107eb1d3338fbd5e0a9255001120783b1a15c9ee5036c3c1380c5f445	UNREALIZABLE	13.71960245000082	UNREALIZABLE	14.898904792004032	UNREALIZABLE	13.699395878007635	UNREALIZABLE	14.5929937089968	stable-unrealizable	
load_balancer_unreal1_pb_5_6_pe_.ltl	param:tlsf/load_balancer_unreal/parametric/load_balancer_unreal1.tlsf	load_balancer_unreal1	param:tlsf/load_balancer_unreal/parametric/load_balancer_unreal1.tlsf:n=5,u=6	exact	n,u	"{""n"": 5, ""u"": 6}"	6	5	Mealy	Mealy	ecd6ab79a5842434eaf1bd5bc919cca62a3b420edee44347663b10fb78635970	TIMEOUT		TIMEOUT		TIMEOUT		TIMEOUT		stable-unsolved	
load_balancer_unreal1_pb_5_7_pe_.ltl	param:tlsf/load_balancer_unreal/parametric/load_balancer_unreal1.tlsf	load_balancer_unreal1	param:tlsf/load_balancer_unreal/parametric/load_balancer_unreal1.tlsf:n=5,u=7	exact	n,u	"{""n"": 5, ""u"": 7}"	6	5	Mealy	Mealy	3f037de4d03300c2fa1125f14777c541c8737bca3863f60826029b7b7b31972f	TIMEOUT		TIMEOUT		TIMEOUT		TIMEOUT		stable-unsolved	
load_balancer_unreal1_pb_6_1_pe_.ltl	param:tlsf/load_balancer_unreal/parametric/load_balancer_unreal1.tlsf	load_balancer_unreal1	param:tlsf/load_balancer_unreal/parametric/load_balancer_unreal1.tlsf:n=6,u=1	exact	n,u	"{""n"": 6, ""u"": 1}"	7	6	Mealy	Mealy	e669ae08b5dc49f237134e01c9cd04a874d8566ad2b4a3eb4f7e21752b6a6494	UNREALIZABLE	0.17062862199964002	UNREALIZABLE	0.16323460200146656	UNREALIZABLE	0.1753792809904553	UNREALIZABLE	0.15870589000405744	stable-unrealizable	
load_balancer_unreal1_pb_6_2_pe_.ltl	param:tlsf/load_balancer_unreal/parametric/load_balancer_unreal1.tlsf	load_balancer_unreal1	param:tlsf/load_balancer_unreal/parametric/load_balancer_unreal1.tlsf:n=6,u=2	exact	n,u	"{""n"": 6, ""u"": 2}"	7	6	Mealy	Mealy	165e1ecd9b8ecbed9afa1cf3ee9dfbb63d358fc7180724bd4eb6dc0f31e5da82	UNREALIZABLE	0.19552029798796866	UNREALIZABLE	0.21039879199815914	UNREALIZABLE	0.21119386999635026	UNREALIZABLE	0.2174904519924894	stable-unrealizable	
load_balancer_unreal1_pb_6_3_pe_.ltl	param:tlsf/load_balancer_unreal/parametric/load_balancer_unreal1.tlsf	load_balancer_unreal1	param:tlsf/load_balancer_unreal/parametric/load_balancer_unreal1.tlsf:n=6,u=3	exact	n,u	"{""n"": 6, ""u"": 3}"	7	6	Mealy	Mealy	d5091adf6c4d31c1c8abc06ce493b2fe8ee7f264c9ff6242c68c293b9d79a8f0	UNREALIZABLE	0.6292425120045664	UNREALIZABLE	0.6296420139988186	UNREALIZABLE	0.6421260620118119	UNREALIZABLE	0.6540291450219229	stable-unrealizable	
load_balancer_unreal1_pb_6_4_pe_.ltl	param:tlsf/load_balancer_unreal/parametric/load_balancer_unreal1.tlsf	load_balancer_unreal1	param:tlsf/load_balancer_unreal/parametric/load_balancer_unreal1.tlsf:n=6,u=4	exact	n,u	"{""n"": 6, ""u"": 4}"	7	6	Mealy	Mealy	cd5b0b91e76d65c427e0105f43a3acb1725a5adc27451709970daa1112ce78e7	UNREALIZABLE	22.590273498000897	UNREALIZABLE	23.968587362000108	TIMEOUT		TIMEOUT		stable-unrealizable	
load_balancer_unreal1_pb_6_5_pe_.ltl	param:tlsf/load_balancer_unreal/parametric/load_balancer_unreal1.tlsf	load_balancer_unreal1	param:tlsf/load_balancer_unreal/parametric/load_balancer_unreal1.tlsf:n=6,u=5	exact	n,u	"{""n"": 6, ""u"": 5}"	7	6	Mealy	Mealy	5c633fc7627dc2b2ea044a81f4823e87d8158d77861db2c8bd86467d7bdcd49f	TIMEOUT		TIMEOUT		TIMEOUT		TIMEOUT		stable-unsolved	
load_balancer_unreal2_pb_2_pe_.ltl	param:tlsf/load_balancer_unreal/parametric/load_balancer_unreal2.tlsf	load_balancer_unreal2	param:tlsf/load_balancer_unreal/parametric/load_balancer_unreal2.tlsf:n=2	exact	n	"{""n"": 2}"	3	2	Mealy	Mealy	47bd4c9b5fa7e7f426e021390c2cbd362969f1deaf3b0c2709af1728c7ddbf23	REALIZABLE	0.027419370999268722	REALIZABLE	0.028415827997378074	REALIZABLE	0.030204305017832667	REALIZABLE	0.03128772700438276	stable-realizable	
load_balancer_unreal2_pb_3_pe_.ltl	param:tlsf/load_balancer_unreal/parametric/load_balancer_unreal2.tlsf	load_balancer_unreal2	param:tlsf/load_balancer_unreal/parametric/load_balancer_unreal2.tlsf:n=3	exact	n	"{""n"": 3}"	4	3	Mealy	Mealy	c84d1c60d9048143e82f668eb775a0678aa11f86575587e222f49bc4d2832730	UNREALIZABLE	0.03528258399455808	UNREALIZABLE	0.035783193990937434	UNREALIZABLE	0.04360086302040145	UNREALIZABLE	0.03777635298320092	stable-unrealizable	
load_balancer_unreal2_pb_4_pe_.ltl	param:tlsf/load_balancer_unreal/parametric/load_balancer_unreal2.tlsf	load_balancer_unreal2	param:tlsf/load_balancer_unreal/parametric/load_balancer_unreal2.tlsf:n=4	exact	n	"{""n"": 4}"	5	4	Mealy	Mealy	dd22d36914760e21aa76043954fb2d173098df4caaa40f09fa13d7557ec5738e	UNREALIZABLE	0.12230289700528374	UNREALIZABLE	0.12783380900509655	UNREALIZABLE	0.13853664800990373	UNREALIZABLE	0.12602402898482978	stable-unrealizable	
load_balancer_unreal2_pb_5_pe_.ltl	param:tlsf/load_balancer_unreal/parametric/load_balancer_unreal2.tlsf	load_balancer_unreal2	param:tlsf/load_balancer_unreal/parametric/load_balancer_unreal2.tlsf:n=5	exact	n	"{""n"": 5}"	6	5	Mealy	Mealy	d83e8c628a685a6650023d03ac716bea5beddbe14236849ab1db8f7f38193872	UNREALIZABLE	11.968711349996738	UNREALIZABLE	11.776748335003504	UNREALIZABLE	12.723686696001096	UNREALIZABLE	12.398323658999288	stable-unrealizable	
load_balancer_unreal2_pb_6_pe_.ltl	param:tlsf/load_balancer_unreal/parametric/load_balancer_unreal2.tlsf	load_balancer_unreal2	param:tlsf/load_balancer_unreal/parametric/load_balancer_unreal2.tlsf:n=6	exact	n	"{""n"": 6}"	7	6	Mealy	Mealy	d94e812b21934ac9134e9b9328318da7d30cc8e3574c45cf9f8f53e7b5a6813c	TIMEOUT		TIMEOUT		TIMEOUT		TIMEOUT		stable-unsolved	
load_balancer_unreal2_pb_7_pe_.ltl	param:tlsf/load_balancer_unreal/parametric/load_balancer_unreal2.tlsf	load_balancer_unreal2	param:tlsf/load_balancer_unreal/parametric/load_balancer_unreal2.tlsf:n=7	exact	n	"{""n"": 7}"	8	7	Mealy	Mealy	dbcc725f07ab75840444e64f5aa7e351b4e28c28bd109e3ec11e999a2fb51319	TIMEOUT		TIMEOUT		TIMEOUT		TIMEOUT		stable-unsolved	
load_balancer_unreal2_pb_8_pe_.ltl	param:tlsf/load_balancer_unreal/parametric/load_balancer_unreal2.tlsf	load_balancer_unreal2	param:tlsf/load_balancer_unreal/parametric/load_balancer_unreal2.tlsf:n=8	exact	n	"{""n"": 8}"	9	8	Mealy	Mealy	6155a2adfc15832d844aa61da6d107b4293e555b115bba57208e3a93c104701f	TIMEOUT		TIMEOUT		TIMEOUT		TIMEOUT		stable-unsolved	
ltl2dba01.ltl	direct:tlsf/ltl2dba/non_parametric_from_acacia:ltl2dba	ltl2dba	direct:tlsf/ltl2dba/non_parametric_from_acacia/ltl2dba01.tlsf	none		{}	3	1	Mealy	Mealy	3fd31c44ccdaeeefe8197d0e6ed5f9609bc60ccaec228cb333b93f06396f23a9	REALIZABLE	0.022508932997880038	REALIZABLE	0.015217548996588448	REALIZABLE	0.030484184011584148	REALIZABLE	0.02248448700993322	stable-realizable	
ltl2dba02.ltl	direct:tlsf/ltl2dba/non_parametric_from_acacia:ltl2dba	ltl2dba	direct:tlsf/ltl2dba/non_parametric_from_acacia/ltl2dba02.tlsf	none		{}	3	1	Mealy	Mealy	b947f2315e9d4969b796614787b172081283265c685455fb6939686f9ed56d9a	REALIZABLE	0.0248786320007639	REALIZABLE	0.01769470800354611	REALIZABLE	0.01806385099189356	REALIZABLE	0.0228148469759617	stable-realizable	
ltl2dba03.ltl	direct:tlsf/ltl2dba/non_parametric_from_acacia:ltl2dba	ltl2dba	direct:tlsf/ltl2dba/non_parametric_from_acacia/ltl2dba03.tlsf	none		{}	3	1	Mealy	Mealy	adeaa9a7e44e6c57a3ae2c0e45c8b616e17c1617a0d99f8de095b0cbc5b82cf2	REALIZABLE	0.01770949400088284	REALIZABLE	0.01923278599861078	REALIZABLE	0.023748594016069546	REALIZABLE	0.02805528399767354	stable-realizable	
ltl2dba04.ltl	direct:tlsf/ltl2dba/non_parametric_from_acacia:ltl2dba	ltl2dba	direct:tlsf/ltl2dba/non_parametric_from_acacia/ltl2dba04.tlsf	none		{}	3	1	Mealy	Mealy	a1f5213f7fc800f50ee1a47eb01ff04af825404d8a9f2d4b23d5244dbd207f76	REALIZABLE	0.020128694999584695	REALIZABLE	0.022960497000894975	REALIZABLE	0.026111054001376033	REALIZABLE	0.027221921016462147	stable-realizable	
ltl2dba05.ltl	direct:tlsf/ltl2dba/non_parametric_from_acacia:ltl2dba	ltl2dba	direct:tlsf/ltl2dba/non_parametric_from_acacia/ltl2dba05.tlsf	none		{}	4	1	Mealy	Mealy	79aebb100478e1329f010d21a0b4e40851300ac32f947267d20fb50ca619df5f	REALIZABLE	0.0236054309989413	REALIZABLE	0.0316300640006375	REALIZABLE	0.03556141699664295	REALIZABLE	0.020009295985801145	stable-realizable	
ltl2dba06.ltl	direct:tlsf/ltl2dba/non_parametric_from_acacia:ltl2dba	ltl2dba	direct:tlsf/ltl2dba/non_parametric_from_acacia/ltl2dba06.tlsf	none		{}	4	1	Mealy	Mealy	32ed6f2902f9ce7695c45ec88b3cff17717f59291f80fad541c2c98c774887bb	REALIZABLE	0.031832292006583884	REALIZABLE	0.032993143002386205	REALIZABLE	0.016945654002483934	REALIZABLE	0.03256214500288479	stable-realizable	
ltl2dba07.ltl	direct:tlsf/ltl2dba/non_parametric_from_acacia:ltl2dba	ltl2dba	direct:tlsf/ltl2dba/non_parametric_from_acacia/ltl2dba07.tlsf	none		{}	7	1	Mealy	Mealy	251baa87bea8b21b7e799ae8aa7c7466500494bd8a792b4b133c947a8ee460f1	REALIZABLE	0.02999034899949038	REALIZABLE	0.02573919500082411	REALIZABLE	0.025004558003274724	REALIZABLE	0.02474082200205885	stable-realizable	
ltl2dba08.ltl	direct:tlsf/ltl2dba/non_parametric_from_acacia:ltl2dba	ltl2dba	direct:tlsf/ltl2dba/non_parametric_from_acacia/ltl2dba08.tlsf	none		{}	5	1	Mealy	Mealy	f8b3479450275bee107373d44674c7043cbcaee70ce0fc50c0329b62c99d4c73	REALIZABLE	0.03539623699907679	REALIZABLE	0.019858920000842772	REALIZABLE	0.009484419017098844	REALIZABLE	0.027589158999035135	stable-realizable	
ltl2dba09.ltl	direct:tlsf/ltl2dba/non_parametric_from_acacia:ltl2dba	ltl2dba	direct:tlsf/ltl2dba/non_parametric_from_acacia/ltl2dba09.tlsf	none		{}	3	1	Mealy	Mealy	3f2a54ed15b712c516b39a2f6edeeb05f6190793485f7197bffccbe49eb87ea4	REALIZABLE	0.020231973991030827	REALIZABLE	0.033697434002533555	REALIZABLE	0.023413271992467344	REALIZABLE	0.022650352999335155	stable-realizable	
ltl2dba10.ltl	direct:tlsf/ltl2dba/non_parametric_from_acacia:ltl2dba	ltl2dba	direct:tlsf/ltl2dba/non_parametric_from_acacia/ltl2dba10.tlsf	none		{}	3	1	Mealy	Mealy	96a0fd615a924fb95e1230931d05076599f84a899c11330a468640693c864ea9	REALIZABLE	0.020182006002869457	REALIZABLE	0.016621050002868287	REALIZABLE	0.02615784597583115	REALIZABLE	0.01849874999606982	stable-realizable	
ltl2dba11.ltl	direct:tlsf/ltl2dba/non_parametric_from_acacia:ltl2dba	ltl2dba	direct:tlsf/ltl2dba/non_parametric_from_acacia/ltl2dba11.tlsf	none		{}	2	1	Mealy	Mealy	016334df9f4fdb5d73ef8062801a0d7aa2df29b1a83c9f2c11149adad7edf44a	REALIZABLE	0.019934354997531045	REALIZABLE	0.022143149999465095	REALIZABLE	0.02752533499733545	REALIZABLE	0.01676380098797381	stable-realizable	
ltl2dba12.ltl	direct:tlsf/ltl2dba/non_parametric_from_acacia:ltl2dba	ltl2dba	direct:tlsf/ltl2dba/non_parametric_from_acacia/ltl2dba12.tlsf	none		{}	2	1	Mealy	Mealy	8ce0d2e9c395e0d97668e452b82d426707351717c3f18be8461eb9e530e135f1	REALIZABLE	0.02521726499981014	REALIZABLE	0.0332752670001355	REALIZABLE	0.03322786299395375	REALIZABLE	0.025766515027498826	stable-realizable	
ltl2dba13.ltl	direct:tlsf/ltl2dba/non_parametric_from_acacia:ltl2dba	ltl2dba	direct:tlsf/ltl2dba/non_parametric_from_acacia/ltl2dba13.tlsf	none		{}	3	1	Mealy	Mealy	ad5a95d3f7d4eedefbc6e421f8df885d0c383260b5ed3142ae46e3ef404e88ad	REALIZABLE	0.026592332000291208	REALIZABLE	0.0318346330022905	REALIZABLE	0.031340492016170174	REALIZABLE	0.03120874398155138	stable-realizable	
ltl2dba14.ltl	direct:tlsf/ltl2dba/non_parametric_from_acacia:ltl2dba	ltl2dba	direct:tlsf/ltl2dba/non_parametric_from_acacia/ltl2dba14.tlsf	none		{}	3	1	Mealy	Mealy	66c42d5d8d4cee9888ee5a6a6488536668b43607e84cdff23d5e086e2666ce4f	REALIZABLE	0.02685194500372745	REALIZABLE	0.02105885600030888	REALIZABLE	0.022278108983300626	REALIZABLE	0.02104150998638943	stable-realizable	
ltl2dba15.ltl	direct:tlsf/ltl2dba/non_parametric_from_acacia:ltl2dba	ltl2dba	direct:tlsf/ltl2dba/non_parametric_from_acacia/ltl2dba15.tlsf	none		{}	2	1	Mealy	Mealy	8bc76a3db586c69f3cf8b701ccba0449272af0a889b27b2f14ae68229ab47d3f	REALIZABLE	0.026508803995966446	REALIZABLE	0.03273633399658138	REALIZABLE	0.03161004398134537	REALIZABLE	0.02101523199235089	stable-realizable	
ltl2dba16.ltl	direct:tlsf/ltl2dba/non_parametric_from_acacia:ltl2dba	ltl2dba	direct:tlsf/ltl2dba/non_parametric_from_acacia/ltl2dba16.tlsf	none		{}	2	1	Mealy	Mealy	093b3a61e6097455e8261183f68d62f079ac022932ec74b39d4db56c43df91df	REALIZABLE	0.025972929000090517	REALIZABLE	0.02712560100007977	REALIZABLE	0.029295214015292004	REALIZABLE	0.036430168023798615	stable-realizable	
ltl2dba17.ltl	direct:tlsf/ltl2dba/non_parametric_from_acacia:ltl2dba	ltl2dba	direct:tlsf/ltl2dba/non_parametric_from_acacia/ltl2dba17.tlsf	none		{}	2	1	Mealy	Mealy	2d0b73fb88a890c1f425d308c14aa8398ab4fd76f928c16471c95e4acd36b74a	REALIZABLE	0.03852262400323525	REALIZABLE	0.03085057999851415	REALIZABLE	0.03651905199512839	REALIZABLE	0.03845904002082534	stable-realizable	
ltl2dba18.ltl	direct:tlsf/ltl2dba/non_parametric_from_acacia:ltl2dba	ltl2dba	direct:tlsf/ltl2dba/non_parametric_from_acacia/ltl2dba18.tlsf	none		{}	3	1	Mealy	Mealy	0f8f19335d52346dd8671eafb8ed1a04f923149043bbc6948d4c0e5fe966c794	REALIZABLE	0.033115196994913276	REALIZABLE	0.03189278900390491	REALIZABLE	0.03126059100031853	REALIZABLE	0.020415637991391122	stable-realizable	
ltl2dba19.ltl	direct:tlsf/ltl2dba/non_parametric_from_acacia:ltl2dba	ltl2dba	direct:tlsf/ltl2dba/non_parametric_from_acacia/ltl2dba19.tlsf	none		{}	2	1	Moore	Mealy	e8bac31477a1d75f570ec71b248f5d6d2efac6be151f010ba59f31ee38610d1a	REALIZABLE	0.03508597800100688	REALIZABLE	0.029163772996980697	REALIZABLE	0.032444842014228925	REALIZABLE	0.033289507002336904	stable-realizable	
ltl2dba20.ltl	direct:tlsf/ltl2dba/non_parametric_from_acacia:ltl2dba	ltl2dba	direct:tlsf/ltl2dba/non_parametric_from_acacia/ltl2dba20.tlsf	none		{}	4	1	Mealy	Mealy	4ad61a741f0be6073834d63f5b3b29f3a2db173cf61515bb3b0506a760f4c516	REALIZABLE	0.01771881099921302	REALIZABLE	0.015230648999931873	REALIZABLE	0.024769037001533434	REALIZABLE	0.031640458008041605	stable-realizable	
ltl2dba21.ltl	direct:tlsf/ltl2dba/non_parametric_from_acacia:ltl2dba	ltl2dba	direct:tlsf/ltl2dba/non_parametric_from_acacia/ltl2dba21.tlsf	none		{}	2	1	Mealy	Mealy	f55ae334352a1193b194820a6bf51193088877da2d6568dfa70ff5bc5c943359	REALIZABLE	0.032838091006851755	REALIZABLE	0.03474842800642364	REALIZABLE	0.02861949198995717	REALIZABLE	0.031811774999368936	stable-realizable	
ltl2dba22.ltl	direct:tlsf/ltl2dba/non_parametric_from_acacia:ltl2dba	ltl2dba	direct:tlsf/ltl2dba/non_parametric_from_acacia/ltl2dba22.tlsf	none		{}	1	1	Mealy	Mealy	a3fd44b64f07b2a0c429776d36f2d4db05b84fb8e88714bb6b23ef24c2f34ac3	REALIZABLE	0.024840044003212824	REALIZABLE	0.029189376000431366	REALIZABLE	0.020847912004683167	REALIZABLE	0.020071475999429822	stable-realizable	
ltl2dba23.ltl	direct:tlsf/ltl2dba/non_parametric_from_acacia:ltl2dba	ltl2dba	direct:tlsf/ltl2dba/non_parametric_from_acacia/ltl2dba23.tlsf	none		{}	2	1	Mealy	Mealy	075c699c5e0085797fc24976e794de4472e152039717af62ba29fce28e6fb701	REALIZABLE	0.030438523001066642	REALIZABLE	0.03165768699909677	REALIZABLE	0.02795146100106649	REALIZABLE	0.014290036022430286	stable-realizable	
ltl2dba25.ltl	direct:tlsf/ltl2dba/non_parametric_from_acacia:ltl2dba	ltl2dba	direct:tlsf/ltl2dba/non_parametric_from_acacia/ltl2dba25.tlsf	none		{}	3	1	Mealy	Mealy	51d3464430683fefa808518994557559fe798ba4d3d96387e4ceb99fc3d76cf7	REALIZABLE	0.03447997699913685	REALIZABLE	0.023995157996978378	REALIZABLE	0.029153718991437927	REALIZABLE	0.029243569006212056	stable-realizable	
ltl2dba26.ltl	direct:tlsf/ltl2dba/non_parametric_from_acacia:ltl2dba	ltl2dba	direct:tlsf/ltl2dba/non_parametric_from_acacia/ltl2dba26.tlsf	none		{}	3	1	Mealy	Mealy	fc56ba804b7c11140ab4a71e422136e62604a8f66c998bfe5340f9ebac6f9185	REALIZABLE	0.03595659099664772	REALIZABLE	0.019880882995494176	REALIZABLE	0.017261830013012514	REALIZABLE	0.024853148992406204	stable-realizable	
ltl2dba27.ltl	direct:tlsf/ltl2dba/non_parametric_from_acacia:ltl2dba	ltl2dba	direct:tlsf/ltl2dba/non_parametric_from_acacia/ltl2dba27.tlsf	none		{}	1	1	Mealy	Mealy	8899aa72b2ab7df460d7575f9126734cf283bae9de1009c7cf9fd77b32047930	UNREALIZABLE	0.024404429001151584	UNREALIZABLE	0.020425450995389838	UNREALIZABLE	0.0287582479941193	UNREALIZABLE	0.03488718200242147	stable-unrealizable	
ltl2dba_C2_pb_100_pe_.ltl	param:tlsf/ltl2dba/parametric/ltl2dba_C2.tlsf	ltl2dba_C2	param:tlsf/ltl2dba/parametric/ltl2dba_C2.tlsf:n=100	exact	n	"{""n"": 100}"	100	1	Mealy	Mealy	9303f3850e0e739367e12c636cecfd883dc0d02e88c47f001bfdac97cea45a14	REALIZABLE	0.02915964800013171	REALIZABLE	0.01533726699926774	REALIZABLE	0.01822481700219214	REALIZABLE	0.03365297999698669	stable-realizable	
ltl2dba_C2_pb_10_pe_.ltl	param:tlsf/ltl2dba/parametric/ltl2dba_C2.tlsf	ltl2dba_C2	param:tlsf/ltl2dba/parametric/ltl2dba_C2.tlsf:n=10	exact	n	"{""n"": 10}"	10	1	Mealy	Mealy	58aa0350d1a8a6ed62c3f7b76c938edaaade045183ff020974e85a64a914ed18	REALIZABLE	0.016329366000718437	REALIZABLE	0.01655038598983083	REALIZABLE	0.030528489995049313	REALIZABLE	0.0305971130146645	stable-realizable	
ltl2dba_C2_pb_12_pe_.ltl	param:tlsf/ltl2dba/parametric/ltl2dba_C2.tlsf	ltl2dba_C2	param:tlsf/ltl2dba/parametric/ltl2dba_C2.tlsf:n=12	exact	n	"{""n"": 12}"	12	1	Mealy	Mealy	cffb63892b5e6c86c11a414b05ced3c57c48933a657f28276475a631e35e3b09	REALIZABLE	0.01830725600302685	REALIZABLE	0.02814874400064582	REALIZABLE	0.0284204600029625	REALIZABLE	0.018759401980787516	stable-realizable	
ltl2dba_C2_pb_14_pe_.ltl	param:tlsf/ltl2dba/parametric/ltl2dba_C2.tlsf	ltl2dba_C2	param:tlsf/ltl2dba/parametric/ltl2dba_C2.tlsf:n=14	exact	n	"{""n"": 14}"	14	1	Mealy	Mealy	e46946a8478dc7ac219256c3ca19334cab98959d220db3ae57a8a9ff1a46958d	REALIZABLE	0.038130824992549606	REALIZABLE	0.03149848400789779	REALIZABLE	0.034089883003616706	REALIZABLE	0.03332970500923693	stable-realizable	
ltl2dba_C2_pb_16_pe_.ltl	param:tlsf/ltl2dba/parametric/ltl2dba_C2.tlsf	ltl2dba_C2	param:tlsf/ltl2dba/parametric/ltl2dba_C2.tlsf:n=16	exact	n	"{""n"": 16}"	16	1	Mealy	Mealy	cf1a4a7ebf0a11d8f7a7f2c25f4d37023908c9046c261e370be33bebd176b9c8	REALIZABLE	0.028976570996746887	REALIZABLE	0.015344203002314316	REALIZABLE	0.033044112991774455	REALIZABLE	0.03184645899455063	stable-realizable	
ltl2dba_C2_pb_1_pe_.ltl	param:tlsf/ltl2dba/parametric/ltl2dba_C2.tlsf	ltl2dba_C2	param:tlsf/ltl2dba/parametric/ltl2dba_C2.tlsf:n=1	exact	n	"{""n"": 1}"	1	1	Mealy	Mealy	3ae2f13175661fa70ce3fe53f0c5cab4a4cdc7bc3d60849e97956e5b315a1921	REALIZABLE	0.03200167200702708	REALIZABLE	0.03294729300250765	REALIZABLE	0.03303401899756864	REALIZABLE	0.02055645501241088	stable-realizable	
ltl2dba_C2_pb_25_pe_.ltl	param:tlsf/ltl2dba/parametric/ltl2dba_C2.tlsf	ltl2dba_C2	param:tlsf/ltl2dba/parametric/ltl2dba_C2.tlsf:n=25	exact	n	"{""n"": 25}"	25	1	Mealy	Mealy	1fcc5fdfbeb71ceb807aeff554d1dc2dd857dad225612db4bc8da63ecd4f160f	REALIZABLE	0.032544244997552596	REALIZABLE	0.03611481300322339	REALIZABLE	0.026938128983601928	REALIZABLE	0.03112182900076732	stable-realizable	
ltl2dba_C2_pb_2_pe_.ltl	param:tlsf/ltl2dba/parametric/ltl2dba_C2.tlsf	ltl2dba_C2	param:tlsf/ltl2dba/parametric/ltl2dba_C2.tlsf:n=2	exact	n	"{""n"": 2}"	2	1	Mealy	Mealy	ae5cb2fd97ec40029590bf6cfd3da9d97b017e3c7d7810613724024e2560bb3d	REALIZABLE	0.03115566800988745	REALIZABLE	0.03607479500351474	REALIZABLE	0.029578362009488046	REALIZABLE	0.028688767983112484	stable-realizable	
ltl2dba_C2_pb_3_pe_.ltl	param:tlsf/ltl2dba/parametric/ltl2dba_C2.tlsf	ltl2dba_C2	param:tlsf/ltl2dba/parametric/ltl2dba_C2.tlsf:n=3	exact	n	"{""n"": 3}"	3	1	Mealy	Mealy	d30f34deca9b69be3e225e9b892aea874369cdfa724c78908d5a2e9a06b64c24	REALIZABLE	0.019911123999918345	REALIZABLE	0.021504448999621673	REALIZABLE	0.019058328005485237	REALIZABLE	0.014893703017150983	stable-realizable	
ltl2dba_C2_pb_4_pe_.ltl	param:tlsf/ltl2dba/parametric/ltl2dba_C2.tlsf	ltl2dba_C2	param:tlsf/ltl2dba/parametric/ltl2dba_C2.tlsf:n=4	exact	n	"{""n"": 4}"	4	1	Mealy	Mealy	3dadcee6552599d690aaa5b332f99f66a9fa46c2469292dcc67240d698b6d179	REALIZABLE	0.01588362098846119	REALIZABLE	0.03246790400589816	REALIZABLE	0.01680171999032609	REALIZABLE	0.02355155799887143	stable-realizable	
ltl2dba_C2_pb_50_pe_.ltl	param:tlsf/ltl2dba/parametric/ltl2dba_C2.tlsf	ltl2dba_C2	param:tlsf/ltl2dba/parametric/ltl2dba_C2.tlsf:n=50	exact	n	"{""n"": 50}"	50	1	Mealy	Mealy	230e2f3804d71e705d81faf4788432aa0b57002839f999ea8fd91fd5bc6ae02e	REALIZABLE	0.03005304299585987	REALIZABLE	0.018961378998938017	REALIZABLE	0.019471542997052893	REALIZABLE	0.01724390100571327	stable-realizable	
ltl2dba_C2_pb_5_pe_.ltl	param:tlsf/ltl2dba/parametric/ltl2dba_C2.tlsf	ltl2dba_C2	param:tlsf/ltl2dba/parametric/ltl2dba_C2.tlsf:n=5	exact	n	"{""n"": 5}"	5	1	Mealy	Mealy	08b35c02105cd2cd1478e16e9ed36be72746b1a5b2269b8968bfd343234f7a73	REALIZABLE	0.024696828004380222	REALIZABLE	0.032674328998837154	REALIZABLE	0.026429791003465652	REALIZABLE	0.026909426000202075	stable-realizable	
ltl2dba_C2_pb_60_pe_.ltl	param:tlsf/ltl2dba/parametric/ltl2dba_C2.tlsf	ltl2dba_C2	param:tlsf/ltl2dba/parametric/ltl2dba_C2.tlsf:n=60	exact	n	"{""n"": 60}"	60	1	Mealy	Mealy	131c24dbd8a93cc1c9b9ab032d3f5bbe2075b5939fd02f46c471c9d92820d3b2	REALIZABLE	0.01773881199915195	REALIZABLE	0.02557704399805516	REALIZABLE	0.027142658975208178	REALIZABLE	0.024181857996154577	stable-realizable	
ltl2dba_C2_pb_6_pe_.ltl	param:tlsf/ltl2dba/parametric/ltl2dba_C2.tlsf	ltl2dba_C2	param:tlsf/ltl2dba/parametric/ltl2dba_C2.tlsf:n=6	exact	n	"{""n"": 6}"	6	1	Mealy	Mealy	bb5d56342c9e4971f44ed4a809f1390fc9c0092b30e9d1654a5976deb380f094	REALIZABLE	0.018257455005368683	REALIZABLE	0.033204894003574736	REALIZABLE	0.028964235010789707	REALIZABLE	0.021794822998344898	stable-realizable	
ltl2dba_C2_pb_70_pe_.ltl	param:tlsf/ltl2dba/parametric/ltl2dba_C2.tlsf	ltl2dba_C2	param:tlsf/ltl2dba/parametric/ltl2dba_C2.tlsf:n=70	exact	n	"{""n"": 70}"	70	1	Mealy	Mealy	c595176577a45dd92beb1b0e2012ee2cfedc503193e15f83ef072a5e83ea5d87	REALIZABLE	0.037319786999432836	REALIZABLE	0.019033931999729248	REALIZABLE	0.03193529401323758	REALIZABLE	0.03396404697559774	stable-realizable	
ltl2dba_C2_pb_7_pe_.ltl	param:tlsf/ltl2dba/parametric/ltl2dba_C2.tlsf	ltl2dba_C2	param:tlsf/ltl2dba/parametric/ltl2dba_C2.tlsf:n=7	exact	n	"{""n"": 7}"	7	1	Mealy	Mealy	a7c098b2b36e19e749afeffed87efaf3aa64805056f4166d7ae57dd11bc85a8f	REALIZABLE	0.026094326000020374	REALIZABLE	0.02123875400138786	REALIZABLE	0.03314575299737044	REALIZABLE	0.034613205993082374	stable-realizable	
ltl2dba_C2_pb_80_pe_.ltl	param:tlsf/ltl2dba/parametric/ltl2dba_C2.tlsf	ltl2dba_C2	param:tlsf/ltl2dba/parametric/ltl2dba_C2.tlsf:n=80	exact	n	"{""n"": 80}"	80	1	Mealy	Mealy	48596e55e2597e5ad76d4011911369f268d3d64b604424197051d8f3bb89e26b	REALIZABLE	0.035912106999603566	REALIZABLE	0.03287915800319752	REALIZABLE	0.0279472770052962	REALIZABLE	0.016169198002899066	stable-realizable	
ltl2dba_C2_pb_8_pe_.ltl	param:tlsf/ltl2dba/parametric/ltl2dba_C2.tlsf	ltl2dba_C2	param:tlsf/ltl2dba/parametric/ltl2dba_C2.tlsf:n=8	exact	n	"{""n"": 8}"	8	1	Mealy	Mealy	85e2bca86c4f330c0d9120aaf933a034c976c591030b99f6b3dee032fe3939c5	REALIZABLE	0.031639229993743356	REALIZABLE	0.015659203003451694	REALIZABLE	0.015410257008625194	REALIZABLE	0.03382309101289138	stable-realizable	
ltl2dba_C2_pb_9_pe_.ltl	param:tlsf/ltl2dba/parametric/ltl2dba_C2.tlsf	ltl2dba_C2	param:tlsf/ltl2dba/parametric/ltl2dba_C2.tlsf:n=9	exact	n	"{""n"": 9}"	9	1	Mealy	Mealy	aefd58d5cc4fc54fd5b557cae800e8044bb3f556b2831d8fdcf62f49621b6b04	REALIZABLE	0.023631161006051116	REALIZABLE	0.018382742986432277	REALIZABLE	0.033970927994232625	REALIZABLE	0.031101298023713753	stable-realizable	
ltl2dba_C2_unreal_pb_100_pe_.ltl	param:tlsf/ltl2dba/parametric/ltl2dba_C2_unreal.tlsf	ltl2dba_C2_unreal	param:tlsf/ltl2dba/parametric/ltl2dba_C2_unreal.tlsf:n=100	exact	n	"{""n"": 100}"	100	1	Mealy	Mealy	fb086d4c4bd8269d4971aa63f31961ae95fc5554268b3b6236d88f073a3e355b	TIMEOUT		TIMEOUT		TIMEOUT		TIMEOUT		stable-unsolved	
ltl2dba_C2_unreal_pb_10_pe_.ltl	param:tlsf/ltl2dba/parametric/ltl2dba_C2_unreal.tlsf	ltl2dba_C2_unreal	param:tlsf/ltl2dba/parametric/ltl2dba_C2_unreal.tlsf:n=10	exact	n	"{""n"": 10}"	10	1	Mealy	Mealy	4316eb3ca363996c8d641ca033a0b9a42089a8e2899bc954d18b9d034d4a881c	UNREALIZABLE	0.11934964100510115	UNREALIZABLE	0.1078114629999618	UNREALIZABLE	0.1320833910140209	UNREALIZABLE	0.11936462498852052	stable-unrealizable	
ltl2dba_C2_unreal_pb_11_pe_.ltl	param:tlsf/ltl2dba/parametric/ltl2dba_C2_unreal.tlsf	ltl2dba_C2_unreal	param:tlsf/ltl2dba/parametric/ltl2dba_C2_unreal.tlsf:n=11	exact	n	"{""n"": 11}"	11	1	Mealy	Mealy	8a958bc3b406d482c01229dc0f11bdf1c59da82f1d070f14337cd6908790bbe1	UNREALIZABLE	0.2186385220120428	UNREALIZABLE	0.2223178940039361	UNREALIZABLE	0.243052580015501	UNREALIZABLE	0.2466539660235867	stable-unrealizable	
ltl2dba_C2_unreal_pb_12_pe_.ltl	param:tlsf/ltl2dba/parametric/ltl2dba_C2_unreal.tlsf	ltl2dba_C2_unreal	param:tlsf/ltl2dba/parametric/ltl2dba_C2_unreal.tlsf:n=12	exact	n	"{""n"": 12}"	12	1	Mealy	Mealy	c0725775d92800bc9c4bdaf4124e1e8b4092b3d2c2bda702414deb15e47ab85c	UNREALIZABLE	0.502391506001004	UNREALIZABLE	0.4762624940012756	UNREALIZABLE	0.5235332129814196	UNREALIZABLE	0.5056002199999057	stable-unrealizable	
ltl2dba_C2_unreal_pb_13_pe_.ltl	param:tlsf/ltl2dba/parametric/ltl2dba_C2_unreal.tlsf	ltl2dba_C2_unreal	param:tlsf/ltl2dba/parametric/ltl2dba_C2_unreal.tlsf:n=13	exact	n	"{""n"": 13}"	13	1	Mealy	Mealy	931e50e31a00324fc383f3e2affc59c81c204493db34b6fb475e3e56cabd0218	UNREALIZABLE	1.1823528870008886	UNREALIZABLE	1.2580111089991988	UNREALIZABLE	1.2420732150203548	UNREALIZABLE	1.2211529689957388	stable-unrealizable	
ltl2dba_C2_unreal_pb_14_pe_.ltl	param:tlsf/ltl2dba/parametric/ltl2dba_C2_unreal.tlsf	ltl2dba_C2_unreal	param:tlsf/ltl2dba/parametric/ltl2dba_C2_unreal.tlsf:n=14	exact	n	"{""n"": 14}"	14	1	Mealy	Mealy	c9a3701ca80e1ddf560bc9ed23adceec9ff27904e8dab88f382b61cb752ae1b9	UNREALIZABLE	3.2127715749957133	UNREALIZABLE	3.2067907259988715	UNREALIZABLE	3.39575325397891	UNREALIZABLE	3.2044115690223407	stable-unrealizable	
ltl2dba_C2_unreal_pb_15_pe_.ltl	param:tlsf/ltl2dba/parametric/ltl2dba_C2_unreal.tlsf	ltl2dba_C2_unreal	param:tlsf/ltl2dba/parametric/ltl2dba_C2_unreal.tlsf:n=15	exact	n	"{""n"": 15}"	15	1	Mealy	Mealy	0850ddb1f627bcdd7831cb96d38832cfa7b15d344a8d206524a9ea37d33ec81b	UNREALIZABLE	8.179953423998086	UNREALIZABLE	7.861859140997694	UNREALIZABLE	8.071698196028592	UNREALIZABLE	7.751420654996764	stable-unrealizable	
ltl2dba_C2_unreal_pb_16_pe_.ltl	param:tlsf/ltl2dba/parametric/ltl2dba_C2_unreal.tlsf	ltl2dba_C2_unreal	param:tlsf/ltl2dba/parametric/ltl2dba_C2_unreal.tlsf:n=16	exact	n	"{""n"": 16}"	16	1	Mealy	Mealy	8f1eaefc43417987ed946c1724fa68416d9e01feea21b7364dd7ffa17356be6a	UNREALIZABLE	20.123376169998664	UNREALIZABLE	20.461099851992913	TIMEOUT		TIMEOUT		stable-unrealizable	
ltl2dba_C2_unreal_pb_25_pe_.ltl	param:tlsf/ltl2dba/parametric/ltl2dba_C2_unreal.tlsf	ltl2dba_C2_unreal	param:tlsf/ltl2dba/parametric/ltl2dba_C2_unreal.tlsf:n=25	exact	n	"{""n"": 25}"	25	1	Mealy	Mealy	345e52fe829b14434cb200c07c50e37fb4618a3a247bc3987b9af6580eb0c178	TIMEOUT		TIMEOUT		TIMEOUT		TIMEOUT		stable-unsolved	
ltl2dba_C2_unreal_pb_2_pe_.ltl	param:tlsf/ltl2dba/parametric/ltl2dba_C2_unreal.tlsf	ltl2dba_C2_unreal	param:tlsf/ltl2dba/parametric/ltl2dba_C2_unreal.tlsf:n=2	exact	n	"{""n"": 2}"	2	1	Mealy	Mealy	705411d6d8e4e1899f761121f3f0acdf10ba7c0bcfe6bf5ecd2c45cd65268c21	UNREALIZABLE	0.01792346400907263	UNREALIZABLE	0.02140499500092119	UNREALIZABLE	0.037164984008995816	UNREALIZABLE	0.023128311993787065	stable-unrealizable	
ltl2dba_C2_unreal_pb_3_pe_.ltl	param:tlsf/ltl2dba/parametric/ltl2dba_C2_unreal.tlsf	ltl2dba_C2_unreal	param:tlsf/ltl2dba/parametric/ltl2dba_C2_unreal.tlsf:n=3	exact	n	"{""n"": 3}"	3	1	Mealy	Mealy	d42489f7080b85867fcb0c2ba03f7e9bc9d1dd715b071f946421d5a2ad780777	UNREALIZABLE	0.025947355999960564	UNREALIZABLE	0.021249650992103852	UNREALIZABLE	0.020169248979073018	UNREALIZABLE	0.021339176018955186	stable-unrealizable	
ltl2dba_C2_unreal_pb_4_pe_.ltl	param:tlsf/ltl2dba/parametric/ltl2dba_C2_unreal.tlsf	ltl2dba_C2_unreal	param:tlsf/ltl2dba/parametric/ltl2dba_C2_unreal.tlsf:n=4	exact	n	"{""n"": 4}"	4	1	Mealy	Mealy	c955c5ca1625686833bd56ed9940754b1ccb1e9ff87893a046f3c6d1d14d47c5	UNREALIZABLE	0.01809721799509134	UNREALIZABLE	0.02407524798763916	UNREALIZABLE	0.01965645101154223	UNREALIZABLE	0.019160530006047338	stable-unrealizable	
ltl2dba_C2_unreal_pb_50_pe_.ltl	param:tlsf/ltl2dba/parametric/ltl2dba_C2_unreal.tlsf	ltl2dba_C2_unreal	param:tlsf/ltl2dba/parametric/ltl2dba_C2_unreal.tlsf:n=50	exact	n	"{""n"": 50}"	50	1	Mealy	Mealy	bac34ec25f5d843c91541cf7c2aaff7da6b8b3b6891e52b2e16181da9d2515a5	TIMEOUT		TIMEOUT		TIMEOUT		TIMEOUT		stable-unsolved	
ltl2dba_C2_unreal_pb_5_pe_.ltl	param:tlsf/ltl2dba/parametric/ltl2dba_C2_unreal.tlsf	ltl2dba_C2_unreal	param:tlsf/ltl2dba/parametric/ltl2dba_C2_unreal.tlsf:n=5	exact	n	"{""n"": 5}"	5	1	Mealy	Mealy	f135ecc438dc4aefdd7db221f2a45d629fc1a8a3ab02291032a657de95861493	UNREALIZABLE	0.04459566700097639	UNREALIZABLE	0.032307148998370394	UNREALIZABLE	0.0488745289912913	UNREALIZABLE	0.04665213299449533	stable-unrealizable	
ltl2dba_C2_unreal_pb_60_pe_.ltl	param:tlsf/ltl2dba/parametric/ltl2dba_C2_unreal.tlsf	ltl2dba_C2_unreal	param:tlsf/ltl2dba/parametric/ltl2dba_C2_unreal.tlsf:n=60	exact	n	"{""n"": 60}"	60	1	Mealy	Mealy	b24a9eefc761d34284c5ab2d9e3b96c0ee55c0f68adc9b2c309ef21ca8dae9a1	TIMEOUT		TIMEOUT		TIMEOUT		TIMEOUT		stable-unsolved	
ltl2dba_C2_unreal_pb_6_pe_.ltl	param:tlsf/ltl2dba/parametric/ltl2dba_C2_unreal.tlsf	ltl2dba_C2_unreal	param:tlsf/ltl2dba/parametric/ltl2dba_C2_unreal.tlsf:n=6	exact	n	"{""n"": 6}"	6	1	Mealy	Mealy	4453395ce8559df13f3efbb57a8d62e1730f465a2b2f693f4128951afac3f210	UNREALIZABLE	0.04862065600173082	UNREALIZABLE	0.03017784800613299	UNREALIZABLE	0.04055690800305456	UNREALIZABLE	0.046901742985937744	stable-unrealizable	
ltl2dba_C2_unreal_pb_70_pe_.ltl	param:tlsf/ltl2dba/parametric/ltl2dba_C2_unreal.tlsf	ltl2dba_C2_unreal	param:tlsf/ltl2dba/parametric/ltl2dba_C2_unreal.tlsf:n=70	exact	n	"{""n"": 70}"	70	1	Mealy	Mealy	fffe2ab47545585146fc918fcb3f3cbec41851e07024189c9b7d57dcfb15fa9f	TIMEOUT		TIMEOUT		TIMEOUT		TIMEOUT		stable-unsolved	
ltl2dba_C2_unreal_pb_7_pe_.ltl	param:tlsf/ltl2dba/parametric/ltl2dba_C2_unreal.tlsf	ltl2dba_C2_unreal	param:tlsf/ltl2dba/parametric/ltl2dba_C2_unreal.tlsf:n=7	exact	n	"{""n"": 7}"	7	1	Mealy	Mealy	144d1516fdfab806f5f7584b12f6d1f66e17b0840af572dbcf0f51e646d14850	UNREALIZABLE	0.04850152399740182	UNREALIZABLE	0.04720087899477221	UNREALIZABLE	0.030647883017081767	UNREALIZABLE	0.05564730800688267	stable-unrealizable	
ltl2dba_C2_unreal_pb_80_pe_.ltl	param:tlsf/ltl2dba/parametric/ltl2dba_C2_unreal.tlsf	ltl2dba_C2_unreal	param:tlsf/ltl2dba/parametric/ltl2dba_C2_unreal.tlsf:n=80	exact	n	"{""n"": 80}"	80	1	Mealy	Mealy	d934fb80df564914e17ef1edbe5b0ff498ed2e77dad4a9d050b72824c90c3c8d	TIMEOUT		TIMEOUT		TIMEOUT		TIMEOUT		stable-unsolved	
ltl2dba_C2_unreal_pb_8_pe_.ltl	param:tlsf/ltl2dba/parametric/ltl2dba_C2_unreal.tlsf	ltl2dba_C2_unreal	param:tlsf/ltl2dba/parametric/ltl2dba_C2_unreal.tlsf:n=8	exact	n	"{""n"": 8}"	8	1	Mealy	Mealy	a0ae3c6da5577ae9ece5745de96afa84bc04da08362c29e712ac7d86b445053e	UNREALIZABLE	0.03736379299880355	UNREALIZABLE	0.03930067900000722	UNREALIZABLE	0.03784313501091674	UNREALIZABLE	0.03863981700851582	stable-unrealizable	
ltl2dba_C2_unreal_pb_9_pe_.ltl	param:tlsf/ltl2dba/parametric/ltl2dba_C2_unreal.tlsf	ltl2dba_C2_unreal	param:tlsf/ltl2dba/parametric/ltl2dba_C2_unreal.tlsf:n=9	exact	n	"{""n"": 9}"	9	1	Mealy	Mealy	0c4d5ba291fdd68b6da44385a2e979a0b3a2d2449b2d1840e83139999d68c4a4	UNREALIZABLE	0.06382215399935376	UNREALIZABLE	0.07062421499904303	UNREALIZABLE	0.06755592199624516	UNREALIZABLE	0.05687424499774352	stable-unrealizable	
ltl2dba_E_pb_10_pe_.ltl	param:tlsf/ltl2dba/parametric/ltl2dba_E.tlsf	ltl2dba_E	param:tlsf/ltl2dba/parametric/ltl2dba_E.tlsf:n=10	exact	n	"{""n"": 10}"	10	1	Mealy	Mealy	fa5d030da7850c535af3339f8357db46755ab2d3768e70e2a3de642584b0f3b2	REALIZABLE	0.03068332400289364	REALIZABLE	0.021317937993444502	REALIZABLE	0.02767528998083435	REALIZABLE	0.030326275009429082	stable-realizable	
ltl2dba_E_pb_12_pe_.ltl	param:tlsf/ltl2dba/parametric/ltl2dba_E.tlsf	ltl2dba_E	param:tlsf/ltl2dba/parametric/ltl2dba_E.tlsf:n=12	exact	n	"{""n"": 12}"	12	1	Mealy	Mealy	8d094f9826e78c39d9ed39bb3ef55edd20b60b13a8e932195ffdcd562a09497e	REALIZABLE	0.037679388999094954	REALIZABLE	0.028554459997394588	REALIZABLE	0.031758897996041924	REALIZABLE	0.024644088000059128	stable-realizable	
ltl2dba_E_pb_14_pe_.ltl	param:tlsf/ltl2dba/parametric/ltl2dba_E.tlsf	ltl2dba_E	param:tlsf/ltl2dba/parametric/ltl2dba_E.tlsf:n=14	exact	n	"{""n"": 14}"	14	1	Mealy	Mealy	1ee5b3f9ab6dce3783acd0288ef1b45bb93774cffbcc14ff57ab0e7921cbbf87	REALIZABLE	0.021770087998447707	REALIZABLE	0.0275320209984784	REALIZABLE	0.037939609988825396	REALIZABLE	0.034540785010904074	stable-realizable	
ltl2dba_E_pb_15_pe_.ltl	param:tlsf/ltl2dba/parametric/ltl2dba_E.tlsf	ltl2dba_E	param:tlsf/ltl2dba/parametric/ltl2dba_E.tlsf:n=15	exact	n	"{""n"": 15}"	15	1	Mealy	Mealy	7d97199b3460bf76c1af040cc6732f250d3272ffdc2ac889662563acaf81bde4	REALIZABLE	0.02714901600029407	REALIZABLE	0.020600126999852364	REALIZABLE	0.033354107988998294	REALIZABLE	0.03599270700942725	stable-realizable	
ltl2dba_E_pb_16_pe_.ltl	param:tlsf/ltl2dba/parametric/ltl2dba_E.tlsf	ltl2dba_E	param:tlsf/ltl2dba/parametric/ltl2dba_E.tlsf:n=16	exact	n	"{""n"": 16}"	16	1	Mealy	Mealy	edcb1f53168111af20156b9a811478489cbb0475d290167104a1610812924f46	REALIZABLE	0.029355082006077282	REALIZABLE	0.03631282200512942	REALIZABLE	0.01785392899182625	REALIZABLE	0.03187201000400819	stable-realizable	
ltl2dba_E_pb_1_pe_.ltl	param:tlsf/ltl2dba/parametric/ltl2dba_E.tlsf	ltl2dba_E	param:tlsf/ltl2dba/parametric/ltl2dba_E.tlsf:n=1	exact	n	"{""n"": 1}"	1	1	Mealy	Mealy	e5001a063fa68c0ff52cdaf3d15df8bc0c2797102762b24f290cbd9317a93f88	REALIZABLE	0.02174559000559384	REALIZABLE	0.03125430900399806	REALIZABLE	0.030297076009446755	REALIZABLE	0.03961548299412243	stable-realizable	
ltl2dba_E_pb_2_pe_.ltl	param:tlsf/ltl2dba/parametric/ltl2dba_E.tlsf	ltl2dba_E	param:tlsf/ltl2dba/parametric/ltl2dba_E.tlsf:n=2	exact	n	"{""n"": 2}"	2	1	Mealy	Mealy	0ac37af4e9bbc385dee2b6120330b37b971aa96cf7bd9a0f6ac97fce1efbc071	REALIZABLE	0.01906241800315911	REALIZABLE	0.0220048039991525	REALIZABLE	0.020124746020883322	REALIZABLE	0.02521265798714012	stable-realizable	
ltl2dba_E_pb_3_pe_.ltl	param:tlsf/ltl2dba/parametric/ltl2dba_E.tlsf	ltl2dba_E	param:tlsf/ltl2dba/parametric/ltl2dba_E.tlsf:n=3	exact	n	"{""n"": 3}"	3	1	Mealy	Mealy	bcf1dcd579dac287ddc177853c32f62a4b3c10688a7516504d998ed9f47153e2	REALIZABLE	0.032372191999456845	REALIZABLE	0.03577362200303469	REALIZABLE	0.027882509981282055	REALIZABLE	0.03183390499907546	stable-realizable	
ltl2dba_E_pb_4_pe_.ltl	param:tlsf/ltl2dba/parametric/ltl2dba_E.tlsf	ltl2dba_E	param:tlsf/ltl2dba/parametric/ltl2dba_E.tlsf:n=4	exact	n	"{""n"": 4}"	4	1	Mealy	Mealy	3553fd44bc2444392ee65a702e069e4c2e8ab92844afa74885dd0966a4942eaf	REALIZABLE	0.029175945001043146	REALIZABLE	0.02815681200081599	REALIZABLE	0.03070187399862334	REALIZABLE	0.03306228099972941	stable-realizable	
ltl2dba_E_pb_5_pe_.ltl	param:tlsf/ltl2dba/parametric/ltl2dba_E.tlsf	ltl2dba_E	param:tlsf/ltl2dba/parametric/ltl2dba_E.tlsf:n=5	exact	n	"{""n"": 5}"	5	1	Mealy	Mealy	c6966430ae606d7fc1ce59b5861315265a0309f7938cfdb41e9012e8d0f68af2	REALIZABLE	0.02095146400097292	REALIZABLE	0.02246684700367041	REALIZABLE	0.02117090200772509	REALIZABLE	0.020558826014166698	stable-realizable	
ltl2dba_E_pb_6_pe_.ltl	param:tlsf/ltl2dba/parametric/ltl2dba_E.tlsf	ltl2dba_E	param:tlsf/ltl2dba/parametric/ltl2dba_E.tlsf:n=6	exact	n	"{""n"": 6}"	6	1	Mealy	Mealy	5d7f635f07f8f11e2b8fff6f6d11a34be03bbc9dfc7452b00bf8a7ba689c183f	REALIZABLE	0.028916971990838647	REALIZABLE	0.030841069004964083	REALIZABLE	0.030180366011336446	REALIZABLE	0.028865453001344576	stable-realizable	
ltl2dba_E_pb_7_pe_.ltl	param:tlsf/ltl2dba/parametric/ltl2dba_E.tlsf	ltl2dba_E	param:tlsf/ltl2dba/parametric/ltl2dba_E.tlsf:n=7	exact	n	"{""n"": 7}"	7	1	Mealy	Mealy	7e798db8b0eedeaa6880ace26bf4d4c3d93baf94b5cab856dfecfd222f216748	REALIZABLE	0.020715020997158717	REALIZABLE	0.017545985996548552	REALIZABLE	0.021835752006154507	REALIZABLE	0.017681380995782092	stable-realizable	
ltl2dba_E_pb_8_pe_.ltl	param:tlsf/ltl2dba/parametric/ltl2dba_E.tlsf	ltl2dba_E	param:tlsf/ltl2dba/parametric/ltl2dba_E.tlsf:n=8	exact	n	"{""n"": 8}"	8	1	Mealy	Mealy	97f6ea53afd1ca08850192d72e7bbac13dc397129757427494a5061e11d327f4	REALIZABLE	0.0370967710041441	REALIZABLE	0.0211790360044688	REALIZABLE	0.02591666200896725	REALIZABLE	0.03483093300019391	stable-realizable	
ltl2dba_E_pb_9_pe_.ltl	param:tlsf/ltl2dba/parametric/ltl2dba_E.tlsf	ltl2dba_E	param:tlsf/ltl2dba/parametric/ltl2dba_E.tlsf:n=9	exact	n	"{""n"": 9}"	9	1	Mealy	Mealy	7a51bb3c93f823bd662538d183c5d7cf0a1e095e820872e212c2aa362a4f3d70	REALIZABLE	0.02096042298944667	REALIZABLE	0.026797468002769165	REALIZABLE	0.018782419007038698	REALIZABLE	0.018092610989697278	stable-realizable	
ltl2dba_Q_pb_100_pe_.ltl	param:tlsf/ltl2dba/parametric/ltl2dba_Q.tlsf	ltl2dba_Q	param:tlsf/ltl2dba/parametric/ltl2dba_Q.tlsf:n=100	exact	n	"{""n"": 100}"	100	1	Mealy	Mealy	85f5f64d6e1248579262bf53bbc54bf08a6b7ef07685bf5b0079b4d0147ab569	REALIZABLE	0.03406521100259852	REALIZABLE	0.035153575998265296	REALIZABLE	0.030721443996299058	REALIZABLE	0.0339285229856614	stable-realizable	
ltl2dba_Q_pb_10_pe_.ltl	param:tlsf/ltl2dba/parametric/ltl2dba_Q.tlsf	ltl2dba_Q	param:tlsf/ltl2dba/parametric/ltl2dba_Q.tlsf:n=10	exact	n	"{""n"": 10}"	10	1	Mealy	Mealy	73bb5ea646b27aec2c17309999511e17de1112f8711181cdeff597bd99f093dd	REALIZABLE	0.021410861998447217	REALIZABLE	0.017163002001325367	REALIZABLE	0.021591980010271072	REALIZABLE	0.019591906981077045	stable-realizable	
ltl2dba_Q_pb_12_pe_.ltl	param:tlsf/ltl2dba/parametric/ltl2dba_Q.tlsf	ltl2dba_Q	param:tlsf/ltl2dba/parametric/ltl2dba_Q.tlsf:n=12	exact	n	"{""n"": 12}"	12	1	Mealy	Mealy	c3f166afba81c24a1c10f37233cb9b163adfb00901968cfb9f6fe5180ddfd8f6	REALIZABLE	0.029781534998619463	REALIZABLE	0.014732985000591725	REALIZABLE	0.027418796002166346	REALIZABLE	0.027555075997952372	stable-realizable	
ltl2dba_Q_pb_15_pe_.ltl	param:tlsf/ltl2dba/parametric/ltl2dba_Q.tlsf	ltl2dba_Q	param:tlsf/ltl2dba/parametric/ltl2dba_Q.tlsf:n=15	exact	n	"{""n"": 15}"	15	1	Mealy	Mealy	1a3abf06c5ffb5b9d06e28d3bb5c0721034056848536b515ce17c4ed10969326	REALIZABLE	0.025112067999543797	REALIZABLE	0.020426616999429825	REALIZABLE	0.02941433500382118	REALIZABLE	0.029359078005654737	stable-realizable	
ltl2dba_Q_pb_18_pe_.ltl	param:tlsf/ltl2dba/parametric/ltl2dba_Q.tlsf	ltl2dba_Q	param:tlsf/ltl2dba/parametric/ltl2dba_Q.tlsf:n=18	exact	n	"{""n"": 18}"	18	1	Mealy	Mealy	e42187701b3b111fc2541b9390e8d93a8bd084be5e4a0fb65c4564e406ca4ae3	REALIZABLE	0.030152933002682403	REALIZABLE	0.01710896900476655	REALIZABLE	0.027884870010893792	REALIZABLE	0.02970922298845835	stable-realizable	
ltl2dba_Q_pb_1_pe_.ltl	param:tlsf/ltl2dba/parametric/ltl2dba_Q.tlsf	ltl2dba_Q	param:tlsf/ltl2dba/parametric/ltl2dba_Q.tlsf:n=1	exact	n	"{""n"": 1}"	1	1	Mealy	Mealy	a749d7ba2e0bf043a1d7814ae8209ae517c1b2c73882b9d8722d46ecef6ac174	REALIZABLE	0.030869736001477577	REALIZABLE	0.015467700999579392	REALIZABLE	0.027451036003185436	REALIZABLE	0.03392305999295786	stable-realizable	
ltl2dba_Q_pb_25_pe_.ltl	param:tlsf/ltl2dba/parametric/ltl2dba_Q.tlsf	ltl2dba_Q	param:tlsf/ltl2dba/parametric/ltl2dba_Q.tlsf:n=25	exact	n	"{""n"": 25}"	25	1	Mealy	Mealy	5a7446f666932d16831fb6039d7bed115e5c0672d629af8ec132399e8350c2e5	REALIZABLE	0.015955408998706844	REALIZABLE	0.030956405000324594	REALIZABLE	0.029806063015712425	REALIZABLE	0.0317646799958311	stable-realizable	
ltl2dba_Q_pb_2_pe_.ltl	param:tlsf/ltl2dba/parametric/ltl2dba_Q.tlsf	ltl2dba_Q	param:tlsf/ltl2dba/parametric/ltl2dba_Q.tlsf:n=2	exact	n	"{""n"": 2}"	2	1	Mealy	Mealy	7b5d977fe2c56f44f94cec17e3886aee663cb619eab3cad1a7ea676b3ede3261	REALIZABLE	0.015081008001288865	REALIZABLE	0.022976923999522114	REALIZABLE	0.017526289011584595	REALIZABLE	0.024513747019227594	stable-realizable	
ltl2dba_Q_pb_3_pe_.ltl	param:tlsf/ltl2dba/parametric/ltl2dba_Q.tlsf	ltl2dba_Q	param:tlsf/ltl2dba/parametric/ltl2dba_Q.tlsf:n=3	exact	n	"{""n"": 3}"	3	1	Mealy	Mealy	00c59303ae799e9c37b4f73f2a7ad743049d24a985bd87c1c29c3bf6f43baa5e	REALIZABLE	0.03158177499790327	REALIZABLE	0.037811335001606494	REALIZABLE	0.03690996498335153	REALIZABLE	0.025782910000998527	stable-realizable	
ltl2dba_Q_pb_4_pe_.ltl	param:tlsf/ltl2dba/parametric/ltl2dba_Q.tlsf	ltl2dba_Q	param:tlsf/ltl2dba/parametric/ltl2dba_Q.tlsf:n=4	exact	n	"{""n"": 4}"	4	1	Mealy	Mealy	266ad3e77d6b7cc555b923fc4ee6df2ab0971c591f20ab18fdb181dbaa76a6e0	REALIZABLE	0.03344161000131862	REALIZABLE	0.015501535002840683	REALIZABLE	0.032086218998301774	REALIZABLE	0.03264354300335981	stable-realizable	
ltl2dba_Q_pb_50_pe_.ltl	param:tlsf/ltl2dba/parametric/ltl2dba_Q.tlsf	ltl2dba_Q	param:tlsf/ltl2dba/parametric/ltl2dba_Q.tlsf:n=50	exact	n	"{""n"": 50}"	50	1	Mealy	Mealy	8ffd95c5f09b84556f4a86198411bd1a798355c854ee17f344813114d9fb29e6	REALIZABLE	0.038196269000764005	REALIZABLE	0.03835867901216261	REALIZABLE	0.034835767990443856	REALIZABLE	0.034036185999866575	stable-realizable	
ltl2dba_Q_pb_5_pe_.ltl	param:tlsf/ltl2dba/parametric/ltl2dba_Q.tlsf	ltl2dba_Q	param:tlsf/ltl2dba/parametric/ltl2dba_Q.tlsf:n=5	exact	n	"{""n"": 5}"	5	1	Mealy	Mealy	34413ffd5afe7add54a063b89695c09ae07f336aef1ed4a5ae4f3e9889437bca	REALIZABLE	0.017356038999423617	REALIZABLE	0.014796459001445328	REALIZABLE	0.023552259983262047	REALIZABLE	0.016423878987552598	stable-realizable	
ltl2dba_Q_pb_6_pe_.ltl	param:tlsf/ltl2dba/parametric/ltl2dba_Q.tlsf	ltl2dba_Q	param:tlsf/ltl2dba/parametric/ltl2dba_Q.tlsf:n=6	exact	n	"{""n"": 6}"	6	1	Mealy	Mealy	ed48098a5adb1366d04e45e85fa63277c32b725e1c63a004be11fb6ba2946be2	REALIZABLE	0.025678035999590065	REALIZABLE	0.02002377700046054	REALIZABLE	0.0287609459774103	REALIZABLE	0.027968723006779328	stable-realizable	
ltl2dba_Q_pb_7_pe_.ltl	param:tlsf/ltl2dba/parametric/ltl2dba_Q.tlsf	ltl2dba_Q	param:tlsf/ltl2dba/parametric/ltl2dba_Q.tlsf:n=7	exact	n	"{""n"": 7}"	7	1	Mealy	Mealy	d17a39de9dcb3139be6ac61f86a2f3660f69697a386d110f74acf1018454af04	REALIZABLE	0.034401119002723135	REALIZABLE	0.03374963899841532	REALIZABLE	0.028318864991888404	REALIZABLE	0.03620782800135203	stable-realizable	
ltl2dba_Q_pb_8_pe_.ltl	param:tlsf/ltl2dba/parametric/ltl2dba_Q.tlsf	ltl2dba_Q	param:tlsf/ltl2dba/parametric/ltl2dba_Q.tlsf:n=8	exact	n	"{""n"": 8}"	8	1	Mealy	Mealy	d7cf655452c7b73b96777eb093da5cf088f771292069524e320d0ca7bb5e8518	REALIZABLE	0.019712546993105207	REALIZABLE	0.032139295999513706	REALIZABLE	0.01604935701470822	REALIZABLE	0.029818030016031116	stable-realizable	
ltl2dba_R_pb_10_pe_.ltl	param:tlsf/ltl2dba/parametric/ltl2dba_R.tlsf	ltl2dba_R	param:tlsf/ltl2dba/parametric/ltl2dba_R.tlsf:n=10	exact	n	"{""n"": 10}"	10	1	Mealy	Mealy	19f6d12a5d1aa9080e1fffa16514b72181d3801c558a6d33ef65b4c9401bd345	TIMEOUT		TIMEOUT		TIMEOUT		TIMEOUT		stable-unsolved	
ltl2dba_R_pb_11_pe_.ltl	param:tlsf/ltl2dba/parametric/ltl2dba_R.tlsf	ltl2dba_R	param:tlsf/ltl2dba/parametric/ltl2dba_R.tlsf:n=11	exact	n	"{""n"": 11}"	11	1	Mealy	Mealy	5f7c493949a1c7664194fb696702d3a6e9f55a46def87bb82438c1092d0e7162	TIMEOUT		TIMEOUT		TIMEOUT		TIMEOUT		stable-unsolved	
ltl2dba_R_pb_12_pe_.ltl	param:tlsf/ltl2dba/parametric/ltl2dba_R.tlsf	ltl2dba_R	param:tlsf/ltl2dba/parametric/ltl2dba_R.tlsf:n=12	exact	n	"{""n"": 12}"	12	1	Mealy	Mealy	99ed5b9ac62e8fb2a7af83f6b46293c1480abfd98d9748c0dbebe0554624026c	TIMEOUT		TIMEOUT		TIMEOUT		TIMEOUT		stable-unsolved	
ltl2dba_R_pb_14_pe_.ltl	param:tlsf/ltl2dba/parametric/ltl2dba_R.tlsf	ltl2dba_R	param:tlsf/ltl2dba/parametric/ltl2dba_R.tlsf:n=14	exact	n	"{""n"": 14}"	14	1	Mealy	Mealy	153bc89bcd4ec6aa78e1479240fda159f9217ec1e094e00a0296a31b8ac99670	TIMEOUT		TIMEOUT		TIMEOUT		TIMEOUT		stable-unsolved	
ltl2dba_R_pb_1_pe_.ltl	param:tlsf/ltl2dba/parametric/ltl2dba_R.tlsf	ltl2dba_R	param:tlsf/ltl2dba/parametric/ltl2dba_R.tlsf:n=1	exact	n	"{""n"": 1}"	1	1	Mealy	Mealy	1ed90abf1ad4b413d453c50983398fd6ac8e0f6c883a14f7786ac5e513cf266d	REALIZABLE	0.016910233000089647	REALIZABLE	0.033263942999838036	REALIZABLE	0.023933037999086082	REALIZABLE	0.03268221698817797	stable-realizable	
ltl2dba_R_pb_2_pe_.ltl	param:tlsf/ltl2dba/parametric/ltl2dba_R.tlsf	ltl2dba_R	param:tlsf/ltl2dba/parametric/ltl2dba_R.tlsf:n=2	exact	n	"{""n"": 2}"	2	1	Mealy	Mealy	f5b58cb52f64a8804adb06f9641e3129701f758205af7366b63affb479041267	UNREALIZABLE	0.020366882001326303	UNREALIZABLE	0.02242791300159297	UNREALIZABLE	0.023888956988230348	UNREALIZABLE	0.036073005001526326	stable-unrealizable	
ltl2dba_R_pb_3_pe_.ltl	param:tlsf/ltl2dba/parametric/ltl2dba_R.tlsf	ltl2dba_R	param:tlsf/ltl2dba/parametric/ltl2dba_R.tlsf:n=3	exact	n	"{""n"": 3}"	3	1	Mealy	Mealy	373ceb9903a98821b56efa69348577fea7c40aaee701b1602cb5dee520d14724	UNREALIZABLE	0.0388002779945964	UNREALIZABLE	0.02810553701419849	UNREALIZABLE	0.03281565097859129	UNREALIZABLE	0.03358757199021056	stable-unrealizable	
ltl2dba_R_pb_4_pe_.ltl	param:tlsf/ltl2dba/parametric/ltl2dba_R.tlsf	ltl2dba_R	param:tlsf/ltl2dba/parametric/ltl2dba_R.tlsf:n=4	exact	n	"{""n"": 4}"	4	1	Mealy	Mealy	ae5114b9805fab963205d949b94836f2079b0c9d289cc044f1dfa9e053d02621	UNREALIZABLE	0.0317752869996184	UNREALIZABLE	0.025665533998108003	UNREALIZABLE	0.041360845003509894	UNREALIZABLE	0.03797022200888023	stable-unrealizable	
ltl2dba_R_pb_5_pe_.ltl	param:tlsf/ltl2dba/parametric/ltl2dba_R.tlsf	ltl2dba_R	param:tlsf/ltl2dba/parametric/ltl2dba_R.tlsf:n=5	exact	n	"{""n"": 5}"	5	1	Mealy	Mealy	0a23b148af92decc319419068e7eb95e7da1e4326b8977ca8c9b8fcde8c1a73a	UNREALIZABLE	0.09412116999737918	UNREALIZABLE	0.07725612899957923	UNREALIZABLE	0.09033564300625585	UNREALIZABLE	0.09982582100201398	stable-unrealizable	
ltl2dba_R_pb_6_pe_.ltl	param:tlsf/ltl2dba/parametric/ltl2dba_R.tlsf	ltl2dba_R	param:tlsf/ltl2dba/parametric/ltl2dba_R.tlsf:n=6	exact	n	"{""n"": 6}"	6	1	Mealy	Mealy	c430305c08c0624d3e037d6205ee5f58f641b12a3230e440918d9ecdae3aebd8	UNREALIZABLE	0.6231713799970748	UNREALIZABLE	0.560411803999159	UNREALIZABLE	0.5831109540013131	UNREALIZABLE	0.5843738039839081	stable-unrealizable	
ltl2dba_R_pb_7_pe_.ltl	param:tlsf/ltl2dba/parametric/ltl2dba_R.tlsf	ltl2dba_R	param:tlsf/ltl2dba/parametric/ltl2dba_R.tlsf:n=7	exact	n	"{""n"": 7}"	7	1	Mealy	Mealy	4480f92e35a46c3af783579f320002704f2eee6d9da6fb33edd78904adc0e102	UNREALIZABLE	6.687265182999909	UNREALIZABLE	6.534137863000069	UNREALIZABLE	6.7013146149984095	UNREALIZABLE	6.725324377999641	stable-unrealizable	
ltl2dba_R_pb_8_pe_.ltl	param:tlsf/ltl2dba/parametric/ltl2dba_R.tlsf	ltl2dba_R	param:tlsf/ltl2dba/parametric/ltl2dba_R.tlsf:n=8	exact	n	"{""n"": 8}"	8	1	Mealy	Mealy	9e63fdc402300beadb1901442f7f803aa9bb5c3579084e802ac24a7a3e69c7b8	UNREALIZABLE	90.990242423999	UNREALIZABLE	84.97440854600427	TIMEOUT		TIMEOUT		stable-unrealizable	
ltl2dba_U1_pb_100_pe_.ltl	param:tlsf/ltl2dba/parametric/ltl2dba_U1.tlsf	ltl2dba_U1	param:tlsf/ltl2dba/parametric/ltl2dba_U1.tlsf:n=100	exact	n	"{""n"": 100}"	100	1	Mealy	Mealy	4a802833d94e257a498bb395344a5b1bc6d0acb16bdc41c7878b1ea58e6eaa30	REALIZABLE	0.03732059100002516	REALIZABLE	0.016102351000881754	REALIZABLE	0.03824494901346043	REALIZABLE	0.03021472302498296	stable-realizable	
ltl2dba_U1_pb_10_pe_.ltl	param:tlsf/ltl2dba/parametric/ltl2dba_U1.tlsf	ltl2dba_U1	param:tlsf/ltl2dba/parametric/ltl2dba_U1.tlsf:n=10	exact	n	"{""n"": 10}"	10	1	Mealy	Mealy	a27c9c208cecf489241dd2911cd7e3d53dba9443a044806ea5fe4f9998ed31bb	REALIZABLE	0.01597644000139553	REALIZABLE	0.01753829500012216	REALIZABLE	0.0175265499856323	REALIZABLE	0.027367817994672805	stable-realizable	
ltl2dba_U1_pb_12_pe_.ltl	param:tlsf/ltl2dba/parametric/ltl2dba_U1.tlsf	ltl2dba_U1	param:tlsf/ltl2dba/parametric/ltl2dba_U1.tlsf:n=12	exact	n	"{""n"": 12}"	12	1	Mealy	Mealy	3d919891db7124567dba400c91691ea5ccbddfba537389b5fd2d3db3be24da1f	REALIZABLE	0.015769630997965578	REALIZABLE	0.025806761004787404	REALIZABLE	0.03482665799674578	REALIZABLE	0.01893410799675621	stable-realizable	
ltl2dba_U1_pb_15_pe_.ltl	param:tlsf/ltl2dba/parametric/ltl2dba_U1.tlsf	ltl2dba_U1	param:tlsf/ltl2dba/parametric/ltl2dba_U1.tlsf:n=15	exact	n	"{""n"": 15}"	15	1	Mealy	Mealy	b7e6d31ef41bd8ebf5137fcfb47e45676ab03f11541d2f98728627da59597f35	REALIZABLE	0.03253296799812233	REALIZABLE	0.018147111004509497	REALIZABLE	0.031492171983700246	REALIZABLE	0.03308987198397517	stable-realizable	
ltl2dba_U1_pb_18_pe_.ltl	param:tlsf/ltl2dba/parametric/ltl2dba_U1.tlsf	ltl2dba_U1	param:tlsf/ltl2dba/parametric/ltl2dba_U1.tlsf:n=18	exact	n	"{""n"": 18}"	18	1	Mealy	Mealy	b65f4953fadfe5c25a5d2217d5dc3a0e999c86d2631937cf4dc60813bfae445e	REALIZABLE	0.013572480995208025	REALIZABLE	0.03273346599598881	REALIZABLE	0.015261591994203627	REALIZABLE	0.022599018004257232	stable-realizable	
ltl2dba_U1_pb_1_pe_.ltl	param:tlsf/ltl2dba/parametric/ltl2dba_U1.tlsf	ltl2dba_U1	param:tlsf/ltl2dba/parametric/ltl2dba_U1.tlsf:n=1	exact	n	"{""n"": 1}"	1	1	Mealy	Mealy	a85530e506acec902f304b64056418ea28b035fb9d4c2429f2090b048be6d2b1	REALIZABLE	0.014915017996827373	REALIZABLE	0.02379048100192449	REALIZABLE	0.022525606997078285	REALIZABLE	0.01714210500358604	stable-realizable	
ltl2dba_U1_pb_25_pe_.ltl	param:tlsf/ltl2dba/parametric/ltl2dba_U1.tlsf	ltl2dba_U1	param:tlsf/ltl2dba/parametric/ltl2dba_U1.tlsf:n=25	exact	n	"{""n"": 25}"	25	1	Mealy	Mealy	e26395c79c8e61a36070f8ed41982694c18b5baaa46cdb1e50befcb36d16e075	REALIZABLE	0.014356700999996974	REALIZABLE	0.02819193799950881	REALIZABLE	0.01776360801886767	REALIZABLE	0.027310200995998457	stable-realizable	
ltl2dba_U1_pb_2_pe_.ltl	param:tlsf/ltl2dba/parametric/ltl2dba_U1.tlsf	ltl2dba_U1	param:tlsf/ltl2dba/parametric/ltl2dba_U1.tlsf:n=2	exact	n	"{""n"": 2}"	2	1	Mealy	Mealy	95bdde967a20fb02302c9ce828d767b1b83b4e7f101c08b81dd3b1dd1faeed4b	REALIZABLE	0.017853817000286654	REALIZABLE	0.017231096997420536	REALIZABLE	0.021755491994554177	REALIZABLE	0.020799888006877154	stable-realizable	
ltl2dba_U1_pb_3_pe_.ltl	param:tlsf/ltl2dba/parametric/ltl2dba_U1.tlsf	ltl2dba_U1	param:tlsf/ltl2dba/parametric/ltl2dba_U1.tlsf:n=3	exact	n	"{""n"": 3}"	3	1	Mealy	Mealy	dd1f439d13d306a79d5300db7dba98944622dc81f5b5fe02bab765daf8245bba	REALIZABLE	0.014536747999954969	REALIZABLE	0.03550916699896334	REALIZABLE	0.03271427599247545	REALIZABLE	0.01575333799701184	stable-realizable	
ltl2dba_U1_pb_4_pe_.ltl	param:tlsf/ltl2dba/parametric/ltl2dba_U1.tlsf	ltl2dba_U1	param:tlsf/ltl2dba/parametric/ltl2dba_U1.tlsf:n=4	exact	n	"{""n"": 4}"	4	1	Mealy	Mealy	632516dbab544365d8efb328787a8713d907f47dd95ea59ee3d209dcc997159c	REALIZABLE	0.0157087769912323	REALIZABLE	0.03437045999453403	REALIZABLE	0.025572850019671023	REALIZABLE	0.016043442010413855	stable-realizable	
ltl2dba_U1_pb_50_pe_.ltl	param:tlsf/ltl2dba/parametric/ltl2dba_U1.tlsf	ltl2dba_U1	param:tlsf/ltl2dba/parametric/ltl2dba_U1.tlsf:n=50	exact	n	"{""n"": 50}"	50	1	Mealy	Mealy	67c4eb4a6266d64a8e5e3029d1cf169ad16febf9c775513a405d8b58a5c8f9a9	REALIZABLE	0.02919394399941666	REALIZABLE	0.030618388000220875	REALIZABLE	0.027687088993843645	REALIZABLE	0.017340919992420822	stable-realizable	
ltl2dba_U1_pb_5_pe_.ltl	param:tlsf/ltl2dba/parametric/ltl2dba_U1.tlsf	ltl2dba_U1	param:tlsf/ltl2dba/parametric/ltl2dba_U1.tlsf:n=5	exact	n	"{""n"": 5}"	5	1	Mealy	Mealy	0ed56933995fd4be1e8eb44496eb67bc97c61b675be5d584b404a622cb23d2ad	REALIZABLE	0.018668172000616323	REALIZABLE	0.02672832100506639	REALIZABLE	0.02315808698767796	REALIZABLE	0.023833769984776154	stable-realizable	
ltl2dba_U1_pb_6_pe_.ltl	param:tlsf/ltl2dba/parametric/ltl2dba_U1.tlsf	ltl2dba_U1	param:tlsf/ltl2dba/parametric/ltl2dba_U1.tlsf:n=6	exact	n	"{""n"": 6}"	6	1	Mealy	Mealy	50c6782ab98a9e82846c9f69dcd962b783dc4b95a87f7a9d5c09774fa5e1a03d	REALIZABLE	0.017699662999802968	REALIZABLE	0.031633861999580404	REALIZABLE	0.02792141799000092	REALIZABLE	0.0346320120152086	stable-realizable	
ltl2dba_U1_pb_7_pe_.ltl	param:tlsf/ltl2dba/parametric/ltl2dba_U1.tlsf	ltl2dba_U1	param:tlsf/ltl2dba/parametric/ltl2dba_U1.tlsf:n=7	exact	n	"{""n"": 7}"	7	1	Mealy	Mealy	227a9a73335d64e0397a20f3116ebd0f4d4e9ca91180f8c41330053a5478ad5c	REALIZABLE	0.0258892019992345	REALIZABLE	0.017249384000024293	REALIZABLE	0.01545369700761512	REALIZABLE	0.0171406650042627	stable-realizable	
ltl2dba_U1_pb_8_pe_.ltl	param:tlsf/ltl2dba/parametric/ltl2dba_U1.tlsf	ltl2dba_U1	param:tlsf/ltl2dba/parametric/ltl2dba_U1.tlsf:n=8	exact	n	"{""n"": 8}"	8	1	Mealy	Mealy	2bb0a47de0efc266b81f4f167c53ebb818d3f436244ff33c7a44ec5d826fcd91	REALIZABLE	0.021868012998311315	REALIZABLE	0.03405598799872678	REALIZABLE	0.03483351899194531	REALIZABLE	0.01845949501148425	stable-realizable	
ltl2dba_U1_pb_9_pe_.ltl	param:tlsf/ltl2dba/parametric/ltl2dba_U1.tlsf	ltl2dba_U1	param:tlsf/ltl2dba/parametric/ltl2dba_U1.tlsf:n=9	exact	n	"{""n"": 9}"	9	1	Mealy	Mealy	4699a208efc5959bec2e4317ad8599e10261d1eca84a300bd4f1d3c6758b1fe8	REALIZABLE	0.02167889700649539	REALIZABLE	0.016472643001179677	REALIZABLE	0.030255281017161906	REALIZABLE	0.02886885602492839	stable-realizable	
ltl2dba_alpha_pb_100_pe_.ltl	param:tlsf/ltl2dba/parametric/ltl2dba_alpha.tlsf	ltl2dba_alpha	param:tlsf/ltl2dba/parametric/ltl2dba_alpha.tlsf:n=100	exact	n	"{""n"": 100}"	2	1	Mealy	Mealy	0c98530d52f54b09cefcf42b0d7c6dc319033e9a7d936f47951606e1ebe1463f	REALIZABLE	0.018810072004271206	REALIZABLE	0.015135344998270739	REALIZABLE	0.01720716099953279	REALIZABLE	0.020384242001455277	stable-realizable	
ltl2dba_alpha_pb_10_pe_.ltl	param:tlsf/ltl2dba/parametric/ltl2dba_alpha.tlsf	ltl2dba_alpha	param:tlsf/ltl2dba/parametric/ltl2dba_alpha.tlsf:n=10	exact	n	"{""n"": 10}"	2	1	Mealy	Mealy	81b5153bab9371ed48d08272456b94e5e8ba80ede244998193219485b06e755b	REALIZABLE	0.015029931000754004	REALIZABLE	0.04043665199969837	REALIZABLE	0.020428364019608125	REALIZABLE	0.030453097017016262	stable-realizable	
ltl2dba_alpha_pb_12_pe_.ltl	param:tlsf/ltl2dba/parametric/ltl2dba_alpha.tlsf	ltl2dba_alpha	param:tlsf/ltl2dba/parametric/ltl2dba_alpha.tlsf:n=12	exact	n	"{""n"": 12}"	2	1	Mealy	Mealy	6f718c2e3ca890bdf910318cbed1c3877d133044a951e02ab40cf5fc58393267	REALIZABLE	0.03273084800093784	REALIZABLE	0.025831786999333417	REALIZABLE	0.015592799987643957	REALIZABLE	0.026684302982175723	stable-realizable	
ltl2dba_alpha_pb_14_pe_.ltl	param:tlsf/ltl2dba/parametric/ltl2dba_alpha.tlsf	ltl2dba_alpha	param:tlsf/ltl2dba/parametric/ltl2dba_alpha.tlsf:n=14	exact	n	"{""n"": 14}"	2	1	Mealy	Mealy	2f840821804f27b75b6b752b66101f05520466adb7ffde51d5e15def97a3eb0a	REALIZABLE	0.024291228997753933	REALIZABLE	0.0394114699884085	REALIZABLE	0.027426936983829364	REALIZABLE	0.021902015985688195	stable-realizable	
ltl2dba_alpha_pb_16_pe_.ltl	param:tlsf/ltl2dba/parametric/ltl2dba_alpha.tlsf	ltl2dba_alpha	param:tlsf/ltl2dba/parametric/ltl2dba_alpha.tlsf:n=16	exact	n	"{""n"": 16}"	2	1	Mealy	Mealy	bd9e14144d98da7b049ab279348705ab222e7db8b32b4d5ee86326ebfcc4d3b7	REALIZABLE	0.034005423993221484	REALIZABLE	0.03888272600306664	REALIZABLE	0.027614171005552635	REALIZABLE	0.033904796990100294	stable-realizable	
ltl2dba_alpha_pb_17_pe_.ltl	param:tlsf/ltl2dba/parametric/ltl2dba_alpha.tlsf	ltl2dba_alpha	param:tlsf/ltl2dba/parametric/ltl2dba_alpha.tlsf:n=17	exact	n	"{""n"": 17}"	2	1	Mealy	Mealy	ecb20a143e049c23efd0dc6123b98477f426c539ad3950f63c214328c8d9f494	REALIZABLE	0.023603795998496935	REALIZABLE	0.019574122001358774	REALIZABLE	0.03240816801553592	REALIZABLE	0.021737069997470826	stable-realizable	
ltl2dba_alpha_pb_18_pe_.ltl	param:tlsf/ltl2dba/parametric/ltl2dba_alpha.tlsf	ltl2dba_alpha	param:tlsf/ltl2dba/parametric/ltl2dba_alpha.tlsf:n=18	exact	n	"{""n"": 18}"	2	1	Mealy	Mealy	94fa27a1e532e2a35b2a3e76e512545dd9a925deb836301fc60cbbdda9827567	REALIZABLE	0.033966492002946325	REALIZABLE	0.021855910003068857	REALIZABLE	0.028477462008595467	REALIZABLE	0.016291756997816265	stable-realizable	
ltl2dba_alpha_pb_1_pe_.ltl	param:tlsf/ltl2dba/parametric/ltl2dba_alpha.tlsf	ltl2dba_alpha	param:tlsf/ltl2dba/parametric/ltl2dba_alpha.tlsf:n=1	exact	n	"{""n"": 1}"	2	1	Mealy	Mealy	cf041833fe2631a19a35cad78470434e30c653ea847fe970adc776b96608ed32	REALIZABLE	0.03144768900165218	REALIZABLE	0.03204581499994674	REALIZABLE	0.0315523789904546	REALIZABLE	0.0256775279995054	stable-realizable	
ltl2dba_alpha_pb_20_pe_.ltl	param:tlsf/ltl2dba/parametric/ltl2dba_alpha.tlsf	ltl2dba_alpha	param:tlsf/ltl2dba/parametric/ltl2dba_alpha.tlsf:n=20	exact	n	"{""n"": 20}"	2	1	Mealy	Mealy	60c0fcc5d33bf1444b45c6ddc24858ac8dedcdae090633c5217adb9f3f39d52c	REALIZABLE	0.035145662986906245	REALIZABLE	0.03266033199906815	REALIZABLE	0.029231405002065003	REALIZABLE	0.02192890999140218	stable-realizable	
ltl2dba_alpha_pb_25_pe_.ltl	param:tlsf/ltl2dba/parametric/ltl2dba_alpha.tlsf	ltl2dba_alpha	param:tlsf/ltl2dba/parametric/ltl2dba_alpha.tlsf:n=25	exact	n	"{""n"": 25}"	2	1	Mealy	Mealy	4431c3e0ccd68cf36180e24f0c577c3a995ac16dd008518f88bcd64b1103b38d	REALIZABLE	0.029870719998143613	REALIZABLE	0.030529217008734122	REALIZABLE	0.02749498700723052	REALIZABLE	0.033814252994488925	stable-realizable	
ltl2dba_alpha_pb_2_pe_.ltl	param:tlsf/ltl2dba/parametric/ltl2dba_alpha.tlsf	ltl2dba_alpha	param:tlsf/ltl2dba/parametric/ltl2dba_alpha.tlsf:n=2	exact	n	"{""n"": 2}"	2	1	Mealy	Mealy	e69914498bbff3f8f8a48599d804e8c0bc59dc623845e649e425d6d0fcedafbf	REALIZABLE	0.04007061599986628	REALIZABLE	0.014652466998086311	REALIZABLE	0.0319743670115713	REALIZABLE	0.03482935801730491	stable-realizable	
ltl2dba_alpha_pb_3_pe_.ltl	param:tlsf/ltl2dba/parametric/ltl2dba_alpha.tlsf	ltl2dba_alpha	param:tlsf/ltl2dba/parametric/ltl2dba_alpha.tlsf:n=3	exact	n	"{""n"": 3}"	2	1	Mealy	Mealy	3da4edc836c482f40228973624600bb7ab31bfe1ff0d1bceb06b79d0d6d35f95	REALIZABLE	0.028499951000412693	REALIZABLE	0.0313169109995215	REALIZABLE	0.030814072990324348	REALIZABLE	0.029039977001957595	stable-realizable	
ltl2dba_alpha_pb_4_pe_.ltl	param:tlsf/ltl2dba/parametric/ltl2dba_alpha.tlsf	ltl2dba_alpha	param:tlsf/ltl2dba/parametric/ltl2dba_alpha.tlsf:n=4	exact	n	"{""n"": 4}"	2	1	Mealy	Mealy	bcd3660c98d7c0bca03c6dd5ea43e80b10a1488ee79b1ee1e94ce26820684fc7	REALIZABLE	0.016620175998468767	REALIZABLE	0.0378360539998539	REALIZABLE	0.021579891996225342	REALIZABLE	0.028682575997663662	stable-realizable	
ltl2dba_alpha_pb_50_pe_.ltl	param:tlsf/ltl2dba/parametric/ltl2dba_alpha.tlsf	ltl2dba_alpha	param:tlsf/ltl2dba/parametric/ltl2dba_alpha.tlsf:n=50	exact	n	"{""n"": 50}"	2	1	Mealy	Mealy	9defd8645d67e6cb595ed5f832757645e793dffe93719ba935002c184616db44	REALIZABLE	0.03556349899918132	REALIZABLE	0.019980604999545903	REALIZABLE	0.03348162898328155	REALIZABLE	0.030872709001414478	stable-realizable	
ltl2dba_alpha_pb_5_pe_.ltl	param:tlsf/ltl2dba/parametric/ltl2dba_alpha.tlsf	ltl2dba_alpha	param:tlsf/ltl2dba/parametric/ltl2dba_alpha.tlsf:n=5	exact	n	"{""n"": 5}"	2	1	Mealy	Mealy	ca17a689e133f40874690ef510641fc40c1b349d4e6df0bd2aafc1d47c860289	REALIZABLE	0.01783025400072802	REALIZABLE	0.02951057099926402	REALIZABLE	0.03056020100484602	REALIZABLE	0.031004702992504463	stable-realizable	
ltl2dba_alpha_pb_6_pe_.ltl	param:tlsf/ltl2dba/parametric/ltl2dba_alpha.tlsf	ltl2dba_alpha	param:tlsf/ltl2dba/parametric/ltl2dba_alpha.tlsf:n=6	exact	n	"{""n"": 6}"	2	1	Mealy	Mealy	2393c8c8cbc0d1ec76026b4e5863c3d279cabdd1ba3ec559793abf74a56d9dd1	REALIZABLE	0.024081747000309406	REALIZABLE	0.026562134000414517	REALIZABLE	0.03353005202370696	REALIZABLE	0.03374906600220129	stable-realizable	
ltl2dba_alpha_pb_7_pe_.ltl	param:tlsf/ltl2dba/parametric/ltl2dba_alpha.tlsf	ltl2dba_alpha	param:tlsf/ltl2dba/parametric/ltl2dba_alpha.tlsf:n=7	exact	n	"{""n"": 7}"	2	1	Mealy	Mealy	1df39975e5f11d7a9338364389c792da0c77185e16278703847748c30b53aaf7	REALIZABLE	0.01603925800009165	REALIZABLE	0.01597974099968269	REALIZABLE	0.01699608302442357	REALIZABLE	0.035503692022757605	stable-realizable	
ltl2dba_alpha_pb_8_pe_.ltl	param:tlsf/ltl2dba/parametric/ltl2dba_alpha.tlsf	ltl2dba_alpha	param:tlsf/ltl2dba/parametric/ltl2dba_alpha.tlsf:n=8	exact	n	"{""n"": 8}"	2	1	Mealy	Mealy	e9696dc59e2e4c1e40e5d33782f687ab4edeb6d902fb14e1ae18309a23e59356	REALIZABLE	0.034185869997600093	REALIZABLE	0.029254741999466205	REALIZABLE	0.022212576994206756	REALIZABLE	0.027652982011204585	stable-realizable	
ltl2dba_beta_pb_100_pe_.ltl	param:tlsf/ltl2dba/parametric/ltl2dba_beta.tlsf	ltl2dba_beta	param:tlsf/ltl2dba/parametric/ltl2dba_beta.tlsf:n=100	exact	n	"{""n"": 100}"	200	1	Mealy	Mealy	52e72522b893c685cf6741c788ebec000daac12db4257d31a8119bbf703be293	REALIZABLE	0.03968662899569608	REALIZABLE	0.03622588000143878	REALIZABLE	0.043441532005090266	REALIZABLE	0.015556550002656877	stable-realizable	
ltl2dba_beta_pb_10_pe_.ltl	param:tlsf/ltl2dba/parametric/ltl2dba_beta.tlsf	ltl2dba_beta	param:tlsf/ltl2dba/parametric/ltl2dba_beta.tlsf:n=10	exact	n	"{""n"": 10}"	20	1	Mealy	Mealy	11a4bd5198e45f0926c8125cde7f58851dff19dff8e558441bc6d71a54c0df6c	REALIZABLE	0.015727466001408175	REALIZABLE	0.035061204001976876	REALIZABLE	0.01742518099490553	REALIZABLE	0.034332947980146855	stable-realizable	
ltl2dba_beta_pb_15_pe_.ltl	param:tlsf/ltl2dba/parametric/ltl2dba_beta.tlsf	ltl2dba_beta	param:tlsf/ltl2dba/parametric/ltl2dba_beta.tlsf:n=15	exact	n	"{""n"": 15}"	30	1	Mealy	Mealy	f455a110627499266f54dffb28c2846fa5d3e83ff337397cb9bfec0e0304f2bf	REALIZABLE	0.029766477000521263	REALIZABLE	0.02535250300206826	REALIZABLE	0.018784923013299704	REALIZABLE	0.027070153009844944	stable-realizable	
ltl2dba_beta_pb_18_pe_.ltl	param:tlsf/ltl2dba/parametric/ltl2dba_beta.tlsf	ltl2dba_beta	param:tlsf/ltl2dba/parametric/ltl2dba_beta.tlsf:n=18	exact	n	"{""n"": 18}"	36	1	Mealy	Mealy	b187eab8977a47536bf36fd53c1e9d6abcd085182a142158077813f6005a0a93	REALIZABLE	0.02000861799933773	REALIZABLE	0.035187028001018916	REALIZABLE	0.017552787001477554	REALIZABLE	0.034617330005858094	stable-realizable	
ltl2dba_beta_pb_1_pe_.ltl	param:tlsf/ltl2dba/parametric/ltl2dba_beta.tlsf	ltl2dba_beta	param:tlsf/ltl2dba/parametric/ltl2dba_beta.tlsf:n=1	exact	n	"{""n"": 1}"	2	1	Mealy	Mealy	08f1b9994c21679bea0ecd504a2fc5846decaf3c6594ebb2aad3cad3ea706ba1	REALIZABLE	0.02381996800249908	REALIZABLE	0.03511589000117965	REALIZABLE	0.03163904300890863	REALIZABLE	0.03596102702431381	stable-realizable	
ltl2dba_beta_pb_20_pe_.ltl	param:tlsf/ltl2dba/parametric/ltl2dba_beta.tlsf	ltl2dba_beta	param:tlsf/ltl2dba/parametric/ltl2dba_beta.tlsf:n=20	exact	n	"{""n"": 20}"	40	1	Mealy	Mealy	38669a50b043aba55f2a8d574cbb1e9eec54fbc50d107e3099ff1dfd58023a96	REALIZABLE	0.03205745200102683	REALIZABLE	0.03201916599937249	REALIZABLE	0.03058076201705262	REALIZABLE	0.03573504099040292	stable-realizable	
ltl2dba_beta_pb_25_pe_.ltl	param:tlsf/ltl2dba/parametric/ltl2dba_beta.tlsf	ltl2dba_beta	param:tlsf/ltl2dba/parametric/ltl2dba_beta.tlsf:n=25	exact	n	"{""n"": 25}"	50	1	Mealy	Mealy	fcca526bb73a7cb009fc9aac73199dc4ff896cd69bfbab7b7c9d478b6bc9830f	REALIZABLE	0.015442683001310797	REALIZABLE	0.037221073002001503	REALIZABLE	0.03250623799976893	REALIZABLE	0.030154894018778577	stable-realizable	
ltl2dba_beta_pb_2_pe_.ltl	param:tlsf/ltl2dba/parametric/ltl2dba_beta.tlsf	ltl2dba_beta	param:tlsf/ltl2dba/parametric/ltl2dba_beta.tlsf:n=2	exact	n	"{""n"": 2}"	4	1	Mealy	Mealy	2f4285d415cd71a7ddbf40b0a062f927344128df439cbc74fd08103ae59fe2d7	REALIZABLE	0.01659639299759874	REALIZABLE	0.027781621996837202	REALIZABLE	0.02805657300632447	REALIZABLE	0.03424936000374146	stable-realizable	
ltl2dba_beta_pb_30_pe_.ltl	param:tlsf/ltl2dba/parametric/ltl2dba_beta.tlsf	ltl2dba_beta	param:tlsf/ltl2dba/parametric/ltl2dba_beta.tlsf:n=30	exact	n	"{""n"": 30}"	60	1	Mealy	Mealy	e8837cd043d16809a3b5ef3a9afffeffca1d3856e80c81097f595fd53af34d24	REALIZABLE	0.01457640299850027	REALIZABLE	0.018187139001383912	REALIZABLE	0.03225057100644335	REALIZABLE	0.024797841993859038	stable-realizable	
ltl2dba_beta_pb_3_pe_.ltl	param:tlsf/ltl2dba/parametric/ltl2dba_beta.tlsf	ltl2dba_beta	param:tlsf/ltl2dba/parametric/ltl2dba_beta.tlsf:n=3	exact	n	"{""n"": 3}"	6	1	Mealy	Mealy	0219fc053ecff5b0620bcafa6659094202e1badcd0df65762467dc180c4e87f0	REALIZABLE	0.01648717699936242	REALIZABLE	0.016726142999687	REALIZABLE	0.01655614998890087	REALIZABLE	0.0366282929899171	stable-realizable	
ltl2dba_beta_pb_4_pe_.ltl	param:tlsf/ltl2dba/parametric/ltl2dba_beta.tlsf	ltl2dba_beta	param:tlsf/ltl2dba/parametric/ltl2dba_beta.tlsf:n=4	exact	n	"{""n"": 4}"	8	1	Mealy	Mealy	f60e9a462b6cf738202bcf4f9022969be4499c57963aa2e53ae11beca6f5ae67	REALIZABLE	0.032708773000194924	REALIZABLE	0.0322941649974382	REALIZABLE	0.03065571398474276	REALIZABLE	0.03104449197417125	stable-realizable	
ltl2dba_beta_pb_5_pe_.ltl	param:tlsf/ltl2dba/parametric/ltl2dba_beta.tlsf	ltl2dba_beta	param:tlsf/ltl2dba/parametric/ltl2dba_beta.tlsf:n=5	exact	n	"{""n"": 5}"	10	1	Mealy	Mealy	0a1da5a9ae1c7a1d51b361e2ba2eb65e70030c776198ca59cef2b402b7297055	REALIZABLE	0.034954135000589304	REALIZABLE	0.025479971001914237	REALIZABLE	0.030071087006945163	REALIZABLE	0.01583450598991476	stable-realizable	
ltl2dba_beta_pb_6_pe_.ltl	param:tlsf/ltl2dba/parametric/ltl2dba_beta.tlsf	ltl2dba_beta	param:tlsf/ltl2dba/parametric/ltl2dba_beta.tlsf:n=6	exact	n	"{""n"": 6}"	12	1	Mealy	Mealy	f2855b72e5b979aa71aae9198fb4e628d38771190a91894a8a90fe251da4217f	REALIZABLE	0.030123585005640052	REALIZABLE	0.031566724996082485	REALIZABLE	0.039139147993410006	REALIZABLE	0.01763539097737521	stable-realizable	
ltl2dba_beta_pb_7_pe_.ltl	param:tlsf/ltl2dba/parametric/ltl2dba_beta.tlsf	ltl2dba_beta	param:tlsf/ltl2dba/parametric/ltl2dba_beta.tlsf:n=7	exact	n	"{""n"": 7}"	14	1	Mealy	Mealy	70180857d1a878bfc92e48cd543b38ed7ba5498a046b6856d1d8941e923d19e8	REALIZABLE	0.015233603997330647	REALIZABLE	0.03611894499772461	REALIZABLE	0.017788808996556327	REALIZABLE	0.027958514023339376	stable-realizable	
ltl2dba_beta_pb_8_pe_.ltl	param:tlsf/ltl2dba/parametric/ltl2dba_beta.tlsf	ltl2dba_beta	param:tlsf/ltl2dba/parametric/ltl2dba_beta.tlsf:n=8	exact	n	"{""n"": 8}"	16	1	Mealy	Mealy	ffba8c9c6db92a964f21217480ac990c13936f1af5a6614b56a39f26f8a604da	REALIZABLE	0.036018707000039285	REALIZABLE	0.031609906000085175	REALIZABLE	0.04274049500236288	REALIZABLE	0.028979220980545506	stable-realizable	
ltl2dba_theta_pb_100_pe_.ltl	param:tlsf/ltl2dba/parametric/ltl2dba_theta.tlsf	ltl2dba_theta	param:tlsf/ltl2dba/parametric/ltl2dba_theta.tlsf:n=100	exact	n	"{""n"": 100}"	102	1	Mealy	Mealy	049863e340342bbeed2a622dc2b7e9e12e5f2d5c6c3f5d0394524d30a3f1c980	TIMEOUT		TIMEOUT		TIMEOUT		TIMEOUT		stable-unsolved	
ltl2dba_theta_pb_10_pe_.ltl	param:tlsf/ltl2dba/parametric/ltl2dba_theta.tlsf	ltl2dba_theta	param:tlsf/ltl2dba/parametric/ltl2dba_theta.tlsf:n=10	exact	n	"{""n"": 10}"	12	1	Mealy	Mealy	fd6500ff02a287eb86b7100e6f96c45d94b90ad6768f3569f328d8a3a9bba760	UNREALIZABLE	0.45458278299702215	UNREALIZABLE	0.42904151800030377	UNREALIZABLE	0.4290053809818346	UNREALIZABLE	0.4426189420046285	stable-unrealizable	
ltl2dba_theta_pb_12_pe_.ltl	param:tlsf/ltl2dba/parametric/ltl2dba_theta.tlsf	ltl2dba_theta	param:tlsf/ltl2dba/parametric/ltl2dba_theta.tlsf:n=12	exact	n	"{""n"": 12}"	14	1	Mealy	Mealy	af94c56ffe76f64f1f12be66ff7e1e153f50f1da520f0e3c09b986defc597657	UNREALIZABLE	2.25346652799999	UNREALIZABLE	2.5689098819993887	UNREALIZABLE	2.283891559985932	UNREALIZABLE	2.317483850987628	stable-unrealizable	
ltl2dba_theta_pb_14_pe_.ltl	param:tlsf/ltl2dba/parametric/ltl2dba_theta.tlsf	ltl2dba_theta	param:tlsf/ltl2dba/parametric/ltl2dba_theta.tlsf:n=14	exact	n	"{""n"": 14}"	16	1	Mealy	Mealy	a934c9739065224efcddf75b0d50ce7aab6c533334ae0d7c2648c4be2da2243f	UNREALIZABLE	12.911955110001145	UNREALIZABLE	13.368260774994269	UNREALIZABLE	14.262629556003958	UNREALIZABLE	13.518820427008905	stable-unrealizable	
ltl2dba_theta_pb_16_pe_.ltl	param:tlsf/ltl2dba/parametric/ltl2dba_theta.tlsf	ltl2dba_theta	param:tlsf/ltl2dba/parametric/ltl2dba_theta.tlsf:n=16	exact	n	"{""n"": 16}"	18	1	Mealy	Mealy	ae9e131e52542441d9678ef5258e9ab3f55cc8e023b932a7c1fcc429721a795a	UNREALIZABLE	85.39156733699929	UNREALIZABLE	83.65778339999997	TIMEOUT		TIMEOUT		stable-unrealizable	
ltl2dba_theta_pb_1_pe_.ltl	param:tlsf/ltl2dba/parametric/ltl2dba_theta.tlsf	ltl2dba_theta	param:tlsf/ltl2dba/parametric/ltl2dba_theta.tlsf:n=1	exact	n	"{""n"": 1}"	3	1	Mealy	Mealy	1f35cd06063c9262a23fb913588d7a223c3b3b55a43f21d0b5921d5df3cdf9a4	UNREALIZABLE	0.03926156800298486	UNREALIZABLE	0.027952481992542744	UNREALIZABLE	0.03581705500255339	UNREALIZABLE	0.03518818999873474	stable-unrealizable	
ltl2dba_theta_pb_25_pe_.ltl	param:tlsf/ltl2dba/parametric/ltl2dba_theta.tlsf	ltl2dba_theta	param:tlsf/ltl2dba/parametric/ltl2dba_theta.tlsf:n=25	exact	n	"{""n"": 25}"	27	1	Mealy	Mealy	612b85f076273f1fdf22c399ce4799212cb44d16e1b10243046ed358244960e2	TIMEOUT		TIMEOUT		TIMEOUT		TIMEOUT		stable-unsolved	
ltl2dba_theta_pb_2_pe_.ltl	param:tlsf/ltl2dba/parametric/ltl2dba_theta.tlsf	ltl2dba_theta	param:tlsf/ltl2dba/parametric/ltl2dba_theta.tlsf:n=2	exact	n	"{""n"": 2}"	4	1	Mealy	Mealy	b8e3166f2f843789b6ce38a02636928b26212d8f36333493d26bc07be3c6f3e7	UNREALIZABLE	0.03860504399926867	UNREALIZABLE	0.01808417400025064	UNREALIZABLE	0.037277201015967876	UNREALIZABLE	0.03641980400425382	stable-unrealizable	
ltl2dba_theta_pb_300_pe_.ltl	param:tlsf/ltl2dba/parametric/ltl2dba_theta.tlsf	ltl2dba_theta	param:tlsf/ltl2dba/parametric/ltl2dba_theta.tlsf:n=300	exact	n	"{""n"": 300}"	302	1	Mealy	Mealy	d09fb0f639b8215a0fa7adfb83342e432c9970e965f976f753cda71a3c065db7	TIMEOUT		TIMEOUT		TIMEOUT		TIMEOUT		stable-unsolved	
ltl2dba_theta_pb_3_pe_.ltl	param:tlsf/ltl2dba/parametric/ltl2dba_theta.tlsf	ltl2dba_theta	param:tlsf/ltl2dba/parametric/ltl2dba_theta.tlsf:n=3	exact	n	"{""n"": 3}"	5	1	Mealy	Mealy	b6e78b406426e7091adda1cdba63ca0f762c4fa7232d856d60c4515596a56a04	UNREALIZABLE	0.02162568700077827	UNREALIZABLE	0.020730959999127663	UNREALIZABLE	0.025279128982219845	UNREALIZABLE	0.019091336987912655	stable-unrealizable	
ltl2dba_theta_pb_4_pe_.ltl	param:tlsf/ltl2dba/parametric/ltl2dba_theta.tlsf	ltl2dba_theta	param:tlsf/ltl2dba/parametric/ltl2dba_theta.tlsf:n=4	exact	n	"{""n"": 4}"	6	1	Mealy	Mealy	5a8731c3541cf3e6dd3a6834cf7c69a9f731fcb2c8c7b673d94642ad8b211eee	UNREALIZABLE	0.04150154500530334	UNREALIZABLE	0.03674387600040063	UNREALIZABLE	0.03901701801805757	UNREALIZABLE	0.03864541099756025	stable-unrealizable	
ltl2dba_theta_pb_500_pe_.ltl	param:tlsf/ltl2dba/parametric/ltl2dba_theta.tlsf	ltl2dba_theta	param:tlsf/ltl2dba/parametric/ltl2dba_theta.tlsf:n=500	exact	n	"{""n"": 500}"	502	1	Mealy	Mealy	f8525c568c364abb1c2a90c9791551ea4f2b4ad8c00838bab7254e96c4d17f1b	TIMEOUT		TIMEOUT		TIMEOUT		TIMEOUT		stable-unsolved	
ltl2dba_theta_pb_50_pe_.ltl	param:tlsf/ltl2dba/parametric/ltl2dba_theta.tlsf	ltl2dba_theta	param:tlsf/ltl2dba/parametric/ltl2dba_theta.tlsf:n=50	exact	n	"{""n"": 50}"	52	1	Mealy	Mealy	3b61c6b9df0267e62bbc1238dd0a444575b4eb8792e5b7197ee380396a6670af	TIMEOUT		TIMEOUT		TIMEOUT		TIMEOUT		stable-unsolved	
ltl2dba_theta_pb_5_pe_.ltl	param:tlsf/ltl2dba/parametric/ltl2dba_theta.tlsf	ltl2dba_theta	param:tlsf/ltl2dba/parametric/ltl2dba_theta.tlsf:n=5	exact	n	"{""n"": 5}"	7	1	Mealy	Mealy	5ce39ac94e56448de0407727fc82828dd9c8bec95ababd616c1d0096b728f5df	UNREALIZABLE	0.028416054003173485	UNREALIZABLE	0.025291562000347767	UNREALIZABLE	0.028539688006276265	UNREALIZABLE	0.029661038977792487	stable-unrealizable	
ltl2dba_theta_pb_6_pe_.ltl	param:tlsf/ltl2dba/parametric/ltl2dba_theta.tlsf	ltl2dba_theta	param:tlsf/ltl2dba/parametric/ltl2dba_theta.tlsf:n=6	exact	n	"{""n"": 6}"	8	1	Mealy	Mealy	706e61a31c6316d727ae8aab2a23da8e5649017b20365c877e04461ff12a87cc	UNREALIZABLE	0.0512054229984642	UNREALIZABLE	0.033284503006143495	UNREALIZABLE	0.05678950500441715	UNREALIZABLE	0.05454420097521506	stable-unrealizable	
ltl2dba_theta_pb_7_pe_.ltl	param:tlsf/ltl2dba/parametric/ltl2dba_theta.tlsf	ltl2dba_theta	param:tlsf/ltl2dba/parametric/ltl2dba_theta.tlsf:n=7	exact	n	"{""n"": 7}"	9	1	Mealy	Mealy	0e2301e995ec4d96d46c633d17cdd425f1e729d85d72e6b8d720afbdbead5e51	UNREALIZABLE	0.06646788400030346	UNREALIZABLE	0.06657493300008355	UNREALIZABLE	0.048806009988766164	UNREALIZABLE	0.0634706290147733	stable-unrealizable	
ltl2dba_theta_pb_8_pe_.ltl	param:tlsf/ltl2dba/parametric/ltl2dba_theta.tlsf	ltl2dba_theta	param:tlsf/ltl2dba/parametric/ltl2dba_theta.tlsf:n=8	exact	n	"{""n"": 8}"	10	1	Mealy	Mealy	714e38aec3e185716fb80b9616115fb2381beeead9aa78d9e67ddeff0db371db	UNREALIZABLE	0.10108530199795496	UNREALIZABLE	0.10810650200073724	UNREALIZABLE	0.10622899897862226	UNREALIZABLE	0.11239487401326187	stable-unrealizable	
ltl2dpa01.ltl	direct:tlsf/ltl2dpa:ltl2dpa	ltl2dpa	direct:tlsf/ltl2dpa/ltl2dpa01.tlsf	none		{}	1	3	Mealy	Mealy	954ee54a78402598811e7898e0d310b6a0687a9060932bf1a6ed2662ffcee9e2	REALIZABLE	0.018286426999111427	REALIZABLE	0.03577263999977731	REALIZABLE	0.021322283981135115	REALIZABLE	0.04154585301876068	stable-realizable	
ltl2dpa02.ltl	direct:tlsf/ltl2dpa:ltl2dpa	ltl2dpa	direct:tlsf/ltl2dpa/ltl2dpa02.tlsf	none		{}	2	2	Mealy	Mealy	c6d3a8ff0c4e61de1f811555987e90c484652f37d1ee762d497a67be0634189d	REALIZABLE	0.018551160999777494	REALIZABLE	0.033000223000271944	REALIZABLE	0.040770216000964865	REALIZABLE	0.021988805994624272	stable-realizable	
ltl2dpa03.ltl	direct:tlsf/ltl2dpa:ltl2dpa	ltl2dpa	direct:tlsf/ltl2dpa/ltl2dpa03.tlsf	none		{}	3	3	Mealy	Mealy	1e50d5e24e61804f07eeb713f258dea76f28aeea86f68ece0653674a5c7eaf4b	REALIZABLE	0.0465999009902589	REALIZABLE	0.044095349992858246	REALIZABLE	0.04717680800240487	REALIZABLE	0.03360912497737445	stable-realizable	
ltl2dpa04.ltl	direct:tlsf/ltl2dpa:ltl2dpa	ltl2dpa	direct:tlsf/ltl2dpa/ltl2dpa04.tlsf	none		{}	2	2	Mealy	Mealy	33f41a3761752a1599394d1b2bfe67ba00680ef0a3aa95e7040742ee25e029c4	REALIZABLE	0.019686564000949147	REALIZABLE	0.022296699000435183	REALIZABLE	0.03217557500465773	REALIZABLE	0.030221408000215888	stable-realizable	
ltl2dpa05.ltl	direct:tlsf/ltl2dpa:ltl2dpa	ltl2dpa	direct:tlsf/ltl2dpa/ltl2dpa05.tlsf	none		{}	2	2	Mealy	Mealy	a7eae839676711a61c17d37a71e3fa7223fc9514b903090c40cc4305ce45fba3	REALIZABLE	0.016792539005109575	REALIZABLE	0.025742327998159453	REALIZABLE	0.023194049019366503	REALIZABLE	0.020171327982097864	stable-realizable	
ltl2dpa06.ltl	direct:tlsf/ltl2dpa:ltl2dpa	ltl2dpa	direct:tlsf/ltl2dpa/ltl2dpa06.tlsf	none		{}	3	2	Mealy	Mealy	f69a253d431c7aae76d840487e7fba58c9a8e68b87b3bf156e9635e9011fd314	REALIZABLE	0.025502231997961644	REALIZABLE	0.035168797003279906	REALIZABLE	0.028190623997943476	REALIZABLE	0.029735774995060638	stable-realizable	
ltl2dpa07.ltl	direct:tlsf/ltl2dpa:ltl2dpa	ltl2dpa	direct:tlsf/ltl2dpa/ltl2dpa07.tlsf	none		{}	3	2	Mealy	Mealy	dcc0477348b9d4e7a9991ed8c1ce3c56d999d281d1f41d3dd363d094dab3d989	REALIZABLE	0.020134941001742845	REALIZABLE	0.021291109998855973	REALIZABLE	0.03207319899229333	REALIZABLE	0.026708564982982352	stable-realizable	
ltl2dpa08.ltl	direct:tlsf/ltl2dpa:ltl2dpa	ltl2dpa	direct:tlsf/ltl2dpa/ltl2dpa08.tlsf	none		{}	2	2	Mealy	Mealy	24f809d17c76f646ee698515958894520b0f3757a6f2e6a60470012de52e4934	REALIZABLE	0.01677784500134294	REALIZABLE	0.015717878999566892	REALIZABLE	0.028915602015331388	REALIZABLE	0.03130922600394115	stable-realizable	
ltl2dpa09.ltl	direct:tlsf/ltl2dpa:ltl2dpa	ltl2dpa	direct:tlsf/ltl2dpa/ltl2dpa09.tlsf	none		{}	3	2	Mealy	Mealy	10c58f2ed935ab32264e4b8fe8178d8e333e0804cae44146a36cae78e2bc8d9f	REALIZABLE	0.03536594700017304	REALIZABLE	0.018765483999231947	REALIZABLE	0.03540570300538093	REALIZABLE	0.03310379199683666	stable-realizable	
ltl2dpa10.ltl	direct:tlsf/ltl2dpa:ltl2dpa	ltl2dpa	direct:tlsf/ltl2dpa/ltl2dpa10.tlsf	none		{}	2	3	Mealy	Mealy	f351c89bee11285ddaabed477bf7dfb787910b0f82dd07707f3d5d02a8bb87aa	REALIZABLE	0.03497008699923754	REALIZABLE	0.04661993300396716	REALIZABLE	0.04402047299663536	REALIZABLE	0.04099042800953612	stable-realizable	
ltl2dpa11.ltl	direct:tlsf/ltl2dpa:ltl2dpa	ltl2dpa	direct:tlsf/ltl2dpa/ltl2dpa11.tlsf	none		{}	3	2	Mealy	Mealy	118b9ca3e26d6ca2964ed6c05bc923616ee1c7af59ec3b44d5e49c2e0e70ae49	REALIZABLE	0.023510781999902974	REALIZABLE	0.017426487000193447	REALIZABLE	0.018477461009752005	REALIZABLE	0.02503398197586648	stable-realizable	
ltl2dpa12.ltl	direct:tlsf/ltl2dpa:ltl2dpa	ltl2dpa	direct:tlsf/ltl2dpa/ltl2dpa12.tlsf	none		{}	2	4	Mealy	Mealy	90220ecad578aef33bab6c1528c067d4c27fe3fdcc56cf6bf1e72a5cbb34031d	REALIZABLE	0.03961686900584027	REALIZABLE	0.04081203100213315	REALIZABLE	0.046672398020746186	REALIZABLE	0.043473190016811714	stable-realizable	
ltl2dpa13.ltl	direct:tlsf/ltl2dpa:ltl2dpa	ltl2dpa	direct:tlsf/ltl2dpa/ltl2dpa13.tlsf	none		{}	2	3	Mealy	Mealy	50add058ddc7d03076da2e8ae29c115f589a6fab37cf62bc4cfee86a0a936e88	REALIZABLE	0.04079171199555276	REALIZABLE	0.03244332900067093	REALIZABLE	0.045488970004953444	REALIZABLE	0.045181782013969496	stable-realizable	
ltl2dpa14.ltl	direct:tlsf/ltl2dpa:ltl2dpa	ltl2dpa	direct:tlsf/ltl2dpa/ltl2dpa14.tlsf	none		{}	1	3	Mealy	Mealy	1a170a19226c41012cad600499778b040479b531decffb4d8e30e3217f9f8041	REALIZABLE	0.018921860999398632	REALIZABLE	0.018173342999943998	REALIZABLE	0.038941117003560066	REALIZABLE	0.03971990698482841	stable-realizable	
ltl2dpa15.ltl	direct:tlsf/ltl2dpa:ltl2dpa	ltl2dpa	direct:tlsf/ltl2dpa/ltl2dpa15.tlsf	none		{}	2	2	Mealy	Mealy	1fc740401c9e341e2a1ec7024c8211573a7fb39b877e23313080f52c0cec6c39	REALIZABLE	0.019012953001947608	REALIZABLE	0.031594289001077414	REALIZABLE	0.03592987300362438	REALIZABLE	0.03309443997568451	stable-realizable	
ltl2dpa16.ltl	direct:tlsf/ltl2dpa:ltl2dpa	ltl2dpa	direct:tlsf/ltl2dpa/ltl2dpa16.tlsf	none		{}	3	2	Mealy	Mealy	402a522a2f8da10566807a11405fac1263636c411f763b779242106cf36e3c0c	REALIZABLE	0.021505114000319736	REALIZABLE	0.03088551600012579	REALIZABLE	0.03533486000378616	REALIZABLE	0.02604584998334758	stable-realizable	
ltl2dpa17.ltl	direct:tlsf/ltl2dpa:ltl2dpa	ltl2dpa	direct:tlsf/ltl2dpa/ltl2dpa17.tlsf	none		{}	3	2	Mealy	Mealy	cc5cfba4fea60c2d3aaa826be073322ca5e4fdfd866d806ca83e03dbb7a52f1a	REALIZABLE	0.022044311000172456	REALIZABLE	0.02236416200048552	REALIZABLE	0.0251297969953157	REALIZABLE	0.015866058005485684	stable-realizable	
ltl2dpa18.ltl	direct:tlsf/ltl2dpa:ltl2dpa	ltl2dpa	direct:tlsf/ltl2dpa/ltl2dpa18.tlsf	none		{}	3	2	Mealy	Mealy	1ece938fab6d665e61d4627102c582371bb7f758750b61c08bfb2f7a424464fd	REALIZABLE	0.03233721099968534	REALIZABLE	0.034017038997262716	REALIZABLE	0.03733107901643962	REALIZABLE	0.03608666901709512	stable-realizable	
ltl2dpa19.ltl	direct:tlsf/ltl2dpa:ltl2dpa	ltl2dpa	direct:tlsf/ltl2dpa/ltl2dpa19.tlsf	none		{}	3	3	Mealy	Mealy	57feee8b90cdbfa73f00c79c5ea05b3011ddfc5b1e4f6f6a51e3f2b76227d3b1	REALIZABLE	0.06031663499925344	REALIZABLE	0.053669818998969276	REALIZABLE	0.05862062098458409	REALIZABLE	0.0785137300263159	stable-realizable	
ltl2dpa20.ltl	direct:tlsf/ltl2dpa:ltl2dpa	ltl2dpa	direct:tlsf/ltl2dpa/ltl2dpa20.tlsf	none		{}	3	2	Mealy	Mealy	5c39196c0a8fa38388e3372a946d82d2a2378cc56975ff97a7f3714acbee09b3	REALIZABLE	0.0371531069977209	REALIZABLE	0.038376501004677266	REALIZABLE	0.04075106099480763	REALIZABLE	0.04843946799519472	stable-realizable	
ltl2dpa22.ltl	direct:tlsf/ltl2dpa:ltl2dpa	ltl2dpa	direct:tlsf/ltl2dpa/ltl2dpa22.tlsf	none		{}	6	3	Mealy	Mealy	931df6f6b5f4a3ea9ec59d1b4a5ece6177c54b8fa6a4e9435bbaf60120508acf	REALIZABLE	0.08259761299996171	REALIZABLE	0.1017335729993647	REALIZABLE	0.09728367402567528	REALIZABLE	0.10076236299937591	stable-realizable	
ltl2dpa23.ltl	direct:tlsf/ltl2dpa:ltl2dpa	ltl2dpa	direct:tlsf/ltl2dpa/ltl2dpa23.tlsf	none		{}	2	2	Mealy	Mealy	650f571b127abc7237aa4c5976ad4ca01a861d0436533e6b2616db1a7acf563a	REALIZABLE	0.0356232159974752	REALIZABLE	0.027425583990407176	REALIZABLE	0.0329987209988758	REALIZABLE	0.01866189099382609	stable-realizable	
ltl2dpa24.ltl	direct:tlsf/ltl2dpa:ltl2dpa	ltl2dpa	direct:tlsf/ltl2dpa/ltl2dpa24.tlsf	none		{}	2	2	Mealy	Mealy	131ff21b0f6cf3d35c4a370bb365eed8e5c4a51101681ee4106b6db6078a4309	REALIZABLE	0.029397129000244604	REALIZABLE	0.031811058999664965	REALIZABLE	0.03241759599768557	REALIZABLE	0.0200696790125221	stable-realizable	
mux_pb_100_pe_.ltl	param:tlsf/mux/parametric/mux.tlsf	mux	param:tlsf/mux/parametric/mux.tlsf:n=100	exact	n	"{""n"": 100}"	107	1	Mealy	Mealy	a6d7fe5e8a427624b2bbc86b458ef8ab0499512b967f6fc512f1d0cd31ad2075	REALIZABLE	0.048258688002533745	REALIZABLE	0.04018952899787109	REALIZABLE	0.04461328801698983	REALIZABLE	0.04584701801650226	stable-realizable	
mux_pb_10_pe_.ltl	param:tlsf/mux/parametric/mux.tlsf	mux	param:tlsf/mux/parametric/mux.tlsf:n=10	exact	n	"{""n"": 10}"	14	1	Mealy	Mealy	df0274244df56cb69dc4f3cb86104d5fd3ff2fe955ed12071d8c3986c3338ba4	REALIZABLE	0.03233363399886002	REALIZABLE	0.01974760899975081	REALIZABLE	0.02712499297922477	REALIZABLE	0.023759438015986234	stable-realizable	
mux_pb_125_pe_.ltl	param:tlsf/mux/parametric/mux.tlsf	mux	param:tlsf/mux/parametric/mux.tlsf:n=125	exact	n	"{""n"": 125}"	132	1	Mealy	Mealy	479bf6fdfa7518d3cc45be50f42df091b17e5e79b320c49cc2d616a6f10260d5	REALIZABLE	0.05023486400023103	REALIZABLE	0.05025434500203119	REALIZABLE	0.04564329900313169	REALIZABLE	0.05019494201405905	stable-realizable	
mux_pb_12_pe_.ltl	param:tlsf/mux/parametric/mux.tlsf	mux	param:tlsf/mux/parametric/mux.tlsf:n=12	exact	n	"{""n"": 12}"	16	1	Mealy	Mealy	75dd1c80f62827d15e4ae82e852f9c7aff43bbc0e5b9f96423858545cb6b89e7	REALIZABLE	0.031093126999621745	REALIZABLE	0.030500524000672158	REALIZABLE	0.033239405980566517	REALIZABLE	0.03190201398683712	stable-realizable	
mux_pb_132_pe_.ltl	param:tlsf/mux/parametric/mux.tlsf	mux	param:tlsf/mux/parametric/mux.tlsf:n=132	exact	n	"{""n"": 132}"	140	1	Mealy	Mealy	b2635efb85678923dc809905a442a622560e67089cfba10334d989a35fc0e87e	REALIZABLE	0.050621014990611	REALIZABLE	0.053357078999397345	REALIZABLE	0.047821295011090115	REALIZABLE	0.046811976993922144	stable-realizable	
mux_pb_150_pe_.ltl	param:tlsf/mux/parametric/mux.tlsf	mux	param:tlsf/mux/parametric/mux.tlsf:n=150	exact	n	"{""n"": 150}"	158	1	Mealy	Mealy	4fff9fd076375cb754fcf6ce6a390d883af2d3d1c925136025df8c5c086e81c3	REALIZABLE	0.03963721599575365	REALIZABLE	0.05057819200010272	REALIZABLE	0.052537448005750775	REALIZABLE	0.0564065020007547	stable-realizable	
mux_pb_16_pe_.ltl	param:tlsf/mux/parametric/mux.tlsf	mux	param:tlsf/mux/parametric/mux.tlsf:n=16	exact	n	"{""n"": 16}"	20	1	Mealy	Mealy	b5d82f88f660f4315e80f2c0d9ffbd3ca20ecb7a608ff1204ee49dabb5922de7	REALIZABLE	0.01930778099995223	REALIZABLE	0.017032659001415595	REALIZABLE	0.032286783010931686	REALIZABLE	0.02175936900312081	stable-realizable	
mux_pb_175_pe_.ltl	param:tlsf/mux/parametric/mux.tlsf	mux	param:tlsf/mux/parametric/mux.tlsf:n=175	exact	n	"{""n"": 175}"	183	1	Mealy	Mealy	6c8f6b63b5bf0c80b658006e21408e87138e350fd9e9066b6a17bbf4570735e5	REALIZABLE	0.027040199005568866	REALIZABLE	0.05283798799791839	REALIZABLE	0.05141391098732129	REALIZABLE	0.06255746798706241	stable-realizable	
mux_pb_200_pe_.ltl	param:tlsf/mux/parametric/mux.tlsf	mux	param:tlsf/mux/parametric/mux.tlsf:n=200	exact	n	"{""n"": 200}"	208	1	Mealy	Mealy	d30a07a463ae43d58f364c6ac7963c69be2c3dd3e3e40ea93c007a3f96bfecab	REALIZABLE	0.04565862000163179	REALIZABLE	0.041188463001162745	REALIZABLE	0.03367769601754844	REALIZABLE	0.03280725501826964	stable-realizable	
mux_pb_32_pe_.ltl	param:tlsf/mux/parametric/mux.tlsf	mux	param:tlsf/mux/parametric/mux.tlsf:n=32	exact	n	"{""n"": 32}"	37	1	Mealy	Mealy	5171aae371abb593b48d47b63c79ce17a3247160c5538951fad423df2424f301	REALIZABLE	0.035809813998639584	REALIZABLE	0.0322643550025532	REALIZABLE	0.034841284999856725	REALIZABLE	0.023449894011719152	stable-realizable	
mux_pb_64_pe_.ltl	param:tlsf/mux/parametric/mux.tlsf	mux	param:tlsf/mux/parametric/mux.tlsf:n=64	exact	n	"{""n"": 64}"	70	1	Mealy	Mealy	0e0eda370c1f61921fdd0e4d6c04f8f42529ca0b4e08acb23e6fba23611361ca	REALIZABLE	0.021739768999395892	REALIZABLE	0.03866301000016392	REALIZABLE	0.03956706999451853	REALIZABLE	0.043470399017678574	stable-realizable	
mux_pb_8_pe_.ltl	param:tlsf/mux/parametric/mux.tlsf	mux	param:tlsf/mux/parametric/mux.tlsf:n=8	exact	n	"{""n"": 8}"	11	1	Mealy	Mealy	c3eda5c4b1f9ee3dea38e6c7019c9bdd3ea1f83447fa05d4a0c7609376b1b349	REALIZABLE	0.034353943992755376	REALIZABLE	0.03804197900171857	REALIZABLE	0.036057108984095976	REALIZABLE	0.033376070990925655	stable-realizable	
narylatch_pb_10_pe_.ltl	param:tlsf/nary_latch/parametric/narylatch.tlsf	narylatch	param:tlsf/nary_latch/parametric/narylatch.tlsf:n=10	exact	n	"{""n"": 10}"	11	10	Mealy	Mealy	b456e6c01241a239c3ba5bb328f23714734da0aa5c4bdf50bf8d1617a8de21d2	REALIZABLE	0.04509674400469521	REALIZABLE	0.03944474000309128	REALIZABLE	0.03322353499243036	REALIZABLE	0.038822419999632984	stable-realizable	
narylatch_pb_11_pe_.ltl	param:tlsf/nary_latch/parametric/narylatch.tlsf	narylatch	param:tlsf/nary_latch/parametric/narylatch.tlsf:n=11	exact	n	"{""n"": 11}"	12	11	Mealy	Mealy	727bdc4aec7d57f0e6defbc9fe1da3de8b85b4d91af206a0e13f19006c5f87f7	REALIZABLE	0.03804310399937094	REALIZABLE	0.04207665600006294	REALIZABLE	0.040433916001347825	REALIZABLE	0.01929843198740855	stable-realizable	
narylatch_pb_12_pe_.ltl	param:tlsf/nary_latch/parametric/narylatch.tlsf	narylatch	param:tlsf/nary_latch/parametric/narylatch.tlsf:n=12	exact	n	"{""n"": 12}"	13	12	Mealy	Mealy	f17203c0029c228510bb71c8817349360410add80e53e8d00519ef487e5d6edb	REALIZABLE	0.04183737700077472	REALIZABLE	0.035252546000265284	REALIZABLE	0.03801941900746897	REALIZABLE	0.03765202799695544	stable-realizable	
narylatch_pb_16_pe_.ltl	param:tlsf/nary_latch/parametric/narylatch.tlsf	narylatch	param:tlsf/nary_latch/parametric/narylatch.tlsf:n=16	exact	n	"{""n"": 16}"	17	16	Mealy	Mealy	7f90befb225b8bda6d02984114895a05107e5abd82d24067f698a36788459660	REALIZABLE	0.025948060998416622	REALIZABLE	0.026495291000173893	REALIZABLE	0.026877919997787103	REALIZABLE	0.04268289401079528	stable-realizable	
narylatch_pb_32_pe_.ltl	param:tlsf/nary_latch/parametric/narylatch.tlsf	narylatch	param:tlsf/nary_latch/parametric/narylatch.tlsf:n=32	exact	n	"{""n"": 32}"	33	32	Mealy	Mealy	402c336e36e71071a40dfcced0d5ba3dcce33a6797d313dfb552bc09de68b377	REALIZABLE	0.040592833000118844	REALIZABLE	0.03291879400057951	REALIZABLE	0.046813398017548025	REALIZABLE	0.040858505002688617	stable-realizable	
narylatch_pb_64_pe_.ltl	param:tlsf/nary_latch/parametric/narylatch.tlsf	narylatch	param:tlsf/nary_latch/parametric/narylatch.tlsf:n=64	exact	n	"{""n"": 64}"	65	64	Mealy	Mealy	48ba5b59413223b5ca83f84e2f513c41748bc5a83de89a47cef20dde171a171e	REALIZABLE	0.03397960899746977	REALIZABLE	0.049998054000752745	REALIZABLE	0.049975372006883845	REALIZABLE	0.06039562198566273	stable-realizable	
narylatch_pb_8_pe_.ltl	param:tlsf/nary_latch/parametric/narylatch.tlsf	narylatch	param:tlsf/nary_latch/parametric/narylatch.tlsf:n=8	exact	n	"{""n"": 8}"	9	8	Mealy	Mealy	a87825af11fff756c9ccecfed694ec80588a0f6765ad04261af0c6f69e701c42	REALIZABLE	0.041773271001147805	REALIZABLE	0.031284131999200326	REALIZABLE	0.026400731003377587	REALIZABLE	0.03483642198261805	stable-realizable	
ordered-visits-choice-real.ltl	direct:tlsf/sweap:ordered-visits-choice-real	ordered-visits-choice-real	direct:tlsf/sweap/ordered-visits-choice-real.tlsf	none		{}	8	1	Mealy	Mealy	160ad8d89734dcb31f95586eda1d8fcdd392e4fd8f89955c913dd54d1a39a9bd	UNKNOWN		REALIZABLE	0.04549005200533429	UNKNOWN		REALIZABLE	0.04182916600257158	s-solved-b-not	
ordered-visits-real.ltl	direct:tlsf/sweap:ordered-visits-real	ordered-visits-real	direct:tlsf/sweap/ordered-visits-real.tlsf	none		{}	9	1	Mealy	Mealy	bd4dba2c0747bd79176f72ca008d14b1c80f395244d27ded22237241f35c08a6	REALIZABLE	0.03340517899960105	REALIZABLE	0.05062158799955796	REALIZABLE	0.05126428499352187	REALIZABLE	0.048904552997555584	stable-realizable	
package-delivery-real.ltl	direct:tlsf/sweap:package-delivery-real	package-delivery-real	direct:tlsf/sweap/package-delivery-real.tlsf	none		{}	16	8	Mealy	Mealy	5ba5c7f498c5277053c51a9a04be293b2d96b50e50b6ec5c5a8c0dcb92adf553	TIMEOUT		TIMEOUT		TIMEOUT		TIMEOUT		stable-unsolved	
patrolling-alarm0.ltl	direct:tlsf/sweap:patrolling-alarm	patrolling-alarm	direct:tlsf/sweap/patrolling-alarm0.tlsf	none		{}	10	3	Mealy	Mealy	393b68b5dec25c31f18edfc62a7c7db1f1c0c92fe2443ba38b4c132d1e51c9df	UNREALIZABLE	0.029955304999020882	UNREALIZABLE	0.030485141003737226	UNREALIZABLE	0.02671428699977696	UNREALIZABLE	0.03733847601688467	stable-unrealizable	
patrolling-alarm1.ltl	direct:tlsf/sweap:patrolling-alarm	patrolling-alarm	direct:tlsf/sweap/patrolling-alarm1.tlsf	none		{}	11	3	Mealy	Mealy	64a4ce73f9327e55b9609e48b27e0039149fe563ff7b46d018aa66fb44f7b0be	UNREALIZABLE	0.05680496399872936	UNREALIZABLE	0.050663968999288045	UNREALIZABLE	0.040857954998500645	UNREALIZABLE	0.029081392014632	stable-unrealizable	
patrolling-alarm10.ltl	direct:tlsf/sweap:patrolling-alarm	patrolling-alarm	direct:tlsf/sweap/patrolling-alarm10.tlsf	none		{}	13	3	Mealy	Mealy	613cc59f4deb1fbbc8e3f9dc8d78d771531f206e350a4af4d1747e8da8ac3fa7	UNREALIZABLE	0.15009940799791366	UNREALIZABLE	0.15521688800072297	UNREALIZABLE	0.15438917899155058	UNREALIZABLE	0.1467859729891643	stable-unrealizable	
patrolling-alarm11.ltl	direct:tlsf/sweap:patrolling-alarm	patrolling-alarm	direct:tlsf/sweap/patrolling-alarm11.tlsf	none		{}	13	3	Mealy	Mealy	1b9b6eef016dcdb0d7a217f60a4a4cb9a5932aae9d6305894bf192ef55790d5c	UNREALIZABLE	0.18666523700085236	UNREALIZABLE	0.1499994979967596	UNREALIZABLE	0.14867923100246117	UNREALIZABLE	0.15080387899070047	stable-unrealizable	
patrolling-alarm12.ltl	direct:tlsf/sweap:patrolling-alarm	patrolling-alarm	direct:tlsf/sweap/patrolling-alarm12.tlsf	none		{}	13	3	Mealy	Mealy	ae69a68feb6c915553ea9566deab812d778e18320b057fcadada1dc0e9926287	UNREALIZABLE	0.2021996270013915	UNREALIZABLE	0.20025034100035555	UNREALIZABLE	0.2129964499908965	UNREALIZABLE	0.20623922199592926	stable-unrealizable	
patrolling-alarm13.ltl	direct:tlsf/sweap:patrolling-alarm	patrolling-alarm	direct:tlsf/sweap/patrolling-alarm13.tlsf	none		{}	13	3	Mealy	Mealy	2e6ead783933f352eed45c5ddaaf74182b894f20418b6268ee356f5e174ac4cd	UNREALIZABLE	0.21442437500081724	UNREALIZABLE	0.2386054740018153	UNREALIZABLE	0.23659269799827598	UNREALIZABLE	0.22769012101343833	stable-unrealizable	
patrolling-alarm14.ltl	direct:tlsf/sweap:patrolling-alarm	patrolling-alarm	direct:tlsf/sweap/patrolling-alarm14.tlsf	none		{}	13	3	Mealy	Mealy	12e5cbcec5d86d4c9ca303dae4281307b39369532df5c48edfe234246463fa5e	UNREALIZABLE	0.24949477300106082	UNREALIZABLE	0.238694078012486	UNREALIZABLE	0.23775503400247544	UNREALIZABLE	0.23727040801895782	stable-unrealizable	
patrolling-alarm15.ltl	direct:tlsf/sweap:patrolling-alarm	patrolling-alarm	direct:tlsf/sweap/patrolling-alarm15.tlsf	none		{}	14	3	Mealy	Mealy	3aabdb44c66569cede6fded07b8a53ba172dbe26b00c71e112753556024c6510	UNREALIZABLE	0.38119943899801	UNREALIZABLE	0.3429825199982588	UNREALIZABLE	0.3566001910076011	UNREALIZABLE	0.3688591299869586	stable-unrealizable	
patrolling-alarm16.ltl	direct:tlsf/sweap:patrolling-alarm	patrolling-alarm	direct:tlsf/sweap/patrolling-alarm16.tlsf	none		{}	14	3	Mealy	Mealy	c5c7bb980389e9674085a04da565df31789a0997fd98ba8ddeeaf84f310de4a9	UNREALIZABLE	0.4056511059998229	UNREALIZABLE	0.4241840600006981	UNREALIZABLE	0.36151304497616366	UNREALIZABLE	0.37787212900002487	stable-unrealizable	
patrolling-alarm17.ltl	direct:tlsf/sweap:patrolling-alarm	patrolling-alarm	direct:tlsf/sweap/patrolling-alarm17.tlsf	none		{}	14	3	Mealy	Mealy	7317c424983eeea0269995912d23bf379a5a8f196084b1b08f5949555fa10b36	UNREALIZABLE	0.47740631100168684	UNREALIZABLE	0.41454304700164357	UNREALIZABLE	0.5175358290143777	UNREALIZABLE	0.4590654170024209	stable-unrealizable	
patrolling-alarm18.ltl	direct:tlsf/sweap:patrolling-alarm	patrolling-alarm	direct:tlsf/sweap/patrolling-alarm18.tlsf	none		{}	14	3	Mealy	Mealy	d4647f52b5697e6e9d29bce0a08a99fb869538b5baddc3d4fe8370b585c950e8	UNREALIZABLE	0.47875496599954204	UNREALIZABLE	0.5131911899989063	UNREALIZABLE	0.5521444359910674	UNREALIZABLE	0.5189846729917917	stable-unrealizable	
patrolling-alarm19.ltl	direct:tlsf/sweap:patrolling-alarm	patrolling-alarm	direct:tlsf/sweap/patrolling-alarm19.tlsf	none		{}	14	3	Mealy	Mealy	058a1fee035e7a24098ef821c8ac1d3f88c97a271a37c93de64fcb079e3c45c4	UNREALIZABLE	0.5189675319998059	UNREALIZABLE	0.5562117299996316	UNREALIZABLE	0.4817396540020127	UNREALIZABLE	0.5151626669976395	stable-unrealizable	
patrolling-alarm2.ltl	direct:tlsf/sweap:patrolling-alarm	patrolling-alarm	direct:tlsf/sweap/patrolling-alarm2.tlsf	none		{}	11	3	Mealy	Mealy	73733f23cc0f0eb4d5efb519bb7a1c773d374ff82ee383f2e4a75ee7311f7a7c	UNREALIZABLE	0.05136555699573364	UNREALIZABLE	0.04462649700144539	UNREALIZABLE	0.04777466700761579	UNREALIZABLE	0.050806089013349265	stable-unrealizable	
patrolling-alarm20.ltl	direct:tlsf/sweap:patrolling-alarm	patrolling-alarm	direct:tlsf/sweap/patrolling-alarm20.tlsf	none		{}	14	3	Mealy	Mealy	cc25385138774f0b20ffae7623891b0eeafd7cb41c46f6adce9a94e65a584d2e	UNREALIZABLE	0.5594402389979223	UNREALIZABLE	0.5660854329980793	UNREALIZABLE	0.5507023389800452	UNREALIZABLE	0.5436842580093071	stable-unrealizable	
patrolling-alarm21.ltl	direct:tlsf/sweap:patrolling-alarm	patrolling-alarm	direct:tlsf/sweap/patrolling-alarm21.tlsf	none		{}	14	3	Mealy	Mealy	0687d6d237c802d819e2a6fda82fb7274a1dca6578939fb83d86165a24210390	UNREALIZABLE	0.6208944300014991	UNREALIZABLE	0.5719360390012298	UNREALIZABLE	0.5989534069958609	UNREALIZABLE	0.6099677040183451	stable-unrealizable	
patrolling-alarm22.ltl	direct:tlsf/sweap:patrolling-alarm	patrolling-alarm	direct:tlsf/sweap/patrolling-alarm22.tlsf	none		{}	14	3	Mealy	Mealy	bccd8c2448171024f18675bf6ad04f823455d3ba75a229e8587f04d330693ac4	UNREALIZABLE	0.6360830000048736	UNREALIZABLE	0.6593988079985138	UNREALIZABLE	0.6737366649904288	UNREALIZABLE	0.6028338430041913	stable-unrealizable	
patrolling-alarm23.ltl	direct:tlsf/sweap:patrolling-alarm	patrolling-alarm	direct:tlsf/sweap/patrolling-alarm23.tlsf	none		{}	14	3	Mealy	Mealy	1ad29a70a8315f9218654d669d51421ee645010f521f6622deeea7ff4427218f	UNREALIZABLE	0.6518731130054221	UNREALIZABLE	0.6646574100013822	UNREALIZABLE	0.7030651469831355	UNREALIZABLE	0.682592855009716	stable-unrealizable	
patrolling-alarm24.ltl	direct:tlsf/sweap:patrolling-alarm	patrolling-alarm	direct:tlsf/sweap/patrolling-alarm24.tlsf	none		{}	14	3	Mealy	Mealy	3a4bde882aa6e31ef4a5fe9b32248d2c4e0e5baf49ef0102f800e407fbc52730	UNREALIZABLE	0.7396297809973476	UNREALIZABLE	0.7249457759971847	UNREALIZABLE	0.7455132140021306	UNREALIZABLE	0.7785195369797293	stable-unrealizable	
patrolling-alarm25.ltl	direct:tlsf/sweap:patrolling-alarm	patrolling-alarm	direct:tlsf/sweap/patrolling-alarm25.tlsf	none		{}	14	3	Mealy	Mealy	262966101e8f82ae227118363c1fdce0116189e8e09103c2b69437887b81e4fa	UNREALIZABLE	0.7256309299991699	UNREALIZABLE	0.7294166310020955	UNREALIZABLE	0.7476505610102322	UNREALIZABLE	0.7450534999952652	stable-unrealizable	
patrolling-alarm26.ltl	direct:tlsf/sweap:patrolling-alarm	patrolling-alarm	direct:tlsf/sweap/patrolling-alarm26.tlsf	none		{}	14	3	Mealy	Mealy	f228c363e6929d8d1eceb86d9868468b718e0867b8e5ee8c9b1907e4078629e0	UNREALIZABLE	0.8261401010022382	UNREALIZABLE	0.7608369800000219	UNREALIZABLE	0.7728213549999055	UNREALIZABLE	0.8761920570104849	stable-unrealizable	
patrolling-alarm3.ltl	direct:tlsf/sweap:patrolling-alarm	patrolling-alarm	direct:tlsf/sweap/patrolling-alarm3.tlsf	none		{}	12	3	Mealy	Mealy	05e848744008730df4d4cac4f1cea35191b2b32d3a48113fdeb389a092b23a7d	UNREALIZABLE	0.048320526999305	UNREALIZABLE	0.04852701399795478	UNREALIZABLE	0.051937506010290235	UNREALIZABLE	0.056181837018812075	stable-unrealizable	
patrolling-alarm4.ltl	direct:tlsf/sweap:patrolling-alarm	patrolling-alarm	direct:tlsf/sweap/patrolling-alarm4.tlsf	none		{}	12	3	Mealy	Mealy	6a58e85e32a1e8da26f090bd7af02c11fb7346d34a4dd001508dad997b7b35a1	UNREALIZABLE	0.057888226001523435	UNREALIZABLE	0.06360222501098178	UNREALIZABLE	0.06574481297866441	UNREALIZABLE	0.06307264798670076	stable-unrealizable	
patrolling-alarm5.ltl	direct:tlsf/sweap:patrolling-alarm	patrolling-alarm	direct:tlsf/sweap/patrolling-alarm5.tlsf	none		{}	12	3	Mealy	Mealy	327f1274120c88785fe584275e65fec3853c35569da8453690563f4603fd4671	UNREALIZABLE	0.06477183400420472	UNREALIZABLE	0.05887845599499997	UNREALIZABLE	0.0528188579773996	UNREALIZABLE	0.06301612098468468	stable-unrealizable	
patrolling-alarm6.ltl	direct:tlsf/sweap:patrolling-alarm	patrolling-alarm	direct:tlsf/sweap/patrolling-alarm6.tlsf	none		{}	12	3	Mealy	Mealy	2300d94b193e01eca8cf09e483d29dd2d63b01bf3cd145f117f6956ae935abea	UNREALIZABLE	0.06789937899884535	UNREALIZABLE	0.06292158900032518	UNREALIZABLE	0.06730520600103773	UNREALIZABLE	0.06541293501504697	stable-unrealizable	
patrolling-alarm7.ltl	direct:tlsf/sweap:patrolling-alarm	patrolling-alarm	direct:tlsf/sweap/patrolling-alarm7.tlsf	none		{}	13	3	Mealy	Mealy	3b15304dae205eae8effdc6ba1284af334209c820ecc827a6a216bec666f21c8	UNREALIZABLE	0.08160059899819316	UNREALIZABLE	0.08842649799771607	UNREALIZABLE	0.08694075798848644	UNREALIZABLE	0.0862343099724967	stable-unrealizable	
patrolling-alarm8.ltl	direct:tlsf/sweap:patrolling-alarm	patrolling-alarm	direct:tlsf/sweap/patrolling-alarm8.tlsf	none		{}	13	3	Mealy	Mealy	8872996907eb4efa4728e1fadb86f7b8130c4a52e7178e21d12b6454c999d07e	UNREALIZABLE	0.09959804700338282	UNREALIZABLE	0.09320989900152199	UNREALIZABLE	0.10041541900136508	UNREALIZABLE	0.10501967699383385	stable-unrealizable	
patrolling-alarm9.ltl	direct:tlsf/sweap:patrolling-alarm	patrolling-alarm	direct:tlsf/sweap/patrolling-alarm9.tlsf	none		{}	13	3	Mealy	Mealy	e5d523e977336ba83e67552cd564b98e76000bc462bac2d2079930806d091969	UNREALIZABLE	0.1213958839980478	UNREALIZABLE	0.10699796799963224	UNREALIZABLE	0.13419286400312558	UNREALIZABLE	0.11502075399039313	stable-unrealizable	
patrolling0.ltl	direct:tlsf/sweap:patrolling	patrolling	direct:tlsf/sweap/patrolling0.tlsf	none		{}	8	3	Mealy	Mealy	0b3672b5ac01c5f6cc43b8402891a9b2e2b980ebd824338f5284ddf33e22d261	UNREALIZABLE	0.04284969200671185	UNREALIZABLE	0.032070150002255104	UNREALIZABLE	0.04077996898558922	UNREALIZABLE	0.03564837700105272	stable-unrealizable	
patrolling1.ltl	direct:tlsf/sweap:patrolling	patrolling	direct:tlsf/sweap/patrolling1.tlsf	none		{}	9	3	Mealy	Mealy	639ae318c7f44f7ac40f04969d590651da5cabdf8945f38d71ec1566973c36ed	UNREALIZABLE	0.04075285100043402	UNREALIZABLE	0.038567851999687264	UNREALIZABLE	0.033548142993822694	UNREALIZABLE	0.030687493999721482	stable-unrealizable	
patrolling10.ltl	direct:tlsf/sweap:patrolling	patrolling	direct:tlsf/sweap/patrolling10.tlsf	none		{}	11	3	Mealy	Mealy	4d11f4f7f67a3018576f186425384107679c51fc581804d6665ae017ae6fbaa3	UNREALIZABLE	0.13378352200379595	UNREALIZABLE	0.13795178099826444	UNREALIZABLE	0.12156017200322822	UNREALIZABLE	0.1420697260182351	stable-unrealizable	
patrolling11.ltl	direct:tlsf/sweap:patrolling	patrolling	direct:tlsf/sweap/patrolling11.tlsf	none		{}	11	3	Mealy	Mealy	6b83289c43d86f0a9cf0db06a9bb15dd8508966526e4ee1875de39cdc808d924	UNREALIZABLE	0.15113801600091392	UNREALIZABLE	0.1580254770015017	UNREALIZABLE	0.16067217598902062	UNREALIZABLE	0.1546919819957111	stable-unrealizable	
patrolling12.ltl	direct:tlsf/sweap:patrolling	patrolling	direct:tlsf/sweap/patrolling12.tlsf	none		{}	11	3	Mealy	Mealy	6c2896695d7e53f5c3e2eb25c6da24c4f9c96015c35680629860e4c2321d6c2e	UNREALIZABLE	0.19663910400413442	UNREALIZABLE	0.17501638201065361	UNREALIZABLE	0.19203597301384434	UNREALIZABLE	0.16816952798399143	stable-unrealizable	
patrolling13.ltl	direct:tlsf/sweap:patrolling	patrolling	direct:tlsf/sweap/patrolling13.tlsf	none		{}	11	3	Mealy	Mealy	13242aac76d6eb9ce7815517a966c7332297a5cd5c6a7326e2f43860ce4f7056	UNREALIZABLE	0.19777879500179552	UNREALIZABLE	0.22510483900259715	UNREALIZABLE	0.20981823399779387	UNREALIZABLE	0.21399964700685814	stable-unrealizable	
patrolling14.ltl	direct:tlsf/sweap:patrolling	patrolling	direct:tlsf/sweap/patrolling14.tlsf	none		{}	11	3	Mealy	Mealy	fb255b72f9cdafba9fdb33f4d52a01a29fb883c567d4528c4cbb78faa72f46be	UNREALIZABLE	0.24690619300054095	UNREALIZABLE	0.2403074120011297	UNREALIZABLE	0.24476629801210947	UNREALIZABLE	0.23417447501560673	stable-unrealizable	
patrolling15.ltl	direct:tlsf/sweap:patrolling	patrolling	direct:tlsf/sweap/patrolling15.tlsf	none		{}	12	3	Mealy	Mealy	7faa8a83f426c6d07b2cc7a96921781baf1d2ba84639edb1e00ba0325f00c8bb	UNREALIZABLE	0.3532502870002645	UNREALIZABLE	0.3496602189989062	UNREALIZABLE	0.389590128994314	UNREALIZABLE	0.3726016659929883	stable-unrealizable	
patrolling16.ltl	direct:tlsf/sweap:patrolling	patrolling	direct:tlsf/sweap/patrolling16.tlsf	none		{}	12	3	Mealy	Mealy	c92d9e1aafa9e67e391f5e71007b742bac096c82452bffccee779ce2393bbcba	UNREALIZABLE	0.40185174599901075	UNREALIZABLE	0.37221265700281947	UNREALIZABLE	0.3839135209855158	UNREALIZABLE	0.38404936000006273	stable-unrealizable	
patrolling17.ltl	direct:tlsf/sweap:patrolling	patrolling	direct:tlsf/sweap/patrolling17.tlsf	none		{}	12	3	Mealy	Mealy	d7fe19f38310c0a110604a8a46968025c70bee713b1e493d3b16e14a9011cc6a	UNREALIZABLE	0.4341270599998097	UNREALIZABLE	0.4095641120002256	UNREALIZABLE	0.49793985299766064	UNREALIZABLE	0.4703984899970237	stable-unrealizable	
patrolling18.ltl	direct:tlsf/sweap:patrolling	patrolling	direct:tlsf/sweap/patrolling18.tlsf	none		{}	12	3	Mealy	Mealy	9e8dd2933ff232c142821f25b5443c773ebbb3fc4f3a1581a7f654ad9d40188c	UNREALIZABLE	0.4863531070004683	UNREALIZABLE	0.5440762030048063	UNREALIZABLE	0.4974485900020227	UNREALIZABLE	0.5277153450006153	stable-unrealizable	
patrolling19.ltl	direct:tlsf/sweap:patrolling	patrolling	direct:tlsf/sweap/patrolling19.tlsf	none		{}	12	3	Mealy	Mealy	d65843212ee5ab70b61a8fc464df1d5de7d1ffde217b2ebd3707aff755bb72c3	UNREALIZABLE	0.5309865320014069	UNREALIZABLE	0.5371604240062879	UNREALIZABLE	0.5354628300119657	UNREALIZABLE	0.5682503480056766	stable-unrealizable	
patrolling2.ltl	direct:tlsf/sweap:patrolling	patrolling	direct:tlsf/sweap/patrolling2.tlsf	none		{}	9	3	Mealy	Mealy	636de20bcb1827bb918074e781be9b1ed13ccab6ba3535814f1207f543c025aa	UNREALIZABLE	0.05294002099253703	UNREALIZABLE	0.05683682799281087	UNREALIZABLE	0.05668233102187514	UNREALIZABLE	0.05447335902135819	stable-unrealizable	
patrolling20.ltl	direct:tlsf/sweap:patrolling	patrolling	direct:tlsf/sweap/patrolling20.tlsf	none		{}	12	3	Mealy	Mealy	0eb57ab6283aa08747bd5d824b45da831b5b2a80ccaefe7444b8981cf68a0568	UNREALIZABLE	0.619211246004852	UNREALIZABLE	0.5514164109990816	UNREALIZABLE	0.6066025719919708	UNREALIZABLE	0.5936520849936642	stable-unrealizable	
patrolling21.ltl	direct:tlsf/sweap:patrolling	patrolling	direct:tlsf/sweap/patrolling21.tlsf	none		{}	12	3	Mealy	Mealy	0c661f92c902f5cf32e021537adc45cfe05ad9c015c7445079e48a218d1be7a4	UNREALIZABLE	0.6245398230021237	UNREALIZABLE	0.5952178329971503	UNREALIZABLE	0.5995204719947651	UNREALIZABLE	0.6416867549996823	stable-unrealizable	
patrolling22.ltl	direct:tlsf/sweap:patrolling	patrolling	direct:tlsf/sweap/patrolling22.tlsf	none		{}	12	3	Mealy	Mealy	0aa3bc67153e3bd3bb23ebc9bbbfc56dd46f542dbcda3275b1acd906aff6f30f	UNREALIZABLE	0.6518125789989426	UNREALIZABLE	0.6437446010004351	UNREALIZABLE	0.669500689022243	UNREALIZABLE	0.6121738069923595	stable-unrealizable	
patrolling23.ltl	direct:tlsf/sweap:patrolling	patrolling	direct:tlsf/sweap/patrolling23.tlsf	none		{}	12	3	Mealy	Mealy	3fdf8d4f2fce3f278eb7739ae279fb91956c0e74df1ad51a0c1c7daf94f3dc6b	UNREALIZABLE	0.659961603996635	UNREALIZABLE	0.7448880999945686	UNREALIZABLE	0.6534050939953886	UNREALIZABLE	0.6789921910094563	stable-unrealizable	
patrolling24.ltl	direct:tlsf/sweap:patrolling	patrolling	direct:tlsf/sweap/patrolling24.tlsf	none		{}	12	3	Mealy	Mealy	d538d79ceea18a496c204e1f2dc052b0f6a09a566f2ec9a19b75dd321f817ee8	UNREALIZABLE	0.7236454039993987	UNREALIZABLE	0.7091766079993249	UNREALIZABLE	0.7601019680150785	UNREALIZABLE	0.744474070990691	stable-unrealizable	
patrolling25.ltl	direct:tlsf/sweap:patrolling	patrolling	direct:tlsf/sweap/patrolling25.tlsf	none		{}	12	3	Mealy	Mealy	cdb84ab58cb5f3667a9344f89e5ef3b0b5087b84475c879eb6938f2d436a4890	UNREALIZABLE	0.7198096200008877	UNREALIZABLE	0.777753099995607	UNREALIZABLE	0.7325669229903724	UNREALIZABLE	0.753513571980875	stable-unrealizable	
patrolling3.ltl	direct:tlsf/sweap:patrolling	patrolling	direct:tlsf/sweap/patrolling3.tlsf	none		{}	10	3	Mealy	Mealy	9c1e76b45a19a5257e0594819e36932a0689c8e33f4a808a4acd1ccd0305140a	UNREALIZABLE	0.04520195400255034	UNREALIZABLE	0.05702272900089156	UNREALIZABLE	0.05417367801419459	UNREALIZABLE	0.04967546497937292	stable-unrealizable	
patrolling4.ltl	direct:tlsf/sweap:patrolling	patrolling	direct:tlsf/sweap/patrolling4.tlsf	none		{}	10	3	Mealy	Mealy	d30d53019f2ee62b1aca5ee8accbd333ef2024bcd54480fb9e3155514e23041f	UNREALIZABLE	0.045206422997580376	UNREALIZABLE	0.05121526199945947	UNREALIZABLE	0.0553190810023807	UNREALIZABLE	0.04646222697920166	stable-unrealizable	
patrolling5.ltl	direct:tlsf/sweap:patrolling	patrolling	direct:tlsf/sweap/patrolling5.tlsf	none		{}	10	3	Mealy	Mealy	aa04a1d389a3afd833308131a0fd2b70afc5d1c88d268f623ad203a18866dc36	UNREALIZABLE	0.05484419300046284	UNREALIZABLE	0.05816745300035109	UNREALIZABLE	0.057767791993683204	UNREALIZABLE	0.07161186198936775	stable-unrealizable	
patrolling6.ltl	direct:tlsf/sweap:patrolling	patrolling	direct:tlsf/sweap/patrolling6.tlsf	none		{}	10	3	Mealy	Mealy	cbcfac6ec625bc951e078c8791e6f2c07be69cd444e0940006e3f25aed6ece23	UNREALIZABLE	0.06774656699963089	UNREALIZABLE	0.06424220299959416	UNREALIZABLE	0.07325144298374653	UNREALIZABLE	0.0763562619977165	stable-unrealizable	
patrolling7.ltl	direct:tlsf/sweap:patrolling	patrolling	direct:tlsf/sweap/patrolling7.tlsf	none		{}	11	3	Mealy	Mealy	de113e80d42404bc0fcc6c8b42744492fdaadb66424e20fdb03d306d2c6af06d	UNREALIZABLE	0.08583470799931092	UNREALIZABLE	0.08497973300109152	UNREALIZABLE	0.0792714009876363	UNREALIZABLE	0.07921267798519693	stable-unrealizable	
patrolling8.ltl	direct:tlsf/sweap:patrolling	patrolling	direct:tlsf/sweap/patrolling8.tlsf	none		{}	11	3	Mealy	Mealy	92a174a595338c678081034fc110d9622c7601e5addf39b76a783a54e3414e51	UNREALIZABLE	0.10880612800247036	UNREALIZABLE	0.10451127499982249	UNREALIZABLE	0.10786863998509943	UNREALIZABLE	0.10224465100327507	stable-unrealizable	
patrolling9.ltl	direct:tlsf/sweap:patrolling	patrolling	direct:tlsf/sweap/patrolling9.tlsf	none		{}	11	3	Mealy	Mealy	7e34db030572a6c211b5bf1d1737a6c694af95fe5abb9afdf7aaffaaa995ca0d	UNREALIZABLE	0.11845067700051004	UNREALIZABLE	0.10387569299928145	UNREALIZABLE	0.1336850989900995	UNREALIZABLE	0.1189426319906488	stable-unrealizable	
precise-reachability-real.ltl	direct:tlsf/sweap:precise-reachability-real	precise-reachability-real	direct:tlsf/sweap/precise-reachability-real.tlsf	none		{}	8	2	Mealy	Mealy	968bc5667bddc11419088e0f2e5b0c364f1bd09b68cea283396ca1b4f2db8e31	REALIZABLE	0.12200501600455027	REALIZABLE	0.13116584499948658	REALIZABLE	0.1280498260166496	REALIZABLE	0.12389182299375534	stable-realizable	
precise-reachability0.ltl	direct:tlsf/sweap:precise-reachability	precise-reachability	direct:tlsf/sweap/precise-reachability0.tlsf	none		{}	6	2	Mealy	Mealy	c63ae04e7ad03e2dc7ac679904cc05367c927c5f86bfdd5aa2352872e2427264	UNREALIZABLE	0.02397233300143853	UNREALIZABLE	0.019397152995225042	UNREALIZABLE	0.024344988982193172	UNREALIZABLE	0.019945803011069074	stable-unrealizable	
prioritized_arbiter_enc_pb_10_pe_.ltl	param:tlsf/prioritized_arbiter_log/parametric/prioritized_arbiter_enc.tlsf	prioritized_arbiter_enc	param:tlsf/prioritized_arbiter_log/parametric/prioritized_arbiter_enc.tlsf:n=10	exact	n	"{""n"": 10}"	4	4	Mealy	Mealy	68f6087db5c12e77bd3504406bfe4b348f10c926cc14edfcd13437167dee6db5	TIMEOUT		TIMEOUT		TIMEOUT		TIMEOUT		stable-unsolved	
prioritized_arbiter_enc_pb_12_pe_.ltl	param:tlsf/prioritized_arbiter_log/parametric/prioritized_arbiter_enc.tlsf	prioritized_arbiter_enc	param:tlsf/prioritized_arbiter_log/parametric/prioritized_arbiter_enc.tlsf:n=12	exact	n	"{""n"": 12}"	4	4	Mealy	Mealy	a7bbe7c1c04987b563bc717b03cdd696146158aee4a4594b9a6e533290ac58f6	TIMEOUT		TIMEOUT		TIMEOUT		TIMEOUT		stable-unsolved	
prioritized_arbiter_enc_pb_13_pe_.ltl	param:tlsf/prioritized_arbiter_log/parametric/prioritized_arbiter_enc.tlsf	prioritized_arbiter_enc	param:tlsf/prioritized_arbiter_log/parametric/prioritized_arbiter_enc.tlsf:n=13	exact	n	"{""n"": 13}"	4	4	Mealy	Mealy	286cb3d4359e75b1000da08b426553fc9fb7f086f88719edd4a5743fe78f4094	TIMEOUT		TIMEOUT		TIMEOUT		TIMEOUT		stable-unsolved	
prioritized_arbiter_enc_pb_14_pe_.ltl	param:tlsf/prioritized_arbiter_log/parametric/prioritized_arbiter_enc.tlsf	prioritized_arbiter_enc	param:tlsf/prioritized_arbiter_log/parametric/prioritized_arbiter_enc.tlsf:n=14	exact	n	"{""n"": 14}"	4	4	Mealy	Mealy	89f6cfe29915c03b6a4c982f75de57b51bda4297cf010cbcf86ad5a99381e265	TIMEOUT		TIMEOUT		TIMEOUT		TIMEOUT		stable-unsolved	
prioritized_arbiter_enc_pb_15_pe_.ltl	param:tlsf/prioritized_arbiter_log/parametric/prioritized_arbiter_enc.tlsf	prioritized_arbiter_enc	param:tlsf/prioritized_arbiter_log/parametric/prioritized_arbiter_enc.tlsf:n=15	exact	n	"{""n"": 15}"	4	4	Mealy	Mealy	1d639d5a46de95789d5d70ad4244d094cb223ec63d7d3d939ef3d45019fdba05	TIMEOUT		TIMEOUT		TIMEOUT		TIMEOUT		stable-unsolved	
prioritized_arbiter_enc_pb_8_pe_.ltl	param:tlsf/prioritized_arbiter_log/parametric/prioritized_arbiter_enc.tlsf	prioritized_arbiter_enc	param:tlsf/prioritized_arbiter_log/parametric/prioritized_arbiter_enc.tlsf:n=8	exact	n	"{""n"": 8}"	3	4	Mealy	Mealy	2877f957675f895fe0aa0966f799c8106d4333a6918ffd7ca6e5a77f03d736fe	MEMOUT		MEMOUT		TIMEOUT		TIMEOUT		stable-unsolved	
prioritized_arbiter_pb_10_pe_.ltl	param:tlsf/prioritized_arbiter/parametric/prioritized_arbiter.tlsf	prioritized_arbiter	param:tlsf/prioritized_arbiter/parametric/prioritized_arbiter.tlsf:n=10	exact	n	"{""n"": 10}"	11	11	Mealy	Mealy	c4e0104d44491dfdd2c291db7dde4de7a46a70e7f0c03cc29e4cf9794ebeb195	TIMEOUT		TIMEOUT		TIMEOUT		TIMEOUT		stable-unsolved	
prioritized_arbiter_pb_12_pe_.ltl	param:tlsf/prioritized_arbiter/parametric/prioritized_arbiter.tlsf	prioritized_arbiter	param:tlsf/prioritized_arbiter/parametric/prioritized_arbiter.tlsf:n=12	exact	n	"{""n"": 12}"	13	13	Mealy	Mealy	6150ba4387f680f447cc2ee04d0bd059c406601003e4a00105cd76df8d8e8841	TIMEOUT		TIMEOUT		TIMEOUT		TIMEOUT		stable-unsolved	
prioritized_arbiter_pb_1_pe_.ltl	param:tlsf/prioritized_arbiter/parametric/prioritized_arbiter.tlsf	prioritized_arbiter	param:tlsf/prioritized_arbiter/parametric/prioritized_arbiter.tlsf:n=1	exact	n	"{""n"": 1}"	2	2	Mealy	Mealy	778a0010e8f6c2826580e36969b0fbaa473fccff286366b1dcbea3df3358519c	REALIZABLE	0.022419615001126658	REALIZABLE	0.018805195000823005	REALIZABLE	0.02537364701856859	REALIZABLE	0.016799275996163487	stable-realizable	
prioritized_arbiter_pb_2_pe_.ltl	param:tlsf/prioritized_arbiter/parametric/prioritized_arbiter.tlsf	prioritized_arbiter	param:tlsf/prioritized_arbiter/parametric/prioritized_arbiter.tlsf:n=2	exact	n	"{""n"": 2}"	3	3	Mealy	Mealy	3fc791c04db2d89a23ce91cafd7a4b78698d4ca079c38c1fbc88bf33b452799b	REALIZABLE	0.03324276900093537	REALIZABLE	0.03268385399860563	REALIZABLE	0.01967997700558044	REALIZABLE	0.02809047797927633	stable-realizable	
prioritized_arbiter_pb_3_pe_.ltl	param:tlsf/prioritized_arbiter/parametric/prioritized_arbiter.tlsf	prioritized_arbiter	param:tlsf/prioritized_arbiter/parametric/prioritized_arbiter.tlsf:n=3	exact	n	"{""n"": 3}"	4	4	Mealy	Mealy	121c834532f845768b5376b77f463d56be19f50513e02c7d7d81ee1aa8457590	REALIZABLE	0.024031095999816898	REALIZABLE	0.03673654999874998	REALIZABLE	0.02625151799293235	REALIZABLE	0.03957702199113555	stable-realizable	
prioritized_arbiter_pb_4_pe_.ltl	param:tlsf/prioritized_arbiter/parametric/prioritized_arbiter.tlsf	prioritized_arbiter	param:tlsf/prioritized_arbiter/parametric/prioritized_arbiter.tlsf:n=4	exact	n	"{""n"": 4}"	5	5	Mealy	Mealy	14475ad9fd963aedc33e9f309f7095fab169e5b8fb0f6824f3ea8581c82d583b	REALIZABLE	0.023801989998901263	REALIZABLE	0.01964898200094467	REALIZABLE	0.03862829800345935	REALIZABLE	0.0409829500131309	stable-realizable	
prioritized_arbiter_pb_5_pe_.ltl	param:tlsf/prioritized_arbiter/parametric/prioritized_arbiter.tlsf	prioritized_arbiter	param:tlsf/prioritized_arbiter/parametric/prioritized_arbiter.tlsf:n=5	exact	n	"{""n"": 5}"	6	6	Mealy	Mealy	7baac2977eb3f3a8015fb90da5b4ee9333fe65d22ca97c34a2b2f82613a67f86	REALIZABLE	0.02731024600143428	REALIZABLE	0.028953839999303455	REALIZABLE	0.048571061983238906	REALIZABLE	0.044055938022211194	stable-realizable	
prioritized_arbiter_pb_6_pe_.ltl	param:tlsf/prioritized_arbiter/parametric/prioritized_arbiter.tlsf	prioritized_arbiter	param:tlsf/prioritized_arbiter/parametric/prioritized_arbiter.tlsf:n=6	exact	n	"{""n"": 6}"	7	7	Mealy	Mealy	c16fb0f0d204917e4a21633cb3112fbc1c0f3b1a00229c495b6e0b3ae1ed812f	REALIZABLE	0.35263035599928116	REALIZABLE	0.37161490899597993	REALIZABLE	0.38154885201947764	REALIZABLE	0.3743546259938739	stable-realizable	
prioritized_arbiter_pb_7_pe_.ltl	param:tlsf/prioritized_arbiter/parametric/prioritized_arbiter.tlsf	prioritized_arbiter	param:tlsf/prioritized_arbiter/parametric/prioritized_arbiter.tlsf:n=7	exact	n	"{""n"": 7}"	8	8	Mealy	Mealy	5dad9c093748d6b392a401873c5b0c582878d4aa621cc4aa2f0af3b7fe819da4	TIMEOUT		TIMEOUT		TIMEOUT		TIMEOUT		stable-unsolved	
prioritized_arbiter_pb_8_pe_.ltl	param:tlsf/prioritized_arbiter/parametric/prioritized_arbiter.tlsf	prioritized_arbiter	param:tlsf/prioritized_arbiter/parametric/prioritized_arbiter.tlsf:n=8	exact	n	"{""n"": 8}"	9	9	Mealy	Mealy	91dff8be38f4467fcd0632215aa3a2dbd008c96ec4bf7007f19393500cffecbd	TIMEOUT		TIMEOUT		TIMEOUT		TIMEOUT		stable-unsolved	
prioritized_arbiter_pb_9_pe_.ltl	param:tlsf/prioritized_arbiter/parametric/prioritized_arbiter.tlsf	prioritized_arbiter	param:tlsf/prioritized_arbiter/parametric/prioritized_arbiter.tlsf:n=9	exact	n	"{""n"": 9}"	10	10	Mealy	Mealy	ce3169128ac782de172e02a0a9137f15f944b159c988efc6d9cf1b42e0070a59	TIMEOUT		TIMEOUT		TIMEOUT		TIMEOUT		stable-unsolved	
prioritized_arbiter_unreal1_pb_2_10_pe_.ltl	param:tlsf/prioritized_arbiter_unreal/parametric/prioritized_arbiter_unreal1.tlsf	prioritized_arbiter_unreal1	param:tlsf/prioritized_arbiter_unreal/parametric/prioritized_arbiter_unreal1.tlsf:n=2,u=10	exact	n,u	"{""n"": 2, ""u"": 10}"	3	3	Mealy	Mealy	bf0d9a12ea444456b381435db86c115147099447318fcc4241e519d0841044e8	UNREALIZABLE	0.018792211994878016	UNREALIZABLE	0.030981065006926656	UNREALIZABLE	0.018249654007377103	UNREALIZABLE	0.019707380997715518	stable-unrealizable	
prioritized_arbiter_unreal1_pb_2_11_pe_.ltl	param:tlsf/prioritized_arbiter_unreal/parametric/prioritized_arbiter_unreal1.tlsf	prioritized_arbiter_unreal1	param:tlsf/prioritized_arbiter_unreal/parametric/prioritized_arbiter_unreal1.tlsf:n=2,u=11	exact	n,u	"{""n"": 2, ""u"": 11}"	3	3	Mealy	Mealy	00e1004fb4976094a821469ba7ac47dc3e07011481a25009e079ff4387ec5d2c	UNREALIZABLE	0.02419252799882088	UNREALIZABLE	0.023313326000788948	UNREALIZABLE	0.027101043990114704	UNREALIZABLE	0.018326608987990767	stable-unrealizable	
prioritized_arbiter_unreal1_pb_2_12_pe_.ltl	param:tlsf/prioritized_arbiter_unreal/parametric/prioritized_arbiter_unreal1.tlsf	prioritized_arbiter_unreal1	param:tlsf/prioritized_arbiter_unreal/parametric/prioritized_arbiter_unreal1.tlsf:n=2,u=12	exact	n,u	"{""n"": 2, ""u"": 12}"	3	3	Mealy	Mealy	fc4cbd2db698ea6fbdee81107c1bdefe85b8060e9bb4e0158698b49a15c34198	UNREALIZABLE	0.017861966000054963	UNREALIZABLE	0.0215816000054474	UNREALIZABLE	0.024305847997311503	UNREALIZABLE	0.020560283010127023	stable-unrealizable	
prioritized_arbiter_unreal1_pb_2_13_pe_.ltl	param:tlsf/prioritized_arbiter_unreal/parametric/prioritized_arbiter_unreal1.tlsf	prioritized_arbiter_unreal1	param:tlsf/prioritized_arbiter_unreal/parametric/prioritized_arbiter_unreal1.tlsf:n=2,u=13	exact	n,u	"{""n"": 2, ""u"": 13}"	3	3	Mealy	Mealy	11ee2d48c5690e11b632c33f212476d62954c08a3662637643e670a1e2dfcb2f	UNREALIZABLE	0.017121350996603724	UNREALIZABLE	0.0314914359987597	UNREALIZABLE	0.017187585006467998	UNREALIZABLE	0.017051583010470495	stable-unrealizable	
prioritized_arbiter_unreal1_pb_2_14_pe_.ltl	param:tlsf/prioritized_arbiter_unreal/parametric/prioritized_arbiter_unreal1.tlsf	prioritized_arbiter_unreal1	param:tlsf/prioritized_arbiter_unreal/parametric/prioritized_arbiter_unreal1.tlsf:n=2,u=14	exact	n,u	"{""n"": 2, ""u"": 14}"	3	3	Mealy	Mealy	9c73b0fc72bc4cd6c92fca94555ea647c51cce8486ca7ceb06fd5cf9d69a572a	UNREALIZABLE	0.02347098899190314	UNREALIZABLE	0.025531563005642965	UNREALIZABLE	0.02255320700351149	UNREALIZABLE	0.016784965991973877	stable-unrealizable	
prioritized_arbiter_unreal1_pb_2_15_pe_.ltl	param:tlsf/prioritized_arbiter_unreal/parametric/prioritized_arbiter_unreal1.tlsf	prioritized_arbiter_unreal1	param:tlsf/prioritized_arbiter_unreal/parametric/prioritized_arbiter_unreal1.tlsf:n=2,u=15	exact	n,u	"{""n"": 2, ""u"": 15}"	3	3	Mealy	Mealy	e26f61ba30a5380ed25cb91b0a5ea49715bb117a5cbb65913eb9e2c2f1a8a52f	UNREALIZABLE	0.020263546000933275	UNREALIZABLE	0.028664856996329036	UNREALIZABLE	0.03872441698331386	UNREALIZABLE	0.03241873701335862	stable-unrealizable	
prioritized_arbiter_unreal1_pb_2_16_pe_.ltl	param:tlsf/prioritized_arbiter_unreal/parametric/prioritized_arbiter_unreal1.tlsf	prioritized_arbiter_unreal1	param:tlsf/prioritized_arbiter_unreal/parametric/prioritized_arbiter_unreal1.tlsf:n=2,u=16	exact	n,u	"{""n"": 2, ""u"": 16}"	3	3	Mealy	Mealy	0c998f8a329a83599425e8e8941ef54d83783838e0c7f8cd6a0b19b7ab575a8f	UNREALIZABLE	0.02900573499937309	UNREALIZABLE	0.030673625005874783	UNREALIZABLE	0.017353763978462666	UNREALIZABLE	0.02317816999857314	stable-unrealizable	
prioritized_arbiter_unreal1_pb_2_1_pe_.ltl	param:tlsf/prioritized_arbiter_unreal/parametric/prioritized_arbiter_unreal1.tlsf	prioritized_arbiter_unreal1	param:tlsf/prioritized_arbiter_unreal/parametric/prioritized_arbiter_unreal1.tlsf:n=2,u=1	exact	n,u	"{""n"": 2, ""u"": 1}"	3	3	Mealy	Mealy	05207a3d8b05620d70105a65130f48cd2552d4b07f508a9c72b028e593883958	UNREALIZABLE	0.030457568005658686	UNREALIZABLE	0.03118103700398933	UNREALIZABLE	0.02715093400911428	UNREALIZABLE	0.028767985000740737	stable-unrealizable	
prioritized_arbiter_unreal1_pb_2_2_pe_.ltl	param:tlsf/prioritized_arbiter_unreal/parametric/prioritized_arbiter_unreal1.tlsf	prioritized_arbiter_unreal1	param:tlsf/prioritized_arbiter_unreal/parametric/prioritized_arbiter_unreal1.tlsf:n=2,u=2	exact	n,u	"{""n"": 2, ""u"": 2}"	3	3	Mealy	Mealy	ea71c22e9038857ed32f71572777f0aeba19a15c511443995a9e004a648960f2	UNREALIZABLE	0.02884491000440903	UNREALIZABLE	0.023121142003219575	UNREALIZABLE	0.019121965015074238	UNREALIZABLE	0.017231578996870667	stable-unrealizable	
prioritized_arbiter_unreal1_pb_2_3_pe_.ltl	param:tlsf/prioritized_arbiter_unreal/parametric/prioritized_arbiter_unreal1.tlsf	prioritized_arbiter_unreal1	param:tlsf/prioritized_arbiter_unreal/parametric/prioritized_arbiter_unreal1.tlsf:n=2,u=3	exact	n,u	"{""n"": 2, ""u"": 3}"	3	3	Mealy	Mealy	5323308ecca63309f065f9aa913fd30a1a239b68f83ee4cdfd02584e9dcc5725	UNREALIZABLE	0.017029681002895813	UNREALIZABLE	0.022597647999646142	UNREALIZABLE	0.037001973018050194	UNREALIZABLE	0.01538841999717988	stable-unrealizable	
prioritized_arbiter_unreal1_pb_2_4_pe_.ltl	param:tlsf/prioritized_arbiter_unreal/parametric/prioritized_arbiter_unreal1.tlsf	prioritized_arbiter_unreal1	param:tlsf/prioritized_arbiter_unreal/parametric/prioritized_arbiter_unreal1.tlsf:n=2,u=4	exact	n,u	"{""n"": 2, ""u"": 4}"	3	3	Mealy	Mealy	17f63c6d61190ea851e68f030e2d109d0d88def12c8cb9d405246ce3f745e59d	UNREALIZABLE	0.03231061000042246	UNREALIZABLE	0.031618012999388156	UNREALIZABLE	0.036615397984860465	UNREALIZABLE	0.020145153015619144	stable-unrealizable	
prioritized_arbiter_unreal1_pb_2_5_pe_.ltl	param:tlsf/prioritized_arbiter_unreal/parametric/prioritized_arbiter_unreal1.tlsf	prioritized_arbiter_unreal1	param:tlsf/prioritized_arbiter_unreal/parametric/prioritized_arbiter_unreal1.tlsf:n=2,u=5	exact	n,u	"{""n"": 2, ""u"": 5}"	3	3	Mealy	Mealy	7776d92523143d7d6f7edf581677159988960df429c83d555cfe0da4f8681447	UNREALIZABLE	0.02365260499936994	UNREALIZABLE	0.01913833800063003	UNREALIZABLE	0.019464344979496673	UNREALIZABLE	0.02203128198743798	stable-unrealizable	
prioritized_arbiter_unreal1_pb_2_6_pe_.ltl	param:tlsf/prioritized_arbiter_unreal/parametric/prioritized_arbiter_unreal1.tlsf	prioritized_arbiter_unreal1	param:tlsf/prioritized_arbiter_unreal/parametric/prioritized_arbiter_unreal1.tlsf:n=2,u=6	exact	n,u	"{""n"": 2, ""u"": 6}"	3	3	Mealy	Mealy	1f156a8651cda4b11f1d3a01cf4b66c0bf47076a1026377e2049ce7b3560a7e7	UNREALIZABLE	0.03787852099776501	UNREALIZABLE	0.03278347200102871	UNREALIZABLE	0.04200947200297378	UNREALIZABLE	0.029054988001007587	stable-unrealizable	
prioritized_arbiter_unreal1_pb_2_7_pe_.ltl	param:tlsf/prioritized_arbiter_unreal/parametric/prioritized_arbiter_unreal1.tlsf	prioritized_arbiter_unreal1	param:tlsf/prioritized_arbiter_unreal/parametric/prioritized_arbiter_unreal1.tlsf:n=2,u=7	exact	n,u	"{""n"": 2, ""u"": 7}"	3	3	Mealy	Mealy	88912d8511ada222d1170cd8188ac8d1ba516cf3fc35111bc2e1fe0be3ed9c8c	UNREALIZABLE	0.025506445999781135	UNREALIZABLE	0.020670020996476524	UNREALIZABLE	0.02823572899797	UNREALIZABLE	0.02480813500005752	stable-unrealizable	
prioritized_arbiter_unreal1_pb_2_8_pe_.ltl	param:tlsf/prioritized_arbiter_unreal/parametric/prioritized_arbiter_unreal1.tlsf	prioritized_arbiter_unreal1	param:tlsf/prioritized_arbiter_unreal/parametric/prioritized_arbiter_unreal1.tlsf:n=2,u=8	exact	n,u	"{""n"": 2, ""u"": 8}"	3	3	Mealy	Mealy	1b64abf91fd5005b0557dbb5b85fbb85dd551d0fe2908cf8c3066a842f9148fb	UNREALIZABLE	0.023533425002824515	UNREALIZABLE	0.027937869002926163	UNREALIZABLE	0.029417373007163405	UNREALIZABLE	0.017369504988892004	stable-unrealizable	
prioritized_arbiter_unreal1_pb_2_9_pe_.ltl	param:tlsf/prioritized_arbiter_unreal/parametric/prioritized_arbiter_unreal1.tlsf	prioritized_arbiter_unreal1	param:tlsf/prioritized_arbiter_unreal/parametric/prioritized_arbiter_unreal1.tlsf:n=2,u=9	exact	n,u	"{""n"": 2, ""u"": 9}"	3	3	Mealy	Mealy	8ab00ae8e43487d52d9e5ade7276d923aaaf9856f15f27b703cdf3a217a17168	UNREALIZABLE	0.0264626089920057	UNREALIZABLE	0.020425719005288556	UNREALIZABLE	0.02939007501117885	UNREALIZABLE	0.03112321300432086	stable-unrealizable	
prioritized_arbiter_unreal1_pb_3_10_pe_.ltl	param:tlsf/prioritized_arbiter_unreal/parametric/prioritized_arbiter_unreal1.tlsf	prioritized_arbiter_unreal1	param:tlsf/prioritized_arbiter_unreal/parametric/prioritized_arbiter_unreal1.tlsf:n=3,u=10	exact	n,u	"{""n"": 3, ""u"": 10}"	4	4	Mealy	Mealy	bbd5a905b24b6b045e1ff46e1b11c218787ddff2a49fe2863f81ed48f0f50499	UNREALIZABLE	0.03530356699957338	UNREALIZABLE	0.02283048599929316	UNREALIZABLE	0.019642597995698452	UNREALIZABLE	0.025067376991501078	stable-unrealizable	
prioritized_arbiter_unreal1_pb_3_11_pe_.ltl	param:tlsf/prioritized_arbiter_unreal/parametric/prioritized_arbiter_unreal1.tlsf	prioritized_arbiter_unreal1	param:tlsf/prioritized_arbiter_unreal/parametric/prioritized_arbiter_unreal1.tlsf:n=3,u=11	exact	n,u	"{""n"": 3, ""u"": 11}"	4	4	Mealy	Mealy	84f8479518088a397f17238fadaf8f2ad1b6323487e35681db75cf9b4df474c6	UNREALIZABLE	0.01813811199826887	UNREALIZABLE	0.025544313999489532	UNREALIZABLE	0.03361819399287924	UNREALIZABLE	0.03446638002060354	stable-unrealizable	
prioritized_arbiter_unreal1_pb_3_12_pe_.ltl	param:tlsf/prioritized_arbiter_unreal/parametric/prioritized_arbiter_unreal1.tlsf	prioritized_arbiter_unreal1	param:tlsf/prioritized_arbiter_unreal/parametric/prioritized_arbiter_unreal1.tlsf:n=3,u=12	exact	n,u	"{""n"": 3, ""u"": 12}"	4	4	Mealy	Mealy	5562ded6f37d9120a75e7845990a27056648d7d5df55c20ff8a0053204e6d6b3	UNREALIZABLE	0.025339394000184257	UNREALIZABLE	0.0371527950046584	UNREALIZABLE	0.021207387006143108	UNREALIZABLE	0.028356533992337063	stable-unrealizable	
prioritized_arbiter_unreal1_pb_3_13_pe_.ltl	param:tlsf/prioritized_arbiter_unreal/parametric/prioritized_arbiter_unreal1.tlsf	prioritized_arbiter_unreal1	param:tlsf/prioritized_arbiter_unreal/parametric/prioritized_arbiter_unreal1.tlsf:n=3,u=13	exact	n,u	"{""n"": 3, ""u"": 13}"	4	4	Mealy	Mealy	4a43b6712f0a796b4060891ae1dc007fb6890dc7a7e8fb92e4a20c8bac88c6e4	UNREALIZABLE	0.03732758199839736	UNREALIZABLE	0.016667560001224047	UNREALIZABLE	0.028838624013587832	UNREALIZABLE	0.03678493300685659	stable-unrealizable	
prioritized_arbiter_unreal1_pb_3_14_pe_.ltl	param:tlsf/prioritized_arbiter_unreal/parametric/prioritized_arbiter_unreal1.tlsf	prioritized_arbiter_unreal1	param:tlsf/prioritized_arbiter_unreal/parametric/prioritized_arbiter_unreal1.tlsf:n=3,u=14	exact	n,u	"{""n"": 3, ""u"": 14}"	4	4	Mealy	Mealy	1b6da3b01237b3f0c8874c2e8b2e667919f256021c739f204f295f7b5f1d4ca2	UNREALIZABLE	0.016861183001310565	UNREALIZABLE	0.024906435995944776	UNREALIZABLE	0.01846828599809669	UNREALIZABLE	0.025699539022753015	stable-unrealizable	
prioritized_arbiter_unreal1_pb_3_15_pe_.ltl	param:tlsf/prioritized_arbiter_unreal/parametric/prioritized_arbiter_unreal1.tlsf	prioritized_arbiter_unreal1	param:tlsf/prioritized_arbiter_unreal/parametric/prioritized_arbiter_unreal1.tlsf:n=3,u=15	exact	n,u	"{""n"": 3, ""u"": 15}"	4	4	Mealy	Mealy	94c2c7d0fe68f64be143b8907755a71eda42935f18537e1aeef686657a8760c5	UNREALIZABLE	0.027136112000334833	UNREALIZABLE	0.02296498600026098	UNREALIZABLE	0.01710045398795046	UNREALIZABLE	0.020653757004765794	stable-unrealizable	
prioritized_arbiter_unreal1_pb_3_16_pe_.ltl	param:tlsf/prioritized_arbiter_unreal/parametric/prioritized_arbiter_unreal1.tlsf	prioritized_arbiter_unreal1	param:tlsf/prioritized_arbiter_unreal/parametric/prioritized_arbiter_unreal1.tlsf:n=3,u=16	exact	n,u	"{""n"": 3, ""u"": 16}"	4	4	Mealy	Mealy	3765a5180666ec05b7a960297e18bd3343f2d490e3095fc4b446550f1ec5616e	UNREALIZABLE	0.03749878199596424	UNREALIZABLE	0.03606888899957994	UNREALIZABLE	0.0403277039877139	UNREALIZABLE	0.03853797301417217	stable-unrealizable	
prioritized_arbiter_unreal1_pb_3_1_pe_.ltl	param:tlsf/prioritized_arbiter_unreal/parametric/prioritized_arbiter_unreal1.tlsf	prioritized_arbiter_unreal1	param:tlsf/prioritized_arbiter_unreal/parametric/prioritized_arbiter_unreal1.tlsf:n=3,u=1	exact	n,u	"{""n"": 3, ""u"": 1}"	4	4	Mealy	Mealy	86b79eacee6fc752fa3e257b298e5508ecd987e1243bcf48acadcc78d9254543	UNREALIZABLE	0.033882110998092685	UNREALIZABLE	0.03489504200115334	UNREALIZABLE	0.040283695998368785	UNREALIZABLE	0.040805210010148585	stable-unrealizable	
prioritized_arbiter_unreal1_pb_3_2_pe_.ltl	param:tlsf/prioritized_arbiter_unreal/parametric/prioritized_arbiter_unreal1.tlsf	prioritized_arbiter_unreal1	param:tlsf/prioritized_arbiter_unreal/parametric/prioritized_arbiter_unreal1.tlsf:n=3,u=2	exact	n,u	"{""n"": 3, ""u"": 2}"	4	4	Mealy	Mealy	09a449991697848e93674b8f2f83b99a6cc9058b75c58262f7c1735969978ffe	UNREALIZABLE	0.042951604002155364	UNREALIZABLE	0.033629705001658294	UNREALIZABLE	0.0340904550103005	UNREALIZABLE	0.03350009300629608	stable-unrealizable	
prioritized_arbiter_unreal1_pb_3_3_pe_.ltl	param:tlsf/prioritized_arbiter_unreal/parametric/prioritized_arbiter_unreal1.tlsf	prioritized_arbiter_unreal1	param:tlsf/prioritized_arbiter_unreal/parametric/prioritized_arbiter_unreal1.tlsf:n=3,u=3	exact	n,u	"{""n"": 3, ""u"": 3}"	4	4	Mealy	Mealy	58d1ca37ae814bef98ab9e2473d705821a83dbe433977b57f282253dc690b8c3	UNREALIZABLE	0.023346000000856293	UNREALIZABLE	0.019747719999941182	UNREALIZABLE	0.019890658993972465	UNREALIZABLE	0.029693919990677387	stable-unrealizable	
prioritized_arbiter_unreal1_pb_3_4_pe_.ltl	param:tlsf/prioritized_arbiter_unreal/parametric/prioritized_arbiter_unreal1.tlsf	prioritized_arbiter_unreal1	param:tlsf/prioritized_arbiter_unreal/parametric/prioritized_arbiter_unreal1.tlsf:n=3,u=4	exact	n,u	"{""n"": 3, ""u"": 4}"	4	4	Mealy	Mealy	b12feb75a9ab860c2ac06886e3eb623ce6de21a9f1abb02836a037792b81ab1e	UNREALIZABLE	0.019042486999751418	UNREALIZABLE	0.021188732998780324	UNREALIZABLE	0.02402631301083602	UNREALIZABLE	0.027966171997832134	stable-unrealizable	
prioritized_arbiter_unreal1_pb_3_5_pe_.ltl	param:tlsf/prioritized_arbiter_unreal/parametric/prioritized_arbiter_unreal1.tlsf	prioritized_arbiter_unreal1	param:tlsf/prioritized_arbiter_unreal/parametric/prioritized_arbiter_unreal1.tlsf:n=3,u=5	exact	n,u	"{""n"": 3, ""u"": 5}"	4	4	Mealy	Mealy	c950318188ed4a1b34e82cd641cfa7f923cdd186bda3ba223b009ca319292564	UNREALIZABLE	0.03443327100831084	UNREALIZABLE	0.03180332700139843	UNREALIZABLE	0.017266784998355433	UNREALIZABLE	0.018644338997546583	stable-unrealizable	
prioritized_arbiter_unreal1_pb_3_6_pe_.ltl	param:tlsf/prioritized_arbiter_unreal/parametric/prioritized_arbiter_unreal1.tlsf	prioritized_arbiter_unreal1	param:tlsf/prioritized_arbiter_unreal/parametric/prioritized_arbiter_unreal1.tlsf:n=3,u=6	exact	n,u	"{""n"": 3, ""u"": 6}"	4	4	Mealy	Mealy	8598a3226282d9addc507759d5891973bb530b6e136435fa4eb3448977a777dc	UNREALIZABLE	0.03966224200848956	UNREALIZABLE	0.04070779899484478	UNREALIZABLE	0.021463820012286305	UNREALIZABLE	0.044282032002229244	stable-unrealizable	
prioritized_arbiter_unreal1_pb_3_7_pe_.ltl	param:tlsf/prioritized_arbiter_unreal/parametric/prioritized_arbiter_unreal1.tlsf	prioritized_arbiter_unreal1	param:tlsf/prioritized_arbiter_unreal/parametric/prioritized_arbiter_unreal1.tlsf:n=3,u=7	exact	n,u	"{""n"": 3, ""u"": 7}"	4	4	Mealy	Mealy	ebd3b0673aee0dba6144a5615687e8b7edeb2c2b51c60aaac2d82cf9ae27784e	UNREALIZABLE	0.03256248400066397	UNREALIZABLE	0.01572543600195786	UNREALIZABLE	0.01703259500209242	UNREALIZABLE	0.016735606972360983	stable-unrealizable	
prioritized_arbiter_unreal1_pb_3_8_pe_.ltl	param:tlsf/prioritized_arbiter_unreal/parametric/prioritized_arbiter_unreal1.tlsf	prioritized_arbiter_unreal1	param:tlsf/prioritized_arbiter_unreal/parametric/prioritized_arbiter_unreal1.tlsf:n=3,u=8	exact	n,u	"{""n"": 3, ""u"": 8}"	4	4	Mealy	Mealy	faa3248d0652c996a94c3706f99c2fd2ad348c4789c95d3043140a18c6dec559	UNREALIZABLE	0.034053581999614835	UNREALIZABLE	0.018689903001359198	UNREALIZABLE	0.0369607669999823	UNREALIZABLE	0.031997787998989224	stable-unrealizable	
prioritized_arbiter_unreal1_pb_3_9_pe_.ltl	param:tlsf/prioritized_arbiter_unreal/parametric/prioritized_arbiter_unreal1.tlsf	prioritized_arbiter_unreal1	param:tlsf/prioritized_arbiter_unreal/parametric/prioritized_arbiter_unreal1.tlsf:n=3,u=9	exact	n,u	"{""n"": 3, ""u"": 9}"	4	4	Mealy	Mealy	bbaea855c253a1c3ec7b957ded41217a64bfcf0ff4b58576f498d0d591903e3c	UNREALIZABLE	0.027204748999793082	UNREALIZABLE	0.02880724399983592	UNREALIZABLE	0.042394786985823885	UNREALIZABLE	0.03503940798691474	stable-unrealizable	
prioritized_arbiter_unreal1_pb_4_10_pe_.ltl	param:tlsf/prioritized_arbiter_unreal/parametric/prioritized_arbiter_unreal1.tlsf	prioritized_arbiter_unreal1	param:tlsf/prioritized_arbiter_unreal/parametric/prioritized_arbiter_unreal1.tlsf:n=4,u=10	exact	n,u	"{""n"": 4, ""u"": 10}"	5	5	Mealy	Mealy	d3adc0d692e8a2adef8eb29eb06a9a1ec02cbfbd76f52f0bb99559012007c53f	UNREALIZABLE	0.01879912799995509	UNREALIZABLE	0.03939132400046219	UNREALIZABLE	0.034841587010305375	UNREALIZABLE	0.036348466004710644	stable-unrealizable	
prioritized_arbiter_unreal1_pb_4_11_pe_.ltl	param:tlsf/prioritized_arbiter_unreal/parametric/prioritized_arbiter_unreal1.tlsf	prioritized_arbiter_unreal1	param:tlsf/prioritized_arbiter_unreal/parametric/prioritized_arbiter_unreal1.tlsf:n=4,u=11	exact	n,u	"{""n"": 4, ""u"": 11}"	5	5	Mealy	Mealy	3e0aa69a4e2772335791be851b23d79a704e55ccd60b1b8fc1d2abd00b36e3a6	UNREALIZABLE	0.02147223199972359	UNREALIZABLE	0.03497625199997856	UNREALIZABLE	0.034249880991410464	UNREALIZABLE	0.03610154500347562	stable-unrealizable	
prioritized_arbiter_unreal1_pb_4_12_pe_.ltl	param:tlsf/prioritized_arbiter_unreal/parametric/prioritized_arbiter_unreal1.tlsf	prioritized_arbiter_unreal1	param:tlsf/prioritized_arbiter_unreal/parametric/prioritized_arbiter_unreal1.tlsf:n=4,u=12	exact	n,u	"{""n"": 4, ""u"": 12}"	5	5	Mealy	Mealy	d891705db0918b20cac7277433a9e8f747d454faffceb08b7f1339bdb5626357	UNREALIZABLE	0.04245540500050993	UNREALIZABLE	0.023673135998251382	UNREALIZABLE	0.035041726019699126	UNREALIZABLE	0.03919922301429324	stable-unrealizable	
prioritized_arbiter_unreal1_pb_4_13_pe_.ltl	param:tlsf/prioritized_arbiter_unreal/parametric/prioritized_arbiter_unreal1.tlsf	prioritized_arbiter_unreal1	param:tlsf/prioritized_arbiter_unreal/parametric/prioritized_arbiter_unreal1.tlsf:n=4,u=13	exact	n,u	"{""n"": 4, ""u"": 13}"	5	5	Mealy	Mealy	7a325973468032ede8b618370a2d5a1f4d4da5d5a075931e7a8d16f6b72fcc32	UNREALIZABLE	0.03539070300030289	UNREALIZABLE	0.02528453600098146	UNREALIZABLE	0.038334976008627564	UNREALIZABLE	0.032731724000768736	stable-unrealizable	
prioritized_arbiter_unreal1_pb_4_14_pe_.ltl	param:tlsf/prioritized_arbiter_unreal/parametric/prioritized_arbiter_unreal1.tlsf	prioritized_arbiter_unreal1	param:tlsf/prioritized_arbiter_unreal/parametric/prioritized_arbiter_unreal1.tlsf:n=4,u=14	exact	n,u	"{""n"": 4, ""u"": 14}"	5	5	Mealy	Mealy	e94fa8804bc6755797a0e3af25e4f26d055c96a1133c3ed98785b9d2af49b838	UNREALIZABLE	0.03388105500198435	UNREALIZABLE	0.027735408999433275	UNREALIZABLE	0.03579602501122281	UNREALIZABLE	0.03689949298859574	stable-unrealizable	
prioritized_arbiter_unreal1_pb_4_15_pe_.ltl	param:tlsf/prioritized_arbiter_unreal/parametric/prioritized_arbiter_unreal1.tlsf	prioritized_arbiter_unreal1	param:tlsf/prioritized_arbiter_unreal/parametric/prioritized_arbiter_unreal1.tlsf:n=4,u=15	exact	n,u	"{""n"": 4, ""u"": 15}"	5	5	Mealy	Mealy	262027c4cecddd5a5ab09b63b120490487b10f33c8100f9bc7dd117abc4eafe5	UNREALIZABLE	0.038329875002091285	UNREALIZABLE	0.0382922850039904	UNREALIZABLE	0.038889199000550434	UNREALIZABLE	0.036543664027703926	stable-unrealizable	
prioritized_arbiter_unreal1_pb_4_16_pe_.ltl	param:tlsf/prioritized_arbiter_unreal/parametric/prioritized_arbiter_unreal1.tlsf	prioritized_arbiter_unreal1	param:tlsf/prioritized_arbiter_unreal/parametric/prioritized_arbiter_unreal1.tlsf:n=4,u=16	exact	n,u	"{""n"": 4, ""u"": 16}"	5	5	Mealy	Mealy	ca81baca451296fc320fdc165c38d7e5d16bfc2a334795fa17bc02e0e28c5871	UNREALIZABLE	0.03480217700416688	UNREALIZABLE	0.03471647900005337	UNREALIZABLE	0.0250815239851363	UNREALIZABLE	0.02258304800488986	stable-unrealizable	
prioritized_arbiter_unreal1_pb_4_1_pe_.ltl	param:tlsf/prioritized_arbiter_unreal/parametric/prioritized_arbiter_unreal1.tlsf	prioritized_arbiter_unreal1	param:tlsf/prioritized_arbiter_unreal/parametric/prioritized_arbiter_unreal1.tlsf:n=4,u=1	exact	n,u	"{""n"": 4, ""u"": 1}"	5	5	Mealy	Mealy	7ed9cbf42c3896cc26016904b5aa0cdb9ff6feb944a5ffca06a4c34a58728290	UNREALIZABLE	0.02922475700324867	UNREALIZABLE	0.03176752199942712	UNREALIZABLE	0.032008289999794215	UNREALIZABLE	0.023656409000977874	stable-unrealizable	
prioritized_arbiter_unreal1_pb_4_2_pe_.ltl	param:tlsf/prioritized_arbiter_unreal/parametric/prioritized_arbiter_unreal1.tlsf	prioritized_arbiter_unreal1	param:tlsf/prioritized_arbiter_unreal/parametric/prioritized_arbiter_unreal1.tlsf:n=4,u=2	exact	n,u	"{""n"": 4, ""u"": 2}"	5	5	Mealy	Mealy	d2e8da4cc683ed3574560ae0cfb206b447945ddd2b86a24330367628f4b28930	UNREALIZABLE	0.041824329004157335	UNREALIZABLE	0.042757443006848916	UNREALIZABLE	0.017086072999518365	UNREALIZABLE	0.040542489994550124	stable-unrealizable	
prioritized_arbiter_unreal1_pb_4_3_pe_.ltl	param:tlsf/prioritized_arbiter_unreal/parametric/prioritized_arbiter_unreal1.tlsf	prioritized_arbiter_unreal1	param:tlsf/prioritized_arbiter_unreal/parametric/prioritized_arbiter_unreal1.tlsf:n=4,u=3	exact	n,u	"{""n"": 4, ""u"": 3}"	5	5	Mealy	Mealy	1c736223dde4eb4e0e877fa4ed45795c5389b99c8ce1013185c4cda230cbe3f1	UNREALIZABLE	0.03848882500096806	UNREALIZABLE	0.022931207000510767	UNREALIZABLE	0.0416317900235299	UNREALIZABLE	0.03315363300498575	stable-unrealizable	
prioritized_arbiter_unreal1_pb_4_4_pe_.ltl	param:tlsf/prioritized_arbiter_unreal/parametric/prioritized_arbiter_unreal1.tlsf	prioritized_arbiter_unreal1	param:tlsf/prioritized_arbiter_unreal/parametric/prioritized_arbiter_unreal1.tlsf:n=4,u=4	exact	n,u	"{""n"": 4, ""u"": 4}"	5	5	Mealy	Mealy	7659024324ca9765af4d4c632dfe54fbbaba826507f57eb09470a602a0db8cff	UNREALIZABLE	0.03458683800090512	UNREALIZABLE	0.029747033999228734	UNREALIZABLE	0.025683726009447128	UNREALIZABLE	0.018764297012239695	stable-unrealizable	
prioritized_arbiter_unreal1_pb_4_5_pe_.ltl	param:tlsf/prioritized_arbiter_unreal/parametric/prioritized_arbiter_unreal1.tlsf	prioritized_arbiter_unreal1	param:tlsf/prioritized_arbiter_unreal/parametric/prioritized_arbiter_unreal1.tlsf:n=4,u=5	exact	n,u	"{""n"": 4, ""u"": 5}"	5	5	Mealy	Mealy	7b17eba7a89cdaad6f7bf92dbc249b1c365c9636f64de1b110b8add383baa3a7	UNREALIZABLE	0.034220871995785274	UNREALIZABLE	0.03337827399082016	UNREALIZABLE	0.03949807898607105	UNREALIZABLE	0.01791111400234513	stable-unrealizable	
prioritized_arbiter_unreal1_pb_4_6_pe_.ltl	param:tlsf/prioritized_arbiter_unreal/parametric/prioritized_arbiter_unreal1.tlsf	prioritized_arbiter_unreal1	param:tlsf/prioritized_arbiter_unreal/parametric/prioritized_arbiter_unreal1.tlsf:n=4,u=6	exact	n,u	"{""n"": 4, ""u"": 6}"	5	5	Mealy	Mealy	a48ba3740d8dbdc82f20b2b4c9c2295b3ba34cdd6d3c03453d70fc97fbe6d4f9	UNREALIZABLE	0.038678872006130405	UNREALIZABLE	0.03556728900002781	UNREALIZABLE	0.017244416987523437	UNREALIZABLE	0.0214502869930584	stable-unrealizable	
prioritized_arbiter_unreal1_pb_4_7_pe_.ltl	param:tlsf/prioritized_arbiter_unreal/parametric/prioritized_arbiter_unreal1.tlsf	prioritized_arbiter_unreal1	param:tlsf/prioritized_arbiter_unreal/parametric/prioritized_arbiter_unreal1.tlsf:n=4,u=7	exact	n,u	"{""n"": 4, ""u"": 7}"	5	5	Mealy	Mealy	deed02c743d85b2734098e8c8ef2222c5ab5d549b8624d7cc946934631e7ec98	UNREALIZABLE	0.03739773199777119	UNREALIZABLE	0.03629412199370563	UNREALIZABLE	0.038446546997874975	UNREALIZABLE	0.02329032399575226	stable-unrealizable	
prioritized_arbiter_unreal1_pb_4_8_pe_.ltl	param:tlsf/prioritized_arbiter_unreal/parametric/prioritized_arbiter_unreal1.tlsf	prioritized_arbiter_unreal1	param:tlsf/prioritized_arbiter_unreal/parametric/prioritized_arbiter_unreal1.tlsf:n=4,u=8	exact	n,u	"{""n"": 4, ""u"": 8}"	5	5	Mealy	Mealy	47e7976180d2e31b057dafc614acd7b5aac581cfce376297068b74095c8ccb4b	UNREALIZABLE	0.028781238001101883	UNREALIZABLE	0.021405187999334885	UNREALIZABLE	0.0378089559962973	UNREALIZABLE	0.0368116190074943	stable-unrealizable	
prioritized_arbiter_unreal1_pb_4_9_pe_.ltl	param:tlsf/prioritized_arbiter_unreal/parametric/prioritized_arbiter_unreal1.tlsf	prioritized_arbiter_unreal1	param:tlsf/prioritized_arbiter_unreal/parametric/prioritized_arbiter_unreal1.tlsf:n=4,u=9	exact	n,u	"{""n"": 4, ""u"": 9}"	5	5	Mealy	Mealy	1516a0b63c9b15ff6e13d90f6b9e22ffdffa8b305d05fd2640fd1078dbea7315	UNREALIZABLE	0.027312868005537894	UNREALIZABLE	0.029003589996136725	UNREALIZABLE	0.04095746800885536	UNREALIZABLE	0.02235830100835301	stable-unrealizable	
prioritized_arbiter_unreal1_pb_5_16_pe_.ltl	param:tlsf/prioritized_arbiter_unreal/parametric/prioritized_arbiter_unreal1.tlsf	prioritized_arbiter_unreal1	param:tlsf/prioritized_arbiter_unreal/parametric/prioritized_arbiter_unreal1.tlsf:n=5,u=16	exact	n,u	"{""n"": 5, ""u"": 16}"	6	6	Mealy	Mealy	eebed44d2f0b6b97372adef7e5b5f228df2896a0bee387fd20ac8fae580dfeb2	UNREALIZABLE	0.021308194000084768	UNREALIZABLE	0.037080448999404325	UNREALIZABLE	0.02904172398848459	UNREALIZABLE	0.03729802599991672	stable-unrealizable	
prioritized_arbiter_unreal1_pb_5_2_pe_.ltl	param:tlsf/prioritized_arbiter_unreal/parametric/prioritized_arbiter_unreal1.tlsf	prioritized_arbiter_unreal1	param:tlsf/prioritized_arbiter_unreal/parametric/prioritized_arbiter_unreal1.tlsf:n=5,u=2	exact	n,u	"{""n"": 5, ""u"": 2}"	6	6	Mealy	Mealy	055b6faa3b30e5a7ab8765a006be0b949f98c8d183f634ab15247d1eacfabd3c	UNREALIZABLE	0.03080314199996792	UNREALIZABLE	0.02132190599968453	UNREALIZABLE	0.01661210201564245	UNREALIZABLE	0.03937428197241388	stable-unrealizable	
prioritized_arbiter_unreal1_pb_5_32_pe_.ltl	param:tlsf/prioritized_arbiter_unreal/parametric/prioritized_arbiter_unreal1.tlsf	prioritized_arbiter_unreal1	param:tlsf/prioritized_arbiter_unreal/parametric/prioritized_arbiter_unreal1.tlsf:n=5,u=32	exact	n,u	"{""n"": 5, ""u"": 32}"	6	6	Mealy	Mealy	362e4fc1d3353ac0427c3b1f34042696a56995156fe135ea8b014d4a485b1eb1	UNREALIZABLE	0.049191982001502765	UNREALIZABLE	0.03882995200183359	UNREALIZABLE	0.03118906100280583	UNREALIZABLE	0.019340260012540966	stable-unrealizable	
prioritized_arbiter_unreal1_pb_5_4_pe_.ltl	param:tlsf/prioritized_arbiter_unreal/parametric/prioritized_arbiter_unreal1.tlsf	prioritized_arbiter_unreal1	param:tlsf/prioritized_arbiter_unreal/parametric/prioritized_arbiter_unreal1.tlsf:n=5,u=4	exact	n,u	"{""n"": 5, ""u"": 4}"	6	6	Mealy	Mealy	78d6cc9d357b9afb158f28630f01cc86d07ed699fe967bd5ef4f5df066d79ade	UNREALIZABLE	0.04439469800126972	UNREALIZABLE	0.03479944299760973	UNREALIZABLE	0.03587859298568219	UNREALIZABLE	0.03338288300437853	stable-unrealizable	
prioritized_arbiter_unreal1_pb_6_16_pe_.ltl	param:tlsf/prioritized_arbiter_unreal/parametric/prioritized_arbiter_unreal1.tlsf	prioritized_arbiter_unreal1	param:tlsf/prioritized_arbiter_unreal/parametric/prioritized_arbiter_unreal1.tlsf:n=6,u=16	exact	n,u	"{""n"": 6, ""u"": 16}"	7	7	Mealy	Mealy	4e9a0fcd3f7df3ea077b33558ea3803203f4b283f015dfb6fb059766ae3a6b1f	UNREALIZABLE	0.02549619499768596	UNREALIZABLE	0.03053163799995673	UNREALIZABLE	0.03444344500894658	UNREALIZABLE	0.026570018992060795	stable-unrealizable	
prioritized_arbiter_unreal1_pb_6_2_pe_.ltl	param:tlsf/prioritized_arbiter_unreal/parametric/prioritized_arbiter_unreal1.tlsf	prioritized_arbiter_unreal1	param:tlsf/prioritized_arbiter_unreal/parametric/prioritized_arbiter_unreal1.tlsf:n=6,u=2	exact	n,u	"{""n"": 6, ""u"": 2}"	7	7	Mealy	Mealy	8b07628ba42f607cca8cd732891e5a9beb5e77930c7a9c9816d91ff8ecc978e5	UNREALIZABLE	0.039289806998567656	UNREALIZABLE	0.04460071699577384	UNREALIZABLE	0.01878186297835782	UNREALIZABLE	0.018335176981054246	stable-unrealizable	
prioritized_arbiter_unreal1_pb_6_32_pe_.ltl	param:tlsf/prioritized_arbiter_unreal/parametric/prioritized_arbiter_unreal1.tlsf	prioritized_arbiter_unreal1	param:tlsf/prioritized_arbiter_unreal/parametric/prioritized_arbiter_unreal1.tlsf:n=6,u=32	exact	n,u	"{""n"": 6, ""u"": 32}"	7	7	Mealy	Mealy	72638baa380fa5990e086b3f80caea8b51dba680f91479812e5be441eb52e023	UNREALIZABLE	0.023635094999917783	UNREALIZABLE	0.023599466003361158	UNREALIZABLE	0.02575299999443814	UNREALIZABLE	0.020713373989565298	stable-unrealizable	
prioritized_arbiter_unreal1_pb_6_4_pe_.ltl	param:tlsf/prioritized_arbiter_unreal/parametric/prioritized_arbiter_unreal1.tlsf	prioritized_arbiter_unreal1	param:tlsf/prioritized_arbiter_unreal/parametric/prioritized_arbiter_unreal1.tlsf:n=6,u=4	exact	n,u	"{""n"": 6, ""u"": 4}"	7	7	Mealy	Mealy	698eddd47e1ef1492ce7c2a34ddc7756c4865073280d4e39dad88fdea4225385	UNREALIZABLE	0.038665927000693046	UNREALIZABLE	0.03982872699270956	UNREALIZABLE	0.03063469601329416	UNREALIZABLE	0.02203598798951134	stable-unrealizable	
prioritized_arbiter_unreal2_pb_100_pe_.ltl	param:tlsf/prioritized_arbiter_unreal/parametric/prioritized_arbiter_unreal2.tlsf	prioritized_arbiter_unreal2	param:tlsf/prioritized_arbiter_unreal/parametric/prioritized_arbiter_unreal2.tlsf:n=100	exact	n	"{""n"": 100}"	101	101	Mealy	Mealy	aa7b70e8c53315b8edda7dd93df2ded7acf34a24bba82514eb3c1bb4102da79d	TIMEOUT		TIMEOUT		TIMEOUT		TIMEOUT		stable-unsolved	
prioritized_arbiter_unreal2_pb_10_pe_.ltl	param:tlsf/prioritized_arbiter_unreal/parametric/prioritized_arbiter_unreal2.tlsf	prioritized_arbiter_unreal2	param:tlsf/prioritized_arbiter_unreal/parametric/prioritized_arbiter_unreal2.tlsf:n=10	exact	n	"{""n"": 10}"	11	11	Mealy	Mealy	9a4c7e5adeda1bd291cb80adab91a727830f550c51e72de05ad94d57761ac3d8	UNREALIZABLE	0.01396371599912527	UNREALIZABLE	0.044997594999586	UNREALIZABLE	0.027225636004004627	UNREALIZABLE	0.04514123001717962	stable-unrealizable	
prioritized_arbiter_unreal2_pb_2_pe_.ltl	param:tlsf/prioritized_arbiter_unreal/parametric/prioritized_arbiter_unreal2.tlsf	prioritized_arbiter_unreal2	param:tlsf/prioritized_arbiter_unreal/parametric/prioritized_arbiter_unreal2.tlsf:n=2	exact	n	"{""n"": 2}"	3	3	Mealy	Mealy	f5e6fd7fd0cac7e1fa9ccb4fc3dfcd2856465b7a5151cff7ed53b688550f9aa7	UNREALIZABLE	0.030798317999142455	UNREALIZABLE	0.03719909099891083	UNREALIZABLE	0.0350167800206691	UNREALIZABLE	0.03700274400762282	stable-unrealizable	
prioritized_arbiter_unreal2_pb_30_pe_.ltl	param:tlsf/prioritized_arbiter_unreal/parametric/prioritized_arbiter_unreal2.tlsf	prioritized_arbiter_unreal2	param:tlsf/prioritized_arbiter_unreal/parametric/prioritized_arbiter_unreal2.tlsf:n=30	exact	n	"{""n"": 30}"	31	31	Mealy	Mealy	5d6a924e50ba5e0a4541f10dc5889417f1a6c754fa6bb7e05124b83d04b06014	TIMEOUT		TIMEOUT		TIMEOUT		TIMEOUT		stable-unsolved	
prioritized_arbiter_unreal2_pb_3_pe_.ltl	param:tlsf/prioritized_arbiter_unreal/parametric/prioritized_arbiter_unreal2.tlsf	prioritized_arbiter_unreal2	param:tlsf/prioritized_arbiter_unreal/parametric/prioritized_arbiter_unreal2.tlsf:n=3	exact	n	"{""n"": 3}"	4	4	Mealy	Mealy	d03477965e3ec0a01489fe10ce5dd0121007b2a18ebabe0ff61b2ddce3cce682	UNREALIZABLE	0.015143846001592465	UNREALIZABLE	0.0342234549971181	UNREALIZABLE	0.024387885991018265	UNREALIZABLE	0.035251288005383685	stable-unrealizable	
prioritized_arbiter_unreal2_pb_4_pe_.ltl	param:tlsf/prioritized_arbiter_unreal/parametric/prioritized_arbiter_unreal2.tlsf	prioritized_arbiter_unreal2	param:tlsf/prioritized_arbiter_unreal/parametric/prioritized_arbiter_unreal2.tlsf:n=4	exact	n	"{""n"": 4}"	5	5	Mealy	Mealy	a02b0d5160f13f32255d5f81b6216db64ed769ff0720aac1d528bc440067ff40	UNREALIZABLE	0.02972848100034753	UNREALIZABLE	0.019313278997287853	UNREALIZABLE	0.016341504000592977	UNREALIZABLE	0.016349334007827565	stable-unrealizable	
prioritized_arbiter_unreal2_pb_5_pe_.ltl	param:tlsf/prioritized_arbiter_unreal/parametric/prioritized_arbiter_unreal2.tlsf	prioritized_arbiter_unreal2	param:tlsf/prioritized_arbiter_unreal/parametric/prioritized_arbiter_unreal2.tlsf:n=5	exact	n	"{""n"": 5}"	6	6	Mealy	Mealy	00412594994bc050a10057a844070b23445b097bbd232f0a22a96e91da381ed5	UNREALIZABLE	0.03406921100395266	UNREALIZABLE	0.0423438569996506	UNREALIZABLE	0.021430713997688144	UNREALIZABLE	0.020507795008597896	stable-unrealizable	
prioritized_arbiter_unreal2_pb_60_pe_.ltl	param:tlsf/prioritized_arbiter_unreal/parametric/prioritized_arbiter_unreal2.tlsf	prioritized_arbiter_unreal2	param:tlsf/prioritized_arbiter_unreal/parametric/prioritized_arbiter_unreal2.tlsf:n=60	exact	n	"{""n"": 60}"	61	61	Mealy	Mealy	a328420c13cd3ad19d37904ae1bf19a3e066ef1e12ab8548371ce773c4cba605	TIMEOUT		TIMEOUT		TIMEOUT		TIMEOUT		stable-unsolved	
prioritized_arbiter_unreal2_pb_6_pe_.ltl	param:tlsf/prioritized_arbiter_unreal/parametric/prioritized_arbiter_unreal2.tlsf	prioritized_arbiter_unreal2	param:tlsf/prioritized_arbiter_unreal/parametric/prioritized_arbiter_unreal2.tlsf:n=6	exact	n	"{""n"": 6}"	7	7	Mealy	Mealy	82d06c6020cf8a2a67bede87bd19cbdec9e9e7fcda355938aec0e4332a60af46	UNREALIZABLE	0.02159050299815135	UNREALIZABLE	0.031695227000454906	UNREALIZABLE	0.019990264991065487	UNREALIZABLE	0.04224602799513377	stable-unrealizable	
prioritized_arbiter_unreal2_pb_7_pe_.ltl	param:tlsf/prioritized_arbiter_unreal/parametric/prioritized_arbiter_unreal2.tlsf	prioritized_arbiter_unreal2	param:tlsf/prioritized_arbiter_unreal/parametric/prioritized_arbiter_unreal2.tlsf:n=7	exact	n	"{""n"": 7}"	8	8	Mealy	Mealy	4c1adbc1e3fb70dd0411368e9629a604b58c60583414f9015a0163ba3be02e10	UNREALIZABLE	0.03404482600308256	UNREALIZABLE	0.03609393100487068	UNREALIZABLE	0.025661461986601353	UNREALIZABLE	0.031585674005327746	stable-unrealizable	
prioritized_arbiter_unreal2_pb_8_pe_.ltl	param:tlsf/prioritized_arbiter_unreal/parametric/prioritized_arbiter_unreal2.tlsf	prioritized_arbiter_unreal2	param:tlsf/prioritized_arbiter_unreal/parametric/prioritized_arbiter_unreal2.tlsf:n=8	exact	n	"{""n"": 8}"	9	9	Mealy	Mealy	2765a60256b8905805ad766846f628e1f65480529845be1f8491b9a6f5a3df64	UNREALIZABLE	0.03024634900066303	UNREALIZABLE	0.032619735997286625	UNREALIZABLE	0.03867507301038131	UNREALIZABLE	0.035123150009894744	stable-unrealizable	
reversible-lane-r-real.ltl	direct:tlsf/sweap:reversible-lane-r-real	reversible-lane-r-real	direct:tlsf/sweap/reversible-lane-r-real.tlsf	none		{}	14	2	Mealy	Mealy	951d0db99a75bf58c20ab9c0c523793c3f50f9e2b34e8b6688af5bc539369f89	TIMEOUT		MEMOUT		TIMEOUT		TIMEOUT		stable-unsolved	
reversible-lane-u-unreal.ltl	direct:tlsf/sweap:reversible-lane-u-unreal	reversible-lane-u-unreal	direct:tlsf/sweap/reversible-lane-u-unreal.tlsf	none		{}	14	2	Mealy	Mealy	ce525e17f8e7fe7d49c75c2e59745f51987cf7907f5bd0ba7f9cbfac1eff85be	UNREALIZABLE	0.1017006499987474	UNREALIZABLE	0.1004195659988909	UNREALIZABLE	0.09447920400998555	UNREALIZABLE	0.0984868009982165	stable-unrealizable	
reversible-lane-u0.ltl	direct:tlsf/sweap:reversible-lane-u	reversible-lane-u	direct:tlsf/sweap/reversible-lane-u0.tlsf	none		{}	14	2	Mealy	Mealy	50f56a3773c4a08e6c082f9f5a99fdd6f0922a9cd1994a95c2e53be8dce1678e	UNREALIZABLE	0.08998184799929732	UNREALIZABLE	0.08913216500150156	UNREALIZABLE	0.0950898079900071	UNREALIZABLE	0.08962834600242786	stable-unrealizable	
reversible-lane-u1.ltl	direct:tlsf/sweap:reversible-lane-u	reversible-lane-u	direct:tlsf/sweap/reversible-lane-u1.tlsf	none		{}	14	2	Mealy	Mealy	31f5ab24629998774a8c63d0920d23d524b50db5373898998ec03c1e8824fef5	UNREALIZABLE	0.09619531199859921	UNREALIZABLE	0.07465223300096113	UNREALIZABLE	0.08802694201585837	UNREALIZABLE	0.08836702001281083	stable-unrealizable	
robot-cat-real-1d-real.ltl	direct:tlsf/sweap:robot-cat-real-1d-real	robot-cat-real-1d-real	direct:tlsf/sweap/robot-cat-real-1d-real.tlsf	none		{}	14	2	Mealy	Mealy	ab59b0ed48803abd9e25d800f02d09648cc6847f98c71d837352f827d3be7ffd	REALIZABLE	2.692657165000128	REALIZABLE	2.2253771610012336	REALIZABLE	2.529266366997035	REALIZABLE	2.4150674189731944	stable-realizable	
robot-cat-real-2d-real.ltl	direct:tlsf/sweap:robot-cat-real-2d-real	robot-cat-real-2d-real	direct:tlsf/sweap/robot-cat-real-2d-real.tlsf	none		{}	22	3	Mealy	Mealy	45e7126caf097efde899a9d1577468477c0b0aff44180b20b6580b40db53e73f	TIMEOUT		TIMEOUT		TIMEOUT		TIMEOUT		stable-unsolved	
robot-cat-unreal-1d-unreal.ltl	direct:tlsf/sweap:robot-cat-unreal-1d-unreal	robot-cat-unreal-1d-unreal	direct:tlsf/sweap/robot-cat-unreal-1d-unreal.tlsf	none		{}	14	2	Mealy	Mealy	78966fb88b0e375540de88106a90282f8a78aa6afdc1fea8837074eac107624e	UNREALIZABLE	0.18338646800111746	UNREALIZABLE	0.19010118799633346	UNREALIZABLE	0.1759989550046157	UNREALIZABLE	0.1878679970104713	stable-unrealizable	
robot-cat-unreal-2d-unreal.ltl	direct:tlsf/sweap:robot-cat-unreal-2d-unreal	robot-cat-unreal-2d-unreal	direct:tlsf/sweap/robot-cat-unreal-2d-unreal.tlsf	none		{}	22	3	Mealy	Mealy	5e51fcae116196b52a68e00c080bcae42884741c5a674cac864b6262930c3a0b	TIMEOUT		TIMEOUT		TIMEOUT		TIMEOUT		stable-unsolved	
robot-grid-commute-1d-real.ltl	direct:tlsf/sweap:robot-grid-commute-1d-real	robot-grid-commute-1d-real	direct:tlsf/sweap/robot-grid-commute-1d-real.tlsf	none		{}	13	2	Mealy	Mealy	a4b8ef2016418661ee8bec4f6ff8d72073bd7138e0d7d4763d8c25c13c0a82d8	REALIZABLE	2.0271076149983855	REALIZABLE	1.8329655910019937	REALIZABLE	2.1024826950160787	REALIZABLE	1.8769425149948802	stable-realizable	
robot-grid-commute-2d-real.ltl	direct:tlsf/sweap:robot-grid-commute-2d-real	robot-grid-commute-2d-real	direct:tlsf/sweap/robot-grid-commute-2d-real.tlsf	none		{}	21	3	Mealy	Mealy	2396f0d82bde9dc582fe45ff344285bb6bfe548a6649901ff48cd24bd97399e4	MEMOUT		MEMOUT		TIMEOUT		TIMEOUT		stable-unsolved	
robot-grid-reach-1d-real.ltl	direct:tlsf/sweap:robot-grid-reach-1d-real	robot-grid-reach-1d-real	direct:tlsf/sweap/robot-grid-reach-1d-real.tlsf	none		{}	8	2	Mealy	Mealy	531442a98c89b7c367c85ea9b2b35e4a91f9ad351bda64d5f3c9522f03daf33b	REALIZABLE	0.04419377600424923	REALIZABLE	0.049362211997504346	REALIZABLE	0.05057581700384617	REALIZABLE	0.045046511018881574	stable-realizable	
robot-grid-reach-2d-real.ltl	direct:tlsf/sweap:robot-grid-reach-2d-real	robot-grid-reach-2d-real	direct:tlsf/sweap/robot-grid-reach-2d-real.tlsf	none		{}	13	3	Mealy	Mealy	2a3f356d40a1119097f61d7556af20f2ae1f5e9120e22cc1c757f8f0551df471	REALIZABLE	2.9174480759975268	REALIZABLE	3.027290541009279	REALIZABLE	3.1903645129932556	REALIZABLE	2.8643100499757566	stable-realizable	
robot-grid-reach-repeated-with-obstacles-1d-real.ltl	direct:tlsf/sweap:robot-grid-reach-repeated-with-obstacles-1d-real	robot-grid-reach-repeated-with-obstacles-1d-real	direct:tlsf/sweap/robot-grid-reach-repeated-with-obstacles-1d-real.tlsf	none		{}	8	2	Mealy	Mealy	94f0d44a8c32b3916cb1a55e05a154e0707b3d254939f2f4b2d75e0439d8441a	REALIZABLE	0.04796766099752858	REALIZABLE	0.05226900800334988	REALIZABLE	0.052550179010722786	REALIZABLE	0.05752104500425048	stable-realizable	
robot-grid-reach-repeated-with-obstacles-2d-real.ltl	direct:tlsf/sweap:robot-grid-reach-repeated-with-obstacles-2d-real	robot-grid-reach-repeated-with-obstacles-2d-real	direct:tlsf/sweap/robot-grid-reach-repeated-with-obstacles-2d-real.tlsf	none		{}	13	3	Mealy	Mealy	b3868ffcfc94d74073e81e8c6f34c882399f49d16346597bbdb487799ca8fd13	REALIZABLE	12.390483235001739	REALIZABLE	8.207858330999443	REALIZABLE	12.69391396199353	REALIZABLE	8.056807381013641	stable-realizable	
robot-grid-reach-repeated-with-obstacles-6d-real.ltl	direct:tlsf/sweap:robot-grid-reach-repeated-with-obstacles-6d-real	robot-grid-reach-repeated-with-obstacles-6d-real	direct:tlsf/sweap/robot-grid-reach-repeated-with-obstacles-6d-real.tlsf	none		{}	30	4	Mealy	Mealy	48184bc722d9c921aee4b4df4d5fa2017f9139a7542ba24993868a5f0a2b769f	TIMEOUT		TIMEOUT		TIMEOUT		TIMEOUT		stable-unsolved	
robot-resource-1d-unreal.ltl	direct:tlsf/sweap:robot-resource-1d-unreal	robot-resource-1d-unreal	direct:tlsf/sweap/robot-resource-1d-unreal.tlsf	none		{}	12	2	Mealy	Mealy	c6d39370600990d70c010dbd69c82c66ebcbc15957419758a56b06e4db2e2e06	UNREALIZABLE	0.11732003200086183	UNREALIZABLE	0.10464698899886571	UNREALIZABLE	0.11206787300761789	UNREALIZABLE	0.10217059098067693	stable-unrealizable	
robot-resource-1d0.ltl	direct:tlsf/sweap:robot-resource-1d	robot-resource-1d	direct:tlsf/sweap/robot-resource-1d0.tlsf	none		{}	10	2	Mealy	Mealy	84175e8a904399a3a3fdc7475ddfb427d8997c3defdc0760e24cc47334054451	UNREALIZABLE	0.02932214900101826	UNREALIZABLE	0.0475591849990451	UNREALIZABLE	0.03110412700334564	UNREALIZABLE	0.02583464901545085	stable-unrealizable	
robot-resource-1d1.ltl	direct:tlsf/sweap:robot-resource-1d	robot-resource-1d	direct:tlsf/sweap/robot-resource-1d1.tlsf	none		{}	11	2	Mealy	Mealy	c0cb2480fe59aee3920d5ee5dbc0f2a43037cfc407579d377867e55f43cbd979	UNREALIZABLE	0.0412938600002235	UNREALIZABLE	0.029073617999529233	UNREALIZABLE	0.024983790004625916	UNREALIZABLE	0.049369971005944535	stable-unrealizable	
robot-resource-2d0.ltl	direct:tlsf/sweap:robot-resource-2d	robot-resource-2d	direct:tlsf/sweap/robot-resource-2d0.tlsf	none		{}	14	3	Mealy	Mealy	73a5926c17fdc891f9631270c433dffd49fe4325d9d9ea6748f03affc82c0812	UNREALIZABLE	0.042545427999357344	UNREALIZABLE	0.054867041999386856	UNREALIZABLE	0.052165127999614924	UNREALIZABLE	0.05157298099948093	stable-unrealizable	
robot-resource-2d1.ltl	direct:tlsf/sweap:robot-resource-2d	robot-resource-2d	direct:tlsf/sweap/robot-resource-2d1.tlsf	none		{}	15	3	Mealy	Mealy	db94279f791fdd0591fe2666a4ec6ccf3f19a460915b2e935b1e102fba5c661c	UNREALIZABLE	0.06245229300111532	UNREALIZABLE	0.0709074119986326	UNREALIZABLE	0.05731399598880671	UNREALIZABLE	0.058723089983686805	stable-unrealizable	
robot-resource-2d10.ltl	direct:tlsf/sweap:robot-resource-2d	robot-resource-2d	direct:tlsf/sweap/robot-resource-2d10.tlsf	none		{}	18	3	Mealy	Mealy	882054962b5ca144e094d34ef8ae58882020f1de4328bd1f80948841daecc606	UNREALIZABLE	1.669880662997457	UNREALIZABLE	1.6734506899992994	UNREALIZABLE	1.7131617770064622	UNREALIZABLE	1.6243139790021814	stable-unrealizable	
robot-resource-2d11.ltl	direct:tlsf/sweap:robot-resource-2d	robot-resource-2d	direct:tlsf/sweap/robot-resource-2d11.tlsf	none		{}	18	3	Mealy	Mealy	70c960e53635bb308481efda87993e62316ea110fe83e774652ebda0a1a669d7	UNREALIZABLE	1.69171481399826	UNREALIZABLE	1.6925657690007938	UNREALIZABLE	1.6737462620076258	UNREALIZABLE	1.7673344900249504	stable-unrealizable	
robot-resource-2d12.ltl	direct:tlsf/sweap:robot-resource-2d	robot-resource-2d	direct:tlsf/sweap/robot-resource-2d12.tlsf	none		{}	18	3	Mealy	Mealy	8da24ed601598f4255da1ce0d00477e867ffcdf5c69dad88f3bc4958eaa3154b	UNREALIZABLE	1.9684330170057365	UNREALIZABLE	1.9225289509995491	UNREALIZABLE	1.794202954013599	UNREALIZABLE	1.9471974379848689	stable-unrealizable	
robot-resource-2d13.ltl	direct:tlsf/sweap:robot-resource-2d	robot-resource-2d	direct:tlsf/sweap/robot-resource-2d13.tlsf	none		{}	18	3	Mealy	Mealy	36deb35be66ced933b4d4503a5b7dca063f9c636b449ef0ed19b14ca41ecf51d	UNREALIZABLE	2.1085640559977037	UNREALIZABLE	2.0051336910000828	UNREALIZABLE	2.2074600270134397	UNREALIZABLE	2.065873329003807	stable-unrealizable	
robot-resource-2d14.ltl	direct:tlsf/sweap:robot-resource-2d	robot-resource-2d	direct:tlsf/sweap/robot-resource-2d14.tlsf	none		{}	18	3	Mealy	Mealy	eeb13ff4879c1cd3d7b29616cc9c44c09cfda6528d71d99e1db7b024efee79d2	UNREALIZABLE	2.272043767003197	UNREALIZABLE	2.2304339869988326	UNREALIZABLE	2.0969586569990497	UNREALIZABLE	2.3391976849816274	stable-unrealizable	
robot-resource-2d15.ltl	direct:tlsf/sweap:robot-resource-2d	robot-resource-2d	direct:tlsf/sweap/robot-resource-2d15.tlsf	none		{}	18	3	Mealy	Mealy	d5118d06f95093a290d753c1ebf9d8680ea4f20f07369ad2b380626332a63a8c	UNREALIZABLE	2.3447927230008645	UNREALIZABLE	2.386819033003121	UNREALIZABLE	2.3767971089982893	UNREALIZABLE	2.335857750993455	stable-unrealizable	
robot-resource-2d16.ltl	direct:tlsf/sweap:robot-resource-2d	robot-resource-2d	direct:tlsf/sweap/robot-resource-2d16.tlsf	none		{}	19	3	Mealy	Mealy	8286e95151374cf48307f2fc8b21a153dd73cc95eee3320cfd28b95b33eb92b5	UNREALIZABLE	7.026431768999828	UNREALIZABLE	7.360014439000224	UNREALIZABLE	6.939233199984301	UNREALIZABLE	7.28963849201682	stable-unrealizable	
robot-resource-2d17.ltl	direct:tlsf/sweap:robot-resource-2d	robot-resource-2d	direct:tlsf/sweap/robot-resource-2d17.tlsf	none		{}	19	3	Mealy	Mealy	e090bfb77b0fc3c01fcb3937f61a2cdf7c0c358d7a33c475b2ce18282b6dfd66	UNREALIZABLE	6.954109059002803	UNREALIZABLE	7.607326114000898	UNREALIZABLE	7.486417338019237	UNREALIZABLE	7.294907640985912	stable-unrealizable	
robot-resource-2d18.ltl	direct:tlsf/sweap:robot-resource-2d	robot-resource-2d	direct:tlsf/sweap/robot-resource-2d18.tlsf	none		{}	19	3	Mealy	Mealy	3bf2d63d7ea9cebfe3f6745c056ecc0173512909c5a6c5f110a84395f17bd74a	UNREALIZABLE	7.466286046008463	UNREALIZABLE	7.391190697991988	UNREALIZABLE	8.171421770995948	UNREALIZABLE	7.8544944770110305	stable-unrealizable	
robot-resource-2d19.ltl	direct:tlsf/sweap:robot-resource-2d	robot-resource-2d	direct:tlsf/sweap/robot-resource-2d19.tlsf	none		{}	19	3	Mealy	Mealy	6dba1bb30f0aa5857b9276ee2ec9e242f7e01a7b29b9fe36d77a5f54763e185e	UNREALIZABLE	8.747234082000432	UNREALIZABLE	8.297313648001364	UNREALIZABLE	8.085836111014942	UNREALIZABLE	7.926096280978527	stable-unrealizable	
robot-resource-2d2.ltl	direct:tlsf/sweap:robot-resource-2d	robot-resource-2d	direct:tlsf/sweap/robot-resource-2d2.tlsf	none		{}	16	3	Mealy	Mealy	4260e2ef1d93ddf2444bdb4d1ef3faf6a596d198c964a161f51728b33eb53977	UNREALIZABLE	0.1054302189986629	UNREALIZABLE	0.12129645700042602	UNREALIZABLE	0.11050288399565034	UNREALIZABLE	0.10696810300578363	stable-unrealizable	
robot-resource-2d20.ltl	direct:tlsf/sweap:robot-resource-2d	robot-resource-2d	direct:tlsf/sweap/robot-resource-2d20.tlsf	none		{}	19	3	Mealy	Mealy	52e1349e28e44a4de9b39075b0e2c76074cb46472cd98db1db26bd322a047d41	UNREALIZABLE	8.75338791700051	UNREALIZABLE	9.139480215999356	UNREALIZABLE	8.580767339008162	UNREALIZABLE	9.0948923540127	stable-unrealizable	
robot-resource-2d21.ltl	direct:tlsf/sweap:robot-resource-2d	robot-resource-2d	direct:tlsf/sweap/robot-resource-2d21.tlsf	none		{}	19	3	Mealy	Mealy	96c680aa426252457437534a5f1ea2a863a548970ab76265f5a39312c09ac531	UNREALIZABLE	8.634973353997339	UNREALIZABLE	8.597642026012181	UNREALIZABLE	9.267066555010388	UNREALIZABLE	9.076469559018733	stable-unrealizable	
robot-resource-2d22.ltl	direct:tlsf/sweap:robot-resource-2d	robot-resource-2d	direct:tlsf/sweap/robot-resource-2d22.tlsf	none		{}	19	3	Mealy	Mealy	fa06c85063d0b32ffecee377818c18740f5b2b024f91cd04b8c86c17a3c25382	UNREALIZABLE	9.614381110000977	UNREALIZABLE	9.636024514000383	UNREALIZABLE	10.061502158991061	UNREALIZABLE	10.12971710099373	stable-unrealizable	
robot-resource-2d23.ltl	direct:tlsf/sweap:robot-resource-2d	robot-resource-2d	direct:tlsf/sweap/robot-resource-2d23.tlsf	none		{}	19	3	Mealy	Mealy	1c7c5a6e19655dc66aaf390c8ca3960fe9d2e0da2b80ce10e985fb48a740e866	UNREALIZABLE	9.647737834995496	UNREALIZABLE	9.594971828002599	UNREALIZABLE	9.87308882898651	UNREALIZABLE	9.179430104006315	stable-unrealizable	
robot-resource-2d3.ltl	direct:tlsf/sweap:robot-resource-2d	robot-resource-2d	direct:tlsf/sweap/robot-resource-2d3.tlsf	none		{}	16	3	Mealy	Mealy	855e36eee273c6441aa918ca1ee38726651448335330fb9e78cab9a56d3f1fbf	UNREALIZABLE	0.1170167430100264	UNREALIZABLE	0.1333638259966392	UNREALIZABLE	0.12391928600845858	UNREALIZABLE	0.11990219698054716	stable-unrealizable	
robot-resource-2d4.ltl	direct:tlsf/sweap:robot-resource-2d	robot-resource-2d	direct:tlsf/sweap/robot-resource-2d4.tlsf	none		{}	17	3	Mealy	Mealy	8ef356d3fd11cdbfdefad94f9452e8a85570a699c1d8624a42be5b3fa868f5e9	UNREALIZABLE	0.334395288999076	UNREALIZABLE	0.31914702900030534	UNREALIZABLE	0.3238942289899569	UNREALIZABLE	0.30304057800094597	stable-unrealizable	
robot-resource-2d5.ltl	direct:tlsf/sweap:robot-resource-2d	robot-resource-2d	direct:tlsf/sweap/robot-resource-2d5.tlsf	none		{}	17	3	Mealy	Mealy	5f74b1fa422a162dff735cea01ac435461a7d73285f012b518878eed2b5dc707	UNREALIZABLE	0.38241201500204625	UNREALIZABLE	0.37068323699350003	UNREALIZABLE	0.35591157400631346	UNREALIZABLE	0.3659995599882677	stable-unrealizable	
robot-resource-2d6.ltl	direct:tlsf/sweap:robot-resource-2d	robot-resource-2d	direct:tlsf/sweap/robot-resource-2d6.tlsf	none		{}	17	3	Mealy	Mealy	9902b32061e06bf6b6f7aa644af8572d3c53cdd4468317acf941d27733114ecf	UNREALIZABLE	0.42373308500100393	UNREALIZABLE	0.438647603004938	UNREALIZABLE	0.4595707460248377	UNREALIZABLE	0.46321044000796974	stable-unrealizable	
robot-resource-2d7.ltl	direct:tlsf/sweap:robot-resource-2d	robot-resource-2d	direct:tlsf/sweap/robot-resource-2d7.tlsf	none		{}	17	3	Mealy	Mealy	abe5981be94213705fe5b04dd60e7037e4bfcaf0db0b124d1519d07461b629fe	UNREALIZABLE	0.5023421990044881	UNREALIZABLE	0.4696310840008664	UNREALIZABLE	0.48857485299231485	UNREALIZABLE	0.47828550401027314	stable-unrealizable	
robot-resource-2d8.ltl	direct:tlsf/sweap:robot-resource-2d	robot-resource-2d	direct:tlsf/sweap/robot-resource-2d8.tlsf	none		{}	18	3	Mealy	Mealy	0d40b4778da0bc1e41bc2799096562e8ca7e2cb609aa2478d586e3838551e8ac	UNREALIZABLE	1.3476082470006077	UNREALIZABLE	1.3708011170019745	UNREALIZABLE	1.4151169740071055	UNREALIZABLE	1.2763015810051002	stable-unrealizable	
robot-resource-2d9.ltl	direct:tlsf/sweap:robot-resource-2d	robot-resource-2d	direct:tlsf/sweap/robot-resource-2d9.tlsf	none		{}	18	3	Mealy	Mealy	8eeb9978abdef5a87d8045ca63f7e65a32702f719ed688eac9ac476c354f726f	UNREALIZABLE	1.567673226003535	UNREALIZABLE	1.4732008670034702	UNREALIZABLE	1.5544987369794399	UNREALIZABLE	1.6134035579743795	stable-unrealizable	
robot-tasks-real.ltl	direct:tlsf/sweap:robot-tasks-real	robot-tasks-real	direct:tlsf/sweap/robot-tasks-real.tlsf	none		{}	11	0	Mealy	Mealy	a1d03d92e944f2086b48fb0c47d1c7de33c409ef6737eb792f67c653686f27cb	REALIZABLE	0.0485830609977711	REALIZABLE	0.06338456899902667	REALIZABLE	0.05080211700988002	REALIZABLE	0.05726216599578038	stable-realizable	
robot-to-target-charging-real.ltl	direct:tlsf/sweap:robot-to-target-charging-real	robot-to-target-charging-real	direct:tlsf/sweap/robot-to-target-charging-real.tlsf	none		{}	23	1	Mealy	Mealy	a5228a933a710b0994d9c09d293c51bdd2c317e50a3abe06be2109ac58c65a58	TIMEOUT		TIMEOUT		TIMEOUT		TIMEOUT		stable-unsolved	
robot-to-target-charging-unreal0.ltl	direct:tlsf/sweap:robot-to-target-charging-unreal	robot-to-target-charging-unreal	direct:tlsf/sweap/robot-to-target-charging-unreal0.tlsf	none		{}	22	1	Mealy	Mealy	175c2f1508174bb55c418defe75af864f76370875946a8671153d3467d222544	UNREALIZABLE	73.04468573099984	UNREALIZABLE	74.35864601100002	TIMEOUT		TIMEOUT		stable-unrealizable	
robot-to-target-charging-unreal1.ltl	direct:tlsf/sweap:robot-to-target-charging-unreal	robot-to-target-charging-unreal	direct:tlsf/sweap/robot-to-target-charging-unreal1.tlsf	none		{}	23	1	Mealy	Mealy	6cdce2dd74c6956441d2527eb06d887b660c42f94663d968110bc0d4219b10d2	TIMEOUT		TIMEOUT		TIMEOUT		TIMEOUT		stable-unsolved	
robot-to-target-charging-unreal2.ltl	direct:tlsf/sweap:robot-to-target-charging-unreal	robot-to-target-charging-unreal	direct:tlsf/sweap/robot-to-target-charging-unreal2.tlsf	none		{}	23	1	Mealy	Mealy	51abc00419a52fe43e6cf2eaf86df32c765aea2aaf435c07053a3245d6c89e4e	TIMEOUT		TIMEOUT		TIMEOUT		TIMEOUT		stable-unsolved	
robot-to-target-charging-unreal3.ltl	direct:tlsf/sweap:robot-to-target-charging-unreal	robot-to-target-charging-unreal	direct:tlsf/sweap/robot-to-target-charging-unreal3.tlsf	none		{}	23	1	Mealy	Mealy	17e436af3fe4104ec826399b9e98b769e7e60721f06e6628ee9aa177c6d7de64	TIMEOUT		TIMEOUT		TIMEOUT		TIMEOUT		stable-unsolved	
robot-to-target-charging-unreal4.ltl	direct:tlsf/sweap:robot-to-target-charging-unreal	robot-to-target-charging-unreal	direct:tlsf/sweap/robot-to-target-charging-unreal4.tlsf	none		{}	24	1	Mealy	Mealy	476402b1d800a3941a2ae0e11828920961ec6d588e7ab0d9758c7d6ac65ceadc	TIMEOUT		TIMEOUT		TIMEOUT		TIMEOUT		stable-unsolved	
robot-to-target-charging-unreal5.ltl	direct:tlsf/sweap:robot-to-target-charging-unreal	robot-to-target-charging-unreal	direct:tlsf/sweap/robot-to-target-charging-unreal5.tlsf	none		{}	24	1	Mealy	Mealy	59790f6a9c73d3ebab7cf8a8c91642f5247c2d92dd6dbbcc3d2797a96a1bdf46	TIMEOUT		TIMEOUT		TIMEOUT		TIMEOUT		stable-unsolved	
robot-to-target-charging-unreal6.ltl	direct:tlsf/sweap:robot-to-target-charging-unreal	robot-to-target-charging-unreal	direct:tlsf/sweap/robot-to-target-charging-unreal6.tlsf	none		{}	24	1	Mealy	Mealy	db7bbd9af37e18445c50e4f8937a938b696e256d5440e3d1aa4cafe815aba203	TIMEOUT		TIMEOUT		TIMEOUT		TIMEOUT		stable-unsolved	
robot-to-target-charging-unreal7.ltl	direct:tlsf/sweap:robot-to-target-charging-unreal	robot-to-target-charging-unreal	direct:tlsf/sweap/robot-to-target-charging-unreal7.tlsf	none		{}	24	1	Mealy	Mealy	5e869b90cf25e3eb554793a56bea49fc35645ee3c2e63eabb401ef8c2e501f8b	TIMEOUT		TIMEOUT		TIMEOUT		TIMEOUT		stable-unsolved	
robot-to-target-charging-unreal8.ltl	direct:tlsf/sweap:robot-to-target-charging-unreal	robot-to-target-charging-unreal	direct:tlsf/sweap/robot-to-target-charging-unreal8.tlsf	none		{}	25	1	Mealy	Mealy	75d232584d965da245ccf2ffe41ee6f9cf64797fc7f2ed684be877254d7232c3	TIMEOUT		TIMEOUT		TIMEOUT		TIMEOUT		stable-unsolved	
robot-to-target-charging0.ltl	direct:tlsf/sweap:robot-to-target-charging	robot-to-target-charging	direct:tlsf/sweap/robot-to-target-charging0.tlsf	none		{}	18	1	Mealy	Mealy	5d67e7bc278170f89b723da5173281ded370670da69eecb32801979e25509b86	UNREALIZABLE	0.9095616160047939	UNREALIZABLE	0.9380976840038784	UNREALIZABLE	0.9189539820072241	UNREALIZABLE	0.8738798270060215	stable-unrealizable	
robot-to-target-charging1.ltl	direct:tlsf/sweap:robot-to-target-charging	robot-to-target-charging	direct:tlsf/sweap/robot-to-target-charging1.tlsf	none		{}	19	1	Mealy	Mealy	55586f4b0719ee80e032430ea1c80cb8f9f893469b6cc3d30fff617a12946b84	UNREALIZABLE	2.5552113830053713	UNREALIZABLE	2.4529221179982414	UNREALIZABLE	2.602995290013496	UNREALIZABLE	2.4944818210205995	stable-unrealizable	
robot-to-target-charging10.ltl	direct:tlsf/sweap:robot-to-target-charging	robot-to-target-charging	direct:tlsf/sweap/robot-to-target-charging10.tlsf	none		{}	21	1	Mealy	Mealy	053cd22e678de68a4cbcacb99e212c86ea50682c5f66af91ffdb1448113d1dfe	UNREALIZABLE	31.69324102399696	UNREALIZABLE	30.82171640600427	TIMEOUT		TIMEOUT		stable-unrealizable	
robot-to-target-charging11.ltl	direct:tlsf/sweap:robot-to-target-charging	robot-to-target-charging	direct:tlsf/sweap/robot-to-target-charging11.tlsf	none		{}	21	1	Mealy	Mealy	27c24220f11a761d77d540503bf8d7dc9cf38689cc6ac7fa13e3807f4c3e1244	UNREALIZABLE	45.32785951800179	UNREALIZABLE	45.551630809000926	TIMEOUT		TIMEOUT		stable-unrealizable	
robot-to-target-charging12.ltl	direct:tlsf/sweap:robot-to-target-charging	robot-to-target-charging	direct:tlsf/sweap/robot-to-target-charging12.tlsf	none		{}	21	1	Mealy	Mealy	56cc27e0ac25237f3a904a3adf960003627731a103d9462c7da22896f088d6b4	UNREALIZABLE	47.679011881002225	UNREALIZABLE	46.82661412500602	TIMEOUT		TIMEOUT		stable-unrealizable	
robot-to-target-charging13.ltl	direct:tlsf/sweap:robot-to-target-charging	robot-to-target-charging	direct:tlsf/sweap/robot-to-target-charging13.tlsf	none		{}	21	1	Mealy	Mealy	6567433f968ff79e8e8f89039514473ee3dcc999b85041b649a542277aecea3e	UNREALIZABLE	65.50828283600276	UNREALIZABLE	69.94612918499479	TIMEOUT		TIMEOUT		stable-unrealizable	
robot-to-target-charging14.ltl	direct:tlsf/sweap:robot-to-target-charging	robot-to-target-charging	direct:tlsf/sweap/robot-to-target-charging14.tlsf	none		{}	21	1	Mealy	Mealy	2d1915ff326cc894e2e14aa28f506829a8c990d47fc3d5b8052abe4a060e2e95	UNREALIZABLE	99.18664370800252	MEMOUT		TIMEOUT		TIMEOUT		b-solved-s-not	
robot-to-target-charging15.ltl	direct:tlsf/sweap:robot-to-target-charging	robot-to-target-charging	direct:tlsf/sweap/robot-to-target-charging15.tlsf	none		{}	22	1	Mealy	Mealy	960833176c2003108b1cfe912e8ca971f0721694e1cc8f6cae4aa955f8904153	TIMEOUT		TIMEOUT		TIMEOUT		TIMEOUT		stable-unsolved	
robot-to-target-charging16.ltl	direct:tlsf/sweap:robot-to-target-charging	robot-to-target-charging	direct:tlsf/sweap/robot-to-target-charging16.tlsf	none		{}	22	1	Mealy	Mealy	9af32090175b3c24845196292c2f3d304158e96eb67aa072f534a89834945a01	TIMEOUT		TIMEOUT		TIMEOUT		TIMEOUT		stable-unsolved	
robot-to-target-charging17.ltl	direct:tlsf/sweap:robot-to-target-charging	robot-to-target-charging	direct:tlsf/sweap/robot-to-target-charging17.tlsf	none		{}	22	1	Mealy	Mealy	3fbd77df9e29839149d5a7cf3bb39e7be0d78a5579cd764593c923dd96d09f4d	TIMEOUT		TIMEOUT		TIMEOUT		TIMEOUT		stable-unsolved	
robot-to-target-charging18.ltl	direct:tlsf/sweap:robot-to-target-charging	robot-to-target-charging	direct:tlsf/sweap/robot-to-target-charging18.tlsf	none		{}	22	1	Mealy	Mealy	d2df54e6ed17d1c5d310c85a173e54e1abc83dad70c6ac683216f8d203dd93c8	TIMEOUT		TIMEOUT		TIMEOUT		TIMEOUT		stable-unsolved	
robot-to-target-charging19.ltl	direct:tlsf/sweap:robot-to-target-charging	robot-to-target-charging	direct:tlsf/sweap/robot-to-target-charging19.tlsf	none		{}	22	1	Mealy	Mealy	90262b3cdd7f01c7814abee5b3e2f111ac0afb8e416a9d72368a914a330788c8	TIMEOUT		TIMEOUT		TIMEOUT		TIMEOUT		stable-unsolved	
robot-to-target-charging2.ltl	direct:tlsf/sweap:robot-to-target-charging	robot-to-target-charging	direct:tlsf/sweap/robot-to-target-charging2.tlsf	none		{}	19	1	Mealy	Mealy	f954854a1ecb90a87ebe3722c58c1a8d12bb6ac9dfcaa7a813a37b1cc53b586f	UNREALIZABLE	2.6152296670043143	UNREALIZABLE	2.581245814995782	UNREALIZABLE	2.695589186012512	UNREALIZABLE	2.577388928999426	stable-unrealizable	
robot-to-target-charging20.ltl	direct:tlsf/sweap:robot-to-target-charging	robot-to-target-charging	direct:tlsf/sweap/robot-to-target-charging20.tlsf	none		{}	22	1	Mealy	Mealy	1660d34b7b813af2680d2909f860ec58854637f144a58a2faf1f8436cbbcbbde	TIMEOUT		TIMEOUT		TIMEOUT		TIMEOUT		stable-unsolved	
robot-to-target-charging21.ltl	direct:tlsf/sweap:robot-to-target-charging	robot-to-target-charging	direct:tlsf/sweap/robot-to-target-charging21.tlsf	none		{}	22	1	Mealy	Mealy	9feb004f82c7913ca322b85cca6d350726fcfee06e29d903c78d4da80f1f650a	TIMEOUT		TIMEOUT		TIMEOUT		TIMEOUT		stable-unsolved	
robot-to-target-charging22.ltl	direct:tlsf/sweap:robot-to-target-charging	robot-to-target-charging	direct:tlsf/sweap/robot-to-target-charging22.tlsf	none		{}	22	1	Mealy	Mealy	19d34bca038b5e8434acbd1c072caab5632453ce9b52029dfa65c5e7c56d10f8	TIMEOUT		TIMEOUT		TIMEOUT		TIMEOUT		stable-unsolved	
robot-to-target-charging23.ltl	direct:tlsf/sweap:robot-to-target-charging	robot-to-target-charging	direct:tlsf/sweap/robot-to-target-charging23.tlsf	none		{}	22	1	Mealy	Mealy	05252d917d7f6fa78094456186f6b393b131ae16b9e66547852478a63533b2bb	TIMEOUT		TIMEOUT		TIMEOUT		TIMEOUT		stable-unsolved	
robot-to-target-charging24.ltl	direct:tlsf/sweap:robot-to-target-charging	robot-to-target-charging	direct:tlsf/sweap/robot-to-target-charging24.tlsf	none		{}	22	1	Mealy	Mealy	a458c2e0ee75c4d0905926899f07840c7538504b355933be898686a88fb2b4b1	TIMEOUT		TIMEOUT		TIMEOUT		TIMEOUT		stable-unsolved	
robot-to-target-charging25.ltl	direct:tlsf/sweap:robot-to-target-charging	robot-to-target-charging	direct:tlsf/sweap/robot-to-target-charging25.tlsf	none		{}	22	1	Mealy	Mealy	e80a6ebb9d2475f821c414af128adde01d9437d9588c6cea7230cac09cac2d2d	TIMEOUT		TIMEOUT		TIMEOUT		TIMEOUT		stable-unsolved	
robot-to-target-charging3.ltl	direct:tlsf/sweap:robot-to-target-charging	robot-to-target-charging	direct:tlsf/sweap/robot-to-target-charging3.tlsf	none		{}	20	1	Mealy	Mealy	7508dd51595000293b5a6dfddc21357d605d1db523016edfe1170174f39da650	UNREALIZABLE	6.262485824991018	UNREALIZABLE	6.225373742010561	UNREALIZABLE	6.0564908089872915	UNREALIZABLE	6.238233752985252	stable-unrealizable	
robot-to-target-charging4.ltl	direct:tlsf/sweap:robot-to-target-charging	robot-to-target-charging	direct:tlsf/sweap/robot-to-target-charging4.tlsf	none		{}	20	1	Mealy	Mealy	e0e2219fcddfbbe1400c3b4ed62d797755967edfb2be7bddbccc25438fbf4ac0	UNREALIZABLE	6.740849388006609	UNREALIZABLE	6.526845920001506	UNREALIZABLE	6.943243629008066	UNREALIZABLE	6.8156531610002276	stable-unrealizable	
robot-to-target-charging5.ltl	direct:tlsf/sweap:robot-to-target-charging	robot-to-target-charging	direct:tlsf/sweap/robot-to-target-charging5.tlsf	none		{}	20	1	Mealy	Mealy	4385f6d86bc32e9e512e80791f72a2cd900d6bd77b4e6b20e53118aab063d627	UNREALIZABLE	7.093824356998084	UNREALIZABLE	7.260123102998477	UNREALIZABLE	7.1845737299881876	UNREALIZABLE	7.0855650159937795	stable-unrealizable	
robot-to-target-charging6.ltl	direct:tlsf/sweap:robot-to-target-charging	robot-to-target-charging	direct:tlsf/sweap/robot-to-target-charging6.tlsf	none		{}	20	1	Mealy	Mealy	1d20cddb3dd0330f80e5d505d0d003860abfaf3f064cb6857b28123d1553a82a	UNREALIZABLE	7.59455869699741	UNREALIZABLE	7.687876666001102	UNREALIZABLE	7.38833918099408	UNREALIZABLE	7.539834853989305	stable-unrealizable	
robot-to-target-charging7.ltl	direct:tlsf/sweap:robot-to-target-charging	robot-to-target-charging	direct:tlsf/sweap/robot-to-target-charging7.tlsf	none		{}	21	1	Mealy	Mealy	7fea5277c5efd60c4edebcd3a3ac8f74e7ba73f9f32447001cedeb7987c80e21	UNREALIZABLE	19.177980854001362	UNREALIZABLE	18.536238175991457	TIMEOUT		TIMEOUT		stable-unrealizable	
robot-to-target-charging8.ltl	direct:tlsf/sweap:robot-to-target-charging	robot-to-target-charging	direct:tlsf/sweap/robot-to-target-charging8.tlsf	none		{}	21	1	Mealy	Mealy	90a94242cc7170e41b14c238b9c73dff88ca9591a5f49ca2b3d9f555a7042a58	UNREALIZABLE	22.0752165720005	UNREALIZABLE	21.046785275997536	TIMEOUT		TIMEOUT		stable-unrealizable	
robot-to-target-charging9.ltl	direct:tlsf/sweap:robot-to-target-charging	robot-to-target-charging	direct:tlsf/sweap/robot-to-target-charging9.tlsf	none		{}	21	1	Mealy	Mealy	1c30adc645a939ebc100e0c13ab69c41f60af8c4fab4a43aa86c365e36542781	UNREALIZABLE	23.9955521410011	UNREALIZABLE	23.084512167999492	TIMEOUT		TIMEOUT		stable-unrealizable	
robot-to-target-unreal0.ltl	direct:tlsf/sweap:robot-to-target-unreal	robot-to-target-unreal	direct:tlsf/sweap/robot-to-target-unreal0.tlsf	none		{}	19	4	Mealy	Mealy	a1a1c1c7e6555d2992c8f6d03785991a72e6041704db015fda29a799125d7781	REALIZABLE	8.443840102998365	REALIZABLE	8.705606696999894	REALIZABLE	8.846902243007207	REALIZABLE	8.298052382975584	stable-realizable	
robot-to-target0.ltl	direct:tlsf/sweap:robot-to-target	robot-to-target	direct:tlsf/sweap/robot-to-target0.tlsf	none		{}	19	4	Mealy	Mealy	7af2ef3ffdbbd11c423e54a5276bb1b18cc0c94f9a8f576ea1cf1524898b90e1	TIMEOUT		MEMOUT		TIMEOUT		TIMEOUT		stable-unsolved	
robot_analyze_samples_v1-real.ltl	direct:tlsf/sweap:robot_analyze_samples_v1-real	robot_analyze_samples_v1-real	direct:tlsf/sweap/robot_analyze_samples_v1-real.tlsf	none		{}	20	2	Mealy	Mealy	369bb38c31f614f42e6422f6a604f9dfcff9d2c5d4d4536dca8b4cecdb0467ae	TIMEOUT		TIMEOUT		TIMEOUT		TIMEOUT		stable-unsolved	
robot_collect_samples_v1-real.ltl	direct:tlsf/sweap:robot_collect_samples_v1-real	robot_collect_samples_v1-real	direct:tlsf/sweap/robot_collect_samples_v1-real.tlsf	none		{}	19	2	Mealy	Mealy	8137fd2aa667e43de8eb8e01d601eee60cf8cb2d3b24093b186c2469d13c94c9	TIMEOUT		TIMEOUT		TIMEOUT		TIMEOUT		stable-unsolved	
robot_collect_samples_v2-real.ltl	direct:tlsf/sweap:robot_collect_samples_v2-real	robot_collect_samples_v2-real	direct:tlsf/sweap/robot_collect_samples_v2-real.tlsf	none		{}	18	2	Mealy	Mealy	08b35e5ce0d7580ca380ca09cf8a2ad5bd03ec708d45f6c7a0a9c89c71a54084	REALIZABLE	62.11991399899853	REALIZABLE	54.16768761000276	TIMEOUT		TIMEOUT		stable-realizable	
robot_collect_samples_v3-real.ltl	direct:tlsf/sweap:robot_collect_samples_v3-real	robot_collect_samples_v3-real	direct:tlsf/sweap/robot_collect_samples_v3-real.tlsf	none		{}	29	2	Mealy	Mealy	9a31ba6678a9efb61643e571be784e9a0e484f4d0bbd228b414e314fa612fa3c	TIMEOUT		TIMEOUT		TIMEOUT		TIMEOUT		stable-unsolved	
robot_collect_samples_v4-real.ltl	direct:tlsf/sweap:robot_collect_samples_v4-real	robot_collect_samples_v4-real	direct:tlsf/sweap/robot_collect_samples_v4-real.tlsf	none		{}	29	2	Mealy	Mealy	cc7e8258b2f35283a7e1c497149e920b161bb078f9fc253153feb9d9f1af5f97	TIMEOUT		TIMEOUT		TIMEOUT		TIMEOUT		stable-unsolved	
robot_deliver_products_1-real.ltl	direct:tlsf/sweap:robot_deliver_products_1-real	robot_deliver_products_1-real	direct:tlsf/sweap/robot_deliver_products_1-real.tlsf	none		{}	27	2	Mealy	Mealy	28a7e19104de91ef5228d5813fda550aa9e33391fa939e9c67162b5bdd2df7b9	TIMEOUT		TIMEOUT		TIMEOUT		TIMEOUT		stable-unsolved	
robot_deliver_products_20.ltl	direct:tlsf/sweap:robot_deliver_products	robot_deliver_products	direct:tlsf/sweap/robot_deliver_products_20.tlsf	none		{}	38	2	Mealy	Mealy	5698a1252b12989d13f5a6a2c0da5677ff32254938d4630b23f3f3a83f4ed1e4	TIMEOUT		TIMEOUT		TIMEOUT		TIMEOUT		stable-unsolved	
robot_deliver_products_30.ltl	direct:tlsf/sweap:robot_deliver_products	robot_deliver_products	direct:tlsf/sweap/robot_deliver_products_30.tlsf	none		{}	44	2	Mealy	Mealy	58d1328f11d62184e33bbdd498a0f4ef577f7dfa40ba242281643c5c281d5dac	TIMEOUT		TIMEOUT		TIMEOUT		TIMEOUT		stable-unsolved	
robot_deliver_products_40.ltl	direct:tlsf/sweap:robot_deliver_products	robot_deliver_products	direct:tlsf/sweap/robot_deliver_products_40.tlsf	none		{}	44	2	Mealy	Mealy	c7d8fd7c8b5ca3383bbe046a0bf6b7c32203ad926c8d561606e9cba5b901b4f0	TIMEOUT		TIMEOUT		TIMEOUT		TIMEOUT		stable-unsolved	
robot_deliver_products_50.ltl	direct:tlsf/sweap:robot_deliver_products	robot_deliver_products	direct:tlsf/sweap/robot_deliver_products_50.tlsf	none		{}	45	2	Mealy	Mealy	0b3d9adc1aae84c31c40b2615c26aef88bd4a2c80ad07ffb93060d5686ea700a	TIMEOUT		TIMEOUT		TIMEOUT		TIMEOUT		stable-unsolved	
robot_grid_pb_2_2_pe_.ltl	param:tlsf/robot_grid/parametric/robot_grid.tlsf	robot_grid	param:tlsf/robot_grid/parametric/robot_grid.tlsf:xN=2,yN=2	exact	xN,yN	"{""xN"": 2, ""yN"": 2}"	4	5	Mealy	Mealy	ffe426ad0760e977e140e72c004ce8402c4f24ce78ae89315f8d22aafe2c1170	REALIZABLE	0.044894935002957936	REALIZABLE	0.048210114997345954	REALIZABLE	0.04632610798580572	REALIZABLE	0.04348984299576841	stable-realizable	
robot_grid_pb_3_3_pe_.ltl	param:tlsf/robot_grid/parametric/robot_grid.tlsf	robot_grid	param:tlsf/robot_grid/parametric/robot_grid.tlsf:xN=3,yN=3	exact	xN,yN	"{""xN"": 3, ""yN"": 3}"	8	5	Mealy	Mealy	a62b51ad95c88b72ea6deb8299dbbca5dfe28ee1b3203843deda5494b9260d28	REALIZABLE	0.16193652100628242	REALIZABLE	0.2723057020048145	REALIZABLE	0.1586594340042211	REALIZABLE	0.26648963597835973	stable-realizable	
robot_grid_pb_4_4_pe_.ltl	param:tlsf/robot_grid/parametric/robot_grid.tlsf	robot_grid	param:tlsf/robot_grid/parametric/robot_grid.tlsf:xN=4,yN=4	exact	xN,yN	"{""xN"": 4, ""yN"": 4}"	8	5	Mealy	Mealy	1477f706e9681e3b13cf4a3e7197b7b887154357346e00825667873caee2e72e	REALIZABLE	1.3865859659999842	REALIZABLE	1.7825029109953903	REALIZABLE	1.3430487829900812	REALIZABLE	1.664840451994678	stable-realizable	
robot_grid_pb_5_1_pe_.ltl	param:tlsf/robot_grid/parametric/robot_grid.tlsf	robot_grid	param:tlsf/robot_grid/parametric/robot_grid.tlsf:xN=5,yN=1	exact	xN,yN	"{""xN"": 5, ""yN"": 1}"	8	5	Mealy	Mealy	4dc1054699a41025febbfaf4b26fac95c58e878ffab361f0b88b09330823d625	REALIZABLE	0.05000994600413833	REALIZABLE	0.06985210900165839	REALIZABLE	0.04952892000437714	REALIZABLE	0.0719125939940568	stable-realizable	
robot_grid_pb_5_5_pe_.ltl	param:tlsf/robot_grid/parametric/robot_grid.tlsf	robot_grid	param:tlsf/robot_grid/parametric/robot_grid.tlsf:xN=5,yN=5	exact	xN,yN	"{""xN"": 5, ""yN"": 5}"	12	5	Mealy	Mealy	c2433a1be4dd8e46e437712aae96805b3e7c77e3bdc82dfd6f74a060a3931388	TIMEOUT		REALIZABLE	9.507684867996431	TIMEOUT		REALIZABLE	9.505763572000433	s-solved-b-not	
robot_grid_pb_6_1_pe_.ltl	param:tlsf/robot_grid/parametric/robot_grid.tlsf	robot_grid	param:tlsf/robot_grid/parametric/robot_grid.tlsf:xN=6,yN=1	exact	xN,yN	"{""xN"": 6, ""yN"": 1}"	8	5	Mealy	Mealy	00fd4e6e8b59db9b08bb2d44da13662a6985ac46da45cace57e1af572fde24e6	REALIZABLE	0.05291401900467463	REALIZABLE	0.09664418100146577	REALIZABLE	0.05018012400250882	REALIZABLE	0.0874745289911516	stable-realizable	
robot_grid_pb_6_6_pe_.ltl	param:tlsf/robot_grid/parametric/robot_grid.tlsf	robot_grid	param:tlsf/robot_grid/parametric/robot_grid.tlsf:xN=6,yN=6	exact	xN,yN	"{""xN"": 6, ""yN"": 6}"	12	5	Mealy	Mealy	1705c35875c2e42b8c78329f6c9acce33906d9a7421e6674de759e0832b61464	TIMEOUT		MEMOUT		TIMEOUT		TIMEOUT		stable-unsolved	
robot_grid_pb_7_7_pe_.ltl	param:tlsf/robot_grid/parametric/robot_grid.tlsf	robot_grid	param:tlsf/robot_grid/parametric/robot_grid.tlsf:xN=7,yN=7	exact	xN,yN	"{""xN"": 7, ""yN"": 7}"	12	5	Mealy	Mealy	303354fdc069275413ad8ddad5e9ca8f2d6ff28422c548bed4e70e70876ea82f	MEMOUT		MEMOUT		MEMOUT		MEMOUT		stable-unsolved	
robot_grid_pb_8_8_pe_.ltl	param:tlsf/robot_grid/parametric/robot_grid.tlsf	robot_grid	param:tlsf/robot_grid/parametric/robot_grid.tlsf:xN=8,yN=8	exact	xN,yN	"{""xN"": 8, ""yN"": 8}"	12	5	Mealy	Mealy	a03de3b0bd8814cb539e70da51f37a183c44732de63662cfce524ed5817910b6	MEMOUT		MEMOUT		MEMOUT		MEMOUT		stable-unsolved	
robot_repair0.ltl	direct:tlsf/sweap:robot_repair	robot_repair	direct:tlsf/sweap/robot_repair0.tlsf	none		{}	23	2	Mealy	Mealy	7eddd8e528babaeea54b5768f32d98bddede1aeb3224d20a2a291a98bdb59e20	UNREALIZABLE	103.13009236600192	UNREALIZABLE	104.35219698199944	TIMEOUT		TIMEOUT		stable-unrealizable	
robot_repair1.ltl	direct:tlsf/sweap:robot_repair	robot_repair	direct:tlsf/sweap/robot_repair1.tlsf	none		{}	24	2	Mealy	Mealy	4943cb7d9c9c5ec6005a3263059af7fcc5c1b8e6dbe86bdcd9c72e016e3b726b	TIMEOUT		TIMEOUT		TIMEOUT		TIMEOUT		stable-unsolved	
robot_repair2.ltl	direct:tlsf/sweap:robot_repair	robot_repair	direct:tlsf/sweap/robot_repair2.tlsf	none		{}	24	2	Mealy	Mealy	c25b537330ae7b4ac5bf07773ac3bf3f1ed12916740fb3294b86a23e79b58845	TIMEOUT		TIMEOUT		TIMEOUT		TIMEOUT		stable-unsolved	
robot_repair3.ltl	direct:tlsf/sweap:robot_repair	robot_repair	direct:tlsf/sweap/robot_repair3.tlsf	none		{}	24	2	Mealy	Mealy	56a5d18e47f148a568b345bb0c50577e3f979befad38d11741252d5ecefe6399	TIMEOUT		TIMEOUT		TIMEOUT		TIMEOUT		stable-unsolved	
robot_repair4.ltl	direct:tlsf/sweap:robot_repair	robot_repair	direct:tlsf/sweap/robot_repair4.tlsf	none		{}	24	2	Mealy	Mealy	545d1f6de64e43209c90d3213b3b39d3704c6ec9d8ed2a272ed8cd4f92d040e5	TIMEOUT		TIMEOUT		TIMEOUT		TIMEOUT		stable-unsolved	
robot_repair5.ltl	direct:tlsf/sweap:robot_repair	robot_repair	direct:tlsf/sweap/robot_repair5.tlsf	none		{}	30	2	Mealy	Mealy	083a003a31c074fec41e91c82d1b7a5fc59918e8ed4b3c6e60334e290279ca58	TIMEOUT		TIMEOUT		TIMEOUT		TIMEOUT		stable-unsolved	
robot_running-real.ltl	direct:tlsf/sweap:robot_running-real	robot_running-real	direct:tlsf/sweap/robot_running-real.tlsf	none		{}	26	2	Mealy	Mealy	72091a36223a093067b005417ad3a56a0b7fd087ee51d602e959558aa0224865	TIMEOUT		TIMEOUT		TIMEOUT		TIMEOUT		stable-unsolved	
round_robin_arbiter_pb_10_pe_.ltl	param:tlsf/round_robin_arbiter/parametric/round_robin_arbiter.tlsf	round_robin_arbiter	param:tlsf/round_robin_arbiter/parametric/round_robin_arbiter.tlsf:n=10	exact	n	"{""n"": 10}"	10	10	Mealy	Mealy	25528de2e4d7e251f35615340fe23147c516ad591273005eb492362d2c57a840	TIMEOUT		TIMEOUT		TIMEOUT		TIMEOUT		stable-unsolved	families/target-checks.tsv: round_robin_arbiter n=10 target unresolved (UNKNOWN)
round_robin_arbiter_pb_2_pe_.ltl	param:tlsf/round_robin_arbiter/parametric/round_robin_arbiter.tlsf	round_robin_arbiter	param:tlsf/round_robin_arbiter/parametric/round_robin_arbiter.tlsf:n=2	exact	n	"{""n"": 2}"	2	2	Mealy	Mealy	7b1bc9556b43579717eac8bd665e0e1be5d2b77cd735630a4ce06bfa64f41549	REALIZABLE	0.023164844998973422	REALIZABLE	0.020632094994653016	REALIZABLE	0.01808840999729	REALIZABLE	0.017676217015832663	stable-realizable	
round_robin_arbiter_pb_3_pe_.ltl	param:tlsf/round_robin_arbiter/parametric/round_robin_arbiter.tlsf	round_robin_arbiter	param:tlsf/round_robin_arbiter/parametric/round_robin_arbiter.tlsf:n=3	exact	n	"{""n"": 3}"	3	3	Mealy	Mealy	80aec00d0bf86748744de4570545765f3e10c865c6d402c8156f7acb75cda5e6	REALIZABLE	0.03956954100431176	REALIZABLE	0.036940373000106774	REALIZABLE	0.03392478299792856	REALIZABLE	0.03147531297872774	stable-realizable	
round_robin_arbiter_pb_4_pe_.ltl	param:tlsf/round_robin_arbiter/parametric/round_robin_arbiter.tlsf	round_robin_arbiter	param:tlsf/round_robin_arbiter/parametric/round_robin_arbiter.tlsf:n=4	exact	n	"{""n"": 4}"	4	4	Mealy	Mealy	68500a6fffe856eff72062d3568a81f627d5b12262a2a26d439f2b54a36d1d90	REALIZABLE	0.11963970199940377	REALIZABLE	0.1089729260020249	REALIZABLE	0.11480570799903944	REALIZABLE	0.12134428697754629	stable-realizable	
round_robin_arbiter_pb_5_pe_.ltl	param:tlsf/round_robin_arbiter/parametric/round_robin_arbiter.tlsf	round_robin_arbiter	param:tlsf/round_robin_arbiter/parametric/round_robin_arbiter.tlsf:n=5	exact	n	"{""n"": 5}"	5	5	Mealy	Mealy	37118b38c11775acf7e9d2546b3e073efdff5b49478cce489b4473cc1fa56866	REALIZABLE	13.548963073997584	REALIZABLE	14.017922730999999	REALIZABLE	13.710630218003644	REALIZABLE	14.105392330005998	stable-realizable	
round_robin_arbiter_pb_6_pe_.ltl	param:tlsf/round_robin_arbiter/parametric/round_robin_arbiter.tlsf	round_robin_arbiter	param:tlsf/round_robin_arbiter/parametric/round_robin_arbiter.tlsf:n=6	exact	n	"{""n"": 6}"	6	6	Mealy	Mealy	69c19d7216a105a255769b525d738184a7927ede230d1d8c792cba16a5feda15	TIMEOUT		TIMEOUT		TIMEOUT		TIMEOUT		stable-unsolved	
round_robin_arbiter_pb_7_pe_.ltl	param:tlsf/round_robin_arbiter/parametric/round_robin_arbiter.tlsf	round_robin_arbiter	param:tlsf/round_robin_arbiter/parametric/round_robin_arbiter.tlsf:n=7	exact	n	"{""n"": 7}"	7	7	Mealy	Mealy	5271db0c0a854ab3d559d0a4e25acbf5e11b2f6b339bf4ca809611c5d87311a1	TIMEOUT		TIMEOUT		TIMEOUT		TIMEOUT		stable-unsolved	
round_robin_arbiter_pb_8_pe_.ltl	param:tlsf/round_robin_arbiter/parametric/round_robin_arbiter.tlsf	round_robin_arbiter	param:tlsf/round_robin_arbiter/parametric/round_robin_arbiter.tlsf:n=8	exact	n	"{""n"": 8}"	8	8	Mealy	Mealy	2e2f505de873199c3d38d411096c88ecd6b45b54d889e0d9247e8984a6744d33	MEMOUT		MEMOUT		TIMEOUT		TIMEOUT		stable-unsolved	
round_robin_arbiter_unreal1_pb_2_10_pe_.ltl	param:tlsf/round_robin_arbiter_unreal/parametric/round_robin_arbiter_unreal1.tlsf	round_robin_arbiter_unreal1	param:tlsf/round_robin_arbiter_unreal/parametric/round_robin_arbiter_unreal1.tlsf:n=2,u=10	exact	n,u	"{""n"": 2, ""u"": 10}"	2	2	Mealy	Mealy	0c36e4e0de3980b44bd60105d08f950a865b85c04d9dea7a33cd424e9f12dd66	UNREALIZABLE	0.0602571130002616	UNREALIZABLE	0.05843797200213885	UNREALIZABLE	0.06418553899857216	UNREALIZABLE	0.042105525004444644	stable-unrealizable	
round_robin_arbiter_unreal1_pb_2_11_pe_.ltl	param:tlsf/round_robin_arbiter_unreal/parametric/round_robin_arbiter_unreal1.tlsf	round_robin_arbiter_unreal1	param:tlsf/round_robin_arbiter_unreal/parametric/round_robin_arbiter_unreal1.tlsf:n=2,u=11	exact	n,u	"{""n"": 2, ""u"": 11}"	2	2	Mealy	Mealy	371ae84e76572f036f8e737e4c60bcb9ea25fb5563bbad4d82903d8d0526fc8a	UNREALIZABLE	0.09101523099525366	UNREALIZABLE	0.08642788900033338	UNREALIZABLE	0.07846357297967188	UNREALIZABLE	0.08219414699124172	stable-unrealizable	
round_robin_arbiter_unreal1_pb_2_12_pe_.ltl	param:tlsf/round_robin_arbiter_unreal/parametric/round_robin_arbiter_unreal1.tlsf	round_robin_arbiter_unreal1	param:tlsf/round_robin_arbiter_unreal/parametric/round_robin_arbiter_unreal1.tlsf:n=2,u=12	exact	n,u	"{""n"": 2, ""u"": 12}"	2	2	Mealy	Mealy	6b06d5e135a7a2e56c6a1335671da8ff348cef970cfd9c76d58300228400a030	UNREALIZABLE	0.15456867199827684	UNREALIZABLE	0.14907916800439125	UNREALIZABLE	0.14371315998141654	UNREALIZABLE	0.14269049500580877	stable-unrealizable	
round_robin_arbiter_unreal1_pb_2_13_pe_.ltl	param:tlsf/round_robin_arbiter_unreal/parametric/round_robin_arbiter_unreal1.tlsf	round_robin_arbiter_unreal1	param:tlsf/round_robin_arbiter_unreal/parametric/round_robin_arbiter_unreal1.tlsf:n=2,u=13	exact	n,u	"{""n"": 2, ""u"": 13}"	2	2	Mealy	Mealy	2bc3da11fbf2e436885f8c31a90a8ef17af4e163915d1c0184521a520ce530eb	UNREALIZABLE	0.3045441279991792	UNREALIZABLE	0.31250550700133317	UNREALIZABLE	0.29557744099292904	UNREALIZABLE	0.30356296998797916	stable-unrealizable	
round_robin_arbiter_unreal1_pb_2_14_pe_.ltl	param:tlsf/round_robin_arbiter_unreal/parametric/round_robin_arbiter_unreal1.tlsf	round_robin_arbiter_unreal1	param:tlsf/round_robin_arbiter_unreal/parametric/round_robin_arbiter_unreal1.tlsf:n=2,u=14	exact	n,u	"{""n"": 2, ""u"": 14}"	2	2	Mealy	Mealy	108d6b690f554a6a2630ae6530c004ff252cb305b8396229b2df26360703e729	UNREALIZABLE	0.627016710001044	UNREALIZABLE	0.6287573430017801	UNREALIZABLE	0.6225261420186143	UNREALIZABLE	0.608574159006821	stable-unrealizable	
round_robin_arbiter_unreal1_pb_2_15_pe_.ltl	param:tlsf/round_robin_arbiter_unreal/parametric/round_robin_arbiter_unreal1.tlsf	round_robin_arbiter_unreal1	param:tlsf/round_robin_arbiter_unreal/parametric/round_robin_arbiter_unreal1.tlsf:n=2,u=15	exact	n,u	"{""n"": 2, ""u"": 15}"	2	2	Mealy	Mealy	bc37040eed509f56a8f94a2d774714e12ef2815b5be941379698acad56a8f1a0	UNREALIZABLE	1.2840954889979912	UNREALIZABLE	1.2815251460051513	UNREALIZABLE	1.279654177982593	UNREALIZABLE	1.2664185329922475	stable-unrealizable	
round_robin_arbiter_unreal1_pb_2_16_pe_.ltl	param:tlsf/round_robin_arbiter_unreal/parametric/round_robin_arbiter_unreal1.tlsf	round_robin_arbiter_unreal1	param:tlsf/round_robin_arbiter_unreal/parametric/round_robin_arbiter_unreal1.tlsf:n=2,u=16	exact	n,u	"{""n"": 2, ""u"": 16}"	2	2	Mealy	Mealy	9692f6d95b44ec1d11e95d94bda59969d965112936650d1c0c8fecf376e99095	UNREALIZABLE	2.8190110069990624	UNREALIZABLE	2.815924463000556	UNREALIZABLE	2.768484989996068	UNREALIZABLE	2.844691921985941	stable-unrealizable	
round_robin_arbiter_unreal1_pb_2_1_pe_.ltl	param:tlsf/round_robin_arbiter_unreal/parametric/round_robin_arbiter_unreal1.tlsf	round_robin_arbiter_unreal1	param:tlsf/round_robin_arbiter_unreal/parametric/round_robin_arbiter_unreal1.tlsf:n=2,u=1	exact	n,u	"{""n"": 2, ""u"": 1}"	2	2	Mealy	Mealy	c92f3be206a19e5864c0230be9ac112ea9dd53788d5f383112fd4d7ed3417afc	UNREALIZABLE	0.017585246998351067	UNREALIZABLE	0.022412825004721526	UNREALIZABLE	0.026818476006155834	UNREALIZABLE	0.026498725987039506	stable-unrealizable	
round_robin_arbiter_unreal1_pb_2_2_pe_.ltl	param:tlsf/round_robin_arbiter_unreal/parametric/round_robin_arbiter_unreal1.tlsf	round_robin_arbiter_unreal1	param:tlsf/round_robin_arbiter_unreal/parametric/round_robin_arbiter_unreal1.tlsf:n=2,u=2	exact	n,u	"{""n"": 2, ""u"": 2}"	2	2	Mealy	Mealy	4cee827d9b70050cf41121eb0b2b1b16aa7e1db359faf94039391c87b7260cd4	UNREALIZABLE	0.03442770599940559	UNREALIZABLE	0.03715698400628753	UNREALIZABLE	0.03245403501205146	UNREALIZABLE	0.029879191977670416	stable-unrealizable	
round_robin_arbiter_unreal1_pb_2_3_pe_.ltl	param:tlsf/round_robin_arbiter_unreal/parametric/round_robin_arbiter_unreal1.tlsf	round_robin_arbiter_unreal1	param:tlsf/round_robin_arbiter_unreal/parametric/round_robin_arbiter_unreal1.tlsf:n=2,u=3	exact	n,u	"{""n"": 2, ""u"": 3}"	2	2	Mealy	Mealy	1eef04336db83b510ed150973d842c0fa169065d35359ae82c56407fb0ad3bb8	UNREALIZABLE	0.03862067400041269	UNREALIZABLE	0.020071830000233604	UNREALIZABLE	0.0326644419983495	UNREALIZABLE	0.03648584501934238	stable-unrealizable	
round_robin_arbiter_unreal1_pb_2_4_pe_.ltl	param:tlsf/round_robin_arbiter_unreal/parametric/round_robin_arbiter_unreal1.tlsf	round_robin_arbiter_unreal1	param:tlsf/round_robin_arbiter_unreal/parametric/round_robin_arbiter_unreal1.tlsf:n=2,u=4	exact	n,u	"{""n"": 2, ""u"": 4}"	2	2	Mealy	Mealy	1d5aba1753dd9671786433e3a4c9c43f3087554dbb8dbaa83b51646cd5e21ef6	UNREALIZABLE	0.035439685998426285	UNREALIZABLE	0.03542317700339481	UNREALIZABLE	0.0391412109893281	UNREALIZABLE	0.03647865500533953	stable-unrealizable	
round_robin_arbiter_unreal1_pb_2_5_pe_.ltl	param:tlsf/round_robin_arbiter_unreal/parametric/round_robin_arbiter_unreal1.tlsf	round_robin_arbiter_unreal1	param:tlsf/round_robin_arbiter_unreal/parametric/round_robin_arbiter_unreal1.tlsf:n=2,u=5	exact	n,u	"{""n"": 2, ""u"": 5}"	2	2	Mealy	Mealy	2c63127d65a1b8956334fdf7832051dd07fe95c6fe5c1e9b73728f49ba3cfbc8	UNREALIZABLE	0.0422099139977945	UNREALIZABLE	0.026695835000282386	UNREALIZABLE	0.030883050989359617	UNREALIZABLE	0.037444843008415774	stable-unrealizable	
round_robin_arbiter_unreal1_pb_2_6_pe_.ltl	param:tlsf/round_robin_arbiter_unreal/parametric/round_robin_arbiter_unreal1.tlsf	round_robin_arbiter_unreal1	param:tlsf/round_robin_arbiter_unreal/parametric/round_robin_arbiter_unreal1.tlsf:n=2,u=6	exact	n,u	"{""n"": 2, ""u"": 6}"	2	2	Mealy	Mealy	b3a7a8ec5117c2d1609f59857f788c84639868bbdf99d9f0ccfcdf96f2cd1941	UNREALIZABLE	0.03309587100011413	UNREALIZABLE	0.028018986000461155	UNREALIZABLE	0.02588474701042287	UNREALIZABLE	0.03715168300550431	stable-unrealizable	
round_robin_arbiter_unreal1_pb_2_7_pe_.ltl	param:tlsf/round_robin_arbiter_unreal/parametric/round_robin_arbiter_unreal1.tlsf	round_robin_arbiter_unreal1	param:tlsf/round_robin_arbiter_unreal/parametric/round_robin_arbiter_unreal1.tlsf:n=2,u=7	exact	n,u	"{""n"": 2, ""u"": 7}"	2	2	Mealy	Mealy	48e4bc5e2cd7f8c6efb06f959cc21a5fbb630698efdc3ca2fc587284e0293d2f	UNREALIZABLE	0.045363212999291136	UNREALIZABLE	0.03783136799938802	UNREALIZABLE	0.04353999998420477	UNREALIZABLE	0.04124908099765889	stable-unrealizable	
round_robin_arbiter_unreal1_pb_2_8_pe_.ltl	param:tlsf/round_robin_arbiter_unreal/parametric/round_robin_arbiter_unreal1.tlsf	round_robin_arbiter_unreal1	param:tlsf/round_robin_arbiter_unreal/parametric/round_robin_arbiter_unreal1.tlsf:n=2,u=8	exact	n,u	"{""n"": 2, ""u"": 8}"	2	2	Mealy	Mealy	2a5168e412ddd5a5195f2c8e5d2602d7c3ddcf26e1ceb5b7a3a5b19112dc88ca	UNREALIZABLE	0.023267652999493293	UNREALIZABLE	0.03261023199593183	UNREALIZABLE	0.043867638014489785	UNREALIZABLE	0.04839626501780003	stable-unrealizable	
round_robin_arbiter_unreal1_pb_2_9_pe_.ltl	param:tlsf/round_robin_arbiter_unreal/parametric/round_robin_arbiter_unreal1.tlsf	round_robin_arbiter_unreal1	param:tlsf/round_robin_arbiter_unreal/parametric/round_robin_arbiter_unreal1.tlsf:n=2,u=9	exact	n,u	"{""n"": 2, ""u"": 9}"	2	2	Mealy	Mealy	3993604bb5ef27d03797a50716240deefc1ccf4b1d0bb2831368aa58b1cec6e3	UNREALIZABLE	0.04268130300624762	UNREALIZABLE	0.03372450600727461	UNREALIZABLE	0.047795902006328106	UNREALIZABLE	0.04522691699094139	stable-unrealizable	
round_robin_arbiter_unreal1_pb_3_10_pe_.ltl	param:tlsf/round_robin_arbiter_unreal/parametric/round_robin_arbiter_unreal1.tlsf	round_robin_arbiter_unreal1	param:tlsf/round_robin_arbiter_unreal/parametric/round_robin_arbiter_unreal1.tlsf:n=3,u=10	exact	n,u	"{""n"": 3, ""u"": 10}"	3	3	Mealy	Mealy	2f9a27726df00d0267dfc59285a9bf1eab26f4e96bf5b10fecfd7f8535ea44e1	TIMEOUT		MEMOUT		TIMEOUT		TIMEOUT		stable-unsolved	
round_robin_arbiter_unreal1_pb_3_11_pe_.ltl	param:tlsf/round_robin_arbiter_unreal/parametric/round_robin_arbiter_unreal1.tlsf	round_robin_arbiter_unreal1	param:tlsf/round_robin_arbiter_unreal/parametric/round_robin_arbiter_unreal1.tlsf:n=3,u=11	exact	n,u	"{""n"": 3, ""u"": 11}"	3	3	Mealy	Mealy	403802d7e041ad7e0767000c303ad5a97545f028c31d7ae80e9765fb58a28302	TIMEOUT		MEMOUT		TIMEOUT		TIMEOUT		stable-unsolved	
round_robin_arbiter_unreal1_pb_3_12_pe_.ltl	param:tlsf/round_robin_arbiter_unreal/parametric/round_robin_arbiter_unreal1.tlsf	round_robin_arbiter_unreal1	param:tlsf/round_robin_arbiter_unreal/parametric/round_robin_arbiter_unreal1.tlsf:n=3,u=12	exact	n,u	"{""n"": 3, ""u"": 12}"	3	3	Mealy	Mealy	69a083da883de3f903a63f41dc49ecbd2966872ad44078e6b71f08947137c479	TIMEOUT		MEMOUT		TIMEOUT		TIMEOUT		stable-unsolved	
round_robin_arbiter_unreal1_pb_3_13_pe_.ltl	param:tlsf/round_robin_arbiter_unreal/parametric/round_robin_arbiter_unreal1.tlsf	round_robin_arbiter_unreal1	param:tlsf/round_robin_arbiter_unreal/parametric/round_robin_arbiter_unreal1.tlsf:n=3,u=13	exact	n,u	"{""n"": 3, ""u"": 13}"	3	3	Mealy	Mealy	dddf19c55ae86998e149d7426b818962e95a85d0db9807c5920037b1e2eb72fd	TIMEOUT		MEMOUT		TIMEOUT		TIMEOUT		stable-unsolved	
round_robin_arbiter_unreal1_pb_3_14_pe_.ltl	param:tlsf/round_robin_arbiter_unreal/parametric/round_robin_arbiter_unreal1.tlsf	round_robin_arbiter_unreal1	param:tlsf/round_robin_arbiter_unreal/parametric/round_robin_arbiter_unreal1.tlsf:n=3,u=14	exact	n,u	"{""n"": 3, ""u"": 14}"	3	3	Mealy	Mealy	e0e7ce644d8d14c868caddc105b59288960ff674e03d7ba6d1a551f20870fac4	TIMEOUT		MEMOUT		TIMEOUT		TIMEOUT		stable-unsolved	
round_robin_arbiter_unreal1_pb_3_15_pe_.ltl	param:tlsf/round_robin_arbiter_unreal/parametric/round_robin_arbiter_unreal1.tlsf	round_robin_arbiter_unreal1	param:tlsf/round_robin_arbiter_unreal/parametric/round_robin_arbiter_unreal1.tlsf:n=3,u=15	exact	n,u	"{""n"": 3, ""u"": 15}"	3	3	Mealy	Mealy	2d9c889f60d392bdab05644afcdeca307b47b145c3cfde99a8328ff229348566	TIMEOUT		MEMOUT		TIMEOUT		TIMEOUT		stable-unsolved	
round_robin_arbiter_unreal1_pb_3_16_pe_.ltl	param:tlsf/round_robin_arbiter_unreal/parametric/round_robin_arbiter_unreal1.tlsf	round_robin_arbiter_unreal1	param:tlsf/round_robin_arbiter_unreal/parametric/round_robin_arbiter_unreal1.tlsf:n=3,u=16	exact	n,u	"{""n"": 3, ""u"": 16}"	3	3	Mealy	Mealy	0337936ce912628fee2cf3acb5db9640d10f0270c7b3c53ff4c4bbac8a803ba3	TIMEOUT		MEMOUT		TIMEOUT		TIMEOUT		stable-unsolved	
round_robin_arbiter_unreal1_pb_3_1_pe_.ltl	param:tlsf/round_robin_arbiter_unreal/parametric/round_robin_arbiter_unreal1.tlsf	round_robin_arbiter_unreal1	param:tlsf/round_robin_arbiter_unreal/parametric/round_robin_arbiter_unreal1.tlsf:n=3,u=1	exact	n,u	"{""n"": 3, ""u"": 1}"	3	3	Mealy	Mealy	26dadcf7ed9e36e8785cf4008f31d8b3c1b8c8dd95a040858d031107d9516cbb	UNREALIZABLE	0.026615490001859143	UNREALIZABLE	0.027444343999377452	UNREALIZABLE	0.034027415997115895	UNREALIZABLE	0.02110426698345691	stable-unrealizable	
round_robin_arbiter_unreal1_pb_3_20_pe_.ltl	param:tlsf/round_robin_arbiter_unreal/parametric/round_robin_arbiter_unreal1.tlsf	round_robin_arbiter_unreal1	param:tlsf/round_robin_arbiter_unreal/parametric/round_robin_arbiter_unreal1.tlsf:n=3,u=20	exact	n,u	"{""n"": 3, ""u"": 20}"	3	3	Mealy	Mealy	0303a267cc5cdc25ae4543c34c1d01cb5f3451b5026c737affeb07214b50b124	TIMEOUT		TIMEOUT		TIMEOUT		TIMEOUT		stable-unsolved	
round_robin_arbiter_unreal1_pb_3_22_pe_.ltl	param:tlsf/round_robin_arbiter_unreal/parametric/round_robin_arbiter_unreal1.tlsf	round_robin_arbiter_unreal1	param:tlsf/round_robin_arbiter_unreal/parametric/round_robin_arbiter_unreal1.tlsf:n=3,u=22	exact	n,u	"{""n"": 3, ""u"": 22}"	3	3	Mealy	Mealy	56c9f2fda059859d47932e434b4a079d8057938f5d3df193386f456ca7b8aeed	TIMEOUT		TIMEOUT		TIMEOUT		TIMEOUT		stable-unsolved	
round_robin_arbiter_unreal1_pb_3_2_pe_.ltl	param:tlsf/round_robin_arbiter_unreal/parametric/round_robin_arbiter_unreal1.tlsf	round_robin_arbiter_unreal1	param:tlsf/round_robin_arbiter_unreal/parametric/round_robin_arbiter_unreal1.tlsf:n=3,u=2	exact	n,u	"{""n"": 3, ""u"": 2}"	3	3	Mealy	Mealy	a31240e1567c7bed4f6b90929a2f1c68969a9af00778dc07f70ecd4d1ae510df	UNREALIZABLE	0.0367742870002985	UNREALIZABLE	0.03196525099883729	UNREALIZABLE	0.026194706006208435	UNREALIZABLE	0.03755769701092504	stable-unrealizable	
round_robin_arbiter_unreal1_pb_3_3_pe_.ltl	param:tlsf/round_robin_arbiter_unreal/parametric/round_robin_arbiter_unreal1.tlsf	round_robin_arbiter_unreal1	param:tlsf/round_robin_arbiter_unreal/parametric/round_robin_arbiter_unreal1.tlsf:n=3,u=3	exact	n,u	"{""n"": 3, ""u"": 3}"	3	3	Mealy	Mealy	09babb9b71c08578d83de341427bcdc266e132f4d5408e3dec36f9bc468f6485	UNREALIZABLE	0.027899927998078056	UNREALIZABLE	0.027580116999160964	UNREALIZABLE	0.03578675602329895	UNREALIZABLE	0.040418085001874715	stable-unrealizable	
round_robin_arbiter_unreal1_pb_3_4_pe_.ltl	param:tlsf/round_robin_arbiter_unreal/parametric/round_robin_arbiter_unreal1.tlsf	round_robin_arbiter_unreal1	param:tlsf/round_robin_arbiter_unreal/parametric/round_robin_arbiter_unreal1.tlsf:n=3,u=4	exact	n,u	"{""n"": 3, ""u"": 4}"	3	3	Mealy	Mealy	073112ac0d05f254472541ea22597b1eb7833ecf337d61ad892bcbb67d933365	UNREALIZABLE	0.05877784600306768	UNREALIZABLE	0.060566999003640376	UNREALIZABLE	0.05478840702562593	UNREALIZABLE	0.0554440839914605	stable-unrealizable	
round_robin_arbiter_unreal1_pb_3_50_pe_.ltl	param:tlsf/round_robin_arbiter_unreal/parametric/round_robin_arbiter_unreal1.tlsf	round_robin_arbiter_unreal1	param:tlsf/round_robin_arbiter_unreal/parametric/round_robin_arbiter_unreal1.tlsf:n=3,u=50	exact	n,u	"{""n"": 3, ""u"": 50}"	3	3	Mealy	Mealy	89376b36e0f47e11c2c4e08ac6c2efebfa631e64c7d200caefdc8f09a1e75ca6	TIMEOUT		TIMEOUT		TIMEOUT		TIMEOUT		stable-unsolved	
round_robin_arbiter_unreal1_pb_3_5_pe_.ltl	param:tlsf/round_robin_arbiter_unreal/parametric/round_robin_arbiter_unreal1.tlsf	round_robin_arbiter_unreal1	param:tlsf/round_robin_arbiter_unreal/parametric/round_robin_arbiter_unreal1.tlsf:n=3,u=5	exact	n,u	"{""n"": 3, ""u"": 5}"	3	3	Mealy	Mealy	93c02328b770c7406263c98fb73042ce134d106f1f4efe7c6fa983502b1a87ed	UNREALIZABLE	0.17187980900052935	UNREALIZABLE	0.19830813400039915	UNREALIZABLE	0.17531734498334117	UNREALIZABLE	0.18866205000085756	stable-unrealizable	
round_robin_arbiter_unreal1_pb_3_6_pe_.ltl	param:tlsf/round_robin_arbiter_unreal/parametric/round_robin_arbiter_unreal1.tlsf	round_robin_arbiter_unreal1	param:tlsf/round_robin_arbiter_unreal/parametric/round_robin_arbiter_unreal1.tlsf:n=3,u=6	exact	n,u	"{""n"": 3, ""u"": 6}"	3	3	Mealy	Mealy	21776d90a25d41ba679a487dcc0e6395b50ad3689f20e1df203aa085de820ff8	UNREALIZABLE	1.0307659600075567	UNREALIZABLE	1.0580578069930198	UNREALIZABLE	1.0428783730021678	UNREALIZABLE	1.0225266329944134	stable-unrealizable	
round_robin_arbiter_unreal1_pb_3_7_pe_.ltl	param:tlsf/round_robin_arbiter_unreal/parametric/round_robin_arbiter_unreal1.tlsf	round_robin_arbiter_unreal1	param:tlsf/round_robin_arbiter_unreal/parametric/round_robin_arbiter_unreal1.tlsf:n=3,u=7	exact	n,u	"{""n"": 3, ""u"": 7}"	3	3	Mealy	Mealy	926b1082881d55db7292582ef21260bebd43a09baf05ba1f37f7c8eb59a4be5d	UNREALIZABLE	7.73436317499727	UNREALIZABLE	7.796247698002844	UNREALIZABLE	7.5486117450054735	UNREALIZABLE	7.915447811014019	stable-unrealizable	
round_robin_arbiter_unreal1_pb_3_8_pe_.ltl	param:tlsf/round_robin_arbiter_unreal/parametric/round_robin_arbiter_unreal1.tlsf	round_robin_arbiter_unreal1	param:tlsf/round_robin_arbiter_unreal/parametric/round_robin_arbiter_unreal1.tlsf:n=3,u=8	exact	n,u	"{""n"": 3, ""u"": 8}"	3	3	Mealy	Mealy	c87513801f06ab80e7b2c4815f18c01403a053280f629594fb1facd031a7515f	UNREALIZABLE	60.72837516501022	UNREALIZABLE	64.04305665899301	TIMEOUT		TIMEOUT		stable-unrealizable	
round_robin_arbiter_unreal1_pb_3_9_pe_.ltl	param:tlsf/round_robin_arbiter_unreal/parametric/round_robin_arbiter_unreal1.tlsf	round_robin_arbiter_unreal1	param:tlsf/round_robin_arbiter_unreal/parametric/round_robin_arbiter_unreal1.tlsf:n=3,u=9	exact	n,u	"{""n"": 3, ""u"": 9}"	3	3	Mealy	Mealy	f93a14bd30a961a59a1a647c511c05543b5b8b32babe183be613e12995fedfa3	TIMEOUT		MEMOUT		TIMEOUT		TIMEOUT		stable-unsolved	
round_robin_arbiter_unreal1_pb_4_10_pe_.ltl	param:tlsf/round_robin_arbiter_unreal/parametric/round_robin_arbiter_unreal1.tlsf	round_robin_arbiter_unreal1	param:tlsf/round_robin_arbiter_unreal/parametric/round_robin_arbiter_unreal1.tlsf:n=4,u=10	exact	n,u	"{""n"": 4, ""u"": 10}"	4	4	Mealy	Mealy	42a870f2d7b624a6a7ddceedaceeb63a88ac659affcbb70454708d080ec0f8b9	TIMEOUT		MEMOUT		TIMEOUT		TIMEOUT		stable-unsolved	
round_robin_arbiter_unreal1_pb_4_11_pe_.ltl	param:tlsf/round_robin_arbiter_unreal/parametric/round_robin_arbiter_unreal1.tlsf	round_robin_arbiter_unreal1	param:tlsf/round_robin_arbiter_unreal/parametric/round_robin_arbiter_unreal1.tlsf:n=4,u=11	exact	n,u	"{""n"": 4, ""u"": 11}"	4	4	Mealy	Mealy	349e63aba9d03250ff9dd2f12e1afa6cf87bff14cd3ed3ac814078e744d34650	TIMEOUT		MEMOUT		TIMEOUT		TIMEOUT		stable-unsolved	
round_robin_arbiter_unreal1_pb_4_12_pe_.ltl	param:tlsf/round_robin_arbiter_unreal/parametric/round_robin_arbiter_unreal1.tlsf	round_robin_arbiter_unreal1	param:tlsf/round_robin_arbiter_unreal/parametric/round_robin_arbiter_unreal1.tlsf:n=4,u=12	exact	n,u	"{""n"": 4, ""u"": 12}"	4	4	Mealy	Mealy	e7c0ee7bfc5576d28291f7d753e7219ba41a341c06df087e97a74c0f017a0feb	TIMEOUT		MEMOUT		TIMEOUT		TIMEOUT		stable-unsolved	
round_robin_arbiter_unreal1_pb_4_13_pe_.ltl	param:tlsf/round_robin_arbiter_unreal/parametric/round_robin_arbiter_unreal1.tlsf	round_robin_arbiter_unreal1	param:tlsf/round_robin_arbiter_unreal/parametric/round_robin_arbiter_unreal1.tlsf:n=4,u=13	exact	n,u	"{""n"": 4, ""u"": 13}"	4	4	Mealy	Mealy	a8db73225108719df3007e84c1f26933f3c1cd6cfa82c7ba2a629e2f91366cba	TIMEOUT		MEMOUT		TIMEOUT		TIMEOUT		stable-unsolved	
round_robin_arbiter_unreal1_pb_4_14_pe_.ltl	param:tlsf/round_robin_arbiter_unreal/parametric/round_robin_arbiter_unreal1.tlsf	round_robin_arbiter_unreal1	param:tlsf/round_robin_arbiter_unreal/parametric/round_robin_arbiter_unreal1.tlsf:n=4,u=14	exact	n,u	"{""n"": 4, ""u"": 14}"	4	4	Mealy	Mealy	783dc5afe619140766e57bf3dffb7fd4b0445e02ef37c14ca0ee4820bd6e968e	TIMEOUT		MEMOUT		TIMEOUT		TIMEOUT		stable-unsolved	
round_robin_arbiter_unreal1_pb_4_15_pe_.ltl	param:tlsf/round_robin_arbiter_unreal/parametric/round_robin_arbiter_unreal1.tlsf	round_robin_arbiter_unreal1	param:tlsf/round_robin_arbiter_unreal/parametric/round_robin_arbiter_unreal1.tlsf:n=4,u=15	exact	n,u	"{""n"": 4, ""u"": 15}"	4	4	Mealy	Mealy	82cbe078469f7bffaf28b47f566cde5574a7f86f4e1addbb12789617f8bad2ec	TIMEOUT		MEMOUT		TIMEOUT		TIMEOUT		stable-unsolved	
round_robin_arbiter_unreal1_pb_4_1_pe_.ltl	param:tlsf/round_robin_arbiter_unreal/parametric/round_robin_arbiter_unreal1.tlsf	round_robin_arbiter_unreal1	param:tlsf/round_robin_arbiter_unreal/parametric/round_robin_arbiter_unreal1.tlsf:n=4,u=1	exact	n,u	"{""n"": 4, ""u"": 1}"	4	4	Mealy	Mealy	8ee30bb8d3a9d5280851c3d97b359d3b11247ce3ec2924e4de1ed5377698a139	UNREALIZABLE	0.032090907989186235	UNREALIZABLE	0.04175438500533346	UNREALIZABLE	0.04010810001636855	UNREALIZABLE	0.034686922997934744	stable-unrealizable	
round_robin_arbiter_unreal1_pb_4_2_pe_.ltl	param:tlsf/round_robin_arbiter_unreal/parametric/round_robin_arbiter_unreal1.tlsf	round_robin_arbiter_unreal1	param:tlsf/round_robin_arbiter_unreal/parametric/round_robin_arbiter_unreal1.tlsf:n=4,u=2	exact	n,u	"{""n"": 4, ""u"": 2}"	4	4	Mealy	Mealy	d71114cab6f565f66087aa84d2c31ae1d77c3e318729d442179424082afb8774	UNREALIZABLE	0.08433958499881555	UNREALIZABLE	0.07122333400184289	UNREALIZABLE	0.0808503610023763	UNREALIZABLE	0.08743107598274946	stable-unrealizable	
round_robin_arbiter_unreal1_pb_4_3_pe_.ltl	param:tlsf/round_robin_arbiter_unreal/parametric/round_robin_arbiter_unreal1.tlsf	round_robin_arbiter_unreal1	param:tlsf/round_robin_arbiter_unreal/parametric/round_robin_arbiter_unreal1.tlsf:n=4,u=3	exact	n,u	"{""n"": 4, ""u"": 3}"	4	4	Mealy	Mealy	8ebef951a7e914abde8ec37f711a9cc15e7841a792eeaeee80816a4a1724490b	UNREALIZABLE	0.17807226800141507	UNREALIZABLE	0.16845511900100973	UNREALIZABLE	0.16741593199549243	UNREALIZABLE	0.16720309300580993	stable-unrealizable	
round_robin_arbiter_unreal1_pb_4_4_pe_.ltl	param:tlsf/round_robin_arbiter_unreal/parametric/round_robin_arbiter_unreal1.tlsf	round_robin_arbiter_unreal1	param:tlsf/round_robin_arbiter_unreal/parametric/round_robin_arbiter_unreal1.tlsf:n=4,u=4	exact	n,u	"{""n"": 4, ""u"": 4}"	4	4	Mealy	Mealy	73e258ebf79b1a269d4038b106f00ebc2dd9de7f7e62752d189df1105514f1b4	UNREALIZABLE	1.9313964239991037	UNREALIZABLE	1.706942306998826	UNREALIZABLE	1.6618092730059288	UNREALIZABLE	1.696206769993296	stable-unrealizable	
round_robin_arbiter_unreal1_pb_4_5_pe_.ltl	param:tlsf/round_robin_arbiter_unreal/parametric/round_robin_arbiter_unreal1.tlsf	round_robin_arbiter_unreal1	param:tlsf/round_robin_arbiter_unreal/parametric/round_robin_arbiter_unreal1.tlsf:n=4,u=5	exact	n,u	"{""n"": 4, ""u"": 5}"	4	4	Mealy	Mealy	71efb7843e68f0bffc62195b57d4ce777278abb8689795a2b2fdf8063b591ffc	UNREALIZABLE	41.566639820999626	UNREALIZABLE	42.35529511800087	TIMEOUT		TIMEOUT		stable-unrealizable	
round_robin_arbiter_unreal1_pb_4_6_pe_.ltl	param:tlsf/round_robin_arbiter_unreal/parametric/round_robin_arbiter_unreal1.tlsf	round_robin_arbiter_unreal1	param:tlsf/round_robin_arbiter_unreal/parametric/round_robin_arbiter_unreal1.tlsf:n=4,u=6	exact	n,u	"{""n"": 4, ""u"": 6}"	4	4	Mealy	Mealy	4d61f4d1d0db4b938f827b3605ccea2f05cb55a7eb3ee646d96c692c2b387040	TIMEOUT		MEMOUT		TIMEOUT		TIMEOUT		stable-unsolved	
round_robin_arbiter_unreal1_pb_4_7_pe_.ltl	param:tlsf/round_robin_arbiter_unreal/parametric/round_robin_arbiter_unreal1.tlsf	round_robin_arbiter_unreal1	param:tlsf/round_robin_arbiter_unreal/parametric/round_robin_arbiter_unreal1.tlsf:n=4,u=7	exact	n,u	"{""n"": 4, ""u"": 7}"	4	4	Mealy	Mealy	37b058a916b92e46a5a0086d36e2d8b71784c52d2cdb898f39c99cb0e32b0a7e	TIMEOUT		MEMOUT		TIMEOUT		TIMEOUT		stable-unsolved	
round_robin_arbiter_unreal1_pb_4_8_pe_.ltl	param:tlsf/round_robin_arbiter_unreal/parametric/round_robin_arbiter_unreal1.tlsf	round_robin_arbiter_unreal1	param:tlsf/round_robin_arbiter_unreal/parametric/round_robin_arbiter_unreal1.tlsf:n=4,u=8	exact	n,u	"{""n"": 4, ""u"": 8}"	4	4	Mealy	Mealy	7dd3fc6b542d6d21a435b914c4a75cf06094be300b234c46dbc6afd431d635a2	TIMEOUT		MEMOUT		TIMEOUT		TIMEOUT		stable-unsolved	
round_robin_arbiter_unreal1_pb_4_9_pe_.ltl	param:tlsf/round_robin_arbiter_unreal/parametric/round_robin_arbiter_unreal1.tlsf	round_robin_arbiter_unreal1	param:tlsf/round_robin_arbiter_unreal/parametric/round_robin_arbiter_unreal1.tlsf:n=4,u=9	exact	n,u	"{""n"": 4, ""u"": 9}"	4	4	Mealy	Mealy	fc0ab88e5397170b11559532574553cd5a58b80302f26238a70f3632c3c7b0ad	TIMEOUT		MEMOUT		TIMEOUT		TIMEOUT		stable-unsolved	
round_robin_arbiter_unreal2_pb_2_pe_.ltl	param:tlsf/round_robin_arbiter_unreal/parametric/round_robin_arbiter_unreal2.tlsf	round_robin_arbiter_unreal2	param:tlsf/round_robin_arbiter_unreal/parametric/round_robin_arbiter_unreal2.tlsf:n=2	exact	n	"{""n"": 2}"	2	2	Mealy	Mealy	1d2efe4a482915c316c761b9fbbf2128e38defdcbb9de3b7a2e494b32953f16d	UNREALIZABLE	0.026993928993761074	UNREALIZABLE	0.030159674999595154	UNREALIZABLE	0.027153666014783084	UNREALIZABLE	0.03217806198517792	stable-unrealizable	
round_robin_arbiter_unreal2_pb_3_pe_.ltl	param:tlsf/round_robin_arbiter_unreal/parametric/round_robin_arbiter_unreal2.tlsf	round_robin_arbiter_unreal2	param:tlsf/round_robin_arbiter_unreal/parametric/round_robin_arbiter_unreal2.tlsf:n=3	exact	n	"{""n"": 3}"	3	3	Mealy	Mealy	71588f323b2b31357525710759d0420cdb6d137d17e4b3e16116c91606b7f577	UNREALIZABLE	0.04947443900164217	UNREALIZABLE	0.04987691199858091	UNREALIZABLE	0.04556797901750542	UNREALIZABLE	0.035319004993652925	stable-unrealizable	
round_robin_arbiter_unreal2_pb_4_pe_.ltl	param:tlsf/round_robin_arbiter_unreal/parametric/round_robin_arbiter_unreal2.tlsf	round_robin_arbiter_unreal2	param:tlsf/round_robin_arbiter_unreal/parametric/round_robin_arbiter_unreal2.tlsf:n=4	exact	n	"{""n"": 4}"	4	4	Mealy	Mealy	2d4939672260cd86a72cd6d16551ecd1d8eccea5a2b91011047f3183f62fad66	UNREALIZABLE	0.49932729700230993	UNREALIZABLE	0.5031222889956553	UNREALIZABLE	0.5210324130021036	UNREALIZABLE	0.48679127800278366	stable-unrealizable	
round_robin_arbiter_unreal2_pb_5_pe_.ltl	param:tlsf/round_robin_arbiter_unreal/parametric/round_robin_arbiter_unreal2.tlsf	round_robin_arbiter_unreal2	param:tlsf/round_robin_arbiter_unreal/parametric/round_robin_arbiter_unreal2.tlsf:n=5	exact	n	"{""n"": 5}"	5	5	Mealy	Mealy	889039f65db9237d8f0d0b65ab85aeb542762feebb0af7cbe27eb067888c83fd	TIMEOUT		TIMEOUT		TIMEOUT		TIMEOUT		stable-unsolved	
round_robin_arbiter_unreal2_pb_6_pe_.ltl	param:tlsf/round_robin_arbiter_unreal/parametric/round_robin_arbiter_unreal2.tlsf	round_robin_arbiter_unreal2	param:tlsf/round_robin_arbiter_unreal/parametric/round_robin_arbiter_unreal2.tlsf:n=6	exact	n	"{""n"": 6}"	6	6	Mealy	Mealy	78320905f3a0a41b6548a1d9788f232b177009e214dcdfeefc29f48c91e4610d	TIMEOUT		TIMEOUT		TIMEOUT		TIMEOUT		stable-unsolved	
round_robin_arbiter_unreal2_pb_7_pe_.ltl	param:tlsf/round_robin_arbiter_unreal/parametric/round_robin_arbiter_unreal2.tlsf	round_robin_arbiter_unreal2	param:tlsf/round_robin_arbiter_unreal/parametric/round_robin_arbiter_unreal2.tlsf:n=7	exact	n	"{""n"": 7}"	7	7	Mealy	Mealy	7686a86013e7f485ab6c1fa7398376428993bea08640ffb805497adf054abb72	TIMEOUT		TIMEOUT		TIMEOUT		TIMEOUT		stable-unsolved	
rw_arbiter_pb_1_pe_.ltl	param:tlsf/arbiters_zoo/parametric/rw_arbiter.tlsf	rw_arbiter	param:tlsf/arbiters_zoo/parametric/rw_arbiter.tlsf:n=1	exact	n	"{""n"": 1}"	2	2	Mealy	Mealy	cefa1f5a8f8b96a54f55fac3861cd27b9c4a2807da441b2701b5871c1ba6ca67	REALIZABLE	0.033597970999835525	REALIZABLE	0.030332932001329027	REALIZABLE	0.03016460800427012	REALIZABLE	0.03390061898971908	stable-realizable	
rw_arbiter_pb_2_pe_.ltl	param:tlsf/arbiters_zoo/parametric/rw_arbiter.tlsf	rw_arbiter	param:tlsf/arbiters_zoo/parametric/rw_arbiter.tlsf:n=2	exact	n	"{""n"": 2}"	4	4	Mealy	Mealy	bb468728d92ecf3cf3585244f3df58c4755066a50c5ccbb4707b1ac4c1ed93df	REALIZABLE	0.037672675998692284	REALIZABLE	0.024289794999276637	REALIZABLE	0.03101284400327131	REALIZABLE	0.03957599599380046	stable-realizable	
rw_arbiter_pb_3_pe_.ltl	param:tlsf/arbiters_zoo/parametric/rw_arbiter.tlsf	rw_arbiter	param:tlsf/arbiters_zoo/parametric/rw_arbiter.tlsf:n=3	exact	n	"{""n"": 3}"	6	6	Mealy	Mealy	7b3ba1d980f9b7e3746d22d51ba95e8a282baca3a366fa5f6de9912dd2ea93bc	REALIZABLE	0.7286695319999126	REALIZABLE	0.7637336759999016	REALIZABLE	0.7669684019929264	REALIZABLE	0.7588241820049006	stable-realizable	
rw_arbiter_pb_4_pe_.ltl	param:tlsf/arbiters_zoo/parametric/rw_arbiter.tlsf	rw_arbiter	param:tlsf/arbiters_zoo/parametric/rw_arbiter.tlsf:n=4	exact	n	"{""n"": 4}"	8	8	Mealy	Mealy	43e9932662478df52c437e2cb821d701a0890a9b3b300e57e6c1a6e5ee95aee0	TIMEOUT		TIMEOUT		TIMEOUT		TIMEOUT		stable-unsolved	
rw_arbiter_pb_5_pe_.ltl	param:tlsf/arbiters_zoo/parametric/rw_arbiter.tlsf	rw_arbiter	param:tlsf/arbiters_zoo/parametric/rw_arbiter.tlsf:n=5	exact	n	"{""n"": 5}"	10	10	Mealy	Mealy	7e5c5838bb6677e61c1b1f5982276ba18983b3703778ad5c9f78394f735f8dd4	TIMEOUT		TIMEOUT		TIMEOUT		TIMEOUT		stable-unsolved	
scheduler-real.ltl	direct:tlsf/sweap:scheduler-real	scheduler-real	direct:tlsf/sweap/scheduler-real.tlsf	none		{}	21	1	Mealy	Mealy	739b21c6a1ad7e6d0850e99bc09b30667cdd273a7655232fb9bebe235d86e17d	MEMOUT		MEMOUT		TIMEOUT		TIMEOUT		stable-unsolved	
shift_pb_100_pe_.ltl	param:tlsf/shift/parametric/shift.tlsf	shift	param:tlsf/shift/parametric/shift.tlsf:n=100	exact	n	"{""n"": 100}"	100	100	Mealy	Mealy	bf29ffe6240d6b802f3044ef8877b39a3e2943cacf870348a3441aa4e41f37f2	REALIZABLE	0.024016521012526937	REALIZABLE	0.027303351991577074	REALIZABLE	0.02965056200628169	REALIZABLE	0.03179260398610495	stable-realizable	
shift_pb_10_pe_.ltl	param:tlsf/shift/parametric/shift.tlsf	shift	param:tlsf/shift/parametric/shift.tlsf:n=10	exact	n	"{""n"": 10}"	10	10	Mealy	Mealy	1991b99b7e8be353996de835497a15ac2efcf60239378fd36f21b32a210f8f6d	REALIZABLE	0.015268782997736707	REALIZABLE	0.024359141003515106	REALIZABLE	0.028829784016124904	REALIZABLE	0.030928986991057172	stable-realizable	
shift_pb_125_pe_.ltl	param:tlsf/shift/parametric/shift.tlsf	shift	param:tlsf/shift/parametric/shift.tlsf:n=125	exact	n	"{""n"": 125}"	125	125	Mealy	Mealy	937e3b9a6432de9a28a796e619682627027789c5d90283f4a078d0b7b2e80683	REALIZABLE	0.024045248996117152	REALIZABLE	0.026084447003086098	REALIZABLE	0.018843857978936285	REALIZABLE	0.024480738007696345	stable-realizable	
shift_pb_12_pe_.ltl	param:tlsf/shift/parametric/shift.tlsf	shift	param:tlsf/shift/parametric/shift.tlsf:n=12	exact	n	"{""n"": 12}"	12	12	Mealy	Mealy	5b2344f5c2f5447b02c3552b28e0b11c815fa145f6206af7cf7c72285e8dc662	REALIZABLE	0.0326110800015158	REALIZABLE	0.025744341997778974	REALIZABLE	0.034745751006994396	REALIZABLE	0.03697277401806787	stable-realizable	
shift_pb_132_pe_.ltl	param:tlsf/shift/parametric/shift.tlsf	shift	param:tlsf/shift/parametric/shift.tlsf:n=132	exact	n	"{""n"": 132}"	132	132	Mealy	Mealy	b6a18a17eecd278a59a99c0e3d5704877502b0286c3676702c94ef3e33d7aaa2	REALIZABLE	0.036419787000340875	REALIZABLE	0.04365990400037845	REALIZABLE	0.04216020699823275	REALIZABLE	0.033707862021401525	stable-realizable	
shift_pb_16_pe_.ltl	param:tlsf/shift/parametric/shift.tlsf	shift	param:tlsf/shift/parametric/shift.tlsf:n=16	exact	n	"{""n"": 16}"	16	16	Mealy	Mealy	d6084c641eea00942034736101c2237e386c7c3ea32a7b237756b03a3c6b70ed	REALIZABLE	0.031623398999727215	REALIZABLE	0.021222387000307208	REALIZABLE	0.028540022001834586	REALIZABLE	0.019140494987368584	stable-realizable	
shift_pb_250_pe_.ltl	param:tlsf/shift/parametric/shift.tlsf	shift	param:tlsf/shift/parametric/shift.tlsf:n=250	exact	n	"{""n"": 250}"	250	250	Mealy	Mealy	026cbbb796442fc1dda8ddcae88fba654fe3301df0a199a03c09a0b78943217d	REALIZABLE	0.03313867200631648	REALIZABLE	0.02097241899900837	REALIZABLE	0.04037789101130329	REALIZABLE	0.046216297982027754	stable-realizable	
shift_pb_32_pe_.ltl	param:tlsf/shift/parametric/shift.tlsf	shift	param:tlsf/shift/parametric/shift.tlsf:n=32	exact	n	"{""n"": 32}"	32	32	Mealy	Mealy	13cd0a791474348a66311b0bfb6a4c1f959e5f1fb9b6915ca8d1c410c16e3a2b	REALIZABLE	0.02713873199536465	REALIZABLE	0.03419658899656497	REALIZABLE	0.015471465972950682	REALIZABLE	0.0350771950033959	stable-realizable	
shift_pb_500_pe_.ltl	param:tlsf/shift/parametric/shift.tlsf	shift	param:tlsf/shift/parametric/shift.tlsf:n=500	exact	n	"{""n"": 500}"	500	500	Mealy	Mealy	758ed0601a41bb151aeb1bdd4214f21191ff06519f1c3c4a6e97f825847ba033	REALIZABLE	0.05129823400056921	REALIZABLE	0.03201260000059847	REALIZABLE	0.049202398979105055	REALIZABLE	0.053016663005109876	stable-realizable	
shift_pb_64_pe_.ltl	param:tlsf/shift/parametric/shift.tlsf	shift	param:tlsf/shift/parametric/shift.tlsf:n=64	exact	n	"{""n"": 64}"	64	64	Mealy	Mealy	a38036bf69fcce7172398e0315aaf6c3692297d514128ab6bf4ba64538dca3a3	REALIZABLE	0.018518218999815872	REALIZABLE	0.0216162209999311	REALIZABLE	0.03843973798211664	REALIZABLE	0.01712616201257333	stable-realizable	
shift_pb_8_pe_.ltl	param:tlsf/shift/parametric/shift.tlsf	shift	param:tlsf/shift/parametric/shift.tlsf:n=8	exact	n	"{""n"": 8}"	8	8	Mealy	Mealy	4ca66da9be7596361cd6bc1c63d003aa45dbf4d591f67f5e4e9bef1bd36735aa	REALIZABLE	0.017647734995989595	REALIZABLE	0.03474941199965542	REALIZABLE	0.027298746979795396	REALIZABLE	0.03392759698908776	stable-realizable	
simple_arbiter_enc_pb_10_pe_.ltl	param:tlsf/simple_arbiter_log/parametric/simple_arbiter_enc.tlsf	simple_arbiter_enc	param:tlsf/simple_arbiter_log/parametric/simple_arbiter_enc.tlsf:n=10	exact	n	"{""n"": 10}"	4	4	Mealy	Mealy	187cde948cc0d88d0c1d2162c4f8b4179b1790f45f7122f8b2bfc42bed8195dd	MEMOUT		MEMOUT		TIMEOUT		TIMEOUT		stable-unsolved	
simple_arbiter_enc_pb_11_pe_.ltl	param:tlsf/simple_arbiter_log/parametric/simple_arbiter_enc.tlsf	simple_arbiter_enc	param:tlsf/simple_arbiter_log/parametric/simple_arbiter_enc.tlsf:n=11	exact	n	"{""n"": 11}"	4	4	Mealy	Mealy	777f868835c095caf5696bdd7c5a0cc0155e6be735991f4d424594e0cfc11c50	MEMOUT		MEMOUT		TIMEOUT		TIMEOUT		stable-unsolved	
simple_arbiter_enc_pb_12_pe_.ltl	param:tlsf/simple_arbiter_log/parametric/simple_arbiter_enc.tlsf	simple_arbiter_enc	param:tlsf/simple_arbiter_log/parametric/simple_arbiter_enc.tlsf:n=12	exact	n	"{""n"": 12}"	4	4	Mealy	Mealy	f97956493f3c613619512bbd072c7bc466da2ffef24b34aee4562c6b7772bf64	TIMEOUT		TIMEOUT		TIMEOUT		TIMEOUT		stable-unsolved	
simple_arbiter_enc_pb_13_pe_.ltl	param:tlsf/simple_arbiter_log/parametric/simple_arbiter_enc.tlsf	simple_arbiter_enc	param:tlsf/simple_arbiter_log/parametric/simple_arbiter_enc.tlsf:n=13	exact	n	"{""n"": 13}"	4	4	Mealy	Mealy	724ebc52cfcc9e4cc5a90c19f6ab58443dc0c5581bafcfb1939e6e4c3f3a9613	TIMEOUT		TIMEOUT		TIMEOUT		TIMEOUT		stable-unsolved	
simple_arbiter_enc_pb_14_pe_.ltl	param:tlsf/simple_arbiter_log/parametric/simple_arbiter_enc.tlsf	simple_arbiter_enc	param:tlsf/simple_arbiter_log/parametric/simple_arbiter_enc.tlsf:n=14	exact	n	"{""n"": 14}"	4	4	Mealy	Mealy	1dbc22839e0905a061757acdce07cf5fb0b39d3f4c54fac08b0201f4a91cb523	TIMEOUT		TIMEOUT		TIMEOUT		TIMEOUT		stable-unsolved	
simple_arbiter_enc_pb_15_pe_.ltl	param:tlsf/simple_arbiter_log/parametric/simple_arbiter_enc.tlsf	simple_arbiter_enc	param:tlsf/simple_arbiter_log/parametric/simple_arbiter_enc.tlsf:n=15	exact	n	"{""n"": 15}"	4	4	Mealy	Mealy	8ace5e8d8ad7e2b00b93c5d68dbef2a18ea2e25606eb9b221558716b1b05fd37	TIMEOUT		TIMEOUT		TIMEOUT		TIMEOUT		stable-unsolved	
simple_arbiter_enc_pb_16_pe_.ltl	param:tlsf/simple_arbiter_log/parametric/simple_arbiter_enc.tlsf	simple_arbiter_enc	param:tlsf/simple_arbiter_log/parametric/simple_arbiter_enc.tlsf:n=16	exact	n	"{""n"": 16}"	4	5	Mealy	Mealy	6c8b004e1a67425ae54e9da0472c75540c14a7adf2632427637361f330b5c287	TIMEOUT		TIMEOUT		TIMEOUT		TIMEOUT		stable-unsolved	
simple_arbiter_enc_pb_32_pe_.ltl	param:tlsf/simple_arbiter_log/parametric/simple_arbiter_enc.tlsf	simple_arbiter_enc	param:tlsf/simple_arbiter_log/parametric/simple_arbiter_enc.tlsf:n=32	exact	n	"{""n"": 32}"	5	6	Mealy	Mealy	1d01bb0f368a9be95e551ee6812f6d90330acba44ac3df994e79bf77cbbf427a	TIMEOUT		TIMEOUT		TIMEOUT		TIMEOUT		stable-unsolved	
simple_arbiter_enc_pb_8_pe_.ltl	param:tlsf/simple_arbiter_log/parametric/simple_arbiter_enc.tlsf	simple_arbiter_enc	param:tlsf/simple_arbiter_log/parametric/simple_arbiter_enc.tlsf:n=8	exact	n	"{""n"": 8}"	3	4	Mealy	Mealy	3d021a6d438d6799990675ca64c49cef848c6c69d688b504c8429de2077fa415	MEMOUT		MEMOUT		TIMEOUT		TIMEOUT		stable-unsolved	
simple_arbiter_unreal1_pb_16_1_pe_.ltl	param:tlsf/simple_arbiter_unreal/parametric/simple_arbiter_unreal1.tlsf	simple_arbiter_unreal1	param:tlsf/simple_arbiter_unreal/parametric/simple_arbiter_unreal1.tlsf:n=16,u=1	exact	n,u	"{""n"": 16, ""u"": 1}"	16	16	Mealy	Mealy	b7bf0657294547f997fc16a166e033a5cb5a0a82c04881853a7f0787e3cdcd55	UNREALIZABLE	0.02893569699881482	UNREALIZABLE	0.017587517000720254	UNREALIZABLE	0.023264452000148594	UNREALIZABLE	0.02658271399559453	stable-unrealizable	
simple_arbiter_unreal1_pb_16_2_pe_.ltl	param:tlsf/simple_arbiter_unreal/parametric/simple_arbiter_unreal1.tlsf	simple_arbiter_unreal1	param:tlsf/simple_arbiter_unreal/parametric/simple_arbiter_unreal1.tlsf:n=16,u=2	exact	n,u	"{""n"": 16, ""u"": 2}"	16	16	Mealy	Mealy	c35f0b155fe843e5ad9349a65eb6473323477486aec6ca4df9f0b6f4a93e3c3e	UNREALIZABLE	0.03340703499998199	UNREALIZABLE	0.033397167004295625	UNREALIZABLE	0.02727436402346939	UNREALIZABLE	0.030903909995686263	stable-unrealizable	
simple_arbiter_unreal1_pb_16_3_pe_.ltl	param:tlsf/simple_arbiter_unreal/parametric/simple_arbiter_unreal1.tlsf	simple_arbiter_unreal1	param:tlsf/simple_arbiter_unreal/parametric/simple_arbiter_unreal1.tlsf:n=16,u=3	exact	n,u	"{""n"": 16, ""u"": 3}"	16	16	Mealy	Mealy	6170e2b5f5e126fca05288f2633cc86f1a642abfea8074c0460b13bcc0681661	UNREALIZABLE	0.01760861900038435	UNREALIZABLE	0.017717839000397362	UNREALIZABLE	0.017672429006779566	UNREALIZABLE	0.020097334985621274	stable-unrealizable	
simple_arbiter_unreal1_pb_16_4_pe_.ltl	param:tlsf/simple_arbiter_unreal/parametric/simple_arbiter_unreal1.tlsf	simple_arbiter_unreal1	param:tlsf/simple_arbiter_unreal/parametric/simple_arbiter_unreal1.tlsf:n=16,u=4	exact	n,u	"{""n"": 16, ""u"": 4}"	16	16	Mealy	Mealy	c6dac6c4ebd65f66d72bc41d6390672fec7a4e5dd84a0a926a4fef1321c554b1	UNREALIZABLE	0.017962248999538133	UNREALIZABLE	0.037446469999849796	UNREALIZABLE	0.03773306298535317	UNREALIZABLE	0.017821384011767805	stable-unrealizable	
simple_arbiter_unreal1_pb_16_5_pe_.ltl	param:tlsf/simple_arbiter_unreal/parametric/simple_arbiter_unreal1.tlsf	simple_arbiter_unreal1	param:tlsf/simple_arbiter_unreal/parametric/simple_arbiter_unreal1.tlsf:n=16,u=5	exact	n,u	"{""n"": 16, ""u"": 5}"	16	16	Mealy	Mealy	884259dfcbda03dfd367999f3614588e3c64dbba76d3fcea7383f0241011a126	UNREALIZABLE	0.025966309000068577	UNREALIZABLE	0.029618276003020583	UNREALIZABLE	0.03380040099727921	UNREALIZABLE	0.03260269601014443	stable-unrealizable	
simple_arbiter_unreal1_pb_2_10_pe_.ltl	param:tlsf/simple_arbiter_unreal/parametric/simple_arbiter_unreal1.tlsf	simple_arbiter_unreal1	param:tlsf/simple_arbiter_unreal/parametric/simple_arbiter_unreal1.tlsf:n=2,u=10	exact	n,u	"{""n"": 2, ""u"": 10}"	2	2	Mealy	Mealy	af76920b2681381c206e83370ffb648fe5c2d1ff6c4643ae2de39c11a286122b	UNREALIZABLE	0.029942020002636127	UNREALIZABLE	0.025782404001802206	UNREALIZABLE	0.0163710170018021	UNREALIZABLE	0.02501112999743782	stable-unrealizable	
simple_arbiter_unreal1_pb_2_12_pe_.ltl	param:tlsf/simple_arbiter_unreal/parametric/simple_arbiter_unreal1.tlsf	simple_arbiter_unreal1	param:tlsf/simple_arbiter_unreal/parametric/simple_arbiter_unreal1.tlsf:n=2,u=12	exact	n,u	"{""n"": 2, ""u"": 12}"	2	2	Mealy	Mealy	58d197df9afeaf1e9a91735befa64ba607266feb1d4620dd3e2bdb6405734b45	UNREALIZABLE	0.02061413900082698	UNREALIZABLE	0.031225978000293253	UNREALIZABLE	0.029929790005553514	UNREALIZABLE	0.0152151919901371	stable-unrealizable	
simple_arbiter_unreal1_pb_2_1_pe_.ltl	param:tlsf/simple_arbiter_unreal/parametric/simple_arbiter_unreal1.tlsf	simple_arbiter_unreal1	param:tlsf/simple_arbiter_unreal/parametric/simple_arbiter_unreal1.tlsf:n=2,u=1	exact	n,u	"{""n"": 2, ""u"": 1}"	2	2	Mealy	Mealy	6208e31175ea850b26eff3f465d230c4755190f4e8822c5cdc4bce55b74bf5c0	UNREALIZABLE	0.03318363299695193	UNREALIZABLE	0.02819381299923407	UNREALIZABLE	0.026538697973592207	UNREALIZABLE	0.028513716999441385	stable-unrealizable	
simple_arbiter_unreal1_pb_2_2_pe_.ltl	param:tlsf/simple_arbiter_unreal/parametric/simple_arbiter_unreal1.tlsf	simple_arbiter_unreal1	param:tlsf/simple_arbiter_unreal/parametric/simple_arbiter_unreal1.tlsf:n=2,u=2	exact	n,u	"{""n"": 2, ""u"": 2}"	2	2	Mealy	Mealy	9e717d424db1807fcdb5ff45c5915ecac3cd4e521249b27646ee082a8bf748d9	UNREALIZABLE	0.02623255900107324	UNREALIZABLE	0.02987612399738282	UNREALIZABLE	0.03167195100104436	UNREALIZABLE	0.033862374984892085	stable-unrealizable	
simple_arbiter_unreal1_pb_2_3_pe_.ltl	param:tlsf/simple_arbiter_unreal/parametric/simple_arbiter_unreal1.tlsf	simple_arbiter_unreal1	param:tlsf/simple_arbiter_unreal/parametric/simple_arbiter_unreal1.tlsf:n=2,u=3	exact	n,u	"{""n"": 2, ""u"": 3}"	2	2	Mealy	Mealy	b3f02a47416d02d4483d7fa2572bd5bfddc1e39310f27af5a11d91aeaa740ac5	UNREALIZABLE	0.02434761100448668	UNREALIZABLE	0.019813648003037088	UNREALIZABLE	0.020730004005599767	UNREALIZABLE	0.01868046697927639	stable-unrealizable	
simple_arbiter_unreal1_pb_2_4_pe_.ltl	param:tlsf/simple_arbiter_unreal/parametric/simple_arbiter_unreal1.tlsf	simple_arbiter_unreal1	param:tlsf/simple_arbiter_unreal/parametric/simple_arbiter_unreal1.tlsf:n=2,u=4	exact	n,u	"{""n"": 2, ""u"": 4}"	2	2	Mealy	Mealy	50306b1c640545b84832a6c77a0521606233026c581c64a8cf05022e2c911789	UNREALIZABLE	0.022237188000872266	UNREALIZABLE	0.0325965280062519	UNREALIZABLE	0.02347574499435723	UNREALIZABLE	0.020659317000536248	stable-unrealizable	
simple_arbiter_unreal1_pb_2_5_pe_.ltl	param:tlsf/simple_arbiter_unreal/parametric/simple_arbiter_unreal1.tlsf	simple_arbiter_unreal1	param:tlsf/simple_arbiter_unreal/parametric/simple_arbiter_unreal1.tlsf:n=2,u=5	exact	n,u	"{""n"": 2, ""u"": 5}"	2	2	Mealy	Mealy	a9c5a46585af64a9262d925cf9019b520ad78b08ee8e3eb53586be46fea1111b	UNREALIZABLE	0.029885294003179297	UNREALIZABLE	0.030503779998980463	UNREALIZABLE	0.03440073397359811	UNREALIZABLE	0.03470876900246367	stable-unrealizable	
simple_arbiter_unreal1_pb_2_6_pe_.ltl	param:tlsf/simple_arbiter_unreal/parametric/simple_arbiter_unreal1.tlsf	simple_arbiter_unreal1	param:tlsf/simple_arbiter_unreal/parametric/simple_arbiter_unreal1.tlsf:n=2,u=6	exact	n,u	"{""n"": 2, ""u"": 6}"	2	2	Mealy	Mealy	126523e75a0015449898a9505c0398844cd9b80377022f32a2e9c5a207e42e86	UNREALIZABLE	0.01615512900025351	UNREALIZABLE	0.028651514996454353	UNREALIZABLE	0.035337823996087536	UNREALIZABLE	0.020574311027303338	stable-unrealizable	
simple_arbiter_unreal1_pb_2_7_pe_.ltl	param:tlsf/simple_arbiter_unreal/parametric/simple_arbiter_unreal1.tlsf	simple_arbiter_unreal1	param:tlsf/simple_arbiter_unreal/parametric/simple_arbiter_unreal1.tlsf:n=2,u=7	exact	n,u	"{""n"": 2, ""u"": 7}"	2	2	Mealy	Mealy	07fa5c0998f04a0b42919483f1db4ae4f47001f13724fca2e1c61d101d2c0b3c	UNREALIZABLE	0.02747380599976168	UNREALIZABLE	0.017651357000431744	UNREALIZABLE	0.030693804001202807	UNREALIZABLE	0.028517344006104395	stable-unrealizable	
simple_arbiter_unreal1_pb_2_8_pe_.ltl	param:tlsf/simple_arbiter_unreal/parametric/simple_arbiter_unreal1.tlsf	simple_arbiter_unreal1	param:tlsf/simple_arbiter_unreal/parametric/simple_arbiter_unreal1.tlsf:n=2,u=8	exact	n,u	"{""n"": 2, ""u"": 8}"	2	2	Mealy	Mealy	89e6e0b730538d0b58d32737a92a472343381c40fc100be3fe1775492c32c6b6	UNREALIZABLE	0.03179846100101713	UNREALIZABLE	0.03402851599821588	UNREALIZABLE	0.031228724983520806	UNREALIZABLE	0.03328790600062348	stable-unrealizable	
simple_arbiter_unreal1_pb_2_9_pe_.ltl	param:tlsf/simple_arbiter_unreal/parametric/simple_arbiter_unreal1.tlsf	simple_arbiter_unreal1	param:tlsf/simple_arbiter_unreal/parametric/simple_arbiter_unreal1.tlsf:n=2,u=9	exact	n,u	"{""n"": 2, ""u"": 9}"	2	2	Mealy	Mealy	00f94fe6c27ef30facc12d7af40c58bdfefd1f36b8691c16f956e0da9fbdf939	UNREALIZABLE	0.032933858994510956	UNREALIZABLE	0.015760422000312246	UNREALIZABLE	0.033533223991980776	UNREALIZABLE	0.03877732501132414	stable-unrealizable	
simple_arbiter_unreal1_pb_3_11_pe_.ltl	param:tlsf/simple_arbiter_unreal/parametric/simple_arbiter_unreal1.tlsf	simple_arbiter_unreal1	param:tlsf/simple_arbiter_unreal/parametric/simple_arbiter_unreal1.tlsf:n=3,u=11	exact	n,u	"{""n"": 3, ""u"": 11}"	3	3	Mealy	Mealy	1617373213752331e1f6f3f8433b275728d8a273371db09f04442a11f011f384	UNREALIZABLE	0.028811652009608224	UNREALIZABLE	0.029178500990383327	UNREALIZABLE	0.01880287000676617	UNREALIZABLE	0.03488206199835986	stable-unrealizable	
simple_arbiter_unreal1_pb_3_1_pe_.ltl	param:tlsf/simple_arbiter_unreal/parametric/simple_arbiter_unreal1.tlsf	simple_arbiter_unreal1	param:tlsf/simple_arbiter_unreal/parametric/simple_arbiter_unreal1.tlsf:n=3,u=1	exact	n,u	"{""n"": 3, ""u"": 1}"	3	3	Mealy	Mealy	6f957a7bde483b146eb11d8e3f5dadde1f03f63c334ef8668297d6c2c04d2715	UNREALIZABLE	0.028925319002155447	UNREALIZABLE	0.015230259999952978	UNREALIZABLE	0.03383051700075157	UNREALIZABLE	0.03424834899487905	stable-unrealizable	
simple_arbiter_unreal1_pb_3_2_pe_.ltl	param:tlsf/simple_arbiter_unreal/parametric/simple_arbiter_unreal1.tlsf	simple_arbiter_unreal1	param:tlsf/simple_arbiter_unreal/parametric/simple_arbiter_unreal1.tlsf:n=3,u=2	exact	n,u	"{""n"": 3, ""u"": 2}"	3	3	Mealy	Mealy	79221709fbdbc0463a633f0dd217758a0bbb87eafaefdabffd78d70febcac9cd	UNREALIZABLE	0.03303415400296217	UNREALIZABLE	0.027768926000135252	UNREALIZABLE	0.028984388016397133	UNREALIZABLE	0.03706541800056584	stable-unrealizable	
simple_arbiter_unreal1_pb_3_3_pe_.ltl	param:tlsf/simple_arbiter_unreal/parametric/simple_arbiter_unreal1.tlsf	simple_arbiter_unreal1	param:tlsf/simple_arbiter_unreal/parametric/simple_arbiter_unreal1.tlsf:n=3,u=3	exact	n,u	"{""n"": 3, ""u"": 3}"	3	3	Mealy	Mealy	2d356e5cf6647879afb96be19d96fd7ebba540d4b637dc25477edecbf86de9ab	UNREALIZABLE	0.034969599000760354	UNREALIZABLE	0.029703401000006124	UNREALIZABLE	0.03335903398692608	UNREALIZABLE	0.03219561098376289	stable-unrealizable	
simple_arbiter_unreal1_pb_3_4_pe_.ltl	param:tlsf/simple_arbiter_unreal/parametric/simple_arbiter_unreal1.tlsf	simple_arbiter_unreal1	param:tlsf/simple_arbiter_unreal/parametric/simple_arbiter_unreal1.tlsf:n=3,u=4	exact	n,u	"{""n"": 3, ""u"": 4}"	3	3	Mealy	Mealy	36aa32a5a5f31de016f3b2b9ea4ab5db57ca2689edf45f57ec5b8cd46149b066	UNREALIZABLE	0.033085458002460655	UNREALIZABLE	0.0174585799977649	UNREALIZABLE	0.03112902498105541	UNREALIZABLE	0.021495658991625533	stable-unrealizable	
simple_arbiter_unreal1_pb_3_5_pe_.ltl	param:tlsf/simple_arbiter_unreal/parametric/simple_arbiter_unreal1.tlsf	simple_arbiter_unreal1	param:tlsf/simple_arbiter_unreal/parametric/simple_arbiter_unreal1.tlsf:n=3,u=5	exact	n,u	"{""n"": 3, ""u"": 5}"	3	3	Mealy	Mealy	1c9ee31591108501e39a663d8619e8cdcebffd754b1d3a65dfffa0589e14f720	UNREALIZABLE	0.024998722001328133	UNREALIZABLE	0.018929966987343505	UNREALIZABLE	0.01778820899198763	UNREALIZABLE	0.02802852902095765	stable-unrealizable	
simple_arbiter_unreal1_pb_3_6_pe_.ltl	param:tlsf/simple_arbiter_unreal/parametric/simple_arbiter_unreal1.tlsf	simple_arbiter_unreal1	param:tlsf/simple_arbiter_unreal/parametric/simple_arbiter_unreal1.tlsf:n=3,u=6	exact	n,u	"{""n"": 3, ""u"": 6}"	3	3	Mealy	Mealy	83aa3f28c35ffa0e22df2c915894fe79c377b8880ac103bbb23b61b5a20e603b	UNREALIZABLE	0.02786240400018869	UNREALIZABLE	0.0244478069980687	UNREALIZABLE	0.03656665998278186	UNREALIZABLE	0.03072884801076725	stable-unrealizable	
simple_arbiter_unreal1_pb_3_7_pe_.ltl	param:tlsf/simple_arbiter_unreal/parametric/simple_arbiter_unreal1.tlsf	simple_arbiter_unreal1	param:tlsf/simple_arbiter_unreal/parametric/simple_arbiter_unreal1.tlsf:n=3,u=7	exact	n,u	"{""n"": 3, ""u"": 7}"	3	3	Mealy	Mealy	75eff4bcac2a5a0ef0c0e16c2b1d680718007eb22933474e31c0dd0ec84e223c	UNREALIZABLE	0.03604979499505134	UNREALIZABLE	0.016101215995149687	UNREALIZABLE	0.02666466700611636	UNREALIZABLE	0.01664118599728681	stable-unrealizable	
simple_arbiter_unreal1_pb_3_8_pe_.ltl	param:tlsf/simple_arbiter_unreal/parametric/simple_arbiter_unreal1.tlsf	simple_arbiter_unreal1	param:tlsf/simple_arbiter_unreal/parametric/simple_arbiter_unreal1.tlsf:n=3,u=8	exact	n,u	"{""n"": 3, ""u"": 8}"	3	3	Mealy	Mealy	f7d0125eec175e61a15c8a785e079d37412f572af608ce2980dbf35894a53eb2	UNREALIZABLE	0.030856315000164614	UNREALIZABLE	0.020445789999939734	UNREALIZABLE	0.030741556984139606	UNREALIZABLE	0.019476237008348107	stable-unrealizable	
simple_arbiter_unreal1_pb_3_9_pe_.ltl	param:tlsf/simple_arbiter_unreal/parametric/simple_arbiter_unreal1.tlsf	simple_arbiter_unreal1	param:tlsf/simple_arbiter_unreal/parametric/simple_arbiter_unreal1.tlsf:n=3,u=9	exact	n,u	"{""n"": 3, ""u"": 9}"	3	3	Mealy	Mealy	7e246cee06c8bbcd6eb02bbd4c26412626c4fcb14d966da567baca8845d8cfec	UNREALIZABLE	0.03363343799719587	UNREALIZABLE	0.04201022000052035	UNREALIZABLE	0.03096039599040523	UNREALIZABLE	0.02561494501424022	stable-unrealizable	
simple_arbiter_unreal1_pb_4_10_pe_.ltl	param:tlsf/simple_arbiter_unreal/parametric/simple_arbiter_unreal1.tlsf	simple_arbiter_unreal1	param:tlsf/simple_arbiter_unreal/parametric/simple_arbiter_unreal1.tlsf:n=4,u=10	exact	n,u	"{""n"": 4, ""u"": 10}"	4	4	Mealy	Mealy	11e373bf1cc70dae6bfad667cdd89f268518b4f68456244aab0cfb6c10acc02e	UNREALIZABLE	0.03593105899926741	UNREALIZABLE	0.026030594999610912	UNREALIZABLE	0.028633107984205708	UNREALIZABLE	0.017636444012168795	stable-unrealizable	
simple_arbiter_unreal1_pb_4_12_pe_.ltl	param:tlsf/simple_arbiter_unreal/parametric/simple_arbiter_unreal1.tlsf	simple_arbiter_unreal1	param:tlsf/simple_arbiter_unreal/parametric/simple_arbiter_unreal1.tlsf:n=4,u=12	exact	n,u	"{""n"": 4, ""u"": 12}"	4	4	Mealy	Mealy	a6bf87df180bf5d68e2c5971bd30ac0d667095ccd8d02f28f183a8f8e392c9fa	UNREALIZABLE	0.02543779299594462	UNREALIZABLE	0.029126275003363844	UNREALIZABLE	0.03564699899288826	UNREALIZABLE	0.0321618820016738	stable-unrealizable	
simple_arbiter_unreal1_pb_4_1_pe_.ltl	param:tlsf/simple_arbiter_unreal/parametric/simple_arbiter_unreal1.tlsf	simple_arbiter_unreal1	param:tlsf/simple_arbiter_unreal/parametric/simple_arbiter_unreal1.tlsf:n=4,u=1	exact	n,u	"{""n"": 4, ""u"": 1}"	4	4	Mealy	Mealy	6cae1a1c7f7e360be8809ef53ee7d47c721504faac08b141d6aa01149927cee8	UNREALIZABLE	0.02812480600186973	UNREALIZABLE	0.02174076499977673	UNREALIZABLE	0.02995069298776798	UNREALIZABLE	0.030577716999687254	stable-unrealizable	
simple_arbiter_unreal1_pb_4_2_pe_.ltl	param:tlsf/simple_arbiter_unreal/parametric/simple_arbiter_unreal1.tlsf	simple_arbiter_unreal1	param:tlsf/simple_arbiter_unreal/parametric/simple_arbiter_unreal1.tlsf:n=4,u=2	exact	n,u	"{""n"": 4, ""u"": 2}"	4	4	Mealy	Mealy	69258b8bed57beb74ea7faac39ebe6edf578ad221a0e890a3c9b4babe59e832b	UNREALIZABLE	0.03370466899650637	UNREALIZABLE	0.03535208500397857	UNREALIZABLE	0.03230095497565344	UNREALIZABLE	0.033846580976387486	stable-unrealizable	
simple_arbiter_unreal1_pb_4_3_pe_.ltl	param:tlsf/simple_arbiter_unreal/parametric/simple_arbiter_unreal1.tlsf	simple_arbiter_unreal1	param:tlsf/simple_arbiter_unreal/parametric/simple_arbiter_unreal1.tlsf:n=4,u=3	exact	n,u	"{""n"": 4, ""u"": 3}"	4	4	Mealy	Mealy	df62bd3157e0c28b5f317f6eae620de8d182202b91dc613976f2c970b1b01fe8	UNREALIZABLE	0.0182406189996982	UNREALIZABLE	0.029566974997578654	UNREALIZABLE	0.016059810004662722	UNREALIZABLE	0.020495779026532546	stable-unrealizable	
simple_arbiter_unreal1_pb_4_4_pe_.ltl	param:tlsf/simple_arbiter_unreal/parametric/simple_arbiter_unreal1.tlsf	simple_arbiter_unreal1	param:tlsf/simple_arbiter_unreal/parametric/simple_arbiter_unreal1.tlsf:n=4,u=4	exact	n,u	"{""n"": 4, ""u"": 4}"	4	4	Mealy	Mealy	03231918453625104bcce8991f741d1851b188d1d80864da545fbe49f086c4ac	UNREALIZABLE	0.021691662999728578	UNREALIZABLE	0.035652835000291816	UNREALIZABLE	0.02534817802370526	UNREALIZABLE	0.015636981988791376	stable-unrealizable	
simple_arbiter_unreal1_pb_4_5_pe_.ltl	param:tlsf/simple_arbiter_unreal/parametric/simple_arbiter_unreal1.tlsf	simple_arbiter_unreal1	param:tlsf/simple_arbiter_unreal/parametric/simple_arbiter_unreal1.tlsf:n=4,u=5	exact	n,u	"{""n"": 4, ""u"": 5}"	4	4	Mealy	Mealy	dbd9ef67fa10cdff1728487032e46261fe4c42169c5b72b14753b915804fb912	UNREALIZABLE	0.022921133000636473	UNREALIZABLE	0.02678870000090683	UNREALIZABLE	0.021729224012233317	UNREALIZABLE	0.019671382004162297	stable-unrealizable	
simple_arbiter_unreal1_pb_4_6_pe_.ltl	param:tlsf/simple_arbiter_unreal/parametric/simple_arbiter_unreal1.tlsf	simple_arbiter_unreal1	param:tlsf/simple_arbiter_unreal/parametric/simple_arbiter_unreal1.tlsf:n=4,u=6	exact	n,u	"{""n"": 4, ""u"": 6}"	4	4	Mealy	Mealy	e7e18471635ef1f67fb0f499f06e100faf73ecd9f7ca947040321a32095474a7	UNREALIZABLE	0.030920332996174693	UNREALIZABLE	0.02957394400436897	UNREALIZABLE	0.030654203990707174	UNREALIZABLE	0.0356819829903543	stable-unrealizable	
simple_arbiter_unreal1_pb_4_7_pe_.ltl	param:tlsf/simple_arbiter_unreal/parametric/simple_arbiter_unreal1.tlsf	simple_arbiter_unreal1	param:tlsf/simple_arbiter_unreal/parametric/simple_arbiter_unreal1.tlsf:n=4,u=7	exact	n,u	"{""n"": 4, ""u"": 7}"	4	4	Mealy	Mealy	8014a52dc2dcae93c9f67e669a34059d4353f3370f8a7ab89c0afbe2a79902c1	UNREALIZABLE	0.03472163900005398	UNREALIZABLE	0.02711724699838669	UNREALIZABLE	0.030323010025313124	UNREALIZABLE	0.03258688599453308	stable-unrealizable	
simple_arbiter_unreal1_pb_4_8_pe_.ltl	param:tlsf/simple_arbiter_unreal/parametric/simple_arbiter_unreal1.tlsf	simple_arbiter_unreal1	param:tlsf/simple_arbiter_unreal/parametric/simple_arbiter_unreal1.tlsf:n=4,u=8	exact	n,u	"{""n"": 4, ""u"": 8}"	4	4	Mealy	Mealy	73827d952e7a0e37047274bc4ca4e53c24711e3c6f123de2b7b712f1a7cd064b	UNREALIZABLE	0.028522997003165074	UNREALIZABLE	0.027700778999133036	UNREALIZABLE	0.027505345991812646	UNREALIZABLE	0.030563298001652583	stable-unrealizable	
simple_arbiter_unreal1_pb_4_9_pe_.ltl	param:tlsf/simple_arbiter_unreal/parametric/simple_arbiter_unreal1.tlsf	simple_arbiter_unreal1	param:tlsf/simple_arbiter_unreal/parametric/simple_arbiter_unreal1.tlsf:n=4,u=9	exact	n,u	"{""n"": 4, ""u"": 9}"	4	4	Mealy	Mealy	0858e2242726b28eb748d3bc3d4bd09557c509b5226ad050db7cd02a77f0cfd6	UNREALIZABLE	0.020266408995667007	UNREALIZABLE	0.018966919000376947	UNREALIZABLE	0.03600814699893817	UNREALIZABLE	0.016041849012253806	stable-unrealizable	
simple_arbiter_unreal1_pb_5_10_pe_.ltl	param:tlsf/simple_arbiter_unreal/parametric/simple_arbiter_unreal1.tlsf	simple_arbiter_unreal1	param:tlsf/simple_arbiter_unreal/parametric/simple_arbiter_unreal1.tlsf:n=5,u=10	exact	n,u	"{""n"": 5, ""u"": 10}"	5	5	Mealy	Mealy	f116d3ea4c84718a32d0356f1ddab16edc797006498335040864c986bf558bd1	UNREALIZABLE	0.02465990600467194	UNREALIZABLE	0.03790190200379584	UNREALIZABLE	0.017308727983618155	UNREALIZABLE	0.017167027021059766	stable-unrealizable	
simple_arbiter_unreal1_pb_5_1_pe_.ltl	param:tlsf/simple_arbiter_unreal/parametric/simple_arbiter_unreal1.tlsf	simple_arbiter_unreal1	param:tlsf/simple_arbiter_unreal/parametric/simple_arbiter_unreal1.tlsf:n=5,u=1	exact	n,u	"{""n"": 5, ""u"": 1}"	5	5	Mealy	Mealy	6d9d8ab42a234c4a766d8112a2a3f1f0dcfc9d1c6ec0168f8f661cac3398ef68	UNREALIZABLE	0.02055080400168663	UNREALIZABLE	0.03503567400184693	UNREALIZABLE	0.016530141001567245	UNREALIZABLE	0.016893909021746367	stable-unrealizable	
simple_arbiter_unreal1_pb_5_2_pe_.ltl	param:tlsf/simple_arbiter_unreal/parametric/simple_arbiter_unreal1.tlsf	simple_arbiter_unreal1	param:tlsf/simple_arbiter_unreal/parametric/simple_arbiter_unreal1.tlsf:n=5,u=2	exact	n,u	"{""n"": 5, ""u"": 2}"	5	5	Mealy	Mealy	9c3994507f195d185a34b4c26ea49515d411974720ae0ea5729c7c16ec9cd7c3	UNREALIZABLE	0.031119503000809345	UNREALIZABLE	0.019622726002126	UNREALIZABLE	0.030828160000965	UNREALIZABLE	0.0223503690212965	stable-unrealizable	
simple_arbiter_unreal1_pb_5_3_pe_.ltl	param:tlsf/simple_arbiter_unreal/parametric/simple_arbiter_unreal1.tlsf	simple_arbiter_unreal1	param:tlsf/simple_arbiter_unreal/parametric/simple_arbiter_unreal1.tlsf:n=5,u=3	exact	n,u	"{""n"": 5, ""u"": 3}"	5	5	Mealy	Mealy	bd2ae5b415af7aa755bd02f02b03b1bc6afdf80c6f132b6a9b1c465ad3c77387	UNREALIZABLE	0.014963259993237443	UNREALIZABLE	0.03651624300255207	UNREALIZABLE	0.02059152800939046	UNREALIZABLE	0.022225926019018516	stable-unrealizable	
simple_arbiter_unreal1_pb_5_4_pe_.ltl	param:tlsf/simple_arbiter_unreal/parametric/simple_arbiter_unreal1.tlsf	simple_arbiter_unreal1	param:tlsf/simple_arbiter_unreal/parametric/simple_arbiter_unreal1.tlsf:n=5,u=4	exact	n,u	"{""n"": 5, ""u"": 4}"	5	5	Mealy	Mealy	082e0f033db24cfcd1688c84bcdc4180f1543c9fdca069841617841a20e3e954	UNREALIZABLE	0.043725327002903214	UNREALIZABLE	0.03680932199858944	UNREALIZABLE	0.028809142007958144	UNREALIZABLE	0.027586781012360007	stable-unrealizable	
simple_arbiter_unreal1_pb_5_5_pe_.ltl	param:tlsf/simple_arbiter_unreal/parametric/simple_arbiter_unreal1.tlsf	simple_arbiter_unreal1	param:tlsf/simple_arbiter_unreal/parametric/simple_arbiter_unreal1.tlsf:n=5,u=5	exact	n,u	"{""n"": 5, ""u"": 5}"	5	5	Mealy	Mealy	5a91778eada45238f005a460176db33381178b0c60a509696282a766711e7a0e	UNREALIZABLE	0.033121127999038436	UNREALIZABLE	0.01784723499804386	UNREALIZABLE	0.03209526598220691	UNREALIZABLE	0.03814724899712019	stable-unrealizable	
simple_arbiter_unreal1_pb_5_6_pe_.ltl	param:tlsf/simple_arbiter_unreal/parametric/simple_arbiter_unreal1.tlsf	simple_arbiter_unreal1	param:tlsf/simple_arbiter_unreal/parametric/simple_arbiter_unreal1.tlsf:n=5,u=6	exact	n,u	"{""n"": 5, ""u"": 6}"	5	5	Mealy	Mealy	3e658866cd8e0bf3ebea1a9d923c1aed3c60999bebc9032fdefd108db3cddfbe	UNREALIZABLE	0.021573124002316035	UNREALIZABLE	0.02720132599642966	UNREALIZABLE	0.03913022400229238	UNREALIZABLE	0.015469716978259385	stable-unrealizable	
simple_arbiter_unreal1_pb_5_7_pe_.ltl	param:tlsf/simple_arbiter_unreal/parametric/simple_arbiter_unreal1.tlsf	simple_arbiter_unreal1	param:tlsf/simple_arbiter_unreal/parametric/simple_arbiter_unreal1.tlsf:n=5,u=7	exact	n,u	"{""n"": 5, ""u"": 7}"	5	5	Mealy	Mealy	cbb7e8c704ffce1d41347fd1a8af34878dae21e194b934a1480f2dcf72612505	UNREALIZABLE	0.016863381999428384	UNREALIZABLE	0.03487643100015703	UNREALIZABLE	0.032379893003962934	UNREALIZABLE	0.019148329010931775	stable-unrealizable	
simple_arbiter_unreal1_pb_5_8_pe_.ltl	param:tlsf/simple_arbiter_unreal/parametric/simple_arbiter_unreal1.tlsf	simple_arbiter_unreal1	param:tlsf/simple_arbiter_unreal/parametric/simple_arbiter_unreal1.tlsf:n=5,u=8	exact	n,u	"{""n"": 5, ""u"": 8}"	5	5	Mealy	Mealy	1851a7875ea75ec035d0f9435ace3693dcf195acaf29fd5e19c25129a56636d5	UNREALIZABLE	0.030755044004763477	UNREALIZABLE	0.014655576000222936	UNREALIZABLE	0.017066625994630158	UNREALIZABLE	0.035816885996609926	stable-unrealizable	
simple_arbiter_unreal1_pb_5_9_pe_.ltl	param:tlsf/simple_arbiter_unreal/parametric/simple_arbiter_unreal1.tlsf	simple_arbiter_unreal1	param:tlsf/simple_arbiter_unreal/parametric/simple_arbiter_unreal1.tlsf:n=5,u=9	exact	n,u	"{""n"": 5, ""u"": 9}"	5	5	Mealy	Mealy	bc25534c3788fb34b9187c8bc80617b93270051c1f8f6337d856dbf35474fcc1	UNREALIZABLE	0.028110888997616712	UNREALIZABLE	0.03299416999652749	UNREALIZABLE	0.030972452979767695	UNREALIZABLE	0.033876859000883996	stable-unrealizable	
simple_arbiter_unreal1_pb_6_1_pe_.ltl	param:tlsf/simple_arbiter_unreal/parametric/simple_arbiter_unreal1.tlsf	simple_arbiter_unreal1	param:tlsf/simple_arbiter_unreal/parametric/simple_arbiter_unreal1.tlsf:n=6,u=1	exact	n,u	"{""n"": 6, ""u"": 1}"	6	6	Mealy	Mealy	b33a10529ad1195345029e112e41f2c8d2d6252c5068912dd495b2fc41a13e69	UNREALIZABLE	0.027992508999886923	UNREALIZABLE	0.02864444699662272	UNREALIZABLE	0.03240316599840298	UNREALIZABLE	0.036216117994626984	stable-unrealizable	
simple_arbiter_unreal1_pb_6_2_pe_.ltl	param:tlsf/simple_arbiter_unreal/parametric/simple_arbiter_unreal1.tlsf	simple_arbiter_unreal1	param:tlsf/simple_arbiter_unreal/parametric/simple_arbiter_unreal1.tlsf:n=6,u=2	exact	n,u	"{""n"": 6, ""u"": 2}"	6	6	Mealy	Mealy	89ad89f29e8f211d30299cfd427baf755eb93f49a5c37667c84e01cdb46947ad	UNREALIZABLE	0.015820294996956363	UNREALIZABLE	0.03241944099863758	UNREALIZABLE	0.015792113001225516	UNREALIZABLE	0.022169576986925676	stable-unrealizable	
simple_arbiter_unreal1_pb_6_3_pe_.ltl	param:tlsf/simple_arbiter_unreal/parametric/simple_arbiter_unreal1.tlsf	simple_arbiter_unreal1	param:tlsf/simple_arbiter_unreal/parametric/simple_arbiter_unreal1.tlsf:n=6,u=3	exact	n,u	"{""n"": 6, ""u"": 3}"	6	6	Mealy	Mealy	c370b7eb7d617452c20bfc59e4c24c2c8b6ef1ef8a456458b742172bb996aded	UNREALIZABLE	0.0220365569985006	UNREALIZABLE	0.018031669009360485	UNREALIZABLE	0.03410086900112219	UNREALIZABLE	0.035473842988722026	stable-unrealizable	
simple_arbiter_unreal1_pb_6_4_pe_.ltl	param:tlsf/simple_arbiter_unreal/parametric/simple_arbiter_unreal1.tlsf	simple_arbiter_unreal1	param:tlsf/simple_arbiter_unreal/parametric/simple_arbiter_unreal1.tlsf:n=6,u=4	exact	n,u	"{""n"": 6, ""u"": 4}"	6	6	Mealy	Mealy	062c942820bdc75d6dae63c8c6b599b1ead4e29694907b8a69c7493a089c5711	UNREALIZABLE	0.016505893998328247	UNREALIZABLE	0.032889029000216397	UNREALIZABLE	0.030525695998221636	UNREALIZABLE	0.020013446017401293	stable-unrealizable	
simple_arbiter_unreal1_pb_6_5_pe_.ltl	param:tlsf/simple_arbiter_unreal/parametric/simple_arbiter_unreal1.tlsf	simple_arbiter_unreal1	param:tlsf/simple_arbiter_unreal/parametric/simple_arbiter_unreal1.tlsf:n=6,u=5	exact	n,u	"{""n"": 6, ""u"": 5}"	6	6	Mealy	Mealy	c6bdf4d52a495b4cbec7214a6c3dad74ce3e0077d22e653b918feb9deae45e01	UNREALIZABLE	0.01514212700567441	UNREALIZABLE	0.02538195100351004	UNREALIZABLE	0.03216683299979195	UNREALIZABLE	0.015860062994761392	stable-unrealizable	
simple_arbiter_unreal1_pb_8_8_pe_.ltl	param:tlsf/simple_arbiter_unreal/parametric/simple_arbiter_unreal1.tlsf	simple_arbiter_unreal1	param:tlsf/simple_arbiter_unreal/parametric/simple_arbiter_unreal1.tlsf:n=8,u=8	exact	n,u	"{""n"": 8, ""u"": 8}"	8	8	Mealy	Mealy	dd6e4bc4f2d8e9ff1fcbee1919f25fc3dbb2a7d3140d5cb3e8078dfaf7666a13	UNREALIZABLE	0.02056185000401456	UNREALIZABLE	0.042117801000131294	UNREALIZABLE	0.015618719015037641	UNREALIZABLE	0.034119418007321656	stable-unrealizable	
simple_arbiter_unreal2_pb_10_pe_.ltl	param:tlsf/simple_arbiter_unreal/parametric/simple_arbiter_unreal2.tlsf	simple_arbiter_unreal2	param:tlsf/simple_arbiter_unreal/parametric/simple_arbiter_unreal2.tlsf:n=10	exact	n	"{""n"": 10}"	10	10	Mealy	Mealy	13dc63f092deffce329814eac3a675412e265557fa370874cd15cfe635760129	UNREALIZABLE	0.02367491100449115	UNREALIZABLE	0.02011853900330607	UNREALIZABLE	0.03649765902082436	UNREALIZABLE	0.029275056993355975	stable-unrealizable	
simple_arbiter_unreal2_pb_25_pe_.ltl	param:tlsf/simple_arbiter_unreal/parametric/simple_arbiter_unreal2.tlsf	simple_arbiter_unreal2	param:tlsf/simple_arbiter_unreal/parametric/simple_arbiter_unreal2.tlsf:n=25	exact	n	"{""n"": 25}"	25	25	Mealy	Mealy	ee4e88c2a1dc3493a61375e86752e645699ee0ef4e3bd419a85d68aef63d3345	UNREALIZABLE	0.04346689199883258	UNREALIZABLE	0.03610659100377234	UNREALIZABLE	0.03458775099716149	UNREALIZABLE	0.037553414003923535	stable-unrealizable	
simple_arbiter_unreal2_pb_2_pe_.ltl	param:tlsf/simple_arbiter_unreal/parametric/simple_arbiter_unreal2.tlsf	simple_arbiter_unreal2	param:tlsf/simple_arbiter_unreal/parametric/simple_arbiter_unreal2.tlsf:n=2	exact	n	"{""n"": 2}"	2	2	Mealy	Mealy	a97ff28b9538fa316fe38e82a9a025a85af4a9bbf58201bb62ea2d3fa096ae24	UNREALIZABLE	0.03150447100051679	UNREALIZABLE	0.03286229900550097	UNREALIZABLE	0.03128055200795643	UNREALIZABLE	0.03432681297999807	stable-unrealizable	
simple_arbiter_unreal2_pb_3_pe_.ltl	param:tlsf/simple_arbiter_unreal/parametric/simple_arbiter_unreal2.tlsf	simple_arbiter_unreal2	param:tlsf/simple_arbiter_unreal/parametric/simple_arbiter_unreal2.tlsf:n=3	exact	n	"{""n"": 3}"	3	3	Mealy	Mealy	264c99e85f9e43f595907c1d17576b5a10977755e745aba90b86fef10305d8ef	UNREALIZABLE	0.020423814001333085	UNREALIZABLE	0.03494524800044019	UNREALIZABLE	0.021652046008966863	UNREALIZABLE	0.017537762003485113	stable-unrealizable	
simple_arbiter_unreal2_pb_4_pe_.ltl	param:tlsf/simple_arbiter_unreal/parametric/simple_arbiter_unreal2.tlsf	simple_arbiter_unreal2	param:tlsf/simple_arbiter_unreal/parametric/simple_arbiter_unreal2.tlsf:n=4	exact	n	"{""n"": 4}"	4	4	Mealy	Mealy	de45b088a61244d22501ba3db6a291e448f161f317bcfb55ebc2841bc277dafd	UNREALIZABLE	0.030901348000043072	UNREALIZABLE	0.03735214399785036	UNREALIZABLE	0.033426874986616895	UNREALIZABLE	0.03582284599542618	stable-unrealizable	
simple_arbiter_unreal2_pb_50_pe_.ltl	param:tlsf/simple_arbiter_unreal/parametric/simple_arbiter_unreal2.tlsf	simple_arbiter_unreal2	param:tlsf/simple_arbiter_unreal/parametric/simple_arbiter_unreal2.tlsf:n=50	exact	n	"{""n"": 50}"	50	50	Mealy	Mealy	23ef06fea1810e9efb3356245597027e676b60e456147e240d435d4d6d99ba2a	UNREALIZABLE	0.04268414599937387	UNREALIZABLE	0.04720880000968464	UNREALIZABLE	0.05584391098818742	UNREALIZABLE	0.057605089008575305	stable-unrealizable	
simple_arbiter_unreal2_pb_5_pe_.ltl	param:tlsf/simple_arbiter_unreal/parametric/simple_arbiter_unreal2.tlsf	simple_arbiter_unreal2	param:tlsf/simple_arbiter_unreal/parametric/simple_arbiter_unreal2.tlsf:n=5	exact	n	"{""n"": 5}"	5	5	Mealy	Mealy	5dd68fa6f6e8c73c8da408dcb8403458319d007e301416cff1a6bbceaa2ecc68	UNREALIZABLE	0.024970665996079333	UNREALIZABLE	0.01967800200509373	UNREALIZABLE	0.03482865801197477	UNREALIZABLE	0.03266720499959774	stable-unrealizable	
simple_arbiter_unreal2_pb_60_pe_.ltl	param:tlsf/simple_arbiter_unreal/parametric/simple_arbiter_unreal2.tlsf	simple_arbiter_unreal2	param:tlsf/simple_arbiter_unreal/parametric/simple_arbiter_unreal2.tlsf:n=60	exact	n	"{""n"": 60}"	60	60	Mealy	Mealy	7f2a17dc48beeec8177f7cfec918cbdcbb8749cc2cd8b3c74efb594aaf248f88	UNREALIZABLE	0.049912636997760274	UNREALIZABLE	0.05488934200548101	UNREALIZABLE	0.03453088999958709	UNREALIZABLE	0.05523892701603472	stable-unrealizable	
simple_arbiter_unreal2_pb_6_pe_.ltl	param:tlsf/simple_arbiter_unreal/parametric/simple_arbiter_unreal2.tlsf	simple_arbiter_unreal2	param:tlsf/simple_arbiter_unreal/parametric/simple_arbiter_unreal2.tlsf:n=6	exact	n	"{""n"": 6}"	6	6	Mealy	Mealy	7bf6aaa6b1abf1dbd937be2fa496f70d6769d260d3ab1dd428228153226be263	UNREALIZABLE	0.038524938994669355	UNREALIZABLE	0.04074676099116914	UNREALIZABLE	0.028275043005123734	UNREALIZABLE	0.03008047101320699	stable-unrealizable	
simple_arbiter_unreal2_pb_75_pe_.ltl	param:tlsf/simple_arbiter_unreal/parametric/simple_arbiter_unreal2.tlsf	simple_arbiter_unreal2	param:tlsf/simple_arbiter_unreal/parametric/simple_arbiter_unreal2.tlsf:n=75	exact	n	"{""n"": 75}"	75	75	Mealy	Mealy	ac286ae38a17fa4dbbcea8944c2f89c2576814c5cfb5b89fc10987e1d3f2238a	UNREALIZABLE	0.0615289359993767	UNREALIZABLE	0.059455439004523214	UNREALIZABLE	0.055900489998748526	UNREALIZABLE	0.0620874100131914	stable-unrealizable	
simple_arbiter_unreal2_pb_7_pe_.ltl	param:tlsf/simple_arbiter_unreal/parametric/simple_arbiter_unreal2.tlsf	simple_arbiter_unreal2	param:tlsf/simple_arbiter_unreal/parametric/simple_arbiter_unreal2.tlsf:n=7	exact	n	"{""n"": 7}"	7	7	Mealy	Mealy	c5019ffe5ea1acb46044514b26bcd525f646a2017d47cc986e30c6c2b7e5159c	UNREALIZABLE	0.03436155300005339	UNREALIZABLE	0.030199481989257038	UNREALIZABLE	0.03695005099871196	UNREALIZABLE	0.03284025800530799	stable-unrealizable	
simple_arbiter_unreal2_pb_8_pe_.ltl	param:tlsf/simple_arbiter_unreal/parametric/simple_arbiter_unreal2.tlsf	simple_arbiter_unreal2	param:tlsf/simple_arbiter_unreal/parametric/simple_arbiter_unreal2.tlsf:n=8	exact	n	"{""n"": 8}"	8	8	Mealy	Mealy	99812d2653842cc24bbb7809832be42ff7b93d19e1956cdd97b1cb61d0a72892	UNREALIZABLE	0.014007149999088142	UNREALIZABLE	0.03539382699818816	UNREALIZABLE	0.026223239983664826	UNREALIZABLE	0.022111880010925233	stable-unrealizable	
simple_arbiter_with_hints_pb_10_pe_.ltl	param:tlsf/ltl_with_hints/parametric/simple_arbiter_with_hints.tlsf	simple_arbiter_with_hints	param:tlsf/ltl_with_hints/parametric/simple_arbiter_with_hints.tlsf:n=10	exact	n	"{""n"": 10}"	10	10	Mealy	Mealy	3dc35c8f9acd28565fab413c28f220a0a9e27114407f29f0a3d7405de709b5f2	TIMEOUT		TIMEOUT		TIMEOUT		TIMEOUT		stable-unsolved	
simple_arbiter_with_hints_pb_12_pe_.ltl	param:tlsf/ltl_with_hints/parametric/simple_arbiter_with_hints.tlsf	simple_arbiter_with_hints	param:tlsf/ltl_with_hints/parametric/simple_arbiter_with_hints.tlsf:n=12	exact	n	"{""n"": 12}"	12	12	Mealy	Mealy	1f6f48d9f3aa5159ad7dd95e816c7f9319a61603e234364467b97399cacbb61f	TIMEOUT		TIMEOUT		TIMEOUT		TIMEOUT		stable-unsolved	
simple_arbiter_with_hints_pb_15_pe_.ltl	param:tlsf/ltl_with_hints/parametric/simple_arbiter_with_hints.tlsf	simple_arbiter_with_hints	param:tlsf/ltl_with_hints/parametric/simple_arbiter_with_hints.tlsf:n=15	exact	n	"{""n"": 15}"	15	15	Mealy	Mealy	20f987ae31479612bbb925866631db00ed4a7a8fb9ebd92b07736ea09565acc0	TIMEOUT		TIMEOUT		TIMEOUT		TIMEOUT		stable-unsolved	
simple_arbiter_with_hints_pb_2_pe_.ltl	param:tlsf/ltl_with_hints/parametric/simple_arbiter_with_hints.tlsf	simple_arbiter_with_hints	param:tlsf/ltl_with_hints/parametric/simple_arbiter_with_hints.tlsf:n=2	exact	n	"{""n"": 2}"	2	2	Mealy	Mealy	aca80e7bef1ebea5974e8be9a735eba550c028d5c446e833faf404f31df7c682	REALIZABLE	0.03803339799924288	REALIZABLE	0.03683281300618546	REALIZABLE	0.03601788298692554	REALIZABLE	0.03515529300784692	stable-realizable	
simple_arbiter_with_hints_pb_4_pe_.ltl	param:tlsf/ltl_with_hints/parametric/simple_arbiter_with_hints.tlsf	simple_arbiter_with_hints	param:tlsf/ltl_with_hints/parametric/simple_arbiter_with_hints.tlsf:n=4	exact	n	"{""n"": 4}"	4	4	Mealy	Mealy	2608cdb397971c6c11557d0e45a7ac2b48699bf63b6c76f007449c4c90bab93e	REALIZABLE	0.04139211000074283	REALIZABLE	0.023326575999817578	REALIZABLE	0.02468905400019139	REALIZABLE	0.023401173995807767	stable-realizable	
simple_arbiter_with_hints_pb_6_pe_.ltl	param:tlsf/ltl_with_hints/parametric/simple_arbiter_with_hints.tlsf	simple_arbiter_with_hints	param:tlsf/ltl_with_hints/parametric/simple_arbiter_with_hints.tlsf:n=6	exact	n	"{""n"": 6}"	6	6	Mealy	Mealy	49755d8deda4cb4775db54811dbe81163f14917db853a434311f71f178798bf5	REALIZABLE	2.1667490840045502	REALIZABLE	1.9393967079959111	REALIZABLE	2.1042860849993303	REALIZABLE	1.9378957510052714	stable-realizable	
simple_arbiter_with_hints_pb_8_pe_.ltl	param:tlsf/ltl_with_hints/parametric/simple_arbiter_with_hints.tlsf	simple_arbiter_with_hints	param:tlsf/ltl_with_hints/parametric/simple_arbiter_with_hints.tlsf:n=8	exact	n	"{""n"": 8}"	8	8	Mealy	Mealy	1a65482a253c1051a6a58fa981e09bbf522b060cda3f5cf55e7e79beff271c1c	TIMEOUT		TIMEOUT		TIMEOUT		TIMEOUT		stable-unsolved	
solitary-real.ltl	direct:tlsf/sweap:solitary-real	solitary-real	direct:tlsf/sweap/solitary-real.tlsf	none		{}	6	2	Mealy	Mealy	d56791d549d087e940ed0fdf68e0d53e4fceac0f3483ac0114c1179adc453d65	REALIZABLE	0.04679590100568021	REALIZABLE	0.04672632200527005	REALIZABLE	0.045410098013235256	REALIZABLE	0.04603383000358008	stable-realizable	
solitary0.ltl	direct:tlsf/sweap:solitary	solitary	direct:tlsf/sweap/solitary0.tlsf	none		{}	5	2	Mealy	Mealy	0fa76be1895cdb7cb486c90b09dc4398641bfef974bba730e42d4979daee4990	UNREALIZABLE	0.04012348300602753	UNREALIZABLE	0.02173208599560894	UNREALIZABLE	0.0398508420039434	UNREALIZABLE	0.04235459701158106	stable-unrealizable	
sort4-real.ltl	direct:tlsf/sweap:sort4-real	sort4-real	direct:tlsf/sweap/sort4-real.tlsf	none		{}	21	2	Mealy	Mealy	4204123a99bc074c1ed399fb7b69f2fd4881b6c56f82bec89915885ae0170333	TIMEOUT		TIMEOUT		TIMEOUT		TIMEOUT		stable-unsolved	
sort40.ltl	direct:tlsf/sweap:sort	sort	direct:tlsf/sweap/sort40.tlsf	none		{}	14	2	Mealy	Mealy	1a0760325c20e0bf87a7279c50e380a0d3aa4576a5f3eada8f32c42886386268	UNREALIZABLE	0.20306285200058483	UNREALIZABLE	0.23336424899753183	UNREALIZABLE	0.19752992398571223	UNREALIZABLE	0.20053034499869682	stable-unrealizable	
sort41.ltl	direct:tlsf/sweap:sort	sort	direct:tlsf/sweap/sort41.tlsf	none		{}	15	2	Mealy	Mealy	26921b34290e50161926b0f3b5cbf35c2bf52b79bca982d560673f568bd5bed5	UNREALIZABLE	0.6403537629994389	UNREALIZABLE	0.6117786440008786	UNREALIZABLE	0.5760762379795779	UNREALIZABLE	0.5644287749892101	stable-unrealizable	
sort42.ltl	direct:tlsf/sweap:sort	sort	direct:tlsf/sweap/sort42.tlsf	none		{}	18	2	Mealy	Mealy	eeb9e707f90925ca81039549584989db5649c81e45833c88ea039bad8df06e49	UNREALIZABLE	15.238456955999936	UNREALIZABLE	13.659953348998897	UNREALIZABLE	14.07045643098536	UNREALIZABLE	13.843346289009787	stable-unrealizable	
sort50.ltl	direct:tlsf/sweap:sort	sort	direct:tlsf/sweap/sort50.tlsf	none		{}	17	3	Mealy	Mealy	4ce9d5ad6d177dd2d476f0bfd5fb0f4a2e22846722733bc73cbc2c44fddee63b	UNREALIZABLE	14.683781194999028	UNREALIZABLE	15.000474758002383	UNREALIZABLE	14.268659611989278	UNREALIZABLE	14.6100863640022	stable-unrealizable	
sort51.ltl	direct:tlsf/sweap:sort	sort	direct:tlsf/sweap/sort51.tlsf	none		{}	20	3	Mealy	Mealy	51d353ace64c3b0af26f04e72a249d96972fd86428a01957339ee3d694123f46	TIMEOUT		TIMEOUT		TIMEOUT		TIMEOUT		stable-unsolved	
sort52.ltl	direct:tlsf/sweap:sort	sort	direct:tlsf/sweap/sort52.tlsf	none		{}	23	3	Mealy	Mealy	b507c85ce596ededadfd375b05e60f1dace4dda71b7537478856b97c9207fb90	TIMEOUT		TIMEOUT		TIMEOUT		TIMEOUT		stable-unsolved	
sort53.ltl	direct:tlsf/sweap:sort	sort	direct:tlsf/sweap/sort53.tlsf	none		{}	26	3	Mealy	Mealy	ef3399288b58b722fb81a4401b2d477b160464f4d16adcf05be07de20b6e5a50	TIMEOUT		TIMEOUT		TIMEOUT		TIMEOUT		stable-unsolved	
square5x5-real.ltl	direct:tlsf/sweap:square5x5-real	square5x5-real	direct:tlsf/sweap/square5x5-real.tlsf	none		{}	15	4	Mealy	Mealy	33799bbe5e0d98193391e70e3343ffb66f23cb93af7898ab6ee20267d980c87a	TIMEOUT		MEMOUT		TIMEOUT		TIMEOUT		stable-unsolved	
square5x50.ltl	direct:tlsf/sweap:square5x	square5x	direct:tlsf/sweap/square5x50.tlsf	none		{}	13	4	Mealy	Mealy	a52370ab6063244e998d42ba55420acf4933f35dfbc83d92d90ad088e0fa6286	UNREALIZABLE	0.3020210699978634	UNREALIZABLE	0.30010584500269033	UNREALIZABLE	0.3085168889956549	UNREALIZABLE	0.2830755340110045	stable-unrealizable	
square5x51.ltl	direct:tlsf/sweap:square5x	square5x	direct:tlsf/sweap/square5x51.tlsf	none		{}	14	4	Mealy	Mealy	32640b80ae2227871691753fa2a86577054847bdaf8096c88f6adf6e0a2901b6	UNREALIZABLE	1.1189115759989363	UNREALIZABLE	1.140353201997641	UNREALIZABLE	1.1565038260014262	UNREALIZABLE	1.2343481540156063	stable-unrealizable	
square5x52.ltl	direct:tlsf/sweap:square5x	square5x	direct:tlsf/sweap/square5x52.tlsf	none		{}	14	4	Mealy	Mealy	8e194a1bf8696692260132a930a9122272e82e24e4ccc6a857b8a2aac34e9127	UNREALIZABLE	1.4379886700007773	UNREALIZABLE	1.3630734010002925	UNREALIZABLE	1.3502223130199127	UNREALIZABLE	1.4083976810215972	stable-unrealizable	
square5x53.ltl	direct:tlsf/sweap:square5x	square5x	direct:tlsf/sweap/square5x53.tlsf	none		{}	15	4	Mealy	Mealy	83d4caeb18766dcdebe2e95450e8ab1bfa3403f5e97854a9037caad003edaf35	UNREALIZABLE	4.909860492000007	UNREALIZABLE	5.378074746004131	UNREALIZABLE	5.233477517002029	UNREALIZABLE	5.026540310995188	stable-unrealizable	
square5x54.ltl	direct:tlsf/sweap:square5x	square5x	direct:tlsf/sweap/square5x54.tlsf	none		{}	15	4	Mealy	Mealy	22a5825ccd2f621559007bca1582257f1a1fb95daaabb0552e0f1add9e94e719	UNREALIZABLE	6.92589900099847	UNREALIZABLE	7.154182583006332	UNREALIZABLE	7.106521089008311	UNREALIZABLE	7.123794630984776	stable-unrealizable	
storage-GF-64-real.ltl	direct:tlsf/sweap:storage-GF-64-real	storage-GF-64-real	direct:tlsf/sweap/storage-GF-64-real.tlsf	none		{}	9	1	Mealy	Mealy	27e1263992b135a9c0c0b621a8237f942e8d1bf148f2fc6807c272657895aeb6	REALIZABLE	0.03333651499997359	REALIZABLE	0.02937635899434099	REALIZABLE	0.02557878999505192	REALIZABLE	0.03216570898075588	stable-realizable	
tasks-real.ltl	direct:tlsf/sweap:tasks-real	tasks-real	direct:tlsf/sweap/tasks-real.tlsf	none		{}	11	2	Mealy	Mealy	06a2359dbed12be0a6692a5975f30a3338eb74e84550f68108a64b49b2648509	REALIZABLE	0.06475768899690593	REALIZABLE	0.06279454700415954	REALIZABLE	0.07120412800577469	REALIZABLE	0.06548147898865864	stable-realizable	
tasks-unreal0.ltl	direct:tlsf/sweap:tasks-unreal	tasks-unreal	direct:tlsf/sweap/tasks-unreal0.tlsf	none		{}	12	5	Mealy	Mealy	414b85f00f85a1a6006500fbacbc5b6b200fc826b438c9a3f310fc62f3179850	UNREALIZABLE	46.14323012400018	UNREALIZABLE	47.68897407900113	TIMEOUT		TIMEOUT		stable-unrealizable	
tasks-unreal1.ltl	direct:tlsf/sweap:tasks-unreal	tasks-unreal	direct:tlsf/sweap/tasks-unreal1.tlsf	none		{}	13	5	Mealy	Mealy	f3dcdf44b4eed50cd1c009713ced11a4603e1982645cb13f9f19490183e73795	TIMEOUT		TIMEOUT		TIMEOUT		TIMEOUT		stable-unsolved	
tasks-unreal2.ltl	direct:tlsf/sweap:tasks-unreal	tasks-unreal	direct:tlsf/sweap/tasks-unreal2.tlsf	none		{}	13	5	Mealy	Mealy	b1b238cdfba8d66bc8616d5810917865a8b056c8da523c9b48db9557b486e5a4	TIMEOUT		TIMEOUT		TIMEOUT		TIMEOUT		stable-unsolved	
taxi-service-real.ltl	direct:tlsf/sweap:taxi-service-real	taxi-service-real	direct:tlsf/sweap/taxi-service-real.tlsf	none		{}	13	3	Mealy	Mealy	d0df9fe31a4d88f4739659ab4c149cc7db52121f724e6f9702fc5f17d5ecf64f	REALIZABLE	21.70636360700155	REALIZABLE	17.89924899899779	TIMEOUT		TIMEOUT		stable-realizable	
taxi-service-u-unreal.ltl	direct:tlsf/sweap:taxi-service-u-unreal	taxi-service-u-unreal	direct:tlsf/sweap/taxi-service-u-unreal.tlsf	none		{}	13	3	Mealy	Mealy	30a4243e1efae8b260fcc7de34b97b60f640ee3e823109b8896b8f4780544c10	UNREALIZABLE	0.06984584000019822	UNREALIZABLE	0.09387212300134706	UNREALIZABLE	0.09390422399155796	UNREALIZABLE	0.07827828000881709	stable-unrealizable	
test2_f2774e0b.ltl	direct:tlsf/tsl_smart_home_jarvis/extracted-benchmarks:test	test	direct:tlsf/tsl_smart_home_jarvis/extracted-benchmarks/test2_f2774e0b.tlsf	none		{}	4	16	Mealy	Mealy	a45a02bdbfe471fdf70aa3539c6cfd322e1240e35d63c200987ea1afb8ef8a12	REALIZABLE	0.020510932998149656	REALIZABLE	0.020131829995079897	REALIZABLE	0.030983942007878795	REALIZABLE	0.03640672599431127	stable-realizable	
test3_efe2feaf.ltl	direct:tlsf/tsl_smart_home_jarvis/extracted-benchmarks:test	test	direct:tlsf/tsl_smart_home_jarvis/extracted-benchmarks/test3_efe2feaf.tlsf	none		{}	4	16	Mealy	Mealy	22878dad90cb238dc94671cbd57d96951548156b43db8498a4dfe8d738204944	REALIZABLE	0.03137164700001449	REALIZABLE	0.019224622000365343	REALIZABLE	0.022080533002736047	REALIZABLE	0.034220245986944064	stable-realizable	
test4_4b82b1f4.ltl	direct:tlsf/tsl_smart_home_jarvis/extracted-benchmarks:test	test	direct:tlsf/tsl_smart_home_jarvis/extracted-benchmarks/test4_4b82b1f4.tlsf	none		{}	2	8	Mealy	Mealy	8d79b8d66f8620e46251334d79dd80f20dc6a9c48615ee9614a926105d190ebe	UNREALIZABLE	0.019597788006649353	UNREALIZABLE	0.026854427997022867	UNREALIZABLE	0.030666647013276815	UNREALIZABLE	0.015889906993834302	stable-unrealizable	
test5_6cbc6174.ltl	direct:tlsf/tsl_smart_home_jarvis/extracted-benchmarks:test	test	direct:tlsf/tsl_smart_home_jarvis/extracted-benchmarks/test5_6cbc6174.tlsf	none		{}	1	6	Mealy	Mealy	4a796b2d47584062edc78fc4f5d72dadca6b8152e73a7f30f9c0755a9feb1eac	REALIZABLE	0.023470367996196728	REALIZABLE	0.03208439599984558	REALIZABLE	0.030271238007117063	REALIZABLE	0.020882099983282387	stable-realizable	
test6_0f5381e9.ltl	direct:tlsf/tsl_smart_home_jarvis/extracted-benchmarks:test	test	direct:tlsf/tsl_smart_home_jarvis/extracted-benchmarks/test6_0f5381e9.tlsf	none		{}	1	8	Mealy	Mealy	53f6a88503ff11633c660d3b9571ba43d6a034273c3859b74d39eeca29740de6	REALIZABLE	0.01978840399897308	REALIZABLE	0.021594027000901406	REALIZABLE	0.017220170993823558	REALIZABLE	0.022387068020179868	stable-realizable	
test7_2c5b09da.ltl	direct:tlsf/tsl_smart_home_jarvis/extracted-benchmarks:test	test	direct:tlsf/tsl_smart_home_jarvis/extracted-benchmarks/test7_2c5b09da.tlsf	none		{}	2	6	Mealy	Mealy	080484575baab35e68b7003ad5f54a5097048085560bf5f36cd8a8b85b05da38	REALIZABLE	0.02499883499694988	REALIZABLE	0.043174619000637904	REALIZABLE	0.02714320199447684	REALIZABLE	0.03180702499230392	stable-realizable	
test8_88f351a6.ltl	direct:tlsf/tsl_smart_home_jarvis/extracted-benchmarks:test	test	direct:tlsf/tsl_smart_home_jarvis/extracted-benchmarks/test8_88f351a6.tlsf	none		{}	2	6	Mealy	Mealy	862ba65951276b712499b8a6ebb1212dc87dccdc0f7de812044b369260b996ff	UNREALIZABLE	0.03241238399641588	UNREALIZABLE	0.02943405500263907	UNREALIZABLE	0.03729250398464501	UNREALIZABLE	0.03457602098933421	stable-unrealizable	
test9_dd3a27e1.ltl	direct:tlsf/tsl_smart_home_jarvis/extracted-benchmarks:test	test	direct:tlsf/tsl_smart_home_jarvis/extracted-benchmarks/test9_dd3a27e1.tlsf	none		{}	3	6	Mealy	Mealy	f460d39ce7d7da39c2121dc4430161404c1c85fa6ec355e0477f5f273666f411	UNREALIZABLE	0.03166255999531131	UNREALIZABLE	0.041225601999030914	UNREALIZABLE	0.0338795589923393	UNREALIZABLE	0.035977050982182845	stable-unrealizable	
test_f3987563.ltl	direct:tlsf/tsl_smart_home_jarvis/extracted-benchmarks:test	test	direct:tlsf/tsl_smart_home_jarvis/extracted-benchmarks/test_f3987563.tlsf	none		{}	2	4	Mealy	Mealy	be9f0e9009cce721dd66b68b2792697d7a71c345195f0cd7c95f15256f35340b	REALIZABLE	0.017339834001177223	REALIZABLE	0.020229626999935135	REALIZABLE	0.0270785549946595	REALIZABLE	0.02269383499515243	stable-realizable	
thermostat-F-real.ltl	direct:tlsf/sweap:thermostat-F-real	thermostat-F-real	direct:tlsf/sweap/thermostat-F-real.tlsf	none		{}	14	1	Mealy	Mealy	7aba4a33b2df2004914c87dd817be02d85259dfbf10ee152f647bf17279ecd20	TIMEOUT		REALIZABLE	1.4683178609993774	TIMEOUT		REALIZABLE	1.498593266995158	s-solved-b-not	
thermostat-GF-real.ltl	direct:tlsf/sweap:thermostat-GF-real	thermostat-GF-real	direct:tlsf/sweap/thermostat-GF-real.tlsf	none		{}	14	4	Mealy	Mealy	4027f04c7c10578507f0858b4c79d75cecaff06e2c1e5809dc5fbb0417404bcb	TIMEOUT		REALIZABLE	46.17946383000162	TIMEOUT		TIMEOUT		s-solved-b-not	
thermostat-GF-unreal0.ltl	direct:tlsf/sweap:thermostat-GF-unreal	thermostat-GF-unreal	direct:tlsf/sweap/thermostat-GF-unreal0.tlsf	none		{}	14	4	Mealy	Mealy	df0fb222beb62fa10e493e59e6926a6afc7ff0bbd42b7a9adc06687b344b26b9	UNREALIZABLE	2.097140607000256	UNREALIZABLE	2.2144076310005403	UNREALIZABLE	2.014338068984216	UNREALIZABLE	2.1878107189841103	stable-unrealizable	
thermostat-GF-unreal1.ltl	direct:tlsf/sweap:thermostat-GF-unreal	thermostat-GF-unreal	direct:tlsf/sweap/thermostat-GF-unreal1.tlsf	none		{}	17	4	Mealy	Mealy	8f467cfb5f2b19aa5e19900db62b731fbc34c40717648d3bf1edce0eead27202	UNREALIZABLE	31.104558476999955	UNREALIZABLE	30.117501975000778	TIMEOUT		TIMEOUT		stable-unrealizable	
thermostat-GF-unreal2.ltl	direct:tlsf/sweap:thermostat-GF-unreal	thermostat-GF-unreal	direct:tlsf/sweap/thermostat-GF-unreal2.tlsf	none		{}	18	4	Mealy	Mealy	05158efb37968c3b27d33881a442463d06d81eb09778761fe2381c30beb514a2	TIMEOUT		TIMEOUT		TIMEOUT		TIMEOUT		stable-unsolved	
tmp_13cfc6f2.ltl	direct:tlsf/tsl_smart_home_jarvis/extracted-benchmarks:tmp	tmp	direct:tlsf/tsl_smart_home_jarvis/extracted-benchmarks/tmp_13cfc6f2.tlsf	none		{}	6	7	Mealy	Mealy	34a8e655d49e64fb408f6a6518aff4531e77fa94d5d8f48885a5faaeb318af4a	REALIZABLE	0.7049354429982486	REALIZABLE	0.8337376750005205	REALIZABLE	0.768812529015122	REALIZABLE	0.8138149410078768	stable-realizable	
unordered-visits-charging0.ltl	direct:tlsf/sweap:unordered-visits-charging	unordered-visits-charging	direct:tlsf/sweap/unordered-visits-charging0.tlsf	none		{}	15	6	Mealy	Mealy	8187af39d01d8874a3c59f6842affd9ee791dc5d3287c62d247b226bbc3991d5	TIMEOUT		TIMEOUT		TIMEOUT		TIMEOUT		stable-unsolved	
unordered-visits-real.ltl	direct:tlsf/sweap:unordered-visits-real	unordered-visits-real	direct:tlsf/sweap/unordered-visits-real.tlsf	none		{}	11	4	Mealy	Mealy	0c934ad988647c3dd5845c60deb8d41c7ecdd475ef0c13fe2357e77c1d71434b	REALIZABLE	8.698139349002304	REALIZABLE	8.479906352000398	REALIZABLE	8.688788979983656	REALIZABLE	8.260010047000833	stable-realizable	
workstation_resupply_pb_1_pe_.ltl	direct:tlsf/ltl_f/generated_TLSF:workstation_resupply_pb_1_pe	workstation_resupply_pb_1_pe	direct:tlsf/ltl_f/generated_TLSF/workstation_resupply_pb_1_pe_.tlsf	none		{}	1	7	Mealy	Mealy	413a3772c36dbd78a50de1e14b26fa9eeaba424b1951f9bd86dc2faab038d61c	REALIZABLE	0.025645572997746058	REALIZABLE	0.024748836003709584	REALIZABLE	0.036057856981642544	REALIZABLE	0.04202308499952778	stable-realizable	
workstation_resupply_pb_2_pe_.ltl	direct:tlsf/ltl_f/generated_TLSF:workstation_resupply_pb_2_pe	workstation_resupply_pb_2_pe	direct:tlsf/ltl_f/generated_TLSF/workstation_resupply_pb_2_pe_.tlsf	none		{}	2	9	Mealy	Mealy	d0a5ec3357d48f3e941b59218aad616d0a19162de13b8d9fe001b2cc864c1284	REALIZABLE	0.34862991199770477	REALIZABLE	0.33252030099902186	REALIZABLE	0.34542613799567334	REALIZABLE	0.3277042429836001	stable-realizable	
workstation_resupply_pb_3_pe_.ltl	direct:tlsf/ltl_f/generated_TLSF:workstation_resupply_pb_3_pe	workstation_resupply_pb_3_pe	direct:tlsf/ltl_f/generated_TLSF/workstation_resupply_pb_3_pe_.tlsf	none		{}	3	11	Mealy	Mealy	b33f36671077d7deaca4cf28aed516cf460eed4f618459f51dc2b73ccd338407	REALIZABLE	17.265368686999864	REALIZABLE	16.7775648679999	TIMEOUT		REALIZABLE	16.697033453994663	stable-realizable	
workstation_resupply_pb_4_pe_.ltl	direct:tlsf/ltl_f/generated_TLSF:workstation_resupply_pb_4_pe	workstation_resupply_pb_4_pe	direct:tlsf/ltl_f/generated_TLSF/workstation_resupply_pb_4_pe_.tlsf	none		{}	4	13	Mealy	Mealy	291164dbbd14ded4472b32c18b13ccf0896b9cde15aa28f9186149a3584e5453	TIMEOUT		TIMEOUT		TIMEOUT		TIMEOUT		stable-unsolved	
workstation_resupply_pb_5_pe_.ltl	direct:tlsf/ltl_f/generated_TLSF:workstation_resupply_pb_5_pe	workstation_resupply_pb_5_pe	direct:tlsf/ltl_f/generated_TLSF/workstation_resupply_pb_5_pe_.tlsf	none		{}	5	15	Mealy	Mealy	de5a9fd7f882007b1f6ab83ffc7db5939b7bf150cdeee8fb869fcfde46383ac5	MEMOUT		MEMOUT		TIMEOUT		TIMEOUT		stable-unsolved	
workstation_resupply_pb_6_pe_.ltl	direct:tlsf/ltl_f/generated_TLSF:workstation_resupply_pb_6_pe	workstation_resupply_pb_6_pe	direct:tlsf/ltl_f/generated_TLSF/workstation_resupply_pb_6_pe_.tlsf	none		{}	6	17	Mealy	Mealy	4cca520ec63ebb56df90820aec1480664b62ada0296e6a2a39aca084a3de3801	TIMEOUT		TIMEOUT		TIMEOUT		TIMEOUT		stable-unsolved	
workstation_resupply_pb_7_pe_.ltl	direct:tlsf/ltl_f/generated_TLSF:workstation_resupply_pb_7_pe	workstation_resupply_pb_7_pe	direct:tlsf/ltl_f/generated_TLSF/workstation_resupply_pb_7_pe_.tlsf	none		{}	7	19	Mealy	Mealy	a4ca1cac20f0289db00cd39816442a95d0504dafcc243d634bf76a6a1321d3f2	TIMEOUT		TIMEOUT		TIMEOUT		TIMEOUT		stable-unsolved	
