solver_label	instance	tlsf_file	cap_s	result	seconds	exit_code	timed_out	resource_reason	expectation_source	stdout_bytes	stderr_bytes	run_index	acacia_sha	binary_sha256	preset	timestamp_utc	flags	cpu_seconds	max_process_rss_bytes	scope_memory_peak_bytes	memory_max	memory_swap_max	allowed_cpus	cpu_quota	collect_rusage	worker_records_dir	scope_unit
S-cap17-epoch1	CheckAlarm_6bea956e.ltl	CheckAlarm_6bea956e.tlsf	17	UNREALIZABLE	0.016728026006603613	1	false		status	13	30	0	50384cf69a733199fa17c9c571da1761d8451991	f80ff3f62daaa6e22a6753a3f30a127baab424d0320949bc9957a6ff62ea5ebe	otf_sparse_formula	2026-09-20T09:40:19.368432Z		0.010000	18350080	43442176	8G	0			true		acacia-syntcomp26-coverage-232446-d7ce94e606c3.scope
S-cap17-epoch1	CheckShades_4d4ca5c4.ltl	CheckShades_4d4ca5c4.tlsf	17	UNREALIZABLE	0.018810146022588015	1	false		status	13	30	1	50384cf69a733199fa17c9c571da1761d8451991	f80ff3f62daaa6e22a6753a3f30a127baab424d0320949bc9957a6ff62ea5ebe	otf_sparse_formula	2026-09-20T09:40:19.430073Z		0.010000	19275776	48955392	8G	0			true		acacia-syntcomp26-coverage-232446-a6d68c69f220.scope
S-cap17-epoch1	EnemeyModule.ltl	EnemeyModule.tlsf	17	REALIZABLE	0.022021788987331092	0	false		status	11	30	2	50384cf69a733199fa17c9c571da1761d8451991	f80ff3f62daaa6e22a6753a3f30a127baab424d0320949bc9957a6ff62ea5ebe	otf_sparse_formula	2026-09-20T09:40:19.465178Z		0.010000	15745024	42885120	8G	0			true		acacia-syntcomp26-coverage-232446-4e8adb920c5d.scope
S-cap17-epoch1	EscalatorNonCounting.ltl	EscalatorNonCounting.tlsf	17	REALIZABLE	0.01977844798238948	0	false		status	11	30	3	50384cf69a733199fa17c9c571da1761d8451991	f80ff3f62daaa6e22a6753a3f30a127baab424d0320949bc9957a6ff62ea5ebe	otf_sparse_formula	2026-09-20T09:40:19.497816Z		0.010000	15642624	43102208	8G	0			true		acacia-syntcomp26-coverage-232446-42d2156def32.scope
S-cap17-epoch1	F-G-contradiction-13.ltl	F-G-contradiction-13.tlsf	17	UNREALIZABLE	0.1410427939845249	1	false		none	13	30	4	50384cf69a733199fa17c9c571da1761d8451991	f80ff3f62daaa6e22a6753a3f30a127baab424d0320949bc9957a6ff62ea5ebe	otf_sparse_formula	2026-09-20T09:40:19.652127Z		0.490000	32321536		8G	0			true		acacia-syntcomp26-coverage-232446-0e2bcb2fc8b1.scope
S-cap17-epoch1	F-G-contradiction-15.ltl	F-G-contradiction-15.tlsf	17	UNREALIZABLE	0.3089116670016665	1	false		none	13	30	5	50384cf69a733199fa17c9c571da1761d8451991	f80ff3f62daaa6e22a6753a3f30a127baab424d0320949bc9957a6ff62ea5ebe	otf_sparse_formula	2026-09-20T09:40:19.975018Z		1.170000	58851328		8G	0			true		acacia-syntcomp26-coverage-232446-e5df94fd5a42.scope
S-cap17-epoch1	KitchenTimerV7.ltl	KitchenTimerV7.tlsf	17	REALIZABLE	0.07807127200067043	0	false		status	11	30	6	50384cf69a733199fa17c9c571da1761d8451991	f80ff3f62daaa6e22a6753a3f30a127baab424d0320949bc9957a6ff62ea5ebe	otf_sparse_formula	2026-09-20T09:40:20.068157Z		0.240000	24612864		8G	0			true		acacia-syntcomp26-coverage-232446-dc3386303f1f.scope
S-cap17-epoch1	OneCounterGuiA8.ltl	OneCounterGuiA8.tlsf	17	UNREALIZABLE	3.320741322997492	1	false		status	13	31	7	50384cf69a733199fa17c9c571da1761d8451991	f80ff3f62daaa6e22a6753a3f30a127baab424d0320949bc9957a6ff62ea5ebe	otf_sparse_formula	2026-09-20T09:40:23.401777Z		9.610000	296419328		8G	0			true		acacia-syntcomp26-coverage-232446-b3c99fbdb974.scope
S-cap17-epoch1	SensorPart.ltl	SensorPart.tlsf	17	REALIZABLE	0.03807622898602858	0	false		status	11	30	8	50384cf69a733199fa17c9c571da1761d8451991	f80ff3f62daaa6e22a6753a3f30a127baab424d0320949bc9957a6ff62ea5ebe	otf_sparse_formula	2026-09-20T09:40:23.454375Z		0.080000	21692416		8G	0			true		acacia-syntcomp26-coverage-232446-d3a518c64a31.scope
S-cap17-epoch1	TwoCountersDisButA5.ltl	TwoCountersDisButA5.tlsf	17	UNREALIZABLE	0.13325263099977747	1	false		status	13	30	9	50384cf69a733199fa17c9c571da1761d8451991	f80ff3f62daaa6e22a6753a3f30a127baab424d0320949bc9957a6ff62ea5ebe	otf_sparse_formula	2026-09-20T09:40:23.600987Z		0.460000	29360128		8G	0			true		acacia-syntcomp26-coverage-232446-9d4707383e24.scope
S-cap17-epoch1	TwoCountersInRangeM1.ltl	TwoCountersInRangeM1.tlsf	17	UNREALIZABLE	0.030399085982935503	1	false		status	13	30	10	50384cf69a733199fa17c9c571da1761d8451991	f80ff3f62daaa6e22a6753a3f30a127baab424d0320949bc9957a6ff62ea5ebe	otf_sparse_formula	2026-09-20T09:40:23.645352Z		0.040000	21286912		8G	0			true		acacia-syntcomp26-coverage-232446-6b02a44171b1.scope
S-cap17-epoch1	Window2_aeb1d897.ltl	Window2_aeb1d897.tlsf	17	REALIZABLE	0.046986598026705906	0	false		status	11	30	11	50384cf69a733199fa17c9c571da1761d8451991	f80ff3f62daaa6e22a6753a3f30a127baab424d0320949bc9957a6ff62ea5ebe	otf_sparse_formula	2026-09-20T09:40:23.705337Z		0.090000	20541440		8G	0			true		acacia-syntcomp26-coverage-232446-0434c9f04bd7.scope
S-cap17-epoch1	Window_54e1f7d2.ltl	Window_54e1f7d2.tlsf	17	REALIZABLE	0.033133292017737404	0	false		status	11	30	12	50384cf69a733199fa17c9c571da1761d8451991	f80ff3f62daaa6e22a6753a3f30a127baab424d0320949bc9957a6ff62ea5ebe	otf_sparse_formula	2026-09-20T09:40:23.763709Z		0.050000	19972096		8G	0			true		acacia-syntcomp26-coverage-232446-c3be043e1ba8.scope
S-cap17-epoch1	amba_decomposed_encode_pb_13_pe_.ltl	amba_decomposed_encode_pb_13_pe_.tlsf	17	REALIZABLE	0.08555083800456487	0	false		status	11	30	13	50384cf69a733199fa17c9c571da1761d8451991	f80ff3f62daaa6e22a6753a3f30a127baab424d0320949bc9957a6ff62ea5ebe	otf_sparse_formula	2026-09-20T09:40:23.862270Z		0.230000	31318016		8G	0			true		acacia-syntcomp26-coverage-232446-86ead958848e.scope
S-cap17-epoch1	amba_decomposed_encode_pb_16_pe_.ltl	amba_decomposed_encode_pb_16_pe_.tlsf	17	REALIZABLE	0.9380729009862989	0	false		status	11	30	14	50384cf69a733199fa17c9c571da1761d8451991	f80ff3f62daaa6e22a6753a3f30a127baab424d0320949bc9957a6ff62ea5ebe	otf_sparse_formula	2026-09-20T09:40:24.813158Z		3.650000	102289408		8G	0			true		acacia-syntcomp26-coverage-232446-3b897f16ac10.scope
S-cap17-epoch1	amba_decomposed_encode_pb_7_pe_.ltl	amba_decomposed_encode_pb_7_pe_.tlsf	17	REALIZABLE	0.03423703199950978	0	false		status	11	30	15	50384cf69a733199fa17c9c571da1761d8451991	f80ff3f62daaa6e22a6753a3f30a127baab424d0320949bc9957a6ff62ea5ebe	otf_sparse_formula	2026-09-20T09:40:24.861802Z		0.050000	20676608		8G	0			true		acacia-syntcomp26-coverage-232446-673c6bb82399.scope
S-cap17-epoch1	amba_gr_pb_3_pe_.ltl	amba_gr_pb_3_pe_.tlsf	17	TIMEOUT	17.092350535996957	124	true	timeout	none	0	8	16	50384cf69a733199fa17c9c571da1761d8451991	f80ff3f62daaa6e22a6753a3f30a127baab424d0320949bc9957a6ff62ea5ebe	otf_sparse_formula	2026-09-20T09:40:41.994320Z					8G	0			true		acacia-syntcomp26-coverage-232446-9f02609429a8.scope
S-cap17-epoch1	arbiter_on_inpchange_pb_6_pe_.ltl	arbiter_on_inpchange_pb_6_pe_.tlsf	17	TIMEOUT	17.137525096011814	124	true	timeout	none	0	8	17	50384cf69a733199fa17c9c571da1761d8451991	f80ff3f62daaa6e22a6753a3f30a127baab424d0320949bc9957a6ff62ea5ebe	otf_sparse_formula	2026-09-20T09:40:59.167940Z					8G	0			true		acacia-syntcomp26-coverage-232446-b10fa81ce117.scope
S-cap17-epoch1	arbiter_pb_4_pe_.ltl	arbiter_pb_4_pe_.tlsf	17	REALIZABLE	0.05067573499400169	0	false		none	11	30	18	50384cf69a733199fa17c9c571da1761d8451991	f80ff3f62daaa6e22a6753a3f30a127baab424d0320949bc9957a6ff62ea5ebe	otf_sparse_formula	2026-09-20T09:40:59.233700Z		0.090000	22421504		8G	0			true		acacia-syntcomp26-coverage-232446-21b96bb97517.scope
S-cap17-epoch1	collector_v2_pb_11_pe_.ltl	collector_v2_pb_11_pe_.tlsf	17	REALIZABLE	0.3178857449966017	0	false		status	11	30	19	50384cf69a733199fa17c9c571da1761d8451991	f80ff3f62daaa6e22a6753a3f30a127baab424d0320949bc9957a6ff62ea5ebe	otf_sparse_formula	2026-09-20T09:40:59.564399Z		1.190000	84373504		8G	0			true		acacia-syntcomp26-coverage-232446-c5c8d71ff9d6.scope
S-cap17-epoch1	full_arbiter_unreal1_pb_3_5_pe_.ltl	full_arbiter_unreal1_pb_3_5_pe_.tlsf	17	UNREALIZABLE	0.021453506022226065	1	false		status	13	30	20	50384cf69a733199fa17c9c571da1761d8451991	f80ff3f62daaa6e22a6753a3f30a127baab424d0320949bc9957a6ff62ea5ebe	otf_sparse_formula	2026-09-20T09:40:59.599174Z		0.010000	15474688	43360256	8G	0			true		acacia-syntcomp26-coverage-232446-d8342aad905f.scope
S-cap17-epoch1	gf-unreal21.ltl	gf-unreal21.tlsf	17	UNREALIZABLE	0.02122766201500781	1	false		none	13	30	21	50384cf69a733199fa17c9c571da1761d8451991	f80ff3f62daaa6e22a6753a3f30a127baab424d0320949bc9957a6ff62ea5ebe	otf_sparse_formula	2026-09-20T09:40:59.633722Z		0.020000	18661376		8G	0			true		acacia-syntcomp26-coverage-232446-ceb047a7cc2e.scope
S-cap17-epoch1	gf-unreal28.ltl	gf-unreal28.tlsf	17	UNREALIZABLE	0.02821676598978229	1	false		none	13	30	22	50384cf69a733199fa17c9c571da1761d8451991	f80ff3f62daaa6e22a6753a3f30a127baab424d0320949bc9957a6ff62ea5ebe	otf_sparse_formula	2026-09-20T09:40:59.675325Z		0.030000	18968576		8G	0			true		acacia-syntcomp26-coverage-232446-b6bfdc4b545e.scope
S-cap17-epoch1	heim-double-x10.ltl	heim-double-x10.tlsf	17	UNREALIZABLE	2.3939663729979657	1	false		none	13	31	23	50384cf69a733199fa17c9c571da1761d8451991	f80ff3f62daaa6e22a6753a3f30a127baab424d0320949bc9957a6ff62ea5ebe	otf_sparse_formula	2026-09-20T09:41:02.083342Z		8.300000	122884096		8G	0			true		acacia-syntcomp26-coverage-232446-cd3a50380112.scope
S-cap17-epoch1	heim-double-x11.ltl	heim-double-x11.tlsf	17	UNREALIZABLE	2.605608767014928	1	false		none	13	31	24	50384cf69a733199fa17c9c571da1761d8451991	f80ff3f62daaa6e22a6753a3f30a127baab424d0320949bc9957a6ff62ea5ebe	otf_sparse_formula	2026-09-20T09:41:04.702565Z		9.070000	134742016		8G	0			true		acacia-syntcomp26-coverage-232446-6b1dacfa7827.scope
S-cap17-epoch1	load_balancer_unreal1_pb_3_1_pe_.ltl	load_balancer_unreal1_pb_3_1_pe_.tlsf	17	UNREALIZABLE	0.028335114009678364	1	false		status	13	30	25	50384cf69a733199fa17c9c571da1761d8451991	f80ff3f62daaa6e22a6753a3f30a127baab424d0320949bc9957a6ff62ea5ebe	otf_sparse_formula	2026-09-20T09:41:04.747751Z		0.040000	20271104		8G	0			true		acacia-syntcomp26-coverage-232446-aaedd0685cab.scope
S-cap17-epoch1	ltl2dba07.ltl	ltl2dba07.tlsf	17	REALIZABLE	0.02474082200205885	0	false		status	11	30	26	50384cf69a733199fa17c9c571da1761d8451991	f80ff3f62daaa6e22a6753a3f30a127baab424d0320949bc9957a6ff62ea5ebe	otf_sparse_formula	2026-09-20T09:41:04.795699Z		0.020000	15388672		8G	0			true		acacia-syntcomp26-coverage-232446-e4487594dc1b.scope
S-cap17-epoch1	ltl2dba16.ltl	ltl2dba16.tlsf	17	REALIZABLE	0.036430168023798615	0	false		status	11	30	27	50384cf69a733199fa17c9c571da1761d8451991	f80ff3f62daaa6e22a6753a3f30a127baab424d0320949bc9957a6ff62ea5ebe	otf_sparse_formula	2026-09-20T09:41:04.870471Z		0.030000	15347712		8G	0			true		acacia-syntcomp26-coverage-232446-259cd8567303.scope
S-cap17-epoch1	ltl2dba_E_pb_15_pe_.ltl	ltl2dba_E_pb_15_pe_.tlsf	17	REALIZABLE	0.03599270700942725	0	false		none	11	30	28	50384cf69a733199fa17c9c571da1761d8451991	f80ff3f62daaa6e22a6753a3f30a127baab424d0320949bc9957a6ff62ea5ebe	otf_sparse_formula	2026-09-20T09:41:04.945822Z		0.040000	15376384		8G	0			true		acacia-syntcomp26-coverage-232446-bf8a249e2eb5.scope
S-cap17-epoch1	ltl2dba_Q_pb_15_pe_.ltl	ltl2dba_Q_pb_15_pe_.tlsf	17	REALIZABLE	0.029359078005654737	0	false		none	11	30	29	50384cf69a733199fa17c9c571da1761d8451991	f80ff3f62daaa6e22a6753a3f30a127baab424d0320949bc9957a6ff62ea5ebe	otf_sparse_formula	2026-09-20T09:41:05.008297Z		0.030000	15298560		8G	0			true		acacia-syntcomp26-coverage-232446-3a58604e0527.scope
S-cap17-epoch1	ltl2dba_alpha_pb_50_pe_.ltl	ltl2dba_alpha_pb_50_pe_.tlsf	17	REALIZABLE	0.030872709001414478	0	false		none	11	30	30	50384cf69a733199fa17c9c571da1761d8451991	f80ff3f62daaa6e22a6753a3f30a127baab424d0320949bc9957a6ff62ea5ebe	otf_sparse_formula	2026-09-20T09:41:05.075905Z		0.030000	15503360		8G	0			true		acacia-syntcomp26-coverage-232446-51c11ece28aa.scope
S-cap17-epoch1	ltl2dba_theta_pb_12_pe_.ltl	ltl2dba_theta_pb_12_pe_.tlsf	17	UNREALIZABLE	2.317483850987628	1	false		status	13	31	31	50384cf69a733199fa17c9c571da1761d8451991	f80ff3f62daaa6e22a6753a3f30a127baab424d0320949bc9957a6ff62ea5ebe	otf_sparse_formula	2026-09-20T09:41:07.406782Z		9.120000	136396800		8G	0			true		acacia-syntcomp26-coverage-232446-7af130e6b727.scope
S-cap17-epoch1	ltl2dpa11.ltl	ltl2dpa11.tlsf	17	REALIZABLE	0.02503398197586648	0	false		status	11	30	32	50384cf69a733199fa17c9c571da1761d8451991	f80ff3f62daaa6e22a6753a3f30a127baab424d0320949bc9957a6ff62ea5ebe	otf_sparse_formula	2026-09-20T09:41:07.445749Z		0.010000	15630336	43458560	8G	0			true		acacia-syntcomp26-coverage-232446-04ad93cd16af.scope
S-cap17-epoch1	ltl2dpa17.ltl	ltl2dpa17.tlsf	17	REALIZABLE	0.015866058005485684	0	false		status	11	30	33	50384cf69a733199fa17c9c571da1761d8451991	f80ff3f62daaa6e22a6753a3f30a127baab424d0320949bc9957a6ff62ea5ebe	otf_sparse_formula	2026-09-20T09:41:07.474486Z		0.010000	15581184	41553920	8G	0			true		acacia-syntcomp26-coverage-232446-a61679cb23c9.scope
S-cap17-epoch1	ltl2dpa24.ltl	ltl2dpa24.tlsf	17	REALIZABLE	0.0200696790125221	0	false		status	11	30	34	50384cf69a733199fa17c9c571da1761d8451991	f80ff3f62daaa6e22a6753a3f30a127baab424d0320949bc9957a6ff62ea5ebe	otf_sparse_formula	2026-09-20T09:41:07.507221Z		0.010000	18255872	44232704	8G	0			true		acacia-syntcomp26-coverage-232446-6dae25a8e6e5.scope
S-cap17-epoch1	package-delivery-real.ltl	package-delivery-real.tlsf	17	TIMEOUT	17.04138038799283	124	true	timeout	none	0	8	35	50384cf69a733199fa17c9c571da1761d8451991	f80ff3f62daaa6e22a6753a3f30a127baab424d0320949bc9957a6ff62ea5ebe	otf_sparse_formula	2026-09-20T09:41:24.561556Z					8G	0			true		acacia-syntcomp26-coverage-232446-d4241ce915fc.scope
S-cap17-epoch1	patrolling-alarm16.ltl	patrolling-alarm16.tlsf	17	UNREALIZABLE	0.37787212900002487	1	false		none	13	30	36	50384cf69a733199fa17c9c571da1761d8451991	f80ff3f62daaa6e22a6753a3f30a127baab424d0320949bc9957a6ff62ea5ebe	otf_sparse_formula	2026-09-20T09:41:24.965708Z		1.400000	56922112		8G	0			true		acacia-syntcomp26-coverage-232446-a0c59ce272fa.scope
S-cap17-epoch1	prioritized_arbiter_unreal1_pb_3_15_pe_.ltl	prioritized_arbiter_unreal1_pb_3_15_pe_.tlsf	17	UNREALIZABLE	0.020653757004765794	1	false		status	13	30	37	50384cf69a733199fa17c9c571da1761d8451991	f80ff3f62daaa6e22a6753a3f30a127baab424d0320949bc9957a6ff62ea5ebe	otf_sparse_formula	2026-09-20T09:41:25.007749Z		0.020000	18755584		8G	0			true		acacia-syntcomp26-coverage-232446-ca88e0318d80.scope
S-cap17-epoch1	prioritized_arbiter_unreal1_pb_3_3_pe_.ltl	prioritized_arbiter_unreal1_pb_3_3_pe_.tlsf	17	UNREALIZABLE	0.029693919990677387	1	false		status	13	30	38	50384cf69a733199fa17c9c571da1761d8451991	f80ff3f62daaa6e22a6753a3f30a127baab424d0320949bc9957a6ff62ea5ebe	otf_sparse_formula	2026-09-20T09:41:25.075438Z		0.030000	18657280		8G	0			true		acacia-syntcomp26-coverage-232446-c02226c796d1.scope
S-cap17-epoch1	prioritized_arbiter_unreal1_pb_5_2_pe_.ltl	prioritized_arbiter_unreal1_pb_5_2_pe_.tlsf	17	UNREALIZABLE	0.03937428197241388	1	false		status	13	30	39	50384cf69a733199fa17c9c571da1761d8451991	f80ff3f62daaa6e22a6753a3f30a127baab424d0320949bc9957a6ff62ea5ebe	otf_sparse_formula	2026-09-20T09:41:25.141466Z		0.050000	18685952		8G	0			true		acacia-syntcomp26-coverage-232446-4ce9bb38b0e6.scope
S-cap17-epoch1	robot-resource-1d1.ltl	robot-resource-1d1.tlsf	17	UNREALIZABLE	0.049369971005944535	1	false		none	13	30	40	50384cf69a733199fa17c9c571da1761d8451991	f80ff3f62daaa6e22a6753a3f30a127baab424d0320949bc9957a6ff62ea5ebe	otf_sparse_formula	2026-09-20T09:41:25.204675Z		0.100000	20480000		8G	0			true		acacia-syntcomp26-coverage-232446-ac5b2416d2f4.scope
S-cap17-epoch1	robot-to-target-charging16.ltl	robot-to-target-charging16.tlsf	17	TIMEOUT	17.095083352993242	124	true	timeout	none	0	8	41	50384cf69a733199fa17c9c571da1761d8451991	f80ff3f62daaa6e22a6753a3f30a127baab424d0320949bc9957a6ff62ea5ebe	otf_sparse_formula	2026-09-20T09:41:42.320027Z					8G	0			true		acacia-syntcomp26-coverage-232446-a1e1edb3e559.scope
S-cap17-epoch1	simple_arbiter_unreal1_pb_3_8_pe_.ltl	simple_arbiter_unreal1_pb_3_8_pe_.tlsf	17	UNREALIZABLE	0.019476237008348107	1	false		status	13	30	42	50384cf69a733199fa17c9c571da1761d8451991	f80ff3f62daaa6e22a6753a3f30a127baab424d0320949bc9957a6ff62ea5ebe	otf_sparse_formula	2026-09-20T09:41:42.352707Z		0.010000	15364096	42876928	8G	0			true		acacia-syntcomp26-coverage-232446-65ce1a6e1da1.scope
S-cap17-epoch1	square5x5-real.ltl	square5x5-real.tlsf	17	TIMEOUT	17.0853059499932	124	true	timeout	none	0	8	43	50384cf69a733199fa17c9c571da1761d8451991	f80ff3f62daaa6e22a6753a3f30a127baab424d0320949bc9957a6ff62ea5ebe	otf_sparse_formula	2026-09-20T09:41:59.449443Z					8G	0			true		acacia-syntcomp26-coverage-232446-9d76f418d1d8.scope
S-cap17-epoch1	test3_efe2feaf.ltl	test3_efe2feaf.tlsf	17	REALIZABLE	0.034220245986944064	0	false		status	11	30	44	50384cf69a733199fa17c9c571da1761d8451991	f80ff3f62daaa6e22a6753a3f30a127baab424d0320949bc9957a6ff62ea5ebe	otf_sparse_formula	2026-09-20T09:41:59.506580Z		0.030000	19038208		8G	0			true		acacia-syntcomp26-coverage-232446-0e54efc98c37.scope
S-cap17-epoch1	thermostat-GF-unreal0.ltl	thermostat-GF-unreal0.tlsf	17	UNREALIZABLE	2.1878107189841103	1	false		none	13	30	45	50384cf69a733199fa17c9c571da1761d8451991	f80ff3f62daaa6e22a6753a3f30a127baab424d0320949bc9957a6ff62ea5ebe	otf_sparse_formula	2026-09-20T09:42:01.718359Z		8.590000	70926336		8G	0			true		acacia-syntcomp26-coverage-232446-1f46e07d22a0.scope
S-cap17-epoch1	unordered-visits-charging0.ltl	unordered-visits-charging0.tlsf	17	TIMEOUT	17.094219289981993	124	true	timeout	none	0	8	46	50384cf69a733199fa17c9c571da1761d8451991	f80ff3f62daaa6e22a6753a3f30a127baab424d0320949bc9957a6ff62ea5ebe	otf_sparse_formula	2026-09-20T09:42:18.851075Z					8G	0			true		acacia-syntcomp26-coverage-232446-67fa3f45fa86.scope
S-cap17-epoch1	AllLights_b209ff21.ltl	AllLights_b209ff21.tlsf	17	UNREALIZABLE	2.42214980602148	1	false		status	13	30	0	50384cf69a733199fa17c9c571da1761d8451991	f80ff3f62daaa6e22a6753a3f30a127baab424d0320949bc9957a6ff62ea5ebe	otf_sparse_formula	2026-09-20T09:42:21.378623Z		9.600000	70823936		8G	0			true		acacia-syntcomp26-coverage-232951-c905d768c60f.scope
S-cap17-epoch1	CheckHeating_2418b67e.ltl	CheckHeating_2418b67e.tlsf	17	UNREALIZABLE	0.02505690700490959	1	false		status	13	30	1	50384cf69a733199fa17c9c571da1761d8451991	f80ff3f62daaa6e22a6753a3f30a127baab424d0320949bc9957a6ff62ea5ebe	otf_sparse_formula	2026-09-20T09:42:21.437930Z		0.010000	18452480	44228608	8G	0			true		acacia-syntcomp26-coverage-232951-f773dbbb8bb9.scope
S-cap17-epoch1	CheckRoom_70523fbe.ltl	CheckRoom_70523fbe.tlsf	17	UNREALIZABLE	0.02007489401148632	1	false		status	13	30	2	50384cf69a733199fa17c9c571da1761d8451991	f80ff3f62daaa6e22a6753a3f30a127baab424d0320949bc9957a6ff62ea5ebe	otf_sparse_formula	2026-09-20T09:42:21.470570Z		0.010000	17215488	42934272	8G	0			true		acacia-syntcomp26-coverage-232951-666dcc93af87.scope
S-cap17-epoch1	CoffeeMin_88f351a6.ltl	CoffeeMin_88f351a6.tlsf	17	REALIZABLE	0.0171203019854147	0	false		status	11	30	3	50384cf69a733199fa17c9c571da1761d8451991	f80ff3f62daaa6e22a6753a3f30a127baab424d0320949bc9957a6ff62ea5ebe	otf_sparse_formula	2026-09-20T09:42:21.500736Z		0.010000	18489344	44236800	8G	0			true		acacia-syntcomp26-coverage-232951-b0fad736a61a.scope
S-cap17-epoch1	Core_4b5a2bad.ltl	Core_4b5a2bad.tlsf	17	UNREALIZABLE	0.02733363999868743	1	false		status	13	30	4	50384cf69a733199fa17c9c571da1761d8451991	f80ff3f62daaa6e22a6753a3f30a127baab424d0320949bc9957a6ff62ea5ebe	otf_sparse_formula	2026-09-20T09:42:21.540484Z		0.040000	20189184		8G	0			true		acacia-syntcomp26-coverage-232951-49f25fb9e71d.scope
S-cap17-epoch1	F-G-contradiction-10.ltl	F-G-contradiction-10.tlsf	17	UNREALIZABLE	0.027488521998748183	1	false		none	13	30	5	50384cf69a733199fa17c9c571da1761d8451991	f80ff3f62daaa6e22a6753a3f30a127baab424d0320949bc9957a6ff62ea5ebe	otf_sparse_formula	2026-09-20T09:42:21.580499Z		0.050000	20508672		8G	0			true		acacia-syntcomp26-coverage-232951-a00771ece248.scope
S-cap17-epoch1	GF-G-contradiction7.ltl	GF-G-contradiction7.tlsf	17	TIMEOUT	17.085531168995658	124	true	timeout	none	0	8	6	50384cf69a733199fa17c9c571da1761d8451991	f80ff3f62daaa6e22a6753a3f30a127baab424d0320949bc9957a6ff62ea5ebe	otf_sparse_formula	2026-09-20T09:42:38.680977Z					8G	0			true		acacia-syntcomp26-coverage-232951-62e89ad3e5e7.scope
S-cap17-epoch1	KitchenTimerV3.ltl	KitchenTimerV3.tlsf	17	REALIZABLE	0.040234812011476606	0	false		status	11	30	7	50384cf69a733199fa17c9c571da1761d8451991	f80ff3f62daaa6e22a6753a3f30a127baab424d0320949bc9957a6ff62ea5ebe	otf_sparse_formula	2026-09-20T09:42:38.735122Z		0.070000	21348352		8G	0			true		acacia-syntcomp26-coverage-232951-25ff7fd5bbd3.scope
S-cap17-epoch1	Lights2_0f5381e9.ltl	Lights2_0f5381e9.tlsf	17	REALIZABLE	0.18434288300340995	0	false		status	11	30	8	50384cf69a733199fa17c9c571da1761d8451991	f80ff3f62daaa6e22a6753a3f30a127baab424d0320949bc9957a6ff62ea5ebe	otf_sparse_formula	2026-09-20T09:42:38.932784Z		0.650000	31019008		8G	0			true		acacia-syntcomp26-coverage-232951-056bc1763689.scope
S-cap17-epoch1	Lights2_b02056d6.ltl	Lights2_b02056d6.tlsf	17	REALIZABLE	0.19929618400055915	0	false		status	11	30	9	50384cf69a733199fa17c9c571da1761d8451991	f80ff3f62daaa6e22a6753a3f30a127baab424d0320949bc9957a6ff62ea5ebe	otf_sparse_formula	2026-09-20T09:42:39.152193Z		0.710000	31449088		8G	0			true		acacia-syntcomp26-coverage-232951-c381d54b19e0.scope
S-cap17-epoch1	ModdifiedLedMatrix5X.ltl	ModdifiedLedMatrix5X.tlsf	17	REALIZABLE	0.11687626998173073	0	false		status	11	30	10	50384cf69a733199fa17c9c571da1761d8451991	f80ff3f62daaa6e22a6753a3f30a127baab424d0320949bc9957a6ff62ea5ebe	otf_sparse_formula	2026-09-20T09:42:39.282102Z		0.400000	23326720		8G	0			true		acacia-syntcomp26-coverage-232951-5ddb111b6479.scope
S-cap17-epoch1	Morning2Min_6cbc6174.ltl	Morning2Min_6cbc6174.tlsf	17	REALIZABLE	0.01800764599465765	0	false		status	11	30	11	50384cf69a733199fa17c9c571da1761d8451991	f80ff3f62daaa6e22a6753a3f30a127baab424d0320949bc9957a6ff62ea5ebe	otf_sparse_formula	2026-09-20T09:42:39.315125Z		0.020000	18939904		8G	0			true		acacia-syntcomp26-coverage-232951-840b448ee724.scope
S-cap17-epoch1	RotationCalculator.ltl	RotationCalculator.tlsf	17	REALIZABLE	0.03002261702204123	0	false		status	11	30	12	50384cf69a733199fa17c9c571da1761d8451991	f80ff3f62daaa6e22a6753a3f30a127baab424d0320949bc9957a6ff62ea5ebe	otf_sparse_formula	2026-09-20T09:42:39.368025Z		0.040000	20230144		8G	0			true		acacia-syntcomp26-coverage-232951-feca0a56df13.scope
S-cap17-epoch1	abcg_arbiter_pb_4_pe_.ltl	abcg_arbiter_pb_4_pe_.tlsf	17	TIMEOUT	17.095924925990403	124	true	timeout	none	0	8	13	50384cf69a733199fa17c9c571da1761d8451991	f80ff3f62daaa6e22a6753a3f30a127baab424d0320949bc9957a6ff62ea5ebe	otf_sparse_formula	2026-09-20T09:42:56.491409Z					8G	0			true		acacia-syntcomp26-coverage-232951-38db31f5c562.scope
S-cap17-epoch1	amba_case_study_unreal_pb_5_pe_.ltl	amba_case_study_unreal_pb_5_pe_.tlsf	17	TIMEOUT	17.095989185007056	124	true	timeout	none	0	8	14	50384cf69a733199fa17c9c571da1761d8451991	f80ff3f62daaa6e22a6753a3f30a127baab424d0320949bc9957a6ff62ea5ebe	otf_sparse_formula	2026-09-20T09:43:13.624407Z					8G	0			true		acacia-syntcomp26-coverage-232951-e517f436ed60.scope
S-cap17-epoch1	amba_decomposed_encode_pb_4_pe_.ltl	amba_decomposed_encode_pb_4_pe_.tlsf	17	REALIZABLE	0.03332046797731891	0	false		status	11	30	15	50384cf69a733199fa17c9c571da1761d8451991	f80ff3f62daaa6e22a6753a3f30a127baab424d0320949bc9957a6ff62ea5ebe	otf_sparse_formula	2026-09-20T09:43:13.683387Z		0.030000	20230144		8G	0			true		acacia-syntcomp26-coverage-232951-8fea1937f9dd.scope
S-cap17-epoch1	amba_decomposed_encode_pb_6_pe_.ltl	amba_decomposed_encode_pb_6_pe_.tlsf	17	REALIZABLE	0.049822419998236	0	false		status	11	30	16	50384cf69a733199fa17c9c571da1761d8451991	f80ff3f62daaa6e22a6753a3f30a127baab424d0320949bc9957a6ff62ea5ebe	otf_sparse_formula	2026-09-20T09:43:13.748059Z		0.070000	20619264		8G	0			true		acacia-syntcomp26-coverage-232951-dac1965bfcaf.scope
S-cap17-epoch1	amba_decomposed_encode_pb_9_pe_.ltl	amba_decomposed_encode_pb_9_pe_.tlsf	17	REALIZABLE	0.05383229599101469	0	false		status	11	30	17	50384cf69a733199fa17c9c571da1761d8451991	f80ff3f62daaa6e22a6753a3f30a127baab424d0320949bc9957a6ff62ea5ebe	otf_sparse_formula	2026-09-20T09:43:13.814671Z		0.110000	21704704		8G	0			true		acacia-syntcomp26-coverage-232951-ee4e43a03b4d.scope
S-cap17-epoch1	arbiter_with_buffer_pb_8_pe_.ltl	arbiter_with_buffer_pb_8_pe_.tlsf	17	TIMEOUT	17.08652510200045	124	true	timeout	none	0	8	18	50384cf69a733199fa17c9c571da1761d8451991	f80ff3f62daaa6e22a6753a3f30a127baab424d0320949bc9957a6ff62ea5ebe	otf_sparse_formula	2026-09-20T09:43:30.924908Z					8G	0			true		acacia-syntcomp26-coverage-232951-9a552838b951.scope
S-cap17-epoch1	chain-4-real.ltl	chain-4-real.tlsf	17	TIMEOUT	17.091812527010916	124	true	timeout	none	0	8	19	50384cf69a733199fa17c9c571da1761d8451991	f80ff3f62daaa6e22a6753a3f30a127baab424d0320949bc9957a6ff62ea5ebe	otf_sparse_formula	2026-09-20T09:43:48.045718Z					8G	0			true		acacia-syntcomp26-coverage-232951-2628050ee5bd.scope
S-cap17-epoch1	chain-simple-70-real.ltl	chain-simple-70-real.tlsf	17	REALIZABLE	1.178736649977509	0	false		none	11	31	20	50384cf69a733199fa17c9c571da1761d8451991	f80ff3f62daaa6e22a6753a3f30a127baab424d0320949bc9957a6ff62ea5ebe	otf_sparse_formula	2026-09-20T09:43:49.240195Z		4.540000	267026432		8G	0			true		acacia-syntcomp26-coverage-232951-b7b187e9b6a3.scope
S-cap17-epoch1	collector_v1_pb_13_pe_.ltl	collector_v1_pb_13_pe_.tlsf	17	TIMEOUT	17.084212784015108	124	true	timeout	status	0	8	21	50384cf69a733199fa17c9c571da1761d8451991	f80ff3f62daaa6e22a6753a3f30a127baab424d0320949bc9957a6ff62ea5ebe	otf_sparse_formula	2026-09-20T09:44:06.336643Z					8G	0			true		acacia-syntcomp26-coverage-232951-dd943ca10af0.scope
S-cap17-epoch1	full_arbiter_unreal1_pb_3_11_pe_.ltl	full_arbiter_unreal1_pb_3_11_pe_.tlsf	17	UNREALIZABLE	0.018281890981597826	1	false		none	13	30	22	50384cf69a733199fa17c9c571da1761d8451991	f80ff3f62daaa6e22a6753a3f30a127baab424d0320949bc9957a6ff62ea5ebe	otf_sparse_formula	2026-09-20T09:44:06.368262Z		0.010000	15450112	42393600	8G	0			true		acacia-syntcomp26-coverage-232951-59d05909ae7c.scope
S-cap17-epoch1	full_arbiter_unreal1_pb_3_3_pe_.ltl	full_arbiter_unreal1_pb_3_3_pe_.tlsf	17	UNREALIZABLE	0.017485126008978114	1	false		status	13	30	23	50384cf69a733199fa17c9c571da1761d8451991	f80ff3f62daaa6e22a6753a3f30a127baab424d0320949bc9957a6ff62ea5ebe	otf_sparse_formula	2026-09-20T09:44:06.405295Z		0.020000	15310848	43102208	8G	0			true		acacia-syntcomp26-coverage-232951-a56d520eb5d3.scope
S-cap17-epoch1	full_arbiter_unreal1_pb_4_1_pe_.ltl	full_arbiter_unreal1_pb_4_1_pe_.tlsf	17	UNREALIZABLE	0.02647192301810719	1	false		status	13	30	24	50384cf69a733199fa17c9c571da1761d8451991	f80ff3f62daaa6e22a6753a3f30a127baab424d0320949bc9957a6ff62ea5ebe	otf_sparse_formula	2026-09-20T09:44:06.457598Z		0.020000	15310848		8G	0			true		acacia-syntcomp26-coverage-232951-b311e23bba11.scope
S-cap17-epoch1	g-real-real.ltl	g-real-real.tlsf	17	REALIZABLE	2.933743535017129	0	false		none	11	32	25	50384cf69a733199fa17c9c571da1761d8451991	f80ff3f62daaa6e22a6753a3f30a127baab424d0320949bc9957a6ff62ea5ebe	otf_sparse_formula	2026-09-20T09:44:09.404069Z		11.540000	245219328		8G	0			true		acacia-syntcomp26-coverage-232951-17d5e5037991.scope
S-cap17-epoch1	gf-unreal41.ltl	gf-unreal41.tlsf	17	UNREALIZABLE	0.02941058500437066	1	false		none	13	30	26	50384cf69a733199fa17c9c571da1761d8451991	f80ff3f62daaa6e22a6753a3f30a127baab424d0320949bc9957a6ff62ea5ebe	otf_sparse_formula	2026-09-20T09:44:09.447826Z		0.040000	19902464		8G	0			true		acacia-syntcomp26-coverage-232951-3a48267cc0f6.scope
S-cap17-epoch1	infinite-race-real.ltl	infinite-race-real.tlsf	17	REALIZABLE	0.024449399003060535	0	false		none	11	30	27	50384cf69a733199fa17c9c571da1761d8451991	f80ff3f62daaa6e22a6753a3f30a127baab424d0320949bc9957a6ff62ea5ebe	otf_sparse_formula	2026-09-20T09:44:09.486106Z		0.030000	20467712		8G	0			true		acacia-syntcomp26-coverage-232951-6be542feedff.scope
S-cap17-epoch1	infinite-race-u1.ltl	infinite-race-u1.tlsf	17	UNREALIZABLE	0.04104057600488886	1	false		none	13	30	28	50384cf69a733199fa17c9c571da1761d8451991	f80ff3f62daaa6e22a6753a3f30a127baab424d0320949bc9957a6ff62ea5ebe	otf_sparse_formula	2026-09-20T09:44:09.540934Z		0.070000	19415040		8G	0			true		acacia-syntcomp26-coverage-232951-3b33dabc1414.scope
S-cap17-epoch1	infinite-race-unequal-22.ltl	infinite-race-unequal-22.tlsf	17	UNREALIZABLE	0.08251423100591637	1	false		none	13	30	29	50384cf69a733199fa17c9c571da1761d8451991	f80ff3f62daaa6e22a6753a3f30a127baab424d0320949bc9957a6ff62ea5ebe	otf_sparse_formula	2026-09-20T09:44:09.637490Z		0.220000	22708224		8G	0			true		acacia-syntcomp26-coverage-232951-4eb5a8107b0f.scope
S-cap17-epoch1	lift_gr1_pb_10_pe_.ltl	lift_gr1_pb_10_pe_.tlsf	17	TIMEOUT	17.134721284004627	124	true	timeout	none	0	8	30	50384cf69a733199fa17c9c571da1761d8451991	f80ff3f62daaa6e22a6753a3f30a127baab424d0320949bc9957a6ff62ea5ebe	otf_sparse_formula	2026-09-20T09:44:26.798293Z					8G	0			true		acacia-syntcomp26-coverage-232951-9b1ca50d0a57.scope
S-cap17-epoch1	lift_unary_enc_pb_2_pe_.ltl	lift_unary_enc_pb_2_pe_.tlsf	17	REALIZABLE	0.03577498998492956	0	false		none	11	30	31	50384cf69a733199fa17c9c571da1761d8451991	f80ff3f62daaa6e22a6753a3f30a127baab424d0320949bc9957a6ff62ea5ebe	otf_sparse_formula	2026-09-20T09:44:26.857606Z		0.040000	20525056		8G	0			true		acacia-syntcomp26-coverage-232951-e6f593541e7a.scope
S-cap17-epoch1	lift_unary_enc_pb_4_pe_.ltl	lift_unary_enc_pb_4_pe_.tlsf	17	TIMEOUT	17.136923854006454	124	true	timeout	none	0	8	32	50384cf69a733199fa17c9c571da1761d8451991	f80ff3f62daaa6e22a6753a3f30a127baab424d0320949bc9957a6ff62ea5ebe	otf_sparse_formula	2026-09-20T09:44:44.030921Z					8G	0			true		acacia-syntcomp26-coverage-232951-0dc35d833c0d.scope
S-cap17-epoch1	lift_wrong_physics_unreal_pb_3_pe_.ltl	lift_wrong_physics_unreal_pb_3_pe_.tlsf	17	UNREALIZABLE	0.03935914099565707	1	false		none	13	30	33	50384cf69a733199fa17c9c571da1761d8451991	f80ff3f62daaa6e22a6753a3f30a127baab424d0320949bc9957a6ff62ea5ebe	otf_sparse_formula	2026-09-20T09:44:44.095141Z		0.040000	19263488		8G	0			true		acacia-syntcomp26-coverage-232951-88c513c60f08.scope
S-cap17-epoch1	lilydemo11.ltl	lilydemo11.tlsf	17	UNREALIZABLE	0.036827514006290585	1	false		status	13	30	34	50384cf69a733199fa17c9c571da1761d8451991	f80ff3f62daaa6e22a6753a3f30a127baab424d0320949bc9957a6ff62ea5ebe	otf_sparse_formula	2026-09-20T09:44:44.168549Z		0.040000	19136512		8G	0			true		acacia-syntcomp26-coverage-232951-4eba151e6805.scope
S-cap17-epoch1	load_balancer_pb_11_pe_.ltl	load_balancer_pb_11_pe_.tlsf	17	TIMEOUT	17.053724002995295	124	true	timeout	none	0	8	35	50384cf69a733199fa17c9c571da1761d8451991	f80ff3f62daaa6e22a6753a3f30a127baab424d0320949bc9957a6ff62ea5ebe	otf_sparse_formula	2026-09-20T09:45:01.234295Z					8G	0			true		acacia-syntcomp26-coverage-232951-0ffa39f09839.scope
S-cap17-epoch1	load_balancer_unreal1_pb_2_4_pe_.ltl	load_balancer_unreal1_pb_2_4_pe_.tlsf	17	UNREALIZABLE	0.0208371439948678	1	false		status	13	30	36	50384cf69a733199fa17c9c571da1761d8451991	f80ff3f62daaa6e22a6753a3f30a127baab424d0320949bc9957a6ff62ea5ebe	otf_sparse_formula	2026-09-20T09:45:01.269666Z		0.020000	19140608		8G	0			true		acacia-syntcomp26-coverage-232951-42655be94955.scope
S-cap17-epoch1	load_balancer_unreal1_pb_5_7_pe_.ltl	load_balancer_unreal1_pb_5_7_pe_.tlsf	17	TIMEOUT	17.136432750005042	124	true	timeout	status	0	8	37	50384cf69a733199fa17c9c571da1761d8451991	f80ff3f62daaa6e22a6753a3f30a127baab424d0320949bc9957a6ff62ea5ebe	otf_sparse_formula	2026-09-20T09:45:18.417725Z					8G	0			true		acacia-syntcomp26-coverage-232951-2046481e8fb8.scope
S-cap17-epoch1	load_balancer_unreal1_pb_6_4_pe_.ltl	load_balancer_unreal1_pb_6_4_pe_.tlsf	17	TIMEOUT	17.14261791901663	124	true	timeout	status	0	8	38	50384cf69a733199fa17c9c571da1761d8451991	f80ff3f62daaa6e22a6753a3f30a127baab424d0320949bc9957a6ff62ea5ebe	otf_sparse_formula	2026-09-20T09:45:35.597166Z					8G	0			true		acacia-syntcomp26-coverage-232951-8f0f93c90430.scope
S-cap17-epoch1	ltl2dba_R_pb_12_pe_.ltl	ltl2dba_R_pb_12_pe_.tlsf	17	TIMEOUT	17.05391891801264	124	true	timeout	none	0	8	39	50384cf69a733199fa17c9c571da1761d8451991	f80ff3f62daaa6e22a6753a3f30a127baab424d0320949bc9957a6ff62ea5ebe	otf_sparse_formula	2026-09-20T09:45:52.665085Z					8G	0			true		acacia-syntcomp26-coverage-232951-3384eba5fa8d.scope
S-cap17-epoch1	ltl2dba_R_pb_1_pe_.ltl	ltl2dba_R_pb_1_pe_.tlsf	17	REALIZABLE	0.03268221698817797	0	false		status	11	30	40	50384cf69a733199fa17c9c571da1761d8451991	f80ff3f62daaa6e22a6753a3f30a127baab424d0320949bc9957a6ff62ea5ebe	otf_sparse_formula	2026-09-20T09:45:52.737339Z		0.030000	15470592		8G	0			true		acacia-syntcomp26-coverage-232951-2e9fa86d6e46.scope
S-cap17-epoch1	ltl2dba_R_pb_7_pe_.ltl	ltl2dba_R_pb_7_pe_.tlsf	17	UNREALIZABLE	6.725324377999641	1	false		status	13	31	41	50384cf69a733199fa17c9c571da1761d8451991	f80ff3f62daaa6e22a6753a3f30a127baab424d0320949bc9957a6ff62ea5ebe	otf_sparse_formula	2026-09-20T09:45:59.476340Z		26.690000	64512000		8G	0			true		acacia-syntcomp26-coverage-232951-02e4531aec0d.scope
S-cap17-epoch1	ltl2dba_U1_pb_10_pe_.ltl	ltl2dba_U1_pb_10_pe_.tlsf	17	REALIZABLE	0.027367817994672805	0	false		status	11	30	42	50384cf69a733199fa17c9c571da1761d8451991	f80ff3f62daaa6e22a6753a3f30a127baab424d0320949bc9957a6ff62ea5ebe	otf_sparse_formula	2026-09-20T09:45:59.527253Z		0.020000	15327232		8G	0			true		acacia-syntcomp26-coverage-232951-c5896e77a92f.scope
S-cap17-epoch1	ltl2dba_U1_pb_25_pe_.ltl	ltl2dba_U1_pb_25_pe_.tlsf	17	REALIZABLE	0.027310200995998457	0	false		none	11	30	43	50384cf69a733199fa17c9c571da1761d8451991	f80ff3f62daaa6e22a6753a3f30a127baab424d0320949bc9957a6ff62ea5ebe	otf_sparse_formula	2026-09-20T09:45:59.579907Z		0.020000	15319040		8G	0			true		acacia-syntcomp26-coverage-232951-8d7b191be733.scope
S-cap17-epoch1	ltl2dba_alpha_pb_10_pe_.ltl	ltl2dba_alpha_pb_10_pe_.tlsf	17	REALIZABLE	0.030453097017016262	0	false		status	11	30	44	50384cf69a733199fa17c9c571da1761d8451991	f80ff3f62daaa6e22a6753a3f30a127baab424d0320949bc9957a6ff62ea5ebe	otf_sparse_formula	2026-09-20T09:45:59.638779Z		0.030000	15454208		8G	0			true		acacia-syntcomp26-coverage-232951-7ff9661c1763.scope
S-cap17-epoch1	ltl2dba_alpha_pb_4_pe_.ltl	ltl2dba_alpha_pb_4_pe_.tlsf	17	REALIZABLE	0.028682575997663662	0	false		status	11	30	45	50384cf69a733199fa17c9c571da1761d8451991	f80ff3f62daaa6e22a6753a3f30a127baab424d0320949bc9957a6ff62ea5ebe	otf_sparse_formula	2026-09-20T09:45:59.707658Z		0.030000	15527936		8G	0			true		acacia-syntcomp26-coverage-232951-b357f39fd27a.scope
S-cap17-epoch1	ltl2dba_beta_pb_18_pe_.ltl	ltl2dba_beta_pb_18_pe_.tlsf	17	REALIZABLE	0.034617330005858094	0	false		none	11	30	46	50384cf69a733199fa17c9c571da1761d8451991	f80ff3f62daaa6e22a6753a3f30a127baab424d0320949bc9957a6ff62ea5ebe	otf_sparse_formula	2026-09-20T09:45:59.782040Z		0.030000	15376384		8G	0			true		acacia-syntcomp26-coverage-232951-25a0d1ff2c4b.scope
S-cap17-epoch1	ltl2dba_theta_pb_16_pe_.ltl	ltl2dba_theta_pb_16_pe_.tlsf	17	TIMEOUT	17.094359265000094	124	true	timeout	status	0	8	47	50384cf69a733199fa17c9c571da1761d8451991	f80ff3f62daaa6e22a6753a3f30a127baab424d0320949bc9957a6ff62ea5ebe	otf_sparse_formula	2026-09-20T09:46:16.918071Z					8G	0			true		acacia-syntcomp26-coverage-232951-df8d7ecd9c9d.scope
S-cap17-epoch1	ltl2dpa04.ltl	ltl2dpa04.tlsf	17	REALIZABLE	0.030221408000215888	0	false		status	11	30	48	50384cf69a733199fa17c9c571da1761d8451991	f80ff3f62daaa6e22a6753a3f30a127baab424d0320949bc9957a6ff62ea5ebe	otf_sparse_formula	2026-09-20T09:46:16.971233Z		0.020000	15622144		8G	0			true		acacia-syntcomp26-coverage-232951-797fa8c6c39a.scope
S-cap17-epoch1	ltl2dpa09.ltl	ltl2dpa09.tlsf	17	REALIZABLE	0.03310379199683666	0	false		status	11	30	49	50384cf69a733199fa17c9c571da1761d8451991	f80ff3f62daaa6e22a6753a3f30a127baab424d0320949bc9957a6ff62ea5ebe	otf_sparse_formula	2026-09-20T09:46:17.045771Z		0.030000	15638528		8G	0			true		acacia-syntcomp26-coverage-232951-2229aedf44ba.scope
S-cap17-epoch1	ltl2dpa19.ltl	ltl2dpa19.tlsf	17	REALIZABLE	0.0785137300263159	0	false		status	11	30	50	50384cf69a733199fa17c9c571da1761d8451991	f80ff3f62daaa6e22a6753a3f30a127baab424d0320949bc9957a6ff62ea5ebe	otf_sparse_formula	2026-09-20T09:46:17.138288Z		0.200000	23023616		8G	0			true		acacia-syntcomp26-coverage-232951-4cfae5f542ee.scope
S-cap17-epoch1	mux_pb_10_pe_.ltl	mux_pb_10_pe_.tlsf	17	REALIZABLE	0.023759438015986234	0	false		status	11	30	51	50384cf69a733199fa17c9c571da1761d8451991	f80ff3f62daaa6e22a6753a3f30a127baab424d0320949bc9957a6ff62ea5ebe	otf_sparse_formula	2026-09-20T09:46:17.174070Z		0.010000	15736832	42971136	8G	0			true		acacia-syntcomp26-coverage-232951-16736e8f09b1.scope
S-cap17-epoch1	narylatch_pb_11_pe_.ltl	narylatch_pb_11_pe_.tlsf	17	REALIZABLE	0.01929843198740855	0	false		none	11	30	52	50384cf69a733199fa17c9c571da1761d8451991	f80ff3f62daaa6e22a6753a3f30a127baab424d0320949bc9957a6ff62ea5ebe	otf_sparse_formula	2026-09-20T09:46:17.206363Z		0.020000	19603456		8G	0			true		acacia-syntcomp26-coverage-232951-83d0ebdb132e.scope
S-cap17-epoch1	prioritized_arbiter_enc_pb_12_pe_.ltl	prioritized_arbiter_enc_pb_12_pe_.tlsf	17	TIMEOUT	17.053496025997447	124	true	timeout	status	0	8	53	50384cf69a733199fa17c9c571da1761d8451991	f80ff3f62daaa6e22a6753a3f30a127baab424d0320949bc9957a6ff62ea5ebe	otf_sparse_formula	2026-09-20T09:46:34.272018Z					8G	0			true		acacia-syntcomp26-coverage-232951-04b80761ec04.scope
S-cap17-epoch1	prioritized_arbiter_unreal1_pb_3_10_pe_.ltl	prioritized_arbiter_unreal1_pb_3_10_pe_.tlsf	17	UNREALIZABLE	0.025067376991501078	1	false		status	13	30	54	50384cf69a733199fa17c9c571da1761d8451991	f80ff3f62daaa6e22a6753a3f30a127baab424d0320949bc9957a6ff62ea5ebe	otf_sparse_formula	2026-09-20T09:46:34.312107Z		0.010000	18505728		8G	0			true		acacia-syntcomp26-coverage-232951-7d213f167918.scope
S-cap17-epoch1	prioritized_arbiter_unreal1_pb_4_4_pe_.ltl	prioritized_arbiter_unreal1_pb_4_4_pe_.tlsf	17	UNREALIZABLE	0.018764297012239695	1	false		status	13	30	55	50384cf69a733199fa17c9c571da1761d8451991	f80ff3f62daaa6e22a6753a3f30a127baab424d0320949bc9957a6ff62ea5ebe	otf_sparse_formula	2026-09-20T09:46:34.343238Z		0.010000	18681856	44167168	8G	0			true		acacia-syntcomp26-coverage-232951-50a7fd495c1d.scope
S-cap17-epoch1	robot-resource-1d-unreal.ltl	robot-resource-1d-unreal.tlsf	17	UNREALIZABLE	0.10217059098067693	1	false		none	13	30	56	50384cf69a733199fa17c9c571da1761d8451991	f80ff3f62daaa6e22a6753a3f30a127baab424d0320949bc9957a6ff62ea5ebe	otf_sparse_formula	2026-09-20T09:46:34.458767Z		0.320000	29716480		8G	0			true		acacia-syntcomp26-coverage-232951-7ba08aae5db9.scope
S-cap17-epoch1	robot-resource-2d19.ltl	robot-resource-2d19.tlsf	17	UNREALIZABLE	7.926096280978527	1	false		none	13	31	57	50384cf69a733199fa17c9c571da1761d8451991	f80ff3f62daaa6e22a6753a3f30a127baab424d0320949bc9957a6ff62ea5ebe	otf_sparse_formula	2026-09-20T09:46:42.397794Z		31.480000	82436096		8G	0			true		acacia-syntcomp26-coverage-232951-8626f2294713.scope
S-cap17-epoch1	robot-resource-2d22.ltl	robot-resource-2d22.tlsf	17	UNREALIZABLE	10.12971710099373	1	false		none	13	31	58	50384cf69a733199fa17c9c571da1761d8451991	f80ff3f62daaa6e22a6753a3f30a127baab424d0320949bc9957a6ff62ea5ebe	otf_sparse_formula	2026-09-20T09:46:52.542732Z		40.240000	82292736		8G	0			true		acacia-syntcomp26-coverage-232951-d88a4d76d4ef.scope
S-cap17-epoch1	robot-to-target-charging21.ltl	robot-to-target-charging21.tlsf	17	TIMEOUT	17.095239640009822	124	true	timeout	none	0	8	59	50384cf69a733199fa17c9c571da1761d8451991	f80ff3f62daaa6e22a6753a3f30a127baab424d0320949bc9957a6ff62ea5ebe	otf_sparse_formula	2026-09-20T09:47:09.679703Z					8G	0			true		acacia-syntcomp26-coverage-232951-5641cb352970.scope
S-cap17-epoch1	round_robin_arbiter_pb_8_pe_.ltl	round_robin_arbiter_pb_8_pe_.tlsf	17	TIMEOUT	17.12883943601628	124	true	timeout	none	0	8	60	50384cf69a733199fa17c9c571da1761d8451991	f80ff3f62daaa6e22a6753a3f30a127baab424d0320949bc9957a6ff62ea5ebe	otf_sparse_formula	2026-09-20T09:47:26.848597Z					8G	0			true		acacia-syntcomp26-coverage-232951-fcb5f51b9390.scope
S-cap17-epoch1	round_robin_arbiter_unreal1_pb_2_3_pe_.ltl	round_robin_arbiter_unreal1_pb_2_3_pe_.tlsf	17	UNREALIZABLE	0.03648584501934238	1	false		status	13	30	61	50384cf69a733199fa17c9c571da1761d8451991	f80ff3f62daaa6e22a6753a3f30a127baab424d0320949bc9957a6ff62ea5ebe	otf_sparse_formula	2026-09-20T09:47:26.908613Z		0.040000	19091456		8G	0			true		acacia-syntcomp26-coverage-232951-2cad0ffec8dc.scope
S-cap17-epoch1	round_robin_arbiter_unreal1_pb_2_7_pe_.ltl	round_robin_arbiter_unreal1_pb_2_7_pe_.tlsf	17	UNREALIZABLE	0.04124908099765889	1	false		status	13	30	62	50384cf69a733199fa17c9c571da1761d8451991	f80ff3f62daaa6e22a6753a3f30a127baab424d0320949bc9957a6ff62ea5ebe	otf_sparse_formula	2026-09-20T09:47:26.965199Z		0.070000	19660800		8G	0			true		acacia-syntcomp26-coverage-232951-10e76572b7af.scope
S-cap17-epoch1	round_robin_arbiter_unreal1_pb_4_5_pe_.ltl	round_robin_arbiter_unreal1_pb_4_5_pe_.tlsf	17	TIMEOUT	17.136328635999234	124	true	timeout	status	0	8	63	50384cf69a733199fa17c9c571da1761d8451991	f80ff3f62daaa6e22a6753a3f30a127baab424d0320949bc9957a6ff62ea5ebe	otf_sparse_formula	2026-09-20T09:47:44.114324Z					8G	0			true		acacia-syntcomp26-coverage-232951-85ebdda5922f.scope
S-cap17-epoch1	shift_pb_64_pe_.ltl	shift_pb_64_pe_.tlsf	17	REALIZABLE	0.01712616201257333	0	false		status	11	30	64	50384cf69a733199fa17c9c571da1761d8451991	f80ff3f62daaa6e22a6753a3f30a127baab424d0320949bc9957a6ff62ea5ebe	otf_sparse_formula	2026-09-20T09:47:44.144797Z		0.010000	16486400		8G	0			true		acacia-syntcomp26-coverage-232951-8bdf4f6ba0c4.scope
S-cap17-epoch1	simple_arbiter_unreal1_pb_16_4_pe_.ltl	simple_arbiter_unreal1_pb_16_4_pe_.tlsf	17	UNREALIZABLE	0.017821384011767805	1	false		status	13	30	65	50384cf69a733199fa17c9c571da1761d8451991	f80ff3f62daaa6e22a6753a3f30a127baab424d0320949bc9957a6ff62ea5ebe	otf_sparse_formula	2026-09-20T09:47:44.175365Z		0.010000	15450112	44240896	8G	0			true		acacia-syntcomp26-coverage-232951-cc06f643868c.scope
S-cap17-epoch1	simple_arbiter_unreal1_pb_4_4_pe_.ltl	simple_arbiter_unreal1_pb_4_4_pe_.tlsf	17	UNREALIZABLE	0.015636981988791376	1	false		status	13	30	66	50384cf69a733199fa17c9c571da1761d8451991	f80ff3f62daaa6e22a6753a3f30a127baab424d0320949bc9957a6ff62ea5ebe	otf_sparse_formula	2026-09-20T09:47:44.203425Z		0.010000	15253504	42848256	8G	0			true		acacia-syntcomp26-coverage-232951-278e95483ef8.scope
S-cap17-epoch1	simple_arbiter_unreal1_pb_6_4_pe_.ltl	simple_arbiter_unreal1_pb_6_4_pe_.tlsf	17	UNREALIZABLE	0.020013446017401293	1	false		status	13	30	67	50384cf69a733199fa17c9c571da1761d8451991	f80ff3f62daaa6e22a6753a3f30a127baab424d0320949bc9957a6ff62ea5ebe	otf_sparse_formula	2026-09-20T09:47:44.235451Z		0.010000	15470592	43528192	8G	0			true		acacia-syntcomp26-coverage-232951-4705a026f511.scope
S-cap17-epoch1	simple_arbiter_unreal2_pb_3_pe_.ltl	simple_arbiter_unreal2_pb_3_pe_.tlsf	17	UNREALIZABLE	0.017537762003485113	1	false		status	13	30	68	50384cf69a733199fa17c9c571da1761d8451991	f80ff3f62daaa6e22a6753a3f30a127baab424d0320949bc9957a6ff62ea5ebe	otf_sparse_formula	2026-09-20T09:47:44.266112Z		0.010000	15253504	43151360	8G	0			true		acacia-syntcomp26-coverage-232951-971fd21414a9.scope
S-cap17-epoch1	sort42.ltl	sort42.tlsf	17	UNREALIZABLE	13.843346289009787	1	false		none	13	32	69	50384cf69a733199fa17c9c571da1761d8451991	f80ff3f62daaa6e22a6753a3f30a127baab424d0320949bc9957a6ff62ea5ebe	otf_sparse_formula	2026-09-20T09:47:58.122699Z		54.980000	561500160		8G	0			true		acacia-syntcomp26-coverage-232951-e4ec07be72c7.scope
S-cap17-epoch1	test6_0f5381e9.ltl	test6_0f5381e9.tlsf	17	REALIZABLE	0.022387068020179868	0	false		status	11	30	70	50384cf69a733199fa17c9c571da1761d8451991	f80ff3f62daaa6e22a6753a3f30a127baab424d0320949bc9957a6ff62ea5ebe	otf_sparse_formula	2026-09-20T09:47:58.169514Z		0.030000	19419136		8G	0			true		acacia-syntcomp26-coverage-232951-84409bf399d7.scope
S-cap17-epoch1	workstation_resupply_pb_6_pe_.ltl	workstation_resupply_pb_6_pe_.tlsf	17	TIMEOUT	17.08667486900231	124	true	timeout	none	0	8	71	50384cf69a733199fa17c9c571da1761d8451991	f80ff3f62daaa6e22a6753a3f30a127baab424d0320949bc9957a6ff62ea5ebe	otf_sparse_formula	2026-09-20T09:48:15.278613Z					8G	0			true		acacia-syntcomp26-coverage-232951-7449b113b042.scope
S-cap17-epoch1	07.ltl	07.tlsf	17	TIMEOUT	17.03725152599509	124	true	timeout	none	0	8	0	50384cf69a733199fa17c9c571da1761d8451991	f80ff3f62daaa6e22a6753a3f30a127baab424d0320949bc9957a6ff62ea5ebe	otf_sparse_formula	2026-09-20T09:59:08.665962Z					8G	0			true		acacia-syntcomp26-coverage-237614-1cbfbe7483e0.scope
S-cap17-epoch1	Coffee_f1477cc5.ltl	Coffee_f1477cc5.tlsf	17	UNREALIZABLE	0.026865167979849502	1	false		status	13	30	1	50384cf69a733199fa17c9c571da1761d8451991	f80ff3f62daaa6e22a6753a3f30a127baab424d0320949bc9957a6ff62ea5ebe	otf_sparse_formula	2026-09-20T09:59:08.727579Z		0.020000	19058688		8G	0			true		acacia-syntcomp26-coverage-237614-9cdd49da412f.scope
S-cap17-epoch1	FelixSpecFixed3.core_b209ff21.ltl	FelixSpecFixed3.core_b209ff21.tlsf	17	UNREALIZABLE	0.048935584985883906	1	false		status	13	30	2	50384cf69a733199fa17c9c571da1761d8451991	f80ff3f62daaa6e22a6753a3f30a127baab424d0320949bc9957a6ff62ea5ebe	otf_sparse_formula	2026-09-20T09:59:08.789667Z		0.140000	21463040		8G	0			true		acacia-syntcomp26-coverage-237614-9c552e87a7fe.scope
S-cap17-epoch1	FelixSpecFixed_2418b67e.ltl	FelixSpecFixed_2418b67e.tlsf	17	TIMEOUT	17.088029692007694	124	true	timeout	status	0	8	3	50384cf69a733199fa17c9c571da1761d8451991	f80ff3f62daaa6e22a6753a3f30a127baab424d0320949bc9957a6ff62ea5ebe	otf_sparse_formula	2026-09-20T09:59:25.904159Z					8G	0			true		acacia-syntcomp26-coverage-237614-55ef0da093e5.scope
S-cap17-epoch1	Lights2_2c5b09da.ltl	Lights2_2c5b09da.tlsf	17	REALIZABLE	0.04580401600105688	0	false		status	11	30	4	50384cf69a733199fa17c9c571da1761d8451991	f80ff3f62daaa6e22a6753a3f30a127baab424d0320949bc9957a6ff62ea5ebe	otf_sparse_formula	2026-09-20T09:59:25.963149Z		0.100000	22618112		8G	0			true		acacia-syntcomp26-coverage-237614-ee09f1aae37f.scope
S-cap17-epoch1	Morning2_407db2cc.ltl	Morning2_407db2cc.tlsf	17	TIMEOUT	17.092571377987042	124	true	timeout	none	0	8	5	50384cf69a733199fa17c9c571da1761d8451991	f80ff3f62daaa6e22a6753a3f30a127baab424d0320949bc9957a6ff62ea5ebe	otf_sparse_formula	2026-09-20T09:59:43.082333Z					8G	0			true		acacia-syntcomp26-coverage-237614-3ea017aab10b.scope
S-cap17-epoch1	Morning2s_2c5b09da.ltl	Morning2s_2c5b09da.tlsf	17	TIMEOUT	17.08505231901654	124	true	timeout	none	0	8	6	50384cf69a733199fa17c9c571da1761d8451991	f80ff3f62daaa6e22a6753a3f30a127baab424d0320949bc9957a6ff62ea5ebe	otf_sparse_formula	2026-09-20T10:00:00.180905Z					8G	0			true		acacia-syntcomp26-coverage-237614-5a6acdb05592.scope
S-cap17-epoch1	Morning_88c5c1c3.ltl	Morning_88c5c1c3.tlsf	17	TIMEOUT	17.140046756976517	124	true	timeout	status	0	8	7	50384cf69a733199fa17c9c571da1761d8451991	f80ff3f62daaa6e22a6753a3f30a127baab424d0320949bc9957a6ff62ea5ebe	otf_sparse_formula	2026-09-20T10:00:17.346366Z					8G	0			true		acacia-syntcomp26-coverage-237614-77fdcd883447.scope
S-cap17-epoch1	RegManager.ltl	RegManager.tlsf	17	REALIZABLE	0.03767129700281657	0	false		status	11	30	8	50384cf69a733199fa17c9c571da1761d8451991	f80ff3f62daaa6e22a6753a3f30a127baab424d0320949bc9957a6ff62ea5ebe	otf_sparse_formula	2026-09-20T10:00:17.417475Z		0.020000	15712256		8G	0			true		acacia-syntcomp26-coverage-237614-c0f3069719a3.scope
S-cap17-epoch1	amba_decomposed_arbiter_pb_5_pe_.ltl	amba_decomposed_arbiter_pb_5_pe_.tlsf	17	REALIZABLE	0.12014364602509886	0	false		status	11	30	9	50384cf69a733199fa17c9c571da1761d8451991	f80ff3f62daaa6e22a6753a3f30a127baab424d0320949bc9957a6ff62ea5ebe	otf_sparse_formula	2026-09-20T10:00:17.552182Z		0.380000	32047104		8G	0			true		acacia-syntcomp26-coverage-237614-d73aac9aa532.scope
S-cap17-epoch1	collector_v2_pb_9_pe_.ltl	collector_v2_pb_9_pe_.tlsf	17	REALIZABLE	0.07514417299535125	0	false		status	11	30	10	50384cf69a733199fa17c9c571da1761d8451991	f80ff3f62daaa6e22a6753a3f30a127baab424d0320949bc9957a6ff62ea5ebe	otf_sparse_formula	2026-09-20T10:00:17.641103Z		0.240000	40599552		8G	0			true		acacia-syntcomp26-coverage-237614-8637e0a82bbc.scope
S-cap17-epoch1	f-real-real.ltl	f-real-real.tlsf	17	TIMEOUT	17.089785130985547	124	true	timeout	none	0	8	11	50384cf69a733199fa17c9c571da1761d8451991	f80ff3f62daaa6e22a6753a3f30a127baab424d0320949bc9957a6ff62ea5ebe	otf_sparse_formula	2026-09-20T10:00:34.771301Z					8G	0			true		acacia-syntcomp26-coverage-237614-06fe5c59e15a.scope
S-cap17-epoch1	full_arbiter_unreal1_pb_3_12_pe_.ltl	full_arbiter_unreal1_pb_3_12_pe_.tlsf	17	UNREALIZABLE	0.021098016994073987	1	false		none	13	30	12	50384cf69a733199fa17c9c571da1761d8451991	f80ff3f62daaa6e22a6753a3f30a127baab424d0320949bc9957a6ff62ea5ebe	otf_sparse_formula	2026-09-20T10:00:34.815944Z		0.020000	15310848		8G	0			true		acacia-syntcomp26-coverage-237614-45771be79848.scope
S-cap17-epoch1	full_arbiter_unreal2_pb_5_pe_.ltl	full_arbiter_unreal2_pb_5_pe_.tlsf	17	UNREALIZABLE	0.03129872298450209	1	false		none	13	30	13	50384cf69a733199fa17c9c571da1761d8451991	f80ff3f62daaa6e22a6753a3f30a127baab424d0320949bc9957a6ff62ea5ebe	otf_sparse_formula	2026-09-20T10:00:34.874488Z		0.040000	15458304		8G	0			true		acacia-syntcomp26-coverage-237614-d59da4d0cec6.scope
S-cap17-epoch1	g-unreal-15.ltl	g-unreal-15.tlsf	17	UNREALIZABLE	0.1480705560243223	1	false		none	13	30	14	50384cf69a733199fa17c9c571da1761d8451991	f80ff3f62daaa6e22a6753a3f30a127baab424d0320949bc9957a6ff62ea5ebe	otf_sparse_formula	2026-09-20T10:00:35.036117Z		0.440000	37879808		8G	0			true		acacia-syntcomp26-coverage-237614-93de9ebd16e3.scope
S-cap17-epoch1	gf-unreal17.ltl	gf-unreal17.tlsf	17	UNREALIZABLE	0.024356056994292885	1	false		none	13	30	15	50384cf69a733199fa17c9c571da1761d8451991	f80ff3f62daaa6e22a6753a3f30a127baab424d0320949bc9957a6ff62ea5ebe	otf_sparse_formula	2026-09-20T10:00:35.082874Z		0.040000	18485248		8G	0			true		acacia-syntcomp26-coverage-237614-4973dcc2d0ec.scope
S-cap17-epoch1	helipad-real.ltl	helipad-real.tlsf	17	TIMEOUT	17.13535442997818	124	true	timeout	none	0	8	16	50384cf69a733199fa17c9c571da1761d8451991	f80ff3f62daaa6e22a6753a3f30a127baab424d0320949bc9957a6ff62ea5ebe	otf_sparse_formula	2026-09-20T10:00:52.229850Z					8G	0			true		acacia-syntcomp26-coverage-237614-59353bd5d7cf.scope
S-cap17-epoch1	infinite-race-u16.ltl	infinite-race-u16.tlsf	17	TIMEOUT	17.135967234004056	124	true	timeout	none	0	8	17	50384cf69a733199fa17c9c571da1761d8451991	f80ff3f62daaa6e22a6753a3f30a127baab424d0320949bc9957a6ff62ea5ebe	otf_sparse_formula	2026-09-20T10:01:09.385322Z					8G	0			true		acacia-syntcomp26-coverage-237614-3270e69d575a.scope
S-cap17-epoch1	lilydemo07.ltl	lilydemo07.tlsf	17	REALIZABLE	0.030199473985703662	0	false		status	11	30	18	50384cf69a733199fa17c9c571da1761d8451991	f80ff3f62daaa6e22a6753a3f30a127baab424d0320949bc9957a6ff62ea5ebe	otf_sparse_formula	2026-09-20T10:01:09.451668Z		0.030000	17936384		8G	0			true		acacia-syntcomp26-coverage-237614-ce23aa4944a5.scope
S-cap17-epoch1	ltl2dba05.ltl	ltl2dba05.tlsf	17	REALIZABLE	0.020009295985801145	0	false		status	11	30	19	50384cf69a733199fa17c9c571da1761d8451991	f80ff3f62daaa6e22a6753a3f30a127baab424d0320949bc9957a6ff62ea5ebe	otf_sparse_formula	2026-09-20T10:01:09.492723Z		0.020000	15306752		8G	0			true		acacia-syntcomp26-coverage-237614-bb3c48a3da23.scope
S-cap17-epoch1	ltl2dba20.ltl	ltl2dba20.tlsf	17	REALIZABLE	0.031640458008041605	0	false		status	11	30	20	50384cf69a733199fa17c9c571da1761d8451991	f80ff3f62daaa6e22a6753a3f30a127baab424d0320949bc9957a6ff62ea5ebe	otf_sparse_formula	2026-09-20T10:01:09.561794Z		0.030000	15343616		8G	0			true		acacia-syntcomp26-coverage-237614-77d8efc72c2c.scope
S-cap17-epoch1	ltl2dba_C2_pb_100_pe_.ltl	ltl2dba_C2_pb_100_pe_.tlsf	17	REALIZABLE	0.03365297999698669	0	false		none	11	30	21	50384cf69a733199fa17c9c571da1761d8451991	f80ff3f62daaa6e22a6753a3f30a127baab424d0320949bc9957a6ff62ea5ebe	otf_sparse_formula	2026-09-20T10:01:09.634928Z		0.030000	16482304		8G	0			true		acacia-syntcomp26-coverage-237614-64b85faac1e5.scope
S-cap17-epoch1	ltl2dba_R_pb_2_pe_.ltl	ltl2dba_R_pb_2_pe_.tlsf	17	UNREALIZABLE	0.036073005001526326	1	false		status	13	30	22	50384cf69a733199fa17c9c571da1761d8451991	f80ff3f62daaa6e22a6753a3f30a127baab424d0320949bc9957a6ff62ea5ebe	otf_sparse_formula	2026-09-20T10:01:09.697190Z		0.050000	18427904		8G	0			true		acacia-syntcomp26-coverage-237614-7d6818e65934.scope
S-cap17-epoch1	ltl2dba_alpha_pb_7_pe_.ltl	ltl2dba_alpha_pb_7_pe_.tlsf	17	REALIZABLE	0.035503692022757605	0	false		status	11	30	23	50384cf69a733199fa17c9c571da1761d8451991	f80ff3f62daaa6e22a6753a3f30a127baab424d0320949bc9957a6ff62ea5ebe	otf_sparse_formula	2026-09-20T10:01:09.771652Z		0.030000	15421440		8G	0			true		acacia-syntcomp26-coverage-237614-7f0a83a5cfd8.scope
S-cap17-epoch1	ltl2dba_beta_pb_3_pe_.ltl	ltl2dba_beta_pb_3_pe_.tlsf	17	REALIZABLE	0.0366282929899171	0	false		status	11	30	24	50384cf69a733199fa17c9c571da1761d8451991	f80ff3f62daaa6e22a6753a3f30a127baab424d0320949bc9957a6ff62ea5ebe	otf_sparse_formula	2026-09-20T10:01:09.846386Z		0.030000	15380480		8G	0			true		acacia-syntcomp26-coverage-237614-34c4831b61e9.scope
S-cap17-epoch1	ltl2dba_theta_pb_25_pe_.ltl	ltl2dba_theta_pb_25_pe_.tlsf	17	TIMEOUT	17.08395030500833	124	true	timeout	status	0	8	25	50384cf69a733199fa17c9c571da1761d8451991	f80ff3f62daaa6e22a6753a3f30a127baab424d0320949bc9957a6ff62ea5ebe	otf_sparse_formula	2026-09-20T10:01:26.971426Z					8G	0			true		acacia-syntcomp26-coverage-237614-a3d83df9ad8f.scope
S-cap17-epoch1	ltl2dba_theta_pb_7_pe_.ltl	ltl2dba_theta_pb_7_pe_.tlsf	17	UNREALIZABLE	0.0634706290147733	1	false		status	13	30	26	50384cf69a733199fa17c9c571da1761d8451991	f80ff3f62daaa6e22a6753a3f30a127baab424d0320949bc9957a6ff62ea5ebe	otf_sparse_formula	2026-09-20T10:01:27.054073Z		0.150000	25415680		8G	0			true		acacia-syntcomp26-coverage-237614-b1e8469e45ff.scope
S-cap17-epoch1	narylatch_pb_16_pe_.ltl	narylatch_pb_16_pe_.tlsf	17	REALIZABLE	0.04268289401079528	0	false		none	11	30	27	50384cf69a733199fa17c9c571da1761d8451991	f80ff3f62daaa6e22a6753a3f30a127baab424d0320949bc9957a6ff62ea5ebe	otf_sparse_formula	2026-09-20T10:01:27.110829Z		0.070000	19816448		8G	0			true		acacia-syntcomp26-coverage-237614-c4ec48cfea08.scope
S-cap17-epoch1	narylatch_pb_8_pe_.ltl	narylatch_pb_8_pe_.tlsf	17	REALIZABLE	0.03483642198261805	0	false		status	11	30	28	50384cf69a733199fa17c9c571da1761d8451991	f80ff3f62daaa6e22a6753a3f30a127baab424d0320949bc9957a6ff62ea5ebe	otf_sparse_formula	2026-09-20T10:01:27.169172Z		0.050000	19673088		8G	0			true		acacia-syntcomp26-coverage-237614-04de13154b65.scope
S-cap17-epoch1	ordered-visits-real.ltl	ordered-visits-real.tlsf	17	REALIZABLE	0.048904552997555584	0	false		none	11	30	29	50384cf69a733199fa17c9c571da1761d8451991	f80ff3f62daaa6e22a6753a3f30a127baab424d0320949bc9957a6ff62ea5ebe	otf_sparse_formula	2026-09-20T10:01:27.231766Z		0.090000	20930560		8G	0			true		acacia-syntcomp26-coverage-237614-350ad6119053.scope
S-cap17-epoch1	patrolling14.ltl	patrolling14.tlsf	17	UNREALIZABLE	0.23417447501560673	1	false		none	13	30	30	50384cf69a733199fa17c9c571da1761d8451991	f80ff3f62daaa6e22a6753a3f30a127baab424d0320949bc9957a6ff62ea5ebe	otf_sparse_formula	2026-09-20T10:01:27.479873Z		0.840000	40181760		8G	0			true		acacia-syntcomp26-coverage-237614-655c1226b980.scope
S-cap17-epoch1	patrolling17.ltl	patrolling17.tlsf	17	UNREALIZABLE	0.4703984899970237	1	false		none	13	30	31	50384cf69a733199fa17c9c571da1761d8451991	f80ff3f62daaa6e22a6753a3f30a127baab424d0320949bc9957a6ff62ea5ebe	otf_sparse_formula	2026-09-20T10:01:27.969041Z		1.780000	77045760		8G	0			true		acacia-syntcomp26-coverage-237614-a2cd295cbab2.scope
S-cap17-epoch1	patrolling22.ltl	patrolling22.tlsf	17	UNREALIZABLE	0.6121738069923595	1	false		none	13	31	32	50384cf69a733199fa17c9c571da1761d8451991	f80ff3f62daaa6e22a6753a3f30a127baab424d0320949bc9957a6ff62ea5ebe	otf_sparse_formula	2026-09-20T10:01:28.596342Z		2.320000	111980544		8G	0			true		acacia-syntcomp26-coverage-237614-97e207e66360.scope
S-cap17-epoch1	patrolling24.ltl	patrolling24.tlsf	17	UNREALIZABLE	0.744474070990691	1	false		none	13	31	33	50384cf69a733199fa17c9c571da1761d8451991	f80ff3f62daaa6e22a6753a3f30a127baab424d0320949bc9957a6ff62ea5ebe	otf_sparse_formula	2026-09-20T10:01:29.354735Z		2.860000	134483968		8G	0			true		acacia-syntcomp26-coverage-237614-5afbe07bf151.scope
S-cap17-epoch1	patrolling6.ltl	patrolling6.tlsf	17	UNREALIZABLE	0.0763562619977165	1	false		none	13	30	34	50384cf69a733199fa17c9c571da1761d8451991	f80ff3f62daaa6e22a6753a3f30a127baab424d0320949bc9957a6ff62ea5ebe	otf_sparse_formula	2026-09-20T10:01:29.445037Z		0.190000	22552576		8G	0			true		acacia-syntcomp26-coverage-237614-743149092aec.scope
S-cap17-epoch1	prioritized_arbiter_unreal1_pb_3_4_pe_.ltl	prioritized_arbiter_unreal1_pb_3_4_pe_.tlsf	17	UNREALIZABLE	0.027966171997832134	1	false		status	13	30	35	50384cf69a733199fa17c9c571da1761d8451991	f80ff3f62daaa6e22a6753a3f30a127baab424d0320949bc9957a6ff62ea5ebe	otf_sparse_formula	2026-09-20T10:01:29.495137Z		0.030000	18460672		8G	0			true		acacia-syntcomp26-coverage-237614-9153c5e38cbc.scope
S-cap17-epoch1	prioritized_arbiter_unreal1_pb_4_10_pe_.ltl	prioritized_arbiter_unreal1_pb_4_10_pe_.tlsf	17	UNREALIZABLE	0.036348466004710644	1	false		status	13	30	36	50384cf69a733199fa17c9c571da1761d8451991	f80ff3f62daaa6e22a6753a3f30a127baab424d0320949bc9957a6ff62ea5ebe	otf_sparse_formula	2026-09-20T10:01:29.554972Z		0.030000	18628608		8G	0			true		acacia-syntcomp26-coverage-237614-d6e34de1154f.scope
S-cap17-epoch1	prioritized_arbiter_unreal1_pb_4_11_pe_.ltl	prioritized_arbiter_unreal1_pb_4_11_pe_.tlsf	17	UNREALIZABLE	0.03610154500347562	1	false		status	13	30	37	50384cf69a733199fa17c9c571da1761d8451991	f80ff3f62daaa6e22a6753a3f30a127baab424d0320949bc9957a6ff62ea5ebe	otf_sparse_formula	2026-09-20T10:01:29.616937Z		0.050000	18620416		8G	0			true		acacia-syntcomp26-coverage-237614-8b997db3430e.scope
S-cap17-epoch1	prioritized_arbiter_unreal1_pb_5_16_pe_.ltl	prioritized_arbiter_unreal1_pb_5_16_pe_.tlsf	17	UNREALIZABLE	0.03729802599991672	1	false		status	13	30	38	50384cf69a733199fa17c9c571da1761d8451991	f80ff3f62daaa6e22a6753a3f30a127baab424d0320949bc9957a6ff62ea5ebe	otf_sparse_formula	2026-09-20T10:01:29.678948Z		0.050000	19025920		8G	0			true		acacia-syntcomp26-coverage-237614-bf72f4298a5c.scope
S-cap17-epoch1	prioritized_arbiter_unreal2_pb_10_pe_.ltl	prioritized_arbiter_unreal2_pb_10_pe_.tlsf	17	UNREALIZABLE	0.04514123001717962	1	false		status	13	30	39	50384cf69a733199fa17c9c571da1761d8451991	f80ff3f62daaa6e22a6753a3f30a127baab424d0320949bc9957a6ff62ea5ebe	otf_sparse_formula	2026-09-20T10:01:29.746193Z		0.060000	20103168		8G	0			true		acacia-syntcomp26-coverage-237614-e73a6fe0e5f4.scope
S-cap17-epoch1	prioritized_arbiter_unreal2_pb_2_pe_.ltl	prioritized_arbiter_unreal2_pb_2_pe_.tlsf	17	UNREALIZABLE	0.03700274400762282	1	false		status	13	30	40	50384cf69a733199fa17c9c571da1761d8451991	f80ff3f62daaa6e22a6753a3f30a127baab424d0320949bc9957a6ff62ea5ebe	otf_sparse_formula	2026-09-20T10:01:29.807957Z		0.040000	18292736		8G	0			true		acacia-syntcomp26-coverage-237614-45fd018fe104.scope
S-cap17-epoch1	reversible-lane-u-unreal.ltl	reversible-lane-u-unreal.tlsf	17	UNREALIZABLE	0.0984868009982165	1	false		none	13	30	41	50384cf69a733199fa17c9c571da1761d8451991	f80ff3f62daaa6e22a6753a3f30a127baab424d0320949bc9957a6ff62ea5ebe	otf_sparse_formula	2026-09-20T10:01:29.919786Z		0.290000	23764992		8G	0			true		acacia-syntcomp26-coverage-237614-7921d0c738b0.scope
S-cap17-epoch1	robot-resource-1d0.ltl	robot-resource-1d0.tlsf	17	UNREALIZABLE	0.02583464901545085	1	false		none	13	30	42	50384cf69a733199fa17c9c571da1761d8451991	f80ff3f62daaa6e22a6753a3f30a127baab424d0320949bc9957a6ff62ea5ebe	otf_sparse_formula	2026-09-20T10:01:29.958690Z		0.050000	19906560		8G	0			true		acacia-syntcomp26-coverage-237614-02602da72893.scope
S-cap17-epoch1	robot-resource-2d0.ltl	robot-resource-2d0.tlsf	17	UNREALIZABLE	0.05157298099948093	1	false		none	13	30	43	50384cf69a733199fa17c9c571da1761d8451991	f80ff3f62daaa6e22a6753a3f30a127baab424d0320949bc9957a6ff62ea5ebe	otf_sparse_formula	2026-09-20T10:01:30.028533Z		0.130000	20893696		8G	0			true		acacia-syntcomp26-coverage-237614-084ffe022922.scope
S-cap17-epoch1	robot-resource-2d16.ltl	robot-resource-2d16.tlsf	17	UNREALIZABLE	7.28963849201682	1	false		none	13	31	44	50384cf69a733199fa17c9c571da1761d8451991	f80ff3f62daaa6e22a6753a3f30a127baab424d0320949bc9957a6ff62ea5ebe	otf_sparse_formula	2026-09-20T10:01:37.331732Z		28.920000	82386944		8G	0			true		acacia-syntcomp26-coverage-237614-c43643c833e3.scope
S-cap17-epoch1	robot-to-target-charging-unreal0.ltl	robot-to-target-charging-unreal0.tlsf	17	TIMEOUT	17.090932373015676	124	true	timeout	none	0	8	45	50384cf69a733199fa17c9c571da1761d8451991	f80ff3f62daaa6e22a6753a3f30a127baab424d0320949bc9957a6ff62ea5ebe	otf_sparse_formula	2026-09-20T10:01:54.461395Z					8G	0			true		acacia-syntcomp26-coverage-237614-b7269087b85e.scope
S-cap17-epoch1	robot-to-target-charging-unreal6.ltl	robot-to-target-charging-unreal6.tlsf	17	TIMEOUT	17.087854329001857	124	true	timeout	none	0	8	46	50384cf69a733199fa17c9c571da1761d8451991	f80ff3f62daaa6e22a6753a3f30a127baab424d0320949bc9957a6ff62ea5ebe	otf_sparse_formula	2026-09-20T10:02:11.575468Z					8G	0			true		acacia-syntcomp26-coverage-237614-7ae84b5aa20a.scope
S-cap17-epoch1	robot_analyze_samples_v1-real.ltl	robot_analyze_samples_v1-real.tlsf	17	TIMEOUT	17.05328375400859	124	true	timeout	none	0	8	47	50384cf69a733199fa17c9c571da1761d8451991	f80ff3f62daaa6e22a6753a3f30a127baab424d0320949bc9957a6ff62ea5ebe	otf_sparse_formula	2026-09-20T10:02:28.642456Z					8G	0			true		acacia-syntcomp26-coverage-237614-ca2e497bc3a5.scope
S-cap17-epoch1	robot_deliver_products_40.ltl	robot_deliver_products_40.tlsf	17	TIMEOUT	17.09263628901681	124	true	timeout	none	0	8	48	50384cf69a733199fa17c9c571da1761d8451991	f80ff3f62daaa6e22a6753a3f30a127baab424d0320949bc9957a6ff62ea5ebe	otf_sparse_formula	2026-09-20T10:02:45.772950Z					8G	0			true		acacia-syntcomp26-coverage-237614-7ef64061f810.scope
S-cap17-epoch1	round_robin_arbiter_unreal1_pb_2_13_pe_.ltl	round_robin_arbiter_unreal1_pb_2_13_pe_.tlsf	17	UNREALIZABLE	0.30356296998797916	1	false		status	13	30	49	50384cf69a733199fa17c9c571da1761d8451991	f80ff3f62daaa6e22a6753a3f30a127baab424d0320949bc9957a6ff62ea5ebe	otf_sparse_formula	2026-09-20T10:02:46.091347Z		1.100000	59142144		8G	0			true		acacia-syntcomp26-coverage-237614-b385f06635bb.scope
S-cap17-epoch1	round_robin_arbiter_unreal1_pb_2_6_pe_.ltl	round_robin_arbiter_unreal1_pb_2_6_pe_.tlsf	17	UNREALIZABLE	0.03715168300550431	1	false		status	13	30	50	50384cf69a733199fa17c9c571da1761d8451991	f80ff3f62daaa6e22a6753a3f30a127baab424d0320949bc9957a6ff62ea5ebe	otf_sparse_formula	2026-09-20T10:02:46.143527Z		0.050000	19468288		8G	0			true		acacia-syntcomp26-coverage-237614-7afdbda53c04.scope
S-cap17-epoch1	rw_arbiter_pb_2_pe_.ltl	rw_arbiter_pb_2_pe_.tlsf	17	REALIZABLE	0.03957599599380046	0	false		none	11	30	51	50384cf69a733199fa17c9c571da1761d8451991	f80ff3f62daaa6e22a6753a3f30a127baab424d0320949bc9957a6ff62ea5ebe	otf_sparse_formula	2026-09-20T10:02:46.202077Z		0.050000	20533248		8G	0			true		acacia-syntcomp26-coverage-237614-d679aceb818f.scope
S-cap17-epoch1	shift_pb_16_pe_.ltl	shift_pb_16_pe_.tlsf	17	REALIZABLE	0.019140494987368584	0	false		status	11	30	52	50384cf69a733199fa17c9c571da1761d8451991	f80ff3f62daaa6e22a6753a3f30a127baab424d0320949bc9957a6ff62ea5ebe	otf_sparse_formula	2026-09-20T10:02:46.234843Z		0.010000	15568896	43421696	8G	0			true		acacia-syntcomp26-coverage-237614-dbac77820042.scope
S-cap17-epoch1	simple_arbiter_unreal1_pb_4_10_pe_.ltl	simple_arbiter_unreal1_pb_4_10_pe_.tlsf	17	UNREALIZABLE	0.017636444012168795	1	false		status	13	30	53	50384cf69a733199fa17c9c571da1761d8451991	f80ff3f62daaa6e22a6753a3f30a127baab424d0320949bc9957a6ff62ea5ebe	otf_sparse_formula	2026-09-20T10:02:46.264576Z		0.010000	15364096	43610112	8G	0			true		acacia-syntcomp26-coverage-237614-3251ecc0a6d4.scope
S-cap17-epoch1	tasks-unreal0.ltl	tasks-unreal0.tlsf	17	TIMEOUT	17.05312322700047	124	true	timeout	none	0	8	54	50384cf69a733199fa17c9c571da1761d8451991	f80ff3f62daaa6e22a6753a3f30a127baab424d0320949bc9957a6ff62ea5ebe	otf_sparse_formula	2026-09-20T10:03:03.329358Z					8G	0			true		acacia-syntcomp26-coverage-237614-ebf606e21631.scope
S-cap17-epoch1	tasks-unreal2.ltl	tasks-unreal2.tlsf	17	TIMEOUT	17.08732200798113	124	true	timeout	none	0	8	55	50384cf69a733199fa17c9c571da1761d8451991	f80ff3f62daaa6e22a6753a3f30a127baab424d0320949bc9957a6ff62ea5ebe	otf_sparse_formula	2026-09-20T10:03:20.455908Z					8G	0			true		acacia-syntcomp26-coverage-237614-8de9219107cd.scope
S-cap17-epoch1	workstation_resupply_pb_5_pe_.ltl	workstation_resupply_pb_5_pe_.tlsf	17	TIMEOUT	17.053178565984126	124	true	timeout	none	0	8	56	50384cf69a733199fa17c9c571da1761d8451991	f80ff3f62daaa6e22a6753a3f30a127baab424d0320949bc9957a6ff62ea5ebe	otf_sparse_formula	2026-09-20T10:03:37.521708Z					8G	0			true		acacia-syntcomp26-coverage-237614-24dfb2a0b842.scope
S-cap17-epoch1	F-G-contradiction-113.ltl	F-G-contradiction-113.tlsf	17	TIMEOUT	17.08689854797558	124	true	timeout	none	0	8	0	50384cf69a733199fa17c9c571da1761d8451991	f80ff3f62daaa6e22a6753a3f30a127baab424d0320949bc9957a6ff62ea5ebe	otf_sparse_formula	2026-09-20T10:03:54.702182Z					8G	0			true		acacia-syntcomp26-coverage-238647-9a04d773444b.scope
S-cap17-epoch1	F-G-contradiction-12.ltl	F-G-contradiction-12.tlsf	17	UNREALIZABLE	0.06365655700210482	1	false		none	13	30	1	50384cf69a733199fa17c9c571da1761d8451991	f80ff3f62daaa6e22a6753a3f30a127baab424d0320949bc9957a6ff62ea5ebe	otf_sparse_formula	2026-09-20T10:03:54.797460Z		0.190000	23699456		8G	0			true		acacia-syntcomp26-coverage-238647-ea1518d35739.scope
S-cap17-epoch1	FelixSpecFixed4GuaranteesOnly_88f351a6.ltl	FelixSpecFixed4GuaranteesOnly_88f351a6.tlsf	17	UNREALIZABLE	0.02067924599396065	1	false		status	13	30	2	50384cf69a733199fa17c9c571da1761d8451991	f80ff3f62daaa6e22a6753a3f30a127baab424d0320949bc9957a6ff62ea5ebe	otf_sparse_formula	2026-09-20T10:03:54.831095Z		0.010000	19386368	49258496	8G	0			true		acacia-syntcomp26-coverage-238647-ab5e7c07470d.scope
S-cap17-epoch1	KitchenTimerV5.ltl	KitchenTimerV5.tlsf	17	REALIZABLE	0.045279791025677696	0	false		status	11	30	3	50384cf69a733199fa17c9c571da1761d8451991	f80ff3f62daaa6e22a6753a3f30a127baab424d0320949bc9957a6ff62ea5ebe	otf_sparse_formula	2026-09-20T10:03:54.890312Z		0.110000	22958080		8G	0			true		acacia-syntcomp26-coverage-238647-cc8346741be1.scope
S-cap17-epoch1	Lights2Min_9cbf2546.ltl	Lights2Min_9cbf2546.tlsf	17	REALIZABLE	0.02264272200409323	0	false		status	11	30	4	50384cf69a733199fa17c9c571da1761d8451991	f80ff3f62daaa6e22a6753a3f30a127baab424d0320949bc9957a6ff62ea5ebe	otf_sparse_formula	2026-09-20T10:03:54.925200Z		0.020000	20172800		8G	0			true		acacia-syntcomp26-coverage-238647-2caa130da539.scope
S-cap17-epoch1	Lights2_06e9cad4.ltl	Lights2_06e9cad4.tlsf	17	REALIZABLE	0.1873450179991778	0	false		status	11	30	5	50384cf69a733199fa17c9c571da1761d8451991	f80ff3f62daaa6e22a6753a3f30a127baab424d0320949bc9957a6ff62ea5ebe	otf_sparse_formula	2026-09-20T10:03:55.126325Z		0.680000	31670272		8G	0			true		acacia-syntcomp26-coverage-238647-5f6ceb3c7f49.scope
S-cap17-epoch1	Lights3_3916ec59.ltl	Lights3_3916ec59.tlsf	17	REALIZABLE	0.031369039992569014	0	false		status	11	30	6	50384cf69a733199fa17c9c571da1761d8451991	f80ff3f62daaa6e22a6753a3f30a127baab424d0320949bc9957a6ff62ea5ebe	otf_sparse_formula	2026-09-20T10:03:55.171851Z		0.050000	20631552		8G	0			true		acacia-syntcomp26-coverage-238647-131974f02197.scope
S-cap17-epoch1	Morning2s_42dc4fff.ltl	Morning2s_42dc4fff.tlsf	17	TIMEOUT	17.09697498800233	124	true	timeout	none	0	8	7	50384cf69a733199fa17c9c571da1761d8451991	f80ff3f62daaa6e22a6753a3f30a127baab424d0320949bc9957a6ff62ea5ebe	otf_sparse_formula	2026-09-20T10:04:12.309434Z					8G	0			true		acacia-syntcomp26-coverage-238647-1b223af00c17.scope
S-cap17-epoch1	OneCounterGuiA1.ltl	OneCounterGuiA1.tlsf	17	UNREALIZABLE	0.04079198601539247	1	false		status	13	30	8	50384cf69a733199fa17c9c571da1761d8451991	f80ff3f62daaa6e22a6753a3f30a127baab424d0320949bc9957a6ff62ea5ebe	otf_sparse_formula	2026-09-20T10:04:12.366424Z		0.080000	20467712		8G	0			true		acacia-syntcomp26-coverage-238647-9b24afc32f2c.scope
S-cap17-epoch1	SPIReadManag.ltl	SPIReadManag.tlsf	17	REALIZABLE	0.04481213499093428	0	false		status	11	30	9	50384cf69a733199fa17c9c571da1761d8451991	f80ff3f62daaa6e22a6753a3f30a127baab424d0320949bc9957a6ff62ea5ebe	otf_sparse_formula	2026-09-20T10:04:12.424782Z		0.080000	20406272		8G	0			true		acacia-syntcomp26-coverage-238647-96ff6bf66570.scope
S-cap17-epoch1	SensorSelector.ltl	SensorSelector.tlsf	17	REALIZABLE	0.028653693007072434	0	false		status	11	30	10	50384cf69a733199fa17c9c571da1761d8451991	f80ff3f62daaa6e22a6753a3f30a127baab424d0320949bc9957a6ff62ea5ebe	otf_sparse_formula	2026-09-20T10:04:12.477436Z		0.040000	20209664		8G	0			true		acacia-syntcomp26-coverage-238647-27e84f8bfbe4.scope
S-cap17-epoch1	SliderDelayed.ltl	SliderDelayed.tlsf	17	REALIZABLE	0.04107163200387731	0	false		status	11	30	11	50384cf69a733199fa17c9c571da1761d8451991	f80ff3f62daaa6e22a6753a3f30a127baab424d0320949bc9957a6ff62ea5ebe	otf_sparse_formula	2026-09-20T10:04:12.531660Z		0.080000	21581824		8G	0			true		acacia-syntcomp26-coverage-238647-7dbddc0094af.scope
S-cap17-epoch1	Timer_a50cadd7.ltl	Timer_a50cadd7.tlsf	17	REALIZABLE	0.027216180023970082	0	false		status	11	30	12	50384cf69a733199fa17c9c571da1761d8451991	f80ff3f62daaa6e22a6753a3f30a127baab424d0320949bc9957a6ff62ea5ebe	otf_sparse_formula	2026-09-20T10:04:12.583899Z		0.030000	15523840		8G	0			true		acacia-syntcomp26-coverage-238647-f6485c6b4d1a.scope
S-cap17-epoch1	abcg_arbiter_pb_5_pe_.ltl	abcg_arbiter_pb_5_pe_.tlsf	17	TIMEOUT	17.092485135013703	124	true	timeout	none	0	8	13	50384cf69a733199fa17c9c571da1761d8451991	f80ff3f62daaa6e22a6753a3f30a127baab424d0320949bc9957a6ff62ea5ebe	otf_sparse_formula	2026-09-20T10:04:29.714402Z					8G	0			true		acacia-syntcomp26-coverage-238647-38423f2c48be.scope
S-cap17-epoch1	amba_decomposed_arbiter_pb_3_pe_.ltl	amba_decomposed_arbiter_pb_3_pe_.tlsf	17	REALIZABLE	0.03594453900586814	0	false		status	11	30	14	50384cf69a733199fa17c9c571da1761d8451991	f80ff3f62daaa6e22a6753a3f30a127baab424d0320949bc9957a6ff62ea5ebe	otf_sparse_formula	2026-09-20T10:04:29.773236Z		0.040000	20615168		8G	0			true		acacia-syntcomp26-coverage-238647-6b7a58569377.scope
S-cap17-epoch1	amba_decomposed_lock_pb_15_pe_.ltl	amba_decomposed_lock_pb_15_pe_.tlsf	17	TIMEOUT	17.085311176022515	124	true	timeout	status	0	8	15	50384cf69a733199fa17c9c571da1761d8451991	f80ff3f62daaa6e22a6753a3f30a127baab424d0320949bc9957a6ff62ea5ebe	otf_sparse_formula	2026-09-20T10:04:46.871024Z					8G	0			true		acacia-syntcomp26-coverage-238647-07f509c60307.scope
S-cap17-epoch1	arbiter_pb_5_pe_.ltl	arbiter_pb_5_pe_.tlsf	17	REALIZABLE	0.36718026601010934	0	false		none	11	30	16	50384cf69a733199fa17c9c571da1761d8451991	f80ff3f62daaa6e22a6753a3f30a127baab424d0320949bc9957a6ff62ea5ebe	otf_sparse_formula	2026-09-20T10:04:47.257622Z		1.400000	45244416		8G	0			true		acacia-syntcomp26-coverage-238647-18b4f3adc67c.scope
S-cap17-epoch1	arbiter_with_cancel_pb_1_pe_.ltl	arbiter_with_cancel_pb_1_pe_.tlsf	17	REALIZABLE	0.01667670998722315	0	false		none	11	30	17	50384cf69a733199fa17c9c571da1761d8451991	f80ff3f62daaa6e22a6753a3f30a127baab424d0320949bc9957a6ff62ea5ebe	otf_sparse_formula	2026-09-20T10:04:47.287993Z		0.010000	17960960	43204608	8G	0			true		acacia-syntcomp26-coverage-238647-1bca0310db67.scope
S-cap17-epoch1	collector_v3_pb_3_pe_.ltl	collector_v3_pb_3_pe_.tlsf	17	REALIZABLE	0.017603886022698134	0	false		status	11	30	18	50384cf69a733199fa17c9c571da1761d8451991	f80ff3f62daaa6e22a6753a3f30a127baab424d0320949bc9957a6ff62ea5ebe	otf_sparse_formula	2026-09-20T10:04:47.317804Z		0.020000	18784256		8G	0			true		acacia-syntcomp26-coverage-238647-c1373b001410.scope
S-cap17-epoch1	full_arbiter_unreal1_pb_2_20_pe_.ltl	full_arbiter_unreal1_pb_2_20_pe_.tlsf	17	UNREALIZABLE	0.025858741020783782	1	false		status	13	30	19	50384cf69a733199fa17c9c571da1761d8451991	f80ff3f62daaa6e22a6753a3f30a127baab424d0320949bc9957a6ff62ea5ebe	otf_sparse_formula	2026-09-20T10:04:47.371081Z		0.020000	15470592		8G	0			true		acacia-syntcomp26-coverage-238647-c7847157a1f4.scope
S-cap17-epoch1	g-unreal-30.ltl	g-unreal-30.tlsf	17	UNREALIZABLE	0.06176424500881694	1	false		none	13	30	20	50384cf69a733199fa17c9c571da1761d8451991	f80ff3f62daaa6e22a6753a3f30a127baab424d0320949bc9957a6ff62ea5ebe	otf_sparse_formula	2026-09-20T10:04:47.447015Z		0.150000	23523328		8G	0			true		acacia-syntcomp26-coverage-238647-8424cd25bdce.scope
S-cap17-epoch1	g-unreal-31.ltl	g-unreal-31.tlsf	17	UNREALIZABLE	0.058935409993864596	1	false		none	13	30	21	50384cf69a733199fa17c9c571da1761d8451991	f80ff3f62daaa6e22a6753a3f30a127baab424d0320949bc9957a6ff62ea5ebe	otf_sparse_formula	2026-09-20T10:04:47.518719Z		0.160000	23162880		8G	0			true		acacia-syntcomp26-coverage-238647-9663404609e7.scope
S-cap17-epoch1	generalized_buffer_pb_2_pe_.ltl	generalized_buffer_pb_2_pe_.tlsf	17	REALIZABLE	0.03498531098011881	0	false		status	11	30	22	50384cf69a733199fa17c9c571da1761d8451991	f80ff3f62daaa6e22a6753a3f30a127baab424d0320949bc9957a6ff62ea5ebe	otf_sparse_formula	2026-09-20T10:04:47.568529Z		0.050000	19951616		8G	0			true		acacia-syntcomp26-coverage-238647-5955a1cf4b74.scope
S-cap17-epoch1	generalized_buffer_pb_6_pe_.ltl	generalized_buffer_pb_6_pe_.tlsf	17	TIMEOUT	17.053449419006938	124	true	timeout	none	0	8	23	50384cf69a733199fa17c9c571da1761d8451991	f80ff3f62daaa6e22a6753a3f30a127baab424d0320949bc9957a6ff62ea5ebe	otf_sparse_formula	2026-09-20T10:05:04.634992Z					8G	0			true		acacia-syntcomp26-coverage-238647-feb90dfac7e5.scope
S-cap17-epoch1	gf-unreal3.ltl	gf-unreal3.tlsf	17	UNREALIZABLE	0.017616190016269684	1	false		none	13	30	24	50384cf69a733199fa17c9c571da1761d8451991	f80ff3f62daaa6e22a6753a3f30a127baab424d0320949bc9957a6ff62ea5ebe	otf_sparse_formula	2026-09-20T10:05:04.667120Z		0.010000	17928192	44109824	8G	0			true		acacia-syntcomp26-coverage-238647-8f947fec1108.scope
S-cap17-epoch1	gf-unreal9.ltl	gf-unreal9.tlsf	17	UNREALIZABLE	0.01838492797105573	1	false		none	13	30	25	50384cf69a733199fa17c9c571da1761d8451991	f80ff3f62daaa6e22a6753a3f30a127baab424d0320949bc9957a6ff62ea5ebe	otf_sparse_formula	2026-09-20T10:05:04.699211Z		0.010000	18100224		8G	0			true		acacia-syntcomp26-coverage-238647-468985b67345.scope
S-cap17-epoch1	infinite-race-u7.ltl	infinite-race-u7.tlsf	17	UNREALIZABLE	1.5298297190165613	1	false		none	13	31	26	50384cf69a733199fa17c9c571da1761d8451991	f80ff3f62daaa6e22a6753a3f30a127baab424d0320949bc9957a6ff62ea5ebe	otf_sparse_formula	2026-09-20T10:05:06.242378Z		6.010000	130433024		8G	0			true		acacia-syntcomp26-coverage-238647-8831f8f897b1.scope
S-cap17-epoch1	lift_gr1+_pb_2_pe_.ltl	lift_gr1+_pb_2_pe_.tlsf	17	REALIZABLE	0.029336535022594035	0	false		none	11	30	27	50384cf69a733199fa17c9c571da1761d8451991	f80ff3f62daaa6e22a6753a3f30a127baab424d0320949bc9957a6ff62ea5ebe	otf_sparse_formula	2026-09-20T10:05:06.284982Z		0.060000	21438464		8G	0			true		acacia-syntcomp26-coverage-238647-df1e57fbc9d9.scope
S-cap17-epoch1	lift_gr1+_pb_7_pe_.ltl	lift_gr1+_pb_7_pe_.tlsf	17	TIMEOUT	17.145245733991032	124	true	timeout	none	0	8	28	50384cf69a733199fa17c9c571da1761d8451991	f80ff3f62daaa6e22a6753a3f30a127baab424d0320949bc9957a6ff62ea5ebe	otf_sparse_formula	2026-09-20T10:05:23.469408Z					8G	0			true		acacia-syntcomp26-coverage-238647-ca70fc8de975.scope
S-cap17-epoch1	lift_wrong_physics_unreal_pb_2_pe_.ltl	lift_wrong_physics_unreal_pb_2_pe_.tlsf	17	REALIZABLE	0.03486416599480435	0	false		none	11	30	29	50384cf69a733199fa17c9c571da1761d8451991	f80ff3f62daaa6e22a6753a3f30a127baab424d0320949bc9957a6ff62ea5ebe	otf_sparse_formula	2026-09-20T10:05:23.525763Z		0.040000	19845120		8G	0			true		acacia-syntcomp26-coverage-238647-641b2e88d075.scope
S-cap17-epoch1	lift_wrong_physics_unreal_pb_9_pe_.ltl	lift_wrong_physics_unreal_pb_9_pe_.tlsf	17	UNREALIZABLE	0.49032509498647414	1	false		none	13	30	30	50384cf69a733199fa17c9c571da1761d8451991	f80ff3f62daaa6e22a6753a3f30a127baab424d0320949bc9957a6ff62ea5ebe	otf_sparse_formula	2026-09-20T10:05:24.033866Z		1.850000	43253760		8G	0			true		acacia-syntcomp26-coverage-238647-772287591140.scope
S-cap17-epoch1	load_balancer_unreal1_pb_2_12_pe_.ltl	load_balancer_unreal1_pb_2_12_pe_.tlsf	17	UNREALIZABLE	0.0913239200017415	1	false		status	13	30	31	50384cf69a733199fa17c9c571da1761d8451991	f80ff3f62daaa6e22a6753a3f30a127baab424d0320949bc9957a6ff62ea5ebe	otf_sparse_formula	2026-09-20T10:05:24.145061Z		0.240000	24059904		8G	0			true		acacia-syntcomp26-coverage-238647-dd672c65edca.scope
S-cap17-epoch1	load_balancer_unreal1_pb_2_3_pe_.ltl	load_balancer_unreal1_pb_2_3_pe_.tlsf	17	UNREALIZABLE	0.02202501500141807	1	false		status	13	30	32	50384cf69a733199fa17c9c571da1761d8451991	f80ff3f62daaa6e22a6753a3f30a127baab424d0320949bc9957a6ff62ea5ebe	otf_sparse_formula	2026-09-20T10:05:24.187775Z		0.020000	19505152		8G	0			true		acacia-syntcomp26-coverage-238647-4831c8ebc3ad.scope
S-cap17-epoch1	load_balancer_unreal1_pb_4_7_pe_.ltl	load_balancer_unreal1_pb_4_7_pe_.tlsf	17	UNREALIZABLE	8.734168836002937	1	false		status	13	32	33	50384cf69a733199fa17c9c571da1761d8451991	f80ff3f62daaa6e22a6753a3f30a127baab424d0320949bc9957a6ff62ea5ebe	otf_sparse_formula	2026-09-20T10:05:32.934652Z		26.180000	823697408		8G	0			true		acacia-syntcomp26-coverage-238647-926ec87e743b.scope
S-cap17-epoch1	ltl2dba_C2_pb_3_pe_.ltl	ltl2dba_C2_pb_3_pe_.tlsf	17	REALIZABLE	0.014893703017150983	0	false		status	11	30	34	50384cf69a733199fa17c9c571da1761d8451991	f80ff3f62daaa6e22a6753a3f30a127baab424d0320949bc9957a6ff62ea5ebe	otf_sparse_formula	2026-09-20T10:05:32.963181Z		0.010000	15306752	42909696	8G	0			true		acacia-syntcomp26-coverage-238647-1780fea6030f.scope
S-cap17-epoch1	ltl2dba_C2_unreal_pb_9_pe_.ltl	ltl2dba_C2_unreal_pb_9_pe_.tlsf	17	UNREALIZABLE	0.05687424499774352	1	false		status	13	30	35	50384cf69a733199fa17c9c571da1761d8451991	f80ff3f62daaa6e22a6753a3f30a127baab424d0320949bc9957a6ff62ea5ebe	otf_sparse_formula	2026-09-20T10:05:33.033507Z		0.170000	25976832		8G	0			true		acacia-syntcomp26-coverage-238647-cfd69e06d769.scope
S-cap17-epoch1	ltl2dba_Q_pb_5_pe_.ltl	ltl2dba_Q_pb_5_pe_.tlsf	17	REALIZABLE	0.016423878987552598	0	false		status	11	30	36	50384cf69a733199fa17c9c571da1761d8451991	f80ff3f62daaa6e22a6753a3f30a127baab424d0320949bc9957a6ff62ea5ebe	otf_sparse_formula	2026-09-20T10:05:33.062536Z		0.010000	15327232	43048960	8G	0			true		acacia-syntcomp26-coverage-238647-a3684e9ab080.scope
S-cap17-epoch1	ltl2dba_U1_pb_50_pe_.ltl	ltl2dba_U1_pb_50_pe_.tlsf	17	REALIZABLE	0.017340919992420822	0	false		none	11	30	37	50384cf69a733199fa17c9c571da1761d8451991	f80ff3f62daaa6e22a6753a3f30a127baab424d0320949bc9957a6ff62ea5ebe	otf_sparse_formula	2026-09-20T10:05:33.092408Z		0.010000	15368192	43065344	8G	0			true		acacia-syntcomp26-coverage-238647-cd260338d857.scope
S-cap17-epoch1	ltl2dba_alpha_pb_1_pe_.ltl	ltl2dba_alpha_pb_1_pe_.tlsf	17	REALIZABLE	0.0256775279995054	0	false		status	11	30	38	50384cf69a733199fa17c9c571da1761d8451991	f80ff3f62daaa6e22a6753a3f30a127baab424d0320949bc9957a6ff62ea5ebe	otf_sparse_formula	2026-09-20T10:05:33.145431Z		0.030000	15364096		8G	0			true		acacia-syntcomp26-coverage-238647-5fff79097ff3.scope
S-cap17-epoch1	ltl2dba_alpha_pb_3_pe_.ltl	ltl2dba_alpha_pb_3_pe_.tlsf	17	REALIZABLE	0.029039977001957595	0	false		status	11	30	39	50384cf69a733199fa17c9c571da1761d8451991	f80ff3f62daaa6e22a6753a3f30a127baab424d0320949bc9957a6ff62ea5ebe	otf_sparse_formula	2026-09-20T10:05:33.212373Z		0.030000	15446016		8G	0			true		acacia-syntcomp26-coverage-238647-d909e65053cd.scope
S-cap17-epoch1	ltl2dba_beta_pb_8_pe_.ltl	ltl2dba_beta_pb_8_pe_.tlsf	17	REALIZABLE	0.028979220980545506	0	false		status	11	30	40	50384cf69a733199fa17c9c571da1761d8451991	f80ff3f62daaa6e22a6753a3f30a127baab424d0320949bc9957a6ff62ea5ebe	otf_sparse_formula	2026-09-20T10:05:33.278550Z		0.030000	15351808		8G	0			true		acacia-syntcomp26-coverage-238647-04158e79c37d.scope
S-cap17-epoch1	ltl2dba_theta_pb_100_pe_.ltl	ltl2dba_theta_pb_100_pe_.tlsf	17	TIMEOUT	17.094223015010357	124	true	timeout	status	0	8	41	50384cf69a733199fa17c9c571da1761d8451991	f80ff3f62daaa6e22a6753a3f30a127baab424d0320949bc9957a6ff62ea5ebe	otf_sparse_formula	2026-09-20T10:05:50.413901Z					8G	0			true		acacia-syntcomp26-coverage-238647-f451af33bcef.scope
S-cap17-epoch1	ltl2dba_theta_pb_10_pe_.ltl	ltl2dba_theta_pb_10_pe_.tlsf	17	UNREALIZABLE	0.4426189420046285	1	false		status	13	30	42	50384cf69a733199fa17c9c571da1761d8451991	f80ff3f62daaa6e22a6753a3f30a127baab424d0320949bc9957a6ff62ea5ebe	otf_sparse_formula	2026-09-20T10:05:50.870813Z		1.670000	42332160		8G	0			true		acacia-syntcomp26-coverage-238647-2b8a937fc851.scope
S-cap17-epoch1	ltl2dba_theta_pb_3_pe_.ltl	ltl2dba_theta_pb_3_pe_.tlsf	17	UNREALIZABLE	0.019091336987912655	1	false		status	13	30	43	50384cf69a733199fa17c9c571da1761d8451991	f80ff3f62daaa6e22a6753a3f30a127baab424d0320949bc9957a6ff62ea5ebe	otf_sparse_formula	2026-09-20T10:05:50.905350Z		0.020000	19304448		8G	0			true		acacia-syntcomp26-coverage-238647-1e6691b20944.scope
S-cap17-epoch1	mux_pb_16_pe_.ltl	mux_pb_16_pe_.tlsf	17	REALIZABLE	0.02175936900312081	0	false		status	11	30	44	50384cf69a733199fa17c9c571da1761d8451991	f80ff3f62daaa6e22a6753a3f30a127baab424d0320949bc9957a6ff62ea5ebe	otf_sparse_formula	2026-09-20T10:05:50.949228Z		0.020000	16142336		8G	0			true		acacia-syntcomp26-coverage-238647-eb730061d796.scope
S-cap17-epoch1	narylatch_pb_32_pe_.ltl	narylatch_pb_32_pe_.tlsf	17	REALIZABLE	0.040858505002688617	0	false		none	11	30	45	50384cf69a733199fa17c9c571da1761d8451991	f80ff3f62daaa6e22a6753a3f30a127baab424d0320949bc9957a6ff62ea5ebe	otf_sparse_formula	2026-09-20T10:05:51.003196Z		0.080000	19828736		8G	0			true		acacia-syntcomp26-coverage-238647-34a6f63665cf.scope
S-cap17-epoch1	patrolling-alarm15.ltl	patrolling-alarm15.tlsf	17	UNREALIZABLE	0.3688591299869586	1	false		none	13	30	46	50384cf69a733199fa17c9c571da1761d8451991	f80ff3f62daaa6e22a6753a3f30a127baab424d0320949bc9957a6ff62ea5ebe	otf_sparse_formula	2026-09-20T10:05:51.385784Z		1.310000	53919744		8G	0			true		acacia-syntcomp26-coverage-238647-d2ae08b7afb2.scope
S-cap17-epoch1	patrolling-alarm21.ltl	patrolling-alarm21.tlsf	17	UNREALIZABLE	0.6099677040183451	1	false		none	13	31	47	50384cf69a733199fa17c9c571da1761d8451991	f80ff3f62daaa6e22a6753a3f30a127baab424d0320949bc9957a6ff62ea5ebe	otf_sparse_formula	2026-09-20T10:05:52.015038Z		2.320000	112189440		8G	0			true		acacia-syntcomp26-coverage-238647-9d30a60e5958.scope
S-cap17-epoch1	prioritized_arbiter_pb_1_pe_.ltl	prioritized_arbiter_pb_1_pe_.tlsf	17	REALIZABLE	0.016799275996163487	0	false		status	11	30	48	50384cf69a733199fa17c9c571da1761d8451991	f80ff3f62daaa6e22a6753a3f30a127baab424d0320949bc9957a6ff62ea5ebe	otf_sparse_formula	2026-09-20T10:05:52.045470Z		0.010000	17715200	43188224	8G	0			true		acacia-syntcomp26-coverage-238647-6d07c06d272d.scope
S-cap17-epoch1	prioritized_arbiter_pb_7_pe_.ltl	prioritized_arbiter_pb_7_pe_.tlsf	17	TIMEOUT	17.092021502990974	124	true	timeout	status	0	8	49	50384cf69a733199fa17c9c571da1761d8451991	f80ff3f62daaa6e22a6753a3f30a127baab424d0320949bc9957a6ff62ea5ebe	otf_sparse_formula	2026-09-20T10:06:09.170520Z					8G	0			true		acacia-syntcomp26-coverage-238647-cab0bd70a73d.scope
S-cap17-epoch1	prioritized_arbiter_unreal1_pb_3_11_pe_.ltl	prioritized_arbiter_unreal1_pb_3_11_pe_.tlsf	17	UNREALIZABLE	0.03446638002060354	1	false		status	13	30	50	50384cf69a733199fa17c9c571da1761d8451991	f80ff3f62daaa6e22a6753a3f30a127baab424d0320949bc9957a6ff62ea5ebe	otf_sparse_formula	2026-09-20T10:06:09.229350Z		0.030000	18644992		8G	0			true		acacia-syntcomp26-coverage-238647-a62f1c17c790.scope
S-cap17-epoch1	prioritized_arbiter_unreal1_pb_3_9_pe_.ltl	prioritized_arbiter_unreal1_pb_3_9_pe_.tlsf	17	UNREALIZABLE	0.03503940798691474	1	false		status	13	30	51	50384cf69a733199fa17c9c571da1761d8451991	f80ff3f62daaa6e22a6753a3f30a127baab424d0320949bc9957a6ff62ea5ebe	otf_sparse_formula	2026-09-20T10:06:09.291087Z		0.050000	18489344		8G	0			true		acacia-syntcomp26-coverage-238647-990a2fc80a40.scope
S-cap17-epoch1	prioritized_arbiter_unreal1_pb_4_13_pe_.ltl	prioritized_arbiter_unreal1_pb_4_13_pe_.tlsf	17	UNREALIZABLE	0.032731724000768736	1	false		status	13	30	52	50384cf69a733199fa17c9c571da1761d8451991	f80ff3f62daaa6e22a6753a3f30a127baab424d0320949bc9957a6ff62ea5ebe	otf_sparse_formula	2026-09-20T10:06:09.349310Z		0.050000	18878464		8G	0			true		acacia-syntcomp26-coverage-238647-af45724aa972.scope
S-cap17-epoch1	prioritized_arbiter_unreal1_pb_4_3_pe_.ltl	prioritized_arbiter_unreal1_pb_4_3_pe_.tlsf	17	UNREALIZABLE	0.03315363300498575	1	false		status	13	30	53	50384cf69a733199fa17c9c571da1761d8451991	f80ff3f62daaa6e22a6753a3f30a127baab424d0320949bc9957a6ff62ea5ebe	otf_sparse_formula	2026-09-20T10:06:09.409754Z		0.040000	18731008		8G	0			true		acacia-syntcomp26-coverage-238647-4f95f3e57b8b.scope
S-cap17-epoch1	prioritized_arbiter_unreal1_pb_4_8_pe_.ltl	prioritized_arbiter_unreal1_pb_4_8_pe_.tlsf	17	UNREALIZABLE	0.0368116190074943	1	false		status	13	30	54	50384cf69a733199fa17c9c571da1761d8451991	f80ff3f62daaa6e22a6753a3f30a127baab424d0320949bc9957a6ff62ea5ebe	otf_sparse_formula	2026-09-20T10:06:09.484476Z		0.050000	18534400		8G	0			true		acacia-syntcomp26-coverage-238647-f82b958834d7.scope
S-cap17-epoch1	reversible-lane-u1.ltl	reversible-lane-u1.tlsf	17	UNREALIZABLE	0.08836702001281083	1	false		none	13	30	55	50384cf69a733199fa17c9c571da1761d8451991	f80ff3f62daaa6e22a6753a3f30a127baab424d0320949bc9957a6ff62ea5ebe	otf_sparse_formula	2026-09-20T10:06:09.586874Z		0.240000	23613440		8G	0			true		acacia-syntcomp26-coverage-238647-dad776ffdc20.scope
S-cap17-epoch1	robot-resource-2d2.ltl	robot-resource-2d2.tlsf	17	UNREALIZABLE	0.10696810300578363	1	false		none	13	30	56	50384cf69a733199fa17c9c571da1761d8451991	f80ff3f62daaa6e22a6753a3f30a127baab424d0320949bc9957a6ff62ea5ebe	otf_sparse_formula	2026-09-20T10:06:09.707463Z		0.360000	23887872		8G	0			true		acacia-syntcomp26-coverage-238647-b94cb96582a0.scope
S-cap17-epoch1	robot-tasks-real.ltl	robot-tasks-real.tlsf	17	REALIZABLE	0.05726216599578038	0	false		none	11	30	57	50384cf69a733199fa17c9c571da1761d8451991	f80ff3f62daaa6e22a6753a3f30a127baab424d0320949bc9957a6ff62ea5ebe	otf_sparse_formula	2026-09-20T10:06:09.784527Z		0.160000	20377600		8G	0			true		acacia-syntcomp26-coverage-238647-b506a1c57023.scope
S-cap17-epoch1	robot-to-target-charging-unreal4.ltl	robot-to-target-charging-unreal4.tlsf	17	TIMEOUT	17.0915360180079	124	true	timeout	none	0	8	58	50384cf69a733199fa17c9c571da1761d8451991	f80ff3f62daaa6e22a6753a3f30a127baab424d0320949bc9957a6ff62ea5ebe	otf_sparse_formula	2026-09-20T10:06:26.912951Z					8G	0			true		acacia-syntcomp26-coverage-238647-3616f822d4bb.scope
S-cap17-epoch1	robot-to-target-charging-unreal5.ltl	robot-to-target-charging-unreal5.tlsf	17	TIMEOUT	17.089762749994406	124	true	timeout	none	0	8	59	50384cf69a733199fa17c9c571da1761d8451991	f80ff3f62daaa6e22a6753a3f30a127baab424d0320949bc9957a6ff62ea5ebe	otf_sparse_formula	2026-09-20T10:06:44.040232Z					8G	0			true		acacia-syntcomp26-coverage-238647-c214837a17ec.scope
S-cap17-epoch1	robot-to-target-charging20.ltl	robot-to-target-charging20.tlsf	17	TIMEOUT	17.094434700004058	124	true	timeout	none	0	8	60	50384cf69a733199fa17c9c571da1761d8451991	f80ff3f62daaa6e22a6753a3f30a127baab424d0320949bc9957a6ff62ea5ebe	otf_sparse_formula	2026-09-20T10:07:01.177359Z					8G	0			true		acacia-syntcomp26-coverage-238647-a09dfb3da09e.scope
S-cap17-epoch1	robot_deliver_products_1-real.ltl	robot_deliver_products_1-real.tlsf	17	TIMEOUT	17.09008393701515	124	true	timeout	none	0	8	61	50384cf69a733199fa17c9c571da1761d8451991	f80ff3f62daaa6e22a6753a3f30a127baab424d0320949bc9957a6ff62ea5ebe	otf_sparse_formula	2026-09-20T10:07:18.308198Z					8G	0			true		acacia-syntcomp26-coverage-238647-2dc3071508ae.scope
S-cap17-epoch1	round_robin_arbiter_unreal1_pb_3_2_pe_.ltl	round_robin_arbiter_unreal1_pb_3_2_pe_.tlsf	17	UNREALIZABLE	0.03755769701092504	1	false		status	13	30	62	50384cf69a733199fa17c9c571da1761d8451991	f80ff3f62daaa6e22a6753a3f30a127baab424d0320949bc9957a6ff62ea5ebe	otf_sparse_formula	2026-09-20T10:07:18.368411Z		0.050000	19390464		8G	0			true		acacia-syntcomp26-coverage-238647-883810521d19.scope
S-cap17-epoch1	round_robin_arbiter_unreal1_pb_3_5_pe_.ltl	round_robin_arbiter_unreal1_pb_3_5_pe_.tlsf	17	UNREALIZABLE	0.18866205000085756	1	false		status	13	30	63	50384cf69a733199fa17c9c571da1761d8451991	f80ff3f62daaa6e22a6753a3f30a127baab424d0320949bc9957a6ff62ea5ebe	otf_sparse_formula	2026-09-20T10:07:18.576998Z		0.660000	39186432		8G	0			true		acacia-syntcomp26-coverage-238647-d959fd0dae52.scope
S-cap17-epoch1	rw_arbiter_pb_3_pe_.ltl	rw_arbiter_pb_3_pe_.tlsf	17	REALIZABLE	0.7588241820049006	0	false		none	11	30	64	50384cf69a733199fa17c9c571da1761d8451991	f80ff3f62daaa6e22a6753a3f30a127baab424d0320949bc9957a6ff62ea5ebe	otf_sparse_formula	2026-09-20T10:07:19.349894Z		2.940000	62074880		8G	0			true		acacia-syntcomp26-coverage-238647-7fb43d776b02.scope
S-cap17-epoch1	simple_arbiter_unreal1_pb_16_1_pe_.ltl	simple_arbiter_unreal1_pb_16_1_pe_.tlsf	17	UNREALIZABLE	0.02658271399559453	1	false		status	13	30	65	50384cf69a733199fa17c9c571da1761d8451991	f80ff3f62daaa6e22a6753a3f30a127baab424d0320949bc9957a6ff62ea5ebe	otf_sparse_formula	2026-09-20T10:07:19.401437Z		0.040000	15392768		8G	0			true		acacia-syntcomp26-coverage-238647-08f79e989fef.scope
S-cap17-epoch1	simple_arbiter_unreal1_pb_3_1_pe_.ltl	simple_arbiter_unreal1_pb_3_1_pe_.tlsf	17	UNREALIZABLE	0.03424834899487905	1	false		status	13	30	66	50384cf69a733199fa17c9c571da1761d8451991	f80ff3f62daaa6e22a6753a3f30a127baab424d0320949bc9957a6ff62ea5ebe	otf_sparse_formula	2026-09-20T10:07:19.474315Z		0.030000	15290368		8G	0			true		acacia-syntcomp26-coverage-238647-3e485ce9698f.scope
S-cap17-epoch1	simple_arbiter_unreal1_pb_4_1_pe_.ltl	simple_arbiter_unreal1_pb_4_1_pe_.tlsf	17	UNREALIZABLE	0.030577716999687254	1	false		status	13	30	67	50384cf69a733199fa17c9c571da1761d8451991	f80ff3f62daaa6e22a6753a3f30a127baab424d0320949bc9957a6ff62ea5ebe	otf_sparse_formula	2026-09-20T10:07:19.524244Z		0.020000	15319040		8G	0			true		acacia-syntcomp26-coverage-238647-26336052b575.scope
S-cap17-epoch1	tmp_13cfc6f2.ltl	tmp_13cfc6f2.tlsf	17	REALIZABLE	0.8138149410078768	0	false		status	11	30	68	50384cf69a733199fa17c9c571da1761d8451991	f80ff3f62daaa6e22a6753a3f30a127baab424d0320949bc9957a6ff62ea5ebe	otf_sparse_formula	2026-09-20T10:07:20.351834Z		3.170000	61214720		8G	0			true		acacia-syntcomp26-coverage-238647-771b8ecceeae.scope
S-cap17-epoch1	unordered-visits-real.ltl	unordered-visits-real.tlsf	17	REALIZABLE	8.260010047000833	0	false		none	11	32	69	50384cf69a733199fa17c9c571da1761d8451991	f80ff3f62daaa6e22a6753a3f30a127baab424d0320949bc9957a6ff62ea5ebe	otf_sparse_formula	2026-09-20T10:07:28.625401Z		32.800000	208568320		8G	0			true		acacia-syntcomp26-coverage-238647-990aef36b1fd.scope
S-cap17-epoch1	03.ltl	03.tlsf	17	REALIZABLE	2.966157861985266	0	false		none	11	32	0	50384cf69a733199fa17c9c571da1761d8451991	f80ff3f62daaa6e22a6753a3f30a127baab424d0320949bc9957a6ff62ea5ebe	otf_sparse_formula	2026-09-20T10:16:46.817667Z		11.700000	161378304		8G	0			true		acacia-syntcomp26-coverage-241002-0e1fde5622d9.scope
S-cap17-epoch1	DeviceBehaviorChec_fa8592c8.ltl	DeviceBehaviorChec_fa8592c8.tlsf	17	UNREALIZABLE	0.018409154989058152	1	false		status	13	30	1	50384cf69a733199fa17c9c571da1761d8451991	f80ff3f62daaa6e22a6753a3f30a127baab424d0320949bc9957a6ff62ea5ebe	otf_sparse_formula	2026-09-20T10:16:46.862487Z		0.020000	19812352		8G	0			true		acacia-syntcomp26-coverage-241002-6d464d4dd517.scope
S-cap17-epoch1	Example1_d6376bf9.ltl	Example1_d6376bf9.tlsf	17	REALIZABLE	0.019059698999626562	0	false		status	11	30	2	50384cf69a733199fa17c9c571da1761d8451991	f80ff3f62daaa6e22a6753a3f30a127baab424d0320949bc9957a6ff62ea5ebe	otf_sparse_formula	2026-09-20T10:16:46.893724Z		0.010000	20029440		8G	0			true		acacia-syntcomp26-coverage-241002-f80336e76974.scope
S-cap17-epoch1	GamemodeChooser.ltl	GamemodeChooser.tlsf	17	REALIZABLE	0.01746839500265196	0	false		status	11	30	3	50384cf69a733199fa17c9c571da1761d8451991	f80ff3f62daaa6e22a6753a3f30a127baab424d0320949bc9957a6ff62ea5ebe	otf_sparse_formula	2026-09-20T10:16:46.923545Z		0.020000	20307968		8G	0			true		acacia-syntcomp26-coverage-241002-4d24e7ae9fd6.scope
S-cap17-epoch1	KitchenTimerV6.ltl	KitchenTimerV6.tlsf	17	REALIZABLE	0.07496311099384911	0	false		status	11	30	4	50384cf69a733199fa17c9c571da1761d8451991	f80ff3f62daaa6e22a6753a3f30a127baab424d0320949bc9957a6ff62ea5ebe	otf_sparse_formula	2026-09-20T10:16:47.012105Z		0.230000	24174592		8G	0			true		acacia-syntcomp26-coverage-241002-1fa606102977.scope
S-cap17-epoch1	Morning2s_06cf2373.ltl	Morning2s_06cf2373.tlsf	17	TIMEOUT	17.053680320997955	124	true	timeout	none	0	8	5	50384cf69a733199fa17c9c571da1761d8451991	f80ff3f62daaa6e22a6753a3f30a127baab424d0320949bc9957a6ff62ea5ebe	otf_sparse_formula	2026-09-20T10:17:04.078017Z					8G	0			true		acacia-syntcomp26-coverage-241002-77e60df1d2bc.scope
S-cap17-epoch1	Morning_c92eb242.ltl	Morning_c92eb242.tlsf	17	UNREALIZABLE	3.6906612580060028	1	false		status	13	32	6	50384cf69a733199fa17c9c571da1761d8451991	f80ff3f62daaa6e22a6753a3f30a127baab424d0320949bc9957a6ff62ea5ebe	otf_sparse_formula	2026-09-20T10:17:07.783851Z		14.620000	204627968		8G	0			true		acacia-syntcomp26-coverage-241002-972026d93f59.scope
S-cap17-epoch1	MusicAppMotivating.ltl	MusicAppMotivating.tlsf	17	REALIZABLE	0.02266605300246738	0	false		status	11	30	7	50384cf69a733199fa17c9c571da1761d8451991	f80ff3f62daaa6e22a6753a3f30a127baab424d0320949bc9957a6ff62ea5ebe	otf_sparse_formula	2026-09-20T10:17:07.822594Z		0.020000	20467712		8G	0			true		acacia-syntcomp26-coverage-241002-d08539cea6bd.scope
S-cap17-epoch1	Radarboard.ltl	Radarboard.tlsf	17	REALIZABLE	0.032809350988827646	0	false		status	11	30	8	50384cf69a733199fa17c9c571da1761d8451991	f80ff3f62daaa6e22a6753a3f30a127baab424d0320949bc9957a6ff62ea5ebe	otf_sparse_formula	2026-09-20T10:17:07.891973Z		0.040000	15953920		8G	0			true		acacia-syntcomp26-coverage-241002-083ba9850c3d.scope
S-cap17-epoch1	TwoCountersInRange.ltl	TwoCountersInRange.tlsf	17	UNREALIZABLE	0.041117868007859215	1	false		status	13	30	9	50384cf69a733199fa17c9c571da1761d8451991	f80ff3f62daaa6e22a6753a3f30a127baab424d0320949bc9957a6ff62ea5ebe	otf_sparse_formula	2026-09-20T10:17:07.957290Z		0.060000	20299776		8G	0			true		acacia-syntcomp26-coverage-241002-c0105dfb0250.scope
S-cap17-epoch1	TwoCountersInRangeA2.ltl	TwoCountersInRangeA2.tlsf	17	UNREALIZABLE	0.04639548101113178	1	false		status	13	30	10	50384cf69a733199fa17c9c571da1761d8451991	f80ff3f62daaa6e22a6753a3f30a127baab424d0320949bc9957a6ff62ea5ebe	otf_sparse_formula	2026-09-20T10:17:08.018682Z		0.070000	20815872		8G	0			true		acacia-syntcomp26-coverage-241002-de2c9404e535.scope
S-cap17-epoch1	TwoCountersInRangeA4.ltl	TwoCountersInRangeA4.tlsf	17	UNREALIZABLE	0.027429154986748472	1	false		status	13	30	11	50384cf69a733199fa17c9c571da1761d8451991	f80ff3f62daaa6e22a6753a3f30a127baab424d0320949bc9957a6ff62ea5ebe	otf_sparse_formula	2026-09-20T10:17:08.064545Z		0.030000	20758528		8G	0			true		acacia-syntcomp26-coverage-241002-1df0193c1b36.scope
S-cap17-epoch1	TwoCountersInRangeA5.ltl	TwoCountersInRangeA5.tlsf	17	UNREALIZABLE	0.02812510699732229	1	false		status	13	30	12	50384cf69a733199fa17c9c571da1761d8451991	f80ff3f62daaa6e22a6753a3f30a127baab424d0320949bc9957a6ff62ea5ebe	otf_sparse_formula	2026-09-20T10:17:08.107171Z		0.040000	20922368		8G	0			true		acacia-syntcomp26-coverage-241002-359c73683c54.scope
S-cap17-epoch1	amba_decomposed_arbiter_pb_10_pe_.ltl	amba_decomposed_arbiter_pb_10_pe_.tlsf	17	TIMEOUT	17.088446492998628	124	true	timeout	none	0	8	13	50384cf69a733199fa17c9c571da1761d8451991	f80ff3f62daaa6e22a6753a3f30a127baab424d0320949bc9957a6ff62ea5ebe	otf_sparse_formula	2026-09-20T10:17:25.231669Z					8G	0			true		acacia-syntcomp26-coverage-241002-cc19b6bb5b25.scope
S-cap17-epoch1	amba_decomposed_encode_pb_25_pe_.ltl	amba_decomposed_encode_pb_25_pe_.tlsf	17	TIMEOUT	17.094105630007107	124	true	timeout	none	0	8	14	50384cf69a733199fa17c9c571da1761d8451991	f80ff3f62daaa6e22a6753a3f30a127baab424d0320949bc9957a6ff62ea5ebe	otf_sparse_formula	2026-09-20T10:17:42.366572Z					8G	0			true		acacia-syntcomp26-coverage-241002-1d87f9995af3.scope
S-cap17-epoch1	amba_decomposed_lock_pb_8_pe_.ltl	amba_decomposed_lock_pb_8_pe_.tlsf	17	REALIZABLE	0.055007615010254085	0	false		status	11	30	15	50384cf69a733199fa17c9c571da1761d8451991	f80ff3f62daaa6e22a6753a3f30a127baab424d0320949bc9957a6ff62ea5ebe	otf_sparse_formula	2026-09-20T10:17:42.436065Z		0.120000	21135360		8G	0			true		acacia-syntcomp26-coverage-241002-c4b27746a0ad.scope
S-cap17-epoch1	chomp_pb_2_4_pe_.ltl	chomp_pb_2_4_pe_.tlsf	17	TIMEOUT	17.0391093060025	124	true	timeout	status	0	8	16	50384cf69a733199fa17c9c571da1761d8451991	f80ff3f62daaa6e22a6753a3f30a127baab424d0320949bc9957a6ff62ea5ebe	otf_sparse_formula	2026-09-20T10:17:59.487817Z					8G	0			true		acacia-syntcomp26-coverage-241002-e75d7e346325.scope
S-cap17-epoch1	collector_v1_pb_3_pe_.ltl	collector_v1_pb_3_pe_.tlsf	17	REALIZABLE	0.02229035898926668	0	false		status	11	30	17	50384cf69a733199fa17c9c571da1761d8451991	f80ff3f62daaa6e22a6753a3f30a127baab424d0320949bc9957a6ff62ea5ebe	otf_sparse_formula	2026-09-20T10:17:59.531343Z		0.020000	17727488		8G	0			true		acacia-syntcomp26-coverage-241002-223b509028a7.scope
S-cap17-epoch1	collector_v1_pb_9_pe_.ltl	collector_v1_pb_9_pe_.tlsf	17	REALIZABLE	3.0518711670010816	0	false		status	11	32	18	50384cf69a733199fa17c9c571da1761d8451991	f80ff3f62daaa6e22a6753a3f30a127baab424d0320949bc9957a6ff62ea5ebe	otf_sparse_formula	2026-09-20T10:18:02.597415Z		11.950000	519966720		8G	0			true		acacia-syntcomp26-coverage-241002-4f3388154f5a.scope
S-cap17-epoch1	finding_nemo_pb_1_pe_.ltl	finding_nemo_pb_1_pe_.tlsf	17	REALIZABLE	0.12750781801878475	0	false		none	11	30	19	50384cf69a733199fa17c9c571da1761d8451991	f80ff3f62daaa6e22a6753a3f30a127baab424d0320949bc9957a6ff62ea5ebe	otf_sparse_formula	2026-09-20T10:18:02.739963Z		0.440000	22536192		8G	0			true		acacia-syntcomp26-coverage-241002-c58dbdf14270.scope
S-cap17-epoch1	follow1.ltl	follow1.tlsf	17	TIMEOUT	17.053315683006076	124	true	timeout	none	0	8	20	50384cf69a733199fa17c9c571da1761d8451991	f80ff3f62daaa6e22a6753a3f30a127baab424d0320949bc9957a6ff62ea5ebe	otf_sparse_formula	2026-09-20T10:18:19.806918Z					8G	0			true		acacia-syntcomp26-coverage-241002-155d6729c1e6.scope
S-cap17-epoch1	full_arbiter_unreal1_pb_2_3_pe_.ltl	full_arbiter_unreal1_pb_2_3_pe_.tlsf	17	UNREALIZABLE	0.02773878100560978	1	false		status	13	30	21	50384cf69a733199fa17c9c571da1761d8451991	f80ff3f62daaa6e22a6753a3f30a127baab424d0320949bc9957a6ff62ea5ebe	otf_sparse_formula	2026-09-20T10:18:19.858887Z		0.020000	15482880		8G	0			true		acacia-syntcomp26-coverage-241002-107b34143b41.scope
S-cap17-epoch1	full_arbiter_unreal1_pb_3_1_pe_.ltl	full_arbiter_unreal1_pb_3_1_pe_.tlsf	17	UNREALIZABLE	0.031965569010935724	1	false		status	13	30	22	50384cf69a733199fa17c9c571da1761d8451991	f80ff3f62daaa6e22a6753a3f30a127baab424d0320949bc9957a6ff62ea5ebe	otf_sparse_formula	2026-09-20T10:18:19.930873Z		0.030000	15413248		8G	0			true		acacia-syntcomp26-coverage-241002-f5bf6c410c56.scope
S-cap17-epoch1	g-unreal-110.ltl	g-unreal-110.tlsf	17	UNREALIZABLE	2.4541832910035737	1	false		none	13	31	23	50384cf69a733199fa17c9c571da1761d8451991	f80ff3f62daaa6e22a6753a3f30a127baab424d0320949bc9957a6ff62ea5ebe	otf_sparse_formula	2026-09-20T10:18:22.398402Z		5.830000	215900160		8G	0			true		acacia-syntcomp26-coverage-241002-532a6c7cec00.scope
S-cap17-epoch1	g-unreal-118.ltl	g-unreal-118.tlsf	17	TIMEOUT	17.08461025400902	124	true	timeout	none	0	8	24	50384cf69a733199fa17c9c571da1761d8451991	f80ff3f62daaa6e22a6753a3f30a127baab424d0320949bc9957a6ff62ea5ebe	otf_sparse_formula	2026-09-20T10:18:39.496066Z					8G	0			true		acacia-syntcomp26-coverage-241002-3f9f3548c14f.scope
S-cap17-epoch1	g-unreal-13.ltl	g-unreal-13.tlsf	17	UNREALIZABLE	0.044087882997700945	1	false		none	13	30	25	50384cf69a733199fa17c9c571da1761d8451991	f80ff3f62daaa6e22a6753a3f30a127baab424d0320949bc9957a6ff62ea5ebe	otf_sparse_formula	2026-09-20T10:18:39.554762Z		0.100000	21835776		8G	0			true		acacia-syntcomp26-coverage-241002-6dc33e13819a.scope
S-cap17-epoch1	infinite-race-u17.ltl	infinite-race-u17.tlsf	17	TIMEOUT	17.13777935001417	124	true	timeout	none	0	8	26	50384cf69a733199fa17c9c571da1761d8451991	f80ff3f62daaa6e22a6753a3f30a127baab424d0320949bc9957a6ff62ea5ebe	otf_sparse_formula	2026-09-20T10:18:56.729433Z					8G	0			true		acacia-syntcomp26-coverage-241002-e683461a3758.scope
S-cap17-epoch1	infinite-race-u2.ltl	infinite-race-u2.tlsf	17	UNREALIZABLE	0.09165936399949715	1	false		none	13	30	27	50384cf69a733199fa17c9c571da1761d8451991	f80ff3f62daaa6e22a6753a3f30a127baab424d0320949bc9957a6ff62ea5ebe	otf_sparse_formula	2026-09-20T10:18:56.839688Z		0.260000	23519232		8G	0			true		acacia-syntcomp26-coverage-241002-7dabdfbdeedd.scope
S-cap17-epoch1	lift_pb_10_pe_.ltl	lift_pb_10_pe_.tlsf	17	TIMEOUT	17.053695876005804	124	true	timeout	none	0	8	28	50384cf69a733199fa17c9c571da1761d8451991	f80ff3f62daaa6e22a6753a3f30a127baab424d0320949bc9957a6ff62ea5ebe	otf_sparse_formula	2026-09-20T10:19:13.906986Z					8G	0			true		acacia-syntcomp26-coverage-241002-8d6ed774ac65.scope
S-cap17-epoch1	lift_unary_enc_pb_5_pe_.ltl	lift_unary_enc_pb_5_pe_.tlsf	17	TIMEOUT	17.139965866022976	124	true	timeout	none	0	8	29	50384cf69a733199fa17c9c571da1761d8451991	f80ff3f62daaa6e22a6753a3f30a127baab424d0320949bc9957a6ff62ea5ebe	otf_sparse_formula	2026-09-20T10:19:31.084176Z					8G	0			true		acacia-syntcomp26-coverage-241002-dd2a59d1c8d8.scope
S-cap17-epoch1	lift_unary_enc_pb_6_pe_.ltl	lift_unary_enc_pb_6_pe_.tlsf	17	TIMEOUT	17.05389309101156	124	true	timeout	none	0	8	30	50384cf69a733199fa17c9c571da1761d8451991	f80ff3f62daaa6e22a6753a3f30a127baab424d0320949bc9957a6ff62ea5ebe	otf_sparse_formula	2026-09-20T10:19:48.162958Z					8G	0			true		acacia-syntcomp26-coverage-241002-437007f3eb05.scope
S-cap17-epoch1	lift_wrong_physics_unreal_pb_7_pe_.ltl	lift_wrong_physics_unreal_pb_7_pe_.tlsf	17	UNREALIZABLE	0.07389602297917008	1	false		none	13	30	31	50384cf69a733199fa17c9c571da1761d8451991	f80ff3f62daaa6e22a6753a3f30a127baab424d0320949bc9957a6ff62ea5ebe	otf_sparse_formula	2026-09-20T10:19:48.250974Z		0.200000	22892544		8G	0			true		acacia-syntcomp26-coverage-241002-eb20ceeca70b.scope
S-cap17-epoch1	load_balancer_pb_5_pe_.ltl	load_balancer_pb_5_pe_.tlsf	17	REALIZABLE	0.13929425799869932	0	false		status	11	30	32	50384cf69a733199fa17c9c571da1761d8451991	f80ff3f62daaa6e22a6753a3f30a127baab424d0320949bc9957a6ff62ea5ebe	otf_sparse_formula	2026-09-20T10:19:48.404235Z		0.480000	25329664		8G	0			true		acacia-syntcomp26-coverage-241002-bde0cd088161.scope
S-cap17-epoch1	ltl2dba22.ltl	ltl2dba22.tlsf	17	REALIZABLE	0.020071475999429822	0	false		status	11	30	33	50384cf69a733199fa17c9c571da1761d8451991	f80ff3f62daaa6e22a6753a3f30a127baab424d0320949bc9957a6ff62ea5ebe	otf_sparse_formula	2026-09-20T10:19:48.448621Z		0.020000	15155200		8G	0			true		acacia-syntcomp26-coverage-241002-3428fd48a698.scope
S-cap17-epoch1	ltl2dba25.ltl	ltl2dba25.tlsf	17	REALIZABLE	0.029243569006212056	0	false		status	11	30	34	50384cf69a733199fa17c9c571da1761d8451991	f80ff3f62daaa6e22a6753a3f30a127baab424d0320949bc9957a6ff62ea5ebe	otf_sparse_formula	2026-09-20T10:19:48.516320Z		0.030000	15364096		8G	0			true		acacia-syntcomp26-coverage-241002-f4c3bc93180b.scope
S-cap17-epoch1	ltl2dba_C2_pb_70_pe_.ltl	ltl2dba_C2_pb_70_pe_.tlsf	17	REALIZABLE	0.03396404697559774	0	false		none	11	30	35	50384cf69a733199fa17c9c571da1761d8451991	f80ff3f62daaa6e22a6753a3f30a127baab424d0320949bc9957a6ff62ea5ebe	otf_sparse_formula	2026-09-20T10:19:48.587722Z		0.030000	16175104		8G	0			true		acacia-syntcomp26-coverage-241002-bda46c156e38.scope
S-cap17-epoch1	ltl2dba_C2_unreal_pb_5_pe_.ltl	ltl2dba_C2_unreal_pb_5_pe_.tlsf	17	UNREALIZABLE	0.04665213299449533	1	false		status	13	30	36	50384cf69a733199fa17c9c571da1761d8451991	f80ff3f62daaa6e22a6753a3f30a127baab424d0320949bc9957a6ff62ea5ebe	otf_sparse_formula	2026-09-20T10:19:48.649792Z		0.070000	20205568		8G	0			true		acacia-syntcomp26-coverage-241002-29efde9adee3.scope
S-cap17-epoch1	ltl2dba_C2_unreal_pb_70_pe_.ltl	ltl2dba_C2_unreal_pb_70_pe_.tlsf	17	TIMEOUT	17.09020006499486	124	true	timeout	none	0	8	37	50384cf69a733199fa17c9c571da1761d8451991	f80ff3f62daaa6e22a6753a3f30a127baab424d0320949bc9957a6ff62ea5ebe	otf_sparse_formula	2026-09-20T10:20:05.776792Z					8G	0			true		acacia-syntcomp26-coverage-241002-a8427176b0d3.scope
S-cap17-epoch1	ltl2dba_E_pb_14_pe_.ltl	ltl2dba_E_pb_14_pe_.tlsf	17	REALIZABLE	0.034540785010904074	0	false		status	11	30	38	50384cf69a733199fa17c9c571da1761d8451991	f80ff3f62daaa6e22a6753a3f30a127baab424d0320949bc9957a6ff62ea5ebe	otf_sparse_formula	2026-09-20T10:20:05.834882Z		0.020000	15335424		8G	0			true		acacia-syntcomp26-coverage-241002-862afc83838a.scope
S-cap17-epoch1	ltl2dba_Q_pb_25_pe_.ltl	ltl2dba_Q_pb_25_pe_.tlsf	17	REALIZABLE	0.0317646799958311	0	false		none	11	30	39	50384cf69a733199fa17c9c571da1761d8451991	f80ff3f62daaa6e22a6753a3f30a127baab424d0320949bc9957a6ff62ea5ebe	otf_sparse_formula	2026-09-20T10:20:05.899937Z		0.020000	15355904		8G	0			true		acacia-syntcomp26-coverage-241002-1e3231458a77.scope
S-cap17-epoch1	ltl2dba_U1_pb_6_pe_.ltl	ltl2dba_U1_pb_6_pe_.tlsf	17	REALIZABLE	0.0346320120152086	0	false		status	11	30	40	50384cf69a733199fa17c9c571da1761d8451991	f80ff3f62daaa6e22a6753a3f30a127baab424d0320949bc9957a6ff62ea5ebe	otf_sparse_formula	2026-09-20T10:20:05.973761Z		0.030000	15327232		8G	0			true		acacia-syntcomp26-coverage-241002-be3d48dea4fb.scope
S-cap17-epoch1	ltl2dba_alpha_pb_5_pe_.ltl	ltl2dba_alpha_pb_5_pe_.tlsf	17	REALIZABLE	0.031004702992504463	0	false		status	11	30	41	50384cf69a733199fa17c9c571da1761d8451991	f80ff3f62daaa6e22a6753a3f30a127baab424d0320949bc9957a6ff62ea5ebe	otf_sparse_formula	2026-09-20T10:20:06.043634Z		0.030000	15474688		8G	0			true		acacia-syntcomp26-coverage-241002-97de59f17554.scope
S-cap17-epoch1	ltl2dba_alpha_pb_6_pe_.ltl	ltl2dba_alpha_pb_6_pe_.tlsf	17	REALIZABLE	0.03374906600220129	0	false		status	11	30	42	50384cf69a733199fa17c9c571da1761d8451991	f80ff3f62daaa6e22a6753a3f30a127baab424d0320949bc9957a6ff62ea5ebe	otf_sparse_formula	2026-09-20T10:20:06.116077Z		0.030000	15454208		8G	0			true		acacia-syntcomp26-coverage-241002-2543ab08b3de.scope
S-cap17-epoch1	ltl2dba_beta_pb_25_pe_.ltl	ltl2dba_beta_pb_25_pe_.tlsf	17	REALIZABLE	0.030154894018778577	0	false		none	11	30	43	50384cf69a733199fa17c9c571da1761d8451991	f80ff3f62daaa6e22a6753a3f30a127baab424d0320949bc9957a6ff62ea5ebe	otf_sparse_formula	2026-09-20T10:20:06.171166Z		0.030000	15429632		8G	0			true		acacia-syntcomp26-coverage-241002-d23bffe17ad8.scope
S-cap17-epoch1	ltl2dpa15.ltl	ltl2dpa15.tlsf	17	REALIZABLE	0.03309443997568451	0	false		status	11	30	44	50384cf69a733199fa17c9c571da1761d8451991	f80ff3f62daaa6e22a6753a3f30a127baab424d0320949bc9957a6ff62ea5ebe	otf_sparse_formula	2026-09-20T10:20:06.243378Z		0.030000	15732736		8G	0			true		acacia-syntcomp26-coverage-241002-b67246442733.scope
S-cap17-epoch1	mux_pb_64_pe_.ltl	mux_pb_64_pe_.tlsf	17	REALIZABLE	0.043470399017678574	0	false		status	11	30	45	50384cf69a733199fa17c9c571da1761d8451991	f80ff3f62daaa6e22a6753a3f30a127baab424d0320949bc9957a6ff62ea5ebe	otf_sparse_formula	2026-09-20T10:20:06.314591Z		0.060000	17633280		8G	0			true		acacia-syntcomp26-coverage-241002-600563d801f6.scope
S-cap17-epoch1	patrolling-alarm12.ltl	patrolling-alarm12.tlsf	17	UNREALIZABLE	0.20623922199592926	1	false		none	13	30	46	50384cf69a733199fa17c9c571da1761d8451991	f80ff3f62daaa6e22a6753a3f30a127baab424d0320949bc9957a6ff62ea5ebe	otf_sparse_formula	2026-09-20T10:20:06.534943Z		0.700000	35954688		8G	0			true		acacia-syntcomp26-coverage-241002-45fd72b174b5.scope
S-cap17-epoch1	patrolling1.ltl	patrolling1.tlsf	17	UNREALIZABLE	0.030687493999721482	1	false		none	13	30	47	50384cf69a733199fa17c9c571da1761d8451991	f80ff3f62daaa6e22a6753a3f30a127baab424d0320949bc9957a6ff62ea5ebe	otf_sparse_formula	2026-09-20T10:20:06.578784Z		0.070000	21078016		8G	0			true		acacia-syntcomp26-coverage-241002-f65070ec676b.scope
S-cap17-epoch1	prioritized_arbiter_unreal1_pb_6_16_pe_.ltl	prioritized_arbiter_unreal1_pb_6_16_pe_.tlsf	17	UNREALIZABLE	0.026570018992060795	1	false		status	13	30	48	50384cf69a733199fa17c9c571da1761d8451991	f80ff3f62daaa6e22a6753a3f30a127baab424d0320949bc9957a6ff62ea5ebe	otf_sparse_formula	2026-09-20T10:20:06.620296Z		0.040000	19419136		8G	0			true		acacia-syntcomp26-coverage-241002-f8d770b2227f.scope
S-cap17-epoch1	robot-grid-reach-repeated-with-obstacles-2d-real.ltl	robot-grid-reach-repeated-with-obstacles-2d-real.tlsf	17	REALIZABLE	8.056807381013641	0	false		none	11	32	49	50384cf69a733199fa17c9c571da1761d8451991	f80ff3f62daaa6e22a6753a3f30a127baab424d0320949bc9957a6ff62ea5ebe	otf_sparse_formula	2026-09-20T10:20:14.690141Z		31.860000	774258688		8G	0			true		acacia-syntcomp26-coverage-241002-b9ef967e9c87.scope
S-cap17-epoch1	robot-resource-2d1.ltl	robot-resource-2d1.tlsf	17	UNREALIZABLE	0.058723089983686805	1	false		none	13	30	50	50384cf69a733199fa17c9c571da1761d8451991	f80ff3f62daaa6e22a6753a3f30a127baab424d0320949bc9957a6ff62ea5ebe	otf_sparse_formula	2026-09-20T10:20:14.764223Z		0.160000	21516288		8G	0			true		acacia-syntcomp26-coverage-241002-baa8ecde8aa9.scope
S-cap17-epoch1	robot-resource-2d17.ltl	robot-resource-2d17.tlsf	17	UNREALIZABLE	7.294907640985912	1	false		none	13	31	51	50384cf69a733199fa17c9c571da1761d8451991	f80ff3f62daaa6e22a6753a3f30a127baab424d0320949bc9957a6ff62ea5ebe	otf_sparse_formula	2026-09-20T10:20:22.071903Z		28.980000	82173952		8G	0			true		acacia-syntcomp26-coverage-241002-8552e887ea8a.scope
S-cap17-epoch1	robot-to-target-charging8.ltl	robot-to-target-charging8.tlsf	17	TIMEOUT	17.052475177013548	124	true	timeout	none	0	8	52	50384cf69a733199fa17c9c571da1761d8451991	f80ff3f62daaa6e22a6753a3f30a127baab424d0320949bc9957a6ff62ea5ebe	otf_sparse_formula	2026-09-20T10:20:39.138205Z					8G	0			true		acacia-syntcomp26-coverage-241002-1c2131bcf6ee.scope
S-cap17-epoch1	robot-to-target0.ltl	robot-to-target0.tlsf	17	TIMEOUT	17.053108540014364	124	true	timeout	none	0	8	53	50384cf69a733199fa17c9c571da1761d8451991	f80ff3f62daaa6e22a6753a3f30a127baab424d0320949bc9957a6ff62ea5ebe	otf_sparse_formula	2026-09-20T10:20:56.204455Z					8G	0			true		acacia-syntcomp26-coverage-241002-61d68b425553.scope
S-cap17-epoch1	robot_grid_pb_6_6_pe_.ltl	robot_grid_pb_6_6_pe_.tlsf	17	TIMEOUT	17.295033949019853	124	true	timeout	none	0	8	54	50384cf69a733199fa17c9c571da1761d8451991	f80ff3f62daaa6e22a6753a3f30a127baab424d0320949bc9957a6ff62ea5ebe	otf_sparse_formula	2026-09-20T10:21:13.538060Z					8G	0			true		acacia-syntcomp26-coverage-241002-864437f12815.scope
S-cap17-epoch1	round_robin_arbiter_unreal1_pb_4_7_pe_.ltl	round_robin_arbiter_unreal1_pb_4_7_pe_.tlsf	17	TIMEOUT	17.19702287297696	124	true	timeout	status	0	8	55	50384cf69a733199fa17c9c571da1761d8451991	f80ff3f62daaa6e22a6753a3f30a127baab424d0320949bc9957a6ff62ea5ebe	otf_sparse_formula	2026-09-20T10:21:30.776563Z					8G	0			true		acacia-syntcomp26-coverage-241002-13da05ffd8ae.scope
S-cap17-epoch1	simple_arbiter_unreal1_pb_3_2_pe_.ltl	simple_arbiter_unreal1_pb_3_2_pe_.tlsf	17	UNREALIZABLE	0.03706541800056584	1	false		status	13	30	56	50384cf69a733199fa17c9c571da1761d8451991	f80ff3f62daaa6e22a6753a3f30a127baab424d0320949bc9957a6ff62ea5ebe	otf_sparse_formula	2026-09-20T10:21:30.838626Z		0.020000	15179776		8G	0			true		acacia-syntcomp26-coverage-241002-39b267c09712.scope
S-cap17-epoch1	simple_arbiter_unreal1_pb_4_7_pe_.ltl	simple_arbiter_unreal1_pb_4_7_pe_.tlsf	17	UNREALIZABLE	0.03258688599453308	1	false		status	13	30	57	50384cf69a733199fa17c9c571da1761d8451991	f80ff3f62daaa6e22a6753a3f30a127baab424d0320949bc9957a6ff62ea5ebe	otf_sparse_formula	2026-09-20T10:21:30.908507Z		0.030000	15314944		8G	0			true		acacia-syntcomp26-coverage-241002-e1c18d27dcfb.scope
S-cap17-epoch1	sort50.ltl	sort50.tlsf	17	UNREALIZABLE	14.6100863640022	1	false		none	13	32	58	50384cf69a733199fa17c9c571da1761d8451991	f80ff3f62daaa6e22a6753a3f30a127baab424d0320949bc9957a6ff62ea5ebe	otf_sparse_formula	2026-09-20T10:21:45.532106Z		57.950000	577875968		8G	0			true		acacia-syntcomp26-coverage-241002-70ca53bb7e81.scope
S-cap17-epoch1	square5x52.ltl	square5x52.tlsf	17	UNREALIZABLE	1.4083976810215972	1	false		none	13	31	59	50384cf69a733199fa17c9c571da1761d8451991	f80ff3f62daaa6e22a6753a3f30a127baab424d0320949bc9957a6ff62ea5ebe	otf_sparse_formula	2026-09-20T10:21:46.954980Z		5.510000	152473600		8G	0			true		acacia-syntcomp26-coverage-241002-7348b2c1c7a8.scope
S-cap17-epoch1	thermostat-F-real.ltl	thermostat-F-real.tlsf	17	REALIZABLE	1.498593266995158	0	false		none	11	31	60	50384cf69a733199fa17c9c571da1761d8451991	f80ff3f62daaa6e22a6753a3f30a127baab424d0320949bc9957a6ff62ea5ebe	otf_sparse_formula	2026-09-20T10:21:48.467711Z		5.880000	140836864		8G	0			true		acacia-syntcomp26-coverage-241002-6d0e63ad8bd8.scope
S-cap17-epoch1	06.ltl	06.tlsf	17	TIMEOUT	17.037154707999434	124	true	timeout	none	0	8	0	50384cf69a733199fa17c9c571da1761d8451991	f80ff3f62daaa6e22a6753a3f30a127baab424d0320949bc9957a6ff62ea5ebe	otf_sparse_formula	2026-09-20T10:22:05.602988Z					8G	0			true		acacia-syntcomp26-coverage-241888-b5bbafd6f4c6.scope
S-cap17-epoch1	11.ltl	11.tlsf	17	REALIZABLE	3.300434764008969	0	false		none	11	32	1	50384cf69a733199fa17c9c571da1761d8451991	f80ff3f62daaa6e22a6753a3f30a127baab424d0320949bc9957a6ff62ea5ebe	otf_sparse_formula	2026-09-20T10:22:08.918229Z		12.240000	168009728		8G	0			true		acacia-syntcomp26-coverage-241888-70189e49a808.scope
S-cap17-epoch1	AllLights_d6c5ac79.ltl	AllLights_d6c5ac79.tlsf	17	UNREALIZABLE	2.6159619160171133	1	false		none	13	31	2	50384cf69a733199fa17c9c571da1761d8451991	f80ff3f62daaa6e22a6753a3f30a127baab424d0320949bc9957a6ff62ea5ebe	otf_sparse_formula	2026-09-20T10:22:11.548353Z		10.350000	70873088		8G	0			true		acacia-syntcomp26-coverage-241888-2386345b543f.scope
S-cap17-epoch1	CheckShades_aeb1d897.ltl	CheckShades_aeb1d897.tlsf	17	UNREALIZABLE	0.0236360720009543	1	false		status	13	30	3	50384cf69a733199fa17c9c571da1761d8451991	f80ff3f62daaa6e22a6753a3f30a127baab424d0320949bc9957a6ff62ea5ebe	otf_sparse_formula	2026-09-20T10:22:11.594256Z		0.020000	18591744		8G	0			true		acacia-syntcomp26-coverage-241888-16340cceae55.scope
S-cap17-epoch1	Demo1_2c5b09da.ltl	Demo1_2c5b09da.tlsf	17	TIMEOUT	17.092259033001028	124	true	timeout	none	0	8	4	50384cf69a733199fa17c9c571da1761d8451991	f80ff3f62daaa6e22a6753a3f30a127baab424d0320949bc9957a6ff62ea5ebe	otf_sparse_formula	2026-09-20T10:22:28.727711Z					8G	0			true		acacia-syntcomp26-coverage-241888-4ee7923c98d3.scope
S-cap17-epoch1	GF-G-contradiction6.ltl	GF-G-contradiction6.tlsf	17	UNREALIZABLE	16.28285763101303	1	false		none	13	32	5	50384cf69a733199fa17c9c571da1761d8451991	f80ff3f62daaa6e22a6753a3f30a127baab424d0320949bc9957a6ff62ea5ebe	otf_sparse_formula	2026-09-20T10:22:45.026131Z		64.670000	694988800		8G	0			true		acacia-syntcomp26-coverage-241888-53cbc377306a.scope
S-cap17-epoch1	SPIWriteClk.ltl	SPIWriteClk.tlsf	17	REALIZABLE	0.02526385401142761	0	false		status	11	30	6	50384cf69a733199fa17c9c571da1761d8451991	f80ff3f62daaa6e22a6753a3f30a127baab424d0320949bc9957a6ff62ea5ebe	otf_sparse_formula	2026-09-20T10:22:45.067048Z		0.010000	15626240	43347968	8G	0			true		acacia-syntcomp26-coverage-241888-28bfd2f4127c.scope
S-cap17-epoch1	SPIWriteSdi.ltl	SPIWriteSdi.tlsf	17	REALIZABLE	0.02757549099624157	0	false		status	11	30	7	50384cf69a733199fa17c9c571da1761d8451991	f80ff3f62daaa6e22a6753a3f30a127baab424d0320949bc9957a6ff62ea5ebe	otf_sparse_formula	2026-09-20T10:22:45.107927Z		0.020000	19939328		8G	0			true		acacia-syntcomp26-coverage-241888-5fac0cc88fc8.scope
S-cap17-epoch1	Shades2_235467da.ltl	Shades2_235467da.tlsf	17	REALIZABLE	0.021476727008121088	0	false		status	11	30	8	50384cf69a733199fa17c9c571da1761d8451991	f80ff3f62daaa6e22a6753a3f30a127baab424d0320949bc9957a6ff62ea5ebe	otf_sparse_formula	2026-09-20T10:22:45.142062Z		0.010000	18792448		8G	0			true		acacia-syntcomp26-coverage-241888-50497b7c158f.scope
S-cap17-epoch1	TwoCountersInRangeM0.ltl	TwoCountersInRangeM0.tlsf	17	UNREALIZABLE	0.028455628984374925	1	false		status	13	30	9	50384cf69a733199fa17c9c571da1761d8451991	f80ff3f62daaa6e22a6753a3f30a127baab424d0320949bc9957a6ff62ea5ebe	otf_sparse_formula	2026-09-20T10:22:45.189422Z		0.050000	21221376		8G	0			true		acacia-syntcomp26-coverage-241888-69b175bcbd39.scope
S-cap17-epoch1	arbiter_with_buffer_pb_3_pe_.ltl	arbiter_with_buffer_pb_3_pe_.tlsf	17	REALIZABLE	0.02161573601188138	0	false		none	11	30	10	50384cf69a733199fa17c9c571da1761d8451991	f80ff3f62daaa6e22a6753a3f30a127baab424d0320949bc9957a6ff62ea5ebe	otf_sparse_formula	2026-09-20T10:22:45.228603Z		0.030000	19128320		8G	0			true		acacia-syntcomp26-coverage-241888-70394ef1a1c5.scope
S-cap17-epoch1	arbiter_with_cancel_pb_10_pe_.ltl	arbiter_with_cancel_pb_10_pe_.tlsf	17	TIMEOUT	17.094570601009764	124	true	timeout	none	0	8	11	50384cf69a733199fa17c9c571da1761d8451991	f80ff3f62daaa6e22a6753a3f30a127baab424d0320949bc9957a6ff62ea5ebe	otf_sparse_formula	2026-09-20T10:23:02.349610Z					8G	0			true		acacia-syntcomp26-coverage-241888-2be468bd4d1a.scope
S-cap17-epoch1	chomp_pb_3_6_pe_.ltl	chomp_pb_3_6_pe_.tlsf	17	TIMEOUT	17.053256576997228	124	true	timeout	status	0	8	12	50384cf69a733199fa17c9c571da1761d8451991	f80ff3f62daaa6e22a6753a3f30a127baab424d0320949bc9957a6ff62ea5ebe	otf_sparse_formula	2026-09-20T10:23:19.416794Z					8G	0			true		acacia-syntcomp26-coverage-241888-bd4db1dc3ee6.scope
S-cap17-epoch1	collector_v1_pb_12_pe_.ltl	collector_v1_pb_12_pe_.tlsf	17	TIMEOUT	17.08541500600404	124	true	timeout	none	0	8	13	50384cf69a733199fa17c9c571da1761d8451991	f80ff3f62daaa6e22a6753a3f30a127baab424d0320949bc9957a6ff62ea5ebe	otf_sparse_formula	2026-09-20T10:23:36.516612Z					8G	0			true		acacia-syntcomp26-coverage-241888-3607c341831c.scope
S-cap17-epoch1	example9_pb_1_pe_.ltl	example9_pb_1_pe_.tlsf	17	REALIZABLE	0.03192244400270283	0	false		none	11	30	14	50384cf69a733199fa17c9c571da1761d8451991	f80ff3f62daaa6e22a6753a3f30a127baab424d0320949bc9957a6ff62ea5ebe	otf_sparse_formula	2026-09-20T10:23:36.574488Z		0.030000	17620992		8G	0			true		acacia-syntcomp26-coverage-241888-5686c16dc924.scope
S-cap17-epoch1	full_arbiter_unreal1_pb_2_11_pe_.ltl	full_arbiter_unreal1_pb_2_11_pe_.tlsf	17	UNREALIZABLE	0.03263949800748378	1	false		status	13	30	15	50384cf69a733199fa17c9c571da1761d8451991	f80ff3f62daaa6e22a6753a3f30a127baab424d0320949bc9957a6ff62ea5ebe	otf_sparse_formula	2026-09-20T10:23:36.634336Z		0.030000	15486976		8G	0			true		acacia-syntcomp26-coverage-241888-cc180a2b5b93.scope
S-cap17-epoch1	full_arbiter_unreal1_pb_4_2_pe_.ltl	full_arbiter_unreal1_pb_4_2_pe_.tlsf	17	UNREALIZABLE	0.030178829008946195	1	false		status	13	30	16	50384cf69a733199fa17c9c571da1761d8451991	f80ff3f62daaa6e22a6753a3f30a127baab424d0320949bc9957a6ff62ea5ebe	otf_sparse_formula	2026-09-20T10:23:36.682052Z		0.030000	15368192		8G	0			true		acacia-syntcomp26-coverage-241888-529df7e3527f.scope
S-cap17-epoch1	full_arbiter_unreal1_pb_4_4_pe_.ltl	full_arbiter_unreal1_pb_4_4_pe_.tlsf	17	UNREALIZABLE	0.025095707009313628	1	false		status	13	30	17	50384cf69a733199fa17c9c571da1761d8451991	f80ff3f62daaa6e22a6753a3f30a127baab424d0320949bc9957a6ff62ea5ebe	otf_sparse_formula	2026-09-20T10:23:36.719963Z		0.010000	15368192	43835392	8G	0			true		acacia-syntcomp26-coverage-241888-e5807d75ef23.scope
S-cap17-epoch1	full_arbiter_unreal1_pb_4_8_pe_.ltl	full_arbiter_unreal1_pb_4_8_pe_.tlsf	17	UNREALIZABLE	0.01670360198477283	1	false		none	13	30	18	50384cf69a733199fa17c9c571da1761d8451991	f80ff3f62daaa6e22a6753a3f30a127baab424d0320949bc9957a6ff62ea5ebe	otf_sparse_formula	2026-09-20T10:23:36.749397Z		0.010000	15372288	40943616	8G	0			true		acacia-syntcomp26-coverage-241888-ad9a4f91596f.scope
S-cap17-epoch1	g-unreal-1-unreal.ltl	g-unreal-1-unreal.tlsf	17	TIMEOUT	17.084737004013732	124	true	timeout	none	0	8	19	50384cf69a733199fa17c9c571da1761d8451991	f80ff3f62daaa6e22a6753a3f30a127baab424d0320949bc9957a6ff62ea5ebe	otf_sparse_formula	2026-09-20T10:23:53.846101Z					8G	0			true		acacia-syntcomp26-coverage-241888-df01c30daa66.scope
S-cap17-epoch1	gf-unreal35.ltl	gf-unreal35.tlsf	17	UNREALIZABLE	0.03610105998814106	1	false		none	13	30	20	50384cf69a733199fa17c9c571da1761d8451991	f80ff3f62daaa6e22a6753a3f30a127baab424d0320949bc9957a6ff62ea5ebe	otf_sparse_formula	2026-09-20T10:23:53.897112Z		0.050000	19771392		8G	0			true		acacia-syntcomp26-coverage-241888-7a79e24e5a1f.scope
S-cap17-epoch1	infinite-race-u13.ltl	infinite-race-u13.tlsf	17	TIMEOUT	17.135232020984404	124	true	timeout	none	0	8	21	50384cf69a733199fa17c9c571da1761d8451991	f80ff3f62daaa6e22a6753a3f30a127baab424d0320949bc9957a6ff62ea5ebe	otf_sparse_formula	2026-09-20T10:24:11.057524Z					8G	0			true		acacia-syntcomp26-coverage-241888-496692ef1a97.scope
S-cap17-epoch1	infinite-race-u24.ltl	infinite-race-u24.tlsf	17	TIMEOUT	17.138167525001336	124	true	timeout	none	0	8	22	50384cf69a733199fa17c9c571da1761d8451991	f80ff3f62daaa6e22a6753a3f30a127baab424d0320949bc9957a6ff62ea5ebe	otf_sparse_formula	2026-09-20T10:24:28.228850Z					8G	0			true		acacia-syntcomp26-coverage-241888-f6b7257766a0.scope
S-cap17-epoch1	lift_gr1_pb_2_pe_.ltl	lift_gr1_pb_2_pe_.tlsf	17	REALIZABLE	0.03486333999899216	0	false		none	11	30	23	50384cf69a733199fa17c9c571da1761d8451991	f80ff3f62daaa6e22a6753a3f30a127baab424d0320949bc9957a6ff62ea5ebe	otf_sparse_formula	2026-09-20T10:24:28.283695Z		0.050000	20484096		8G	0			true		acacia-syntcomp26-coverage-241888-b7b00861124c.scope
S-cap17-epoch1	lift_gr1_pb_8_pe_.ltl	lift_gr1_pb_8_pe_.tlsf	17	TIMEOUT	17.085233954014257	124	true	timeout	none	0	8	24	50384cf69a733199fa17c9c571da1761d8451991	f80ff3f62daaa6e22a6753a3f30a127baab424d0320949bc9957a6ff62ea5ebe	otf_sparse_formula	2026-09-20T10:24:45.381379Z					8G	0			true		acacia-syntcomp26-coverage-241888-e8de5e40e44e.scope
S-cap17-epoch1	lift_pb_3_pe_.ltl	lift_pb_3_pe_.tlsf	17	REALIZABLE	0.6314503999892622	0	false		none	11	30	25	50384cf69a733199fa17c9c571da1761d8451991	f80ff3f62daaa6e22a6753a3f30a127baab424d0320949bc9957a6ff62ea5ebe	otf_sparse_formula	2026-09-20T10:24:46.028212Z		2.420000	83922944		8G	0			true		acacia-syntcomp26-coverage-241888-8a52b06165aa.scope
S-cap17-epoch1	lift_unary_enc_pb_7_pe_.ltl	lift_unary_enc_pb_7_pe_.tlsf	17	TIMEOUT	17.05306674100575	124	true	timeout	none	0	8	26	50384cf69a733199fa17c9c571da1761d8451991	f80ff3f62daaa6e22a6753a3f30a127baab424d0320949bc9957a6ff62ea5ebe	otf_sparse_formula	2026-09-20T10:25:03.093860Z					8G	0			true		acacia-syntcomp26-coverage-241888-02bc76ab1b9c.scope
S-cap17-epoch1	lilydemo01.ltl	lilydemo01.tlsf	17	UNREALIZABLE	0.03047787499963306	1	false		status	13	30	27	50384cf69a733199fa17c9c571da1761d8451991	f80ff3f62daaa6e22a6753a3f30a127baab424d0320949bc9957a6ff62ea5ebe	otf_sparse_formula	2026-09-20T10:25:03.146718Z		0.030000	15028224		8G	0			true		acacia-syntcomp26-coverage-241888-a01d42a0b6b4.scope
S-cap17-epoch1	lilydemo05.ltl	lilydemo05.tlsf	17	REALIZABLE	0.03802259502117522	0	false		status	11	30	28	50384cf69a733199fa17c9c571da1761d8451991	f80ff3f62daaa6e22a6753a3f30a127baab424d0320949bc9957a6ff62ea5ebe	otf_sparse_formula	2026-09-20T10:25:03.221468Z		0.040000	18055168		8G	0			true		acacia-syntcomp26-coverage-241888-c4432adc4c5f.scope
S-cap17-epoch1	lilydemo18.ltl	lilydemo18.tlsf	17	REALIZABLE	0.03292571799829602	0	false		status	11	30	29	50384cf69a733199fa17c9c571da1761d8451991	f80ff3f62daaa6e22a6753a3f30a127baab424d0320949bc9957a6ff62ea5ebe	otf_sparse_formula	2026-09-20T10:25:03.292734Z		0.040000	18333696		8G	0			true		acacia-syntcomp26-coverage-241888-7c14c85326a2.scope
S-cap17-epoch1	load_balancer_pb_4_pe_.ltl	load_balancer_pb_4_pe_.tlsf	17	REALIZABLE	0.05448274200898595	0	false		status	11	30	30	50384cf69a733199fa17c9c571da1761d8451991	f80ff3f62daaa6e22a6753a3f30a127baab424d0320949bc9957a6ff62ea5ebe	otf_sparse_formula	2026-09-20T10:25:03.360476Z		0.120000	20455424		8G	0			true		acacia-syntcomp26-coverage-241888-e3447609d160.scope
S-cap17-epoch1	load_balancer_unreal1_pb_4_4_pe_.ltl	load_balancer_unreal1_pb_4_4_pe_.tlsf	17	UNREALIZABLE	0.050610381993465126	1	false		status	13	30	31	50384cf69a733199fa17c9c571da1761d8451991	f80ff3f62daaa6e22a6753a3f30a127baab424d0320949bc9957a6ff62ea5ebe	otf_sparse_formula	2026-09-20T10:25:03.423895Z		0.150000	20946944		8G	0			true		acacia-syntcomp26-coverage-241888-c6e4f8ec3ca8.scope
S-cap17-epoch1	ltl2dba04.ltl	ltl2dba04.tlsf	17	REALIZABLE	0.027221921016462147	0	false		status	11	30	32	50384cf69a733199fa17c9c571da1761d8451991	f80ff3f62daaa6e22a6753a3f30a127baab424d0320949bc9957a6ff62ea5ebe	otf_sparse_formula	2026-09-20T10:25:03.487777Z		0.030000	15355904		8G	0			true		acacia-syntcomp26-coverage-241888-64f20de7ccc4.scope
S-cap17-epoch1	ltl2dba13.ltl	ltl2dba13.tlsf	17	REALIZABLE	0.03120874398155138	0	false		status	11	30	33	50384cf69a733199fa17c9c571da1761d8451991	f80ff3f62daaa6e22a6753a3f30a127baab424d0320949bc9957a6ff62ea5ebe	otf_sparse_formula	2026-09-20T10:25:03.547269Z		0.030000	15347712		8G	0			true		acacia-syntcomp26-coverage-241888-c01648bccec5.scope
S-cap17-epoch1	ltl2dba_theta_pb_8_pe_.ltl	ltl2dba_theta_pb_8_pe_.tlsf	17	UNREALIZABLE	0.11239487401326187	1	false		status	13	30	34	50384cf69a733199fa17c9c571da1761d8451991	f80ff3f62daaa6e22a6753a3f30a127baab424d0320949bc9957a6ff62ea5ebe	otf_sparse_formula	2026-09-20T10:25:03.673055Z		0.340000	25591808		8G	0			true		acacia-syntcomp26-coverage-241888-82d8597cd0e6.scope
S-cap17-epoch1	ltl2dpa01.ltl	ltl2dpa01.tlsf	17	REALIZABLE	0.04154585301876068	0	false		status	11	30	35	50384cf69a733199fa17c9c571da1761d8451991	f80ff3f62daaa6e22a6753a3f30a127baab424d0320949bc9957a6ff62ea5ebe	otf_sparse_formula	2026-09-20T10:25:03.740400Z		0.050000	19005440		8G	0			true		acacia-syntcomp26-coverage-241888-3d817ab88807.scope
S-cap17-epoch1	narylatch_pb_64_pe_.ltl	narylatch_pb_64_pe_.tlsf	17	REALIZABLE	0.06039562198566273	0	false		none	11	30	36	50384cf69a733199fa17c9c571da1761d8451991	f80ff3f62daaa6e22a6753a3f30a127baab424d0320949bc9957a6ff62ea5ebe	otf_sparse_formula	2026-09-20T10:25:03.814922Z		0.120000	20172800		8G	0			true		acacia-syntcomp26-coverage-241888-50529448eaf5.scope
S-cap17-epoch1	patrolling-alarm26.ltl	patrolling-alarm26.tlsf	17	UNREALIZABLE	0.8761920570104849	1	false		none	13	31	37	50384cf69a733199fa17c9c571da1761d8451991	f80ff3f62daaa6e22a6753a3f30a127baab424d0320949bc9957a6ff62ea5ebe	otf_sparse_formula	2026-09-20T10:25:04.705189Z		3.370000	148508672		8G	0			true		acacia-syntcomp26-coverage-241888-0c2667b395ee.scope
S-cap17-epoch1	patrolling13.ltl	patrolling13.tlsf	17	UNREALIZABLE	0.21399964700685814	1	false		none	13	30	38	50384cf69a733199fa17c9c571da1761d8451991	f80ff3f62daaa6e22a6753a3f30a127baab424d0320949bc9957a6ff62ea5ebe	otf_sparse_formula	2026-09-20T10:25:04.937787Z		0.770000	37888000		8G	0			true		acacia-syntcomp26-coverage-241888-00a5c9251658.scope
S-cap17-epoch1	prioritized_arbiter_enc_pb_15_pe_.ltl	prioritized_arbiter_enc_pb_15_pe_.tlsf	17	TIMEOUT	17.05235499201808	124	true	timeout	none	0	8	39	50384cf69a733199fa17c9c571da1761d8451991	f80ff3f62daaa6e22a6753a3f30a127baab424d0320949bc9957a6ff62ea5ebe	otf_sparse_formula	2026-09-20T10:25:22.012547Z					8G	0			true		acacia-syntcomp26-coverage-241888-4734788bfac7.scope
S-cap17-epoch1	reversible-lane-r-real.ltl	reversible-lane-r-real.tlsf	17	TIMEOUT	17.144199938018573	124	true	timeout	none	0	8	40	50384cf69a733199fa17c9c571da1761d8451991	f80ff3f62daaa6e22a6753a3f30a127baab424d0320949bc9957a6ff62ea5ebe	otf_sparse_formula	2026-09-20T10:25:39.193273Z					8G	0			true		acacia-syntcomp26-coverage-241888-54f38a83b6bd.scope
S-cap17-epoch1	reversible-lane-u0.ltl	reversible-lane-u0.tlsf	17	UNREALIZABLE	0.08962834600242786	1	false		none	13	30	41	50384cf69a733199fa17c9c571da1761d8451991	f80ff3f62daaa6e22a6753a3f30a127baab424d0320949bc9957a6ff62ea5ebe	otf_sparse_formula	2026-09-20T10:25:39.297750Z		0.250000	23293952		8G	0			true		acacia-syntcomp26-coverage-241888-a05ac46a8b07.scope
S-cap17-epoch1	robot-resource-2d14.ltl	robot-resource-2d14.tlsf	17	UNREALIZABLE	2.3391976849816274	1	false		none	13	30	42	50384cf69a733199fa17c9c571da1761d8451991	f80ff3f62daaa6e22a6753a3f30a127baab424d0320949bc9957a6ff62ea5ebe	otf_sparse_formula	2026-09-20T10:25:41.651079Z		9.230000	44630016		8G	0			true		acacia-syntcomp26-coverage-241888-0bae3bc0bd63.scope
S-cap17-epoch1	robot_deliver_products_30.ltl	robot_deliver_products_30.tlsf	17	TIMEOUT	17.080770856002346	124	true	timeout	none	0	8	43	50384cf69a733199fa17c9c571da1761d8451991	f80ff3f62daaa6e22a6753a3f30a127baab424d0320949bc9957a6ff62ea5ebe	otf_sparse_formula	2026-09-20T10:25:58.757009Z					8G	0			true		acacia-syntcomp26-coverage-241888-01ab3de2932b.scope
S-cap17-epoch1	robot_grid_pb_8_8_pe_.ltl	robot_grid_pb_8_8_pe_.tlsf	17	MEMOUT	13.895439821993932	-15	false	memory	none	0	648	44	50384cf69a733199fa17c9c571da1761d8451991	f80ff3f62daaa6e22a6753a3f30a127baab424d0320949bc9957a6ff62ea5ebe	otf_sparse_formula	2026-09-20T10:26:12.672067Z				8589934592	8G	0			true		acacia-syntcomp26-coverage-241888-0a1ac556a4ef.scope
S-cap17-epoch1	round_robin_arbiter_unreal1_pb_3_50_pe_.ltl	round_robin_arbiter_unreal1_pb_3_50_pe_.tlsf	17	TIMEOUT	17.18919942298089	124	true	timeout	none	0	8	45	50384cf69a733199fa17c9c571da1761d8451991	f80ff3f62daaa6e22a6753a3f30a127baab424d0320949bc9957a6ff62ea5ebe	otf_sparse_formula	2026-09-20T10:26:29.899798Z					8G	0			true		acacia-syntcomp26-coverage-241888-b779a9a38fc7.scope
S-cap17-epoch1	round_robin_arbiter_unreal1_pb_4_12_pe_.ltl	round_robin_arbiter_unreal1_pb_4_12_pe_.tlsf	17	TIMEOUT	17.19379637800739	124	true	timeout	none	0	8	46	50384cf69a733199fa17c9c571da1761d8451991	f80ff3f62daaa6e22a6753a3f30a127baab424d0320949bc9957a6ff62ea5ebe	otf_sparse_formula	2026-09-20T10:26:47.130838Z					8G	0			true		acacia-syntcomp26-coverage-241888-f45fa36e9708.scope
S-cap17-epoch1	round_robin_arbiter_unreal1_pb_4_2_pe_.ltl	round_robin_arbiter_unreal1_pb_4_2_pe_.tlsf	17	UNREALIZABLE	0.08743107598274946	1	false		status	13	30	47	50384cf69a733199fa17c9c571da1761d8451991	f80ff3f62daaa6e22a6753a3f30a127baab424d0320949bc9957a6ff62ea5ebe	otf_sparse_formula	2026-09-20T10:26:47.234072Z		0.240000	23318528		8G	0			true		acacia-syntcomp26-coverage-241888-07d0f44d4326.scope
S-cap17-epoch1	round_robin_arbiter_unreal1_pb_4_9_pe_.ltl	round_robin_arbiter_unreal1_pb_4_9_pe_.tlsf	17	TIMEOUT	17.193567145994166	124	true	timeout	none	0	8	48	50384cf69a733199fa17c9c571da1761d8451991	f80ff3f62daaa6e22a6753a3f30a127baab424d0320949bc9957a6ff62ea5ebe	otf_sparse_formula	2026-09-20T10:27:04.465701Z					8G	0			true		acacia-syntcomp26-coverage-241888-00cf96a4f022.scope
S-cap17-epoch1	simple_arbiter_unreal1_pb_16_5_pe_.ltl	simple_arbiter_unreal1_pb_16_5_pe_.tlsf	17	UNREALIZABLE	0.03260269601014443	1	false		status	13	30	49	50384cf69a733199fa17c9c571da1761d8451991	f80ff3f62daaa6e22a6753a3f30a127baab424d0320949bc9957a6ff62ea5ebe	otf_sparse_formula	2026-09-20T10:27:04.520134Z		0.030000	15540224		8G	0			true		acacia-syntcomp26-coverage-241888-48c1281a6a88.scope
S-cap17-epoch1	simple_arbiter_unreal1_pb_2_7_pe_.ltl	simple_arbiter_unreal1_pb_2_7_pe_.tlsf	17	UNREALIZABLE	0.028517344006104395	1	false		status	13	30	50	50384cf69a733199fa17c9c571da1761d8451991	f80ff3f62daaa6e22a6753a3f30a127baab424d0320949bc9957a6ff62ea5ebe	otf_sparse_formula	2026-09-20T10:27:04.587458Z		0.020000	15360000		8G	0			true		acacia-syntcomp26-coverage-241888-5cfd0826f010.scope
S-cap17-epoch1	thermostat-GF-real.ltl	thermostat-GF-real.tlsf	17	TIMEOUT	17.136509748001117	124	true	timeout	none	0	8	51	50384cf69a733199fa17c9c571da1761d8451991	f80ff3f62daaa6e22a6753a3f30a127baab424d0320949bc9957a6ff62ea5ebe	otf_sparse_formula	2026-09-20T10:27:21.736169Z					8G	0			true		acacia-syntcomp26-coverage-241888-4d50406fb831.scope
S-cap17-epoch1	workstation_resupply_pb_2_pe_.ltl	workstation_resupply_pb_2_pe_.tlsf	17	REALIZABLE	0.3277042429836001	0	false		none	11	30	52	50384cf69a733199fa17c9c571da1761d8451991	f80ff3f62daaa6e22a6753a3f30a127baab424d0320949bc9957a6ff62ea5ebe	otf_sparse_formula	2026-09-20T10:27:22.081873Z		1.230000	47079424		8G	0			true		acacia-syntcomp26-coverage-241888-7aa5f3396a52.scope
S-cap17-epoch1	12.ltl	12.tlsf	17	REALIZABLE	5.594913450011518	0	false		none	11	32	0	50384cf69a733199fa17c9c571da1761d8451991	f80ff3f62daaa6e22a6753a3f30a127baab424d0320949bc9957a6ff62ea5ebe	otf_sparse_formula	2026-09-20T10:38:26.237201Z		22.200000	226824192		8G	0			true		acacia-syntcomp26-coverage-244092-ba3f5596b0f0.scope
S-cap17-epoch1	CheckRoom_3916ec59.ltl	CheckRoom_3916ec59.tlsf	17	UNREALIZABLE	0.02044697798555717	1	false		status	13	30	1	50384cf69a733199fa17c9c571da1761d8451991	f80ff3f62daaa6e22a6753a3f30a127baab424d0320949bc9957a6ff62ea5ebe	otf_sparse_formula	2026-09-20T10:38:26.298842Z		0.010000	17182720	43188224	8G	0			true		acacia-syntcomp26-coverage-244092-8ceda831abab.scope
S-cap17-epoch1	CheckWarnlight_6bea956e.ltl	CheckWarnlight_6bea956e.tlsf	17	UNREALIZABLE	0.02101849199971184	1	false		status	13	30	2	50384cf69a733199fa17c9c571da1761d8451991	f80ff3f62daaa6e22a6753a3f30a127baab424d0320949bc9957a6ff62ea5ebe	otf_sparse_formula	2026-09-20T10:38:26.333407Z		0.010000	18313216	43438080	8G	0			true		acacia-syntcomp26-coverage-244092-03afa33b2916.scope
S-cap17-epoch1	EscalatorCounting.ltl	EscalatorCounting.tlsf	17	REALIZABLE	0.023800085007678717	0	false		status	11	30	3	50384cf69a733199fa17c9c571da1761d8451991	f80ff3f62daaa6e22a6753a3f30a127baab424d0320949bc9957a6ff62ea5ebe	otf_sparse_formula	2026-09-20T10:38:26.369730Z		0.010000	20230144	46755840	8G	0			true		acacia-syntcomp26-coverage-244092-6336fdce37af.scope
S-cap17-epoch1	F-G-contradiction-110.ltl	F-G-contradiction-110.tlsf	17	TIMEOUT	17.135707573004765	124	true	timeout	none	0	8	4	50384cf69a733199fa17c9c571da1761d8451991	f80ff3f62daaa6e22a6753a3f30a127baab424d0320949bc9957a6ff62ea5ebe	otf_sparse_formula	2026-09-20T10:38:43.517123Z					8G	0			true		acacia-syntcomp26-coverage-244092-d07749df3551.scope
S-cap17-epoch1	F-G-contradiction-16.ltl	F-G-contradiction-16.tlsf	17	UNREALIZABLE	9.106098916992778	1	false		none	13	32	5	50384cf69a733199fa17c9c571da1761d8451991	f80ff3f62daaa6e22a6753a3f30a127baab424d0320949bc9957a6ff62ea5ebe	otf_sparse_formula	2026-09-20T10:38:52.636956Z		36.070000	784101376		8G	0			true		acacia-syntcomp26-coverage-244092-75675963f137.scope
S-cap17-epoch1	KitchenTimerV0.ltl	KitchenTimerV0.tlsf	17	REALIZABLE	0.01773104100720957	0	false		status	11	30	6	50384cf69a733199fa17c9c571da1761d8451991	f80ff3f62daaa6e22a6753a3f30a127baab424d0320949bc9957a6ff62ea5ebe	otf_sparse_formula	2026-09-20T10:38:52.677601Z		0.010000	15585280	42721280	8G	0			true		acacia-syntcomp26-coverage-244092-fb8e3ee1a75f.scope
S-cap17-epoch1	Lights_f3987563.ltl	Lights_f3987563.tlsf	17	REALIZABLE	0.04597703300532885	0	false		status	11	30	7	50384cf69a733199fa17c9c571da1761d8451991	f80ff3f62daaa6e22a6753a3f30a127baab424d0320949bc9957a6ff62ea5ebe	otf_sparse_formula	2026-09-20T10:38:52.736476Z		0.100000	20836352		8G	0			true		acacia-syntcomp26-coverage-244092-85da774bfc9c.scope
S-cap17-epoch1	OneCounterGuiA7.ltl	OneCounterGuiA7.tlsf	17	UNREALIZABLE	0.8656060770153999	1	false		status	13	30	8	50384cf69a733199fa17c9c571da1761d8451991	f80ff3f62daaa6e22a6753a3f30a127baab424d0320949bc9957a6ff62ea5ebe	otf_sparse_formula	2026-09-20T10:38:53.615100Z		2.770000	96022528		8G	0			true		acacia-syntcomp26-coverage-244092-a62c3f301c18.scope
S-cap17-epoch1	TorcsSteeringSmart.ltl	TorcsSteeringSmart.tlsf	17	REALIZABLE	0.03167205900535919	0	false		status	11	30	9	50384cf69a733199fa17c9c571da1761d8451991	f80ff3f62daaa6e22a6753a3f30a127baab424d0320949bc9957a6ff62ea5ebe	otf_sparse_formula	2026-09-20T10:38:53.670922Z		0.040000	20426752		8G	0			true		acacia-syntcomp26-coverage-244092-cc930c3c2f49.scope
S-cap17-epoch1	Window2_f1477cc5.ltl	Window2_f1477cc5.tlsf	17	UNREALIZABLE	0.03124034099164419	1	false		status	13	30	10	50384cf69a733199fa17c9c571da1761d8451991	f80ff3f62daaa6e22a6753a3f30a127baab424d0320949bc9957a6ff62ea5ebe	otf_sparse_formula	2026-09-20T10:38:53.725311Z		0.020000	18407424		8G	0			true		acacia-syntcomp26-coverage-244092-122b61fc3d89.scope
S-cap17-epoch1	abcg_arbiter_pb_1_pe_.ltl	abcg_arbiter_pb_1_pe_.tlsf	17	REALIZABLE	0.03481184699921869	0	false		none	11	30	11	50384cf69a733199fa17c9c571da1761d8451991	f80ff3f62daaa6e22a6753a3f30a127baab424d0320949bc9957a6ff62ea5ebe	otf_sparse_formula	2026-09-20T10:38:53.787390Z		0.050000	18989056		8G	0			true		acacia-syntcomp26-coverage-244092-1b27c99cf329.scope
S-cap17-epoch1	abcg_arbiter_pb_6_pe_.ltl	abcg_arbiter_pb_6_pe_.tlsf	17	TIMEOUT	17.070119015988894	124	true	timeout	none	0	8	12	50384cf69a733199fa17c9c571da1761d8451991	f80ff3f62daaa6e22a6753a3f30a127baab424d0320949bc9957a6ff62ea5ebe	otf_sparse_formula	2026-09-20T10:39:10.869732Z					8G	0			true		acacia-syntcomp26-coverage-244092-0a4d255d0e11.scope
S-cap17-epoch1	amba_case_study_pb_3_pe_.ltl	amba_case_study_pb_3_pe_.tlsf	17	TIMEOUT	17.13228021800751	124	true	timeout	none	0	8	13	50384cf69a733199fa17c9c571da1761d8451991	f80ff3f62daaa6e22a6753a3f30a127baab424d0320949bc9957a6ff62ea5ebe	otf_sparse_formula	2026-09-20T10:39:28.042258Z					8G	0			true		acacia-syntcomp26-coverage-244092-e75dfc09b03b.scope
S-cap17-epoch1	amba_decomposed_lock_pb_10_pe_.ltl	amba_decomposed_lock_pb_10_pe_.tlsf	17	REALIZABLE	0.4767169810074847	0	false		status	11	30	14	50384cf69a733199fa17c9c571da1761d8451991	f80ff3f62daaa6e22a6753a3f30a127baab424d0320949bc9957a6ff62ea5ebe	otf_sparse_formula	2026-09-20T10:39:28.534777Z		1.380000	55001088		8G	0			true		acacia-syntcomp26-coverage-244092-5d85b89a24fa.scope
S-cap17-epoch1	amba_decomposed_lock_pb_13_pe_.ltl	amba_decomposed_lock_pb_13_pe_.tlsf	17	TIMEOUT	17.09383391501615	124	true	timeout	status	0	8	15	50384cf69a733199fa17c9c571da1761d8451991	f80ff3f62daaa6e22a6753a3f30a127baab424d0320949bc9957a6ff62ea5ebe	otf_sparse_formula	2026-09-20T10:39:45.668955Z					8G	0			true		acacia-syntcomp26-coverage-244092-86ee18792175.scope
S-cap17-epoch1	arbiter_with_cancel_pb_7_pe_.ltl	arbiter_with_cancel_pb_7_pe_.tlsf	17	TIMEOUT	17.039803897001548	124	true	timeout	none	0	8	16	50384cf69a733199fa17c9c571da1761d8451991	f80ff3f62daaa6e22a6753a3f30a127baab424d0320949bc9957a6ff62ea5ebe	otf_sparse_formula	2026-09-20T10:40:02.722455Z					8G	0			true		acacia-syntcomp26-coverage-244092-8f090f7ba194.scope
S-cap17-epoch1	chain-simple-30-real.ltl	chain-simple-30-real.tlsf	17	REALIZABLE	0.42006849899189547	0	false		none	11	30	17	50384cf69a733199fa17c9c571da1761d8451991	f80ff3f62daaa6e22a6753a3f30a127baab424d0320949bc9957a6ff62ea5ebe	otf_sparse_formula	2026-09-20T10:40:03.157097Z		1.590000	71135232		8G	0			true		acacia-syntcomp26-coverage-244092-d7a4ba4b7608.scope
S-cap17-epoch1	chain-simple-50-real.ltl	chain-simple-50-real.tlsf	17	REALIZABLE	0.7454884010076057	0	false		none	11	31	18	50384cf69a733199fa17c9c571da1761d8451991	f80ff3f62daaa6e22a6753a3f30a127baab424d0320949bc9957a6ff62ea5ebe	otf_sparse_formula	2026-09-20T10:40:03.918751Z		2.880000	150429696		8G	0			true		acacia-syntcomp26-coverage-244092-160eeb2eff06.scope
S-cap17-epoch1	chomp_pb_4_6_pe_.ltl	chomp_pb_4_6_pe_.tlsf	17	TIMEOUT	17.08586865797406	124	true	timeout	status	0	8	19	50384cf69a733199fa17c9c571da1761d8451991	f80ff3f62daaa6e22a6753a3f30a127baab424d0320949bc9957a6ff62ea5ebe	otf_sparse_formula	2026-09-20T10:40:21.017388Z					8G	0			true		acacia-syntcomp26-coverage-244092-f4d87340644b.scope
S-cap17-epoch1	full_arbiter_unreal1_pb_3_13_pe_.ltl	full_arbiter_unreal1_pb_3_13_pe_.tlsf	17	UNREALIZABLE	0.021793007996166125	1	false		none	13	30	20	50384cf69a733199fa17c9c571da1761d8451991	f80ff3f62daaa6e22a6753a3f30a127baab424d0320949bc9957a6ff62ea5ebe	otf_sparse_formula	2026-09-20T10:40:21.052571Z		0.010000	15458304	43347968	8G	0			true		acacia-syntcomp26-coverage-244092-433e85ed685b.scope
S-cap17-epoch1	full_arbiter_unreal1_pb_3_15_pe_.ltl	full_arbiter_unreal1_pb_3_15_pe_.tlsf	17	UNREALIZABLE	0.020115889987209812	1	false		none	13	30	21	50384cf69a733199fa17c9c571da1761d8451991	f80ff3f62daaa6e22a6753a3f30a127baab424d0320949bc9957a6ff62ea5ebe	otf_sparse_formula	2026-09-20T10:40:21.085471Z		0.010000	15454208	42307584	8G	0			true		acacia-syntcomp26-coverage-244092-f1330d37eb36.scope
S-cap17-epoch1	full_arbiter_unreal1_pb_3_9_pe_.ltl	full_arbiter_unreal1_pb_3_9_pe_.tlsf	17	UNREALIZABLE	0.016861266980413347	1	false		status	13	30	22	50384cf69a733199fa17c9c571da1761d8451991	f80ff3f62daaa6e22a6753a3f30a127baab424d0320949bc9957a6ff62ea5ebe	otf_sparse_formula	2026-09-20T10:40:21.116264Z		0.010000	15478784	43089920	8G	0			true		acacia-syntcomp26-coverage-244092-81429abf585c.scope
S-cap17-epoch1	g-unreal-117.ltl	g-unreal-117.tlsf	17	TIMEOUT	17.08509270599461	124	true	timeout	none	0	8	23	50384cf69a733199fa17c9c571da1761d8451991	f80ff3f62daaa6e22a6753a3f30a127baab424d0320949bc9957a6ff62ea5ebe	otf_sparse_formula	2026-09-20T10:40:38.213414Z					8G	0			true		acacia-syntcomp26-coverage-244092-069de4af29ab.scope
S-cap17-epoch1	g-unreal-119.ltl	g-unreal-119.tlsf	17	TIMEOUT	17.08501920301933	124	true	timeout	none	0	8	24	50384cf69a733199fa17c9c571da1761d8451991	f80ff3f62daaa6e22a6753a3f30a127baab424d0320949bc9957a6ff62ea5ebe	otf_sparse_formula	2026-09-20T10:40:55.312467Z					8G	0			true		acacia-syntcomp26-coverage-244092-37669f7054b3.scope
S-cap17-epoch1	gf-unreal27.ltl	gf-unreal27.tlsf	17	UNREALIZABLE	0.03510718300822191	1	false		none	13	30	25	50384cf69a733199fa17c9c571da1761d8451991	f80ff3f62daaa6e22a6753a3f30a127baab424d0320949bc9957a6ff62ea5ebe	otf_sparse_formula	2026-09-20T10:40:55.363583Z		0.040000	19038208		8G	0			true		acacia-syntcomp26-coverage-244092-f26aafb81b34.scope
S-cap17-epoch1	gf-unreal47.ltl	gf-unreal47.tlsf	17	UNREALIZABLE	0.049623084982158616	1	false		none	13	30	26	50384cf69a733199fa17c9c571da1761d8451991	f80ff3f62daaa6e22a6753a3f30a127baab424d0320949bc9957a6ff62ea5ebe	otf_sparse_formula	2026-09-20T10:40:55.426149Z		0.090000	20115456		8G	0			true		acacia-syntcomp26-coverage-244092-7cc72e482a81.scope
S-cap17-epoch1	gf-unreal5.ltl	gf-unreal5.tlsf	17	UNREALIZABLE	0.02804732898948714	1	false		none	13	30	27	50384cf69a733199fa17c9c571da1761d8451991	f80ff3f62daaa6e22a6753a3f30a127baab424d0320949bc9957a6ff62ea5ebe	otf_sparse_formula	2026-09-20T10:40:55.478204Z		0.050000	17985536		8G	0			true		acacia-syntcomp26-coverage-244092-f8c46a7dd6f7.scope
S-cap17-epoch1	heim-double-x0.ltl	heim-double-x0.tlsf	17	UNREALIZABLE	0.054539025004487485	1	false		none	13	30	28	50384cf69a733199fa17c9c571da1761d8451991	f80ff3f62daaa6e22a6753a3f30a127baab424d0320949bc9957a6ff62ea5ebe	otf_sparse_formula	2026-09-20T10:40:55.547451Z		0.110000	21303296		8G	0			true		acacia-syntcomp26-coverage-244092-fc4a0ee61457.scope
S-cap17-epoch1	infinite-race-u19.ltl	infinite-race-u19.tlsf	17	TIMEOUT	17.134943181998096	124	true	timeout	none	0	8	29	50384cf69a733199fa17c9c571da1761d8451991	f80ff3f62daaa6e22a6753a3f30a127baab424d0320949bc9957a6ff62ea5ebe	otf_sparse_formula	2026-09-20T10:41:12.694034Z					8G	0			true		acacia-syntcomp26-coverage-244092-5d8f0db7ec18.scope
S-cap17-epoch1	infinite-race-u23.ltl	infinite-race-u23.tlsf	17	TIMEOUT	17.142064365005353	124	true	timeout	none	0	8	30	50384cf69a733199fa17c9c571da1761d8451991	f80ff3f62daaa6e22a6753a3f30a127baab424d0320949bc9957a6ff62ea5ebe	otf_sparse_formula	2026-09-20T10:41:29.867229Z					8G	0			true		acacia-syntcomp26-coverage-244092-1c0bc80577d9.scope
S-cap17-epoch1	jarvis_philippe_484face8.ltl	jarvis_philippe_484face8.tlsf	17	UNREALIZABLE	0.03990796799189411	1	false		status	13	30	31	50384cf69a733199fa17c9c571da1761d8451991	f80ff3f62daaa6e22a6753a3f30a127baab424d0320949bc9957a6ff62ea5ebe	otf_sparse_formula	2026-09-20T10:41:29.934114Z		0.040000	20172800		8G	0			true		acacia-syntcomp26-coverage-244092-8adf366cac2d.scope
S-cap17-epoch1	lilydemo20.ltl	lilydemo20.tlsf	17	REALIZABLE	0.04441085801227018	0	false		status	11	30	32	50384cf69a733199fa17c9c571da1761d8451991	f80ff3f62daaa6e22a6753a3f30a127baab424d0320949bc9957a6ff62ea5ebe	otf_sparse_formula	2026-09-20T10:41:30.005886Z		0.050000	19030016		8G	0			true		acacia-syntcomp26-coverage-244092-e938f541ca13.scope
S-cap17-epoch1	load_balancer_unreal1_pb_2_10_pe_.ltl	load_balancer_unreal1_pb_2_10_pe_.tlsf	17	UNREALIZABLE	0.04980553899076767	1	false		status	13	30	33	50384cf69a733199fa17c9c571da1761d8451991	f80ff3f62daaa6e22a6753a3f30a127baab424d0320949bc9957a6ff62ea5ebe	otf_sparse_formula	2026-09-20T10:41:30.069916Z		0.090000	20885504		8G	0			true		acacia-syntcomp26-coverage-244092-2f5f5bc88950.scope
S-cap17-epoch1	load_balancer_unreal1_pb_2_14_pe_.ltl	load_balancer_unreal1_pb_2_14_pe_.tlsf	17	UNREALIZABLE	0.370319240988465	1	false		status	13	30	34	50384cf69a733199fa17c9c571da1761d8451991	f80ff3f62daaa6e22a6753a3f30a127baab424d0320949bc9957a6ff62ea5ebe	otf_sparse_formula	2026-09-20T10:41:30.454083Z		1.070000	43024384		8G	0			true		acacia-syntcomp26-coverage-244092-507e40679f96.scope
S-cap17-epoch1	load_balancer_unreal1_pb_3_3_pe_.ltl	load_balancer_unreal1_pb_3_3_pe_.tlsf	17	UNREALIZABLE	0.018618403002619743	1	false		status	13	30	35	50384cf69a733199fa17c9c571da1761d8451991	f80ff3f62daaa6e22a6753a3f30a127baab424d0320949bc9957a6ff62ea5ebe	otf_sparse_formula	2026-09-20T10:41:30.485820Z		0.020000	20168704		8G	0			true		acacia-syntcomp26-coverage-244092-81172cff8172.scope
S-cap17-epoch1	load_balancer_unreal1_pb_6_1_pe_.ltl	load_balancer_unreal1_pb_6_1_pe_.tlsf	17	UNREALIZABLE	0.15870589000405744	1	false		status	13	30	36	50384cf69a733199fa17c9c571da1761d8451991	f80ff3f62daaa6e22a6753a3f30a127baab424d0320949bc9957a6ff62ea5ebe	otf_sparse_formula	2026-09-20T10:41:30.658238Z		0.550000	31895552		8G	0			true		acacia-syntcomp26-coverage-244092-b80b3273914d.scope
S-cap17-epoch1	ltl2dba11.ltl	ltl2dba11.tlsf	17	REALIZABLE	0.01676380098797381	0	false		status	11	30	37	50384cf69a733199fa17c9c571da1761d8451991	f80ff3f62daaa6e22a6753a3f30a127baab424d0320949bc9957a6ff62ea5ebe	otf_sparse_formula	2026-09-20T10:41:30.688145Z		0.010000	15347712	42852352	8G	0			true		acacia-syntcomp26-coverage-244092-38353086be7d.scope
S-cap17-epoch1	ltl2dba23.ltl	ltl2dba23.tlsf	17	REALIZABLE	0.014290036022430286	0	false		status	11	30	38	50384cf69a733199fa17c9c571da1761d8451991	f80ff3f62daaa6e22a6753a3f30a127baab424d0320949bc9957a6ff62ea5ebe	otf_sparse_formula	2026-09-20T10:41:30.714857Z		0.010000	15327232	43200512	8G	0			true		acacia-syntcomp26-coverage-244092-b31e4065ceb7.scope
S-cap17-epoch1	ltl2dba_Q_pb_3_pe_.ltl	ltl2dba_Q_pb_3_pe_.tlsf	17	REALIZABLE	0.025782910000998527	0	false		status	11	30	39	50384cf69a733199fa17c9c571da1761d8451991	f80ff3f62daaa6e22a6753a3f30a127baab424d0320949bc9957a6ff62ea5ebe	otf_sparse_formula	2026-09-20T10:41:30.753009Z		0.010000	15339520	43171840	8G	0			true		acacia-syntcomp26-coverage-244092-92f8e11c505b.scope
S-cap17-epoch1	ltl2dba_R_pb_14_pe_.ltl	ltl2dba_R_pb_14_pe_.tlsf	17	TIMEOUT	17.036977197014494	124	true	timeout	none	0	8	40	50384cf69a733199fa17c9c571da1761d8451991	f80ff3f62daaa6e22a6753a3f30a127baab424d0320949bc9957a6ff62ea5ebe	otf_sparse_formula	2026-09-20T10:41:47.802821Z					8G	0			true		acacia-syntcomp26-coverage-244092-735d663f292b.scope
S-cap17-epoch1	ltl2dba_U1_pb_2_pe_.ltl	ltl2dba_U1_pb_2_pe_.tlsf	17	REALIZABLE	0.020799888006877154	0	false		status	11	30	41	50384cf69a733199fa17c9c571da1761d8451991	f80ff3f62daaa6e22a6753a3f30a127baab424d0320949bc9957a6ff62ea5ebe	otf_sparse_formula	2026-09-20T10:41:47.845327Z		0.020000	15306752		8G	0			true		acacia-syntcomp26-coverage-244092-5850b184c09f.scope
S-cap17-epoch1	ltl2dba_alpha_pb_12_pe_.ltl	ltl2dba_alpha_pb_12_pe_.tlsf	17	REALIZABLE	0.026684302982175723	0	false		status	11	30	42	50384cf69a733199fa17c9c571da1761d8451991	f80ff3f62daaa6e22a6753a3f30a127baab424d0320949bc9957a6ff62ea5ebe	otf_sparse_formula	2026-09-20T10:41:47.909699Z		0.020000	15499264		8G	0			true		acacia-syntcomp26-coverage-244092-93d694ac3c8a.scope
S-cap17-epoch1	ltl2dba_alpha_pb_8_pe_.ltl	ltl2dba_alpha_pb_8_pe_.tlsf	17	REALIZABLE	0.027652982011204585	0	false		status	11	30	43	50384cf69a733199fa17c9c571da1761d8451991	f80ff3f62daaa6e22a6753a3f30a127baab424d0320949bc9957a6ff62ea5ebe	otf_sparse_formula	2026-09-20T10:41:47.964553Z		0.030000	15474688		8G	0			true		acacia-syntcomp26-coverage-244092-76d1f5120a58.scope
S-cap17-epoch1	mux_pb_125_pe_.ltl	mux_pb_125_pe_.tlsf	17	REALIZABLE	0.05019494201405905	0	false		status	11	30	44	50384cf69a733199fa17c9c571da1761d8451991	f80ff3f62daaa6e22a6753a3f30a127baab424d0320949bc9957a6ff62ea5ebe	otf_sparse_formula	2026-09-20T10:41:48.049953Z		0.070000	18014208		8G	0			true		acacia-syntcomp26-coverage-244092-9c0d9296893e.scope
S-cap17-epoch1	patrolling-alarm10.ltl	patrolling-alarm10.tlsf	17	UNREALIZABLE	0.1467859729891643	1	false		none	13	30	45	50384cf69a733199fa17c9c571da1761d8451991	f80ff3f62daaa6e22a6753a3f30a127baab424d0320949bc9957a6ff62ea5ebe	otf_sparse_formula	2026-09-20T10:41:48.210336Z		0.480000	30535680		8G	0			true		acacia-syntcomp26-coverage-244092-e115a369734d.scope
S-cap17-epoch1	patrolling-alarm9.ltl	patrolling-alarm9.tlsf	17	UNREALIZABLE	0.11502075399039313	1	false		none	13	30	46	50384cf69a733199fa17c9c571da1761d8451991	f80ff3f62daaa6e22a6753a3f30a127baab424d0320949bc9957a6ff62ea5ebe	otf_sparse_formula	2026-09-20T10:41:48.339202Z		0.370000	28594176		8G	0			true		acacia-syntcomp26-coverage-244092-1a658cee7c0b.scope
S-cap17-epoch1	patrolling11.ltl	patrolling11.tlsf	17	UNREALIZABLE	0.1546919819957111	1	false		none	13	30	47	50384cf69a733199fa17c9c571da1761d8451991	f80ff3f62daaa6e22a6753a3f30a127baab424d0320949bc9957a6ff62ea5ebe	otf_sparse_formula	2026-09-20T10:41:48.507884Z		0.530000	33947648		8G	0			true		acacia-syntcomp26-coverage-244092-952f22046aca.scope
S-cap17-epoch1	patrolling15.ltl	patrolling15.tlsf	17	UNREALIZABLE	0.3726016659929883	1	false		none	13	30	48	50384cf69a733199fa17c9c571da1761d8451991	f80ff3f62daaa6e22a6753a3f30a127baab424d0320949bc9957a6ff62ea5ebe	otf_sparse_formula	2026-09-20T10:41:48.900188Z		1.390000	54288384		8G	0			true		acacia-syntcomp26-coverage-244092-f31212f7bcac.scope
S-cap17-epoch1	patrolling16.ltl	patrolling16.tlsf	17	UNREALIZABLE	0.38404936000006273	1	false		none	13	30	49	50384cf69a733199fa17c9c571da1761d8451991	f80ff3f62daaa6e22a6753a3f30a127baab424d0320949bc9957a6ff62ea5ebe	otf_sparse_formula	2026-09-20T10:41:49.298721Z		1.420000	57462784		8G	0			true		acacia-syntcomp26-coverage-244092-61163dc39ec6.scope
S-cap17-epoch1	prioritized_arbiter_unreal1_pb_3_7_pe_.ltl	prioritized_arbiter_unreal1_pb_3_7_pe_.tlsf	17	UNREALIZABLE	0.016735606972360983	1	false		status	13	30	50	50384cf69a733199fa17c9c571da1761d8451991	f80ff3f62daaa6e22a6753a3f30a127baab424d0320949bc9957a6ff62ea5ebe	otf_sparse_formula	2026-09-20T10:41:49.328688Z		0.010000	18595840	44179456	8G	0			true		acacia-syntcomp26-coverage-244092-4dd17061aa3f.scope
S-cap17-epoch1	prioritized_arbiter_unreal2_pb_4_pe_.ltl	prioritized_arbiter_unreal2_pb_4_pe_.tlsf	17	UNREALIZABLE	0.016349334007827565	1	false		status	13	30	51	50384cf69a733199fa17c9c571da1761d8451991	f80ff3f62daaa6e22a6753a3f30a127baab424d0320949bc9957a6ff62ea5ebe	otf_sparse_formula	2026-09-20T10:41:49.358847Z		0.010000	18403328	45723648	8G	0			true		acacia-syntcomp26-coverage-244092-5bcbc95228f7.scope
S-cap17-epoch1	robot-resource-2d13.ltl	robot-resource-2d13.tlsf	17	UNREALIZABLE	2.065873329003807	1	false		none	13	30	52	50384cf69a733199fa17c9c571da1761d8451991	f80ff3f62daaa6e22a6753a3f30a127baab424d0320949bc9957a6ff62ea5ebe	otf_sparse_formula	2026-09-20T10:41:51.438160Z		8.140000	44707840		8G	0			true		acacia-syntcomp26-coverage-244092-36e245b8d426.scope
S-cap17-epoch1	robot-to-target-charging19.ltl	robot-to-target-charging19.tlsf	17	TIMEOUT	17.088512112008175	124	true	timeout	none	0	8	53	50384cf69a733199fa17c9c571da1761d8451991	f80ff3f62daaa6e22a6753a3f30a127baab424d0320949bc9957a6ff62ea5ebe	otf_sparse_formula	2026-09-20T10:42:08.541043Z					8G	0			true		acacia-syntcomp26-coverage-244092-5f67d4bb1f94.scope
S-cap17-epoch1	robot-to-target-charging9.ltl	robot-to-target-charging9.tlsf	17	TIMEOUT	17.052679960004753	124	true	timeout	none	0	8	54	50384cf69a733199fa17c9c571da1761d8451991	f80ff3f62daaa6e22a6753a3f30a127baab424d0320949bc9957a6ff62ea5ebe	otf_sparse_formula	2026-09-20T10:42:25.612706Z					8G	0			true		acacia-syntcomp26-coverage-244092-bffe1e61083c.scope
S-cap17-epoch1	robot-to-target-unreal0.ltl	robot-to-target-unreal0.tlsf	17	REALIZABLE	8.298052382975584	0	false		none	11	32	55	50384cf69a733199fa17c9c571da1761d8451991	f80ff3f62daaa6e22a6753a3f30a127baab424d0320949bc9957a6ff62ea5ebe	otf_sparse_formula	2026-09-20T10:42:33.924751Z		32.720000	211021824		8G	0			true		acacia-syntcomp26-coverage-244092-90b688d63983.scope
S-cap17-epoch1	round_robin_arbiter_pb_4_pe_.ltl	round_robin_arbiter_pb_4_pe_.tlsf	17	REALIZABLE	0.12134428697754629	0	false		status	11	30	56	50384cf69a733199fa17c9c571da1761d8451991	f80ff3f62daaa6e22a6753a3f30a127baab424d0320949bc9957a6ff62ea5ebe	otf_sparse_formula	2026-09-20T10:42:34.060470Z		0.410000	31444992		8G	0			true		acacia-syntcomp26-coverage-244092-e4fc04d2d583.scope
S-cap17-epoch1	round_robin_arbiter_unreal1_pb_4_3_pe_.ltl	round_robin_arbiter_unreal1_pb_4_3_pe_.tlsf	17	UNREALIZABLE	0.16720309300580993	1	false		status	13	30	57	50384cf69a733199fa17c9c571da1761d8451991	f80ff3f62daaa6e22a6753a3f30a127baab424d0320949bc9957a6ff62ea5ebe	otf_sparse_formula	2026-09-20T10:42:34.246373Z		0.600000	32276480		8G	0			true		acacia-syntcomp26-coverage-244092-e44da26dbd7c.scope
S-cap17-epoch1	round_robin_arbiter_unreal1_pb_4_4_pe_.ltl	round_robin_arbiter_unreal1_pb_4_4_pe_.tlsf	17	UNREALIZABLE	1.696206769993296	1	false		status	13	31	58	50384cf69a733199fa17c9c571da1761d8451991	f80ff3f62daaa6e22a6753a3f30a127baab424d0320949bc9957a6ff62ea5ebe	otf_sparse_formula	2026-09-20T10:42:35.957473Z		6.650000	209027072		8G	0			true		acacia-syntcomp26-coverage-244092-22939d3c7856.scope
S-cap17-epoch1	round_robin_arbiter_unreal2_pb_6_pe_.ltl	round_robin_arbiter_unreal2_pb_6_pe_.tlsf	17	TIMEOUT	17.08471644500969	124	true	timeout	none	0	8	59	50384cf69a733199fa17c9c571da1761d8451991	f80ff3f62daaa6e22a6753a3f30a127baab424d0320949bc9957a6ff62ea5ebe	otf_sparse_formula	2026-09-20T10:42:53.054834Z					8G	0			true		acacia-syntcomp26-coverage-244092-6d9e44d7a4a0.scope
S-cap17-epoch1	simple_arbiter_unreal1_pb_2_12_pe_.ltl	simple_arbiter_unreal1_pb_2_12_pe_.tlsf	17	UNREALIZABLE	0.0152151919901371	1	false		status	13	30	60	50384cf69a733199fa17c9c571da1761d8451991	f80ff3f62daaa6e22a6753a3f30a127baab424d0320949bc9957a6ff62ea5ebe	otf_sparse_formula	2026-09-20T10:42:53.084794Z		0.010000	15355904	42909696	8G	0			true		acacia-syntcomp26-coverage-244092-0e19becd28ba.scope
S-cap17-epoch1	simple_arbiter_unreal1_pb_2_6_pe_.ltl	simple_arbiter_unreal1_pb_2_6_pe_.tlsf	17	UNREALIZABLE	0.020574311027303338	1	false		status	13	30	61	50384cf69a733199fa17c9c571da1761d8451991	f80ff3f62daaa6e22a6753a3f30a127baab424d0320949bc9957a6ff62ea5ebe	otf_sparse_formula	2026-09-20T10:42:53.117662Z		0.010000	15400960	42909696	8G	0			true		acacia-syntcomp26-coverage-244092-760d3a91f9bc.scope
S-cap17-epoch1	simple_arbiter_unreal1_pb_5_7_pe_.ltl	simple_arbiter_unreal1_pb_5_7_pe_.tlsf	17	UNREALIZABLE	0.019148329010931775	1	false		status	13	30	62	50384cf69a733199fa17c9c571da1761d8451991	f80ff3f62daaa6e22a6753a3f30a127baab424d0320949bc9957a6ff62ea5ebe	otf_sparse_formula	2026-09-20T10:42:53.150040Z		0.010000	15237120	43311104	8G	0			true		acacia-syntcomp26-coverage-244092-bd2a0c5d2ec6.scope
S-cap17-epoch1	sort41.ltl	sort41.tlsf	17	UNREALIZABLE	0.5644287749892101	1	false		none	13	30	63	50384cf69a733199fa17c9c571da1761d8451991	f80ff3f62daaa6e22a6753a3f30a127baab424d0320949bc9957a6ff62ea5ebe	otf_sparse_formula	2026-09-20T10:42:53.728680Z		2.180000	48205824		8G	0			true		acacia-syntcomp26-coverage-244092-9b3046c9662c.scope
S-cap17-epoch1	tasks-unreal1.ltl	tasks-unreal1.tlsf	17	TIMEOUT	17.07249479900929	124	true	timeout	none	0	8	64	50384cf69a733199fa17c9c571da1761d8451991	f80ff3f62daaa6e22a6753a3f30a127baab424d0320949bc9957a6ff62ea5ebe	otf_sparse_formula	2026-09-20T10:43:10.824628Z					8G	0			true		acacia-syntcomp26-coverage-244092-569d0a46c799.scope
S-cap17-epoch1	thermostat-GF-unreal1.ltl	thermostat-GF-unreal1.tlsf	17	TIMEOUT	17.09339088498382	124	true	timeout	none	0	8	65	50384cf69a733199fa17c9c571da1761d8451991	f80ff3f62daaa6e22a6753a3f30a127baab424d0320949bc9957a6ff62ea5ebe	otf_sparse_formula	2026-09-20T10:43:27.950226Z					8G	0			true		acacia-syntcomp26-coverage-244092-cd94715308f9.scope
S-cap17-epoch1	workstation_resupply_pb_3_pe_.ltl	workstation_resupply_pb_3_pe_.tlsf	17	REALIZABLE	16.697033453994663	0	false		none	11	32	66	50384cf69a733199fa17c9c571da1761d8451991	f80ff3f62daaa6e22a6753a3f30a127baab424d0320949bc9957a6ff62ea5ebe	otf_sparse_formula	2026-09-20T10:43:44.661118Z		51.140000	321077248		8G	0			true		acacia-syntcomp26-coverage-244092-270756fecba7.scope
S-cap17-epoch1	10.ltl	10.tlsf	17	REALIZABLE	3.572712796012638	0	false		none	11	32	0	50384cf69a733199fa17c9c571da1761d8451991	f80ff3f62daaa6e22a6753a3f30a127baab424d0320949bc9957a6ff62ea5ebe	otf_sparse_formula	2026-09-20T10:43:48.331137Z		13.520000	172380160		8G	0			true		acacia-syntcomp26-coverage-244922-ebf6773bc09a.scope
S-cap17-epoch1	Coffee_d6376bf9.ltl	Coffee_d6376bf9.tlsf	17	REALIZABLE	0.02423020001151599	0	false		status	11	30	1	50384cf69a733199fa17c9c571da1761d8451991	f80ff3f62daaa6e22a6753a3f30a127baab424d0320949bc9957a6ff62ea5ebe	otf_sparse_formula	2026-09-20T10:43:48.387480Z		0.030000	20430848		8G	0			true		acacia-syntcomp26-coverage-244922-039bb3d39b85.scope
S-cap17-epoch1	Coffee_efe2feaf.ltl	Coffee_efe2feaf.tlsf	17	REALIZABLE	0.024341703014215454	0	false		status	11	30	2	50384cf69a733199fa17c9c571da1761d8451991	f80ff3f62daaa6e22a6753a3f30a127baab424d0320949bc9957a6ff62ea5ebe	otf_sparse_formula	2026-09-20T10:43:48.424150Z		0.030000	20561920		8G	0			true		acacia-syntcomp26-coverage-244922-8a520d593ab6.scope
S-cap17-epoch1	Core_66f450a4.ltl	Core_66f450a4.tlsf	17	UNREALIZABLE	0.023214579006889835	1	false		status	13	30	3	50384cf69a733199fa17c9c571da1761d8451991	f80ff3f62daaa6e22a6753a3f30a127baab424d0320949bc9957a6ff62ea5ebe	otf_sparse_formula	2026-09-20T10:43:48.470503Z		0.020000	20008960		8G	0			true		acacia-syntcomp26-coverage-244922-29f4128b02d1.scope
S-cap17-epoch1	KitchenTimerV10.ltl	KitchenTimerV10.tlsf	17	REALIZABLE	0.0961044010182377	0	false		status	11	30	4	50384cf69a733199fa17c9c571da1761d8451991	f80ff3f62daaa6e22a6753a3f30a127baab424d0320949bc9957a6ff62ea5ebe	otf_sparse_formula	2026-09-20T10:43:48.579793Z		0.270000	26439680		8G	0			true		acacia-syntcomp26-coverage-244922-8719eb604e76.scope
S-cap17-epoch1	Lights3_06e9cad4.ltl	Lights3_06e9cad4.tlsf	17	REALIZABLE	0.03255984399584122	0	false		status	11	30	5	50384cf69a733199fa17c9c571da1761d8451991	f80ff3f62daaa6e22a6753a3f30a127baab424d0320949bc9957a6ff62ea5ebe	otf_sparse_formula	2026-09-20T10:43:48.626379Z		0.070000	20815872		8G	0			true		acacia-syntcomp26-coverage-244922-1ed006580492.scope
S-cap17-epoch1	Lights3_6bea956e.ltl	Lights3_6bea956e.tlsf	17	REALIZABLE	0.04697099298937246	0	false		status	11	30	6	50384cf69a733199fa17c9c571da1761d8451991	f80ff3f62daaa6e22a6753a3f30a127baab424d0320949bc9957a6ff62ea5ebe	otf_sparse_formula	2026-09-20T10:43:48.685929Z		0.100000	21012480		8G	0			true		acacia-syntcomp26-coverage-244922-58e48998ca85.scope
S-cap17-epoch1	Lights_9cac58d3.ltl	Lights_9cac58d3.tlsf	17	REALIZABLE	0.033030410995706916	0	false		status	11	30	7	50384cf69a733199fa17c9c571da1761d8451991	f80ff3f62daaa6e22a6753a3f30a127baab424d0320949bc9957a6ff62ea5ebe	otf_sparse_formula	2026-09-20T10:43:48.731516Z		0.080000	20873216		8G	0			true		acacia-syntcomp26-coverage-244922-e7beb53f582e.scope
S-cap17-epoch1	Morning2_63831f8c.ltl	Morning2_63831f8c.tlsf	17	TIMEOUT	17.05238181000459	124	true	timeout	none	0	8	8	50384cf69a733199fa17c9c571da1761d8451991	f80ff3f62daaa6e22a6753a3f30a127baab424d0320949bc9957a6ff62ea5ebe	otf_sparse_formula	2026-09-20T10:44:05.797160Z					8G	0			true		acacia-syntcomp26-coverage-244922-6b2b531f699e.scope
S-cap17-epoch1	OneCounterGui.ltl	OneCounterGui.tlsf	17	UNREALIZABLE	0.018937595013994724	1	false		status	13	30	9	50384cf69a733199fa17c9c571da1761d8451991	f80ff3f62daaa6e22a6753a3f30a127baab424d0320949bc9957a6ff62ea5ebe	otf_sparse_formula	2026-09-20T10:44:05.838118Z		0.020000	19927040		8G	0			true		acacia-syntcomp26-coverage-244922-f90ba0db641e.scope
S-cap17-epoch1	OneCounterInRangeA1.ltl	OneCounterInRangeA1.tlsf	17	UNREALIZABLE	0.03355706000002101	1	false		status	13	30	10	50384cf69a733199fa17c9c571da1761d8451991	f80ff3f62daaa6e22a6753a3f30a127baab424d0320949bc9957a6ff62ea5ebe	otf_sparse_formula	2026-09-20T10:44:05.897338Z		0.040000	20090880		8G	0			true		acacia-syntcomp26-coverage-244922-95fd8a1a544d.scope
S-cap17-epoch1	System_b0840146.ltl	System_b0840146.tlsf	17	UNREALIZABLE	0.029737826000200585	1	false		status	13	30	11	50384cf69a733199fa17c9c571da1761d8451991	f80ff3f62daaa6e22a6753a3f30a127baab424d0320949bc9957a6ff62ea5ebe	otf_sparse_formula	2026-09-20T10:44:05.953053Z		0.040000	18489344		8G	0			true		acacia-syntcomp26-coverage-244922-24d4e3c3a26f.scope
S-cap17-epoch1	TwoCountersDisButA2.ltl	TwoCountersDisButA2.tlsf	17	UNREALIZABLE	0.06866486699436791	1	false		status	13	30	12	50384cf69a733199fa17c9c571da1761d8451991	f80ff3f62daaa6e22a6753a3f30a127baab424d0320949bc9957a6ff62ea5ebe	otf_sparse_formula	2026-09-20T10:44:06.035133Z		0.180000	27459584		8G	0			true		acacia-syntcomp26-coverage-244922-eb5f6a26d6e8.scope
S-cap17-epoch1	TwoCountersDisButA4.ltl	TwoCountersDisButA4.tlsf	17	UNREALIZABLE	0.11479554401012138	1	false		status	13	30	13	50384cf69a733199fa17c9c571da1761d8451991	f80ff3f62daaa6e22a6753a3f30a127baab424d0320949bc9957a6ff62ea5ebe	otf_sparse_formula	2026-09-20T10:44:06.164278Z		0.400000	29310976		8G	0			true		acacia-syntcomp26-coverage-244922-a19a1f41bd17.scope
S-cap17-epoch1	amba_case_study_unreal_pb_2_pe_.ltl	amba_case_study_unreal_pb_2_pe_.tlsf	17	TIMEOUT	17.036857501982013	124	true	timeout	none	0	8	14	50384cf69a733199fa17c9c571da1761d8451991	f80ff3f62daaa6e22a6753a3f30a127baab424d0320949bc9957a6ff62ea5ebe	otf_sparse_formula	2026-09-20T10:44:23.213482Z					8G	0			true		acacia-syntcomp26-coverage-244922-7eddbda8fb3e.scope
S-cap17-epoch1	amba_decomposed_arbiter_pb_12_pe_.ltl	amba_decomposed_arbiter_pb_12_pe_.tlsf	17	TIMEOUT	17.092421369976364	124	true	timeout	none	0	8	15	50384cf69a733199fa17c9c571da1761d8451991	f80ff3f62daaa6e22a6753a3f30a127baab424d0320949bc9957a6ff62ea5ebe	otf_sparse_formula	2026-09-20T10:44:40.344900Z					8G	0			true		acacia-syntcomp26-coverage-244922-d592f51b7887.scope
S-cap17-epoch1	amba_decomposed_lock_pb_12_pe_.ltl	amba_decomposed_lock_pb_12_pe_.tlsf	17	REALIZABLE	7.143434191006236	0	false		status	11	32	16	50384cf69a733199fa17c9c571da1761d8451991	f80ff3f62daaa6e22a6753a3f30a127baab424d0320949bc9957a6ff62ea5ebe	otf_sparse_formula	2026-09-20T10:44:47.503181Z		21.340000	310472704		8G	0			true		acacia-syntcomp26-coverage-244922-8a2a4594d49e.scope
S-cap17-epoch1	arbiter_on_inpchange_pb_7_pe_.ltl	arbiter_on_inpchange_pb_7_pe_.tlsf	17	TIMEOUT	17.14497541298624	124	true	timeout	none	0	8	17	50384cf69a733199fa17c9c571da1761d8451991	f80ff3f62daaa6e22a6753a3f30a127baab424d0320949bc9957a6ff62ea5ebe	otf_sparse_formula	2026-09-20T10:45:04.686843Z					8G	0			true		acacia-syntcomp26-coverage-244922-72d43e77c972.scope
S-cap17-epoch1	arbiter_with_cancel_pb_6_pe_.ltl	arbiter_with_cancel_pb_6_pe_.tlsf	17	TIMEOUT	17.03721638600109	124	true	timeout	none	0	8	18	50384cf69a733199fa17c9c571da1761d8451991	f80ff3f62daaa6e22a6753a3f30a127baab424d0320949bc9957a6ff62ea5ebe	otf_sparse_formula	2026-09-20T10:45:21.736633Z					8G	0			true		acacia-syntcomp26-coverage-244922-d2a6446d7e4d.scope
S-cap17-epoch1	chain-simple-10-real.ltl	chain-simple-10-real.tlsf	17	REALIZABLE	0.12316162200295366	0	false		none	11	30	19	50384cf69a733199fa17c9c571da1761d8451991	f80ff3f62daaa6e22a6753a3f30a127baab424d0320949bc9957a6ff62ea5ebe	otf_sparse_formula	2026-09-20T10:45:21.873640Z		0.430000	28557312		8G	0			true		acacia-syntcomp26-coverage-244922-84c7544d8754.scope
S-cap17-epoch1	chain-simple-5-real.ltl	chain-simple-5-real.tlsf	17	REALIZABLE	0.08400096200057305	0	false		none	11	30	20	50384cf69a733199fa17c9c571da1761d8451991	f80ff3f62daaa6e22a6753a3f30a127baab424d0320949bc9957a6ff62ea5ebe	otf_sparse_formula	2026-09-20T10:45:21.973899Z		0.260000	23568384		8G	0			true		acacia-syntcomp26-coverage-244922-e0f8a3968057.scope
S-cap17-epoch1	chomp_pb_3_3_pe_.ltl	chomp_pb_3_3_pe_.tlsf	17	TIMEOUT	17.092488472990226	124	true	timeout	status	0	8	21	50384cf69a733199fa17c9c571da1761d8451991	f80ff3f62daaa6e22a6753a3f30a127baab424d0320949bc9957a6ff62ea5ebe	otf_sparse_formula	2026-09-20T10:45:39.107761Z					8G	0			true		acacia-syntcomp26-coverage-244922-a8e1f0d080ef.scope
S-cap17-epoch1	collector_v2_pb_7_pe_.ltl	collector_v2_pb_7_pe_.tlsf	17	REALIZABLE	0.044548921985551715	0	false		status	11	30	22	50384cf69a733199fa17c9c571da1761d8451991	f80ff3f62daaa6e22a6753a3f30a127baab424d0320949bc9957a6ff62ea5ebe	otf_sparse_formula	2026-09-20T10:45:39.167684Z		0.080000	24371200		8G	0			true		acacia-syntcomp26-coverage-244922-52eb4b3193d9.scope
S-cap17-epoch1	door_locking_problem_d6c5ac79.ltl	door_locking_problem_d6c5ac79.tlsf	17	REALIZABLE	0.03863283898681402	0	false		status	11	30	23	50384cf69a733199fa17c9c571da1761d8451991	f80ff3f62daaa6e22a6753a3f30a127baab424d0320949bc9957a6ff62ea5ebe	otf_sparse_formula	2026-09-20T10:45:39.229835Z		0.060000	20324352		8G	0			true		acacia-syntcomp26-coverage-244922-a96e2b525e15.scope
S-cap17-epoch1	evasion-real.ltl	evasion-real.tlsf	17	TIMEOUT	17.086624390009092	124	true	timeout	none	0	8	24	50384cf69a733199fa17c9c571da1761d8451991	f80ff3f62daaa6e22a6753a3f30a127baab424d0320949bc9957a6ff62ea5ebe	otf_sparse_formula	2026-09-20T10:45:56.335759Z					8G	0			true		acacia-syntcomp26-coverage-244922-22dc988d3a42.scope
S-cap17-epoch1	full_arbiter_unreal1_pb_2_7_pe_.ltl	full_arbiter_unreal1_pb_2_7_pe_.tlsf	17	UNREALIZABLE	0.027127634006319568	1	false		status	13	30	25	50384cf69a733199fa17c9c571da1761d8451991	f80ff3f62daaa6e22a6753a3f30a127baab424d0320949bc9957a6ff62ea5ebe	otf_sparse_formula	2026-09-20T10:45:56.385998Z		0.020000	15466496		8G	0			true		acacia-syntcomp26-coverage-244922-9ecf81d887aa.scope
S-cap17-epoch1	full_arbiter_unreal1_pb_3_10_pe_.ltl	full_arbiter_unreal1_pb_3_10_pe_.tlsf	17	UNREALIZABLE	0.033180842990987	1	false		status	13	30	26	50384cf69a733199fa17c9c571da1761d8451991	f80ff3f62daaa6e22a6753a3f30a127baab424d0320949bc9957a6ff62ea5ebe	otf_sparse_formula	2026-09-20T10:45:56.457806Z		0.040000	15499264		8G	0			true		acacia-syntcomp26-coverage-244922-062e4ce5a92f.scope
S-cap17-epoch1	full_arbiter_unreal1_pb_3_6_pe_.ltl	full_arbiter_unreal1_pb_3_6_pe_.tlsf	17	UNREALIZABLE	0.0325510669790674	1	false		status	13	30	27	50384cf69a733199fa17c9c571da1761d8451991	f80ff3f62daaa6e22a6753a3f30a127baab424d0320949bc9957a6ff62ea5ebe	otf_sparse_formula	2026-09-20T10:45:56.529357Z		0.030000	15392768		8G	0			true		acacia-syntcomp26-coverage-244922-814f9664ca1f.scope
S-cap17-epoch1	g-unreal-310.ltl	g-unreal-310.tlsf	17	TIMEOUT	17.090253574977396	124	true	timeout	none	0	8	28	50384cf69a733199fa17c9c571da1761d8451991	f80ff3f62daaa6e22a6753a3f30a127baab424d0320949bc9957a6ff62ea5ebe	otf_sparse_formula	2026-09-20T10:46:13.642125Z					8G	0			true		acacia-syntcomp26-coverage-244922-caba79d36c28.scope
S-cap17-epoch1	gf-unreal8.ltl	gf-unreal8.tlsf	17	UNREALIZABLE	0.03181761997984722	1	false		none	13	30	29	50384cf69a733199fa17c9c571da1761d8451991	f80ff3f62daaa6e22a6753a3f30a127baab424d0320949bc9957a6ff62ea5ebe	otf_sparse_formula	2026-09-20T10:46:13.699599Z		0.030000	17936384		8G	0			true		acacia-syntcomp26-coverage-244922-033ad1260d70.scope
S-cap17-epoch1	heim-double-x-real.ltl	heim-double-x-real.tlsf	17	REALIZABLE	0.43431156501173973	0	false		none	11	30	30	50384cf69a733199fa17c9c571da1761d8451991	f80ff3f62daaa6e22a6753a3f30a127baab424d0320949bc9957a6ff62ea5ebe	otf_sparse_formula	2026-09-20T10:46:14.148883Z		1.620000	48037888		8G	0			true		acacia-syntcomp26-coverage-244922-aa09a2436da7.scope
S-cap17-epoch1	infinite-race-unequal-21.ltl	infinite-race-unequal-21.tlsf	17	UNREALIZABLE	0.03805004002060741	1	false		none	13	30	31	50384cf69a733199fa17c9c571da1761d8451991	f80ff3f62daaa6e22a6753a3f30a127baab424d0320949bc9957a6ff62ea5ebe	otf_sparse_formula	2026-09-20T10:46:14.200758Z		0.090000	21426176		8G	0			true		acacia-syntcomp26-coverage-244922-2cb66941b55b.scope
S-cap17-epoch1	infinite-race-unequal-25.ltl	infinite-race-unequal-25.tlsf	17	UNREALIZABLE	13.84371071701753	1	false		none	13	32	32	50384cf69a733199fa17c9c571da1761d8451991	f80ff3f62daaa6e22a6753a3f30a127baab424d0320949bc9957a6ff62ea5ebe	otf_sparse_formula	2026-09-20T10:46:28.057488Z		54.940000	634429440		8G	0			true		acacia-syntcomp26-coverage-244922-32495beb00ce.scope
S-cap17-epoch1	lilydemo02.ltl	lilydemo02.tlsf	17	UNREALIZABLE	0.02425841600052081	1	false		status	13	30	33	50384cf69a733199fa17c9c571da1761d8451991	f80ff3f62daaa6e22a6753a3f30a127baab424d0320949bc9957a6ff62ea5ebe	otf_sparse_formula	2026-09-20T10:46:28.104290Z		0.020000	15052800		8G	0			true		acacia-syntcomp26-coverage-244922-915fcf3f2d89.scope
S-cap17-epoch1	load_balancer_pb_2_pe_.ltl	load_balancer_pb_2_pe_.tlsf	17	REALIZABLE	0.0295958939823322	0	false		status	11	30	34	50384cf69a733199fa17c9c571da1761d8451991	f80ff3f62daaa6e22a6753a3f30a127baab424d0320949bc9957a6ff62ea5ebe	otf_sparse_formula	2026-09-20T10:46:28.156366Z		0.040000	19132416		8G	0			true		acacia-syntcomp26-coverage-244922-bda48f03036d.scope
S-cap17-epoch1	load_balancer_unreal1_pb_2_2_pe_.ltl	load_balancer_unreal1_pb_2_2_pe_.tlsf	17	UNREALIZABLE	0.030828967021079734	1	false		status	13	30	35	50384cf69a733199fa17c9c571da1761d8451991	f80ff3f62daaa6e22a6753a3f30a127baab424d0320949bc9957a6ff62ea5ebe	otf_sparse_formula	2026-09-20T10:46:28.212657Z		0.060000	19050496		8G	0			true		acacia-syntcomp26-coverage-244922-fb9071f4a83a.scope
S-cap17-epoch1	load_balancer_unreal1_pb_2_5_pe_.ltl	load_balancer_unreal1_pb_2_5_pe_.tlsf	17	UNREALIZABLE	0.043961955001577735	1	false		status	13	30	36	50384cf69a733199fa17c9c571da1761d8451991	f80ff3f62daaa6e22a6753a3f30a127baab424d0320949bc9957a6ff62ea5ebe	otf_sparse_formula	2026-09-20T10:46:28.283628Z		0.060000	19218432		8G	0			true		acacia-syntcomp26-coverage-244922-6bc73547c0fc.scope
S-cap17-epoch1	load_balancer_unreal1_pb_4_2_pe_.ltl	load_balancer_unreal1_pb_4_2_pe_.tlsf	17	UNREALIZABLE	0.04895294999005273	1	false		status	13	30	37	50384cf69a733199fa17c9c571da1761d8451991	f80ff3f62daaa6e22a6753a3f30a127baab424d0320949bc9957a6ff62ea5ebe	otf_sparse_formula	2026-09-20T10:46:28.345794Z		0.100000	20783104		8G	0			true		acacia-syntcomp26-coverage-244922-be1564073c7f.scope
S-cap17-epoch1	load_balancer_unreal1_pb_4_5_pe_.ltl	load_balancer_unreal1_pb_4_5_pe_.tlsf	17	UNREALIZABLE	0.17748167598620057	1	false		status	13	30	38	50384cf69a733199fa17c9c571da1761d8451991	f80ff3f62daaa6e22a6753a3f30a127baab424d0320949bc9957a6ff62ea5ebe	otf_sparse_formula	2026-09-20T10:46:28.536804Z		0.590000	32858112		8G	0			true		acacia-syntcomp26-coverage-244922-376de95086bb.scope
S-cap17-epoch1	ltl2dba_C2_unreal_pb_50_pe_.ltl	ltl2dba_C2_unreal_pb_50_pe_.tlsf	17	TIMEOUT	17.092484601016622	124	true	timeout	status	0	8	39	50384cf69a733199fa17c9c571da1761d8451991	f80ff3f62daaa6e22a6753a3f30a127baab424d0320949bc9957a6ff62ea5ebe	otf_sparse_formula	2026-09-20T10:46:45.651469Z					8G	0			true		acacia-syntcomp26-coverage-244922-b9c53174cf5f.scope
S-cap17-epoch1	ltl2dba_E_pb_12_pe_.ltl	ltl2dba_E_pb_12_pe_.tlsf	17	REALIZABLE	0.024644088000059128	0	false		status	11	30	40	50384cf69a733199fa17c9c571da1761d8451991	f80ff3f62daaa6e22a6753a3f30a127baab424d0320949bc9957a6ff62ea5ebe	otf_sparse_formula	2026-09-20T10:46:45.713257Z		0.020000	15331328		8G	0			true		acacia-syntcomp26-coverage-244922-9f92e56dcf0a.scope
S-cap17-epoch1	ltl2dba_E_pb_4_pe_.ltl	ltl2dba_E_pb_4_pe_.tlsf	17	REALIZABLE	0.03306228099972941	0	false		status	11	30	41	50384cf69a733199fa17c9c571da1761d8451991	f80ff3f62daaa6e22a6753a3f30a127baab424d0320949bc9957a6ff62ea5ebe	otf_sparse_formula	2026-09-20T10:46:45.779680Z		0.020000	15347712		8G	0			true		acacia-syntcomp26-coverage-244922-cd8cff0c4581.scope
S-cap17-epoch1	ltl2dba_R_pb_6_pe_.ltl	ltl2dba_R_pb_6_pe_.tlsf	17	UNREALIZABLE	0.5843738039839081	1	false		status	13	30	42	50384cf69a733199fa17c9c571da1761d8451991	f80ff3f62daaa6e22a6753a3f30a127baab424d0320949bc9957a6ff62ea5ebe	otf_sparse_formula	2026-09-20T10:46:46.378618Z		2.240000	24219648		8G	0			true		acacia-syntcomp26-coverage-244922-922052892137.scope
S-cap17-epoch1	ltl2dba_U1_pb_1_pe_.ltl	ltl2dba_U1_pb_1_pe_.tlsf	17	REALIZABLE	0.01714210500358604	0	false		status	11	30	43	50384cf69a733199fa17c9c571da1761d8451991	f80ff3f62daaa6e22a6753a3f30a127baab424d0320949bc9957a6ff62ea5ebe	otf_sparse_formula	2026-09-20T10:46:46.420566Z		0.020000	15335424	42942464	8G	0			true		acacia-syntcomp26-coverage-244922-944098ed063f.scope
S-cap17-epoch1	ltl2dba_beta_pb_30_pe_.ltl	ltl2dba_beta_pb_30_pe_.tlsf	17	REALIZABLE	0.024797841993859038	0	false		none	11	30	44	50384cf69a733199fa17c9c571da1761d8451991	f80ff3f62daaa6e22a6753a3f30a127baab424d0320949bc9957a6ff62ea5ebe	otf_sparse_formula	2026-09-20T10:46:46.468635Z		0.020000	15355904		8G	0			true		acacia-syntcomp26-coverage-244922-4550858d33de.scope
S-cap17-epoch1	ltl2dpa07.ltl	ltl2dpa07.tlsf	17	REALIZABLE	0.026708564982982352	0	false		status	11	30	45	50384cf69a733199fa17c9c571da1761d8451991	f80ff3f62daaa6e22a6753a3f30a127baab424d0320949bc9957a6ff62ea5ebe	otf_sparse_formula	2026-09-20T10:46:46.533218Z		0.020000	15630336		8G	0			true		acacia-syntcomp26-coverage-244922-19b52d997e96.scope
S-cap17-epoch1	ltl2dpa08.ltl	ltl2dpa08.tlsf	17	REALIZABLE	0.03130922600394115	0	false		status	11	30	46	50384cf69a733199fa17c9c571da1761d8451991	f80ff3f62daaa6e22a6753a3f30a127baab424d0320949bc9957a6ff62ea5ebe	otf_sparse_formula	2026-09-20T10:46:46.603285Z		0.030000	15577088		8G	0			true		acacia-syntcomp26-coverage-244922-efba0feec9b9.scope
S-cap17-epoch1	ltl2dpa14.ltl	ltl2dpa14.tlsf	17	REALIZABLE	0.03971990698482841	0	false		status	11	30	47	50384cf69a733199fa17c9c571da1761d8451991	f80ff3f62daaa6e22a6753a3f30a127baab424d0320949bc9957a6ff62ea5ebe	otf_sparse_formula	2026-09-20T10:46:46.671302Z		0.050000	19234816		8G	0			true		acacia-syntcomp26-coverage-244922-b3067049fa5e.scope
S-cap17-epoch1	prioritized_arbiter_pb_4_pe_.ltl	prioritized_arbiter_pb_4_pe_.tlsf	17	REALIZABLE	0.0409829500131309	0	false		status	11	30	48	50384cf69a733199fa17c9c571da1761d8451991	f80ff3f62daaa6e22a6753a3f30a127baab424d0320949bc9957a6ff62ea5ebe	otf_sparse_formula	2026-09-20T10:46:46.738874Z		0.060000	18903040		8G	0			true		acacia-syntcomp26-coverage-244922-c42e436e8134.scope
S-cap17-epoch1	prioritized_arbiter_pb_5_pe_.ltl	prioritized_arbiter_pb_5_pe_.tlsf	17	REALIZABLE	0.044055938022211194	0	false		status	11	30	49	50384cf69a733199fa17c9c571da1761d8451991	f80ff3f62daaa6e22a6753a3f30a127baab424d0320949bc9957a6ff62ea5ebe	otf_sparse_formula	2026-09-20T10:46:46.796703Z		0.090000	20377600		8G	0			true		acacia-syntcomp26-coverage-244922-ee6bc1af9c63.scope
S-cap17-epoch1	prioritized_arbiter_unreal1_pb_3_13_pe_.ltl	prioritized_arbiter_unreal1_pb_3_13_pe_.tlsf	17	UNREALIZABLE	0.03678493300685659	1	false		status	13	30	50	50384cf69a733199fa17c9c571da1761d8451991	f80ff3f62daaa6e22a6753a3f30a127baab424d0320949bc9957a6ff62ea5ebe	otf_sparse_formula	2026-09-20T10:46:46.860012Z		0.050000	18800640		8G	0			true		acacia-syntcomp26-coverage-244922-ab18d1ef0716.scope
S-cap17-epoch1	prioritized_arbiter_unreal1_pb_4_12_pe_.ltl	prioritized_arbiter_unreal1_pb_4_12_pe_.tlsf	17	UNREALIZABLE	0.03919922301429324	1	false		status	13	30	51	50384cf69a733199fa17c9c571da1761d8451991	f80ff3f62daaa6e22a6753a3f30a127baab424d0320949bc9957a6ff62ea5ebe	otf_sparse_formula	2026-09-20T10:46:46.917731Z		0.060000	18776064		8G	0			true		acacia-syntcomp26-coverage-244922-3ba93adcde29.scope
S-cap17-epoch1	robot-cat-real-1d-real.ltl	robot-cat-real-1d-real.tlsf	17	REALIZABLE	2.4150674189731944	0	false		none	11	31	52	50384cf69a733199fa17c9c571da1761d8451991	f80ff3f62daaa6e22a6753a3f30a127baab424d0320949bc9957a6ff62ea5ebe	otf_sparse_formula	2026-09-20T10:46:49.346270Z		9.430000	118853632		8G	0			true		acacia-syntcomp26-coverage-244922-41f601580324.scope
S-cap17-epoch1	robot-grid-commute-1d-real.ltl	robot-grid-commute-1d-real.tlsf	17	REALIZABLE	1.8769425149948802	0	false		none	11	31	53	50384cf69a733199fa17c9c571da1761d8451991	f80ff3f62daaa6e22a6753a3f30a127baab424d0320949bc9957a6ff62ea5ebe	otf_sparse_formula	2026-09-20T10:46:51.238051Z		7.370000	172212224		8G	0			true		acacia-syntcomp26-coverage-244922-3b5fea107f2d.scope
S-cap17-epoch1	robot-to-target-charging-unreal1.ltl	robot-to-target-charging-unreal1.tlsf	17	TIMEOUT	17.086645236995537	124	true	timeout	none	0	8	54	50384cf69a733199fa17c9c571da1761d8451991	f80ff3f62daaa6e22a6753a3f30a127baab424d0320949bc9957a6ff62ea5ebe	otf_sparse_formula	2026-09-20T10:47:08.337209Z					8G	0			true		acacia-syntcomp26-coverage-244922-56389bdb0527.scope
S-cap17-epoch1	robot_deliver_products_20.ltl	robot_deliver_products_20.tlsf	17	TIMEOUT	17.09175065701129	124	true	timeout	none	0	8	55	50384cf69a733199fa17c9c571da1761d8451991	f80ff3f62daaa6e22a6753a3f30a127baab424d0320949bc9957a6ff62ea5ebe	otf_sparse_formula	2026-09-20T10:47:25.469510Z					8G	0			true		acacia-syntcomp26-coverage-244922-1a9f12c9b927.scope
S-cap17-epoch1	round_robin_arbiter_unreal1_pb_4_14_pe_.ltl	round_robin_arbiter_unreal1_pb_4_14_pe_.tlsf	17	TIMEOUT	17.196925383002963	124	true	timeout	none	0	8	56	50384cf69a733199fa17c9c571da1761d8451991	f80ff3f62daaa6e22a6753a3f30a127baab424d0320949bc9957a6ff62ea5ebe	otf_sparse_formula	2026-09-20T10:47:42.706570Z					8G	0			true		acacia-syntcomp26-coverage-244922-4c4868af57e4.scope
S-cap17-epoch1	shift_pb_132_pe_.ltl	shift_pb_132_pe_.tlsf	17	REALIZABLE	0.033707862021401525	0	false		status	11	30	57	50384cf69a733199fa17c9c571da1761d8451991	f80ff3f62daaa6e22a6753a3f30a127baab424d0320949bc9957a6ff62ea5ebe	otf_sparse_formula	2026-09-20T10:47:42.767250Z		0.040000	17825792		8G	0			true		acacia-syntcomp26-coverage-244922-d57000c3a0f5.scope
S-cap17-epoch1	simple_arbiter_unreal1_pb_2_1_pe_.ltl	simple_arbiter_unreal1_pb_2_1_pe_.tlsf	17	UNREALIZABLE	0.028513716999441385	1	false		status	13	30	58	50384cf69a733199fa17c9c571da1761d8451991	f80ff3f62daaa6e22a6753a3f30a127baab424d0320949bc9957a6ff62ea5ebe	otf_sparse_formula	2026-09-20T10:47:42.832551Z		0.030000	15302656		8G	0			true		acacia-syntcomp26-coverage-244922-8f4efa4c8621.scope
S-cap17-epoch1	simple_arbiter_unreal1_pb_3_6_pe_.ltl	simple_arbiter_unreal1_pb_3_6_pe_.tlsf	17	UNREALIZABLE	0.03072884801076725	1	false		status	13	30	59	50384cf69a733199fa17c9c571da1761d8451991	f80ff3f62daaa6e22a6753a3f30a127baab424d0320949bc9957a6ff62ea5ebe	otf_sparse_formula	2026-09-20T10:47:42.892320Z		0.030000	15196160		8G	0			true		acacia-syntcomp26-coverage-244922-326722eae8d7.scope
S-cap17-epoch1	simple_arbiter_unreal1_pb_5_4_pe_.ltl	simple_arbiter_unreal1_pb_5_4_pe_.tlsf	17	UNREALIZABLE	0.027586781012360007	1	false		status	13	30	60	50384cf69a733199fa17c9c571da1761d8451991	f80ff3f62daaa6e22a6753a3f30a127baab424d0320949bc9957a6ff62ea5ebe	otf_sparse_formula	2026-09-20T10:47:42.941024Z		0.010000	15253504		8G	0			true		acacia-syntcomp26-coverage-244922-4d8d9b7e0e67.scope
S-cap17-epoch1	simple_arbiter_unreal1_pb_5_5_pe_.ltl	simple_arbiter_unreal1_pb_5_5_pe_.tlsf	17	UNREALIZABLE	0.03814724899712019	1	false		status	13	30	61	50384cf69a733199fa17c9c571da1761d8451991	f80ff3f62daaa6e22a6753a3f30a127baab424d0320949bc9957a6ff62ea5ebe	otf_sparse_formula	2026-09-20T10:47:43.006914Z		0.030000	15298560		8G	0			true		acacia-syntcomp26-coverage-244922-4a035ab0d937.scope
S-cap17-epoch1	sort51.ltl	sort51.tlsf	17	TIMEOUT	17.085631818976253	124	true	timeout	none	0	8	62	50384cf69a733199fa17c9c571da1761d8451991	f80ff3f62daaa6e22a6753a3f30a127baab424d0320949bc9957a6ff62ea5ebe	otf_sparse_formula	2026-09-20T10:48:00.104170Z					8G	0			true		acacia-syntcomp26-coverage-244922-15c177339394.scope
S-cap17-epoch1	taxi-service-u-unreal.ltl	taxi-service-u-unreal.tlsf	17	UNREALIZABLE	0.07827828000881709	1	false		none	13	30	63	50384cf69a733199fa17c9c571da1761d8451991	f80ff3f62daaa6e22a6753a3f30a127baab424d0320949bc9957a6ff62ea5ebe	otf_sparse_formula	2026-09-20T10:48:00.199214Z		0.240000	21807104		8G	0			true		acacia-syntcomp26-coverage-244922-4621640b9a8e.scope
S-cap17-epoch1	test_f3987563.ltl	test_f3987563.tlsf	17	REALIZABLE	0.02269383499515243	0	false		status	11	30	64	50384cf69a733199fa17c9c571da1761d8451991	f80ff3f62daaa6e22a6753a3f30a127baab424d0320949bc9957a6ff62ea5ebe	otf_sparse_formula	2026-09-20T10:48:00.234754Z		0.010000	18202624	44171264	8G	0			true		acacia-syntcomp26-coverage-244922-b8eafbcd7bc6.scope
S-cap17-epoch1	Coffee_06e9cad4.ltl	Coffee_06e9cad4.tlsf	17	REALIZABLE	0.04071799901430495	0	false		status	11	30	0	50384cf69a733199fa17c9c571da1761d8451991	f80ff3f62daaa6e22a6753a3f30a127baab424d0320949bc9957a6ff62ea5ebe	otf_sparse_formula	2026-09-20T10:56:17.710314Z		0.080000	20500480		8G	0			true		acacia-syntcomp26-coverage-247782-add9f4f13102.scope
S-cap17-epoch1	Coffee_6479ef9a.ltl	Coffee_6479ef9a.tlsf	17	REALIZABLE	0.035844168975017965	0	false		status	11	30	1	50384cf69a733199fa17c9c571da1761d8451991	f80ff3f62daaa6e22a6753a3f30a127baab424d0320949bc9957a6ff62ea5ebe	otf_sparse_formula	2026-09-20T10:56:17.767537Z		0.050000	20627456		8G	0			true		acacia-syntcomp26-coverage-247782-e29c69a57d62.scope
S-cap17-epoch1	F-G-contradiction-114.ltl	F-G-contradiction-114.tlsf	17	TIMEOUT	17.08867851900868	124	true	timeout	none	0	8	2	50384cf69a733199fa17c9c571da1761d8451991	f80ff3f62daaa6e22a6753a3f30a127baab424d0320949bc9957a6ff62ea5ebe	otf_sparse_formula	2026-09-20T10:56:34.892953Z					8G	0			true		acacia-syntcomp26-coverage-247782-d2c173e6eac9.scope
S-cap17-epoch1	F-G-contradiction-18.ltl	F-G-contradiction-18.tlsf	17	UNREALIZABLE	12.540289961005328	1	false		none	13	32	3	50384cf69a733199fa17c9c571da1761d8451991	f80ff3f62daaa6e22a6753a3f30a127baab424d0320949bc9957a6ff62ea5ebe	otf_sparse_formula	2026-09-20T10:56:47.447512Z		49.710000	935632896		8G	0			true		acacia-syntcomp26-coverage-247782-43925f9ef879.scope
S-cap17-epoch1	GF-G-contradiction1.ltl	GF-G-contradiction1.tlsf	17	UNREALIZABLE	0.06398417899617925	1	false		none	13	30	4	50384cf69a733199fa17c9c571da1761d8451991	f80ff3f62daaa6e22a6753a3f30a127baab424d0320949bc9957a6ff62ea5ebe	otf_sparse_formula	2026-09-20T10:56:47.525813Z		0.200000	23552000		8G	0			true		acacia-syntcomp26-coverage-247782-43c0c7d4ed2c.scope
S-cap17-epoch1	Gamelogic.ltl	Gamelogic.tlsf	17	REALIZABLE	0.019913980009732768	0	false		status	11	30	5	50384cf69a733199fa17c9c571da1761d8451991	f80ff3f62daaa6e22a6753a3f30a127baab424d0320949bc9957a6ff62ea5ebe	otf_sparse_formula	2026-09-20T10:56:47.560565Z		0.020000	20213760		8G	0			true		acacia-syntcomp26-coverage-247782-da0b91a18647.scope
S-cap17-epoch1	Heating_974f4a68.ltl	Heating_974f4a68.tlsf	17	REALIZABLE	0.041571346984710544	0	false		status	11	30	6	50384cf69a733199fa17c9c571da1761d8451991	f80ff3f62daaa6e22a6753a3f30a127baab424d0320949bc9957a6ff62ea5ebe	otf_sparse_formula	2026-09-20T10:56:47.626573Z		0.060000	20213760		8G	0			true		acacia-syntcomp26-coverage-247782-9421123c1037.scope
S-cap17-epoch1	Lights2_f1477cc5.ltl	Lights2_f1477cc5.tlsf	17	UNREALIZABLE	0.04962480699759908	1	false		status	13	30	7	50384cf69a733199fa17c9c571da1761d8451991	f80ff3f62daaa6e22a6753a3f30a127baab424d0320949bc9957a6ff62ea5ebe	otf_sparse_formula	2026-09-20T10:56:47.689823Z		0.120000	20910080		8G	0			true		acacia-syntcomp26-coverage-247782-943a8702993f.scope
S-cap17-epoch1	Lights_3461125b.ltl	Lights_3461125b.tlsf	17	REALIZABLE	0.039032849977957085	0	false		status	11	30	8	50384cf69a733199fa17c9c571da1761d8451991	f80ff3f62daaa6e22a6753a3f30a127baab424d0320949bc9957a6ff62ea5ebe	otf_sparse_formula	2026-09-20T10:56:47.741503Z		0.070000	20766720		8G	0			true		acacia-syntcomp26-coverage-247782-32909944de0b.scope
S-cap17-epoch1	Morning_4b5e6eaa.ltl	Morning_4b5e6eaa.tlsf	17	UNREALIZABLE	3.9901845709828194	1	false		status	13	32	9	50384cf69a733199fa17c9c571da1761d8451991	f80ff3f62daaa6e22a6753a3f30a127baab424d0320949bc9957a6ff62ea5ebe	otf_sparse_formula	2026-09-20T10:56:51.745413Z		15.800000	230006784		8G	0			true		acacia-syntcomp26-coverage-247782-f2e69baec156.scope
S-cap17-epoch1	Scoreboard.ltl	Scoreboard.tlsf	17	REALIZABLE	0.020572870009345934	0	false		status	11	30	10	50384cf69a733199fa17c9c571da1761d8451991	f80ff3f62daaa6e22a6753a3f30a127baab424d0320949bc9957a6ff62ea5ebe	otf_sparse_formula	2026-09-20T10:56:51.787039Z		0.020000	15753216		8G	0			true		acacia-syntcomp26-coverage-247782-cefc8b836d49.scope
S-cap17-epoch1	Shades_974f4a68.ltl	Shades_974f4a68.tlsf	17	REALIZABLE	0.03658901099697687	0	false		status	11	30	11	50384cf69a733199fa17c9c571da1761d8451991	f80ff3f62daaa6e22a6753a3f30a127baab424d0320949bc9957a6ff62ea5ebe	otf_sparse_formula	2026-09-20T10:56:51.837442Z		0.050000	20541440		8G	0			true		acacia-syntcomp26-coverage-247782-b688c930256d.scope
S-cap17-epoch1	SliderScored.ltl	SliderScored.tlsf	17	REALIZABLE	0.0265109270112589	0	false		status	11	30	12	50384cf69a733199fa17c9c571da1761d8451991	f80ff3f62daaa6e22a6753a3f30a127baab424d0320949bc9957a6ff62ea5ebe	otf_sparse_formula	2026-09-20T10:56:51.878339Z		0.030000	20262912		8G	0			true		acacia-syntcomp26-coverage-247782-21e3597efd74.scope
S-cap17-epoch1	TorcsSimple.ltl	TorcsSimple.tlsf	17	REALIZABLE	0.03539288500905968	0	false		status	11	30	13	50384cf69a733199fa17c9c571da1761d8451991	f80ff3f62daaa6e22a6753a3f30a127baab424d0320949bc9957a6ff62ea5ebe	otf_sparse_formula	2026-09-20T10:56:51.938005Z		0.040000	20217856		8G	0			true		acacia-syntcomp26-coverage-247782-4df051541d35.scope
S-cap17-epoch1	TwoCountersDisButA3.ltl	TwoCountersDisButA3.tlsf	17	UNREALIZABLE	0.1262795930088032	1	false		status	13	30	14	50384cf69a733199fa17c9c571da1761d8451991	f80ff3f62daaa6e22a6753a3f30a127baab424d0320949bc9957a6ff62ea5ebe	otf_sparse_formula	2026-09-20T10:56:52.077931Z		0.400000	29257728		8G	0			true		acacia-syntcomp26-coverage-247782-dbf87afd0181.scope
S-cap17-epoch1	abcg_arbiter_pb_3_pe_.ltl	abcg_arbiter_pb_3_pe_.tlsf	17	TIMEOUT	17.135488669009646	124	true	timeout	none	0	8	15	50384cf69a733199fa17c9c571da1761d8451991	f80ff3f62daaa6e22a6753a3f30a127baab424d0320949bc9957a6ff62ea5ebe	otf_sparse_formula	2026-09-20T10:57:09.227138Z					8G	0			true		acacia-syntcomp26-coverage-247782-e71c966c1d85.scope
S-cap17-epoch1	amba_decomposed_arbiter_pb_13_pe_.ltl	amba_decomposed_arbiter_pb_13_pe_.tlsf	17	TIMEOUT	17.092809979018057	124	true	timeout	none	0	8	16	50384cf69a733199fa17c9c571da1761d8451991	f80ff3f62daaa6e22a6753a3f30a127baab424d0320949bc9957a6ff62ea5ebe	otf_sparse_formula	2026-09-20T10:57:26.358110Z					8G	0			true		acacia-syntcomp26-coverage-247782-27aad7fdb9c9.scope
S-cap17-epoch1	amba_decomposed_arbiter_pb_4_pe_.ltl	amba_decomposed_arbiter_pb_4_pe_.tlsf	17	REALIZABLE	0.04503430801560171	0	false		status	11	30	17	50384cf69a733199fa17c9c571da1761d8451991	f80ff3f62daaa6e22a6753a3f30a127baab424d0320949bc9957a6ff62ea5ebe	otf_sparse_formula	2026-09-20T10:57:26.417230Z		0.080000	21602304		8G	0			true		acacia-syntcomp26-coverage-247782-8f77cac8c155.scope
S-cap17-epoch1	amba_decomposed_encode_pb_12_pe_.ltl	amba_decomposed_encode_pb_12_pe_.tlsf	17	REALIZABLE	0.0635643019923009	0	false		status	11	30	18	50384cf69a733199fa17c9c571da1761d8451991	f80ff3f62daaa6e22a6753a3f30a127baab424d0320949bc9957a6ff62ea5ebe	otf_sparse_formula	2026-09-20T10:57:26.495793Z		0.170000	31784960		8G	0			true		acacia-syntcomp26-coverage-247782-cb69b8b66997.scope
S-cap17-epoch1	arbiter_pb_7_pe_.ltl	arbiter_pb_7_pe_.tlsf	17	TIMEOUT	17.053156499023316	124	true	timeout	none	0	8	19	50384cf69a733199fa17c9c571da1761d8451991	f80ff3f62daaa6e22a6753a3f30a127baab424d0320949bc9957a6ff62ea5ebe	otf_sparse_formula	2026-09-20T10:57:43.560585Z					8G	0			true		acacia-syntcomp26-coverage-247782-29c928f2b1e4.scope
S-cap17-epoch1	arbiter_with_buffer_pb_4_pe_.ltl	arbiter_with_buffer_pb_4_pe_.tlsf	17	REALIZABLE	0.04935438800021075	0	false		none	11	30	20	50384cf69a733199fa17c9c571da1761d8451991	f80ff3f62daaa6e22a6753a3f30a127baab424d0320949bc9957a6ff62ea5ebe	otf_sparse_formula	2026-09-20T10:57:43.630074Z		0.140000	23748608		8G	0			true		acacia-syntcomp26-coverage-247782-083d63d1c554.scope
S-cap17-epoch1	arbiter_with_cancel_pb_8_pe_.ltl	arbiter_with_cancel_pb_8_pe_.tlsf	17	TIMEOUT	17.088991423981497	124	true	timeout	none	0	8	21	50384cf69a733199fa17c9c571da1761d8451991	f80ff3f62daaa6e22a6753a3f30a127baab424d0320949bc9957a6ff62ea5ebe	otf_sparse_formula	2026-09-20T10:58:00.745758Z					8G	0			true		acacia-syntcomp26-coverage-247782-ffb3dd80f75a.scope
S-cap17-epoch1	chomp_pb_2_2_pe_.ltl	chomp_pb_2_2_pe_.tlsf	17	REALIZABLE	0.09296282200375572	0	false		status	11	30	22	50384cf69a733199fa17c9c571da1761d8451991	f80ff3f62daaa6e22a6753a3f30a127baab424d0320949bc9957a6ff62ea5ebe	otf_sparse_formula	2026-09-20T10:58:00.853703Z		0.200000	25149440		8G	0			true		acacia-syntcomp26-coverage-247782-c4afb33089d9.scope
S-cap17-epoch1	chomp_pb_2_3_pe_.ltl	chomp_pb_2_3_pe_.tlsf	17	REALIZABLE	4.001238853990799	0	false		status	11	31	23	50384cf69a733199fa17c9c571da1761d8451991	f80ff3f62daaa6e22a6753a3f30a127baab424d0320949bc9957a6ff62ea5ebe	otf_sparse_formula	2026-09-20T10:58:04.868741Z		8.310000	145645568		8G	0			true		acacia-syntcomp26-coverage-247782-b79d1c8eabf6.scope
S-cap17-epoch1	collector_v1_pb_11_pe_.ltl	collector_v1_pb_11_pe_.tlsf	17	TIMEOUT	17.0854013460048	124	true	timeout	status	0	8	24	50384cf69a733199fa17c9c571da1761d8451991	f80ff3f62daaa6e22a6753a3f30a127baab424d0320949bc9957a6ff62ea5ebe	otf_sparse_formula	2026-09-20T10:58:21.966872Z					8G	0			true		acacia-syntcomp26-coverage-247782-5adec1be989a.scope
S-cap17-epoch1	collector_v3_pb_9_pe_.ltl	collector_v3_pb_9_pe_.tlsf	17	TIMEOUT	17.04672959499294	124	true	timeout	status	0	8	25	50384cf69a733199fa17c9c571da1761d8451991	f80ff3f62daaa6e22a6753a3f30a127baab424d0320949bc9957a6ff62ea5ebe	otf_sparse_formula	2026-09-20T10:58:39.026041Z					8G	0			true		acacia-syntcomp26-coverage-247782-89f5f7094ee4.scope
S-cap17-epoch1	evasion0.ltl	evasion0.tlsf	17	UNREALIZABLE	0.5346596399904229	1	false		none	13	30	26	50384cf69a733199fa17c9c571da1761d8451991	f80ff3f62daaa6e22a6753a3f30a127baab424d0320949bc9957a6ff62ea5ebe	otf_sparse_formula	2026-09-20T10:58:39.575937Z		2.060000	75350016		8G	0			true		acacia-syntcomp26-coverage-247782-44af11784eb1.scope
S-cap17-epoch1	example7_pb_1_pe_.ltl	example7_pb_1_pe_.tlsf	17	REALIZABLE	0.024049728002864867	0	false		none	11	30	27	50384cf69a733199fa17c9c571da1761d8451991	f80ff3f62daaa6e22a6753a3f30a127baab424d0320949bc9957a6ff62ea5ebe	otf_sparse_formula	2026-09-20T10:58:39.613315Z		0.010000	15433728	43196416	8G	0			true		acacia-syntcomp26-coverage-247782-d738216f9c3e.scope
S-cap17-epoch1	full_arbiter_unreal1_pb_2_12_pe_.ltl	full_arbiter_unreal1_pb_2_12_pe_.tlsf	17	UNREALIZABLE	0.018620932998601347	1	false		status	13	30	28	50384cf69a733199fa17c9c571da1761d8451991	f80ff3f62daaa6e22a6753a3f30a127baab424d0320949bc9957a6ff62ea5ebe	otf_sparse_formula	2026-09-20T10:58:39.644252Z		0.010000	15454208	42881024	8G	0			true		acacia-syntcomp26-coverage-247782-e711d1bc5e9e.scope
S-cap17-epoch1	full_arbiter_unreal1_pb_2_18_pe_.ltl	full_arbiter_unreal1_pb_2_18_pe_.tlsf	17	UNREALIZABLE	0.017110585002228618	1	false		status	13	30	29	50384cf69a733199fa17c9c571da1761d8451991	f80ff3f62daaa6e22a6753a3f30a127baab424d0320949bc9957a6ff62ea5ebe	otf_sparse_formula	2026-09-20T10:58:39.673808Z		0.010000	15454208	42831872	8G	0			true		acacia-syntcomp26-coverage-247782-11109e59cb27.scope
S-cap17-epoch1	full_arbiter_unreal2_pb_2_pe_.ltl	full_arbiter_unreal2_pb_2_pe_.tlsf	17	UNREALIZABLE	0.023429765016771853	1	false		status	13	30	30	50384cf69a733199fa17c9c571da1761d8451991	f80ff3f62daaa6e22a6753a3f30a127baab424d0320949bc9957a6ff62ea5ebe	otf_sparse_formula	2026-09-20T10:58:39.722365Z		0.020000	15376384		8G	0			true		acacia-syntcomp26-coverage-247782-000b7684fc18.scope
S-cap17-epoch1	g-unreal-20.ltl	g-unreal-20.tlsf	17	TIMEOUT	17.0919270630111	124	true	timeout	none	0	8	31	50384cf69a733199fa17c9c571da1761d8451991	f80ff3f62daaa6e22a6753a3f30a127baab424d0320949bc9957a6ff62ea5ebe	otf_sparse_formula	2026-09-20T10:58:56.853299Z					8G	0			true		acacia-syntcomp26-coverage-247782-717c5255bd0e.scope
S-cap17-epoch1	gf-unreal39.ltl	gf-unreal39.tlsf	17	UNREALIZABLE	0.04530131898354739	1	false		none	13	30	32	50384cf69a733199fa17c9c571da1761d8451991	f80ff3f62daaa6e22a6753a3f30a127baab424d0320949bc9957a6ff62ea5ebe	otf_sparse_formula	2026-09-20T10:58:56.912419Z		0.070000	19746816		8G	0			true		acacia-syntcomp26-coverage-247782-96f5a9d07cd3.scope
S-cap17-epoch1	gf-unreal40.ltl	gf-unreal40.tlsf	17	UNREALIZABLE	0.04305143098463304	1	false		none	13	30	33	50384cf69a733199fa17c9c571da1761d8451991	f80ff3f62daaa6e22a6753a3f30a127baab424d0320949bc9957a6ff62ea5ebe	otf_sparse_formula	2026-09-20T10:58:56.969862Z		0.060000	19918848		8G	0			true		acacia-syntcomp26-coverage-247782-3b04f9061a1f.scope
S-cap17-epoch1	gf-unreal7.ltl	gf-unreal7.tlsf	17	UNREALIZABLE	0.027450285997474566	1	false		none	13	30	34	50384cf69a733199fa17c9c571da1761d8451991	f80ff3f62daaa6e22a6753a3f30a127baab424d0320949bc9957a6ff62ea5ebe	otf_sparse_formula	2026-09-20T10:58:57.011478Z		0.050000	18120704		8G	0			true		acacia-syntcomp26-coverage-247782-1ad061b6c3f4.scope
S-cap17-epoch1	infinite-race-u10.ltl	infinite-race-u10.tlsf	17	UNREALIZABLE	10.651543307001702	1	false		none	13	32	35	50384cf69a733199fa17c9c571da1761d8451991	f80ff3f62daaa6e22a6753a3f30a127baab424d0320949bc9957a6ff62ea5ebe	otf_sparse_formula	2026-09-20T10:59:07.675820Z		42.190000	1014358016		8G	0			true		acacia-syntcomp26-coverage-247782-324affb2e9a7.scope
S-cap17-epoch1	lilydemo04.ltl	lilydemo04.tlsf	17	REALIZABLE	0.021678117016563192	0	false		status	11	30	36	50384cf69a733199fa17c9c571da1761d8451991	f80ff3f62daaa6e22a6753a3f30a127baab424d0320949bc9957a6ff62ea5ebe	otf_sparse_formula	2026-09-20T10:59:07.720002Z		0.030000	17969152		8G	0			true		acacia-syntcomp26-coverage-247782-f7ed79a17751.scope
S-cap17-epoch1	lilydemo09.ltl	lilydemo09.tlsf	17	REALIZABLE	0.028536569006973878	0	false		status	11	30	37	50384cf69a733199fa17c9c571da1761d8451991	f80ff3f62daaa6e22a6753a3f30a127baab424d0320949bc9957a6ff62ea5ebe	otf_sparse_formula	2026-09-20T10:59:07.776716Z		0.030000	17846272		8G	0			true		acacia-syntcomp26-coverage-247782-af4cbc3986e1.scope
S-cap17-epoch1	load_balancer_unreal1_pb_2_7_pe_.ltl	load_balancer_unreal1_pb_2_7_pe_.tlsf	17	UNREALIZABLE	0.030362946999957785	1	false		status	13	30	38	50384cf69a733199fa17c9c571da1761d8451991	f80ff3f62daaa6e22a6753a3f30a127baab424d0320949bc9957a6ff62ea5ebe	otf_sparse_formula	2026-09-20T10:59:07.819610Z		0.040000	19468288		8G	0			true		acacia-syntcomp26-coverage-247782-2bd4a25d63f9.scope
S-cap17-epoch1	load_balancer_unreal1_pb_3_6_pe_.ltl	load_balancer_unreal1_pb_3_6_pe_.tlsf	17	UNREALIZABLE	0.02878455800237134	1	false		status	13	30	39	50384cf69a733199fa17c9c571da1761d8451991	f80ff3f62daaa6e22a6753a3f30a127baab424d0320949bc9957a6ff62ea5ebe	otf_sparse_formula	2026-09-20T10:59:07.861126Z		0.060000	20545536		8G	0			true		acacia-syntcomp26-coverage-247782-ce28d2abdd0b.scope
S-cap17-epoch1	ltl2dba_C2_pb_60_pe_.ltl	ltl2dba_C2_pb_60_pe_.tlsf	17	REALIZABLE	0.024181857996154577	0	false		none	11	30	40	50384cf69a733199fa17c9c571da1761d8451991	f80ff3f62daaa6e22a6753a3f30a127baab424d0320949bc9957a6ff62ea5ebe	otf_sparse_formula	2026-09-20T10:59:07.921917Z		0.030000	16154624		8G	0			true		acacia-syntcomp26-coverage-247782-8580a5afe192.scope
S-cap17-epoch1	ltl2dba_C2_unreal_pb_12_pe_.ltl	ltl2dba_C2_unreal_pb_12_pe_.tlsf	17	UNREALIZABLE	0.5056002199999057	1	false		status	13	30	41	50384cf69a733199fa17c9c571da1761d8451991	f80ff3f62daaa6e22a6753a3f30a127baab424d0320949bc9957a6ff62ea5ebe	otf_sparse_formula	2026-09-20T10:59:08.441177Z		1.910000	50987008		8G	0			true		acacia-syntcomp26-coverage-247782-d3f00765565e.scope
S-cap17-epoch1	ltl2dba_C2_unreal_pb_8_pe_.ltl	ltl2dba_C2_unreal_pb_8_pe_.tlsf	17	UNREALIZABLE	0.03863981700851582	1	false		status	13	30	42	50384cf69a733199fa17c9c571da1761d8451991	f80ff3f62daaa6e22a6753a3f30a127baab424d0320949bc9957a6ff62ea5ebe	otf_sparse_formula	2026-09-20T10:59:08.493754Z		0.090000	32546816		8G	0			true		acacia-syntcomp26-coverage-247782-f41c851c222d.scope
S-cap17-epoch1	ltl2dba_Q_pb_10_pe_.ltl	ltl2dba_Q_pb_10_pe_.tlsf	17	REALIZABLE	0.019591906981077045	0	false		status	11	30	43	50384cf69a733199fa17c9c571da1761d8451991	f80ff3f62daaa6e22a6753a3f30a127baab424d0320949bc9957a6ff62ea5ebe	otf_sparse_formula	2026-09-20T10:59:08.540583Z		0.020000	15425536		8G	0			true		acacia-syntcomp26-coverage-247782-c891598759d7.scope
S-cap17-epoch1	ltl2dba_Q_pb_6_pe_.ltl	ltl2dba_Q_pb_6_pe_.tlsf	17	REALIZABLE	0.027968723006779328	0	false		status	11	30	44	50384cf69a733199fa17c9c571da1761d8451991	f80ff3f62daaa6e22a6753a3f30a127baab424d0320949bc9957a6ff62ea5ebe	otf_sparse_formula	2026-09-20T10:59:08.596811Z		0.030000	15388672		8G	0			true		acacia-syntcomp26-coverage-247782-dc0cccce7f16.scope
S-cap17-epoch1	ltl2dba_R_pb_11_pe_.ltl	ltl2dba_R_pb_11_pe_.tlsf	17	TIMEOUT	17.09457534199464	124	true	timeout	status	0	8	45	50384cf69a733199fa17c9c571da1761d8451991	f80ff3f62daaa6e22a6753a3f30a127baab424d0320949bc9957a6ff62ea5ebe	otf_sparse_formula	2026-09-20T10:59:25.718409Z					8G	0			true		acacia-syntcomp26-coverage-247782-db39b9fd2028.scope
S-cap17-epoch1	ltl2dba_R_pb_4_pe_.ltl	ltl2dba_R_pb_4_pe_.tlsf	17	UNREALIZABLE	0.03797022200888023	1	false		status	13	30	46	50384cf69a733199fa17c9c571da1761d8451991	f80ff3f62daaa6e22a6753a3f30a127baab424d0320949bc9957a6ff62ea5ebe	otf_sparse_formula	2026-09-20T10:59:25.769614Z		0.070000	19894272		8G	0			true		acacia-syntcomp26-coverage-247782-518158d20b20.scope
S-cap17-epoch1	ltl2dba_beta_pb_15_pe_.ltl	ltl2dba_beta_pb_15_pe_.tlsf	17	REALIZABLE	0.027070153009844944	0	false		status	11	30	47	50384cf69a733199fa17c9c571da1761d8451991	f80ff3f62daaa6e22a6753a3f30a127baab424d0320949bc9957a6ff62ea5ebe	otf_sparse_formula	2026-09-20T10:59:25.833005Z		0.030000	15380480		8G	0			true		acacia-syntcomp26-coverage-247782-c0e0ed010468.scope
S-cap17-epoch1	ltl2dba_beta_pb_4_pe_.ltl	ltl2dba_beta_pb_4_pe_.tlsf	17	REALIZABLE	0.03104449197417125	0	false		status	11	30	48	50384cf69a733199fa17c9c571da1761d8451991	f80ff3f62daaa6e22a6753a3f30a127baab424d0320949bc9957a6ff62ea5ebe	otf_sparse_formula	2026-09-20T10:59:25.877035Z		0.000000	15314944	43433984	8G	0			true		acacia-syntcomp26-coverage-247782-6955442ebe0e.scope
S-cap17-epoch1	ltl2dpa02.ltl	ltl2dpa02.tlsf	17	REALIZABLE	0.021988805994624272	0	false		status	11	30	49	50384cf69a733199fa17c9c571da1761d8451991	f80ff3f62daaa6e22a6753a3f30a127baab424d0320949bc9957a6ff62ea5ebe	otf_sparse_formula	2026-09-20T10:59:25.920075Z		0.010000	15622144	42840064	8G	0			true		acacia-syntcomp26-coverage-247782-5e93f4a3fe23.scope
S-cap17-epoch1	ltl2dpa16.ltl	ltl2dpa16.tlsf	17	REALIZABLE	0.02604584998334758	0	false		status	11	30	50	50384cf69a733199fa17c9c571da1761d8451991	f80ff3f62daaa6e22a6753a3f30a127baab424d0320949bc9957a6ff62ea5ebe	otf_sparse_formula	2026-09-20T10:59:25.969265Z		0.020000	15650816		8G	0			true		acacia-syntcomp26-coverage-247782-d34d4d79e76b.scope
S-cap17-epoch1	patrolling-alarm18.ltl	patrolling-alarm18.tlsf	17	UNREALIZABLE	0.5189846729917917	1	false		none	13	30	51	50384cf69a733199fa17c9c571da1761d8451991	f80ff3f62daaa6e22a6753a3f30a127baab424d0320949bc9957a6ff62ea5ebe	otf_sparse_formula	2026-09-20T10:59:26.502786Z		1.930000	91746304		8G	0			true		acacia-syntcomp26-coverage-247782-c787e19b1931.scope
S-cap17-epoch1	patrolling4.ltl	patrolling4.tlsf	17	UNREALIZABLE	0.04646222697920166	1	false		none	13	30	52	50384cf69a733199fa17c9c571da1761d8451991	f80ff3f62daaa6e22a6753a3f30a127baab424d0320949bc9957a6ff62ea5ebe	otf_sparse_formula	2026-09-20T10:59:26.563497Z		0.130000	21921792		8G	0			true		acacia-syntcomp26-coverage-247782-16055be955e5.scope
S-cap17-epoch1	prioritized_arbiter_unreal1_pb_2_11_pe_.ltl	prioritized_arbiter_unreal1_pb_2_11_pe_.tlsf	17	UNREALIZABLE	0.018326608987990767	1	false		status	13	30	53	50384cf69a733199fa17c9c571da1761d8451991	f80ff3f62daaa6e22a6753a3f30a127baab424d0320949bc9957a6ff62ea5ebe	otf_sparse_formula	2026-09-20T10:59:26.594308Z		0.020000	18464768	44204032	8G	0			true		acacia-syntcomp26-coverage-247782-f693a69eab35.scope
S-cap17-epoch1	prioritized_arbiter_unreal1_pb_2_4_pe_.ltl	prioritized_arbiter_unreal1_pb_2_4_pe_.tlsf	17	UNREALIZABLE	0.020145153015619144	1	false		status	13	30	54	50384cf69a733199fa17c9c571da1761d8451991	f80ff3f62daaa6e22a6753a3f30a127baab424d0320949bc9957a6ff62ea5ebe	otf_sparse_formula	2026-09-20T10:59:26.627067Z		0.010000	18423808	43622400	8G	0			true		acacia-syntcomp26-coverage-247782-52ae61e03ab5.scope
S-cap17-epoch1	prioritized_arbiter_unreal1_pb_5_32_pe_.ltl	prioritized_arbiter_unreal1_pb_5_32_pe_.tlsf	17	UNREALIZABLE	0.019340260012540966	1	false		status	13	30	55	50384cf69a733199fa17c9c571da1761d8451991	f80ff3f62daaa6e22a6753a3f30a127baab424d0320949bc9957a6ff62ea5ebe	otf_sparse_formula	2026-09-20T10:59:26.666166Z		0.020000	19984384		8G	0			true		acacia-syntcomp26-coverage-247782-c3708b0b777d.scope
S-cap17-epoch1	robot-resource-2d10.ltl	robot-resource-2d10.tlsf	17	UNREALIZABLE	1.6243139790021814	1	false		none	13	30	56	50384cf69a733199fa17c9c571da1761d8451991	f80ff3f62daaa6e22a6753a3f30a127baab424d0320949bc9957a6ff62ea5ebe	otf_sparse_formula	2026-09-20T10:59:28.303804Z		6.390000	44544000		8G	0			true		acacia-syntcomp26-coverage-247782-5de51569f990.scope
S-cap17-epoch1	robot-resource-2d4.ltl	robot-resource-2d4.tlsf	17	UNREALIZABLE	0.30304057800094597	1	false		none	13	30	57	50384cf69a733199fa17c9c571da1761d8451991	f80ff3f62daaa6e22a6753a3f30a127baab424d0320949bc9957a6ff62ea5ebe	otf_sparse_formula	2026-09-20T10:59:28.622224Z		1.140000	29532160		8G	0			true		acacia-syntcomp26-coverage-247782-3c192035a5b4.scope
S-cap17-epoch1	robot_repair3.ltl	robot_repair3.tlsf	17	TIMEOUT	17.072769385995343	124	true	timeout	none	0	8	58	50384cf69a733199fa17c9c571da1761d8451991	f80ff3f62daaa6e22a6753a3f30a127baab424d0320949bc9957a6ff62ea5ebe	otf_sparse_formula	2026-09-20T10:59:45.718325Z					8G	0			true		acacia-syntcomp26-coverage-247782-e4b13715e108.scope
S-cap17-epoch1	round_robin_arbiter_unreal1_pb_2_5_pe_.ltl	round_robin_arbiter_unreal1_pb_2_5_pe_.tlsf	17	UNREALIZABLE	0.037444843008415774	1	false		status	13	30	59	50384cf69a733199fa17c9c571da1761d8451991	f80ff3f62daaa6e22a6753a3f30a127baab424d0320949bc9957a6ff62ea5ebe	otf_sparse_formula	2026-09-20T10:59:45.782292Z		0.040000	19394560		8G	0			true		acacia-syntcomp26-coverage-247782-6f593b712529.scope
S-cap17-epoch1	round_robin_arbiter_unreal2_pb_3_pe_.ltl	round_robin_arbiter_unreal2_pb_3_pe_.tlsf	17	UNREALIZABLE	0.035319004993652925	1	false		status	13	30	60	50384cf69a733199fa17c9c571da1761d8451991	f80ff3f62daaa6e22a6753a3f30a127baab424d0320949bc9957a6ff62ea5ebe	otf_sparse_formula	2026-09-20T10:59:45.831198Z		0.050000	19595264		8G	0			true		acacia-syntcomp26-coverage-247782-f81ee3fa6e74.scope
S-cap17-epoch1	rw_arbiter_pb_1_pe_.ltl	rw_arbiter_pb_1_pe_.tlsf	17	REALIZABLE	0.03390061898971908	0	false		none	11	30	61	50384cf69a733199fa17c9c571da1761d8451991	f80ff3f62daaa6e22a6753a3f30a127baab424d0320949bc9957a6ff62ea5ebe	otf_sparse_formula	2026-09-20T10:59:45.890417Z		0.040000	18501632		8G	0			true		acacia-syntcomp26-coverage-247782-a143f170a950.scope
S-cap17-epoch1	simple_arbiter_enc_pb_12_pe_.ltl	simple_arbiter_enc_pb_12_pe_.tlsf	17	TIMEOUT	17.037427929986734	124	true	timeout	status	0	8	62	50384cf69a733199fa17c9c571da1761d8451991	f80ff3f62daaa6e22a6753a3f30a127baab424d0320949bc9957a6ff62ea5ebe	otf_sparse_formula	2026-09-20T11:00:02.940649Z					8G	0			true		acacia-syntcomp26-coverage-247782-7e8eb46e4d22.scope
S-cap17-epoch1	simple_arbiter_unreal1_pb_16_3_pe_.ltl	simple_arbiter_unreal1_pb_16_3_pe_.tlsf	17	UNREALIZABLE	0.020097334985621274	1	false		status	13	30	63	50384cf69a733199fa17c9c571da1761d8451991	f80ff3f62daaa6e22a6753a3f30a127baab424d0320949bc9957a6ff62ea5ebe	otf_sparse_formula	2026-09-20T11:00:02.975460Z		0.010000	15507456	43913216	8G	0			true		acacia-syntcomp26-coverage-247782-d6b71be43633.scope
S-cap17-epoch1	simple_arbiter_with_hints_pb_4_pe_.ltl	simple_arbiter_with_hints_pb_4_pe_.tlsf	17	REALIZABLE	0.023401173995807767	0	false		none	11	30	64	50384cf69a733199fa17c9c571da1761d8451991	f80ff3f62daaa6e22a6753a3f30a127baab424d0320949bc9957a6ff62ea5ebe	otf_sparse_formula	2026-09-20T11:00:03.019555Z		0.020000	19947520		8G	0			true		acacia-syntcomp26-coverage-247782-664e85d157b1.scope
S-cap17-epoch1	ActionConverter.ltl	ActionConverter.tlsf	17	REALIZABLE	0.01838743599364534	0	false		status	11	30	0	50384cf69a733199fa17c9c571da1761d8451991	f80ff3f62daaa6e22a6753a3f30a127baab424d0320949bc9957a6ff62ea5ebe	otf_sparse_formula	2026-09-20T11:00:03.149015Z		0.010000	15785984	43151360	8G	0			true		acacia-syntcomp26-coverage-248535-1d975cec91d5.scope
S-cap17-epoch1	Demo1_06e9cad4.ltl	Demo1_06e9cad4.tlsf	17	TIMEOUT	17.093662136001512	124	true	timeout	none	0	8	1	50384cf69a733199fa17c9c571da1761d8451991	f80ff3f62daaa6e22a6753a3f30a127baab424d0320949bc9957a6ff62ea5ebe	otf_sparse_formula	2026-09-20T11:00:20.272995Z					8G	0			true		acacia-syntcomp26-coverage-248535-01548cd41493.scope
S-cap17-epoch1	FelixSpecFixed3_b0840146.ltl	FelixSpecFixed3_b0840146.tlsf	17	TIMEOUT	17.09130265499698	124	true	timeout	status	0	8	2	50384cf69a733199fa17c9c571da1761d8451991	f80ff3f62daaa6e22a6753a3f30a127baab424d0320949bc9957a6ff62ea5ebe	otf_sparse_formula	2026-09-20T11:00:37.404653Z					8G	0			true		acacia-syntcomp26-coverage-248535-09832c38e355.scope
S-cap17-epoch1	Increment.ltl	Increment.tlsf	17	REALIZABLE	0.03141086900723167	0	false		status	11	30	3	50384cf69a733199fa17c9c571da1761d8451991	f80ff3f62daaa6e22a6753a3f30a127baab424d0320949bc9957a6ff62ea5ebe	otf_sparse_formula	2026-09-20T11:00:37.459047Z		0.020000	15622144		8G	0			true		acacia-syntcomp26-coverage-248535-1b10ef30cb8c.scope
S-cap17-epoch1	LightsTotal_06e9cad4.ltl	LightsTotal_06e9cad4.tlsf	17	REALIZABLE	0.4336241980199702	0	false		status	11	30	4	50384cf69a733199fa17c9c571da1761d8451991	f80ff3f62daaa6e22a6753a3f30a127baab424d0320949bc9957a6ff62ea5ebe	otf_sparse_formula	2026-09-20T11:00:37.906604Z		1.640000	45129728		8G	0			true		acacia-syntcomp26-coverage-248535-e9c1ec4cdcc6.scope
S-cap17-epoch1	Morning2_1cf58fc1.ltl	Morning2_1cf58fc1.tlsf	17	UNREALIZABLE	0.07990584400249645	1	false		status	13	30	5	50384cf69a733199fa17c9c571da1761d8451991	f80ff3f62daaa6e22a6753a3f30a127baab424d0320949bc9957a6ff62ea5ebe	otf_sparse_formula	2026-09-20T11:00:38.004534Z		0.260000	21295104		8G	0			true		acacia-syntcomp26-coverage-248535-194d1fd994a5.scope
S-cap17-epoch1	SPIWriteManag.ltl	SPIWriteManag.tlsf	17	REALIZABLE	0.02026801000465639	0	false		status	11	30	6	50384cf69a733199fa17c9c571da1761d8451991	f80ff3f62daaa6e22a6753a3f30a127baab424d0320949bc9957a6ff62ea5ebe	otf_sparse_formula	2026-09-20T11:00:38.038749Z		0.020000	20185088		8G	0			true		acacia-syntcomp26-coverage-248535-fa3dd1e7bcf0.scope
S-cap17-epoch1	Zoo0.ltl	Zoo0.tlsf	17	REALIZABLE	0.02696724797715433	0	false		status	11	30	7	50384cf69a733199fa17c9c571da1761d8451991	f80ff3f62daaa6e22a6753a3f30a127baab424d0320949bc9957a6ff62ea5ebe	otf_sparse_formula	2026-09-20T11:00:38.087682Z		0.030000	18980864		8G	0			true		acacia-syntcomp26-coverage-248535-0742ea9855cf.scope
S-cap17-epoch1	amba_decomposed_arbiter_pb_6_pe_.ltl	amba_decomposed_arbiter_pb_6_pe_.tlsf	17	REALIZABLE	1.0829590139910579	0	false		status	11	30	8	50384cf69a733199fa17c9c571da1761d8451991	f80ff3f62daaa6e22a6753a3f30a127baab424d0320949bc9957a6ff62ea5ebe	otf_sparse_formula	2026-09-20T11:00:39.185574Z		4.220000	63516672		8G	0			true		acacia-syntcomp26-coverage-248535-38f15967dc42.scope
S-cap17-epoch1	amba_decomposed_decode.ltl	amba_decomposed_decode.tlsf	17	REALIZABLE	0.018257647985592484	0	false		status	11	30	9	50384cf69a733199fa17c9c571da1761d8451991	f80ff3f62daaa6e22a6753a3f30a127baab424d0320949bc9957a6ff62ea5ebe	otf_sparse_formula	2026-09-20T11:00:39.226624Z		0.010000	15716352		8G	0			true		acacia-syntcomp26-coverage-248535-f99894bdfc65.scope
S-cap17-epoch1	amba_decomposed_encode_pb_5_pe_.ltl	amba_decomposed_encode_pb_5_pe_.tlsf	17	REALIZABLE	0.04193993299850263	0	false		status	11	30	10	50384cf69a733199fa17c9c571da1761d8451991	f80ff3f62daaa6e22a6753a3f30a127baab424d0320949bc9957a6ff62ea5ebe	otf_sparse_formula	2026-09-20T11:00:39.292300Z		0.060000	20664320		8G	0			true		acacia-syntcomp26-coverage-248535-3f0beca1bf80.scope
S-cap17-epoch1	amba_decomposed_encode_pb_8_pe_.ltl	amba_decomposed_encode_pb_8_pe_.tlsf	17	REALIZABLE	0.04209876898676157	0	false		status	11	30	11	50384cf69a733199fa17c9c571da1761d8451991	f80ff3f62daaa6e22a6753a3f30a127baab424d0320949bc9957a6ff62ea5ebe	otf_sparse_formula	2026-09-20T11:00:39.349828Z		0.050000	20914176		8G	0			true		acacia-syntcomp26-coverage-248535-8aa771854464.scope
S-cap17-epoch1	arbiter_pb_1_pe_.ltl	arbiter_pb_1_pe_.tlsf	17	REALIZABLE	0.03005028999177739	0	false		none	11	30	12	50384cf69a733199fa17c9c571da1761d8451991	f80ff3f62daaa6e22a6753a3f30a127baab424d0320949bc9957a6ff62ea5ebe	otf_sparse_formula	2026-09-20T11:00:39.418580Z		0.030000	17940480		8G	0			true		acacia-syntcomp26-coverage-248535-a1badfddc7ef.scope
S-cap17-epoch1	collector_v1_pb_7_pe_.ltl	collector_v1_pb_7_pe_.tlsf	17	REALIZABLE	0.10929622099502012	0	false		status	11	30	13	50384cf69a733199fa17c9c571da1761d8451991	f80ff3f62daaa6e22a6753a3f30a127baab424d0320949bc9957a6ff62ea5ebe	otf_sparse_formula	2026-09-20T11:00:39.542104Z		0.300000	26439680		8G	0			true		acacia-syntcomp26-coverage-248535-52fdce76d36e.scope
S-cap17-epoch1	collector_v3_pb_11_pe_.ltl	collector_v3_pb_11_pe_.tlsf	17	TIMEOUT	17.05325212900061	124	true	timeout	status	0	8	14	50384cf69a733199fa17c9c571da1761d8451991	f80ff3f62daaa6e22a6753a3f30a127baab424d0320949bc9957a6ff62ea5ebe	otf_sparse_formula	2026-09-20T11:00:56.607708Z					8G	0			true		acacia-syntcomp26-coverage-248535-8b687c65b0e6.scope
S-cap17-epoch1	example7_pb_2_pe_.ltl	example7_pb_2_pe_.tlsf	17	REALIZABLE	0.01607945401337929	0	false		none	11	30	15	50384cf69a733199fa17c9c571da1761d8451991	f80ff3f62daaa6e22a6753a3f30a127baab424d0320949bc9957a6ff62ea5ebe	otf_sparse_formula	2026-09-20T11:00:56.636829Z		0.010000	17694720	43442176	8G	0			true		acacia-syntcomp26-coverage-248535-305b84ee0e24.scope
S-cap17-epoch1	follow3.ltl	follow3.tlsf	17	TIMEOUT	17.087600517988903	124	true	timeout	none	0	8	16	50384cf69a733199fa17c9c571da1761d8451991	f80ff3f62daaa6e22a6753a3f30a127baab424d0320949bc9957a6ff62ea5ebe	otf_sparse_formula	2026-09-20T11:01:13.746081Z					8G	0			true		acacia-syntcomp26-coverage-248535-a5c2bdb81eb4.scope
S-cap17-epoch1	full_arbiter_unreal1_pb_2_13_pe_.ltl	full_arbiter_unreal1_pb_2_13_pe_.tlsf	17	UNREALIZABLE	0.02545193099649623	1	false		status	13	30	17	50384cf69a733199fa17c9c571da1761d8451991	f80ff3f62daaa6e22a6753a3f30a127baab424d0320949bc9957a6ff62ea5ebe	otf_sparse_formula	2026-09-20T11:01:13.805685Z		0.020000	15433728		8G	0			true		acacia-syntcomp26-coverage-248535-5a50d589d655.scope
S-cap17-epoch1	full_arbiter_unreal1_pb_2_22_pe_.ltl	full_arbiter_unreal1_pb_2_22_pe_.tlsf	17	UNREALIZABLE	0.028773351019481197	1	false		status	13	30	18	50384cf69a733199fa17c9c571da1761d8451991	f80ff3f62daaa6e22a6753a3f30a127baab424d0320949bc9957a6ff62ea5ebe	otf_sparse_formula	2026-09-20T11:01:13.862941Z		0.020000	15450112		8G	0			true		acacia-syntcomp26-coverage-248535-4027619086fb.scope
S-cap17-epoch1	full_arbiter_unreal1_pb_2_6_pe_.ltl	full_arbiter_unreal1_pb_2_6_pe_.tlsf	17	UNREALIZABLE	0.026626917999237776	1	false		status	13	30	19	50384cf69a733199fa17c9c571da1761d8451991	f80ff3f62daaa6e22a6753a3f30a127baab424d0320949bc9957a6ff62ea5ebe	otf_sparse_formula	2026-09-20T11:01:13.911749Z		0.020000	15454208		8G	0			true		acacia-syntcomp26-coverage-248535-794b741fe0a0.scope
S-cap17-epoch1	full_arbiter_unreal1_pb_3_14_pe_.ltl	full_arbiter_unreal1_pb_3_14_pe_.tlsf	17	UNREALIZABLE	0.03283179897698574	1	false		none	13	30	20	50384cf69a733199fa17c9c571da1761d8451991	f80ff3f62daaa6e22a6753a3f30a127baab424d0320949bc9957a6ff62ea5ebe	otf_sparse_formula	2026-09-20T11:01:13.970704Z		0.030000	15470592		8G	0			true		acacia-syntcomp26-coverage-248535-7ef173ad3027.scope
S-cap17-epoch1	g-unreal-113.ltl	g-unreal-113.tlsf	17	UNREALIZABLE	7.287615449982695	1	false		none	13	32	21	50384cf69a733199fa17c9c571da1761d8451991	f80ff3f62daaa6e22a6753a3f30a127baab424d0320949bc9957a6ff62ea5ebe	otf_sparse_formula	2026-09-20T11:01:21.271099Z		15.940000	479150080		8G	0			true		acacia-syntcomp26-coverage-248535-d59cd8cbd172.scope
S-cap17-epoch1	g-unreal-36.ltl	g-unreal-36.tlsf	17	UNREALIZABLE	1.2563705280190334	1	false		none	13	31	22	50384cf69a733199fa17c9c571da1761d8451991	f80ff3f62daaa6e22a6753a3f30a127baab424d0320949bc9957a6ff62ea5ebe	otf_sparse_formula	2026-09-20T11:01:22.542729Z		4.890000	132874240		8G	0			true		acacia-syntcomp26-coverage-248535-48c426cf914e.scope
S-cap17-epoch1	gf-real-real.ltl	gf-real-real.tlsf	17	REALIZABLE	0.02796936800586991	0	false		none	11	30	23	50384cf69a733199fa17c9c571da1761d8451991	f80ff3f62daaa6e22a6753a3f30a127baab424d0320949bc9957a6ff62ea5ebe	otf_sparse_formula	2026-09-20T11:01:22.584737Z		0.040000	20594688		8G	0			true		acacia-syntcomp26-coverage-248535-e0bf357d4f62.scope
S-cap17-epoch1	gf-unreal13.ltl	gf-unreal13.tlsf	17	UNREALIZABLE	0.04815124601009302	1	false		none	13	30	24	50384cf69a733199fa17c9c571da1761d8451991	f80ff3f62daaa6e22a6753a3f30a127baab424d0320949bc9957a6ff62ea5ebe	otf_sparse_formula	2026-09-20T11:01:22.657829Z		0.060000	18186240		8G	0			true		acacia-syntcomp26-coverage-248535-51fb08dc93b8.scope
S-cap17-epoch1	heim-double-x4.ltl	heim-double-x4.tlsf	17	UNREALIZABLE	0.25946683599613607	1	false		none	13	30	25	50384cf69a733199fa17c9c571da1761d8451991	f80ff3f62daaa6e22a6753a3f30a127baab424d0320949bc9957a6ff62ea5ebe	otf_sparse_formula	2026-09-20T11:01:22.932480Z		0.940000	39747584		8G	0			true		acacia-syntcomp26-coverage-248535-8b76594d73a6.scope
S-cap17-epoch1	lift_wrong_physics_unreal_pb_6_pe_.ltl	lift_wrong_physics_unreal_pb_6_pe_.tlsf	17	UNREALIZABLE	0.04706214601173997	1	false		none	13	30	26	50384cf69a733199fa17c9c571da1761d8451991	f80ff3f62daaa6e22a6753a3f30a127baab424d0320949bc9957a6ff62ea5ebe	otf_sparse_formula	2026-09-20T11:01:22.993509Z		0.120000	21561344		8G	0			true		acacia-syntcomp26-coverage-248535-c35dd24b73ba.scope
S-cap17-epoch1	lilydemo16.ltl	lilydemo16.tlsf	17	REALIZABLE	0.02470422800979577	0	false		exception	11	30	27	50384cf69a733199fa17c9c571da1761d8451991	f80ff3f62daaa6e22a6753a3f30a127baab424d0320949bc9957a6ff62ea5ebe	otf_sparse_formula	2026-09-20T11:01:23.042799Z		0.030000	18817024		8G	0			true		acacia-syntcomp26-coverage-248535-09e35fef1ead.scope
S-cap17-epoch1	load_balancer_pb_3_pe_.ltl	load_balancer_pb_3_pe_.tlsf	17	REALIZABLE	0.0434170690132305	0	false		status	11	30	28	50384cf69a733199fa17c9c571da1761d8451991	f80ff3f62daaa6e22a6753a3f30a127baab424d0320949bc9957a6ff62ea5ebe	otf_sparse_formula	2026-09-20T11:01:23.100184Z		0.080000	20418560		8G	0			true		acacia-syntcomp26-coverage-248535-50b87df81adc.scope
S-cap17-epoch1	load_balancer_unreal1_pb_3_2_pe_.ltl	load_balancer_unreal1_pb_3_2_pe_.tlsf	17	UNREALIZABLE	0.03642982098972425	1	false		status	13	30	29	50384cf69a733199fa17c9c571da1761d8451991	f80ff3f62daaa6e22a6753a3f30a127baab424d0320949bc9957a6ff62ea5ebe	otf_sparse_formula	2026-09-20T11:01:23.152723Z		0.070000	20230144		8G	0			true		acacia-syntcomp26-coverage-248535-c96d9b3967f5.scope
S-cap17-epoch1	load_balancer_unreal1_pb_4_11_pe_.ltl	load_balancer_unreal1_pb_4_11_pe_.tlsf	17	TIMEOUT	17.136885087995324	124	true	timeout	status	0	8	30	50384cf69a733199fa17c9c571da1761d8451991	f80ff3f62daaa6e22a6753a3f30a127baab424d0320949bc9957a6ff62ea5ebe	otf_sparse_formula	2026-09-20T11:01:40.313953Z					8G	0			true		acacia-syntcomp26-coverage-248535-f6b2d97f1f5e.scope
S-cap17-epoch1	load_balancer_unreal1_pb_5_2_pe_.ltl	load_balancer_unreal1_pb_5_2_pe_.tlsf	17	UNREALIZABLE	0.0674307840235997	1	false		status	13	30	31	50384cf69a733199fa17c9c571da1761d8451991	f80ff3f62daaa6e22a6753a3f30a127baab424d0320949bc9957a6ff62ea5ebe	otf_sparse_formula	2026-09-20T11:01:40.395775Z		0.180000	22392832		8G	0			true		acacia-syntcomp26-coverage-248535-116993894c7b.scope
S-cap17-epoch1	ltl2dba01.ltl	ltl2dba01.tlsf	17	REALIZABLE	0.02248448700993322	0	false		status	11	30	32	50384cf69a733199fa17c9c571da1761d8451991	f80ff3f62daaa6e22a6753a3f30a127baab424d0320949bc9957a6ff62ea5ebe	otf_sparse_formula	2026-09-20T11:01:40.441996Z		0.020000	15372288		8G	0			true		acacia-syntcomp26-coverage-248535-e1f0280fc968.scope
S-cap17-epoch1	ltl2dba_C2_pb_16_pe_.ltl	ltl2dba_C2_pb_16_pe_.tlsf	17	REALIZABLE	0.03184645899455063	0	false		status	11	30	33	50384cf69a733199fa17c9c571da1761d8451991	f80ff3f62daaa6e22a6753a3f30a127baab424d0320949bc9957a6ff62ea5ebe	otf_sparse_formula	2026-09-20T11:01:40.511549Z		0.030000	15650816		8G	0			true		acacia-syntcomp26-coverage-248535-16927596ad7b.scope
S-cap17-epoch1	ltl2dba_C2_unreal_pb_14_pe_.ltl	ltl2dba_C2_unreal_pb_14_pe_.tlsf	17	UNREALIZABLE	3.2044115690223407	1	false		status	13	32	34	50384cf69a733199fa17c9c571da1761d8451991	f80ff3f62daaa6e22a6753a3f30a127baab424d0320949bc9957a6ff62ea5ebe	otf_sparse_formula	2026-09-20T11:01:43.729129Z		12.660000	184459264		8G	0			true		acacia-syntcomp26-coverage-248535-6b183b7ad5b5.scope
S-cap17-epoch1	ltl2dba_Q_pb_2_pe_.ltl	ltl2dba_Q_pb_2_pe_.tlsf	17	REALIZABLE	0.024513747019227594	0	false		status	11	30	35	50384cf69a733199fa17c9c571da1761d8451991	f80ff3f62daaa6e22a6753a3f30a127baab424d0320949bc9957a6ff62ea5ebe	otf_sparse_formula	2026-09-20T11:01:43.779805Z		0.020000	15290368		8G	0			true		acacia-syntcomp26-coverage-248535-7960b3c00c97.scope
S-cap17-epoch1	ltl2dba_Q_pb_8_pe_.ltl	ltl2dba_Q_pb_8_pe_.tlsf	17	REALIZABLE	0.029818030016031116	0	false		status	11	30	36	50384cf69a733199fa17c9c571da1761d8451991	f80ff3f62daaa6e22a6753a3f30a127baab424d0320949bc9957a6ff62ea5ebe	otf_sparse_formula	2026-09-20T11:01:43.843671Z		0.020000	15319040		8G	0			true		acacia-syntcomp26-coverage-248535-1105b5d6f747.scope
S-cap17-epoch1	ltl2dba_beta_pb_10_pe_.ltl	ltl2dba_beta_pb_10_pe_.tlsf	17	REALIZABLE	0.034332947980146855	0	false		status	11	30	37	50384cf69a733199fa17c9c571da1761d8451991	f80ff3f62daaa6e22a6753a3f30a127baab424d0320949bc9957a6ff62ea5ebe	otf_sparse_formula	2026-09-20T11:01:43.906464Z		0.030000	15355904		8G	0			true		acacia-syntcomp26-coverage-248535-d3bb599643e1.scope
S-cap17-epoch1	ltl2dba_beta_pb_7_pe_.ltl	ltl2dba_beta_pb_7_pe_.tlsf	17	REALIZABLE	0.027958514023339376	0	false		status	11	30	38	50384cf69a733199fa17c9c571da1761d8451991	f80ff3f62daaa6e22a6753a3f30a127baab424d0320949bc9957a6ff62ea5ebe	otf_sparse_formula	2026-09-20T11:01:43.962308Z		0.030000	15388672		8G	0			true		acacia-syntcomp26-coverage-248535-41e766a21697.scope
S-cap17-epoch1	ltl2dba_theta_pb_300_pe_.ltl	ltl2dba_theta_pb_300_pe_.tlsf	17	TIMEOUT	17.082479888980743	124	true	timeout	none	0	8	39	50384cf69a733199fa17c9c571da1761d8451991	f80ff3f62daaa6e22a6753a3f30a127baab424d0320949bc9957a6ff62ea5ebe	otf_sparse_formula	2026-09-20T11:02:01.077713Z					8G	0			true		acacia-syntcomp26-coverage-248535-1c325497b088.scope
S-cap17-epoch1	ltl2dba_theta_pb_4_pe_.ltl	ltl2dba_theta_pb_4_pe_.tlsf	17	UNREALIZABLE	0.03864541099756025	1	false		status	13	30	40	50384cf69a733199fa17c9c571da1761d8451991	f80ff3f62daaa6e22a6753a3f30a127baab424d0320949bc9957a6ff62ea5ebe	otf_sparse_formula	2026-09-20T11:02:01.139821Z		0.040000	20230144		8G	0			true		acacia-syntcomp26-coverage-248535-56be8081c4c3.scope
S-cap17-epoch1	mux_pb_150_pe_.ltl	mux_pb_150_pe_.tlsf	17	REALIZABLE	0.0564065020007547	0	false		none	11	30	41	50384cf69a733199fa17c9c571da1761d8451991	f80ff3f62daaa6e22a6753a3f30a127baab424d0320949bc9957a6ff62ea5ebe	otf_sparse_formula	2026-09-20T11:02:01.217339Z		0.080000	18255872		8G	0			true		acacia-syntcomp26-coverage-248535-2289b018c26c.scope
S-cap17-epoch1	narylatch_pb_12_pe_.ltl	narylatch_pb_12_pe_.tlsf	17	REALIZABLE	0.03765202799695544	0	false		none	11	30	42	50384cf69a733199fa17c9c571da1761d8451991	f80ff3f62daaa6e22a6753a3f30a127baab424d0320949bc9957a6ff62ea5ebe	otf_sparse_formula	2026-09-20T11:02:01.278478Z		0.060000	19689472		8G	0			true		acacia-syntcomp26-coverage-248535-1d047270ff13.scope
S-cap17-epoch1	patrolling-alarm13.ltl	patrolling-alarm13.tlsf	17	UNREALIZABLE	0.22769012101343833	1	false		none	13	30	43	50384cf69a733199fa17c9c571da1761d8451991	f80ff3f62daaa6e22a6753a3f30a127baab424d0320949bc9957a6ff62ea5ebe	otf_sparse_formula	2026-09-20T11:02:01.519759Z		0.770000	38129664		8G	0			true		acacia-syntcomp26-coverage-248535-d35487e69cfb.scope
S-cap17-epoch1	patrolling3.ltl	patrolling3.tlsf	17	UNREALIZABLE	0.04967546497937292	1	false		none	13	30	44	50384cf69a733199fa17c9c571da1761d8451991	f80ff3f62daaa6e22a6753a3f30a127baab424d0320949bc9957a6ff62ea5ebe	otf_sparse_formula	2026-09-20T11:02:01.584339Z		0.110000	21684224		8G	0			true		acacia-syntcomp26-coverage-248535-9007b80dbf89.scope
S-cap17-epoch1	patrolling5.ltl	patrolling5.tlsf	17	UNREALIZABLE	0.07161186198936775	1	false		none	13	30	45	50384cf69a733199fa17c9c571da1761d8451991	f80ff3f62daaa6e22a6753a3f30a127baab424d0320949bc9957a6ff62ea5ebe	otf_sparse_formula	2026-09-20T11:02:01.669909Z		0.180000	22241280		8G	0			true		acacia-syntcomp26-coverage-248535-90f992b345ab.scope
S-cap17-epoch1	prioritized_arbiter_enc_pb_8_pe_.ltl	prioritized_arbiter_enc_pb_8_pe_.tlsf	17	TIMEOUT	17.13578446401516	124	true	timeout	status	0	8	46	50384cf69a733199fa17c9c571da1761d8451991	f80ff3f62daaa6e22a6753a3f30a127baab424d0320949bc9957a6ff62ea5ebe	otf_sparse_formula	2026-09-20T11:02:18.828706Z					8G	0			true		acacia-syntcomp26-coverage-248535-98636f5589a8.scope
S-cap17-epoch1	prioritized_arbiter_pb_12_pe_.ltl	prioritized_arbiter_pb_12_pe_.tlsf	17	TIMEOUT	17.085460822010646	124	true	timeout	none	0	8	47	50384cf69a733199fa17c9c571da1761d8451991	f80ff3f62daaa6e22a6753a3f30a127baab424d0320949bc9957a6ff62ea5ebe	otf_sparse_formula	2026-09-20T11:02:35.926813Z					8G	0			true		acacia-syntcomp26-coverage-248535-d8ead712b65d.scope
S-cap17-epoch1	prioritized_arbiter_pb_9_pe_.ltl	prioritized_arbiter_pb_9_pe_.tlsf	17	TIMEOUT	17.092014634021325	124	true	timeout	none	0	8	48	50384cf69a733199fa17c9c571da1761d8451991	f80ff3f62daaa6e22a6753a3f30a127baab424d0320949bc9957a6ff62ea5ebe	otf_sparse_formula	2026-09-20T11:02:53.058680Z					8G	0			true		acacia-syntcomp26-coverage-248535-308549112009.scope
S-cap17-epoch1	prioritized_arbiter_unreal1_pb_3_1_pe_.ltl	prioritized_arbiter_unreal1_pb_3_1_pe_.tlsf	17	UNREALIZABLE	0.040805210010148585	1	false		status	13	30	49	50384cf69a733199fa17c9c571da1761d8451991	f80ff3f62daaa6e22a6753a3f30a127baab424d0320949bc9957a6ff62ea5ebe	otf_sparse_formula	2026-09-20T11:02:53.135970Z		0.030000	18530304		8G	0			true		acacia-syntcomp26-coverage-248535-83658171b59d.scope
S-cap17-epoch1	prioritized_arbiter_unreal2_pb_30_pe_.ltl	prioritized_arbiter_unreal2_pb_30_pe_.tlsf	17	TIMEOUT	17.092170588002773	124	true	timeout	status	0	648	50	50384cf69a733199fa17c9c571da1761d8451991	f80ff3f62daaa6e22a6753a3f30a127baab424d0320949bc9957a6ff62ea5ebe	otf_sparse_formula	2026-09-20T11:03:10.253620Z					8G	0			true		acacia-syntcomp26-coverage-248535-7efe22a24331.scope
S-cap17-epoch1	prioritized_arbiter_unreal2_pb_7_pe_.ltl	prioritized_arbiter_unreal2_pb_7_pe_.tlsf	17	UNREALIZABLE	0.031585674005327746	1	false		status	13	30	51	50384cf69a733199fa17c9c571da1761d8451991	f80ff3f62daaa6e22a6753a3f30a127baab424d0320949bc9957a6ff62ea5ebe	otf_sparse_formula	2026-09-20T11:03:10.305142Z		0.030000	19542016		8G	0			true		acacia-syntcomp26-coverage-248535-8ba13d76b365.scope
S-cap17-epoch1	robot-grid-reach-repeated-with-obstacles-1d-real.ltl	robot-grid-reach-repeated-with-obstacles-1d-real.tlsf	17	REALIZABLE	0.05752104500425048	0	false		none	11	30	52	50384cf69a733199fa17c9c571da1761d8451991	f80ff3f62daaa6e22a6753a3f30a127baab424d0320949bc9957a6ff62ea5ebe	otf_sparse_formula	2026-09-20T11:03:10.375516Z		0.120000	21569536		8G	0			true		acacia-syntcomp26-coverage-248535-aa3af1db0406.scope
S-cap17-epoch1	robot-to-target-charging2.ltl	robot-to-target-charging2.tlsf	17	UNREALIZABLE	2.577388928999426	1	false		none	13	31	53	50384cf69a733199fa17c9c571da1761d8451991	f80ff3f62daaa6e22a6753a3f30a127baab424d0320949bc9957a6ff62ea5ebe	otf_sparse_formula	2026-09-20T11:03:12.966344Z		10.180000	71733248		8G	0			true		acacia-syntcomp26-coverage-248535-aaf4942afd42.scope
S-cap17-epoch1	robot-to-target-charging24.ltl	robot-to-target-charging24.tlsf	17	TIMEOUT	17.085382140008733	124	true	timeout	none	0	8	54	50384cf69a733199fa17c9c571da1761d8451991	f80ff3f62daaa6e22a6753a3f30a127baab424d0320949bc9957a6ff62ea5ebe	otf_sparse_formula	2026-09-20T11:03:30.064523Z					8G	0			true		acacia-syntcomp26-coverage-248535-8631be7a467f.scope
S-cap17-epoch1	robot_grid_pb_5_5_pe_.ltl	robot_grid_pb_5_5_pe_.tlsf	17	REALIZABLE	9.505763572000433	0	false		none	11	33	55	50384cf69a733199fa17c9c571da1761d8451991	f80ff3f62daaa6e22a6753a3f30a127baab424d0320949bc9957a6ff62ea5ebe	otf_sparse_formula	2026-09-20T11:03:39.585017Z		37.600000	1272709120		8G	0			true		acacia-syntcomp26-coverage-248535-e5d1e9c627ba.scope
S-cap17-epoch1	round_robin_arbiter_unreal1_pb_3_1_pe_.ltl	round_robin_arbiter_unreal1_pb_3_1_pe_.tlsf	17	UNREALIZABLE	0.02110426698345691	1	false		status	13	30	56	50384cf69a733199fa17c9c571da1761d8451991	f80ff3f62daaa6e22a6753a3f30a127baab424d0320949bc9957a6ff62ea5ebe	otf_sparse_formula	2026-09-20T11:03:39.628447Z		0.030000	19263488		8G	0			true		acacia-syntcomp26-coverage-248535-5c1d5fe9560c.scope
S-cap17-epoch1	rw_arbiter_pb_4_pe_.ltl	rw_arbiter_pb_4_pe_.tlsf	17	TIMEOUT	17.08696408799733	124	true	timeout	none	0	8	57	50384cf69a733199fa17c9c571da1761d8451991	f80ff3f62daaa6e22a6753a3f30a127baab424d0320949bc9957a6ff62ea5ebe	otf_sparse_formula	2026-09-20T11:03:56.727658Z					8G	0			true		acacia-syntcomp26-coverage-248535-4561b6543f8b.scope
S-cap17-epoch1	simple_arbiter_enc_pb_16_pe_.ltl	simple_arbiter_enc_pb_16_pe_.tlsf	17	TIMEOUT	17.053000746003818	124	true	timeout	none	0	8	58	50384cf69a733199fa17c9c571da1761d8451991	f80ff3f62daaa6e22a6753a3f30a127baab424d0320949bc9957a6ff62ea5ebe	otf_sparse_formula	2026-09-20T11:04:13.794379Z					8G	0			true		acacia-syntcomp26-coverage-248535-a9dcb692bfe4.scope
S-cap17-epoch1	simple_arbiter_unreal1_pb_2_10_pe_.ltl	simple_arbiter_unreal1_pb_2_10_pe_.tlsf	17	UNREALIZABLE	0.02501112999743782	1	false		status	13	30	59	50384cf69a733199fa17c9c571da1761d8451991	f80ff3f62daaa6e22a6753a3f30a127baab424d0320949bc9957a6ff62ea5ebe	otf_sparse_formula	2026-09-20T11:04:13.842675Z		0.030000	15355904		8G	0			true		acacia-syntcomp26-coverage-248535-e4bb501926c4.scope
S-cap17-epoch1	simple_arbiter_unreal1_pb_4_8_pe_.ltl	simple_arbiter_unreal1_pb_4_8_pe_.tlsf	17	UNREALIZABLE	0.030563298001652583	1	false		status	13	30	60	50384cf69a733199fa17c9c571da1761d8451991	f80ff3f62daaa6e22a6753a3f30a127baab424d0320949bc9957a6ff62ea5ebe	otf_sparse_formula	2026-09-20T11:04:13.910113Z		0.030000	15179776		8G	0			true		acacia-syntcomp26-coverage-248535-467418f10b06.scope
S-cap17-epoch1	simple_arbiter_unreal2_pb_2_pe_.ltl	simple_arbiter_unreal2_pb_2_pe_.tlsf	17	UNREALIZABLE	0.03432681297999807	1	false		status	13	30	61	50384cf69a733199fa17c9c571da1761d8451991	f80ff3f62daaa6e22a6753a3f30a127baab424d0320949bc9957a6ff62ea5ebe	otf_sparse_formula	2026-09-20T11:04:13.973978Z		0.030000	15302656		8G	0			true		acacia-syntcomp26-coverage-248535-14df10fc3f8a.scope
S-cap17-epoch1	simple_arbiter_with_hints_pb_6_pe_.ltl	simple_arbiter_with_hints_pb_6_pe_.tlsf	17	REALIZABLE	1.9378957510052714	0	false		none	11	31	62	50384cf69a733199fa17c9c571da1761d8451991	f80ff3f62daaa6e22a6753a3f30a127baab424d0320949bc9957a6ff62ea5ebe	otf_sparse_formula	2026-09-20T11:04:15.925145Z		5.060000	116350976		8G	0			true		acacia-syntcomp26-coverage-248535-040293e35586.scope
S-cap17-epoch1	Alarm_2d1010f8.ltl	Alarm_2d1010f8.tlsf	17	REALIZABLE	0.041258316981839016	0	false		status	11	30	0	50384cf69a733199fa17c9c571da1761d8451991	f80ff3f62daaa6e22a6753a3f30a127baab424d0320949bc9957a6ff62ea5ebe	otf_sparse_formula	2026-09-20T11:12:14.736306Z		0.050000	19165184		8G	0			true		acacia-syntcomp26-coverage-252818-956a5ce86570.scope
S-cap17-epoch1	CheckCoffeMachineBroken1_a5f99bc6.ltl	CheckCoffeMachineBroken1_a5f99bc6.tlsf	17	REALIZABLE	0.017227040021680295	0	false		status	11	30	1	50384cf69a733199fa17c9c571da1761d8451991	f80ff3f62daaa6e22a6753a3f30a127baab424d0320949bc9957a6ff62ea5ebe	otf_sparse_formula	2026-09-20T11:12:14.788485Z		0.010000	18751488		8G	0			true		acacia-syntcomp26-coverage-252818-43a4eab0191c.scope
S-cap17-epoch1	CheckRoom_2c5b09da.ltl	CheckRoom_2c5b09da.tlsf	17	UNREALIZABLE	0.015906858985545114	1	false		status	13	30	2	50384cf69a733199fa17c9c571da1761d8451991	f80ff3f62daaa6e22a6753a3f30a127baab424d0320949bc9957a6ff62ea5ebe	otf_sparse_formula	2026-09-20T11:12:14.817651Z		0.010000	16998400	42921984	8G	0			true		acacia-syntcomp26-coverage-252818-f934506a2acf.scope
S-cap17-epoch1	CheckWarnlight_4b5a2bad.ltl	CheckWarnlight_4b5a2bad.tlsf	17	UNREALIZABLE	0.016840010997839272	1	false		status	13	30	3	50384cf69a733199fa17c9c571da1761d8451991	f80ff3f62daaa6e22a6753a3f30a127baab424d0320949bc9957a6ff62ea5ebe	otf_sparse_formula	2026-09-20T11:12:14.846719Z		0.010000	18300928	43180032	8G	0			true		acacia-syntcomp26-coverage-252818-ab229529ccfc.scope
S-cap17-epoch1	Core_fa4d4ce3.ltl	Core_fa4d4ce3.tlsf	17	UNREALIZABLE	0.024409532983554527	1	false		status	13	30	4	50384cf69a733199fa17c9c571da1761d8451991	f80ff3f62daaa6e22a6753a3f30a127baab424d0320949bc9957a6ff62ea5ebe	otf_sparse_formula	2026-09-20T11:12:14.885056Z		0.040000	20623360		8G	0			true		acacia-syntcomp26-coverage-252818-2f0753d4d76f.scope
S-cap17-epoch1	EscalatorNonReactive.ltl	EscalatorNonReactive.tlsf	17	REALIZABLE	0.021061371982796118	0	false		status	11	30	5	50384cf69a733199fa17c9c571da1761d8451991	f80ff3f62daaa6e22a6753a3f30a127baab424d0320949bc9957a6ff62ea5ebe	otf_sparse_formula	2026-09-20T11:12:14.929185Z		0.010000	17059840		8G	0			true		acacia-syntcomp26-coverage-252818-76db266e70ee.scope
S-cap17-epoch1	FelixSpecFixed4_3916ec59.ltl	FelixSpecFixed4_3916ec59.tlsf	17	TIMEOUT	17.089485271979356	124	true	timeout	status	0	8	6	50384cf69a733199fa17c9c571da1761d8451991	f80ff3f62daaa6e22a6753a3f30a127baab424d0320949bc9957a6ff62ea5ebe	otf_sparse_formula	2026-09-20T11:12:32.044314Z					8G	0			true		acacia-syntcomp26-coverage-252818-122259e2ae5c.scope
S-cap17-epoch1	LedMatrix.ltl	LedMatrix.tlsf	17	TIMEOUT	17.09075282799313	124	true	timeout	status	0	8	7	50384cf69a733199fa17c9c571da1761d8451991	f80ff3f62daaa6e22a6753a3f30a127baab424d0320949bc9957a6ff62ea5ebe	otf_sparse_formula	2026-09-20T11:12:49.152209Z					8G	0			true		acacia-syntcomp26-coverage-252818-6fc58c005f48.scope
S-cap17-epoch1	Morning2_d65ed84e.ltl	Morning2_d65ed84e.tlsf	17	TIMEOUT	17.091265923983883	124	true	timeout	none	0	8	8	50384cf69a733199fa17c9c571da1761d8451991	f80ff3f62daaa6e22a6753a3f30a127baab424d0320949bc9957a6ff62ea5ebe	otf_sparse_formula	2026-09-20T11:13:06.268886Z					8G	0			true		acacia-syntcomp26-coverage-252818-e409d9f4d09d.scope
S-cap17-epoch1	TorcsAccelerating.ltl	TorcsAccelerating.tlsf	17	REALIZABLE	0.04052339799818583	0	false		status	11	30	9	50384cf69a733199fa17c9c571da1761d8451991	f80ff3f62daaa6e22a6753a3f30a127baab424d0320949bc9957a6ff62ea5ebe	otf_sparse_formula	2026-09-20T11:13:06.349909Z		0.040000	18407424		8G	0			true		acacia-syntcomp26-coverage-252818-bad32c37b658.scope
S-cap17-epoch1	TwoCountersDisButA1.ltl	TwoCountersDisButA1.tlsf	17	UNREALIZABLE	0.04407362901838496	1	false		status	13	30	10	50384cf69a733199fa17c9c571da1761d8451991	f80ff3f62daaa6e22a6753a3f30a127baab424d0320949bc9957a6ff62ea5ebe	otf_sparse_formula	2026-09-20T11:13:06.406849Z		0.070000	21983232		8G	0			true		acacia-syntcomp26-coverage-252818-f844539fd65e.scope
S-cap17-epoch1	TwoCountersDisButA6.ltl	TwoCountersDisButA6.tlsf	17	UNREALIZABLE	0.1319059939996805	1	false		status	13	30	11	50384cf69a733199fa17c9c571da1761d8451991	f80ff3f62daaa6e22a6753a3f30a127baab424d0320949bc9957a6ff62ea5ebe	otf_sparse_formula	2026-09-20T11:13:06.552283Z		0.450000	29421568		8G	0			true		acacia-syntcomp26-coverage-252818-b4d341194875.scope
S-cap17-epoch1	TwoCountersInRangeA3.ltl	TwoCountersInRangeA3.tlsf	17	UNREALIZABLE	0.023533073981525376	1	false		status	13	30	12	50384cf69a733199fa17c9c571da1761d8451991	f80ff3f62daaa6e22a6753a3f30a127baab424d0320949bc9957a6ff62ea5ebe	otf_sparse_formula	2026-09-20T11:13:06.589915Z		0.040000	20701184		8G	0			true		acacia-syntcomp26-coverage-252818-1785580f842a.scope
S-cap17-epoch1	TwoCountersInRangeM4.ltl	TwoCountersInRangeM4.tlsf	17	UNREALIZABLE	0.040764316014247015	1	false		status	13	30	13	50384cf69a733199fa17c9c571da1761d8451991	f80ff3f62daaa6e22a6753a3f30a127baab424d0320949bc9957a6ff62ea5ebe	otf_sparse_formula	2026-09-20T11:13:06.651881Z		0.070000	20848640		8G	0			true		acacia-syntcomp26-coverage-252818-3edc9ea8932e.scope
S-cap17-epoch1	UnderapproxStrengthenedDemo.ltl	UnderapproxStrengthenedDemo.tlsf	17	REALIZABLE	0.03546111600007862	0	false		status	11	30	14	50384cf69a733199fa17c9c571da1761d8451991	f80ff3f62daaa6e22a6753a3f30a127baab424d0320949bc9957a6ff62ea5ebe	otf_sparse_formula	2026-09-20T11:13:06.725717Z		0.040000	16920576		8G	0			true		acacia-syntcomp26-coverage-252818-650bc63fb430.scope
S-cap17-epoch1	Zoo10.ltl	Zoo10.tlsf	17	REALIZABLE	0.04109180698287673	0	false		status	11	30	15	50384cf69a733199fa17c9c571da1761d8451991	f80ff3f62daaa6e22a6753a3f30a127baab424d0320949bc9957a6ff62ea5ebe	otf_sparse_formula	2026-09-20T11:13:06.802879Z		0.050000	19070976		8G	0			true		acacia-syntcomp26-coverage-252818-5b72dc181323.scope
S-cap17-epoch1	abcg_arbiter_pb_2_pe_.ltl	abcg_arbiter_pb_2_pe_.tlsf	17	REALIZABLE	0.10681041900534183	0	false		none	11	30	16	50384cf69a733199fa17c9c571da1761d8451991	f80ff3f62daaa6e22a6753a3f30a127baab424d0320949bc9957a6ff62ea5ebe	otf_sparse_formula	2026-09-20T11:13:06.924785Z		0.320000	28426240		8G	0			true		acacia-syntcomp26-coverage-252818-23f823736fa2.scope
S-cap17-epoch1	amba_decomposed_arbiter_pb_2_pe_.ltl	amba_decomposed_arbiter_pb_2_pe_.tlsf	17	REALIZABLE	0.020677155000157654	0	false		status	11	30	17	50384cf69a733199fa17c9c571da1761d8451991	f80ff3f62daaa6e22a6753a3f30a127baab424d0320949bc9957a6ff62ea5ebe	otf_sparse_formula	2026-09-20T11:13:06.968765Z		0.020000	19210240		8G	0			true		acacia-syntcomp26-coverage-252818-2e9be4e5c182.scope
S-cap17-epoch1	amba_decomposed_arbiter_pb_9_pe_.ltl	amba_decomposed_arbiter_pb_9_pe_.tlsf	17	TIMEOUT	17.04034394698101	124	true	timeout	status	0	8	18	50384cf69a733199fa17c9c571da1761d8451991	f80ff3f62daaa6e22a6753a3f30a127baab424d0320949bc9957a6ff62ea5ebe	otf_sparse_formula	2026-09-20T11:13:24.021728Z					8G	0			true		acacia-syntcomp26-coverage-252818-23623f7143ee.scope
S-cap17-epoch1	amba_decomposed_lock_pb_5_pe_.ltl	amba_decomposed_lock_pb_5_pe_.tlsf	17	REALIZABLE	0.030083642021054402	0	false		status	11	30	19	50384cf69a733199fa17c9c571da1761d8451991	f80ff3f62daaa6e22a6753a3f30a127baab424d0320949bc9957a6ff62ea5ebe	otf_sparse_formula	2026-09-20T11:13:24.077770Z		0.030000	20201472		8G	0			true		acacia-syntcomp26-coverage-252818-6f32273d1133.scope
S-cap17-epoch1	amba_decomposed_shift.ltl	amba_decomposed_shift.tlsf	17	REALIZABLE	0.03566994800348766	0	false		status	11	30	20	50384cf69a733199fa17c9c571da1761d8451991	f80ff3f62daaa6e22a6753a3f30a127baab424d0320949bc9957a6ff62ea5ebe	otf_sparse_formula	2026-09-20T11:13:24.146126Z		0.040000	17526784		8G	0			true		acacia-syntcomp26-coverage-252818-74729ed2cec8.scope
S-cap17-epoch1	arbiter_pb_3_pe_.ltl	arbiter_pb_3_pe_.tlsf	17	REALIZABLE	0.019793070998275653	0	false		none	11	30	21	50384cf69a733199fa17c9c571da1761d8451991	f80ff3f62daaa6e22a6753a3f30a127baab424d0320949bc9957a6ff62ea5ebe	otf_sparse_formula	2026-09-20T11:13:24.178460Z		0.020000	19419136		8G	0			true		acacia-syntcomp26-coverage-252818-fafbefa6a059.scope
S-cap17-epoch1	chomp_pb_3_2_pe_.ltl	chomp_pb_3_2_pe_.tlsf	17	REALIZABLE	3.9832033190177754	0	false		status	11	31	22	50384cf69a733199fa17c9c571da1761d8451991	f80ff3f62daaa6e22a6753a3f30a127baab424d0320949bc9957a6ff62ea5ebe	otf_sparse_formula	2026-09-20T11:13:28.175063Z		8.280000	145633280		8G	0			true		acacia-syntcomp26-coverage-252818-27c4e0c76fc6.scope
S-cap17-epoch1	collector_v1_pb_5_pe_.ltl	collector_v1_pb_5_pe_.tlsf	17	REALIZABLE	0.021363923005992547	0	false		status	11	30	23	50384cf69a733199fa17c9c571da1761d8451991	f80ff3f62daaa6e22a6753a3f30a127baab424d0320949bc9957a6ff62ea5ebe	otf_sparse_formula	2026-09-20T11:13:28.211809Z		0.030000	19898368		8G	0			true		acacia-syntcomp26-coverage-252818-d85608cde556.scope
S-cap17-epoch1	diagonal-real.ltl	diagonal-real.tlsf	17	REALIZABLE	0.06204809001064859	0	false		none	11	30	24	50384cf69a733199fa17c9c571da1761d8451991	f80ff3f62daaa6e22a6753a3f30a127baab424d0320949bc9957a6ff62ea5ebe	otf_sparse_formula	2026-09-20T11:13:28.287141Z		0.130000	20873216		8G	0			true		acacia-syntcomp26-coverage-252818-4ddca8b8d027.scope
S-cap17-epoch1	full_arbiter_unreal1_pb_2_24_pe_.ltl	full_arbiter_unreal1_pb_2_24_pe_.tlsf	17	UNREALIZABLE	0.018653006991371512	1	false		status	13	30	25	50384cf69a733199fa17c9c571da1761d8451991	f80ff3f62daaa6e22a6753a3f30a127baab424d0320949bc9957a6ff62ea5ebe	otf_sparse_formula	2026-09-20T11:13:28.330873Z		0.010000	15450112		8G	0			true		acacia-syntcomp26-coverage-252818-d94d8de5aaf8.scope
S-cap17-epoch1	full_arbiter_unreal1_pb_2_5_pe_.ltl	full_arbiter_unreal1_pb_2_5_pe_.tlsf	17	UNREALIZABLE	0.03181804998894222	1	false		status	13	30	26	50384cf69a733199fa17c9c571da1761d8451991	f80ff3f62daaa6e22a6753a3f30a127baab424d0320949bc9957a6ff62ea5ebe	otf_sparse_formula	2026-09-20T11:13:28.398325Z		0.030000	15491072		8G	0			true		acacia-syntcomp26-coverage-252818-d8a3d7c5b4c4.scope
S-cap17-epoch1	g-real0.ltl	g-real0.tlsf	17	UNREALIZABLE	0.058346134988823906	1	false		none	13	30	27	50384cf69a733199fa17c9c571da1761d8451991	f80ff3f62daaa6e22a6753a3f30a127baab424d0320949bc9957a6ff62ea5ebe	otf_sparse_formula	2026-09-20T11:13:28.470795Z		0.140000	21352448		8G	0			true		acacia-syntcomp26-coverage-252818-d07edc3b8add.scope
S-cap17-epoch1	g-unreal-111.ltl	g-unreal-111.tlsf	17	UNREALIZABLE	3.9776839730038773	1	false		none	13	31	28	50384cf69a733199fa17c9c571da1761d8451991	f80ff3f62daaa6e22a6753a3f30a127baab424d0320949bc9957a6ff62ea5ebe	otf_sparse_formula	2026-09-20T11:13:32.461210Z		9.040000	321212416		8G	0			true		acacia-syntcomp26-coverage-252818-39e708503b59.scope
S-cap17-epoch1	gf-unreal1.ltl	gf-unreal1.tlsf	17	UNREALIZABLE	0.025174148991936818	1	false		none	13	30	29	50384cf69a733199fa17c9c571da1761d8451991	f80ff3f62daaa6e22a6753a3f30a127baab424d0320949bc9957a6ff62ea5ebe	otf_sparse_formula	2026-09-20T11:13:32.499889Z		0.010000	17362944	43143168	8G	0			true		acacia-syntcomp26-coverage-252818-3f38047be2ac.scope
S-cap17-epoch1	gf-unreal22.ltl	gf-unreal22.tlsf	17	UNREALIZABLE	0.03766154500772245	1	false		none	13	30	30	50384cf69a733199fa17c9c571da1761d8451991	f80ff3f62daaa6e22a6753a3f30a127baab424d0320949bc9957a6ff62ea5ebe	otf_sparse_formula	2026-09-20T11:13:32.551705Z		0.050000	18907136		8G	0			true		acacia-syntcomp26-coverage-252818-2ebeaa27d4be.scope
S-cap17-epoch1	gf-unreal24.ltl	gf-unreal24.tlsf	17	UNREALIZABLE	0.03818321699509397	1	false		none	13	30	31	50384cf69a733199fa17c9c571da1761d8451991	f80ff3f62daaa6e22a6753a3f30a127baab424d0320949bc9957a6ff62ea5ebe	otf_sparse_formula	2026-09-20T11:13:32.603368Z		0.070000	18903040		8G	0			true		acacia-syntcomp26-coverage-252818-36fa6b395f9b.scope
S-cap17-epoch1	gf-unreal25.ltl	gf-unreal25.tlsf	17	UNREALIZABLE	0.03699483201489784	1	false		none	13	30	32	50384cf69a733199fa17c9c571da1761d8451991	f80ff3f62daaa6e22a6753a3f30a127baab424d0320949bc9957a6ff62ea5ebe	otf_sparse_formula	2026-09-20T11:13:32.662415Z		0.070000	18886656		8G	0			true		acacia-syntcomp26-coverage-252818-5215cafbc3eb.scope
S-cap17-epoch1	heim-fig7-unreal.ltl	heim-fig7-unreal.tlsf	17	UNREALIZABLE	0.04258538901922293	1	false		none	13	30	33	50384cf69a733199fa17c9c571da1761d8451991	f80ff3f62daaa6e22a6753a3f30a127baab424d0320949bc9957a6ff62ea5ebe	otf_sparse_formula	2026-09-20T11:13:32.717901Z		0.070000	19812352		8G	0			true		acacia-syntcomp26-coverage-252818-9d38d27d7744.scope
S-cap17-epoch1	infinite-race-u5.ltl	infinite-race-u5.tlsf	17	UNREALIZABLE	0.14706670201849192	1	false		none	13	30	34	50384cf69a733199fa17c9c571da1761d8451991	f80ff3f62daaa6e22a6753a3f30a127baab424d0320949bc9957a6ff62ea5ebe	otf_sparse_formula	2026-09-20T11:13:32.879869Z		0.480000	27078656		8G	0			true		acacia-syntcomp26-coverage-252818-2706e81708a2.scope
S-cap17-epoch1	infinite-race-unequal-26.ltl	infinite-race-unequal-26.tlsf	17	TIMEOUT	17.094219191989396	124	true	timeout	none	0	8	35	50384cf69a733199fa17c9c571da1761d8451991	f80ff3f62daaa6e22a6753a3f30a127baab424d0320949bc9957a6ff62ea5ebe	otf_sparse_formula	2026-09-20T11:13:50.014403Z					8G	0			true		acacia-syntcomp26-coverage-252818-8a181b9d4855.scope
S-cap17-epoch1	lift_gr1+_pb_8_pe_.ltl	lift_gr1+_pb_8_pe_.tlsf	17	TIMEOUT	17.09031498900731	124	true	timeout	none	0	8	36	50384cf69a733199fa17c9c571da1761d8451991	f80ff3f62daaa6e22a6753a3f30a127baab424d0320949bc9957a6ff62ea5ebe	otf_sparse_formula	2026-09-20T11:14:07.143170Z					8G	0			true		acacia-syntcomp26-coverage-252818-ad5676f91f60.scope
S-cap17-epoch1	lilydemo21.ltl	lilydemo21.tlsf	17	REALIZABLE	0.02941598297911696	0	false		status	11	30	37	50384cf69a733199fa17c9c571da1761d8451991	f80ff3f62daaa6e22a6753a3f30a127baab424d0320949bc9957a6ff62ea5ebe	otf_sparse_formula	2026-09-20T11:14:07.186889Z		0.050000	21389312		8G	0			true		acacia-syntcomp26-coverage-252818-d79df9c84e12.scope
S-cap17-epoch1	load_balancer_pb_9_pe_.ltl	load_balancer_pb_9_pe_.tlsf	17	TIMEOUT	17.085251723008696	124	true	timeout	none	0	8	38	50384cf69a733199fa17c9c571da1761d8451991	f80ff3f62daaa6e22a6753a3f30a127baab424d0320949bc9957a6ff62ea5ebe	otf_sparse_formula	2026-09-20T11:14:24.284452Z					8G	0			true		acacia-syntcomp26-coverage-252818-d53a8f87ac62.scope
S-cap17-epoch1	load_balancer_unreal1_pb_2_11_pe_.ltl	load_balancer_unreal1_pb_2_11_pe_.tlsf	17	UNREALIZABLE	0.0461289570084773	1	false		status	13	30	39	50384cf69a733199fa17c9c571da1761d8451991	f80ff3f62daaa6e22a6753a3f30a127baab424d0320949bc9957a6ff62ea5ebe	otf_sparse_formula	2026-09-20T11:14:24.344574Z		0.110000	22278144		8G	0			true		acacia-syntcomp26-coverage-252818-e1bd29a84a79.scope
S-cap17-epoch1	load_balancer_unreal1_pb_3_7_pe_.ltl	load_balancer_unreal1_pb_3_7_pe_.tlsf	17	UNREALIZABLE	0.03601291499217041	1	false		status	13	30	40	50384cf69a733199fa17c9c571da1761d8451991	f80ff3f62daaa6e22a6753a3f30a127baab424d0320949bc9957a6ff62ea5ebe	otf_sparse_formula	2026-09-20T11:14:24.393516Z		0.090000	20910080		8G	0			true		acacia-syntcomp26-coverage-252818-d1f04fe072ac.scope
S-cap17-epoch1	load_balancer_unreal2_pb_2_pe_.ltl	load_balancer_unreal2_pb_2_pe_.tlsf	17	REALIZABLE	0.03128772700438276	0	false		status	11	30	41	50384cf69a733199fa17c9c571da1761d8451991	f80ff3f62daaa6e22a6753a3f30a127baab424d0320949bc9957a6ff62ea5ebe	otf_sparse_formula	2026-09-20T11:14:24.439222Z		0.040000	19415040		8G	0			true		acacia-syntcomp26-coverage-252818-ca7230983d2f.scope
S-cap17-epoch1	ltl2dba12.ltl	ltl2dba12.tlsf	17	REALIZABLE	0.025766515027498826	0	false		status	11	30	42	50384cf69a733199fa17c9c571da1761d8451991	f80ff3f62daaa6e22a6753a3f30a127baab424d0320949bc9957a6ff62ea5ebe	otf_sparse_formula	2026-09-20T11:14:24.504974Z		0.030000	15319040		8G	0			true		acacia-syntcomp26-coverage-252818-07505b7d11bf.scope
S-cap17-epoch1	ltl2dba17.ltl	ltl2dba17.tlsf	17	REALIZABLE	0.03845904002082534	0	false		status	11	30	43	50384cf69a733199fa17c9c571da1761d8451991	f80ff3f62daaa6e22a6753a3f30a127baab424d0320949bc9957a6ff62ea5ebe	otf_sparse_formula	2026-09-20T11:14:24.582742Z		0.030000	15327232		8G	0			true		acacia-syntcomp26-coverage-252818-51c6bd7788fc.scope
S-cap17-epoch1	ltl2dba_C2_unreal_pb_100_pe_.ltl	ltl2dba_C2_unreal_pb_100_pe_.tlsf	17	TIMEOUT	17.086820842989255	124	true	timeout	none	0	8	44	50384cf69a733199fa17c9c571da1761d8451991	f80ff3f62daaa6e22a6753a3f30a127baab424d0320949bc9957a6ff62ea5ebe	otf_sparse_formula	2026-09-20T11:14:41.690140Z					8G	0			true		acacia-syntcomp26-coverage-252818-6fa1934617a8.scope
S-cap17-epoch1	ltl2dba_U1_pb_5_pe_.ltl	ltl2dba_U1_pb_5_pe_.tlsf	17	REALIZABLE	0.023833769984776154	0	false		status	11	30	45	50384cf69a733199fa17c9c571da1761d8451991	f80ff3f62daaa6e22a6753a3f30a127baab424d0320949bc9957a6ff62ea5ebe	otf_sparse_formula	2026-09-20T11:14:41.737048Z		0.030000	15388672		8G	0			true		acacia-syntcomp26-coverage-252818-d2fc8dcc71a6.scope
S-cap17-epoch1	ltl2dba_beta_pb_2_pe_.ltl	ltl2dba_beta_pb_2_pe_.tlsf	17	REALIZABLE	0.03424936000374146	0	false		status	11	30	46	50384cf69a733199fa17c9c571da1761d8451991	f80ff3f62daaa6e22a6753a3f30a127baab424d0320949bc9957a6ff62ea5ebe	otf_sparse_formula	2026-09-20T11:14:41.810209Z		0.030000	15290368		8G	0			true		acacia-syntcomp26-coverage-252818-a4313692e805.scope
S-cap17-epoch1	mux_pb_175_pe_.ltl	mux_pb_175_pe_.tlsf	17	REALIZABLE	0.06255746798706241	0	false		none	11	30	47	50384cf69a733199fa17c9c571da1761d8451991	f80ff3f62daaa6e22a6753a3f30a127baab424d0320949bc9957a6ff62ea5ebe	otf_sparse_formula	2026-09-20T11:14:41.898285Z		0.080000	18382848		8G	0			true		acacia-syntcomp26-coverage-252818-89ef19d7a687.scope
S-cap17-epoch1	patrolling23.ltl	patrolling23.tlsf	17	UNREALIZABLE	0.6789921910094563	1	false		none	13	31	48	50384cf69a733199fa17c9c571da1761d8451991	f80ff3f62daaa6e22a6753a3f30a127baab424d0320949bc9957a6ff62ea5ebe	otf_sparse_formula	2026-09-20T11:14:42.590554Z		2.540000	120500224		8G	0			true		acacia-syntcomp26-coverage-252818-2cd88ef8b65e.scope
S-cap17-epoch1	prioritized_arbiter_enc_pb_13_pe_.ltl	prioritized_arbiter_enc_pb_13_pe_.tlsf	17	TIMEOUT	17.05284955300158	124	true	timeout	none	0	8	49	50384cf69a733199fa17c9c571da1761d8451991	f80ff3f62daaa6e22a6753a3f30a127baab424d0320949bc9957a6ff62ea5ebe	otf_sparse_formula	2026-09-20T11:14:59.656069Z					8G	0			true		acacia-syntcomp26-coverage-252818-aae4cb10c924.scope
S-cap17-epoch1	prioritized_arbiter_unreal1_pb_2_13_pe_.ltl	prioritized_arbiter_unreal1_pb_2_13_pe_.tlsf	17	UNREALIZABLE	0.017051583010470495	1	false		status	13	30	50	50384cf69a733199fa17c9c571da1761d8451991	f80ff3f62daaa6e22a6753a3f30a127baab424d0320949bc9957a6ff62ea5ebe	otf_sparse_formula	2026-09-20T11:14:59.686680Z		0.010000	18546688	44466176	8G	0			true		acacia-syntcomp26-coverage-252818-b4277b350e24.scope
S-cap17-epoch1	prioritized_arbiter_unreal1_pb_2_16_pe_.ltl	prioritized_arbiter_unreal1_pb_2_16_pe_.tlsf	17	UNREALIZABLE	0.02317816999857314	1	false		status	13	30	51	50384cf69a733199fa17c9c571da1761d8451991	f80ff3f62daaa6e22a6753a3f30a127baab424d0320949bc9957a6ff62ea5ebe	otf_sparse_formula	2026-09-20T11:14:59.722343Z		0.010000	18403328	44498944	8G	0			true		acacia-syntcomp26-coverage-252818-90802c263453.scope
S-cap17-epoch1	prioritized_arbiter_unreal1_pb_4_16_pe_.ltl	prioritized_arbiter_unreal1_pb_4_16_pe_.tlsf	17	UNREALIZABLE	0.02258304800488986	1	false		status	13	30	52	50384cf69a733199fa17c9c571da1761d8451991	f80ff3f62daaa6e22a6753a3f30a127baab424d0320949bc9957a6ff62ea5ebe	otf_sparse_formula	2026-09-20T11:14:59.757863Z		0.010000	19070976		8G	0			true		acacia-syntcomp26-coverage-252818-e283a4a7a870.scope
S-cap17-epoch1	robot-cat-unreal-2d-unreal.ltl	robot-cat-unreal-2d-unreal.tlsf	17	TIMEOUT	17.095149503002176	124	true	timeout	none	0	8	53	50384cf69a733199fa17c9c571da1761d8451991	f80ff3f62daaa6e22a6753a3f30a127baab424d0320949bc9957a6ff62ea5ebe	otf_sparse_formula	2026-09-20T11:15:16.895388Z					8G	0			true		acacia-syntcomp26-coverage-252818-6c802b40f69b.scope
S-cap17-epoch1	robot-to-target-charging11.ltl	robot-to-target-charging11.tlsf	17	TIMEOUT	17.053709518979304	124	true	timeout	none	0	8	54	50384cf69a733199fa17c9c571da1761d8451991	f80ff3f62daaa6e22a6753a3f30a127baab424d0320949bc9957a6ff62ea5ebe	otf_sparse_formula	2026-09-20T11:15:33.962720Z					8G	0			true		acacia-syntcomp26-coverage-252818-c797dc62ae09.scope
S-cap17-epoch1	round_robin_arbiter_pb_5_pe_.ltl	round_robin_arbiter_pb_5_pe_.tlsf	17	REALIZABLE	14.105392330005998	0	false		status	11	32	55	50384cf69a733199fa17c9c571da1761d8451991	f80ff3f62daaa6e22a6753a3f30a127baab424d0320949bc9957a6ff62ea5ebe	otf_sparse_formula	2026-09-20T11:15:48.080828Z		43.440000	440012800		8G	0			true		acacia-syntcomp26-coverage-252818-3ae15fe3813c.scope
S-cap17-epoch1	round_robin_arbiter_unreal1_pb_2_16_pe_.ltl	round_robin_arbiter_unreal1_pb_2_16_pe_.tlsf	17	UNREALIZABLE	2.844691921985941	1	false		status	13	32	56	50384cf69a733199fa17c9c571da1761d8451991	f80ff3f62daaa6e22a6753a3f30a127baab424d0320949bc9957a6ff62ea5ebe	otf_sparse_formula	2026-09-20T11:15:50.939783Z		11.190000	342286336		8G	0			true		acacia-syntcomp26-coverage-252818-eb8295241902.scope
S-cap17-epoch1	shift_pb_125_pe_.ltl	shift_pb_125_pe_.tlsf	17	REALIZABLE	0.024480738007696345	0	false		status	11	30	57	50384cf69a733199fa17c9c571da1761d8451991	f80ff3f62daaa6e22a6753a3f30a127baab424d0320949bc9957a6ff62ea5ebe	otf_sparse_formula	2026-09-20T11:15:50.976184Z		0.010000	17784832		8G	0			true		acacia-syntcomp26-coverage-252818-1a0cd0dc0478.scope
S-cap17-epoch1	simple_arbiter_unreal1_pb_4_3_pe_.ltl	simple_arbiter_unreal1_pb_4_3_pe_.tlsf	17	UNREALIZABLE	0.020495779026532546	1	false		status	13	30	58	50384cf69a733199fa17c9c571da1761d8451991	f80ff3f62daaa6e22a6753a3f30a127baab424d0320949bc9957a6ff62ea5ebe	otf_sparse_formula	2026-09-20T11:15:51.009315Z		0.000000	15298560	42405888	8G	0			true		acacia-syntcomp26-coverage-252818-1bcda682de06.scope
S-cap17-epoch1	simple_arbiter_unreal1_pb_5_1_pe_.ltl	simple_arbiter_unreal1_pb_5_1_pe_.tlsf	17	UNREALIZABLE	0.016893909021746367	1	false		status	13	30	59	50384cf69a733199fa17c9c571da1761d8451991	f80ff3f62daaa6e22a6753a3f30a127baab424d0320949bc9957a6ff62ea5ebe	otf_sparse_formula	2026-09-20T11:15:51.039399Z		0.010000	15360000	41746432	8G	0			true		acacia-syntcomp26-coverage-252818-42d222d1007c.scope
S-cap17-epoch1	simple_arbiter_unreal1_pb_5_3_pe_.ltl	simple_arbiter_unreal1_pb_5_3_pe_.tlsf	17	UNREALIZABLE	0.022225926019018516	1	false		status	13	30	60	50384cf69a733199fa17c9c571da1761d8451991	f80ff3f62daaa6e22a6753a3f30a127baab424d0320949bc9957a6ff62ea5ebe	otf_sparse_formula	2026-09-20T11:15:51.074080Z		0.010000	15257600	42921984	8G	0			true		acacia-syntcomp26-coverage-252818-b0345c3acb33.scope
S-cap17-epoch1	simple_arbiter_unreal1_pb_6_2_pe_.ltl	simple_arbiter_unreal1_pb_6_2_pe_.tlsf	17	UNREALIZABLE	0.022169576986925676	1	false		status	13	30	61	50384cf69a733199fa17c9c571da1761d8451991	f80ff3f62daaa6e22a6753a3f30a127baab424d0320949bc9957a6ff62ea5ebe	otf_sparse_formula	2026-09-20T11:15:51.108616Z		0.010000	15454208	42672128	8G	0			true		acacia-syntcomp26-coverage-252818-21e03d8e56f5.scope
S-cap17-epoch1	simple_arbiter_unreal2_pb_8_pe_.ltl	simple_arbiter_unreal2_pb_8_pe_.tlsf	17	UNREALIZABLE	0.022111880010925233	1	false		status	13	30	62	50384cf69a733199fa17c9c571da1761d8451991	f80ff3f62daaa6e22a6753a3f30a127baab424d0320949bc9957a6ff62ea5ebe	otf_sparse_formula	2026-09-20T11:15:51.144311Z		0.010000	15388672	43192320	8G	0			true		acacia-syntcomp26-coverage-252818-cb7d264ba6bc.scope
S-cap17-epoch1	square5x50.ltl	square5x50.tlsf	17	UNREALIZABLE	0.2830755340110045	1	false		none	13	30	63	50384cf69a733199fa17c9c571da1761d8451991	f80ff3f62daaa6e22a6753a3f30a127baab424d0320949bc9957a6ff62ea5ebe	otf_sparse_formula	2026-09-20T11:15:51.440793Z		1.040000	25554944		8G	0			true		acacia-syntcomp26-coverage-252818-846976a20b34.scope
S-cap17-epoch1	storage-GF-64-real.ltl	storage-GF-64-real.tlsf	17	REALIZABLE	0.03216570898075588	0	false		none	11	30	64	50384cf69a733199fa17c9c571da1761d8451991	f80ff3f62daaa6e22a6753a3f30a127baab424d0320949bc9957a6ff62ea5ebe	otf_sparse_formula	2026-09-20T11:15:51.487108Z		0.060000	20819968		8G	0			true		acacia-syntcomp26-coverage-252818-5ccc300ed694.scope
S-cap17-epoch1	workstation_resupply_pb_1_pe_.ltl	workstation_resupply_pb_1_pe_.tlsf	17	REALIZABLE	0.04202308499952778	0	false		none	11	30	65	50384cf69a733199fa17c9c571da1761d8451991	f80ff3f62daaa6e22a6753a3f30a127baab424d0320949bc9957a6ff62ea5ebe	otf_sparse_formula	2026-09-20T11:15:51.542104Z		0.070000	20455424		8G	0			true		acacia-syntcomp26-coverage-252818-01e597169b3d.scope
S-cap17-epoch1	08.ltl	08.tlsf	17	TIMEOUT	17.038068616995588	124	true	timeout	none	0	8	0	50384cf69a733199fa17c9c571da1761d8451991	f80ff3f62daaa6e22a6753a3f30a127baab424d0320949bc9957a6ff62ea5ebe	otf_sparse_formula	2026-09-20T11:16:08.697611Z					8G	0			true		acacia-syntcomp26-coverage-253534-eb02d875f826.scope
S-cap17-epoch1	AllShades_66f450a4.ltl	AllShades_66f450a4.tlsf	17	UNREALIZABLE	1.7562299199926201	1	false		status	13	30	1	50384cf69a733199fa17c9c571da1761d8451991	f80ff3f62daaa6e22a6753a3f30a127baab424d0320949bc9957a6ff62ea5ebe	otf_sparse_formula	2026-09-20T11:16:10.467892Z		6.900000	55730176		8G	0			true		acacia-syntcomp26-coverage-253534-578f6ceb209b.scope
S-cap17-epoch1	CheckDoor_c2b9e44d.ltl	CheckDoor_c2b9e44d.tlsf	17	UNREALIZABLE	0.0208594260038808	1	false		status	13	30	2	50384cf69a733199fa17c9c571da1761d8451991	f80ff3f62daaa6e22a6753a3f30a127baab424d0320949bc9957a6ff62ea5ebe	otf_sparse_formula	2026-09-20T11:16:10.510873Z		0.010000	18452480		8G	0			true		acacia-syntcomp26-coverage-253534-76b134cca2b1.scope
S-cap17-epoch1	CheckLight_aeb1d897.ltl	CheckLight_aeb1d897.tlsf	17	UNREALIZABLE	0.031250391009962186	1	false		status	13	30	3	50384cf69a733199fa17c9c571da1761d8451991	f80ff3f62daaa6e22a6753a3f30a127baab424d0320949bc9957a6ff62ea5ebe	otf_sparse_formula	2026-09-20T11:16:10.566830Z		0.050000	18268160		8G	0			true		acacia-syntcomp26-coverage-253534-482c9c785339.scope
S-cap17-epoch1	F-G-contradiction-112.ltl	F-G-contradiction-112.tlsf	17	TIMEOUT	17.143828391010175	124	true	timeout	none	0	8	4	50384cf69a733199fa17c9c571da1761d8451991	f80ff3f62daaa6e22a6753a3f30a127baab424d0320949bc9957a6ff62ea5ebe	otf_sparse_formula	2026-09-20T11:16:27.748913Z					8G	0			true		acacia-syntcomp26-coverage-253534-d2ca32d1838c.scope
S-cap17-epoch1	Heating_b209ff21.ltl	Heating_b209ff21.tlsf	17	REALIZABLE	0.03500080300727859	0	false		status	11	30	5	50384cf69a733199fa17c9c571da1761d8451991	f80ff3f62daaa6e22a6753a3f30a127baab424d0320949bc9957a6ff62ea5ebe	otf_sparse_formula	2026-09-20T11:16:27.797789Z		0.020000	18767872		8G	0			true		acacia-syntcomp26-coverage-253534-5e9fa7a6247b.scope
S-cap17-epoch1	IntendDemo_42dc4fff.ltl	IntendDemo_42dc4fff.tlsf	17	UNREALIZABLE	0.050601827999344096	1	false		status	13	30	6	50384cf69a733199fa17c9c571da1761d8451991	f80ff3f62daaa6e22a6753a3f30a127baab424d0320949bc9957a6ff62ea5ebe	otf_sparse_formula	2026-09-20T11:16:27.862148Z		0.130000	20627456		8G	0			true		acacia-syntcomp26-coverage-253534-d5a67b7b87da.scope
S-cap17-epoch1	Lights_2c5b09da.ltl	Lights_2c5b09da.tlsf	17	REALIZABLE	0.01915378199191764	0	false		status	11	30	7	50384cf69a733199fa17c9c571da1761d8451991	f80ff3f62daaa6e22a6753a3f30a127baab424d0320949bc9957a6ff62ea5ebe	otf_sparse_formula	2026-09-20T11:16:27.896326Z		0.030000	19251200		8G	0			true		acacia-syntcomp26-coverage-253534-2b9592baf8dd.scope
S-cap17-epoch1	Morning2_68c86764.ltl	Morning2_68c86764.tlsf	17	TIMEOUT	17.09270739101339	124	true	timeout	none	0	8	8	50384cf69a733199fa17c9c571da1761d8451991	f80ff3f62daaa6e22a6753a3f30a127baab424d0320949bc9957a6ff62ea5ebe	otf_sparse_formula	2026-09-20T11:16:45.022609Z					8G	0			true		acacia-syntcomp26-coverage-253534-5a42dfbdf23f.scope
S-cap17-epoch1	Morning2s_06e9cad4.ltl	Morning2s_06e9cad4.tlsf	17	TIMEOUT	17.054439879982965	124	true	timeout	none	0	8	9	50384cf69a733199fa17c9c571da1761d8451991	f80ff3f62daaa6e22a6753a3f30a127baab424d0320949bc9957a6ff62ea5ebe	otf_sparse_formula	2026-09-20T11:17:02.090494Z					8G	0			true		acacia-syntcomp26-coverage-253534-ab1a9f48d768.scope
S-cap17-epoch1	MorningMin_d6c5ac79.ltl	MorningMin_d6c5ac79.tlsf	17	REALIZABLE	0.024239762977231294	0	false		status	11	30	10	50384cf69a733199fa17c9c571da1761d8451991	f80ff3f62daaa6e22a6753a3f30a127baab424d0320949bc9957a6ff62ea5ebe	otf_sparse_formula	2026-09-20T11:17:02.128607Z		0.040000	20373504		8G	0			true		acacia-syntcomp26-coverage-253534-42a5eac1dff1.scope
S-cap17-epoch1	OneCounterGuiA6.ltl	OneCounterGuiA6.tlsf	17	UNREALIZABLE	0.35132656700443476	1	false		status	13	30	11	50384cf69a733199fa17c9c571da1761d8451991	f80ff3f62daaa6e22a6753a3f30a127baab424d0320949bc9957a6ff62ea5ebe	otf_sparse_formula	2026-09-20T11:17:02.497714Z		1.330000	54239232		8G	0			true		acacia-syntcomp26-coverage-253534-d7372afd7156.scope
S-cap17-epoch1	SensorSubmodulChooser.ltl	SensorSubmodulChooser.tlsf	17	REALIZABLE	0.04818021398386918	0	false		status	11	30	12	50384cf69a733199fa17c9c571da1761d8451991	f80ff3f62daaa6e22a6753a3f30a127baab424d0320949bc9957a6ff62ea5ebe	otf_sparse_formula	2026-09-20T11:17:02.560774Z		0.110000	22355968		8G	0			true		acacia-syntcomp26-coverage-253534-72b49a0a1785.scope
S-cap17-epoch1	Shades2_70523fbe.ltl	Shades2_70523fbe.tlsf	17	REALIZABLE	0.032303984015015885	0	false		status	11	30	13	50384cf69a733199fa17c9c571da1761d8451991	f80ff3f62daaa6e22a6753a3f30a127baab424d0320949bc9957a6ff62ea5ebe	otf_sparse_formula	2026-09-20T11:17:02.617340Z		0.040000	19021824		8G	0			true		acacia-syntcomp26-coverage-253534-fc6ffa9e7103.scope
S-cap17-epoch1	TorcsSteeringImproved.ltl	TorcsSteeringImproved.tlsf	17	REALIZABLE	0.04346075898502022	0	false		status	11	30	14	50384cf69a733199fa17c9c571da1761d8451991	f80ff3f62daaa6e22a6753a3f30a127baab424d0320949bc9957a6ff62ea5ebe	otf_sparse_formula	2026-09-20T11:17:02.686452Z		0.070000	20279296		8G	0			true		acacia-syntcomp26-coverage-253534-00b899c56201.scope
S-cap17-epoch1	TwoCountersDisButAC.ltl	TwoCountersDisButAC.tlsf	17	UNREALIZABLE	0.1949258920212742	1	false		status	13	30	15	50384cf69a733199fa17c9c571da1761d8451991	f80ff3f62daaa6e22a6753a3f30a127baab424d0320949bc9957a6ff62ea5ebe	otf_sparse_formula	2026-09-20T11:17:02.900549Z		0.710000	38039552		8G	0			true		acacia-syntcomp26-coverage-253534-2cc18582c900.scope
S-cap17-epoch1	Window2_6479ef9a.ltl	Window2_6479ef9a.tlsf	17	REALIZABLE	0.039606298989383504	0	false		status	11	30	16	50384cf69a733199fa17c9c571da1761d8451991	f80ff3f62daaa6e22a6753a3f30a127baab424d0320949bc9957a6ff62ea5ebe	otf_sparse_formula	2026-09-20T11:17:02.964222Z		0.050000	19730432		8G	0			true		acacia-syntcomp26-coverage-253534-893d50957e27.scope
S-cap17-epoch1	amba_case_study_unreal_pb_3_pe_.ltl	amba_case_study_unreal_pb_3_pe_.tlsf	17	TIMEOUT	17.088092710007913	124	true	timeout	none	0	8	17	50384cf69a733199fa17c9c571da1761d8451991	f80ff3f62daaa6e22a6753a3f30a127baab424d0320949bc9957a6ff62ea5ebe	otf_sparse_formula	2026-09-20T11:17:20.078528Z					8G	0			true		acacia-syntcomp26-coverage-253534-c129cbc1389f.scope
S-cap17-epoch1	amba_decomposed_arbiter_pb_7_pe_.ltl	amba_decomposed_arbiter_pb_7_pe_.tlsf	17	TIMEOUT	17.03714593697805	124	true	timeout	status	0	8	18	50384cf69a733199fa17c9c571da1761d8451991	f80ff3f62daaa6e22a6753a3f30a127baab424d0320949bc9957a6ff62ea5ebe	otf_sparse_formula	2026-09-20T11:17:37.127976Z					8G	0			true		acacia-syntcomp26-coverage-253534-c29fc96bddf2.scope
S-cap17-epoch1	amba_decomposed_encode_pb_15_pe_.ltl	amba_decomposed_encode_pb_15_pe_.tlsf	17	REALIZABLE	0.3230595900095068	0	false		status	11	30	19	50384cf69a733199fa17c9c571da1761d8451991	f80ff3f62daaa6e22a6753a3f30a127baab424d0320949bc9957a6ff62ea5ebe	otf_sparse_formula	2026-09-20T11:17:37.464837Z		1.220000	60567552		8G	0			true		acacia-syntcomp26-coverage-253534-b412c5ef74be.scope
S-cap17-epoch1	amba_decomposed_lock_pb_4_pe_.ltl	amba_decomposed_lock_pb_4_pe_.tlsf	17	REALIZABLE	0.019572499993955716	0	false		status	11	30	20	50384cf69a733199fa17c9c571da1761d8451991	f80ff3f62daaa6e22a6753a3f30a127baab424d0320949bc9957a6ff62ea5ebe	otf_sparse_formula	2026-09-20T11:17:37.498965Z		0.010000	19939328	48893952	8G	0			true		acacia-syntcomp26-coverage-253534-8c8ee4c22561.scope
S-cap17-epoch1	arbiter_with_buffer_pb_6_pe_.ltl	arbiter_with_buffer_pb_6_pe_.tlsf	17	TIMEOUT	17.05284222299815	124	true	timeout	none	0	8	21	50384cf69a733199fa17c9c571da1761d8451991	f80ff3f62daaa6e22a6753a3f30a127baab424d0320949bc9957a6ff62ea5ebe	otf_sparse_formula	2026-09-20T11:17:54.563411Z					8G	0			true		acacia-syntcomp26-coverage-253534-9bc0f363b824.scope
S-cap17-epoch1	arbiter_with_buffer_pb_7_pe_.ltl	arbiter_with_buffer_pb_7_pe_.tlsf	17	TIMEOUT	17.189534343022387	124	true	timeout	none	0	8	22	50384cf69a733199fa17c9c571da1761d8451991	f80ff3f62daaa6e22a6753a3f30a127baab424d0320949bc9957a6ff62ea5ebe	otf_sparse_formula	2026-09-20T11:18:11.791758Z					8G	0			true		acacia-syntcomp26-coverage-253534-fcf29fe3166d.scope
S-cap17-epoch1	arbiter_with_cancel_pb_9_pe_.ltl	arbiter_with_cancel_pb_9_pe_.tlsf	17	TIMEOUT	17.093165978003526	124	true	timeout	none	0	8	23	50384cf69a733199fa17c9c571da1761d8451991	f80ff3f62daaa6e22a6753a3f30a127baab424d0320949bc9957a6ff62ea5ebe	otf_sparse_formula	2026-09-20T11:18:28.925080Z					8G	0			true		acacia-syntcomp26-coverage-253534-d50ca793d270.scope
S-cap17-epoch1	chain-simple-param-70-real.ltl	chain-simple-param-70-real.tlsf	17	REALIZABLE	1.1408994320081547	0	false		none	11	30	24	50384cf69a733199fa17c9c571da1761d8451991	f80ff3f62daaa6e22a6753a3f30a127baab424d0320949bc9957a6ff62ea5ebe	otf_sparse_formula	2026-09-20T11:18:30.080859Z		4.410000	85610496		8G	0			true		acacia-syntcomp26-coverage-253534-139beb07e6e0.scope
S-cap17-epoch1	collector_v1_pb_14_pe_.ltl	collector_v1_pb_14_pe_.tlsf	17	TIMEOUT	17.09297202900052	124	true	timeout	none	0	8	25	50384cf69a733199fa17c9c571da1761d8451991	f80ff3f62daaa6e22a6753a3f30a127baab424d0320949bc9957a6ff62ea5ebe	otf_sparse_formula	2026-09-20T11:18:47.194076Z					8G	0			true		acacia-syntcomp26-coverage-253534-00171fcef3f1.scope
S-cap17-epoch1	collector_v2_pb_13_pe_.ltl	collector_v2_pb_13_pe_.tlsf	17	REALIZABLE	2.0835279200109653	0	false		none	11	31	26	50384cf69a733199fa17c9c571da1761d8451991	f80ff3f62daaa6e22a6753a3f30a127baab424d0320949bc9957a6ff62ea5ebe	otf_sparse_formula	2026-09-20T11:18:49.291223Z		8.190000	160452608		8G	0			true		acacia-syntcomp26-coverage-253534-69c49b9275f1.scope
S-cap17-epoch1	full_arbiter_enc_pb_8_pe_.ltl	full_arbiter_enc_pb_8_pe_.tlsf	17	TIMEOUT	17.03680313899531	124	true	timeout	none	0	8	27	50384cf69a733199fa17c9c571da1761d8451991	f80ff3f62daaa6e22a6753a3f30a127baab424d0320949bc9957a6ff62ea5ebe	otf_sparse_formula	2026-09-20T11:19:06.340195Z					8G	0			true		acacia-syntcomp26-coverage-253534-cc8ed7d79e6c.scope
S-cap17-epoch1	full_arbiter_unreal1_pb_2_16_pe_.ltl	full_arbiter_unreal1_pb_2_16_pe_.tlsf	17	UNREALIZABLE	0.02275430501322262	1	false		status	13	30	28	50384cf69a733199fa17c9c571da1761d8451991	f80ff3f62daaa6e22a6753a3f30a127baab424d0320949bc9957a6ff62ea5ebe	otf_sparse_formula	2026-09-20T11:19:06.386291Z		0.020000	15507456		8G	0			true		acacia-syntcomp26-coverage-253534-70ebf45e0f45.scope
S-cap17-epoch1	full_arbiter_unreal1_pb_2_26_pe_.ltl	full_arbiter_unreal1_pb_2_26_pe_.tlsf	17	UNREALIZABLE	0.03085496000130661	1	false		status	13	30	29	50384cf69a733199fa17c9c571da1761d8451991	f80ff3f62daaa6e22a6753a3f30a127baab424d0320949bc9957a6ff62ea5ebe	otf_sparse_formula	2026-09-20T11:19:06.442384Z		0.020000	15532032		8G	0			true		acacia-syntcomp26-coverage-253534-0991834cc205.scope
S-cap17-epoch1	full_arbiter_unreal1_pb_2_4_pe_.ltl	full_arbiter_unreal1_pb_2_4_pe_.tlsf	17	UNREALIZABLE	0.03659424700890668	1	false		status	13	30	30	50384cf69a733199fa17c9c571da1761d8451991	f80ff3f62daaa6e22a6753a3f30a127baab424d0320949bc9957a6ff62ea5ebe	otf_sparse_formula	2026-09-20T11:19:06.517381Z		0.040000	15474688		8G	0			true		acacia-syntcomp26-coverage-253534-2a0132e85d7c.scope
S-cap17-epoch1	full_arbiter_unreal1_pb_3_2_pe_.ltl	full_arbiter_unreal1_pb_3_2_pe_.tlsf	17	UNREALIZABLE	0.02801797102438286	1	false		status	13	30	31	50384cf69a733199fa17c9c571da1761d8451991	f80ff3f62daaa6e22a6753a3f30a127baab424d0320949bc9957a6ff62ea5ebe	otf_sparse_formula	2026-09-20T11:19:06.571511Z		0.020000	15368192		8G	0			true		acacia-syntcomp26-coverage-253534-5cf47e81d396.scope
S-cap17-epoch1	full_arbiter_unreal1_pb_4_3_pe_.ltl	full_arbiter_unreal1_pb_4_3_pe_.tlsf	17	UNREALIZABLE	0.03526024500024505	1	false		status	13	30	32	50384cf69a733199fa17c9c571da1761d8451991	f80ff3f62daaa6e22a6753a3f30a127baab424d0320949bc9957a6ff62ea5ebe	otf_sparse_formula	2026-09-20T11:19:06.645955Z		0.030000	15466496		8G	0			true		acacia-syntcomp26-coverage-253534-5112db86c139.scope
S-cap17-epoch1	full_arbiter_unreal1_pb_4_6_pe_.ltl	full_arbiter_unreal1_pb_4_6_pe_.tlsf	17	UNREALIZABLE	0.03897793201031163	1	false		none	13	30	33	50384cf69a733199fa17c9c571da1761d8451991	f80ff3f62daaa6e22a6753a3f30a127baab424d0320949bc9957a6ff62ea5ebe	otf_sparse_formula	2026-09-20T11:19:06.723402Z		0.030000	15417344		8G	0			true		acacia-syntcomp26-coverage-253534-479cd956f8e2.scope
S-cap17-epoch1	full_arbiter_unreal2_pb_6_pe_.ltl	full_arbiter_unreal2_pb_6_pe_.tlsf	17	UNREALIZABLE	0.036322961997939274	1	false		none	13	30	34	50384cf69a733199fa17c9c571da1761d8451991	f80ff3f62daaa6e22a6753a3f30a127baab424d0320949bc9957a6ff62ea5ebe	otf_sparse_formula	2026-09-20T11:19:06.798668Z		0.030000	15503360		8G	0			true		acacia-syntcomp26-coverage-253534-56ff44f2de0e.scope
S-cap17-epoch1	g-unreal-112.ltl	g-unreal-112.tlsf	17	UNREALIZABLE	7.19875430301181	1	false		none	13	32	35	50384cf69a733199fa17c9c571da1761d8451991	f80ff3f62daaa6e22a6753a3f30a127baab424d0320949bc9957a6ff62ea5ebe	otf_sparse_formula	2026-09-20T11:19:14.011737Z		15.560000	451772416		8G	0			true		acacia-syntcomp26-coverage-253534-8c1099bf1ed6.scope
S-cap17-epoch1	g-unreal-37.ltl	g-unreal-37.tlsf	17	UNREALIZABLE	1.9180570040189195	1	false		none	13	31	36	50384cf69a733199fa17c9c571da1761d8451991	f80ff3f62daaa6e22a6753a3f30a127baab424d0320949bc9957a6ff62ea5ebe	otf_sparse_formula	2026-09-20T11:19:15.943011Z		7.530000	208093184		8G	0			true		acacia-syntcomp26-coverage-253534-2fc935f7a5af.scope
S-cap17-epoch1	gf-unreal15.ltl	gf-unreal15.tlsf	17	UNREALIZABLE	0.02760820699040778	1	false		none	13	30	37	50384cf69a733199fa17c9c571da1761d8451991	f80ff3f62daaa6e22a6753a3f30a127baab424d0320949bc9957a6ff62ea5ebe	otf_sparse_formula	2026-09-20T11:19:15.994930Z		0.030000	18214912		8G	0			true		acacia-syntcomp26-coverage-253534-8c73687b23ea.scope
S-cap17-epoch1	heim-double-x7.ltl	heim-double-x7.tlsf	17	UNREALIZABLE	0.41769062299863435	1	false		none	13	30	38	50384cf69a733199fa17c9c571da1761d8451991	f80ff3f62daaa6e22a6753a3f30a127baab424d0320949bc9957a6ff62ea5ebe	otf_sparse_formula	2026-09-20T11:19:16.425977Z		1.560000	43352064		8G	0			true		acacia-syntcomp26-coverage-253534-eedda9c16450.scope
S-cap17-epoch1	infinite-race-u4.ltl	infinite-race-u4.tlsf	17	UNREALIZABLE	0.10779872298007831	1	false		none	13	30	39	50384cf69a733199fa17c9c571da1761d8451991	f80ff3f62daaa6e22a6753a3f30a127baab424d0320949bc9957a6ff62ea5ebe	otf_sparse_formula	2026-09-20T11:19:16.553135Z		0.350000	23748608		8G	0			true		acacia-syntcomp26-coverage-253534-27d31d1911d3.scope
S-cap17-epoch1	infinite-race-unequal-1-real.ltl	infinite-race-unequal-1-real.tlsf	17	REALIZABLE	0.14619163802126423	0	false		none	11	30	40	50384cf69a733199fa17c9c571da1761d8451991	f80ff3f62daaa6e22a6753a3f30a127baab424d0320949bc9957a6ff62ea5ebe	otf_sparse_formula	2026-09-20T11:19:16.713471Z		0.510000	29675520		8G	0			true		acacia-syntcomp26-coverage-253534-74c3373c2a5f.scope
S-cap17-epoch1	lift_pb_6_pe_.ltl	lift_pb_6_pe_.tlsf	17	TIMEOUT	17.135273628984578	124	true	timeout	none	0	8	41	50384cf69a733199fa17c9c571da1761d8451991	f80ff3f62daaa6e22a6753a3f30a127baab424d0320949bc9957a6ff62ea5ebe	otf_sparse_formula	2026-09-20T11:19:33.861007Z					8G	0			true		acacia-syntcomp26-coverage-253534-012ab00f7779.scope
S-cap17-epoch1	load_balancer_pb_10_pe_.ltl	load_balancer_pb_10_pe_.tlsf	17	TIMEOUT	17.085384757985594	124	true	timeout	none	0	8	42	50384cf69a733199fa17c9c571da1761d8451991	f80ff3f62daaa6e22a6753a3f30a127baab424d0320949bc9957a6ff62ea5ebe	otf_sparse_formula	2026-09-20T11:19:50.958863Z					8G	0			true		acacia-syntcomp26-coverage-253534-c84bd7b8606d.scope
S-cap17-epoch1	load_balancer_unreal1_pb_3_12_pe_.ltl	load_balancer_unreal1_pb_3_12_pe_.tlsf	17	UNREALIZABLE	0.6154519529954996	1	false		status	13	30	43	50384cf69a733199fa17c9c571da1761d8451991	f80ff3f62daaa6e22a6753a3f30a127baab424d0320949bc9957a6ff62ea5ebe	otf_sparse_formula	2026-09-20T11:19:51.588258Z		1.860000	73805824		8G	0			true		acacia-syntcomp26-coverage-253534-371fd86257e5.scope
S-cap17-epoch1	ltl2dba03.ltl	ltl2dba03.tlsf	17	REALIZABLE	0.02805528399767354	0	false		status	11	30	44	50384cf69a733199fa17c9c571da1761d8451991	f80ff3f62daaa6e22a6753a3f30a127baab424d0320949bc9957a6ff62ea5ebe	otf_sparse_formula	2026-09-20T11:19:51.630761Z		0.010000	15290368	40583168	8G	0			true		acacia-syntcomp26-coverage-253534-2b23b234696a.scope
S-cap17-epoch1	ltl2dba15.ltl	ltl2dba15.tlsf	17	REALIZABLE	0.02101523199235089	0	false		status	11	30	45	50384cf69a733199fa17c9c571da1761d8451991	f80ff3f62daaa6e22a6753a3f30a127baab424d0320949bc9957a6ff62ea5ebe	otf_sparse_formula	2026-09-20T11:19:51.666977Z		0.010000	15380480	42942464	8G	0			true		acacia-syntcomp26-coverage-253534-13915707d0be.scope
S-cap17-epoch1	ltl2dba_C2_pb_80_pe_.ltl	ltl2dba_C2_pb_80_pe_.tlsf	17	REALIZABLE	0.016169198002899066	0	false		none	11	30	46	50384cf69a733199fa17c9c571da1761d8451991	f80ff3f62daaa6e22a6753a3f30a127baab424d0320949bc9957a6ff62ea5ebe	otf_sparse_formula	2026-09-20T11:19:51.695314Z		0.010000	16371712	43098112	8G	0			true		acacia-syntcomp26-coverage-253534-b4ebb39c2ce2.scope
S-cap17-epoch1	ltl2dba_C2_unreal_pb_13_pe_.ltl	ltl2dba_C2_unreal_pb_13_pe_.tlsf	17	UNREALIZABLE	1.2211529689957388	1	false		status	13	30	47	50384cf69a733199fa17c9c571da1761d8451991	f80ff3f62daaa6e22a6753a3f30a127baab424d0320949bc9957a6ff62ea5ebe	otf_sparse_formula	2026-09-20T11:19:52.929023Z		4.780000	97787904		8G	0			true		acacia-syntcomp26-coverage-253534-21a5408ed5b5.scope
S-cap17-epoch1	ltl2dba_E_pb_5_pe_.ltl	ltl2dba_E_pb_5_pe_.tlsf	17	REALIZABLE	0.020558826014166698	0	false		status	11	30	48	50384cf69a733199fa17c9c571da1761d8451991	f80ff3f62daaa6e22a6753a3f30a127baab424d0320949bc9957a6ff62ea5ebe	otf_sparse_formula	2026-09-20T11:19:52.974465Z		0.010000	15339520		8G	0			true		acacia-syntcomp26-coverage-253534-43c633aec306.scope
S-cap17-epoch1	ltl2dba_Q_pb_12_pe_.ltl	ltl2dba_Q_pb_12_pe_.tlsf	17	REALIZABLE	0.027555075997952372	0	false		none	11	30	49	50384cf69a733199fa17c9c571da1761d8451991	f80ff3f62daaa6e22a6753a3f30a127baab424d0320949bc9957a6ff62ea5ebe	otf_sparse_formula	2026-09-20T11:19:53.041251Z		0.030000	15351808		8G	0			true		acacia-syntcomp26-coverage-253534-488aa3bfa077.scope
S-cap17-epoch1	ltl2dba_R_pb_8_pe_.ltl	ltl2dba_R_pb_8_pe_.tlsf	17	TIMEOUT	17.037935278000077	124	true	timeout	status	0	8	50	50384cf69a733199fa17c9c571da1761d8451991	f80ff3f62daaa6e22a6753a3f30a127baab424d0320949bc9957a6ff62ea5ebe	otf_sparse_formula	2026-09-20T11:20:10.091819Z					8G	0			true		acacia-syntcomp26-coverage-253534-c775fd3dc3f1.scope
S-cap17-epoch1	mux_pb_200_pe_.ltl	mux_pb_200_pe_.tlsf	17	REALIZABLE	0.03280725501826964	0	false		none	11	30	51	50384cf69a733199fa17c9c571da1761d8451991	f80ff3f62daaa6e22a6753a3f30a127baab424d0320949bc9957a6ff62ea5ebe	otf_sparse_formula	2026-09-20T11:20:10.139012Z		0.040000	18366464		8G	0			true		acacia-syntcomp26-coverage-253534-9ce3b7147acb.scope
S-cap17-epoch1	patrolling-alarm1.ltl	patrolling-alarm1.tlsf	17	UNREALIZABLE	0.029081392014632	1	false		none	13	30	52	50384cf69a733199fa17c9c571da1761d8451991	f80ff3f62daaa6e22a6753a3f30a127baab424d0320949bc9957a6ff62ea5ebe	otf_sparse_formula	2026-09-20T11:20:10.180875Z		0.050000	21114880		8G	0			true		acacia-syntcomp26-coverage-253534-b89ba816e534.scope
S-cap17-epoch1	patrolling-alarm25.ltl	patrolling-alarm25.tlsf	17	UNREALIZABLE	0.7450534999952652	1	false		none	13	31	53	50384cf69a733199fa17c9c571da1761d8451991	f80ff3f62daaa6e22a6753a3f30a127baab424d0320949bc9957a6ff62ea5ebe	otf_sparse_formula	2026-09-20T11:20:10.939265Z		2.870000	129851392		8G	0			true		acacia-syntcomp26-coverage-253534-8f2261f7e6ee.scope
S-cap17-epoch1	patrolling-alarm6.ltl	patrolling-alarm6.tlsf	17	UNREALIZABLE	0.06541293501504697	1	false		none	13	30	54	50384cf69a733199fa17c9c571da1761d8451991	f80ff3f62daaa6e22a6753a3f30a127baab424d0320949bc9957a6ff62ea5ebe	otf_sparse_formula	2026-09-20T11:20:11.018810Z		0.180000	22392832		8G	0			true		acacia-syntcomp26-coverage-253534-3a9f581836d4.scope
S-cap17-epoch1	patrolling25.ltl	patrolling25.tlsf	17	UNREALIZABLE	0.753513571980875	1	false		none	13	31	55	50384cf69a733199fa17c9c571da1761d8451991	f80ff3f62daaa6e22a6753a3f30a127baab424d0320949bc9957a6ff62ea5ebe	otf_sparse_formula	2026-09-20T11:20:11.786218Z		2.860000	135249920		8G	0			true		acacia-syntcomp26-coverage-253534-0813b51a60de.scope
S-cap17-epoch1	prioritized_arbiter_unreal1_pb_2_8_pe_.ltl	prioritized_arbiter_unreal1_pb_2_8_pe_.tlsf	17	UNREALIZABLE	0.017369504988892004	1	false		status	13	30	56	50384cf69a733199fa17c9c571da1761d8451991	f80ff3f62daaa6e22a6753a3f30a127baab424d0320949bc9957a6ff62ea5ebe	otf_sparse_formula	2026-09-20T11:20:11.817233Z		0.010000	18530304		8G	0			true		acacia-syntcomp26-coverage-253534-7b0cdf7a89f8.scope
S-cap17-epoch1	prioritized_arbiter_unreal1_pb_3_12_pe_.ltl	prioritized_arbiter_unreal1_pb_3_12_pe_.tlsf	17	UNREALIZABLE	0.028356533992337063	1	false		status	13	30	57	50384cf69a733199fa17c9c571da1761d8451991	f80ff3f62daaa6e22a6753a3f30a127baab424d0320949bc9957a6ff62ea5ebe	otf_sparse_formula	2026-09-20T11:20:11.869640Z		0.040000	18653184		8G	0			true		acacia-syntcomp26-coverage-253534-5d05d439debb.scope
S-cap17-epoch1	prioritized_arbiter_unreal1_pb_3_2_pe_.ltl	prioritized_arbiter_unreal1_pb_3_2_pe_.tlsf	17	UNREALIZABLE	0.03350009300629608	1	false		status	13	30	58	50384cf69a733199fa17c9c571da1761d8451991	f80ff3f62daaa6e22a6753a3f30a127baab424d0320949bc9957a6ff62ea5ebe	otf_sparse_formula	2026-09-20T11:20:11.931932Z		0.040000	18612224		8G	0			true		acacia-syntcomp26-coverage-253534-11e6210afb8f.scope
S-cap17-epoch1	prioritized_arbiter_unreal1_pb_5_4_pe_.ltl	prioritized_arbiter_unreal1_pb_5_4_pe_.tlsf	17	UNREALIZABLE	0.03338288300437853	1	false		status	13	30	59	50384cf69a733199fa17c9c571da1761d8451991	f80ff3f62daaa6e22a6753a3f30a127baab424d0320949bc9957a6ff62ea5ebe	otf_sparse_formula	2026-09-20T11:20:11.991345Z		0.050000	18841600		8G	0			true		acacia-syntcomp26-coverage-253534-425f9760b3cf.scope
S-cap17-epoch1	robot-resource-2d8.ltl	robot-resource-2d8.tlsf	17	UNREALIZABLE	1.2763015810051002	1	false		none	13	30	60	50384cf69a733199fa17c9c571da1761d8451991	f80ff3f62daaa6e22a6753a3f30a127baab424d0320949bc9957a6ff62ea5ebe	otf_sparse_formula	2026-09-20T11:20:13.281133Z		4.960000	44429312		8G	0			true		acacia-syntcomp26-coverage-253534-1e90e77f670a.scope
S-cap17-epoch1	robot-to-target-charging-real.ltl	robot-to-target-charging-real.tlsf	17	TIMEOUT	17.091137494018767	124	true	timeout	none	0	8	61	50384cf69a733199fa17c9c571da1761d8451991	f80ff3f62daaa6e22a6753a3f30a127baab424d0320949bc9957a6ff62ea5ebe	otf_sparse_formula	2026-09-20T11:20:30.405367Z					8G	0			true		acacia-syntcomp26-coverage-253534-207d85f9969c.scope
S-cap17-epoch1	robot-to-target-charging10.ltl	robot-to-target-charging10.tlsf	17	TIMEOUT	17.053750219987705	124	true	timeout	none	0	8	62	50384cf69a733199fa17c9c571da1761d8451991	f80ff3f62daaa6e22a6753a3f30a127baab424d0320949bc9957a6ff62ea5ebe	otf_sparse_formula	2026-09-20T11:20:47.473319Z					8G	0			true		acacia-syntcomp26-coverage-253534-c3879699eb0f.scope
S-cap17-epoch1	robot-to-target-charging23.ltl	robot-to-target-charging23.tlsf	17	TIMEOUT	17.0946083170129	124	true	timeout	none	0	8	63	50384cf69a733199fa17c9c571da1761d8451991	f80ff3f62daaa6e22a6753a3f30a127baab424d0320949bc9957a6ff62ea5ebe	otf_sparse_formula	2026-09-20T11:21:04.611192Z					8G	0			true		acacia-syntcomp26-coverage-253534-7ccd0a9c9ed2.scope
S-cap17-epoch1	robot-to-target-charging25.ltl	robot-to-target-charging25.tlsf	17	TIMEOUT	17.088935881009093	124	true	timeout	none	0	8	64	50384cf69a733199fa17c9c571da1761d8451991	f80ff3f62daaa6e22a6753a3f30a127baab424d0320949bc9957a6ff62ea5ebe	otf_sparse_formula	2026-09-20T11:21:21.736955Z					8G	0			true		acacia-syntcomp26-coverage-253534-143c3f69c71c.scope
S-cap17-epoch1	round_robin_arbiter_pb_10_pe_.ltl	round_robin_arbiter_pb_10_pe_.tlsf	17	TIMEOUT	17.089938404998975	124	true	timeout	none	0	8	65	50384cf69a733199fa17c9c571da1761d8451991	f80ff3f62daaa6e22a6753a3f30a127baab424d0320949bc9957a6ff62ea5ebe	otf_sparse_formula	2026-09-20T11:21:38.850989Z					8G	0			true		acacia-syntcomp26-coverage-253534-aac8e32a9008.scope
S-cap17-epoch1	round_robin_arbiter_unreal1_pb_2_12_pe_.ltl	round_robin_arbiter_unreal1_pb_2_12_pe_.tlsf	17	UNREALIZABLE	0.14269049500580877	1	false		status	13	30	66	50384cf69a733199fa17c9c571da1761d8451991	f80ff3f62daaa6e22a6753a3f30a127baab424d0320949bc9957a6ff62ea5ebe	otf_sparse_formula	2026-09-20T11:21:39.007755Z		0.480000	36392960		8G	0			true		acacia-syntcomp26-coverage-253534-2f766efe9488.scope
S-cap17-epoch1	round_robin_arbiter_unreal1_pb_4_6_pe_.ltl	round_robin_arbiter_unreal1_pb_4_6_pe_.tlsf	17	TIMEOUT	17.19417889000033	124	true	timeout	status	0	8	67	50384cf69a733199fa17c9c571da1761d8451991	f80ff3f62daaa6e22a6753a3f30a127baab424d0320949bc9957a6ff62ea5ebe	otf_sparse_formula	2026-09-20T11:21:56.232995Z					8G	0			true		acacia-syntcomp26-coverage-253534-41224a493379.scope
S-cap17-epoch1	round_robin_arbiter_unreal2_pb_7_pe_.ltl	round_robin_arbiter_unreal2_pb_7_pe_.tlsf	17	TIMEOUT	17.091101130994502	124	true	timeout	none	0	8	68	50384cf69a733199fa17c9c571da1761d8451991	f80ff3f62daaa6e22a6753a3f30a127baab424d0320949bc9957a6ff62ea5ebe	otf_sparse_formula	2026-09-20T11:22:13.349782Z					8G	0			true		acacia-syntcomp26-coverage-253534-f318f2012b5c.scope
S-cap17-epoch1	simple_arbiter_enc_pb_14_pe_.ltl	simple_arbiter_enc_pb_14_pe_.tlsf	17	TIMEOUT	17.053229379991535	124	true	timeout	none	0	8	69	50384cf69a733199fa17c9c571da1761d8451991	f80ff3f62daaa6e22a6753a3f30a127baab424d0320949bc9957a6ff62ea5ebe	otf_sparse_formula	2026-09-20T11:22:30.415788Z					8G	0			true		acacia-syntcomp26-coverage-253534-38236d38b2da.scope
S-cap17-epoch1	simple_arbiter_unreal1_pb_16_2_pe_.ltl	simple_arbiter_unreal1_pb_16_2_pe_.tlsf	17	UNREALIZABLE	0.030903909995686263	1	false		status	13	30	70	50384cf69a733199fa17c9c571da1761d8451991	f80ff3f62daaa6e22a6753a3f30a127baab424d0320949bc9957a6ff62ea5ebe	otf_sparse_formula	2026-09-20T11:22:30.469646Z		0.030000	15491072		8G	0			true		acacia-syntcomp26-coverage-253534-bb69ef91ae4e.scope
S-cap17-epoch1	simple_arbiter_unreal1_pb_2_8_pe_.ltl	simple_arbiter_unreal1_pb_2_8_pe_.tlsf	17	UNREALIZABLE	0.03328790600062348	1	false		status	13	30	71	50384cf69a733199fa17c9c571da1761d8451991	f80ff3f62daaa6e22a6753a3f30a127baab424d0320949bc9957a6ff62ea5ebe	otf_sparse_formula	2026-09-20T11:22:30.542250Z		0.040000	15335424		8G	0			true		acacia-syntcomp26-coverage-253534-c9f46ebc5898.scope
S-cap17-epoch1	simple_arbiter_unreal1_pb_3_3_pe_.ltl	simple_arbiter_unreal1_pb_3_3_pe_.tlsf	17	UNREALIZABLE	0.03219561098376289	1	false		status	13	30	72	50384cf69a733199fa17c9c571da1761d8451991	f80ff3f62daaa6e22a6753a3f30a127baab424d0320949bc9957a6ff62ea5ebe	otf_sparse_formula	2026-09-20T11:22:30.614508Z		0.030000	15339520		8G	0			true		acacia-syntcomp26-coverage-253534-371fa1a9c368.scope
S-cap17-epoch1	simple_arbiter_unreal1_pb_3_9_pe_.ltl	simple_arbiter_unreal1_pb_3_9_pe_.tlsf	17	UNREALIZABLE	0.02561494501424022	1	false		status	13	30	73	50384cf69a733199fa17c9c571da1761d8451991	f80ff3f62daaa6e22a6753a3f30a127baab424d0320949bc9957a6ff62ea5ebe	otf_sparse_formula	2026-09-20T11:22:30.668589Z		0.020000	15306752		8G	0			true		acacia-syntcomp26-coverage-253534-ee9928fd03aa.scope
S-cap17-epoch1	simple_arbiter_unreal1_pb_4_2_pe_.ltl	simple_arbiter_unreal1_pb_4_2_pe_.tlsf	17	UNREALIZABLE	0.033846580976387486	1	false		status	13	30	74	50384cf69a733199fa17c9c571da1761d8451991	f80ff3f62daaa6e22a6753a3f30a127baab424d0320949bc9957a6ff62ea5ebe	otf_sparse_formula	2026-09-20T11:22:30.731406Z		0.030000	15368192		8G	0			true		acacia-syntcomp26-coverage-253534-5469d012d2ff.scope
S-cap17-epoch1	simple_arbiter_with_hints_pb_2_pe_.ltl	simple_arbiter_with_hints_pb_2_pe_.tlsf	17	REALIZABLE	0.03515529300784692	0	false		none	11	30	75	50384cf69a733199fa17c9c571da1761d8451991	f80ff3f62daaa6e22a6753a3f30a127baab424d0320949bc9957a6ff62ea5ebe	otf_sparse_formula	2026-09-20T11:22:30.803838Z		0.040000	18321408		8G	0			true		acacia-syntcomp26-coverage-253534-1a65a11f5f6f.scope
S-cap17-epoch1	solitary-real.ltl	solitary-real.tlsf	17	REALIZABLE	0.04603383000358008	0	false		none	11	30	76	50384cf69a733199fa17c9c571da1761d8451991	f80ff3f62daaa6e22a6753a3f30a127baab424d0320949bc9957a6ff62ea5ebe	otf_sparse_formula	2026-09-20T11:22:30.864407Z		0.080000	20389888		8G	0			true		acacia-syntcomp26-coverage-253534-2786bed65ce6.scope
S-cap17-epoch1	square5x51.ltl	square5x51.tlsf	17	UNREALIZABLE	1.2343481540156063	1	false		none	13	31	77	50384cf69a733199fa17c9c571da1761d8451991	f80ff3f62daaa6e22a6753a3f30a127baab424d0320949bc9957a6ff62ea5ebe	otf_sparse_formula	2026-09-20T11:22:32.112491Z		4.800000	149606400		8G	0			true		acacia-syntcomp26-coverage-253534-fb59f1ff4059.scope
S-cap17-epoch1	taxi-service-real.ltl	taxi-service-real.tlsf	17	TIMEOUT	17.136089857987827	124	true	timeout	none	0	8	78	50384cf69a733199fa17c9c571da1761d8451991	f80ff3f62daaa6e22a6753a3f30a127baab424d0320949bc9957a6ff62ea5ebe	otf_sparse_formula	2026-09-20T11:22:49.269243Z					8G	0			true		acacia-syntcomp26-coverage-253534-3d981182e791.scope
S-cap17-epoch1	AlarmMin_efe2feaf.ltl	AlarmMin_efe2feaf.tlsf	17	REALIZABLE	0.019101093988865614	0	false		status	11	30	0	50384cf69a733199fa17c9c571da1761d8451991	f80ff3f62daaa6e22a6753a3f30a127baab424d0320949bc9957a6ff62ea5ebe	otf_sparse_formula	2026-09-20T11:35:05.203561Z		0.010000	17932288		8G	0			true		acacia-syntcomp26-coverage-256488-81b9f5fdcada.scope
S-cap17-epoch1	Alarm_68c86764.ltl	Alarm_68c86764.tlsf	17	REALIZABLE	1.7169270610029344	0	false		status	11	31	1	50384cf69a733199fa17c9c571da1761d8451991	f80ff3f62daaa6e22a6753a3f30a127baab424d0320949bc9957a6ff62ea5ebe	otf_sparse_formula	2026-09-20T11:35:06.945054Z		6.710000	167067648		8G	0			true		acacia-syntcomp26-coverage-256488-1c36c008bba1.scope
S-cap17-epoch1	Alarm_9cac58d3.ltl	Alarm_9cac58d3.tlsf	17	REALIZABLE	0.018802606995450333	0	false		status	11	30	2	50384cf69a733199fa17c9c571da1761d8451991	f80ff3f62daaa6e22a6753a3f30a127baab424d0320949bc9957a6ff62ea5ebe	otf_sparse_formula	2026-09-20T11:35:06.977413Z		0.010000	19120128	45477888	8G	0			true		acacia-syntcomp26-coverage-256488-6b06edd4aa2f.scope
S-cap17-epoch1	CheckWindows_54e1f7d2.ltl	CheckWindows_54e1f7d2.tlsf	17	UNREALIZABLE	0.021778605005238205	1	false		status	13	30	3	50384cf69a733199fa17c9c571da1761d8451991	f80ff3f62daaa6e22a6753a3f30a127baab424d0320949bc9957a6ff62ea5ebe	otf_sparse_formula	2026-09-20T11:35:07.019965Z		0.010000	16887808		8G	0			true		acacia-syntcomp26-coverage-256488-24c0cca6db62.scope
S-cap17-epoch1	CoffeMachine_974f4a68.ltl	CoffeMachine_974f4a68.tlsf	17	REALIZABLE	0.037420892011141405	0	false		status	11	30	4	50384cf69a733199fa17c9c571da1761d8451991	f80ff3f62daaa6e22a6753a3f30a127baab424d0320949bc9957a6ff62ea5ebe	otf_sparse_formula	2026-09-20T11:35:07.081073Z		0.040000	20123648		8G	0			true		acacia-syntcomp26-coverage-256488-8b3972686b80.scope
S-cap17-epoch1	EscalatorBidirectionalInit.ltl	EscalatorBidirectionalInit.tlsf	17	REALIZABLE	0.03160683700116351	0	false		status	11	30	5	50384cf69a733199fa17c9c571da1761d8451991	f80ff3f62daaa6e22a6753a3f30a127baab424d0320949bc9957a6ff62ea5ebe	otf_sparse_formula	2026-09-20T11:35:07.135984Z		0.050000	20328448		8G	0			true		acacia-syntcomp26-coverage-256488-c35723ea8ade.scope
S-cap17-epoch1	EscalatorSmart.ltl	EscalatorSmart.tlsf	17	REALIZABLE	0.04165290101082064	0	false		status	11	30	6	50384cf69a733199fa17c9c571da1761d8451991	f80ff3f62daaa6e22a6753a3f30a127baab424d0320949bc9957a6ff62ea5ebe	otf_sparse_formula	2026-09-20T11:35:07.190919Z		0.090000	20606976		8G	0			true		acacia-syntcomp26-coverage-256488-0153bc6dcfa2.scope
S-cap17-epoch1	F-G-contradiction-11.ltl	F-G-contradiction-11.tlsf	17	UNREALIZABLE	0.06580275998567231	1	false		none	13	30	7	50384cf69a733199fa17c9c571da1761d8451991	f80ff3f62daaa6e22a6753a3f30a127baab424d0320949bc9957a6ff62ea5ebe	otf_sparse_formula	2026-09-20T11:35:07.270669Z		0.140000	21762048		8G	0			true		acacia-syntcomp26-coverage-256488-968985107b8f.scope
S-cap17-epoch1	Light_d65ed84e.ltl	Light_d65ed84e.tlsf	17	REALIZABLE	0.029607422009576112	0	false		status	11	30	8	50384cf69a733199fa17c9c571da1761d8451991	f80ff3f62daaa6e22a6753a3f30a127baab424d0320949bc9957a6ff62ea5ebe	otf_sparse_formula	2026-09-20T11:35:07.321360Z		0.040000	20369408		8G	0			true		acacia-syntcomp26-coverage-256488-2b1276b08cb3.scope
S-cap17-epoch1	LightsTotal_2c5b09da.ltl	LightsTotal_2c5b09da.tlsf	17	UNREALIZABLE	0.06268628899124451	1	false		status	13	30	9	50384cf69a733199fa17c9c571da1761d8451991	f80ff3f62daaa6e22a6753a3f30a127baab424d0320949bc9957a6ff62ea5ebe	otf_sparse_formula	2026-09-20T11:35:07.397857Z		0.150000	20967424		8G	0			true		acacia-syntcomp26-coverage-256488-4ee76dba761d.scope
S-cap17-epoch1	Morning2_2c5b09da.ltl	Morning2_2c5b09da.tlsf	17	TIMEOUT	17.083239143976243	124	true	timeout	none	0	8	10	50384cf69a733199fa17c9c571da1761d8451991	f80ff3f62daaa6e22a6753a3f30a127baab424d0320949bc9957a6ff62ea5ebe	otf_sparse_formula	2026-09-20T11:35:24.493857Z					8G	0			true		acacia-syntcomp26-coverage-256488-a150955f3820.scope
S-cap17-epoch1	OneCounterGuiA2.ltl	OneCounterGuiA2.tlsf	17	UNREALIZABLE	0.02402791997883469	1	false		status	13	30	11	50384cf69a733199fa17c9c571da1761d8451991	f80ff3f62daaa6e22a6753a3f30a127baab424d0320949bc9957a6ff62ea5ebe	otf_sparse_formula	2026-09-20T11:35:24.532299Z		0.050000	20754432		8G	0			true		acacia-syntcomp26-coverage-256488-08ebe97eaeab.scope
S-cap17-epoch1	ShadesMin_aeb1d897.ltl	ShadesMin_aeb1d897.tlsf	17	REALIZABLE	0.019189324986655265	0	false		status	11	30	12	50384cf69a733199fa17c9c571da1761d8451991	f80ff3f62daaa6e22a6753a3f30a127baab424d0320949bc9957a6ff62ea5ebe	otf_sparse_formula	2026-09-20T11:35:24.563984Z		0.010000	18063360	43237376	8G	0			true		acacia-syntcomp26-coverage-256488-a72ee6ad8ef3.scope
S-cap17-epoch1	Shades_6479ef9a.ltl	Shades_6479ef9a.tlsf	17	REALIZABLE	0.019822410016786307	0	false		status	11	30	13	50384cf69a733199fa17c9c571da1761d8451991	f80ff3f62daaa6e22a6753a3f30a127baab424d0320949bc9957a6ff62ea5ebe	otf_sparse_formula	2026-09-20T11:35:24.605734Z		0.020000	19050496		8G	0			true		acacia-syntcomp26-coverage-256488-3ac7608bab0c.scope
S-cap17-epoch1	amba_decomposed_lock_pb_30_pe_.ltl	amba_decomposed_lock_pb_30_pe_.tlsf	17	TIMEOUT	17.089562809007475	124	true	timeout	status	0	105	14	50384cf69a733199fa17c9c571da1761d8451991	f80ff3f62daaa6e22a6753a3f30a127baab424d0320949bc9957a6ff62ea5ebe	otf_sparse_formula	2026-09-20T11:35:41.720227Z					8G	0			true		acacia-syntcomp26-coverage-256488-52955193004e.scope
S-cap17-epoch1	amba_decomposed_lock_pb_7_pe_.ltl	amba_decomposed_lock_pb_7_pe_.tlsf	17	REALIZABLE	0.04120294700260274	0	false		status	11	30	15	50384cf69a733199fa17c9c571da1761d8451991	f80ff3f62daaa6e22a6753a3f30a127baab424d0320949bc9957a6ff62ea5ebe	otf_sparse_formula	2026-09-20T11:35:41.775233Z		0.060000	20635648		8G	0			true		acacia-syntcomp26-coverage-256488-baa5d61d33d9.scope
S-cap17-epoch1	amba_gr_pb_2_pe_.ltl	amba_gr_pb_2_pe_.tlsf	17	TIMEOUT	17.09106190802413	124	true	timeout	none	0	8	16	50384cf69a733199fa17c9c571da1761d8451991	f80ff3f62daaa6e22a6753a3f30a127baab424d0320949bc9957a6ff62ea5ebe	otf_sparse_formula	2026-09-20T11:35:58.905774Z					8G	0			true		acacia-syntcomp26-coverage-256488-4818bdee2972.scope
S-cap17-epoch1	arbiter_pb_9_pe_.ltl	arbiter_pb_9_pe_.tlsf	17	TIMEOUT	17.085616775992094	124	true	timeout	none	0	8	17	50384cf69a733199fa17c9c571da1761d8451991	f80ff3f62daaa6e22a6753a3f30a127baab424d0320949bc9957a6ff62ea5ebe	otf_sparse_formula	2026-09-20T11:36:16.005038Z					8G	0			true		acacia-syntcomp26-coverage-256488-4821b2818f24.scope
S-cap17-epoch1	chain-5-real.ltl	chain-5-real.tlsf	17	TIMEOUT	17.09168721898459	124	true	timeout	none	0	8	18	50384cf69a733199fa17c9c571da1761d8451991	f80ff3f62daaa6e22a6753a3f30a127baab424d0320949bc9957a6ff62ea5ebe	otf_sparse_formula	2026-09-20T11:36:33.135662Z					8G	0			true		acacia-syntcomp26-coverage-256488-635682a80e4e.scope
S-cap17-epoch1	collector_v2_pb_12_pe_.ltl	collector_v2_pb_12_pe_.tlsf	17	REALIZABLE	0.7681776600074954	0	false		none	11	30	19	50384cf69a733199fa17c9c571da1761d8451991	f80ff3f62daaa6e22a6753a3f30a127baab424d0320949bc9957a6ff62ea5ebe	otf_sparse_formula	2026-09-20T11:36:33.917686Z		2.950000	101523456		8G	0			true		acacia-syntcomp26-coverage-256488-075abefa3b16.scope
S-cap17-epoch1	collector_v2_pb_5_pe_.ltl	collector_v2_pb_5_pe_.tlsf	17	REALIZABLE	0.022940176975680515	0	false		status	11	30	20	50384cf69a733199fa17c9c571da1761d8451991	f80ff3f62daaa6e22a6753a3f30a127baab424d0320949bc9957a6ff62ea5ebe	otf_sparse_formula	2026-09-20T11:36:33.964619Z		0.030000	21098496		8G	0			true		acacia-syntcomp26-coverage-256488-6994d249f7bf.scope
S-cap17-epoch1	finding_nemo_pb_6_pe_.ltl	finding_nemo_pb_6_pe_.tlsf	17	TIMEOUT	17.085889073001454	124	true	timeout	none	0	8	21	50384cf69a733199fa17c9c571da1761d8451991	f80ff3f62daaa6e22a6753a3f30a127baab424d0320949bc9957a6ff62ea5ebe	otf_sparse_formula	2026-09-20T11:36:51.062214Z					8G	0			true		acacia-syntcomp26-coverage-256488-9ace9580c11e.scope
S-cap17-epoch1	full_arbiter_unreal1_pb_3_4_pe_.ltl	full_arbiter_unreal1_pb_3_4_pe_.tlsf	17	UNREALIZABLE	0.023112833994673565	1	false		status	13	30	22	50384cf69a733199fa17c9c571da1761d8451991	f80ff3f62daaa6e22a6753a3f30a127baab424d0320949bc9957a6ff62ea5ebe	otf_sparse_formula	2026-09-20T11:36:51.099138Z		0.010000	15486976	43622400	8G	0			true		acacia-syntcomp26-coverage-256488-740926c9d1be.scope
S-cap17-epoch1	full_arbiter_unreal1_pb_3_8_pe_.ltl	full_arbiter_unreal1_pb_3_8_pe_.tlsf	17	UNREALIZABLE	0.016854509012773633	1	false		status	13	30	23	50384cf69a733199fa17c9c571da1761d8451991	f80ff3f62daaa6e22a6753a3f30a127baab424d0320949bc9957a6ff62ea5ebe	otf_sparse_formula	2026-09-20T11:36:51.128195Z		0.010000	15343616	43479040	8G	0			true		acacia-syntcomp26-coverage-256488-9db219192cae.scope
S-cap17-epoch1	g-unreal-19.ltl	g-unreal-19.tlsf	17	UNREALIZABLE	2.095128162007313	1	false		none	13	31	24	50384cf69a733199fa17c9c571da1761d8451991	f80ff3f62daaa6e22a6753a3f30a127baab424d0320949bc9957a6ff62ea5ebe	otf_sparse_formula	2026-09-20T11:36:53.237325Z		4.940000	194482176		8G	0			true		acacia-syntcomp26-coverage-256488-5e089d5e85ea.scope
S-cap17-epoch1	g-unreal-311.ltl	g-unreal-311.tlsf	17	TIMEOUT	17.052970761986217	124	true	timeout	none	0	8	25	50384cf69a733199fa17c9c571da1761d8451991	f80ff3f62daaa6e22a6753a3f30a127baab424d0320949bc9957a6ff62ea5ebe	otf_sparse_formula	2026-09-20T11:37:10.302867Z					8G	0			true		acacia-syntcomp26-coverage-256488-acfb1be4d8f0.scope
S-cap17-epoch1	g-unreal-313.ltl	g-unreal-313.tlsf	17	TIMEOUT	17.053129403007915	124	true	timeout	none	0	8	26	50384cf69a733199fa17c9c571da1761d8451991	f80ff3f62daaa6e22a6753a3f30a127baab424d0320949bc9957a6ff62ea5ebe	otf_sparse_formula	2026-09-20T11:37:27.370357Z					8G	0			true		acacia-syntcomp26-coverage-256488-994c784b2364.scope
S-cap17-epoch1	gf-unreal23.ltl	gf-unreal23.tlsf	17	UNREALIZABLE	0.02448827400803566	1	false		none	13	30	27	50384cf69a733199fa17c9c571da1761d8451991	f80ff3f62daaa6e22a6753a3f30a127baab424d0320949bc9957a6ff62ea5ebe	otf_sparse_formula	2026-09-20T11:37:27.408305Z		0.030000	18784256		8G	0			true		acacia-syntcomp26-coverage-256488-13817ea50e11.scope
S-cap17-epoch1	infinite-race-u14.ltl	infinite-race-u14.tlsf	17	TIMEOUT	17.13578714299365	124	true	timeout	none	0	8	28	50384cf69a733199fa17c9c571da1761d8451991	f80ff3f62daaa6e22a6753a3f30a127baab424d0320949bc9957a6ff62ea5ebe	otf_sparse_formula	2026-09-20T11:37:44.565791Z					8G	0			true		acacia-syntcomp26-coverage-256488-0db242bd68e3.scope
S-cap17-epoch1	infinite-race-u15.ltl	infinite-race-u15.tlsf	17	TIMEOUT	17.1372322649986	124	true	timeout	none	0	8	29	50384cf69a733199fa17c9c571da1761d8451991	f80ff3f62daaa6e22a6753a3f30a127baab424d0320949bc9957a6ff62ea5ebe	otf_sparse_formula	2026-09-20T11:38:01.723918Z					8G	0			true		acacia-syntcomp26-coverage-256488-8f956471791a.scope
S-cap17-epoch1	infinite-race-u20.ltl	infinite-race-u20.tlsf	17	TIMEOUT	17.135659994004527	124	true	timeout	none	0	8	30	50384cf69a733199fa17c9c571da1761d8451991	f80ff3f62daaa6e22a6753a3f30a127baab424d0320949bc9957a6ff62ea5ebe	otf_sparse_formula	2026-09-20T11:38:18.871789Z					8G	0			true		acacia-syntcomp26-coverage-256488-78b17594325e.scope
S-cap17-epoch1	lilydemo10.ltl	lilydemo10.tlsf	17	REALIZABLE	0.030117171991150826	0	false		status	11	30	31	50384cf69a733199fa17c9c571da1761d8451991	f80ff3f62daaa6e22a6753a3f30a127baab424d0320949bc9957a6ff62ea5ebe	otf_sparse_formula	2026-09-20T11:38:18.915773Z		0.010000	15441920	43470848	8G	0			true		acacia-syntcomp26-coverage-256488-a984ced66b36.scope
S-cap17-epoch1	lilydemo15.ltl	lilydemo15.tlsf	17	REALIZABLE	0.029457366006681696	0	false		exception	11	30	32	50384cf69a733199fa17c9c571da1761d8451991	f80ff3f62daaa6e22a6753a3f30a127baab424d0320949bc9957a6ff62ea5ebe	otf_sparse_formula	2026-09-20T11:38:18.957755Z		0.010000	18358272	42938368	8G	0			true		acacia-syntcomp26-coverage-256488-82320f17f8dc.scope
S-cap17-epoch1	load_balancer_unreal1_pb_4_1_pe_.ltl	load_balancer_unreal1_pb_4_1_pe_.tlsf	17	UNREALIZABLE	0.03217475599376485	1	false		status	13	30	33	50384cf69a733199fa17c9c571da1761d8451991	f80ff3f62daaa6e22a6753a3f30a127baab424d0320949bc9957a6ff62ea5ebe	otf_sparse_formula	2026-09-20T11:38:19.004065Z		0.050000	20824064		8G	0			true		acacia-syntcomp26-coverage-256488-dd2f068fd322.scope
S-cap17-epoch1	load_balancer_unreal1_pb_6_3_pe_.ltl	load_balancer_unreal1_pb_6_3_pe_.tlsf	17	UNREALIZABLE	0.6540291450219229	1	false		status	13	30	34	50384cf69a733199fa17c9c571da1761d8451991	f80ff3f62daaa6e22a6753a3f30a127baab424d0320949bc9957a6ff62ea5ebe	otf_sparse_formula	2026-09-20T11:38:19.676013Z		2.520000	60276736		8G	0			true		acacia-syntcomp26-coverage-256488-db6e5be65970.scope
S-cap17-epoch1	load_balancer_unreal2_pb_6_pe_.ltl	load_balancer_unreal2_pb_6_pe_.tlsf	17	TIMEOUT	17.053011114010587	124	true	timeout	status	0	8	35	50384cf69a733199fa17c9c571da1761d8451991	f80ff3f62daaa6e22a6753a3f30a127baab424d0320949bc9957a6ff62ea5ebe	otf_sparse_formula	2026-09-20T11:38:36.741019Z					8G	0			true		acacia-syntcomp26-coverage-256488-977d81893dd8.scope
S-cap17-epoch1	ltl2dba_C2_pb_50_pe_.ltl	ltl2dba_C2_pb_50_pe_.tlsf	17	REALIZABLE	0.01724390100571327	0	false		status	11	30	36	50384cf69a733199fa17c9c571da1761d8451991	f80ff3f62daaa6e22a6753a3f30a127baab424d0320949bc9957a6ff62ea5ebe	otf_sparse_formula	2026-09-20T11:38:36.771612Z		0.010000	15998976	44056576	8G	0			true		acacia-syntcomp26-coverage-256488-1e5d8cb17242.scope
S-cap17-epoch1	ltl2dba_C2_unreal_pb_10_pe_.ltl	ltl2dba_C2_unreal_pb_10_pe_.tlsf	17	UNREALIZABLE	0.11936462498852052	1	false		status	13	30	37	50384cf69a733199fa17c9c571da1761d8451991	f80ff3f62daaa6e22a6753a3f30a127baab424d0320949bc9957a6ff62ea5ebe	otf_sparse_formula	2026-09-20T11:38:36.909859Z		0.400000	26451968		8G	0			true		acacia-syntcomp26-coverage-256488-918c3ee62d44.scope
S-cap17-epoch1	ltl2dba_E_pb_2_pe_.ltl	ltl2dba_E_pb_2_pe_.tlsf	17	REALIZABLE	0.02521265798714012	0	false		status	11	30	38	50384cf69a733199fa17c9c571da1761d8451991	f80ff3f62daaa6e22a6753a3f30a127baab424d0320949bc9957a6ff62ea5ebe	otf_sparse_formula	2026-09-20T11:38:36.960293Z		0.020000	15400960		8G	0			true		acacia-syntcomp26-coverage-256488-6c77eacd27a5.scope
S-cap17-epoch1	ltl2dba_alpha_pb_2_pe_.ltl	ltl2dba_alpha_pb_2_pe_.tlsf	17	REALIZABLE	0.03482935801730491	0	false		status	11	30	39	50384cf69a733199fa17c9c571da1761d8451991	f80ff3f62daaa6e22a6753a3f30a127baab424d0320949bc9957a6ff62ea5ebe	otf_sparse_formula	2026-09-20T11:38:37.033373Z		0.030000	15519744		8G	0			true		acacia-syntcomp26-coverage-256488-4dd9d9aa75a6.scope
S-cap17-epoch1	ltl2dba_theta_pb_6_pe_.ltl	ltl2dba_theta_pb_6_pe_.tlsf	17	UNREALIZABLE	0.05454420097521506	1	false		status	13	30	40	50384cf69a733199fa17c9c571da1761d8451991	f80ff3f62daaa6e22a6753a3f30a127baab424d0320949bc9957a6ff62ea5ebe	otf_sparse_formula	2026-09-20T11:38:37.100812Z		0.110000	25161728		8G	0			true		acacia-syntcomp26-coverage-256488-ed6734677fbb.scope
S-cap17-epoch1	ltl2dpa05.ltl	ltl2dpa05.tlsf	17	REALIZABLE	0.020171327982097864	0	false		status	11	30	41	50384cf69a733199fa17c9c571da1761d8451991	f80ff3f62daaa6e22a6753a3f30a127baab424d0320949bc9957a6ff62ea5ebe	otf_sparse_formula	2026-09-20T11:38:37.144534Z		0.020000	15659008		8G	0			true		acacia-syntcomp26-coverage-256488-a50fa1c66ff5.scope
S-cap17-epoch1	ltl2dpa06.ltl	ltl2dpa06.tlsf	17	REALIZABLE	0.029735774995060638	0	false		status	11	30	42	50384cf69a733199fa17c9c571da1761d8451991	f80ff3f62daaa6e22a6753a3f30a127baab424d0320949bc9957a6ff62ea5ebe	otf_sparse_formula	2026-09-20T11:38:37.212585Z		0.030000	15626240		8G	0			true		acacia-syntcomp26-coverage-256488-85bd23ad9980.scope
S-cap17-epoch1	ltl2dpa20.ltl	ltl2dpa20.tlsf	17	REALIZABLE	0.04843946799519472	0	false		status	11	30	43	50384cf69a733199fa17c9c571da1761d8451991	f80ff3f62daaa6e22a6753a3f30a127baab424d0320949bc9957a6ff62ea5ebe	otf_sparse_formula	2026-09-20T11:38:37.295733Z		0.060000	19062784		8G	0			true		acacia-syntcomp26-coverage-256488-196419959300.scope
S-cap17-epoch1	ordered-visits-choice-real.ltl	ordered-visits-choice-real.tlsf	17	REALIZABLE	0.04182916600257158	0	false		none	11	30	44	50384cf69a733199fa17c9c571da1761d8451991	f80ff3f62daaa6e22a6753a3f30a127baab424d0320949bc9957a6ff62ea5ebe	otf_sparse_formula	2026-09-20T11:38:37.352636Z		0.080000	20267008		8G	0			true		acacia-syntcomp26-coverage-256488-c86809c66c11.scope
S-cap17-epoch1	patrolling-alarm20.ltl	patrolling-alarm20.tlsf	17	UNREALIZABLE	0.5436842580093071	1	false		none	13	31	45	50384cf69a733199fa17c9c571da1761d8451991	f80ff3f62daaa6e22a6753a3f30a127baab424d0320949bc9957a6ff62ea5ebe	otf_sparse_formula	2026-09-20T11:38:37.909776Z		2.030000	102789120		8G	0			true		acacia-syntcomp26-coverage-256488-790b59a5d740.scope
S-cap17-epoch1	patrolling-alarm7.ltl	patrolling-alarm7.tlsf	17	UNREALIZABLE	0.0862343099724967	1	false		none	13	30	46	50384cf69a733199fa17c9c571da1761d8451991	f80ff3f62daaa6e22a6753a3f30a127baab424d0320949bc9957a6ff62ea5ebe	otf_sparse_formula	2026-09-20T11:38:38.010492Z		0.260000	22781952		8G	0			true		acacia-syntcomp26-coverage-256488-a844d9d0b8ad.scope
S-cap17-epoch1	patrolling18.ltl	patrolling18.tlsf	17	UNREALIZABLE	0.5277153450006153	1	false		none	13	30	47	50384cf69a733199fa17c9c571da1761d8451991	f80ff3f62daaa6e22a6753a3f30a127baab424d0320949bc9957a6ff62ea5ebe	otf_sparse_formula	2026-09-20T11:38:38.553577Z		1.980000	95207424		8G	0			true		acacia-syntcomp26-coverage-256488-9a81158dd4a1.scope
S-cap17-epoch1	prioritized_arbiter_enc_pb_14_pe_.ltl	prioritized_arbiter_enc_pb_14_pe_.tlsf	17	TIMEOUT	17.053152056003455	124	true	timeout	none	0	8	48	50384cf69a733199fa17c9c571da1761d8451991	f80ff3f62daaa6e22a6753a3f30a127baab424d0320949bc9957a6ff62ea5ebe	otf_sparse_formula	2026-09-20T11:38:55.631193Z					8G	0			true		acacia-syntcomp26-coverage-256488-05d519e5a1f4.scope
S-cap17-epoch1	prioritized_arbiter_unreal1_pb_2_1_pe_.ltl	prioritized_arbiter_unreal1_pb_2_1_pe_.tlsf	17	UNREALIZABLE	0.028767985000740737	1	false		status	13	30	49	50384cf69a733199fa17c9c571da1761d8451991	f80ff3f62daaa6e22a6753a3f30a127baab424d0320949bc9957a6ff62ea5ebe	otf_sparse_formula	2026-09-20T11:38:55.681886Z		0.020000	18337792		8G	0			true		acacia-syntcomp26-coverage-256488-7e9615dae0fd.scope
S-cap17-epoch1	prioritized_arbiter_unreal1_pb_2_6_pe_.ltl	prioritized_arbiter_unreal1_pb_2_6_pe_.tlsf	17	UNREALIZABLE	0.029054988001007587	1	false		status	13	30	50	50384cf69a733199fa17c9c571da1761d8451991	f80ff3f62daaa6e22a6753a3f30a127baab424d0320949bc9957a6ff62ea5ebe	otf_sparse_formula	2026-09-20T11:38:55.732990Z		0.030000	18653184		8G	0			true		acacia-syntcomp26-coverage-256488-82dc8f8d8bb6.scope
S-cap17-epoch1	prioritized_arbiter_unreal1_pb_4_15_pe_.ltl	prioritized_arbiter_unreal1_pb_4_15_pe_.tlsf	17	UNREALIZABLE	0.036543664027703926	1	false		status	13	30	51	50384cf69a733199fa17c9c571da1761d8451991	f80ff3f62daaa6e22a6753a3f30a127baab424d0320949bc9957a6ff62ea5ebe	otf_sparse_formula	2026-09-20T11:38:55.797222Z		0.050000	18915328		8G	0			true		acacia-syntcomp26-coverage-256488-ee7e6969ffb0.scope
S-cap17-epoch1	prioritized_arbiter_unreal2_pb_60_pe_.ltl	prioritized_arbiter_unreal2_pb_60_pe_.tlsf	17	TIMEOUT	17.094345054007135	124	true	timeout	none	0	648	52	50384cf69a733199fa17c9c571da1761d8451991	f80ff3f62daaa6e22a6753a3f30a127baab424d0320949bc9957a6ff62ea5ebe	otf_sparse_formula	2026-09-20T11:39:12.915819Z					8G	0			true		acacia-syntcomp26-coverage-256488-978d877d3364.scope
S-cap17-epoch1	prioritized_arbiter_unreal2_pb_8_pe_.ltl	prioritized_arbiter_unreal2_pb_8_pe_.tlsf	17	UNREALIZABLE	0.035123150009894744	1	false		status	13	30	53	50384cf69a733199fa17c9c571da1761d8451991	f80ff3f62daaa6e22a6753a3f30a127baab424d0320949bc9957a6ff62ea5ebe	otf_sparse_formula	2026-09-20T11:39:12.974362Z		0.040000	19185664		8G	0			true		acacia-syntcomp26-coverage-256488-23f60bf3f248.scope
S-cap17-epoch1	round_robin_arbiter_unreal1_pb_2_15_pe_.ltl	round_robin_arbiter_unreal1_pb_2_15_pe_.tlsf	17	UNREALIZABLE	1.2664185329922475	1	false		status	13	31	54	50384cf69a733199fa17c9c571da1761d8451991	f80ff3f62daaa6e22a6753a3f30a127baab424d0320949bc9957a6ff62ea5ebe	otf_sparse_formula	2026-09-20T11:39:14.255610Z		4.940000	180101120		8G	0			true		acacia-syntcomp26-coverage-256488-ee34e668869c.scope
S-cap17-epoch1	round_robin_arbiter_unreal1_pb_3_11_pe_.ltl	round_robin_arbiter_unreal1_pb_3_11_pe_.tlsf	17	TIMEOUT	17.19493644099566	124	true	timeout	status	0	8	55	50384cf69a733199fa17c9c571da1761d8451991	f80ff3f62daaa6e22a6753a3f30a127baab424d0320949bc9957a6ff62ea5ebe	otf_sparse_formula	2026-09-20T11:39:31.491400Z					8G	0			true		acacia-syntcomp26-coverage-256488-1dc058195f66.scope
S-cap17-epoch1	round_robin_arbiter_unreal1_pb_4_10_pe_.ltl	round_robin_arbiter_unreal1_pb_4_10_pe_.tlsf	17	TIMEOUT	17.193967621016782	124	true	timeout	none	0	8	56	50384cf69a733199fa17c9c571da1761d8451991	f80ff3f62daaa6e22a6753a3f30a127baab424d0320949bc9957a6ff62ea5ebe	otf_sparse_formula	2026-09-20T11:39:48.728589Z					8G	0			true		acacia-syntcomp26-coverage-256488-f190ce8ee81f.scope
S-cap17-epoch1	round_robin_arbiter_unreal1_pb_4_13_pe_.ltl	round_robin_arbiter_unreal1_pb_4_13_pe_.tlsf	17	TIMEOUT	17.195044913009042	124	true	timeout	none	0	8	57	50384cf69a733199fa17c9c571da1761d8451991	f80ff3f62daaa6e22a6753a3f30a127baab424d0320949bc9957a6ff62ea5ebe	otf_sparse_formula	2026-09-20T11:40:05.964377Z					8G	0			true		acacia-syntcomp26-coverage-256488-3b793c5778a6.scope
S-cap17-epoch1	shift_pb_250_pe_.ltl	shift_pb_250_pe_.tlsf	17	REALIZABLE	0.046216297982027754	0	false		none	11	30	58	50384cf69a733199fa17c9c571da1761d8451991	f80ff3f62daaa6e22a6753a3f30a127baab424d0320949bc9957a6ff62ea5ebe	otf_sparse_formula	2026-09-20T11:40:06.034560Z		0.040000	18067456		8G	0			true		acacia-syntcomp26-coverage-256488-3b6a0676e6cb.scope
S-cap17-epoch1	shift_pb_500_pe_.ltl	shift_pb_500_pe_.tlsf	17	REALIZABLE	0.053016663005109876	0	false		none	11	30	59	50384cf69a733199fa17c9c571da1761d8451991	f80ff3f62daaa6e22a6753a3f30a127baab424d0320949bc9957a6ff62ea5ebe	otf_sparse_formula	2026-09-20T11:40:06.110187Z		0.060000	18604032		8G	0			true		acacia-syntcomp26-coverage-256488-8ec040c4a550.scope
S-cap17-epoch1	simple_arbiter_enc_pb_32_pe_.ltl	simple_arbiter_enc_pb_32_pe_.tlsf	17	TIMEOUT	17.03790651599411	124	true	timeout	none	0	8	60	50384cf69a733199fa17c9c571da1761d8451991	f80ff3f62daaa6e22a6753a3f30a127baab424d0320949bc9957a6ff62ea5ebe	otf_sparse_formula	2026-09-20T11:40:23.159839Z					8G	0			true		acacia-syntcomp26-coverage-256488-51e42515371a.scope
S-cap17-epoch1	simple_arbiter_unreal1_pb_3_4_pe_.ltl	simple_arbiter_unreal1_pb_3_4_pe_.tlsf	17	UNREALIZABLE	0.021495658991625533	1	false		status	13	30	61	50384cf69a733199fa17c9c571da1761d8451991	f80ff3f62daaa6e22a6753a3f30a127baab424d0320949bc9957a6ff62ea5ebe	otf_sparse_formula	2026-09-20T11:40:23.196174Z		0.010000	15306752	41316352	8G	0			true		acacia-syntcomp26-coverage-256488-2e3cba154ce1.scope
S-cap17-epoch1	simple_arbiter_unreal1_pb_3_7_pe_.ltl	simple_arbiter_unreal1_pb_3_7_pe_.tlsf	17	UNREALIZABLE	0.01664118599728681	1	false		status	13	30	62	50384cf69a733199fa17c9c571da1761d8451991	f80ff3f62daaa6e22a6753a3f30a127baab424d0320949bc9957a6ff62ea5ebe	otf_sparse_formula	2026-09-20T11:40:23.225769Z		0.010000	15097856	42872832	8G	0			true		acacia-syntcomp26-coverage-256488-5c32888ae802.scope
S-cap17-epoch1	simple_arbiter_unreal1_pb_5_2_pe_.ltl	simple_arbiter_unreal1_pb_5_2_pe_.tlsf	17	UNREALIZABLE	0.0223503690212965	1	false		status	13	30	63	50384cf69a733199fa17c9c571da1761d8451991	f80ff3f62daaa6e22a6753a3f30a127baab424d0320949bc9957a6ff62ea5ebe	otf_sparse_formula	2026-09-20T11:40:23.260414Z		0.010000	15327232	42029056	8G	0			true		acacia-syntcomp26-coverage-256488-fff05aa09748.scope
S-cap17-epoch1	Alarm_06e9cad4.ltl	Alarm_06e9cad4.tlsf	17	REALIZABLE	1.7099631049786694	0	false		status	11	31	0	50384cf69a733199fa17c9c571da1761d8451991	f80ff3f62daaa6e22a6753a3f30a127baab424d0320949bc9957a6ff62ea5ebe	otf_sparse_formula	2026-09-20T11:40:25.070801Z		6.730000	168460288		8G	0			true		acacia-syntcomp26-coverage-258040-535bf25e45fd.scope
S-cap17-epoch1	EscalatorCountingInit.ltl	EscalatorCountingInit.tlsf	17	REALIZABLE	0.0200429719989188	0	false		status	11	30	1	50384cf69a733199fa17c9c571da1761d8451991	f80ff3f62daaa6e22a6753a3f30a127baab424d0320949bc9957a6ff62ea5ebe	otf_sparse_formula	2026-09-20T11:40:25.128709Z		0.010000	20353024		8G	0			true		acacia-syntcomp26-coverage-258040-0f3990080e48.scope
S-cap17-epoch1	FelixSpecFixed2.2.core_fa8592c8.ltl	FelixSpecFixed2.2.core_fa8592c8.tlsf	17	UNREALIZABLE	0.02479372199741192	1	false		status	13	30	2	50384cf69a733199fa17c9c571da1761d8451991	f80ff3f62daaa6e22a6753a3f30a127baab424d0320949bc9957a6ff62ea5ebe	otf_sparse_formula	2026-09-20T11:40:25.165763Z		0.010000	19013632		8G	0			true		acacia-syntcomp26-coverage-258040-d3616fd44ea4.scope
S-cap17-epoch1	KitchenTimerV2.ltl	KitchenTimerV2.tlsf	17	REALIZABLE	0.024620295997010544	0	false		status	11	30	3	50384cf69a733199fa17c9c571da1761d8451991	f80ff3f62daaa6e22a6753a3f30a127baab424d0320949bc9957a6ff62ea5ebe	otf_sparse_formula	2026-09-20T11:40:25.202565Z		0.020000	19161088		8G	0			true		acacia-syntcomp26-coverage-258040-5f938d8f88ea.scope
S-cap17-epoch1	Lights3_2c5b09da.ltl	Lights3_2c5b09da.tlsf	17	REALIZABLE	0.023359815997537225	0	false		status	11	30	4	50384cf69a733199fa17c9c571da1761d8451991	f80ff3f62daaa6e22a6753a3f30a127baab424d0320949bc9957a6ff62ea5ebe	otf_sparse_formula	2026-09-20T11:40:25.239082Z		0.010000	19947520		8G	0			true		acacia-syntcomp26-coverage-258040-5140b04e4051.scope
S-cap17-epoch1	OneCounterGuiA4.ltl	OneCounterGuiA4.tlsf	17	UNREALIZABLE	0.04655907201231457	1	false		status	13	30	5	50384cf69a733199fa17c9c571da1761d8451991	f80ff3f62daaa6e22a6753a3f30a127baab424d0320949bc9957a6ff62ea5ebe	otf_sparse_formula	2026-09-20T11:40:25.298887Z		0.130000	26345472		8G	0			true		acacia-syntcomp26-coverage-258040-369b8d66f6a3.scope
S-cap17-epoch1	OneCounterInRange.ltl	OneCounterInRange.tlsf	17	UNREALIZABLE	0.01646955800242722	1	false		status	13	30	6	50384cf69a733199fa17c9c571da1761d8451991	f80ff3f62daaa6e22a6753a3f30a127baab424d0320949bc9957a6ff62ea5ebe	otf_sparse_formula	2026-09-20T11:40:25.327841Z		0.010000	20115456	47005696	8G	0			true		acacia-syntcomp26-coverage-258040-0a8c74543e77.scope
S-cap17-epoch1	Shades_9cac58d3.ltl	Shades_9cac58d3.tlsf	17	REALIZABLE	0.016999674000544474	0	false		status	11	30	7	50384cf69a733199fa17c9c571da1761d8451991	f80ff3f62daaa6e22a6753a3f30a127baab424d0320949bc9957a6ff62ea5ebe	otf_sparse_formula	2026-09-20T11:40:25.357908Z		0.020000	18874368	45801472	8G	0			true		acacia-syntcomp26-coverage-258040-8e2fd09e0542.scope
S-cap17-epoch1	TorcsSteeringSimple.ltl	TorcsSteeringSimple.tlsf	17	REALIZABLE	0.016144011984579265	0	false		status	11	30	8	50384cf69a733199fa17c9c571da1761d8451991	f80ff3f62daaa6e22a6753a3f30a127baab424d0320949bc9957a6ff62ea5ebe	otf_sparse_formula	2026-09-20T11:40:25.386254Z		0.020000	20201472		8G	0			true		acacia-syntcomp26-coverage-258040-24a724361f1c.scope
S-cap17-epoch1	TwoCounters3.ltl	TwoCounters3.tlsf	17	REALIZABLE	1.5664336780027952	0	false		status	11	31	9	50384cf69a733199fa17c9c571da1761d8451991	f80ff3f62daaa6e22a6753a3f30a127baab424d0320949bc9957a6ff62ea5ebe	otf_sparse_formula	2026-09-20T11:40:26.965250Z		4.980000	180404224		8G	0			true		acacia-syntcomp26-coverage-258040-54cf36e6142d.scope
S-cap17-epoch1	TwoCountersDisButA7.ltl	TwoCountersDisButA7.tlsf	17	UNREALIZABLE	0.16463941900292411	1	false		status	13	30	10	50384cf69a733199fa17c9c571da1761d8451991	f80ff3f62daaa6e22a6753a3f30a127baab424d0320949bc9957a6ff62ea5ebe	otf_sparse_formula	2026-09-20T11:40:27.145189Z		0.550000	30052352		8G	0			true		acacia-syntcomp26-coverage-258040-0d82ae39be14.scope
S-cap17-epoch1	Window_42dc4fff.ltl	Window_42dc4fff.tlsf	17	REALIZABLE	0.01807349201408215	0	false		status	11	30	11	50384cf69a733199fa17c9c571da1761d8451991	f80ff3f62daaa6e22a6753a3f30a127baab424d0320949bc9957a6ff62ea5ebe	otf_sparse_formula	2026-09-20T11:40:27.176504Z		0.020000	19918848		8G	0			true		acacia-syntcomp26-coverage-258040-9d7822539601.scope
S-cap17-epoch1	amba_gr+_pb_2_pe_.ltl	amba_gr+_pb_2_pe_.tlsf	17	TIMEOUT	17.09218185400823	124	true	timeout	none	0	8	12	50384cf69a733199fa17c9c571da1761d8451991	f80ff3f62daaa6e22a6753a3f30a127baab424d0320949bc9957a6ff62ea5ebe	otf_sparse_formula	2026-09-20T11:40:44.307809Z					8G	0			true		acacia-syntcomp26-coverage-258040-f334d29a829b.scope
S-cap17-epoch1	arbiter-with-failure-real.ltl	arbiter-with-failure-real.tlsf	17	REALIZABLE	0.04276460097753443	0	false		none	11	30	13	50384cf69a733199fa17c9c571da1761d8451991	f80ff3f62daaa6e22a6753a3f30a127baab424d0320949bc9957a6ff62ea5ebe	otf_sparse_formula	2026-09-20T11:40:44.364268Z		0.060000	20504576		8G	0			true		acacia-syntcomp26-coverage-258040-1425aa5a3990.scope
S-cap17-epoch1	arbiter_pb_8_pe_.ltl	arbiter_pb_8_pe_.tlsf	17	TIMEOUT	17.09314099198673	124	true	timeout	none	0	8	14	50384cf69a733199fa17c9c571da1761d8451991	f80ff3f62daaa6e22a6753a3f30a127baab424d0320949bc9957a6ff62ea5ebe	otf_sparse_formula	2026-09-20T11:41:01.499056Z					8G	0			true		acacia-syntcomp26-coverage-258040-dd57e1c29e04.scope
S-cap17-epoch1	arbiter_with_cancel_pb_2_pe_.ltl	arbiter_with_cancel_pb_2_pe_.tlsf	17	REALIZABLE	0.03339108399813995	0	false		none	11	30	15	50384cf69a733199fa17c9c571da1761d8451991	f80ff3f62daaa6e22a6753a3f30a127baab424d0320949bc9957a6ff62ea5ebe	otf_sparse_formula	2026-09-20T11:41:01.555948Z		0.030000	18878464		8G	0			true		acacia-syntcomp26-coverage-258040-b52b2671e154.scope
S-cap17-epoch1	chain-60.ltl	chain-60.tlsf	17	TIMEOUT	17.0702951150015	124	true	timeout	none	0	8	16	50384cf69a733199fa17c9c571da1761d8451991	f80ff3f62daaa6e22a6753a3f30a127baab424d0320949bc9957a6ff62ea5ebe	otf_sparse_formula	2026-09-20T11:41:18.640429Z					8G	0			true		acacia-syntcomp26-coverage-258040-db69246df4bb.scope
S-cap17-epoch1	chain-simple-60-real.ltl	chain-simple-60-real.tlsf	17	REALIZABLE	0.9230281349737197	0	false		none	11	31	17	50384cf69a733199fa17c9c571da1761d8451991	f80ff3f62daaa6e22a6753a3f30a127baab424d0320949bc9957a6ff62ea5ebe	otf_sparse_formula	2026-09-20T11:41:19.577328Z		3.540000	204083200		8G	0			true		acacia-syntcomp26-coverage-258040-d9f7b1a8fcd2.scope
S-cap17-epoch1	chomp_pb_2_5_pe_.ltl	chomp_pb_2_5_pe_.tlsf	17	TIMEOUT	17.091380359022878	124	true	timeout	status	0	8	18	50384cf69a733199fa17c9c571da1761d8451991	f80ff3f62daaa6e22a6753a3f30a127baab424d0320949bc9957a6ff62ea5ebe	otf_sparse_formula	2026-09-20T11:41:36.709669Z					8G	0			true		acacia-syntcomp26-coverage-258040-edfa2b6420b5.scope
S-cap17-epoch1	chomp_pb_3_4_pe_.ltl	chomp_pb_3_4_pe_.tlsf	17	TIMEOUT	17.093687190004857	124	true	timeout	status	0	8	19	50384cf69a733199fa17c9c571da1761d8451991	f80ff3f62daaa6e22a6753a3f30a127baab424d0320949bc9957a6ff62ea5ebe	otf_sparse_formula	2026-09-20T11:41:53.843529Z					8G	0			true		acacia-syntcomp26-coverage-258040-770e512d7568.scope
S-cap17-epoch1	chomp_pb_4_3_pe_.ltl	chomp_pb_4_3_pe_.tlsf	17	TIMEOUT	17.087623599014478	124	true	timeout	status	0	8	20	50384cf69a733199fa17c9c571da1761d8451991	f80ff3f62daaa6e22a6753a3f30a127baab424d0320949bc9957a6ff62ea5ebe	otf_sparse_formula	2026-09-20T11:42:10.956217Z					8G	0			true		acacia-syntcomp26-coverage-258040-7f1a34478c59.scope
S-cap17-epoch1	collector_v2_pb_3_pe_.ltl	collector_v2_pb_3_pe_.tlsf	17	REALIZABLE	0.02901728800497949	0	false		status	11	30	21	50384cf69a733199fa17c9c571da1761d8451991	f80ff3f62daaa6e22a6753a3f30a127baab424d0320949bc9957a6ff62ea5ebe	otf_sparse_formula	2026-09-20T11:42:11.008593Z		0.040000	18841600		8G	0			true		acacia-syntcomp26-coverage-258040-391f511f0f65.scope
S-cap17-epoch1	example10a_pb_2_pe_.ltl	example10a_pb_2_pe_.tlsf	17	REALIZABLE	0.031334433995652944	0	false		none	11	30	22	50384cf69a733199fa17c9c571da1761d8451991	f80ff3f62daaa6e22a6753a3f30a127baab424d0320949bc9957a6ff62ea5ebe	otf_sparse_formula	2026-09-20T11:42:11.064098Z		0.030000	17952768		8G	0			true		acacia-syntcomp26-coverage-258040-1fd88bbe25ac.scope
S-cap17-epoch1	f-unreal-unreal.ltl	f-unreal-unreal.tlsf	17	UNREALIZABLE	0.04173902698676102	1	false		none	13	30	23	50384cf69a733199fa17c9c571da1761d8451991	f80ff3f62daaa6e22a6753a3f30a127baab424d0320949bc9957a6ff62ea5ebe	otf_sparse_formula	2026-09-20T11:42:11.132266Z		0.050000	18157568		8G	0			true		acacia-syntcomp26-coverage-258040-1421965da12c.scope
S-cap17-epoch1	full_arbiter_unreal1_pb_2_14_pe_.ltl	full_arbiter_unreal1_pb_2_14_pe_.tlsf	17	UNREALIZABLE	0.03487778297858313	1	false		status	13	30	24	50384cf69a733199fa17c9c571da1761d8451991	f80ff3f62daaa6e22a6753a3f30a127baab424d0320949bc9957a6ff62ea5ebe	otf_sparse_formula	2026-09-20T11:42:11.195289Z		0.030000	15515648		8G	0			true		acacia-syntcomp26-coverage-258040-a2b443b5d0a1.scope
S-cap17-epoch1	full_arbiter_unreal1_pb_2_21_pe_.ltl	full_arbiter_unreal1_pb_2_21_pe_.tlsf	17	UNREALIZABLE	0.027011416997993365	1	false		status	13	30	25	50384cf69a733199fa17c9c571da1761d8451991	f80ff3f62daaa6e22a6753a3f30a127baab424d0320949bc9957a6ff62ea5ebe	otf_sparse_formula	2026-09-20T11:42:11.261094Z		0.030000	15532032		8G	0			true		acacia-syntcomp26-coverage-258040-13f0d4b8a6e1.scope
S-cap17-epoch1	g-unreal-14.ltl	g-unreal-14.tlsf	17	UNREALIZABLE	0.09225237398641184	1	false		none	13	30	26	50384cf69a733199fa17c9c571da1761d8451991	f80ff3f62daaa6e22a6753a3f30a127baab424d0320949bc9957a6ff62ea5ebe	otf_sparse_formula	2026-09-20T11:42:11.366747Z		0.230000	28925952		8G	0			true		acacia-syntcomp26-coverage-258040-6752a8d0dec5.scope
S-cap17-epoch1	g-unreal-314.ltl	g-unreal-314.tlsf	17	TIMEOUT	17.085449970996706	124	true	timeout	none	0	8	27	50384cf69a733199fa17c9c571da1761d8451991	f80ff3f62daaa6e22a6753a3f30a127baab424d0320949bc9957a6ff62ea5ebe	otf_sparse_formula	2026-09-20T11:42:28.465178Z					8G	0			true		acacia-syntcomp26-coverage-258040-0449f1023236.scope
S-cap17-epoch1	g-unreal-34.ltl	g-unreal-34.tlsf	17	UNREALIZABLE	0.9174702460004482	1	false		none	13	30	28	50384cf69a733199fa17c9c571da1761d8451991	f80ff3f62daaa6e22a6753a3f30a127baab424d0320949bc9957a6ff62ea5ebe	otf_sparse_formula	2026-09-20T11:42:29.396795Z		3.560000	101416960		8G	0			true		acacia-syntcomp26-coverage-258040-417d6940b501.scope
S-cap17-epoch1	generalized_buffer_pb_3_pe_.ltl	generalized_buffer_pb_3_pe_.tlsf	17	REALIZABLE	0.03247820198885165	0	false		none	11	30	29	50384cf69a733199fa17c9c571da1761d8451991	f80ff3f62daaa6e22a6753a3f30a127baab424d0320949bc9957a6ff62ea5ebe	otf_sparse_formula	2026-09-20T11:42:29.443098Z		0.050000	20561920		8G	0			true		acacia-syntcomp26-coverage-258040-3484b2b8386a.scope
S-cap17-epoch1	gf-unreal12.ltl	gf-unreal12.tlsf	17	UNREALIZABLE	0.03516274198773317	1	false		none	13	30	30	50384cf69a733199fa17c9c571da1761d8451991	f80ff3f62daaa6e22a6753a3f30a127baab424d0320949bc9957a6ff62ea5ebe	otf_sparse_formula	2026-09-20T11:42:29.502166Z		0.030000	18100224		8G	0			true		acacia-syntcomp26-coverage-258040-6976c140f8e5.scope
S-cap17-epoch1	gf-unreal31.ltl	gf-unreal31.tlsf	17	UNREALIZABLE	0.042629392992239445	1	false		none	13	30	31	50384cf69a733199fa17c9c571da1761d8451991	f80ff3f62daaa6e22a6753a3f30a127baab424d0320949bc9957a6ff62ea5ebe	otf_sparse_formula	2026-09-20T11:42:29.558309Z		0.080000	19193856		8G	0			true		acacia-syntcomp26-coverage-258040-75fa4a0b8915.scope
S-cap17-epoch1	gf-unreal36.ltl	gf-unreal36.tlsf	17	UNREALIZABLE	0.044940071005839854	1	false		none	13	30	32	50384cf69a733199fa17c9c571da1761d8451991	f80ff3f62daaa6e22a6753a3f30a127baab424d0320949bc9957a6ff62ea5ebe	otf_sparse_formula	2026-09-20T11:42:29.616034Z		0.080000	19628032		8G	0			true		acacia-syntcomp26-coverage-258040-aed47aa3ca5a.scope
S-cap17-epoch1	gf-unreal38.ltl	gf-unreal38.tlsf	17	UNREALIZABLE	0.04617434000829235	1	false		none	13	30	33	50384cf69a733199fa17c9c571da1761d8451991	f80ff3f62daaa6e22a6753a3f30a127baab424d0320949bc9957a6ff62ea5ebe	otf_sparse_formula	2026-09-20T11:42:29.676127Z		0.090000	19804160		8G	0			true		acacia-syntcomp26-coverage-258040-fed96ba2309d.scope
S-cap17-epoch1	gf-unreal6.ltl	gf-unreal6.tlsf	17	UNREALIZABLE	0.03838989598443732	1	false		none	13	30	34	50384cf69a733199fa17c9c571da1761d8451991	f80ff3f62daaa6e22a6753a3f30a127baab424d0320949bc9957a6ff62ea5ebe	otf_sparse_formula	2026-09-20T11:42:29.738546Z		0.050000	17895424		8G	0			true		acacia-syntcomp26-coverage-258040-7495c2aaa7a5.scope
S-cap17-epoch1	heim-buechi-real.ltl	heim-buechi-real.tlsf	17	REALIZABLE	2.080538020003587	0	false		none	11	31	35	50384cf69a733199fa17c9c571da1761d8451991	f80ff3f62daaa6e22a6753a3f30a127baab424d0320949bc9957a6ff62ea5ebe	otf_sparse_formula	2026-09-20T11:42:31.832605Z		8.140000	191426560		8G	0			true		acacia-syntcomp26-coverage-258040-c14f43ac0111.scope
S-cap17-epoch1	heim-double-x9.ltl	heim-double-x9.tlsf	17	UNREALIZABLE	2.121673669986194	1	false		none	13	31	36	50384cf69a733199fa17c9c571da1761d8451991	f80ff3f62daaa6e22a6753a3f30a127baab424d0320949bc9957a6ff62ea5ebe	otf_sparse_formula	2026-09-20T11:42:33.970206Z		7.270000	116355072		8G	0			true		acacia-syntcomp26-coverage-258040-fa7dacc22764.scope
S-cap17-epoch1	helipad-contradict1.ltl	helipad-contradict1.tlsf	17	TIMEOUT	17.053244192007696	124	true	timeout	none	0	8	37	50384cf69a733199fa17c9c571da1761d8451991	f80ff3f62daaa6e22a6753a3f30a127baab424d0320949bc9957a6ff62ea5ebe	otf_sparse_formula	2026-09-20T11:42:51.037149Z					8G	0			true		acacia-syntcomp26-coverage-258040-cff053bec5ff.scope
S-cap17-epoch1	infinite-race-u22.ltl	infinite-race-u22.tlsf	17	TIMEOUT	17.135707040986745	124	true	timeout	none	0	8	38	50384cf69a733199fa17c9c571da1761d8451991	f80ff3f62daaa6e22a6753a3f30a127baab424d0320949bc9957a6ff62ea5ebe	otf_sparse_formula	2026-09-20T11:43:08.185044Z					8G	0			true		acacia-syntcomp26-coverage-258040-6a334eb4f348.scope
S-cap17-epoch1	infinite-race-unequal-10.ltl	infinite-race-unequal-10.tlsf	17	UNREALIZABLE	0.022081631992477924	1	false		none	13	30	39	50384cf69a733199fa17c9c571da1761d8451991	f80ff3f62daaa6e22a6753a3f30a127baab424d0320949bc9957a6ff62ea5ebe	otf_sparse_formula	2026-09-20T11:43:08.221259Z		0.030000	18722816		8G	0			true		acacia-syntcomp26-coverage-258040-9a93c5df1432.scope
S-cap17-epoch1	infinite-race-unequal-20.ltl	infinite-race-unequal-20.tlsf	17	UNREALIZABLE	0.02510101202642545	1	false		none	13	30	40	50384cf69a733199fa17c9c571da1761d8451991	f80ff3f62daaa6e22a6753a3f30a127baab424d0320949bc9957a6ff62ea5ebe	otf_sparse_formula	2026-09-20T11:43:08.259890Z		0.020000	18997248		8G	0			true		acacia-syntcomp26-coverage-258040-5ad82c39cb7c.scope
S-cap17-epoch1	lilydemo04_modified.ltl	lilydemo04_modified.tlsf	17	UNREALIZABLE	0.01942296198103577	1	false		exception	13	30	41	50384cf69a733199fa17c9c571da1761d8451991	f80ff3f62daaa6e22a6753a3f30a127baab424d0320949bc9957a6ff62ea5ebe	otf_sparse_formula	2026-09-20T11:43:08.292206Z		0.010000	17993728	43606016	8G	0			true		acacia-syntcomp26-coverage-258040-021deb6e7dc8.scope
S-cap17-epoch1	load_balancer_unreal1_pb_2_15_pe_.ltl	load_balancer_unreal1_pb_2_15_pe_.tlsf	17	UNREALIZABLE	0.7891467959852889	1	false		status	13	30	42	50384cf69a733199fa17c9c571da1761d8451991	f80ff3f62daaa6e22a6753a3f30a127baab424d0320949bc9957a6ff62ea5ebe	otf_sparse_formula	2026-09-20T11:43:09.095178Z		2.320000	67104768		8G	0			true		acacia-syntcomp26-coverage-258040-e337c97ddaf5.scope
S-cap17-epoch1	load_balancer_unreal1_pb_2_9_pe_.ltl	load_balancer_unreal1_pb_2_9_pe_.tlsf	17	UNREALIZABLE	0.030041440011700615	1	false		status	13	30	43	50384cf69a733199fa17c9c571da1761d8451991	f80ff3f62daaa6e22a6753a3f30a127baab424d0320949bc9957a6ff62ea5ebe	otf_sparse_formula	2026-09-20T11:43:09.141163Z		0.050000	20340736		8G	0			true		acacia-syntcomp26-coverage-258040-6a56b77dee5c.scope
S-cap17-epoch1	load_balancer_unreal1_pb_3_8_pe_.ltl	load_balancer_unreal1_pb_3_8_pe_.tlsf	17	UNREALIZABLE	0.06338713198783807	1	false		status	13	30	44	50384cf69a733199fa17c9c571da1761d8451991	f80ff3f62daaa6e22a6753a3f30a127baab424d0320949bc9957a6ff62ea5ebe	otf_sparse_formula	2026-09-20T11:43:09.217782Z		0.160000	21815296		8G	0			true		acacia-syntcomp26-coverage-258040-c3e8085c4f13.scope
S-cap17-epoch1	load_balancer_unreal1_pb_3_9_pe_.ltl	load_balancer_unreal1_pb_3_9_pe_.tlsf	17	UNREALIZABLE	0.09095718100434169	1	false		status	13	30	45	50384cf69a733199fa17c9c571da1761d8451991	f80ff3f62daaa6e22a6753a3f30a127baab424d0320949bc9957a6ff62ea5ebe	otf_sparse_formula	2026-09-20T11:43:09.322275Z		0.250000	23076864		8G	0			true		acacia-syntcomp26-coverage-258040-88263ee07896.scope
S-cap17-epoch1	load_balancer_unreal1_pb_5_4_pe_.ltl	load_balancer_unreal1_pb_5_4_pe_.tlsf	17	UNREALIZABLE	0.7473705899901688	1	false		status	13	30	46	50384cf69a733199fa17c9c571da1761d8451991	f80ff3f62daaa6e22a6753a3f30a127baab424d0320949bc9957a6ff62ea5ebe	otf_sparse_formula	2026-09-20T11:43:10.083867Z		2.780000	83681280		8G	0			true		acacia-syntcomp26-coverage-258040-b98c10a1081b.scope
S-cap17-epoch1	load_balancer_unreal1_pb_5_5_pe_.ltl	load_balancer_unreal1_pb_5_5_pe_.tlsf	17	UNREALIZABLE	14.5929937089968	1	false		status	13	32	47	50384cf69a733199fa17c9c571da1761d8451991	f80ff3f62daaa6e22a6753a3f30a127baab424d0320949bc9957a6ff62ea5ebe	otf_sparse_formula	2026-09-20T11:43:24.694805Z		44.150000	802365440		8G	0			true		acacia-syntcomp26-coverage-258040-9d35aa3aef12.scope
S-cap17-epoch1	load_balancer_unreal1_pb_5_6_pe_.ltl	load_balancer_unreal1_pb_5_6_pe_.tlsf	17	TIMEOUT	17.1351967889932	124	true	timeout	status	0	8	48	50384cf69a733199fa17c9c571da1761d8451991	f80ff3f62daaa6e22a6753a3f30a127baab424d0320949bc9957a6ff62ea5ebe	otf_sparse_formula	2026-09-20T11:43:41.842520Z					8G	0			true		acacia-syntcomp26-coverage-258040-22f528a4ec58.scope
S-cap17-epoch1	load_balancer_unreal2_pb_4_pe_.ltl	load_balancer_unreal2_pb_4_pe_.tlsf	17	UNREALIZABLE	0.12602402898482978	1	false		status	13	30	49	50384cf69a733199fa17c9c571da1761d8451991	f80ff3f62daaa6e22a6753a3f30a127baab424d0320949bc9957a6ff62ea5ebe	otf_sparse_formula	2026-09-20T11:43:41.988969Z		0.440000	39485440		8G	0			true		acacia-syntcomp26-coverage-258040-0dad5c294c3e.scope
S-cap17-epoch1	ltl2dba14.ltl	ltl2dba14.tlsf	17	REALIZABLE	0.02104150998638943	0	false		status	11	30	50	50384cf69a733199fa17c9c571da1761d8451991	f80ff3f62daaa6e22a6753a3f30a127baab424d0320949bc9957a6ff62ea5ebe	otf_sparse_formula	2026-09-20T11:43:42.025279Z		0.020000	15360000		8G	0			true		acacia-syntcomp26-coverage-258040-5c1208317d1b.scope
S-cap17-epoch1	ltl2dba_C2_pb_12_pe_.ltl	ltl2dba_C2_pb_12_pe_.tlsf	17	REALIZABLE	0.018759401980787516	0	false		status	11	30	51	50384cf69a733199fa17c9c571da1761d8451991	f80ff3f62daaa6e22a6753a3f30a127baab424d0320949bc9957a6ff62ea5ebe	otf_sparse_formula	2026-09-20T11:43:42.057071Z		0.010000	15556608		8G	0			true		acacia-syntcomp26-coverage-258040-3926103cd2e1.scope
S-cap17-epoch1	ltl2dba_C2_pb_6_pe_.ltl	ltl2dba_C2_pb_6_pe_.tlsf	17	REALIZABLE	0.021794822998344898	0	false		status	11	30	52	50384cf69a733199fa17c9c571da1761d8451991	f80ff3f62daaa6e22a6753a3f30a127baab424d0320949bc9957a6ff62ea5ebe	otf_sparse_formula	2026-09-20T11:43:42.091144Z		0.010000	15482880	43200512	8G	0			true		acacia-syntcomp26-coverage-258040-14ae99ad5796.scope
S-cap17-epoch1	ltl2dba_U1_pb_12_pe_.ltl	ltl2dba_U1_pb_12_pe_.tlsf	17	REALIZABLE	0.01893410799675621	0	false		none	11	30	53	50384cf69a733199fa17c9c571da1761d8451991	f80ff3f62daaa6e22a6753a3f30a127baab424d0320949bc9957a6ff62ea5ebe	otf_sparse_formula	2026-09-20T11:43:42.123167Z		0.010000	15372288	42704896	8G	0			true		acacia-syntcomp26-coverage-258040-6a78d293f041.scope
S-cap17-epoch1	ltl2dba_U1_pb_3_pe_.ltl	ltl2dba_U1_pb_3_pe_.tlsf	17	REALIZABLE	0.01575333799701184	0	false		status	11	30	54	50384cf69a733199fa17c9c571da1761d8451991	f80ff3f62daaa6e22a6753a3f30a127baab424d0320949bc9957a6ff62ea5ebe	otf_sparse_formula	2026-09-20T11:43:42.151076Z		0.010000	15290368	40046592	8G	0			true		acacia-syntcomp26-coverage-258040-ccb0f3c05259.scope
S-cap17-epoch1	ltl2dba_U1_pb_8_pe_.ltl	ltl2dba_U1_pb_8_pe_.tlsf	17	REALIZABLE	0.01845949501148425	0	false		status	11	30	55	50384cf69a733199fa17c9c571da1761d8451991	f80ff3f62daaa6e22a6753a3f30a127baab424d0320949bc9957a6ff62ea5ebe	otf_sparse_formula	2026-09-20T11:43:42.181798Z		0.010000	15360000	43446272	8G	0			true		acacia-syntcomp26-coverage-258040-87015f049169.scope
S-cap17-epoch1	ltl2dba_theta_pb_14_pe_.ltl	ltl2dba_theta_pb_14_pe_.tlsf	17	UNREALIZABLE	13.518820427008905	1	false		status	13	32	56	50384cf69a733199fa17c9c571da1761d8451991	f80ff3f62daaa6e22a6753a3f30a127baab424d0320949bc9957a6ff62ea5ebe	otf_sparse_formula	2026-09-20T11:43:55.713728Z		53.740000	125280256		8G	0			true		acacia-syntcomp26-coverage-258040-e09e248e10a9.scope
S-cap17-epoch1	ltl2dba_theta_pb_5_pe_.ltl	ltl2dba_theta_pb_5_pe_.tlsf	17	UNREALIZABLE	0.029661038977792487	1	false		status	13	30	57	50384cf69a733199fa17c9c571da1761d8451991	f80ff3f62daaa6e22a6753a3f30a127baab424d0320949bc9957a6ff62ea5ebe	otf_sparse_formula	2026-09-20T11:43:55.757851Z		0.050000	20545536		8G	0			true		acacia-syntcomp26-coverage-258040-357f74623dcf.scope
S-cap17-epoch1	patrolling10.ltl	patrolling10.tlsf	17	UNREALIZABLE	0.1420697260182351	1	false		none	13	30	58	50384cf69a733199fa17c9c571da1761d8451991	f80ff3f62daaa6e22a6753a3f30a127baab424d0320949bc9957a6ff62ea5ebe	otf_sparse_formula	2026-09-20T11:43:55.917320Z		0.440000	30248960		8G	0			true		acacia-syntcomp26-coverage-258040-c987506d0ab3.scope
S-cap17-epoch1	prioritized_arbiter_unreal1_pb_6_32_pe_.ltl	prioritized_arbiter_unreal1_pb_6_32_pe_.tlsf	17	UNREALIZABLE	0.020713373989565298	1	false		status	13	30	59	50384cf69a733199fa17c9c571da1761d8451991	f80ff3f62daaa6e22a6753a3f30a127baab424d0320949bc9957a6ff62ea5ebe	otf_sparse_formula	2026-09-20T11:43:55.950950Z		0.020000	20107264		8G	0			true		acacia-syntcomp26-coverage-258040-bdea71dd6b74.scope
S-cap17-epoch1	robot-cat-unreal-1d-unreal.ltl	robot-cat-unreal-1d-unreal.tlsf	17	UNREALIZABLE	0.1878679970104713	1	false		none	13	30	60	50384cf69a733199fa17c9c571da1761d8451991	f80ff3f62daaa6e22a6753a3f30a127baab424d0320949bc9957a6ff62ea5ebe	otf_sparse_formula	2026-09-20T11:43:56.157835Z		0.680000	24051712		8G	0			true		acacia-syntcomp26-coverage-258040-3cb49c4ba6f8.scope
S-cap17-epoch1	robot-resource-2d5.ltl	robot-resource-2d5.tlsf	17	UNREALIZABLE	0.3659995599882677	1	false		none	13	30	61	50384cf69a733199fa17c9c571da1761d8451991	f80ff3f62daaa6e22a6753a3f30a127baab424d0320949bc9957a6ff62ea5ebe	otf_sparse_formula	2026-09-20T11:43:56.538331Z		1.370000	29519872		8G	0			true		acacia-syntcomp26-coverage-258040-b66977f3b624.scope
S-cap17-epoch1	robot-resource-2d7.ltl	robot-resource-2d7.tlsf	17	UNREALIZABLE	0.47828550401027314	1	false		none	13	30	62	50384cf69a733199fa17c9c571da1761d8451991	f80ff3f62daaa6e22a6753a3f30a127baab424d0320949bc9957a6ff62ea5ebe	otf_sparse_formula	2026-09-20T11:43:57.031156Z		1.840000	35012608		8G	0			true		acacia-syntcomp26-coverage-258040-d34a63f73493.scope
S-cap17-epoch1	robot-to-target-charging-unreal3.ltl	robot-to-target-charging-unreal3.tlsf	17	TIMEOUT	17.090725170011865	124	true	timeout	none	0	8	63	50384cf69a733199fa17c9c571da1761d8451991	f80ff3f62daaa6e22a6753a3f30a127baab424d0320949bc9957a6ff62ea5ebe	otf_sparse_formula	2026-09-20T11:44:14.161308Z					8G	0			true		acacia-syntcomp26-coverage-258040-93e1a13658e6.scope
S-cap17-epoch1	robot-to-target-charging15.ltl	robot-to-target-charging15.tlsf	17	TIMEOUT	17.092460941988975	124	true	timeout	none	0	8	64	50384cf69a733199fa17c9c571da1761d8451991	f80ff3f62daaa6e22a6753a3f30a127baab424d0320949bc9957a6ff62ea5ebe	otf_sparse_formula	2026-09-20T11:44:31.290580Z					8G	0			true		acacia-syntcomp26-coverage-258040-93acf4230970.scope
S-cap17-epoch1	robot-to-target-charging17.ltl	robot-to-target-charging17.tlsf	17	TIMEOUT	17.095199189003324	124	true	timeout	none	0	8	65	50384cf69a733199fa17c9c571da1761d8451991	f80ff3f62daaa6e22a6753a3f30a127baab424d0320949bc9957a6ff62ea5ebe	otf_sparse_formula	2026-09-20T11:44:48.428244Z					8G	0			true		acacia-syntcomp26-coverage-258040-b8e4f985482d.scope
S-cap17-epoch1	robot-to-target-charging6.ltl	robot-to-target-charging6.tlsf	17	UNREALIZABLE	7.539834853989305	1	false		none	13	32	66	50384cf69a733199fa17c9c571da1761d8451991	f80ff3f62daaa6e22a6753a3f30a127baab424d0320949bc9957a6ff62ea5ebe	otf_sparse_formula	2026-09-20T11:44:55.982162Z		29.930000	166522880		8G	0			true		acacia-syntcomp26-coverage-258040-ddf44e991a05.scope
S-cap17-epoch1	robot_repair1.ltl	robot_repair1.tlsf	17	TIMEOUT	17.08590273099253	124	true	timeout	none	0	8	67	50384cf69a733199fa17c9c571da1761d8451991	f80ff3f62daaa6e22a6753a3f30a127baab424d0320949bc9957a6ff62ea5ebe	otf_sparse_formula	2026-09-20T11:45:13.081698Z					8G	0			true		acacia-syntcomp26-coverage-258040-3f21966ee007.scope
S-cap17-epoch1	round_robin_arbiter_unreal1_pb_2_10_pe_.ltl	round_robin_arbiter_unreal1_pb_2_10_pe_.tlsf	17	UNREALIZABLE	0.042105525004444644	1	false		status	13	30	68	50384cf69a733199fa17c9c571da1761d8451991	f80ff3f62daaa6e22a6753a3f30a127baab424d0320949bc9957a6ff62ea5ebe	otf_sparse_formula	2026-09-20T11:45:13.137974Z		0.120000	22286336		8G	0			true		acacia-syntcomp26-coverage-258040-2238bf58fd70.scope
S-cap17-epoch1	round_robin_arbiter_unreal1_pb_3_22_pe_.ltl	round_robin_arbiter_unreal1_pb_3_22_pe_.tlsf	17	TIMEOUT	17.17442698398372	124	true	timeout	status	0	8	69	50384cf69a733199fa17c9c571da1761d8451991	f80ff3f62daaa6e22a6753a3f30a127baab424d0320949bc9957a6ff62ea5ebe	otf_sparse_formula	2026-09-20T11:45:30.333669Z					8G	0			true		acacia-syntcomp26-coverage-258040-c94b977d2d15.scope
S-cap17-epoch1	round_robin_arbiter_unreal1_pb_3_4_pe_.ltl	round_robin_arbiter_unreal1_pb_3_4_pe_.tlsf	17	UNREALIZABLE	0.0554440839914605	1	false		status	13	30	70	50384cf69a733199fa17c9c571da1761d8451991	f80ff3f62daaa6e22a6753a3f30a127baab424d0320949bc9957a6ff62ea5ebe	otf_sparse_formula	2026-09-20T11:45:30.404574Z		0.130000	21622784		8G	0			true		acacia-syntcomp26-coverage-258040-82d0670c4939.scope
S-cap17-epoch1	simple_arbiter_unreal1_pb_4_5_pe_.ltl	simple_arbiter_unreal1_pb_4_5_pe_.tlsf	17	UNREALIZABLE	0.019671382004162297	1	false		status	13	30	71	50384cf69a733199fa17c9c571da1761d8451991	f80ff3f62daaa6e22a6753a3f30a127baab424d0320949bc9957a6ff62ea5ebe	otf_sparse_formula	2026-09-20T11:45:30.447744Z		0.020000	15286272		8G	0			true		acacia-syntcomp26-coverage-258040-f6e578b803b7.scope
S-cap17-epoch1	simple_arbiter_with_hints_pb_8_pe_.ltl	simple_arbiter_with_hints_pb_8_pe_.tlsf	17	TIMEOUT	17.0546801360033	124	true	timeout	none	0	8	72	50384cf69a733199fa17c9c571da1761d8451991	f80ff3f62daaa6e22a6753a3f30a127baab424d0320949bc9957a6ff62ea5ebe	otf_sparse_formula	2026-09-20T11:45:47.527781Z					8G	0			true		acacia-syntcomp26-coverage-258040-35bd47a6b1cc.scope
S-cap17-epoch1	CheckRoom_06e9cad4.ltl	CheckRoom_06e9cad4.tlsf	17	UNREALIZABLE	0.01738969300640747	1	false		status	13	30	0	50384cf69a733199fa17c9c571da1761d8451991	f80ff3f62daaa6e22a6753a3f30a127baab424d0320949bc9957a6ff62ea5ebe	otf_sparse_formula	2026-09-20T11:56:10.411188Z		0.010000	17170432		8G	0			true		acacia-syntcomp26-coverage-261468-5efe8fbf90fb.scope
S-cap17-epoch1	CheckShades_1a2942e3.ltl	CheckShades_1a2942e3.tlsf	17	UNREALIZABLE	0.016784854989964515	1	false		status	13	30	1	50384cf69a733199fa17c9c571da1761d8451991	f80ff3f62daaa6e22a6753a3f30a127baab424d0320949bc9957a6ff62ea5ebe	otf_sparse_formula	2026-09-20T11:56:10.450261Z		0.010000	18513920	44224512	8G	0			true		acacia-syntcomp26-coverage-261468-d2bc077d9160.scope
S-cap17-epoch1	FelixSpecFixed5_f82794da.ltl	FelixSpecFixed5_f82794da.tlsf	17	TIMEOUT	17.094842942984542	124	true	timeout	none	0	8	2	50384cf69a733199fa17c9c571da1761d8451991	f80ff3f62daaa6e22a6753a3f30a127baab424d0320949bc9957a6ff62ea5ebe	otf_sparse_formula	2026-09-20T11:56:27.586666Z					8G	0			true		acacia-syntcomp26-coverage-261468-62d1afd8f6ed.scope
S-cap17-epoch1	Heating_235467da.ltl	Heating_235467da.tlsf	17	REALIZABLE	0.033474274998297915	0	false		status	11	30	3	50384cf69a733199fa17c9c571da1761d8451991	f80ff3f62daaa6e22a6753a3f30a127baab424d0320949bc9957a6ff62ea5ebe	otf_sparse_formula	2026-09-20T11:56:27.644746Z		0.030000	18649088		8G	0			true		acacia-syntcomp26-coverage-261468-56d045f99247.scope
S-cap17-epoch1	KitchenTimerV4.ltl	KitchenTimerV4.tlsf	17	REALIZABLE	0.053499278001254424	0	false		status	11	30	4	50384cf69a733199fa17c9c571da1761d8451991	f80ff3f62daaa6e22a6753a3f30a127baab424d0320949bc9957a6ff62ea5ebe	otf_sparse_formula	2026-09-20T11:56:27.710737Z		0.100000	21422080		8G	0			true		acacia-syntcomp26-coverage-261468-dfb663608a21.scope
S-cap17-epoch1	Lights2_f3987563.ltl	Lights2_f3987563.tlsf	17	REALIZABLE	0.17170039500342682	0	false		status	11	30	5	50384cf69a733199fa17c9c571da1761d8451991	f80ff3f62daaa6e22a6753a3f30a127baab424d0320949bc9957a6ff62ea5ebe	otf_sparse_formula	2026-09-20T11:56:27.895702Z		0.610000	31649792		8G	0			true		acacia-syntcomp26-coverage-261468-184703c37e68.scope
S-cap17-epoch1	Lights3_235467da.ltl	Lights3_235467da.tlsf	17	REALIZABLE	0.027464129001600668	0	false		status	11	30	6	50384cf69a733199fa17c9c571da1761d8451991	f80ff3f62daaa6e22a6753a3f30a127baab424d0320949bc9957a6ff62ea5ebe	otf_sparse_formula	2026-09-20T11:56:27.937682Z		0.060000	20992000		8G	0			true		acacia-syntcomp26-coverage-261468-cdeb7b1e1260.scope
S-cap17-epoch1	SPIPureNext.ltl	SPIPureNext.tlsf	17	REALIZABLE	0.5313412180112209	0	false		none	11	30	7	50384cf69a733199fa17c9c571da1761d8451991	f80ff3f62daaa6e22a6753a3f30a127baab424d0320949bc9957a6ff62ea5ebe	otf_sparse_formula	2026-09-20T11:56:28.487196Z		2.040000	30425088		8G	0			true		acacia-syntcomp26-coverage-261468-f15f12e70ccf.scope
S-cap17-epoch1	SensorInit.ltl	SensorInit.tlsf	17	REALIZABLE	0.14157605200307444	0	false		status	11	30	8	50384cf69a733199fa17c9c571da1761d8451991	f80ff3f62daaa6e22a6753a3f30a127baab424d0320949bc9957a6ff62ea5ebe	otf_sparse_formula	2026-09-20T11:56:28.642354Z		0.270000	25411584		8G	0			true		acacia-syntcomp26-coverage-261468-810991a34679.scope
S-cap17-epoch1	TwoCountersInRangeM2.ltl	TwoCountersInRangeM2.tlsf	17	UNREALIZABLE	0.02563116600504145	1	false		status	13	30	9	50384cf69a733199fa17c9c571da1761d8451991	f80ff3f62daaa6e22a6753a3f30a127baab424d0320949bc9957a6ff62ea5ebe	otf_sparse_formula	2026-09-20T11:56:28.682590Z		0.030000	20774912		8G	0			true		acacia-syntcomp26-coverage-261468-2e1600ea37ad.scope
S-cap17-epoch1	Warnlight_2d1010f8.ltl	Warnlight_2d1010f8.tlsf	17	REALIZABLE	0.027226664999034256	0	false		status	11	30	10	50384cf69a733199fa17c9c571da1761d8451991	f80ff3f62daaa6e22a6753a3f30a127baab424d0320949bc9957a6ff62ea5ebe	otf_sparse_formula	2026-09-20T11:56:28.722317Z		0.010000	19070976		8G	0			true		acacia-syntcomp26-coverage-261468-9824c3d358ba.scope
S-cap17-epoch1	amba_decomposed_arbiter_pb_8_pe_.ltl	amba_decomposed_arbiter_pb_8_pe_.tlsf	17	TIMEOUT	17.03700344200479	124	true	timeout	status	0	8	11	50384cf69a733199fa17c9c571da1761d8451991	f80ff3f62daaa6e22a6753a3f30a127baab424d0320949bc9957a6ff62ea5ebe	otf_sparse_formula	2026-09-20T11:56:45.770704Z					8G	0			true		acacia-syntcomp26-coverage-261468-b6f64912fde7.scope
S-cap17-epoch1	amba_decomposed_lock_pb_14_pe_.ltl	amba_decomposed_lock_pb_14_pe_.tlsf	17	TIMEOUT	17.092782218009233	124	true	timeout	status	0	8	12	50384cf69a733199fa17c9c571da1761d8451991	f80ff3f62daaa6e22a6753a3f30a127baab424d0320949bc9957a6ff62ea5ebe	otf_sparse_formula	2026-09-20T11:57:02.898426Z					8G	0			true		acacia-syntcomp26-coverage-261468-e92928210099.scope
S-cap17-epoch1	amba_decomposed_lock_pb_2_pe_.ltl	amba_decomposed_lock_pb_2_pe_.tlsf	17	REALIZABLE	0.0354555330122821	0	false		status	11	30	13	50384cf69a733199fa17c9c571da1761d8451991	f80ff3f62daaa6e22a6753a3f30a127baab424d0320949bc9957a6ff62ea5ebe	otf_sparse_formula	2026-09-20T11:57:02.959774Z		0.040000	19877888		8G	0			true		acacia-syntcomp26-coverage-261468-9b471d493e38.scope
S-cap17-epoch1	amba_decomposed_tincr.ltl	amba_decomposed_tincr.tlsf	17	REALIZABLE	0.035220418008975685	0	false		status	11	30	14	50384cf69a733199fa17c9c571da1761d8451991	f80ff3f62daaa6e22a6753a3f30a127baab424d0320949bc9957a6ff62ea5ebe	otf_sparse_formula	2026-09-20T11:57:03.022165Z		0.050000	19066880		8G	0			true		acacia-syntcomp26-coverage-261468-c3ad8fa178f9.scope
S-cap17-epoch1	arbiter_with_buffer_pb_2_pe_.ltl	arbiter_with_buffer_pb_2_pe_.tlsf	17	REALIZABLE	0.029373606987064704	0	false		none	11	30	15	50384cf69a733199fa17c9c571da1761d8451991	f80ff3f62daaa6e22a6753a3f30a127baab424d0320949bc9957a6ff62ea5ebe	otf_sparse_formula	2026-09-20T11:57:03.090199Z		0.040000	18583552		8G	0			true		acacia-syntcomp26-coverage-261468-4182cf724ad2.scope
S-cap17-epoch1	arbiter_with_buffer_pb_9_pe_.ltl	arbiter_with_buffer_pb_9_pe_.tlsf	17	TIMEOUT	17.095056169986492	124	true	timeout	none	0	8	16	50384cf69a733199fa17c9c571da1761d8451991	f80ff3f62daaa6e22a6753a3f30a127baab424d0320949bc9957a6ff62ea5ebe	otf_sparse_formula	2026-09-20T11:57:20.227514Z					8G	0			true		acacia-syntcomp26-coverage-261468-bd150f01f221.scope
S-cap17-epoch1	arbiter_with_cancel_pb_3_pe_.ltl	arbiter_with_cancel_pb_3_pe_.tlsf	17	REALIZABLE	0.03410275897476822	0	false		none	11	30	17	50384cf69a733199fa17c9c571da1761d8451991	f80ff3f62daaa6e22a6753a3f30a127baab424d0320949bc9957a6ff62ea5ebe	otf_sparse_formula	2026-09-20T11:57:20.277430Z		0.050000	20090880		8G	0			true		acacia-syntcomp26-coverage-261468-79923ba7b5bb.scope
S-cap17-epoch1	box-real.ltl	box-real.tlsf	17	REALIZABLE	0.05985273502301425	0	false		none	11	30	18	50384cf69a733199fa17c9c571da1761d8451991	f80ff3f62daaa6e22a6753a3f30a127baab424d0320949bc9957a6ff62ea5ebe	otf_sparse_formula	2026-09-20T11:57:20.351860Z		0.150000	21704704		8G	0			true		acacia-syntcomp26-coverage-261468-5640ceac4c0e.scope
S-cap17-epoch1	box0.ltl	box0.tlsf	17	UNREALIZABLE	0.037646159005817026	1	false		none	13	30	19	50384cf69a733199fa17c9c571da1761d8451991	f80ff3f62daaa6e22a6753a3f30a127baab424d0320949bc9957a6ff62ea5ebe	otf_sparse_formula	2026-09-20T11:57:20.402087Z		0.070000	20156416		8G	0			true		acacia-syntcomp26-coverage-261468-cca2191e363d.scope
S-cap17-epoch1	chomp_pb_4_4_pe_.ltl	chomp_pb_4_4_pe_.tlsf	17	TIMEOUT	17.045778744999552	124	true	timeout	status	0	8	20	50384cf69a733199fa17c9c571da1761d8451991	f80ff3f62daaa6e22a6753a3f30a127baab424d0320949bc9957a6ff62ea5ebe	otf_sparse_formula	2026-09-20T11:57:37.460152Z					8G	0			true		acacia-syntcomp26-coverage-261468-53033d1bd03a.scope
S-cap17-epoch1	collector_v3_pb_5_pe_.ltl	collector_v3_pb_5_pe_.tlsf	17	REALIZABLE	0.044164421007735655	0	false		status	11	30	21	50384cf69a733199fa17c9c571da1761d8451991	f80ff3f62daaa6e22a6753a3f30a127baab424d0320949bc9957a6ff62ea5ebe	otf_sparse_formula	2026-09-20T11:57:37.517805Z		0.100000	20549632		8G	0			true		acacia-syntcomp26-coverage-261468-8119ea614708.scope
S-cap17-epoch1	example9_pb_2_pe_.ltl	example9_pb_2_pe_.tlsf	17	REALIZABLE	0.02708838798571378	0	false		none	11	30	22	50384cf69a733199fa17c9c571da1761d8451991	f80ff3f62daaa6e22a6753a3f30a127baab424d0320949bc9957a6ff62ea5ebe	otf_sparse_formula	2026-09-20T11:57:37.572378Z		0.030000	17825792		8G	0			true		acacia-syntcomp26-coverage-261468-9569757d878a.scope
S-cap17-epoch1	full_arbiter_unreal1_pb_2_2_pe_.ltl	full_arbiter_unreal1_pb_2_2_pe_.tlsf	17	UNREALIZABLE	0.029165460990043357	1	false		status	13	30	23	50384cf69a733199fa17c9c571da1761d8451991	f80ff3f62daaa6e22a6753a3f30a127baab424d0320949bc9957a6ff62ea5ebe	otf_sparse_formula	2026-09-20T11:57:37.624378Z		0.020000	15454208		8G	0			true		acacia-syntcomp26-coverage-261468-a740b558de9b.scope
S-cap17-epoch1	full_arbiter_unreal1_pb_4_7_pe_.ltl	full_arbiter_unreal1_pb_4_7_pe_.tlsf	17	UNREALIZABLE	0.031865405006101355	1	false		none	13	30	24	50384cf69a733199fa17c9c571da1761d8451991	f80ff3f62daaa6e22a6753a3f30a127baab424d0320949bc9957a6ff62ea5ebe	otf_sparse_formula	2026-09-20T11:57:37.684965Z		0.030000	15458304		8G	0			true		acacia-syntcomp26-coverage-261468-9f4e144e282f.scope
S-cap17-epoch1	full_arbiter_unreal2_pb_4_pe_.ltl	full_arbiter_unreal2_pb_4_pe_.tlsf	17	UNREALIZABLE	0.02646924799773842	1	false		status	13	30	25	50384cf69a733199fa17c9c571da1761d8451991	f80ff3f62daaa6e22a6753a3f30a127baab424d0320949bc9957a6ff62ea5ebe	otf_sparse_formula	2026-09-20T11:57:37.739725Z		0.030000	15409152		8G	0			true		acacia-syntcomp26-coverage-261468-4bbf49ce33dd.scope
S-cap17-epoch1	gf-unreal10.ltl	gf-unreal10.tlsf	17	UNREALIZABLE	0.03855426501831971	1	false		none	13	30	26	50384cf69a733199fa17c9c571da1761d8451991	f80ff3f62daaa6e22a6753a3f30a127baab424d0320949bc9957a6ff62ea5ebe	otf_sparse_formula	2026-09-20T11:57:37.803852Z		0.060000	18153472		8G	0			true		acacia-syntcomp26-coverage-261468-e7b4a42f4736.scope
S-cap17-epoch1	gf-unreal33.ltl	gf-unreal33.tlsf	17	UNREALIZABLE	0.0504980810219422	1	false		none	13	30	27	50384cf69a733199fa17c9c571da1761d8451991	f80ff3f62daaa6e22a6753a3f30a127baab424d0320949bc9957a6ff62ea5ebe	otf_sparse_formula	2026-09-20T11:57:37.866749Z		0.090000	19574784		8G	0			true		acacia-syntcomp26-coverage-261468-75a05ed13ad0.scope
S-cap17-epoch1	heim-double-x3.ltl	heim-double-x3.tlsf	17	UNREALIZABLE	0.13222232199041173	1	false		none	13	30	28	50384cf69a733199fa17c9c571da1761d8451991	f80ff3f62daaa6e22a6753a3f30a127baab424d0320949bc9957a6ff62ea5ebe	otf_sparse_formula	2026-09-20T11:57:38.012276Z		0.440000	29261824		8G	0			true		acacia-syntcomp26-coverage-261468-1df18de19dbe.scope
S-cap17-epoch1	heim-double-x6.ltl	heim-double-x6.tlsf	17	UNREALIZABLE	0.3526959639857523	1	false		none	13	30	29	50384cf69a733199fa17c9c571da1761d8451991	f80ff3f62daaa6e22a6753a3f30a127baab424d0320949bc9957a6ff62ea5ebe	otf_sparse_formula	2026-09-20T11:57:38.379878Z		1.330000	42491904		8G	0			true		acacia-syntcomp26-coverage-261468-e44d65170518.scope
S-cap17-epoch1	infinite-race-u8.ltl	infinite-race-u8.tlsf	17	UNREALIZABLE	2.343189342005644	1	false		none	13	31	30	50384cf69a733199fa17c9c571da1761d8451991	f80ff3f62daaa6e22a6753a3f30a127baab424d0320949bc9957a6ff62ea5ebe	otf_sparse_formula	2026-09-20T11:57:40.736817Z		9.230000	163852288		8G	0			true		acacia-syntcomp26-coverage-261468-0da37eacc34b.scope
S-cap17-epoch1	lift_pb_8_pe_.ltl	lift_pb_8_pe_.tlsf	17	TIMEOUT	17.03702082199743	124	true	timeout	none	0	8	31	50384cf69a733199fa17c9c571da1761d8451991	f80ff3f62daaa6e22a6753a3f30a127baab424d0320949bc9957a6ff62ea5ebe	otf_sparse_formula	2026-09-20T11:57:57.786159Z					8G	0			true		acacia-syntcomp26-coverage-261468-eb6b7e22aa74.scope
S-cap17-epoch1	lilydemo17.ltl	lilydemo17.tlsf	17	REALIZABLE	0.016677339997841045	0	false		status	11	30	32	50384cf69a733199fa17c9c571da1761d8451991	f80ff3f62daaa6e22a6753a3f30a127baab424d0320949bc9957a6ff62ea5ebe	otf_sparse_formula	2026-09-20T11:57:57.817233Z		0.010000	17690624	43147264	8G	0			true		acacia-syntcomp26-coverage-261468-bbb3ea5021e4.scope
S-cap17-epoch1	load_balancer_pb_6_pe_.ltl	load_balancer_pb_6_pe_.tlsf	17	REALIZABLE	0.4966063280007802	0	false		status	11	30	33	50384cf69a733199fa17c9c571da1761d8451991	f80ff3f62daaa6e22a6753a3f30a127baab424d0320949bc9957a6ff62ea5ebe	otf_sparse_formula	2026-09-20T11:57:58.326818Z		1.920000	37085184		8G	0			true		acacia-syntcomp26-coverage-261468-5859e09465ea.scope
S-cap17-epoch1	load_balancer_unreal1_pb_4_12_pe_.ltl	load_balancer_unreal1_pb_4_12_pe_.tlsf	17	TIMEOUT	17.143342886993196	124	true	timeout	status	0	8	34	50384cf69a733199fa17c9c571da1761d8451991	f80ff3f62daaa6e22a6753a3f30a127baab424d0320949bc9957a6ff62ea5ebe	otf_sparse_formula	2026-09-20T11:58:15.510625Z					8G	0			true		acacia-syntcomp26-coverage-261468-ff39b4da4862.scope
S-cap17-epoch1	ltl2dba_R_pb_10_pe_.ltl	ltl2dba_R_pb_10_pe_.tlsf	17	TIMEOUT	17.054051143000834	124	true	timeout	status	0	8	35	50384cf69a733199fa17c9c571da1761d8451991	f80ff3f62daaa6e22a6753a3f30a127baab424d0320949bc9957a6ff62ea5ebe	otf_sparse_formula	2026-09-20T11:58:32.579154Z					8G	0			true		acacia-syntcomp26-coverage-261468-e26a6cc0f425.scope
S-cap17-epoch1	ltl2dba_U1_pb_7_pe_.ltl	ltl2dba_U1_pb_7_pe_.tlsf	17	REALIZABLE	0.0171406650042627	0	false		status	11	30	36	50384cf69a733199fa17c9c571da1761d8451991	f80ff3f62daaa6e22a6753a3f30a127baab424d0320949bc9957a6ff62ea5ebe	otf_sparse_formula	2026-09-20T11:58:32.609582Z		0.010000	15425536	42401792	8G	0			true		acacia-syntcomp26-coverage-261468-671dbd9e32c9.scope
S-cap17-epoch1	ltl2dba_alpha_pb_18_pe_.ltl	ltl2dba_alpha_pb_18_pe_.tlsf	17	REALIZABLE	0.016291756997816265	0	false		none	11	30	37	50384cf69a733199fa17c9c571da1761d8451991	f80ff3f62daaa6e22a6753a3f30a127baab424d0320949bc9957a6ff62ea5ebe	otf_sparse_formula	2026-09-20T11:58:32.638194Z		0.010000	15437824	42319872	8G	0			true		acacia-syntcomp26-coverage-261468-7312f3a0a1f2.scope
S-cap17-epoch1	ltl2dba_beta_pb_5_pe_.ltl	ltl2dba_beta_pb_5_pe_.tlsf	17	REALIZABLE	0.01583450598991476	0	false		status	11	30	38	50384cf69a733199fa17c9c571da1761d8451991	f80ff3f62daaa6e22a6753a3f30a127baab424d0320949bc9957a6ff62ea5ebe	otf_sparse_formula	2026-09-20T11:58:32.666127Z		0.010000	15388672	43286528	8G	0			true		acacia-syntcomp26-coverage-261468-3d5b5dbfde4f.scope
S-cap17-epoch1	prioritized_arbiter_enc_pb_10_pe_.ltl	prioritized_arbiter_enc_pb_10_pe_.tlsf	17	TIMEOUT	17.0367330799927	124	true	timeout	status	0	8	39	50384cf69a733199fa17c9c571da1761d8451991	f80ff3f62daaa6e22a6753a3f30a127baab424d0320949bc9957a6ff62ea5ebe	otf_sparse_formula	2026-09-20T11:58:49.714728Z					8G	0			true		acacia-syntcomp26-coverage-261468-a65d4dde577f.scope
S-cap17-epoch1	prioritized_arbiter_pb_2_pe_.ltl	prioritized_arbiter_pb_2_pe_.tlsf	17	REALIZABLE	0.02809047797927633	0	false		status	11	30	40	50384cf69a733199fa17c9c571da1761d8451991	f80ff3f62daaa6e22a6753a3f30a127baab424d0320949bc9957a6ff62ea5ebe	otf_sparse_formula	2026-09-20T11:58:49.777791Z		0.020000	18468864		8G	0			true		acacia-syntcomp26-coverage-261468-c9cbe0e1a1a7.scope
S-cap17-epoch1	prioritized_arbiter_pb_3_pe_.ltl	prioritized_arbiter_pb_3_pe_.tlsf	17	REALIZABLE	0.03957702199113555	0	false		status	11	30	41	50384cf69a733199fa17c9c571da1761d8451991	f80ff3f62daaa6e22a6753a3f30a127baab424d0320949bc9957a6ff62ea5ebe	otf_sparse_formula	2026-09-20T11:58:49.852783Z		0.050000	18685952		8G	0			true		acacia-syntcomp26-coverage-261468-9158b8f912e5.scope
S-cap17-epoch1	prioritized_arbiter_pb_6_pe_.ltl	prioritized_arbiter_pb_6_pe_.tlsf	17	REALIZABLE	0.3743546259938739	0	false		status	11	30	42	50384cf69a733199fa17c9c571da1761d8451991	f80ff3f62daaa6e22a6753a3f30a127baab424d0320949bc9957a6ff62ea5ebe	otf_sparse_formula	2026-09-20T11:58:50.245142Z		1.400000	43974656		8G	0			true		acacia-syntcomp26-coverage-261468-4ebca2b08726.scope
S-cap17-epoch1	prioritized_arbiter_unreal1_pb_2_5_pe_.ltl	prioritized_arbiter_unreal1_pb_2_5_pe_.tlsf	17	UNREALIZABLE	0.02203128198743798	1	false		status	13	30	43	50384cf69a733199fa17c9c571da1761d8451991	f80ff3f62daaa6e22a6753a3f30a127baab424d0320949bc9957a6ff62ea5ebe	otf_sparse_formula	2026-09-20T11:58:50.301799Z		0.020000	18403328		8G	0			true		acacia-syntcomp26-coverage-261468-d76c093576ac.scope
S-cap17-epoch1	robot-grid-reach-repeated-with-obstacles-6d-real.ltl	robot-grid-reach-repeated-with-obstacles-6d-real.tlsf	17	TIMEOUT	17.090087560005486	124	true	timeout	none	0	8	44	50384cf69a733199fa17c9c571da1761d8451991	f80ff3f62daaa6e22a6753a3f30a127baab424d0320949bc9957a6ff62ea5ebe	otf_sparse_formula	2026-09-20T11:59:07.428667Z					8G	0			true		acacia-syntcomp26-coverage-261468-7fa78d02c454.scope
S-cap17-epoch1	robot-resource-2d20.ltl	robot-resource-2d20.tlsf	17	UNREALIZABLE	9.0948923540127	1	false		none	13	31	45	50384cf69a733199fa17c9c571da1761d8451991	f80ff3f62daaa6e22a6753a3f30a127baab424d0320949bc9957a6ff62ea5ebe	otf_sparse_formula	2026-09-20T11:59:16.538111Z		36.080000	82456576		8G	0			true		acacia-syntcomp26-coverage-261468-b545bd8f3059.scope
S-cap17-epoch1	robot_collect_samples_v2-real.ltl	robot_collect_samples_v2-real.tlsf	17	TIMEOUT	17.085306113003753	124	true	timeout	none	0	8	46	50384cf69a733199fa17c9c571da1761d8451991	f80ff3f62daaa6e22a6753a3f30a127baab424d0320949bc9957a6ff62ea5ebe	otf_sparse_formula	2026-09-20T11:59:33.637706Z					8G	0			true		acacia-syntcomp26-coverage-261468-53df541740d4.scope
S-cap17-epoch1	robot_collect_samples_v4-real.ltl	robot_collect_samples_v4-real.tlsf	17	TIMEOUT	17.091553870006464	124	true	timeout	none	0	8	47	50384cf69a733199fa17c9c571da1761d8451991	f80ff3f62daaa6e22a6753a3f30a127baab424d0320949bc9957a6ff62ea5ebe	otf_sparse_formula	2026-09-20T11:59:50.751866Z					8G	0			true		acacia-syntcomp26-coverage-261468-c83a73d23788.scope
S-cap17-epoch1	robot_grid_pb_7_7_pe_.ltl	robot_grid_pb_7_7_pe_.tlsf	17	MEMOUT	11.292673378018662	-15	false	memory	none	0	8	48	50384cf69a733199fa17c9c571da1761d8451991	f80ff3f62daaa6e22a6753a3f30a127baab424d0320949bc9957a6ff62ea5ebe	otf_sparse_formula	2026-09-20T12:00:02.068031Z				8589938688	8G	0			true		acacia-syntcomp26-coverage-261468-fa7978aa9a85.scope
S-cap17-epoch1	round_robin_arbiter_unreal1_pb_4_11_pe_.ltl	round_robin_arbiter_unreal1_pb_4_11_pe_.tlsf	17	TIMEOUT	17.194986491987947	124	true	timeout	none	0	8	49	50384cf69a733199fa17c9c571da1761d8451991	f80ff3f62daaa6e22a6753a3f30a127baab424d0320949bc9957a6ff62ea5ebe	otf_sparse_formula	2026-09-20T12:00:19.302155Z					8G	0			true		acacia-syntcomp26-coverage-261468-7a81bf49a9fa.scope
S-cap17-epoch1	shift_pb_12_pe_.ltl	shift_pb_12_pe_.tlsf	17	REALIZABLE	0.03697277401806787	0	false		status	11	30	50	50384cf69a733199fa17c9c571da1761d8451991	f80ff3f62daaa6e22a6753a3f30a127baab424d0320949bc9957a6ff62ea5ebe	otf_sparse_formula	2026-09-20T12:00:19.364333Z		0.030000	15708160		8G	0			true		acacia-syntcomp26-coverage-261468-fe89a2e3f58d.scope
S-cap17-epoch1	simple_arbiter_enc_pb_10_pe_.ltl	simple_arbiter_enc_pb_10_pe_.tlsf	17	TIMEOUT	17.085417510010302	124	true	timeout	status	0	8	51	50384cf69a733199fa17c9c571da1761d8451991	f80ff3f62daaa6e22a6753a3f30a127baab424d0320949bc9957a6ff62ea5ebe	otf_sparse_formula	2026-09-20T12:00:36.474238Z					8G	0			true		acacia-syntcomp26-coverage-261468-10cef88bc646.scope
S-cap17-epoch1	simple_arbiter_unreal1_pb_4_12_pe_.ltl	simple_arbiter_unreal1_pb_4_12_pe_.tlsf	17	UNREALIZABLE	0.0321618820016738	1	false		status	13	30	52	50384cf69a733199fa17c9c571da1761d8451991	f80ff3f62daaa6e22a6753a3f30a127baab424d0320949bc9957a6ff62ea5ebe	otf_sparse_formula	2026-09-20T12:00:36.528758Z		0.030000	15327232		8G	0			true		acacia-syntcomp26-coverage-261468-f48c41ce0c80.scope
S-cap17-epoch1	simple_arbiter_unreal2_pb_10_pe_.ltl	simple_arbiter_unreal2_pb_10_pe_.tlsf	17	UNREALIZABLE	0.029275056993355975	1	false		status	13	30	53	50384cf69a733199fa17c9c571da1761d8451991	f80ff3f62daaa6e22a6753a3f30a127baab424d0320949bc9957a6ff62ea5ebe	otf_sparse_formula	2026-09-20T12:00:36.593556Z		0.030000	15454208		8G	0			true		acacia-syntcomp26-coverage-261468-2f13435ade49.scope
S-cap17-epoch1	simple_arbiter_with_hints_pb_15_pe_.ltl	simple_arbiter_with_hints_pb_15_pe_.tlsf	17	TIMEOUT	17.085905493004248	124	true	timeout	none	0	8	54	50384cf69a733199fa17c9c571da1761d8451991	f80ff3f62daaa6e22a6753a3f30a127baab424d0320949bc9957a6ff62ea5ebe	otf_sparse_formula	2026-09-20T12:00:53.691634Z					8G	0			true		acacia-syntcomp26-coverage-261468-3f5e91f2379e.scope
S-cap17-epoch1	CheckCoffeMachine_3461125b.ltl	CheckCoffeMachine_3461125b.tlsf	17	UNREALIZABLE	0.023734198999591172	1	false		status	13	30	0	50384cf69a733199fa17c9c571da1761d8451991	f80ff3f62daaa6e22a6753a3f30a127baab424d0320949bc9957a6ff62ea5ebe	otf_sparse_formula	2026-09-20T12:00:53.832214Z		0.030000	18853888		8G	0			true		acacia-syntcomp26-coverage-262150-ec4c0af7c60b.scope
S-cap17-epoch1	CheckTime_4b5e6eaa.ltl	CheckTime_4b5e6eaa.tlsf	17	UNREALIZABLE	0.02060122898546979	1	false		status	13	30	1	50384cf69a733199fa17c9c571da1761d8451991	f80ff3f62daaa6e22a6753a3f30a127baab424d0320949bc9957a6ff62ea5ebe	otf_sparse_formula	2026-09-20T12:00:53.894717Z		0.010000	17326080	43708416	8G	0			true		acacia-syntcomp26-coverage-262150-fb341e44046d.scope
S-cap17-epoch1	F-G-contradiction-2-unreal.ltl	F-G-contradiction-2-unreal.tlsf	17	UNREALIZABLE	0.028479840024374425	1	false		none	13	30	2	50384cf69a733199fa17c9c571da1761d8451991	f80ff3f62daaa6e22a6753a3f30a127baab424d0320949bc9957a6ff62ea5ebe	otf_sparse_formula	2026-09-20T12:00:53.935467Z		0.040000	19873792		8G	0			true		acacia-syntcomp26-coverage-262150-7fdd0d497935.scope
S-cap17-epoch1	Light_a50cadd7.ltl	Light_a50cadd7.tlsf	17	UNREALIZABLE	0.020299266005167738	1	false		status	13	30	3	50384cf69a733199fa17c9c571da1761d8451991	f80ff3f62daaa6e22a6753a3f30a127baab424d0320949bc9957a6ff62ea5ebe	otf_sparse_formula	2026-09-20T12:00:53.968369Z		0.010000	15613952	42635264	8G	0			true		acacia-syntcomp26-coverage-262150-0d5d4fc23e4b.scope
S-cap17-epoch1	LightsMin_6bea956e.ltl	LightsMin_6bea956e.tlsf	17	REALIZABLE	0.02759849399444647	0	false		status	11	30	4	50384cf69a733199fa17c9c571da1761d8451991	f80ff3f62daaa6e22a6753a3f30a127baab424d0320949bc9957a6ff62ea5ebe	otf_sparse_formula	2026-09-20T12:00:54.009802Z		0.010000	19177472	46563328	8G	0			true		acacia-syntcomp26-coverage-262150-067f5c3723a8.scope
S-cap17-epoch1	Morning_14a3b3a2.ltl	Morning_14a3b3a2.tlsf	17	UNREALIZABLE	3.749025685014203	1	false		status	13	32	5	50384cf69a733199fa17c9c571da1761d8451991	f80ff3f62daaa6e22a6753a3f30a127baab424d0320949bc9957a6ff62ea5ebe	otf_sparse_formula	2026-09-20T12:00:57.771682Z		14.850000	204812288		8G	0			true		acacia-syntcomp26-coverage-262150-bd28fe8f834d.scope
S-cap17-epoch1	Sensor.ltl	Sensor.tlsf	17	REALIZABLE	0.1437020520097576	0	false		status	11	30	6	50384cf69a733199fa17c9c571da1761d8451991	f80ff3f62daaa6e22a6753a3f30a127baab424d0320949bc9957a6ff62ea5ebe	otf_sparse_formula	2026-09-20T12:00:57.929548Z		0.480000	27443200		8G	0			true		acacia-syntcomp26-coverage-262150-45d09ceba747.scope
S-cap17-epoch1	Shades2Min_63831f8c.ltl	Shades2Min_63831f8c.tlsf	17	REALIZABLE	0.027021236019209027	0	false		status	11	30	7	50384cf69a733199fa17c9c571da1761d8451991	f80ff3f62daaa6e22a6753a3f30a127baab424d0320949bc9957a6ff62ea5ebe	otf_sparse_formula	2026-09-20T12:00:57.978726Z		0.030000	17788928		8G	0			true		acacia-syntcomp26-coverage-262150-33d099dc9633.scope
S-cap17-epoch1	TwoCounters.ltl	TwoCounters.tlsf	17	UNREALIZABLE	0.03660061999107711	1	false		status	13	30	8	50384cf69a733199fa17c9c571da1761d8451991	f80ff3f62daaa6e22a6753a3f30a127baab424d0320949bc9957a6ff62ea5ebe	otf_sparse_formula	2026-09-20T12:00:58.039318Z		0.050000	20377600		8G	0			true		acacia-syntcomp26-coverage-262150-21adce1485c0.scope
S-cap17-epoch1	TwoCountersDisButA0.ltl	TwoCountersDisButA0.tlsf	17	UNREALIZABLE	0.04681495699333027	1	false		status	13	30	9	50384cf69a733199fa17c9c571da1761d8451991	f80ff3f62daaa6e22a6753a3f30a127baab424d0320949bc9957a6ff62ea5ebe	otf_sparse_formula	2026-09-20T12:00:58.106358Z		0.070000	20377600		8G	0			true		acacia-syntcomp26-coverage-262150-338f66fe6215.scope
S-cap17-epoch1	TwoCountersDisButA8.ltl	TwoCountersDisButA8.tlsf	17	UNREALIZABLE	0.16747765798936598	1	false		status	13	30	10	50384cf69a733199fa17c9c571da1761d8451991	f80ff3f62daaa6e22a6753a3f30a127baab424d0320949bc9957a6ff62ea5ebe	otf_sparse_formula	2026-09-20T12:00:58.287517Z		0.560000	30117888		8G	0			true		acacia-syntcomp26-coverage-262150-2e16653bc36b.scope
S-cap17-epoch1	TwoCountersInRangeA1.ltl	TwoCountersInRangeA1.tlsf	17	UNREALIZABLE	0.025180989992804825	1	false		status	13	30	11	50384cf69a733199fa17c9c571da1761d8451991	f80ff3f62daaa6e22a6753a3f30a127baab424d0320949bc9957a6ff62ea5ebe	otf_sparse_formula	2026-09-20T12:00:58.327152Z		0.020000	20582400		8G	0			true		acacia-syntcomp26-coverage-262150-1f2209a46f52.scope
S-cap17-epoch1	amba_decomposed_lock_pb_11_pe_.ltl	amba_decomposed_lock_pb_11_pe_.tlsf	17	REALIZABLE	1.8651348379789852	0	false		status	11	31	12	50384cf69a733199fa17c9c571da1761d8451991	f80ff3f62daaa6e22a6753a3f30a127baab424d0320949bc9957a6ff62ea5ebe	otf_sparse_formula	2026-09-20T12:01:00.205654Z		5.570000	132374528		8G	0			true		acacia-syntcomp26-coverage-262150-955ee9f6bf1a.scope
S-cap17-epoch1	amba_decomposed_lock_pb_16_pe_.ltl	amba_decomposed_lock_pb_16_pe_.tlsf	17	TIMEOUT	17.094330111984164	124	true	timeout	status	0	8	13	50384cf69a733199fa17c9c571da1761d8451991	f80ff3f62daaa6e22a6753a3f30a127baab424d0320949bc9957a6ff62ea5ebe	otf_sparse_formula	2026-09-20T12:01:17.341436Z					8G	0			true		acacia-syntcomp26-coverage-262150-77d7be88af7b.scope
S-cap17-epoch1	collector_v1_pb_15_pe_.ltl	collector_v1_pb_15_pe_.tlsf	17	TIMEOUT	17.094568055006675	124	true	timeout	none	0	8	14	50384cf69a733199fa17c9c571da1761d8451991	f80ff3f62daaa6e22a6753a3f30a127baab424d0320949bc9957a6ff62ea5ebe	otf_sparse_formula	2026-09-20T12:01:34.463644Z					8G	0			true		acacia-syntcomp26-coverage-262150-05b0bbffebd4.scope
S-cap17-epoch1	collector_v2_pb_15_pe_.ltl	collector_v2_pb_15_pe_.tlsf	17	REALIZABLE	14.480480495025404	0	false		none	11	32	15	50384cf69a733199fa17c9c571da1761d8451991	f80ff3f62daaa6e22a6753a3f30a127baab424d0320949bc9957a6ff62ea5ebe	otf_sparse_formula	2026-09-20T12:01:48.958134Z		57.590000	524386304		8G	0			true		acacia-syntcomp26-coverage-262150-768b734ea14e.scope
S-cap17-epoch1	finding_nemo_pb_5_pe_.ltl	finding_nemo_pb_5_pe_.tlsf	17	TIMEOUT	17.05343497201102	124	true	timeout	none	0	8	16	50384cf69a733199fa17c9c571da1761d8451991	f80ff3f62daaa6e22a6753a3f30a127baab424d0320949bc9957a6ff62ea5ebe	otf_sparse_formula	2026-09-20T12:02:06.023142Z					8G	0			true		acacia-syntcomp26-coverage-262150-83506e856d31.scope
S-cap17-epoch1	full_arbiter_unreal2_pb_3_pe_.ltl	full_arbiter_unreal2_pb_3_pe_.tlsf	17	UNREALIZABLE	0.0257606879749801	1	false		status	13	30	17	50384cf69a733199fa17c9c571da1761d8451991	f80ff3f62daaa6e22a6753a3f30a127baab424d0320949bc9957a6ff62ea5ebe	otf_sparse_formula	2026-09-20T12:02:06.074837Z		0.020000	15474688		8G	0			true		acacia-syntcomp26-coverage-262150-d93cd0a27af6.scope
S-cap17-epoch1	g-unreal-114.ltl	g-unreal-114.tlsf	17	UNREALIZABLE	11.483674957999028	1	false		none	13	32	18	50384cf69a733199fa17c9c571da1761d8451991	f80ff3f62daaa6e22a6753a3f30a127baab424d0320949bc9957a6ff62ea5ebe	otf_sparse_formula	2026-09-20T12:02:17.572117Z		24.610000	573390848		8G	0			true		acacia-syntcomp26-coverage-262150-af742e0ac7aa.scope
S-cap17-epoch1	g-unreal-120.ltl	g-unreal-120.tlsf	17	TIMEOUT	17.085187192016747	124	true	timeout	none	0	8	19	50384cf69a733199fa17c9c571da1761d8451991	f80ff3f62daaa6e22a6753a3f30a127baab424d0320949bc9957a6ff62ea5ebe	otf_sparse_formula	2026-09-20T12:02:34.670254Z					8G	0			true		acacia-syntcomp26-coverage-262150-fe3ceb27cad7.scope
S-cap17-epoch1	g-unreal-39.ltl	g-unreal-39.tlsf	17	UNREALIZABLE	11.895486491994234	1	false		none	13	32	20	50384cf69a733199fa17c9c571da1761d8451991	f80ff3f62daaa6e22a6753a3f30a127baab424d0320949bc9957a6ff62ea5ebe	otf_sparse_formula	2026-09-20T12:02:46.579931Z		47.260000	488108032		8G	0			true		acacia-syntcomp26-coverage-262150-38caa4e99278.scope
S-cap17-epoch1	gf-unreal14.ltl	gf-unreal14.tlsf	17	UNREALIZABLE	0.029007600009208545	1	false		none	13	30	21	50384cf69a733199fa17c9c571da1761d8451991	f80ff3f62daaa6e22a6753a3f30a127baab424d0320949bc9957a6ff62ea5ebe	otf_sparse_formula	2026-09-20T12:02:46.623529Z		0.040000	18083840		8G	0			true		acacia-syntcomp26-coverage-262150-c2b6da50cc51.scope
S-cap17-epoch1	gf-unreal45.ltl	gf-unreal45.tlsf	17	UNREALIZABLE	0.028230745025211945	1	false		none	13	30	22	50384cf69a733199fa17c9c571da1761d8451991	f80ff3f62daaa6e22a6753a3f30a127baab424d0320949bc9957a6ff62ea5ebe	otf_sparse_formula	2026-09-20T12:02:46.664139Z		0.050000	20049920		8G	0			true		acacia-syntcomp26-coverage-262150-c2608cfcf999.scope
S-cap17-epoch1	gf-unreal46.ltl	gf-unreal46.tlsf	17	UNREALIZABLE	0.031240846001310274	1	false		none	13	30	23	50384cf69a733199fa17c9c571da1761d8451991	f80ff3f62daaa6e22a6753a3f30a127baab424d0320949bc9957a6ff62ea5ebe	otf_sparse_formula	2026-09-20T12:02:46.707947Z		0.050000	20062208		8G	0			true		acacia-syntcomp26-coverage-262150-1413f91e1462.scope
S-cap17-epoch1	heim-double-x2.ltl	heim-double-x2.tlsf	17	UNREALIZABLE	0.06274948400096036	1	false		none	13	30	24	50384cf69a733199fa17c9c571da1761d8451991	f80ff3f62daaa6e22a6753a3f30a127baab424d0320949bc9957a6ff62ea5ebe	otf_sparse_formula	2026-09-20T12:02:46.784718Z		0.180000	24371200		8G	0			true		acacia-syntcomp26-coverage-262150-bf8c2b0dbc9d.scope
S-cap17-epoch1	jarvis_gideon_a02758ea.ltl	jarvis_gideon_a02758ea.tlsf	17	UNREALIZABLE	0.019733282999368384	1	false		status	13	30	25	50384cf69a733199fa17c9c571da1761d8451991	f80ff3f62daaa6e22a6753a3f30a127baab424d0320949bc9957a6ff62ea5ebe	otf_sparse_formula	2026-09-20T12:02:46.823942Z		0.020000	15695872		8G	0			true		acacia-syntcomp26-coverage-262150-49bc13e3ec0a.scope
S-cap17-epoch1	lazy_shades_problem_d6376bf9.ltl	lazy_shades_problem_d6376bf9.tlsf	17	REALIZABLE	0.040979452984174713	0	false		status	11	30	26	50384cf69a733199fa17c9c571da1761d8451991	f80ff3f62daaa6e22a6753a3f30a127baab424d0320949bc9957a6ff62ea5ebe	otf_sparse_formula	2026-09-20T12:02:46.878415Z		0.080000	20725760		8G	0			true		acacia-syntcomp26-coverage-262150-aea8155d17d9.scope
S-cap17-epoch1	lift_gr1+_pb_6_pe_.ltl	lift_gr1+_pb_6_pe_.tlsf	17	TIMEOUT	17.145452319004107	124	true	timeout	none	0	8	27	50384cf69a733199fa17c9c571da1761d8451991	f80ff3f62daaa6e22a6753a3f30a127baab424d0320949bc9957a6ff62ea5ebe	otf_sparse_formula	2026-09-20T12:03:04.066513Z					8G	0			true		acacia-syntcomp26-coverage-262150-c18ba945bba0.scope
S-cap17-epoch1	lift_gr1+_pb_9_pe_.ltl	lift_gr1+_pb_9_pe_.tlsf	17	TIMEOUT	17.143985310016433	124	true	timeout	none	0	8	28	50384cf69a733199fa17c9c571da1761d8451991	f80ff3f62daaa6e22a6753a3f30a127baab424d0320949bc9957a6ff62ea5ebe	otf_sparse_formula	2026-09-20T12:03:21.248506Z					8G	0			true		acacia-syntcomp26-coverage-262150-05d98e4ec660.scope
S-cap17-epoch1	lift_pb_9_pe_.ltl	lift_pb_9_pe_.tlsf	17	TIMEOUT	17.052659528999357	124	true	timeout	none	0	8	29	50384cf69a733199fa17c9c571da1761d8451991	f80ff3f62daaa6e22a6753a3f30a127baab424d0320949bc9957a6ff62ea5ebe	otf_sparse_formula	2026-09-20T12:03:38.315118Z					8G	0			true		acacia-syntcomp26-coverage-262150-25d38fc054f8.scope
S-cap17-epoch1	lift_wrong_physics_unreal_pb_8_pe_.ltl	lift_wrong_physics_unreal_pb_8_pe_.tlsf	17	UNREALIZABLE	0.12863756698789075	1	false		none	13	30	30	50384cf69a733199fa17c9c571da1761d8451991	f80ff3f62daaa6e22a6753a3f30a127baab424d0320949bc9957a6ff62ea5ebe	otf_sparse_formula	2026-09-20T12:03:38.459831Z		0.450000	27738112		8G	0			true		acacia-syntcomp26-coverage-262150-fbc1e3d5c342.scope
S-cap17-epoch1	load_balancer_pb_7_pe_.ltl	load_balancer_pb_7_pe_.tlsf	17	REALIZABLE	4.8760483440128155	0	false		status	11	32	31	50384cf69a733199fa17c9c571da1761d8451991	f80ff3f62daaa6e22a6753a3f30a127baab424d0320949bc9957a6ff62ea5ebe	otf_sparse_formula	2026-09-20T12:03:43.349773Z		15.180000	154992640		8G	0			true		acacia-syntcomp26-coverage-262150-11863d630494.scope
S-cap17-epoch1	load_balancer_unreal1_pb_2_13_pe_.ltl	load_balancer_unreal1_pb_2_13_pe_.tlsf	17	UNREALIZABLE	0.15882790699834004	1	false		status	13	30	32	50384cf69a733199fa17c9c571da1761d8451991	f80ff3f62daaa6e22a6753a3f30a127baab424d0320949bc9957a6ff62ea5ebe	otf_sparse_formula	2026-09-20T12:03:43.523246Z		0.430000	28033024		8G	0			true		acacia-syntcomp26-coverage-262150-754cfd43f70e.scope
S-cap17-epoch1	ltl2dba02.ltl	ltl2dba02.tlsf	17	REALIZABLE	0.0228148469759617	0	false		status	11	30	33	50384cf69a733199fa17c9c571da1761d8451991	f80ff3f62daaa6e22a6753a3f30a127baab424d0320949bc9957a6ff62ea5ebe	otf_sparse_formula	2026-09-20T12:03:43.569914Z		0.020000	15290368		8G	0			true		acacia-syntcomp26-coverage-262150-cfd1e1eb621c.scope
S-cap17-epoch1	ltl2dba08.ltl	ltl2dba08.tlsf	17	REALIZABLE	0.027589158999035135	0	false		status	11	30	34	50384cf69a733199fa17c9c571da1761d8451991	f80ff3f62daaa6e22a6753a3f30a127baab424d0320949bc9957a6ff62ea5ebe	otf_sparse_formula	2026-09-20T12:03:43.621077Z		0.020000	15421440		8G	0			true		acacia-syntcomp26-coverage-262150-d525d3958077.scope
S-cap17-epoch1	ltl2dba26.ltl	ltl2dba26.tlsf	17	REALIZABLE	0.024853148992406204	0	false		status	11	30	35	50384cf69a733199fa17c9c571da1761d8451991	f80ff3f62daaa6e22a6753a3f30a127baab424d0320949bc9957a6ff62ea5ebe	otf_sparse_formula	2026-09-20T12:03:43.674292Z		0.010000	15319040		8G	0			true		acacia-syntcomp26-coverage-262150-86eb60d2502a.scope
S-cap17-epoch1	ltl2dba_C2_pb_8_pe_.ltl	ltl2dba_C2_pb_8_pe_.tlsf	17	REALIZABLE	0.03382309101289138	0	false		status	11	30	36	50384cf69a733199fa17c9c571da1761d8451991	f80ff3f62daaa6e22a6753a3f30a127baab424d0320949bc9957a6ff62ea5ebe	otf_sparse_formula	2026-09-20T12:03:43.738051Z		0.030000	15511552		8G	0			true		acacia-syntcomp26-coverage-262150-214ad155cf74.scope
S-cap17-epoch1	ltl2dba_C2_unreal_pb_25_pe_.ltl	ltl2dba_C2_unreal_pb_25_pe_.tlsf	17	TIMEOUT	17.092749310017098	124	true	timeout	status	0	8	37	50384cf69a733199fa17c9c571da1761d8451991	f80ff3f62daaa6e22a6753a3f30a127baab424d0320949bc9957a6ff62ea5ebe	otf_sparse_formula	2026-09-20T12:04:00.870099Z					8G	0			true		acacia-syntcomp26-coverage-262150-19b8d80c956e.scope
S-cap17-epoch1	ltl2dba_E_pb_1_pe_.ltl	ltl2dba_E_pb_1_pe_.tlsf	17	REALIZABLE	0.03961548299412243	0	false		status	11	30	38	50384cf69a733199fa17c9c571da1761d8451991	f80ff3f62daaa6e22a6753a3f30a127baab424d0320949bc9957a6ff62ea5ebe	otf_sparse_formula	2026-09-20T12:04:00.949888Z		0.030000	15290368		8G	0			true		acacia-syntcomp26-coverage-262150-f9c239c7725e.scope
S-cap17-epoch1	ltl2dba_E_pb_8_pe_.ltl	ltl2dba_E_pb_8_pe_.tlsf	17	REALIZABLE	0.03483093300019391	0	false		status	11	30	39	50384cf69a733199fa17c9c571da1761d8451991	f80ff3f62daaa6e22a6753a3f30a127baab424d0320949bc9957a6ff62ea5ebe	otf_sparse_formula	2026-09-20T12:04:01.025230Z		0.030000	15233024		8G	0			true		acacia-syntcomp26-coverage-262150-cc6c553508e0.scope
S-cap17-epoch1	ltl2dba_Q_pb_1_pe_.ltl	ltl2dba_Q_pb_1_pe_.tlsf	17	REALIZABLE	0.03392305999295786	0	false		status	11	30	40	50384cf69a733199fa17c9c571da1761d8451991	f80ff3f62daaa6e22a6753a3f30a127baab424d0320949bc9957a6ff62ea5ebe	otf_sparse_formula	2026-09-20T12:04:01.096482Z		0.030000	15314944		8G	0			true		acacia-syntcomp26-coverage-262150-d2c9c5845b47.scope
S-cap17-epoch1	ltl2dba_U1_pb_15_pe_.ltl	ltl2dba_U1_pb_15_pe_.tlsf	17	REALIZABLE	0.03308987198397517	0	false		none	11	30	41	50384cf69a733199fa17c9c571da1761d8451991	f80ff3f62daaa6e22a6753a3f30a127baab424d0320949bc9957a6ff62ea5ebe	otf_sparse_formula	2026-09-20T12:04:01.158803Z		0.040000	15241216		8G	0			true		acacia-syntcomp26-coverage-262150-54ffa6f674ed.scope
S-cap17-epoch1	ltl2dba_theta_pb_2_pe_.ltl	ltl2dba_theta_pb_2_pe_.tlsf	17	UNREALIZABLE	0.03641980400425382	1	false		status	13	30	42	50384cf69a733199fa17c9c571da1761d8451991	f80ff3f62daaa6e22a6753a3f30a127baab424d0320949bc9957a6ff62ea5ebe	otf_sparse_formula	2026-09-20T12:04:01.222920Z		0.050000	19013632		8G	0			true		acacia-syntcomp26-coverage-262150-c133e8a8a65e.scope
S-cap17-epoch1	ltl2dpa13.ltl	ltl2dpa13.tlsf	17	REALIZABLE	0.045181782013969496	0	false		status	11	30	43	50384cf69a733199fa17c9c571da1761d8451991	f80ff3f62daaa6e22a6753a3f30a127baab424d0320949bc9957a6ff62ea5ebe	otf_sparse_formula	2026-09-20T12:04:01.290522Z		0.070000	20295680		8G	0			true		acacia-syntcomp26-coverage-262150-c3bbb7fc240a.scope
S-cap17-epoch1	patrolling-alarm24.ltl	patrolling-alarm24.tlsf	17	UNREALIZABLE	0.7785195369797293	1	false		none	13	31	44	50384cf69a733199fa17c9c571da1761d8451991	f80ff3f62daaa6e22a6753a3f30a127baab424d0320949bc9957a6ff62ea5ebe	otf_sparse_formula	2026-09-20T12:04:02.082842Z		2.940000	129830912		8G	0			true		acacia-syntcomp26-coverage-262150-6ec3c741cfdb.scope
S-cap17-epoch1	prioritized_arbiter_unreal1_pb_3_14_pe_.ltl	prioritized_arbiter_unreal1_pb_3_14_pe_.tlsf	17	UNREALIZABLE	0.025699539022753015	1	false		status	13	30	45	50384cf69a733199fa17c9c571da1761d8451991	f80ff3f62daaa6e22a6753a3f30a127baab424d0320949bc9957a6ff62ea5ebe	otf_sparse_formula	2026-09-20T12:04:02.134745Z		0.030000	18706432		8G	0			true		acacia-syntcomp26-coverage-262150-d39640acbe40.scope
S-cap17-epoch1	prioritized_arbiter_unreal1_pb_3_16_pe_.ltl	prioritized_arbiter_unreal1_pb_3_16_pe_.tlsf	17	UNREALIZABLE	0.03853797301417217	1	false		status	13	30	46	50384cf69a733199fa17c9c571da1761d8451991	f80ff3f62daaa6e22a6753a3f30a127baab424d0320949bc9957a6ff62ea5ebe	otf_sparse_formula	2026-09-20T12:04:02.200569Z		0.040000	18911232		8G	0			true		acacia-syntcomp26-coverage-262150-bc657fffdc3a.scope
S-cap17-epoch1	prioritized_arbiter_unreal1_pb_3_8_pe_.ltl	prioritized_arbiter_unreal1_pb_3_8_pe_.tlsf	17	UNREALIZABLE	0.031997787998989224	1	false		status	13	30	47	50384cf69a733199fa17c9c571da1761d8451991	f80ff3f62daaa6e22a6753a3f30a127baab424d0320949bc9957a6ff62ea5ebe	otf_sparse_formula	2026-09-20T12:04:02.269309Z		0.040000	18620416		8G	0			true		acacia-syntcomp26-coverage-262150-508715097f2e.scope
S-cap17-epoch1	prioritized_arbiter_unreal1_pb_4_14_pe_.ltl	prioritized_arbiter_unreal1_pb_4_14_pe_.tlsf	17	UNREALIZABLE	0.03689949298859574	1	false		status	13	30	48	50384cf69a733199fa17c9c571da1761d8451991	f80ff3f62daaa6e22a6753a3f30a127baab424d0320949bc9957a6ff62ea5ebe	otf_sparse_formula	2026-09-20T12:04:02.333383Z		0.050000	18894848		8G	0			true		acacia-syntcomp26-coverage-262150-8114d1114974.scope
S-cap17-epoch1	robot_running-real.ltl	robot_running-real.tlsf	17	TIMEOUT	17.086788830987643	124	true	timeout	none	0	8	49	50384cf69a733199fa17c9c571da1761d8451991	f80ff3f62daaa6e22a6753a3f30a127baab424d0320949bc9957a6ff62ea5ebe	otf_sparse_formula	2026-09-20T12:04:19.433014Z					8G	0			true		acacia-syntcomp26-coverage-262150-d78175c3e985.scope
S-cap17-epoch1	round_robin_arbiter_unreal1_pb_2_14_pe_.ltl	round_robin_arbiter_unreal1_pb_2_14_pe_.tlsf	17	UNREALIZABLE	0.608574159006821	1	false		status	13	30	50	50384cf69a733199fa17c9c571da1761d8451991	f80ff3f62daaa6e22a6753a3f30a127baab424d0320949bc9957a6ff62ea5ebe	otf_sparse_formula	2026-09-20T12:04:20.055717Z		2.330000	99819520		8G	0			true		acacia-syntcomp26-coverage-262150-c6975303017e.scope
S-cap17-epoch1	round_robin_arbiter_unreal1_pb_2_1_pe_.ltl	round_robin_arbiter_unreal1_pb_2_1_pe_.tlsf	17	UNREALIZABLE	0.026498725987039506	1	false		status	13	30	51	50384cf69a733199fa17c9c571da1761d8451991	f80ff3f62daaa6e22a6753a3f30a127baab424d0320949bc9957a6ff62ea5ebe	otf_sparse_formula	2026-09-20T12:04:20.107482Z		0.030000	19038208		8G	0			true		acacia-syntcomp26-coverage-262150-76a03cf0f5dc.scope
S-cap17-epoch1	round_robin_arbiter_unreal1_pb_2_8_pe_.ltl	round_robin_arbiter_unreal1_pb_2_8_pe_.tlsf	17	UNREALIZABLE	0.04839626501780003	1	false		status	13	30	52	50384cf69a733199fa17c9c571da1761d8451991	f80ff3f62daaa6e22a6753a3f30a127baab424d0320949bc9957a6ff62ea5ebe	otf_sparse_formula	2026-09-20T12:04:20.168940Z		0.090000	20164608		8G	0			true		acacia-syntcomp26-coverage-262150-2d0ccd725146.scope
S-cap17-epoch1	round_robin_arbiter_unreal1_pb_3_20_pe_.ltl	round_robin_arbiter_unreal1_pb_3_20_pe_.tlsf	17	TIMEOUT	17.183622705982998	124	true	timeout	status	0	8	53	50384cf69a733199fa17c9c571da1761d8451991	f80ff3f62daaa6e22a6753a3f30a127baab424d0320949bc9957a6ff62ea5ebe	otf_sparse_formula	2026-09-20T12:04:37.389224Z					8G	0			true		acacia-syntcomp26-coverage-262150-eedd778c8a93.scope
S-cap17-epoch1	round_robin_arbiter_unreal2_pb_2_pe_.ltl	round_robin_arbiter_unreal2_pb_2_pe_.tlsf	17	UNREALIZABLE	0.03217806198517792	1	false		status	13	30	54	50384cf69a733199fa17c9c571da1761d8451991	f80ff3f62daaa6e22a6753a3f30a127baab424d0320949bc9957a6ff62ea5ebe	otf_sparse_formula	2026-09-20T12:04:37.445480Z		0.030000	19148800		8G	0			true		acacia-syntcomp26-coverage-262150-de7cd197b062.scope
S-cap17-epoch1	simple_arbiter_unreal1_pb_4_6_pe_.ltl	simple_arbiter_unreal1_pb_4_6_pe_.tlsf	17	UNREALIZABLE	0.0356819829903543	1	false		status	13	30	55	50384cf69a733199fa17c9c571da1761d8451991	f80ff3f62daaa6e22a6753a3f30a127baab424d0320949bc9957a6ff62ea5ebe	otf_sparse_formula	2026-09-20T12:04:37.519558Z		0.040000	15261696		8G	0			true		acacia-syntcomp26-coverage-262150-940db2954c94.scope
S-cap17-epoch1	simple_arbiter_unreal2_pb_25_pe_.ltl	simple_arbiter_unreal2_pb_25_pe_.tlsf	17	UNREALIZABLE	0.037553414003923535	1	false		status	13	30	56	50384cf69a733199fa17c9c571da1761d8451991	f80ff3f62daaa6e22a6753a3f30a127baab424d0320949bc9957a6ff62ea5ebe	otf_sparse_formula	2026-09-20T12:04:37.585655Z		0.050000	15740928		8G	0			true		acacia-syntcomp26-coverage-262150-36cdef361cbe.scope
S-cap17-epoch1	simple_arbiter_with_hints_pb_10_pe_.ltl	simple_arbiter_with_hints_pb_10_pe_.tlsf	17	TIMEOUT	17.193449054990197	124	true	timeout	none	0	8	57	50384cf69a733199fa17c9c571da1761d8451991	f80ff3f62daaa6e22a6753a3f30a127baab424d0320949bc9957a6ff62ea5ebe	otf_sparse_formula	2026-09-20T12:04:54.813638Z					8G	0			true		acacia-syntcomp26-coverage-262150-7726b8469aca.scope
S-cap17-epoch1	test2_f2774e0b.ltl	test2_f2774e0b.tlsf	17	REALIZABLE	0.03640672599431127	0	false		status	11	30	58	50384cf69a733199fa17c9c571da1761d8451991	f80ff3f62daaa6e22a6753a3f30a127baab424d0320949bc9957a6ff62ea5ebe	otf_sparse_formula	2026-09-20T12:04:54.875308Z		0.040000	20070400		8G	0			true		acacia-syntcomp26-coverage-262150-3c402cfdd859.scope
S-cap17-epoch1	test7_2c5b09da.ltl	test7_2c5b09da.tlsf	17	REALIZABLE	0.03180702499230392	0	false		status	11	30	59	50384cf69a733199fa17c9c571da1761d8451991	f80ff3f62daaa6e22a6753a3f30a127baab424d0320949bc9957a6ff62ea5ebe	otf_sparse_formula	2026-09-20T12:04:54.928845Z		0.030000	19918848		8G	0			true		acacia-syntcomp26-coverage-262150-7d0aaccd24e4.scope
S-cap17-epoch1	test9_dd3a27e1.ltl	test9_dd3a27e1.tlsf	17	UNREALIZABLE	0.035977050982182845	1	false		status	13	30	60	50384cf69a733199fa17c9c571da1761d8451991	f80ff3f62daaa6e22a6753a3f30a127baab424d0320949bc9957a6ff62ea5ebe	otf_sparse_formula	2026-09-20T12:04:54.991698Z		0.050000	19161088		8G	0			true		acacia-syntcomp26-coverage-262150-f3e99ab24edd.scope
S-cap17-epoch1	workstation_resupply_pb_4_pe_.ltl	workstation_resupply_pb_4_pe_.tlsf	17	TIMEOUT	17.144203543983167	124	true	timeout	none	0	8	61	50384cf69a733199fa17c9c571da1761d8451991	f80ff3f62daaa6e22a6753a3f30a127baab424d0320949bc9957a6ff62ea5ebe	otf_sparse_formula	2026-09-20T12:05:12.165565Z					8G	0			true		acacia-syntcomp26-coverage-262150-8f07b6193be7.scope
S-cap17-epoch1	09.ltl	09.tlsf	17	REALIZABLE	7.52920983399963	0	false		none	11	32	0	50384cf69a733199fa17c9c571da1761d8451991	f80ff3f62daaa6e22a6753a3f30a127baab424d0320949bc9957a6ff62ea5ebe	otf_sparse_formula	2026-09-20T12:14:35.570672Z		25.090000	270172160		8G	0			true		acacia-syntcomp26-coverage-264278-7540be45dfe7.scope
S-cap17-epoch1	Alarm_a5f99bc6.ltl	Alarm_a5f99bc6.tlsf	17	TIMEOUT	17.13557910299278	124	true	timeout	status	0	8	1	50384cf69a733199fa17c9c571da1761d8451991	f80ff3f62daaa6e22a6753a3f30a127baab424d0320949bc9957a6ff62ea5ebe	otf_sparse_formula	2026-09-20T12:14:52.729835Z					8G	0			true		acacia-syntcomp26-coverage-264278-5e5e0eddccf4.scope
S-cap17-epoch1	AllLights_aeb1d897.ltl	AllLights_aeb1d897.tlsf	17	UNREALIZABLE	2.5736368630023208	1	false		status	13	31	2	50384cf69a733199fa17c9c571da1761d8451991	f80ff3f62daaa6e22a6753a3f30a127baab424d0320949bc9957a6ff62ea5ebe	otf_sparse_formula	2026-09-20T12:14:55.319009Z		10.180000	70836224		8G	0			true		acacia-syntcomp26-coverage-264278-0fa2b4b0ff89.scope
S-cap17-epoch1	Assumptions_a50cadd7.ltl	Assumptions_a50cadd7.tlsf	17	UNREALIZABLE	0.024595307011622936	1	false		status	13	30	3	50384cf69a733199fa17c9c571da1761d8451991	f80ff3f62daaa6e22a6753a3f30a127baab424d0320949bc9957a6ff62ea5ebe	otf_sparse_formula	2026-09-20T12:14:55.366993Z		0.030000	19361792		8G	0			true		acacia-syntcomp26-coverage-264278-e6339c42610f.scope
S-cap17-epoch1	CheckLight_007df645.ltl	CheckLight_007df645.tlsf	17	UNREALIZABLE	0.04074362199753523	1	false		status	13	30	4	50384cf69a733199fa17c9c571da1761d8451991	f80ff3f62daaa6e22a6753a3f30a127baab424d0320949bc9957a6ff62ea5ebe	otf_sparse_formula	2026-09-20T12:14:55.434656Z		0.050000	18411520		8G	0			true		acacia-syntcomp26-coverage-264278-559f49698c60.scope
S-cap17-epoch1	Cockpitboard_efe2feaf.ltl	Cockpitboard_efe2feaf.tlsf	17	REALIZABLE	0.030459531000815332	0	false		status	11	30	5	50384cf69a733199fa17c9c571da1761d8451991	f80ff3f62daaa6e22a6753a3f30a127baab424d0320949bc9957a6ff62ea5ebe	otf_sparse_formula	2026-09-20T12:14:55.500920Z		0.030000	15912960		8G	0			true		acacia-syntcomp26-coverage-264278-11a9ad1c1e4e.scope
S-cap17-epoch1	Coffee_2c5b09da.ltl	Coffee_2c5b09da.tlsf	17	REALIZABLE	0.041208053997252136	0	false		status	11	30	6	50384cf69a733199fa17c9c571da1761d8451991	f80ff3f62daaa6e22a6753a3f30a127baab424d0320949bc9957a6ff62ea5ebe	otf_sparse_formula	2026-09-20T12:14:55.568455Z		0.060000	19775488		8G	0			true		acacia-syntcomp26-coverage-264278-bec154446c54.scope
S-cap17-epoch1	EscalatorBidirectional.ltl	EscalatorBidirectional.tlsf	17	REALIZABLE	0.03849698600242846	0	false		status	11	30	7	50384cf69a733199fa17c9c571da1761d8451991	f80ff3f62daaa6e22a6753a3f30a127baab424d0320949bc9957a6ff62ea5ebe	otf_sparse_formula	2026-09-20T12:14:55.633810Z		0.060000	20353024		8G	0			true		acacia-syntcomp26-coverage-264278-af429f8ad53f.scope
S-cap17-epoch1	F-G-contradiction-14.ltl	F-G-contradiction-14.tlsf	17	UNREALIZABLE	0.32039526602602564	1	false		none	13	30	8	50384cf69a733199fa17c9c571da1761d8451991	f80ff3f62daaa6e22a6753a3f30a127baab424d0320949bc9957a6ff62ea5ebe	otf_sparse_formula	2026-09-20T12:14:55.973161Z		1.160000	52559872		8G	0			true		acacia-syntcomp26-coverage-264278-1bfcf92f338d.scope
S-cap17-epoch1	F-G-contradiction-17.ltl	F-G-contradiction-17.tlsf	17	UNREALIZABLE	10.368549136997899	1	false		none	13	32	9	50384cf69a733199fa17c9c571da1761d8451991	f80ff3f62daaa6e22a6753a3f30a127baab424d0320949bc9957a6ff62ea5ebe	otf_sparse_formula	2026-09-20T12:15:06.355182Z		41.080000	895475712		8G	0			true		acacia-syntcomp26-coverage-264278-ad43477ee6f6.scope
S-cap17-epoch1	FelixSpecFixed2_fa4d4ce3.ltl	FelixSpecFixed2_fa4d4ce3.tlsf	17	TIMEOUT	17.089837690989953	124	true	timeout	status	0	8	10	50384cf69a733199fa17c9c571da1761d8451991	f80ff3f62daaa6e22a6753a3f30a127baab424d0320949bc9957a6ff62ea5ebe	otf_sparse_formula	2026-09-20T12:15:23.486541Z					8G	0			true		acacia-syntcomp26-coverage-264278-bde19af0a71b.scope
S-cap17-epoch1	GF-G-contradiction0.ltl	GF-G-contradiction0.tlsf	17	UNREALIZABLE	0.043036229006247595	1	false		none	13	30	11	50384cf69a733199fa17c9c571da1761d8451991	f80ff3f62daaa6e22a6753a3f30a127baab424d0320949bc9957a6ff62ea5ebe	otf_sparse_formula	2026-09-20T12:15:23.545464Z		0.070000	21024768		8G	0			true		acacia-syntcomp26-coverage-264278-e68bd4451abd.scope
S-cap17-epoch1	Heating_b02056d6.ltl	Heating_b02056d6.tlsf	17	REALIZABLE	0.028989216982154176	0	false		status	11	30	12	50384cf69a733199fa17c9c571da1761d8451991	f80ff3f62daaa6e22a6753a3f30a127baab424d0320949bc9957a6ff62ea5ebe	otf_sparse_formula	2026-09-20T12:15:23.598324Z		0.040000	18714624		8G	0			true		acacia-syntcomp26-coverage-264278-c9558feaf947.scope
S-cap17-epoch1	Lights2_9cac58d3.ltl	Lights2_9cac58d3.tlsf	17	REALIZABLE	0.2055487589968834	0	false		status	11	30	13	50384cf69a733199fa17c9c571da1761d8451991	f80ff3f62daaa6e22a6753a3f30a127baab424d0320949bc9957a6ff62ea5ebe	otf_sparse_formula	2026-09-20T12:15:23.817223Z		0.720000	31555584		8G	0			true		acacia-syntcomp26-coverage-264278-72208e815dd6.scope
S-cap17-epoch1	Morning2s_d6c5ac79.ltl	Morning2s_d6c5ac79.tlsf	17	TIMEOUT	17.09207351799705	124	true	timeout	none	0	8	14	50384cf69a733199fa17c9c571da1761d8451991	f80ff3f62daaa6e22a6753a3f30a127baab424d0320949bc9957a6ff62ea5ebe	otf_sparse_formula	2026-09-20T12:15:40.951677Z					8G	0			true		acacia-syntcomp26-coverage-264278-63b24915b276.scope
S-cap17-epoch1	OneCounter.ltl	OneCounter.tlsf	17	REALIZABLE	3.1066534880083054	0	false		status	11	33	15	50384cf69a733199fa17c9c571da1761d8451991	f80ff3f62daaa6e22a6753a3f30a127baab424d0320949bc9957a6ff62ea5ebe	otf_sparse_formula	2026-09-20T12:15:44.072145Z		12.100000	1093980160		8G	0			true		acacia-syntcomp26-coverage-264278-abfb27149e91.scope
S-cap17-epoch1	SPIReadSdi.ltl	SPIReadSdi.tlsf	17	REALIZABLE	0.017358645010972396	0	false		status	11	30	16	50384cf69a733199fa17c9c571da1761d8451991	f80ff3f62daaa6e22a6753a3f30a127baab424d0320949bc9957a6ff62ea5ebe	otf_sparse_formula	2026-09-20T12:15:44.104145Z		0.010000	20152320	47108096	8G	0			true		acacia-syntcomp26-coverage-264278-9c88d7b52b77.scope
S-cap17-epoch1	TwoCountersRefined.ltl	TwoCountersRefined.tlsf	17	UNREALIZABLE	0.022328908002236858	1	false		status	13	30	17	50384cf69a733199fa17c9c571da1761d8451991	f80ff3f62daaa6e22a6753a3f30a127baab424d0320949bc9957a6ff62ea5ebe	otf_sparse_formula	2026-09-20T12:15:44.148010Z		0.020000	20525056		8G	0			true		acacia-syntcomp26-coverage-264278-ed23dd25bf4a.scope
S-cap17-epoch1	WindowMin_a5f99bc6.ltl	WindowMin_a5f99bc6.tlsf	17	REALIZABLE	0.0337563679786399	0	false		status	11	30	18	50384cf69a733199fa17c9c571da1761d8451991	f80ff3f62daaa6e22a6753a3f30a127baab424d0320949bc9957a6ff62ea5ebe	otf_sparse_formula	2026-09-20T12:15:44.217003Z		0.040000	18870272		8G	0			true		acacia-syntcomp26-coverage-264278-2c071f9d9a79.scope
S-cap17-epoch1	amba_case_study_pb_4_pe_.ltl	amba_case_study_pb_4_pe_.tlsf	17	TIMEOUT	17.04376520702499	124	true	timeout	none	0	8	19	50384cf69a733199fa17c9c571da1761d8451991	f80ff3f62daaa6e22a6753a3f30a127baab424d0320949bc9957a6ff62ea5ebe	otf_sparse_formula	2026-09-20T12:16:01.274064Z					8G	0			true		acacia-syntcomp26-coverage-264278-917df2ff4745.scope
S-cap17-epoch1	amba_decomposed_encode_pb_3_pe_.ltl	amba_decomposed_encode_pb_3_pe_.tlsf	17	REALIZABLE	0.026065415993798524	0	false		status	11	30	20	50384cf69a733199fa17c9c571da1761d8451991	f80ff3f62daaa6e22a6753a3f30a127baab424d0320949bc9957a6ff62ea5ebe	otf_sparse_formula	2026-09-20T12:16:01.322750Z		0.030000	20082688		8G	0			true		acacia-syntcomp26-coverage-264278-4340276020b9.scope
S-cap17-epoch1	amba_gr+_pb_3_pe_.ltl	amba_gr+_pb_3_pe_.tlsf	17	TIMEOUT	17.09206638301839	124	true	timeout	none	0	8	21	50384cf69a733199fa17c9c571da1761d8451991	f80ff3f62daaa6e22a6753a3f30a127baab424d0320949bc9957a6ff62ea5ebe	otf_sparse_formula	2026-09-20T12:16:18.455582Z					8G	0			true		acacia-syntcomp26-coverage-264278-48fc51609969.scope
S-cap17-epoch1	arbiter_pb_10_pe_.ltl	arbiter_pb_10_pe_.tlsf	17	TIMEOUT	17.05387154201162	124	true	timeout	none	0	8	22	50384cf69a733199fa17c9c571da1761d8451991	f80ff3f62daaa6e22a6753a3f30a127baab424d0320949bc9957a6ff62ea5ebe	otf_sparse_formula	2026-09-20T12:16:35.527812Z					8G	0			true		acacia-syntcomp26-coverage-264278-7a01a93f8136.scope
S-cap17-epoch1	chain-simple-20-real.ltl	chain-simple-20-real.tlsf	17	REALIZABLE	0.2548556679976173	0	false		none	11	30	23	50384cf69a733199fa17c9c571da1761d8451991	f80ff3f62daaa6e22a6753a3f30a127baab424d0320949bc9957a6ff62ea5ebe	otf_sparse_formula	2026-09-20T12:16:35.797034Z		0.930000	45105152		8G	0			true		acacia-syntcomp26-coverage-264278-b06275cb6fbe.scope
S-cap17-epoch1	chomp_pb_4_5_pe_.ltl	chomp_pb_4_5_pe_.tlsf	17	TIMEOUT	17.084543835982913	124	true	timeout	status	0	8	24	50384cf69a733199fa17c9c571da1761d8451991	f80ff3f62daaa6e22a6753a3f30a127baab424d0320949bc9957a6ff62ea5ebe	otf_sparse_formula	2026-09-20T12:16:52.894188Z					8G	0			true		acacia-syntcomp26-coverage-264278-004fa6a4769d.scope
S-cap17-epoch1	collector_v2_pb_10_pe_.ltl	collector_v2_pb_10_pe_.tlsf	17	REALIZABLE	0.14922107598977163	0	false		none	11	30	25	50384cf69a733199fa17c9c571da1761d8451991	f80ff3f62daaa6e22a6753a3f30a127baab424d0320949bc9957a6ff62ea5ebe	otf_sparse_formula	2026-09-20T12:16:53.057154Z		0.530000	56115200		8G	0			true		acacia-syntcomp26-coverage-264278-cd70f3eec1ce.scope
S-cap17-epoch1	example7a_pb_1_pe_.ltl	example7a_pb_1_pe_.tlsf	17	REALIZABLE	0.020627958001568913	0	false		none	11	30	26	50384cf69a733199fa17c9c571da1761d8451991	f80ff3f62daaa6e22a6753a3f30a127baab424d0320949bc9957a6ff62ea5ebe	otf_sparse_formula	2026-09-20T12:16:53.092502Z		0.010000	17567744	42930176	8G	0			true		acacia-syntcomp26-coverage-264278-f33f4ae6132c.scope
S-cap17-epoch1	finding_nemo_pb_3_pe_.ltl	finding_nemo_pb_3_pe_.tlsf	17	TIMEOUT	17.0524758620013	124	true	timeout	none	0	8	27	50384cf69a733199fa17c9c571da1761d8451991	f80ff3f62daaa6e22a6753a3f30a127baab424d0320949bc9957a6ff62ea5ebe	otf_sparse_formula	2026-09-20T12:17:10.156717Z					8G	0			true		acacia-syntcomp26-coverage-264278-415909c43eee.scope
S-cap17-epoch1	g-unreal-38.ltl	g-unreal-38.tlsf	17	UNREALIZABLE	9.728264459990896	1	false		none	13	32	28	50384cf69a733199fa17c9c571da1761d8451991	f80ff3f62daaa6e22a6753a3f30a127baab424d0320949bc9957a6ff62ea5ebe	otf_sparse_formula	2026-09-20T12:17:19.899381Z		38.480000	979050496		8G	0			true		acacia-syntcomp26-coverage-264278-d40fdeba0625.scope
S-cap17-epoch1	gf-unreal19.ltl	gf-unreal19.tlsf	17	UNREALIZABLE	0.02775434497743845	1	false		none	13	30	29	50384cf69a733199fa17c9c571da1761d8451991	f80ff3f62daaa6e22a6753a3f30a127baab424d0320949bc9957a6ff62ea5ebe	otf_sparse_formula	2026-09-20T12:17:19.939669Z		0.030000	18489344		8G	0			true		acacia-syntcomp26-coverage-264278-6714704f3f8e.scope
S-cap17-epoch1	lilydemo12.ltl	lilydemo12.tlsf	17	REALIZABLE	0.015013610012829304	0	false		status	11	30	30	50384cf69a733199fa17c9c571da1761d8451991	f80ff3f62daaa6e22a6753a3f30a127baab424d0320949bc9957a6ff62ea5ebe	otf_sparse_formula	2026-09-20T12:17:19.968248Z		0.010000	15343616	40980480	8G	0			true		acacia-syntcomp26-coverage-264278-094a6d4dd8cd.scope
S-cap17-epoch1	load_balancer_unreal1_pb_2_1_pe_.ltl	load_balancer_unreal1_pb_2_1_pe_.tlsf	17	UNREALIZABLE	0.01643588999286294	1	false		status	13	30	31	50384cf69a733199fa17c9c571da1761d8451991	f80ff3f62daaa6e22a6753a3f30a127baab424d0320949bc9957a6ff62ea5ebe	otf_sparse_formula	2026-09-20T12:17:19.997590Z		0.020000	19124224	45510656	8G	0			true		acacia-syntcomp26-coverage-264278-4479035cf9d0.scope
S-cap17-epoch1	load_balancer_unreal1_pb_3_11_pe_.ltl	load_balancer_unreal1_pb_3_11_pe_.tlsf	17	UNREALIZABLE	0.29099050001241267	1	false		status	13	30	32	50384cf69a733199fa17c9c571da1761d8451991	f80ff3f62daaa6e22a6753a3f30a127baab424d0320949bc9957a6ff62ea5ebe	otf_sparse_formula	2026-09-20T12:17:20.301261Z		0.880000	38158336		8G	0			true		acacia-syntcomp26-coverage-264278-b1ccdcd6bb78.scope
S-cap17-epoch1	ltl2dba_alpha_pb_100_pe_.ltl	ltl2dba_alpha_pb_100_pe_.tlsf	17	REALIZABLE	0.020384242001455277	0	false		none	11	30	33	50384cf69a733199fa17c9c571da1761d8451991	f80ff3f62daaa6e22a6753a3f30a127baab424d0320949bc9957a6ff62ea5ebe	otf_sparse_formula	2026-09-20T12:17:20.335511Z		0.010000	15691776	42393600	8G	0			true		acacia-syntcomp26-coverage-264278-9fa3c248737e.scope
S-cap17-epoch1	patrolling-alarm11.ltl	patrolling-alarm11.tlsf	17	UNREALIZABLE	0.15080387899070047	1	false		none	13	30	34	50384cf69a733199fa17c9c571da1761d8451991	f80ff3f62daaa6e22a6753a3f30a127baab424d0320949bc9957a6ff62ea5ebe	otf_sparse_formula	2026-09-20T12:17:20.499841Z		0.540000	34095104		8G	0			true		acacia-syntcomp26-coverage-264278-6f5fcf91ea6f.scope
S-cap17-epoch1	patrolling-alarm23.ltl	patrolling-alarm23.tlsf	17	UNREALIZABLE	0.682592855009716	1	false		none	13	31	35	50384cf69a733199fa17c9c571da1761d8451991	f80ff3f62daaa6e22a6753a3f30a127baab424d0320949bc9957a6ff62ea5ebe	otf_sparse_formula	2026-09-20T12:17:21.196598Z		2.620000	121942016		8G	0			true		acacia-syntcomp26-coverage-264278-211d1fd8ff2e.scope
S-cap17-epoch1	patrolling-alarm3.ltl	patrolling-alarm3.tlsf	17	UNREALIZABLE	0.056181837018812075	1	false		none	13	30	36	50384cf69a733199fa17c9c571da1761d8451991	f80ff3f62daaa6e22a6753a3f30a127baab424d0320949bc9957a6ff62ea5ebe	otf_sparse_formula	2026-09-20T12:17:21.266636Z		0.130000	21733376		8G	0			true		acacia-syntcomp26-coverage-264278-c1d708446026.scope
S-cap17-epoch1	patrolling21.ltl	patrolling21.tlsf	17	UNREALIZABLE	0.6416867549996823	1	false		none	13	31	37	50384cf69a733199fa17c9c571da1761d8451991	f80ff3f62daaa6e22a6753a3f30a127baab424d0320949bc9957a6ff62ea5ebe	otf_sparse_formula	2026-09-20T12:17:21.927322Z		2.430000	111001600		8G	0			true		acacia-syntcomp26-coverage-264278-5f7f77e42a34.scope
S-cap17-epoch1	patrolling7.ltl	patrolling7.tlsf	17	UNREALIZABLE	0.07921267798519693	1	false		none	13	30	38	50384cf69a733199fa17c9c571da1761d8451991	f80ff3f62daaa6e22a6753a3f30a127baab424d0320949bc9957a6ff62ea5ebe	otf_sparse_formula	2026-09-20T12:17:22.025338Z		0.250000	22777856		8G	0			true		acacia-syntcomp26-coverage-264278-56daa0a60fd6.scope
S-cap17-epoch1	prioritized_arbiter_unreal1_pb_2_7_pe_.ltl	prioritized_arbiter_unreal1_pb_2_7_pe_.tlsf	17	UNREALIZABLE	0.02480813500005752	1	false		status	13	30	39	50384cf69a733199fa17c9c571da1761d8451991	f80ff3f62daaa6e22a6753a3f30a127baab424d0320949bc9957a6ff62ea5ebe	otf_sparse_formula	2026-09-20T12:17:22.074515Z		0.020000	18456576		8G	0			true		acacia-syntcomp26-coverage-264278-96307d00dace.scope
S-cap17-epoch1	prioritized_arbiter_unreal2_pb_3_pe_.ltl	prioritized_arbiter_unreal2_pb_3_pe_.tlsf	17	UNREALIZABLE	0.035251288005383685	1	false		status	13	30	40	50384cf69a733199fa17c9c571da1761d8451991	f80ff3f62daaa6e22a6753a3f30a127baab424d0320949bc9957a6ff62ea5ebe	otf_sparse_formula	2026-09-20T12:17:22.149461Z		0.040000	18386944		8G	0			true		acacia-syntcomp26-coverage-264278-c184aad87d2e.scope
S-cap17-epoch1	prioritized_arbiter_unreal2_pb_6_pe_.ltl	prioritized_arbiter_unreal2_pb_6_pe_.tlsf	17	UNREALIZABLE	0.04224602799513377	1	false		status	13	30	41	50384cf69a733199fa17c9c571da1761d8451991	f80ff3f62daaa6e22a6753a3f30a127baab424d0320949bc9957a6ff62ea5ebe	otf_sparse_formula	2026-09-20T12:17:22.218062Z		0.050000	19038208		8G	0			true		acacia-syntcomp26-coverage-264278-3478d1c1eeac.scope
S-cap17-epoch1	robot-resource-2d12.ltl	robot-resource-2d12.tlsf	17	UNREALIZABLE	1.9471974379848689	1	false		none	13	30	42	50384cf69a733199fa17c9c571da1761d8451991	f80ff3f62daaa6e22a6753a3f30a127baab424d0320949bc9957a6ff62ea5ebe	otf_sparse_formula	2026-09-20T12:17:24.179595Z		7.600000	44523520		8G	0			true		acacia-syntcomp26-coverage-264278-f21106a92778.scope
S-cap17-epoch1	robot-resource-2d15.ltl	robot-resource-2d15.tlsf	17	UNREALIZABLE	2.335857750993455	1	false		none	13	30	43	50384cf69a733199fa17c9c571da1761d8451991	f80ff3f62daaa6e22a6753a3f30a127baab424d0320949bc9957a6ff62ea5ebe	otf_sparse_formula	2026-09-20T12:17:26.529356Z		9.220000	44728320		8G	0			true		acacia-syntcomp26-coverage-264278-808b588047df.scope
S-cap17-epoch1	robot-resource-2d23.ltl	robot-resource-2d23.tlsf	17	UNREALIZABLE	9.179430104006315	1	false		none	13	31	44	50384cf69a733199fa17c9c571da1761d8451991	f80ff3f62daaa6e22a6753a3f30a127baab424d0320949bc9957a6ff62ea5ebe	otf_sparse_formula	2026-09-20T12:17:35.726763Z		36.490000	90845184		8G	0			true		acacia-syntcomp26-coverage-264278-51b5afffc088.scope
S-cap17-epoch1	robot_collect_samples_v3-real.ltl	robot_collect_samples_v3-real.tlsf	17	TIMEOUT	17.084875632979674	124	true	timeout	none	0	8	45	50384cf69a733199fa17c9c571da1761d8451991	f80ff3f62daaa6e22a6753a3f30a127baab424d0320949bc9957a6ff62ea5ebe	otf_sparse_formula	2026-09-20T12:17:52.824211Z					8G	0			true		acacia-syntcomp26-coverage-264278-520d5e218504.scope
S-cap17-epoch1	robot_grid_pb_4_4_pe_.ltl	robot_grid_pb_4_4_pe_.tlsf	17	REALIZABLE	1.664840451994678	0	false		status	11	31	46	50384cf69a733199fa17c9c571da1761d8451991	f80ff3f62daaa6e22a6753a3f30a127baab424d0320949bc9957a6ff62ea5ebe	otf_sparse_formula	2026-09-20T12:17:54.503906Z		6.540000	220569600		8G	0			true		acacia-syntcomp26-coverage-264278-45c338821b39.scope
S-cap17-epoch1	robot_grid_pb_6_1_pe_.ltl	robot_grid_pb_6_1_pe_.tlsf	17	REALIZABLE	0.0874745289911516	0	false		status	11	30	47	50384cf69a733199fa17c9c571da1761d8451991	f80ff3f62daaa6e22a6753a3f30a127baab424d0320949bc9957a6ff62ea5ebe	otf_sparse_formula	2026-09-20T12:17:54.605570Z		0.280000	24920064		8G	0			true		acacia-syntcomp26-coverage-264278-b46553da49ec.scope
S-cap17-epoch1	robot_repair0.ltl	robot_repair0.tlsf	17	TIMEOUT	17.085182239999995	124	true	timeout	none	0	8	48	50384cf69a733199fa17c9c571da1761d8451991	f80ff3f62daaa6e22a6753a3f30a127baab424d0320949bc9957a6ff62ea5ebe	otf_sparse_formula	2026-09-20T12:18:11.703773Z					8G	0			true		acacia-syntcomp26-coverage-264278-303c09a3e9a3.scope
S-cap17-epoch1	round_robin_arbiter_unreal1_pb_3_12_pe_.ltl	round_robin_arbiter_unreal1_pb_3_12_pe_.tlsf	17	TIMEOUT	17.193318461999297	124	true	timeout	status	0	8	49	50384cf69a733199fa17c9c571da1761d8451991	f80ff3f62daaa6e22a6753a3f30a127baab424d0320949bc9957a6ff62ea5ebe	otf_sparse_formula	2026-09-20T12:18:28.936062Z					8G	0			true		acacia-syntcomp26-coverage-264278-d1f7501f1920.scope
S-cap17-epoch1	round_robin_arbiter_unreal1_pb_3_14_pe_.ltl	round_robin_arbiter_unreal1_pb_3_14_pe_.tlsf	17	TIMEOUT	17.186505304009188	124	true	timeout	status	0	8	50	50384cf69a733199fa17c9c571da1761d8451991	f80ff3f62daaa6e22a6753a3f30a127baab424d0320949bc9957a6ff62ea5ebe	otf_sparse_formula	2026-09-20T12:18:46.145240Z					8G	0			true		acacia-syntcomp26-coverage-264278-0d74b4c8be3b.scope
S-cap17-epoch1	scheduler-real.ltl	scheduler-real.tlsf	17	TIMEOUT	17.085740940005053	124	true	timeout	none	0	8	51	50384cf69a733199fa17c9c571da1761d8451991	f80ff3f62daaa6e22a6753a3f30a127baab424d0320949bc9957a6ff62ea5ebe	otf_sparse_formula	2026-09-20T12:19:03.252405Z					8G	0			true		acacia-syntcomp26-coverage-264278-6a7b4a2fc9f4.scope
S-cap17-epoch1	shift_pb_32_pe_.ltl	shift_pb_32_pe_.tlsf	17	REALIZABLE	0.0350771950033959	0	false		status	11	30	52	50384cf69a733199fa17c9c571da1761d8451991	f80ff3f62daaa6e22a6753a3f30a127baab424d0320949bc9957a6ff62ea5ebe	otf_sparse_formula	2026-09-20T12:19:03.313056Z		0.020000	15876096		8G	0			true		acacia-syntcomp26-coverage-264278-836bfbd1951d.scope
S-cap17-epoch1	simple_arbiter_enc_pb_13_pe_.ltl	simple_arbiter_enc_pb_13_pe_.tlsf	17	TIMEOUT	17.053450184990652	124	true	timeout	none	0	8	53	50384cf69a733199fa17c9c571da1761d8451991	f80ff3f62daaa6e22a6753a3f30a127baab424d0320949bc9957a6ff62ea5ebe	otf_sparse_formula	2026-09-20T12:19:20.378229Z					8G	0			true		acacia-syntcomp26-coverage-264278-03ba5b79487f.scope
S-cap17-epoch1	simple_arbiter_unreal1_pb_2_4_pe_.ltl	simple_arbiter_unreal1_pb_2_4_pe_.tlsf	17	UNREALIZABLE	0.020659317000536248	1	false		status	13	30	54	50384cf69a733199fa17c9c571da1761d8451991	f80ff3f62daaa6e22a6753a3f30a127baab424d0320949bc9957a6ff62ea5ebe	otf_sparse_formula	2026-09-20T12:19:20.411951Z		0.010000	15319040	43438080	8G	0			true		acacia-syntcomp26-coverage-264278-a2f5df865301.scope
S-cap17-epoch1	simple_arbiter_unreal1_pb_5_10_pe_.ltl	simple_arbiter_unreal1_pb_5_10_pe_.tlsf	17	UNREALIZABLE	0.017167027021059766	1	false		status	13	30	55	50384cf69a733199fa17c9c571da1761d8451991	f80ff3f62daaa6e22a6753a3f30a127baab424d0320949bc9957a6ff62ea5ebe	otf_sparse_formula	2026-09-20T12:19:20.442797Z		0.010000	15474688	43286528	8G	0			true		acacia-syntcomp26-coverage-264278-007fca92d630.scope
S-cap17-epoch1	sort40.ltl	sort40.tlsf	17	UNREALIZABLE	0.20053034499869682	1	false		none	13	30	56	50384cf69a733199fa17c9c571da1761d8451991	f80ff3f62daaa6e22a6753a3f30a127baab424d0320949bc9957a6ff62ea5ebe	otf_sparse_formula	2026-09-20T12:19:20.660794Z		0.720000	33898496		8G	0			true		acacia-syntcomp26-coverage-264278-550da1e68f12.scope
S-cap17-epoch1	square5x53.ltl	square5x53.tlsf	17	UNREALIZABLE	5.026540310995188	1	false		none	13	32	57	50384cf69a733199fa17c9c571da1761d8451991	f80ff3f62daaa6e22a6753a3f30a127baab424d0320949bc9957a6ff62ea5ebe	otf_sparse_formula	2026-09-20T12:19:25.701046Z		19.860000	330391552		8G	0			true		acacia-syntcomp26-coverage-264278-a2554590727c.scope
S-cap17-epoch1	test5_6cbc6174.ltl	test5_6cbc6174.tlsf	17	REALIZABLE	0.020882099983282387	0	false		status	11	30	58	50384cf69a733199fa17c9c571da1761d8451991	f80ff3f62daaa6e22a6753a3f30a127baab424d0320949bc9957a6ff62ea5ebe	otf_sparse_formula	2026-09-20T12:19:25.736084Z		0.020000	19070976		8G	0			true		acacia-syntcomp26-coverage-264278-5e382c731de4.scope
S-cap17-epoch1	Alarm_f2774e0b.ltl	Alarm_f2774e0b.tlsf	17	REALIZABLE	0.9295492189994548	0	false		status	11	31	0	50384cf69a733199fa17c9c571da1761d8451991	f80ff3f62daaa6e22a6753a3f30a127baab424d0320949bc9957a6ff62ea5ebe	otf_sparse_formula	2026-09-20T12:19:26.769941Z		3.640000	103526400		8G	0			true		acacia-syntcomp26-coverage-264990-0d88d50704e7.scope
S-cap17-epoch1	CheckTimer_54e1f7d2.ltl	CheckTimer_54e1f7d2.tlsf	17	UNREALIZABLE	0.01809143999707885	1	false		status	13	30	1	50384cf69a733199fa17c9c571da1761d8451991	f80ff3f62daaa6e22a6753a3f30a127baab424d0320949bc9957a6ff62ea5ebe	otf_sparse_formula	2026-09-20T12:19:26.810874Z		0.020000	19283968	48672768	8G	0			true		acacia-syntcomp26-coverage-264990-f67d6da34df5.scope
S-cap17-epoch1	CoffeMachine_a50cadd7.ltl	CoffeMachine_a50cadd7.tlsf	17	UNREALIZABLE	0.02171127000474371	1	false		status	13	30	2	50384cf69a733199fa17c9c571da1761d8451991	f80ff3f62daaa6e22a6753a3f30a127baab424d0320949bc9957a6ff62ea5ebe	otf_sparse_formula	2026-09-20T12:19:26.845073Z		0.010000	19173376	48128000	8G	0			true		acacia-syntcomp26-coverage-264990-226e56a74336.scope
S-cap17-epoch1	Coffee_235467da.ltl	Coffee_235467da.tlsf	17	REALIZABLE	0.020695215003797784	0	false		status	11	30	3	50384cf69a733199fa17c9c571da1761d8451991	f80ff3f62daaa6e22a6753a3f30a127baab424d0320949bc9957a6ff62ea5ebe	otf_sparse_formula	2026-09-20T12:19:26.878885Z		0.030000	20594688		8G	0			true		acacia-syntcomp26-coverage-264990-bbfc01169147.scope
S-cap17-epoch1	Core_solved_974f4a68.ltl	Core_solved_974f4a68.tlsf	17	REALIZABLE	0.025269020989071578	0	false		status	11	30	4	50384cf69a733199fa17c9c571da1761d8451991	f80ff3f62daaa6e22a6753a3f30a127baab424d0320949bc9957a6ff62ea5ebe	otf_sparse_formula	2026-09-20T12:19:26.917064Z		0.040000	20828160		8G	0			true		acacia-syntcomp26-coverage-264990-51f6c9a26c7c.scope
S-cap17-epoch1	Demo1_d65ed84e.ltl	Demo1_d65ed84e.tlsf	17	TIMEOUT	17.08614624501206	124	true	timeout	none	0	8	5	50384cf69a733199fa17c9c571da1761d8451991	f80ff3f62daaa6e22a6753a3f30a127baab424d0320949bc9957a6ff62ea5ebe	otf_sparse_formula	2026-09-20T12:19:44.014898Z					8G	0			true		acacia-syntcomp26-coverage-264990-c175282806b2.scope
S-cap17-epoch1	GF-G-contradiction5.ltl	GF-G-contradiction5.tlsf	17	UNREALIZABLE	2.366104175016517	1	false		none	13	31	6	50384cf69a733199fa17c9c571da1761d8451991	f80ff3f62daaa6e22a6753a3f30a127baab424d0320949bc9957a6ff62ea5ebe	otf_sparse_formula	2026-09-20T12:19:46.395646Z		9.350000	102555648		8G	0			true		acacia-syntcomp26-coverage-264990-2d6a28fede90.scope
S-cap17-epoch1	KitchenTimerV1.ltl	KitchenTimerV1.tlsf	17	REALIZABLE	0.018204964988399297	0	false		status	11	30	7	50384cf69a733199fa17c9c571da1761d8451991	f80ff3f62daaa6e22a6753a3f30a127baab424d0320949bc9957a6ff62ea5ebe	otf_sparse_formula	2026-09-20T12:19:46.426915Z		0.010000	18558976		8G	0			true		acacia-syntcomp26-coverage-264990-8e9bf07cfda3.scope
S-cap17-epoch1	Room_a50cadd7.ltl	Room_a50cadd7.tlsf	17	UNREALIZABLE	0.015528198011452332	1	false		status	13	30	8	50384cf69a733199fa17c9c571da1761d8451991	f80ff3f62daaa6e22a6753a3f30a127baab424d0320949bc9957a6ff62ea5ebe	otf_sparse_formula	2026-09-20T12:19:46.455821Z		0.010000	17223680	43196416	8G	0			true		acacia-syntcomp26-coverage-264990-40da8d7e6a38.scope
S-cap17-epoch1	SliderDefault.ltl	SliderDefault.tlsf	17	REALIZABLE	0.016698086023097858	0	false		status	11	30	9	50384cf69a733199fa17c9c571da1761d8451991	f80ff3f62daaa6e22a6753a3f30a127baab424d0320949bc9957a6ff62ea5ebe	otf_sparse_formula	2026-09-20T12:19:46.485331Z		0.010000	19111936	46309376	8G	0			true		acacia-syntcomp26-coverage-264990-1c7fc76fc2f3.scope
S-cap17-epoch1	TorcsGearing.ltl	TorcsGearing.tlsf	17	REALIZABLE	0.01651256700279191	0	false		status	11	30	10	50384cf69a733199fa17c9c571da1761d8451991	f80ff3f62daaa6e22a6753a3f30a127baab424d0320949bc9957a6ff62ea5ebe	otf_sparse_formula	2026-09-20T12:19:46.514436Z		0.010000	18018304	43266048	8G	0			true		acacia-syntcomp26-coverage-264990-491980c5a2ec.scope
S-cap17-epoch1	TwoCountersInRangeM3.ltl	TwoCountersInRangeM3.tlsf	17	UNREALIZABLE	0.027328694006428123	1	false		status	13	30	11	50384cf69a733199fa17c9c571da1761d8451991	f80ff3f62daaa6e22a6753a3f30a127baab424d0320949bc9957a6ff62ea5ebe	otf_sparse_formula	2026-09-20T12:19:46.554124Z		0.030000	21000192		8G	0			true		acacia-syntcomp26-coverage-264990-728b0fedf3c1.scope
S-cap17-epoch1	box1.ltl	box1.tlsf	17	UNREALIZABLE	0.024675388995092362	1	false		none	13	30	12	50384cf69a733199fa17c9c571da1761d8451991	f80ff3f62daaa6e22a6753a3f30a127baab424d0320949bc9957a6ff62ea5ebe	otf_sparse_formula	2026-09-20T12:19:46.592245Z		0.040000	20156416		8G	0			true		acacia-syntcomp26-coverage-264990-5e9d938e28e3.scope
S-cap17-epoch1	example10_pb_1_pe_.ltl	example10_pb_1_pe_.tlsf	17	REALIZABLE	0.019447274011326954	0	false		none	11	30	13	50384cf69a733199fa17c9c571da1761d8451991	f80ff3f62daaa6e22a6753a3f30a127baab424d0320949bc9957a6ff62ea5ebe	otf_sparse_formula	2026-09-20T12:19:46.624498Z		0.010000	17514496	42926080	8G	0			true		acacia-syntcomp26-coverage-264990-243b6556d03c.scope
S-cap17-epoch1	example10a_pb_1_pe_.ltl	example10a_pb_1_pe_.tlsf	17	REALIZABLE	0.02022763600689359	0	false		none	11	30	14	50384cf69a733199fa17c9c571da1761d8451991	f80ff3f62daaa6e22a6753a3f30a127baab424d0320949bc9957a6ff62ea5ebe	otf_sparse_formula	2026-09-20T12:19:46.657124Z		0.010000	17985536	44167168	8G	0			true		acacia-syntcomp26-coverage-264990-e2fb4479e296.scope
S-cap17-epoch1	example8_pb_2_pe_.ltl	example8_pb_2_pe_.tlsf	17	REALIZABLE	0.017202399991219863	0	false		none	11	30	15	50384cf69a733199fa17c9c571da1761d8451991	f80ff3f62daaa6e22a6753a3f30a127baab424d0320949bc9957a6ff62ea5ebe	otf_sparse_formula	2026-09-20T12:19:46.687680Z		0.010000	17866752	43433984	8G	0			true		acacia-syntcomp26-coverage-264990-105b4340fff4.scope
S-cap17-epoch1	full_arbiter_unreal1_pb_3_7_pe_.ltl	full_arbiter_unreal1_pb_3_7_pe_.tlsf	17	UNREALIZABLE	0.024914359993999824	1	false		status	13	30	16	50384cf69a733199fa17c9c571da1761d8451991	f80ff3f62daaa6e22a6753a3f30a127baab424d0320949bc9957a6ff62ea5ebe	otf_sparse_formula	2026-09-20T12:19:46.725539Z		0.010000	15327232	43618304	8G	0			true		acacia-syntcomp26-coverage-264990-0dccc7913ada.scope
S-cap17-epoch1	g-unreal-12.ltl	g-unreal-12.tlsf	17	UNREALIZABLE	0.02568941900972277	1	false		none	13	30	17	50384cf69a733199fa17c9c571da1761d8451991	f80ff3f62daaa6e22a6753a3f30a127baab424d0320949bc9957a6ff62ea5ebe	otf_sparse_formula	2026-09-20T12:19:46.763337Z		0.040000	20656128		8G	0			true		acacia-syntcomp26-coverage-264990-ac3a3d01f6c3.scope
S-cap17-epoch1	g-unreal-16.ltl	g-unreal-16.tlsf	17	UNREALIZABLE	0.2632817509875167	1	false		none	13	30	18	50384cf69a733199fa17c9c571da1761d8451991	f80ff3f62daaa6e22a6753a3f30a127baab424d0320949bc9957a6ff62ea5ebe	otf_sparse_formula	2026-09-20T12:19:47.039837Z		0.810000	47546368		8G	0			true		acacia-syntcomp26-coverage-264990-dcaccd3a46f1.scope
S-cap17-epoch1	g-unreal-35.ltl	g-unreal-35.tlsf	17	UNREALIZABLE	1.0595295240054838	1	false		none	13	31	19	50384cf69a733199fa17c9c571da1761d8451991	f80ff3f62daaa6e22a6753a3f30a127baab424d0320949bc9957a6ff62ea5ebe	otf_sparse_formula	2026-09-20T12:19:48.113806Z		4.130000	117026816		8G	0			true		acacia-syntcomp26-coverage-264990-1d86b5375515.scope
S-cap17-epoch1	gf-unreal20.ltl	gf-unreal20.tlsf	17	UNREALIZABLE	0.02806101000169292	1	false		none	13	30	20	50384cf69a733199fa17c9c571da1761d8451991	f80ff3f62daaa6e22a6753a3f30a127baab424d0320949bc9957a6ff62ea5ebe	otf_sparse_formula	2026-09-20T12:19:48.156504Z		0.030000	18771968		8G	0			true		acacia-syntcomp26-coverage-264990-08990e155dd4.scope
S-cap17-epoch1	gf-unreal37.ltl	gf-unreal37.tlsf	17	UNREALIZABLE	0.04039141599787399	1	false		none	13	30	21	50384cf69a733199fa17c9c571da1761d8451991	f80ff3f62daaa6e22a6753a3f30a127baab424d0320949bc9957a6ff62ea5ebe	otf_sparse_formula	2026-09-20T12:19:48.210375Z		0.080000	19816448		8G	0			true		acacia-syntcomp26-coverage-264990-0599d1a509c7.scope
S-cap17-epoch1	infinite-race-u18.ltl	infinite-race-u18.tlsf	17	TIMEOUT	17.138165049022064	124	true	timeout	none	0	8	22	50384cf69a733199fa17c9c571da1761d8451991	f80ff3f62daaa6e22a6753a3f30a127baab424d0320949bc9957a6ff62ea5ebe	otf_sparse_formula	2026-09-20T12:20:05.387959Z					8G	0			true		acacia-syntcomp26-coverage-264990-723cbabb9f22.scope
S-cap17-epoch1	infinite-race-u9.ltl	infinite-race-u9.tlsf	17	UNREALIZABLE	8.90948851100984	1	false		none	13	32	23	50384cf69a733199fa17c9c571da1761d8451991	f80ff3f62daaa6e22a6753a3f30a127baab424d0320949bc9957a6ff62ea5ebe	otf_sparse_formula	2026-09-20T12:20:14.312463Z		35.200000	832958464		8G	0			true		acacia-syntcomp26-coverage-264990-069ef4157da8.scope
S-cap17-epoch1	infinite-race-unequal-23.ltl	infinite-race-unequal-23.tlsf	17	UNREALIZABLE	0.11690561502473429	1	false		none	13	30	24	50384cf69a733199fa17c9c571da1761d8451991	f80ff3f62daaa6e22a6753a3f30a127baab424d0320949bc9957a6ff62ea5ebe	otf_sparse_formula	2026-09-20T12:20:14.443559Z		0.400000	24272896		8G	0			true		acacia-syntcomp26-coverage-264990-c997751ad35a.scope
S-cap17-epoch1	lift_gr1_pb_3_pe_.ltl	lift_gr1_pb_3_pe_.tlsf	17	REALIZABLE	0.22565630002645776	0	false		none	11	30	25	50384cf69a733199fa17c9c571da1761d8451991	f80ff3f62daaa6e22a6753a3f30a127baab424d0320949bc9957a6ff62ea5ebe	otf_sparse_formula	2026-09-20T12:20:14.685197Z		0.810000	33071104		8G	0			true		acacia-syntcomp26-coverage-264990-6b7c7ff6f5ce.scope
S-cap17-epoch1	lift_pb_5_pe_.ltl	lift_pb_5_pe_.tlsf	17	TIMEOUT	17.19499367600656	124	true	timeout	none	0	8	26	50384cf69a733199fa17c9c571da1761d8451991	f80ff3f62daaa6e22a6753a3f30a127baab424d0320949bc9957a6ff62ea5ebe	otf_sparse_formula	2026-09-20T12:20:31.920049Z					8G	0			true		acacia-syntcomp26-coverage-264990-0e194a5bef30.scope
S-cap17-epoch1	lift_wrong_physics_unreal_pb_5_pe_.ltl	lift_wrong_physics_unreal_pb_5_pe_.tlsf	17	UNREALIZABLE	0.046952051983680576	1	false		none	13	30	27	50384cf69a733199fa17c9c571da1761d8451991	f80ff3f62daaa6e22a6753a3f30a127baab424d0320949bc9957a6ff62ea5ebe	otf_sparse_formula	2026-09-20T12:20:31.980759Z		0.080000	20922368		8G	0			true		acacia-syntcomp26-coverage-264990-9cb0f21a0ed5.scope
S-cap17-epoch1	load_balancer_unreal1_pb_3_5_pe_.ltl	load_balancer_unreal1_pb_3_5_pe_.tlsf	17	UNREALIZABLE	0.03924322500824928	1	false		status	13	30	28	50384cf69a733199fa17c9c571da1761d8451991	f80ff3f62daaa6e22a6753a3f30a127baab424d0320949bc9957a6ff62ea5ebe	otf_sparse_formula	2026-09-20T12:20:32.033217Z		0.070000	20377600		8G	0			true		acacia-syntcomp26-coverage-264990-1749778d450a.scope
S-cap17-epoch1	load_balancer_unreal1_pb_4_8_pe_.ltl	load_balancer_unreal1_pb_4_8_pe_.tlsf	17	TIMEOUT	17.135945140995318	124	true	timeout	status	0	8	29	50384cf69a733199fa17c9c571da1761d8451991	f80ff3f62daaa6e22a6753a3f30a127baab424d0320949bc9957a6ff62ea5ebe	otf_sparse_formula	2026-09-20T12:20:49.181447Z					8G	0			true		acacia-syntcomp26-coverage-264990-bd018f1e1828.scope
S-cap17-epoch1	load_balancer_unreal2_pb_8_pe_.ltl	load_balancer_unreal2_pb_8_pe_.tlsf	17	TIMEOUT	17.09617010198417	124	true	timeout	none	0	8	30	50384cf69a733199fa17c9c571da1761d8451991	f80ff3f62daaa6e22a6753a3f30a127baab424d0320949bc9957a6ff62ea5ebe	otf_sparse_formula	2026-09-20T12:21:06.319787Z					8G	0			true		acacia-syntcomp26-coverage-264990-0b74113e1770.scope
S-cap17-epoch1	ltl2dba27.ltl	ltl2dba27.tlsf	17	UNREALIZABLE	0.03488718200242147	1	false		status	13	30	31	50384cf69a733199fa17c9c571da1761d8451991	f80ff3f62daaa6e22a6753a3f30a127baab424d0320949bc9957a6ff62ea5ebe	otf_sparse_formula	2026-09-20T12:21:06.379040Z		0.030000	17825792		8G	0			true		acacia-syntcomp26-coverage-264990-2bc6d286c27a.scope
S-cap17-epoch1	ltl2dba_C2_pb_7_pe_.ltl	ltl2dba_C2_pb_7_pe_.tlsf	17	REALIZABLE	0.034613205993082374	0	false		status	11	30	32	50384cf69a733199fa17c9c571da1761d8451991	f80ff3f62daaa6e22a6753a3f30a127baab424d0320949bc9957a6ff62ea5ebe	otf_sparse_formula	2026-09-20T12:21:06.453451Z		0.030000	15511552		8G	0			true		acacia-syntcomp26-coverage-264990-69f774f85191.scope
S-cap17-epoch1	ltl2dba_C2_unreal_pb_6_pe_.ltl	ltl2dba_C2_unreal_pb_6_pe_.tlsf	17	UNREALIZABLE	0.046901742985937744	1	false		status	13	30	33	50384cf69a733199fa17c9c571da1761d8451991	f80ff3f62daaa6e22a6753a3f30a127baab424d0320949bc9957a6ff62ea5ebe	otf_sparse_formula	2026-09-20T12:21:06.515753Z		0.090000	24395776		8G	0			true		acacia-syntcomp26-coverage-264990-82561d5ea8ee.scope
S-cap17-epoch1	ltl2dba_Q_pb_18_pe_.ltl	ltl2dba_Q_pb_18_pe_.tlsf	17	REALIZABLE	0.02970922298845835	0	false		none	11	30	34	50384cf69a733199fa17c9c571da1761d8451991	f80ff3f62daaa6e22a6753a3f30a127baab424d0320949bc9957a6ff62ea5ebe	otf_sparse_formula	2026-09-20T12:21:06.571649Z		0.030000	15429632		8G	0			true		acacia-syntcomp26-coverage-264990-bd3c12e09716.scope
S-cap17-epoch1	ltl2dba_Q_pb_4_pe_.ltl	ltl2dba_Q_pb_4_pe_.tlsf	17	REALIZABLE	0.03264354300335981	0	false		status	11	30	35	50384cf69a733199fa17c9c571da1761d8451991	f80ff3f62daaa6e22a6753a3f30a127baab424d0320949bc9957a6ff62ea5ebe	otf_sparse_formula	2026-09-20T12:21:06.642687Z		0.030000	15355904		8G	0			true		acacia-syntcomp26-coverage-264990-55c13136a6d1.scope
S-cap17-epoch1	ltl2dba_R_pb_5_pe_.ltl	ltl2dba_R_pb_5_pe_.tlsf	17	UNREALIZABLE	0.09982582100201398	1	false		status	13	30	36	50384cf69a733199fa17c9c571da1761d8451991	f80ff3f62daaa6e22a6753a3f30a127baab424d0320949bc9957a6ff62ea5ebe	otf_sparse_formula	2026-09-20T12:21:06.757070Z		0.280000	20676608		8G	0			true		acacia-syntcomp26-coverage-264990-2cb653cbd09a.scope
S-cap17-epoch1	ltl2dba_alpha_pb_17_pe_.ltl	ltl2dba_alpha_pb_17_pe_.tlsf	17	REALIZABLE	0.021737069997470826	0	false		none	11	30	37	50384cf69a733199fa17c9c571da1761d8451991	f80ff3f62daaa6e22a6753a3f30a127baab424d0320949bc9957a6ff62ea5ebe	otf_sparse_formula	2026-09-20T12:21:06.803026Z		0.020000	15458304		8G	0			true		acacia-syntcomp26-coverage-264990-a56997321956.scope
S-cap17-epoch1	ltl2dba_beta_pb_1_pe_.ltl	ltl2dba_beta_pb_1_pe_.tlsf	17	REALIZABLE	0.03596102702431381	0	false		status	11	30	38	50384cf69a733199fa17c9c571da1761d8451991	f80ff3f62daaa6e22a6753a3f30a127baab424d0320949bc9957a6ff62ea5ebe	otf_sparse_formula	2026-09-20T12:21:06.877020Z		0.040000	15388672		8G	0			true		acacia-syntcomp26-coverage-264990-2be6107acea6.scope
S-cap17-epoch1	ltl2dpa10.ltl	ltl2dpa10.tlsf	17	REALIZABLE	0.04099042800953612	0	false		status	11	30	39	50384cf69a733199fa17c9c571da1761d8451991	f80ff3f62daaa6e22a6753a3f30a127baab424d0320949bc9957a6ff62ea5ebe	otf_sparse_formula	2026-09-20T12:21:06.941777Z		0.060000	20152320		8G	0			true		acacia-syntcomp26-coverage-264990-5e71bb5a8879.scope
S-cap17-epoch1	narylatch_pb_10_pe_.ltl	narylatch_pb_10_pe_.tlsf	17	REALIZABLE	0.038822419999632984	0	false		status	11	30	40	50384cf69a733199fa17c9c571da1761d8451991	f80ff3f62daaa6e22a6753a3f30a127baab424d0320949bc9957a6ff62ea5ebe	otf_sparse_formula	2026-09-20T12:21:07.006600Z		0.060000	19677184		8G	0			true		acacia-syntcomp26-coverage-264990-13f6dfa4b5d4.scope
S-cap17-epoch1	patrolling-alarm2.ltl	patrolling-alarm2.tlsf	17	UNREALIZABLE	0.050806089013349265	1	false		none	13	30	41	50384cf69a733199fa17c9c571da1761d8451991	f80ff3f62daaa6e22a6753a3f30a127baab424d0320949bc9957a6ff62ea5ebe	otf_sparse_formula	2026-09-20T12:21:07.070204Z		0.110000	21278720		8G	0			true		acacia-syntcomp26-coverage-264990-13826d132769.scope
S-cap17-epoch1	patrolling-alarm22.ltl	patrolling-alarm22.tlsf	17	UNREALIZABLE	0.6028338430041913	1	false		none	13	31	42	50384cf69a733199fa17c9c571da1761d8451991	f80ff3f62daaa6e22a6753a3f30a127baab424d0320949bc9957a6ff62ea5ebe	otf_sparse_formula	2026-09-20T12:21:07.686590Z		2.290000	109748224		8G	0			true		acacia-syntcomp26-coverage-264990-6c2c58b26f64.scope
S-cap17-epoch1	prioritized_arbiter_pb_10_pe_.ltl	prioritized_arbiter_pb_10_pe_.tlsf	17	TIMEOUT	17.090207436995115	124	true	timeout	none	0	8	43	50384cf69a733199fa17c9c571da1761d8451991	f80ff3f62daaa6e22a6753a3f30a127baab424d0320949bc9957a6ff62ea5ebe	otf_sparse_formula	2026-09-20T12:21:24.806890Z					8G	0			true		acacia-syntcomp26-coverage-264990-c2737edf5a2b.scope
S-cap17-epoch1	prioritized_arbiter_pb_8_pe_.ltl	prioritized_arbiter_pb_8_pe_.tlsf	17	TIMEOUT	17.085830436990364	124	true	timeout	status	0	8	44	50384cf69a733199fa17c9c571da1761d8451991	f80ff3f62daaa6e22a6753a3f30a127baab424d0320949bc9957a6ff62ea5ebe	otf_sparse_formula	2026-09-20T12:21:41.905192Z					8G	0			true		acacia-syntcomp26-coverage-264990-199a10c1c6af.scope
S-cap17-epoch1	prioritized_arbiter_unreal1_pb_2_3_pe_.ltl	prioritized_arbiter_unreal1_pb_2_3_pe_.tlsf	17	UNREALIZABLE	0.01538841999717988	1	false		status	13	30	45	50384cf69a733199fa17c9c571da1761d8451991	f80ff3f62daaa6e22a6753a3f30a127baab424d0320949bc9957a6ff62ea5ebe	otf_sparse_formula	2026-09-20T12:21:41.935060Z		0.010000	18403328	43425792	8G	0			true		acacia-syntcomp26-coverage-264990-12b9bfe1a4fa.scope
S-cap17-epoch1	prioritized_arbiter_unreal1_pb_4_9_pe_.ltl	prioritized_arbiter_unreal1_pb_4_9_pe_.tlsf	17	UNREALIZABLE	0.02235830100835301	1	false		status	13	30	46	50384cf69a733199fa17c9c571da1761d8451991	f80ff3f62daaa6e22a6753a3f30a127baab424d0320949bc9957a6ff62ea5ebe	otf_sparse_formula	2026-09-20T12:21:41.969865Z		0.010000	18731008	44683264	8G	0			true		acacia-syntcomp26-coverage-264990-e8d633369d92.scope
S-cap17-epoch1	robot-cat-real-2d-real.ltl	robot-cat-real-2d-real.tlsf	17	TIMEOUT	17.093256546999328	124	true	timeout	none	0	8	47	50384cf69a733199fa17c9c571da1761d8451991	f80ff3f62daaa6e22a6753a3f30a127baab424d0320949bc9957a6ff62ea5ebe	otf_sparse_formula	2026-09-20T12:21:59.102527Z					8G	0			true		acacia-syntcomp26-coverage-264990-fe39623cf88f.scope
S-cap17-epoch1	robot-grid-commute-2d-real.ltl	robot-grid-commute-2d-real.tlsf	17	TIMEOUT	17.09383071900811	124	true	timeout	none	0	8	48	50384cf69a733199fa17c9c571da1761d8451991	f80ff3f62daaa6e22a6753a3f30a127baab424d0320949bc9957a6ff62ea5ebe	otf_sparse_formula	2026-09-20T12:22:16.229188Z					8G	0			true		acacia-syntcomp26-coverage-264990-425834c719c3.scope
S-cap17-epoch1	robot-to-target-charging13.ltl	robot-to-target-charging13.tlsf	17	TIMEOUT	17.05354441597592	124	true	timeout	none	0	8	49	50384cf69a733199fa17c9c571da1761d8451991	f80ff3f62daaa6e22a6753a3f30a127baab424d0320949bc9957a6ff62ea5ebe	otf_sparse_formula	2026-09-20T12:22:33.294781Z					8G	0			true		acacia-syntcomp26-coverage-264990-eb07d5948a37.scope
S-cap17-epoch1	robot_collect_samples_v1-real.ltl	robot_collect_samples_v1-real.tlsf	17	TIMEOUT	17.08523703998071	124	true	timeout	none	0	8	50	50384cf69a733199fa17c9c571da1761d8451991	f80ff3f62daaa6e22a6753a3f30a127baab424d0320949bc9957a6ff62ea5ebe	otf_sparse_formula	2026-09-20T12:22:50.392355Z					8G	0			true		acacia-syntcomp26-coverage-264990-60e558b81c9b.scope
S-cap17-epoch1	robot_grid_pb_2_2_pe_.ltl	robot_grid_pb_2_2_pe_.tlsf	17	REALIZABLE	0.04348984299576841	0	false		status	11	30	51	50384cf69a733199fa17c9c571da1761d8451991	f80ff3f62daaa6e22a6753a3f30a127baab424d0320949bc9957a6ff62ea5ebe	otf_sparse_formula	2026-09-20T12:22:50.450411Z		0.080000	20459520		8G	0			true		acacia-syntcomp26-coverage-264990-c912badb302b.scope
S-cap17-epoch1	round_robin_arbiter_pb_3_pe_.ltl	round_robin_arbiter_pb_3_pe_.tlsf	17	REALIZABLE	0.03147531297872774	0	false		status	11	30	52	50384cf69a733199fa17c9c571da1761d8451991	f80ff3f62daaa6e22a6753a3f30a127baab424d0320949bc9957a6ff62ea5ebe	otf_sparse_formula	2026-09-20T12:22:50.494481Z		0.060000	20840448		8G	0			true		acacia-syntcomp26-coverage-264990-1989bcb505be.scope
S-cap17-epoch1	round_robin_arbiter_unreal1_pb_2_2_pe_.ltl	round_robin_arbiter_unreal1_pb_2_2_pe_.tlsf	17	UNREALIZABLE	0.029879191977670416	1	false		status	13	30	53	50384cf69a733199fa17c9c571da1761d8451991	f80ff3f62daaa6e22a6753a3f30a127baab424d0320949bc9957a6ff62ea5ebe	otf_sparse_formula	2026-09-20T12:22:50.547580Z		0.040000	18919424		8G	0			true		acacia-syntcomp26-coverage-264990-d4a27b2cedcc.scope
S-cap17-epoch1	round_robin_arbiter_unreal1_pb_2_4_pe_.ltl	round_robin_arbiter_unreal1_pb_2_4_pe_.tlsf	17	UNREALIZABLE	0.03647865500533953	1	false		status	13	30	54	50384cf69a733199fa17c9c571da1761d8451991	f80ff3f62daaa6e22a6753a3f30a127baab424d0320949bc9957a6ff62ea5ebe	otf_sparse_formula	2026-09-20T12:22:50.609090Z		0.050000	19165184		8G	0			true		acacia-syntcomp26-coverage-264990-f562cb7cb041.scope
S-cap17-epoch1	round_robin_arbiter_unreal1_pb_4_15_pe_.ltl	round_robin_arbiter_unreal1_pb_4_15_pe_.tlsf	17	TIMEOUT	17.1942145320063	124	true	timeout	none	0	8	55	50384cf69a733199fa17c9c571da1761d8451991	f80ff3f62daaa6e22a6753a3f30a127baab424d0320949bc9957a6ff62ea5ebe	otf_sparse_formula	2026-09-20T12:23:07.815185Z					8G	0			true		acacia-syntcomp26-coverage-264990-a16767db2534.scope
S-cap17-epoch1	simple_arbiter_unreal1_pb_4_9_pe_.ltl	simple_arbiter_unreal1_pb_4_9_pe_.tlsf	17	UNREALIZABLE	0.016041849012253806	1	false		status	13	30	56	50384cf69a733199fa17c9c571da1761d8451991	f80ff3f62daaa6e22a6753a3f30a127baab424d0320949bc9957a6ff62ea5ebe	otf_sparse_formula	2026-09-20T12:23:07.844326Z		0.010000	14954496	43352064	8G	0			true		acacia-syntcomp26-coverage-264990-6e24e5a89666.scope
S-cap17-epoch1	simple_arbiter_unreal1_pb_5_6_pe_.ltl	simple_arbiter_unreal1_pb_5_6_pe_.tlsf	17	UNREALIZABLE	0.015469716978259385	1	false		status	13	30	57	50384cf69a733199fa17c9c571da1761d8451991	f80ff3f62daaa6e22a6753a3f30a127baab424d0320949bc9957a6ff62ea5ebe	otf_sparse_formula	2026-09-20T12:23:07.873062Z		0.010000	15179776	43311104	8G	0			true		acacia-syntcomp26-coverage-264990-2f8a0b37b8f7.scope
S-cap17-epoch1	simple_arbiter_unreal1_pb_6_5_pe_.ltl	simple_arbiter_unreal1_pb_6_5_pe_.tlsf	17	UNREALIZABLE	0.015860062994761392	1	false		status	13	30	58	50384cf69a733199fa17c9c571da1761d8451991	f80ff3f62daaa6e22a6753a3f30a127baab424d0320949bc9957a6ff62ea5ebe	otf_sparse_formula	2026-09-20T12:23:07.901479Z		0.010000	15372288	42467328	8G	0			true		acacia-syntcomp26-coverage-264990-18e7fcc754ab.scope
S-cap17-epoch1	tasks-real.ltl	tasks-real.tlsf	17	REALIZABLE	0.06548147898865864	0	false		none	11	30	59	50384cf69a733199fa17c9c571da1761d8451991	f80ff3f62daaa6e22a6753a3f30a127baab424d0320949bc9957a6ff62ea5ebe	otf_sparse_formula	2026-09-20T12:23:07.980261Z		0.190000	21356544		8G	0			true		acacia-syntcomp26-coverage-264990-91b15c4e5f9d.scope
S-cap17-epoch1	workstation_resupply_pb_7_pe_.ltl	workstation_resupply_pb_7_pe_.tlsf	17	TIMEOUT	17.085863497981336	124	true	timeout	none	0	8	60	50384cf69a733199fa17c9c571da1761d8451991	f80ff3f62daaa6e22a6753a3f30a127baab424d0320949bc9957a6ff62ea5ebe	otf_sparse_formula	2026-09-20T12:23:25.079113Z					8G	0			true		acacia-syntcomp26-coverage-264990-ac3c71f64390.scope
S-cap17-epoch1	01.ltl	01.tlsf	17	REALIZABLE	0.02335098199546337	0	false		none	11	30	0	50384cf69a733199fa17c9c571da1761d8451991	f80ff3f62daaa6e22a6753a3f30a127baab424d0320949bc9957a6ff62ea5ebe	otf_sparse_formula	2026-09-20T12:32:35.033152Z		0.030000	19316736		8G	0			true		acacia-syntcomp26-coverage-267350-2e69f3669925.scope
S-cap17-epoch1	02.ltl	02.tlsf	17	REALIZABLE	0.05724309600191191	0	false		none	11	30	1	50384cf69a733199fa17c9c571da1761d8451991	f80ff3f62daaa6e22a6753a3f30a127baab424d0320949bc9957a6ff62ea5ebe	otf_sparse_formula	2026-09-20T12:32:35.112940Z		0.120000	21225472		8G	0			true		acacia-syntcomp26-coverage-267350-b21f528d523a.scope
S-cap17-epoch1	13.ltl	13.tlsf	17	REALIZABLE	5.275079215003643	0	false		none	11	32	2	50384cf69a733199fa17c9c571da1761d8451991	f80ff3f62daaa6e22a6753a3f30a127baab424d0320949bc9957a6ff62ea5ebe	otf_sparse_formula	2026-09-20T12:32:40.401883Z		20.920000	228569088		8G	0			true		acacia-syntcomp26-coverage-267350-69b0124fd9e4.scope
S-cap17-epoch1	AllLights_06e9cad4.ltl	AllLights_06e9cad4.tlsf	17	UNREALIZABLE	1.6842983300157357	1	false		status	13	30	3	50384cf69a733199fa17c9c571da1761d8451991	f80ff3f62daaa6e22a6753a3f30a127baab424d0320949bc9957a6ff62ea5ebe	otf_sparse_formula	2026-09-20T12:32:42.104572Z		6.610000	45588480		8G	0			true		acacia-syntcomp26-coverage-267350-218ef494fd05.scope
S-cap17-epoch1	AllLights_2c5b09da.ltl	AllLights_2c5b09da.tlsf	17	UNREALIZABLE	0.9544463829952292	1	false		status	13	30	4	50384cf69a733199fa17c9c571da1761d8451991	f80ff3f62daaa6e22a6753a3f30a127baab424d0320949bc9957a6ff62ea5ebe	otf_sparse_formula	2026-09-20T12:32:43.073738Z		3.720000	27947008		8G	0			true		acacia-syntcomp26-coverage-267350-0ad36ff69748.scope
S-cap17-epoch1	Automata16S.ltl	Automata16S.tlsf	17	TIMEOUT	17.085512776015094	124	true	timeout	status	0	8	5	50384cf69a733199fa17c9c571da1761d8451991	f80ff3f62daaa6e22a6753a3f30a127baab424d0320949bc9957a6ff62ea5ebe	otf_sparse_formula	2026-09-20T12:33:00.172189Z					8G	0			true		acacia-syntcomp26-coverage-267350-2155461f0930.scope
S-cap17-epoch1	Automata32S.ltl	Automata32S.tlsf	17	TIMEOUT	17.089068444998702	124	true	timeout	status	0	8	6	50384cf69a733199fa17c9c571da1761d8451991	f80ff3f62daaa6e22a6753a3f30a127baab424d0320949bc9957a6ff62ea5ebe	otf_sparse_formula	2026-09-20T12:33:17.296633Z					8G	0			true		acacia-syntcomp26-coverage-267350-f395514e606a.scope
S-cap17-epoch1	F-G-contradiction-111.ltl	F-G-contradiction-111.tlsf	17	TIMEOUT	17.143163341999752	124	true	timeout	none	0	8	7	50384cf69a733199fa17c9c571da1761d8451991	f80ff3f62daaa6e22a6753a3f30a127baab424d0320949bc9957a6ff62ea5ebe	otf_sparse_formula	2026-09-20T12:33:34.482362Z					8G	0			true		acacia-syntcomp26-coverage-267350-1c38513bb070.scope
S-cap17-epoch1	Full_f1477cc5.ltl	Full_f1477cc5.tlsf	17	TIMEOUT	17.095218196016503	124	true	timeout	none	0	8	8	50384cf69a733199fa17c9c571da1761d8451991	f80ff3f62daaa6e22a6753a3f30a127baab424d0320949bc9957a6ff62ea5ebe	otf_sparse_formula	2026-09-20T12:33:51.620127Z					8G	0			true		acacia-syntcomp26-coverage-267350-961457a01b3f.scope
S-cap17-epoch1	LampController_974f4a68.ltl	LampController_974f4a68.tlsf	17	REALIZABLE	0.03715913099586032	0	false		status	11	30	9	50384cf69a733199fa17c9c571da1761d8451991	f80ff3f62daaa6e22a6753a3f30a127baab424d0320949bc9957a6ff62ea5ebe	otf_sparse_formula	2026-09-20T12:33:51.678603Z		0.050000	20582400		8G	0			true		acacia-syntcomp26-coverage-267350-bd36ea8ce5c5.scope
S-cap17-epoch1	Lights3Min_6479ef9a.ltl	Lights3Min_6479ef9a.tlsf	17	REALIZABLE	0.03817759800585918	0	false		status	11	30	10	50384cf69a733199fa17c9c571da1761d8451991	f80ff3f62daaa6e22a6753a3f30a127baab424d0320949bc9957a6ff62ea5ebe	otf_sparse_formula	2026-09-20T12:33:51.744695Z		0.050000	19161088		8G	0			true		acacia-syntcomp26-coverage-267350-750a912f4194.scope
S-cap17-epoch1	Lights3_f1477cc5.ltl	Lights3_f1477cc5.tlsf	17	REALIZABLE	0.04968298101448454	0	false		status	11	30	11	50384cf69a733199fa17c9c571da1761d8451991	f80ff3f62daaa6e22a6753a3f30a127baab424d0320949bc9957a6ff62ea5ebe	otf_sparse_formula	2026-09-20T12:33:51.807522Z		0.100000	20951040		8G	0			true		acacia-syntcomp26-coverage-267350-8f56539e7230.scope
S-cap17-epoch1	Lights_06e9cad4.ltl	Lights_06e9cad4.tlsf	17	REALIZABLE	0.04531845299061388	0	false		status	11	30	12	50384cf69a733199fa17c9c571da1761d8451991	f80ff3f62daaa6e22a6753a3f30a127baab424d0320949bc9957a6ff62ea5ebe	otf_sparse_formula	2026-09-20T12:33:51.865638Z		0.090000	20893696		8G	0			true		acacia-syntcomp26-coverage-267350-f4239eb16fba.scope
S-cap17-epoch1	Morning2_9cac58d3.ltl	Morning2_9cac58d3.tlsf	17	REALIZABLE	0.027846098004374653	0	false		status	11	30	13	50384cf69a733199fa17c9c571da1761d8451991	f80ff3f62daaa6e22a6753a3f30a127baab424d0320949bc9957a6ff62ea5ebe	otf_sparse_formula	2026-09-20T12:33:51.918111Z		0.040000	20013056		8G	0			true		acacia-syntcomp26-coverage-267350-3023a1abec0e.scope
S-cap17-epoch1	Morning_f1477cc5.ltl	Morning_f1477cc5.tlsf	17	UNREALIZABLE	3.6306695390085224	1	false		status	13	32	14	50384cf69a733199fa17c9c571da1761d8451991	f80ff3f62daaa6e22a6753a3f30a127baab424d0320949bc9957a6ff62ea5ebe	otf_sparse_formula	2026-09-20T12:33:55.562068Z		14.360000	204906496		8G	0			true		acacia-syntcomp26-coverage-267350-5218c128eebd.scope
S-cap17-epoch1	SingleContoller_d65ed84e.ltl	SingleContoller_d65ed84e.tlsf	17	UNREALIZABLE	0.029701327002840117	1	false		status	13	30	15	50384cf69a733199fa17c9c571da1761d8451991	f80ff3f62daaa6e22a6753a3f30a127baab424d0320949bc9957a6ff62ea5ebe	otf_sparse_formula	2026-09-20T12:33:55.605997Z		0.060000	21254144		8G	0			true		acacia-syntcomp26-coverage-267350-a6fc147e5788.scope
S-cap17-epoch1	TwoCountersGui.ltl	TwoCountersGui.tlsf	17	UNREALIZABLE	0.044403201987734064	1	false		status	13	30	16	50384cf69a733199fa17c9c571da1761d8451991	f80ff3f62daaa6e22a6753a3f30a127baab424d0320949bc9957a6ff62ea5ebe	otf_sparse_formula	2026-09-20T12:33:55.663110Z		0.080000	21663744		8G	0			true		acacia-syntcomp26-coverage-267350-8b35d9552d80.scope
S-cap17-epoch1	Window2Min_88c5c1c3.ltl	Window2Min_88c5c1c3.tlsf	17	REALIZABLE	0.024759694992098957	0	false		status	11	30	17	50384cf69a733199fa17c9c571da1761d8451991	f80ff3f62daaa6e22a6753a3f30a127baab424d0320949bc9957a6ff62ea5ebe	otf_sparse_formula	2026-09-20T12:33:55.712277Z		0.030000	18481152		8G	0			true		acacia-syntcomp26-coverage-267350-a9fbf3410e94.scope
S-cap17-epoch1	amba_decomposed_encode_pb_10_pe_.ltl	amba_decomposed_encode_pb_10_pe_.tlsf	17	REALIZABLE	0.051854777993867174	0	false		status	11	30	18	50384cf69a733199fa17c9c571da1761d8451991	f80ff3f62daaa6e22a6753a3f30a127baab424d0320949bc9957a6ff62ea5ebe	otf_sparse_formula	2026-09-20T12:33:55.778897Z		0.120000	21975040		8G	0			true		acacia-syntcomp26-coverage-267350-5af0b76df776.scope
S-cap17-epoch1	amba_decomposed_encode_pb_14_pe_.ltl	amba_decomposed_encode_pb_14_pe_.tlsf	17	REALIZABLE	0.14467754200450145	0	false		status	11	30	19	50384cf69a733199fa17c9c571da1761d8451991	f80ff3f62daaa6e22a6753a3f30a127baab424d0320949bc9957a6ff62ea5ebe	otf_sparse_formula	2026-09-20T12:33:55.936931Z		0.500000	43515904		8G	0			true		acacia-syntcomp26-coverage-267350-b2f80c968f85.scope
S-cap17-epoch1	amba_decomposed_lock_pb_6_pe_.ltl	amba_decomposed_lock_pb_6_pe_.tlsf	17	REALIZABLE	0.022570780012756586	0	false		status	11	30	20	50384cf69a733199fa17c9c571da1761d8451991	f80ff3f62daaa6e22a6753a3f30a127baab424d0320949bc9957a6ff62ea5ebe	otf_sparse_formula	2026-09-20T12:33:55.983613Z		0.030000	20328448		8G	0			true		acacia-syntcomp26-coverage-267350-9a2a7efc2b49.scope
S-cap17-epoch1	arbiter-paper-unreal-unreal.ltl	arbiter-paper-unreal-unreal.tlsf	17	UNREALIZABLE	0.05307439301395789	1	false		none	13	30	21	50384cf69a733199fa17c9c571da1761d8451991	f80ff3f62daaa6e22a6753a3f30a127baab424d0320949bc9957a6ff62ea5ebe	otf_sparse_formula	2026-09-20T12:33:56.050511Z		0.090000	20328448		8G	0			true		acacia-syntcomp26-coverage-267350-8b6f5f8ec44d.scope
S-cap17-epoch1	arbiter_on_inpchange_pb_3_pe_.ltl	arbiter_on_inpchange_pb_3_pe_.tlsf	17	REALIZABLE	0.0546761569858063	0	false		none	11	30	22	50384cf69a733199fa17c9c571da1761d8451991	f80ff3f62daaa6e22a6753a3f30a127baab424d0320949bc9957a6ff62ea5ebe	otf_sparse_formula	2026-09-20T12:33:56.118029Z		0.130000	20717568		8G	0			true		acacia-syntcomp26-coverage-267350-2b7d6dd26f66.scope
S-cap17-epoch1	arbiter_on_inpchange_pb_5_pe_.ltl	arbiter_on_inpchange_pb_5_pe_.tlsf	17	TIMEOUT	17.136487180978293	124	true	timeout	none	0	8	23	50384cf69a733199fa17c9c571da1761d8451991	f80ff3f62daaa6e22a6753a3f30a127baab424d0320949bc9957a6ff62ea5ebe	otf_sparse_formula	2026-09-20T12:34:13.280280Z					8G	0			true		acacia-syntcomp26-coverage-267350-9f7ab0bbca45.scope
S-cap17-epoch1	arbiter_with_cancel_pb_4_pe_.ltl	arbiter_with_cancel_pb_4_pe_.tlsf	17	REALIZABLE	0.0725134169915691	0	false		none	11	30	24	50384cf69a733199fa17c9c571da1761d8451991	f80ff3f62daaa6e22a6753a3f30a127baab424d0320949bc9957a6ff62ea5ebe	otf_sparse_formula	2026-09-20T12:34:13.366879Z		0.230000	25772032		8G	0			true		acacia-syntcomp26-coverage-267350-0e666dcce7ff.scope
S-cap17-epoch1	arbiter_with_cancel_pb_5_pe_.ltl	arbiter_with_cancel_pb_5_pe_.tlsf	17	REALIZABLE	1.1461008269980084	0	false		none	11	30	25	50384cf69a733199fa17c9c571da1761d8451991	f80ff3f62daaa6e22a6753a3f30a127baab424d0320949bc9957a6ff62ea5ebe	otf_sparse_formula	2026-09-20T12:34:14.526545Z		4.500000	66207744		8G	0			true		acacia-syntcomp26-coverage-267350-c911b42a0119.scope
S-cap17-epoch1	example8_pb_1_pe_.ltl	example8_pb_1_pe_.tlsf	17	REALIZABLE	0.01658679300453514	0	false		none	11	30	26	50384cf69a733199fa17c9c571da1761d8451991	f80ff3f62daaa6e22a6753a3f30a127baab424d0320949bc9957a6ff62ea5ebe	otf_sparse_formula	2026-09-20T12:34:14.557142Z		0.010000	17391616	43192320	8G	0			true		acacia-syntcomp26-coverage-267350-1d6060ab5e42.scope
S-cap17-epoch1	full_arbiter_unreal1_pb_2_10_pe_.ltl	full_arbiter_unreal1_pb_2_10_pe_.tlsf	17	UNREALIZABLE	0.019005273992661387	1	false		status	13	30	27	50384cf69a733199fa17c9c571da1761d8451991	f80ff3f62daaa6e22a6753a3f30a127baab424d0320949bc9957a6ff62ea5ebe	otf_sparse_formula	2026-09-20T12:34:14.588435Z		0.010000	15564800	43401216	8G	0			true		acacia-syntcomp26-coverage-267350-b33b9a4afef6.scope
S-cap17-epoch1	generalized_buffer_pb_4_pe_.ltl	generalized_buffer_pb_4_pe_.tlsf	17	REALIZABLE	0.10072005799156614	0	false		none	11	30	28	50384cf69a733199fa17c9c571da1761d8451991	f80ff3f62daaa6e22a6753a3f30a127baab424d0320949bc9957a6ff62ea5ebe	otf_sparse_formula	2026-09-20T12:34:14.706786Z		0.350000	32239616		8G	0			true		acacia-syntcomp26-coverage-267350-cfaead179986.scope
S-cap17-epoch1	gf-unreal26.ltl	gf-unreal26.tlsf	17	UNREALIZABLE	0.035079746012343094	1	false		none	13	30	29	50384cf69a733199fa17c9c571da1761d8451991	f80ff3f62daaa6e22a6753a3f30a127baab424d0320949bc9957a6ff62ea5ebe	otf_sparse_formula	2026-09-20T12:34:14.757117Z		0.040000	19025920		8G	0			true		acacia-syntcomp26-coverage-267350-32b6258af5e7.scope
S-cap17-epoch1	gf-unreal43.ltl	gf-unreal43.tlsf	17	UNREALIZABLE	0.04817758500576019	1	false		none	13	30	30	50384cf69a733199fa17c9c571da1761d8451991	f80ff3f62daaa6e22a6753a3f30a127baab424d0320949bc9957a6ff62ea5ebe	otf_sparse_formula	2026-09-20T12:34:14.818205Z		0.090000	19951616		8G	0			true		acacia-syntcomp26-coverage-267350-035873b00573.scope
S-cap17-epoch1	gf-unreal44.ltl	gf-unreal44.tlsf	17	UNREALIZABLE	0.02794975199503824	1	false		none	13	30	31	50384cf69a733199fa17c9c571da1761d8451991	f80ff3f62daaa6e22a6753a3f30a127baab424d0320949bc9957a6ff62ea5ebe	otf_sparse_formula	2026-09-20T12:34:14.859362Z		0.050000	19824640		8G	0			true		acacia-syntcomp26-coverage-267350-8ac4e579c899.scope
S-cap17-epoch1	heim-double-x13.ltl	heim-double-x13.tlsf	17	UNREALIZABLE	5.4018338980094995	1	false		none	13	32	32	50384cf69a733199fa17c9c571da1761d8451991	f80ff3f62daaa6e22a6753a3f30a127baab424d0320949bc9957a6ff62ea5ebe	otf_sparse_formula	2026-09-20T12:34:20.273709Z		17.900000	227901440		8G	0			true		acacia-syntcomp26-coverage-267350-7dcd6fd0e0ab.scope
S-cap17-epoch1	infinite-race-u12.ltl	infinite-race-u12.tlsf	17	TIMEOUT	17.137355700979242	124	true	timeout	none	0	8	33	50384cf69a733199fa17c9c571da1761d8451991	f80ff3f62daaa6e22a6753a3f30a127baab424d0320949bc9957a6ff62ea5ebe	otf_sparse_formula	2026-09-20T12:34:37.446378Z					8G	0			true		acacia-syntcomp26-coverage-267350-2063e14cf54f.scope
S-cap17-epoch1	infinite-race-u25.ltl	infinite-race-u25.tlsf	17	TIMEOUT	17.135950768977636	124	true	timeout	none	0	8	34	50384cf69a733199fa17c9c571da1761d8451991	f80ff3f62daaa6e22a6753a3f30a127baab424d0320949bc9957a6ff62ea5ebe	otf_sparse_formula	2026-09-20T12:34:54.596452Z					8G	0			true		acacia-syntcomp26-coverage-267350-984a9ecf39b6.scope
S-cap17-epoch1	infinite-race-unequal-24.ltl	infinite-race-unequal-24.tlsf	17	UNREALIZABLE	1.1497831199958455	1	false		none	13	31	35	50384cf69a733199fa17c9c571da1761d8451991	f80ff3f62daaa6e22a6753a3f30a127baab424d0320949bc9957a6ff62ea5ebe	otf_sparse_formula	2026-09-20T12:34:55.761114Z		4.440000	140742656		8G	0			true		acacia-syntcomp26-coverage-267350-997167759d2a.scope
S-cap17-epoch1	lift_unary_enc_pb_3_pe_.ltl	lift_unary_enc_pb_3_pe_.tlsf	17	REALIZABLE	0.6794823880190961	0	false		none	11	30	36	50384cf69a733199fa17c9c571da1761d8451991	f80ff3f62daaa6e22a6753a3f30a127baab424d0320949bc9957a6ff62ea5ebe	otf_sparse_formula	2026-09-20T12:34:56.454738Z		2.640000	81539072		8G	0			true		acacia-syntcomp26-coverage-267350-e52c834aec3c.scope
S-cap17-epoch1	lift_wrong_physics_unreal_pb_10_pe_.ltl	lift_wrong_physics_unreal_pb_10_pe_.tlsf	17	UNREALIZABLE	1.1856554689875338	1	false		none	13	30	37	50384cf69a733199fa17c9c571da1761d8451991	f80ff3f62daaa6e22a6753a3f30a127baab424d0320949bc9957a6ff62ea5ebe	otf_sparse_formula	2026-09-20T12:34:57.654111Z		4.640000	66088960		8G	0			true		acacia-syntcomp26-coverage-267350-2ae01f08027e.scope
S-cap17-epoch1	load_balancer_unreal1_pb_4_10_pe_.ltl	load_balancer_unreal1_pb_4_10_pe_.tlsf	17	TIMEOUT	17.137682632019278	124	true	timeout	status	0	8	38	50384cf69a733199fa17c9c571da1761d8451991	f80ff3f62daaa6e22a6753a3f30a127baab424d0320949bc9957a6ff62ea5ebe	otf_sparse_formula	2026-09-20T12:35:14.818722Z					8G	0			true		acacia-syntcomp26-coverage-267350-0059a3cf845c.scope
S-cap17-epoch1	load_balancer_unreal1_pb_4_3_pe_.ltl	load_balancer_unreal1_pb_4_3_pe_.tlsf	17	UNREALIZABLE	0.040115958981914446	1	false		status	13	30	39	50384cf69a733199fa17c9c571da1761d8451991	f80ff3f62daaa6e22a6753a3f30a127baab424d0320949bc9957a6ff62ea5ebe	otf_sparse_formula	2026-09-20T12:35:14.872650Z		0.070000	20668416		8G	0			true		acacia-syntcomp26-coverage-267350-31a80c7a72ec.scope
S-cap17-epoch1	load_balancer_unreal1_pb_6_5_pe_.ltl	load_balancer_unreal1_pb_6_5_pe_.tlsf	17	TIMEOUT	17.08546742598992	124	true	timeout	none	0	8	40	50384cf69a733199fa17c9c571da1761d8451991	f80ff3f62daaa6e22a6753a3f30a127baab424d0320949bc9957a6ff62ea5ebe	otf_sparse_formula	2026-09-20T12:35:31.970227Z					8G	0			true		acacia-syntcomp26-coverage-267350-c664cdaa30f4.scope
S-cap17-epoch1	ltl2dba18.ltl	ltl2dba18.tlsf	17	REALIZABLE	0.020415637991391122	0	false		status	11	30	41	50384cf69a733199fa17c9c571da1761d8451991	f80ff3f62daaa6e22a6753a3f30a127baab424d0320949bc9957a6ff62ea5ebe	otf_sparse_formula	2026-09-20T12:35:32.013993Z		0.010000	15323136		8G	0			true		acacia-syntcomp26-coverage-267350-28d1fa8d50a6.scope
S-cap17-epoch1	ltl2dba_C2_pb_5_pe_.ltl	ltl2dba_C2_pb_5_pe_.tlsf	17	REALIZABLE	0.026909426000202075	0	false		status	11	30	42	50384cf69a733199fa17c9c571da1761d8451991	f80ff3f62daaa6e22a6753a3f30a127baab424d0320949bc9957a6ff62ea5ebe	otf_sparse_formula	2026-09-20T12:35:32.079438Z		0.020000	15314944		8G	0			true		acacia-syntcomp26-coverage-267350-473c2abf55a9.scope
S-cap17-epoch1	ltl2dba_C2_unreal_pb_15_pe_.ltl	ltl2dba_C2_unreal_pb_15_pe_.tlsf	17	UNREALIZABLE	7.751420654996764	1	false		status	13	32	43	50384cf69a733199fa17c9c571da1761d8451991	f80ff3f62daaa6e22a6753a3f30a127baab424d0320949bc9957a6ff62ea5ebe	otf_sparse_formula	2026-09-20T12:35:39.843669Z		30.710000	361811968		8G	0			true		acacia-syntcomp26-coverage-267350-f3d7d14e0ef8.scope
S-cap17-epoch1	ltl2dba_E_pb_7_pe_.ltl	ltl2dba_E_pb_7_pe_.tlsf	17	REALIZABLE	0.017681380995782092	0	false		status	11	30	44	50384cf69a733199fa17c9c571da1761d8451991	f80ff3f62daaa6e22a6753a3f30a127baab424d0320949bc9957a6ff62ea5ebe	otf_sparse_formula	2026-09-20T12:35:39.885363Z		0.010000	15343616		8G	0			true		acacia-syntcomp26-coverage-267350-a0c2e195cc86.scope
S-cap17-epoch1	ltl2dba_U1_pb_100_pe_.ltl	ltl2dba_U1_pb_100_pe_.tlsf	17	REALIZABLE	0.03021472302498296	0	false		none	11	30	45	50384cf69a733199fa17c9c571da1761d8451991	f80ff3f62daaa6e22a6753a3f30a127baab424d0320949bc9957a6ff62ea5ebe	otf_sparse_formula	2026-09-20T12:35:39.937555Z		0.020000	15343616		8G	0			true		acacia-syntcomp26-coverage-267350-1dde78e4395d.scope
S-cap17-epoch1	ltl2dba_U1_pb_9_pe_.ltl	ltl2dba_U1_pb_9_pe_.tlsf	17	REALIZABLE	0.02886885602492839	0	false		status	11	30	46	50384cf69a733199fa17c9c571da1761d8451991	f80ff3f62daaa6e22a6753a3f30a127baab424d0320949bc9957a6ff62ea5ebe	otf_sparse_formula	2026-09-20T12:35:40.007490Z		0.030000	15233024		8G	0			true		acacia-syntcomp26-coverage-267350-7e187860b137.scope
S-cap17-epoch1	ltl2dba_theta_pb_500_pe_.ltl	ltl2dba_theta_pb_500_pe_.tlsf	17	TIMEOUT	17.091991066990886	124	true	timeout	none	0	8	47	50384cf69a733199fa17c9c571da1761d8451991	f80ff3f62daaa6e22a6753a3f30a127baab424d0320949bc9957a6ff62ea5ebe	otf_sparse_formula	2026-09-20T12:35:57.126424Z					8G	0			true		acacia-syntcomp26-coverage-267350-fa1b5137f623.scope
S-cap17-epoch1	mux_pb_100_pe_.ltl	mux_pb_100_pe_.tlsf	17	REALIZABLE	0.04584701801650226	0	false		status	11	30	48	50384cf69a733199fa17c9c571da1761d8451991	f80ff3f62daaa6e22a6753a3f30a127baab424d0320949bc9957a6ff62ea5ebe	otf_sparse_formula	2026-09-20T12:35:57.209757Z		0.070000	17858560		8G	0			true		acacia-syntcomp26-coverage-267350-75f371f27be1.scope
S-cap17-epoch1	mux_pb_12_pe_.ltl	mux_pb_12_pe_.tlsf	17	REALIZABLE	0.03190201398683712	0	false		status	11	30	49	50384cf69a733199fa17c9c571da1761d8451991	f80ff3f62daaa6e22a6753a3f30a127baab424d0320949bc9957a6ff62ea5ebe	otf_sparse_formula	2026-09-20T12:35:57.278982Z		0.040000	15970304		8G	0			true		acacia-syntcomp26-coverage-267350-ebafc8e8cf79.scope
S-cap17-epoch1	patrolling-alarm17.ltl	patrolling-alarm17.tlsf	17	UNREALIZABLE	0.4590654170024209	1	false		none	13	30	50	50384cf69a733199fa17c9c571da1761d8451991	f80ff3f62daaa6e22a6753a3f30a127baab424d0320949bc9957a6ff62ea5ebe	otf_sparse_formula	2026-09-20T12:35:57.755871Z		1.690000	74928128		8G	0			true		acacia-syntcomp26-coverage-267350-8cd510bf75b3.scope
S-cap17-epoch1	patrolling20.ltl	patrolling20.tlsf	17	UNREALIZABLE	0.5936520849936642	1	false		none	13	30	51	50384cf69a733199fa17c9c571da1761d8451991	f80ff3f62daaa6e22a6753a3f30a127baab424d0320949bc9957a6ff62ea5ebe	otf_sparse_formula	2026-09-20T12:35:58.363696Z		2.280000	99586048		8G	0			true		acacia-syntcomp26-coverage-267350-fa3836d36799.scope
S-cap17-epoch1	patrolling9.ltl	patrolling9.tlsf	17	UNREALIZABLE	0.1189426319906488	1	false		none	13	30	52	50384cf69a733199fa17c9c571da1761d8451991	f80ff3f62daaa6e22a6753a3f30a127baab424d0320949bc9957a6ff62ea5ebe	otf_sparse_formula	2026-09-20T12:35:58.496706Z		0.380000	28504064		8G	0			true		acacia-syntcomp26-coverage-267350-d5871c96b918.scope
S-cap17-epoch1	prioritized_arbiter_unreal1_pb_2_12_pe_.ltl	prioritized_arbiter_unreal1_pb_2_12_pe_.tlsf	17	UNREALIZABLE	0.020560283010127023	1	false		status	13	30	53	50384cf69a733199fa17c9c571da1761d8451991	f80ff3f62daaa6e22a6753a3f30a127baab424d0320949bc9957a6ff62ea5ebe	otf_sparse_formula	2026-09-20T12:35:58.539431Z		0.020000	18403328		8G	0			true		acacia-syntcomp26-coverage-267350-cb5cc2b49bfa.scope
S-cap17-epoch1	prioritized_arbiter_unreal1_pb_2_15_pe_.ltl	prioritized_arbiter_unreal1_pb_2_15_pe_.tlsf	17	UNREALIZABLE	0.03241873701335862	1	false		status	13	30	54	50384cf69a733199fa17c9c571da1761d8451991	f80ff3f62daaa6e22a6753a3f30a127baab424d0320949bc9957a6ff62ea5ebe	otf_sparse_formula	2026-09-20T12:35:58.598361Z		0.030000	18464768		8G	0			true		acacia-syntcomp26-coverage-267350-d9dfffaf860f.scope
S-cap17-epoch1	robot-resource-2d11.ltl	robot-resource-2d11.tlsf	17	UNREALIZABLE	1.7673344900249504	1	false		none	13	30	55	50384cf69a733199fa17c9c571da1761d8451991	f80ff3f62daaa6e22a6753a3f30a127baab424d0320949bc9957a6ff62ea5ebe	otf_sparse_formula	2026-09-20T12:36:00.382443Z		6.910000	44544000		8G	0			true		acacia-syntcomp26-coverage-267350-6a914294b2b6.scope
S-cap17-epoch1	robot-resource-2d9.ltl	robot-resource-2d9.tlsf	17	UNREALIZABLE	1.6134035579743795	1	false		none	13	30	56	50384cf69a733199fa17c9c571da1761d8451991	f80ff3f62daaa6e22a6753a3f30a127baab424d0320949bc9957a6ff62ea5ebe	otf_sparse_formula	2026-09-20T12:36:02.010159Z		6.330000	44408832		8G	0			true		acacia-syntcomp26-coverage-267350-95509e8493c3.scope
S-cap17-epoch1	robot-to-target-charging-unreal7.ltl	robot-to-target-charging-unreal7.tlsf	17	TIMEOUT	17.088364283001283	124	true	timeout	none	0	8	57	50384cf69a733199fa17c9c571da1761d8451991	f80ff3f62daaa6e22a6753a3f30a127baab424d0320949bc9957a6ff62ea5ebe	otf_sparse_formula	2026-09-20T12:36:19.138756Z					8G	0			true		acacia-syntcomp26-coverage-267350-7e1fc55b3e3f.scope
S-cap17-epoch1	robot_deliver_products_50.ltl	robot_deliver_products_50.tlsf	17	TIMEOUT	17.093357808014844	124	true	timeout	none	0	8	58	50384cf69a733199fa17c9c571da1761d8451991	f80ff3f62daaa6e22a6753a3f30a127baab424d0320949bc9957a6ff62ea5ebe	otf_sparse_formula	2026-09-20T12:36:36.274945Z					8G	0			true		acacia-syntcomp26-coverage-267350-949a5745e586.scope
S-cap17-epoch1	robot_grid_pb_5_1_pe_.ltl	robot_grid_pb_5_1_pe_.tlsf	17	REALIZABLE	0.0719125939940568	0	false		status	11	30	59	50384cf69a733199fa17c9c571da1761d8451991	f80ff3f62daaa6e22a6753a3f30a127baab424d0320949bc9957a6ff62ea5ebe	otf_sparse_formula	2026-09-20T12:36:36.365799Z		0.150000	22175744		8G	0			true		acacia-syntcomp26-coverage-267350-a58cb1912821.scope
S-cap17-epoch1	round_robin_arbiter_pb_6_pe_.ltl	round_robin_arbiter_pb_6_pe_.tlsf	17	TIMEOUT	17.085717807989568	124	true	timeout	status	0	8	60	50384cf69a733199fa17c9c571da1761d8451991	f80ff3f62daaa6e22a6753a3f30a127baab424d0320949bc9957a6ff62ea5ebe	otf_sparse_formula	2026-09-20T12:36:53.464214Z					8G	0			true		acacia-syntcomp26-coverage-267350-73acb07a7f09.scope
S-cap17-epoch1	round_robin_arbiter_unreal1_pb_2_11_pe_.ltl	round_robin_arbiter_unreal1_pb_2_11_pe_.tlsf	17	UNREALIZABLE	0.08219414699124172	1	false		status	13	30	61	50384cf69a733199fa17c9c571da1761d8451991	f80ff3f62daaa6e22a6753a3f30a127baab424d0320949bc9957a6ff62ea5ebe	otf_sparse_formula	2026-09-20T12:36:53.561019Z		0.240000	26791936		8G	0			true		acacia-syntcomp26-coverage-267350-3377f72b439f.scope
S-cap17-epoch1	round_robin_arbiter_unreal1_pb_3_16_pe_.ltl	round_robin_arbiter_unreal1_pb_3_16_pe_.tlsf	17	TIMEOUT	17.189379636984086	124	true	timeout	status	0	8	62	50384cf69a733199fa17c9c571da1761d8451991	f80ff3f62daaa6e22a6753a3f30a127baab424d0320949bc9957a6ff62ea5ebe	otf_sparse_formula	2026-09-20T12:37:10.788422Z					8G	0			true		acacia-syntcomp26-coverage-267350-4a420ab163ff.scope
S-cap17-epoch1	round_robin_arbiter_unreal1_pb_3_3_pe_.ltl	round_robin_arbiter_unreal1_pb_3_3_pe_.tlsf	17	UNREALIZABLE	0.040418085001874715	1	false		status	13	30	63	50384cf69a733199fa17c9c571da1761d8451991	f80ff3f62daaa6e22a6753a3f30a127baab424d0320949bc9957a6ff62ea5ebe	otf_sparse_formula	2026-09-20T12:37:10.841790Z		0.060000	20520960		8G	0			true		acacia-syntcomp26-coverage-267350-212b8a0aa64e.scope
S-cap17-epoch1	round_robin_arbiter_unreal2_pb_5_pe_.ltl	round_robin_arbiter_unreal2_pb_5_pe_.tlsf	17	TIMEOUT	17.088480523991166	124	true	timeout	status	0	8	64	50384cf69a733199fa17c9c571da1761d8451991	f80ff3f62daaa6e22a6753a3f30a127baab424d0320949bc9957a6ff62ea5ebe	otf_sparse_formula	2026-09-20T12:37:27.953690Z					8G	0			true		acacia-syntcomp26-coverage-267350-381764e048d6.scope
S-cap17-epoch1	shift_pb_10_pe_.ltl	shift_pb_10_pe_.tlsf	17	REALIZABLE	0.030928986991057172	0	false		status	11	30	65	50384cf69a733199fa17c9c571da1761d8451991	f80ff3f62daaa6e22a6753a3f30a127baab424d0320949bc9957a6ff62ea5ebe	otf_sparse_formula	2026-09-20T12:37:28.018433Z		0.020000	15695872		8G	0			true		acacia-syntcomp26-coverage-267350-44789c9739f0.scope
S-cap17-epoch1	shift_pb_8_pe_.ltl	shift_pb_8_pe_.tlsf	17	REALIZABLE	0.03392759698908776	0	false		status	11	30	66	50384cf69a733199fa17c9c571da1761d8451991	f80ff3f62daaa6e22a6753a3f30a127baab424d0320949bc9957a6ff62ea5ebe	otf_sparse_formula	2026-09-20T12:37:28.091339Z		0.040000	15699968		8G	0			true		acacia-syntcomp26-coverage-267350-374a4523e224.scope
S-cap17-epoch1	simple_arbiter_unreal1_pb_5_9_pe_.ltl	simple_arbiter_unreal1_pb_5_9_pe_.tlsf	17	UNREALIZABLE	0.033876859000883996	1	false		status	13	30	67	50384cf69a733199fa17c9c571da1761d8451991	f80ff3f62daaa6e22a6753a3f30a127baab424d0320949bc9957a6ff62ea5ebe	otf_sparse_formula	2026-09-20T12:37:28.165362Z		0.030000	15433728		8G	0			true		acacia-syntcomp26-coverage-267350-e5aab8a310bf.scope
S-cap17-epoch1	simple_arbiter_unreal2_pb_4_pe_.ltl	simple_arbiter_unreal2_pb_4_pe_.tlsf	17	UNREALIZABLE	0.03582284599542618	1	false		status	13	30	68	50384cf69a733199fa17c9c571da1761d8451991	f80ff3f62daaa6e22a6753a3f30a127baab424d0320949bc9957a6ff62ea5ebe	otf_sparse_formula	2026-09-20T12:37:28.240136Z		0.030000	15335424		8G	0			true		acacia-syntcomp26-coverage-267350-84ab828dc795.scope
S-cap17-epoch1	simple_arbiter_unreal2_pb_75_pe_.ltl	simple_arbiter_unreal2_pb_75_pe_.tlsf	17	UNREALIZABLE	0.0620874100131914	1	false		none	13	30	69	50384cf69a733199fa17c9c571da1761d8451991	f80ff3f62daaa6e22a6753a3f30a127baab424d0320949bc9957a6ff62ea5ebe	otf_sparse_formula	2026-09-20T12:37:28.315941Z		0.070000	26648576		8G	0			true		acacia-syntcomp26-coverage-267350-b6dcc4a132be.scope
S-cap17-epoch1	simple_arbiter_with_hints_pb_12_pe_.ltl	simple_arbiter_with_hints_pb_12_pe_.tlsf	17	TIMEOUT	17.089767411001958	124	true	timeout	none	0	8	70	50384cf69a733199fa17c9c571da1761d8451991	f80ff3f62daaa6e22a6753a3f30a127baab424d0320949bc9957a6ff62ea5ebe	otf_sparse_formula	2026-09-20T12:37:45.445224Z					8G	0			true		acacia-syntcomp26-coverage-267350-7f1afd416d6f.scope
S-cap17-epoch1	CheckCoffeMachine_f3987563.ltl	CheckCoffeMachine_f3987563.tlsf	17	UNREALIZABLE	0.021505640004761517	1	false		status	13	30	0	50384cf69a733199fa17c9c571da1761d8451991	f80ff3f62daaa6e22a6753a3f30a127baab424d0320949bc9957a6ff62ea5ebe	otf_sparse_formula	2026-09-20T12:37:45.606390Z		0.020000	19042304		8G	0			true		acacia-syntcomp26-coverage-268172-0842d99e1dd5.scope
S-cap17-epoch1	CheckTime_3916ec59.ltl	CheckTime_3916ec59.tlsf	17	UNREALIZABLE	0.019790379999903962	1	false		status	13	30	1	50384cf69a733199fa17c9c571da1761d8451991	f80ff3f62daaa6e22a6753a3f30a127baab424d0320949bc9957a6ff62ea5ebe	otf_sparse_formula	2026-09-20T12:37:45.663083Z		0.010000	17326080	43442176	8G	0			true		acacia-syntcomp26-coverage-268172-0a90f4860eaa.scope
S-cap17-epoch1	CheckTimer_fa8592c8.ltl	CheckTimer_fa8592c8.tlsf	17	UNREALIZABLE	0.01720098700025119	1	false		status	13	30	2	50384cf69a733199fa17c9c571da1761d8451991	f80ff3f62daaa6e22a6753a3f30a127baab424d0320949bc9957a6ff62ea5ebe	otf_sparse_formula	2026-09-20T12:37:45.693109Z		0.010000	19173376	48345088	8G	0			true		acacia-syntcomp26-coverage-268172-599e271a46b4.scope
S-cap17-epoch1	Lights_b0840146.ltl	Lights_b0840146.tlsf	17	REALIZABLE	0.029165968007873744	0	false		status	11	30	3	50384cf69a733199fa17c9c571da1761d8451991	f80ff3f62daaa6e22a6753a3f30a127baab424d0320949bc9957a6ff62ea5ebe	otf_sparse_formula	2026-09-20T12:37:45.734605Z		0.060000	20672512		8G	0			true		acacia-syntcomp26-coverage-268172-4a1754c84e2f.scope
S-cap17-epoch1	ModdifiedLedMatrix4X.ltl	ModdifiedLedMatrix4X.tlsf	17	UNREALIZABLE	0.5647260409896262	1	false		status	13	30	4	50384cf69a733199fa17c9c571da1761d8451991	f80ff3f62daaa6e22a6753a3f30a127baab424d0320949bc9957a6ff62ea5ebe	otf_sparse_formula	2026-09-20T12:37:46.317075Z		2.200000	26632192		8G	0			true		acacia-syntcomp26-coverage-268172-77f1c25f9d0a.scope
S-cap17-epoch1	Morning2_06e9cad4.ltl	Morning2_06e9cad4.tlsf	17	TIMEOUT	17.09398099698592	124	true	timeout	none	0	8	5	50384cf69a733199fa17c9c571da1761d8451991	f80ff3f62daaa6e22a6753a3f30a127baab424d0320949bc9957a6ff62ea5ebe	otf_sparse_formula	2026-09-20T12:38:03.452428Z					8G	0			true		acacia-syntcomp26-coverage-268172-705843b73f88.scope
S-cap17-epoch1	Morning2s_9cbf2546.ltl	Morning2s_9cbf2546.tlsf	17	TIMEOUT	17.05368830799125	124	true	timeout	none	0	8	6	50384cf69a733199fa17c9c571da1761d8451991	f80ff3f62daaa6e22a6753a3f30a127baab424d0320949bc9957a6ff62ea5ebe	otf_sparse_formula	2026-09-20T12:38:20.520383Z					8G	0			true		acacia-syntcomp26-coverage-268172-5eff79648425.scope
S-cap17-epoch1	SPI.ltl	SPI.tlsf	17	REALIZABLE	0.30728288198588416	0	false		status	11	30	7	50384cf69a733199fa17c9c571da1761d8451991	f80ff3f62daaa6e22a6753a3f30a127baab424d0320949bc9957a6ff62ea5ebe	otf_sparse_formula	2026-09-20T12:38:20.846466Z		1.150000	47153152		8G	0			true		acacia-syntcomp26-coverage-268172-6f1d41cc5d55.scope
S-cap17-epoch1	Time_a50cadd7.ltl	Time_a50cadd7.tlsf	17	UNREALIZABLE	0.01718417400843464	1	false		status	13	30	8	50384cf69a733199fa17c9c571da1761d8451991	f80ff3f62daaa6e22a6753a3f30a127baab424d0320949bc9957a6ff62ea5ebe	otf_sparse_formula	2026-09-20T12:38:20.878719Z		0.010000	17137664	43454464	8G	0			true		acacia-syntcomp26-coverage-268172-06b097ebaf28.scope
S-cap17-epoch1	TwoCounters5.ltl	TwoCounters5.tlsf	17	UNREALIZABLE	0.1151767480187118	1	false		status	13	30	9	50384cf69a733199fa17c9c571da1761d8451991	f80ff3f62daaa6e22a6753a3f30a127baab424d0320949bc9957a6ff62ea5ebe	otf_sparse_formula	2026-09-20T12:38:21.007497Z		0.380000	64811008		8G	0			true		acacia-syntcomp26-coverage-268172-4d45093f47a7.scope
S-cap17-epoch1	UnderapproxDemo2.ltl	UnderapproxDemo2.tlsf	17	UNREALIZABLE	0.024050362000707537	1	false		status	13	30	10	50384cf69a733199fa17c9c571da1761d8451991	f80ff3f62daaa6e22a6753a3f30a127baab424d0320949bc9957a6ff62ea5ebe	otf_sparse_formula	2026-09-20T12:38:21.045174Z		0.010000	19267584	48701440	8G	0			true		acacia-syntcomp26-coverage-268172-bba38270098d.scope
S-cap17-epoch1	Warnlight_a50cadd7.ltl	Warnlight_a50cadd7.tlsf	17	UNREALIZABLE	0.021543718001339585	1	false		status	13	30	11	50384cf69a733199fa17c9c571da1761d8451991	f80ff3f62daaa6e22a6753a3f30a127baab424d0320949bc9957a6ff62ea5ebe	otf_sparse_formula	2026-09-20T12:38:21.090246Z		0.030000	19234816		8G	0			true		acacia-syntcomp26-coverage-268172-b31365e83384.scope
S-cap17-epoch1	Window2_54e1f7d2.ltl	Window2_54e1f7d2.tlsf	17	REALIZABLE	0.03299001700361259	0	false		status	11	30	12	50384cf69a733199fa17c9c571da1761d8451991	f80ff3f62daaa6e22a6753a3f30a127baab424d0320949bc9957a6ff62ea5ebe	otf_sparse_formula	2026-09-20T12:38:21.146376Z		0.030000	19587072		8G	0			true		acacia-syntcomp26-coverage-268172-142178b6f225.scope
S-cap17-epoch1	amba_case_study_pb_2_pe_.ltl	amba_case_study_pb_2_pe_.tlsf	17	REALIZABLE	1.0989907800103538	0	false		status	11	30	13	50384cf69a733199fa17c9c571da1761d8451991	f80ff3f62daaa6e22a6753a3f30a127baab424d0320949bc9957a6ff62ea5ebe	otf_sparse_formula	2026-09-20T12:38:22.259018Z		4.250000	79945728		8G	0			true		acacia-syntcomp26-coverage-268172-ad994adf919d.scope
S-cap17-epoch1	amba_decomposed_lock_pb_3_pe_.ltl	amba_decomposed_lock_pb_3_pe_.tlsf	17	REALIZABLE	0.025143123988527805	0	false		status	11	30	14	50384cf69a733199fa17c9c571da1761d8451991	f80ff3f62daaa6e22a6753a3f30a127baab424d0320949bc9957a6ff62ea5ebe	otf_sparse_formula	2026-09-20T12:38:22.299216Z		0.030000	19898368		8G	0			true		acacia-syntcomp26-coverage-268172-eda28aed2a8a.scope
S-cap17-epoch1	amba_decomposed_lock_pb_9_pe_.ltl	amba_decomposed_lock_pb_9_pe_.tlsf	17	REALIZABLE	0.14956788200652227	0	false		status	11	30	15	50384cf69a733199fa17c9c571da1761d8451991	f80ff3f62daaa6e22a6753a3f30a127baab424d0320949bc9957a6ff62ea5ebe	otf_sparse_formula	2026-09-20T12:38:22.461845Z		0.400000	24051712		8G	0			true		acacia-syntcomp26-coverage-268172-25b54295fc62.scope
S-cap17-epoch1	amba_decomposed_tsingle.ltl	amba_decomposed_tsingle.tlsf	17	REALIZABLE	0.024526002001948655	0	false		status	11	30	16	50384cf69a733199fa17c9c571da1761d8451991	f80ff3f62daaa6e22a6753a3f30a127baab424d0320949bc9957a6ff62ea5ebe	otf_sparse_formula	2026-09-20T12:38:22.509059Z		0.020000	18534400		8G	0			true		acacia-syntcomp26-coverage-268172-7a7bd8d29ce6.scope
S-cap17-epoch1	arbiter_on_inpchange_pb_2_pe_.ltl	arbiter_on_inpchange_pb_2_pe_.tlsf	17	REALIZABLE	0.037465817003976554	0	false		none	11	30	17	50384cf69a733199fa17c9c571da1761d8451991	f80ff3f62daaa6e22a6753a3f30a127baab424d0320949bc9957a6ff62ea5ebe	otf_sparse_formula	2026-09-20T12:38:22.571223Z		0.060000	19038208		8G	0			true		acacia-syntcomp26-coverage-268172-51f434b0bcd5.scope
S-cap17-epoch1	arbiter_with_buffer_pb_10_pe_.ltl	arbiter_with_buffer_pb_10_pe_.tlsf	17	TIMEOUT	17.09202798397746	124	true	timeout	none	0	8	18	50384cf69a733199fa17c9c571da1761d8451991	f80ff3f62daaa6e22a6753a3f30a127baab424d0320949bc9957a6ff62ea5ebe	otf_sparse_formula	2026-09-20T12:38:39.686210Z					8G	0			true		acacia-syntcomp26-coverage-268172-8a58e6c40f9e.scope
S-cap17-epoch1	box-limited-real.ltl	box-limited-real.tlsf	17	REALIZABLE	0.03972364097717218	0	false		none	11	30	19	50384cf69a733199fa17c9c571da1761d8451991	f80ff3f62daaa6e22a6753a3f30a127baab424d0320949bc9957a6ff62ea5ebe	otf_sparse_formula	2026-09-20T12:38:39.739545Z		0.070000	19968000		8G	0			true		acacia-syntcomp26-coverage-268172-a3eb669f1fc3.scope
S-cap17-epoch1	chain-simple-40-real.ltl	chain-simple-40-real.tlsf	17	REALIZABLE	0.5800754520168994	0	false		none	11	31	20	50384cf69a733199fa17c9c571da1761d8451991	f80ff3f62daaa6e22a6753a3f30a127baab424d0320949bc9957a6ff62ea5ebe	otf_sparse_formula	2026-09-20T12:38:40.332830Z		2.180000	106369024		8G	0			true		acacia-syntcomp26-coverage-268172-ba8ddd60ba71.scope
S-cap17-epoch1	chomp_pb_4_2_pe_.ltl	chomp_pb_4_2_pe_.tlsf	17	TIMEOUT	17.053417016984895	124	true	timeout	status	0	8	21	50384cf69a733199fa17c9c571da1761d8451991	f80ff3f62daaa6e22a6753a3f30a127baab424d0320949bc9957a6ff62ea5ebe	otf_sparse_formula	2026-09-20T12:38:57.400246Z					8G	0			true		acacia-syntcomp26-coverage-268172-d45a71c94dd8.scope
S-cap17-epoch1	collector_v3_pb_15_pe_.ltl	collector_v3_pb_15_pe_.tlsf	17	TIMEOUT	17.05365813599201	124	true	timeout	none	0	8	22	50384cf69a733199fa17c9c571da1761d8451991	f80ff3f62daaa6e22a6753a3f30a127baab424d0320949bc9957a6ff62ea5ebe	otf_sparse_formula	2026-09-20T12:39:14.466981Z					8G	0			true		acacia-syntcomp26-coverage-268172-16f835d1a11f.scope
S-cap17-epoch1	collector_v3_pb_7_pe_.ltl	collector_v3_pb_7_pe_.tlsf	17	REALIZABLE	1.1246503799920902	0	false		status	11	30	23	50384cf69a733199fa17c9c571da1761d8451991	f80ff3f62daaa6e22a6753a3f30a127baab424d0320949bc9957a6ff62ea5ebe	otf_sparse_formula	2026-09-20T12:39:15.611380Z		4.410000	38645760		8G	0			true		acacia-syntcomp26-coverage-268172-64231c90a464.scope
S-cap17-epoch1	follow0.ltl	follow0.tlsf	17	TIMEOUT	17.052999245992396	124	true	timeout	none	0	8	24	50384cf69a733199fa17c9c571da1761d8451991	f80ff3f62daaa6e22a6753a3f30a127baab424d0320949bc9957a6ff62ea5ebe	otf_sparse_formula	2026-09-20T12:39:32.677046Z					8G	0			true		acacia-syntcomp26-coverage-268172-f0da29f475cd.scope
S-cap17-epoch1	follow2.ltl	follow2.tlsf	17	TIMEOUT	17.09447762099444	124	true	timeout	none	0	8	25	50384cf69a733199fa17c9c571da1761d8451991	f80ff3f62daaa6e22a6753a3f30a127baab424d0320949bc9957a6ff62ea5ebe	otf_sparse_formula	2026-09-20T12:39:49.811165Z					8G	0			true		acacia-syntcomp26-coverage-268172-a1973a1cabbe.scope
S-cap17-epoch1	full_arbiter_unreal1_pb_6_8_pe_.ltl	full_arbiter_unreal1_pb_6_8_pe_.tlsf	17	UNREALIZABLE	0.03061533998697996	1	false		none	13	30	26	50384cf69a733199fa17c9c571da1761d8451991	f80ff3f62daaa6e22a6753a3f30a127baab424d0320949bc9957a6ff62ea5ebe	otf_sparse_formula	2026-09-20T12:39:49.859821Z		0.020000	15585280		8G	0			true		acacia-syntcomp26-coverage-268172-ef3667d5d0e7.scope
S-cap17-epoch1	full_arbiter_unreal2_pb_7_pe_.ltl	full_arbiter_unreal2_pb_7_pe_.tlsf	17	UNREALIZABLE	0.02127288799965754	1	false		none	13	30	27	50384cf69a733199fa17c9c571da1761d8451991	f80ff3f62daaa6e22a6753a3f30a127baab424d0320949bc9957a6ff62ea5ebe	otf_sparse_formula	2026-09-20T12:39:49.893473Z		0.010000	15536128	42655744	8G	0			true		acacia-syntcomp26-coverage-268172-b22dc3818c84.scope
S-cap17-epoch1	g-unreal-17.ltl	g-unreal-17.tlsf	17	UNREALIZABLE	0.37060548999579623	1	false		none	13	30	28	50384cf69a733199fa17c9c571da1761d8451991	f80ff3f62daaa6e22a6753a3f30a127baab424d0320949bc9957a6ff62ea5ebe	otf_sparse_formula	2026-09-20T12:39:50.277658Z		1.180000	72036352		8G	0			true		acacia-syntcomp26-coverage-268172-515fa3c3b30f.scope
S-cap17-epoch1	gf-unreal16.ltl	gf-unreal16.tlsf	17	UNREALIZABLE	0.019900368992239237	1	false		none	13	30	29	50384cf69a733199fa17c9c571da1761d8451991	f80ff3f62daaa6e22a6753a3f30a127baab424d0320949bc9957a6ff62ea5ebe	otf_sparse_formula	2026-09-20T12:39:50.311627Z		0.020000	18366464		8G	0			true		acacia-syntcomp26-coverage-268172-59831ec17b01.scope
S-cap17-epoch1	helipad-contradict0.ltl	helipad-contradict0.tlsf	17	TIMEOUT	17.095562478003558	124	true	timeout	none	0	8	30	50384cf69a733199fa17c9c571da1761d8451991	f80ff3f62daaa6e22a6753a3f30a127baab424d0320949bc9957a6ff62ea5ebe	otf_sparse_formula	2026-09-20T12:40:07.449035Z					8G	0			true		acacia-syntcomp26-coverage-268172-7cd4a291df0d.scope
S-cap17-epoch1	infinite-race-u3.ltl	infinite-race-u3.tlsf	17	UNREALIZABLE	0.08550266199745238	1	false		none	13	30	31	50384cf69a733199fa17c9c571da1761d8451991	f80ff3f62daaa6e22a6753a3f30a127baab424d0320949bc9957a6ff62ea5ebe	otf_sparse_formula	2026-09-20T12:40:07.548911Z		0.220000	23130112		8G	0			true		acacia-syntcomp26-coverage-268172-36221c822f7e.scope
S-cap17-epoch1	infinite-race-u6.ltl	infinite-race-u6.tlsf	17	UNREALIZABLE	1.0022644610144198	1	false		none	13	31	32	50384cf69a733199fa17c9c571da1761d8451991	f80ff3f62daaa6e22a6753a3f30a127baab424d0320949bc9957a6ff62ea5ebe	otf_sparse_formula	2026-09-20T12:40:08.564531Z		3.910000	102400000		8G	0			true		acacia-syntcomp26-coverage-268172-c43699148389.scope
S-cap17-epoch1	lilydemo08.ltl	lilydemo08.tlsf	17	REALIZABLE	0.01532482000766322	0	false		status	11	30	33	50384cf69a733199fa17c9c571da1761d8451991	f80ff3f62daaa6e22a6753a3f30a127baab424d0320949bc9957a6ff62ea5ebe	otf_sparse_formula	2026-09-20T12:40:08.593565Z		0.010000	15323136	42418176	8G	0			true		acacia-syntcomp26-coverage-268172-099e3335c22f.scope
S-cap17-epoch1	lilydemo23.ltl	lilydemo23.tlsf	17	REALIZABLE	0.017235406005056575	0	false		status	11	30	34	50384cf69a733199fa17c9c571da1761d8451991	f80ff3f62daaa6e22a6753a3f30a127baab424d0320949bc9957a6ff62ea5ebe	otf_sparse_formula	2026-09-20T12:40:08.624155Z		0.010000	17780736	43462656	8G	0			true		acacia-syntcomp26-coverage-268172-c42db2b6655e.scope
S-cap17-epoch1	load_balancer_unreal1_pb_2_6_pe_.ltl	load_balancer_unreal1_pb_2_6_pe_.tlsf	17	UNREALIZABLE	0.020590445987181738	1	false		status	13	30	35	50384cf69a733199fa17c9c571da1761d8451991	f80ff3f62daaa6e22a6753a3f30a127baab424d0320949bc9957a6ff62ea5ebe	otf_sparse_formula	2026-09-20T12:40:08.657322Z		0.020000	19361792		8G	0			true		acacia-syntcomp26-coverage-268172-855f9bd07a39.scope
S-cap17-epoch1	load_balancer_unreal1_pb_2_8_pe_.ltl	load_balancer_unreal1_pb_2_8_pe_.tlsf	17	UNREALIZABLE	0.024128347024088725	1	false		status	13	30	36	50384cf69a733199fa17c9c571da1761d8451991	f80ff3f62daaa6e22a6753a3f30a127baab424d0320949bc9957a6ff62ea5ebe	otf_sparse_formula	2026-09-20T12:40:08.694368Z		0.030000	19968000		8G	0			true		acacia-syntcomp26-coverage-268172-6c03e454aeb4.scope
S-cap17-epoch1	load_balancer_unreal1_pb_3_10_pe_.ltl	load_balancer_unreal1_pb_3_10_pe_.tlsf	17	UNREALIZABLE	0.1400912770186551	1	false		status	13	30	37	50384cf69a733199fa17c9c571da1761d8451991	f80ff3f62daaa6e22a6753a3f30a127baab424d0320949bc9957a6ff62ea5ebe	otf_sparse_formula	2026-09-20T12:40:08.848350Z		0.410000	32796672		8G	0			true		acacia-syntcomp26-coverage-268172-3727397a6eab.scope
S-cap17-epoch1	load_balancer_unreal2_pb_5_pe_.ltl	load_balancer_unreal2_pb_5_pe_.tlsf	17	UNREALIZABLE	12.398323658999288	1	false		status	13	32	38	50384cf69a733199fa17c9c571da1761d8451991	f80ff3f62daaa6e22a6753a3f30a127baab424d0320949bc9957a6ff62ea5ebe	otf_sparse_formula	2026-09-20T12:40:21.259998Z		40.990000	195100672		8G	0			true		acacia-syntcomp26-coverage-268172-8ccf1a7453c7.scope
S-cap17-epoch1	ltl2dba09.ltl	ltl2dba09.tlsf	17	REALIZABLE	0.022650352999335155	0	false		status	11	30	39	50384cf69a733199fa17c9c571da1761d8451991	f80ff3f62daaa6e22a6753a3f30a127baab424d0320949bc9957a6ff62ea5ebe	otf_sparse_formula	2026-09-20T12:40:21.297864Z		0.010000	15310848	42672128	8G	0			true		acacia-syntcomp26-coverage-268172-8f38e787fd65.scope
S-cap17-epoch1	ltl2dba_C2_pb_4_pe_.ltl	ltl2dba_C2_pb_4_pe_.tlsf	17	REALIZABLE	0.02355155799887143	0	false		status	11	30	40	50384cf69a733199fa17c9c571da1761d8451991	f80ff3f62daaa6e22a6753a3f30a127baab424d0320949bc9957a6ff62ea5ebe	otf_sparse_formula	2026-09-20T12:40:21.334091Z		0.000000	15491072	42409984	8G	0			true		acacia-syntcomp26-coverage-268172-426c1051fda6.scope
S-cap17-epoch1	ltl2dba_C2_unreal_pb_16_pe_.ltl	ltl2dba_C2_unreal_pb_16_pe_.tlsf	17	TIMEOUT	17.085655792005127	124	true	timeout	status	0	8	41	50384cf69a733199fa17c9c571da1761d8451991	f80ff3f62daaa6e22a6753a3f30a127baab424d0320949bc9957a6ff62ea5ebe	otf_sparse_formula	2026-09-20T12:40:38.442269Z					8G	0			true		acacia-syntcomp26-coverage-268172-36360685247c.scope
S-cap17-epoch1	ltl2dba_C2_unreal_pb_2_pe_.ltl	ltl2dba_C2_unreal_pb_2_pe_.tlsf	17	UNREALIZABLE	0.023128311993787065	1	false		status	13	30	42	50384cf69a733199fa17c9c571da1761d8451991	f80ff3f62daaa6e22a6753a3f30a127baab424d0320949bc9957a6ff62ea5ebe	otf_sparse_formula	2026-09-20T12:40:38.489378Z		0.010000	18059264		8G	0			true		acacia-syntcomp26-coverage-268172-4cc0e8ba4979.scope
S-cap17-epoch1	ltl2dba_E_pb_6_pe_.ltl	ltl2dba_E_pb_6_pe_.tlsf	17	REALIZABLE	0.028865453001344576	0	false		status	11	30	43	50384cf69a733199fa17c9c571da1761d8451991	f80ff3f62daaa6e22a6753a3f30a127baab424d0320949bc9957a6ff62ea5ebe	otf_sparse_formula	2026-09-20T12:40:38.556281Z		0.030000	15290368		8G	0			true		acacia-syntcomp26-coverage-268172-467ab0d79130.scope
S-cap17-epoch1	ltl2dba_Q_pb_50_pe_.ltl	ltl2dba_Q_pb_50_pe_.tlsf	17	REALIZABLE	0.034036185999866575	0	false		none	11	30	44	50384cf69a733199fa17c9c571da1761d8451991	f80ff3f62daaa6e22a6753a3f30a127baab424d0320949bc9957a6ff62ea5ebe	otf_sparse_formula	2026-09-20T12:40:38.631409Z		0.030000	15360000		8G	0			true		acacia-syntcomp26-coverage-268172-949847a64560.scope
S-cap17-epoch1	ltl2dpa12.ltl	ltl2dpa12.tlsf	17	REALIZABLE	0.043473190016811714	0	false		status	11	30	45	50384cf69a733199fa17c9c571da1761d8451991	f80ff3f62daaa6e22a6753a3f30a127baab424d0320949bc9957a6ff62ea5ebe	otf_sparse_formula	2026-09-20T12:40:38.710473Z		0.070000	20045824		8G	0			true		acacia-syntcomp26-coverage-268172-f7243f46401d.scope
S-cap17-epoch1	mux_pb_8_pe_.ltl	mux_pb_8_pe_.tlsf	17	REALIZABLE	0.033376070990925655	0	false		status	11	30	46	50384cf69a733199fa17c9c571da1761d8451991	f80ff3f62daaa6e22a6753a3f30a127baab424d0320949bc9957a6ff62ea5ebe	otf_sparse_formula	2026-09-20T12:40:38.782097Z		0.030000	15712256		8G	0			true		acacia-syntcomp26-coverage-268172-e91b78f7362c.scope
S-cap17-epoch1	patrolling-alarm14.ltl	patrolling-alarm14.tlsf	17	UNREALIZABLE	0.23727040801895782	1	false		none	13	30	47	50384cf69a733199fa17c9c571da1761d8451991	f80ff3f62daaa6e22a6753a3f30a127baab424d0320949bc9957a6ff62ea5ebe	otf_sparse_formula	2026-09-20T12:40:39.033110Z		0.820000	40206336		8G	0			true		acacia-syntcomp26-coverage-268172-448fba31525e.scope
S-cap17-epoch1	patrolling-alarm19.ltl	patrolling-alarm19.tlsf	17	UNREALIZABLE	0.5151626669976395	1	false		none	13	30	48	50384cf69a733199fa17c9c571da1761d8451991	f80ff3f62daaa6e22a6753a3f30a127baab424d0320949bc9957a6ff62ea5ebe	otf_sparse_formula	2026-09-20T12:40:39.567915Z		1.960000	94212096		8G	0			true		acacia-syntcomp26-coverage-268172-e9e7b4094216.scope
S-cap17-epoch1	patrolling-alarm8.ltl	patrolling-alarm8.tlsf	17	UNREALIZABLE	0.10501967699383385	1	false		none	13	30	49	50384cf69a733199fa17c9c571da1761d8451991	f80ff3f62daaa6e22a6753a3f30a127baab424d0320949bc9957a6ff62ea5ebe	otf_sparse_formula	2026-09-20T12:40:39.687486Z		0.320000	27336704		8G	0			true		acacia-syntcomp26-coverage-268172-84fe9866d2a4.scope
S-cap17-epoch1	patrolling12.ltl	patrolling12.tlsf	17	UNREALIZABLE	0.16816952798399143	1	false		none	13	30	50	50384cf69a733199fa17c9c571da1761d8451991	f80ff3f62daaa6e22a6753a3f30a127baab424d0320949bc9957a6ff62ea5ebe	otf_sparse_formula	2026-09-20T12:40:39.869541Z		0.610000	35893248		8G	0			true		acacia-syntcomp26-coverage-268172-2c42687ce6b4.scope
S-cap17-epoch1	prioritized_arbiter_unreal1_pb_2_2_pe_.ltl	prioritized_arbiter_unreal1_pb_2_2_pe_.tlsf	17	UNREALIZABLE	0.017231578996870667	1	false		status	13	30	51	50384cf69a733199fa17c9c571da1761d8451991	f80ff3f62daaa6e22a6753a3f30a127baab424d0320949bc9957a6ff62ea5ebe	otf_sparse_formula	2026-09-20T12:40:39.899209Z		0.010000	18423808	43425792	8G	0			true		acacia-syntcomp26-coverage-268172-edba820aed06.scope
S-cap17-epoch1	prioritized_arbiter_unreal1_pb_3_5_pe_.ltl	prioritized_arbiter_unreal1_pb_3_5_pe_.tlsf	17	UNREALIZABLE	0.018644338997546583	1	false		status	13	30	52	50384cf69a733199fa17c9c571da1761d8451991	f80ff3f62daaa6e22a6753a3f30a127baab424d0320949bc9957a6ff62ea5ebe	otf_sparse_formula	2026-09-20T12:40:39.930227Z		0.010000	18358272	44179456	8G	0			true		acacia-syntcomp26-coverage-268172-25dcf1678c53.scope
S-cap17-epoch1	prioritized_arbiter_unreal1_pb_6_2_pe_.ltl	prioritized_arbiter_unreal1_pb_6_2_pe_.tlsf	17	UNREALIZABLE	0.018335176981054246	1	false		status	13	30	53	50384cf69a733199fa17c9c571da1761d8451991	f80ff3f62daaa6e22a6753a3f30a127baab424d0320949bc9957a6ff62ea5ebe	otf_sparse_formula	2026-09-20T12:40:39.961827Z		0.020000	19021824	44687360	8G	0			true		acacia-syntcomp26-coverage-268172-752cb85532ce.scope
S-cap17-epoch1	prioritized_arbiter_unreal2_pb_5_pe_.ltl	prioritized_arbiter_unreal2_pb_5_pe_.tlsf	17	UNREALIZABLE	0.020507795008597896	1	false		status	13	30	54	50384cf69a733199fa17c9c571da1761d8451991	f80ff3f62daaa6e22a6753a3f30a127baab424d0320949bc9957a6ff62ea5ebe	otf_sparse_formula	2026-09-20T12:40:39.995274Z		0.020000	18669568		8G	0			true		acacia-syntcomp26-coverage-268172-610ef114070c.scope
S-cap17-epoch1	robot-to-target-charging14.ltl	robot-to-target-charging14.tlsf	17	TIMEOUT	17.05295397498412	124	true	timeout	none	0	8	55	50384cf69a733199fa17c9c571da1761d8451991	f80ff3f62daaa6e22a6753a3f30a127baab424d0320949bc9957a6ff62ea5ebe	otf_sparse_formula	2026-09-20T12:40:57.059800Z					8G	0			true		acacia-syntcomp26-coverage-268172-4fc464ae91ef.scope
S-cap17-epoch1	robot-to-target-charging3.ltl	robot-to-target-charging3.tlsf	17	UNREALIZABLE	6.238233752985252	1	false		none	13	32	56	50384cf69a733199fa17c9c571da1761d8451991	f80ff3f62daaa6e22a6753a3f30a127baab424d0320949bc9957a6ff62ea5ebe	otf_sparse_formula	2026-09-20T12:41:03.312158Z		24.750000	114728960		8G	0			true		acacia-syntcomp26-coverage-268172-c5e90debd6f1.scope
S-cap17-epoch1	robot-to-target-charging4.ltl	robot-to-target-charging4.tlsf	17	UNREALIZABLE	6.8156531610002276	1	false		none	13	32	57	50384cf69a733199fa17c9c571da1761d8451991	f80ff3f62daaa6e22a6753a3f30a127baab424d0320949bc9957a6ff62ea5ebe	otf_sparse_formula	2026-09-20T12:41:10.142745Z		27.010000	114913280		8G	0			true		acacia-syntcomp26-coverage-268172-5a7f1033a86b.scope
S-cap17-epoch1	robot_grid_pb_3_3_pe_.ltl	robot_grid_pb_3_3_pe_.tlsf	17	REALIZABLE	0.26648963597835973	0	false		none	11	30	58	50384cf69a733199fa17c9c571da1761d8451991	f80ff3f62daaa6e22a6753a3f30a127baab424d0320949bc9957a6ff62ea5ebe	otf_sparse_formula	2026-09-20T12:41:10.424432Z		1.000000	42115072		8G	0			true		acacia-syntcomp26-coverage-268172-2bec89a7e582.scope
S-cap17-epoch1	round_robin_arbiter_pb_2_pe_.ltl	round_robin_arbiter_pb_2_pe_.tlsf	17	REALIZABLE	0.017676217015832663	0	false		status	11	30	59	50384cf69a733199fa17c9c571da1761d8451991	f80ff3f62daaa6e22a6753a3f30a127baab424d0320949bc9957a6ff62ea5ebe	otf_sparse_formula	2026-09-20T12:41:10.461185Z		0.010000	19230720		8G	0			true		acacia-syntcomp26-coverage-268172-87f62bc03f75.scope
S-cap17-epoch1	round_robin_arbiter_unreal1_pb_4_8_pe_.ltl	round_robin_arbiter_unreal1_pb_4_8_pe_.tlsf	17	TIMEOUT	17.178367539978353	124	true	timeout	none	0	8	60	50384cf69a733199fa17c9c571da1761d8451991	f80ff3f62daaa6e22a6753a3f30a127baab424d0320949bc9957a6ff62ea5ebe	otf_sparse_formula	2026-09-20T12:41:27.678110Z					8G	0			true		acacia-syntcomp26-coverage-268172-89a8c1e6b585.scope
S-cap17-epoch1	simple_arbiter_enc_pb_11_pe_.ltl	simple_arbiter_enc_pb_11_pe_.tlsf	17	TIMEOUT	17.05376531102229	124	true	timeout	none	0	8	61	50384cf69a733199fa17c9c571da1761d8451991	f80ff3f62daaa6e22a6753a3f30a127baab424d0320949bc9957a6ff62ea5ebe	otf_sparse_formula	2026-09-20T12:41:44.754245Z					8G	0			true		acacia-syntcomp26-coverage-268172-98ea7868478e.scope
S-cap17-epoch1	simple_arbiter_unreal1_pb_3_5_pe_.ltl	simple_arbiter_unreal1_pb_3_5_pe_.tlsf	17	UNREALIZABLE	0.02802852902095765	1	false		status	13	30	62	50384cf69a733199fa17c9c571da1761d8451991	f80ff3f62daaa6e22a6753a3f30a127baab424d0320949bc9957a6ff62ea5ebe	otf_sparse_formula	2026-09-20T12:41:44.804635Z		0.030000	15253504		8G	0			true		acacia-syntcomp26-coverage-268172-e5ec4b8a6e2e.scope
S-cap17-epoch1	simple_arbiter_unreal1_pb_5_8_pe_.ltl	simple_arbiter_unreal1_pb_5_8_pe_.tlsf	17	UNREALIZABLE	0.035816885996609926	1	false		status	13	30	63	50384cf69a733199fa17c9c571da1761d8451991	f80ff3f62daaa6e22a6753a3f30a127baab424d0320949bc9957a6ff62ea5ebe	otf_sparse_formula	2026-09-20T12:41:44.863964Z		0.020000	15327232		8G	0			true		acacia-syntcomp26-coverage-268172-ede618effd17.scope
S-cap17-epoch1	sort52.ltl	sort52.tlsf	17	TIMEOUT	17.089056367025478	124	true	timeout	none	0	8	64	50384cf69a733199fa17c9c571da1761d8451991	f80ff3f62daaa6e22a6753a3f30a127baab424d0320949bc9957a6ff62ea5ebe	otf_sparse_formula	2026-09-20T12:42:01.977869Z					8G	0			true		acacia-syntcomp26-coverage-268172-4794db20c568.scope
S-cap17-epoch1	test8_88f351a6.ltl	test8_88f351a6.tlsf	17	UNREALIZABLE	0.03457602098933421	1	false		status	13	30	65	50384cf69a733199fa17c9c571da1761d8451991	f80ff3f62daaa6e22a6753a3f30a127baab424d0320949bc9957a6ff62ea5ebe	otf_sparse_formula	2026-09-20T12:42:02.026363Z		0.030000	19218432		8G	0			true		acacia-syntcomp26-coverage-268172-2aa4e27d1988.scope
S-cap17-epoch1	05.ltl	05.tlsf	17	REALIZABLE	13.640188534016488	0	false		none	11	32	0	50384cf69a733199fa17c9c571da1761d8451991	f80ff3f62daaa6e22a6753a3f30a127baab424d0320949bc9957a6ff62ea5ebe	otf_sparse_formula	2026-09-20T12:53:08.856517Z		41.300000	314875904		8G	0			true		acacia-syntcomp26-coverage-270534-c8d589866bcf.scope
S-cap17-epoch1	CheckHeating_3461125b.ltl	CheckHeating_3461125b.tlsf	17	UNREALIZABLE	0.029003047005971894	1	false		status	13	30	1	50384cf69a733199fa17c9c571da1761d8451991	f80ff3f62daaa6e22a6753a3f30a127baab424d0320949bc9957a6ff62ea5ebe	otf_sparse_formula	2026-09-20T12:53:08.907698Z		0.030000	18391040		8G	0			true		acacia-syntcomp26-coverage-270534-d697f3801851.scope
S-cap17-epoch1	CheckWarnlightBroken1_70523fbe.ltl	CheckWarnlightBroken1_70523fbe.tlsf	17	REALIZABLE	0.031796800991287455	0	false		status	11	30	2	50384cf69a733199fa17c9c571da1761d8451991	f80ff3f62daaa6e22a6753a3f30a127baab424d0320949bc9957a6ff62ea5ebe	otf_sparse_formula	2026-09-20T12:53:08.973064Z		0.020000	17981440		8G	0			true		acacia-syntcomp26-coverage-270534-5f184e5cd207.scope
S-cap17-epoch1	Cockpitboard.ltl	Cockpitboard.tlsf	17	REALIZABLE	0.035089087003143504	0	false		status	11	30	3	50384cf69a733199fa17c9c571da1761d8451991	f80ff3f62daaa6e22a6753a3f30a127baab424d0320949bc9957a6ff62ea5ebe	otf_sparse_formula	2026-09-20T12:53:09.049312Z		0.040000	15917056		8G	0			true		acacia-syntcomp26-coverage-270534-31f42e08f01c.scope
S-cap17-epoch1	Demo1_c2b9e44d.ltl	Demo1_c2b9e44d.tlsf	17	TIMEOUT	17.093026918999385	124	true	timeout	none	0	8	4	50384cf69a733199fa17c9c571da1761d8451991	f80ff3f62daaa6e22a6753a3f30a127baab424d0320949bc9957a6ff62ea5ebe	otf_sparse_formula	2026-09-20T12:53:26.168219Z					8G	0			true		acacia-syntcomp26-coverage-270534-8f0e24e388e5.scope
S-cap17-epoch1	Door_2d1010f8.ltl	Door_2d1010f8.tlsf	17	REALIZABLE	0.029790486994897947	0	false		status	11	30	5	50384cf69a733199fa17c9c571da1761d8451991	f80ff3f62daaa6e22a6753a3f30a127baab424d0320949bc9957a6ff62ea5ebe	otf_sparse_formula	2026-09-20T12:53:26.222312Z		0.030000	19619840		8G	0			true		acacia-syntcomp26-coverage-270534-180dec1b54e7.scope
S-cap17-epoch1	GF-G-contradiction3.ltl	GF-G-contradiction3.tlsf	17	UNREALIZABLE	1.6553888509806711	1	false		none	13	31	6	50384cf69a733199fa17c9c571da1761d8451991	f80ff3f62daaa6e22a6753a3f30a127baab424d0320949bc9957a6ff62ea5ebe	otf_sparse_formula	2026-09-20T12:53:27.890965Z		6.460000	170504192		8G	0			true		acacia-syntcomp26-coverage-270534-e31c279f1147.scope
S-cap17-epoch1	HeatingMin_d6c5ac79.ltl	HeatingMin_d6c5ac79.tlsf	17	REALIZABLE	0.016800490993773565	0	false		status	11	30	7	50384cf69a733199fa17c9c571da1761d8451991	f80ff3f62daaa6e22a6753a3f30a127baab424d0320949bc9957a6ff62ea5ebe	otf_sparse_formula	2026-09-20T12:53:27.922061Z		0.010000	18321408	43966464	8G	0			true		acacia-syntcomp26-coverage-270534-f311cabf5f83.scope
S-cap17-epoch1	OneCounterGuiA5.ltl	OneCounterGuiA5.tlsf	17	UNREALIZABLE	0.11357925602351315	1	false		status	13	30	8	50384cf69a733199fa17c9c571da1761d8451991	f80ff3f62daaa6e22a6753a3f30a127baab424d0320949bc9957a6ff62ea5ebe	otf_sparse_formula	2026-09-20T12:53:28.049032Z		0.360000	27488256		8G	0			true		acacia-syntcomp26-coverage-270534-2a2cc9fc7177.scope
S-cap17-epoch1	OneCounterInRangeA2.ltl	OneCounterInRangeA2.tlsf	17	UNREALIZABLE	0.026770060998387635	1	false		status	13	30	9	50384cf69a733199fa17c9c571da1761d8451991	f80ff3f62daaa6e22a6753a3f30a127baab424d0320949bc9957a6ff62ea5ebe	otf_sparse_formula	2026-09-20T12:53:28.101749Z		0.030000	20074496		8G	0			true		acacia-syntcomp26-coverage-270534-e2c84d719807.scope
S-cap17-epoch1	PlugController_fa4d4ce3.ltl	PlugController_fa4d4ce3.tlsf	17	REALIZABLE	0.032983902987325564	0	false		status	11	30	10	50384cf69a733199fa17c9c571da1761d8451991	f80ff3f62daaa6e22a6753a3f30a127baab424d0320949bc9957a6ff62ea5ebe	otf_sparse_formula	2026-09-20T12:53:28.157541Z		0.030000	20316160		8G	0			true		acacia-syntcomp26-coverage-270534-aa727f90edfb.scope
S-cap17-epoch1	TwoCounters2.ltl	TwoCounters2.tlsf	17	UNREALIZABLE	0.047884512023301795	1	false		status	13	30	11	50384cf69a733199fa17c9c571da1761d8451991	f80ff3f62daaa6e22a6753a3f30a127baab424d0320949bc9957a6ff62ea5ebe	otf_sparse_formula	2026-09-20T12:53:28.218551Z		0.100000	20869120		8G	0			true		acacia-syntcomp26-coverage-270534-75a7af9dfe28.scope
S-cap17-epoch1	TwoCountersDisButA9.ltl	TwoCountersDisButA9.tlsf	17	UNREALIZABLE	0.18945489099132828	1	false		status	13	30	12	50384cf69a733199fa17c9c571da1761d8451991	f80ff3f62daaa6e22a6753a3f30a127baab424d0320949bc9957a6ff62ea5ebe	otf_sparse_formula	2026-09-20T12:53:28.422205Z		0.680000	37957632		8G	0			true		acacia-syntcomp26-coverage-270534-6e7eed687054.scope
S-cap17-epoch1	Window2_9cac58d3.ltl	Window2_9cac58d3.tlsf	17	REALIZABLE	0.021187638980336487	0	false		status	11	30	13	50384cf69a733199fa17c9c571da1761d8451991	f80ff3f62daaa6e22a6753a3f30a127baab424d0320949bc9957a6ff62ea5ebe	otf_sparse_formula	2026-09-20T12:53:28.458672Z		0.020000	19148800		8G	0			true		acacia-syntcomp26-coverage-270534-56ec9c35fe5e.scope
S-cap17-epoch1	Zoo5.ltl	Zoo5.tlsf	17	REALIZABLE	0.03708555898629129	0	false		status	11	30	14	50384cf69a733199fa17c9c571da1761d8451991	f80ff3f62daaa6e22a6753a3f30a127baab424d0320949bc9957a6ff62ea5ebe	otf_sparse_formula	2026-09-20T12:53:28.521293Z		0.050000	18804736		8G	0			true		acacia-syntcomp26-coverage-270534-5af956948994.scope
S-cap17-epoch1	amba_decomposed_arbiter_pb_11_pe_.ltl	amba_decomposed_arbiter_pb_11_pe_.tlsf	17	TIMEOUT	17.09001330198953	124	true	timeout	none	0	8	15	50384cf69a733199fa17c9c571da1761d8451991	f80ff3f62daaa6e22a6753a3f30a127baab424d0320949bc9957a6ff62ea5ebe	otf_sparse_formula	2026-09-20T12:53:45.650536Z					8G	0			true		acacia-syntcomp26-coverage-270534-4792e5a98a24.scope
S-cap17-epoch1	amba_decomposed_tburst4.ltl	amba_decomposed_tburst4.tlsf	17	REALIZABLE	0.038047573005314916	0	false		status	11	30	16	50384cf69a733199fa17c9c571da1761d8451991	f80ff3f62daaa6e22a6753a3f30a127baab424d0320949bc9957a6ff62ea5ebe	otf_sparse_formula	2026-09-20T12:53:45.712776Z		0.030000	18739200		8G	0			true		acacia-syntcomp26-coverage-270534-6b1086bca9a1.scope
S-cap17-epoch1	arbiter_with_buffer_pb_5_pe_.ltl	arbiter_with_buffer_pb_5_pe_.tlsf	17	REALIZABLE	0.8933506759931333	0	false		none	11	30	17	50384cf69a733199fa17c9c571da1761d8451991	f80ff3f62daaa6e22a6753a3f30a127baab424d0320949bc9957a6ff62ea5ebe	otf_sparse_formula	2026-09-20T12:53:46.620807Z		2.870000	55496704		8G	0			true		acacia-syntcomp26-coverage-270534-2adafa05ee51.scope
S-cap17-epoch1	chomp_pb_2_6_pe_.ltl	chomp_pb_2_6_pe_.tlsf	17	TIMEOUT	17.095681924984092	124	true	timeout	status	0	8	18	50384cf69a733199fa17c9c571da1761d8451991	f80ff3f62daaa6e22a6753a3f30a127baab424d0320949bc9957a6ff62ea5ebe	otf_sparse_formula	2026-09-20T12:54:03.757144Z					8G	0			true		acacia-syntcomp26-coverage-270534-c3320b526c96.scope
S-cap17-epoch1	full_arbiter_unreal1_pb_4_5_pe_.ltl	full_arbiter_unreal1_pb_4_5_pe_.tlsf	17	UNREALIZABLE	0.03241895799874328	1	false		status	13	30	19	50384cf69a733199fa17c9c571da1761d8451991	f80ff3f62daaa6e22a6753a3f30a127baab424d0320949bc9957a6ff62ea5ebe	otf_sparse_formula	2026-09-20T12:54:03.827001Z		0.030000	15450112		8G	0			true		acacia-syntcomp26-coverage-270534-1c76cd994d38.scope
S-cap17-epoch1	g-unreal-115.ltl	g-unreal-115.tlsf	17	UNREALIZABLE	16.934704040992074	1	false		none	13	33	20	50384cf69a733199fa17c9c571da1761d8451991	f80ff3f62daaa6e22a6753a3f30a127baab424d0320949bc9957a6ff62ea5ebe	otf_sparse_formula	2026-09-20T12:54:20.774831Z		35.690000	1310081024		8G	0			true		acacia-syntcomp26-coverage-270534-20f2cd460420.scope
S-cap17-epoch1	g-unreal-116.ltl	g-unreal-116.tlsf	17	TIMEOUT	17.08519238300505	124	true	timeout	none	0	8	21	50384cf69a733199fa17c9c571da1761d8451991	f80ff3f62daaa6e22a6753a3f30a127baab424d0320949bc9957a6ff62ea5ebe	otf_sparse_formula	2026-09-20T12:54:37.873887Z					8G	0			true		acacia-syntcomp26-coverage-270534-269914c4ec39.scope
S-cap17-epoch1	g-unreal-33.ltl	g-unreal-33.tlsf	17	UNREALIZABLE	0.5957092669850681	1	false		none	13	30	22	50384cf69a733199fa17c9c571da1761d8451991	f80ff3f62daaa6e22a6753a3f30a127baab424d0320949bc9957a6ff62ea5ebe	otf_sparse_formula	2026-09-20T12:54:38.484335Z		2.260000	70529024		8G	0			true		acacia-syntcomp26-coverage-270534-6e0d7ea320b5.scope
S-cap17-epoch1	generalized_buffer_pb_5_pe_.ltl	generalized_buffer_pb_5_pe_.tlsf	17	REALIZABLE	1.7617817799909972	0	false		none	11	31	23	50384cf69a733199fa17c9c571da1761d8451991	f80ff3f62daaa6e22a6753a3f30a127baab424d0320949bc9957a6ff62ea5ebe	otf_sparse_formula	2026-09-20T12:54:40.261318Z		6.930000	106651648		8G	0			true		acacia-syntcomp26-coverage-270534-ebb3b6ed675b.scope
S-cap17-epoch1	gf-unreal32.ltl	gf-unreal32.tlsf	17	UNREALIZABLE	0.029886547999922186	1	false		none	13	30	24	50384cf69a733199fa17c9c571da1761d8451991	f80ff3f62daaa6e22a6753a3f30a127baab424d0320949bc9957a6ff62ea5ebe	otf_sparse_formula	2026-09-20T12:54:40.304214Z		0.040000	19644416		8G	0			true		acacia-syntcomp26-coverage-270534-1218b5ae0ae5.scope
S-cap17-epoch1	heim-double-x1.ltl	heim-double-x1.tlsf	17	UNREALIZABLE	0.05450070701772347	1	false		none	13	30	25	50384cf69a733199fa17c9c571da1761d8451991	f80ff3f62daaa6e22a6753a3f30a127baab424d0320949bc9957a6ff62ea5ebe	otf_sparse_formula	2026-09-20T12:54:40.372056Z		0.130000	23093248		8G	0			true		acacia-syntcomp26-coverage-270534-4a3c46c041e7.scope
S-cap17-epoch1	heim-double-x8.ltl	heim-double-x8.tlsf	17	UNREALIZABLE	1.1419331099896226	1	false		none	13	30	26	50384cf69a733199fa17c9c571da1761d8451991	f80ff3f62daaa6e22a6753a3f30a127baab424d0320949bc9957a6ff62ea5ebe	otf_sparse_formula	2026-09-20T12:54:41.528172Z		4.210000	72372224		8G	0			true		acacia-syntcomp26-coverage-270534-ea50f492e472.scope
S-cap17-epoch1	infinite-race-u21.ltl	infinite-race-u21.tlsf	17	TIMEOUT	17.135449959983816	124	true	timeout	none	0	8	27	50384cf69a733199fa17c9c571da1761d8451991	f80ff3f62daaa6e22a6753a3f30a127baab424d0320949bc9957a6ff62ea5ebe	otf_sparse_formula	2026-09-20T12:54:58.676655Z					8G	0			true		acacia-syntcomp26-coverage-270534-02790290ee10.scope
S-cap17-epoch1	items_processing-real.ltl	items_processing-real.tlsf	17	TIMEOUT	17.053355203999672	124	true	timeout	none	0	8	28	50384cf69a733199fa17c9c571da1761d8451991	f80ff3f62daaa6e22a6753a3f30a127baab424d0320949bc9957a6ff62ea5ebe	otf_sparse_formula	2026-09-20T12:55:15.744563Z					8G	0			true		acacia-syntcomp26-coverage-270534-81a765fb691c.scope
S-cap17-epoch1	lift_gr1_pb_7_pe_.ltl	lift_gr1_pb_7_pe_.tlsf	17	TIMEOUT	17.13479837597697	124	true	timeout	none	0	8	29	50384cf69a733199fa17c9c571da1761d8451991	f80ff3f62daaa6e22a6753a3f30a127baab424d0320949bc9957a6ff62ea5ebe	otf_sparse_formula	2026-09-20T12:55:32.892083Z					8G	0			true		acacia-syntcomp26-coverage-270534-384679831dc4.scope
S-cap17-epoch1	lift_pb_4_pe_.ltl	lift_pb_4_pe_.tlsf	17	TIMEOUT	17.18722515599802	124	true	timeout	none	0	8	30	50384cf69a733199fa17c9c571da1761d8451991	f80ff3f62daaa6e22a6753a3f30a127baab424d0320949bc9957a6ff62ea5ebe	otf_sparse_formula	2026-09-20T12:55:50.119205Z					8G	0			true		acacia-syntcomp26-coverage-270534-58dcd07b970d.scope
S-cap17-epoch1	lift_pb_7_pe_.ltl	lift_pb_7_pe_.tlsf	17	TIMEOUT	17.03754145698622	124	true	timeout	none	0	8	31	50384cf69a733199fa17c9c571da1761d8451991	f80ff3f62daaa6e22a6753a3f30a127baab424d0320949bc9957a6ff62ea5ebe	otf_sparse_formula	2026-09-20T12:56:07.169574Z					8G	0			true		acacia-syntcomp26-coverage-270534-746d0fe3d2dc.scope
S-cap17-epoch1	lift_wrong_physics_unreal_pb_4_pe_.ltl	lift_wrong_physics_unreal_pb_4_pe_.tlsf	17	UNREALIZABLE	0.027140737016452476	1	false		none	13	30	32	50384cf69a733199fa17c9c571da1761d8451991	f80ff3f62daaa6e22a6753a3f30a127baab424d0320949bc9957a6ff62ea5ebe	otf_sparse_formula	2026-09-20T12:56:07.211212Z		0.050000	19849216		8G	0			true		acacia-syntcomp26-coverage-270534-d29f279c947c.scope
S-cap17-epoch1	load_balancer_unreal2_pb_3_pe_.ltl	load_balancer_unreal2_pb_3_pe_.tlsf	17	UNREALIZABLE	0.03777635298320092	1	false		status	13	30	33	50384cf69a733199fa17c9c571da1761d8451991	f80ff3f62daaa6e22a6753a3f30a127baab424d0320949bc9957a6ff62ea5ebe	otf_sparse_formula	2026-09-20T12:56:07.271056Z		0.070000	20619264		8G	0			true		acacia-syntcomp26-coverage-270534-3a71ff4dbf3c.scope
S-cap17-epoch1	ltl2dba_C2_pb_10_pe_.ltl	ltl2dba_C2_pb_10_pe_.tlsf	17	REALIZABLE	0.0305971130146645	0	false		status	11	30	34	50384cf69a733199fa17c9c571da1761d8451991	f80ff3f62daaa6e22a6753a3f30a127baab424d0320949bc9957a6ff62ea5ebe	otf_sparse_formula	2026-09-20T12:56:07.329505Z		0.020000	15507456		8G	0			true		acacia-syntcomp26-coverage-270534-987bf5b31578.scope
S-cap17-epoch1	ltl2dba_C2_pb_9_pe_.ltl	ltl2dba_C2_pb_9_pe_.tlsf	17	REALIZABLE	0.031101298023713753	0	false		status	11	30	35	50384cf69a733199fa17c9c571da1761d8451991	f80ff3f62daaa6e22a6753a3f30a127baab424d0320949bc9957a6ff62ea5ebe	otf_sparse_formula	2026-09-20T12:56:07.400493Z		0.030000	15458304		8G	0			true		acacia-syntcomp26-coverage-270534-4d31e9827a23.scope
S-cap17-epoch1	ltl2dba_C2_unreal_pb_11_pe_.ltl	ltl2dba_C2_unreal_pb_11_pe_.tlsf	17	UNREALIZABLE	0.2466539660235867	1	false		status	13	30	36	50384cf69a733199fa17c9c571da1761d8451991	f80ff3f62daaa6e22a6753a3f30a127baab424d0320949bc9957a6ff62ea5ebe	otf_sparse_formula	2026-09-20T12:56:07.661553Z		0.880000	34107392		8G	0			true		acacia-syntcomp26-coverage-270534-7da4f89ebbb1.scope
S-cap17-epoch1	ltl2dba_C2_unreal_pb_3_pe_.ltl	ltl2dba_C2_unreal_pb_3_pe_.tlsf	17	UNREALIZABLE	0.021339176018955186	1	false		status	13	30	37	50384cf69a733199fa17c9c571da1761d8451991	f80ff3f62daaa6e22a6753a3f30a127baab424d0320949bc9957a6ff62ea5ebe	otf_sparse_formula	2026-09-20T12:56:07.705812Z		0.020000	18931712		8G	0			true		acacia-syntcomp26-coverage-270534-91b30989c7ef.scope
S-cap17-epoch1	ltl2dba_C2_unreal_pb_60_pe_.ltl	ltl2dba_C2_unreal_pb_60_pe_.tlsf	17	TIMEOUT	17.093355040997267	124	true	timeout	none	0	8	38	50384cf69a733199fa17c9c571da1761d8451991	f80ff3f62daaa6e22a6753a3f30a127baab424d0320949bc9957a6ff62ea5ebe	otf_sparse_formula	2026-09-20T12:56:24.840727Z					8G	0			true		acacia-syntcomp26-coverage-270534-4d4209c690bb.scope
S-cap17-epoch1	ltl2dba_E_pb_10_pe_.ltl	ltl2dba_E_pb_10_pe_.tlsf	17	REALIZABLE	0.030326275009429082	0	false		status	11	30	39	50384cf69a733199fa17c9c571da1761d8451991	f80ff3f62daaa6e22a6753a3f30a127baab424d0320949bc9957a6ff62ea5ebe	otf_sparse_formula	2026-09-20T12:56:24.905405Z		0.030000	15233024		8G	0			true		acacia-syntcomp26-coverage-270534-2bb12e554c07.scope
S-cap17-epoch1	ltl2dba_Q_pb_7_pe_.ltl	ltl2dba_Q_pb_7_pe_.tlsf	17	REALIZABLE	0.03620782800135203	0	false		status	11	30	40	50384cf69a733199fa17c9c571da1761d8451991	f80ff3f62daaa6e22a6753a3f30a127baab424d0320949bc9957a6ff62ea5ebe	otf_sparse_formula	2026-09-20T12:56:24.979636Z		0.030000	15323136		8G	0			true		acacia-syntcomp26-coverage-270534-805af67847b3.scope
S-cap17-epoch1	ltl2dba_beta_pb_20_pe_.ltl	ltl2dba_beta_pb_20_pe_.tlsf	17	REALIZABLE	0.03573504099040292	0	false		none	11	30	41	50384cf69a733199fa17c9c571da1761d8451991	f80ff3f62daaa6e22a6753a3f30a127baab424d0320949bc9957a6ff62ea5ebe	otf_sparse_formula	2026-09-20T12:56:25.037948Z		0.020000	15368192		8G	0			true		acacia-syntcomp26-coverage-270534-205c81550c3c.scope
S-cap17-epoch1	ltl2dba_theta_pb_50_pe_.ltl	ltl2dba_theta_pb_50_pe_.tlsf	17	TIMEOUT	17.085411248990567	124	true	timeout	status	0	8	42	50384cf69a733199fa17c9c571da1761d8451991	f80ff3f62daaa6e22a6753a3f30a127baab424d0320949bc9957a6ff62ea5ebe	otf_sparse_formula	2026-09-20T12:56:42.136430Z					8G	0			true		acacia-syntcomp26-coverage-270534-3be55966da14.scope
S-cap17-epoch1	ltl2dpa23.ltl	ltl2dpa23.tlsf	17	REALIZABLE	0.01866189099382609	0	false		status	11	30	43	50384cf69a733199fa17c9c571da1761d8451991	f80ff3f62daaa6e22a6753a3f30a127baab424d0320949bc9957a6ff62ea5ebe	otf_sparse_formula	2026-09-20T12:56:42.168930Z		0.010000	18370560	43978752	8G	0			true		acacia-syntcomp26-coverage-270534-55a055a8c956.scope
S-cap17-epoch1	mux_pb_32_pe_.ltl	mux_pb_32_pe_.tlsf	17	REALIZABLE	0.023449894011719152	0	false		status	11	30	44	50384cf69a733199fa17c9c571da1761d8451991	f80ff3f62daaa6e22a6753a3f30a127baab424d0320949bc9957a6ff62ea5ebe	otf_sparse_formula	2026-09-20T12:56:42.204873Z		0.010000	16572416	46964736	8G	0			true		acacia-syntcomp26-coverage-270534-446f9e55e67d.scope
S-cap17-epoch1	precise-reachability-real.ltl	precise-reachability-real.tlsf	17	REALIZABLE	0.12389182299375534	0	false		none	11	30	45	50384cf69a733199fa17c9c571da1761d8451991	f80ff3f62daaa6e22a6753a3f30a127baab424d0320949bc9957a6ff62ea5ebe	otf_sparse_formula	2026-09-20T12:56:42.342486Z		0.420000	32022528		8G	0			true		acacia-syntcomp26-coverage-270534-e0765e97c117.scope
S-cap17-epoch1	prioritized_arbiter_unreal1_pb_2_10_pe_.ltl	prioritized_arbiter_unreal1_pb_2_10_pe_.tlsf	17	UNREALIZABLE	0.019707380997715518	1	false		status	13	30	46	50384cf69a733199fa17c9c571da1761d8451991	f80ff3f62daaa6e22a6753a3f30a127baab424d0320949bc9957a6ff62ea5ebe	otf_sparse_formula	2026-09-20T12:56:42.375780Z		0.010000	18472960	44208128	8G	0			true		acacia-syntcomp26-coverage-270534-0bcf576dbe98.scope
S-cap17-epoch1	prioritized_arbiter_unreal1_pb_4_6_pe_.ltl	prioritized_arbiter_unreal1_pb_4_6_pe_.tlsf	17	UNREALIZABLE	0.0214502869930584	1	false		status	13	30	47	50384cf69a733199fa17c9c571da1761d8451991	f80ff3f62daaa6e22a6753a3f30a127baab424d0320949bc9957a6ff62ea5ebe	otf_sparse_formula	2026-09-20T12:56:42.410258Z		0.010000	18874368	45182976	8G	0			true		acacia-syntcomp26-coverage-270534-71864c2ace8a.scope
S-cap17-epoch1	prioritized_arbiter_unreal2_pb_100_pe_.ltl	prioritized_arbiter_unreal2_pb_100_pe_.tlsf	17	TIMEOUT	17.09445847000461	124	true	timeout	none	0	648	48	50384cf69a733199fa17c9c571da1761d8451991	f80ff3f62daaa6e22a6753a3f30a127baab424d0320949bc9957a6ff62ea5ebe	otf_sparse_formula	2026-09-20T12:56:59.544964Z					8G	0			true		acacia-syntcomp26-coverage-270534-37cb6cd41d0c.scope
S-cap17-epoch1	robot-resource-2d18.ltl	robot-resource-2d18.tlsf	17	UNREALIZABLE	7.8544944770110305	1	false		none	13	31	49	50384cf69a733199fa17c9c571da1761d8451991	f80ff3f62daaa6e22a6753a3f30a127baab424d0320949bc9957a6ff62ea5ebe	otf_sparse_formula	2026-09-20T12:57:07.414124Z		31.150000	82165760		8G	0			true		acacia-syntcomp26-coverage-270534-fdf36838ff90.scope
S-cap17-epoch1	robot-to-target-charging-unreal8.ltl	robot-to-target-charging-unreal8.tlsf	17	TIMEOUT	17.08512610301841	124	true	timeout	none	0	8	50	50384cf69a733199fa17c9c571da1761d8451991	f80ff3f62daaa6e22a6753a3f30a127baab424d0320949bc9957a6ff62ea5ebe	otf_sparse_formula	2026-09-20T12:57:24.512690Z					8G	0			true		acacia-syntcomp26-coverage-270534-0c723fa2fcef.scope
S-cap17-epoch1	robot-to-target-charging12.ltl	robot-to-target-charging12.tlsf	17	TIMEOUT	17.036962163983844	124	true	timeout	none	0	8	51	50384cf69a733199fa17c9c571da1761d8451991	f80ff3f62daaa6e22a6753a3f30a127baab424d0320949bc9957a6ff62ea5ebe	otf_sparse_formula	2026-09-20T12:57:41.562188Z					8G	0			true		acacia-syntcomp26-coverage-270534-8159243c15f5.scope
S-cap17-epoch1	robot_repair4.ltl	robot_repair4.tlsf	17	TIMEOUT	17.09027690300718	124	true	timeout	none	0	8	52	50384cf69a733199fa17c9c571da1761d8451991	f80ff3f62daaa6e22a6753a3f30a127baab424d0320949bc9957a6ff62ea5ebe	otf_sparse_formula	2026-09-20T12:57:58.676903Z					8G	0			true		acacia-syntcomp26-coverage-270534-b3a11a1241b6.scope
S-cap17-epoch1	robot_repair5.ltl	robot_repair5.tlsf	17	TIMEOUT	17.080065990012372	124	true	timeout	none	0	8	53	50384cf69a733199fa17c9c571da1761d8451991	f80ff3f62daaa6e22a6753a3f30a127baab424d0320949bc9957a6ff62ea5ebe	otf_sparse_formula	2026-09-20T12:58:15.782582Z					8G	0			true		acacia-syntcomp26-coverage-270534-bd917245604c.scope
S-cap17-epoch1	round_robin_arbiter_pb_7_pe_.ltl	round_robin_arbiter_pb_7_pe_.tlsf	17	TIMEOUT	17.139083019981626	124	true	timeout	status	0	8	54	50384cf69a733199fa17c9c571da1761d8451991	f80ff3f62daaa6e22a6753a3f30a127baab424d0320949bc9957a6ff62ea5ebe	otf_sparse_formula	2026-09-20T12:58:32.963972Z					8G	0			true		acacia-syntcomp26-coverage-270534-984b1955d111.scope
S-cap17-epoch1	round_robin_arbiter_unreal1_pb_2_9_pe_.ltl	round_robin_arbiter_unreal1_pb_2_9_pe_.tlsf	17	UNREALIZABLE	0.04522691699094139	1	false		status	13	30	55	50384cf69a733199fa17c9c571da1761d8451991	f80ff3f62daaa6e22a6753a3f30a127baab424d0320949bc9957a6ff62ea5ebe	otf_sparse_formula	2026-09-20T12:58:33.022758Z		0.070000	20447232		8G	0			true		acacia-syntcomp26-coverage-270534-3d0edf1d31c1.scope
S-cap17-epoch1	round_robin_arbiter_unreal1_pb_3_13_pe_.ltl	round_robin_arbiter_unreal1_pb_3_13_pe_.tlsf	17	TIMEOUT	17.192940150998766	124	true	timeout	status	0	8	56	50384cf69a733199fa17c9c571da1761d8451991	f80ff3f62daaa6e22a6753a3f30a127baab424d0320949bc9957a6ff62ea5ebe	otf_sparse_formula	2026-09-20T12:58:50.248649Z					8G	0			true		acacia-syntcomp26-coverage-270534-9b2c46b1b240.scope
S-cap17-epoch1	shift_pb_100_pe_.ltl	shift_pb_100_pe_.tlsf	17	REALIZABLE	0.03179260398610495	0	false		status	11	30	57	50384cf69a733199fa17c9c571da1761d8451991	f80ff3f62daaa6e22a6753a3f30a127baab424d0320949bc9957a6ff62ea5ebe	otf_sparse_formula	2026-09-20T12:58:50.304479Z		0.020000	17330176		8G	0			true		acacia-syntcomp26-coverage-270534-d51d89e7f76f.scope
S-cap17-epoch1	simple_arbiter_enc_pb_8_pe_.ltl	simple_arbiter_enc_pb_8_pe_.tlsf	17	TIMEOUT	17.195779621019028	124	true	timeout	status	0	8	58	50384cf69a733199fa17c9c571da1761d8451991	f80ff3f62daaa6e22a6753a3f30a127baab424d0320949bc9957a6ff62ea5ebe	otf_sparse_formula	2026-09-20T12:59:07.539830Z					8G	0			true		acacia-syntcomp26-coverage-270534-8e4f89eb329e.scope
S-cap17-epoch1	simple_arbiter_unreal1_pb_6_3_pe_.ltl	simple_arbiter_unreal1_pb_6_3_pe_.tlsf	17	UNREALIZABLE	0.035473842988722026	1	false		status	13	30	59	50384cf69a733199fa17c9c571da1761d8451991	f80ff3f62daaa6e22a6753a3f30a127baab424d0320949bc9957a6ff62ea5ebe	otf_sparse_formula	2026-09-20T12:59:07.614075Z		0.040000	15454208		8G	0			true		acacia-syntcomp26-coverage-270534-0e6349b975fd.scope
S-cap17-epoch1	simple_arbiter_unreal2_pb_5_pe_.ltl	simple_arbiter_unreal2_pb_5_pe_.tlsf	17	UNREALIZABLE	0.03266720499959774	1	false		status	13	30	60	50384cf69a733199fa17c9c571da1761d8451991	f80ff3f62daaa6e22a6753a3f30a127baab424d0320949bc9957a6ff62ea5ebe	otf_sparse_formula	2026-09-20T12:59:07.677993Z		0.020000	15253504		8G	0			true		acacia-syntcomp26-coverage-270534-d43947ae25fe.scope
S-cap17-epoch1	sort53.ltl	sort53.tlsf	17	TIMEOUT	17.073177965008654	124	true	timeout	none	0	8	61	50384cf69a733199fa17c9c571da1761d8451991	f80ff3f62daaa6e22a6753a3f30a127baab424d0320949bc9957a6ff62ea5ebe	otf_sparse_formula	2026-09-20T12:59:24.778604Z					8G	0			true		acacia-syntcomp26-coverage-270534-314224c8ca07.scope
S-cap17-epoch1	square5x54.ltl	square5x54.tlsf	17	UNREALIZABLE	7.123794630984776	1	false		none	13	32	62	50384cf69a733199fa17c9c571da1761d8451991	f80ff3f62daaa6e22a6753a3f30a127baab424d0320949bc9957a6ff62ea5ebe	otf_sparse_formula	2026-09-20T12:59:31.917095Z		28.210000	354902016		8G	0			true		acacia-syntcomp26-coverage-270534-9a2ec2046458.scope
S-cap17-epoch1	test4_4b82b1f4.ltl	test4_4b82b1f4.tlsf	17	UNREALIZABLE	0.015889906993834302	1	false		status	13	30	63	50384cf69a733199fa17c9c571da1761d8451991	f80ff3f62daaa6e22a6753a3f30a127baab424d0320949bc9957a6ff62ea5ebe	otf_sparse_formula	2026-09-20T12:59:31.955302Z		0.010000	19034112	45985792	8G	0			true		acacia-syntcomp26-coverage-270534-3fa24905ef9a.scope
S-cap17-epoch1	thermostat-GF-unreal2.ltl	thermostat-GF-unreal2.tlsf	17	TIMEOUT	17.053082597994944	124	true	timeout	none	0	8	64	50384cf69a733199fa17c9c571da1761d8451991	f80ff3f62daaa6e22a6753a3f30a127baab424d0320949bc9957a6ff62ea5ebe	otf_sparse_formula	2026-09-20T12:59:49.021690Z					8G	0			true		acacia-syntcomp26-coverage-270534-42ef1c5e3338.scope
S-cap17-epoch1	Alarm_70523fbe.ltl	Alarm_70523fbe.tlsf	17	REALIZABLE	0.9477279779966921	0	false		status	11	31	0	50384cf69a733199fa17c9c571da1761d8451991	f80ff3f62daaa6e22a6753a3f30a127baab424d0320949bc9957a6ff62ea5ebe	otf_sparse_formula	2026-09-20T12:59:50.081039Z		3.690000	103915520		8G	0			true		acacia-syntcomp26-coverage-271371-0db68073c7eb.scope
S-cap17-epoch1	AllLights_63831f8c.ltl	AllLights_63831f8c.tlsf	17	UNREALIZABLE	1.6078826269949786	1	false		status	13	30	1	50384cf69a733199fa17c9c571da1761d8451991	f80ff3f62daaa6e22a6753a3f30a127baab424d0320949bc9957a6ff62ea5ebe	otf_sparse_formula	2026-09-20T12:59:51.711256Z		6.320000	45641728		8G	0			true		acacia-syntcomp26-coverage-271371-d23e6371be93.scope
S-cap17-epoch1	Automata.ltl	Automata.tlsf	17	REALIZABLE	0.047732142003951594	0	false		status	11	30	2	50384cf69a733199fa17c9c571da1761d8451991	f80ff3f62daaa6e22a6753a3f30a127baab424d0320949bc9957a6ff62ea5ebe	otf_sparse_formula	2026-09-20T12:59:51.776941Z		0.100000	22142976		8G	0			true		acacia-syntcomp26-coverage-271371-25f5b0e32567.scope
S-cap17-epoch1	CheckAlarmBroken1_1a2942e3.ltl	CheckAlarmBroken1_1a2942e3.tlsf	17	REALIZABLE	0.017271550983423367	0	false		status	11	30	3	50384cf69a733199fa17c9c571da1761d8451991	f80ff3f62daaa6e22a6753a3f30a127baab424d0320949bc9957a6ff62ea5ebe	otf_sparse_formula	2026-09-20T12:59:51.806392Z		0.010000	18030592	43180032	8G	0			true		acacia-syntcomp26-coverage-271371-93a81bbdf42c.scope
S-cap17-epoch1	CheckTime_54e1f7d2.ltl	CheckTime_54e1f7d2.tlsf	17	UNREALIZABLE	0.014644012990174815	1	false		status	13	30	4	50384cf69a733199fa17c9c571da1761d8451991	f80ff3f62daaa6e22a6753a3f30a127baab424d0320949bc9957a6ff62ea5ebe	otf_sparse_formula	2026-09-20T12:59:51.833217Z		0.010000	17276928	43192320	8G	0			true		acacia-syntcomp26-coverage-271371-1aef51e6a14f.scope
S-cap17-epoch1	GF-G-contradiction2.ltl	GF-G-contradiction2.tlsf	17	UNREALIZABLE	0.2409983719990123	1	false		none	13	30	5	50384cf69a733199fa17c9c571da1761d8451991	f80ff3f62daaa6e22a6753a3f30a127baab424d0320949bc9957a6ff62ea5ebe	otf_sparse_formula	2026-09-20T12:59:52.089308Z		0.910000	48713728		8G	0			true		acacia-syntcomp26-coverage-271371-afa766b147c3.scope
S-cap17-epoch1	KitchenTimerV9.ltl	KitchenTimerV9.tlsf	17	REALIZABLE	0.14153936997172423	0	false		status	11	30	6	50384cf69a733199fa17c9c571da1761d8451991	f80ff3f62daaa6e22a6753a3f30a127baab424d0320949bc9957a6ff62ea5ebe	otf_sparse_formula	2026-09-20T12:59:52.249124Z		0.500000	27873280		8G	0			true		acacia-syntcomp26-coverage-271371-123e41d25c8f.scope
S-cap17-epoch1	Morning_9cac58d3.ltl	Morning_9cac58d3.tlsf	17	TIMEOUT	17.14358009301941	124	true	timeout	status	0	8	7	50384cf69a733199fa17c9c571da1761d8451991	f80ff3f62daaa6e22a6753a3f30a127baab424d0320949bc9957a6ff62ea5ebe	otf_sparse_formula	2026-09-20T13:00:09.430691Z					8G	0			true		acacia-syntcomp26-coverage-271371-83cc46253190.scope
S-cap17-epoch1	Morning_f2774e0b.ltl	Morning_f2774e0b.tlsf	17	UNREALIZABLE	3.731207926000934	1	false		status	13	32	8	50384cf69a733199fa17c9c571da1761d8451991	f80ff3f62daaa6e22a6753a3f30a127baab424d0320949bc9957a6ff62ea5ebe	otf_sparse_formula	2026-09-20T13:00:13.176845Z		14.740000	204759040		8G	0			true		acacia-syntcomp26-coverage-271371-c193dce5ed86.scope
S-cap17-epoch1	OneCounterGuiA3.ltl	OneCounterGuiA3.tlsf	17	UNREALIZABLE	0.05243276999681257	1	false		status	13	30	9	50384cf69a733199fa17c9c571da1761d8451991	f80ff3f62daaa6e22a6753a3f30a127baab424d0320949bc9957a6ff62ea5ebe	otf_sparse_formula	2026-09-20T13:00:13.243313Z		0.120000	25862144		8G	0			true		acacia-syntcomp26-coverage-271371-608b6a8506a9.scope
S-cap17-epoch1	TwoCounters4.ltl	TwoCounters4.tlsf	17	REALIZABLE	0.026305635983590037	0	false		status	11	30	10	50384cf69a733199fa17c9c571da1761d8451991	f80ff3f62daaa6e22a6753a3f30a127baab424d0320949bc9957a6ff62ea5ebe	otf_sparse_formula	2026-09-20T13:00:13.282166Z		0.050000	20316160		8G	0			true		acacia-syntcomp26-coverage-271371-e786b90dbe0c.scope
S-cap17-epoch1	Window_235467da.ltl	Window_235467da.tlsf	17	REALIZABLE	0.026585945015540347	0	false		status	11	30	11	50384cf69a733199fa17c9c571da1761d8451991	f80ff3f62daaa6e22a6753a3f30a127baab424d0320949bc9957a6ff62ea5ebe	otf_sparse_formula	2026-09-20T13:00:13.331554Z		0.040000	20070400		8G	0			true		acacia-syntcomp26-coverage-271371-bf5a51c65f0b.scope
S-cap17-epoch1	amba_decomposed_encode_pb_11_pe_.ltl	amba_decomposed_encode_pb_11_pe_.tlsf	17	REALIZABLE	0.05930467299185693	0	false		status	11	30	12	50384cf69a733199fa17c9c571da1761d8451991	f80ff3f62daaa6e22a6753a3f30a127baab424d0320949bc9957a6ff62ea5ebe	otf_sparse_formula	2026-09-20T13:00:13.404276Z		0.120000	22712320		8G	0			true		acacia-syntcomp26-coverage-271371-4c16654d2080.scope
S-cap17-epoch1	amba_decomposed_encode_pb_20_pe_.ltl	amba_decomposed_encode_pb_20_pe_.tlsf	17	TIMEOUT	17.093965627020225	124	true	timeout	status	0	8	13	50384cf69a733199fa17c9c571da1761d8451991	f80ff3f62daaa6e22a6753a3f30a127baab424d0320949bc9957a6ff62ea5ebe	otf_sparse_formula	2026-09-20T13:00:30.537733Z					8G	0			true		acacia-syntcomp26-coverage-271371-286de37b90a1.scope
S-cap17-epoch1	amba_decomposed_encode_pb_2_pe_.ltl	amba_decomposed_encode_pb_2_pe_.tlsf	17	REALIZABLE	0.03879475800204091	0	false		status	11	30	14	50384cf69a733199fa17c9c571da1761d8451991	f80ff3f62daaa6e22a6753a3f30a127baab424d0320949bc9957a6ff62ea5ebe	otf_sparse_formula	2026-09-20T13:00:30.601260Z		0.020000	17965056		8G	0			true		acacia-syntcomp26-coverage-271371-59423d8c8c0d.scope
S-cap17-epoch1	amba_gr_pb_4_pe_.ltl	amba_gr_pb_4_pe_.tlsf	17	TIMEOUT	17.053938513010507	124	true	timeout	none	0	8	15	50384cf69a733199fa17c9c571da1761d8451991	f80ff3f62daaa6e22a6753a3f30a127baab424d0320949bc9957a6ff62ea5ebe	otf_sparse_formula	2026-09-20T13:00:47.667983Z					8G	0			true		acacia-syntcomp26-coverage-271371-8ef6b9734369.scope
S-cap17-epoch1	arbiter_pb_6_pe_.ltl	arbiter_pb_6_pe_.tlsf	17	TIMEOUT	17.03640411698143	124	true	timeout	none	0	8	16	50384cf69a733199fa17c9c571da1761d8451991	f80ff3f62daaa6e22a6753a3f30a127baab424d0320949bc9957a6ff62ea5ebe	otf_sparse_formula	2026-09-20T13:01:04.716895Z					8G	0			true		acacia-syntcomp26-coverage-271371-9e5c9876f79e.scope
S-cap17-epoch1	batch-arbiter-real.ltl	batch-arbiter-real.tlsf	17	REALIZABLE	0.03331329199136235	0	false		none	11	30	17	50384cf69a733199fa17c9c571da1761d8451991	f80ff3f62daaa6e22a6753a3f30a127baab424d0320949bc9957a6ff62ea5ebe	otf_sparse_formula	2026-09-20T13:01:04.763934Z		0.070000	21262336		8G	0			true		acacia-syntcomp26-coverage-271371-27b8e38fbb6d.scope
S-cap17-epoch1	buffer-storage-real.ltl	buffer-storage-real.tlsf	17	REALIZABLE	0.5942855199973565	0	false		none	11	30	18	50384cf69a733199fa17c9c571da1761d8451991	f80ff3f62daaa6e22a6753a3f30a127baab424d0320949bc9957a6ff62ea5ebe	otf_sparse_formula	2026-09-20T13:01:05.371285Z		2.310000	51970048		8G	0			true		acacia-syntcomp26-coverage-271371-8ad33555d7ad.scope
S-cap17-epoch1	chain-70.ltl	chain-70.tlsf	17	TIMEOUT	17.09243026698823	124	true	timeout	none	0	8	19	50384cf69a733199fa17c9c571da1761d8451991	f80ff3f62daaa6e22a6753a3f30a127baab424d0320949bc9957a6ff62ea5ebe	otf_sparse_formula	2026-09-20T13:01:22.503479Z					8G	0			true		acacia-syntcomp26-coverage-271371-e326bc648474.scope
S-cap17-epoch1	chomp_pb_3_5_pe_.ltl	chomp_pb_3_5_pe_.tlsf	17	TIMEOUT	17.053504262003116	124	true	timeout	status	0	8	20	50384cf69a733199fa17c9c571da1761d8451991	f80ff3f62daaa6e22a6753a3f30a127baab424d0320949bc9957a6ff62ea5ebe	otf_sparse_formula	2026-09-20T13:01:39.569375Z					8G	0			true		acacia-syntcomp26-coverage-271371-52d320ba35df.scope
S-cap17-epoch1	full_arbiter_unreal1_pb_2_15_pe_.ltl	full_arbiter_unreal1_pb_2_15_pe_.tlsf	17	UNREALIZABLE	0.018699448002735153	1	false		status	13	30	21	50384cf69a733199fa17c9c571da1761d8451991	f80ff3f62daaa6e22a6753a3f30a127baab424d0320949bc9957a6ff62ea5ebe	otf_sparse_formula	2026-09-20T13:01:39.601260Z		0.010000	15376384	43397120	8G	0			true		acacia-syntcomp26-coverage-271371-dd7abc65eaf2.scope
S-cap17-epoch1	full_arbiter_unreal1_pb_2_1_pe_.ltl	full_arbiter_unreal1_pb_2_1_pe_.tlsf	17	UNREALIZABLE	0.015377914009150118	1	false		status	13	30	22	50384cf69a733199fa17c9c571da1761d8451991	f80ff3f62daaa6e22a6753a3f30a127baab424d0320949bc9957a6ff62ea5ebe	otf_sparse_formula	2026-09-20T13:01:39.628796Z		0.010000	15376384	40787968	8G	0			true		acacia-syntcomp26-coverage-271371-1fcdbb9bb2e6.scope
S-cap17-epoch1	full_arbiter_unreal1_pb_2_9_pe_.ltl	full_arbiter_unreal1_pb_2_9_pe_.tlsf	17	UNREALIZABLE	0.01539862502249889	1	false		status	13	30	23	50384cf69a733199fa17c9c571da1761d8451991	f80ff3f62daaa6e22a6753a3f30a127baab424d0320949bc9957a6ff62ea5ebe	otf_sparse_formula	2026-09-20T13:01:39.657864Z		0.010000	15376384	42741760	8G	0			true		acacia-syntcomp26-coverage-271371-b4efb7cabf65.scope
S-cap17-epoch1	gf-unreal0.ltl	gf-unreal0.tlsf	17	UNREALIZABLE	0.021665559004759416	1	false		none	13	30	24	50384cf69a733199fa17c9c571da1761d8451991	f80ff3f62daaa6e22a6753a3f30a127baab424d0320949bc9957a6ff62ea5ebe	otf_sparse_formula	2026-09-20T13:01:39.691734Z		0.010000	17326080	43180032	8G	0			true		acacia-syntcomp26-coverage-271371-94547d9e25bd.scope
S-cap17-epoch1	gf-unreal29.ltl	gf-unreal29.tlsf	17	UNREALIZABLE	0.02407823401154019	1	false		none	13	30	25	50384cf69a733199fa17c9c571da1761d8451991	f80ff3f62daaa6e22a6753a3f30a127baab424d0320949bc9957a6ff62ea5ebe	otf_sparse_formula	2026-09-20T13:01:39.728859Z		0.030000	19128320		8G	0			true		acacia-syntcomp26-coverage-271371-0e7fc06e588c.scope
S-cap17-epoch1	gf-unreal30.ltl	gf-unreal30.tlsf	17	UNREALIZABLE	0.04174140599207021	1	false		none	13	30	26	50384cf69a733199fa17c9c571da1761d8451991	f80ff3f62daaa6e22a6753a3f30a127baab424d0320949bc9957a6ff62ea5ebe	otf_sparse_formula	2026-09-20T13:01:39.784649Z		0.070000	19234816		8G	0			true		acacia-syntcomp26-coverage-271371-98039230119c.scope
S-cap17-epoch1	gf-unreal4.ltl	gf-unreal4.tlsf	17	UNREALIZABLE	0.03285674599464983	1	false		none	13	30	27	50384cf69a733199fa17c9c571da1761d8451991	f80ff3f62daaa6e22a6753a3f30a127baab424d0320949bc9957a6ff62ea5ebe	otf_sparse_formula	2026-09-20T13:01:39.841403Z		0.050000	17813504		8G	0			true		acacia-syntcomp26-coverage-271371-22698db641ca.scope
S-cap17-epoch1	heim-double-x12.ltl	heim-double-x12.tlsf	17	UNREALIZABLE	4.759593477996532	1	false		none	13	32	28	50384cf69a733199fa17c9c571da1761d8451991	f80ff3f62daaa6e22a6753a3f30a127baab424d0320949bc9957a6ff62ea5ebe	otf_sparse_formula	2026-09-20T13:01:44.614039Z		15.690000	206266368		8G	0			true		acacia-syntcomp26-coverage-271371-286fb791286b.scope
S-cap17-epoch1	infinite-race-u11.ltl	infinite-race-u11.tlsf	17	UNREALIZABLE	14.15584841297823	1	false		none	13	33	29	50384cf69a733199fa17c9c571da1761d8451991	f80ff3f62daaa6e22a6753a3f30a127baab424d0320949bc9957a6ff62ea5ebe	otf_sparse_formula	2026-09-20T13:01:58.783491Z		56.090000	1392021504		8G	0			true		acacia-syntcomp26-coverage-271371-2c49df4ea844.scope
S-cap17-epoch1	lift_gr1_pb_9_pe_.ltl	lift_gr1_pb_9_pe_.tlsf	17	TIMEOUT	17.08483644100488	124	true	timeout	none	0	8	30	50384cf69a733199fa17c9c571da1761d8451991	f80ff3f62daaa6e22a6753a3f30a127baab424d0320949bc9957a6ff62ea5ebe	otf_sparse_formula	2026-09-20T13:02:15.881990Z					8G	0			true		acacia-syntcomp26-coverage-271371-c79ac02cf05e.scope
S-cap17-epoch1	lift_pb_2_pe_.ltl	lift_pb_2_pe_.tlsf	17	REALIZABLE	0.027214932022616267	0	false		none	11	30	31	50384cf69a733199fa17c9c571da1761d8451991	f80ff3f62daaa6e22a6753a3f30a127baab424d0320949bc9957a6ff62ea5ebe	otf_sparse_formula	2026-09-20T13:02:15.932349Z		0.020000	19861504		8G	0			true		acacia-syntcomp26-coverage-271371-4d622ee0000e.scope
S-cap17-epoch1	lilydemo03.ltl	lilydemo03.tlsf	17	REALIZABLE	0.039328332990407944	0	false		status	11	30	32	50384cf69a733199fa17c9c571da1761d8451991	f80ff3f62daaa6e22a6753a3f30a127baab424d0320949bc9957a6ff62ea5ebe	otf_sparse_formula	2026-09-20T13:02:16.011964Z		0.040000	18018304		8G	0			true		acacia-syntcomp26-coverage-271371-2724e666c0f7.scope
S-cap17-epoch1	lilydemo14.ltl	lilydemo14.tlsf	17	REALIZABLE	0.03627871401840821	0	false		status	11	30	33	50384cf69a733199fa17c9c571da1761d8451991	f80ff3f62daaa6e22a6753a3f30a127baab424d0320949bc9957a6ff62ea5ebe	otf_sparse_formula	2026-09-20T13:02:16.088955Z		0.040000	17801216		8G	0			true		acacia-syntcomp26-coverage-271371-bdd8dbaefae2.scope
S-cap17-epoch1	lilydemo19.ltl	lilydemo19.tlsf	17	REALIZABLE	0.037183200009167194	0	false		status	11	30	34	50384cf69a733199fa17c9c571da1761d8451991	f80ff3f62daaa6e22a6753a3f30a127baab424d0320949bc9957a6ff62ea5ebe	otf_sparse_formula	2026-09-20T13:02:16.167359Z		0.050000	17977344		8G	0			true		acacia-syntcomp26-coverage-271371-ba9f52a2a4f0.scope
S-cap17-epoch1	load_balancer_unreal1_pb_2_16_pe_.ltl	load_balancer_unreal1_pb_2_16_pe_.tlsf	17	UNREALIZABLE	1.5654644429741893	1	false		status	13	31	35	50384cf69a733199fa17c9c571da1761d8451991	f80ff3f62daaa6e22a6753a3f30a127baab424d0320949bc9957a6ff62ea5ebe	otf_sparse_formula	2026-09-20T13:02:17.746885Z		4.340000	113680384		8G	0			true		acacia-syntcomp26-coverage-271371-526d962c9bc1.scope
S-cap17-epoch1	load_balancer_unreal1_pb_4_9_pe_.ltl	load_balancer_unreal1_pb_4_9_pe_.tlsf	17	TIMEOUT	17.137261786003364	124	true	timeout	status	0	8	36	50384cf69a733199fa17c9c571da1761d8451991	f80ff3f62daaa6e22a6753a3f30a127baab424d0320949bc9957a6ff62ea5ebe	otf_sparse_formula	2026-09-20T13:02:34.896718Z					8G	0			true		acacia-syntcomp26-coverage-271371-553718cc86f6.scope
S-cap17-epoch1	load_balancer_unreal2_pb_7_pe_.ltl	load_balancer_unreal2_pb_7_pe_.tlsf	17	TIMEOUT	17.088762419007253	124	true	timeout	none	0	8	37	50384cf69a733199fa17c9c571da1761d8451991	f80ff3f62daaa6e22a6753a3f30a127baab424d0320949bc9957a6ff62ea5ebe	otf_sparse_formula	2026-09-20T13:02:52.021960Z					8G	0			true		acacia-syntcomp26-coverage-271371-c9a8f8b98d66.scope
S-cap17-epoch1	ltl2dba06.ltl	ltl2dba06.tlsf	17	REALIZABLE	0.03256214500288479	0	false		status	11	30	38	50384cf69a733199fa17c9c571da1761d8451991	f80ff3f62daaa6e22a6753a3f30a127baab424d0320949bc9957a6ff62ea5ebe	otf_sparse_formula	2026-09-20T13:02:52.093303Z		0.030000	15368192		8G	0			true		acacia-syntcomp26-coverage-271371-bf34359ac4c9.scope
S-cap17-epoch1	ltl2dba21.ltl	ltl2dba21.tlsf	17	REALIZABLE	0.031811774999368936	0	false		status	11	30	39	50384cf69a733199fa17c9c571da1761d8451991	f80ff3f62daaa6e22a6753a3f30a127baab424d0320949bc9957a6ff62ea5ebe	otf_sparse_formula	2026-09-20T13:02:52.148773Z		0.020000	15327232		8G	0			true		acacia-syntcomp26-coverage-271371-976eaa3d376f.scope
S-cap17-epoch1	ltl2dba_C2_pb_14_pe_.ltl	ltl2dba_C2_pb_14_pe_.tlsf	17	REALIZABLE	0.03332970500923693	0	false		status	11	30	40	50384cf69a733199fa17c9c571da1761d8451991	f80ff3f62daaa6e22a6753a3f30a127baab424d0320949bc9957a6ff62ea5ebe	otf_sparse_formula	2026-09-20T13:02:52.219459Z		0.030000	15527936		8G	0			true		acacia-syntcomp26-coverage-271371-0a378a3842e5.scope
S-cap17-epoch1	ltl2dba_C2_pb_1_pe_.ltl	ltl2dba_C2_pb_1_pe_.tlsf	17	REALIZABLE	0.02055645501241088	0	false		status	11	30	41	50384cf69a733199fa17c9c571da1761d8451991	f80ff3f62daaa6e22a6753a3f30a127baab424d0320949bc9957a6ff62ea5ebe	otf_sparse_formula	2026-09-20T13:02:52.268435Z		0.010000	15327232		8G	0			true		acacia-syntcomp26-coverage-271371-bccb4bd9533f.scope
S-cap17-epoch1	ltl2dba_C2_pb_25_pe_.ltl	ltl2dba_C2_pb_25_pe_.tlsf	17	REALIZABLE	0.03112182900076732	0	false		status	11	30	42	50384cf69a733199fa17c9c571da1761d8451991	f80ff3f62daaa6e22a6753a3f30a127baab424d0320949bc9957a6ff62ea5ebe	otf_sparse_formula	2026-09-20T13:02:52.337534Z		0.030000	15683584		8G	0			true		acacia-syntcomp26-coverage-271371-0d897d5481fe.scope
S-cap17-epoch1	ltl2dba_C2_pb_2_pe_.ltl	ltl2dba_C2_pb_2_pe_.tlsf	17	REALIZABLE	0.028688767983112484	0	false		status	11	30	43	50384cf69a733199fa17c9c571da1761d8451991	f80ff3f62daaa6e22a6753a3f30a127baab424d0320949bc9957a6ff62ea5ebe	otf_sparse_formula	2026-09-20T13:02:52.390016Z		0.030000	15421440		8G	0			true		acacia-syntcomp26-coverage-271371-0688f3799e0c.scope
S-cap17-epoch1	ltl2dba_C2_unreal_pb_80_pe_.ltl	ltl2dba_C2_unreal_pb_80_pe_.tlsf	17	TIMEOUT	17.09104161101277	124	true	timeout	none	0	8	44	50384cf69a733199fa17c9c571da1761d8451991	f80ff3f62daaa6e22a6753a3f30a127baab424d0320949bc9957a6ff62ea5ebe	otf_sparse_formula	2026-09-20T13:03:09.519951Z					8G	0			true		acacia-syntcomp26-coverage-271371-0fc1009245e1.scope
S-cap17-epoch1	ltl2dba_E_pb_16_pe_.ltl	ltl2dba_E_pb_16_pe_.tlsf	17	REALIZABLE	0.03187201000400819	0	false		none	11	30	45	50384cf69a733199fa17c9c571da1761d8451991	f80ff3f62daaa6e22a6753a3f30a127baab424d0320949bc9957a6ff62ea5ebe	otf_sparse_formula	2026-09-20T13:03:09.588444Z		0.020000	15347712		8G	0			true		acacia-syntcomp26-coverage-271371-a28a4c8fcba1.scope
S-cap17-epoch1	ltl2dba_E_pb_3_pe_.ltl	ltl2dba_E_pb_3_pe_.tlsf	17	REALIZABLE	0.03183390499907546	0	false		status	11	30	46	50384cf69a733199fa17c9c571da1761d8451991	f80ff3f62daaa6e22a6753a3f30a127baab424d0320949bc9957a6ff62ea5ebe	otf_sparse_formula	2026-09-20T13:03:09.657623Z		0.030000	15319040		8G	0			true		acacia-syntcomp26-coverage-271371-c26c9604b31c.scope
S-cap17-epoch1	ltl2dba_Q_pb_100_pe_.ltl	ltl2dba_Q_pb_100_pe_.tlsf	17	REALIZABLE	0.0339285229856614	0	false		none	11	30	47	50384cf69a733199fa17c9c571da1761d8451991	f80ff3f62daaa6e22a6753a3f30a127baab424d0320949bc9957a6ff62ea5ebe	otf_sparse_formula	2026-09-20T13:03:09.729578Z		0.040000	15372288		8G	0			true		acacia-syntcomp26-coverage-271371-c46572488222.scope
S-cap17-epoch1	ltl2dba_alpha_pb_16_pe_.ltl	ltl2dba_alpha_pb_16_pe_.tlsf	17	REALIZABLE	0.033904796990100294	0	false		status	11	30	48	50384cf69a733199fa17c9c571da1761d8451991	f80ff3f62daaa6e22a6753a3f30a127baab424d0320949bc9957a6ff62ea5ebe	otf_sparse_formula	2026-09-20T13:03:09.802685Z		0.030000	15458304		8G	0			true		acacia-syntcomp26-coverage-271371-6c8c8923c082.scope
S-cap17-epoch1	ltl2dba_alpha_pb_25_pe_.ltl	ltl2dba_alpha_pb_25_pe_.tlsf	17	REALIZABLE	0.033814252994488925	0	false		none	11	30	49	50384cf69a733199fa17c9c571da1761d8451991	f80ff3f62daaa6e22a6753a3f30a127baab424d0320949bc9957a6ff62ea5ebe	otf_sparse_formula	2026-09-20T13:03:09.874882Z		0.030000	15421440		8G	0			true		acacia-syntcomp26-coverage-271371-0f3036634033.scope
S-cap17-epoch1	ltl2dba_theta_pb_1_pe_.ltl	ltl2dba_theta_pb_1_pe_.tlsf	17	UNREALIZABLE	0.03518818999873474	1	false		status	13	30	50	50384cf69a733199fa17c9c571da1761d8451991	f80ff3f62daaa6e22a6753a3f30a127baab424d0320949bc9957a6ff62ea5ebe	otf_sparse_formula	2026-09-20T13:03:09.937705Z		0.050000	18251776		8G	0			true		acacia-syntcomp26-coverage-271371-b9bdc3d5084a.scope
S-cap17-epoch1	patrolling-alarm4.ltl	patrolling-alarm4.tlsf	17	UNREALIZABLE	0.06307264798670076	1	false		none	13	30	51	50384cf69a733199fa17c9c571da1761d8451991	f80ff3f62daaa6e22a6753a3f30a127baab424d0320949bc9957a6ff62ea5ebe	otf_sparse_formula	2026-09-20T13:03:10.014595Z		0.160000	21962752		8G	0			true		acacia-syntcomp26-coverage-271371-f246ab7e0784.scope
S-cap17-epoch1	patrolling0.ltl	patrolling0.tlsf	17	UNREALIZABLE	0.03564837700105272	1	false		none	13	30	52	50384cf69a733199fa17c9c571da1761d8451991	f80ff3f62daaa6e22a6753a3f30a127baab424d0320949bc9957a6ff62ea5ebe	otf_sparse_formula	2026-09-20T13:03:10.064280Z		0.070000	20639744		8G	0			true		acacia-syntcomp26-coverage-271371-5397151c20fd.scope
S-cap17-epoch1	patrolling19.ltl	patrolling19.tlsf	17	UNREALIZABLE	0.5682503480056766	1	false		none	13	30	53	50384cf69a733199fa17c9c571da1761d8451991	f80ff3f62daaa6e22a6753a3f30a127baab424d0320949bc9957a6ff62ea5ebe	otf_sparse_formula	2026-09-20T13:03:10.650649Z		2.160000	100069376		8G	0			true		acacia-syntcomp26-coverage-271371-cc5b28b0bab8.scope
S-cap17-epoch1	precise-reachability0.ltl	precise-reachability0.tlsf	17	UNREALIZABLE	0.019945803011069074	1	false		none	13	30	54	50384cf69a733199fa17c9c571da1761d8451991	f80ff3f62daaa6e22a6753a3f30a127baab424d0320949bc9957a6ff62ea5ebe	otf_sparse_formula	2026-09-20T13:03:10.683289Z		0.020000	20627456		8G	0			true		acacia-syntcomp26-coverage-271371-7deb302fcbee.scope
S-cap17-epoch1	prioritized_arbiter_unreal1_pb_4_1_pe_.ltl	prioritized_arbiter_unreal1_pb_4_1_pe_.tlsf	17	UNREALIZABLE	0.023656409000977874	1	false		status	13	30	55	50384cf69a733199fa17c9c571da1761d8451991	f80ff3f62daaa6e22a6753a3f30a127baab424d0320949bc9957a6ff62ea5ebe	otf_sparse_formula	2026-09-20T13:03:10.728380Z		0.030000	18468864		8G	0			true		acacia-syntcomp26-coverage-271371-e0f13e257cad.scope
S-cap17-epoch1	robot-grid-reach-1d-real.ltl	robot-grid-reach-1d-real.tlsf	17	REALIZABLE	0.045046511018881574	0	false		none	11	30	56	50384cf69a733199fa17c9c571da1761d8451991	f80ff3f62daaa6e22a6753a3f30a127baab424d0320949bc9957a6ff62ea5ebe	otf_sparse_formula	2026-09-20T13:03:10.787002Z		0.080000	20692992		8G	0			true		acacia-syntcomp26-coverage-271371-3159cc9f4820.scope
S-cap17-epoch1	robot-resource-2d21.ltl	robot-resource-2d21.tlsf	17	UNREALIZABLE	9.076469559018733	1	false		none	13	31	57	50384cf69a733199fa17c9c571da1761d8451991	f80ff3f62daaa6e22a6753a3f30a127baab424d0320949bc9957a6ff62ea5ebe	otf_sparse_formula	2026-09-20T13:03:19.875977Z		36.060000	82386944		8G	0			true		acacia-syntcomp26-coverage-271371-2a3a8bcd4e47.scope
S-cap17-epoch1	robot-resource-2d3.ltl	robot-resource-2d3.tlsf	17	UNREALIZABLE	0.11990219698054716	1	false		none	13	30	58	50384cf69a733199fa17c9c571da1761d8451991	f80ff3f62daaa6e22a6753a3f30a127baab424d0320949bc9957a6ff62ea5ebe	otf_sparse_formula	2026-09-20T13:03:20.009218Z		0.400000	23945216		8G	0			true		acacia-syntcomp26-coverage-271371-c3b88da7cb92.scope
S-cap17-epoch1	robot-to-target-charging-unreal2.ltl	robot-to-target-charging-unreal2.tlsf	17	TIMEOUT	17.087179140013177	124	true	timeout	none	0	8	59	50384cf69a733199fa17c9c571da1761d8451991	f80ff3f62daaa6e22a6753a3f30a127baab424d0320949bc9957a6ff62ea5ebe	otf_sparse_formula	2026-09-20T13:03:37.121260Z					8G	0			true		acacia-syntcomp26-coverage-271371-f13a13e9180f.scope
S-cap17-epoch1	robot-to-target-charging1.ltl	robot-to-target-charging1.tlsf	17	UNREALIZABLE	2.4944818210205995	1	false		none	13	30	60	50384cf69a733199fa17c9c571da1761d8451991	f80ff3f62daaa6e22a6753a3f30a127baab424d0320949bc9957a6ff62ea5ebe	otf_sparse_formula	2026-09-20T13:03:39.629662Z		9.820000	71741440		8G	0			true		acacia-syntcomp26-coverage-271371-73f49ec768fc.scope
S-cap17-epoch1	robot-to-target-charging18.ltl	robot-to-target-charging18.tlsf	17	TIMEOUT	17.0855725419824	124	true	timeout	none	0	8	61	50384cf69a733199fa17c9c571da1761d8451991	f80ff3f62daaa6e22a6753a3f30a127baab424d0320949bc9957a6ff62ea5ebe	otf_sparse_formula	2026-09-20T13:03:56.728595Z					8G	0			true		acacia-syntcomp26-coverage-271371-cc1e52ef60b3.scope
S-cap17-epoch1	robot-to-target-charging22.ltl	robot-to-target-charging22.tlsf	17	TIMEOUT	17.052784553001402	124	true	timeout	none	0	8	62	50384cf69a733199fa17c9c571da1761d8451991	f80ff3f62daaa6e22a6753a3f30a127baab424d0320949bc9957a6ff62ea5ebe	otf_sparse_formula	2026-09-20T13:04:13.794164Z					8G	0			true		acacia-syntcomp26-coverage-271371-f41899720390.scope
S-cap17-epoch1	round_robin_arbiter_unreal1_pb_3_7_pe_.ltl	round_robin_arbiter_unreal1_pb_3_7_pe_.tlsf	17	UNREALIZABLE	7.915447811014019	1	false		status	13	32	63	50384cf69a733199fa17c9c571da1761d8451991	f80ff3f62daaa6e22a6753a3f30a127baab424d0320949bc9957a6ff62ea5ebe	otf_sparse_formula	2026-09-20T13:04:21.723214Z		31.360000	660606976		8G	0			true		acacia-syntcomp26-coverage-271371-9ef5da108d82.scope
S-cap17-epoch1	round_robin_arbiter_unreal1_pb_3_8_pe_.ltl	round_robin_arbiter_unreal1_pb_3_8_pe_.tlsf	17	TIMEOUT	17.13718200501171	124	true	timeout	status	0	8	64	50384cf69a733199fa17c9c571da1761d8451991	f80ff3f62daaa6e22a6753a3f30a127baab424d0320949bc9957a6ff62ea5ebe	otf_sparse_formula	2026-09-20T13:04:38.873139Z					8G	0			true		acacia-syntcomp26-coverage-271371-ad0075dc8b88.scope
S-cap17-epoch1	round_robin_arbiter_unreal1_pb_3_9_pe_.ltl	round_robin_arbiter_unreal1_pb_3_9_pe_.tlsf	17	TIMEOUT	17.19432603401947	124	true	timeout	status	0	8	65	50384cf69a733199fa17c9c571da1761d8451991	f80ff3f62daaa6e22a6753a3f30a127baab424d0320949bc9957a6ff62ea5ebe	otf_sparse_formula	2026-09-20T13:04:56.106765Z					8G	0			true		acacia-syntcomp26-coverage-271371-93150f764509.scope
S-cap17-epoch1	simple_arbiter_unreal1_pb_2_2_pe_.ltl	simple_arbiter_unreal1_pb_2_2_pe_.tlsf	17	UNREALIZABLE	0.033862374984892085	1	false		status	13	30	66	50384cf69a733199fa17c9c571da1761d8451991	f80ff3f62daaa6e22a6753a3f30a127baab424d0320949bc9957a6ff62ea5ebe	otf_sparse_formula	2026-09-20T13:04:56.165546Z		0.020000	15245312		8G	0			true		acacia-syntcomp26-coverage-271371-15109664499c.scope
S-cap17-epoch1	simple_arbiter_unreal1_pb_2_5_pe_.ltl	simple_arbiter_unreal1_pb_2_5_pe_.tlsf	17	UNREALIZABLE	0.03470876900246367	1	false		status	13	30	67	50384cf69a733199fa17c9c571da1761d8451991	f80ff3f62daaa6e22a6753a3f30a127baab424d0320949bc9957a6ff62ea5ebe	otf_sparse_formula	2026-09-20T13:04:56.233913Z		0.030000	15433728		8G	0			true		acacia-syntcomp26-coverage-271371-8c0268cf956e.scope
S-cap17-epoch1	simple_arbiter_unreal1_pb_2_9_pe_.ltl	simple_arbiter_unreal1_pb_2_9_pe_.tlsf	17	UNREALIZABLE	0.03877732501132414	1	false		status	13	30	68	50384cf69a733199fa17c9c571da1761d8451991	f80ff3f62daaa6e22a6753a3f30a127baab424d0320949bc9957a6ff62ea5ebe	otf_sparse_formula	2026-09-20T13:04:56.312710Z		0.040000	15376384		8G	0			true		acacia-syntcomp26-coverage-271371-cf8bab4ae3f0.scope
S-cap17-epoch1	solitary0.ltl	solitary0.tlsf	17	UNREALIZABLE	0.04235459701158106	1	false		none	13	30	69	50384cf69a733199fa17c9c571da1761d8451991	f80ff3f62daaa6e22a6753a3f30a127baab424d0320949bc9957a6ff62ea5ebe	otf_sparse_formula	2026-09-20T13:04:56.378101Z		0.060000	19324928		8G	0			true		acacia-syntcomp26-coverage-271371-59c4f8ae17ed.scope
S-cap17-epoch1	Alarm_88c5c1c3.ltl	Alarm_88c5c1c3.tlsf	17	REALIZABLE	0.02869414901942946	0	false		status	11	30	0	50384cf69a733199fa17c9c571da1761d8451991	f80ff3f62daaa6e22a6753a3f30a127baab424d0320949bc9957a6ff62ea5ebe	otf_sparse_formula	2026-09-20T13:11:54.011070Z		0.020000	19070976		8G	0			true		acacia-syntcomp26-coverage-273549-41bd50bae238.scope
S-cap17-epoch1	AllHeating_d6376bf9.ltl	AllHeating_d6376bf9.tlsf	17	REALIZABLE	0.021912836004048586	0	false		status	11	30	1	50384cf69a733199fa17c9c571da1761d8451991	f80ff3f62daaa6e22a6753a3f30a127baab424d0320949bc9957a6ff62ea5ebe	otf_sparse_formula	2026-09-20T13:11:54.058478Z		0.020000	19906560		8G	0			true		acacia-syntcomp26-coverage-273549-aa96e8934921.scope
S-cap17-epoch1	Button.ltl	Button.tlsf	17	REALIZABLE	0.016380671004299074	0	false		status	11	30	2	50384cf69a733199fa17c9c571da1761d8451991	f80ff3f62daaa6e22a6753a3f30a127baab424d0320949bc9957a6ff62ea5ebe	otf_sparse_formula	2026-09-20T13:11:54.087205Z		0.010000	15740928	42582016	8G	0			true		acacia-syntcomp26-coverage-273549-a4a05d6c6126.scope
S-cap17-epoch1	CheckWarnlight_1cf58fc1.ltl	CheckWarnlight_1cf58fc1.tlsf	17	UNREALIZABLE	0.01886706901132129	1	false		status	13	30	3	50384cf69a733199fa17c9c571da1761d8451991	f80ff3f62daaa6e22a6753a3f30a127baab424d0320949bc9957a6ff62ea5ebe	otf_sparse_formula	2026-09-20T13:11:54.119609Z		0.010000	18272256	43175936	8G	0			true		acacia-syntcomp26-coverage-273549-08505cffa511.scope
S-cap17-epoch1	F-G-contradiction-19.ltl	F-G-contradiction-19.tlsf	17	UNREALIZABLE	12.671040297020227	1	false		none	13	32	4	50384cf69a733199fa17c9c571da1761d8451991	f80ff3f62daaa6e22a6753a3f30a127baab424d0320949bc9957a6ff62ea5ebe	otf_sparse_formula	2026-09-20T13:12:06.803659Z		50.300000	965070848		8G	0			true		acacia-syntcomp26-coverage-273549-f6fec96d8812.scope
S-cap17-epoch1	GF-G-contradiction4.ltl	GF-G-contradiction4.tlsf	17	UNREALIZABLE	1.9004747080034576	1	false		none	13	31	5	50384cf69a733199fa17c9c571da1761d8451991	f80ff3f62daaa6e22a6753a3f30a127baab424d0320949bc9957a6ff62ea5ebe	otf_sparse_formula	2026-09-20T13:12:08.718232Z		7.500000	180486144		8G	0			true		acacia-syntcomp26-coverage-273549-aa6d5b85a5eb.scope
S-cap17-epoch1	Gamemodule.ltl	Gamemodule.tlsf	17	REALIZABLE	0.022853331989608705	0	false		status	11	30	6	50384cf69a733199fa17c9c571da1761d8451991	f80ff3f62daaa6e22a6753a3f30a127baab424d0320949bc9957a6ff62ea5ebe	otf_sparse_formula	2026-09-20T13:12:08.763676Z		0.030000	19980288		8G	0			true		acacia-syntcomp26-coverage-273549-bfa6d680e07d.scope
S-cap17-epoch1	LightsTotal_d65ed84e.ltl	LightsTotal_d65ed84e.tlsf	17	REALIZABLE	0.41167688099085353	0	false		status	11	30	7	50384cf69a733199fa17c9c571da1761d8451991	f80ff3f62daaa6e22a6753a3f30a127baab424d0320949bc9957a6ff62ea5ebe	otf_sparse_formula	2026-09-20T13:12:09.189716Z		1.540000	43106304		8G	0			true		acacia-syntcomp26-coverage-273549-da6aac8e48ed.scope
S-cap17-epoch1	Morning2_4d4ca5c4.ltl	Morning2_4d4ca5c4.tlsf	17	REALIZABLE	0.02160690602613613	0	false		status	11	30	8	50384cf69a733199fa17c9c571da1761d8451991	f80ff3f62daaa6e22a6753a3f30a127baab424d0320949bc9957a6ff62ea5ebe	otf_sparse_formula	2026-09-20T13:12:09.233322Z		0.030000	20140032		8G	0			true		acacia-syntcomp26-coverage-273549-1e7fd1921da3.scope
S-cap17-epoch1	MusicAppSimple.ltl	MusicAppSimple.tlsf	17	REALIZABLE	0.03377613198244944	0	false		status	11	30	9	50384cf69a733199fa17c9c571da1761d8451991	f80ff3f62daaa6e22a6753a3f30a127baab424d0320949bc9957a6ff62ea5ebe	otf_sparse_formula	2026-09-20T13:12:09.291225Z		0.030000	18485248		8G	0			true		acacia-syntcomp26-coverage-273549-3346c2093b0c.scope
S-cap17-epoch1	OneCounterInRangeA3.ltl	OneCounterInRangeA3.tlsf	17	REALIZABLE	0.0354560730047524	0	false		status	11	30	10	50384cf69a733199fa17c9c571da1761d8451991	f80ff3f62daaa6e22a6753a3f30a127baab424d0320949bc9957a6ff62ea5ebe	otf_sparse_formula	2026-09-20T13:12:09.339161Z		0.040000	20094976		8G	0			true		acacia-syntcomp26-coverage-273549-57a3055de284.scope
S-cap17-epoch1	SPIReadClk.ltl	SPIReadClk.tlsf	17	REALIZABLE	0.021026736008934677	0	false		status	11	30	11	50384cf69a733199fa17c9c571da1761d8451991	f80ff3f62daaa6e22a6753a3f30a127baab424d0320949bc9957a6ff62ea5ebe	otf_sparse_formula	2026-09-20T13:12:09.374371Z		0.010000	15654912	42135552	8G	0			true		acacia-syntcomp26-coverage-273549-34e741e3934d.scope
S-cap17-epoch1	SensorRegister.ltl	SensorRegister.tlsf	17	REALIZABLE	0.017317941004876047	0	false		status	11	30	12	50384cf69a733199fa17c9c571da1761d8451991	f80ff3f62daaa6e22a6753a3f30a127baab424d0320949bc9957a6ff62ea5ebe	otf_sparse_formula	2026-09-20T13:12:09.403923Z		0.010000	15609856	42569728	8G	0			true		acacia-syntcomp26-coverage-273549-05d3e58a9d4a.scope
S-cap17-epoch1	Shades2_42dc4fff.ltl	Shades2_42dc4fff.tlsf	17	REALIZABLE	0.021203615004196763	0	false		status	11	30	13	50384cf69a733199fa17c9c571da1761d8451991	f80ff3f62daaa6e22a6753a3f30a127baab424d0320949bc9957a6ff62ea5ebe	otf_sparse_formula	2026-09-20T13:12:09.445947Z		0.010000	18755584	46051328	8G	0			true		acacia-syntcomp26-coverage-273549-eb6ce5ecc001.scope
S-cap17-epoch1	Shades2_a5f99bc6.ltl	Shades2_a5f99bc6.tlsf	17	REALIZABLE	0.03985291300341487	0	false		status	11	30	14	50384cf69a733199fa17c9c571da1761d8451991	f80ff3f62daaa6e22a6753a3f30a127baab424d0320949bc9957a6ff62ea5ebe	otf_sparse_formula	2026-09-20T13:12:09.522511Z		0.050000	18984960		8G	0			true		acacia-syntcomp26-coverage-273549-cfec2848426b.scope
S-cap17-epoch1	Shades_a02758ea.ltl	Shades_a02758ea.tlsf	17	REALIZABLE	0.03726878599263728	0	false		status	11	30	15	50384cf69a733199fa17c9c571da1761d8451991	f80ff3f62daaa6e22a6753a3f30a127baab424d0320949bc9957a6ff62ea5ebe	otf_sparse_formula	2026-09-20T13:12:09.586869Z		0.040000	18853888		8G	0			true		acacia-syntcomp26-coverage-273549-97922885a4d3.scope
S-cap17-epoch1	arbiter_on_inpchange_pb_1_pe_.ltl	arbiter_on_inpchange_pb_1_pe_.tlsf	17	REALIZABLE	0.0373529699863866	0	false		none	11	30	16	50384cf69a733199fa17c9c571da1761d8451991	f80ff3f62daaa6e22a6753a3f30a127baab424d0320949bc9957a6ff62ea5ebe	otf_sparse_formula	2026-09-20T13:12:09.662409Z		0.040000	17981440		8G	0			true		acacia-syntcomp26-coverage-273549-c5c2e84bfd43.scope
S-cap17-epoch1	arbiter_with_buffer_pb_1_pe_.ltl	arbiter_with_buffer_pb_1_pe_.tlsf	17	REALIZABLE	0.03303250699536875	0	false		none	11	30	17	50384cf69a733199fa17c9c571da1761d8451991	f80ff3f62daaa6e22a6753a3f30a127baab424d0320949bc9957a6ff62ea5ebe	otf_sparse_formula	2026-09-20T13:12:09.732904Z		0.040000	15241216		8G	0			true		acacia-syntcomp26-coverage-273549-ca78aaf60aae.scope
S-cap17-epoch1	collector_v2_pb_27_pe_.ltl	collector_v2_pb_27_pe_.tlsf	17	TIMEOUT	17.08578544697957	124	true	timeout	none	0	8	18	50384cf69a733199fa17c9c571da1761d8451991	f80ff3f62daaa6e22a6753a3f30a127baab424d0320949bc9957a6ff62ea5ebe	otf_sparse_formula	2026-09-20T13:12:26.832284Z					8G	0			true		acacia-syntcomp26-coverage-273549-6c454f552951.scope
S-cap17-epoch1	collector_v3_pb_12_pe_.ltl	collector_v3_pb_12_pe_.tlsf	17	TIMEOUT	17.053422939003212	124	true	timeout	none	0	8	19	50384cf69a733199fa17c9c571da1761d8451991	f80ff3f62daaa6e22a6753a3f30a127baab424d0320949bc9957a6ff62ea5ebe	otf_sparse_formula	2026-09-20T13:12:43.900753Z					8G	0			true		acacia-syntcomp26-coverage-273549-6e4f0ea89bc8.scope
S-cap17-epoch1	finding_nemo_pb_2_pe_.ltl	finding_nemo_pb_2_pe_.tlsf	17	REALIZABLE	4.626127608993556	0	false		none	11	32	20	50384cf69a733199fa17c9c571da1761d8451991	f80ff3f62daaa6e22a6753a3f30a127baab424d0320949bc9957a6ff62ea5ebe	otf_sparse_formula	2026-09-20T13:12:48.541955Z		14.220000	103354368		8G	0			true		acacia-syntcomp26-coverage-273549-073335a634fe.scope
S-cap17-epoch1	full_arbiter_enc_pb_10_pe_.ltl	full_arbiter_enc_pb_10_pe_.tlsf	17	TIMEOUT	17.052430200012168	124	true	timeout	none	0	8	21	50384cf69a733199fa17c9c571da1761d8451991	f80ff3f62daaa6e22a6753a3f30a127baab424d0320949bc9957a6ff62ea5ebe	otf_sparse_formula	2026-09-20T13:13:05.607055Z					8G	0			true		acacia-syntcomp26-coverage-273549-99948192ec7a.scope
S-cap17-epoch1	full_arbiter_unreal1_pb_2_8_pe_.ltl	full_arbiter_unreal1_pb_2_8_pe_.tlsf	17	UNREALIZABLE	0.02503823200822808	1	false		status	13	30	22	50384cf69a733199fa17c9c571da1761d8451991	f80ff3f62daaa6e22a6753a3f30a127baab424d0320949bc9957a6ff62ea5ebe	otf_sparse_formula	2026-09-20T13:13:05.668724Z		0.020000	15478784		8G	0			true		acacia-syntcomp26-coverage-273549-b783d6039755.scope
S-cap17-epoch1	g-unreal-18.ltl	g-unreal-18.tlsf	17	UNREALIZABLE	1.1061268730263691	1	false		none	13	31	23	50384cf69a733199fa17c9c571da1761d8451991	f80ff3f62daaa6e22a6753a3f30a127baab424d0320949bc9957a6ff62ea5ebe	otf_sparse_formula	2026-09-20T13:13:06.788028Z		2.810000	123494400		8G	0			true		acacia-syntcomp26-coverage-273549-8baa65b07093.scope
S-cap17-epoch1	gf-unreal2.ltl	gf-unreal2.tlsf	17	UNREALIZABLE	0.028341213008388877	1	false		none	13	30	24	50384cf69a733199fa17c9c571da1761d8451991	f80ff3f62daaa6e22a6753a3f30a127baab424d0320949bc9957a6ff62ea5ebe	otf_sparse_formula	2026-09-20T13:13:06.837628Z		0.030000	17731584		8G	0			true		acacia-syntcomp26-coverage-273549-872bd5346afb.scope
S-cap17-epoch1	gf-unreal34.ltl	gf-unreal34.tlsf	17	UNREALIZABLE	0.039691300014965236	1	false		none	13	30	25	50384cf69a733199fa17c9c571da1761d8451991	f80ff3f62daaa6e22a6753a3f30a127baab424d0320949bc9957a6ff62ea5ebe	otf_sparse_formula	2026-09-20T13:13:06.891380Z		0.060000	19791872		8G	0			true		acacia-syntcomp26-coverage-273549-b6d79e437cf9.scope
S-cap17-epoch1	gf-unreal42.ltl	gf-unreal42.tlsf	17	UNREALIZABLE	0.04159541701665148	1	false		none	13	30	26	50384cf69a733199fa17c9c571da1761d8451991	f80ff3f62daaa6e22a6753a3f30a127baab424d0320949bc9957a6ff62ea5ebe	otf_sparse_formula	2026-09-20T13:13:06.946183Z		0.090000	19890176		8G	0			true		acacia-syntcomp26-coverage-273549-e76559dc9312.scope
S-cap17-epoch1	heim-double-x5.ltl	heim-double-x5.tlsf	17	UNREALIZABLE	0.2987646280089393	1	false		none	13	30	27	50384cf69a733199fa17c9c571da1761d8451991	f80ff3f62daaa6e22a6753a3f30a127baab424d0320949bc9957a6ff62ea5ebe	otf_sparse_formula	2026-09-20T13:13:07.258261Z		1.110000	40996864		8G	0			true		acacia-syntcomp26-coverage-273549-4b684c4128fe.scope
S-cap17-epoch1	lilydemo06.ltl	lilydemo06.tlsf	17	REALIZABLE	0.017021656007273123	0	false		status	11	30	28	50384cf69a733199fa17c9c571da1761d8451991	f80ff3f62daaa6e22a6753a3f30a127baab424d0320949bc9957a6ff62ea5ebe	otf_sparse_formula	2026-09-20T13:13:07.288708Z		0.010000	18186240	44244992	8G	0			true		acacia-syntcomp26-coverage-273549-64d3d802a56d.scope
S-cap17-epoch1	lilydemo22.ltl	lilydemo22.tlsf	17	REALIZABLE	0.016211935988394544	0	false		status	11	30	29	50384cf69a733199fa17c9c571da1761d8451991	f80ff3f62daaa6e22a6753a3f30a127baab424d0320949bc9957a6ff62ea5ebe	otf_sparse_formula	2026-09-20T13:13:07.317703Z		0.010000	18833408	45015040	8G	0			true		acacia-syntcomp26-coverage-273549-e597d6d9c1fb.scope
S-cap17-epoch1	load_balancer_unreal1_pb_3_4_pe_.ltl	load_balancer_unreal1_pb_3_4_pe_.tlsf	17	UNREALIZABLE	0.025414717994863167	1	false		status	13	30	30	50384cf69a733199fa17c9c571da1761d8451991	f80ff3f62daaa6e22a6753a3f30a127baab424d0320949bc9957a6ff62ea5ebe	otf_sparse_formula	2026-09-20T13:13:07.356728Z		0.030000	20168704		8G	0			true		acacia-syntcomp26-coverage-273549-9a4cb37f2b7f.scope
S-cap17-epoch1	load_balancer_unreal1_pb_5_3_pe_.ltl	load_balancer_unreal1_pb_5_3_pe_.tlsf	17	UNREALIZABLE	0.10202215699246153	1	false		status	13	30	31	50384cf69a733199fa17c9c571da1761d8451991	f80ff3f62daaa6e22a6753a3f30a127baab424d0320949bc9957a6ff62ea5ebe	otf_sparse_formula	2026-09-20T13:13:07.473280Z		0.320000	22269952		8G	0			true		acacia-syntcomp26-coverage-273549-9fae9a80b1ce.scope
S-cap17-epoch1	ltl2dba10.ltl	ltl2dba10.tlsf	17	REALIZABLE	0.01849874999606982	0	false		status	11	30	32	50384cf69a733199fa17c9c571da1761d8451991	f80ff3f62daaa6e22a6753a3f30a127baab424d0320949bc9957a6ff62ea5ebe	otf_sparse_formula	2026-09-20T13:13:07.516812Z		0.010000	15339520		8G	0			true		acacia-syntcomp26-coverage-273549-ac7af57b7564.scope
S-cap17-epoch1	ltl2dba19.ltl	ltl2dba19.tlsf	17	REALIZABLE	0.033289507002336904	0	false		status	11	30	33	50384cf69a733199fa17c9c571da1761d8451991	f80ff3f62daaa6e22a6753a3f30a127baab424d0320949bc9957a6ff62ea5ebe	otf_sparse_formula	2026-09-20T13:13:07.588292Z		0.030000	15339520		8G	0			true		acacia-syntcomp26-coverage-273549-487989f5008c.scope
S-cap17-epoch1	ltl2dba_C2_unreal_pb_7_pe_.ltl	ltl2dba_C2_unreal_pb_7_pe_.tlsf	17	UNREALIZABLE	0.05564730800688267	1	false		status	13	30	34	50384cf69a733199fa17c9c571da1761d8451991	f80ff3f62daaa6e22a6753a3f30a127baab424d0320949bc9957a6ff62ea5ebe	otf_sparse_formula	2026-09-20T13:13:07.657350Z		0.100000	28696576		8G	0			true		acacia-syntcomp26-coverage-273549-fe8bd12c3b2f.scope
S-cap17-epoch1	ltl2dba_R_pb_3_pe_.ltl	ltl2dba_R_pb_3_pe_.tlsf	17	UNREALIZABLE	0.03358757199021056	1	false		status	13	30	35	50384cf69a733199fa17c9c571da1761d8451991	f80ff3f62daaa6e22a6753a3f30a127baab424d0320949bc9957a6ff62ea5ebe	otf_sparse_formula	2026-09-20T13:13:07.715205Z		0.060000	19644416		8G	0			true		acacia-syntcomp26-coverage-273549-bdf4e724de50.scope
S-cap17-epoch1	ltl2dpa18.ltl	ltl2dpa18.tlsf	17	REALIZABLE	0.03608666901709512	0	false		status	11	30	36	50384cf69a733199fa17c9c571da1761d8451991	f80ff3f62daaa6e22a6753a3f30a127baab424d0320949bc9957a6ff62ea5ebe	otf_sparse_formula	2026-09-20T13:13:07.777029Z		0.050000	18780160		8G	0			true		acacia-syntcomp26-coverage-273549-ea4d416a1912.scope
S-cap17-epoch1	mux_pb_132_pe_.ltl	mux_pb_132_pe_.tlsf	17	REALIZABLE	0.046811976993922144	0	false		status	11	30	37	50384cf69a733199fa17c9c571da1761d8451991	f80ff3f62daaa6e22a6753a3f30a127baab424d0320949bc9957a6ff62ea5ebe	otf_sparse_formula	2026-09-20T13:13:07.848457Z		0.070000	18087936		8G	0			true		acacia-syntcomp26-coverage-273549-a4d0e9123830.scope
S-cap17-epoch1	patrolling2.ltl	patrolling2.tlsf	17	UNREALIZABLE	0.05447335902135819	1	false		none	13	30	38	50384cf69a733199fa17c9c571da1761d8451991	f80ff3f62daaa6e22a6753a3f30a127baab424d0320949bc9957a6ff62ea5ebe	otf_sparse_formula	2026-09-20T13:13:07.917129Z		0.110000	21372928		8G	0			true		acacia-syntcomp26-coverage-273549-8abb00fa4e5a.scope
S-cap17-epoch1	patrolling8.ltl	patrolling8.tlsf	17	UNREALIZABLE	0.10224465100327507	1	false		none	13	30	39	50384cf69a733199fa17c9c571da1761d8451991	f80ff3f62daaa6e22a6753a3f30a127baab424d0320949bc9957a6ff62ea5ebe	otf_sparse_formula	2026-09-20T13:13:08.032619Z		0.320000	27201536		8G	0			true		acacia-syntcomp26-coverage-273549-ae5713a5986c.scope
S-cap17-epoch1	prioritized_arbiter_unreal1_pb_2_14_pe_.ltl	prioritized_arbiter_unreal1_pb_2_14_pe_.tlsf	17	UNREALIZABLE	0.016784965991973877	1	false		status	13	30	40	50384cf69a733199fa17c9c571da1761d8451991	f80ff3f62daaa6e22a6753a3f30a127baab424d0320949bc9957a6ff62ea5ebe	otf_sparse_formula	2026-09-20T13:13:08.062484Z		0.010000	18489344	44204032	8G	0			true		acacia-syntcomp26-coverage-273549-ebbddbff539e.scope
S-cap17-epoch1	prioritized_arbiter_unreal1_pb_4_5_pe_.ltl	prioritized_arbiter_unreal1_pb_4_5_pe_.tlsf	17	UNREALIZABLE	0.01791111400234513	1	false		status	13	30	41	50384cf69a733199fa17c9c571da1761d8451991	f80ff3f62daaa6e22a6753a3f30a127baab424d0320949bc9957a6ff62ea5ebe	otf_sparse_formula	2026-09-20T13:13:08.093270Z		0.020000	18731008	44920832	8G	0			true		acacia-syntcomp26-coverage-273549-b6fa16d8f9db.scope
S-cap17-epoch1	prioritized_arbiter_unreal1_pb_4_7_pe_.ltl	prioritized_arbiter_unreal1_pb_4_7_pe_.tlsf	17	UNREALIZABLE	0.02329032399575226	1	false		status	13	30	42	50384cf69a733199fa17c9c571da1761d8451991	f80ff3f62daaa6e22a6753a3f30a127baab424d0320949bc9957a6ff62ea5ebe	otf_sparse_formula	2026-09-20T13:13:08.129756Z		0.010000	18706432		8G	0			true		acacia-syntcomp26-coverage-273549-fa3da5d8f4f9.scope
S-cap17-epoch1	prioritized_arbiter_unreal1_pb_6_4_pe_.ltl	prioritized_arbiter_unreal1_pb_6_4_pe_.tlsf	17	UNREALIZABLE	0.02203598798951134	1	false		status	13	30	43	50384cf69a733199fa17c9c571da1761d8451991	f80ff3f62daaa6e22a6753a3f30a127baab424d0320949bc9957a6ff62ea5ebe	otf_sparse_formula	2026-09-20T13:13:08.164740Z		0.010000	19079168	46125056	8G	0			true		acacia-syntcomp26-coverage-273549-6a5e36dd5624.scope
S-cap17-epoch1	robot-to-target-charging0.ltl	robot-to-target-charging0.tlsf	17	UNREALIZABLE	0.8738798270060215	1	false		none	13	30	44	50384cf69a733199fa17c9c571da1761d8451991	f80ff3f62daaa6e22a6753a3f30a127baab424d0320949bc9957a6ff62ea5ebe	otf_sparse_formula	2026-09-20T13:13:09.051714Z		3.410000	46305280		8G	0			true		acacia-syntcomp26-coverage-273549-772b097ae1ad.scope
S-cap17-epoch1	robot-to-target-charging7.ltl	robot-to-target-charging7.tlsf	17	TIMEOUT	17.052842322009383	124	true	timeout	none	0	8	45	50384cf69a733199fa17c9c571da1761d8451991	f80ff3f62daaa6e22a6753a3f30a127baab424d0320949bc9957a6ff62ea5ebe	otf_sparse_formula	2026-09-20T13:13:26.127384Z					8G	0			true		acacia-syntcomp26-coverage-273549-97055421b4ae.scope
S-cap17-epoch1	round_robin_arbiter_unreal1_pb_3_15_pe_.ltl	round_robin_arbiter_unreal1_pb_3_15_pe_.tlsf	17	TIMEOUT	17.188523182005156	124	true	timeout	status	0	8	46	50384cf69a733199fa17c9c571da1761d8451991	f80ff3f62daaa6e22a6753a3f30a127baab424d0320949bc9957a6ff62ea5ebe	otf_sparse_formula	2026-09-20T13:13:43.344066Z					8G	0			true		acacia-syntcomp26-coverage-273549-aa7858066f2c.scope
S-cap17-epoch1	round_robin_arbiter_unreal2_pb_4_pe_.ltl	round_robin_arbiter_unreal2_pb_4_pe_.tlsf	17	UNREALIZABLE	0.48679127800278366	1	false		status	13	30	47	50384cf69a733199fa17c9c571da1761d8451991	f80ff3f62daaa6e22a6753a3f30a127baab424d0320949bc9957a6ff62ea5ebe	otf_sparse_formula	2026-09-20T13:13:43.844475Z		1.850000	45576192		8G	0			true		acacia-syntcomp26-coverage-273549-f2d9264c322d.scope
S-cap17-epoch1	simple_arbiter_unreal1_pb_2_3_pe_.ltl	simple_arbiter_unreal1_pb_2_3_pe_.tlsf	17	UNREALIZABLE	0.01868046697927639	1	false		status	13	30	48	50384cf69a733199fa17c9c571da1761d8451991	f80ff3f62daaa6e22a6753a3f30a127baab424d0320949bc9957a6ff62ea5ebe	otf_sparse_formula	2026-09-20T13:13:43.887557Z		0.010000	15335424		8G	0			true		acacia-syntcomp26-coverage-273549-2feee440e04b.scope
S-cap17-epoch1	simple_arbiter_unreal1_pb_6_1_pe_.ltl	simple_arbiter_unreal1_pb_6_1_pe_.tlsf	17	UNREALIZABLE	0.036216117994626984	1	false		status	13	30	49	50384cf69a733199fa17c9c571da1761d8451991	f80ff3f62daaa6e22a6753a3f30a127baab424d0320949bc9957a6ff62ea5ebe	otf_sparse_formula	2026-09-20T13:13:43.958302Z		0.030000	15388672		8G	0			true		acacia-syntcomp26-coverage-273549-1712f072c8f1.scope
S-cap17-epoch1	simple_arbiter_unreal2_pb_50_pe_.ltl	simple_arbiter_unreal2_pb_50_pe_.tlsf	17	UNREALIZABLE	0.057605089008575305	1	false		status	13	30	50	50384cf69a733199fa17c9c571da1761d8451991	f80ff3f62daaa6e22a6753a3f30a127baab424d0320949bc9957a6ff62ea5ebe	otf_sparse_formula	2026-09-20T13:13:44.041154Z		0.070000	17014784		8G	0			true		acacia-syntcomp26-coverage-273549-8843951d7f54.scope
S-cap17-epoch1	CheckShades_3461125b.ltl	CheckShades_3461125b.tlsf	17	UNREALIZABLE	0.01964165599201806	1	false		status	13	30	0	50384cf69a733199fa17c9c571da1761d8451991	f80ff3f62daaa6e22a6753a3f30a127baab424d0320949bc9957a6ff62ea5ebe	otf_sparse_formula	2026-09-20T13:13:44.213313Z		0.020000	18477056		8G	0			true		acacia-syntcomp26-coverage-274086-ffdb657bf03d.scope
S-cap17-epoch1	CheckWarnlight_54e1f7d2.ltl	CheckWarnlight_54e1f7d2.tlsf	17	UNREALIZABLE	0.0210962489945814	1	false		status	13	30	1	50384cf69a733199fa17c9c571da1761d8451991	f80ff3f62daaa6e22a6753a3f30a127baab424d0320949bc9957a6ff62ea5ebe	otf_sparse_formula	2026-09-20T13:13:44.271337Z		0.010000	18153472	43438080	8G	0			true		acacia-syntcomp26-coverage-274086-776391e430e4.scope
S-cap17-epoch1	Demo1_63831f8c.ltl	Demo1_63831f8c.tlsf	17	TIMEOUT	17.085932575981133	124	true	timeout	none	0	8	2	50384cf69a733199fa17c9c571da1761d8451991	f80ff3f62daaa6e22a6753a3f30a127baab424d0320949bc9957a6ff62ea5ebe	otf_sparse_formula	2026-09-20T13:14:01.379429Z					8G	0			true		acacia-syntcomp26-coverage-274086-ef04c10833b2.scope
S-cap17-epoch1	KitchenTimerV8.ltl	KitchenTimerV8.tlsf	17	REALIZABLE	0.08415547301410697	0	false		status	11	30	3	50384cf69a733199fa17c9c571da1761d8451991	f80ff3f62daaa6e22a6753a3f30a127baab424d0320949bc9957a6ff62ea5ebe	otf_sparse_formula	2026-09-20T13:14:01.477643Z		0.250000	24637440		8G	0			true		acacia-syntcomp26-coverage-274086-14be947aa008.scope
S-cap17-epoch1	Light_aeb1d897.ltl	Light_aeb1d897.tlsf	17	UNREALIZABLE	0.03510806997655891	1	false		status	13	30	4	50384cf69a733199fa17c9c571da1761d8451991	f80ff3f62daaa6e22a6753a3f30a127baab424d0320949bc9957a6ff62ea5ebe	otf_sparse_formula	2026-09-20T13:14:01.525572Z		0.050000	19488768		8G	0			true		acacia-syntcomp26-coverage-274086-06e4013d1dde.scope
S-cap17-epoch1	LightsTotal_9cbf2546.ltl	LightsTotal_9cbf2546.tlsf	17	REALIZABLE	0.41981952500646	0	false		status	11	30	5	50384cf69a733199fa17c9c571da1761d8451991	f80ff3f62daaa6e22a6753a3f30a127baab424d0320949bc9957a6ff62ea5ebe	otf_sparse_formula	2026-09-20T13:14:01.959748Z		1.590000	45342720		8G	0			true		acacia-syntcomp26-coverage-274086-05043e8472c4.scope
S-cap17-epoch1	MusicAppFeedback.ltl	MusicAppFeedback.tlsf	17	REALIZABLE	0.024928566010203212	0	false		status	11	30	6	50384cf69a733199fa17c9c571da1761d8451991	f80ff3f62daaa6e22a6753a3f30a127baab424d0320949bc9957a6ff62ea5ebe	otf_sparse_formula	2026-09-20T13:14:02.007400Z		0.030000	19652608		8G	0			true		acacia-syntcomp26-coverage-274086-7eaa43342930.scope
S-cap17-epoch1	TwoCountersRefinedRefined.ltl	TwoCountersRefinedRefined.tlsf	17	REALIZABLE	0.03555681699072011	0	false		status	11	30	7	50384cf69a733199fa17c9c571da1761d8451991	f80ff3f62daaa6e22a6753a3f30a127baab424d0320949bc9957a6ff62ea5ebe	otf_sparse_formula	2026-09-20T13:14:02.056353Z		0.050000	21307392		8G	0			true		acacia-syntcomp26-coverage-274086-649e218974ba.scope
S-cap17-epoch1	amba_case_study_unreal_pb_4_pe_.ltl	amba_case_study_unreal_pb_4_pe_.tlsf	17	TIMEOUT	17.053136165981414	124	true	timeout	none	0	8	8	50384cf69a733199fa17c9c571da1761d8451991	f80ff3f62daaa6e22a6753a3f30a127baab424d0320949bc9957a6ff62ea5ebe	otf_sparse_formula	2026-09-20T13:14:19.121311Z					8G	0			true		acacia-syntcomp26-coverage-274086-2ddfc6feb15f.scope
S-cap17-epoch1	arbiter_on_inpchange_pb_4_pe_.ltl	arbiter_on_inpchange_pb_4_pe_.tlsf	17	REALIZABLE	1.2606487990124151	0	false		none	11	31	9	50384cf69a733199fa17c9c571da1761d8451991	f80ff3f62daaa6e22a6753a3f30a127baab424d0320949bc9957a6ff62ea5ebe	otf_sparse_formula	2026-09-20T13:14:20.396033Z		4.920000	141668352		8G	0			true		acacia-syntcomp26-coverage-274086-6f4a63715dcb.scope
S-cap17-epoch1	arbiter_pb_2_pe_.ltl	arbiter_pb_2_pe_.tlsf	17	REALIZABLE	0.02748229299322702	0	false		none	11	30	10	50384cf69a733199fa17c9c571da1761d8451991	f80ff3f62daaa6e22a6753a3f30a127baab424d0320949bc9957a6ff62ea5ebe	otf_sparse_formula	2026-09-20T13:14:20.449061Z		0.030000	18096128		8G	0			true		acacia-syntcomp26-coverage-274086-7b4ec3a411ef.scope
S-cap17-epoch1	collector_v3_pb_10_pe_.ltl	collector_v3_pb_10_pe_.tlsf	17	TIMEOUT	17.052848102001008	124	true	timeout	none	0	8	11	50384cf69a733199fa17c9c571da1761d8451991	f80ff3f62daaa6e22a6753a3f30a127baab424d0320949bc9957a6ff62ea5ebe	otf_sparse_formula	2026-09-20T13:14:37.513927Z					8G	0			true		acacia-syntcomp26-coverage-274086-3deb61b86f3a.scope
S-cap17-epoch1	collector_v3_pb_13_pe_.ltl	collector_v3_pb_13_pe_.tlsf	17	TIMEOUT	17.05324905697489	124	true	timeout	none	0	8	12	50384cf69a733199fa17c9c571da1761d8451991	f80ff3f62daaa6e22a6753a3f30a127baab424d0320949bc9957a6ff62ea5ebe	otf_sparse_formula	2026-09-20T13:14:54.579911Z					8G	0			true		acacia-syntcomp26-coverage-274086-9d2ccca0d6dd.scope
S-cap17-epoch1	elevator-paper-real.ltl	elevator-paper-real.tlsf	17	REALIZABLE	0.07584196800598875	0	false		none	11	30	13	50384cf69a733199fa17c9c571da1761d8451991	f80ff3f62daaa6e22a6753a3f30a127baab424d0320949bc9957a6ff62ea5ebe	otf_sparse_formula	2026-09-20T13:14:54.675305Z		0.200000	24109056		8G	0			true		acacia-syntcomp26-coverage-274086-a8b43c5345f4.scope
S-cap17-epoch1	example10_pb_2_pe_.ltl	example10_pb_2_pe_.tlsf	17	REALIZABLE	0.024123106995830312	0	false		none	11	30	14	50384cf69a733199fa17c9c571da1761d8451991	f80ff3f62daaa6e22a6753a3f30a127baab424d0320949bc9957a6ff62ea5ebe	otf_sparse_formula	2026-09-20T13:14:54.721294Z		0.020000	17539072		8G	0			true		acacia-syntcomp26-coverage-274086-665f072d9d79.scope
S-cap17-epoch1	example7a_pb_2_pe_.ltl	example7a_pb_2_pe_.tlsf	17	REALIZABLE	0.03295210999203846	0	false		none	11	30	15	50384cf69a733199fa17c9c571da1761d8451991	f80ff3f62daaa6e22a6753a3f30a127baab424d0320949bc9957a6ff62ea5ebe	otf_sparse_formula	2026-09-20T13:14:54.790822Z		0.030000	18083840		8G	0			true		acacia-syntcomp26-coverage-274086-a2b2cb1dfc2f.scope
S-cap17-epoch1	finding_nemo_pb_4_pe_.ltl	finding_nemo_pb_4_pe_.tlsf	17	TIMEOUT	17.053391057997942	124	true	timeout	none	0	8	16	50384cf69a733199fa17c9c571da1761d8451991	f80ff3f62daaa6e22a6753a3f30a127baab424d0320949bc9957a6ff62ea5ebe	otf_sparse_formula	2026-09-20T13:15:11.859198Z					8G	0			true		acacia-syntcomp26-coverage-274086-3ebc6bdd9661.scope
S-cap17-epoch1	finding_nemo_pb_7_pe_.ltl	finding_nemo_pb_7_pe_.tlsf	17	TIMEOUT	17.091436493006768	124	true	timeout	none	0	8	17	50384cf69a733199fa17c9c571da1761d8451991	f80ff3f62daaa6e22a6753a3f30a127baab424d0320949bc9957a6ff62ea5ebe	otf_sparse_formula	2026-09-20T13:15:28.993482Z					8G	0			true		acacia-syntcomp26-coverage-274086-3775a7af8de0.scope
S-cap17-epoch1	full_arbiter_enc_pb_12_pe_.ltl	full_arbiter_enc_pb_12_pe_.tlsf	17	TIMEOUT	17.094208299997263	124	true	timeout	none	0	8	18	50384cf69a733199fa17c9c571da1761d8451991	f80ff3f62daaa6e22a6753a3f30a127baab424d0320949bc9957a6ff62ea5ebe	otf_sparse_formula	2026-09-20T13:15:46.129673Z					8G	0			true		acacia-syntcomp26-coverage-274086-6296e383659d.scope
S-cap17-epoch1	g-unreal-10.ltl	g-unreal-10.tlsf	17	UNREALIZABLE	0.03216665601939894	1	false		none	13	30	19	50384cf69a733199fa17c9c571da1761d8451991	f80ff3f62daaa6e22a6753a3f30a127baab424d0320949bc9957a6ff62ea5ebe	otf_sparse_formula	2026-09-20T13:15:46.186802Z		0.030000	19300352		8G	0			true		acacia-syntcomp26-coverage-274086-c7ae58c7cdb5.scope
S-cap17-epoch1	g-unreal-11.ltl	g-unreal-11.tlsf	17	UNREALIZABLE	0.037509185989620164	1	false		none	13	30	20	50384cf69a733199fa17c9c571da1761d8451991	f80ff3f62daaa6e22a6753a3f30a127baab424d0320949bc9957a6ff62ea5ebe	otf_sparse_formula	2026-09-20T13:15:46.246979Z		0.040000	19881984		8G	0			true		acacia-syntcomp26-coverage-274086-2226098d36bf.scope
S-cap17-epoch1	g-unreal-21.ltl	g-unreal-21.tlsf	17	TIMEOUT	17.094831005990272	124	true	timeout	none	0	8	21	50384cf69a733199fa17c9c571da1761d8451991	f80ff3f62daaa6e22a6753a3f30a127baab424d0320949bc9957a6ff62ea5ebe	otf_sparse_formula	2026-09-20T13:16:03.367915Z					8G	0			true		acacia-syntcomp26-coverage-274086-ae83cda3f19f.scope
S-cap17-epoch1	g-unreal-312.ltl	g-unreal-312.tlsf	17	TIMEOUT	17.05358377099037	124	true	timeout	none	0	8	22	50384cf69a733199fa17c9c571da1761d8451991	f80ff3f62daaa6e22a6753a3f30a127baab424d0320949bc9957a6ff62ea5ebe	otf_sparse_formula	2026-09-20T13:16:20.434768Z					8G	0			true		acacia-syntcomp26-coverage-274086-dc27c4bc83d5.scope
S-cap17-epoch1	g-unreal-32.ltl	g-unreal-32.tlsf	17	UNREALIZABLE	0.19316266200621612	1	false		none	13	30	23	50384cf69a733199fa17c9c571da1761d8451991	f80ff3f62daaa6e22a6753a3f30a127baab424d0320949bc9957a6ff62ea5ebe	otf_sparse_formula	2026-09-20T13:16:20.642128Z		0.660000	46891008		8G	0			true		acacia-syntcomp26-coverage-274086-113d642ba12e.scope
S-cap17-epoch1	gf-unreal11.ltl	gf-unreal11.tlsf	17	UNREALIZABLE	0.018700924003496766	1	false		none	13	30	24	50384cf69a733199fa17c9c571da1761d8451991	f80ff3f62daaa6e22a6753a3f30a127baab424d0320949bc9957a6ff62ea5ebe	otf_sparse_formula	2026-09-20T13:16:20.675100Z		0.010000	18112512		8G	0			true		acacia-syntcomp26-coverage-274086-8f2f0f886986.scope
S-cap17-epoch1	gf-unreal18.ltl	gf-unreal18.tlsf	17	UNREALIZABLE	0.027654280012939125	1	false		none	13	30	25	50384cf69a733199fa17c9c571da1761d8451991	f80ff3f62daaa6e22a6753a3f30a127baab424d0320949bc9957a6ff62ea5ebe	otf_sparse_formula	2026-09-20T13:16:20.722769Z		0.030000	18604032		8G	0			true		acacia-syntcomp26-coverage-274086-2a47f8d72362.scope
S-cap17-epoch1	infinite-race-u0.ltl	infinite-race-u0.tlsf	17	UNREALIZABLE	0.03836130601121113	1	false		none	13	30	26	50384cf69a733199fa17c9c571da1761d8451991	f80ff3f62daaa6e22a6753a3f30a127baab424d0320949bc9957a6ff62ea5ebe	otf_sparse_formula	2026-09-20T13:16:20.774882Z		0.070000	19136512		8G	0			true		acacia-syntcomp26-coverage-274086-e9dab2c8bf66.scope
S-cap17-epoch1	lift_gr1+_pb_3_pe_.ltl	lift_gr1+_pb_3_pe_.tlsf	17	REALIZABLE	1.2307753690110985	0	false		none	11	31	27	50384cf69a733199fa17c9c571da1761d8451991	f80ff3f62daaa6e22a6753a3f30a127baab424d0320949bc9957a6ff62ea5ebe	otf_sparse_formula	2026-09-20T13:16:22.020130Z		4.780000	112545792		8G	0			true		acacia-syntcomp26-coverage-274086-72dff17255a1.scope
S-cap17-epoch1	lilydemo13.ltl	lilydemo13.tlsf	17	REALIZABLE	0.017012914002407342	0	false		status	11	30	28	50384cf69a733199fa17c9c571da1761d8451991	f80ff3f62daaa6e22a6753a3f30a127baab424d0320949bc9957a6ff62ea5ebe	otf_sparse_formula	2026-09-20T13:16:22.060093Z		0.010000	17530880		8G	0			true		acacia-syntcomp26-coverage-274086-0d3c68caccf1.scope
S-cap17-epoch1	load_balancer_pb_8_pe_.ltl	load_balancer_pb_8_pe_.tlsf	17	TIMEOUT	17.085426095000003	124	true	timeout	status	0	8	29	50384cf69a733199fa17c9c571da1761d8451991	f80ff3f62daaa6e22a6753a3f30a127baab424d0320949bc9957a6ff62ea5ebe	otf_sparse_formula	2026-09-20T13:16:39.157071Z					8G	0			true		acacia-syntcomp26-coverage-274086-c87a7111c4f0.scope
S-cap17-epoch1	load_balancer_unreal1_pb_4_6_pe_.ltl	load_balancer_unreal1_pb_4_6_pe_.tlsf	17	UNREALIZABLE	1.0626821329933591	1	false		status	13	31	30	50384cf69a733199fa17c9c571da1761d8451991	f80ff3f62daaa6e22a6753a3f30a127baab424d0320949bc9957a6ff62ea5ebe	otf_sparse_formula	2026-09-20T13:16:40.233781Z		3.270000	132878336		8G	0			true		acacia-syntcomp26-coverage-274086-b92e24e655e2.scope
S-cap17-epoch1	load_balancer_unreal1_pb_6_2_pe_.ltl	load_balancer_unreal1_pb_6_2_pe_.tlsf	17	UNREALIZABLE	0.2174904519924894	1	false		status	13	30	31	50384cf69a733199fa17c9c571da1761d8451991	f80ff3f62daaa6e22a6753a3f30a127baab424d0320949bc9957a6ff62ea5ebe	otf_sparse_formula	2026-09-20T13:16:40.465887Z		0.790000	43569152		8G	0			true		acacia-syntcomp26-coverage-274086-9faeac86c379.scope
S-cap17-epoch1	ltl2dba_C2_unreal_pb_4_pe_.ltl	ltl2dba_C2_unreal_pb_4_pe_.tlsf	17	UNREALIZABLE	0.019160530006047338	1	false		status	13	30	32	50384cf69a733199fa17c9c571da1761d8451991	f80ff3f62daaa6e22a6753a3f30a127baab424d0320949bc9957a6ff62ea5ebe	otf_sparse_formula	2026-09-20T13:16:40.498886Z		0.020000	19783680		8G	0			true		acacia-syntcomp26-coverage-274086-9bc570c2cc12.scope
S-cap17-epoch1	ltl2dba_E_pb_9_pe_.ltl	ltl2dba_E_pb_9_pe_.tlsf	17	REALIZABLE	0.018092610989697278	0	false		status	11	30	33	50384cf69a733199fa17c9c571da1761d8451991	f80ff3f62daaa6e22a6753a3f30a127baab424d0320949bc9957a6ff62ea5ebe	otf_sparse_formula	2026-09-20T13:16:40.529734Z		0.010000	15306752	42921984	8G	0			true		acacia-syntcomp26-coverage-274086-f4be7e8bb7ab.scope
S-cap17-epoch1	ltl2dba_U1_pb_18_pe_.ltl	ltl2dba_U1_pb_18_pe_.tlsf	17	REALIZABLE	0.022599018004257232	0	false		none	11	30	34	50384cf69a733199fa17c9c571da1761d8451991	f80ff3f62daaa6e22a6753a3f30a127baab424d0320949bc9957a6ff62ea5ebe	otf_sparse_formula	2026-09-20T13:16:40.565517Z		0.010000	15298560	42893312	8G	0			true		acacia-syntcomp26-coverage-274086-5b30dc99d369.scope
S-cap17-epoch1	ltl2dba_U1_pb_4_pe_.ltl	ltl2dba_U1_pb_4_pe_.tlsf	17	REALIZABLE	0.016043442010413855	0	false		status	11	30	35	50384cf69a733199fa17c9c571da1761d8451991	f80ff3f62daaa6e22a6753a3f30a127baab424d0320949bc9957a6ff62ea5ebe	otf_sparse_formula	2026-09-20T13:16:40.594893Z		0.010000	15339520	41730048	8G	0			true		acacia-syntcomp26-coverage-274086-348e28f8a8e7.scope
S-cap17-epoch1	ltl2dba_alpha_pb_14_pe_.ltl	ltl2dba_alpha_pb_14_pe_.tlsf	17	REALIZABLE	0.021902015985688195	0	false		status	11	30	36	50384cf69a733199fa17c9c571da1761d8451991	f80ff3f62daaa6e22a6753a3f30a127baab424d0320949bc9957a6ff62ea5ebe	otf_sparse_formula	2026-09-20T13:16:40.629357Z		0.010000	15507456	42078208	8G	0			true		acacia-syntcomp26-coverage-274086-8f39726ef39f.scope
S-cap17-epoch1	ltl2dba_alpha_pb_20_pe_.ltl	ltl2dba_alpha_pb_20_pe_.tlsf	17	REALIZABLE	0.02192890999140218	0	false		none	11	30	37	50384cf69a733199fa17c9c571da1761d8451991	f80ff3f62daaa6e22a6753a3f30a127baab424d0320949bc9957a6ff62ea5ebe	otf_sparse_formula	2026-09-20T13:16:40.663379Z		0.010000	15511552	42565632	8G	0			true		acacia-syntcomp26-coverage-274086-9bcf24907d24.scope
S-cap17-epoch1	ltl2dba_beta_pb_100_pe_.ltl	ltl2dba_beta_pb_100_pe_.tlsf	17	REALIZABLE	0.015556550002656877	0	false		none	11	30	38	50384cf69a733199fa17c9c571da1761d8451991	f80ff3f62daaa6e22a6753a3f30a127baab424d0320949bc9957a6ff62ea5ebe	otf_sparse_formula	2026-09-20T13:16:40.693197Z		0.010000	15495168	43261952	8G	0			true		acacia-syntcomp26-coverage-274086-2bf8c7c3a7c5.scope
S-cap17-epoch1	ltl2dba_beta_pb_6_pe_.ltl	ltl2dba_beta_pb_6_pe_.tlsf	17	REALIZABLE	0.01763539097737521	0	false		status	11	30	39	50384cf69a733199fa17c9c571da1761d8451991	f80ff3f62daaa6e22a6753a3f30a127baab424d0320949bc9957a6ff62ea5ebe	otf_sparse_formula	2026-09-20T13:16:40.723323Z		0.010000	15323136	43159552	8G	0			true		acacia-syntcomp26-coverage-274086-6a932afd55f9.scope
S-cap17-epoch1	ltl2dpa03.ltl	ltl2dpa03.tlsf	17	REALIZABLE	0.03360912497737445	0	false		status	11	30	40	50384cf69a733199fa17c9c571da1761d8451991	f80ff3f62daaa6e22a6753a3f30a127baab424d0320949bc9957a6ff62ea5ebe	otf_sparse_formula	2026-09-20T13:16:40.770640Z		0.040000	20951040		8G	0			true		acacia-syntcomp26-coverage-274086-3529e503af40.scope
S-cap17-epoch1	ltl2dpa22.ltl	ltl2dpa22.tlsf	17	REALIZABLE	0.10076236299937591	0	false		status	11	30	41	50384cf69a733199fa17c9c571da1761d8451991	f80ff3f62daaa6e22a6753a3f30a127baab424d0320949bc9957a6ff62ea5ebe	otf_sparse_formula	2026-09-20T13:16:40.884861Z		0.310000	25026560		8G	0			true		acacia-syntcomp26-coverage-274086-8b6aafa58d48.scope
S-cap17-epoch1	patrolling-alarm0.ltl	patrolling-alarm0.tlsf	17	UNREALIZABLE	0.03733847601688467	1	false		none	13	30	42	50384cf69a733199fa17c9c571da1761d8451991	f80ff3f62daaa6e22a6753a3f30a127baab424d0320949bc9957a6ff62ea5ebe	otf_sparse_formula	2026-09-20T13:16:40.935543Z		0.070000	20799488		8G	0			true		acacia-syntcomp26-coverage-274086-ef52ab09c466.scope
S-cap17-epoch1	patrolling-alarm5.ltl	patrolling-alarm5.tlsf	17	UNREALIZABLE	0.06301612098468468	1	false		none	13	30	43	50384cf69a733199fa17c9c571da1761d8451991	f80ff3f62daaa6e22a6753a3f30a127baab424d0320949bc9957a6ff62ea5ebe	otf_sparse_formula	2026-09-20T13:16:41.012203Z		0.180000	22269952		8G	0			true		acacia-syntcomp26-coverage-274086-fa385978be1c.scope
S-cap17-epoch1	prioritized_arbiter_unreal1_pb_2_9_pe_.ltl	prioritized_arbiter_unreal1_pb_2_9_pe_.tlsf	17	UNREALIZABLE	0.03112321300432086	1	false		status	13	30	44	50384cf69a733199fa17c9c571da1761d8451991	f80ff3f62daaa6e22a6753a3f30a127baab424d0320949bc9957a6ff62ea5ebe	otf_sparse_formula	2026-09-20T13:16:41.067108Z		0.040000	18411520		8G	0			true		acacia-syntcomp26-coverage-274086-0460e09b2481.scope
S-cap17-epoch1	prioritized_arbiter_unreal1_pb_3_6_pe_.ltl	prioritized_arbiter_unreal1_pb_3_6_pe_.tlsf	17	UNREALIZABLE	0.044282032002229244	1	false		status	13	30	45	50384cf69a733199fa17c9c571da1761d8451991	f80ff3f62daaa6e22a6753a3f30a127baab424d0320949bc9957a6ff62ea5ebe	otf_sparse_formula	2026-09-20T13:16:41.149668Z		0.040000	18739200		8G	0			true		acacia-syntcomp26-coverage-274086-f83e04231113.scope
S-cap17-epoch1	prioritized_arbiter_unreal1_pb_4_2_pe_.ltl	prioritized_arbiter_unreal1_pb_4_2_pe_.tlsf	17	UNREALIZABLE	0.040542489994550124	1	false		status	13	30	46	50384cf69a733199fa17c9c571da1761d8451991	f80ff3f62daaa6e22a6753a3f30a127baab424d0320949bc9957a6ff62ea5ebe	otf_sparse_formula	2026-09-20T13:16:41.228937Z		0.050000	18554880		8G	0			true		acacia-syntcomp26-coverage-274086-079a196bc3bf.scope
S-cap17-epoch1	robot-grid-reach-2d-real.ltl	robot-grid-reach-2d-real.tlsf	17	REALIZABLE	2.8643100499757566	0	false		none	11	32	47	50384cf69a733199fa17c9c571da1761d8451991	f80ff3f62daaa6e22a6753a3f30a127baab424d0320949bc9957a6ff62ea5ebe	otf_sparse_formula	2026-09-20T13:16:44.106472Z		11.270000	164929536		8G	0			true		acacia-syntcomp26-coverage-274086-7a0a5a3d4f77.scope
S-cap17-epoch1	robot-resource-2d6.ltl	robot-resource-2d6.tlsf	17	UNREALIZABLE	0.46321044000796974	1	false		none	13	30	48	50384cf69a733199fa17c9c571da1761d8451991	f80ff3f62daaa6e22a6753a3f30a127baab424d0320949bc9957a6ff62ea5ebe	otf_sparse_formula	2026-09-20T13:16:44.585102Z		1.770000	29618176		8G	0			true		acacia-syntcomp26-coverage-274086-f49eb7570255.scope
S-cap17-epoch1	robot-to-target-charging5.ltl	robot-to-target-charging5.tlsf	17	UNREALIZABLE	7.0855650159937795	1	false		none	13	32	49	50384cf69a733199fa17c9c571da1761d8451991	f80ff3f62daaa6e22a6753a3f30a127baab424d0320949bc9957a6ff62ea5ebe	otf_sparse_formula	2026-09-20T13:16:51.684578Z		28.150000	143847424		8G	0			true		acacia-syntcomp26-coverage-274086-0f4380d69b5e.scope
S-cap17-epoch1	robot_repair2.ltl	robot_repair2.tlsf	17	TIMEOUT	17.078664130996913	124	true	timeout	none	0	8	50	50384cf69a733199fa17c9c571da1761d8451991	f80ff3f62daaa6e22a6753a3f30a127baab424d0320949bc9957a6ff62ea5ebe	otf_sparse_formula	2026-09-20T13:17:08.776855Z					8G	0			true		acacia-syntcomp26-coverage-274086-09de94fa2a57.scope
S-cap17-epoch1	round_robin_arbiter_unreal1_pb_3_10_pe_.ltl	round_robin_arbiter_unreal1_pb_3_10_pe_.tlsf	17	TIMEOUT	17.196326926990878	124	true	timeout	status	0	8	51	50384cf69a733199fa17c9c571da1761d8451991	f80ff3f62daaa6e22a6753a3f30a127baab424d0320949bc9957a6ff62ea5ebe	otf_sparse_formula	2026-09-20T13:17:26.014709Z					8G	0			true		acacia-syntcomp26-coverage-274086-bb04fb136edb.scope
S-cap17-epoch1	round_robin_arbiter_unreal1_pb_3_6_pe_.ltl	round_robin_arbiter_unreal1_pb_3_6_pe_.tlsf	17	UNREALIZABLE	1.0225266329944134	1	false		status	13	31	52	50384cf69a733199fa17c9c571da1761d8451991	f80ff3f62daaa6e22a6753a3f30a127baab424d0320949bc9957a6ff62ea5ebe	otf_sparse_formula	2026-09-20T13:17:27.051191Z		3.950000	175628288		8G	0			true		acacia-syntcomp26-coverage-274086-8d567293e3b0.scope
S-cap17-epoch1	round_robin_arbiter_unreal1_pb_4_1_pe_.ltl	round_robin_arbiter_unreal1_pb_4_1_pe_.tlsf	17	UNREALIZABLE	0.034686922997934744	1	false		status	13	30	53	50384cf69a733199fa17c9c571da1761d8451991	f80ff3f62daaa6e22a6753a3f30a127baab424d0320949bc9957a6ff62ea5ebe	otf_sparse_formula	2026-09-20T13:17:27.099706Z		0.060000	20754432		8G	0			true		acacia-syntcomp26-coverage-274086-1a91b08a6f80.scope
S-cap17-epoch1	rw_arbiter_pb_5_pe_.ltl	rw_arbiter_pb_5_pe_.tlsf	17	TIMEOUT	17.053438839997398	124	true	timeout	none	0	8	54	50384cf69a733199fa17c9c571da1761d8451991	f80ff3f62daaa6e22a6753a3f30a127baab424d0320949bc9957a6ff62ea5ebe	otf_sparse_formula	2026-09-20T13:17:44.165430Z					8G	0			true		acacia-syntcomp26-coverage-274086-aad855a38a5a.scope
S-cap17-epoch1	simple_arbiter_enc_pb_15_pe_.ltl	simple_arbiter_enc_pb_15_pe_.tlsf	17	TIMEOUT	17.05320843998925	124	true	timeout	none	0	8	55	50384cf69a733199fa17c9c571da1761d8451991	f80ff3f62daaa6e22a6753a3f30a127baab424d0320949bc9957a6ff62ea5ebe	otf_sparse_formula	2026-09-20T13:18:01.244214Z					8G	0			true		acacia-syntcomp26-coverage-274086-b8d13dfd2a1d.scope
S-cap17-epoch1	simple_arbiter_unreal1_pb_3_11_pe_.ltl	simple_arbiter_unreal1_pb_3_11_pe_.tlsf	17	UNREALIZABLE	0.03488206199835986	1	false		status	13	30	56	50384cf69a733199fa17c9c571da1761d8451991	f80ff3f62daaa6e22a6753a3f30a127baab424d0320949bc9957a6ff62ea5ebe	otf_sparse_formula	2026-09-20T13:18:01.302823Z		0.020000	15269888		8G	0			true		acacia-syntcomp26-coverage-274086-0a262925b40a.scope
S-cap17-epoch1	simple_arbiter_unreal1_pb_8_8_pe_.ltl	simple_arbiter_unreal1_pb_8_8_pe_.tlsf	17	UNREALIZABLE	0.034119418007321656	1	false		status	13	30	57	50384cf69a733199fa17c9c571da1761d8451991	f80ff3f62daaa6e22a6753a3f30a127baab424d0320949bc9957a6ff62ea5ebe	otf_sparse_formula	2026-09-20T13:18:01.363052Z		0.020000	15314944		8G	0			true		acacia-syntcomp26-coverage-274086-f6256976401e.scope
S-cap17-epoch1	simple_arbiter_unreal2_pb_60_pe_.ltl	simple_arbiter_unreal2_pb_60_pe_.tlsf	17	UNREALIZABLE	0.05523892701603472	1	false		none	13	30	58	50384cf69a733199fa17c9c571da1761d8451991	f80ff3f62daaa6e22a6753a3f30a127baab424d0320949bc9957a6ff62ea5ebe	otf_sparse_formula	2026-09-20T13:18:01.440652Z		0.070000	19476480		8G	0			true		acacia-syntcomp26-coverage-274086-3b34a9da4ae4.scope
S-cap17-epoch1	simple_arbiter_unreal2_pb_6_pe_.ltl	simple_arbiter_unreal2_pb_6_pe_.tlsf	17	UNREALIZABLE	0.03008047101320699	1	false		status	13	30	59	50384cf69a733199fa17c9c571da1761d8451991	f80ff3f62daaa6e22a6753a3f30a127baab424d0320949bc9957a6ff62ea5ebe	otf_sparse_formula	2026-09-20T13:18:01.498028Z		0.030000	15421440		8G	0			true		acacia-syntcomp26-coverage-274086-141c76643548.scope
S-cap17-epoch1	simple_arbiter_unreal2_pb_7_pe_.ltl	simple_arbiter_unreal2_pb_7_pe_.tlsf	17	UNREALIZABLE	0.03284025800530799	1	false		status	13	30	60	50384cf69a733199fa17c9c571da1761d8451991	f80ff3f62daaa6e22a6753a3f30a127baab424d0320949bc9957a6ff62ea5ebe	otf_sparse_formula	2026-09-20T13:18:01.567840Z		0.030000	15462400		8G	0			true		acacia-syntcomp26-coverage-274086-b974248c00c2.scope
S-cap17-epoch1	sort4-real.ltl	sort4-real.tlsf	17	TIMEOUT	17.09425721000298	124	true	timeout	none	0	8	61	50384cf69a733199fa17c9c571da1761d8451991	f80ff3f62daaa6e22a6753a3f30a127baab424d0320949bc9957a6ff62ea5ebe	otf_sparse_formula	2026-09-20T13:18:18.703661Z					8G	0			true		acacia-syntcomp26-coverage-274086-d3cd6ec1268d.scope
