{
  "stats": {  
"ab/amba_case_study2.ltl": { "status": true, "rtime": 1.2902908325195312 },
"ab/amba_decomposed_encode12.ltl": { "status": true, "rtime": 1.6064393520355225 },
"ab/amba_decomposed_encode13.ltl": { "status": true, "rtime": 3.654265880584717 },
"ab/amba_decomposed_encode14.ltl": { "status": true, "rtime": 7.760890007019043 },
"ab/amba_decomposed_lock9.ltl": { "status": true, "rtime": 2.86755633354187 },
"ab/collector_v19.ltl": { "status": true, "rtime": 2.8544812202453613 },
"ab/collector_v213.ltl": { "status": true, "rtime": 4.695380926132202 },
"ab/collector_v215.ltl": { "status": true, "rtime": 7.376722574234009 },
"ab/collector_v39.ltl": { "status": true, "rtime": 14.174754619598389 },
"ab/Core_4b5a2bad.ltl": { "status": true, "rtime": 1.2691431045532227 },
"ab/detector14.ltl": { "status": true, "rtime": 5.168354272842407 },
"ab/detector_unreal12.ltl": { "status": true, "rtime": 0.8184540271759033 },
"ab/detector_unreal13.ltl": { "status": true, "rtime": 1.9743268489837646 },
"ab/detector_unreal14.ltl": { "status": true, "rtime": 5.354863882064819 },
"ab/full_arbiter_unreal12_14.ltl": { "status": true, "rtime": 0.0630033016204834 },
"ab/full_arbiter_unreal12_15.ltl": { "status": true, "rtime": 0.06191110610961914 },
"ab/full_arbiter_unreal12_16.ltl": { "status": true, "rtime": 0.061594486236572266 },
"ab/full_arbiter_unreal13_6.ltl": { "status": true, "rtime": 0.06759333610534668 },
"ab/full_arbiter_unreal14_4.ltl": { "status": true, "rtime": 0.4466266632080078 },
"ab/full_arbiter_unreal24.ltl": { "status": true, "rtime": 0.08471441268920898 },
"ab/GamemodeChooser.ltl": { "status": true, "rtime": 8.259452819824219 },
"ab/KitchenTimerV10.ltl": { "status": true, "rtime": 2.872314691543579 },
"ab/KitchenTimerV8.ltl": { "status": true, "rtime": 2.145794153213501 },
"ab/Lights2_06e9cad4.ltl": { "status": true, "rtime": 1.560826301574707 },
"ab/Lights2_0f5381e9.ltl": { "status": true, "rtime": 0.816964864730835 },
"ab/Lights2_9cac58d3.ltl": { "status": true, "rtime": 0.431781530380249 },
"ab/Lights2_b02056d6.ltl": { "status": true, "rtime": 0.43463659286499023 },
"ab/Lights2_f3987563.ltl": { "status": true, "rtime": 0.4236598014831543 },
"ab/LightsTotal_9cbf2546.ltl": { "status": true, "rtime": 2.1479711532592773 },
"ab/load_balancer6.ltl": { "status": true, "rtime": 1.2610516548156738 },
"ab/load_balancer_unreal12_15.ltl": { "status": true, "rtime": 0.06566882133483887 },
"ab/load_balancer_unreal12_16.ltl": { "status": true, "rtime": 0.07134413719177246 },
"ab/load_balancer_unreal13_12.ltl": { "status": true, "rtime": 1.122408390045166 },
"ab/load_balancer_unreal14_6.ltl": { "status": true, "rtime": 2.094966173171997 },
"ab/load_balancer_unreal14_7.ltl": { "status": true, "rtime": 14.325937271118164 },
"ab/ltl2dba_beta3.ltl": { "status": true, "rtime": 0.0754251480102539 },
"ab/ltl2dba_beta4.ltl": { "status": true, "rtime": 0.12952351570129395 },
"ab/ltl2dba_C214.ltl": { "status": true, "rtime": 5.200527906417847 },
"ab/ltl2dba_E5.ltl": { "status": true, "rtime": 0.39050865173339844 },
"ab/ltl2dba_E6.ltl": { "status": true, "rtime": 0.11945319175720215 },
"ab/ltl2dba_Q5.ltl": { "status": true, "rtime": 0.08756232261657715 },
"ab/ltl2dba_R7.ltl": { "status": true, "rtime": 11.562055110931396 },
"ab/ltl2dba_theta10.ltl": { "status": true, "rtime": 0.853442907333374 },
"ab/ltl2dba_U17.ltl": { "status": false, "rtime": 17.020801544189453 },
"ab/ltl2dba_U18.ltl": { "status": false, "rtime": 17.019399404525757 },
"ab/mux16.ltl": { "status": true, "rtime": 1.6327288150787354 },
"ab/OneCounterGuiA1.ltl": { "status": true, "rtime": 0.5966143608093262 },
"ab/OneCounterGuiA2.ltl": { "status": true, "rtime": 0.7250900268554688 },
"ab/OneCounterGuiA3.ltl": { "status": true, "rtime": 1.0660731792449951 },
"ab/OneCounterGuiA4.ltl": { "status": true, "rtime": 1.1209838390350342 },
"ab/OneCounterGuiA5.ltl": { "status": true, "rtime": 1.1649413108825684 },
"ab/OneCounterGuiA6.ltl": { "status": true, "rtime": 1.898874282836914 },
"ab/OneCounterGuiA7.ltl": { "status": true, "rtime": 1.9512317180633545 },
"ab/OneCounterGuiA8.ltl": { "status": true, "rtime": 5.013171195983887 },
"ab/prioritized_arbiter6.ltl": { "status": true, "rtime": 0.16233015060424805 },
"ab/prioritized_arbiter_enc10.ltl": { "status": true, "rtime": 0.12350869178771973 },
"ab/prioritized_arbiter_unreal12_13.ltl": { "status": true, "rtime": 0.06303787231445312 },
"ab/prioritized_arbiter_unreal12_14.ltl": { "status": true, "rtime": 0.06267261505126953 },
"ab/prioritized_arbiter_unreal12_15.ltl": { "status": true, "rtime": 0.062272071838378906 },
"ab/prioritized_arbiter_unreal13_5.ltl": { "status": true, "rtime": 0.06437277793884277 },
"ab/prioritized_arbiter_unreal13_6.ltl": { "status": true, "rtime": 0.06560230255126953 },
"ab/prioritized_arbiter_unreal14_3.ltl": { "status": true, "rtime": 0.07368731498718262 },
"ab/prioritized_arbiter_unreal14_4.ltl": { "status": true, "rtime": 0.07546710968017578 },
"ab/prioritized_arbiter_unreal24.ltl": { "status": true, "rtime": 0.07489943504333496 },
"ab/robot_grid16_16.ltl": { "status": true, "rtime": 2.9647462368011475 },
"ab/round_robin_arbiter4.ltl": { "status": true, "rtime": 0.0774228572845459 },
"ab/round_robin_arbiter_unreal12_15.ltl": { "status": true, "rtime": 2.15395450592041 },
"ab/round_robin_arbiter_unreal12_16.ltl": { "status": true, "rtime": 4.59043288230896 },
"ab/round_robin_arbiter_unreal13_6.ltl": { "status": true, "rtime": 1.8637022972106934 },
"ab/round_robin_arbiter_unreal13_7.ltl": { "status": true, "rtime": 12.313796758651733 },
"ab/round_robin_arbiter_unreal14_4.ltl": { "status": true, "rtime": 0.5190863609313965 },
"ab/SensorInit.ltl": { "status": true, "rtime": 0.8498218059539795 },
"ab/SensorSubmodulChooser.ltl": { "status": true, "rtime": 13.367981433868408 },
"ab/simple_arbiter_enc10.ltl": { "status": true, "rtime": 0.0881795883178711 },
"ab/simple_arbiter_unreal13_6.ltl": { "status": true, "rtime": 0.06209921836853027 },
"ab/simple_arbiter_unreal13_7.ltl": { "status": true, "rtime": 0.062386512756347656 },
"ab/simple_arbiter_unreal14_4.ltl": { "status": true, "rtime": 0.06545329093933105 },
"ab/simple_arbiter_unreal15_3.ltl": { "status": true, "rtime": 0.07612347602844238 },
"ab/SingleContoller_d65ed84e.ltl": { "status": true, "rtime": 7.011178970336914 },
"ab/SPIWriteManag.ltl": { "status": true, "rtime": 7.36376690864563 },
"ab/test2_f2774e0b.ltl": { "status": true, "rtime": 5.66816520690918 },
"ab/test3_efe2feaf.ltl": { "status": true, "rtime": 2.0297279357910156 },
"ab/TwoCounters2.ltl": { "status": true, "rtime": 5.841106653213501 },
"ab/TwoCounters3.ltl": { "status": true, "rtime": 11.315516233444214 },
"ab/TwoCountersInRangeA0.ltl": { "status": true, "rtime": 5.036297559738159 },
"ab/TwoCountersInRangeA1.ltl": { "status": true, "rtime": 8.068979024887085 },
"ab/TwoCountersInRangeA2.ltl": { "status": true, "rtime": 8.462133646011353 },
"ab/TwoCountersInRangeA3.ltl": { "status": true, "rtime": 8.589912414550781 },
"ab/TwoCountersInRangeA4.ltl": { "status": true, "rtime": 8.590882062911987 },
"ab/TwoCountersInRangeM0.ltl": { "status": true, "rtime": 9.123609066009521 },
"ab/TwoCountersInRangeM1.ltl": { "status": true, "rtime": 9.26437759399414 },
"ab/TwoCountersInRangeM2.ltl": { "status": true, "rtime": 9.235998630523682 },
"ab/TwoCountersInRangeM4.ltl": { "status": true, "rtime": 9.119925737380981 },
"ab/TwoCountersInRange.ltl": { "status": true, "rtime": 5.045195579528809 },
   "result": { "status": false, "rtime": 0 }
 },
 "preamble": {
    "program": "ab-autpreproc_standard",
    "prog_alias": "ab-autpreproc_standard"
  }
}
