{
  "stats": {  
"ab/amba_case_study2.ltl": { "status": true, "rtime": 1.2748010158538818 },
"ab/amba_decomposed_encode12.ltl": { "status": true, "rtime": 1.5823092460632324 },
"ab/amba_decomposed_encode13.ltl": { "status": true, "rtime": 3.726729393005371 },
"ab/amba_decomposed_encode14.ltl": { "status": true, "rtime": 7.723301649093628 },
"ab/amba_decomposed_lock9.ltl": { "status": true, "rtime": 2.891831398010254 },
"ab/collector_v19.ltl": { "status": true, "rtime": 2.8542027473449707 },
"ab/collector_v213.ltl": { "status": true, "rtime": 4.722212314605713 },
"ab/collector_v215.ltl": { "status": true, "rtime": 7.42901611328125 },
"ab/collector_v39.ltl": { "status": true, "rtime": 13.990249156951904 },
"ab/Core_4b5a2bad.ltl": { "status": true, "rtime": 1.265207052230835 },
"ab/detector14.ltl": { "status": true, "rtime": 5.141387939453125 },
"ab/detector_unreal12.ltl": { "status": true, "rtime": 0.8093669414520264 },
"ab/detector_unreal13.ltl": { "status": true, "rtime": 1.983243465423584 },
"ab/detector_unreal14.ltl": { "status": true, "rtime": 5.346140384674072 },
"ab/full_arbiter_unreal12_14.ltl": { "status": true, "rtime": 0.061239004135131836 },
"ab/full_arbiter_unreal12_15.ltl": { "status": true, "rtime": 0.06193852424621582 },
"ab/full_arbiter_unreal12_16.ltl": { "status": true, "rtime": 0.06204390525817871 },
"ab/full_arbiter_unreal13_6.ltl": { "status": true, "rtime": 0.06622886657714844 },
"ab/full_arbiter_unreal14_4.ltl": { "status": true, "rtime": 0.4454827308654785 },
"ab/full_arbiter_unreal24.ltl": { "status": true, "rtime": 0.08426022529602051 },
"ab/GamemodeChooser.ltl": { "status": true, "rtime": 8.326034784317017 },
"ab/KitchenTimerV10.ltl": { "status": true, "rtime": 2.8364710807800293 },
"ab/KitchenTimerV8.ltl": { "status": true, "rtime": 2.154755115509033 },
"ab/Lights2_06e9cad4.ltl": { "status": true, "rtime": 1.5720701217651367 },
"ab/Lights2_0f5381e9.ltl": { "status": true, "rtime": 0.8117771148681641 },
"ab/Lights2_9cac58d3.ltl": { "status": true, "rtime": 0.4327375888824463 },
"ab/Lights2_b02056d6.ltl": { "status": true, "rtime": 0.43447136878967285 },
"ab/Lights2_f3987563.ltl": { "status": true, "rtime": 0.42081427574157715 },
"ab/LightsTotal_9cbf2546.ltl": { "status": true, "rtime": 2.1698760986328125 },
"ab/load_balancer6.ltl": { "status": true, "rtime": 1.2777066230773926 },
"ab/load_balancer_unreal12_15.ltl": { "status": true, "rtime": 0.06545281410217285 },
"ab/load_balancer_unreal12_16.ltl": { "status": true, "rtime": 0.07097983360290527 },
"ab/load_balancer_unreal13_12.ltl": { "status": true, "rtime": 1.1249194145202637 },
"ab/load_balancer_unreal14_6.ltl": { "status": true, "rtime": 2.0978283882141113 },
"ab/load_balancer_unreal14_7.ltl": { "status": true, "rtime": 14.421477317810059 },
"ab/ltl2dba_beta3.ltl": { "status": true, "rtime": 0.0750119686126709 },
"ab/ltl2dba_beta4.ltl": { "status": true, "rtime": 0.12909150123596191 },
"ab/ltl2dba_C214.ltl": { "status": true, "rtime": 5.241238832473755 },
"ab/ltl2dba_E5.ltl": { "status": true, "rtime": 0.39023613929748535 },
"ab/ltl2dba_E6.ltl": { "status": true, "rtime": 0.12039899826049805 },
"ab/ltl2dba_Q5.ltl": { "status": true, "rtime": 0.08818793296813965 },
"ab/ltl2dba_R7.ltl": { "status": true, "rtime": 11.640652418136597 },
"ab/ltl2dba_theta10.ltl": { "status": true, "rtime": 0.8504278659820557 },
"ab/ltl2dba_U17.ltl": { "status": false, "rtime": 17.018032550811768 },
"ab/ltl2dba_U18.ltl": { "status": false, "rtime": 17.019493341445923 },
"ab/mux16.ltl": { "status": true, "rtime": 1.659386396408081 },
"ab/OneCounterGuiA1.ltl": { "status": true, "rtime": 0.5976331233978271 },
"ab/OneCounterGuiA2.ltl": { "status": true, "rtime": 0.7219555377960205 },
"ab/OneCounterGuiA3.ltl": { "status": true, "rtime": 1.0610458850860596 },
"ab/OneCounterGuiA4.ltl": { "status": true, "rtime": 1.1246144771575928 },
"ab/OneCounterGuiA5.ltl": { "status": true, "rtime": 1.1596643924713135 },
"ab/OneCounterGuiA6.ltl": { "status": true, "rtime": 1.8868389129638672 },
"ab/OneCounterGuiA7.ltl": { "status": true, "rtime": 1.9644160270690918 },
"ab/OneCounterGuiA8.ltl": { "status": true, "rtime": 5.008103847503662 },
"ab/prioritized_arbiter6.ltl": { "status": true, "rtime": 0.16313743591308594 },
"ab/prioritized_arbiter_enc10.ltl": { "status": true, "rtime": 0.12367677688598633 },
"ab/prioritized_arbiter_unreal12_13.ltl": { "status": true, "rtime": 0.061968088150024414 },
"ab/prioritized_arbiter_unreal12_14.ltl": { "status": true, "rtime": 0.061881065368652344 },
"ab/prioritized_arbiter_unreal12_15.ltl": { "status": true, "rtime": 0.06229233741760254 },
"ab/prioritized_arbiter_unreal13_5.ltl": { "status": true, "rtime": 0.06496834754943848 },
"ab/prioritized_arbiter_unreal13_6.ltl": { "status": true, "rtime": 0.0650947093963623 },
"ab/prioritized_arbiter_unreal14_3.ltl": { "status": true, "rtime": 0.07481956481933594 },
"ab/prioritized_arbiter_unreal14_4.ltl": { "status": true, "rtime": 0.07530593872070312 },
"ab/prioritized_arbiter_unreal24.ltl": { "status": true, "rtime": 0.0734243392944336 },
"ab/robot_grid16_16.ltl": { "status": true, "rtime": 2.991981029510498 },
"ab/round_robin_arbiter4.ltl": { "status": true, "rtime": 0.07600116729736328 },
"ab/round_robin_arbiter_unreal12_15.ltl": { "status": true, "rtime": 2.165724515914917 },
"ab/round_robin_arbiter_unreal12_16.ltl": { "status": true, "rtime": 4.571160316467285 },
"ab/round_robin_arbiter_unreal13_6.ltl": { "status": true, "rtime": 1.8224220275878906 },
"ab/round_robin_arbiter_unreal13_7.ltl": { "status": true, "rtime": 12.434317827224731 },
"ab/round_robin_arbiter_unreal14_4.ltl": { "status": true, "rtime": 0.5045464038848877 },
"ab/SensorInit.ltl": { "status": true, "rtime": 0.8423442840576172 },
"ab/SensorSubmodulChooser.ltl": { "status": true, "rtime": 13.30460810661316 },
"ab/simple_arbiter_enc10.ltl": { "status": true, "rtime": 0.08868241310119629 },
"ab/simple_arbiter_unreal13_6.ltl": { "status": true, "rtime": 0.06278157234191895 },
"ab/simple_arbiter_unreal13_7.ltl": { "status": true, "rtime": 0.06282329559326172 },
"ab/simple_arbiter_unreal14_4.ltl": { "status": true, "rtime": 0.06598210334777832 },
"ab/simple_arbiter_unreal15_3.ltl": { "status": true, "rtime": 0.07624316215515137 },
"ab/SingleContoller_d65ed84e.ltl": { "status": true, "rtime": 6.964222431182861 },
"ab/SPIWriteManag.ltl": { "status": true, "rtime": 7.381869554519653 },
"ab/test2_f2774e0b.ltl": { "status": true, "rtime": 5.6268134117126465 },
"ab/test3_efe2feaf.ltl": { "status": true, "rtime": 2.020751476287842 },
"ab/TwoCounters2.ltl": { "status": true, "rtime": 5.871293544769287 },
"ab/TwoCounters3.ltl": { "status": true, "rtime": 11.230420351028442 },
"ab/TwoCountersInRangeA0.ltl": { "status": true, "rtime": 5.028208255767822 },
"ab/TwoCountersInRangeA1.ltl": { "status": true, "rtime": 7.996286630630493 },
"ab/TwoCountersInRangeA2.ltl": { "status": true, "rtime": 8.467886209487915 },
"ab/TwoCountersInRangeA3.ltl": { "status": true, "rtime": 8.76880407333374 },
"ab/TwoCountersInRangeA4.ltl": { "status": true, "rtime": 8.661675453186035 },
"ab/TwoCountersInRangeM0.ltl": { "status": true, "rtime": 9.137272834777832 },
"ab/TwoCountersInRangeM1.ltl": { "status": true, "rtime": 9.247224569320679 },
"ab/TwoCountersInRangeM2.ltl": { "status": true, "rtime": 9.278075695037842 },
"ab/TwoCountersInRangeM4.ltl": { "status": true, "rtime": 9.248243808746338 },
"ab/TwoCountersInRange.ltl": { "status": true, "rtime": 5.031590700149536 },
   "result": { "status": false, "rtime": 0 }
 },
 "preamble": {
    "program": "ab-autpreproc_nopreproc",
    "prog_alias": "ab-autpreproc_nopreproc"
  }
}
