{
  "stats": {  
"ab/amba_case_study2.ltl": { "status": true, "rtime": 1.3354506492614746 },
"ab/amba_decomposed_encode12.ltl": { "status": true, "rtime": 1.6264500617980957 },
"ab/amba_decomposed_encode13.ltl": { "status": true, "rtime": 3.6311542987823486 },
"ab/amba_decomposed_encode14.ltl": { "status": true, "rtime": 7.598999261856079 },
"ab/amba_decomposed_lock9.ltl": { "status": true, "rtime": 2.821484327316284 },
"ab/collector_v19.ltl": { "status": true, "rtime": 0.9452712535858154 },
"ab/collector_v213.ltl": { "status": true, "rtime": 4.763345718383789 },
"ab/collector_v215.ltl": { "status": true, "rtime": 7.41649603843689 },
"ab/collector_v39.ltl": { "status": true, "rtime": 11.465971946716309 },
"ab/Core_4b5a2bad.ltl": { "status": true, "rtime": 1.0175988674163818 },
"ab/detector14.ltl": { "status": true, "rtime": 5.187565803527832 },
"ab/detector_unreal12.ltl": { "status": true, "rtime": 0.8279898166656494 },
"ab/detector_unreal13.ltl": { "status": true, "rtime": 1.999561071395874 },
"ab/detector_unreal14.ltl": { "status": true, "rtime": 5.423753976821899 },
"ab/full_arbiter_unreal12_14.ltl": { "status": true, "rtime": 0.06275033950805664 },
"ab/full_arbiter_unreal12_15.ltl": { "status": true, "rtime": 0.061905860900878906 },
"ab/full_arbiter_unreal12_16.ltl": { "status": true, "rtime": 0.061803579330444336 },
"ab/full_arbiter_unreal13_6.ltl": { "status": true, "rtime": 0.06575870513916016 },
"ab/full_arbiter_unreal14_4.ltl": { "status": true, "rtime": 0.1805877685546875 },
"ab/full_arbiter_unreal24.ltl": { "status": true, "rtime": 0.08528971672058105 },
"ab/GamemodeChooser.ltl": { "status": true, "rtime": 8.34822678565979 },
"ab/KitchenTimerV10.ltl": { "status": true, "rtime": 2.753822088241577 },
"ab/KitchenTimerV8.ltl": { "status": true, "rtime": 6.730217933654785 },
"ab/Lights2_06e9cad4.ltl": { "status": true, "rtime": 0.9982054233551025 },
"ab/Lights2_0f5381e9.ltl": { "status": true, "rtime": 0.5852658748626709 },
"ab/Lights2_9cac58d3.ltl": { "status": true, "rtime": 0.31360459327697754 },
"ab/Lights2_b02056d6.ltl": { "status": true, "rtime": 0.3126540184020996 },
"ab/Lights2_f3987563.ltl": { "status": true, "rtime": 0.3052332401275635 },
"ab/LightsTotal_9cbf2546.ltl": { "status": true, "rtime": 2.214972734451294 },
"ab/load_balancer6.ltl": { "status": true, "rtime": 1.2840003967285156 },
"ab/load_balancer_unreal12_15.ltl": { "status": true, "rtime": 0.06710219383239746 },
"ab/load_balancer_unreal12_16.ltl": { "status": true, "rtime": 0.06588935852050781 },
"ab/load_balancer_unreal13_12.ltl": { "status": true, "rtime": 1.1461751461029053 },
"ab/load_balancer_unreal14_6.ltl": { "status": true, "rtime": 2.0950615406036377 },
"ab/load_balancer_unreal14_7.ltl": { "status": true, "rtime": 14.82216739654541 },
"ab/ltl2dba_beta3.ltl": { "status": true, "rtime": 0.07379627227783203 },
"ab/ltl2dba_beta4.ltl": { "status": true, "rtime": 0.12605619430541992 },
"ab/ltl2dba_C214.ltl": { "status": true, "rtime": 5.184356689453125 },
"ab/ltl2dba_E5.ltl": { "status": true, "rtime": 5.1818461418151855 },
"ab/ltl2dba_E6.ltl": { "status": true, "rtime": 0.11774945259094238 },
"ab/ltl2dba_Q5.ltl": { "status": true, "rtime": 0.08481884002685547 },
"ab/ltl2dba_R7.ltl": { "status": true, "rtime": 6.474744081497192 },
"ab/ltl2dba_theta10.ltl": { "status": true, "rtime": 0.8576691150665283 },
"ab/ltl2dba_U17.ltl": { "status": true, "rtime": 0.1825389862060547 },
"ab/ltl2dba_U18.ltl": { "status": false, "rtime": 17.021225690841675 },
"ab/mux16.ltl": { "status": true, "rtime": 1.526073932647705 },
"ab/OneCounterGuiA1.ltl": { "status": true, "rtime": 0.6164059638977051 },
"ab/OneCounterGuiA2.ltl": { "status": true, "rtime": 0.7533226013183594 },
"ab/OneCounterGuiA3.ltl": { "status": true, "rtime": 1.0946922302246094 },
"ab/OneCounterGuiA4.ltl": { "status": true, "rtime": 1.1580810546875 },
"ab/OneCounterGuiA5.ltl": { "status": true, "rtime": 1.1955182552337646 },
"ab/OneCounterGuiA6.ltl": { "status": true, "rtime": 1.9162821769714355 },
"ab/OneCounterGuiA7.ltl": { "status": true, "rtime": 2.0164177417755127 },
"ab/OneCounterGuiA8.ltl": { "status": true, "rtime": 5.1391761302948 },
"ab/prioritized_arbiter6.ltl": { "status": true, "rtime": 0.15883421897888184 },
"ab/prioritized_arbiter_enc10.ltl": { "status": true, "rtime": 0.12306046485900879 },
"ab/prioritized_arbiter_unreal12_13.ltl": { "status": true, "rtime": 0.0628652572631836 },
"ab/prioritized_arbiter_unreal12_14.ltl": { "status": true, "rtime": 0.0621795654296875 },
"ab/prioritized_arbiter_unreal12_15.ltl": { "status": true, "rtime": 0.06254863739013672 },
"ab/prioritized_arbiter_unreal13_5.ltl": { "status": true, "rtime": 0.06472206115722656 },
"ab/prioritized_arbiter_unreal13_6.ltl": { "status": true, "rtime": 0.06412935256958008 },
"ab/prioritized_arbiter_unreal14_3.ltl": { "status": true, "rtime": 0.07239627838134766 },
"ab/prioritized_arbiter_unreal14_4.ltl": { "status": true, "rtime": 0.07389402389526367 },
"ab/prioritized_arbiter_unreal24.ltl": { "status": true, "rtime": 0.07262015342712402 },
"ab/robot_grid16_16.ltl": { "status": true, "rtime": 2.9900147914886475 },
"ab/round_robin_arbiter4.ltl": { "status": false, "rtime": 17.021138906478882 },
"ab/round_robin_arbiter_unreal12_15.ltl": { "status": true, "rtime": 2.1037514209747314 },
"ab/round_robin_arbiter_unreal12_16.ltl": { "status": true, "rtime": 0.06459546089172363 },
"ab/round_robin_arbiter_unreal13_6.ltl": { "status": true, "rtime": 0.5449216365814209 },
"ab/round_robin_arbiter_unreal13_7.ltl": { "status": true, "rtime": 11.942700624465942 },
"ab/round_robin_arbiter_unreal14_4.ltl": { "status": true, "rtime": 0.4763655662536621 },
"ab/SensorInit.ltl": { "status": true, "rtime": 12.78458571434021 },
"ab/SensorSubmodulChooser.ltl": { "status": true, "rtime": 13.2563955783844 },
"ab/simple_arbiter_enc10.ltl": { "status": true, "rtime": 0.08823347091674805 },
"ab/simple_arbiter_unreal13_6.ltl": { "status": true, "rtime": 0.06255388259887695 },
"ab/simple_arbiter_unreal13_7.ltl": { "status": true, "rtime": 0.06271481513977051 },
"ab/simple_arbiter_unreal14_4.ltl": { "status": true, "rtime": 0.06611156463623047 },
"ab/simple_arbiter_unreal15_3.ltl": { "status": true, "rtime": 0.07726812362670898 },
"ab/SingleContoller_d65ed84e.ltl": { "status": true, "rtime": 7.010945796966553 },
"ab/SPIWriteManag.ltl": { "status": true, "rtime": 7.346538066864014 },
"ab/test2_f2774e0b.ltl": { "status": true, "rtime": 5.392320871353149 },
"ab/test3_efe2feaf.ltl": { "status": true, "rtime": 7.73980450630188 },
"ab/TwoCounters2.ltl": { "status": true, "rtime": 5.910173177719116 },
"ab/TwoCounters3.ltl": { "status": true, "rtime": 11.314620018005371 },
"ab/TwoCountersInRangeA0.ltl": { "status": true, "rtime": 5.086195707321167 },
"ab/TwoCountersInRangeA1.ltl": { "status": true, "rtime": 8.074904680252075 },
"ab/TwoCountersInRangeA2.ltl": { "status": true, "rtime": 8.564784049987793 },
"ab/TwoCountersInRangeA3.ltl": { "status": true, "rtime": 8.657808065414429 },
"ab/TwoCountersInRangeA4.ltl": { "status": true, "rtime": 8.728694677352905 },
"ab/TwoCountersInRangeM0.ltl": { "status": true, "rtime": 9.247873544692993 },
"ab/TwoCountersInRangeM1.ltl": { "status": true, "rtime": 9.171087741851807 },
"ab/TwoCountersInRangeM2.ltl": { "status": true, "rtime": 9.176021814346313 },
"ab/TwoCountersInRangeM4.ltl": { "status": true, "rtime": 9.391115427017212 },
"ab/TwoCountersInRange.ltl": { "status": true, "rtime": 5.049367189407349 },
   "result": { "status": false, "rtime": 0 }
 },
 "preamble": {
    "program": "ab-best_noiosprecom",
    "prog_alias": "ab-best_noiosprecom"
  }
}
