{
  "stats": {  
"ab/amba_case_study2.ltl": { "status": false, "rtime": 17.020503997802734 },
"ab/amba_decomposed_encode12.ltl": { "status": true, "rtime": 0.4731450080871582 },
"ab/amba_decomposed_encode13.ltl": { "status": true, "rtime": 1.3109121322631836 },
"ab/amba_decomposed_encode14.ltl": { "status": true, "rtime": 2.8861382007598877 },
"ab/amba_decomposed_lock9.ltl": { "status": true, "rtime": 1.7411489486694336 },
"ab/collector_v19.ltl": { "status": false, "rtime": 17.01840114593506 },
"ab/collector_v213.ltl": { "status": true, "rtime": 9.16997504234314 },
"ab/collector_v215.ltl": { "status": true, "rtime": 7.449459552764893 },
"ab/collector_v39.ltl": { "status": true, "rtime": 11.907136678695679 },
"ab/Core_4b5a2bad.ltl": { "status": true, "rtime": 0.9552023410797119 },
"ab/detector14.ltl": { "status": false, "rtime": 17.021126747131348 },
"ab/detector_unreal12.ltl": { "status": true, "rtime": 1.3419082164764404 },
"ab/detector_unreal13.ltl": { "status": true, "rtime": 3.684065103530884 },
"ab/detector_unreal14.ltl": { "status": true, "rtime": 11.599103450775146 },
"ab/full_arbiter_unreal12_14.ltl": { "status": true, "rtime": 1.5385260581970215 },
"ab/full_arbiter_unreal12_15.ltl": { "status": true, "rtime": 3.339545249938965 },
"ab/full_arbiter_unreal12_16.ltl": { "status": true, "rtime": 7.322426795959473 },
"ab/full_arbiter_unreal13_6.ltl": { "status": true, "rtime": 2.7590928077697754 },
"ab/full_arbiter_unreal14_4.ltl": { "status": true, "rtime": 5.258660793304443 },
"ab/full_arbiter_unreal24.ltl": { "status": true, "rtime": 11.866018772125244 },
"ab/GamemodeChooser.ltl": { "status": true, "rtime": 6.821847915649414 },
"ab/KitchenTimerV10.ltl": { "status": true, "rtime": 2.187847375869751 },
"ab/KitchenTimerV8.ltl": { "status": true, "rtime": 3.080683946609497 },
"ab/Lights2_06e9cad4.ltl": { "status": true, "rtime": 1.3545851707458496 },
"ab/Lights2_0f5381e9.ltl": { "status": true, "rtime": 1.6189274787902832 },
"ab/Lights2_9cac58d3.ltl": { "status": true, "rtime": 1.0640854835510254 },
"ab/Lights2_b02056d6.ltl": { "status": true, "rtime": 1.063136100769043 },
"ab/Lights2_f3987563.ltl": { "status": true, "rtime": 1.2546367645263672 },
"ab/LightsTotal_9cbf2546.ltl": { "status": true, "rtime": 5.448546886444092 },
"ab/load_balancer6.ltl": { "status": false, "rtime": 17.018070459365845 },
"ab/load_balancer_unreal12_15.ltl": { "status": true, "rtime": 1.2124285697937012 },
"ab/load_balancer_unreal12_16.ltl": { "status": true, "rtime": 2.6327667236328125 },
"ab/load_balancer_unreal13_12.ltl": { "status": true, "rtime": 1.1340999603271484 },
"ab/load_balancer_unreal14_6.ltl": { "status": true, "rtime": 2.0907952785491943 },
"ab/load_balancer_unreal14_7.ltl": { "status": true, "rtime": 14.486540794372559 },
"ab/ltl2dba_beta3.ltl": { "status": true, "rtime": 2.3093905448913574 },
"ab/ltl2dba_beta4.ltl": { "status": false, "rtime": 17.021214962005615 },
"ab/ltl2dba_C214.ltl": { "status": false, "rtime": 17.02132511138916 },
"ab/ltl2dba_E5.ltl": { "status": true, "rtime": 3.4158823490142822 },
"ab/ltl2dba_E6.ltl": { "status": false, "rtime": 17.02115297317505 },
"ab/ltl2dba_Q5.ltl": { "status": false, "rtime": 17.021405935287476 },
"ab/ltl2dba_R7.ltl": { "status": false, "rtime": 17.02262282371521 },
"ab/ltl2dba_theta10.ltl": { "status": false, "rtime": 17.021880865097046 },
"ab/ltl2dba_U17.ltl": { "status": false, "rtime": 17.02173089981079 },
"ab/ltl2dba_U18.ltl": { "status": false, "rtime": 17.021358489990234 },
"ab/mux16.ltl": { "status": true, "rtime": 0.019042015075683594 },
"ab/OneCounterGuiA1.ltl": { "status": true, "rtime": 0.11656689643859863 },
"ab/OneCounterGuiA2.ltl": { "status": true, "rtime": 0.30685973167419434 },
"ab/OneCounterGuiA3.ltl": { "status": true, "rtime": 0.9873042106628418 },
"ab/OneCounterGuiA4.ltl": { "status": true, "rtime": 1.0629768371582031 },
"ab/OneCounterGuiA5.ltl": { "status": true, "rtime": 1.206913709640503 },
"ab/OneCounterGuiA6.ltl": { "status": true, "rtime": 4.2108001708984375 },
"ab/OneCounterGuiA7.ltl": { "status": true, "rtime": 6.3634278774261475 },
"ab/OneCounterGuiA8.ltl": { "status": true, "rtime": 2.9960427284240723 },
"ab/prioritized_arbiter6.ltl": { "status": false, "rtime": 17.02104377746582 },
"ab/prioritized_arbiter_enc10.ltl": { "status": true, "rtime": 9.13273811340332 },
"ab/prioritized_arbiter_unreal12_13.ltl": { "status": true, "rtime": 1.9469201564788818 },
"ab/prioritized_arbiter_unreal12_14.ltl": { "status": true, "rtime": 4.21580171585083 },
"ab/prioritized_arbiter_unreal12_15.ltl": { "status": true, "rtime": 9.01746940612793 },
"ab/prioritized_arbiter_unreal13_5.ltl": { "status": true, "rtime": 1.0691266059875488 },
"ab/prioritized_arbiter_unreal13_6.ltl": { "status": true, "rtime": 6.856581687927246 },
"ab/prioritized_arbiter_unreal14_3.ltl": { "status": true, "rtime": 0.967766523361206 },
"ab/prioritized_arbiter_unreal14_4.ltl": { "status": true, "rtime": 10.821229696273804 },
"ab/prioritized_arbiter_unreal24.ltl": { "status": true, "rtime": 7.014323711395264 },
"ab/robot_grid16_16.ltl": { "status": true, "rtime": 2.994286060333252 },
"ab/round_robin_arbiter4.ltl": { "status": false, "rtime": 17.021127939224243 },
"ab/round_robin_arbiter_unreal12_15.ltl": { "status": true, "rtime": 2.0727384090423584 },
"ab/round_robin_arbiter_unreal12_16.ltl": { "status": true, "rtime": 4.492979288101196 },
"ab/round_robin_arbiter_unreal13_6.ltl": { "status": true, "rtime": 1.7983815670013428 },
"ab/round_robin_arbiter_unreal13_7.ltl": { "status": true, "rtime": 11.805724382400513 },
"ab/round_robin_arbiter_unreal14_4.ltl": { "status": true, "rtime": 2.9512336254119873 },
"ab/SensorInit.ltl": { "status": true, "rtime": 10.613128185272217 },
"ab/SensorSubmodulChooser.ltl": { "status": true, "rtime": 11.819181442260742 },
"ab/simple_arbiter_enc10.ltl": { "status": true, "rtime": 15.41560673713684 },
"ab/simple_arbiter_unreal13_6.ltl": { "status": true, "rtime": 1.6849985122680664 },
"ab/simple_arbiter_unreal13_7.ltl": { "status": true, "rtime": 11.864393711090088 },
"ab/simple_arbiter_unreal14_4.ltl": { "status": true, "rtime": 2.797593832015991 },
"ab/simple_arbiter_unreal15_3.ltl": { "status": true, "rtime": 5.126720428466797 },
"ab/SingleContoller_d65ed84e.ltl": { "status": true, "rtime": 2.0059196949005127 },
"ab/SPIWriteManag.ltl": { "status": true, "rtime": 4.743565082550049 },
"ab/test2_f2774e0b.ltl": { "status": true, "rtime": 4.094716310501099 },
"ab/test3_efe2feaf.ltl": { "status": true, "rtime": 4.337003469467163 },
"ab/TwoCounters2.ltl": { "status": true, "rtime": 2.5405490398406982 },
"ab/TwoCounters3.ltl": { "status": true, "rtime": 10.068478107452393 },
"ab/TwoCountersInRangeA0.ltl": { "status": true, "rtime": 1.085921049118042 },
"ab/TwoCountersInRangeA1.ltl": { "status": true, "rtime": 1.2679996490478516 },
"ab/TwoCountersInRangeA2.ltl": { "status": true, "rtime": 1.6288743019104004 },
"ab/TwoCountersInRangeA3.ltl": { "status": true, "rtime": 1.6985716819763184 },
"ab/TwoCountersInRangeA4.ltl": { "status": true, "rtime": 1.7613499164581299 },
"ab/TwoCountersInRangeM0.ltl": { "status": true, "rtime": 1.764897108078003 },
"ab/TwoCountersInRangeM1.ltl": { "status": true, "rtime": 1.7471709251403809 },
"ab/TwoCountersInRangeM2.ltl": { "status": true, "rtime": 1.7810759544372559 },
"ab/TwoCountersInRangeM4.ltl": { "status": true, "rtime": 1.7526271343231201 },
"ab/TwoCountersInRange.ltl": { "status": true, "rtime": 1.0803358554840088 },
   "result": { "status": false, "rtime": 0 }
 },
 "preamble": {
    "program": "ab-best_nosimd",
    "prog_alias": "ab-best_nosimd"
  }
}
