{
  "stats": {  
"ab/amba_case_study2.ltl": { "status": false, "rtime": 17.020471334457397 },
"ab/amba_decomposed_encode12.ltl": { "status": true, "rtime": 1.664808988571167 },
"ab/amba_decomposed_encode13.ltl": { "status": true, "rtime": 3.656911611557007 },
"ab/amba_decomposed_encode14.ltl": { "status": true, "rtime": 8.001042127609253 },
"ab/amba_decomposed_lock9.ltl": { "status": true, "rtime": 3.02893328666687 },
"ab/collector_v19.ltl": { "status": true, "rtime": 2.874263286590576 },
"ab/collector_v213.ltl": { "status": true, "rtime": 4.724005222320557 },
"ab/collector_v215.ltl": { "status": true, "rtime": 7.469427108764648 },
"ab/collector_v39.ltl": { "status": true, "rtime": 14.952126026153564 },
"ab/Core_4b5a2bad.ltl": { "status": true, "rtime": 1.0041460990905762 },
"ab/detector14.ltl": { "status": true, "rtime": 5.186749696731567 },
"ab/detector_unreal12.ltl": { "status": true, "rtime": 0.8200702667236328 },
"ab/detector_unreal13.ltl": { "status": true, "rtime": 1.9631376266479492 },
"ab/detector_unreal14.ltl": { "status": true, "rtime": 5.504683494567871 },
"ab/full_arbiter_unreal12_14.ltl": { "status": true, "rtime": 0.06254053115844727 },
"ab/full_arbiter_unreal12_15.ltl": { "status": true, "rtime": 0.062104225158691406 },
"ab/full_arbiter_unreal12_16.ltl": { "status": true, "rtime": 0.06159496307373047 },
"ab/full_arbiter_unreal13_6.ltl": { "status": true, "rtime": 0.06609702110290527 },
"ab/full_arbiter_unreal14_4.ltl": { "status": true, "rtime": 5.722581624984741 },
"ab/full_arbiter_unreal24.ltl": { "status": true, "rtime": 0.08381772041320801 },
"ab/GamemodeChooser.ltl": { "status": true, "rtime": 8.114664077758789 },
"ab/KitchenTimerV10.ltl": { "status": true, "rtime": 2.893348455429077 },
"ab/KitchenTimerV8.ltl": { "status": true, "rtime": 6.829046249389648 },
"ab/Lights2_06e9cad4.ltl": { "status": true, "rtime": 1.5775394439697266 },
"ab/Lights2_0f5381e9.ltl": { "status": true, "rtime": 0.823556661605835 },
"ab/Lights2_9cac58d3.ltl": { "status": true, "rtime": 0.436664342880249 },
"ab/Lights2_b02056d6.ltl": { "status": true, "rtime": 0.4351325035095215 },
"ab/Lights2_f3987563.ltl": { "status": true, "rtime": 0.4295337200164795 },
"ab/LightsTotal_9cbf2546.ltl": { "status": true, "rtime": 2.159825325012207 },
"ab/load_balancer6.ltl": { "status": true, "rtime": 1.2596828937530518 },
"ab/load_balancer_unreal12_15.ltl": { "status": true, "rtime": 0.0655059814453125 },
"ab/load_balancer_unreal12_16.ltl": { "status": true, "rtime": 0.06598234176635742 },
"ab/load_balancer_unreal13_12.ltl": { "status": true, "rtime": 1.1143012046813965 },
"ab/load_balancer_unreal14_6.ltl": { "status": true, "rtime": 2.09572172164917 },
"ab/load_balancer_unreal14_7.ltl": { "status": true, "rtime": 14.342299461364746 },
"ab/ltl2dba_beta3.ltl": { "status": true, "rtime": 0.07513666152954102 },
"ab/ltl2dba_beta4.ltl": { "status": true, "rtime": 0.12802362442016602 },
"ab/ltl2dba_C214.ltl": { "status": true, "rtime": 5.191065549850464 },
"ab/ltl2dba_E5.ltl": { "status": true, "rtime": 0.3946187496185303 },
"ab/ltl2dba_E6.ltl": { "status": true, "rtime": 0.1192178726196289 },
"ab/ltl2dba_Q5.ltl": { "status": true, "rtime": 0.08823180198669434 },
"ab/ltl2dba_R7.ltl": { "status": true, "rtime": 11.548118591308594 },
"ab/ltl2dba_theta10.ltl": { "status": true, "rtime": 0.8576059341430664 },
"ab/ltl2dba_U17.ltl": { "status": false, "rtime": 17.01972270011902 },
"ab/ltl2dba_U18.ltl": { "status": true, "rtime": 0.4282498359680176 },
"ab/mux16.ltl": { "status": true, "rtime": 1.7873902320861816 },
"ab/OneCounterGuiA1.ltl": { "status": true, "rtime": 0.6001405715942383 },
"ab/OneCounterGuiA2.ltl": { "status": true, "rtime": 0.7406067848205566 },
"ab/OneCounterGuiA3.ltl": { "status": true, "rtime": 1.0726699829101562 },
"ab/OneCounterGuiA4.ltl": { "status": true, "rtime": 1.132903814315796 },
"ab/OneCounterGuiA5.ltl": { "status": true, "rtime": 1.1799674034118652 },
"ab/OneCounterGuiA6.ltl": { "status": true, "rtime": 1.871492624282837 },
"ab/OneCounterGuiA7.ltl": { "status": true, "rtime": 1.977222204208374 },
"ab/OneCounterGuiA8.ltl": { "status": true, "rtime": 5.067301988601685 },
"ab/prioritized_arbiter6.ltl": { "status": true, "rtime": 0.15261149406433105 },
"ab/prioritized_arbiter_enc10.ltl": { "status": true, "rtime": 0.6229307651519775 },
"ab/prioritized_arbiter_unreal12_13.ltl": { "status": true, "rtime": 0.0623784065246582 },
"ab/prioritized_arbiter_unreal12_14.ltl": { "status": true, "rtime": 0.06254744529724121 },
"ab/prioritized_arbiter_unreal12_15.ltl": { "status": true, "rtime": 0.061873435974121094 },
"ab/prioritized_arbiter_unreal13_5.ltl": { "status": true, "rtime": 0.06423568725585938 },
"ab/prioritized_arbiter_unreal13_6.ltl": { "status": true, "rtime": 0.06543874740600586 },
"ab/prioritized_arbiter_unreal14_3.ltl": { "status": true, "rtime": 0.07248425483703613 },
"ab/prioritized_arbiter_unreal14_4.ltl": { "status": true, "rtime": 0.07312273979187012 },
"ab/prioritized_arbiter_unreal24.ltl": { "status": true, "rtime": 0.0723876953125 },
"ab/robot_grid16_16.ltl": { "status": true, "rtime": 3.0329794883728027 },
"ab/round_robin_arbiter4.ltl": { "status": false, "rtime": 17.021155834197998 },
"ab/round_robin_arbiter_unreal12_15.ltl": { "status": true, "rtime": 2.1011481285095215 },
"ab/round_robin_arbiter_unreal12_16.ltl": { "status": true, "rtime": 4.528023719787598 },
"ab/round_robin_arbiter_unreal13_6.ltl": { "status": true, "rtime": 1.788297414779663 },
"ab/round_robin_arbiter_unreal13_7.ltl": { "status": true, "rtime": 11.712791442871094 },
"ab/round_robin_arbiter_unreal14_4.ltl": { "status": true, "rtime": 0.49013423919677734 },
"ab/SensorInit.ltl": { "status": true, "rtime": 13.248503923416138 },
"ab/SensorSubmodulChooser.ltl": { "status": true, "rtime": 13.311351537704468 },
"ab/simple_arbiter_enc10.ltl": { "status": true, "rtime": 0.08818435668945312 },
"ab/simple_arbiter_unreal13_6.ltl": { "status": true, "rtime": 0.06218695640563965 },
"ab/simple_arbiter_unreal13_7.ltl": { "status": true, "rtime": 0.06331038475036621 },
"ab/simple_arbiter_unreal14_4.ltl": { "status": true, "rtime": 0.06560635566711426 },
"ab/simple_arbiter_unreal15_3.ltl": { "status": true, "rtime": 0.07598519325256348 },
"ab/SingleContoller_d65ed84e.ltl": { "status": true, "rtime": 7.077632188796997 },
"ab/SPIWriteManag.ltl": { "status": true, "rtime": 7.40571665763855 },
"ab/test2_f2774e0b.ltl": { "status": true, "rtime": 5.5256187915802 },
"ab/test3_efe2feaf.ltl": { "status": true, "rtime": 7.44577693939209 },
"ab/TwoCounters2.ltl": { "status": true, "rtime": 5.837409973144531 },
"ab/TwoCounters3.ltl": { "status": true, "rtime": 11.425666093826294 },
"ab/TwoCountersInRangeA0.ltl": { "status": true, "rtime": 5.034585237503052 },
"ab/TwoCountersInRangeA1.ltl": { "status": true, "rtime": 7.999229669570923 },
"ab/TwoCountersInRangeA2.ltl": { "status": true, "rtime": 8.32825779914856 },
"ab/TwoCountersInRangeA3.ltl": { "status": true, "rtime": 8.58603310585022 },
"ab/TwoCountersInRangeA4.ltl": { "status": true, "rtime": 8.712295293807983 },
"ab/TwoCountersInRangeM0.ltl": { "status": true, "rtime": 9.206511735916138 },
"ab/TwoCountersInRangeM1.ltl": { "status": true, "rtime": 9.140745878219604 },
"ab/TwoCountersInRangeM2.ltl": { "status": true, "rtime": 9.354533910751343 },
"ab/TwoCountersInRangeM4.ltl": { "status": true, "rtime": 9.171840906143188 },
"ab/TwoCountersInRange.ltl": { "status": true, "rtime": 5.139474153518677 },
   "result": { "status": false, "rtime": 0 }
 },
 "preamble": {
    "program": "ab-base",
    "prog_alias": "ab-base"
  }
}
