{
  "stats": {  
"ab/amba_case_study2.ltl": { "status": true, "rtime": 1.2646393775939941 },
"ab/amba_decomposed_encode12.ltl": { "status": true, "rtime": 0.5165112018585205 },
"ab/amba_decomposed_encode13.ltl": { "status": true, "rtime": 1.3636202812194824 },
"ab/amba_decomposed_encode14.ltl": { "status": true, "rtime": 2.9552125930786133 },
"ab/amba_decomposed_lock9.ltl": { "status": true, "rtime": 1.807124376296997 },
"ab/collector_v19.ltl": { "status": true, "rtime": 0.9374344348907471 },
"ab/collector_v213.ltl": { "status": true, "rtime": 9.068178653717041 },
"ab/collector_v215.ltl": { "status": true, "rtime": 7.410343170166016 },
"ab/collector_v39.ltl": { "status": true, "rtime": 12.135230302810669 },
"ab/Core_4b5a2bad.ltl": { "status": true, "rtime": 0.10429930686950684 },
"ab/detector14.ltl": { "status": true, "rtime": 9.069085359573364 },
"ab/detector_unreal12.ltl": { "status": true, "rtime": 1.3452486991882324 },
"ab/detector_unreal13.ltl": { "status": true, "rtime": 3.7145488262176514 },
"ab/detector_unreal14.ltl": { "status": true, "rtime": 11.442044973373413 },
"ab/full_arbiter_unreal12_14.ltl": { "status": true, "rtime": 0.06280064582824707 },
"ab/full_arbiter_unreal12_15.ltl": { "status": true, "rtime": 0.06244516372680664 },
"ab/full_arbiter_unreal12_16.ltl": { "status": true, "rtime": 0.06258440017700195 },
"ab/full_arbiter_unreal13_6.ltl": { "status": true, "rtime": 0.06714034080505371 },
"ab/full_arbiter_unreal14_4.ltl": { "status": true, "rtime": 5.291100740432739 },
"ab/full_arbiter_unreal24.ltl": { "status": true, "rtime": 0.10308527946472168 },
"ab/GamemodeChooser.ltl": { "status": true, "rtime": 6.80160665512085 },
"ab/KitchenTimerV10.ltl": { "status": true, "rtime": 2.207967519760132 },
"ab/KitchenTimerV8.ltl": { "status": true, "rtime": 3.101412296295166 },
"ab/Lights2_06e9cad4.ltl": { "status": true, "rtime": 0.12514185905456543 },
"ab/Lights2_0f5381e9.ltl": { "status": true, "rtime": 0.16673922538757324 },
"ab/Lights2_9cac58d3.ltl": { "status": true, "rtime": 0.11573052406311035 },
"ab/Lights2_b02056d6.ltl": { "status": true, "rtime": 0.12458348274230957 },
"ab/Lights2_f3987563.ltl": { "status": true, "rtime": 0.11788702011108398 },
"ab/LightsTotal_9cbf2546.ltl": { "status": true, "rtime": 0.47135424613952637 },
"ab/load_balancer6.ltl": { "status": true, "rtime": 1.2871286869049072 },
"ab/load_balancer_unreal12_15.ltl": { "status": true, "rtime": 0.06463837623596191 },
"ab/load_balancer_unreal12_16.ltl": { "status": true, "rtime": 0.06448698043823242 },
"ab/load_balancer_unreal13_12.ltl": { "status": true, "rtime": 1.13517427444458 },
"ab/load_balancer_unreal14_6.ltl": { "status": true, "rtime": 2.0761752128601074 },
"ab/load_balancer_unreal14_7.ltl": { "status": true, "rtime": 14.435414791107178 },
"ab/ltl2dba_beta3.ltl": { "status": true, "rtime": 0.07398819923400879 },
"ab/ltl2dba_beta4.ltl": { "status": true, "rtime": 0.13302850723266602 },
"ab/ltl2dba_C214.ltl": { "status": true, "rtime": 9.054423570632935 },
"ab/ltl2dba_E5.ltl": { "status": true, "rtime": 2.758150815963745 },
"ab/ltl2dba_E6.ltl": { "status": true, "rtime": 0.12427997589111328 },
"ab/ltl2dba_Q5.ltl": { "status": true, "rtime": 0.4058678150177002 },
"ab/ltl2dba_R7.ltl": { "status": true, "rtime": 6.608010530471802 },
"ab/ltl2dba_theta10.ltl": { "status": true, "rtime": 1.3316707611083984 },
"ab/ltl2dba_U17.ltl": { "status": true, "rtime": 0.16732478141784668 },
"ab/ltl2dba_U18.ltl": { "status": true, "rtime": 1.4126613140106201 },
"ab/mux16.ltl": { "status": true, "rtime": 0.017139196395874023 },
"ab/OneCounterGuiA1.ltl": { "status": true, "rtime": 0.09262537956237793 },
"ab/OneCounterGuiA2.ltl": { "status": true, "rtime": 0.15610766410827637 },
"ab/OneCounterGuiA3.ltl": { "status": true, "rtime": 0.4147522449493408 },
"ab/OneCounterGuiA4.ltl": { "status": true, "rtime": 0.4210371971130371 },
"ab/OneCounterGuiA5.ltl": { "status": true, "rtime": 0.417910099029541 },
"ab/OneCounterGuiA6.ltl": { "status": true, "rtime": 0.9875831604003906 },
"ab/OneCounterGuiA7.ltl": { "status": true, "rtime": 1.0095491409301758 },
"ab/OneCounterGuiA8.ltl": { "status": true, "rtime": 2.6703193187713623 },
"ab/prioritized_arbiter6.ltl": { "status": true, "rtime": 0.1585843563079834 },
"ab/prioritized_arbiter_enc10.ltl": { "status": true, "rtime": 0.11772823333740234 },
"ab/prioritized_arbiter_unreal12_13.ltl": { "status": true, "rtime": 0.061698198318481445 },
"ab/prioritized_arbiter_unreal12_14.ltl": { "status": true, "rtime": 0.06193900108337402 },
"ab/prioritized_arbiter_unreal12_15.ltl": { "status": true, "rtime": 0.06177258491516113 },
"ab/prioritized_arbiter_unreal13_5.ltl": { "status": true, "rtime": 0.06399345397949219 },
"ab/prioritized_arbiter_unreal13_6.ltl": { "status": true, "rtime": 0.0653989315032959 },
"ab/prioritized_arbiter_unreal14_3.ltl": { "status": true, "rtime": 0.07105588912963867 },
"ab/prioritized_arbiter_unreal14_4.ltl": { "status": true, "rtime": 0.07132196426391602 },
"ab/prioritized_arbiter_unreal24.ltl": { "status": true, "rtime": 0.07105159759521484 },
"ab/robot_grid16_16.ltl": { "status": true, "rtime": 3.0023691654205322 },
"ab/round_robin_arbiter4.ltl": { "status": true, "rtime": 0.07619810104370117 },
"ab/round_robin_arbiter_unreal12_15.ltl": { "status": true, "rtime": 2.1176562309265137 },
"ab/round_robin_arbiter_unreal12_16.ltl": { "status": true, "rtime": 4.566701650619507 },
"ab/round_robin_arbiter_unreal13_6.ltl": { "status": true, "rtime": 1.8539390563964844 },
"ab/round_robin_arbiter_unreal13_7.ltl": { "status": true, "rtime": 11.849068641662598 },
"ab/round_robin_arbiter_unreal14_4.ltl": { "status": true, "rtime": 0.7696516513824463 },
"ab/SensorInit.ltl": { "status": true, "rtime": 10.626953840255737 },
"ab/SensorSubmodulChooser.ltl": { "status": true, "rtime": 11.878705739974976 },
"ab/simple_arbiter_enc10.ltl": { "status": true, "rtime": 0.08516955375671387 },
"ab/simple_arbiter_unreal13_6.ltl": { "status": true, "rtime": 0.06323385238647461 },
"ab/simple_arbiter_unreal13_7.ltl": { "status": true, "rtime": 0.062419891357421875 },
"ab/simple_arbiter_unreal14_4.ltl": { "status": true, "rtime": 0.0659475326538086 },
"ab/simple_arbiter_unreal15_3.ltl": { "status": true, "rtime": 0.07582426071166992 },
"ab/SingleContoller_d65ed84e.ltl": { "status": true, "rtime": 0.571204662322998 },
"ab/SPIWriteManag.ltl": { "status": true, "rtime": 0.10424995422363281 },
"ab/test2_f2774e0b.ltl": { "status": true, "rtime": 4.060553550720215 },
"ab/test3_efe2feaf.ltl": { "status": true, "rtime": 4.3940980434417725 },
"ab/TwoCounters2.ltl": { "status": true, "rtime": 2.5803732872009277 },
"ab/TwoCounters3.ltl": { "status": true, "rtime": 9.96148681640625 },
"ab/TwoCountersInRangeA0.ltl": { "status": true, "rtime": 1.1191370487213135 },
"ab/TwoCountersInRangeA1.ltl": { "status": true, "rtime": 1.313798427581787 },
"ab/TwoCountersInRangeA2.ltl": { "status": true, "rtime": 1.6708085536956787 },
"ab/TwoCountersInRangeA3.ltl": { "status": true, "rtime": 1.7196059226989746 },
"ab/TwoCountersInRangeA4.ltl": { "status": true, "rtime": 1.7984893321990967 },
"ab/TwoCountersInRangeM0.ltl": { "status": true, "rtime": 1.809197187423706 },
"ab/TwoCountersInRangeM1.ltl": { "status": true, "rtime": 1.8163681030273438 },
"ab/TwoCountersInRangeM2.ltl": { "status": true, "rtime": 1.8334872722625732 },
"ab/TwoCountersInRangeM4.ltl": { "status": true, "rtime": 1.7909624576568604 },
"ab/TwoCountersInRange.ltl": { "status": true, "rtime": 1.1205294132232666 },
   "result": { "status": false, "rtime": 0 }
 },
 "preamble": {
    "program": "ab-best",
    "prog_alias": "ab-best"
  }
}
