{
  "stats": {  
"ab/amba_case_study2.ltl": { "status": true, "rtime": 1.4411993026733398 },
"ab/amba_decomposed_encode12.ltl": { "status": true, "rtime": 1.6492383480072021 },
"ab/amba_decomposed_encode13.ltl": { "status": true, "rtime": 3.616133689880371 },
"ab/amba_decomposed_encode14.ltl": { "status": true, "rtime": 7.684687614440918 },
"ab/amba_decomposed_lock9.ltl": { "status": true, "rtime": 3.0770108699798584 },
"ab/collector_v19.ltl": { "status": false, "rtime": 17.02125883102417 },
"ab/collector_v213.ltl": { "status": true, "rtime": 4.676050186157227 },
"ab/collector_v215.ltl": { "status": true, "rtime": 7.372411489486694 },
"ab/collector_v39.ltl": { "status": true, "rtime": 14.904952764511108 },
"ab/Core_4b5a2bad.ltl": { "status": true, "rtime": 1.0169661045074463 },
"ab/detector14.ltl": { "status": true, "rtime": 5.276531219482422 },
"ab/detector_unreal12.ltl": { "status": true, "rtime": 0.8127102851867676 },
"ab/detector_unreal13.ltl": { "status": true, "rtime": 2.007363796234131 },
"ab/detector_unreal14.ltl": { "status": true, "rtime": 5.383529186248779 },
"ab/full_arbiter_unreal12_14.ltl": { "status": true, "rtime": 0.06293249130249023 },
"ab/full_arbiter_unreal12_15.ltl": { "status": true, "rtime": 0.06327033042907715 },
"ab/full_arbiter_unreal12_16.ltl": { "status": true, "rtime": 0.06193947792053223 },
"ab/full_arbiter_unreal13_6.ltl": { "status": true, "rtime": 0.06663727760314941 },
"ab/full_arbiter_unreal14_4.ltl": { "status": true, "rtime": 0.5423839092254639 },
"ab/full_arbiter_unreal24.ltl": { "status": true, "rtime": 0.14981698989868164 },
"ab/GamemodeChooser.ltl": { "status": true, "rtime": 8.096222162246704 },
"ab/KitchenTimerV10.ltl": { "status": true, "rtime": 2.835197687149048 },
"ab/KitchenTimerV8.ltl": { "status": true, "rtime": 2.8422608375549316 },
"ab/Lights2_06e9cad4.ltl": { "status": true, "rtime": 0.7457442283630371 },
"ab/Lights2_0f5381e9.ltl": { "status": true, "rtime": 0.481611967086792 },
"ab/Lights2_9cac58d3.ltl": { "status": true, "rtime": 0.2550170421600342 },
"ab/Lights2_b02056d6.ltl": { "status": true, "rtime": 0.25655293464660645 },
"ab/Lights2_f3987563.ltl": { "status": true, "rtime": 0.24834179878234863 },
"ab/LightsTotal_9cbf2546.ltl": { "status": true, "rtime": 1.8992502689361572 },
"ab/load_balancer6.ltl": { "status": true, "rtime": 1.565854787826538 },
"ab/load_balancer_unreal12_15.ltl": { "status": true, "rtime": 0.06455707550048828 },
"ab/load_balancer_unreal12_16.ltl": { "status": true, "rtime": 0.06417560577392578 },
"ab/load_balancer_unreal13_12.ltl": { "status": true, "rtime": 0.07431721687316895 },
"ab/load_balancer_unreal14_6.ltl": { "status": true, "rtime": 2.0892465114593506 },
"ab/load_balancer_unreal14_7.ltl": { "status": true, "rtime": 14.612437725067139 },
"ab/ltl2dba_beta3.ltl": { "status": true, "rtime": 0.08635950088500977 },
"ab/ltl2dba_beta4.ltl": { "status": true, "rtime": 0.13021302223205566 },
"ab/ltl2dba_C214.ltl": { "status": true, "rtime": 5.197516679763794 },
"ab/ltl2dba_E5.ltl": { "status": true, "rtime": 0.08892488479614258 },
"ab/ltl2dba_E6.ltl": { "status": true, "rtime": 0.08410835266113281 },
"ab/ltl2dba_Q5.ltl": { "status": true, "rtime": 0.07092499732971191 },
"ab/ltl2dba_R7.ltl": { "status": true, "rtime": 11.873579263687134 },
"ab/ltl2dba_theta10.ltl": { "status": true, "rtime": 0.862318754196167 },
"ab/ltl2dba_U17.ltl": { "status": true, "rtime": 0.5953669548034668 },
"ab/ltl2dba_U18.ltl": { "status": true, "rtime": 5.579053640365601 },
"ab/mux16.ltl": { "status": true, "rtime": 1.7762069702148438 },
"ab/OneCounterGuiA1.ltl": { "status": true, "rtime": 0.5979139804840088 },
"ab/OneCounterGuiA2.ltl": { "status": true, "rtime": 0.7365844249725342 },
"ab/OneCounterGuiA3.ltl": { "status": true, "rtime": 1.0592000484466553 },
"ab/OneCounterGuiA4.ltl": { "status": true, "rtime": 1.1328768730163574 },
"ab/OneCounterGuiA5.ltl": { "status": true, "rtime": 1.168452262878418 },
"ab/OneCounterGuiA6.ltl": { "status": true, "rtime": 1.8746223449707031 },
"ab/OneCounterGuiA7.ltl": { "status": true, "rtime": 1.9697160720825195 },
"ab/OneCounterGuiA8.ltl": { "status": true, "rtime": 5.0474138259887695 },
"ab/prioritized_arbiter6.ltl": { "status": true, "rtime": 0.15465784072875977 },
"ab/prioritized_arbiter_enc10.ltl": { "status": true, "rtime": 0.08524966239929199 },
"ab/prioritized_arbiter_unreal12_13.ltl": { "status": true, "rtime": 0.06213521957397461 },
"ab/prioritized_arbiter_unreal12_14.ltl": { "status": true, "rtime": 0.06266379356384277 },
"ab/prioritized_arbiter_unreal12_15.ltl": { "status": true, "rtime": 0.0626521110534668 },
"ab/prioritized_arbiter_unreal13_5.ltl": { "status": true, "rtime": 0.06434893608093262 },
"ab/prioritized_arbiter_unreal13_6.ltl": { "status": true, "rtime": 0.06475663185119629 },
"ab/prioritized_arbiter_unreal14_3.ltl": { "status": true, "rtime": 0.07378149032592773 },
"ab/prioritized_arbiter_unreal14_4.ltl": { "status": true, "rtime": 0.07294344902038574 },
"ab/prioritized_arbiter_unreal24.ltl": { "status": true, "rtime": 0.07246160507202148 },
"ab/robot_grid16_16.ltl": { "status": true, "rtime": 2.998093843460083 },
"ab/round_robin_arbiter4.ltl": { "status": false, "rtime": 17.010368585586548 },
"ab/round_robin_arbiter_unreal12_15.ltl": { "status": true, "rtime": 2.118293523788452 },
"ab/round_robin_arbiter_unreal12_16.ltl": { "status": true, "rtime": 4.508467197418213 },
"ab/round_robin_arbiter_unreal13_6.ltl": { "status": true, "rtime": 1.776888370513916 },
"ab/round_robin_arbiter_unreal13_7.ltl": { "status": true, "rtime": 11.741452932357788 },
"ab/round_robin_arbiter_unreal14_4.ltl": { "status": true, "rtime": 3.005788564682007 },
"ab/SensorInit.ltl": { "status": true, "rtime": 13.54586386680603 },
"ab/SensorSubmodulChooser.ltl": { "status": true, "rtime": 13.34094500541687 },
"ab/simple_arbiter_enc10.ltl": { "status": true, "rtime": 0.3420143127441406 },
"ab/simple_arbiter_unreal13_6.ltl": { "status": true, "rtime": 0.06216692924499512 },
"ab/simple_arbiter_unreal13_7.ltl": { "status": true, "rtime": 0.06254339218139648 },
"ab/simple_arbiter_unreal14_4.ltl": { "status": true, "rtime": 0.06472086906433105 },
"ab/simple_arbiter_unreal15_3.ltl": { "status": true, "rtime": 0.07300376892089844 },
"ab/SingleContoller_d65ed84e.ltl": { "status": true, "rtime": 7.2389702796936035 },
"ab/SPIWriteManag.ltl": { "status": true, "rtime": 7.355081796646118 },
"ab/test2_f2774e0b.ltl": { "status": true, "rtime": 5.504065275192261 },
"ab/test3_efe2feaf.ltl": { "status": true, "rtime": 7.623616933822632 },
"ab/TwoCounters2.ltl": { "status": true, "rtime": 5.812057256698608 },
"ab/TwoCounters3.ltl": { "status": true, "rtime": 11.32898998260498 },
"ab/TwoCountersInRangeA0.ltl": { "status": true, "rtime": 5.1609625816345215 },
"ab/TwoCountersInRangeA1.ltl": { "status": true, "rtime": 8.05005931854248 },
"ab/TwoCountersInRangeA2.ltl": { "status": true, "rtime": 8.72714638710022 },
"ab/TwoCountersInRangeA3.ltl": { "status": true, "rtime": 8.590341329574585 },
"ab/TwoCountersInRangeA4.ltl": { "status": true, "rtime": 8.67487120628357 },
"ab/TwoCountersInRangeM0.ltl": { "status": true, "rtime": 9.217212677001953 },
"ab/TwoCountersInRangeM1.ltl": { "status": true, "rtime": 9.332814455032349 },
"ab/TwoCountersInRangeM2.ltl": { "status": true, "rtime": 9.210588216781616 },
"ab/TwoCountersInRangeM4.ltl": { "status": true, "rtime": 9.287539005279541 },
"ab/TwoCountersInRange.ltl": { "status": true, "rtime": 5.2071356773376465 },
   "result": { "status": false, "rtime": 0 }
 },
 "preamble": {
    "program": "ab-booleanstates_none",
    "prog_alias": "ab-booleanstates_none"
  }
}
