{
  "stats": {  
"ab/amba_case_study2.ltl": { "status": true, "rtime": 5.582682371139526 },
"ab/amba_decomposed_encode12.ltl": { "status": true, "rtime": 1.6403298377990723 },
"ab/amba_decomposed_encode13.ltl": { "status": true, "rtime": 3.7503840923309326 },
"ab/amba_decomposed_encode14.ltl": { "status": true, "rtime": 7.781285047531128 },
"ab/amba_decomposed_lock9.ltl": { "status": true, "rtime": 2.9682414531707764 },
"ab/collector_v19.ltl": { "status": true, "rtime": 4.892023801803589 },
"ab/collector_v213.ltl": { "status": true, "rtime": 5.0949742794036865 },
"ab/collector_v215.ltl": { "status": true, "rtime": 7.403601169586182 },
"ab/collector_v39.ltl": { "status": true, "rtime": 14.812493562698364 },
"ab/Core_4b5a2bad.ltl": { "status": true, "rtime": 1.5542175769805908 },
"ab/detector14.ltl": { "status": true, "rtime": 5.291101455688477 },
"ab/detector_unreal12.ltl": { "status": true, "rtime": 1.2726287841796875 },
"ab/detector_unreal13.ltl": { "status": true, "rtime": 3.4051599502563477 },
"ab/detector_unreal14.ltl": { "status": true, "rtime": 10.03360629081726 },
"ab/full_arbiter_unreal12_14.ltl": { "status": true, "rtime": 1.4917738437652588 },
"ab/full_arbiter_unreal12_15.ltl": { "status": true, "rtime": 3.2812726497650146 },
"ab/full_arbiter_unreal12_16.ltl": { "status": true, "rtime": 7.28407096862793 },
"ab/full_arbiter_unreal13_6.ltl": { "status": true, "rtime": 2.683950901031494 },
"ab/full_arbiter_unreal14_4.ltl": { "status": true, "rtime": 4.691525936126709 },
"ab/full_arbiter_unreal24.ltl": { "status": true, "rtime": 9.13730525970459 },
"ab/GamemodeChooser.ltl": { "status": true, "rtime": 8.079761743545532 },
"ab/KitchenTimerV10.ltl": { "status": true, "rtime": 2.8151447772979736 },
"ab/KitchenTimerV8.ltl": { "status": true, "rtime": 4.020975112915039 },
"ab/Lights2_06e9cad4.ltl": { "status": true, "rtime": 12.707306861877441 },
"ab/Lights2_0f5381e9.ltl": { "status": true, "rtime": 5.9082932472229 },
"ab/Lights2_9cac58d3.ltl": { "status": true, "rtime": 3.5220208168029785 },
"ab/Lights2_b02056d6.ltl": { "status": true, "rtime": 3.532863140106201 },
"ab/Lights2_f3987563.ltl": { "status": true, "rtime": 3.6235883235931396 },
"ab/LightsTotal_9cbf2546.ltl": { "status": true, "rtime": 14.215303897857666 },
"ab/load_balancer6.ltl": { "status": true, "rtime": 1.36488676071167 },
"ab/load_balancer_unreal12_15.ltl": { "status": true, "rtime": 1.1871449947357178 },
"ab/load_balancer_unreal12_16.ltl": { "status": true, "rtime": 2.6297903060913086 },
"ab/load_balancer_unreal13_12.ltl": { "status": true, "rtime": 1.1043426990509033 },
"ab/load_balancer_unreal14_6.ltl": { "status": true, "rtime": 2.014871120452881 },
"ab/load_balancer_unreal14_7.ltl": { "status": true, "rtime": 14.051296472549438 },
"ab/ltl2dba_beta3.ltl": { "status": true, "rtime": 1.1492631435394287 },
"ab/ltl2dba_beta4.ltl": { "status": true, "rtime": 13.618011474609375 },
"ab/ltl2dba_C214.ltl": { "status": true, "rtime": 5.290215492248535 },
"ab/ltl2dba_E5.ltl": { "status": true, "rtime": 1.3327877521514893 },
"ab/ltl2dba_E6.ltl": { "status": true, "rtime": 11.69368290901184 },
"ab/ltl2dba_Q5.ltl": { "status": true, "rtime": 3.1733977794647217 },
"ab/ltl2dba_R7.ltl": { "status": true, "rtime": 6.970649719238281 },
"ab/ltl2dba_theta10.ltl": { "status": true, "rtime": 3.3670830726623535 },
"ab/ltl2dba_U17.ltl": { "status": true, "rtime": 2.1054632663726807 },
"ab/ltl2dba_U18.ltl": { "status": true, "rtime": 10.331519842147827 },
"ab/mux16.ltl": { "status": true, "rtime": 1.7949628829956055 },
"ab/OneCounterGuiA1.ltl": { "status": true, "rtime": 1.7085340023040771 },
"ab/OneCounterGuiA2.ltl": { "status": true, "rtime": 1.9749102592468262 },
"ab/OneCounterGuiA3.ltl": { "status": true, "rtime": 2.7620351314544678 },
"ab/OneCounterGuiA4.ltl": { "status": true, "rtime": 2.8514504432678223 },
"ab/OneCounterGuiA5.ltl": { "status": true, "rtime": 2.978339910507202 },
"ab/OneCounterGuiA6.ltl": { "status": true, "rtime": 5.998188495635986 },
"ab/OneCounterGuiA7.ltl": { "status": true, "rtime": 8.284022331237793 },
"ab/OneCounterGuiA8.ltl": { "status": true, "rtime": 5.067630052566528 },
"ab/prioritized_arbiter6.ltl": { "status": true, "rtime": 1.577165126800537 },
"ab/prioritized_arbiter_enc10.ltl": { "status": true, "rtime": 7.8324854373931885 },
"ab/prioritized_arbiter_unreal12_13.ltl": { "status": true, "rtime": 1.944077968597412 },
"ab/prioritized_arbiter_unreal12_14.ltl": { "status": true, "rtime": 4.218173980712891 },
"ab/prioritized_arbiter_unreal12_15.ltl": { "status": true, "rtime": 9.076947212219238 },
"ab/prioritized_arbiter_unreal13_5.ltl": { "status": true, "rtime": 1.0730407238006592 },
"ab/prioritized_arbiter_unreal13_6.ltl": { "status": true, "rtime": 6.886877775192261 },
"ab/prioritized_arbiter_unreal14_3.ltl": { "status": true, "rtime": 1.098238468170166 },
"ab/prioritized_arbiter_unreal14_4.ltl": { "status": true, "rtime": 10.992384910583496 },
"ab/prioritized_arbiter_unreal24.ltl": { "status": true, "rtime": 7.024606227874756 },
"ab/robot_grid16_16.ltl": { "status": true, "rtime": 2.9865870475769043 },
"ab/round_robin_arbiter4.ltl": { "status": true, "rtime": 3.5728821754455566 },
"ab/round_robin_arbiter_unreal12_15.ltl": { "status": true, "rtime": 2.0714597702026367 },
"ab/round_robin_arbiter_unreal12_16.ltl": { "status": true, "rtime": 4.506715774536133 },
"ab/round_robin_arbiter_unreal13_6.ltl": { "status": true, "rtime": 1.737835168838501 },
"ab/round_robin_arbiter_unreal13_7.ltl": { "status": true, "rtime": 11.597898006439209 },
"ab/round_robin_arbiter_unreal14_4.ltl": { "status": true, "rtime": 3.0316524505615234 },
"ab/SensorInit.ltl": { "status": true, "rtime": 12.722669124603271 },
"ab/SensorSubmodulChooser.ltl": { "status": true, "rtime": 13.19549012184143 },
"ab/simple_arbiter_enc10.ltl": { "status": true, "rtime": 12.72953462600708 },
"ab/simple_arbiter_unreal13_6.ltl": { "status": true, "rtime": 1.687608003616333 },
"ab/simple_arbiter_unreal13_7.ltl": { "status": true, "rtime": 11.886268854141235 },
"ab/simple_arbiter_unreal14_4.ltl": { "status": true, "rtime": 2.8179714679718018 },
"ab/simple_arbiter_unreal15_3.ltl": { "status": true, "rtime": 5.291064262390137 },
"ab/SingleContoller_d65ed84e.ltl": { "status": true, "rtime": 7.777510643005371 },
"ab/SPIWriteManag.ltl": { "status": true, "rtime": 8.182610273361206 },
"ab/test2_f2774e0b.ltl": { "status": true, "rtime": 5.3342907428741455 },
"ab/test3_efe2feaf.ltl": { "status": true, "rtime": 7.118751525878906 },
"ab/TwoCounters2.ltl": { "status": true, "rtime": 5.677319765090942 },
"ab/TwoCounters3.ltl": { "status": true, "rtime": 11.22770380973816 },
"ab/TwoCountersInRangeA0.ltl": { "status": true, "rtime": 5.069498777389526 },
"ab/TwoCountersInRangeA1.ltl": { "status": true, "rtime": 7.976150989532471 },
"ab/TwoCountersInRangeA2.ltl": { "status": true, "rtime": 8.320950031280518 },
"ab/TwoCountersInRangeA3.ltl": { "status": true, "rtime": 8.603272199630737 },
"ab/TwoCountersInRangeA4.ltl": { "status": true, "rtime": 8.592798471450806 },
"ab/TwoCountersInRangeM0.ltl": { "status": true, "rtime": 9.095632314682007 },
"ab/TwoCountersInRangeM1.ltl": { "status": true, "rtime": 9.137935876846313 },
"ab/TwoCountersInRangeM2.ltl": { "status": true, "rtime": 9.250623226165771 },
"ab/TwoCountersInRangeM4.ltl": { "status": true, "rtime": 9.097853899002075 },
"ab/TwoCountersInRange.ltl": { "status": true, "rtime": 5.095285654067993 },
   "result": { "status": false, "rtime": 0 }
 },
 "preamble": {
    "program": "ab-downset_vectorbin",
    "prog_alias": "ab-downset_vectorbin"
  }
}
