{
  "stats": {  
"ab/amba_case_study2.ltl": { "status": true, "rtime": 1.904195785522461 },
"ab/amba_decomposed_encode12.ltl": { "status": true, "rtime": 1.610595941543579 },
"ab/amba_decomposed_encode13.ltl": { "status": true, "rtime": 3.610135316848755 },
"ab/amba_decomposed_encode14.ltl": { "status": true, "rtime": 7.7494213581085205 },
"ab/amba_decomposed_lock9.ltl": { "status": true, "rtime": 2.972066879272461 },
"ab/collector_v19.ltl": { "status": true, "rtime": 3.918182134628296 },
"ab/collector_v213.ltl": { "status": true, "rtime": 4.778073310852051 },
"ab/collector_v215.ltl": { "status": true, "rtime": 7.379090070724487 },
"ab/collector_v39.ltl": { "status": true, "rtime": 15.272940874099731 },
"ab/Core_4b5a2bad.ltl": { "status": true, "rtime": 1.427555799484253 },
"ab/detector14.ltl": { "status": true, "rtime": 5.327081680297852 },
"ab/detector_unreal12.ltl": { "status": true, "rtime": 1.271690845489502 },
"ab/detector_unreal13.ltl": { "status": true, "rtime": 3.452263116836548 },
"ab/detector_unreal14.ltl": { "status": true, "rtime": 10.039456605911255 },
"ab/full_arbiter_unreal12_14.ltl": { "status": true, "rtime": 1.4849441051483154 },
"ab/full_arbiter_unreal12_15.ltl": { "status": true, "rtime": 3.2679872512817383 },
"ab/full_arbiter_unreal12_16.ltl": { "status": true, "rtime": 7.244836807250977 },
"ab/full_arbiter_unreal13_6.ltl": { "status": true, "rtime": 2.677555799484253 },
"ab/full_arbiter_unreal14_4.ltl": { "status": true, "rtime": 4.731619358062744 },
"ab/full_arbiter_unreal24.ltl": { "status": true, "rtime": 9.190686702728271 },
"ab/GamemodeChooser.ltl": { "status": true, "rtime": 8.101892948150635 },
"ab/KitchenTimerV10.ltl": { "status": true, "rtime": 2.742485523223877 },
"ab/KitchenTimerV8.ltl": { "status": true, "rtime": 3.715099573135376 },
"ab/Lights2_06e9cad4.ltl": { "status": true, "rtime": 12.191672086715698 },
"ab/Lights2_0f5381e9.ltl": { "status": true, "rtime": 5.587337493896484 },
"ab/Lights2_9cac58d3.ltl": { "status": true, "rtime": 3.152996063232422 },
"ab/Lights2_b02056d6.ltl": { "status": true, "rtime": 3.19909405708313 },
"ab/Lights2_f3987563.ltl": { "status": true, "rtime": 3.151224374771118 },
"ab/LightsTotal_9cbf2546.ltl": { "status": true, "rtime": 12.11937427520752 },
"ab/load_balancer6.ltl": { "status": true, "rtime": 1.3228099346160889 },
"ab/load_balancer_unreal12_15.ltl": { "status": true, "rtime": 1.1835582256317139 },
"ab/load_balancer_unreal12_16.ltl": { "status": true, "rtime": 2.648099899291992 },
"ab/load_balancer_unreal13_12.ltl": { "status": true, "rtime": 1.0931310653686523 },
"ab/load_balancer_unreal14_6.ltl": { "status": true, "rtime": 2.0481879711151123 },
"ab/load_balancer_unreal14_7.ltl": { "status": true, "rtime": 14.052252292633057 },
"ab/ltl2dba_beta3.ltl": { "status": true, "rtime": 0.19254374504089355 },
"ab/ltl2dba_beta4.ltl": { "status": true, "rtime": 1.6403241157531738 },
"ab/ltl2dba_C214.ltl": { "status": true, "rtime": 5.28087854385376 },
"ab/ltl2dba_E5.ltl": { "status": true, "rtime": 0.35842394828796387 },
"ab/ltl2dba_E6.ltl": { "status": true, "rtime": 3.250185251235962 },
"ab/ltl2dba_Q5.ltl": { "status": true, "rtime": 2.8901803493499756 },
"ab/ltl2dba_R7.ltl": { "status": true, "rtime": 6.7363176345825195 },
"ab/ltl2dba_theta10.ltl": { "status": true, "rtime": 2.4183449745178223 },
"ab/ltl2dba_U17.ltl": { "status": true, "rtime": 1.7958824634552002 },
"ab/ltl2dba_U18.ltl": { "status": false, "rtime": 17.021070957183838 },
"ab/mux16.ltl": { "status": true, "rtime": 1.7816834449768066 },
"ab/OneCounterGuiA1.ltl": { "status": true, "rtime": 1.7147996425628662 },
"ab/OneCounterGuiA2.ltl": { "status": true, "rtime": 1.9504380226135254 },
"ab/OneCounterGuiA3.ltl": { "status": true, "rtime": 2.7308058738708496 },
"ab/OneCounterGuiA4.ltl": { "status": true, "rtime": 2.8504605293273926 },
"ab/OneCounterGuiA5.ltl": { "status": true, "rtime": 2.9754977226257324 },
"ab/OneCounterGuiA6.ltl": { "status": true, "rtime": 5.979238510131836 },
"ab/OneCounterGuiA7.ltl": { "status": true, "rtime": 8.118573904037476 },
"ab/OneCounterGuiA8.ltl": { "status": true, "rtime": 5.045210123062134 },
"ab/prioritized_arbiter6.ltl": { "status": true, "rtime": 2.5790727138519287 },
"ab/prioritized_arbiter_enc10.ltl": { "status": true, "rtime": 7.804291009902954 },
"ab/prioritized_arbiter_unreal12_13.ltl": { "status": true, "rtime": 1.9625186920166016 },
"ab/prioritized_arbiter_unreal12_14.ltl": { "status": true, "rtime": 4.204853057861328 },
"ab/prioritized_arbiter_unreal12_15.ltl": { "status": true, "rtime": 8.963546752929688 },
"ab/prioritized_arbiter_unreal13_5.ltl": { "status": true, "rtime": 1.0720596313476562 },
"ab/prioritized_arbiter_unreal13_6.ltl": { "status": true, "rtime": 6.8349175453186035 },
"ab/prioritized_arbiter_unreal14_3.ltl": { "status": true, "rtime": 1.097733736038208 },
"ab/prioritized_arbiter_unreal14_4.ltl": { "status": true, "rtime": 10.972090721130371 },
"ab/prioritized_arbiter_unreal24.ltl": { "status": true, "rtime": 7.061372518539429 },
"ab/robot_grid16_16.ltl": { "status": true, "rtime": 3.02618145942688 },
"ab/round_robin_arbiter4.ltl": { "status": true, "rtime": 2.48288631439209 },
"ab/round_robin_arbiter_unreal12_15.ltl": { "status": true, "rtime": 2.0627658367156982 },
"ab/round_robin_arbiter_unreal12_16.ltl": { "status": true, "rtime": 4.46610164642334 },
"ab/round_robin_arbiter_unreal13_6.ltl": { "status": true, "rtime": 1.7266981601715088 },
"ab/round_robin_arbiter_unreal13_7.ltl": { "status": true, "rtime": 11.613467931747437 },
"ab/round_robin_arbiter_unreal14_4.ltl": { "status": true, "rtime": 2.9983584880828857 },
"ab/SensorInit.ltl": { "status": true, "rtime": 12.22797179222107 },
"ab/SensorSubmodulChooser.ltl": { "status": true, "rtime": 13.160513877868652 },
"ab/simple_arbiter_enc10.ltl": { "status": true, "rtime": 12.711037397384644 },
"ab/simple_arbiter_unreal13_6.ltl": { "status": true, "rtime": 1.6763300895690918 },
"ab/simple_arbiter_unreal13_7.ltl": { "status": true, "rtime": 11.916194200515747 },
"ab/simple_arbiter_unreal14_4.ltl": { "status": true, "rtime": 2.8027660846710205 },
"ab/simple_arbiter_unreal15_3.ltl": { "status": true, "rtime": 5.300405502319336 },
"ab/SingleContoller_d65ed84e.ltl": { "status": true, "rtime": 6.971270322799683 },
"ab/SPIWriteManag.ltl": { "status": true, "rtime": 7.980539321899414 },
"ab/test2_f2774e0b.ltl": { "status": true, "rtime": 5.266238689422607 },
"ab/test3_efe2feaf.ltl": { "status": true, "rtime": 6.94281005859375 },
"ab/TwoCounters2.ltl": { "status": true, "rtime": 5.658909797668457 },
"ab/TwoCounters3.ltl": { "status": true, "rtime": 11.12156629562378 },
"ab/TwoCountersInRangeA0.ltl": { "status": true, "rtime": 5.034054756164551 },
"ab/TwoCountersInRangeA1.ltl": { "status": true, "rtime": 7.931385040283203 },
"ab/TwoCountersInRangeA2.ltl": { "status": true, "rtime": 8.454647779464722 },
"ab/TwoCountersInRangeA3.ltl": { "status": true, "rtime": 8.566227674484253 },
"ab/TwoCountersInRangeA4.ltl": { "status": true, "rtime": 8.53034234046936 },
"ab/TwoCountersInRangeM0.ltl": { "status": true, "rtime": 9.139681577682495 },
"ab/TwoCountersInRangeM1.ltl": { "status": true, "rtime": 9.166806697845459 },
"ab/TwoCountersInRangeM2.ltl": { "status": true, "rtime": 9.168328285217285 },
"ab/TwoCountersInRangeM4.ltl": { "status": true, "rtime": 9.090095520019531 },
"ab/TwoCountersInRange.ltl": { "status": true, "rtime": 5.067577600479126 },
   "result": { "status": false, "rtime": 0 }
 },
 "preamble": {
    "program": "ab-downset_v1ds",
    "prog_alias": "ab-downset_v1ds"
  }
}
