{
  "stats": {  
"ab/amba_case_study2.ltl": { "status": true, "rtime": 2.021347999572754 },
"ab/amba_decomposed_encode12.ltl": { "status": true, "rtime": 1.6177902221679688 },
"ab/amba_decomposed_encode13.ltl": { "status": true, "rtime": 3.6724693775177 },
"ab/amba_decomposed_encode14.ltl": { "status": true, "rtime": 7.695970296859741 },
"ab/amba_decomposed_lock9.ltl": { "status": true, "rtime": 3.00458025932312 },
"ab/collector_v19.ltl": { "status": true, "rtime": 4.960112571716309 },
"ab/collector_v213.ltl": { "status": true, "rtime": 4.7361695766448975 },
"ab/collector_v215.ltl": { "status": true, "rtime": 7.453628063201904 },
"ab/collector_v39.ltl": { "status": true, "rtime": 14.701086282730103 },
"ab/Core_4b5a2bad.ltl": { "status": true, "rtime": 1.428844690322876 },
"ab/detector14.ltl": { "status": true, "rtime": 5.338605642318726 },
"ab/detector_unreal12.ltl": { "status": true, "rtime": 1.281097412109375 },
"ab/detector_unreal13.ltl": { "status": true, "rtime": 3.4119300842285156 },
"ab/detector_unreal14.ltl": { "status": true, "rtime": 9.996059894561768 },
"ab/full_arbiter_unreal12_14.ltl": { "status": true, "rtime": 1.4853463172912598 },
"ab/full_arbiter_unreal12_15.ltl": { "status": true, "rtime": 3.2593772411346436 },
"ab/full_arbiter_unreal12_16.ltl": { "status": true, "rtime": 7.302408933639526 },
"ab/full_arbiter_unreal13_6.ltl": { "status": true, "rtime": 2.643768310546875 },
"ab/full_arbiter_unreal14_4.ltl": { "status": true, "rtime": 4.64214563369751 },
"ab/full_arbiter_unreal24.ltl": { "status": true, "rtime": 9.129137992858887 },
"ab/GamemodeChooser.ltl": { "status": true, "rtime": 8.06730604171753 },
"ab/KitchenTimerV10.ltl": { "status": true, "rtime": 2.758387565612793 },
"ab/KitchenTimerV8.ltl": { "status": true, "rtime": 3.823631763458252 },
"ab/Lights2_06e9cad4.ltl": { "status": true, "rtime": 12.388672828674316 },
"ab/Lights2_0f5381e9.ltl": { "status": true, "rtime": 5.565056085586548 },
"ab/Lights2_9cac58d3.ltl": { "status": true, "rtime": 3.199220895767212 },
"ab/Lights2_b02056d6.ltl": { "status": true, "rtime": 3.1787679195404053 },
"ab/Lights2_f3987563.ltl": { "status": true, "rtime": 3.2066407203674316 },
"ab/LightsTotal_9cbf2546.ltl": { "status": true, "rtime": 12.031669616699219 },
"ab/load_balancer6.ltl": { "status": true, "rtime": 1.336557388305664 },
"ab/load_balancer_unreal12_15.ltl": { "status": true, "rtime": 1.1808550357818604 },
"ab/load_balancer_unreal12_16.ltl": { "status": true, "rtime": 2.6354434490203857 },
"ab/load_balancer_unreal13_12.ltl": { "status": true, "rtime": 1.0913963317871094 },
"ab/load_balancer_unreal14_6.ltl": { "status": true, "rtime": 2.008204936981201 },
"ab/load_balancer_unreal14_7.ltl": { "status": true, "rtime": 14.09850549697876 },
"ab/ltl2dba_beta3.ltl": { "status": true, "rtime": 0.08002161979675293 },
"ab/ltl2dba_beta4.ltl": { "status": true, "rtime": 0.3999359607696533 },
"ab/ltl2dba_C214.ltl": { "status": true, "rtime": 5.323144435882568 },
"ab/ltl2dba_E5.ltl": { "status": true, "rtime": 0.0920567512512207 },
"ab/ltl2dba_E6.ltl": { "status": true, "rtime": 0.5162045955657959 },
"ab/ltl2dba_Q5.ltl": { "status": true, "rtime": 0.7500171661376953 },
"ab/ltl2dba_R7.ltl": { "status": true, "rtime": 6.844918966293335 },
"ab/ltl2dba_theta10.ltl": { "status": true, "rtime": 2.3558123111724854 },
"ab/ltl2dba_U17.ltl": { "status": true, "rtime": 0.6824905872344971 },
"ab/ltl2dba_U18.ltl": { "status": true, "rtime": 6.90009069442749 },
"ab/mux16.ltl": { "status": true, "rtime": 1.7978734970092773 },
"ab/OneCounterGuiA1.ltl": { "status": true, "rtime": 1.690669298171997 },
"ab/OneCounterGuiA2.ltl": { "status": true, "rtime": 1.9724435806274414 },
"ab/OneCounterGuiA3.ltl": { "status": true, "rtime": 2.7688355445861816 },
"ab/OneCounterGuiA4.ltl": { "status": true, "rtime": 2.83410906791687 },
"ab/OneCounterGuiA5.ltl": { "status": true, "rtime": 2.9634735584259033 },
"ab/OneCounterGuiA6.ltl": { "status": true, "rtime": 5.948696851730347 },
"ab/OneCounterGuiA7.ltl": { "status": true, "rtime": 8.227221965789795 },
"ab/OneCounterGuiA8.ltl": { "status": true, "rtime": 5.109832763671875 },
"ab/prioritized_arbiter6.ltl": { "status": true, "rtime": 3.209474802017212 },
"ab/prioritized_arbiter_enc10.ltl": { "status": true, "rtime": 8.016465902328491 },
"ab/prioritized_arbiter_unreal12_13.ltl": { "status": true, "rtime": 1.9363162517547607 },
"ab/prioritized_arbiter_unreal12_14.ltl": { "status": true, "rtime": 4.2081825733184814 },
"ab/prioritized_arbiter_unreal12_15.ltl": { "status": true, "rtime": 9.013681173324585 },
"ab/prioritized_arbiter_unreal13_5.ltl": { "status": true, "rtime": 1.0705034732818604 },
"ab/prioritized_arbiter_unreal13_6.ltl": { "status": true, "rtime": 6.885265827178955 },
"ab/prioritized_arbiter_unreal14_3.ltl": { "status": true, "rtime": 1.1033360958099365 },
"ab/prioritized_arbiter_unreal14_4.ltl": { "status": true, "rtime": 10.903858661651611 },
"ab/prioritized_arbiter_unreal24.ltl": { "status": true, "rtime": 7.041850805282593 },
"ab/robot_grid16_16.ltl": { "status": true, "rtime": 2.9847404956817627 },
"ab/round_robin_arbiter4.ltl": { "status": true, "rtime": 2.134517192840576 },
"ab/round_robin_arbiter_unreal12_15.ltl": { "status": true, "rtime": 2.066934823989868 },
"ab/round_robin_arbiter_unreal12_16.ltl": { "status": true, "rtime": 4.4552648067474365 },
"ab/round_robin_arbiter_unreal13_6.ltl": { "status": true, "rtime": 1.7215814590454102 },
"ab/round_robin_arbiter_unreal13_7.ltl": { "status": true, "rtime": 11.600221395492554 },
"ab/round_robin_arbiter_unreal14_4.ltl": { "status": true, "rtime": 3.0229098796844482 },
"ab/SensorInit.ltl": { "status": true, "rtime": 12.26739501953125 },
"ab/SensorSubmodulChooser.ltl": { "status": true, "rtime": 13.044471740722656 },
"ab/simple_arbiter_enc10.ltl": { "status": true, "rtime": 12.745633602142334 },
"ab/simple_arbiter_unreal13_6.ltl": { "status": true, "rtime": 1.684847116470337 },
"ab/simple_arbiter_unreal13_7.ltl": { "status": true, "rtime": 11.92762041091919 },
"ab/simple_arbiter_unreal14_4.ltl": { "status": true, "rtime": 2.8329386711120605 },
"ab/simple_arbiter_unreal15_3.ltl": { "status": true, "rtime": 5.253692865371704 },
"ab/SingleContoller_d65ed84e.ltl": { "status": true, "rtime": 6.883782148361206 },
"ab/SPIWriteManag.ltl": { "status": true, "rtime": 8.02461862564087 },
"ab/test2_f2774e0b.ltl": { "status": true, "rtime": 5.245977878570557 },
"ab/test3_efe2feaf.ltl": { "status": true, "rtime": 6.903320789337158 },
"ab/TwoCounters2.ltl": { "status": true, "rtime": 5.658290147781372 },
"ab/TwoCounters3.ltl": { "status": true, "rtime": 11.337429761886597 },
"ab/TwoCountersInRangeA0.ltl": { "status": true, "rtime": 5.015466928482056 },
"ab/TwoCountersInRangeA1.ltl": { "status": true, "rtime": 8.21602487564087 },
"ab/TwoCountersInRangeA2.ltl": { "status": true, "rtime": 8.349042654037476 },
"ab/TwoCountersInRangeA3.ltl": { "status": true, "rtime": 8.47914171218872 },
"ab/TwoCountersInRangeA4.ltl": { "status": true, "rtime": 8.592071294784546 },
"ab/TwoCountersInRangeM0.ltl": { "status": true, "rtime": 9.065019607543945 },
"ab/TwoCountersInRangeM1.ltl": { "status": true, "rtime": 9.136574506759644 },
"ab/TwoCountersInRangeM2.ltl": { "status": true, "rtime": 9.140697002410889 },
"ab/TwoCountersInRangeM4.ltl": { "status": true, "rtime": 9.05208706855774 },
"ab/TwoCountersInRange.ltl": { "status": true, "rtime": 5.0147387981414795 },
   "result": { "status": false, "rtime": 0 }
 },
 "preamble": {
    "program": "ab-downset_vector",
    "prog_alias": "ab-downset_vector"
  }
}
