{
  "stats": {  
"ab/amba_case_study2.ltl": { "status": true, "rtime": 2.5754454135894775 },
"ab/amba_decomposed_encode12.ltl": { "status": true, "rtime": 1.6005241870880127 },
"ab/amba_decomposed_encode13.ltl": { "status": true, "rtime": 3.6657309532165527 },
"ab/amba_decomposed_encode14.ltl": { "status": true, "rtime": 7.809035539627075 },
"ab/amba_decomposed_lock9.ltl": { "status": true, "rtime": 2.9713733196258545 },
"ab/collector_v19.ltl": { "status": true, "rtime": 4.02961277961731 },
"ab/collector_v213.ltl": { "status": true, "rtime": 4.780550241470337 },
"ab/collector_v215.ltl": { "status": true, "rtime": 7.3813300132751465 },
"ab/collector_v39.ltl": { "status": true, "rtime": 14.701310157775879 },
"ab/Core_4b5a2bad.ltl": { "status": true, "rtime": 1.4194190502166748 },
"ab/detector14.ltl": { "status": true, "rtime": 5.36110258102417 },
"ab/detector_unreal12.ltl": { "status": true, "rtime": 1.2744414806365967 },
"ab/detector_unreal13.ltl": { "status": true, "rtime": 3.3909153938293457 },
"ab/detector_unreal14.ltl": { "status": true, "rtime": 10.040011167526245 },
"ab/full_arbiter_unreal12_14.ltl": { "status": true, "rtime": 1.49755859375 },
"ab/full_arbiter_unreal12_15.ltl": { "status": true, "rtime": 3.267855405807495 },
"ab/full_arbiter_unreal12_16.ltl": { "status": true, "rtime": 7.268913507461548 },
"ab/full_arbiter_unreal13_6.ltl": { "status": true, "rtime": 2.677945137023926 },
"ab/full_arbiter_unreal14_4.ltl": { "status": true, "rtime": 4.670711040496826 },
"ab/full_arbiter_unreal24.ltl": { "status": true, "rtime": 9.19205904006958 },
"ab/GamemodeChooser.ltl": { "status": true, "rtime": 8.067220449447632 },
"ab/KitchenTimerV10.ltl": { "status": true, "rtime": 2.7539432048797607 },
"ab/KitchenTimerV8.ltl": { "status": true, "rtime": 3.4966750144958496 },
"ab/Lights2_06e9cad4.ltl": { "status": true, "rtime": 12.467218160629272 },
"ab/Lights2_0f5381e9.ltl": { "status": true, "rtime": 5.742928981781006 },
"ab/Lights2_9cac58d3.ltl": { "status": true, "rtime": 3.2876198291778564 },
"ab/Lights2_b02056d6.ltl": { "status": true, "rtime": 3.2933645248413086 },
"ab/Lights2_f3987563.ltl": { "status": true, "rtime": 3.4424679279327393 },
"ab/LightsTotal_9cbf2546.ltl": { "status": true, "rtime": 13.989588975906372 },
"ab/load_balancer6.ltl": { "status": true, "rtime": 1.3497819900512695 },
"ab/load_balancer_unreal12_15.ltl": { "status": true, "rtime": 1.1976280212402344 },
"ab/load_balancer_unreal12_16.ltl": { "status": true, "rtime": 2.648242473602295 },
"ab/load_balancer_unreal13_12.ltl": { "status": true, "rtime": 1.1006033420562744 },
"ab/load_balancer_unreal14_6.ltl": { "status": true, "rtime": 2.017763137817383 },
"ab/load_balancer_unreal14_7.ltl": { "status": true, "rtime": 14.259838104248047 },
"ab/ltl2dba_beta3.ltl": { "status": true, "rtime": 0.16061830520629883 },
"ab/ltl2dba_beta4.ltl": { "status": true, "rtime": 1.134230375289917 },
"ab/ltl2dba_C214.ltl": { "status": true, "rtime": 5.293532848358154 },
"ab/ltl2dba_E5.ltl": { "status": true, "rtime": 0.2576444149017334 },
"ab/ltl2dba_E6.ltl": { "status": true, "rtime": 1.9960684776306152 },
"ab/ltl2dba_Q5.ltl": { "status": true, "rtime": 0.8864932060241699 },
"ab/ltl2dba_R7.ltl": { "status": true, "rtime": 6.797245025634766 },
"ab/ltl2dba_theta10.ltl": { "status": true, "rtime": 2.3297219276428223 },
"ab/ltl2dba_U17.ltl": { "status": true, "rtime": 12.740487575531006 },
"ab/ltl2dba_U18.ltl": { "status": false, "rtime": 17.021104335784912 },
"ab/mux16.ltl": { "status": true, "rtime": 1.8667871952056885 },
"ab/OneCounterGuiA1.ltl": { "status": true, "rtime": 1.7041823863983154 },
"ab/OneCounterGuiA2.ltl": { "status": true, "rtime": 1.9638493061065674 },
"ab/OneCounterGuiA3.ltl": { "status": true, "rtime": 2.748098850250244 },
"ab/OneCounterGuiA4.ltl": { "status": true, "rtime": 2.884212017059326 },
"ab/OneCounterGuiA5.ltl": { "status": true, "rtime": 2.9698398113250732 },
"ab/OneCounterGuiA6.ltl": { "status": true, "rtime": 5.884052991867065 },
"ab/OneCounterGuiA7.ltl": { "status": true, "rtime": 8.057188987731934 },
"ab/OneCounterGuiA8.ltl": { "status": true, "rtime": 5.087947607040405 },
"ab/prioritized_arbiter6.ltl": { "status": true, "rtime": 2.1926069259643555 },
"ab/prioritized_arbiter_enc10.ltl": { "status": true, "rtime": 7.834349870681763 },
"ab/prioritized_arbiter_unreal12_13.ltl": { "status": true, "rtime": 1.946232795715332 },
"ab/prioritized_arbiter_unreal12_14.ltl": { "status": true, "rtime": 4.185229778289795 },
"ab/prioritized_arbiter_unreal12_15.ltl": { "status": true, "rtime": 9.009244441986084 },
"ab/prioritized_arbiter_unreal13_5.ltl": { "status": true, "rtime": 1.071244478225708 },
"ab/prioritized_arbiter_unreal13_6.ltl": { "status": true, "rtime": 6.826532602310181 },
"ab/prioritized_arbiter_unreal14_3.ltl": { "status": true, "rtime": 1.1034681797027588 },
"ab/prioritized_arbiter_unreal14_4.ltl": { "status": true, "rtime": 11.0215482711792 },
"ab/prioritized_arbiter_unreal24.ltl": { "status": true, "rtime": 7.016826868057251 },
"ab/robot_grid16_16.ltl": { "status": true, "rtime": 2.9838783740997314 },
"ab/round_robin_arbiter4.ltl": { "status": true, "rtime": 2.712531089782715 },
"ab/round_robin_arbiter_unreal12_15.ltl": { "status": true, "rtime": 2.06899094581604 },
"ab/round_robin_arbiter_unreal12_16.ltl": { "status": true, "rtime": 4.4602625370025635 },
"ab/round_robin_arbiter_unreal13_6.ltl": { "status": true, "rtime": 1.7269854545593262 },
"ab/round_robin_arbiter_unreal13_7.ltl": { "status": true, "rtime": 11.715900659561157 },
"ab/round_robin_arbiter_unreal14_4.ltl": { "status": true, "rtime": 2.83878231048584 },
"ab/SensorInit.ltl": { "status": true, "rtime": 12.175459861755371 },
"ab/SensorSubmodulChooser.ltl": { "status": true, "rtime": 13.07082748413086 },
"ab/simple_arbiter_enc10.ltl": { "status": true, "rtime": 12.662561655044556 },
"ab/simple_arbiter_unreal13_6.ltl": { "status": true, "rtime": 1.6924009323120117 },
"ab/simple_arbiter_unreal13_7.ltl": { "status": true, "rtime": 11.82085919380188 },
"ab/simple_arbiter_unreal14_4.ltl": { "status": true, "rtime": 2.8061611652374268 },
"ab/simple_arbiter_unreal15_3.ltl": { "status": true, "rtime": 5.2764692306518555 },
"ab/SingleContoller_d65ed84e.ltl": { "status": true, "rtime": 6.939859867095947 },
"ab/SPIWriteManag.ltl": { "status": true, "rtime": 7.976975679397583 },
"ab/test2_f2774e0b.ltl": { "status": true, "rtime": 5.182649612426758 },
"ab/test3_efe2feaf.ltl": { "status": true, "rtime": 6.915477752685547 },
"ab/TwoCounters2.ltl": { "status": true, "rtime": 5.645110368728638 },
"ab/TwoCounters3.ltl": { "status": true, "rtime": 11.37235426902771 },
"ab/TwoCountersInRangeA0.ltl": { "status": true, "rtime": 5.062471628189087 },
"ab/TwoCountersInRangeA1.ltl": { "status": true, "rtime": 7.881027698516846 },
"ab/TwoCountersInRangeA2.ltl": { "status": true, "rtime": 8.386819839477539 },
"ab/TwoCountersInRangeA3.ltl": { "status": true, "rtime": 8.614383459091187 },
"ab/TwoCountersInRangeA4.ltl": { "status": true, "rtime": 8.687681198120117 },
"ab/TwoCountersInRangeM0.ltl": { "status": true, "rtime": 9.089215755462646 },
"ab/TwoCountersInRangeM1.ltl": { "status": true, "rtime": 9.174929857254028 },
"ab/TwoCountersInRangeM2.ltl": { "status": true, "rtime": 9.195584774017334 },
"ab/TwoCountersInRangeM4.ltl": { "status": true, "rtime": 9.11552095413208 },
"ab/TwoCountersInRange.ltl": { "status": true, "rtime": 5.077708721160889 },
   "result": { "status": false, "rtime": 0 }
 },
 "preamble": {
    "program": "ab-downset_v1dsio",
    "prog_alias": "ab-downset_v1dsio"
  }
}
