{
  "stats": {  
"ab/amba_case_study2.ltl": { "status": false, "rtime": 17.019106149673462 },
"ab/amba_decomposed_encode12.ltl": { "status": true, "rtime": 0.517462968826294 },
"ab/amba_decomposed_encode13.ltl": { "status": true, "rtime": 1.3450031280517578 },
"ab/amba_decomposed_encode14.ltl": { "status": true, "rtime": 2.976585865020752 },
"ab/amba_decomposed_lock9.ltl": { "status": true, "rtime": 1.7760438919067383 },
"ab/collector_v19.ltl": { "status": true, "rtime": 0.9393186569213867 },
"ab/collector_v213.ltl": { "status": true, "rtime": 9.17173433303833 },
"ab/collector_v215.ltl": { "status": true, "rtime": 7.371591329574585 },
"ab/collector_v39.ltl": { "status": true, "rtime": 11.979045152664185 },
"ab/Core_4b5a2bad.ltl": { "status": true, "rtime": 0.10421299934387207 },
"ab/detector14.ltl": { "status": true, "rtime": 9.127140998840332 },
"ab/detector_unreal12.ltl": { "status": true, "rtime": 1.3533518314361572 },
"ab/detector_unreal13.ltl": { "status": true, "rtime": 3.7120614051818848 },
"ab/detector_unreal14.ltl": { "status": true, "rtime": 11.36876916885376 },
"ab/full_arbiter_unreal12_14.ltl": { "status": true, "rtime": 0.0632479190826416 },
"ab/full_arbiter_unreal12_15.ltl": { "status": true, "rtime": 0.06291699409484863 },
"ab/full_arbiter_unreal12_16.ltl": { "status": true, "rtime": 0.06327366828918457 },
"ab/full_arbiter_unreal13_6.ltl": { "status": true, "rtime": 0.0665884017944336 },
"ab/full_arbiter_unreal14_4.ltl": { "status": true, "rtime": 5.233908176422119 },
"ab/full_arbiter_unreal24.ltl": { "status": true, "rtime": 0.10419034957885742 },
"ab/GamemodeChooser.ltl": { "status": true, "rtime": 6.907447814941406 },
"ab/KitchenTimerV10.ltl": { "status": true, "rtime": 2.2159316539764404 },
"ab/KitchenTimerV8.ltl": { "status": true, "rtime": 3.109067916870117 },
"ab/Lights2_06e9cad4.ltl": { "status": true, "rtime": 0.12729573249816895 },
"ab/Lights2_0f5381e9.ltl": { "status": true, "rtime": 0.16665196418762207 },
"ab/Lights2_9cac58d3.ltl": { "status": true, "rtime": 0.118255615234375 },
"ab/Lights2_b02056d6.ltl": { "status": true, "rtime": 0.11709165573120117 },
"ab/Lights2_f3987563.ltl": { "status": true, "rtime": 0.1188821792602539 },
"ab/LightsTotal_9cbf2546.ltl": { "status": true, "rtime": 0.4638690948486328 },
"ab/load_balancer6.ltl": { "status": true, "rtime": 1.2885847091674805 },
"ab/load_balancer_unreal12_15.ltl": { "status": true, "rtime": 0.06512188911437988 },
"ab/load_balancer_unreal12_16.ltl": { "status": true, "rtime": 0.06473207473754883 },
"ab/load_balancer_unreal13_12.ltl": { "status": true, "rtime": 1.0987768173217773 },
"ab/load_balancer_unreal14_6.ltl": { "status": true, "rtime": 2.0975327491760254 },
"ab/load_balancer_unreal14_7.ltl": { "status": true, "rtime": 14.25528860092163 },
"ab/ltl2dba_beta3.ltl": { "status": true, "rtime": 0.0760955810546875 },
"ab/ltl2dba_beta4.ltl": { "status": true, "rtime": 0.133575439453125 },
"ab/ltl2dba_C214.ltl": { "status": true, "rtime": 9.024617195129395 },
"ab/ltl2dba_E5.ltl": { "status": false, "rtime": 17.02122688293457 },
"ab/ltl2dba_E6.ltl": { "status": true, "rtime": 0.08281302452087402 },
"ab/ltl2dba_Q5.ltl": { "status": true, "rtime": 0.20769906044006348 },
"ab/ltl2dba_R7.ltl": { "status": true, "rtime": 6.656338691711426 },
"ab/ltl2dba_theta10.ltl": { "status": true, "rtime": 1.333754301071167 },
"ab/ltl2dba_U17.ltl": { "status": true, "rtime": 0.17143845558166504 },
"ab/ltl2dba_U18.ltl": { "status": false, "rtime": 17.01998257637024 },
"ab/mux16.ltl": { "status": true, "rtime": 0.018625497817993164 },
"ab/OneCounterGuiA1.ltl": { "status": true, "rtime": 0.09261512756347656 },
"ab/OneCounterGuiA2.ltl": { "status": true, "rtime": 0.15682315826416016 },
"ab/OneCounterGuiA3.ltl": { "status": true, "rtime": 0.41922831535339355 },
"ab/OneCounterGuiA4.ltl": { "status": true, "rtime": 0.41609978675842285 },
"ab/OneCounterGuiA5.ltl": { "status": true, "rtime": 0.4247303009033203 },
"ab/OneCounterGuiA6.ltl": { "status": true, "rtime": 1.0029408931732178 },
"ab/OneCounterGuiA7.ltl": { "status": true, "rtime": 1.021801233291626 },
"ab/OneCounterGuiA8.ltl": { "status": true, "rtime": 2.6876535415649414 },
"ab/prioritized_arbiter6.ltl": { "status": true, "rtime": 0.16144728660583496 },
"ab/prioritized_arbiter_enc10.ltl": { "status": true, "rtime": 0.11821484565734863 },
"ab/prioritized_arbiter_unreal12_13.ltl": { "status": true, "rtime": 0.0621185302734375 },
"ab/prioritized_arbiter_unreal12_14.ltl": { "status": true, "rtime": 0.06202411651611328 },
"ab/prioritized_arbiter_unreal12_15.ltl": { "status": true, "rtime": 0.06232953071594238 },
"ab/prioritized_arbiter_unreal13_5.ltl": { "status": true, "rtime": 0.06347322463989258 },
"ab/prioritized_arbiter_unreal13_6.ltl": { "status": true, "rtime": 0.06437444686889648 },
"ab/prioritized_arbiter_unreal14_3.ltl": { "status": true, "rtime": 0.0711669921875 },
"ab/prioritized_arbiter_unreal14_4.ltl": { "status": true, "rtime": 0.07215166091918945 },
"ab/prioritized_arbiter_unreal24.ltl": { "status": true, "rtime": 0.07155871391296387 },
"ab/robot_grid16_16.ltl": { "status": true, "rtime": 2.9472360610961914 },
"ab/round_robin_arbiter4.ltl": { "status": true, "rtime": 0.07948732376098633 },
"ab/round_robin_arbiter_unreal12_15.ltl": { "status": true, "rtime": 2.0987606048583984 },
"ab/round_robin_arbiter_unreal12_16.ltl": { "status": true, "rtime": 4.5170276165008545 },
"ab/round_robin_arbiter_unreal13_6.ltl": { "status": true, "rtime": 1.8018462657928467 },
"ab/round_robin_arbiter_unreal13_7.ltl": { "status": true, "rtime": 11.70841932296753 },
"ab/round_robin_arbiter_unreal14_4.ltl": { "status": true, "rtime": 0.9610781669616699 },
"ab/SensorInit.ltl": { "status": true, "rtime": 10.703922986984253 },
"ab/SensorSubmodulChooser.ltl": { "status": true, "rtime": 11.820502996444702 },
"ab/simple_arbiter_enc10.ltl": { "status": true, "rtime": 0.08451151847839355 },
"ab/simple_arbiter_unreal13_6.ltl": { "status": true, "rtime": 0.06300568580627441 },
"ab/simple_arbiter_unreal13_7.ltl": { "status": true, "rtime": 0.06360793113708496 },
"ab/simple_arbiter_unreal14_4.ltl": { "status": true, "rtime": 0.0666658878326416 },
"ab/simple_arbiter_unreal15_3.ltl": { "status": true, "rtime": 0.07579994201660156 },
"ab/SingleContoller_d65ed84e.ltl": { "status": true, "rtime": 0.5767288208007812 },
"ab/SPIWriteManag.ltl": { "status": true, "rtime": 0.10264873504638672 },
"ab/test2_f2774e0b.ltl": { "status": true, "rtime": 4.0917747020721436 },
"ab/test3_efe2feaf.ltl": { "status": true, "rtime": 4.342400074005127 },
"ab/TwoCounters2.ltl": { "status": true, "rtime": 2.5951218605041504 },
"ab/TwoCounters3.ltl": { "status": true, "rtime": 9.951566219329834 },
"ab/TwoCountersInRangeA0.ltl": { "status": true, "rtime": 1.0756051540374756 },
"ab/TwoCountersInRangeA1.ltl": { "status": true, "rtime": 1.322260856628418 },
"ab/TwoCountersInRangeA2.ltl": { "status": true, "rtime": 1.6701610088348389 },
"ab/TwoCountersInRangeA3.ltl": { "status": true, "rtime": 1.7174944877624512 },
"ab/TwoCountersInRangeA4.ltl": { "status": true, "rtime": 1.8216931819915771 },
"ab/TwoCountersInRangeM0.ltl": { "status": true, "rtime": 1.817777156829834 },
"ab/TwoCountersInRangeM1.ltl": { "status": true, "rtime": 1.7888579368591309 },
"ab/TwoCountersInRangeM2.ltl": { "status": true, "rtime": 1.8208277225494385 },
"ab/TwoCountersInRangeM4.ltl": { "status": true, "rtime": 1.7932522296905518 },
"ab/TwoCountersInRange.ltl": { "status": true, "rtime": 1.0812034606933594 },
   "result": { "status": false, "rtime": 0 }
 },
 "preamble": {
    "program": "ab-iosprecom_powset",
    "prog_alias": "ab-iosprecom_powset"
  }
}
