{
  "stats": {  
"ab/amba_case_study2.ltl": { "status": false, "rtime": 17.020610570907593 },
"ab/amba_decomposed_encode12.ltl": { "status": true, "rtime": 0.5518074035644531 },
"ab/amba_decomposed_encode13.ltl": { "status": true, "rtime": 1.3922278881072998 },
"ab/amba_decomposed_encode14.ltl": { "status": true, "rtime": 3.062565326690674 },
"ab/amba_decomposed_lock9.ltl": { "status": true, "rtime": 1.8498477935791016 },
"ab/collector_v19.ltl": { "status": true, "rtime": 0.42223095893859863 },
"ab/collector_v213.ltl": { "status": false, "rtime": 17.018268585205078 },
"ab/collector_v215.ltl": { "status": true, "rtime": 7.392008066177368 },
"ab/collector_v39.ltl": { "status": true, "rtime": 7.793722152709961 },
"ab/Core_4b5a2bad.ltl": { "status": true, "rtime": 0.12487292289733887 },
"ab/detector14.ltl": { "status": false, "rtime": 17.021215200424194 },
"ab/detector_unreal12.ltl": { "status": true, "rtime": 3.921386480331421 },
"ab/detector_unreal13.ltl": { "status": false, "rtime": 17.021097898483276 },
"ab/detector_unreal14.ltl": { "status": false, "rtime": 17.021425485610962 },
"ab/full_arbiter_unreal12_14.ltl": { "status": true, "rtime": 0.08514547348022461 },
"ab/full_arbiter_unreal12_15.ltl": { "status": true, "rtime": 0.08538675308227539 },
"ab/full_arbiter_unreal12_16.ltl": { "status": true, "rtime": 0.08450436592102051 },
"ab/full_arbiter_unreal13_6.ltl": { "status": true, "rtime": 0.09211349487304688 },
"ab/full_arbiter_unreal14_4.ltl": { "status": true, "rtime": 4.879078388214111 },
"ab/full_arbiter_unreal24.ltl": { "status": true, "rtime": 0.11305761337280273 },
"ab/GamemodeChooser.ltl": { "status": true, "rtime": 6.933970928192139 },
"ab/KitchenTimerV10.ltl": { "status": true, "rtime": 2.2199366092681885 },
"ab/KitchenTimerV8.ltl": { "status": true, "rtime": 3.064837694168091 },
"ab/Lights2_06e9cad4.ltl": { "status": true, "rtime": 0.2483382225036621 },
"ab/Lights2_0f5381e9.ltl": { "status": true, "rtime": 0.2057356834411621 },
"ab/Lights2_9cac58d3.ltl": { "status": true, "rtime": 0.18470001220703125 },
"ab/Lights2_b02056d6.ltl": { "status": true, "rtime": 0.18523335456848145 },
"ab/Lights2_f3987563.ltl": { "status": true, "rtime": 0.18538212776184082 },
"ab/LightsTotal_9cbf2546.ltl": { "status": true, "rtime": 0.997664213180542 },
"ab/load_balancer6.ltl": { "status": true, "rtime": 2.5153794288635254 },
"ab/load_balancer_unreal12_15.ltl": { "status": true, "rtime": 0.08735942840576172 },
"ab/load_balancer_unreal12_16.ltl": { "status": true, "rtime": 0.09060788154602051 },
"ab/load_balancer_unreal13_12.ltl": { "status": true, "rtime": 1.139437198638916 },
"ab/load_balancer_unreal14_6.ltl": { "status": true, "rtime": 2.1032841205596924 },
"ab/load_balancer_unreal14_7.ltl": { "status": true, "rtime": 14.192865371704102 },
"ab/ltl2dba_beta3.ltl": { "status": true, "rtime": 0.11105203628540039 },
"ab/ltl2dba_beta4.ltl": { "status": true, "rtime": 0.16196966171264648 },
"ab/ltl2dba_C214.ltl": { "status": false, "rtime": 17.02115488052368 },
"ab/ltl2dba_E5.ltl": { "status": false, "rtime": 17.021494388580322 },
"ab/ltl2dba_E6.ltl": { "status": true, "rtime": 0.14521026611328125 },
"ab/ltl2dba_Q5.ltl": { "status": true, "rtime": 0.15618324279785156 },
"ab/ltl2dba_R7.ltl": { "status": true, "rtime": 6.65570592880249 },
"ab/ltl2dba_theta10.ltl": { "status": true, "rtime": 3.1373558044433594 },
"ab/ltl2dba_U17.ltl": { "status": true, "rtime": 0.1495058536529541 },
"ab/ltl2dba_U18.ltl": { "status": true, "rtime": 0.3480076789855957 },
"ab/mux16.ltl": { "status": true, "rtime": 0.04139304161071777 },
"ab/OneCounterGuiA1.ltl": { "status": true, "rtime": 0.11965441703796387 },
"ab/OneCounterGuiA2.ltl": { "status": true, "rtime": 0.18922734260559082 },
"ab/OneCounterGuiA3.ltl": { "status": true, "rtime": 0.4559326171875 },
"ab/OneCounterGuiA4.ltl": { "status": true, "rtime": 0.4593644142150879 },
"ab/OneCounterGuiA5.ltl": { "status": true, "rtime": 0.46523427963256836 },
"ab/OneCounterGuiA6.ltl": { "status": true, "rtime": 1.1172707080841064 },
"ab/OneCounterGuiA7.ltl": { "status": true, "rtime": 1.215094804763794 },
"ab/OneCounterGuiA8.ltl": { "status": true, "rtime": 4.352674961090088 },
"ab/prioritized_arbiter6.ltl": { "status": true, "rtime": 0.17825770378112793 },
"ab/prioritized_arbiter_enc10.ltl": { "status": true, "rtime": 0.6030268669128418 },
"ab/prioritized_arbiter_unreal12_13.ltl": { "status": true, "rtime": 0.08730745315551758 },
"ab/prioritized_arbiter_unreal12_14.ltl": { "status": true, "rtime": 0.0865936279296875 },
"ab/prioritized_arbiter_unreal12_15.ltl": { "status": true, "rtime": 0.0862882137298584 },
"ab/prioritized_arbiter_unreal13_5.ltl": { "status": true, "rtime": 0.09090805053710938 },
"ab/prioritized_arbiter_unreal13_6.ltl": { "status": true, "rtime": 0.09329414367675781 },
"ab/prioritized_arbiter_unreal14_3.ltl": { "status": true, "rtime": 0.11390018463134766 },
"ab/prioritized_arbiter_unreal14_4.ltl": { "status": true, "rtime": 0.11721229553222656 },
"ab/prioritized_arbiter_unreal24.ltl": { "status": true, "rtime": 0.1070859432220459 },
"ab/robot_grid16_16.ltl": { "status": true, "rtime": 2.9991326332092285 },
"ab/round_robin_arbiter4.ltl": { "status": false, "rtime": 17.021227836608887 },
"ab/round_robin_arbiter_unreal12_15.ltl": { "status": true, "rtime": 2.160154342651367 },
"ab/round_robin_arbiter_unreal12_16.ltl": { "status": true, "rtime": 4.583726167678833 },
"ab/round_robin_arbiter_unreal13_6.ltl": { "status": true, "rtime": 1.7489581108093262 },
"ab/round_robin_arbiter_unreal13_7.ltl": { "status": true, "rtime": 11.717793703079224 },
"ab/round_robin_arbiter_unreal14_4.ltl": { "status": true, "rtime": 2.929420232772827 },
"ab/SensorInit.ltl": { "status": true, "rtime": 10.620553016662598 },
"ab/SensorSubmodulChooser.ltl": { "status": true, "rtime": 11.843558073043823 },
"ab/simple_arbiter_enc10.ltl": { "status": true, "rtime": 0.11307215690612793 },
"ab/simple_arbiter_unreal13_6.ltl": { "status": true, "rtime": 0.08733820915222168 },
"ab/simple_arbiter_unreal13_7.ltl": { "status": true, "rtime": 0.0869302749633789 },
"ab/simple_arbiter_unreal14_4.ltl": { "status": true, "rtime": 0.09308695793151855 },
"ab/simple_arbiter_unreal15_3.ltl": { "status": true, "rtime": 0.1224985122680664 },
"ab/SingleContoller_d65ed84e.ltl": { "status": true, "rtime": 1.4461982250213623 },
"ab/SPIWriteManag.ltl": { "status": true, "rtime": 0.14212656021118164 },
"ab/test2_f2774e0b.ltl": { "status": true, "rtime": 4.17663049697876 },
"ab/test3_efe2feaf.ltl": { "status": true, "rtime": 4.434159755706787 },
"ab/TwoCounters2.ltl": { "status": true, "rtime": 2.6083784103393555 },
"ab/TwoCounters3.ltl": { "status": true, "rtime": 10.017894983291626 },
"ab/TwoCountersInRangeA0.ltl": { "status": true, "rtime": 1.1998376846313477 },
"ab/TwoCountersInRangeA1.ltl": { "status": true, "rtime": 1.411923885345459 },
"ab/TwoCountersInRangeA2.ltl": { "status": true, "rtime": 1.745218276977539 },
"ab/TwoCountersInRangeA3.ltl": { "status": true, "rtime": 1.8008854389190674 },
"ab/TwoCountersInRangeA4.ltl": { "status": true, "rtime": 1.8909411430358887 },
"ab/TwoCountersInRangeM0.ltl": { "status": true, "rtime": 2.3352036476135254 },
"ab/TwoCountersInRangeM1.ltl": { "status": true, "rtime": 2.342000722885132 },
"ab/TwoCountersInRangeM2.ltl": { "status": true, "rtime": 2.1116650104522705 },
"ab/TwoCountersInRangeM4.ltl": { "status": true, "rtime": 2.088067054748535 },
"ab/TwoCountersInRange.ltl": { "status": true, "rtime": 1.1827030181884766 },
   "result": { "status": false, "rtime": 0 }
 },
 "preamble": {
    "program": "ab-iosprecom_fake_vars",
    "prog_alias": "ab-iosprecom_fake_vars"
  }
}
