{
  "stats": {  
"ab/amba_case_study2.ltl": { "status": false, "rtime": 17.020482301712036 },
"ab/amba_decomposed_encode12.ltl": { "status": true, "rtime": 1.6579554080963135 },
"ab/amba_decomposed_encode13.ltl": { "status": true, "rtime": 3.728257417678833 },
"ab/amba_decomposed_encode14.ltl": { "status": true, "rtime": 7.714853048324585 },
"ab/amba_decomposed_lock9.ltl": { "status": true, "rtime": 3.050407886505127 },
"ab/collector_v19.ltl": { "status": true, "rtime": 2.862311601638794 },
"ab/collector_v213.ltl": { "status": true, "rtime": 4.69775915145874 },
"ab/collector_v215.ltl": { "status": true, "rtime": 7.383112192153931 },
"ab/collector_v39.ltl": { "status": true, "rtime": 14.92947244644165 },
"ab/Core_4b5a2bad.ltl": { "status": true, "rtime": 1.0016272068023682 },
"ab/detector14.ltl": { "status": true, "rtime": 5.193403959274292 },
"ab/detector_unreal12.ltl": { "status": true, "rtime": 0.8350932598114014 },
"ab/detector_unreal13.ltl": { "status": true, "rtime": 2.0065150260925293 },
"ab/detector_unreal14.ltl": { "status": true, "rtime": 5.496972560882568 },
"ab/full_arbiter_unreal12_14.ltl": { "status": true, "rtime": 0.06225252151489258 },
"ab/full_arbiter_unreal12_15.ltl": { "status": true, "rtime": 0.0635366439819336 },
"ab/full_arbiter_unreal12_16.ltl": { "status": true, "rtime": 0.0625607967376709 },
"ab/full_arbiter_unreal13_6.ltl": { "status": true, "rtime": 0.06605386734008789 },
"ab/full_arbiter_unreal14_4.ltl": { "status": true, "rtime": 0.43726563453674316 },
"ab/full_arbiter_unreal24.ltl": { "status": true, "rtime": 0.08446788787841797 },
"ab/GamemodeChooser.ltl": { "status": true, "rtime": 8.17914605140686 },
"ab/KitchenTimerV10.ltl": { "status": true, "rtime": 2.796090602874756 },
"ab/KitchenTimerV8.ltl": { "status": true, "rtime": 6.745569944381714 },
"ab/Lights2_06e9cad4.ltl": { "status": true, "rtime": 1.574761152267456 },
"ab/Lights2_0f5381e9.ltl": { "status": true, "rtime": 0.8184306621551514 },
"ab/Lights2_9cac58d3.ltl": { "status": true, "rtime": 0.4318115711212158 },
"ab/Lights2_b02056d6.ltl": { "status": true, "rtime": 0.43349719047546387 },
"ab/Lights2_f3987563.ltl": { "status": true, "rtime": 0.4289984703063965 },
"ab/LightsTotal_9cbf2546.ltl": { "status": true, "rtime": 2.3408429622650146 },
"ab/load_balancer6.ltl": { "status": true, "rtime": 1.2810401916503906 },
"ab/load_balancer_unreal12_15.ltl": { "status": true, "rtime": 0.06449651718139648 },
"ab/load_balancer_unreal12_16.ltl": { "status": true, "rtime": 0.06737303733825684 },
"ab/load_balancer_unreal13_12.ltl": { "status": true, "rtime": 1.1115443706512451 },
"ab/load_balancer_unreal14_6.ltl": { "status": true, "rtime": 2.089146375656128 },
"ab/load_balancer_unreal14_7.ltl": { "status": true, "rtime": 14.350167274475098 },
"ab/ltl2dba_beta3.ltl": { "status": true, "rtime": 0.07615160942077637 },
"ab/ltl2dba_beta4.ltl": { "status": true, "rtime": 0.13033628463745117 },
"ab/ltl2dba_C214.ltl": { "status": true, "rtime": 5.176510810852051 },
"ab/ltl2dba_E5.ltl": { "status": true, "rtime": 0.3923764228820801 },
"ab/ltl2dba_E6.ltl": { "status": true, "rtime": 0.12027740478515625 },
"ab/ltl2dba_Q5.ltl": { "status": true, "rtime": 0.10583734512329102 },
"ab/ltl2dba_R7.ltl": { "status": true, "rtime": 6.469588279724121 },
"ab/ltl2dba_theta10.ltl": { "status": true, "rtime": 0.8536028861999512 },
"ab/ltl2dba_U17.ltl": { "status": false, "rtime": 17.02115750312805 },
"ab/ltl2dba_U18.ltl": { "status": true, "rtime": 0.4272451400756836 },
"ab/mux16.ltl": { "status": true, "rtime": 1.7762460708618164 },
"ab/OneCounterGuiA1.ltl": { "status": true, "rtime": 0.6061375141143799 },
"ab/OneCounterGuiA2.ltl": { "status": true, "rtime": 0.7425036430358887 },
"ab/OneCounterGuiA3.ltl": { "status": true, "rtime": 1.0787389278411865 },
"ab/OneCounterGuiA4.ltl": { "status": true, "rtime": 1.131310224533081 },
"ab/OneCounterGuiA5.ltl": { "status": true, "rtime": 1.167992115020752 },
"ab/OneCounterGuiA6.ltl": { "status": true, "rtime": 1.8902859687805176 },
"ab/OneCounterGuiA7.ltl": { "status": true, "rtime": 1.9770808219909668 },
"ab/OneCounterGuiA8.ltl": { "status": true, "rtime": 5.0865583419799805 },
"ab/prioritized_arbiter6.ltl": { "status": true, "rtime": 0.1536858081817627 },
"ab/prioritized_arbiter_enc10.ltl": { "status": true, "rtime": 0.12386608123779297 },
"ab/prioritized_arbiter_unreal12_13.ltl": { "status": true, "rtime": 0.06191253662109375 },
"ab/prioritized_arbiter_unreal12_14.ltl": { "status": true, "rtime": 0.06210803985595703 },
"ab/prioritized_arbiter_unreal12_15.ltl": { "status": true, "rtime": 0.06209564208984375 },
"ab/prioritized_arbiter_unreal13_5.ltl": { "status": true, "rtime": 0.06469845771789551 },
"ab/prioritized_arbiter_unreal13_6.ltl": { "status": true, "rtime": 0.06465291976928711 },
"ab/prioritized_arbiter_unreal14_3.ltl": { "status": true, "rtime": 0.07363343238830566 },
"ab/prioritized_arbiter_unreal14_4.ltl": { "status": true, "rtime": 0.07263851165771484 },
"ab/prioritized_arbiter_unreal24.ltl": { "status": true, "rtime": 0.07204389572143555 },
"ab/robot_grid16_16.ltl": { "status": true, "rtime": 2.982905626296997 },
"ab/round_robin_arbiter4.ltl": { "status": true, "rtime": 0.07825517654418945 },
"ab/round_robin_arbiter_unreal12_15.ltl": { "status": true, "rtime": 2.114455461502075 },
"ab/round_robin_arbiter_unreal12_16.ltl": { "status": true, "rtime": 4.541138172149658 },
"ab/round_robin_arbiter_unreal13_6.ltl": { "status": true, "rtime": 1.7830874919891357 },
"ab/round_robin_arbiter_unreal13_7.ltl": { "status": true, "rtime": 11.750091552734375 },
"ab/round_robin_arbiter_unreal14_4.ltl": { "status": true, "rtime": 0.4916853904724121 },
"ab/SensorInit.ltl": { "status": true, "rtime": 13.257380485534668 },
"ab/SensorSubmodulChooser.ltl": { "status": true, "rtime": 13.345830202102661 },
"ab/simple_arbiter_enc10.ltl": { "status": true, "rtime": 0.08770632743835449 },
"ab/simple_arbiter_unreal13_6.ltl": { "status": true, "rtime": 0.062117576599121094 },
"ab/simple_arbiter_unreal13_7.ltl": { "status": true, "rtime": 0.06238532066345215 },
"ab/simple_arbiter_unreal14_4.ltl": { "status": true, "rtime": 0.06577134132385254 },
"ab/simple_arbiter_unreal15_3.ltl": { "status": true, "rtime": 0.07610607147216797 },
"ab/SingleContoller_d65ed84e.ltl": { "status": true, "rtime": 7.132044315338135 },
"ab/SPIWriteManag.ltl": { "status": true, "rtime": 7.4831554889678955 },
"ab/test2_f2774e0b.ltl": { "status": true, "rtime": 5.573350667953491 },
"ab/test3_efe2feaf.ltl": { "status": true, "rtime": 7.413100719451904 },
"ab/TwoCounters2.ltl": { "status": true, "rtime": 5.893325328826904 },
"ab/TwoCounters3.ltl": { "status": true, "rtime": 11.299336433410645 },
"ab/TwoCountersInRangeA0.ltl": { "status": true, "rtime": 5.115654230117798 },
"ab/TwoCountersInRangeA1.ltl": { "status": true, "rtime": 8.224562883377075 },
"ab/TwoCountersInRangeA2.ltl": { "status": true, "rtime": 8.484950304031372 },
"ab/TwoCountersInRangeA3.ltl": { "status": true, "rtime": 8.633613348007202 },
"ab/TwoCountersInRangeA4.ltl": { "status": true, "rtime": 8.68649411201477 },
"ab/TwoCountersInRangeM0.ltl": { "status": true, "rtime": 9.308899402618408 },
"ab/TwoCountersInRangeM1.ltl": { "status": true, "rtime": 9.146671772003174 },
"ab/TwoCountersInRangeM2.ltl": { "status": true, "rtime": 9.267772436141968 },
"ab/TwoCountersInRangeM4.ltl": { "status": true, "rtime": 9.175795793533325 },
"ab/TwoCountersInRange.ltl": { "status": true, "rtime": 5.2388715744018555 },
   "result": { "status": false, "rtime": 0 }
 },
 "preamble": {
    "program": "ab-inputpicker_critical",
    "prog_alias": "ab-inputpicker_critical"
  }
}
