{
  "stats": {  
"ab/amba_case_study2.ltl": { "status": false, "rtime": 17.01787519454956 },
"ab/amba_decomposed_encode12.ltl": { "status": true, "rtime": 1.6616120338439941 },
"ab/amba_decomposed_encode13.ltl": { "status": true, "rtime": 3.6451873779296875 },
"ab/amba_decomposed_encode14.ltl": { "status": true, "rtime": 7.6837968826293945 },
"ab/amba_decomposed_lock9.ltl": { "status": true, "rtime": 3.0399789810180664 },
"ab/collector_v19.ltl": { "status": true, "rtime": 4.761403560638428 },
"ab/collector_v213.ltl": { "status": true, "rtime": 4.666265249252319 },
"ab/collector_v215.ltl": { "status": true, "rtime": 7.341767072677612 },
"ab/collector_v39.ltl": { "status": true, "rtime": 14.80147385597229 },
"ab/Core_4b5a2bad.ltl": { "status": true, "rtime": 1.006190538406372 },
"ab/detector14.ltl": { "status": true, "rtime": 5.148449897766113 },
"ab/detector_unreal12.ltl": { "status": true, "rtime": 0.8270845413208008 },
"ab/detector_unreal13.ltl": { "status": true, "rtime": 1.9936301708221436 },
"ab/detector_unreal14.ltl": { "status": true, "rtime": 5.4299516677856445 },
"ab/full_arbiter_unreal12_14.ltl": { "status": true, "rtime": 0.06367087364196777 },
"ab/full_arbiter_unreal12_15.ltl": { "status": true, "rtime": 0.06440877914428711 },
"ab/full_arbiter_unreal12_16.ltl": { "status": true, "rtime": 0.06399416923522949 },
"ab/full_arbiter_unreal13_6.ltl": { "status": true, "rtime": 0.07482051849365234 },
"ab/full_arbiter_unreal14_4.ltl": { "status": true, "rtime": 5.419678449630737 },
"ab/full_arbiter_unreal24.ltl": { "status": true, "rtime": 0.18192148208618164 },
"ab/GamemodeChooser.ltl": { "status": true, "rtime": 8.080756664276123 },
"ab/KitchenTimerV10.ltl": { "status": true, "rtime": 2.7820394039154053 },
"ab/KitchenTimerV8.ltl": { "status": true, "rtime": 7.599195718765259 },
"ab/Lights2_06e9cad4.ltl": { "status": true, "rtime": 1.1914944648742676 },
"ab/Lights2_0f5381e9.ltl": { "status": true, "rtime": 0.673407793045044 },
"ab/Lights2_9cac58d3.ltl": { "status": true, "rtime": 0.35919737815856934 },
"ab/Lights2_b02056d6.ltl": { "status": true, "rtime": 0.36154770851135254 },
"ab/Lights2_f3987563.ltl": { "status": true, "rtime": 0.35390615463256836 },
"ab/LightsTotal_9cbf2546.ltl": { "status": true, "rtime": 2.0807790756225586 },
"ab/load_balancer6.ltl": { "status": true, "rtime": 1.2768547534942627 },
"ab/load_balancer_unreal12_15.ltl": { "status": true, "rtime": 0.064300537109375 },
"ab/load_balancer_unreal12_16.ltl": { "status": true, "rtime": 0.06514453887939453 },
"ab/load_balancer_unreal13_12.ltl": { "status": true, "rtime": 1.1182754039764404 },
"ab/load_balancer_unreal14_6.ltl": { "status": true, "rtime": 2.09411358833313 },
"ab/load_balancer_unreal14_7.ltl": { "status": true, "rtime": 14.330946683883667 },
"ab/ltl2dba_beta3.ltl": { "status": true, "rtime": 0.07523202896118164 },
"ab/ltl2dba_beta4.ltl": { "status": true, "rtime": 0.12896513938903809 },
"ab/ltl2dba_C214.ltl": { "status": true, "rtime": 5.169939994812012 },
"ab/ltl2dba_E5.ltl": { "status": false, "rtime": 17.020689964294434 },
"ab/ltl2dba_E6.ltl": { "status": true, "rtime": 0.12030601501464844 },
"ab/ltl2dba_Q5.ltl": { "status": true, "rtime": 0.10645008087158203 },
"ab/ltl2dba_R7.ltl": { "status": true, "rtime": 6.4297332763671875 },
"ab/ltl2dba_theta10.ltl": { "status": true, "rtime": 0.8593423366546631 },
"ab/ltl2dba_U17.ltl": { "status": false, "rtime": 17.021151781082153 },
"ab/ltl2dba_U18.ltl": { "status": true, "rtime": 0.4258697032928467 },
"ab/mux16.ltl": { "status": true, "rtime": 1.7946054935455322 },
"ab/OneCounterGuiA1.ltl": { "status": true, "rtime": 0.6021502017974854 },
"ab/OneCounterGuiA2.ltl": { "status": true, "rtime": 0.7265994548797607 },
"ab/OneCounterGuiA3.ltl": { "status": true, "rtime": 1.0603134632110596 },
"ab/OneCounterGuiA4.ltl": { "status": true, "rtime": 1.1239020824432373 },
"ab/OneCounterGuiA5.ltl": { "status": true, "rtime": 1.1627566814422607 },
"ab/OneCounterGuiA6.ltl": { "status": true, "rtime": 1.8640832901000977 },
"ab/OneCounterGuiA7.ltl": { "status": true, "rtime": 1.9668352603912354 },
"ab/OneCounterGuiA8.ltl": { "status": true, "rtime": 5.061051607131958 },
"ab/prioritized_arbiter6.ltl": { "status": true, "rtime": 0.15485286712646484 },
"ab/prioritized_arbiter_enc10.ltl": { "status": true, "rtime": 0.12285327911376953 },
"ab/prioritized_arbiter_unreal12_13.ltl": { "status": true, "rtime": 0.062325477600097656 },
"ab/prioritized_arbiter_unreal12_14.ltl": { "status": true, "rtime": 0.062194108963012695 },
"ab/prioritized_arbiter_unreal12_15.ltl": { "status": true, "rtime": 0.06200242042541504 },
"ab/prioritized_arbiter_unreal13_5.ltl": { "status": true, "rtime": 0.0648193359375 },
"ab/prioritized_arbiter_unreal13_6.ltl": { "status": true, "rtime": 0.06480121612548828 },
"ab/prioritized_arbiter_unreal14_3.ltl": { "status": true, "rtime": 0.07250714302062988 },
"ab/prioritized_arbiter_unreal14_4.ltl": { "status": true, "rtime": 0.0729975700378418 },
"ab/prioritized_arbiter_unreal24.ltl": { "status": true, "rtime": 0.07261514663696289 },
"ab/robot_grid16_16.ltl": { "status": true, "rtime": 2.9562227725982666 },
"ab/round_robin_arbiter4.ltl": { "status": true, "rtime": 0.08196663856506348 },
"ab/round_robin_arbiter_unreal12_15.ltl": { "status": true, "rtime": 2.1124215126037598 },
"ab/round_robin_arbiter_unreal12_16.ltl": { "status": true, "rtime": 4.537566900253296 },
"ab/round_robin_arbiter_unreal13_6.ltl": { "status": true, "rtime": 1.8510074615478516 },
"ab/round_robin_arbiter_unreal13_7.ltl": { "status": true, "rtime": 12.450581312179565 },
"ab/round_robin_arbiter_unreal14_4.ltl": { "status": true, "rtime": 0.49895477294921875 },
"ab/SensorInit.ltl": { "status": true, "rtime": 13.17134165763855 },
"ab/SensorSubmodulChooser.ltl": { "status": true, "rtime": 13.275674819946289 },
"ab/simple_arbiter_enc10.ltl": { "status": true, "rtime": 0.08754730224609375 },
"ab/simple_arbiter_unreal13_6.ltl": { "status": true, "rtime": 0.06308841705322266 },
"ab/simple_arbiter_unreal13_7.ltl": { "status": true, "rtime": 0.0628042221069336 },
"ab/simple_arbiter_unreal14_4.ltl": { "status": true, "rtime": 0.06552958488464355 },
"ab/simple_arbiter_unreal15_3.ltl": { "status": true, "rtime": 0.07585358619689941 },
"ab/SingleContoller_d65ed84e.ltl": { "status": true, "rtime": 7.418909549713135 },
"ab/SPIWriteManag.ltl": { "status": true, "rtime": 7.396310567855835 },
"ab/test2_f2774e0b.ltl": { "status": true, "rtime": 5.527799606323242 },
"ab/test3_efe2feaf.ltl": { "status": true, "rtime": 7.433968782424927 },
"ab/TwoCounters2.ltl": { "status": true, "rtime": 5.9724695682525635 },
"ab/TwoCounters3.ltl": { "status": true, "rtime": 11.217753410339355 },
"ab/TwoCountersInRangeA0.ltl": { "status": true, "rtime": 5.144731521606445 },
"ab/TwoCountersInRangeA1.ltl": { "status": true, "rtime": 8.123781681060791 },
"ab/TwoCountersInRangeA2.ltl": { "status": true, "rtime": 8.389334440231323 },
"ab/TwoCountersInRangeA3.ltl": { "status": true, "rtime": 8.542111158370972 },
"ab/TwoCountersInRangeA4.ltl": { "status": true, "rtime": 8.693273067474365 },
"ab/TwoCountersInRangeM0.ltl": { "status": true, "rtime": 9.58996868133545 },
"ab/TwoCountersInRangeM1.ltl": { "status": true, "rtime": 9.209997653961182 },
"ab/TwoCountersInRangeM2.ltl": { "status": true, "rtime": 9.148222923278809 },
"ab/TwoCountersInRangeM4.ltl": { "status": true, "rtime": 9.128881931304932 },
"ab/TwoCountersInRange.ltl": { "status": true, "rtime": 5.084614515304565 },
   "result": { "status": false, "rtime": 0 }
 },
 "preamble": {
    "program": "ab-inputpicker_critical_rnd",
    "prog_alias": "ab-inputpicker_critical_rnd"
  }
}
