{
  "stats": {  
"ab/amba_case_study2.ltl": { "status": false, "rtime": 17.020419597625732 },
"ab/amba_decomposed_encode12.ltl": { "status": true, "rtime": 1.6206552982330322 },
"ab/amba_decomposed_encode13.ltl": { "status": true, "rtime": 3.619218349456787 },
"ab/amba_decomposed_encode14.ltl": { "status": true, "rtime": 7.6141180992126465 },
"ab/amba_decomposed_lock9.ltl": { "status": true, "rtime": 2.794857978820801 },
"ab/collector_v19.ltl": { "status": true, "rtime": 0.9478535652160645 },
"ab/collector_v213.ltl": { "status": true, "rtime": 4.75077486038208 },
"ab/collector_v215.ltl": { "status": true, "rtime": 7.4786903858184814 },
"ab/collector_v39.ltl": { "status": true, "rtime": 11.316065311431885 },
"ab/Core_4b5a2bad.ltl": { "status": true, "rtime": 1.016575574874878 },
"ab/detector14.ltl": { "status": true, "rtime": 5.19290828704834 },
"ab/detector_unreal12.ltl": { "status": true, "rtime": 0.8172821998596191 },
"ab/detector_unreal13.ltl": { "status": true, "rtime": 2.0139129161834717 },
"ab/detector_unreal14.ltl": { "status": true, "rtime": 5.372154235839844 },
"ab/full_arbiter_unreal12_14.ltl": { "status": true, "rtime": 0.06194305419921875 },
"ab/full_arbiter_unreal12_15.ltl": { "status": true, "rtime": 0.06212282180786133 },
"ab/full_arbiter_unreal12_16.ltl": { "status": true, "rtime": 0.061979055404663086 },
"ab/full_arbiter_unreal13_6.ltl": { "status": true, "rtime": 0.06584525108337402 },
"ab/full_arbiter_unreal14_4.ltl": { "status": true, "rtime": 5.661492347717285 },
"ab/full_arbiter_unreal24.ltl": { "status": true, "rtime": 0.08477401733398438 },
"ab/GamemodeChooser.ltl": { "status": true, "rtime": 8.101495742797852 },
"ab/KitchenTimerV10.ltl": { "status": true, "rtime": 2.8186779022216797 },
"ab/KitchenTimerV8.ltl": { "status": true, "rtime": 6.7321672439575195 },
"ab/Lights2_06e9cad4.ltl": { "status": true, "rtime": 1.5993740558624268 },
"ab/Lights2_0f5381e9.ltl": { "status": true, "rtime": 0.8306598663330078 },
"ab/Lights2_9cac58d3.ltl": { "status": true, "rtime": 0.4412350654602051 },
"ab/Lights2_b02056d6.ltl": { "status": true, "rtime": 0.4398787021636963 },
"ab/Lights2_f3987563.ltl": { "status": true, "rtime": 0.4326763153076172 },
"ab/LightsTotal_9cbf2546.ltl": { "status": true, "rtime": 2.0950145721435547 },
"ab/load_balancer6.ltl": { "status": true, "rtime": 1.2701640129089355 },
"ab/load_balancer_unreal12_15.ltl": { "status": true, "rtime": 0.0676722526550293 },
"ab/load_balancer_unreal12_16.ltl": { "status": true, "rtime": 0.06610465049743652 },
"ab/load_balancer_unreal13_12.ltl": { "status": true, "rtime": 1.1181049346923828 },
"ab/load_balancer_unreal14_6.ltl": { "status": true, "rtime": 2.087082862854004 },
"ab/load_balancer_unreal14_7.ltl": { "status": true, "rtime": 14.311441421508789 },
"ab/ltl2dba_beta3.ltl": { "status": true, "rtime": 0.07478475570678711 },
"ab/ltl2dba_beta4.ltl": { "status": true, "rtime": 0.12574291229248047 },
"ab/ltl2dba_C214.ltl": { "status": true, "rtime": 5.178822994232178 },
"ab/ltl2dba_E5.ltl": { "status": true, "rtime": 0.5103449821472168 },
"ab/ltl2dba_E6.ltl": { "status": true, "rtime": 0.11936640739440918 },
"ab/ltl2dba_Q5.ltl": { "status": true, "rtime": 0.08770203590393066 },
"ab/ltl2dba_R7.ltl": { "status": true, "rtime": 11.71523380279541 },
"ab/ltl2dba_theta10.ltl": { "status": true, "rtime": 0.8454205989837646 },
"ab/ltl2dba_U17.ltl": { "status": true, "rtime": 0.12407732009887695 },
"ab/ltl2dba_U18.ltl": { "status": false, "rtime": 17.021227598190308 },
"ab/mux16.ltl": { "status": true, "rtime": 1.505509376525879 },
"ab/OneCounterGuiA1.ltl": { "status": true, "rtime": 0.6197843551635742 },
"ab/OneCounterGuiA2.ltl": { "status": true, "rtime": 0.761204719543457 },
"ab/OneCounterGuiA3.ltl": { "status": true, "rtime": 1.0980169773101807 },
"ab/OneCounterGuiA4.ltl": { "status": true, "rtime": 1.1628544330596924 },
"ab/OneCounterGuiA5.ltl": { "status": true, "rtime": 1.2007572650909424 },
"ab/OneCounterGuiA6.ltl": { "status": true, "rtime": 1.9234089851379395 },
"ab/OneCounterGuiA7.ltl": { "status": true, "rtime": 2.0308473110198975 },
"ab/OneCounterGuiA8.ltl": { "status": true, "rtime": 5.064668655395508 },
"ab/prioritized_arbiter6.ltl": { "status": true, "rtime": 0.16082549095153809 },
"ab/prioritized_arbiter_enc10.ltl": { "status": true, "rtime": 8.961032390594482 },
"ab/prioritized_arbiter_unreal12_13.ltl": { "status": true, "rtime": 0.06197977066040039 },
"ab/prioritized_arbiter_unreal12_14.ltl": { "status": true, "rtime": 0.062143564224243164 },
"ab/prioritized_arbiter_unreal12_15.ltl": { "status": true, "rtime": 0.06289410591125488 },
"ab/prioritized_arbiter_unreal13_5.ltl": { "status": true, "rtime": 0.06450128555297852 },
"ab/prioritized_arbiter_unreal13_6.ltl": { "status": true, "rtime": 0.06532645225524902 },
"ab/prioritized_arbiter_unreal14_3.ltl": { "status": true, "rtime": 0.0722355842590332 },
"ab/prioritized_arbiter_unreal14_4.ltl": { "status": true, "rtime": 0.07467269897460938 },
"ab/prioritized_arbiter_unreal24.ltl": { "status": true, "rtime": 0.07289838790893555 },
"ab/robot_grid16_16.ltl": { "status": true, "rtime": 2.972280263900757 },
"ab/round_robin_arbiter4.ltl": { "status": false, "rtime": 17.02122187614441 },
"ab/round_robin_arbiter_unreal12_15.ltl": { "status": true, "rtime": 2.1032276153564453 },
"ab/round_robin_arbiter_unreal12_16.ltl": { "status": true, "rtime": 4.537060737609863 },
"ab/round_robin_arbiter_unreal13_6.ltl": { "status": true, "rtime": 1.799696445465088 },
"ab/round_robin_arbiter_unreal13_7.ltl": { "status": true, "rtime": 11.74234676361084 },
"ab/round_robin_arbiter_unreal14_4.ltl": { "status": true, "rtime": 0.48270726203918457 },
"ab/SensorInit.ltl": { "status": true, "rtime": 13.742971897125244 },
"ab/SensorSubmodulChooser.ltl": { "status": true, "rtime": 13.414774656295776 },
"ab/simple_arbiter_enc10.ltl": { "status": true, "rtime": 0.08763360977172852 },
"ab/simple_arbiter_unreal13_6.ltl": { "status": true, "rtime": 0.062236785888671875 },
"ab/simple_arbiter_unreal13_7.ltl": { "status": true, "rtime": 0.06364226341247559 },
"ab/simple_arbiter_unreal14_4.ltl": { "status": true, "rtime": 0.06672406196594238 },
"ab/simple_arbiter_unreal15_3.ltl": { "status": true, "rtime": 0.07735276222229004 },
"ab/SingleContoller_d65ed84e.ltl": { "status": true, "rtime": 7.066655874252319 },
"ab/SPIWriteManag.ltl": { "status": true, "rtime": 7.321944713592529 },
"ab/test2_f2774e0b.ltl": { "status": true, "rtime": 5.641213655471802 },
"ab/test3_efe2feaf.ltl": { "status": true, "rtime": 8.16238260269165 },
"ab/TwoCounters2.ltl": { "status": true, "rtime": 5.907491683959961 },
"ab/TwoCounters3.ltl": { "status": true, "rtime": 11.446616411209106 },
"ab/TwoCountersInRangeA0.ltl": { "status": true, "rtime": 5.066240549087524 },
"ab/TwoCountersInRangeA1.ltl": { "status": true, "rtime": 8.109694004058838 },
"ab/TwoCountersInRangeA2.ltl": { "status": true, "rtime": 8.57734489440918 },
"ab/TwoCountersInRangeA3.ltl": { "status": true, "rtime": 8.647347927093506 },
"ab/TwoCountersInRangeA4.ltl": { "status": true, "rtime": 8.829111337661743 },
"ab/TwoCountersInRangeM0.ltl": { "status": true, "rtime": 9.317646265029907 },
"ab/TwoCountersInRangeM1.ltl": { "status": true, "rtime": 9.23324179649353 },
"ab/TwoCountersInRangeM2.ltl": { "status": true, "rtime": 9.459369421005249 },
"ab/TwoCountersInRangeM4.ltl": { "status": true, "rtime": 9.143094062805176 },
"ab/TwoCountersInRange.ltl": { "status": true, "rtime": 5.109047174453735 },
   "result": { "status": false, "rtime": 0 }
 },
 "preamble": {
    "program": "ab-iosprecom_delegate",
    "prog_alias": "ab-iosprecom_delegate"
  }
}
