{
  "stats": {  
"ab/amba_case_study2.ltl": { "status": true, "rtime": 1.5944561958312988 },
"ab/amba_decomposed_encode12.ltl": { "status": true, "rtime": 1.624941349029541 },
"ab/amba_decomposed_encode13.ltl": { "status": true, "rtime": 3.644514560699463 },
"ab/amba_decomposed_encode14.ltl": { "status": true, "rtime": 7.700551748275757 },
"ab/amba_decomposed_lock9.ltl": { "status": true, "rtime": 3.0082526206970215 },
"ab/collector_v19.ltl": { "status": true, "rtime": 5.194855451583862 },
"ab/collector_v213.ltl": { "status": true, "rtime": 4.7412109375 },
"ab/collector_v215.ltl": { "status": true, "rtime": 7.412468433380127 },
"ab/collector_v39.ltl": { "status": true, "rtime": 14.945290565490723 },
"ab/Core_4b5a2bad.ltl": { "status": true, "rtime": 1.004828929901123 },
"ab/detector14.ltl": { "status": true, "rtime": 5.19604754447937 },
"ab/detector_unreal12.ltl": { "status": true, "rtime": 0.8266282081604004 },
"ab/detector_unreal13.ltl": { "status": true, "rtime": 1.9895334243774414 },
"ab/detector_unreal14.ltl": { "status": true, "rtime": 5.426289319992065 },
"ab/full_arbiter_unreal12_14.ltl": { "status": true, "rtime": 0.06426668167114258 },
"ab/full_arbiter_unreal12_15.ltl": { "status": true, "rtime": 0.06400609016418457 },
"ab/full_arbiter_unreal12_16.ltl": { "status": true, "rtime": 0.06407809257507324 },
"ab/full_arbiter_unreal13_6.ltl": { "status": true, "rtime": 0.08584332466125488 },
"ab/full_arbiter_unreal14_4.ltl": { "status": true, "rtime": 5.420199394226074 },
"ab/full_arbiter_unreal24.ltl": { "status": true, "rtime": 12.865755558013916 },
"ab/GamemodeChooser.ltl": { "status": true, "rtime": 8.119184494018555 },
"ab/KitchenTimerV10.ltl": { "status": true, "rtime": 2.8785459995269775 },
"ab/KitchenTimerV8.ltl": { "status": true, "rtime": 7.97797966003418 },
"ab/Lights2_06e9cad4.ltl": { "status": true, "rtime": 1.1104028224945068 },
"ab/Lights2_0f5381e9.ltl": { "status": true, "rtime": 0.6431312561035156 },
"ab/Lights2_9cac58d3.ltl": { "status": true, "rtime": 0.3454561233520508 },
"ab/Lights2_b02056d6.ltl": { "status": true, "rtime": 0.34696173667907715 },
"ab/Lights2_f3987563.ltl": { "status": true, "rtime": 0.3395655155181885 },
"ab/LightsTotal_9cbf2546.ltl": { "status": true, "rtime": 2.226799726486206 },
"ab/load_balancer6.ltl": { "status": true, "rtime": 1.2756938934326172 },
"ab/load_balancer_unreal12_15.ltl": { "status": true, "rtime": 0.06603455543518066 },
"ab/load_balancer_unreal12_16.ltl": { "status": true, "rtime": 0.06482410430908203 },
"ab/load_balancer_unreal13_12.ltl": { "status": true, "rtime": 1.126340627670288 },
"ab/load_balancer_unreal14_6.ltl": { "status": true, "rtime": 2.092261552810669 },
"ab/load_balancer_unreal14_7.ltl": { "status": true, "rtime": 14.519475936889648 },
"ab/ltl2dba_beta3.ltl": { "status": true, "rtime": 0.0747213363647461 },
"ab/ltl2dba_beta4.ltl": { "status": true, "rtime": 0.1282978057861328 },
"ab/ltl2dba_C214.ltl": { "status": true, "rtime": 5.256340980529785 },
"ab/ltl2dba_E5.ltl": { "status": false, "rtime": 17.021240949630737 },
"ab/ltl2dba_E6.ltl": { "status": true, "rtime": 0.11873412132263184 },
"ab/ltl2dba_Q5.ltl": { "status": true, "rtime": 0.10731220245361328 },
"ab/ltl2dba_R7.ltl": { "status": true, "rtime": 6.523481369018555 },
"ab/ltl2dba_theta10.ltl": { "status": true, "rtime": 0.858757734298706 },
"ab/ltl2dba_U17.ltl": { "status": false, "rtime": 17.021217346191406 },
"ab/ltl2dba_U18.ltl": { "status": true, "rtime": 0.4281625747680664 },
"ab/mux16.ltl": { "status": true, "rtime": 1.7721683979034424 },
"ab/OneCounterGuiA1.ltl": { "status": true, "rtime": 0.5923969745635986 },
"ab/OneCounterGuiA2.ltl": { "status": true, "rtime": 0.7336275577545166 },
"ab/OneCounterGuiA3.ltl": { "status": true, "rtime": 1.0645153522491455 },
"ab/OneCounterGuiA4.ltl": { "status": true, "rtime": 1.1266117095947266 },
"ab/OneCounterGuiA5.ltl": { "status": true, "rtime": 1.164062738418579 },
"ab/OneCounterGuiA6.ltl": { "status": true, "rtime": 1.8748624324798584 },
"ab/OneCounterGuiA7.ltl": { "status": true, "rtime": 1.9804656505584717 },
"ab/OneCounterGuiA8.ltl": { "status": true, "rtime": 5.034481763839722 },
"ab/prioritized_arbiter6.ltl": { "status": true, "rtime": 0.15902495384216309 },
"ab/prioritized_arbiter_enc10.ltl": { "status": true, "rtime": 9.007012367248535 },
"ab/prioritized_arbiter_unreal12_13.ltl": { "status": true, "rtime": 0.06236624717712402 },
"ab/prioritized_arbiter_unreal12_14.ltl": { "status": true, "rtime": 0.06329989433288574 },
"ab/prioritized_arbiter_unreal12_15.ltl": { "status": true, "rtime": 0.06198382377624512 },
"ab/prioritized_arbiter_unreal13_5.ltl": { "status": true, "rtime": 0.06422662734985352 },
"ab/prioritized_arbiter_unreal13_6.ltl": { "status": true, "rtime": 0.06501197814941406 },
"ab/prioritized_arbiter_unreal14_3.ltl": { "status": true, "rtime": 0.07305169105529785 },
"ab/prioritized_arbiter_unreal14_4.ltl": { "status": true, "rtime": 0.07285213470458984 },
"ab/prioritized_arbiter_unreal24.ltl": { "status": true, "rtime": 0.07238388061523438 },
"ab/robot_grid16_16.ltl": { "status": true, "rtime": 3.0035250186920166 },
"ab/round_robin_arbiter4.ltl": { "status": true, "rtime": 0.07901215553283691 },
"ab/round_robin_arbiter_unreal12_15.ltl": { "status": true, "rtime": 2.117056369781494 },
"ab/round_robin_arbiter_unreal12_16.ltl": { "status": true, "rtime": 4.503650665283203 },
"ab/round_robin_arbiter_unreal13_6.ltl": { "status": true, "rtime": 1.8708031177520752 },
"ab/round_robin_arbiter_unreal13_7.ltl": { "status": true, "rtime": 12.483814716339111 },
"ab/round_robin_arbiter_unreal14_4.ltl": { "status": true, "rtime": 0.49155306816101074 },
"ab/SensorInit.ltl": { "status": true, "rtime": 13.315952062606812 },
"ab/SensorSubmodulChooser.ltl": { "status": true, "rtime": 13.310113191604614 },
"ab/simple_arbiter_enc10.ltl": { "status": true, "rtime": 0.08768630027770996 },
"ab/simple_arbiter_unreal13_6.ltl": { "status": true, "rtime": 0.06219983100891113 },
"ab/simple_arbiter_unreal13_7.ltl": { "status": true, "rtime": 0.062103271484375 },
"ab/simple_arbiter_unreal14_4.ltl": { "status": true, "rtime": 0.06652164459228516 },
"ab/simple_arbiter_unreal15_3.ltl": { "status": true, "rtime": 0.0761711597442627 },
"ab/SingleContoller_d65ed84e.ltl": { "status": true, "rtime": 7.564202785491943 },
"ab/SPIWriteManag.ltl": { "status": true, "rtime": 7.397611856460571 },
"ab/test2_f2774e0b.ltl": { "status": true, "rtime": 5.5273377895355225 },
"ab/test3_efe2feaf.ltl": { "status": true, "rtime": 7.412513971328735 },
"ab/TwoCounters2.ltl": { "status": true, "rtime": 5.967628479003906 },
"ab/TwoCounters3.ltl": { "status": true, "rtime": 11.294984102249146 },
"ab/TwoCountersInRangeA0.ltl": { "status": true, "rtime": 5.055388450622559 },
"ab/TwoCountersInRangeA1.ltl": { "status": true, "rtime": 7.975812911987305 },
"ab/TwoCountersInRangeA2.ltl": { "status": true, "rtime": 8.452793836593628 },
"ab/TwoCountersInRangeA3.ltl": { "status": true, "rtime": 8.595033168792725 },
"ab/TwoCountersInRangeA4.ltl": { "status": true, "rtime": 8.778639793395996 },
"ab/TwoCountersInRangeM0.ltl": { "status": true, "rtime": 9.288147211074829 },
"ab/TwoCountersInRangeM1.ltl": { "status": true, "rtime": 9.154920101165771 },
"ab/TwoCountersInRangeM2.ltl": { "status": true, "rtime": 9.2734375 },
"ab/TwoCountersInRangeM4.ltl": { "status": true, "rtime": 9.239768028259277 },
"ab/TwoCountersInRange.ltl": { "status": true, "rtime": 5.061070919036865 },
   "result": { "status": false, "rtime": 0 }
 },
 "preamble": {
    "program": "ab-inputpicker_critical_fullrnd",
    "prog_alias": "ab-inputpicker_critical_fullrnd"
  }
}
