{
  "stats": {  
"ab/amba_case_study2.ltl": { "status": false, "rtime": 17.02050542831421 },
"ab/amba_decomposed_encode12.ltl": { "status": true, "rtime": 1.6551296710968018 },
"ab/amba_decomposed_encode13.ltl": { "status": true, "rtime": 3.672227382659912 },
"ab/amba_decomposed_encode14.ltl": { "status": true, "rtime": 7.728987216949463 },
"ab/amba_decomposed_lock9.ltl": { "status": true, "rtime": 3.0280556678771973 },
"ab/collector_v19.ltl": { "status": false, "rtime": 17.021138191223145 },
"ab/collector_v213.ltl": { "status": true, "rtime": 4.687976598739624 },
"ab/collector_v215.ltl": { "status": true, "rtime": 7.471700668334961 },
"ab/collector_v39.ltl": { "status": true, "rtime": 14.83374834060669 },
"ab/Core_4b5a2bad.ltl": { "status": true, "rtime": 0.9983019828796387 },
"ab/detector14.ltl": { "status": true, "rtime": 5.204826593399048 },
"ab/detector_unreal12.ltl": { "status": true, "rtime": 0.8202250003814697 },
"ab/detector_unreal13.ltl": { "status": true, "rtime": 2.0144951343536377 },
"ab/detector_unreal14.ltl": { "status": true, "rtime": 5.466853141784668 },
"ab/full_arbiter_unreal12_14.ltl": { "status": true, "rtime": 0.062316179275512695 },
"ab/full_arbiter_unreal12_15.ltl": { "status": true, "rtime": 0.06207704544067383 },
"ab/full_arbiter_unreal12_16.ltl": { "status": true, "rtime": 0.062383174896240234 },
"ab/full_arbiter_unreal13_6.ltl": { "status": true, "rtime": 0.06630516052246094 },
"ab/full_arbiter_unreal14_4.ltl": { "status": true, "rtime": 0.4519186019897461 },
"ab/full_arbiter_unreal24.ltl": { "status": true, "rtime": 0.0846552848815918 },
"ab/GamemodeChooser.ltl": { "status": true, "rtime": 8.109495401382446 },
"ab/KitchenTimerV10.ltl": { "status": true, "rtime": 2.7705540657043457 },
"ab/KitchenTimerV8.ltl": { "status": true, "rtime": 6.761822462081909 },
"ab/Lights2_06e9cad4.ltl": { "status": true, "rtime": 0.973198652267456 },
"ab/Lights2_0f5381e9.ltl": { "status": true, "rtime": 0.6185214519500732 },
"ab/Lights2_9cac58d3.ltl": { "status": true, "rtime": 0.30794692039489746 },
"ab/Lights2_b02056d6.ltl": { "status": true, "rtime": 0.30996251106262207 },
"ab/Lights2_f3987563.ltl": { "status": true, "rtime": 0.2995269298553467 },
"ab/LightsTotal_9cbf2546.ltl": { "status": true, "rtime": 2.165332317352295 },
"ab/load_balancer6.ltl": { "status": true, "rtime": 1.2766900062561035 },
"ab/load_balancer_unreal12_15.ltl": { "status": true, "rtime": 0.06428360939025879 },
"ab/load_balancer_unreal12_16.ltl": { "status": true, "rtime": 0.06726264953613281 },
"ab/load_balancer_unreal13_12.ltl": { "status": true, "rtime": 1.1421053409576416 },
"ab/load_balancer_unreal14_6.ltl": { "status": true, "rtime": 2.0841498374938965 },
"ab/load_balancer_unreal14_7.ltl": { "status": true, "rtime": 14.727521181106567 },
"ab/ltl2dba_beta3.ltl": { "status": true, "rtime": 0.11814498901367188 },
"ab/ltl2dba_beta4.ltl": { "status": true, "rtime": 0.12876129150390625 },
"ab/ltl2dba_C214.ltl": { "status": true, "rtime": 5.236643552780151 },
"ab/ltl2dba_E5.ltl": { "status": true, "rtime": 0.21181106567382812 },
"ab/ltl2dba_E6.ltl": { "status": true, "rtime": 0.11662435531616211 },
"ab/ltl2dba_Q5.ltl": { "status": true, "rtime": 0.0827631950378418 },
"ab/ltl2dba_R7.ltl": { "status": true, "rtime": 11.583606004714966 },
"ab/ltl2dba_theta10.ltl": { "status": true, "rtime": 0.8572282791137695 },
"ab/ltl2dba_U17.ltl": { "status": true, "rtime": 0.3175618648529053 },
"ab/ltl2dba_U18.ltl": { "status": true, "rtime": 0.42832040786743164 },
"ab/mux16.ltl": { "status": true, "rtime": 1.8078193664550781 },
"ab/OneCounterGuiA1.ltl": { "status": true, "rtime": 0.5998597145080566 },
"ab/OneCounterGuiA2.ltl": { "status": true, "rtime": 0.7346761226654053 },
"ab/OneCounterGuiA3.ltl": { "status": true, "rtime": 1.0726749897003174 },
"ab/OneCounterGuiA4.ltl": { "status": true, "rtime": 1.142817497253418 },
"ab/OneCounterGuiA5.ltl": { "status": true, "rtime": 1.1688001155853271 },
"ab/OneCounterGuiA6.ltl": { "status": true, "rtime": 1.8757972717285156 },
"ab/OneCounterGuiA7.ltl": { "status": true, "rtime": 1.9826340675354004 },
"ab/OneCounterGuiA8.ltl": { "status": true, "rtime": 5.084456205368042 },
"ab/prioritized_arbiter6.ltl": { "status": true, "rtime": 0.1530900001525879 },
"ab/prioritized_arbiter_enc10.ltl": { "status": true, "rtime": 0.6344130039215088 },
"ab/prioritized_arbiter_unreal12_13.ltl": { "status": true, "rtime": 0.0622251033782959 },
"ab/prioritized_arbiter_unreal12_14.ltl": { "status": true, "rtime": 0.06250953674316406 },
"ab/prioritized_arbiter_unreal12_15.ltl": { "status": true, "rtime": 0.061591386795043945 },
"ab/prioritized_arbiter_unreal13_5.ltl": { "status": true, "rtime": 0.06417226791381836 },
"ab/prioritized_arbiter_unreal13_6.ltl": { "status": true, "rtime": 0.06356549263000488 },
"ab/prioritized_arbiter_unreal14_3.ltl": { "status": true, "rtime": 0.07196474075317383 },
"ab/prioritized_arbiter_unreal14_4.ltl": { "status": true, "rtime": 0.0729222297668457 },
"ab/prioritized_arbiter_unreal24.ltl": { "status": true, "rtime": 0.07172632217407227 },
"ab/robot_grid16_16.ltl": { "status": true, "rtime": 2.987457036972046 },
"ab/round_robin_arbiter4.ltl": { "status": false, "rtime": 17.020987033843994 },
"ab/round_robin_arbiter_unreal12_15.ltl": { "status": true, "rtime": 2.1295371055603027 },
"ab/round_robin_arbiter_unreal12_16.ltl": { "status": true, "rtime": 4.48983097076416 },
"ab/round_robin_arbiter_unreal13_6.ltl": { "status": true, "rtime": 1.8084912300109863 },
"ab/round_robin_arbiter_unreal13_7.ltl": { "status": true, "rtime": 11.720692157745361 },
"ab/round_robin_arbiter_unreal14_4.ltl": { "status": true, "rtime": 0.4791727066040039 },
"ab/SensorInit.ltl": { "status": true, "rtime": 12.524897575378418 },
"ab/SensorSubmodulChooser.ltl": { "status": true, "rtime": 13.145232439041138 },
"ab/simple_arbiter_enc10.ltl": { "status": true, "rtime": 0.08857202529907227 },
"ab/simple_arbiter_unreal13_6.ltl": { "status": true, "rtime": 0.06212258338928223 },
"ab/simple_arbiter_unreal13_7.ltl": { "status": true, "rtime": 0.0624082088470459 },
"ab/simple_arbiter_unreal14_4.ltl": { "status": true, "rtime": 0.06635689735412598 },
"ab/simple_arbiter_unreal15_3.ltl": { "status": true, "rtime": 0.07565999031066895 },
"ab/SingleContoller_d65ed84e.ltl": { "status": true, "rtime": 6.815748929977417 },
"ab/SPIWriteManag.ltl": { "status": true, "rtime": 7.408018350601196 },
"ab/test2_f2774e0b.ltl": { "status": true, "rtime": 5.357306480407715 },
"ab/test3_efe2feaf.ltl": { "status": true, "rtime": 7.124874830245972 },
"ab/TwoCounters2.ltl": { "status": true, "rtime": 5.80108904838562 },
"ab/TwoCounters3.ltl": { "status": true, "rtime": 11.299408435821533 },
"ab/TwoCountersInRangeA0.ltl": { "status": true, "rtime": 5.06144642829895 },
"ab/TwoCountersInRangeA1.ltl": { "status": true, "rtime": 8.022415161132812 },
"ab/TwoCountersInRangeA2.ltl": { "status": true, "rtime": 8.522669315338135 },
"ab/TwoCountersInRangeA3.ltl": { "status": true, "rtime": 8.537065982818604 },
"ab/TwoCountersInRangeA4.ltl": { "status": true, "rtime": 8.691917181015015 },
"ab/TwoCountersInRangeM0.ltl": { "status": true, "rtime": 9.359046697616577 },
"ab/TwoCountersInRangeM1.ltl": { "status": true, "rtime": 9.245310068130493 },
"ab/TwoCountersInRangeM2.ltl": { "status": true, "rtime": 9.15042519569397 },
"ab/TwoCountersInRangeM4.ltl": { "status": true, "rtime": 9.103424072265625 },
"ab/TwoCountersInRange.ltl": { "status": true, "rtime": 5.3381264209747314 },
   "result": { "status": false, "rtime": 0 }
 },
 "preamble": {
    "program": "ab-kmin5_kinc2",
    "prog_alias": "ab-kmin5_kinc2"
  }
}
