{
  "stats": {  
"ab/amba_case_study2.ltl": { "status": true, "rtime": 1.2914221286773682 },
"ab/amba_decomposed_encode12.ltl": { "status": true, "rtime": 1.6500959396362305 },
"ab/amba_decomposed_encode13.ltl": { "status": true, "rtime": 3.693253993988037 },
"ab/amba_decomposed_encode14.ltl": { "status": true, "rtime": 7.83161735534668 },
"ab/amba_decomposed_lock9.ltl": { "status": true, "rtime": 3.0462701320648193 },
"ab/collector_v19.ltl": { "status": false, "rtime": 17.021146059036255 },
"ab/collector_v213.ltl": { "status": true, "rtime": 4.670474290847778 },
"ab/collector_v215.ltl": { "status": true, "rtime": 7.423593282699585 },
"ab/collector_v39.ltl": { "status": true, "rtime": 14.793730974197388 },
"ab/Core_4b5a2bad.ltl": { "status": true, "rtime": 1.004314661026001 },
"ab/detector14.ltl": { "status": true, "rtime": 5.191763401031494 },
"ab/detector_unreal12.ltl": { "status": true, "rtime": 0.8351945877075195 },
"ab/detector_unreal13.ltl": { "status": true, "rtime": 1.994168758392334 },
"ab/detector_unreal14.ltl": { "status": true, "rtime": 5.398288249969482 },
"ab/full_arbiter_unreal12_14.ltl": { "status": true, "rtime": 0.06156754493713379 },
"ab/full_arbiter_unreal12_15.ltl": { "status": true, "rtime": 0.06169605255126953 },
"ab/full_arbiter_unreal12_16.ltl": { "status": true, "rtime": 0.06201982498168945 },
"ab/full_arbiter_unreal13_6.ltl": { "status": true, "rtime": 0.06624245643615723 },
"ab/full_arbiter_unreal14_4.ltl": { "status": true, "rtime": 0.5247738361358643 },
"ab/full_arbiter_unreal24.ltl": { "status": true, "rtime": 0.08419251441955566 },
"ab/GamemodeChooser.ltl": { "status": true, "rtime": 8.128981351852417 },
"ab/KitchenTimerV10.ltl": { "status": true, "rtime": 2.7456963062286377 },
"ab/KitchenTimerV8.ltl": { "status": true, "rtime": 6.7476019859313965 },
"ab/Lights2_06e9cad4.ltl": { "status": true, "rtime": 0.7945313453674316 },
"ab/Lights2_0f5381e9.ltl": { "status": true, "rtime": 0.5047581195831299 },
"ab/Lights2_9cac58d3.ltl": { "status": true, "rtime": 0.26841211318969727 },
"ab/Lights2_b02056d6.ltl": { "status": true, "rtime": 0.26894712448120117 },
"ab/Lights2_f3987563.ltl": { "status": true, "rtime": 0.2617831230163574 },
"ab/LightsTotal_9cbf2546.ltl": { "status": true, "rtime": 1.8855068683624268 },
"ab/load_balancer6.ltl": { "status": true, "rtime": 1.2520995140075684 },
"ab/load_balancer_unreal12_15.ltl": { "status": true, "rtime": 0.06447958946228027 },
"ab/load_balancer_unreal12_16.ltl": { "status": true, "rtime": 0.06499934196472168 },
"ab/load_balancer_unreal13_12.ltl": { "status": true, "rtime": 1.1323387622833252 },
"ab/load_balancer_unreal14_6.ltl": { "status": true, "rtime": 2.0808141231536865 },
"ab/load_balancer_unreal14_7.ltl": { "status": true, "rtime": 0.12179970741271973 },
"ab/ltl2dba_beta3.ltl": { "status": true, "rtime": 0.07468008995056152 },
"ab/ltl2dba_beta4.ltl": { "status": true, "rtime": 0.1287069320678711 },
"ab/ltl2dba_C214.ltl": { "status": true, "rtime": 5.148220062255859 },
"ab/ltl2dba_E5.ltl": { "status": true, "rtime": 1.1176843643188477 },
"ab/ltl2dba_E6.ltl": { "status": true, "rtime": 0.11452221870422363 },
"ab/ltl2dba_Q5.ltl": { "status": true, "rtime": 0.09904336929321289 },
"ab/ltl2dba_R7.ltl": { "status": true, "rtime": 11.663530111312866 },
"ab/ltl2dba_theta10.ltl": { "status": true, "rtime": 0.8649842739105225 },
"ab/ltl2dba_U17.ltl": { "status": true, "rtime": 0.18013453483581543 },
"ab/ltl2dba_U18.ltl": { "status": true, "rtime": 0.4286954402923584 },
"ab/mux16.ltl": { "status": true, "rtime": 1.7965352535247803 },
"ab/OneCounterGuiA1.ltl": { "status": true, "rtime": 0.5976159572601318 },
"ab/OneCounterGuiA2.ltl": { "status": true, "rtime": 0.7395715713500977 },
"ab/OneCounterGuiA3.ltl": { "status": true, "rtime": 1.0593292713165283 },
"ab/OneCounterGuiA4.ltl": { "status": true, "rtime": 1.1273810863494873 },
"ab/OneCounterGuiA5.ltl": { "status": true, "rtime": 1.1681923866271973 },
"ab/OneCounterGuiA6.ltl": { "status": true, "rtime": 1.8860955238342285 },
"ab/OneCounterGuiA7.ltl": { "status": true, "rtime": 1.9957702159881592 },
"ab/OneCounterGuiA8.ltl": { "status": true, "rtime": 5.04410719871521 },
"ab/prioritized_arbiter6.ltl": { "status": true, "rtime": 0.15196943283081055 },
"ab/prioritized_arbiter_enc10.ltl": { "status": true, "rtime": 0.5877227783203125 },
"ab/prioritized_arbiter_unreal12_13.ltl": { "status": true, "rtime": 0.06190180778503418 },
"ab/prioritized_arbiter_unreal12_14.ltl": { "status": true, "rtime": 0.0621180534362793 },
"ab/prioritized_arbiter_unreal12_15.ltl": { "status": true, "rtime": 0.06198406219482422 },
"ab/prioritized_arbiter_unreal13_5.ltl": { "status": true, "rtime": 0.06473588943481445 },
"ab/prioritized_arbiter_unreal13_6.ltl": { "status": true, "rtime": 0.06443643569946289 },
"ab/prioritized_arbiter_unreal14_3.ltl": { "status": true, "rtime": 0.07291245460510254 },
"ab/prioritized_arbiter_unreal14_4.ltl": { "status": true, "rtime": 0.07227277755737305 },
"ab/prioritized_arbiter_unreal24.ltl": { "status": true, "rtime": 0.0713202953338623 },
"ab/robot_grid16_16.ltl": { "status": true, "rtime": 3.015033483505249 },
"ab/round_robin_arbiter4.ltl": { "status": false, "rtime": 17.02121925354004 },
"ab/round_robin_arbiter_unreal12_15.ltl": { "status": true, "rtime": 0.0665900707244873 },
"ab/round_robin_arbiter_unreal12_16.ltl": { "status": true, "rtime": 0.06639266014099121 },
"ab/round_robin_arbiter_unreal13_6.ltl": { "status": true, "rtime": 1.7656984329223633 },
"ab/round_robin_arbiter_unreal13_7.ltl": { "status": true, "rtime": 11.596254825592041 },
"ab/round_robin_arbiter_unreal14_4.ltl": { "status": true, "rtime": 0.4764218330383301 },
"ab/SensorInit.ltl": { "status": true, "rtime": 12.284085750579834 },
"ab/SensorSubmodulChooser.ltl": { "status": true, "rtime": 13.204674243927002 },
"ab/simple_arbiter_enc10.ltl": { "status": true, "rtime": 0.08824419975280762 },
"ab/simple_arbiter_unreal13_6.ltl": { "status": true, "rtime": 0.06251883506774902 },
"ab/simple_arbiter_unreal13_7.ltl": { "status": true, "rtime": 0.06264686584472656 },
"ab/simple_arbiter_unreal14_4.ltl": { "status": true, "rtime": 0.06567764282226562 },
"ab/simple_arbiter_unreal15_3.ltl": { "status": true, "rtime": 0.0758974552154541 },
"ab/SingleContoller_d65ed84e.ltl": { "status": true, "rtime": 6.788890838623047 },
"ab/SPIWriteManag.ltl": { "status": true, "rtime": 7.391783237457275 },
"ab/test2_f2774e0b.ltl": { "status": true, "rtime": 5.253755331039429 },
"ab/test3_efe2feaf.ltl": { "status": true, "rtime": 6.98920464515686 },
"ab/TwoCounters2.ltl": { "status": true, "rtime": 5.719743251800537 },
"ab/TwoCounters3.ltl": { "status": true, "rtime": 11.357703924179077 },
"ab/TwoCountersInRangeA0.ltl": { "status": true, "rtime": 5.027475357055664 },
"ab/TwoCountersInRangeA1.ltl": { "status": true, "rtime": 8.016281366348267 },
"ab/TwoCountersInRangeA2.ltl": { "status": true, "rtime": 8.444808959960938 },
"ab/TwoCountersInRangeA3.ltl": { "status": true, "rtime": 8.578392744064331 },
"ab/TwoCountersInRangeA4.ltl": { "status": true, "rtime": 8.694234609603882 },
"ab/TwoCountersInRangeM0.ltl": { "status": true, "rtime": 9.21443796157837 },
"ab/TwoCountersInRangeM1.ltl": { "status": true, "rtime": 9.120812177658081 },
"ab/TwoCountersInRangeM2.ltl": { "status": true, "rtime": 9.256572723388672 },
"ab/TwoCountersInRangeM4.ltl": { "status": true, "rtime": 9.057993412017822 },
"ab/TwoCountersInRange.ltl": { "status": true, "rtime": 5.065644979476929 },
   "result": { "status": false, "rtime": 0 }
 },
 "preamble": {
    "program": "ab-kmin2_kinc1",
    "prog_alias": "ab-kmin2_kinc1"
  }
}
