{
  "stats": {  
"ab/amba_case_study2.ltl": { "status": true, "rtime": 1.2844183444976807 },
"ab/amba_decomposed_encode12.ltl": { "status": true, "rtime": 1.6536588668823242 },
"ab/amba_decomposed_encode13.ltl": { "status": true, "rtime": 3.712336301803589 },
"ab/amba_decomposed_encode14.ltl": { "status": true, "rtime": 7.805424690246582 },
"ab/amba_decomposed_lock9.ltl": { "status": true, "rtime": 3.0566232204437256 },
"ab/collector_v19.ltl": { "status": false, "rtime": 17.018385648727417 },
"ab/collector_v213.ltl": { "status": true, "rtime": 4.732153415679932 },
"ab/collector_v215.ltl": { "status": true, "rtime": 7.466535568237305 },
"ab/collector_v39.ltl": { "status": true, "rtime": 14.88013768196106 },
"ab/Core_4b5a2bad.ltl": { "status": true, "rtime": 1.0046074390411377 },
"ab/detector14.ltl": { "status": true, "rtime": 5.248543739318848 },
"ab/detector_unreal12.ltl": { "status": true, "rtime": 0.8318841457366943 },
"ab/detector_unreal13.ltl": { "status": true, "rtime": 1.9787449836730957 },
"ab/detector_unreal14.ltl": { "status": true, "rtime": 5.402014493942261 },
"ab/full_arbiter_unreal12_14.ltl": { "status": true, "rtime": 0.06170654296875 },
"ab/full_arbiter_unreal12_15.ltl": { "status": true, "rtime": 0.06200432777404785 },
"ab/full_arbiter_unreal12_16.ltl": { "status": true, "rtime": 0.061688899993896484 },
"ab/full_arbiter_unreal13_6.ltl": { "status": true, "rtime": 0.06578612327575684 },
"ab/full_arbiter_unreal14_4.ltl": { "status": true, "rtime": 0.5049681663513184 },
"ab/full_arbiter_unreal24.ltl": { "status": true, "rtime": 0.08424091339111328 },
"ab/GamemodeChooser.ltl": { "status": true, "rtime": 8.171504020690918 },
"ab/KitchenTimerV10.ltl": { "status": true, "rtime": 2.705233573913574 },
"ab/KitchenTimerV8.ltl": { "status": true, "rtime": 6.775994300842285 },
"ab/Lights2_06e9cad4.ltl": { "status": true, "rtime": 0.7958083152770996 },
"ab/Lights2_0f5381e9.ltl": { "status": true, "rtime": 0.5057520866394043 },
"ab/Lights2_9cac58d3.ltl": { "status": true, "rtime": 0.26993274688720703 },
"ab/Lights2_b02056d6.ltl": { "status": true, "rtime": 0.26964688301086426 },
"ab/Lights2_f3987563.ltl": { "status": true, "rtime": 0.2631258964538574 },
"ab/LightsTotal_9cbf2546.ltl": { "status": true, "rtime": 1.877072811126709 },
"ab/load_balancer6.ltl": { "status": true, "rtime": 1.267622709274292 },
"ab/load_balancer_unreal12_15.ltl": { "status": true, "rtime": 0.06532096862792969 },
"ab/load_balancer_unreal12_16.ltl": { "status": true, "rtime": 0.06488633155822754 },
"ab/load_balancer_unreal13_12.ltl": { "status": true, "rtime": 1.141653060913086 },
"ab/load_balancer_unreal14_6.ltl": { "status": true, "rtime": 2.0961108207702637 },
"ab/load_balancer_unreal14_7.ltl": { "status": true, "rtime": 0.1219792366027832 },
"ab/ltl2dba_beta3.ltl": { "status": true, "rtime": 0.07394123077392578 },
"ab/ltl2dba_beta4.ltl": { "status": true, "rtime": 0.12903165817260742 },
"ab/ltl2dba_C214.ltl": { "status": true, "rtime": 5.163926839828491 },
"ab/ltl2dba_E5.ltl": { "status": true, "rtime": 1.1003763675689697 },
"ab/ltl2dba_E6.ltl": { "status": true, "rtime": 0.11426520347595215 },
"ab/ltl2dba_Q5.ltl": { "status": true, "rtime": 0.09839510917663574 },
"ab/ltl2dba_R7.ltl": { "status": true, "rtime": 11.666271924972534 },
"ab/ltl2dba_theta10.ltl": { "status": true, "rtime": 0.8602945804595947 },
"ab/ltl2dba_U17.ltl": { "status": true, "rtime": 0.17953157424926758 },
"ab/ltl2dba_U18.ltl": { "status": true, "rtime": 0.4278085231781006 },
"ab/mux16.ltl": { "status": true, "rtime": 1.8045082092285156 },
"ab/OneCounterGuiA1.ltl": { "status": true, "rtime": 0.5958354473114014 },
"ab/OneCounterGuiA2.ltl": { "status": true, "rtime": 0.7343895435333252 },
"ab/OneCounterGuiA3.ltl": { "status": true, "rtime": 1.0723495483398438 },
"ab/OneCounterGuiA4.ltl": { "status": true, "rtime": 1.1272428035736084 },
"ab/OneCounterGuiA5.ltl": { "status": true, "rtime": 1.167593240737915 },
"ab/OneCounterGuiA6.ltl": { "status": true, "rtime": 1.886303424835205 },
"ab/OneCounterGuiA7.ltl": { "status": true, "rtime": 1.974285364151001 },
"ab/OneCounterGuiA8.ltl": { "status": true, "rtime": 5.032224893569946 },
"ab/prioritized_arbiter6.ltl": { "status": true, "rtime": 0.1525259017944336 },
"ab/prioritized_arbiter_enc10.ltl": { "status": true, "rtime": 0.5798873901367188 },
"ab/prioritized_arbiter_unreal12_13.ltl": { "status": true, "rtime": 0.06086850166320801 },
"ab/prioritized_arbiter_unreal12_14.ltl": { "status": true, "rtime": 0.06258440017700195 },
"ab/prioritized_arbiter_unreal12_15.ltl": { "status": true, "rtime": 0.06224370002746582 },
"ab/prioritized_arbiter_unreal13_5.ltl": { "status": true, "rtime": 0.0644533634185791 },
"ab/prioritized_arbiter_unreal13_6.ltl": { "status": true, "rtime": 0.06400513648986816 },
"ab/prioritized_arbiter_unreal14_3.ltl": { "status": true, "rtime": 0.07194185256958008 },
"ab/prioritized_arbiter_unreal14_4.ltl": { "status": true, "rtime": 0.07306814193725586 },
"ab/prioritized_arbiter_unreal24.ltl": { "status": true, "rtime": 0.07132744789123535 },
"ab/robot_grid16_16.ltl": { "status": true, "rtime": 3.027305841445923 },
"ab/round_robin_arbiter4.ltl": { "status": false, "rtime": 17.021140336990356 },
"ab/round_robin_arbiter_unreal12_15.ltl": { "status": true, "rtime": 0.06663131713867188 },
"ab/round_robin_arbiter_unreal12_16.ltl": { "status": true, "rtime": 0.06580400466918945 },
"ab/round_robin_arbiter_unreal13_6.ltl": { "status": true, "rtime": 1.7712879180908203 },
"ab/round_robin_arbiter_unreal13_7.ltl": { "status": true, "rtime": 11.647111415863037 },
"ab/round_robin_arbiter_unreal14_4.ltl": { "status": true, "rtime": 0.4754612445831299 },
"ab/SensorInit.ltl": { "status": true, "rtime": 12.196265697479248 },
"ab/SensorSubmodulChooser.ltl": { "status": true, "rtime": 13.039382696151733 },
"ab/simple_arbiter_enc10.ltl": { "status": true, "rtime": 0.08794808387756348 },
"ab/simple_arbiter_unreal13_6.ltl": { "status": true, "rtime": 0.06221961975097656 },
"ab/simple_arbiter_unreal13_7.ltl": { "status": true, "rtime": 0.06204366683959961 },
"ab/simple_arbiter_unreal14_4.ltl": { "status": true, "rtime": 0.06504344940185547 },
"ab/simple_arbiter_unreal15_3.ltl": { "status": true, "rtime": 0.07562613487243652 },
"ab/SingleContoller_d65ed84e.ltl": { "status": true, "rtime": 6.810401439666748 },
"ab/SPIWriteManag.ltl": { "status": true, "rtime": 7.34937596321106 },
"ab/test2_f2774e0b.ltl": { "status": true, "rtime": 5.242281675338745 },
"ab/test3_efe2feaf.ltl": { "status": true, "rtime": 6.945491790771484 },
"ab/TwoCounters2.ltl": { "status": true, "rtime": 5.767240524291992 },
"ab/TwoCounters3.ltl": { "status": true, "rtime": 11.386186838150024 },
"ab/TwoCountersInRangeA0.ltl": { "status": true, "rtime": 5.0826194286346436 },
"ab/TwoCountersInRangeA1.ltl": { "status": true, "rtime": 7.908585071563721 },
"ab/TwoCountersInRangeA2.ltl": { "status": true, "rtime": 8.330288171768188 },
"ab/TwoCountersInRangeA3.ltl": { "status": true, "rtime": 8.515180826187134 },
"ab/TwoCountersInRangeA4.ltl": { "status": true, "rtime": 8.75584077835083 },
"ab/TwoCountersInRangeM0.ltl": { "status": true, "rtime": 9.068527460098267 },
"ab/TwoCountersInRangeM1.ltl": { "status": true, "rtime": 9.129788637161255 },
"ab/TwoCountersInRangeM2.ltl": { "status": true, "rtime": 9.1738440990448 },
"ab/TwoCountersInRangeM4.ltl": { "status": true, "rtime": 9.108996868133545 },
"ab/TwoCountersInRange.ltl": { "status": true, "rtime": 5.040629148483276 },
   "result": { "status": false, "rtime": 0 }
 },
 "preamble": {
    "program": "ab-kmin2_kinc3",
    "prog_alias": "ab-kmin2_kinc3"
  }
}
