{
  "stats": {  
"ab/amba_case_study2.ltl": { "status": false, "rtime": 17.0206139087677 },
"ab/amba_decomposed_encode12.ltl": { "status": true, "rtime": 1.6484544277191162 },
"ab/amba_decomposed_encode13.ltl": { "status": true, "rtime": 3.6721668243408203 },
"ab/amba_decomposed_encode14.ltl": { "status": true, "rtime": 7.822244644165039 },
"ab/amba_decomposed_lock9.ltl": { "status": true, "rtime": 3.0099644660949707 },
"ab/collector_v19.ltl": { "status": false, "rtime": 17.01980471611023 },
"ab/collector_v213.ltl": { "status": true, "rtime": 4.702023267745972 },
"ab/collector_v215.ltl": { "status": true, "rtime": 7.444910764694214 },
"ab/collector_v39.ltl": { "status": true, "rtime": 14.763259887695312 },
"ab/Core_4b5a2bad.ltl": { "status": true, "rtime": 1.006303071975708 },
"ab/detector14.ltl": { "status": true, "rtime": 5.251333713531494 },
"ab/detector_unreal12.ltl": { "status": true, "rtime": 0.8362276554107666 },
"ab/detector_unreal13.ltl": { "status": true, "rtime": 1.9808011054992676 },
"ab/detector_unreal14.ltl": { "status": true, "rtime": 5.380531072616577 },
"ab/full_arbiter_unreal12_14.ltl": { "status": true, "rtime": 0.0620577335357666 },
"ab/full_arbiter_unreal12_15.ltl": { "status": true, "rtime": 0.062348365783691406 },
"ab/full_arbiter_unreal12_16.ltl": { "status": true, "rtime": 0.06107640266418457 },
"ab/full_arbiter_unreal13_6.ltl": { "status": true, "rtime": 0.06582951545715332 },
"ab/full_arbiter_unreal14_4.ltl": { "status": true, "rtime": 0.4338397979736328 },
"ab/full_arbiter_unreal24.ltl": { "status": true, "rtime": 0.08460354804992676 },
"ab/GamemodeChooser.ltl": { "status": true, "rtime": 8.081029653549194 },
"ab/KitchenTimerV10.ltl": { "status": true, "rtime": 2.7681217193603516 },
"ab/KitchenTimerV8.ltl": { "status": true, "rtime": 6.734119176864624 },
"ab/Lights2_06e9cad4.ltl": { "status": true, "rtime": 0.9777181148529053 },
"ab/Lights2_0f5381e9.ltl": { "status": true, "rtime": 0.5758171081542969 },
"ab/Lights2_9cac58d3.ltl": { "status": true, "rtime": 0.3079967498779297 },
"ab/Lights2_b02056d6.ltl": { "status": true, "rtime": 0.31163740158081055 },
"ab/Lights2_f3987563.ltl": { "status": true, "rtime": 0.29835963249206543 },
"ab/LightsTotal_9cbf2546.ltl": { "status": true, "rtime": 2.1992270946502686 },
"ab/load_balancer6.ltl": { "status": true, "rtime": 1.2610304355621338 },
"ab/load_balancer_unreal12_15.ltl": { "status": true, "rtime": 0.06499600410461426 },
"ab/load_balancer_unreal12_16.ltl": { "status": true, "rtime": 0.06810212135314941 },
"ab/load_balancer_unreal13_12.ltl": { "status": true, "rtime": 1.1498868465423584 },
"ab/load_balancer_unreal14_6.ltl": { "status": true, "rtime": 2.1270556449890137 },
"ab/load_balancer_unreal14_7.ltl": { "status": true, "rtime": 14.776867628097534 },
"ab/ltl2dba_beta3.ltl": { "status": true, "rtime": 0.07386422157287598 },
"ab/ltl2dba_beta4.ltl": { "status": true, "rtime": 0.12871360778808594 },
"ab/ltl2dba_C214.ltl": { "status": true, "rtime": 5.203101873397827 },
"ab/ltl2dba_E5.ltl": { "status": true, "rtime": 0.2539517879486084 },
"ab/ltl2dba_E6.ltl": { "status": true, "rtime": 0.11633706092834473 },
"ab/ltl2dba_Q5.ltl": { "status": true, "rtime": 0.08264684677124023 },
"ab/ltl2dba_R7.ltl": { "status": true, "rtime": 11.534820556640625 },
"ab/ltl2dba_theta10.ltl": { "status": true, "rtime": 0.8507521152496338 },
"ab/ltl2dba_U17.ltl": { "status": true, "rtime": 0.27483487129211426 },
"ab/ltl2dba_U18.ltl": { "status": true, "rtime": 0.4284508228302002 },
"ab/mux16.ltl": { "status": true, "rtime": 1.7947182655334473 },
"ab/OneCounterGuiA1.ltl": { "status": true, "rtime": 0.5970134735107422 },
"ab/OneCounterGuiA2.ltl": { "status": true, "rtime": 0.7327001094818115 },
"ab/OneCounterGuiA3.ltl": { "status": true, "rtime": 1.0653729438781738 },
"ab/OneCounterGuiA4.ltl": { "status": true, "rtime": 1.1287164688110352 },
"ab/OneCounterGuiA5.ltl": { "status": true, "rtime": 1.1620557308197021 },
"ab/OneCounterGuiA6.ltl": { "status": true, "rtime": 1.8971433639526367 },
"ab/OneCounterGuiA7.ltl": { "status": true, "rtime": 1.9707601070404053 },
"ab/OneCounterGuiA8.ltl": { "status": true, "rtime": 5.0313873291015625 },
"ab/prioritized_arbiter6.ltl": { "status": true, "rtime": 0.15343117713928223 },
"ab/prioritized_arbiter_enc10.ltl": { "status": true, "rtime": 0.622814416885376 },
"ab/prioritized_arbiter_unreal12_13.ltl": { "status": true, "rtime": 0.06183576583862305 },
"ab/prioritized_arbiter_unreal12_14.ltl": { "status": true, "rtime": 0.06256842613220215 },
"ab/prioritized_arbiter_unreal12_15.ltl": { "status": true, "rtime": 0.061945438385009766 },
"ab/prioritized_arbiter_unreal13_5.ltl": { "status": true, "rtime": 0.06409406661987305 },
"ab/prioritized_arbiter_unreal13_6.ltl": { "status": true, "rtime": 0.06505870819091797 },
"ab/prioritized_arbiter_unreal14_3.ltl": { "status": true, "rtime": 0.07263469696044922 },
"ab/prioritized_arbiter_unreal14_4.ltl": { "status": true, "rtime": 0.07266974449157715 },
"ab/prioritized_arbiter_unreal24.ltl": { "status": true, "rtime": 0.07243967056274414 },
"ab/robot_grid16_16.ltl": { "status": true, "rtime": 2.9560301303863525 },
"ab/round_robin_arbiter4.ltl": { "status": false, "rtime": 17.021144151687622 },
"ab/round_robin_arbiter_unreal12_15.ltl": { "status": true, "rtime": 2.1101062297821045 },
"ab/round_robin_arbiter_unreal12_16.ltl": { "status": true, "rtime": 4.476104974746704 },
"ab/round_robin_arbiter_unreal13_6.ltl": { "status": true, "rtime": 1.8316090106964111 },
"ab/round_robin_arbiter_unreal13_7.ltl": { "status": true, "rtime": 11.753727197647095 },
"ab/round_robin_arbiter_unreal14_4.ltl": { "status": true, "rtime": 0.47669076919555664 },
"ab/SensorInit.ltl": { "status": true, "rtime": 12.42196536064148 },
"ab/SensorSubmodulChooser.ltl": { "status": true, "rtime": 13.225852966308594 },
"ab/simple_arbiter_enc10.ltl": { "status": true, "rtime": 0.08753657341003418 },
"ab/simple_arbiter_unreal13_6.ltl": { "status": true, "rtime": 0.06270217895507812 },
"ab/simple_arbiter_unreal13_7.ltl": { "status": true, "rtime": 0.0628361701965332 },
"ab/simple_arbiter_unreal14_4.ltl": { "status": true, "rtime": 0.06667184829711914 },
"ab/simple_arbiter_unreal15_3.ltl": { "status": true, "rtime": 0.07610082626342773 },
"ab/SingleContoller_d65ed84e.ltl": { "status": true, "rtime": 6.8200459480285645 },
"ab/SPIWriteManag.ltl": { "status": true, "rtime": 7.432429552078247 },
"ab/test2_f2774e0b.ltl": { "status": true, "rtime": 5.329360008239746 },
"ab/test3_efe2feaf.ltl": { "status": true, "rtime": 7.16705060005188 },
"ab/TwoCounters2.ltl": { "status": true, "rtime": 5.810761213302612 },
"ab/TwoCounters3.ltl": { "status": true, "rtime": 11.28968334197998 },
"ab/TwoCountersInRangeA0.ltl": { "status": true, "rtime": 5.085622072219849 },
"ab/TwoCountersInRangeA1.ltl": { "status": true, "rtime": 7.97753119468689 },
"ab/TwoCountersInRangeA2.ltl": { "status": true, "rtime": 8.445292949676514 },
"ab/TwoCountersInRangeA3.ltl": { "status": true, "rtime": 8.613232612609863 },
"ab/TwoCountersInRangeA4.ltl": { "status": true, "rtime": 8.626847505569458 },
"ab/TwoCountersInRangeM0.ltl": { "status": true, "rtime": 9.285837173461914 },
"ab/TwoCountersInRangeM1.ltl": { "status": true, "rtime": 9.145133256912231 },
"ab/TwoCountersInRangeM2.ltl": { "status": true, "rtime": 9.249082088470459 },
"ab/TwoCountersInRangeM4.ltl": { "status": true, "rtime": 9.195652961730957 },
"ab/TwoCountersInRange.ltl": { "status": true, "rtime": 5.114621877670288 },
   "result": { "status": false, "rtime": 0 }
 },
 "preamble": {
    "program": "ab-kmin5_kinc1",
    "prog_alias": "ab-kmin5_kinc1"
  }
}
