{
  "stats": {  
"ab/amba_case_study2.ltl": { "status": false, "rtime": 17.020498991012573 },
"ab/amba_decomposed_encode12.ltl": { "status": true, "rtime": 1.629380702972412 },
"ab/amba_decomposed_encode13.ltl": { "status": true, "rtime": 3.641090154647827 },
"ab/amba_decomposed_encode14.ltl": { "status": true, "rtime": 7.717979907989502 },
"ab/amba_decomposed_lock9.ltl": { "status": true, "rtime": 2.997196674346924 },
"ab/collector_v19.ltl": { "status": true, "rtime": 2.899907112121582 },
"ab/collector_v213.ltl": { "status": true, "rtime": 4.763623237609863 },
"ab/collector_v215.ltl": { "status": true, "rtime": 7.372224807739258 },
"ab/collector_v39.ltl": { "status": true, "rtime": 14.897731065750122 },
"ab/Core_4b5a2bad.ltl": { "status": false, "rtime": 17.019825220108032 },
"ab/detector14.ltl": { "status": true, "rtime": 5.373347043991089 },
"ab/detector_unreal12.ltl": { "status": true, "rtime": 1.2611334323883057 },
"ab/detector_unreal13.ltl": { "status": true, "rtime": 3.382136821746826 },
"ab/detector_unreal14.ltl": { "status": true, "rtime": 10.03779673576355 },
"ab/full_arbiter_unreal12_14.ltl": { "status": true, "rtime": 1.4965484142303467 },
"ab/full_arbiter_unreal12_15.ltl": { "status": true, "rtime": 3.310194492340088 },
"ab/full_arbiter_unreal12_16.ltl": { "status": true, "rtime": 7.275017976760864 },
"ab/full_arbiter_unreal13_6.ltl": { "status": true, "rtime": 2.694164514541626 },
"ab/full_arbiter_unreal14_4.ltl": { "status": true, "rtime": 5.007457256317139 },
"ab/full_arbiter_unreal24.ltl": { "status": true, "rtime": 11.302976131439209 },
"ab/GamemodeChooser.ltl": { "status": true, "rtime": 8.052874565124512 },
"ab/KitchenTimerV10.ltl": { "status": true, "rtime": 3.1004810333251953 },
"ab/KitchenTimerV8.ltl": { "status": true, "rtime": 6.825378894805908 },
"ab/Lights2_06e9cad4.ltl": { "status": false, "rtime": 17.018730401992798 },
"ab/Lights2_0f5381e9.ltl": { "status": false, "rtime": 17.02233624458313 },
"ab/Lights2_9cac58d3.ltl": { "status": false, "rtime": 17.021952390670776 },
"ab/Lights2_b02056d6.ltl": { "status": false, "rtime": 17.02157163619995 },
"ab/Lights2_f3987563.ltl": { "status": false, "rtime": 17.014849424362183 },
"ab/LightsTotal_9cbf2546.ltl": { "status": false, "rtime": 17.021711826324463 },
"ab/load_balancer6.ltl": { "status": false, "rtime": 17.021824836730957 },
"ab/load_balancer_unreal12_15.ltl": { "status": true, "rtime": 1.4582724571228027 },
"ab/load_balancer_unreal12_16.ltl": { "status": true, "rtime": 2.889432430267334 },
"ab/load_balancer_unreal13_12.ltl": { "status": true, "rtime": 1.1127822399139404 },
"ab/load_balancer_unreal14_6.ltl": { "status": true, "rtime": 2.1084656715393066 },
"ab/load_balancer_unreal14_7.ltl": { "status": true, "rtime": 14.3111732006073 },
"ab/ltl2dba_beta3.ltl": { "status": true, "rtime": 10.923461437225342 },
"ab/ltl2dba_beta4.ltl": { "status": false, "rtime": 17.02121925354004 },
"ab/ltl2dba_C214.ltl": { "status": true, "rtime": 5.376522779464722 },
"ab/ltl2dba_E5.ltl": { "status": false, "rtime": 17.021371841430664 },
"ab/ltl2dba_E6.ltl": { "status": false, "rtime": 17.02168893814087 },
"ab/ltl2dba_Q5.ltl": { "status": false, "rtime": 17.021453857421875 },
"ab/ltl2dba_R7.ltl": { "status": false, "rtime": 17.022433280944824 },
"ab/ltl2dba_theta10.ltl": { "status": false, "rtime": 17.021879196166992 },
"ab/ltl2dba_U17.ltl": { "status": false, "rtime": 17.022220611572266 },
"ab/ltl2dba_U18.ltl": { "status": false, "rtime": 17.021559953689575 },
"ab/mux16.ltl": { "status": true, "rtime": 1.7978324890136719 },
"ab/OneCounterGuiA1.ltl": { "status": true, "rtime": 1.7992398738861084 },
"ab/OneCounterGuiA2.ltl": { "status": true, "rtime": 2.0666065216064453 },
"ab/OneCounterGuiA3.ltl": { "status": true, "rtime": 2.864964246749878 },
"ab/OneCounterGuiA4.ltl": { "status": true, "rtime": 3.018097162246704 },
"ab/OneCounterGuiA5.ltl": { "status": true, "rtime": 3.572648763656616 },
"ab/OneCounterGuiA6.ltl": { "status": true, "rtime": 6.580526113510132 },
"ab/OneCounterGuiA7.ltl": { "status": true, "rtime": 8.810335397720337 },
"ab/OneCounterGuiA8.ltl": { "status": true, "rtime": 5.8653881549835205 },
"ab/prioritized_arbiter6.ltl": { "status": false, "rtime": 17.020698070526123 },
"ab/prioritized_arbiter_enc10.ltl": { "status": true, "rtime": 9.305318593978882 },
"ab/prioritized_arbiter_unreal12_13.ltl": { "status": true, "rtime": 1.9568724632263184 },
"ab/prioritized_arbiter_unreal12_14.ltl": { "status": true, "rtime": 4.259747505187988 },
"ab/prioritized_arbiter_unreal12_15.ltl": { "status": true, "rtime": 8.947989225387573 },
"ab/prioritized_arbiter_unreal13_5.ltl": { "status": true, "rtime": 1.0876960754394531 },
"ab/prioritized_arbiter_unreal13_6.ltl": { "status": true, "rtime": 6.856696367263794 },
"ab/prioritized_arbiter_unreal14_3.ltl": { "status": true, "rtime": 1.1017892360687256 },
"ab/prioritized_arbiter_unreal14_4.ltl": { "status": true, "rtime": 10.918311595916748 },
"ab/prioritized_arbiter_unreal24.ltl": { "status": true, "rtime": 7.065825462341309 },
"ab/robot_grid16_16.ltl": { "status": true, "rtime": 2.960089683532715 },
"ab/round_robin_arbiter4.ltl": { "status": false, "rtime": 17.02116847038269 },
"ab/round_robin_arbiter_unreal12_15.ltl": { "status": true, "rtime": 2.0892531871795654 },
"ab/round_robin_arbiter_unreal12_16.ltl": { "status": true, "rtime": 4.485679626464844 },
"ab/round_robin_arbiter_unreal13_6.ltl": { "status": true, "rtime": 1.7520411014556885 },
"ab/round_robin_arbiter_unreal13_7.ltl": { "status": true, "rtime": 11.674873113632202 },
"ab/round_robin_arbiter_unreal14_4.ltl": { "status": true, "rtime": 2.894335985183716 },
"ab/SensorInit.ltl": { "status": true, "rtime": 13.373696327209473 },
"ab/SensorSubmodulChooser.ltl": { "status": true, "rtime": 13.2921621799469 },
"ab/simple_arbiter_enc10.ltl": { "status": true, "rtime": 15.5956871509552 },
"ab/simple_arbiter_unreal13_6.ltl": { "status": true, "rtime": 1.6849327087402344 },
"ab/simple_arbiter_unreal13_7.ltl": { "status": true, "rtime": 11.810458183288574 },
"ab/simple_arbiter_unreal14_4.ltl": { "status": true, "rtime": 2.817326545715332 },
"ab/simple_arbiter_unreal15_3.ltl": { "status": true, "rtime": 5.3954997062683105 },
"ab/SingleContoller_d65ed84e.ltl": { "status": false, "rtime": 17.01907706260681 },
"ab/SPIWriteManag.ltl": { "status": true, "rtime": 10.239502906799316 },
"ab/test2_f2774e0b.ltl": { "status": true, "rtime": 5.366285562515259 },
"ab/test3_efe2feaf.ltl": { "status": true, "rtime": 7.219790697097778 },
"ab/TwoCounters2.ltl": { "status": true, "rtime": 5.942998647689819 },
"ab/TwoCounters3.ltl": { "status": true, "rtime": 11.245030403137207 },
"ab/TwoCountersInRangeA0.ltl": { "status": true, "rtime": 5.083194971084595 },
"ab/TwoCountersInRangeA1.ltl": { "status": true, "rtime": 8.082289934158325 },
"ab/TwoCountersInRangeA2.ltl": { "status": true, "rtime": 8.579187870025635 },
"ab/TwoCountersInRangeA3.ltl": { "status": true, "rtime": 8.765400886535645 },
"ab/TwoCountersInRangeA4.ltl": { "status": true, "rtime": 8.916672229766846 },
"ab/TwoCountersInRangeM0.ltl": { "status": true, "rtime": 9.551903486251831 },
"ab/TwoCountersInRangeM1.ltl": { "status": true, "rtime": 9.481996297836304 },
"ab/TwoCountersInRangeM2.ltl": { "status": true, "rtime": 9.342291831970215 },
"ab/TwoCountersInRangeM4.ltl": { "status": true, "rtime": 9.368637800216675 },
"ab/TwoCountersInRange.ltl": { "status": true, "rtime": 5.089306592941284 },
   "result": { "status": false, "rtime": 0 }
 },
 "preamble": {
    "program": "ab-nosimd",
    "prog_alias": "ab-nosimd"
  }
}
