{
  "stats": {  
"ab/amba_case_study2.ltl": { "status": false, "rtime": 17.020567655563354 },
"ab/amba_decomposed_encode12.ltl": { "status": true, "rtime": 1.6075613498687744 },
"ab/amba_decomposed_encode13.ltl": { "status": true, "rtime": 3.7114243507385254 },
"ab/amba_decomposed_encode14.ltl": { "status": true, "rtime": 7.815710067749023 },
"ab/amba_decomposed_lock9.ltl": { "status": true, "rtime": 2.9949302673339844 },
"ab/collector_v19.ltl": { "status": true, "rtime": 2.8432748317718506 },
"ab/collector_v213.ltl": { "status": true, "rtime": 4.779484748840332 },
"ab/collector_v215.ltl": { "status": true, "rtime": 7.397524356842041 },
"ab/collector_v39.ltl": { "status": true, "rtime": 14.935570001602173 },
"ab/Core_4b5a2bad.ltl": { "status": false, "rtime": 17.021106004714966 },
"ab/detector14.ltl": { "status": true, "rtime": 5.353806257247925 },
"ab/detector_unreal12.ltl": { "status": true, "rtime": 1.2649240493774414 },
"ab/detector_unreal13.ltl": { "status": true, "rtime": 3.411923885345459 },
"ab/detector_unreal14.ltl": { "status": true, "rtime": 10.218209743499756 },
"ab/full_arbiter_unreal12_14.ltl": { "status": true, "rtime": 1.5143544673919678 },
"ab/full_arbiter_unreal12_15.ltl": { "status": true, "rtime": 3.307499885559082 },
"ab/full_arbiter_unreal12_16.ltl": { "status": true, "rtime": 7.336968898773193 },
"ab/full_arbiter_unreal13_6.ltl": { "status": true, "rtime": 2.7027108669281006 },
"ab/full_arbiter_unreal14_4.ltl": { "status": true, "rtime": 5.118641376495361 },
"ab/full_arbiter_unreal24.ltl": { "status": true, "rtime": 11.673344373703003 },
"ab/GamemodeChooser.ltl": { "status": true, "rtime": 8.218531847000122 },
"ab/KitchenTimerV10.ltl": { "status": true, "rtime": 3.10011625289917 },
"ab/KitchenTimerV8.ltl": { "status": true, "rtime": 6.688594818115234 },
"ab/Lights2_06e9cad4.ltl": { "status": false, "rtime": 17.021132707595825 },
"ab/Lights2_0f5381e9.ltl": { "status": false, "rtime": 17.022058248519897 },
"ab/Lights2_9cac58d3.ltl": { "status": false, "rtime": 17.021543741226196 },
"ab/Lights2_b02056d6.ltl": { "status": false, "rtime": 17.021608352661133 },
"ab/Lights2_f3987563.ltl": { "status": false, "rtime": 17.02151918411255 },
"ab/LightsTotal_9cbf2546.ltl": { "status": false, "rtime": 17.01849627494812 },
"ab/load_balancer6.ltl": { "status": false, "rtime": 17.01948094367981 },
"ab/load_balancer_unreal12_15.ltl": { "status": true, "rtime": 1.4570326805114746 },
"ab/load_balancer_unreal12_16.ltl": { "status": true, "rtime": 2.9062321186065674 },
"ab/load_balancer_unreal13_12.ltl": { "status": true, "rtime": 1.1203300952911377 },
"ab/load_balancer_unreal14_6.ltl": { "status": true, "rtime": 2.0746583938598633 },
"ab/load_balancer_unreal14_7.ltl": { "status": true, "rtime": 14.380183935165405 },
"ab/ltl2dba_beta3.ltl": { "status": true, "rtime": 10.868751525878906 },
"ab/ltl2dba_beta4.ltl": { "status": false, "rtime": 17.021268844604492 },
"ab/ltl2dba_C214.ltl": { "status": true, "rtime": 5.460653305053711 },
"ab/ltl2dba_E5.ltl": { "status": false, "rtime": 17.021050214767456 },
"ab/ltl2dba_E6.ltl": { "status": false, "rtime": 17.021389961242676 },
"ab/ltl2dba_Q5.ltl": { "status": false, "rtime": 17.021485328674316 },
"ab/ltl2dba_R7.ltl": { "status": false, "rtime": 17.01900839805603 },
"ab/ltl2dba_theta10.ltl": { "status": false, "rtime": 17.021974802017212 },
"ab/ltl2dba_U17.ltl": { "status": false, "rtime": 17.021656274795532 },
"ab/ltl2dba_U18.ltl": { "status": false, "rtime": 17.021315574645996 },
"ab/mux16.ltl": { "status": true, "rtime": 1.7781946659088135 },
"ab/OneCounterGuiA1.ltl": { "status": true, "rtime": 1.8012592792510986 },
"ab/OneCounterGuiA2.ltl": { "status": true, "rtime": 2.0738887786865234 },
"ab/OneCounterGuiA3.ltl": { "status": true, "rtime": 2.8511247634887695 },
"ab/OneCounterGuiA4.ltl": { "status": true, "rtime": 3.0322179794311523 },
"ab/OneCounterGuiA5.ltl": { "status": true, "rtime": 3.5788395404815674 },
"ab/OneCounterGuiA6.ltl": { "status": true, "rtime": 6.53238320350647 },
"ab/OneCounterGuiA7.ltl": { "status": true, "rtime": 8.78148102760315 },
"ab/OneCounterGuiA8.ltl": { "status": true, "rtime": 5.8522117137908936 },
"ab/prioritized_arbiter6.ltl": { "status": false, "rtime": 17.02113914489746 },
"ab/prioritized_arbiter_enc10.ltl": { "status": true, "rtime": 9.003305912017822 },
"ab/prioritized_arbiter_unreal12_13.ltl": { "status": true, "rtime": 1.9465665817260742 },
"ab/prioritized_arbiter_unreal12_14.ltl": { "status": true, "rtime": 4.191910743713379 },
"ab/prioritized_arbiter_unreal12_15.ltl": { "status": true, "rtime": 8.988118171691895 },
"ab/prioritized_arbiter_unreal13_5.ltl": { "status": true, "rtime": 1.0733656883239746 },
"ab/prioritized_arbiter_unreal13_6.ltl": { "status": true, "rtime": 6.891120672225952 },
"ab/prioritized_arbiter_unreal14_3.ltl": { "status": true, "rtime": 1.1068408489227295 },
"ab/prioritized_arbiter_unreal14_4.ltl": { "status": true, "rtime": 10.886186361312866 },
"ab/prioritized_arbiter_unreal24.ltl": { "status": true, "rtime": 7.056058645248413 },
"ab/robot_grid16_16.ltl": { "status": true, "rtime": 2.967146396636963 },
"ab/round_robin_arbiter4.ltl": { "status": false, "rtime": 17.021179676055908 },
"ab/round_robin_arbiter_unreal12_15.ltl": { "status": true, "rtime": 2.064069986343384 },
"ab/round_robin_arbiter_unreal12_16.ltl": { "status": true, "rtime": 4.487281799316406 },
"ab/round_robin_arbiter_unreal13_6.ltl": { "status": true, "rtime": 1.7514970302581787 },
"ab/round_robin_arbiter_unreal13_7.ltl": { "status": true, "rtime": 11.668108701705933 },
"ab/round_robin_arbiter_unreal14_4.ltl": { "status": true, "rtime": 2.8901965618133545 },
"ab/SensorInit.ltl": { "status": true, "rtime": 13.393605709075928 },
"ab/SensorSubmodulChooser.ltl": { "status": true, "rtime": 13.161499261856079 },
"ab/simple_arbiter_enc10.ltl": { "status": true, "rtime": 14.67727279663086 },
"ab/simple_arbiter_unreal13_6.ltl": { "status": true, "rtime": 1.6823656558990479 },
"ab/simple_arbiter_unreal13_7.ltl": { "status": true, "rtime": 11.87629222869873 },
"ab/simple_arbiter_unreal14_4.ltl": { "status": true, "rtime": 2.7832655906677246 },
"ab/simple_arbiter_unreal15_3.ltl": { "status": true, "rtime": 5.407025575637817 },
"ab/SingleContoller_d65ed84e.ltl": { "status": false, "rtime": 17.018169403076172 },
"ab/SPIWriteManag.ltl": { "status": true, "rtime": 10.376935243606567 },
"ab/test2_f2774e0b.ltl": { "status": true, "rtime": 5.374187231063843 },
"ab/test3_efe2feaf.ltl": { "status": true, "rtime": 7.2970380783081055 },
"ab/TwoCounters2.ltl": { "status": true, "rtime": 5.998142957687378 },
"ab/TwoCounters3.ltl": { "status": true, "rtime": 11.256086826324463 },
"ab/TwoCountersInRangeA0.ltl": { "status": true, "rtime": 5.307926177978516 },
"ab/TwoCountersInRangeA1.ltl": { "status": true, "rtime": 8.143173217773438 },
"ab/TwoCountersInRangeA2.ltl": { "status": true, "rtime": 8.521085500717163 },
"ab/TwoCountersInRangeA3.ltl": { "status": true, "rtime": 8.834471464157104 },
"ab/TwoCountersInRangeA4.ltl": { "status": true, "rtime": 8.869584798812866 },
"ab/TwoCountersInRangeM0.ltl": { "status": true, "rtime": 9.501679420471191 },
"ab/TwoCountersInRangeM1.ltl": { "status": true, "rtime": 9.740723609924316 },
"ab/TwoCountersInRangeM2.ltl": { "status": true, "rtime": 9.408377885818481 },
"ab/TwoCountersInRangeM4.ltl": { "status": true, "rtime": 9.310670614242554 },
"ab/TwoCountersInRange.ltl": { "status": true, "rtime": 5.0577192306518555 },
   "result": { "status": false, "rtime": 0 }
 },
 "preamble": {
    "program": "ab-simdnomax",
    "prog_alias": "ab-simdnomax"
  }
}
