{
  "stats": {  
"ab/amba_case_study2.ltl": { "status": false, "rtime": 17.020498514175415 },
"ab/amba_decomposed_encode12.ltl": { "status": true, "rtime": 1.5835316181182861 },
"ab/amba_decomposed_encode13.ltl": { "status": true, "rtime": 3.45478892326355 },
"ab/amba_decomposed_encode14.ltl": { "status": true, "rtime": 7.389834880828857 },
"ab/amba_decomposed_lock9.ltl": { "status": true, "rtime": 2.7757973670959473 },
"ab/collector_v19.ltl": { "status": true, "rtime": 2.7831032276153564 },
"ab/collector_v213.ltl": { "status": true, "rtime": 4.381381511688232 },
"ab/collector_v215.ltl": { "status": true, "rtime": 6.630922555923462 },
"ab/collector_v39.ltl": { "status": true, "rtime": 13.765136957168579 },
"ab/Core_4b5a2bad.ltl": { "status": true, "rtime": 0.9806654453277588 },
"ab/detector14.ltl": { "status": true, "rtime": 4.65904688835144 },
"ab/detector_unreal12.ltl": { "status": true, "rtime": 0.7334816455841064 },
"ab/detector_unreal13.ltl": { "status": true, "rtime": 1.7797884941101074 },
"ab/detector_unreal14.ltl": { "status": true, "rtime": 4.86109185218811 },
"ab/full_arbiter_unreal12_14.ltl": { "status": true, "rtime": 0.062224626541137695 },
"ab/full_arbiter_unreal12_15.ltl": { "status": true, "rtime": 0.06229114532470703 },
"ab/full_arbiter_unreal12_16.ltl": { "status": true, "rtime": 0.06177473068237305 },
"ab/full_arbiter_unreal13_6.ltl": { "status": true, "rtime": 0.06563401222229004 },
"ab/full_arbiter_unreal14_4.ltl": { "status": false, "rtime": 17.021202325820923 },
"ab/full_arbiter_unreal24.ltl": { "status": true, "rtime": 0.08424735069274902 },
"ab/GamemodeChooser.ltl": { "status": true, "rtime": 7.814029693603516 },
"ab/KitchenTimerV10.ltl": { "status": true, "rtime": 2.8000216484069824 },
"ab/KitchenTimerV8.ltl": { "status": true, "rtime": 6.708844184875488 },
"ab/Lights2_06e9cad4.ltl": { "status": true, "rtime": 1.7677671909332275 },
"ab/Lights2_0f5381e9.ltl": { "status": true, "rtime": 1.0349671840667725 },
"ab/Lights2_9cac58d3.ltl": { "status": true, "rtime": 0.556983232498169 },
"ab/Lights2_b02056d6.ltl": { "status": true, "rtime": 0.5542831420898438 },
"ab/Lights2_f3987563.ltl": { "status": true, "rtime": 0.5518920421600342 },
"ab/LightsTotal_9cbf2546.ltl": { "status": true, "rtime": 2.2300474643707275 },
"ab/load_balancer6.ltl": { "status": true, "rtime": 1.1335008144378662 },
"ab/load_balancer_unreal12_15.ltl": { "status": true, "rtime": 0.06653642654418945 },
"ab/load_balancer_unreal12_16.ltl": { "status": true, "rtime": 0.06637096405029297 },
"ab/load_balancer_unreal13_12.ltl": { "status": false, "rtime": 17.0210919380188 },
"ab/load_balancer_unreal14_6.ltl": { "status": false, "rtime": 17.021384239196777 },
"ab/load_balancer_unreal14_7.ltl": { "status": false, "rtime": 17.022173166275024 },
"ab/ltl2dba_beta3.ltl": { "status": true, "rtime": 0.07486748695373535 },
"ab/ltl2dba_beta4.ltl": { "status": true, "rtime": 0.12835979461669922 },
"ab/ltl2dba_C214.ltl": { "status": true, "rtime": 4.703974008560181 },
"ab/ltl2dba_E5.ltl": { "status": true, "rtime": 0.38993072509765625 },
"ab/ltl2dba_E6.ltl": { "status": true, "rtime": 0.11752510070800781 },
"ab/ltl2dba_Q5.ltl": { "status": true, "rtime": 0.0877218246459961 },
"ab/ltl2dba_R7.ltl": { "status": true, "rtime": 10.562288999557495 },
"ab/ltl2dba_theta10.ltl": { "status": true, "rtime": 0.7792177200317383 },
"ab/ltl2dba_U17.ltl": { "status": false, "rtime": 17.021451473236084 },
"ab/ltl2dba_U18.ltl": { "status": true, "rtime": 0.4217793941497803 },
"ab/mux16.ltl": { "status": true, "rtime": 1.7244057655334473 },
"ab/OneCounterGuiA1.ltl": { "status": true, "rtime": 1.7362987995147705 },
"ab/OneCounterGuiA2.ltl": { "status": true, "rtime": 1.9949567317962646 },
"ab/OneCounterGuiA3.ltl": { "status": true, "rtime": 2.7629785537719727 },
"ab/OneCounterGuiA4.ltl": { "status": true, "rtime": 2.804300308227539 },
"ab/OneCounterGuiA5.ltl": { "status": true, "rtime": 2.891878128051758 },
"ab/OneCounterGuiA6.ltl": { "status": true, "rtime": 5.649636507034302 },
"ab/OneCounterGuiA7.ltl": { "status": true, "rtime": 7.7813990116119385 },
"ab/OneCounterGuiA8.ltl": { "status": false, "rtime": 17.021318912506104 },
"ab/prioritized_arbiter6.ltl": { "status": true, "rtime": 0.1540977954864502 },
"ab/prioritized_arbiter_enc10.ltl": { "status": true, "rtime": 0.6024215221405029 },
"ab/prioritized_arbiter_unreal12_13.ltl": { "status": true, "rtime": 0.06180620193481445 },
"ab/prioritized_arbiter_unreal12_14.ltl": { "status": true, "rtime": 0.061697959899902344 },
"ab/prioritized_arbiter_unreal12_15.ltl": { "status": true, "rtime": 0.06135869026184082 },
"ab/prioritized_arbiter_unreal13_5.ltl": { "status": true, "rtime": 0.06412482261657715 },
"ab/prioritized_arbiter_unreal13_6.ltl": { "status": true, "rtime": 0.06369304656982422 },
"ab/prioritized_arbiter_unreal14_3.ltl": { "status": true, "rtime": 0.07228946685791016 },
"ab/prioritized_arbiter_unreal14_4.ltl": { "status": true, "rtime": 0.07224130630493164 },
"ab/prioritized_arbiter_unreal24.ltl": { "status": true, "rtime": 0.07089996337890625 },
"ab/robot_grid16_16.ltl": { "status": true, "rtime": 4.23028302192688 },
"ab/round_robin_arbiter4.ltl": { "status": false, "rtime": 17.021117448806763 },
"ab/round_robin_arbiter_unreal12_15.ltl": { "status": true, "rtime": 3.208176612854004 },
"ab/round_robin_arbiter_unreal12_16.ltl": { "status": true, "rtime": 7.0956127643585205 },
"ab/round_robin_arbiter_unreal13_6.ltl": { "status": true, "rtime": 5.654175519943237 },
"ab/round_robin_arbiter_unreal13_7.ltl": { "status": false, "rtime": 17.021223306655884 },
"ab/round_robin_arbiter_unreal14_4.ltl": { "status": true, "rtime": 0.47902965545654297 },
"ab/SensorInit.ltl": { "status": true, "rtime": 13.327003002166748 },
"ab/SensorSubmodulChooser.ltl": { "status": true, "rtime": 13.246455430984497 },
"ab/simple_arbiter_enc10.ltl": { "status": true, "rtime": 0.08747053146362305 },
"ab/simple_arbiter_unreal13_6.ltl": { "status": true, "rtime": 0.062328338623046875 },
"ab/simple_arbiter_unreal13_7.ltl": { "status": true, "rtime": 0.06245613098144531 },
"ab/simple_arbiter_unreal14_4.ltl": { "status": true, "rtime": 0.06489419937133789 },
"ab/simple_arbiter_unreal15_3.ltl": { "status": true, "rtime": 0.07607507705688477 },
"ab/SingleContoller_d65ed84e.ltl": { "status": true, "rtime": 8.427875280380249 },
"ab/SPIWriteManag.ltl": { "status": true, "rtime": 7.233083963394165 },
"ab/test2_f2774e0b.ltl": { "status": true, "rtime": 5.538203716278076 },
"ab/test3_efe2feaf.ltl": { "status": true, "rtime": 7.429660320281982 },
"ab/TwoCounters2.ltl": { "status": true, "rtime": 7.354185104370117 },
"ab/TwoCounters3.ltl": { "status": true, "rtime": 9.93013858795166 },
"ab/TwoCountersInRangeA0.ltl": { "status": true, "rtime": 9.544520854949951 },
"ab/TwoCountersInRangeA1.ltl": { "status": true, "rtime": 9.7066011428833 },
"ab/TwoCountersInRangeA2.ltl": { "status": true, "rtime": 10.402753591537476 },
"ab/TwoCountersInRangeA3.ltl": { "status": false, "rtime": 17.021080017089844 },
"ab/TwoCountersInRangeA4.ltl": { "status": false, "rtime": 17.021393537521362 },
"ab/TwoCountersInRangeM0.ltl": { "status": false, "rtime": 17.0213680267334 },
"ab/TwoCountersInRangeM1.ltl": { "status": false, "rtime": 17.0213725566864 },
"ab/TwoCountersInRangeM2.ltl": { "status": false, "rtime": 17.02143120765686 },
"ab/TwoCountersInRangeM4.ltl": { "status": false, "rtime": 17.02139449119568 },
"ab/TwoCountersInRange.ltl": { "status": true, "rtime": 9.642144441604614 },
   "result": { "status": false, "rtime": 0 }
 },
 "preamble": {
    "program": "ab-x_is_form",
    "prog_alias": "ab-x_is_form"
  }
}
