{
  "stats": {  
"ab/amba_case_study2.ltl": { "status": false, "rtime": 17.020585536956787 },
"ab/amba_decomposed_encode12.ltl": { "status": true, "rtime": 1.511772632598877 },
"ab/amba_decomposed_encode13.ltl": { "status": true, "rtime": 3.195355176925659 },
"ab/amba_decomposed_encode14.ltl": { "status": true, "rtime": 6.801249027252197 },
"ab/amba_decomposed_lock9.ltl": { "status": true, "rtime": 2.7980713844299316 },
"ab/collector_v19.ltl": { "status": true, "rtime": 2.80043363571167 },
"ab/collector_v213.ltl": { "status": true, "rtime": 4.15535044670105 },
"ab/collector_v215.ltl": { "status": true, "rtime": 6.581531047821045 },
"ab/collector_v39.ltl": { "status": true, "rtime": 13.19724178314209 },
"ab/Core_4b5a2bad.ltl": { "status": true, "rtime": 0.9779775142669678 },
"ab/detector14.ltl": { "status": true, "rtime": 4.605438232421875 },
"ab/detector_unreal12.ltl": { "status": true, "rtime": 0.7437305450439453 },
"ab/detector_unreal13.ltl": { "status": true, "rtime": 1.7831780910491943 },
"ab/detector_unreal14.ltl": { "status": true, "rtime": 4.7763895988464355 },
"ab/full_arbiter_unreal12_14.ltl": { "status": true, "rtime": 0.062101125717163086 },
"ab/full_arbiter_unreal12_15.ltl": { "status": true, "rtime": 0.06201291084289551 },
"ab/full_arbiter_unreal12_16.ltl": { "status": true, "rtime": 0.06303548812866211 },
"ab/full_arbiter_unreal13_6.ltl": { "status": true, "rtime": 0.06542515754699707 },
"ab/full_arbiter_unreal14_4.ltl": { "status": true, "rtime": 4.913853645324707 },
"ab/full_arbiter_unreal24.ltl": { "status": true, "rtime": 0.08328914642333984 },
"ab/GamemodeChooser.ltl": { "status": true, "rtime": 7.819756507873535 },
"ab/KitchenTimerV10.ltl": { "status": true, "rtime": 2.6548616886138916 },
"ab/KitchenTimerV8.ltl": { "status": true, "rtime": 6.496088743209839 },
"ab/Lights2_06e9cad4.ltl": { "status": true, "rtime": 1.5437228679656982 },
"ab/Lights2_0f5381e9.ltl": { "status": true, "rtime": 0.7980003356933594 },
"ab/Lights2_9cac58d3.ltl": { "status": true, "rtime": 0.4287259578704834 },
"ab/Lights2_b02056d6.ltl": { "status": true, "rtime": 0.427567720413208 },
"ab/Lights2_f3987563.ltl": { "status": true, "rtime": 0.41747450828552246 },
"ab/LightsTotal_9cbf2546.ltl": { "status": true, "rtime": 2.0702414512634277 },
"ab/load_balancer6.ltl": { "status": true, "rtime": 1.088557243347168 },
"ab/load_balancer_unreal12_15.ltl": { "status": true, "rtime": 0.0653383731842041 },
"ab/load_balancer_unreal12_16.ltl": { "status": true, "rtime": 0.06616497039794922 },
"ab/load_balancer_unreal13_12.ltl": { "status": true, "rtime": 1.0527942180633545 },
"ab/load_balancer_unreal14_6.ltl": { "status": true, "rtime": 1.940152645111084 },
"ab/load_balancer_unreal14_7.ltl": { "status": true, "rtime": 12.913015365600586 },
"ab/ltl2dba_beta3.ltl": { "status": true, "rtime": 0.07370495796203613 },
"ab/ltl2dba_beta4.ltl": { "status": true, "rtime": 0.12816071510314941 },
"ab/ltl2dba_C214.ltl": { "status": true, "rtime": 4.601259469985962 },
"ab/ltl2dba_E5.ltl": { "status": true, "rtime": 0.38776326179504395 },
"ab/ltl2dba_E6.ltl": { "status": true, "rtime": 0.08366703987121582 },
"ab/ltl2dba_Q5.ltl": { "status": false, "rtime": 17.02124857902527 },
"ab/ltl2dba_R7.ltl": { "status": true, "rtime": 10.566131591796875 },
"ab/ltl2dba_theta10.ltl": { "status": true, "rtime": 0.7768573760986328 },
"ab/ltl2dba_U17.ltl": { "status": false, "rtime": 17.019514322280884 },
"ab/ltl2dba_U18.ltl": { "status": true, "rtime": 0.4188425540924072 },
"ab/mux16.ltl": { "status": true, "rtime": 1.6848247051239014 },
"ab/OneCounterGuiA1.ltl": { "status": true, "rtime": 0.5844883918762207 },
"ab/OneCounterGuiA2.ltl": { "status": true, "rtime": 0.7120656967163086 },
"ab/OneCounterGuiA3.ltl": { "status": true, "rtime": 1.0120835304260254 },
"ab/OneCounterGuiA4.ltl": { "status": true, "rtime": 1.0708913803100586 },
"ab/OneCounterGuiA5.ltl": { "status": true, "rtime": 1.0937690734863281 },
"ab/OneCounterGuiA6.ltl": { "status": true, "rtime": 1.6540131568908691 },
"ab/OneCounterGuiA7.ltl": { "status": true, "rtime": 1.7313587665557861 },
"ab/OneCounterGuiA8.ltl": { "status": true, "rtime": 4.158959627151489 },
"ab/prioritized_arbiter6.ltl": { "status": true, "rtime": 0.15070891380310059 },
"ab/prioritized_arbiter_enc10.ltl": { "status": true, "rtime": 0.6011786460876465 },
"ab/prioritized_arbiter_unreal12_13.ltl": { "status": true, "rtime": 0.06273031234741211 },
"ab/prioritized_arbiter_unreal12_14.ltl": { "status": true, "rtime": 0.06167006492614746 },
"ab/prioritized_arbiter_unreal12_15.ltl": { "status": true, "rtime": 0.06194877624511719 },
"ab/prioritized_arbiter_unreal13_5.ltl": { "status": true, "rtime": 0.06454324722290039 },
"ab/prioritized_arbiter_unreal13_6.ltl": { "status": true, "rtime": 0.06414961814880371 },
"ab/prioritized_arbiter_unreal14_3.ltl": { "status": true, "rtime": 0.0721886157989502 },
"ab/prioritized_arbiter_unreal14_4.ltl": { "status": true, "rtime": 0.07258868217468262 },
"ab/prioritized_arbiter_unreal24.ltl": { "status": true, "rtime": 0.07171845436096191 },
"ab/robot_grid16_16.ltl": { "status": true, "rtime": 2.853564977645874 },
"ab/round_robin_arbiter4.ltl": { "status": false, "rtime": 17.021156549453735 },
"ab/round_robin_arbiter_unreal12_15.ltl": { "status": true, "rtime": 1.9504590034484863 },
"ab/round_robin_arbiter_unreal12_16.ltl": { "status": true, "rtime": 4.235166549682617 },
"ab/round_robin_arbiter_unreal13_6.ltl": { "status": true, "rtime": 1.6620678901672363 },
"ab/round_robin_arbiter_unreal13_7.ltl": { "status": true, "rtime": 10.435415744781494 },
"ab/round_robin_arbiter_unreal14_4.ltl": { "status": true, "rtime": 0.46887660026550293 },
"ab/SensorInit.ltl": { "status": true, "rtime": 13.166297197341919 },
"ab/SensorSubmodulChooser.ltl": { "status": true, "rtime": 13.180891990661621 },
"ab/simple_arbiter_enc10.ltl": { "status": true, "rtime": 0.08790183067321777 },
"ab/simple_arbiter_unreal13_6.ltl": { "status": true, "rtime": 0.06228446960449219 },
"ab/simple_arbiter_unreal13_7.ltl": { "status": true, "rtime": 0.06213998794555664 },
"ab/simple_arbiter_unreal14_4.ltl": { "status": true, "rtime": 0.06505942344665527 },
"ab/simple_arbiter_unreal15_3.ltl": { "status": true, "rtime": 0.07492637634277344 },
"ab/SingleContoller_d65ed84e.ltl": { "status": true, "rtime": 6.729628562927246 },
"ab/SPIWriteManag.ltl": { "status": true, "rtime": 8.061087608337402 },
"ab/test2_f2774e0b.ltl": { "status": true, "rtime": 5.531275987625122 },
"ab/test3_efe2feaf.ltl": { "status": true, "rtime": 7.3935441970825195 },
"ab/TwoCounters2.ltl": { "status": true, "rtime": 5.2148449420928955 },
"ab/TwoCounters3.ltl": { "status": true, "rtime": 8.897339344024658 },
"ab/TwoCountersInRangeA0.ltl": { "status": true, "rtime": 4.651435136795044 },
"ab/TwoCountersInRangeA1.ltl": { "status": true, "rtime": 7.491762638092041 },
"ab/TwoCountersInRangeA2.ltl": { "status": true, "rtime": 7.935608863830566 },
"ab/TwoCountersInRangeA3.ltl": { "status": true, "rtime": 7.961129188537598 },
"ab/TwoCountersInRangeA4.ltl": { "status": true, "rtime": 8.153525114059448 },
"ab/TwoCountersInRangeM0.ltl": { "status": true, "rtime": 8.525391340255737 },
"ab/TwoCountersInRangeM1.ltl": { "status": true, "rtime": 8.67916989326477 },
"ab/TwoCountersInRangeM2.ltl": { "status": true, "rtime": 8.738876342773438 },
"ab/TwoCountersInRangeM4.ltl": { "status": true, "rtime": 8.48075008392334 },
"ab/TwoCountersInRange.ltl": { "status": true, "rtime": 4.731133699417114 },
   "result": { "status": false, "rtime": 0 }
 },
 "preamble": {
    "program": "ab-x_is_aut",
    "prog_alias": "ab-x_is_aut"
  }
}
