instance	tlsf_file	family_key	family_display	origin_kind	parameter_confidence	parameter_names	parameter_values_json	parameter_dimension	tlsf_bytes	B_result	B_smallest_cap	B_seconds	S_result	S_smallest_cap	S_seconds	P_result	P_smallest_cap	P_seconds	P_winning_solver
amba_decomposed_decode.ltl	amba_decomposed_decode.tlsf	direct:tlsf/amba/amba_decomposed:amba_decomposed_decode	amba_decomposed_decode	direct	none		{}	0	614	REALIZABLE	1	0.01394759095273912	REALIZABLE	1	0.02081548993010074	REALIZABLE	1	0.01394759095273912	B
amba_decomposed_shift.ltl	amba_decomposed_shift.tlsf	direct:tlsf/amba/amba_decomposed:amba_decomposed_shift	amba_decomposed_shift	direct	none		{}	0	563	REALIZABLE	1	0.01706212293356657	REALIZABLE	1	0.014824204030446708	REALIZABLE	1	0.014824204030446708	B
amba_decomposed_tburst4.ltl	amba_decomposed_tburst4.tlsf	direct:tlsf/amba/amba_decomposed:amba_decomposed_tburst	amba_decomposed_tburst	direct	none		{}	0	1370	REALIZABLE	1	0.019681149977259338	REALIZABLE	1	0.023778636939823627	REALIZABLE	1	0.019681149977259338	B
amba_decomposed_tincr.ltl	amba_decomposed_tincr.tlsf	direct:tlsf/amba/amba_decomposed:amba_decomposed_tincr	amba_decomposed_tincr	direct	none		{}	0	1174	REALIZABLE	1	0.034153503947891295	REALIZABLE	1	0.03213165490888059	REALIZABLE	1	0.03213165490888059	B
amba_decomposed_tsingle.ltl	amba_decomposed_tsingle.tlsf	direct:tlsf/amba/amba_decomposed:amba_decomposed_tsingle	amba_decomposed_tsingle	direct	none		{}	0	1138	REALIZABLE	1	0.047144878073595464	REALIZABLE	1	0.037938060937449336	REALIZABLE	1	0.037938060937449336	B
amba_gr+_pb_2_pe_.ltl	amba_gr+_pb_2_pe_.tlsf	direct:tlsf/amba/amba_gr1/specs:amba_gr+_pb_2_pe	amba_gr+_pb_2_pe	direct	none		{}	0	5057	TIMEOUT		60.27559329604264	TIMEOUT		60.212558269966394	TIMEOUT			
amba_gr+_pb_3_pe_.ltl	amba_gr+_pb_3_pe_.tlsf	direct:tlsf/amba/amba_gr1/specs:amba_gr+_pb_3_pe	amba_gr+_pb_3_pe	direct	none		{}	0	6019	TIMEOUT		60.17538751102984	TIMEOUT		60.14552867691964	TIMEOUT			
amba_gr_pb_2_pe_.ltl	amba_gr_pb_2_pe_.tlsf	direct:tlsf/amba/amba_gr1/specs:amba_gr_pb_2_pe	amba_gr_pb_2_pe	direct	none		{}	0	5022	TIMEOUT		60.22391062800307	TIMEOUT		60.22564738697838	TIMEOUT			
amba_gr_pb_3_pe_.ltl	amba_gr_pb_3_pe_.tlsf	direct:tlsf/amba/amba_gr1/specs:amba_gr_pb_3_pe	amba_gr_pb_3_pe	direct	none		{}	0	5984	TIMEOUT		60.174982361029834	TIMEOUT		60.08342361100949	TIMEOUT			
amba_gr_pb_4_pe_.ltl	amba_gr_pb_4_pe_.tlsf	direct:tlsf/amba/amba_gr1/specs:amba_gr_pb_4_pe	amba_gr_pb_4_pe	direct	none		{}	0	6764	TIMEOUT		60.12510762002785	TIMEOUT		60.12476144405082	TIMEOUT			
01.ltl	01.tlsf	direct:tlsf/gui_glue_code_synthesis:numeric	numeric	direct	none		{}	0	1467	REALIZABLE	1	0.03448499401565641	REALIZABLE	1	0.0262037810171023	REALIZABLE	1	0.0262037810171023	B
02.ltl	02.tlsf	direct:tlsf/gui_glue_code_synthesis:numeric	numeric	direct	none		{}	0	3107	REALIZABLE	1	0.04516907501965761	REALIZABLE	1	0.046989995054900646	REALIZABLE	1	0.04516907501965761	B
03.ltl	03.tlsf	direct:tlsf/gui_glue_code_synthesis:numeric	numeric	direct	none		{}	0	9590	REALIZABLE	5	2.7433707390446216	REALIZABLE	5	3.0311864599352702	REALIZABLE	5	2.7433707390446216	B
05.ltl	05.tlsf	direct:tlsf/gui_glue_code_synthesis:numeric	numeric	direct	none		{}	0	16662	REALIZABLE	17	13.763460358954035	REALIZABLE	17	12.252020626096055	REALIZABLE	17	12.252020626096055	B
06.ltl	06.tlsf	direct:tlsf/gui_glue_code_synthesis:numeric	numeric	direct	none		{}	0	19424	REALIZABLE	60	15.552620940026827	REALIZABLE	17	16.865888801054098	REALIZABLE	17	15.552620940026827	S
07.ltl	07.tlsf	direct:tlsf/gui_glue_code_synthesis:numeric	numeric	direct	none		{}	0	18149	REALIZABLE	17	16.66775946994312	REALIZABLE	17	16.98531017091591	REALIZABLE	17	16.66775946994312	B
08.ltl	08.tlsf	direct:tlsf/gui_glue_code_synthesis:numeric	numeric	direct	none		{}	0	23525	REALIZABLE	60	24.530421901028603	REALIZABLE	60	24.43001509900205	REALIZABLE	60	24.43001509900205	B
09.ltl	09.tlsf	direct:tlsf/gui_glue_code_synthesis:numeric	numeric	direct	none		{}	0	20797	REALIZABLE	17	7.456692654057406	REALIZABLE	17	7.846853440976702	REALIZABLE	17	7.456692654057406	B
10.ltl	10.tlsf	direct:tlsf/gui_glue_code_synthesis:numeric	numeric	direct	none		{}	0	20378	REALIZABLE	5	3.201135031064041	REALIZABLE	5	3.2127756340196356	REALIZABLE	5	3.201135031064041	B
11.ltl	11.tlsf	direct:tlsf/gui_glue_code_synthesis:numeric	numeric	direct	none		{}	0	19808	REALIZABLE	5	3.4532814499689266	REALIZABLE	5	3.191966568934731	REALIZABLE	5	3.191966568934731	B
12.ltl	12.tlsf	direct:tlsf/gui_glue_code_synthesis:numeric	numeric	direct	none		{}	0	22415	REALIZABLE	17	5.397442548070103	REALIZABLE	17	4.80051548499614	REALIZABLE	17	4.80051548499614	B
13.ltl	13.tlsf	direct:tlsf/gui_glue_code_synthesis:numeric	numeric	direct	none		{}	0	22119	REALIZABLE	17	5.156679918989539	REALIZABLE	17	5.146538445027545	REALIZABLE	17	5.146538445027545	B
lilydemo01.ltl	lilydemo01.tlsf	direct:tlsf/lily:lilydemo	lilydemo	direct	none		{}	0	533	UNREALIZABLE	1	0.01731991197448224	UNREALIZABLE	1	0.017285023001022637	UNREALIZABLE	1	0.017285023001022637	B
lilydemo02.ltl	lilydemo02.tlsf	direct:tlsf/lily:lilydemo	lilydemo	direct	none		{}	0	534	UNREALIZABLE	1	0.03165537700988352	UNREALIZABLE	1	0.026237844955176115	UNREALIZABLE	1	0.026237844955176115	B
lilydemo03.ltl	lilydemo03.tlsf	direct:tlsf/lily:lilydemo	lilydemo	direct	none		{}	0	610	REALIZABLE	1	0.03023429401218891	REALIZABLE	1	0.032952571054920554	REALIZABLE	1	0.03023429401218891	B
lilydemo04.ltl	lilydemo04.tlsf	direct:tlsf/lily:lilydemo	lilydemo	direct	none		{}	0	636	REALIZABLE	1	0.03515753091778606	REALIZABLE	1	0.034370450070127845	REALIZABLE	1	0.034370450070127845	B
lilydemo05.ltl	lilydemo05.tlsf	direct:tlsf/lily:lilydemo	lilydemo	direct	none		{}	0	670	REALIZABLE	1	0.03665658493991941	REALIZABLE	1	0.030703254975378513	REALIZABLE	1	0.030703254975378513	B
lilydemo06.ltl	lilydemo06.tlsf	direct:tlsf/lily:lilydemo	lilydemo	direct	none		{}	0	681	REALIZABLE	1	0.03781265206634998	REALIZABLE	1	0.035032731015235186	REALIZABLE	1	0.035032731015235186	B
lilydemo07.ltl	lilydemo07.tlsf	direct:tlsf/lily:lilydemo	lilydemo	direct	none		{}	0	497	REALIZABLE	1	0.03723108593840152	REALIZABLE	1	0.027572214021347463	REALIZABLE	1	0.027572214021347463	B
lilydemo08.ltl	lilydemo08.tlsf	direct:tlsf/lily:lilydemo	lilydemo	direct	none		{}	0	316	REALIZABLE	1	0.037371615995652974	REALIZABLE	1	0.025515984976664186	REALIZABLE	1	0.025515984976664186	B
lilydemo09.ltl	lilydemo09.tlsf	direct:tlsf/lily:lilydemo	lilydemo	direct	none		{}	0	399	REALIZABLE	1	0.03630460100248456	REALIZABLE	1	0.03126651898492128	REALIZABLE	1	0.03126651898492128	B
lilydemo10.ltl	lilydemo10.tlsf	direct:tlsf/lily:lilydemo	lilydemo	direct	none		{}	0	367	REALIZABLE	1	0.030556523939594626	REALIZABLE	1	0.032716576009988785	REALIZABLE	1	0.030556523939594626	B
lilydemo11.ltl	lilydemo11.tlsf	direct:tlsf/lily:lilydemo	lilydemo	direct	none		{}	0	333	UNREALIZABLE	1	0.03823934495449066	UNREALIZABLE	1	0.03970741503871977	UNREALIZABLE	1	0.03823934495449066	B
lilydemo12.ltl	lilydemo12.tlsf	direct:tlsf/lily:lilydemo	lilydemo	direct	none		{}	0	356	REALIZABLE	1	0.03383816801942885	REALIZABLE	1	0.02800248097628355	REALIZABLE	1	0.02800248097628355	B
lilydemo13.ltl	lilydemo13.tlsf	direct:tlsf/lily:lilydemo	lilydemo	direct	none		{}	0	302	REALIZABLE	1	0.03144126990810037	REALIZABLE	1	0.03130860906094313	REALIZABLE	1	0.03130860906094313	B
lilydemo14.ltl	lilydemo14.tlsf	direct:tlsf/lily:lilydemo	lilydemo	direct	none		{}	0	361	REALIZABLE	1	0.03686333098448813	REALIZABLE	1	0.03228015301283449	REALIZABLE	1	0.03228015301283449	B
lilydemo15.ltl	lilydemo15.tlsf	direct:tlsf/lily:lilydemo	lilydemo	direct	none		{}	0	379	REALIZABLE	1	0.04130240099038929	REALIZABLE	1	0.035686020040884614	REALIZABLE	1	0.035686020040884614	B
lilydemo16.ltl	lilydemo16.tlsf	direct:tlsf/lily:lilydemo	lilydemo	direct	none		{}	0	459	REALIZABLE	1	0.03081074100919068	REALIZABLE	1	0.03907500300556421	REALIZABLE	1	0.03081074100919068	B
lilydemo17.ltl	lilydemo17.tlsf	direct:tlsf/lily:lilydemo	lilydemo	direct	none		{}	0	412	REALIZABLE	1	0.030542979948222637	REALIZABLE	1	0.03533614403568208	REALIZABLE	1	0.030542979948222637	B
lilydemo18.ltl	lilydemo18.tlsf	direct:tlsf/lily:lilydemo	lilydemo	direct	none		{}	0	505	REALIZABLE	1	0.03582400502637029	REALIZABLE	1	0.03661863296292722	REALIZABLE	1	0.03582400502637029	B
lilydemo19.ltl	lilydemo19.tlsf	direct:tlsf/lily:lilydemo	lilydemo	direct	none		{}	0	593	REALIZABLE	1	0.027544511016458273	REALIZABLE	1	0.0303471100050956	REALIZABLE	1	0.027544511016458273	B
lilydemo20.ltl	lilydemo20.tlsf	direct:tlsf/lily:lilydemo	lilydemo	direct	none		{}	0	1202	REALIZABLE	1	0.03813220001757145	REALIZABLE	1	0.03769447293598205	REALIZABLE	1	0.03769447293598205	B
lilydemo21.ltl	lilydemo21.tlsf	direct:tlsf/lily:lilydemo	lilydemo	direct	none		{}	0	743	REALIZABLE	1	0.044132594019174576	REALIZABLE	1	0.03833805595058948	REALIZABLE	1	0.03833805595058948	B
lilydemo22.ltl	lilydemo22.tlsf	direct:tlsf/lily:lilydemo	lilydemo	direct	none		{}	0	694	REALIZABLE	1	0.03734559996519238	REALIZABLE	1	0.02121256396640092	REALIZABLE	1	0.02121256396640092	B
lilydemo23.ltl	lilydemo23.tlsf	direct:tlsf/lily:lilydemo	lilydemo	direct	none		{}	0	341	REALIZABLE	1	0.03701628593262285	REALIZABLE	1	0.03392620093654841	REALIZABLE	1	0.03392620093654841	B
lilydemo04_modified.ltl	lilydemo04_modified.tlsf	direct:tlsf/lily:lilydemo04_modified	lilydemo04_modified	direct	none		{}	0	957	UNREALIZABLE	1	0.03955326590221375	UNREALIZABLE	1	0.03459526493679732	UNREALIZABLE	1	0.03459526493679732	B
ltl2dba01.ltl	ltl2dba01.tlsf	direct:tlsf/ltl2dba/non_parametric_from_acacia:ltl2dba	ltl2dba	direct	none		{}	0	336	REALIZABLE	1	0.024278110009618104	REALIZABLE	1	0.017664979910477996	REALIZABLE	1	0.017664979910477996	B
ltl2dba02.ltl	ltl2dba02.tlsf	direct:tlsf/ltl2dba/non_parametric_from_acacia:ltl2dba	ltl2dba	direct	none		{}	0	359	REALIZABLE	1	0.029465959989465773	REALIZABLE	1	0.01581568398978561	REALIZABLE	1	0.01581568398978561	B
ltl2dba03.ltl	ltl2dba03.tlsf	direct:tlsf/ltl2dba/non_parametric_from_acacia:ltl2dba	ltl2dba	direct	none		{}	0	341	REALIZABLE	1	0.04218937293626368	REALIZABLE	1	0.01602037693373859	REALIZABLE	1	0.01602037693373859	B
ltl2dba04.ltl	ltl2dba04.tlsf	direct:tlsf/ltl2dba/non_parametric_from_acacia:ltl2dba	ltl2dba	direct	none		{}	0	334	REALIZABLE	1	0.031832364038564265	REALIZABLE	1	0.017499575042165816	REALIZABLE	1	0.017499575042165816	B
ltl2dba05.ltl	ltl2dba05.tlsf	direct:tlsf/ltl2dba/non_parametric_from_acacia:ltl2dba	ltl2dba	direct	none		{}	0	347	REALIZABLE	1	0.031223198981024325	REALIZABLE	1	0.027735884999856353	REALIZABLE	1	0.027735884999856353	B
ltl2dba06.ltl	ltl2dba06.tlsf	direct:tlsf/ltl2dba/non_parametric_from_acacia:ltl2dba	ltl2dba	direct	none		{}	0	361	REALIZABLE	1	0.03537852002773434	REALIZABLE	1	0.03362359094899148	REALIZABLE	1	0.03362359094899148	B
ltl2dba07.ltl	ltl2dba07.tlsf	direct:tlsf/ltl2dba/non_parametric_from_acacia:ltl2dba	ltl2dba	direct	none		{}	0	404	REALIZABLE	1	0.034068700042553246	REALIZABLE	1	0.03183941403403878	REALIZABLE	1	0.03183941403403878	B
ltl2dba08.ltl	ltl2dba08.tlsf	direct:tlsf/ltl2dba/non_parametric_from_acacia:ltl2dba	ltl2dba	direct	none		{}	0	373	REALIZABLE	1	0.032391557935625315	REALIZABLE	1	0.03243381704669446	REALIZABLE	1	0.032391557935625315	B
ltl2dba09.ltl	ltl2dba09.tlsf	direct:tlsf/ltl2dba/non_parametric_from_acacia:ltl2dba	ltl2dba	direct	none		{}	0	342	REALIZABLE	1	0.03055012901313603	REALIZABLE	1	0.027374796918593347	REALIZABLE	1	0.027374796918593347	B
ltl2dba10.ltl	ltl2dba10.tlsf	direct:tlsf/ltl2dba/non_parametric_from_acacia:ltl2dba	ltl2dba	direct	none		{}	0	330	REALIZABLE	1	0.03473123407457024	REALIZABLE	1	0.03360469196923077	REALIZABLE	1	0.03360469196923077	B
ltl2dba11.ltl	ltl2dba11.tlsf	direct:tlsf/ltl2dba/non_parametric_from_acacia:ltl2dba	ltl2dba	direct	none		{}	0	330	REALIZABLE	1	0.03174292901530862	REALIZABLE	1	0.029518845956772566	REALIZABLE	1	0.029518845956772566	B
ltl2dba12.ltl	ltl2dba12.tlsf	direct:tlsf/ltl2dba/non_parametric_from_acacia:ltl2dba	ltl2dba	direct	none		{}	0	341	REALIZABLE	1	0.03432031406555325	REALIZABLE	1	0.03499125107191503	REALIZABLE	1	0.03432031406555325	B
ltl2dba13.ltl	ltl2dba13.tlsf	direct:tlsf/ltl2dba/non_parametric_from_acacia:ltl2dba	ltl2dba	direct	none		{}	0	354	REALIZABLE	1	0.03278800693806261	REALIZABLE	1	0.022108662989921868	REALIZABLE	1	0.022108662989921868	B
ltl2dba14.ltl	ltl2dba14.tlsf	direct:tlsf/ltl2dba/non_parametric_from_acacia:ltl2dba	ltl2dba	direct	none		{}	0	337	REALIZABLE	1	0.03129068901762366	REALIZABLE	1	0.016912883962504566	REALIZABLE	1	0.016912883962504566	B
ltl2dba15.ltl	ltl2dba15.tlsf	direct:tlsf/ltl2dba/non_parametric_from_acacia:ltl2dba	ltl2dba	direct	none		{}	0	329	REALIZABLE	1	0.03272241505328566	REALIZABLE	1	0.02091818896587938	REALIZABLE	1	0.02091818896587938	B
ltl2dba16.ltl	ltl2dba16.tlsf	direct:tlsf/ltl2dba/non_parametric_from_acacia:ltl2dba	ltl2dba	direct	none		{}	0	342	REALIZABLE	1	0.03816476895008236	REALIZABLE	1	0.029946831986308098	REALIZABLE	1	0.029946831986308098	B
ltl2dba17.ltl	ltl2dba17.tlsf	direct:tlsf/ltl2dba/non_parametric_from_acacia:ltl2dba	ltl2dba	direct	none		{}	0	328	REALIZABLE	1	0.03244369011372328	REALIZABLE	1	0.035628922982141376	REALIZABLE	1	0.03244369011372328	B
ltl2dba18.ltl	ltl2dba18.tlsf	direct:tlsf/ltl2dba/non_parametric_from_acacia:ltl2dba	ltl2dba	direct	none		{}	0	346	REALIZABLE	1	0.042529942002147436	REALIZABLE	1	0.03819873498287052	REALIZABLE	1	0.03819873498287052	B
ltl2dba19.ltl	ltl2dba19.tlsf	direct:tlsf/ltl2dba/non_parametric_from_acacia:ltl2dba	ltl2dba	direct	none		{}	0	327	REALIZABLE	1	0.028563895961269736	REALIZABLE	1	0.03217378002591431	REALIZABLE	1	0.028563895961269736	B
ltl2dba20.ltl	ltl2dba20.tlsf	direct:tlsf/ltl2dba/non_parametric_from_acacia:ltl2dba	ltl2dba	direct	none		{}	0	354	REALIZABLE	1	0.03519027307629585	REALIZABLE	1	0.03386135201435536	REALIZABLE	1	0.03386135201435536	B
ltl2dba21.ltl	ltl2dba21.tlsf	direct:tlsf/ltl2dba/non_parametric_from_acacia:ltl2dba	ltl2dba	direct	none		{}	0	331	REALIZABLE	1	0.03690846997778863	REALIZABLE	1	0.034339315025135875	REALIZABLE	1	0.034339315025135875	B
ltl2dba22.ltl	ltl2dba22.tlsf	direct:tlsf/ltl2dba/non_parametric_from_acacia:ltl2dba	ltl2dba	direct	none		{}	0	301	REALIZABLE	1	0.029292472987435758	REALIZABLE	1	0.03344603697769344	REALIZABLE	1	0.029292472987435758	B
ltl2dba23.ltl	ltl2dba23.tlsf	direct:tlsf/ltl2dba/non_parametric_from_acacia:ltl2dba	ltl2dba	direct	none		{}	0	317	REALIZABLE	1	0.03949727106373757	REALIZABLE	1	0.034549953998066485	REALIZABLE	1	0.034549953998066485	B
ltl2dba25.ltl	ltl2dba25.tlsf	direct:tlsf/ltl2dba/non_parametric_from_acacia:ltl2dba	ltl2dba	direct	none		{}	0	348	REALIZABLE	1	0.03168792591895908	REALIZABLE	1	0.032818177016451955	REALIZABLE	1	0.03168792591895908	B
ltl2dba26.ltl	ltl2dba26.tlsf	direct:tlsf/ltl2dba/non_parametric_from_acacia:ltl2dba	ltl2dba	direct	none		{}	0	339	REALIZABLE	1	0.029930243035778403	REALIZABLE	1	0.028938082046806812	REALIZABLE	1	0.028938082046806812	B
ltl2dba27.ltl	ltl2dba27.tlsf	direct:tlsf/ltl2dba/non_parametric_from_acacia:ltl2dba	ltl2dba	direct	none		{}	0	308	UNREALIZABLE	1	0.03389677603263408	UNREALIZABLE	1	0.03545927396044135	UNREALIZABLE	1	0.03389677603263408	B
ltl2dpa01.ltl	ltl2dpa01.tlsf	direct:tlsf/ltl2dpa:ltl2dpa	ltl2dpa	direct	none		{}	0	537	REALIZABLE	1	0.031734789023175836	REALIZABLE	1	0.018239620956592262	REALIZABLE	1	0.018239620956592262	B
ltl2dpa02.ltl	ltl2dpa02.tlsf	direct:tlsf/ltl2dpa:ltl2dpa	ltl2dpa	direct	none		{}	0	449	REALIZABLE	1	0.03447972796857357	REALIZABLE	1	0.022759536979719996	REALIZABLE	1	0.022759536979719996	B
ltl2dpa03.ltl	ltl2dpa03.tlsf	direct:tlsf/ltl2dpa:ltl2dpa	ltl2dpa	direct	none		{}	0	568	REALIZABLE	1	0.04837679897900671	REALIZABLE	1	0.04917430295608938	REALIZABLE	1	0.04837679897900671	B
ltl2dpa04.ltl	ltl2dpa04.tlsf	direct:tlsf/ltl2dpa:ltl2dpa	ltl2dpa	direct	none		{}	0	446	REALIZABLE	1	0.0228117189835757	REALIZABLE	1	0.025989457964897156	REALIZABLE	1	0.0228117189835757	B
ltl2dpa05.ltl	ltl2dpa05.tlsf	direct:tlsf/ltl2dpa:ltl2dpa	ltl2dpa	direct	none		{}	0	449	REALIZABLE	1	0.03610013902653009	REALIZABLE	1	0.028964795055799186	REALIZABLE	1	0.028964795055799186	B
ltl2dpa06.ltl	ltl2dpa06.tlsf	direct:tlsf/ltl2dpa:ltl2dpa	ltl2dpa	direct	none		{}	0	461	REALIZABLE	1	0.0327357939677313	REALIZABLE	1	0.030340529046952724	REALIZABLE	1	0.030340529046952724	B
ltl2dpa07.ltl	ltl2dpa07.tlsf	direct:tlsf/ltl2dpa:ltl2dpa	ltl2dpa	direct	none		{}	0	464	REALIZABLE	1	0.03591300803236663	REALIZABLE	1	0.035640682093799114	REALIZABLE	1	0.035640682093799114	B
ltl2dpa08.ltl	ltl2dpa08.tlsf	direct:tlsf/ltl2dpa:ltl2dpa	ltl2dpa	direct	none		{}	0	449	REALIZABLE	1	0.030339766992256045	REALIZABLE	1	0.03291936998721212	REALIZABLE	1	0.030339766992256045	B
ltl2dpa09.ltl	ltl2dpa09.tlsf	direct:tlsf/ltl2dpa:ltl2dpa	ltl2dpa	direct	none		{}	0	465	REALIZABLE	1	0.028134494088590145	REALIZABLE	1	0.030771947000175714	REALIZABLE	1	0.028134494088590145	B
ltl2dpa10.ltl	ltl2dpa10.tlsf	direct:tlsf/ltl2dpa:ltl2dpa	ltl2dpa	direct	none		{}	0	558	REALIZABLE	1	0.023350166040472686	REALIZABLE	1	0.040525800082832575	REALIZABLE	1	0.023350166040472686	B
ltl2dpa11.ltl	ltl2dpa11.tlsf	direct:tlsf/ltl2dpa:ltl2dpa	ltl2dpa	direct	none		{}	0	487	REALIZABLE	1	0.015350484987720847	REALIZABLE	1	0.03503841394558549	REALIZABLE	1	0.015350484987720847	B
ltl2dpa12.ltl	ltl2dpa12.tlsf	direct:tlsf/ltl2dpa:ltl2dpa	ltl2dpa	direct	none		{}	0	626	REALIZABLE	1	0.024193455930799246	REALIZABLE	1	0.04040410998277366	REALIZABLE	1	0.024193455930799246	B
ltl2dpa13.ltl	ltl2dpa13.tlsf	direct:tlsf/ltl2dpa:ltl2dpa	ltl2dpa	direct	none		{}	0	582	REALIZABLE	1	0.3222368380520493	REALIZABLE	1	0.3612855770625174	REALIZABLE	1	0.3222368380520493	B
ltl2dpa14.ltl	ltl2dpa14.tlsf	direct:tlsf/ltl2dpa:ltl2dpa	ltl2dpa	direct	none		{}	0	552	REALIZABLE	1	0.01819085201714188	REALIZABLE	1	0.019697719952091575	REALIZABLE	1	0.01819085201714188	B
ltl2dpa15.ltl	ltl2dpa15.tlsf	direct:tlsf/ltl2dpa:ltl2dpa	ltl2dpa	direct	none		{}	0	456	REALIZABLE	1	0.01906423200853169	REALIZABLE	1	0.01872490008827299	REALIZABLE	1	0.01872490008827299	B
ltl2dpa16.ltl	ltl2dpa16.tlsf	direct:tlsf/ltl2dpa:ltl2dpa	ltl2dpa	direct	none		{}	0	457	REALIZABLE	1	0.02705856808461249	REALIZABLE	1	0.00876742391847074	REALIZABLE	1	0.00876742391847074	B
ltl2dpa17.ltl	ltl2dpa17.tlsf	direct:tlsf/ltl2dpa:ltl2dpa	ltl2dpa	direct	none		{}	0	502	REALIZABLE	1	0.02891017694491893	REALIZABLE	1	0.022545236977748573	REALIZABLE	1	0.022545236977748573	B
ltl2dpa18.ltl	ltl2dpa18.tlsf	direct:tlsf/ltl2dpa:ltl2dpa	ltl2dpa	direct	none		{}	0	502	REALIZABLE	1	0.037314522080123425	REALIZABLE	1	0.03241610596887767	REALIZABLE	1	0.03241610596887767	B
ltl2dpa19.ltl	ltl2dpa19.tlsf	direct:tlsf/ltl2dpa:ltl2dpa	ltl2dpa	direct	none		{}	0	602	REALIZABLE	1	0.7768132679630071	REALIZABLE	1	0.05756724800448865	REALIZABLE	1	0.05756724800448865	B
ltl2dpa20.ltl	ltl2dpa20.tlsf	direct:tlsf/ltl2dpa:ltl2dpa	ltl2dpa	direct	none		{}	0	501	REALIZABLE	1	0.028652049950324	REALIZABLE	1	0.027829436003230512	REALIZABLE	1	0.027829436003230512	B
ltl2dpa22.ltl	ltl2dpa22.tlsf	direct:tlsf/ltl2dpa:ltl2dpa	ltl2dpa	direct	none		{}	0	635	REALIZABLE	1	0.0926779720466584	REALIZABLE	1	0.10964798904024065	REALIZABLE	1	0.0926779720466584	B
ltl2dpa23.ltl	ltl2dpa23.tlsf	direct:tlsf/ltl2dpa:ltl2dpa	ltl2dpa	direct	none		{}	0	478	REALIZABLE	1	0.019751524087041616	REALIZABLE	1	0.01948195800650865	REALIZABLE	1	0.01948195800650865	B
ltl2dpa24.ltl	ltl2dpa24.tlsf	direct:tlsf/ltl2dpa:ltl2dpa	ltl2dpa	direct	none		{}	0	487	REALIZABLE	1	0.0343282570829615	REALIZABLE	1	0.021622516913339496	REALIZABLE	1	0.021622516913339496	B
finding_nemo_pb_1_pe_.ltl	finding_nemo_pb_1_pe_.tlsf	direct:tlsf/ltl_f/generated_TLSF:finding_nemo_pb_1_pe	finding_nemo_pb_1_pe	direct	none		{}	0	2279	TIMEOUT		60.03104000200983	REALIZABLE	1	0.134081857977435	REALIZABLE	1	0.134081857977435	S
finding_nemo_pb_2_pe_.ltl	finding_nemo_pb_2_pe_.tlsf	direct:tlsf/ltl_f/generated_TLSF:finding_nemo_pb_2_pe	finding_nemo_pb_2_pe	direct	none		{}	0	3916	TIMEOUT		60.06795284198597	REALIZABLE	5	3.7891357679618523	REALIZABLE	5	3.7891357679618523	S
finding_nemo_pb_3_pe_.ltl	finding_nemo_pb_3_pe_.tlsf	direct:tlsf/ltl_f/generated_TLSF:finding_nemo_pb_3_pe	finding_nemo_pb_3_pe	direct	none		{}	0	6195	TIMEOUT		60.076166804065	TIMEOUT		60.021392607013695	TIMEOUT			
finding_nemo_pb_4_pe_.ltl	finding_nemo_pb_4_pe_.tlsf	direct:tlsf/ltl_f/generated_TLSF:finding_nemo_pb_4_pe	finding_nemo_pb_4_pe	direct	none		{}	0	8982	TIMEOUT		60.092236377997324	TIMEOUT		60.09242100594565	TIMEOUT			
finding_nemo_pb_5_pe_.ltl	finding_nemo_pb_5_pe_.tlsf	direct:tlsf/ltl_f/generated_TLSF:finding_nemo_pb_5_pe	finding_nemo_pb_5_pe	direct	none		{}	0	12345	TIMEOUT		60.1245939390501	TIMEOUT		60.08771091897506	TIMEOUT			
finding_nemo_pb_6_pe_.ltl	finding_nemo_pb_6_pe_.tlsf	direct:tlsf/ltl_f/generated_TLSF:finding_nemo_pb_6_pe	finding_nemo_pb_6_pe	direct	none		{}	0	16374	TIMEOUT		60.064731454942375	TIMEOUT		60.09029476996511	TIMEOUT			
finding_nemo_pb_7_pe_.ltl	finding_nemo_pb_7_pe_.tlsf	direct:tlsf/ltl_f/generated_TLSF:finding_nemo_pb_7_pe	finding_nemo_pb_7_pe	direct	none		{}	0	21003	TIMEOUT		60.17578037909698	TIMEOUT		60.17559847806115	TIMEOUT			
workstation_resupply_pb_1_pe_.ltl	workstation_resupply_pb_1_pe_.tlsf	direct:tlsf/ltl_f/generated_TLSF:workstation_resupply_pb_1_pe	workstation_resupply_pb_1_pe	direct	none		{}	0	2403	REALIZABLE	1	0.024452024954371154	REALIZABLE	1	0.035744231077842414	REALIZABLE	1	0.024452024954371154	B
workstation_resupply_pb_2_pe_.ltl	workstation_resupply_pb_2_pe_.tlsf	direct:tlsf/ltl_f/generated_TLSF:workstation_resupply_pb_2_pe	workstation_resupply_pb_2_pe	direct	none		{}	0	3980	REALIZABLE	1	0.2927775280550122	REALIZABLE	1	0.372895952896215	REALIZABLE	1	0.2927775280550122	B
workstation_resupply_pb_3_pe_.ltl	workstation_resupply_pb_3_pe_.tlsf	direct:tlsf/ltl_f/generated_TLSF:workstation_resupply_pb_3_pe	workstation_resupply_pb_3_pe	direct	none		{}	0	5987	TIMEOUT		60.02640371292364	TIMEOUT		60.06599488295615	TIMEOUT			
workstation_resupply_pb_4_pe_.ltl	workstation_resupply_pb_4_pe_.tlsf	direct:tlsf/ltl_f/generated_TLSF:workstation_resupply_pb_4_pe	workstation_resupply_pb_4_pe	direct	none		{}	0	8430	TIMEOUT		60.078324601985514	TIMEOUT		60.09229202300776	TIMEOUT			
workstation_resupply_pb_5_pe_.ltl	workstation_resupply_pb_5_pe_.tlsf	direct:tlsf/ltl_f/generated_TLSF:workstation_resupply_pb_5_pe	workstation_resupply_pb_5_pe	direct	none		{}	0	11309	TIMEOUT		60.223426626995206	TIMEOUT		60.224273336003534	TIMEOUT			
workstation_resupply_pb_6_pe_.ltl	workstation_resupply_pb_6_pe_.tlsf	direct:tlsf/ltl_f/generated_TLSF:workstation_resupply_pb_6_pe	workstation_resupply_pb_6_pe	direct	none		{}	0	14624	TIMEOUT		60.16560528695118	TIMEOUT		60.174565616063774	TIMEOUT			
workstation_resupply_pb_7_pe_.ltl	workstation_resupply_pb_7_pe_.tlsf	direct:tlsf/ltl_f/generated_TLSF:workstation_resupply_pb_7_pe	workstation_resupply_pb_7_pe	direct	none		{}	0	18375	TIMEOUT		60.176416576025076	TIMEOUT		60.13479042600375	TIMEOUT			
F-G-contradiction-10.ltl	F-G-contradiction-10.tlsf	direct:tlsf/sweap:F-G-contradiction	F-G-contradiction	direct	none		{}	0	5546	UNREALIZABLE	1	0.046645740047097206	UNREALIZABLE	1	0.05007285997271538	UNREALIZABLE	1	0.046645740047097206	B
F-G-contradiction-11.ltl	F-G-contradiction-11.tlsf	direct:tlsf/sweap:F-G-contradiction	F-G-contradiction	direct	none		{}	0	6926	UNREALIZABLE	1	0.14246025204192847	UNREALIZABLE	1	0.13549909298308194	UNREALIZABLE	1	0.13549909298308194	B
F-G-contradiction-110.ltl	F-G-contradiction-110.tlsf	direct:tlsf/sweap:F-G-contradiction	F-G-contradiction	direct	none		{}	0	166918	TIMEOUT		60.11587719898671	TIMEOUT		60.17511234502308	TIMEOUT			
F-G-contradiction-111.ltl	F-G-contradiction-111.tlsf	direct:tlsf/sweap:F-G-contradiction	F-G-contradiction	direct	none		{}	0	181512	TIMEOUT		60.17467272095382	TIMEOUT		60.17591032292694	TIMEOUT			
F-G-contradiction-112.ltl	F-G-contradiction-112.tlsf	direct:tlsf/sweap:F-G-contradiction	F-G-contradiction	direct	none		{}	0	243640	MEMOUT		50.92927546193823	MEMOUT		51.56679506809451	MEMOUT			
F-G-contradiction-113.ltl	F-G-contradiction-113.tlsf	direct:tlsf/sweap:F-G-contradiction	F-G-contradiction	direct	none		{}	0	265430	TIMEOUT		60.37658436293714	TIMEOUT		60.37548156606499	TIMEOUT			
F-G-contradiction-114.ltl	F-G-contradiction-114.tlsf	direct:tlsf/sweap:F-G-contradiction	F-G-contradiction	direct	none		{}	0	334392	TIMEOUT		60.175772689981386	TIMEOUT		60.176411094958894	TIMEOUT			
F-G-contradiction-12.ltl	F-G-contradiction-12.tlsf	direct:tlsf/sweap:F-G-contradiction	F-G-contradiction	direct	none		{}	0	9966	UNREALIZABLE	1	0.31619860499631613	UNREALIZABLE	1	0.33800675196107477	UNREALIZABLE	1	0.31619860499631613	B
F-G-contradiction-13.ltl	F-G-contradiction-13.tlsf	direct:tlsf/sweap:F-G-contradiction	F-G-contradiction	direct	none		{}	0	10971	UNREALIZABLE	1	0.5468530791113153	UNREALIZABLE	1	0.5343477849382907	UNREALIZABLE	1	0.5343477849382907	B
F-G-contradiction-14.ltl	F-G-contradiction-14.tlsf	direct:tlsf/sweap:F-G-contradiction	F-G-contradiction	direct	none		{}	0	12309	UNREALIZABLE	5	1.1186761499848217	UNREALIZABLE	5	1.262395926984027	UNREALIZABLE	5	1.1186761499848217	B
F-G-contradiction-15.ltl	F-G-contradiction-15.tlsf	direct:tlsf/sweap:F-G-contradiction	F-G-contradiction	direct	none		{}	0	13725	UNREALIZABLE	5	1.3530281550483778	UNREALIZABLE	5	1.4424337879754603	UNREALIZABLE	5	1.3530281550483778	B
F-G-contradiction-16.ltl	F-G-contradiction-16.tlsf	direct:tlsf/sweap:F-G-contradiction	F-G-contradiction	direct	none		{}	0	94022	TIMEOUT		60.124851793050766	TIMEOUT		60.07571432599798	TIMEOUT			
F-G-contradiction-17.ltl	F-G-contradiction-17.tlsf	direct:tlsf/sweap:F-G-contradiction	F-G-contradiction	direct	none		{}	0	111001	TIMEOUT		60.08953845500946	TIMEOUT		60.06756970891729	TIMEOUT			
F-G-contradiction-18.ltl	F-G-contradiction-18.tlsf	direct:tlsf/sweap:F-G-contradiction	F-G-contradiction	direct	none		{}	0	142265	TIMEOUT		60.13403177796863	TIMEOUT		60.174590846989304	TIMEOUT			
F-G-contradiction-19.ltl	F-G-contradiction-19.tlsf	direct:tlsf/sweap:F-G-contradiction	F-G-contradiction	direct	none		{}	0	150836	TIMEOUT		60.166078348993324	TIMEOUT		60.17550583695993	TIMEOUT			
F-G-contradiction-2-unreal.ltl	F-G-contradiction-2-unreal.tlsf	direct:tlsf/sweap:F-G-contradiction-2-unreal	F-G-contradiction-2-unreal	direct	none		{}	0	3466	UNREALIZABLE	1	0.04225233197212219	UNREALIZABLE	1	0.03312894096598029	UNREALIZABLE	1	0.03312894096598029	B
GF-G-contradiction0.ltl	GF-G-contradiction0.tlsf	direct:tlsf/sweap:GF-G-contradiction	GF-G-contradiction	direct	none		{}	0	4201	UNREALIZABLE	1	0.032735157990828156	UNREALIZABLE	1	0.03453690104652196	UNREALIZABLE	1	0.032735157990828156	B
GF-G-contradiction1.ltl	GF-G-contradiction1.tlsf	direct:tlsf/sweap:GF-G-contradiction	GF-G-contradiction	direct	none		{}	0	6815	UNREALIZABLE	1	0.2090245089493692	UNREALIZABLE	1	0.2375923020299524	UNREALIZABLE	1	0.2090245089493692	B
GF-G-contradiction2.ltl	GF-G-contradiction2.tlsf	direct:tlsf/sweap:GF-G-contradiction	GF-G-contradiction	direct	none		{}	0	9715	UNREALIZABLE	5	1.2498670959612355	UNREALIZABLE	5	1.280361181939952	UNREALIZABLE	5	1.2498670959612355	B
GF-G-contradiction3.ltl	GF-G-contradiction3.tlsf	direct:tlsf/sweap:GF-G-contradiction	GF-G-contradiction	direct	none		{}	0	59785	TIMEOUT		60.090462452033535	TIMEOUT		60.09194929199293	TIMEOUT			
GF-G-contradiction4.ltl	GF-G-contradiction4.tlsf	direct:tlsf/sweap:GF-G-contradiction	GF-G-contradiction	direct	none		{}	0	64970	TIMEOUT		60.092640702961944	TIMEOUT		60.0542612769641	TIMEOUT			
GF-G-contradiction5.ltl	GF-G-contradiction5.tlsf	direct:tlsf/sweap:GF-G-contradiction	GF-G-contradiction	direct	none		{}	0	84786	TIMEOUT		60.12469537300058	TIMEOUT		60.124164698063396	TIMEOUT			
GF-G-contradiction6.ltl	GF-G-contradiction6.tlsf	direct:tlsf/sweap:GF-G-contradiction	GF-G-contradiction	direct	none		{}	0	115361	MEMOUT		31.964408518979326	MEMOUT		33.07650118705351	MEMOUT			
GF-G-contradiction7.ltl	GF-G-contradiction7.tlsf	direct:tlsf/sweap:GF-G-contradiction	GF-G-contradiction	direct	none		{}	0	126211	MEMOUT		33.57740512501914	MEMOUT		33.3952529510716	MEMOUT			
arbiter-paper-unreal-unreal.ltl	arbiter-paper-unreal-unreal.tlsf	direct:tlsf/sweap:arbiter-paper-unreal-unreal	arbiter-paper-unreal-unreal	direct	none		{}	0	7085	UNREALIZABLE	1	0.054173198994249105	UNREALIZABLE	1	0.0529303039656952	UNREALIZABLE	1	0.0529303039656952	B
arbiter-with-failure-real.ltl	arbiter-with-failure-real.tlsf	direct:tlsf/sweap:arbiter-with-failure-real	arbiter-with-failure-real	direct	none		{}	0	1998	REALIZABLE	1	0.024717918946407735	REALIZABLE	1	0.028931490960530937	REALIZABLE	1	0.024717918946407735	B
batch-arbiter-real.ltl	batch-arbiter-real.tlsf	direct:tlsf/sweap:batch-arbiter-real	batch-arbiter-real	direct	none		{}	0	5030	REALIZABLE	1	0.03889643994625658	REALIZABLE	1	0.032241097069345415	REALIZABLE	1	0.032241097069345415	B
box0.ltl	box0.tlsf	direct:tlsf/sweap:box	box	direct	none		{}	0	10872	UNREALIZABLE	1	0.03949479095172137	UNREALIZABLE	1	0.033163543906994164	UNREALIZABLE	1	0.033163543906994164	B
box1.ltl	box1.tlsf	direct:tlsf/sweap:box	box	direct	none		{}	0	11725	UNREALIZABLE	1	0.03691700100898743	UNREALIZABLE	1	0.031150860944762826	UNREALIZABLE	1	0.031150860944762826	B
box-limited-real.ltl	box-limited-real.tlsf	direct:tlsf/sweap:box-limited-real	box-limited-real	direct	none		{}	0	6553	REALIZABLE	1	0.04533438908401877	REALIZABLE	1	0.03580817102920264	REALIZABLE	1	0.03580817102920264	B
box-real.ltl	box-real.tlsf	direct:tlsf/sweap:box-real	box-real	direct	none		{}	0	14966	TIMEOUT		60.07620145299006	REALIZABLE	1	0.05060561909340322	REALIZABLE	1	0.05060561909340322	S
buffer-storage-real.ltl	buffer-storage-real.tlsf	direct:tlsf/sweap:buffer-storage-real	buffer-storage-real	direct	none		{}	0	14144	REALIZABLE	1	0.616168416920118	REALIZABLE	1	0.6487180249532685	REALIZABLE	1	0.616168416920118	B
chain-60.ltl	chain-60.tlsf	direct:tlsf/sweap:chain	chain	direct	none		{}	0	38061	TIMEOUT		60.176102996920235	TIMEOUT		60.124751690076664	TIMEOUT			
chain-70.ltl	chain-70.tlsf	direct:tlsf/sweap:chain	chain	direct	none		{}	0	47150	TIMEOUT		60.125568995950744	TIMEOUT		60.12441825901624	TIMEOUT			
chain-4-real.ltl	chain-4-real.tlsf	direct:tlsf/sweap:chain-4-real	chain-4-real	direct	none		{}	0	22000	TIMEOUT		60.12501248298213	TIMEOUT		60.07804793305695	TIMEOUT			
chain-5-real.ltl	chain-5-real.tlsf	direct:tlsf/sweap:chain-5-real	chain-5-real	direct	none		{}	0	29862	TIMEOUT		60.17642536293715	TIMEOUT		60.09800105402246	TIMEOUT			
chain-simple-10-real.ltl	chain-simple-10-real.tlsf	direct:tlsf/sweap:chain-simple-10-real	chain-simple-10-real	direct	none		{}	0	19729	REALIZABLE	1	0.13009699701797217	REALIZABLE	1	0.13521837804000825	REALIZABLE	1	0.13009699701797217	B
chain-simple-20-real.ltl	chain-simple-20-real.tlsf	direct:tlsf/sweap:chain-simple-20-real	chain-simple-20-real	direct	none		{}	0	36888	REALIZABLE	1	0.22378453402779996	REALIZABLE	1	0.27455026691313833	REALIZABLE	1	0.22378453402779996	B
chain-simple-30-real.ltl	chain-simple-30-real.tlsf	direct:tlsf/sweap:chain-simple-30-real	chain-simple-30-real	direct	none		{}	0	55493	REALIZABLE	1	0.40521308791358024	REALIZABLE	1	0.3991012329934165	REALIZABLE	1	0.3991012329934165	B
chain-simple-40-real.ltl	chain-simple-40-real.tlsf	direct:tlsf/sweap:chain-simple-40-real	chain-simple-40-real	direct	none		{}	0	72509	REALIZABLE	1	0.4956254919525236	REALIZABLE	1	0.6106553219724447	REALIZABLE	1	0.4956254919525236	B
chain-simple-5-real.ltl	chain-simple-5-real.tlsf	direct:tlsf/sweap:chain-simple-5-real	chain-simple-5-real	direct	none		{}	0	11995	REALIZABLE	1	0.07209912594407797	REALIZABLE	1	0.08210079791024327	REALIZABLE	1	0.07209912594407797	B
chain-simple-50-real.ltl	chain-simple-50-real.tlsf	direct:tlsf/sweap:chain-simple-50-real	chain-simple-50-real	direct	none		{}	0	89412	REALIZABLE	1	0.6845532549778	REALIZABLE	1	0.7262215970549732	REALIZABLE	1	0.6845532549778	B
chain-simple-60-real.ltl	chain-simple-60-real.tlsf	direct:tlsf/sweap:chain-simple-60-real	chain-simple-60-real	direct	none		{}	0	106089	REALIZABLE	1	0.8716712819878012	REALIZABLE	1	0.8948747289832681	REALIZABLE	1	0.8716712819878012	B
chain-simple-70-real.ltl	chain-simple-70-real.tlsf	direct:tlsf/sweap:chain-simple-70-real	chain-simple-70-real	direct	none		{}	0	128922	REALIZABLE	5	0.9755727789597586	REALIZABLE	5	1.1517741919960827	REALIZABLE	5	0.9755727789597586	B
chain-simple-param-70-real.ltl	chain-simple-param-70-real.tlsf	direct:tlsf/sweap:chain-simple-param-70-real	chain-simple-param-70-real	direct	none		{}	0	7545	REALIZABLE	5	1.0984385838964954	REALIZABLE	5	1.0687704669544473	REALIZABLE	5	1.0687704669544473	B
diagonal-real.ltl	diagonal-real.tlsf	direct:tlsf/sweap:diagonal-real	diagonal-real	direct	none		{}	0	11341	REALIZABLE	1	0.05090731102973223	REALIZABLE	1	0.041062360047362745	REALIZABLE	1	0.041062360047362745	B
elevator-paper-real.ltl	elevator-paper-real.tlsf	direct:tlsf/sweap:elevator-paper-real	elevator-paper-real	direct	none		{}	0	7460	TIMEOUT		60.049950914108194	TIMEOUT		60.07624449196737	TIMEOUT			
evasion0.ltl	evasion0.tlsf	direct:tlsf/sweap:evasion	evasion	direct	none		{}	0	25780	UNREALIZABLE	60	37.06091263203416	UNREALIZABLE	60	33.503182573011145	UNREALIZABLE	60	33.503182573011145	B
evasion-real.ltl	evasion-real.tlsf	direct:tlsf/sweap:evasion-real	evasion-real	direct	none		{}	0	27203	TIMEOUT		60.174934937036596	TIMEOUT		60.17490016296506	TIMEOUT			
f-real-real.ltl	f-real-real.tlsf	direct:tlsf/sweap:f-real-real	f-real-real	direct	none		{}	0	45663	TIMEOUT		60.12516054906882	TIMEOUT		60.109265250037424	TIMEOUT			
f-unreal-unreal.ltl	f-unreal-unreal.tlsf	direct:tlsf/sweap:f-unreal-unreal	f-unreal-unreal	direct	none		{}	0	2019	UNREALIZABLE	1	0.019871796015650034	UNREALIZABLE	1	0.030528711969964206	UNREALIZABLE	1	0.019871796015650034	B
follow0.ltl	follow0.tlsf	direct:tlsf/sweap:follow	follow	direct	none		{}	0	381730	TIMEOUT		60.1248485740507	TIMEOUT		60.12543750402983	TIMEOUT			
follow1.ltl	follow1.tlsf	direct:tlsf/sweap:follow	follow	direct	none		{}	0	435655	TIMEOUT		60.09755263198167	TIMEOUT		60.124796939082444	TIMEOUT			
follow2.ltl	follow2.tlsf	direct:tlsf/sweap:follow	follow	direct	none		{}	0	563635	TIMEOUT		60.12528230401222	TIMEOUT		60.124022761010565	TIMEOUT			
follow3.ltl	follow3.tlsf	direct:tlsf/sweap:follow	follow	direct	none		{}	0	683213	TIMEOUT		60.125307095004246	TIMEOUT		60.12377913703676	TIMEOUT			
g-real0.ltl	g-real0.tlsf	direct:tlsf/sweap:g-real	g-real	direct	none		{}	0	10384	UNREALIZABLE	17	4.893261448014528	UNREALIZABLE	5	4.525050553958863	UNREALIZABLE	5	4.525050553958863	S
g-real-real.ltl	g-real-real.tlsf	direct:tlsf/sweap:g-real-real	g-real-real	direct	none		{}	0	12888	TIMEOUT		60.12370906898286	REALIZABLE	5	2.7824315059697255	REALIZABLE	5	2.7824315059697255	S
g-unreal-10.ltl	g-unreal-10.tlsf	direct:tlsf/sweap:g-unreal	g-unreal	direct	none		{}	0	2937	UNREALIZABLE	1	0.030215088976547122	UNREALIZABLE	1	0.023072312003932893	UNREALIZABLE	1	0.023072312003932893	B
g-unreal-11.ltl	g-unreal-11.tlsf	direct:tlsf/sweap:g-unreal	g-unreal	direct	none		{}	0	4602	UNREALIZABLE	1	0.048431882984004915	UNREALIZABLE	1	0.023775267996825278	UNREALIZABLE	1	0.023775267996825278	B
g-unreal-110.ltl	g-unreal-110.tlsf	direct:tlsf/sweap:g-unreal	g-unreal	direct	none		{}	0	24492	UNREALIZABLE	5	2.062256567995064	UNREALIZABLE	5	2.136725276010111	UNREALIZABLE	5	2.062256567995064	B
g-unreal-111.ltl	g-unreal-111.tlsf	direct:tlsf/sweap:g-unreal	g-unreal	direct	none		{}	0	26282	UNREALIZABLE	5	2.8281631930731237	UNREALIZABLE	5	2.894642519997433	UNREALIZABLE	5	2.8281631930731237	B
g-unreal-112.ltl	g-unreal-112.tlsf	direct:tlsf/sweap:g-unreal	g-unreal	direct	none		{}	0	28112	UNREALIZABLE	5	3.942953120917082	UNREALIZABLE	5	3.881966220913455	UNREALIZABLE	5	3.881966220913455	B
g-unreal-113.ltl	g-unreal-113.tlsf	direct:tlsf/sweap:g-unreal	g-unreal	direct	none		{}	0	29902	UNREALIZABLE	5	4.297463717055507	UNREALIZABLE	5	4.302331843995489	UNREALIZABLE	5	4.297463717055507	B
g-unreal-114.ltl	g-unreal-114.tlsf	direct:tlsf/sweap:g-unreal	g-unreal	direct	none		{}	0	31702	UNREALIZABLE	17	6.306892485008575	UNREALIZABLE	17	5.632008392014541	UNREALIZABLE	17	5.632008392014541	B
g-unreal-115.ltl	g-unreal-115.tlsf	direct:tlsf/sweap:g-unreal	g-unreal	direct	none		{}	0	33472	UNREALIZABLE	17	7.567338261054829	UNREALIZABLE	17	7.757282997947186	UNREALIZABLE	17	7.567338261054829	B
g-unreal-116.ltl	g-unreal-116.tlsf	direct:tlsf/sweap:g-unreal	g-unreal	direct	none		{}	0	42052	UNREALIZABLE	60	18.286970968940295	UNREALIZABLE	60	17.96349498303607	UNREALIZABLE	60	17.96349498303607	B
g-unreal-117.ltl	g-unreal-117.tlsf	direct:tlsf/sweap:g-unreal	g-unreal	direct	none		{}	0	44232	UNREALIZABLE	60	22.54243992699776	UNREALIZABLE	60	23.10398293810431	UNREALIZABLE	60	22.54243992699776	B
g-unreal-118.ltl	g-unreal-118.tlsf	direct:tlsf/sweap:g-unreal	g-unreal	direct	none		{}	0	46422	UNREALIZABLE	60	27.39289708598517	UNREALIZABLE	60	27.40706252399832	UNREALIZABLE	60	27.39289708598517	B
g-unreal-119.ltl	g-unreal-119.tlsf	direct:tlsf/sweap:g-unreal	g-unreal	direct	none		{}	0	48582	UNREALIZABLE	60	29.730492311995476	UNREALIZABLE	60	29.21984866692219	UNREALIZABLE	60	29.21984866692219	B
g-unreal-12.ltl	g-unreal-12.tlsf	direct:tlsf/sweap:g-unreal	g-unreal	direct	none		{}	0	6862	UNREALIZABLE	1	0.033947488060221076	UNREALIZABLE	1	0.043261782033368945	UNREALIZABLE	1	0.033947488060221076	B
g-unreal-120.ltl	g-unreal-120.tlsf	direct:tlsf/sweap:g-unreal	g-unreal	direct	none		{}	0	50782	UNREALIZABLE	60	36.25889091892168	UNREALIZABLE	60	36.97093029296957	UNREALIZABLE	60	36.25889091892168	B
g-unreal-13.ltl	g-unreal-13.tlsf	direct:tlsf/sweap:g-unreal	g-unreal	direct	none		{}	0	7932	UNREALIZABLE	1	0.051169183920137584	UNREALIZABLE	1	0.07711561699397862	UNREALIZABLE	1	0.051169183920137584	B
g-unreal-14.ltl	g-unreal-14.tlsf	direct:tlsf/sweap:g-unreal	g-unreal	direct	none		{}	0	11312	UNREALIZABLE	1	0.10788706003222615	UNREALIZABLE	1	0.12295393296517432	UNREALIZABLE	1	0.10788706003222615	B
g-unreal-15.ltl	g-unreal-15.tlsf	direct:tlsf/sweap:g-unreal	g-unreal	direct	none		{}	0	12752	UNREALIZABLE	1	0.17786792397964746	UNREALIZABLE	1	0.20413639396429062	UNREALIZABLE	1	0.17786792397964746	B
g-unreal-16.ltl	g-unreal-16.tlsf	direct:tlsf/sweap:g-unreal	g-unreal	direct	none		{}	0	14202	UNREALIZABLE	1	0.31656415201723576	UNREALIZABLE	1	0.31632757803890854	UNREALIZABLE	1	0.31632757803890854	B
g-unreal-17.ltl	g-unreal-17.tlsf	direct:tlsf/sweap:g-unreal	g-unreal	direct	none		{}	0	15622	UNREALIZABLE	1	0.3539729090407491	UNREALIZABLE	1	0.3759301560930908	UNREALIZABLE	1	0.3539729090407491	B
g-unreal-18.ltl	g-unreal-18.tlsf	direct:tlsf/sweap:g-unreal	g-unreal	direct	none		{}	0	20862	UNREALIZABLE	5	1.2583546240348369	UNREALIZABLE	5	1.215854034991935	UNREALIZABLE	5	1.215854034991935	B
g-unreal-19.ltl	g-unreal-19.tlsf	direct:tlsf/sweap:g-unreal	g-unreal	direct	none		{}	0	22672	UNREALIZABLE	5	1.9064362100325525	UNREALIZABLE	5	1.749113149009645	UNREALIZABLE	5	1.749113149009645	B
g-unreal-20.ltl	g-unreal-20.tlsf	direct:tlsf/sweap:g-unreal	g-unreal	direct	none		{}	0	666548	TIMEOUT		60.12457883299794	TIMEOUT		60.10281535598915	TIMEOUT			
g-unreal-21.ltl	g-unreal-21.tlsf	direct:tlsf/sweap:g-unreal	g-unreal	direct	none		{}	0	3028905	TIMEOUT		60.325077533954754	TIMEOUT		60.32696238101926	TIMEOUT			
g-unreal-30.ltl	g-unreal-30.tlsf	direct:tlsf/sweap:g-unreal	g-unreal	direct	none		{}	0	4214	UNREALIZABLE	1	0.040499145979993045	UNREALIZABLE	1	0.036246179952286184	UNREALIZABLE	1	0.036246179952286184	B
g-unreal-31.ltl	g-unreal-31.tlsf	direct:tlsf/sweap:g-unreal	g-unreal	direct	none		{}	0	6322	UNREALIZABLE	1	0.16423707990907133	UNREALIZABLE	1	0.19045126205310225	UNREALIZABLE	1	0.16423707990907133	B
g-unreal-310.ltl	g-unreal-310.tlsf	direct:tlsf/sweap:g-unreal	g-unreal	direct	none		{}	0	189927	TIMEOUT		60.3286070789909	TIMEOUT		60.28774067899212	TIMEOUT			
g-unreal-311.ltl	g-unreal-311.tlsf	direct:tlsf/sweap:g-unreal	g-unreal	direct	none		{}	0	225555	MEMOUT		57.06870140705723	MEMOUT		58.67292320705019	MEMOUT			
g-unreal-312.ltl	g-unreal-312.tlsf	direct:tlsf/sweap:g-unreal	g-unreal	direct	none		{}	0	248867	TIMEOUT		60.22496902209241	TIMEOUT		60.22171769605484	TIMEOUT			
g-unreal-313.ltl	g-unreal-313.tlsf	direct:tlsf/sweap:g-unreal	g-unreal	direct	none		{}	0	272191	TIMEOUT		60.17535575199872	TIMEOUT		60.17525043000933	TIMEOUT			
g-unreal-314.ltl	g-unreal-314.tlsf	direct:tlsf/sweap:g-unreal	g-unreal	direct	none		{}	0	338329	TIMEOUT		60.17633019504137	TIMEOUT		60.17507795605343	TIMEOUT			
g-unreal-32.ltl	g-unreal-32.tlsf	direct:tlsf/sweap:g-unreal	g-unreal	direct	none		{}	0	10367	UNREALIZABLE	5	2.254632023978047	UNREALIZABLE	5	2.471535100019537	UNREALIZABLE	5	2.254632023978047	B
g-unreal-33.ltl	g-unreal-33.tlsf	direct:tlsf/sweap:g-unreal	g-unreal	direct	none		{}	0	37898	UNREALIZABLE	60	16.453875734005123	UNREALIZABLE	17	16.770301625016145	UNREALIZABLE	17	16.453875734005123	S
g-unreal-34.ltl	g-unreal-34.tlsf	direct:tlsf/sweap:g-unreal	g-unreal	direct	none		{}	0	67656	TIMEOUT		60.0925307009602	TIMEOUT		60.092840961995535	TIMEOUT			
g-unreal-35.ltl	g-unreal-35.tlsf	direct:tlsf/sweap:g-unreal	g-unreal	direct	none		{}	0	74097	TIMEOUT		60.091604034998454	TIMEOUT		60.0922396479873	TIMEOUT			
g-unreal-36.ltl	g-unreal-36.tlsf	direct:tlsf/sweap:g-unreal	g-unreal	direct	none		{}	0	80576	UNREALIZABLE	60	48.07093344104942	UNREALIZABLE	60	51.94130450405646	UNREALIZABLE	60	48.07093344104942	B
g-unreal-37.ltl	g-unreal-37.tlsf	direct:tlsf/sweap:g-unreal	g-unreal	direct	none		{}	0	92285	TIMEOUT		60.06492871395312	TIMEOUT		60.09237373806536	TIMEOUT			
g-unreal-38.ltl	g-unreal-38.tlsf	direct:tlsf/sweap:g-unreal	g-unreal	direct	none		{}	0	131476	TIMEOUT		60.224464921979234	TIMEOUT		60.22509364900179	TIMEOUT			
g-unreal-39.ltl	g-unreal-39.tlsf	direct:tlsf/sweap:g-unreal	g-unreal	direct	none		{}	0	156986	MEMOUT		59.70571082807146	TIMEOUT		60.32535639894195	MEMOUT			
g-unreal-1-unreal.ltl	g-unreal-1-unreal.tlsf	direct:tlsf/sweap:g-unreal-1-unreal	g-unreal-1-unreal	direct	none		{}	0	52327	UNREALIZABLE	60	43.573478613980114	UNREALIZABLE	60	43.20535323896911	UNREALIZABLE	60	43.20535323896911	B
gf-real-real.ltl	gf-real-real.tlsf	direct:tlsf/sweap:gf-real-real	gf-real-real	direct	none		{}	0	1903	REALIZABLE	1	0.03083742002490908	REALIZABLE	1	0.038647403940558434	REALIZABLE	1	0.03083742002490908	B
gf-unreal0.ltl	gf-unreal0.tlsf	direct:tlsf/sweap:gf-unreal	gf-unreal	direct	none		{}	0	623	UNREALIZABLE	1	0.029509415035136044	UNREALIZABLE	1	0.03142216010019183	UNREALIZABLE	1	0.029509415035136044	B
gf-unreal1.ltl	gf-unreal1.tlsf	direct:tlsf/sweap:gf-unreal	gf-unreal	direct	none		{}	0	1078	UNREALIZABLE	1	0.03289731498807669	UNREALIZABLE	1	0.032032537972554564	UNREALIZABLE	1	0.032032537972554564	B
gf-unreal10.ltl	gf-unreal10.tlsf	direct:tlsf/sweap:gf-unreal	gf-unreal	direct	none		{}	0	6419	UNREALIZABLE	1	0.031162920990027487	UNREALIZABLE	1	0.034355668001808226	UNREALIZABLE	1	0.031162920990027487	B
gf-unreal11.ltl	gf-unreal11.tlsf	direct:tlsf/sweap:gf-unreal	gf-unreal	direct	none		{}	0	6893	UNREALIZABLE	1	0.036854697042144835	UNREALIZABLE	1	0.03413535200525075	UNREALIZABLE	1	0.03413535200525075	B
gf-unreal12.ltl	gf-unreal12.tlsf	direct:tlsf/sweap:gf-unreal	gf-unreal	direct	none		{}	0	7387	UNREALIZABLE	1	0.043957030051387846	UNREALIZABLE	1	0.03808522003237158	UNREALIZABLE	1	0.03808522003237158	B
gf-unreal13.ltl	gf-unreal13.tlsf	direct:tlsf/sweap:gf-unreal	gf-unreal	direct	none		{}	0	7861	UNREALIZABLE	1	0.04108530411031097	UNREALIZABLE	1	0.038650937960483134	UNREALIZABLE	1	0.038650937960483134	B
gf-unreal14.ltl	gf-unreal14.tlsf	direct:tlsf/sweap:gf-unreal	gf-unreal	direct	none		{}	0	8341	UNREALIZABLE	1	0.03834311000537127	UNREALIZABLE	1	0.024311865912750363	UNREALIZABLE	1	0.024311865912750363	B
gf-unreal15.ltl	gf-unreal15.tlsf	direct:tlsf/sweap:gf-unreal	gf-unreal	direct	none		{}	0	8807	UNREALIZABLE	1	0.04430439497809857	UNREALIZABLE	1	0.042978956014849246	UNREALIZABLE	1	0.042978956014849246	B
gf-unreal16.ltl	gf-unreal16.tlsf	direct:tlsf/sweap:gf-unreal	gf-unreal	direct	none		{}	0	11134	UNREALIZABLE	1	0.0356569989817217	UNREALIZABLE	1	0.04272760602179915	UNREALIZABLE	1	0.0356569989817217	B
gf-unreal17.ltl	gf-unreal17.tlsf	direct:tlsf/sweap:gf-unreal	gf-unreal	direct	none		{}	0	11716	UNREALIZABLE	1	0.047279919032007456	UNREALIZABLE	1	0.04203076008707285	UNREALIZABLE	1	0.04203076008707285	B
gf-unreal18.ltl	gf-unreal18.tlsf	direct:tlsf/sweap:gf-unreal	gf-unreal	direct	none		{}	0	12304	UNREALIZABLE	1	0.0410109389340505	UNREALIZABLE	1	0.029454033938236535	UNREALIZABLE	1	0.029454033938236535	B
gf-unreal19.ltl	gf-unreal19.tlsf	direct:tlsf/sweap:gf-unreal	gf-unreal	direct	none		{}	0	12878	UNREALIZABLE	1	0.04158285597804934	UNREALIZABLE	1	0.019924529013223946	UNREALIZABLE	1	0.019924529013223946	B
gf-unreal2.ltl	gf-unreal2.tlsf	direct:tlsf/sweap:gf-unreal	gf-unreal	direct	none		{}	0	1687	UNREALIZABLE	1	0.03320802003145218	UNREALIZABLE	1	0.031322195078246295	UNREALIZABLE	1	0.031322195078246295	B
gf-unreal20.ltl	gf-unreal20.tlsf	direct:tlsf/sweap:gf-unreal	gf-unreal	direct	none		{}	0	13472	UNREALIZABLE	1	0.045728608034551144	UNREALIZABLE	1	0.040963341016322374	UNREALIZABLE	1	0.040963341016322374	B
gf-unreal21.ltl	gf-unreal21.tlsf	direct:tlsf/sweap:gf-unreal	gf-unreal	direct	none		{}	0	14046	UNREALIZABLE	1	0.032509748940356076	UNREALIZABLE	1	0.027932927012443542	UNREALIZABLE	1	0.027932927012443542	B
gf-unreal22.ltl	gf-unreal22.tlsf	direct:tlsf/sweap:gf-unreal	gf-unreal	direct	none		{}	0	14626	UNREALIZABLE	1	0.0387219829717651	UNREALIZABLE	1	0.03862470795866102	UNREALIZABLE	1	0.03862470795866102	B
gf-unreal23.ltl	gf-unreal23.tlsf	direct:tlsf/sweap:gf-unreal	gf-unreal	direct	none		{}	0	15192	UNREALIZABLE	1	0.04608304693829268	UNREALIZABLE	1	0.03993689501658082	UNREALIZABLE	1	0.03993689501658082	B
gf-unreal24.ltl	gf-unreal24.tlsf	direct:tlsf/sweap:gf-unreal	gf-unreal	direct	none		{}	0	15792	UNREALIZABLE	1	0.043377952999435365	UNREALIZABLE	1	0.034743135096505284	UNREALIZABLE	1	0.034743135096505284	B
gf-unreal25.ltl	gf-unreal25.tlsf	direct:tlsf/sweap:gf-unreal	gf-unreal	direct	none		{}	0	16366	UNREALIZABLE	1	0.0398619850166142	UNREALIZABLE	1	0.047001325991004705	UNREALIZABLE	1	0.0398619850166142	B
gf-unreal26.ltl	gf-unreal26.tlsf	direct:tlsf/sweap:gf-unreal	gf-unreal	direct	none		{}	0	16946	UNREALIZABLE	1	0.04077290394343436	UNREALIZABLE	1	0.034931156085804105	UNREALIZABLE	1	0.034931156085804105	B
gf-unreal27.ltl	gf-unreal27.tlsf	direct:tlsf/sweap:gf-unreal	gf-unreal	direct	none		{}	0	17512	UNREALIZABLE	1	0.03807379608042538	UNREALIZABLE	1	0.03406390000600368	UNREALIZABLE	1	0.03406390000600368	B
gf-unreal28.ltl	gf-unreal28.tlsf	direct:tlsf/sweap:gf-unreal	gf-unreal	direct	none		{}	0	18098	UNREALIZABLE	1	0.041457718005403876	UNREALIZABLE	1	0.036924019921571016	UNREALIZABLE	1	0.036924019921571016	B
gf-unreal29.ltl	gf-unreal29.tlsf	direct:tlsf/sweap:gf-unreal	gf-unreal	direct	none		{}	0	18664	UNREALIZABLE	1	0.032626206055283546	UNREALIZABLE	1	0.03453546192031354	UNREALIZABLE	1	0.032626206055283546	B
gf-unreal3.ltl	gf-unreal3.tlsf	direct:tlsf/sweap:gf-unreal	gf-unreal	direct	none		{}	0	1969	UNREALIZABLE	1	0.024492520955391228	UNREALIZABLE	1	0.029318674001842737	UNREALIZABLE	1	0.024492520955391228	B
gf-unreal30.ltl	gf-unreal30.tlsf	direct:tlsf/sweap:gf-unreal	gf-unreal	direct	none		{}	0	19236	UNREALIZABLE	1	0.04676297400146723	UNREALIZABLE	1	0.047711407067254186	UNREALIZABLE	1	0.04676297400146723	B
gf-unreal31.ltl	gf-unreal31.tlsf	direct:tlsf/sweap:gf-unreal	gf-unreal	direct	none		{}	0	19794	UNREALIZABLE	1	0.049068976077251136	UNREALIZABLE	1	0.04083755996543914	UNREALIZABLE	1	0.04083755996543914	B
gf-unreal32.ltl	gf-unreal32.tlsf	direct:tlsf/sweap:gf-unreal	gf-unreal	direct	none		{}	0	23827	UNREALIZABLE	1	0.0464512980543077	UNREALIZABLE	1	0.0379582280293107	UNREALIZABLE	1	0.0379582280293107	B
gf-unreal33.ltl	gf-unreal33.tlsf	direct:tlsf/sweap:gf-unreal	gf-unreal	direct	none		{}	0	24509	UNREALIZABLE	1	0.03672779502812773	UNREALIZABLE	1	0.04341101902537048	UNREALIZABLE	1	0.03672779502812773	B
gf-unreal34.ltl	gf-unreal34.tlsf	direct:tlsf/sweap:gf-unreal	gf-unreal	direct	none		{}	0	25197	UNREALIZABLE	1	0.03809151705354452	UNREALIZABLE	1	0.04365752392914146	UNREALIZABLE	1	0.03809151705354452	B
gf-unreal35.ltl	gf-unreal35.tlsf	direct:tlsf/sweap:gf-unreal	gf-unreal	direct	none		{}	0	25871	UNREALIZABLE	1	0.0406807929975912	UNREALIZABLE	1	0.041297888034023345	UNREALIZABLE	1	0.0406807929975912	B
gf-unreal36.ltl	gf-unreal36.tlsf	direct:tlsf/sweap:gf-unreal	gf-unreal	direct	none		{}	0	26565	UNREALIZABLE	1	0.03226556093432009	UNREALIZABLE	1	0.03598815097939223	UNREALIZABLE	1	0.03226556093432009	B
gf-unreal37.ltl	gf-unreal37.tlsf	direct:tlsf/sweap:gf-unreal	gf-unreal	direct	none		{}	0	27239	UNREALIZABLE	1	0.04221961693838239	UNREALIZABLE	1	0.0412664080504328	UNREALIZABLE	1	0.0412664080504328	B
gf-unreal38.ltl	gf-unreal38.tlsf	direct:tlsf/sweap:gf-unreal	gf-unreal	direct	none		{}	0	27919	UNREALIZABLE	1	0.042026876006275415	UNREALIZABLE	1	0.04834350198507309	UNREALIZABLE	1	0.042026876006275415	B
gf-unreal39.ltl	gf-unreal39.tlsf	direct:tlsf/sweap:gf-unreal	gf-unreal	direct	none		{}	0	28585	UNREALIZABLE	1	0.02776193304453045	UNREALIZABLE	1	0.044163882965222	UNREALIZABLE	1	0.02776193304453045	B
gf-unreal4.ltl	gf-unreal4.tlsf	direct:tlsf/sweap:gf-unreal	gf-unreal	direct	none		{}	0	2884	UNREALIZABLE	1	0.020255558076314628	UNREALIZABLE	1	0.032614729017950594	UNREALIZABLE	1	0.020255558076314628	B
gf-unreal40.ltl	gf-unreal40.tlsf	direct:tlsf/sweap:gf-unreal	gf-unreal	direct	none		{}	0	29285	UNREALIZABLE	1	0.050734305987134576	UNREALIZABLE	1	0.048663838068023324	UNREALIZABLE	1	0.048663838068023324	B
gf-unreal41.ltl	gf-unreal41.tlsf	direct:tlsf/sweap:gf-unreal	gf-unreal	direct	none		{}	0	29959	UNREALIZABLE	1	0.04496039799414575	UNREALIZABLE	1	0.030629411106929183	UNREALIZABLE	1	0.030629411106929183	B
gf-unreal42.ltl	gf-unreal42.tlsf	direct:tlsf/sweap:gf-unreal	gf-unreal	direct	none		{}	0	30639	UNREALIZABLE	1	0.0323933360632509	UNREALIZABLE	1	0.03472600202076137	UNREALIZABLE	1	0.0323933360632509	B
gf-unreal43.ltl	gf-unreal43.tlsf	direct:tlsf/sweap:gf-unreal	gf-unreal	direct	none		{}	0	31305	UNREALIZABLE	1	0.05028384400065988	UNREALIZABLE	1	0.04452455008868128	UNREALIZABLE	1	0.04452455008868128	B
gf-unreal44.ltl	gf-unreal44.tlsf	direct:tlsf/sweap:gf-unreal	gf-unreal	direct	none		{}	0	31991	UNREALIZABLE	1	0.04985777090769261	UNREALIZABLE	1	0.03259978396818042	UNREALIZABLE	1	0.03259978396818042	B
gf-unreal45.ltl	gf-unreal45.tlsf	direct:tlsf/sweap:gf-unreal	gf-unreal	direct	none		{}	0	32657	UNREALIZABLE	1	0.05653858603909612	UNREALIZABLE	1	0.04623624496161938	UNREALIZABLE	1	0.04623624496161938	B
gf-unreal46.ltl	gf-unreal46.tlsf	direct:tlsf/sweap:gf-unreal	gf-unreal	direct	none		{}	0	33329	UNREALIZABLE	1	0.05750992090906948	UNREALIZABLE	1	0.03568266495130956	UNREALIZABLE	1	0.03568266495130956	B
gf-unreal47.ltl	gf-unreal47.tlsf	direct:tlsf/sweap:gf-unreal	gf-unreal	direct	none		{}	0	33987	UNREALIZABLE	1	0.051083746016956866	UNREALIZABLE	1	0.03360845998395234	UNREALIZABLE	1	0.03360845998395234	B
gf-unreal5.ltl	gf-unreal5.tlsf	direct:tlsf/sweap:gf-unreal	gf-unreal	direct	none		{}	0	3266	UNREALIZABLE	1	0.027525588986463845	UNREALIZABLE	1	0.0239994740113616	UNREALIZABLE	1	0.0239994740113616	B
gf-unreal6.ltl	gf-unreal6.tlsf	direct:tlsf/sweap:gf-unreal	gf-unreal	direct	none		{}	0	3654	UNREALIZABLE	1	0.04412636801134795	UNREALIZABLE	1	0.0400201219599694	UNREALIZABLE	1	0.0400201219599694	B
gf-unreal7.ltl	gf-unreal7.tlsf	direct:tlsf/sweap:gf-unreal	gf-unreal	direct	none		{}	0	4028	UNREALIZABLE	1	0.03944571304600686	UNREALIZABLE	1	0.03773255099076778	UNREALIZABLE	1	0.03773255099076778	B
gf-unreal8.ltl	gf-unreal8.tlsf	direct:tlsf/sweap:gf-unreal	gf-unreal	direct	none		{}	0	5449	UNREALIZABLE	1	0.033099728054367006	UNREALIZABLE	1	0.03576385090127587	UNREALIZABLE	1	0.033099728054367006	B
gf-unreal9.ltl	gf-unreal9.tlsf	direct:tlsf/sweap:gf-unreal	gf-unreal	direct	none		{}	0	5931	UNREALIZABLE	1	0.039609184954315424	UNREALIZABLE	1	0.035620820010080934	UNREALIZABLE	1	0.035620820010080934	B
heim-buechi-real.ltl	heim-buechi-real.tlsf	direct:tlsf/sweap:heim-buechi-real	heim-buechi-real	direct	none		{}	0	10722	REALIZABLE	5	2.105520348995924	REALIZABLE	5	1.8830646249698475	REALIZABLE	5	1.8830646249698475	B
heim-double-x0.ltl	heim-double-x0.tlsf	direct:tlsf/sweap:heim-double-x	heim-double-x	direct	none		{}	0	5070	UNREALIZABLE	1	0.19174472603481263	UNREALIZABLE	1	0.09029952809214592	UNREALIZABLE	1	0.09029952809214592	B
heim-double-x1.ltl	heim-double-x1.tlsf	direct:tlsf/sweap:heim-double-x	heim-double-x	direct	none		{}	0	5703	UNREALIZABLE	5	1.9338053950341418	UNREALIZABLE	5	2.0548970019444823	UNREALIZABLE	5	1.9338053950341418	B
heim-double-x10.ltl	heim-double-x10.tlsf	direct:tlsf/sweap:heim-double-x	heim-double-x	direct	none		{}	0	10520	TIMEOUT		60.08871951291803	TIMEOUT		60.09288705699146	TIMEOUT			
heim-double-x11.ltl	heim-double-x11.tlsf	direct:tlsf/sweap:heim-double-x	heim-double-x	direct	none		{}	0	10814	TIMEOUT		60.09197872004006	TIMEOUT		60.07664417906199	TIMEOUT			
heim-double-x12.ltl	heim-double-x12.tlsf	direct:tlsf/sweap:heim-double-x	heim-double-x	direct	none		{}	0	11099	TIMEOUT		60.12338495301083	TIMEOUT		60.125122197088785	TIMEOUT			
heim-double-x13.ltl	heim-double-x13.tlsf	direct:tlsf/sweap:heim-double-x	heim-double-x	direct	none		{}	0	11329	TIMEOUT		60.124698085011914	TIMEOUT		60.11486610095017	TIMEOUT			
heim-double-x2.ltl	heim-double-x2.tlsf	direct:tlsf/sweap:heim-double-x	heim-double-x	direct	none		{}	0	5844	UNREALIZABLE	5	1.78103794506751	UNREALIZABLE	5	1.6336790589848533	UNREALIZABLE	5	1.6336790589848533	B
heim-double-x3.ltl	heim-double-x3.tlsf	direct:tlsf/sweap:heim-double-x	heim-double-x	direct	none		{}	0	6346	UNREALIZABLE	5	4.897587914951146	UNREALIZABLE	5	4.727319502970204	UNREALIZABLE	5	4.727319502970204	B
heim-double-x4.ltl	heim-double-x4.tlsf	direct:tlsf/sweap:heim-double-x	heim-double-x	direct	none		{}	0	7111	UNREALIZABLE	60	30.544380653998815	UNREALIZABLE	60	31.03734706400428	UNREALIZABLE	60	30.544380653998815	B
heim-double-x5.ltl	heim-double-x5.tlsf	direct:tlsf/sweap:heim-double-x	heim-double-x	direct	none		{}	0	7327	UNREALIZABLE	60	43.19123746897094	UNREALIZABLE	60	42.63440980494488	UNREALIZABLE	60	42.63440980494488	B
heim-double-x6.ltl	heim-double-x6.tlsf	direct:tlsf/sweap:heim-double-x	heim-double-x	direct	none		{}	0	7546	UNREALIZABLE	60	36.5356121880468	UNREALIZABLE	60	36.68771790806204	UNREALIZABLE	60	36.5356121880468	B
heim-double-x7.ltl	heim-double-x7.tlsf	direct:tlsf/sweap:heim-double-x	heim-double-x	direct	none		{}	0	7756	UNREALIZABLE	60	46.04956635204144	UNREALIZABLE	60	46.461588333011605	UNREALIZABLE	60	46.04956635204144	B
heim-double-x8.ltl	heim-double-x8.tlsf	direct:tlsf/sweap:heim-double-x	heim-double-x	direct	none		{}	0	9086	TIMEOUT		60.06938831997104	TIMEOUT		60.092249554931186	TIMEOUT			
heim-double-x9.ltl	heim-double-x9.tlsf	direct:tlsf/sweap:heim-double-x	heim-double-x	direct	none		{}	0	10229	TIMEOUT		60.09252106305212	TIMEOUT		60.092362902942114	TIMEOUT			
heim-double-x-real.ltl	heim-double-x-real.tlsf	direct:tlsf/sweap:heim-double-x-real	heim-double-x-real	direct	none		{}	0	12534	TIMEOUT		60.12462412705645	TIMEOUT		60.11896218708716	TIMEOUT			
heim-fig7-unreal.ltl	heim-fig7-unreal.tlsf	direct:tlsf/sweap:heim-fig7-unreal	heim-fig7-unreal	direct	none		{}	0	3381	UNREALIZABLE	1	0.029712124029174447	UNREALIZABLE	1	0.038835231913253665	UNREALIZABLE	1	0.029712124029174447	B
helipad-contradict0.ltl	helipad-contradict0.tlsf	direct:tlsf/sweap:helipad-contradict	helipad-contradict	direct	none		{}	0	49427	TIMEOUT		60.3245376230916	TIMEOUT		60.269474148983136	TIMEOUT			
helipad-contradict1.ltl	helipad-contradict1.tlsf	direct:tlsf/sweap:helipad-contradict	helipad-contradict	direct	none		{}	0	64774	TIMEOUT		60.1253324940335	TIMEOUT		60.09217791201081	TIMEOUT			
helipad-real.ltl	helipad-real.tlsf	direct:tlsf/sweap:helipad-real	helipad-real	direct	none		{}	0	49342	TIMEOUT		60.27557710604742	TIMEOUT		60.26294719299767	TIMEOUT			
infinite-race-real.ltl	infinite-race-real.tlsf	direct:tlsf/sweap:infinite-race-real	infinite-race-real	direct	none		{}	0	2450	REALIZABLE	1	0.032567857997491956	REALIZABLE	1	0.02251062903087586	REALIZABLE	1	0.02251062903087586	B
infinite-race-u0.ltl	infinite-race-u0.tlsf	direct:tlsf/sweap:infinite-race-u	infinite-race-u	direct	none		{}	0	2465	UNREALIZABLE	1	0.017180595081299543	UNREALIZABLE	1	0.01937924197409302	UNREALIZABLE	1	0.017180595081299543	B
infinite-race-u1.ltl	infinite-race-u1.tlsf	direct:tlsf/sweap:infinite-race-u	infinite-race-u	direct	none		{}	0	3221	UNREALIZABLE	1	0.031636741012334824	UNREALIZABLE	1	0.027392429998144507	UNREALIZABLE	1	0.027392429998144507	B
infinite-race-u10.ltl	infinite-race-u10.tlsf	direct:tlsf/sweap:infinite-race-u	infinite-race-u	direct	none		{}	0	83102	TIMEOUT		60.12551414093468	TIMEOUT		60.12510843202472	TIMEOUT			
infinite-race-u11.ltl	infinite-race-u11.tlsf	direct:tlsf/sweap:infinite-race-u	infinite-race-u	direct	none		{}	0	89752	TIMEOUT		60.125446359976195	TIMEOUT		60.125552531913854	TIMEOUT			
infinite-race-u12.ltl	infinite-race-u12.tlsf	direct:tlsf/sweap:infinite-race-u	infinite-race-u	direct	none		{}	0	96476	TIMEOUT		60.12478214094881	TIMEOUT		60.12538179499097	TIMEOUT			
infinite-race-u13.ltl	infinite-race-u13.tlsf	direct:tlsf/sweap:infinite-race-u	infinite-race-u	direct	none		{}	0	103126	TIMEOUT		60.065236161928624	TIMEOUT		60.12544021999929	TIMEOUT			
infinite-race-u14.ltl	infinite-race-u14.tlsf	direct:tlsf/sweap:infinite-race-u	infinite-race-u	direct	none		{}	0	109786	TIMEOUT		60.124835768016055	TIMEOUT		60.12500581506174	TIMEOUT			
infinite-race-u15.ltl	infinite-race-u15.tlsf	direct:tlsf/sweap:infinite-race-u	infinite-race-u	direct	none		{}	0	116382	TIMEOUT		60.12504398601595	TIMEOUT		60.12531510402914	TIMEOUT			
infinite-race-u16.ltl	infinite-race-u16.tlsf	direct:tlsf/sweap:infinite-race-u	infinite-race-u	direct	none		{}	0	141179	TIMEOUT		60.121709984960034	TIMEOUT		60.123495683074	TIMEOUT			
infinite-race-u17.ltl	infinite-race-u17.tlsf	direct:tlsf/sweap:infinite-race-u	infinite-race-u	direct	none		{}	0	148882	TIMEOUT		60.12496452906635	TIMEOUT		60.11063693894539	TIMEOUT			
infinite-race-u18.ltl	infinite-race-u18.tlsf	direct:tlsf/sweap:infinite-race-u	infinite-race-u	direct	none		{}	0	156595	TIMEOUT		60.124671258963645	TIMEOUT		60.121775177074596	TIMEOUT			
infinite-race-u19.ltl	infinite-race-u19.tlsf	direct:tlsf/sweap:infinite-race-u	infinite-race-u	direct	none		{}	0	164244	TIMEOUT		60.12458740698639	TIMEOUT		60.124760185950436	TIMEOUT			
infinite-race-u2.ltl	infinite-race-u2.tlsf	direct:tlsf/sweap:infinite-race-u	infinite-race-u	direct	none		{}	0	21140	UNREALIZABLE	1	0.8185973130166531	UNREALIZABLE	1	0.9181372279999778	UNREALIZABLE	1	0.8185973130166531	B
infinite-race-u20.ltl	infinite-race-u20.tlsf	direct:tlsf/sweap:infinite-race-u	infinite-race-u	direct	none		{}	0	171967	TIMEOUT		60.06663213309366	TIMEOUT		60.10430897097103	TIMEOUT			
infinite-race-u21.ltl	infinite-race-u21.tlsf	direct:tlsf/sweap:infinite-race-u	infinite-race-u	direct	none		{}	0	179616	TIMEOUT		60.1244645799743	TIMEOUT		60.12466132908594	TIMEOUT			
infinite-race-u22.ltl	infinite-race-u22.tlsf	direct:tlsf/sweap:infinite-race-u	infinite-race-u	direct	none		{}	0	187275	TIMEOUT		60.112562439986505	TIMEOUT		60.12467366689816	TIMEOUT			
infinite-race-u23.ltl	infinite-race-u23.tlsf	direct:tlsf/sweap:infinite-race-u	infinite-race-u	direct	none		{}	0	194870	TIMEOUT		60.175298046087846	TIMEOUT		60.17534424201585	TIMEOUT			
infinite-race-u24.ltl	infinite-race-u24.tlsf	direct:tlsf/sweap:infinite-race-u	infinite-race-u	direct	none		{}	0	202603	TIMEOUT		60.17559902800713	TIMEOUT		60.17568176903296	TIMEOUT			
infinite-race-u25.ltl	infinite-race-u25.tlsf	direct:tlsf/sweap:infinite-race-u	infinite-race-u	direct	none		{}	0	210252	TIMEOUT		60.175458549987525	TIMEOUT		60.17524034995586	TIMEOUT			
infinite-race-u3.ltl	infinite-race-u3.tlsf	direct:tlsf/sweap:infinite-race-u	infinite-race-u	direct	none		{}	0	25886	UNREALIZABLE	1	0.9592052360530943	UNREALIZABLE	1	0.9334398129722103	UNREALIZABLE	1	0.9334398129722103	B
infinite-race-u4.ltl	infinite-race-u4.tlsf	direct:tlsf/sweap:infinite-race-u	infinite-race-u	direct	none		{}	0	36817	UNREALIZABLE	17	5.153816289966926	UNREALIZABLE	17	5.133145518950187	UNREALIZABLE	17	5.133145518950187	B
infinite-race-u5.ltl	infinite-race-u5.tlsf	direct:tlsf/sweap:infinite-race-u	infinite-race-u	direct	none		{}	0	42522	UNREALIZABLE	17	6.487390844034962	UNREALIZABLE	17	6.82455831207335	UNREALIZABLE	17	6.487390844034962	B
infinite-race-u6.ltl	infinite-race-u6.tlsf	direct:tlsf/sweap:infinite-race-u	infinite-race-u	direct	none		{}	0	48237	UNREALIZABLE	60	22.600549933034927	UNREALIZABLE	60	23.23104948597029	UNREALIZABLE	60	22.600549933034927	B
infinite-race-u7.ltl	infinite-race-u7.tlsf	direct:tlsf/sweap:infinite-race-u	infinite-race-u	direct	none		{}	0	53888	UNREALIZABLE	60	21.700552796944976	UNREALIZABLE	60	22.790786130004562	UNREALIZABLE	60	21.700552796944976	B
infinite-race-u8.ltl	infinite-race-u8.tlsf	direct:tlsf/sweap:infinite-race-u	infinite-race-u	direct	none		{}	0	69684	TIMEOUT		60.09201936295722	TIMEOUT		60.09225797804538	TIMEOUT			
infinite-race-u9.ltl	infinite-race-u9.tlsf	direct:tlsf/sweap:infinite-race-u	infinite-race-u	direct	none		{}	0	76388	TIMEOUT		60.1242847769754	TIMEOUT		60.12376398209017	TIMEOUT			
infinite-race-unequal-10.ltl	infinite-race-unequal-10.tlsf	direct:tlsf/sweap:infinite-race-unequal	infinite-race-unequal	direct	none		{}	0	3143	UNREALIZABLE	1	0.021211168030276895	UNREALIZABLE	1	0.023676518932916224	UNREALIZABLE	1	0.021211168030276895	B
infinite-race-unequal-20.ltl	infinite-race-unequal-20.tlsf	direct:tlsf/sweap:infinite-race-unequal	infinite-race-unequal	direct	none		{}	0	3238	UNREALIZABLE	1	0.027133472030982375	UNREALIZABLE	1	0.033106674905866385	UNREALIZABLE	1	0.027133472030982375	B
infinite-race-unequal-21.ltl	infinite-race-unequal-21.tlsf	direct:tlsf/sweap:infinite-race-unequal	infinite-race-unequal	direct	none		{}	0	18045	UNREALIZABLE	1	0.14363308693282306	UNREALIZABLE	1	0.1577027440071106	UNREALIZABLE	1	0.14363308693282306	B
infinite-race-unequal-22.ltl	infinite-race-unequal-22.tlsf	direct:tlsf/sweap:infinite-race-unequal	infinite-race-unequal	direct	none		{}	0	37178	UNREALIZABLE	5	1.141702046035789	UNREALIZABLE	5	1.0648311610566452	UNREALIZABLE	5	1.0648311610566452	B
infinite-race-unequal-23.ltl	infinite-race-unequal-23.tlsf	direct:tlsf/sweap:infinite-race-unequal	infinite-race-unequal	direct	none		{}	0	56434	UNREALIZABLE	17	13.301699369912967	UNREALIZABLE	17	13.353275850997306	UNREALIZABLE	17	13.301699369912967	B
infinite-race-unequal-24.ltl	infinite-race-unequal-24.tlsf	direct:tlsf/sweap:infinite-race-unequal	infinite-race-unequal	direct	none		{}	0	90385	TIMEOUT		60.124476911034435	TIMEOUT		60.12421916099265	TIMEOUT			
infinite-race-unequal-25.ltl	infinite-race-unequal-25.tlsf	direct:tlsf/sweap:infinite-race-unequal	infinite-race-unequal	direct	none		{}	0	155732	TIMEOUT		60.216056637931615	TIMEOUT		60.1881679079961	TIMEOUT			
infinite-race-unequal-26.ltl	infinite-race-unequal-26.tlsf	direct:tlsf/sweap:infinite-race-unequal	infinite-race-unequal	direct	none		{}	0	190500	TIMEOUT		60.17534405400511	TIMEOUT		60.143959786044434	TIMEOUT			
infinite-race-unequal-1-real.ltl	infinite-race-unequal-1-real.tlsf	direct:tlsf/sweap:infinite-race-unequal-1-real	infinite-race-unequal-1-real	direct	none		{}	0	15507	REALIZABLE	1	0.14487493503838778	REALIZABLE	1	0.1417429590364918	REALIZABLE	1	0.1417429590364918	B
items_processing-real.ltl	items_processing-real.tlsf	direct:tlsf/sweap:items_processing-real	items_processing-real	direct	none		{}	0	89853	TIMEOUT		60.12479423102923	TIMEOUT		60.12557737098541	TIMEOUT			
ordered-visits-choice-real.ltl	ordered-visits-choice-real.tlsf	direct:tlsf/sweap:ordered-visits-choice-real	ordered-visits-choice-real	direct	none		{}	0	3546	UNKNOWN		6.810735987033695	UNKNOWN		7.0437668489757925	UNKNOWN			
ordered-visits-real.ltl	ordered-visits-real.tlsf	direct:tlsf/sweap:ordered-visits-real	ordered-visits-real	direct	none		{}	0	4162	REALIZABLE	1	0.02845669910311699	REALIZABLE	1	0.023288745898753405	REALIZABLE	1	0.023288745898753405	B
package-delivery-real.ltl	package-delivery-real.tlsf	direct:tlsf/sweap:package-delivery-real	package-delivery-real	direct	none		{}	0	374292	TIMEOUT		60.17453104502056	TIMEOUT		60.17462391301524	TIMEOUT			
patrolling0.ltl	patrolling0.tlsf	direct:tlsf/sweap:patrolling	patrolling	direct	none		{}	0	7628	UNREALIZABLE	1	0.03018465405330062	UNREALIZABLE	1	0.029096374986693263	UNREALIZABLE	1	0.029096374986693263	B
patrolling1.ltl	patrolling1.tlsf	direct:tlsf/sweap:patrolling	patrolling	direct	none		{}	0	11437	UNREALIZABLE	1	0.05120121606159955	UNREALIZABLE	1	0.04383282898925245	UNREALIZABLE	1	0.04383282898925245	B
patrolling10.ltl	patrolling10.tlsf	direct:tlsf/sweap:patrolling	patrolling	direct	none		{}	0	47735	UNREALIZABLE	1	0.4002247980097309	UNREALIZABLE	1	0.41419783397577703	UNREALIZABLE	1	0.4002247980097309	B
patrolling11.ltl	patrolling11.tlsf	direct:tlsf/sweap:patrolling	patrolling	direct	none		{}	0	51368	UNREALIZABLE	1	0.5894640759797767	UNREALIZABLE	1	0.5653509690891951	UNREALIZABLE	1	0.5653509690891951	B
patrolling12.ltl	patrolling12.tlsf	direct:tlsf/sweap:patrolling	patrolling	direct	none		{}	0	54935	UNREALIZABLE	1	0.7125714999856427	UNREALIZABLE	1	0.7968563720351085	UNREALIZABLE	1	0.7125714999856427	B
patrolling13.ltl	patrolling13.tlsf	direct:tlsf/sweap:patrolling	patrolling	direct	none		{}	0	58517	UNREALIZABLE	1	0.919378116959706	UNREALIZABLE	1	0.9405803370755166	UNREALIZABLE	1	0.919378116959706	B
patrolling14.ltl	patrolling14.tlsf	direct:tlsf/sweap:patrolling	patrolling	direct	none		{}	0	62048	UNREALIZABLE	5	1.238280005985871	UNREALIZABLE	5	1.3900735500501469	UNREALIZABLE	5	1.238280005985871	B
patrolling15.ltl	patrolling15.tlsf	direct:tlsf/sweap:patrolling	patrolling	direct	none		{}	0	75694	UNREALIZABLE	5	1.6502999140648171	UNREALIZABLE	5	1.9653807369759306	UNREALIZABLE	5	1.6502999140648171	B
patrolling16.ltl	patrolling16.tlsf	direct:tlsf/sweap:patrolling	patrolling	direct	none		{}	0	79873	UNREALIZABLE	5	1.9356546730268747	UNREALIZABLE	5	1.9970451249973848	UNREALIZABLE	5	1.9356546730268747	B
patrolling17.ltl	patrolling17.tlsf	direct:tlsf/sweap:patrolling	patrolling	direct	none		{}	0	84067	UNREALIZABLE	5	2.5288964100182056	UNREALIZABLE	5	2.709915268002078	UNREALIZABLE	5	2.5288964100182056	B
patrolling18.ltl	patrolling18.tlsf	direct:tlsf/sweap:patrolling	patrolling	direct	none		{}	0	88210	UNREALIZABLE	5	3.3266102880006656	UNREALIZABLE	5	3.1837737229652703	UNREALIZABLE	5	3.1837737229652703	B
patrolling19.ltl	patrolling19.tlsf	direct:tlsf/sweap:patrolling	patrolling	direct	none		{}	0	92419	UNREALIZABLE	5	4.072640766971745	UNREALIZABLE	5	3.5344648440368474	UNREALIZABLE	5	3.5344648440368474	B
patrolling2.ltl	patrolling2.tlsf	direct:tlsf/sweap:patrolling	patrolling	direct	none		{}	0	13888	UNREALIZABLE	1	0.04361888894345611	UNREALIZABLE	1	0.03369320498313755	UNREALIZABLE	1	0.03369320498313755	B
patrolling20.ltl	patrolling20.tlsf	direct:tlsf/sweap:patrolling	patrolling	direct	none		{}	0	96562	UNREALIZABLE	5	4.818631074973382	UNREALIZABLE	5	4.498371244990267	UNREALIZABLE	5	4.498371244990267	B
patrolling21.ltl	patrolling21.tlsf	direct:tlsf/sweap:patrolling	patrolling	direct	none		{}	0	100720	UNREALIZABLE	17	5.855147780035622	UNREALIZABLE	17	5.470400650985539	UNREALIZABLE	17	5.470400650985539	B
patrolling22.ltl	patrolling22.tlsf	direct:tlsf/sweap:patrolling	patrolling	direct	none		{}	0	104827	UNREALIZABLE	17	6.430231956997886	UNREALIZABLE	17	6.405911169014871	UNREALIZABLE	17	6.405911169014871	B
patrolling23.ltl	patrolling23.tlsf	direct:tlsf/sweap:patrolling	patrolling	direct	none		{}	0	109051	UNREALIZABLE	17	7.729742272989824	UNREALIZABLE	17	8.286539792083204	UNREALIZABLE	17	7.729742272989824	B
patrolling24.ltl	patrolling24.tlsf	direct:tlsf/sweap:patrolling	patrolling	direct	none		{}	0	113194	UNREALIZABLE	17	9.848188949981704	UNREALIZABLE	17	9.801825823029503	UNREALIZABLE	17	9.801825823029503	B
patrolling25.ltl	patrolling25.tlsf	direct:tlsf/sweap:patrolling	patrolling	direct	none		{}	0	117352	UNREALIZABLE	17	10.87618589703925	UNREALIZABLE	17	11.172069297987036	UNREALIZABLE	17	10.87618589703925	B
patrolling3.ltl	patrolling3.tlsf	direct:tlsf/sweap:patrolling	patrolling	direct	none		{}	0	19440	UNREALIZABLE	1	0.056785364053212106	UNREALIZABLE	1	0.0528477740008384	UNREALIZABLE	1	0.0528477740008384	B
patrolling4.ltl	patrolling4.tlsf	direct:tlsf/sweap:patrolling	patrolling	direct	none		{}	0	22467	UNREALIZABLE	1	0.07392301398795098	UNREALIZABLE	1	0.05393151403404772	UNREALIZABLE	1	0.05393151403404772	B
patrolling5.ltl	patrolling5.tlsf	direct:tlsf/sweap:patrolling	patrolling	direct	none		{}	0	25509	UNREALIZABLE	1	0.08435344300232828	UNREALIZABLE	1	0.08157012099400163	UNREALIZABLE	1	0.08157012099400163	B
patrolling6.ltl	patrolling6.tlsf	direct:tlsf/sweap:patrolling	patrolling	direct	none		{}	0	28500	UNREALIZABLE	1	0.11044675891753286	UNREALIZABLE	1	0.11667991895228624	UNREALIZABLE	1	0.11044675891753286	B
patrolling7.ltl	patrolling7.tlsf	direct:tlsf/sweap:patrolling	patrolling	direct	none		{}	0	36947	UNREALIZABLE	1	0.18602683895733207	UNREALIZABLE	1	0.18199770501814783	UNREALIZABLE	1	0.18199770501814783	B
patrolling8.ltl	patrolling8.tlsf	direct:tlsf/sweap:patrolling	patrolling	direct	none		{}	0	40550	UNREALIZABLE	1	0.2537566979881376	UNREALIZABLE	1	0.24838895408902317	UNREALIZABLE	1	0.24838895408902317	B
patrolling9.ltl	patrolling9.tlsf	direct:tlsf/sweap:patrolling	patrolling	direct	none		{}	0	44168	UNREALIZABLE	1	0.3288643719861284	UNREALIZABLE	1	0.37419264402706176	UNREALIZABLE	1	0.3288643719861284	B
patrolling-alarm0.ltl	patrolling-alarm0.tlsf	direct:tlsf/sweap:patrolling-alarm	patrolling-alarm	direct	none		{}	0	7877	UNREALIZABLE	1	0.03030630201101303	UNREALIZABLE	1	0.030020597972907126	UNREALIZABLE	1	0.030020597972907126	B
patrolling-alarm1.ltl	patrolling-alarm1.tlsf	direct:tlsf/sweap:patrolling-alarm	patrolling-alarm	direct	none		{}	0	11686	UNREALIZABLE	1	0.033858400071039796	UNREALIZABLE	1	0.02811962692067027	UNREALIZABLE	1	0.02811962692067027	B
patrolling-alarm10.ltl	patrolling-alarm10.tlsf	direct:tlsf/sweap:patrolling-alarm	patrolling-alarm	direct	none		{}	0	47984	UNREALIZABLE	1	0.36415445408783853	UNREALIZABLE	1	0.46237225201912224	UNREALIZABLE	1	0.36415445408783853	B
patrolling-alarm11.ltl	patrolling-alarm11.tlsf	direct:tlsf/sweap:patrolling-alarm	patrolling-alarm	direct	none		{}	0	51617	UNREALIZABLE	1	0.5136660219868645	UNREALIZABLE	1	0.6045119069749489	UNREALIZABLE	1	0.5136660219868645	B
patrolling-alarm12.ltl	patrolling-alarm12.tlsf	direct:tlsf/sweap:patrolling-alarm	patrolling-alarm	direct	none		{}	0	55184	UNREALIZABLE	1	0.6952774119563401	UNREALIZABLE	1	0.7921289689838886	UNREALIZABLE	1	0.6952774119563401	B
patrolling-alarm13.ltl	patrolling-alarm13.tlsf	direct:tlsf/sweap:patrolling-alarm	patrolling-alarm	direct	none		{}	0	58766	UNREALIZABLE	1	0.8452177469152957	UNREALIZABLE	1	0.975208178977482	UNREALIZABLE	1	0.8452177469152957	B
patrolling-alarm14.ltl	patrolling-alarm14.tlsf	direct:tlsf/sweap:patrolling-alarm	patrolling-alarm	direct	none		{}	0	62297	UNREALIZABLE	5	1.1830851789563894	UNREALIZABLE	5	1.3547140510054305	UNREALIZABLE	5	1.1830851789563894	B
patrolling-alarm15.ltl	patrolling-alarm15.tlsf	direct:tlsf/sweap:patrolling-alarm	patrolling-alarm	direct	none		{}	0	75943	UNREALIZABLE	5	1.8116043539484963	UNREALIZABLE	5	1.7421432679984719	UNREALIZABLE	5	1.7421432679984719	B
patrolling-alarm16.ltl	patrolling-alarm16.tlsf	direct:tlsf/sweap:patrolling-alarm	patrolling-alarm	direct	none		{}	0	80122	UNREALIZABLE	5	2.0804119349922985	UNREALIZABLE	5	2.147269695997238	UNREALIZABLE	5	2.0804119349922985	B
patrolling-alarm17.ltl	patrolling-alarm17.tlsf	direct:tlsf/sweap:patrolling-alarm	patrolling-alarm	direct	none		{}	0	84316	UNREALIZABLE	5	2.6280979769071564	UNREALIZABLE	5	2.606391818029806	UNREALIZABLE	5	2.606391818029806	B
patrolling-alarm18.ltl	patrolling-alarm18.tlsf	direct:tlsf/sweap:patrolling-alarm	patrolling-alarm	direct	none		{}	0	88459	UNREALIZABLE	5	3.1962082110112533	UNREALIZABLE	5	3.4983010119758546	UNREALIZABLE	5	3.1962082110112533	B
patrolling-alarm19.ltl	patrolling-alarm19.tlsf	direct:tlsf/sweap:patrolling-alarm	patrolling-alarm	direct	none		{}	0	92668	UNREALIZABLE	5	3.9942299450049177	UNREALIZABLE	5	3.6334660690044984	UNREALIZABLE	5	3.6334660690044984	B
patrolling-alarm2.ltl	patrolling-alarm2.tlsf	direct:tlsf/sweap:patrolling-alarm	patrolling-alarm	direct	none		{}	0	14137	UNREALIZABLE	1	0.045182993984781206	UNREALIZABLE	1	0.038608603994362056	UNREALIZABLE	1	0.038608603994362056	B
patrolling-alarm20.ltl	patrolling-alarm20.tlsf	direct:tlsf/sweap:patrolling-alarm	patrolling-alarm	direct	none		{}	0	96811	UNREALIZABLE	5	4.542770828003995	UNREALIZABLE	5	4.472183461999521	UNREALIZABLE	5	4.472183461999521	B
patrolling-alarm21.ltl	patrolling-alarm21.tlsf	direct:tlsf/sweap:patrolling-alarm	patrolling-alarm	direct	none		{}	0	100969	UNREALIZABLE	17	5.821715180994943	UNREALIZABLE	17	5.506289934972301	UNREALIZABLE	17	5.506289934972301	B
patrolling-alarm22.ltl	patrolling-alarm22.tlsf	direct:tlsf/sweap:patrolling-alarm	patrolling-alarm	direct	none		{}	0	105076	UNREALIZABLE	17	6.756492196931504	UNREALIZABLE	17	6.609172943979502	UNREALIZABLE	17	6.609172943979502	B
patrolling-alarm23.ltl	patrolling-alarm23.tlsf	direct:tlsf/sweap:patrolling-alarm	patrolling-alarm	direct	none		{}	0	109300	UNREALIZABLE	17	7.836495683062822	UNREALIZABLE	17	8.124933711020276	UNREALIZABLE	17	7.836495683062822	B
patrolling-alarm24.ltl	patrolling-alarm24.tlsf	direct:tlsf/sweap:patrolling-alarm	patrolling-alarm	direct	none		{}	0	113443	UNREALIZABLE	17	9.545836660079658	UNREALIZABLE	17	9.501411941018887	UNREALIZABLE	17	9.501411941018887	B
patrolling-alarm25.ltl	patrolling-alarm25.tlsf	direct:tlsf/sweap:patrolling-alarm	patrolling-alarm	direct	none		{}	0	117601	UNREALIZABLE	17	10.103008053032681	UNREALIZABLE	17	10.792646763031371	UNREALIZABLE	17	10.103008053032681	B
patrolling-alarm26.ltl	patrolling-alarm26.tlsf	direct:tlsf/sweap:patrolling-alarm	patrolling-alarm	direct	none		{}	0	121708	UNREALIZABLE	17	13.136413055006415	UNREALIZABLE	17	13.30860167404171	UNREALIZABLE	17	13.136413055006415	B
patrolling-alarm3.ltl	patrolling-alarm3.tlsf	direct:tlsf/sweap:patrolling-alarm	patrolling-alarm	direct	none		{}	0	19689	UNREALIZABLE	1	0.04707744996994734	UNREALIZABLE	1	0.04406274005305022	UNREALIZABLE	1	0.04406274005305022	B
patrolling-alarm4.ltl	patrolling-alarm4.tlsf	direct:tlsf/sweap:patrolling-alarm	patrolling-alarm	direct	none		{}	0	22716	UNREALIZABLE	1	0.054540559998713434	UNREALIZABLE	1	0.053086412022821605	UNREALIZABLE	1	0.053086412022821605	B
patrolling-alarm5.ltl	patrolling-alarm5.tlsf	direct:tlsf/sweap:patrolling-alarm	patrolling-alarm	direct	none		{}	0	25758	UNREALIZABLE	1	0.06862600904423743	UNREALIZABLE	1	0.06126461492385715	UNREALIZABLE	1	0.06126461492385715	B
patrolling-alarm6.ltl	patrolling-alarm6.tlsf	direct:tlsf/sweap:patrolling-alarm	patrolling-alarm	direct	none		{}	0	28749	UNREALIZABLE	1	0.09685781202279031	UNREALIZABLE	1	0.08889793499838561	UNREALIZABLE	1	0.08889793499838561	B
patrolling-alarm7.ltl	patrolling-alarm7.tlsf	direct:tlsf/sweap:patrolling-alarm	patrolling-alarm	direct	none		{}	0	37196	UNREALIZABLE	1	0.17548538895789534	UNREALIZABLE	1	0.2045699249720201	UNREALIZABLE	1	0.17548538895789534	B
patrolling-alarm8.ltl	patrolling-alarm8.tlsf	direct:tlsf/sweap:patrolling-alarm	patrolling-alarm	direct	none		{}	0	40799	UNREALIZABLE	1	0.22814098198432475	UNREALIZABLE	1	0.2625444500008598	UNREALIZABLE	1	0.22814098198432475	B
patrolling-alarm9.ltl	patrolling-alarm9.tlsf	direct:tlsf/sweap:patrolling-alarm	patrolling-alarm	direct	none		{}	0	44417	UNREALIZABLE	1	0.33622793096583337	UNREALIZABLE	1	0.3627182929776609	UNREALIZABLE	1	0.33622793096583337	B
precise-reachability0.ltl	precise-reachability0.tlsf	direct:tlsf/sweap:precise-reachability	precise-reachability	direct	none		{}	0	2738	UNREALIZABLE	1	0.025233217049390078	UNREALIZABLE	1	0.031657219980843365	UNREALIZABLE	1	0.025233217049390078	B
precise-reachability-real.ltl	precise-reachability-real.tlsf	direct:tlsf/sweap:precise-reachability-real	precise-reachability-real	direct	none		{}	0	3956	REALIZABLE	1	0.1254103999817744	REALIZABLE	1	0.10567759606055915	REALIZABLE	1	0.10567759606055915	B
reversible-lane-r-real.ltl	reversible-lane-r-real.tlsf	direct:tlsf/sweap:reversible-lane-r-real	reversible-lane-r-real	direct	none		{}	0	9431	TIMEOUT		60.167292432975955	TIMEOUT		60.1419195139315	TIMEOUT			
reversible-lane-u0.ltl	reversible-lane-u0.tlsf	direct:tlsf/sweap:reversible-lane-u	reversible-lane-u	direct	none		{}	0	9341	UNREALIZABLE	5	1.5975806249771267	UNREALIZABLE	5	1.7407850379822776	UNREALIZABLE	5	1.5975806249771267	B
reversible-lane-u1.ltl	reversible-lane-u1.tlsf	direct:tlsf/sweap:reversible-lane-u	reversible-lane-u	direct	none		{}	0	10708	UNREALIZABLE	5	2.8247170749818906	UNREALIZABLE	5	3.1415248150005937	UNREALIZABLE	5	2.8247170749818906	B
reversible-lane-u-unreal.ltl	reversible-lane-u-unreal.tlsf	direct:tlsf/sweap:reversible-lane-u-unreal	reversible-lane-u-unreal	direct	none		{}	0	12075	UNREALIZABLE	5	4.329081782954745	UNREALIZABLE	5	4.6898691629758105	UNREALIZABLE	5	4.329081782954745	B
robot-cat-real-1d-real.ltl	robot-cat-real-1d-real.tlsf	direct:tlsf/sweap:robot-cat-real-1d-real	robot-cat-real-1d-real	direct	none		{}	0	28053	REALIZABLE	5	3.866957163088955	REALIZABLE	5	3.5900271110003814	REALIZABLE	5	3.5900271110003814	B
robot-cat-real-2d-real.ltl	robot-cat-real-2d-real.tlsf	direct:tlsf/sweap:robot-cat-real-2d-real	robot-cat-real-2d-real	direct	none		{}	0	95423	TIMEOUT		60.08970368106384	TIMEOUT		60.12522683094721	TIMEOUT			
robot-cat-unreal-1d-unreal.ltl	robot-cat-unreal-1d-unreal.tlsf	direct:tlsf/sweap:robot-cat-unreal-1d-unreal	robot-cat-unreal-1d-unreal	direct	none		{}	0	27365	UNREALIZABLE	5	1.4938527549384162	UNREALIZABLE	1	0.2566591900540516	UNREALIZABLE	1	0.2566591900540516	S
robot-cat-unreal-2d-unreal.ltl	robot-cat-unreal-2d-unreal.tlsf	direct:tlsf/sweap:robot-cat-unreal-2d-unreal	robot-cat-unreal-2d-unreal	direct	none		{}	0	94126	TIMEOUT		60.12528658506926	TIMEOUT		60.125863044988364	TIMEOUT			
robot-grid-commute-1d-real.ltl	robot-grid-commute-1d-real.tlsf	direct:tlsf/sweap:robot-grid-commute-1d-real	robot-grid-commute-1d-real	direct	none		{}	0	14284	REALIZABLE	5	2.045999209047295	REALIZABLE	5	1.882321287994273	REALIZABLE	5	1.882321287994273	B
robot-grid-commute-2d-real.ltl	robot-grid-commute-2d-real.tlsf	direct:tlsf/sweap:robot-grid-commute-2d-real	robot-grid-commute-2d-real	direct	none		{}	0	33535	TIMEOUT		60.17532737297006	TIMEOUT		60.17520224803593	TIMEOUT			
robot-grid-reach-1d-real.ltl	robot-grid-reach-1d-real.tlsf	direct:tlsf/sweap:robot-grid-reach-1d-real	robot-grid-reach-1d-real	direct	none		{}	0	3586	REALIZABLE	1	0.022889139014296234	REALIZABLE	1	0.02842144703026861	REALIZABLE	1	0.022889139014296234	B
robot-grid-reach-2d-real.ltl	robot-grid-reach-2d-real.tlsf	direct:tlsf/sweap:robot-grid-reach-2d-real	robot-grid-reach-2d-real	direct	none		{}	0	8611	REALIZABLE	5	2.887859873007983	REALIZABLE	5	2.6685306429862976	REALIZABLE	5	2.6685306429862976	B
robot-grid-reach-repeated-with-obstacles-1d-real.ltl	robot-grid-reach-repeated-with-obstacles-1d-real.tlsf	direct:tlsf/sweap:robot-grid-reach-repeated-with-obstacles-1d-real	robot-grid-reach-repeated-with-obstacles-1d-real	direct	none		{}	0	3534	REALIZABLE	1	0.04437717096880078	REALIZABLE	1	0.03446279698982835	REALIZABLE	1	0.03446279698982835	B
robot-grid-reach-repeated-with-obstacles-2d-real.ltl	robot-grid-reach-repeated-with-obstacles-2d-real.tlsf	direct:tlsf/sweap:robot-grid-reach-repeated-with-obstacles-2d-real	robot-grid-reach-repeated-with-obstacles-2d-real	direct	none		{}	0	8402	REALIZABLE	60	25.787938777939416	REALIZABLE	60	25.592293348978274	REALIZABLE	60	25.592293348978274	B
robot-grid-reach-repeated-with-obstacles-6d-real.ltl	robot-grid-reach-repeated-with-obstacles-6d-real.tlsf	direct:tlsf/sweap:robot-grid-reach-repeated-with-obstacles-6d-real	robot-grid-reach-repeated-with-obstacles-6d-real	direct	none		{}	0	55906	TIMEOUT		60.12558483995963	TIMEOUT		60.140290801995434	TIMEOUT			
robot-resource-1d0.ltl	robot-resource-1d0.tlsf	direct:tlsf/sweap:robot-resource-1d	robot-resource-1d	direct	none		{}	0	4576	UNREALIZABLE	1	0.09923340391833335	UNREALIZABLE	1	0.060907514998689294	UNREALIZABLE	1	0.060907514998689294	B
robot-resource-1d1.ltl	robot-resource-1d1.tlsf	direct:tlsf/sweap:robot-resource-1d	robot-resource-1d	direct	none		{}	0	5780	UNREALIZABLE	1	0.7225927399704233	UNREALIZABLE	1	0.75801000604406	UNREALIZABLE	1	0.7225927399704233	B
robot-resource-1d-unreal.ltl	robot-resource-1d-unreal.tlsf	direct:tlsf/sweap:robot-resource-1d-unreal	robot-resource-1d-unreal	direct	none		{}	0	7093	UNREALIZABLE	17	8.421734128030948	UNREALIZABLE	17	9.131935080047697	UNREALIZABLE	17	8.421734128030948	B
robot-resource-2d0.ltl	robot-resource-2d0.tlsf	direct:tlsf/sweap:robot-resource-2d	robot-resource-2d	direct	none		{}	0	7789	UNREALIZABLE	5	3.4050006159814075	UNREALIZABLE	5	3.5861808760091662	UNREALIZABLE	5	3.4050006159814075	B
robot-resource-2d1.ltl	robot-resource-2d1.tlsf	direct:tlsf/sweap:robot-resource-2d	robot-resource-2d	direct	none		{}	0	8867	UNREALIZABLE	17	15.78615928592626	UNREALIZABLE	17	16.741913878009655	UNREALIZABLE	17	15.78615928592626	B
robot-resource-2d10.ltl	robot-resource-2d10.tlsf	direct:tlsf/sweap:robot-resource-2d	robot-resource-2d	direct	none		{}	0	16656	TIMEOUT		60.225107948994264	TIMEOUT		60.22417638893239	TIMEOUT			
robot-resource-2d11.ltl	robot-resource-2d11.tlsf	direct:tlsf/sweap:robot-resource-2d	robot-resource-2d	direct	none		{}	0	17130	TIMEOUT		60.22575122700073	TIMEOUT		60.19139162800275	TIMEOUT			
robot-resource-2d12.ltl	robot-resource-2d12.tlsf	direct:tlsf/sweap:robot-resource-2d	robot-resource-2d	direct	none		{}	0	17620	TIMEOUT		60.225234515964985	TIMEOUT		60.22461154602934	TIMEOUT			
robot-resource-2d13.ltl	robot-resource-2d13.tlsf	direct:tlsf/sweap:robot-resource-2d	robot-resource-2d	direct	none		{}	0	18086	TIMEOUT		60.196262205950916	TIMEOUT		60.225036403979175	TIMEOUT			
robot-resource-2d14.ltl	robot-resource-2d14.tlsf	direct:tlsf/sweap:robot-resource-2d	robot-resource-2d	direct	none		{}	0	18558	TIMEOUT		60.224591657985	TIMEOUT		60.22526249010116	TIMEOUT			
robot-resource-2d15.ltl	robot-resource-2d15.tlsf	direct:tlsf/sweap:robot-resource-2d	robot-resource-2d	direct	none		{}	0	19014	TIMEOUT		60.225315290968865	TIMEOUT		60.22510433301795	TIMEOUT			
robot-resource-2d16.ltl	robot-resource-2d16.tlsf	direct:tlsf/sweap:robot-resource-2d	robot-resource-2d	direct	none		{}	0	22426	MEMOUT		47.37675741792191	MEMOUT		47.38345119601581	MEMOUT			
robot-resource-2d17.ltl	robot-resource-2d17.tlsf	direct:tlsf/sweap:robot-resource-2d	robot-resource-2d	direct	none		{}	0	23043	MEMOUT		48.4316498900298	MEMOUT		51.788838026928715	MEMOUT			
robot-resource-2d18.ltl	robot-resource-2d18.tlsf	direct:tlsf/sweap:robot-resource-2d	robot-resource-2d	direct	none		{}	0	23666	MEMOUT		59.76823696901556	MEMOUT		58.7455571279861	MEMOUT			
robot-resource-2d19.ltl	robot-resource-2d19.tlsf	direct:tlsf/sweap:robot-resource-2d	robot-resource-2d	direct	none		{}	0	24273	TIMEOUT		60.32510207500309	MEMOUT		59.06183253705967	MEMOUT			
robot-resource-2d2.ltl	robot-resource-2d2.tlsf	direct:tlsf/sweap:robot-resource-2d	robot-resource-2d	direct	none		{}	0	9890	TIMEOUT		60.09287688799668	TIMEOUT		60.124485451029614	TIMEOUT			
robot-resource-2d20.ltl	robot-resource-2d20.tlsf	direct:tlsf/sweap:robot-resource-2d	robot-resource-2d	direct	none		{}	0	24890	TIMEOUT		60.31923589692451	TIMEOUT		60.31360901007429	TIMEOUT			
robot-resource-2d21.ltl	robot-resource-2d21.tlsf	direct:tlsf/sweap:robot-resource-2d	robot-resource-2d	direct	none		{}	0	25481	TIMEOUT		60.32539110595826	TIMEOUT		60.3256170329405	TIMEOUT			
robot-resource-2d22.ltl	robot-resource-2d22.tlsf	direct:tlsf/sweap:robot-resource-2d	robot-resource-2d	direct	none		{}	0	26078	TIMEOUT		60.32525128289126	TIMEOUT		60.31849370198324	TIMEOUT			
robot-resource-2d23.ltl	robot-resource-2d23.tlsf	direct:tlsf/sweap:robot-resource-2d	robot-resource-2d	direct	none		{}	0	26659	TIMEOUT		60.32023996207863	TIMEOUT		60.325580536038615	TIMEOUT			
robot-resource-2d3.ltl	robot-resource-2d3.tlsf	direct:tlsf/sweap:robot-resource-2d	robot-resource-2d	direct	none		{}	0	10126	TIMEOUT		60.12543958891183	TIMEOUT		60.125065004918724	TIMEOUT			
robot-resource-2d4.ltl	robot-resource-2d4.tlsf	direct:tlsf/sweap:robot-resource-2d	robot-resource-2d	direct	none		{}	0	11812	TIMEOUT		60.17541558598168	TIMEOUT		60.12948127405252	TIMEOUT			
robot-resource-2d5.ltl	robot-resource-2d5.tlsf	direct:tlsf/sweap:robot-resource-2d	robot-resource-2d	direct	none		{}	0	12173	TIMEOUT		60.175358412088826	TIMEOUT		60.162533160997555	TIMEOUT			
robot-resource-2d6.ltl	robot-resource-2d6.tlsf	direct:tlsf/sweap:robot-resource-2d	robot-resource-2d	direct	none		{}	0	12810	TIMEOUT		60.175519034964964	TIMEOUT		60.16826550697442	TIMEOUT			
robot-resource-2d7.ltl	robot-resource-2d7.tlsf	direct:tlsf/sweap:robot-resource-2d	robot-resource-2d	direct	none		{}	0	13423	TIMEOUT		60.175618064939044	TIMEOUT		60.16820056096185	TIMEOUT			
robot-resource-2d8.ltl	robot-resource-2d8.tlsf	direct:tlsf/sweap:robot-resource-2d	robot-resource-2d	direct	none		{}	0	16058	TIMEOUT		60.225467120995745	TIMEOUT		60.22508625499904	TIMEOUT			
robot-resource-2d9.ltl	robot-resource-2d9.tlsf	direct:tlsf/sweap:robot-resource-2d	robot-resource-2d	direct	none		{}	0	16166	TIMEOUT		60.22573373001069	TIMEOUT		60.22500466904603	TIMEOUT			
robot-tasks-real.ltl	robot-tasks-real.tlsf	direct:tlsf/sweap:robot-tasks-real	robot-tasks-real	direct	none		{}	0	5549	REALIZABLE	1	0.04852209601085633	REALIZABLE	1	0.050560613977722824	REALIZABLE	1	0.04852209601085633	B
robot-to-target0.ltl	robot-to-target0.tlsf	direct:tlsf/sweap:robot-to-target	robot-to-target	direct	none		{}	0	1635808	TIMEOUT		60.17601432104129	TIMEOUT		60.1755495009711	TIMEOUT			
robot-to-target-charging0.ltl	robot-to-target-charging0.tlsf	direct:tlsf/sweap:robot-to-target-charging	robot-to-target-charging	direct	none		{}	0	24244	TIMEOUT		60.175347696989775	TIMEOUT		60.175023891963065	TIMEOUT			
robot-to-target-charging1.ltl	robot-to-target-charging1.tlsf	direct:tlsf/sweap:robot-to-target-charging	robot-to-target-charging	direct	none		{}	0	27890	TIMEOUT		60.225413991021924	TIMEOUT		60.22517734498251	TIMEOUT			
robot-to-target-charging10.ltl	robot-to-target-charging10.tlsf	direct:tlsf/sweap:robot-to-target-charging	robot-to-target-charging	direct	none		{}	0	53167	TIMEOUT		60.175470537971705	TIMEOUT		60.17077460605651	TIMEOUT			
robot-to-target-charging11.ltl	robot-to-target-charging11.tlsf	direct:tlsf/sweap:robot-to-target-charging	robot-to-target-charging	direct	none		{}	0	55416	TIMEOUT		60.175226744031534	TIMEOUT		60.17498487397097	TIMEOUT			
robot-to-target-charging12.ltl	robot-to-target-charging12.tlsf	direct:tlsf/sweap:robot-to-target-charging	robot-to-target-charging	direct	none		{}	0	57663	TIMEOUT		60.13813047495205	TIMEOUT		60.17488903505728	TIMEOUT			
robot-to-target-charging13.ltl	robot-to-target-charging13.tlsf	direct:tlsf/sweap:robot-to-target-charging	robot-to-target-charging	direct	none		{}	0	59900	TIMEOUT		60.17515923792962	TIMEOUT		60.175261678989045	TIMEOUT			
robot-to-target-charging14.ltl	robot-to-target-charging14.tlsf	direct:tlsf/sweap:robot-to-target-charging	robot-to-target-charging	direct	none		{}	0	62128	TIMEOUT		60.175058658001944	TIMEOUT		60.161734387045726	TIMEOUT			
robot-to-target-charging15.ltl	robot-to-target-charging15.tlsf	direct:tlsf/sweap:robot-to-target-charging	robot-to-target-charging	direct	none		{}	0	73253	TIMEOUT		60.091923717060126	TIMEOUT		60.09307617903687	TIMEOUT			
robot-to-target-charging16.ltl	robot-to-target-charging16.tlsf	direct:tlsf/sweap:robot-to-target-charging	robot-to-target-charging	direct	none		{}	0	75978	TIMEOUT		60.09248477499932	TIMEOUT		60.092561271972954	TIMEOUT			
robot-to-target-charging17.ltl	robot-to-target-charging17.tlsf	direct:tlsf/sweap:robot-to-target-charging	robot-to-target-charging	direct	none		{}	0	78687	TIMEOUT		60.09861997293774	TIMEOUT		60.0916614519665	TIMEOUT			
robot-to-target-charging18.ltl	robot-to-target-charging18.tlsf	direct:tlsf/sweap:robot-to-target-charging	robot-to-target-charging	direct	none		{}	0	81387	TIMEOUT		60.124359866953455	TIMEOUT		60.092600392061286	TIMEOUT			
robot-to-target-charging19.ltl	robot-to-target-charging19.tlsf	direct:tlsf/sweap:robot-to-target-charging	robot-to-target-charging	direct	none		{}	0	84092	TIMEOUT		60.09292639896739	TIMEOUT		60.112560765002854	TIMEOUT			
robot-to-target-charging2.ltl	robot-to-target-charging2.tlsf	direct:tlsf/sweap:robot-to-target-charging	robot-to-target-charging	direct	none		{}	0	29238	TIMEOUT		60.21021300496068	TIMEOUT		60.225179763976485	TIMEOUT			
robot-to-target-charging20.ltl	robot-to-target-charging20.tlsf	direct:tlsf/sweap:robot-to-target-charging	robot-to-target-charging	direct	none		{}	0	86795	TIMEOUT		60.12551041704137	TIMEOUT		60.09288269595709	TIMEOUT			
robot-to-target-charging21.ltl	robot-to-target-charging21.tlsf	direct:tlsf/sweap:robot-to-target-charging	robot-to-target-charging	direct	none		{}	0	89488	TIMEOUT		60.09550150996074	TIMEOUT		60.061711687012576	TIMEOUT			
robot-to-target-charging22.ltl	robot-to-target-charging22.tlsf	direct:tlsf/sweap:robot-to-target-charging	robot-to-target-charging	direct	none		{}	0	92172	TIMEOUT		60.12535777303856	TIMEOUT		60.125236356048845	TIMEOUT			
robot-to-target-charging23.ltl	robot-to-target-charging23.tlsf	direct:tlsf/sweap:robot-to-target-charging	robot-to-target-charging	direct	none		{}	0	94873	TIMEOUT		60.09180675202515	TIMEOUT		60.10642316297162	TIMEOUT			
robot-to-target-charging24.ltl	robot-to-target-charging24.tlsf	direct:tlsf/sweap:robot-to-target-charging	robot-to-target-charging	direct	none		{}	0	97579	TIMEOUT		60.09162664797623	TIMEOUT		60.04978432902135	TIMEOUT			
robot-to-target-charging25.ltl	robot-to-target-charging25.tlsf	direct:tlsf/sweap:robot-to-target-charging	robot-to-target-charging	direct	none		{}	0	99532	TIMEOUT		60.091719578020275	TIMEOUT		60.12221211497672	TIMEOUT			
robot-to-target-charging3.ltl	robot-to-target-charging3.tlsf	direct:tlsf/sweap:robot-to-target-charging	robot-to-target-charging	direct	none		{}	0	33987	MEMOUT		31.623413718072698	MEMOUT		31.342300229007378	MEMOUT			
robot-to-target-charging4.ltl	robot-to-target-charging4.tlsf	direct:tlsf/sweap:robot-to-target-charging	robot-to-target-charging	direct	none		{}	0	35794	MEMOUT		33.54536144807935	MEMOUT		32.80285408603959	MEMOUT			
robot-to-target-charging5.ltl	robot-to-target-charging5.tlsf	direct:tlsf/sweap:robot-to-target-charging	robot-to-target-charging	direct	none		{}	0	37591	MEMOUT		35.799504263093695	MEMOUT		37.2566701619653	MEMOUT			
robot-to-target-charging6.ltl	robot-to-target-charging6.tlsf	direct:tlsf/sweap:robot-to-target-charging	robot-to-target-charging	direct	none		{}	0	39379	MEMOUT		38.82949291099794	MEMOUT		37.55245349602774	MEMOUT			
robot-to-target-charging7.ltl	robot-to-target-charging7.tlsf	direct:tlsf/sweap:robot-to-target-charging	robot-to-target-charging	direct	none		{}	0	46404	TIMEOUT		60.174083665944636	TIMEOUT		60.17488746694289	TIMEOUT			
robot-to-target-charging8.ltl	robot-to-target-charging8.tlsf	direct:tlsf/sweap:robot-to-target-charging	robot-to-target-charging	direct	none		{}	0	48670	TIMEOUT		60.17534012300894	TIMEOUT		60.115768481977284	TIMEOUT			
robot-to-target-charging9.ltl	robot-to-target-charging9.tlsf	direct:tlsf/sweap:robot-to-target-charging	robot-to-target-charging	direct	none		{}	0	50923	TIMEOUT		60.17499529896304	TIMEOUT		60.175315822009	TIMEOUT			
robot-to-target-charging-real.ltl	robot-to-target-charging-real.tlsf	direct:tlsf/sweap:robot-to-target-charging-real	robot-to-target-charging-real	direct	none		{}	0	107913	TIMEOUT		60.12441081099678	TIMEOUT		60.124529517954215	TIMEOUT			
robot-to-target-charging-unreal0.ltl	robot-to-target-charging-unreal0.tlsf	direct:tlsf/sweap:robot-to-target-charging-unreal	robot-to-target-charging-unreal	direct	none		{}	0	143699	TIMEOUT		60.174668001011014	TIMEOUT		60.111886053928174	TIMEOUT			
robot-to-target-charging-unreal1.ltl	robot-to-target-charging-unreal1.tlsf	direct:tlsf/sweap:robot-to-target-charging-unreal	robot-to-target-charging-unreal	direct	none		{}	0	214526	TIMEOUT		60.124824863974936	TIMEOUT		60.125069293077104	TIMEOUT			
robot-to-target-charging-unreal2.ltl	robot-to-target-charging-unreal2.tlsf	direct:tlsf/sweap:robot-to-target-charging-unreal	robot-to-target-charging-unreal	direct	none		{}	0	271303	TIMEOUT		60.123832318000495	TIMEOUT		60.12473902804777	TIMEOUT			
robot-to-target-charging-unreal3.ltl	robot-to-target-charging-unreal3.tlsf	direct:tlsf/sweap:robot-to-target-charging-unreal	robot-to-target-charging-unreal	direct	none		{}	0	300677	TIMEOUT		60.17505561991129	TIMEOUT		60.12494551099371	TIMEOUT			
robot-to-target-charging-unreal4.ltl	robot-to-target-charging-unreal4.tlsf	direct:tlsf/sweap:robot-to-target-charging-unreal	robot-to-target-charging-unreal	direct	none		{}	0	420821	TIMEOUT		60.12015157705173	TIMEOUT		60.1757190329954	TIMEOUT			
robot-to-target-charging-unreal5.ltl	robot-to-target-charging-unreal5.tlsf	direct:tlsf/sweap:robot-to-target-charging-unreal	robot-to-target-charging-unreal	direct	none		{}	0	499796	TIMEOUT		60.17554758803453	TIMEOUT		60.176541080116294	TIMEOUT			
robot-to-target-charging-unreal6.ltl	robot-to-target-charging-unreal6.tlsf	direct:tlsf/sweap:robot-to-target-charging-unreal	robot-to-target-charging-unreal	direct	none		{}	0	578262	TIMEOUT		60.17528844194021	TIMEOUT		60.176098669995554	TIMEOUT			
robot-to-target-charging-unreal7.ltl	robot-to-target-charging-unreal7.tlsf	direct:tlsf/sweap:robot-to-target-charging-unreal	robot-to-target-charging-unreal	direct	none		{}	0	656611	TIMEOUT		60.17458963103127	TIMEOUT		60.17569594900124	TIMEOUT			
robot-to-target-charging-unreal8.ltl	robot-to-target-charging-unreal8.tlsf	direct:tlsf/sweap:robot-to-target-charging-unreal	robot-to-target-charging-unreal	direct	none		{}	0	825486	TIMEOUT		60.176530820084736	TIMEOUT		60.176399252028205	TIMEOUT			
robot-to-target-unreal0.ltl	robot-to-target-unreal0.tlsf	direct:tlsf/sweap:robot-to-target-unreal	robot-to-target-unreal	direct	none		{}	0	1542326	REALIZABLE	17	7.734992270008661	REALIZABLE	17	7.151311050984077	REALIZABLE	17	7.151311050984077	B
robot_analyze_samples_v1-real.ltl	robot_analyze_samples_v1-real.tlsf	direct:tlsf/sweap:robot_analyze_samples_v1-real	robot_analyze_samples_v1-real	direct	none		{}	0	37942	TIMEOUT		60.267579352948815	TIMEOUT		60.37606559798587	TIMEOUT			
robot_collect_samples_v1-real.ltl	robot_collect_samples_v1-real.tlsf	direct:tlsf/sweap:robot_collect_samples_v1-real	robot_collect_samples_v1-real	direct	none		{}	0	26125	TIMEOUT		60.274665017961524	TIMEOUT		60.27556009602267	TIMEOUT			
robot_collect_samples_v2-real.ltl	robot_collect_samples_v2-real.tlsf	direct:tlsf/sweap:robot_collect_samples_v2-real	robot_collect_samples_v2-real	direct	none		{}	0	18079	REALIZABLE	60	53.33651870198082	REALIZABLE	60	56.52612046699505	REALIZABLE	60	53.33651870198082	B
robot_collect_samples_v3-real.ltl	robot_collect_samples_v3-real.tlsf	direct:tlsf/sweap:robot_collect_samples_v3-real	robot_collect_samples_v3-real	direct	none		{}	0	51513	TIMEOUT		60.17638209008146	TIMEOUT		60.1760516819777	TIMEOUT			
robot_collect_samples_v4-real.ltl	robot_collect_samples_v4-real.tlsf	direct:tlsf/sweap:robot_collect_samples_v4-real	robot_collect_samples_v4-real	direct	none		{}	0	47844	TIMEOUT		60.17603406496346	TIMEOUT		60.17641583492514	TIMEOUT			
robot_deliver_products_20.ltl	robot_deliver_products_20.tlsf	direct:tlsf/sweap:robot_deliver_products	robot_deliver_products	direct	none		{}	0	185437	TIMEOUT		60.153811853029765	TIMEOUT		60.175454123993404	TIMEOUT			
robot_deliver_products_30.ltl	robot_deliver_products_30.tlsf	direct:tlsf/sweap:robot_deliver_products	robot_deliver_products	direct	none		{}	0	228875	TIMEOUT		60.126158807077445	TIMEOUT		60.12554906704463	TIMEOUT			
robot_deliver_products_40.ltl	robot_deliver_products_40.tlsf	direct:tlsf/sweap:robot_deliver_products	robot_deliver_products	direct	none		{}	0	315274	TIMEOUT		60.12561636092141	TIMEOUT		60.12545643688645	TIMEOUT			
robot_deliver_products_50.ltl	robot_deliver_products_50.tlsf	direct:tlsf/sweap:robot_deliver_products	robot_deliver_products	direct	none		{}	0	368199	TIMEOUT		60.12498405203223	TIMEOUT		60.08738928195089	TIMEOUT			
robot_deliver_products_1-real.ltl	robot_deliver_products_1-real.tlsf	direct:tlsf/sweap:robot_deliver_products_1-real	robot_deliver_products_1-real	direct	none		{}	0	65678	TIMEOUT		60.176215447019786	TIMEOUT		60.17561672907323	TIMEOUT			
robot_repair0.ltl	robot_repair0.tlsf	direct:tlsf/sweap:robot_repair	robot_repair	direct	none		{}	0	50637	TIMEOUT		60.12476250808686	TIMEOUT		60.13041660399176	TIMEOUT			
robot_repair1.ltl	robot_repair1.tlsf	direct:tlsf/sweap:robot_repair	robot_repair	direct	none		{}	0	58920	TIMEOUT		60.12374028400518	TIMEOUT		60.14735450502485	TIMEOUT			
robot_repair2.ltl	robot_repair2.tlsf	direct:tlsf/sweap:robot_repair	robot_repair	direct	none		{}	0	59507	TIMEOUT		60.146111779031344	TIMEOUT		60.1762279800605	TIMEOUT			
robot_repair3.ltl	robot_repair3.tlsf	direct:tlsf/sweap:robot_repair	robot_repair	direct	none		{}	0	61209	TIMEOUT		60.1735320079606	TIMEOUT		60.1528460389236	TIMEOUT			
robot_repair4.ltl	robot_repair4.tlsf	direct:tlsf/sweap:robot_repair	robot_repair	direct	none		{}	0	63640	TIMEOUT		60.17600608302746	TIMEOUT		60.1762465510983	TIMEOUT			
robot_repair5.ltl	robot_repair5.tlsf	direct:tlsf/sweap:robot_repair	robot_repair	direct	none		{}	0	176396	TIMEOUT		60.17647442803718	TIMEOUT		60.177034146967344	TIMEOUT			
robot_running-real.ltl	robot_running-real.tlsf	direct:tlsf/sweap:robot_running-real	robot_running-real	direct	none		{}	0	34305	TIMEOUT		60.17534633295145	TIMEOUT		60.16974969103467	TIMEOUT			
scheduler-real.ltl	scheduler-real.tlsf	direct:tlsf/sweap:scheduler-real	scheduler-real	direct	none		{}	0	57825	TIMEOUT		60.124931465950795	TIMEOUT		60.12538158497773	TIMEOUT			
solitary0.ltl	solitary0.tlsf	direct:tlsf/sweap:solitary	solitary	direct	none		{}	0	3469	UNREALIZABLE	1	0.017747382982634008	UNREALIZABLE	1	0.040678152930922806	UNREALIZABLE	1	0.017747382982634008	B
solitary-real.ltl	solitary-real.tlsf	direct:tlsf/sweap:solitary-real	solitary-real	direct	none		{}	0	5220	REALIZABLE	1	0.022027604980394244	REALIZABLE	1	0.03480368398595601	REALIZABLE	1	0.022027604980394244	B
sort40.ltl	sort40.tlsf	direct:tlsf/sweap:sort	sort	direct	none		{}	0	48995	UNREALIZABLE	5	1.212026778026484	UNREALIZABLE	5	1.2475133399711922	UNREALIZABLE	5	1.212026778026484	B
sort41.ltl	sort41.tlsf	direct:tlsf/sweap:sort	sort	direct	none		{}	0	72988	UNREALIZABLE	17	6.470350685995072	UNREALIZABLE	17	7.50014713103883	UNREALIZABLE	17	6.470350685995072	B
sort42.ltl	sort42.tlsf	direct:tlsf/sweap:sort	sort	direct	none		{}	0	121905	TIMEOUT		60.17448814003728	TIMEOUT		60.17361319903284	TIMEOUT			
sort50.ltl	sort50.tlsf	direct:tlsf/sweap:sort	sort	direct	none		{}	0	128225	TIMEOUT		60.174776470055804	TIMEOUT		60.17447854601778	TIMEOUT			
sort51.ltl	sort51.tlsf	direct:tlsf/sweap:sort	sort	direct	none		{}	0	220189	TIMEOUT		60.32518763199914	TIMEOUT		60.301354860072024	TIMEOUT			
sort52.ltl	sort52.tlsf	direct:tlsf/sweap:sort	sort	direct	none		{}	0	362841	TIMEOUT		60.17494058399461	TIMEOUT		60.17582044098526	TIMEOUT			
sort53.ltl	sort53.tlsf	direct:tlsf/sweap:sort	sort	direct	none		{}	0	583097	TIMEOUT		60.17639140598476	TIMEOUT		60.175973722944036	TIMEOUT			
sort4-real.ltl	sort4-real.tlsf	direct:tlsf/sweap:sort4-real	sort4-real	direct	none		{}	0	180367	TIMEOUT		60.32457651896402	TIMEOUT		60.32473207404837	TIMEOUT			
square5x50.ltl	square5x50.tlsf	direct:tlsf/sweap:square5x	square5x	direct	none		{}	0	15813	UNREALIZABLE	60	43.49143280996941	UNREALIZABLE	60	47.00897404307034	UNREALIZABLE	60	43.49143280996941	B
square5x51.ltl	square5x51.tlsf	direct:tlsf/sweap:square5x	square5x	direct	none		{}	0	20782	TIMEOUT		60.2241376870079	TIMEOUT		60.22481335501652	TIMEOUT			
square5x52.ltl	square5x52.tlsf	direct:tlsf/sweap:square5x	square5x	direct	none		{}	0	21635	TIMEOUT		60.27468140795827	TIMEOUT		60.248614383046515	TIMEOUT			
square5x53.ltl	square5x53.tlsf	direct:tlsf/sweap:square5x	square5x	direct	none		{}	0	25730	TIMEOUT		60.17433951795101	TIMEOUT		60.15352185803931	TIMEOUT			
square5x54.ltl	square5x54.tlsf	direct:tlsf/sweap:square5x	square5x	direct	none		{}	0	27033	TIMEOUT		60.2248622670304	TIMEOUT		60.22476071002893	TIMEOUT			
square5x5-real.ltl	square5x5-real.tlsf	direct:tlsf/sweap:square5x5-real	square5x5-real	direct	none		{}	0	28822	TIMEOUT		60.22527892503422	TIMEOUT		60.22513986006379	TIMEOUT			
storage-GF-64-real.ltl	storage-GF-64-real.tlsf	direct:tlsf/sweap:storage-GF-64-real	storage-GF-64-real	direct	none		{}	0	5750	REALIZABLE	1	0.03122473694384098	REALIZABLE	1	0.025509088998660445	REALIZABLE	1	0.025509088998660445	B
tasks-real.ltl	tasks-real.tlsf	direct:tlsf/sweap:tasks-real	tasks-real	direct	none		{}	0	7788	REALIZABLE	1	0.06169494695495814	REALIZABLE	1	0.06089630606584251	REALIZABLE	1	0.06089630606584251	B
tasks-unreal0.ltl	tasks-unreal0.tlsf	direct:tlsf/sweap:tasks-unreal	tasks-unreal	direct	none		{}	0	44220	TIMEOUT		60.145865865051746	MEMOUT		58.029261693009175	MEMOUT			
tasks-unreal1.ltl	tasks-unreal1.tlsf	direct:tlsf/sweap:tasks-unreal	tasks-unreal	direct	none		{}	0	55405	TIMEOUT		60.17588348395657	TIMEOUT		60.1751636210829	TIMEOUT			
tasks-unreal2.ltl	tasks-unreal2.tlsf	direct:tlsf/sweap:tasks-unreal	tasks-unreal	direct	none		{}	0	61907	TIMEOUT		60.11511791497469	TIMEOUT		60.14032501692418	TIMEOUT			
taxi-service-real.ltl	taxi-service-real.tlsf	direct:tlsf/sweap:taxi-service-real	taxi-service-real	direct	none		{}	0	20117	REALIZABLE	60	40.93424153001979	REALIZABLE	60	42.766880439943634	REALIZABLE	60	40.93424153001979	B
taxi-service-u-unreal.ltl	taxi-service-u-unreal.tlsf	direct:tlsf/sweap:taxi-service-u-unreal	taxi-service-u-unreal	direct	none		{}	0	20122	UNREALIZABLE	5	1.3531101749977097	UNREALIZABLE	5	1.4058684330666438	UNREALIZABLE	5	1.3531101749977097	B
thermostat-F-real.ltl	thermostat-F-real.tlsf	direct:tlsf/sweap:thermostat-F-real	thermostat-F-real	direct	none		{}	0	14188	TIMEOUT		60.076053599012084	TIMEOUT		60.07120405999012	TIMEOUT			
thermostat-GF-real.ltl	thermostat-GF-real.tlsf	direct:tlsf/sweap:thermostat-GF-real	thermostat-GF-real	direct	none		{}	0	22662	TIMEOUT		60.224494725931436	TIMEOUT		60.22504509892315	TIMEOUT			
thermostat-GF-unreal0.ltl	thermostat-GF-unreal0.tlsf	direct:tlsf/sweap:thermostat-GF-unreal	thermostat-GF-unreal	direct	none		{}	0	22646	TIMEOUT		60.225148585042916	TIMEOUT		60.216682213009335	TIMEOUT			
thermostat-GF-unreal1.ltl	thermostat-GF-unreal1.tlsf	direct:tlsf/sweap:thermostat-GF-unreal	thermostat-GF-unreal	direct	none		{}	0	63356	TIMEOUT		60.32495169294998	TIMEOUT		60.324801501003094	TIMEOUT			
thermostat-GF-unreal2.ltl	thermostat-GF-unreal2.tlsf	direct:tlsf/sweap:thermostat-GF-unreal	thermostat-GF-unreal	direct	none		{}	0	114757	MEMOUT		43.65530358697288	MEMOUT		44.44674435595516	MEMOUT			
unordered-visits-charging0.ltl	unordered-visits-charging0.tlsf	direct:tlsf/sweap:unordered-visits-charging	unordered-visits-charging	direct	none		{}	0	66909	TIMEOUT		60.37532666395418	TIMEOUT		60.37510745995678	TIMEOUT			
unordered-visits-real.ltl	unordered-visits-real.tlsf	direct:tlsf/sweap:unordered-visits-real	unordered-visits-real	direct	none		{}	0	20766	TIMEOUT		60.09308301808778	TIMEOUT		60.092619256000035	TIMEOUT			
ActionConverter.ltl	ActionConverter.tlsf	direct:tlsf/tsl_paper:ActionConverter	ActionConverter	direct	none		{}	0	1478	REALIZABLE	1	0.017720710020512342	REALIZABLE	1	0.016724779969081283	REALIZABLE	1	0.016724779969081283	B
Automata.ltl	Automata.tlsf	direct:tlsf/tsl_paper:Automata	Automata	direct	none		{}	0	3438	REALIZABLE	1	0.05350890394765884	REALIZABLE	1	0.052653012913651764	REALIZABLE	1	0.052653012913651764	B
Automata16S.ltl	Automata16S.tlsf	direct:tlsf/tsl_paper:Automata16S	Automata16S	direct	none		{}	0	6167	REALIZABLE	60	52.16563267004676	REALIZABLE	60	53.16847266803961	REALIZABLE	60	52.16563267004676	B
Automata32S.ltl	Automata32S.tlsf	direct:tlsf/tsl_paper:Automata32S	Automata32S	direct	none		{}	0	12029	TIMEOUT		60.159926706925035	TIMEOUT		60.12488235498313	TIMEOUT			
Button.ltl	Button.tlsf	direct:tlsf/tsl_paper:Button	Button	direct	none		{}	0	772	REALIZABLE	1	0.018726514070294797	REALIZABLE	1	0.03086628601886332	REALIZABLE	1	0.018726514070294797	B
Cockpitboard.ltl	Cockpitboard.tlsf	direct:tlsf/tsl_paper:Cockpitboard	Cockpitboard	direct	none		{}	0	4173	REALIZABLE	1	0.03142066008877009	REALIZABLE	1	0.02658525900915265	REALIZABLE	1	0.02658525900915265	B
EnemeyModule.ltl	EnemeyModule.tlsf	direct:tlsf/tsl_paper:EnemeyModule	EnemeyModule	direct	none		{}	0	1180	REALIZABLE	1	0.013145062956027687	REALIZABLE	1	0.02564814395736903	REALIZABLE	1	0.013145062956027687	B
EscalatorBidirectional.ltl	EscalatorBidirectional.tlsf	direct:tlsf/tsl_paper:EscalatorBidirectional	EscalatorBidirectional	direct	none		{}	0	2574	REALIZABLE	1	0.017955680959858	REALIZABLE	1	0.043240407947450876	REALIZABLE	1	0.017955680959858	B
EscalatorBidirectionalInit.ltl	EscalatorBidirectionalInit.tlsf	direct:tlsf/tsl_paper:EscalatorBidirectionalInit	EscalatorBidirectionalInit	direct	none		{}	0	2867	REALIZABLE	1	0.0184975559823215	REALIZABLE	1	0.03840737498831004	REALIZABLE	1	0.0184975559823215	B
EscalatorCounting.ltl	EscalatorCounting.tlsf	direct:tlsf/tsl_paper:EscalatorCounting	EscalatorCounting	direct	none		{}	0	1363	REALIZABLE	1	0.020613403990864754	REALIZABLE	1	0.040329393930733204	REALIZABLE	1	0.020613403990864754	B
EscalatorCountingInit.ltl	EscalatorCountingInit.tlsf	direct:tlsf/tsl_paper:EscalatorCountingInit	EscalatorCountingInit	direct	none		{}	0	1641	REALIZABLE	1	0.017663276055827737	REALIZABLE	1	0.0398792689666152	REALIZABLE	1	0.017663276055827737	B
EscalatorNonCounting.ltl	EscalatorNonCounting.tlsf	direct:tlsf/tsl_paper:EscalatorNonCounting	EscalatorNonCounting	direct	none		{}	0	816	REALIZABLE	1	0.014696434023790061	REALIZABLE	1	0.02770308603066951	REALIZABLE	1	0.014696434023790061	B
EscalatorNonReactive.ltl	EscalatorNonReactive.tlsf	direct:tlsf/tsl_paper:EscalatorNonReactive	EscalatorNonReactive	direct	none		{}	0	466	REALIZABLE	1	0.014330229023471475	REALIZABLE	1	0.033523461082950234	REALIZABLE	1	0.014330229023471475	B
EscalatorSmart.ltl	EscalatorSmart.tlsf	direct:tlsf/tsl_paper:EscalatorSmart	EscalatorSmart	direct	none		{}	0	1215	REALIZABLE	1	0.03244222409557551	REALIZABLE	1	0.04723932105116546	REALIZABLE	1	0.03244222409557551	B
Gamelogic.ltl	Gamelogic.tlsf	direct:tlsf/tsl_paper:Gamelogic	Gamelogic	direct	none		{}	0	5972	REALIZABLE	1	0.018334097927436233	REALIZABLE	1	0.021229226957075298	REALIZABLE	1	0.018334097927436233	B
GamemodeChooser.ltl	GamemodeChooser.tlsf	direct:tlsf/tsl_paper:GamemodeChooser	GamemodeChooser	direct	none		{}	0	3421	REALIZABLE	1	0.03324679599609226	REALIZABLE	1	0.0181036489084363	REALIZABLE	1	0.0181036489084363	B
Gamemodule.ltl	Gamemodule.tlsf	direct:tlsf/tsl_paper:Gamemodule	Gamemodule	direct	none		{}	0	1585	REALIZABLE	1	0.028507582959719002	REALIZABLE	1	0.02080243593081832	REALIZABLE	1	0.02080243593081832	B
Increment.ltl	Increment.tlsf	direct:tlsf/tsl_paper:Increment	Increment	direct	none		{}	0	559	REALIZABLE	1	0.031216255971230567	REALIZABLE	1	0.016629722085781395	REALIZABLE	1	0.016629722085781395	B
KitchenTimerV0.ltl	KitchenTimerV0.tlsf	direct:tlsf/tsl_paper:KitchenTimerV	KitchenTimerV	direct	none		{}	0	538	REALIZABLE	1	0.024138573091477156	REALIZABLE	1	0.021358644007705152	REALIZABLE	1	0.021358644007705152	B
KitchenTimerV1.ltl	KitchenTimerV1.tlsf	direct:tlsf/tsl_paper:KitchenTimerV	KitchenTimerV	direct	none		{}	0	1704	REALIZABLE	1	0.030036653974093497	REALIZABLE	1	0.03408353601116687	REALIZABLE	1	0.030036653974093497	B
KitchenTimerV10.ltl	KitchenTimerV10.tlsf	direct:tlsf/tsl_paper:KitchenTimerV	KitchenTimerV	direct	none		{}	0	6537	REALIZABLE	1	0.09317589399870485	REALIZABLE	1	0.09535829396918416	REALIZABLE	1	0.09317589399870485	B
KitchenTimerV2.ltl	KitchenTimerV2.tlsf	direct:tlsf/tsl_paper:KitchenTimerV	KitchenTimerV	direct	none		{}	0	2457	REALIZABLE	1	0.02871392003726214	REALIZABLE	1	0.01898387901019305	REALIZABLE	1	0.01898387901019305	B
KitchenTimerV3.ltl	KitchenTimerV3.tlsf	direct:tlsf/tsl_paper:KitchenTimerV	KitchenTimerV	direct	none		{}	0	3224	REALIZABLE	1	0.04716655204538256	REALIZABLE	1	0.03990375401917845	REALIZABLE	1	0.03990375401917845	B
KitchenTimerV4.ltl	KitchenTimerV4.tlsf	direct:tlsf/tsl_paper:KitchenTimerV	KitchenTimerV	direct	none		{}	0	4059	REALIZABLE	1	0.04200961091555655	REALIZABLE	1	0.032883898937143385	REALIZABLE	1	0.032883898937143385	B
KitchenTimerV5.ltl	KitchenTimerV5.tlsf	direct:tlsf/tsl_paper:KitchenTimerV	KitchenTimerV	direct	none		{}	0	4722	REALIZABLE	1	0.05744822591077536	REALIZABLE	1	0.06053717702161521	REALIZABLE	1	0.05744822591077536	B
KitchenTimerV6.ltl	KitchenTimerV6.tlsf	direct:tlsf/tsl_paper:KitchenTimerV	KitchenTimerV	direct	none		{}	0	5378	REALIZABLE	1	0.09747970895841718	REALIZABLE	1	0.10508591996040195	REALIZABLE	1	0.09747970895841718	B
KitchenTimerV7.ltl	KitchenTimerV7.tlsf	direct:tlsf/tsl_paper:KitchenTimerV	KitchenTimerV	direct	none		{}	0	5566	REALIZABLE	1	0.08334658795502037	REALIZABLE	1	0.10178485093638301	REALIZABLE	1	0.08334658795502037	B
KitchenTimerV8.ltl	KitchenTimerV8.tlsf	direct:tlsf/tsl_paper:KitchenTimerV	KitchenTimerV	direct	none		{}	0	5869	REALIZABLE	1	0.0838763820938766	REALIZABLE	1	0.09623333695344627	REALIZABLE	1	0.0838763820938766	B
KitchenTimerV9.ltl	KitchenTimerV9.tlsf	direct:tlsf/tsl_paper:KitchenTimerV	KitchenTimerV	direct	none		{}	0	6122	REALIZABLE	1	0.9503110300283879	REALIZABLE	1	0.9822228199336678	REALIZABLE	1	0.9503110300283879	B
LedMatrix.ltl	LedMatrix.tlsf	direct:tlsf/tsl_paper:LedMatrix	LedMatrix	direct	none		{}	0	5681	TIMEOUT		60.14517330203671	TIMEOUT		60.17499361105729	TIMEOUT			
ModdifiedLedMatrix4X.ltl	ModdifiedLedMatrix4X.tlsf	direct:tlsf/tsl_paper:ModdifiedLedMatrix4X	ModdifiedLedMatrix4X	direct	none		{}	0	5212	UNREALIZABLE	1	0.5099518710048869	UNREALIZABLE	1	0.4884860769379884	UNREALIZABLE	1	0.4884860769379884	B
ModdifiedLedMatrix5X.ltl	ModdifiedLedMatrix5X.tlsf	direct:tlsf/tsl_paper:ModdifiedLedMatrix5X	ModdifiedLedMatrix5X	direct	none		{}	0	5214	REALIZABLE	1	0.14835977600887418	REALIZABLE	1	0.10554206592496485	REALIZABLE	1	0.10554206592496485	B
MusicAppFeedback.ltl	MusicAppFeedback.tlsf	direct:tlsf/tsl_paper:MusicAppFeedback	MusicAppFeedback	direct	none		{}	0	2167	REALIZABLE	1	0.016518026939593256	REALIZABLE	1	0.026045314967632294	REALIZABLE	1	0.016518026939593256	B
MusicAppMotivating.ltl	MusicAppMotivating.tlsf	direct:tlsf/tsl_paper:MusicAppMotivating	MusicAppMotivating	direct	none		{}	0	1995	REALIZABLE	1	0.019139628973789513	REALIZABLE	1	0.03749486501328647	REALIZABLE	1	0.019139628973789513	B
MusicAppSimple.ltl	MusicAppSimple.tlsf	direct:tlsf/tsl_paper:MusicAppSimple	MusicAppSimple	direct	none		{}	0	1966	REALIZABLE	1	0.021939145983196795	REALIZABLE	1	0.028417796944268048	REALIZABLE	1	0.021939145983196795	B
OneCounter.ltl	OneCounter.tlsf	direct:tlsf/tsl_paper:OneCounter	OneCounter	direct	none		{}	0	3617	REALIZABLE	5	2.5719737869221717	REALIZABLE	5	2.6146840390283614	REALIZABLE	5	2.5719737869221717	B
OneCounterGui.ltl	OneCounterGui.tlsf	direct:tlsf/tsl_paper:OneCounterGui	OneCounterGui	direct	none		{}	0	2605	UNREALIZABLE	1	0.018701288965530694	UNREALIZABLE	1	0.0319028029916808	UNREALIZABLE	1	0.018701288965530694	B
OneCounterGuiA1.ltl	OneCounterGuiA1.tlsf	direct:tlsf/tsl_paper:OneCounterGuiA	OneCounterGuiA	direct	none		{}	0	2696	UNREALIZABLE	1	0.02129089692607522	UNREALIZABLE	1	0.042375372955575585	UNREALIZABLE	1	0.02129089692607522	B
OneCounterGuiA2.ltl	OneCounterGuiA2.tlsf	direct:tlsf/tsl_paper:OneCounterGuiA	OneCounterGuiA	direct	none		{}	0	2803	UNREALIZABLE	1	0.026162871974520385	UNREALIZABLE	1	0.04119706409983337	UNREALIZABLE	1	0.026162871974520385	B
OneCounterGuiA3.ltl	OneCounterGuiA3.tlsf	direct:tlsf/tsl_paper:OneCounterGuiA	OneCounterGuiA	direct	none		{}	0	2910	UNREALIZABLE	1	0.051435460918582976	UNREALIZABLE	1	0.051628016983158886	UNREALIZABLE	1	0.051435460918582976	B
OneCounterGuiA4.ltl	OneCounterGuiA4.tlsf	direct:tlsf/tsl_paper:OneCounterGuiA	OneCounterGuiA	direct	none		{}	0	3017	UNREALIZABLE	1	0.05894359794910997	UNREALIZABLE	1	0.05244438804220408	UNREALIZABLE	1	0.05244438804220408	B
OneCounterGuiA5.ltl	OneCounterGuiA5.tlsf	direct:tlsf/tsl_paper:OneCounterGuiA	OneCounterGuiA	direct	none		{}	0	3124	UNREALIZABLE	1	0.09351311204954982	UNREALIZABLE	1	0.09616583201568574	UNREALIZABLE	1	0.09351311204954982	B
OneCounterGuiA6.ltl	OneCounterGuiA6.tlsf	direct:tlsf/tsl_paper:OneCounterGuiA	OneCounterGuiA	direct	none		{}	0	3249	UNREALIZABLE	1	0.31833249307237566	UNREALIZABLE	1	0.322274106903933	UNREALIZABLE	1	0.31833249307237566	B
OneCounterGuiA7.ltl	OneCounterGuiA7.tlsf	direct:tlsf/tsl_paper:OneCounterGuiA	OneCounterGuiA	direct	none		{}	0	3374	UNREALIZABLE	1	0.8217552029527724	UNREALIZABLE	1	0.8322441440541297	UNREALIZABLE	1	0.8217552029527724	B
OneCounterGuiA8.ltl	OneCounterGuiA8.tlsf	direct:tlsf/tsl_paper:OneCounterGuiA	OneCounterGuiA	direct	none		{}	0	3499	UNREALIZABLE	5	3.175137513084337	UNREALIZABLE	5	3.170740435947664	UNREALIZABLE	5	3.170740435947664	B
OneCounterInRange.ltl	OneCounterInRange.tlsf	direct:tlsf/tsl_paper:OneCounterInRange	OneCounterInRange	direct	none		{}	0	1155	UNREALIZABLE	1	0.021781870047561824	UNREALIZABLE	1	0.03152260300703347	UNREALIZABLE	1	0.021781870047561824	B
OneCounterInRangeA1.ltl	OneCounterInRangeA1.tlsf	direct:tlsf/tsl_paper:OneCounterInRangeA	OneCounterInRangeA	direct	none		{}	0	1246	UNREALIZABLE	1	0.03374635800719261	UNREALIZABLE	1	0.03489235497545451	UNREALIZABLE	1	0.03374635800719261	B
OneCounterInRangeA2.ltl	OneCounterInRangeA2.tlsf	direct:tlsf/tsl_paper:OneCounterInRangeA	OneCounterInRangeA	direct	none		{}	0	1353	UNREALIZABLE	1	0.04011503607034683	UNREALIZABLE	1	0.03029465500731021	UNREALIZABLE	1	0.03029465500731021	B
OneCounterInRangeA3.ltl	OneCounterInRangeA3.tlsf	direct:tlsf/tsl_paper:OneCounterInRangeA	OneCounterInRangeA	direct	none		{}	0	1457	REALIZABLE	1	0.033991481992416084	REALIZABLE	1	0.035123350098729134	REALIZABLE	1	0.033991481992416084	B
Radarboard.ltl	Radarboard.tlsf	direct:tlsf/tsl_paper:Radarboard	Radarboard	direct	none		{}	0	4604	REALIZABLE	1	0.03112550894729793	REALIZABLE	1	0.029496219009160995	REALIZABLE	1	0.029496219009160995	B
RegManager.ltl	RegManager.tlsf	direct:tlsf/tsl_paper:RegManager	RegManager	direct	none		{}	0	1970	REALIZABLE	1	0.03230641805566847	REALIZABLE	1	0.03899745608214289	REALIZABLE	1	0.03230641805566847	B
RotationCalculator.ltl	RotationCalculator.tlsf	direct:tlsf/tsl_paper:RotationCalculator	RotationCalculator	direct	none		{}	0	3207	REALIZABLE	1	0.04013493796810508	REALIZABLE	1	0.036010629031807184	REALIZABLE	1	0.036010629031807184	B
SPI.ltl	SPI.tlsf	direct:tlsf/tsl_paper:SPI	SPI	direct	none		{}	0	5112	REALIZABLE	1	0.2855585920624435	REALIZABLE	1	0.2795163419796154	REALIZABLE	1	0.2795163419796154	B
SPIPureNext.ltl	SPIPureNext.tlsf	direct:tlsf/tsl_paper:SPIPureNext	SPIPureNext	direct	none		{}	0	12331	TIMEOUT		60.12506913708057	TIMEOUT		60.12520467501599	TIMEOUT			
SPIReadClk.ltl	SPIReadClk.tlsf	direct:tlsf/tsl_paper:SPIReadClk	SPIReadClk	direct	none		{}	0	865	REALIZABLE	1	0.02000139094889164	REALIZABLE	1	0.015109483967535198	REALIZABLE	1	0.015109483967535198	B
SPIReadManag.ltl	SPIReadManag.tlsf	direct:tlsf/tsl_paper:SPIReadManag	SPIReadManag	direct	none		{}	0	4010	REALIZABLE	1	0.036076264921575785	REALIZABLE	1	0.016477994970045984	REALIZABLE	1	0.016477994970045984	B
SPIReadSdi.ltl	SPIReadSdi.tlsf	direct:tlsf/tsl_paper:SPIReadSdi	SPIReadSdi	direct	none		{}	0	1317	REALIZABLE	1	0.021637639962136745	REALIZABLE	1	0.03353103098925203	REALIZABLE	1	0.021637639962136745	B
SPIWriteClk.ltl	SPIWriteClk.tlsf	direct:tlsf/tsl_paper:SPIWriteClk	SPIWriteClk	direct	none		{}	0	1069	REALIZABLE	1	0.028881532954983413	REALIZABLE	1	0.0273548630066216	REALIZABLE	1	0.0273548630066216	B
SPIWriteManag.ltl	SPIWriteManag.tlsf	direct:tlsf/tsl_paper:SPIWriteManag	SPIWriteManag	direct	none		{}	0	3156	REALIZABLE	1	0.041365875978954136	REALIZABLE	1	0.041174361016601324	REALIZABLE	1	0.041174361016601324	B
SPIWriteSdi.ltl	SPIWriteSdi.tlsf	direct:tlsf/tsl_paper:SPIWriteSdi	SPIWriteSdi	direct	none		{}	0	2182	REALIZABLE	1	0.036693104077130556	REALIZABLE	1	0.03174863802269101	REALIZABLE	1	0.03174863802269101	B
Scoreboard.ltl	Scoreboard.tlsf	direct:tlsf/tsl_paper:Scoreboard	Scoreboard	direct	none		{}	0	2215	REALIZABLE	1	0.031587979989126325	REALIZABLE	1	0.03236483095679432	REALIZABLE	1	0.031587979989126325	B
Sensor.ltl	Sensor.tlsf	direct:tlsf/tsl_paper:Sensor	Sensor	direct	none		{}	0	2134	REALIZABLE	1	0.14339680410921574	REALIZABLE	1	0.14331556193064898	REALIZABLE	1	0.14331556193064898	B
SensorInit.ltl	SensorInit.tlsf	direct:tlsf/tsl_paper:SensorInit	SensorInit	direct	none		{}	0	6653	REALIZABLE	1	0.1263493999140337	REALIZABLE	1	0.1315130819566548	REALIZABLE	1	0.1263493999140337	B
SensorPart.ltl	SensorPart.tlsf	direct:tlsf/tsl_paper:SensorPart	SensorPart	direct	none		{}	0	9340	REALIZABLE	1	0.04830659704748541	REALIZABLE	1	0.04229750100057572	REALIZABLE	1	0.04229750100057572	B
SensorRegister.ltl	SensorRegister.tlsf	direct:tlsf/tsl_paper:SensorRegister	SensorRegister	direct	none		{}	0	572	REALIZABLE	1	0.01587717200163752	REALIZABLE	1	0.018214733921922743	REALIZABLE	1	0.01587717200163752	B
SensorSelector.ltl	SensorSelector.tlsf	direct:tlsf/tsl_paper:SensorSelector	SensorSelector	direct	none		{}	0	3856	REALIZABLE	1	0.024532945011742413	REALIZABLE	1	0.02893894794397056	REALIZABLE	1	0.024532945011742413	B
SensorSubmodulChooser.ltl	SensorSubmodulChooser.tlsf	direct:tlsf/tsl_paper:SensorSubmodulChooser	SensorSubmodulChooser	direct	none		{}	0	5385	REALIZABLE	1	0.04413550300523639	REALIZABLE	1	0.06017314095515758	REALIZABLE	1	0.04413550300523639	B
SliderDefault.ltl	SliderDefault.tlsf	direct:tlsf/tsl_paper:SliderDefault	SliderDefault	direct	none		{}	0	1208	REALIZABLE	1	0.024054322973825037	REALIZABLE	1	0.022548755048774183	REALIZABLE	1	0.022548755048774183	B
SliderDelayed.ltl	SliderDelayed.tlsf	direct:tlsf/tsl_paper:SliderDelayed	SliderDelayed	direct	none		{}	0	2129	REALIZABLE	1	0.04910546797327697	REALIZABLE	1	0.04577064607292414	REALIZABLE	1	0.04577064607292414	B
SliderScored.ltl	SliderScored.tlsf	direct:tlsf/tsl_paper:SliderScored	SliderScored	direct	none		{}	0	2112	REALIZABLE	1	0.02778992196545005	REALIZABLE	1	0.03160187799949199	REALIZABLE	1	0.02778992196545005	B
TorcsAccelerating.ltl	TorcsAccelerating.tlsf	direct:tlsf/tsl_paper:TorcsAccelerating	TorcsAccelerating	direct	none		{}	0	1197	REALIZABLE	1	0.03224424505606294	REALIZABLE	1	0.03357003896962851	REALIZABLE	1	0.03224424505606294	B
TorcsGearing.ltl	TorcsGearing.tlsf	direct:tlsf/tsl_paper:TorcsGearing	TorcsGearing	direct	none		{}	0	1041	REALIZABLE	1	0.03224142291583121	REALIZABLE	1	0.033508943975903094	REALIZABLE	1	0.03224142291583121	B
TorcsSimple.ltl	TorcsSimple.tlsf	direct:tlsf/tsl_paper:TorcsSimple	TorcsSimple	direct	none		{}	0	2160	REALIZABLE	1	0.04196987592149526	REALIZABLE	1	0.04109157400671393	REALIZABLE	1	0.04109157400671393	B
TorcsSteeringImproved.ltl	TorcsSteeringImproved.tlsf	direct:tlsf/tsl_paper:TorcsSteeringImproved	TorcsSteeringImproved	direct	none		{}	0	2776	REALIZABLE	1	0.044231434003449976	REALIZABLE	1	0.037582989083603024	REALIZABLE	1	0.037582989083603024	B
TorcsSteeringSimple.ltl	TorcsSteeringSimple.tlsf	direct:tlsf/tsl_paper:TorcsSteeringSimple	TorcsSteeringSimple	direct	none		{}	0	1410	REALIZABLE	1	0.033789985929615796	REALIZABLE	1	0.036089650937356055	REALIZABLE	1	0.033789985929615796	B
TorcsSteeringSmart.ltl	TorcsSteeringSmart.tlsf	direct:tlsf/tsl_paper:TorcsSteeringSmart	TorcsSteeringSmart	direct	none		{}	0	1977	REALIZABLE	1	0.04107000702060759	REALIZABLE	1	0.0322377560660243	REALIZABLE	1	0.0322377560660243	B
TwoCounters.ltl	TwoCounters.tlsf	direct:tlsf/tsl_paper:TwoCounters	TwoCounters	direct	none		{}	0	2654	UNREALIZABLE	1	0.04701176192611456	UNREALIZABLE	1	0.04012488201260567	UNREALIZABLE	1	0.04012488201260567	B
TwoCounters2.ltl	TwoCounters2.tlsf	direct:tlsf/tsl_paper:TwoCounters	TwoCounters	direct	none		{}	0	3401	UNREALIZABLE	1	0.049594484036788344	UNREALIZABLE	1	0.04516922903712839	UNREALIZABLE	1	0.04516922903712839	B
TwoCounters3.ltl	TwoCounters3.tlsf	direct:tlsf/tsl_paper:TwoCounters	TwoCounters	direct	none		{}	0	4214	REALIZABLE	5	1.2140958439558744	REALIZABLE	5	1.1987340620253235	REALIZABLE	5	1.1987340620253235	B
TwoCounters4.ltl	TwoCounters4.tlsf	direct:tlsf/tsl_paper:TwoCounters	TwoCounters	direct	none		{}	0	3739	REALIZABLE	1	0.03713812306523323	REALIZABLE	1	0.02698291197884828	REALIZABLE	1	0.02698291197884828	B
TwoCounters5.ltl	TwoCounters5.tlsf	direct:tlsf/tsl_paper:TwoCounters	TwoCounters	direct	none		{}	0	6940	UNREALIZABLE	1	0.10960753494873643	UNREALIZABLE	1	0.1282875769538805	UNREALIZABLE	1	0.10960753494873643	B
TwoCountersDisButA0.ltl	TwoCountersDisButA0.tlsf	direct:tlsf/tsl_paper:TwoCountersDisButA	TwoCountersDisButA	direct	none		{}	0	4265	UNREALIZABLE	1	0.026603576028719544	UNREALIZABLE	1	0.021146532031707466	UNREALIZABLE	1	0.021146532031707466	B
TwoCountersDisButA1.ltl	TwoCountersDisButA1.tlsf	direct:tlsf/tsl_paper:TwoCountersDisButA	TwoCountersDisButA	direct	none		{}	0	4378	UNREALIZABLE	1	0.04634203400928527	UNREALIZABLE	1	0.03858899907208979	UNREALIZABLE	1	0.03858899907208979	B
TwoCountersDisButA2.ltl	TwoCountersDisButA2.tlsf	direct:tlsf/tsl_paper:TwoCountersDisButA	TwoCountersDisButA	direct	none		{}	0	4495	UNREALIZABLE	1	0.06789084803313017	UNREALIZABLE	1	0.07127557194326073	UNREALIZABLE	1	0.06789084803313017	B
TwoCountersDisButA3.ltl	TwoCountersDisButA3.tlsf	direct:tlsf/tsl_paper:TwoCountersDisButA	TwoCountersDisButA	direct	none		{}	0	4638	UNREALIZABLE	1	0.11209174699615687	UNREALIZABLE	1	0.11212013405747712	UNREALIZABLE	1	0.11209174699615687	B
TwoCountersDisButA4.ltl	TwoCountersDisButA4.tlsf	direct:tlsf/tsl_paper:TwoCountersDisButA	TwoCountersDisButA	direct	none		{}	0	4873	UNREALIZABLE	1	0.1187665129546076	UNREALIZABLE	1	0.10857095406390727	UNREALIZABLE	1	0.10857095406390727	B
TwoCountersDisButA5.ltl	TwoCountersDisButA5.tlsf	direct:tlsf/tsl_paper:TwoCountersDisButA	TwoCountersDisButA	direct	none		{}	0	5016	UNREALIZABLE	1	0.11707909300457686	UNREALIZABLE	1	0.13997140293940902	UNREALIZABLE	1	0.11707909300457686	B
TwoCountersDisButA6.ltl	TwoCountersDisButA6.tlsf	direct:tlsf/tsl_paper:TwoCountersDisButA	TwoCountersDisButA	direct	none		{}	0	5251	UNREALIZABLE	1	0.11513041402213275	UNREALIZABLE	1	0.12432533607352525	UNREALIZABLE	1	0.11513041402213275	B
TwoCountersDisButA7.ltl	TwoCountersDisButA7.tlsf	direct:tlsf/tsl_paper:TwoCountersDisButA	TwoCountersDisButA	direct	none		{}	0	5398	UNREALIZABLE	1	0.13774382905103266	UNREALIZABLE	1	0.15513753995765	UNREALIZABLE	1	0.13774382905103266	B
TwoCountersDisButA8.ltl	TwoCountersDisButA8.tlsf	direct:tlsf/tsl_paper:TwoCountersDisButA	TwoCountersDisButA	direct	none		{}	0	5638	UNREALIZABLE	1	0.14533076796215028	UNREALIZABLE	1	0.16051666904240847	UNREALIZABLE	1	0.14533076796215028	B
TwoCountersDisButA9.ltl	TwoCountersDisButA9.tlsf	direct:tlsf/tsl_paper:TwoCountersDisButA	TwoCountersDisButA	direct	none		{}	0	5785	UNREALIZABLE	1	0.17917527200188488	UNREALIZABLE	1	0.20585001399740577	UNREALIZABLE	1	0.17917527200188488	B
TwoCountersDisButAC.ltl	TwoCountersDisButAC.tlsf	direct:tlsf/tsl_paper:TwoCountersDisButAC	TwoCountersDisButAC	direct	none		{}	0	6025	UNREALIZABLE	1	0.19334561296273023	UNREALIZABLE	1	0.20184118300676346	UNREALIZABLE	1	0.19334561296273023	B
TwoCountersGui.ltl	TwoCountersGui.tlsf	direct:tlsf/tsl_paper:TwoCountersGui	TwoCountersGui	direct	none		{}	0	5015	UNREALIZABLE	1	0.03850111598148942	UNREALIZABLE	1	0.03501590504311025	UNREALIZABLE	1	0.03501590504311025	B
TwoCountersInRange.ltl	TwoCountersInRange.tlsf	direct:tlsf/tsl_paper:TwoCountersInRange	TwoCountersInRange	direct	none		{}	0	2937	UNREALIZABLE	1	0.03872460196726024	UNREALIZABLE	1	0.02590265602339059	UNREALIZABLE	1	0.02590265602339059	B
TwoCountersInRangeA1.ltl	TwoCountersInRangeA1.tlsf	direct:tlsf/tsl_paper:TwoCountersInRangeA	TwoCountersInRangeA	direct	none		{}	0	3052	UNREALIZABLE	1	0.04548848106060177	UNREALIZABLE	1	0.04182035801932216	UNREALIZABLE	1	0.04182035801932216	B
TwoCountersInRangeA2.ltl	TwoCountersInRangeA2.tlsf	direct:tlsf/tsl_paper:TwoCountersInRangeA	TwoCountersInRangeA	direct	none		{}	0	3169	UNREALIZABLE	1	0.044447985012084246	UNREALIZABLE	1	0.037935056956484914	UNREALIZABLE	1	0.037935056956484914	B
TwoCountersInRangeA3.ltl	TwoCountersInRangeA3.tlsf	direct:tlsf/tsl_paper:TwoCountersInRangeA	TwoCountersInRangeA	direct	none		{}	0	3312	UNREALIZABLE	1	0.0379672140115872	UNREALIZABLE	1	0.0397926289588213	UNREALIZABLE	1	0.0379672140115872	B
TwoCountersInRangeA4.ltl	TwoCountersInRangeA4.tlsf	direct:tlsf/tsl_paper:TwoCountersInRangeA	TwoCountersInRangeA	direct	none		{}	0	3455	UNREALIZABLE	1	0.04093348002061248	UNREALIZABLE	1	0.03463483205996454	UNREALIZABLE	1	0.03463483205996454	B
TwoCountersInRangeA5.ltl	TwoCountersInRangeA5.tlsf	direct:tlsf/tsl_paper:TwoCountersInRangeA	TwoCountersInRangeA	direct	none		{}	0	3602	UNREALIZABLE	1	0.03368087799753994	UNREALIZABLE	1	0.03804229001980275	UNREALIZABLE	1	0.03368087799753994	B
TwoCountersInRangeM0.ltl	TwoCountersInRangeM0.tlsf	direct:tlsf/tsl_paper:TwoCountersInRangeM	TwoCountersInRangeM	direct	none		{}	0	3636	UNREALIZABLE	1	0.035728293005377054	UNREALIZABLE	1	0.03899519192054868	UNREALIZABLE	1	0.035728293005377054	B
TwoCountersInRangeM1.ltl	TwoCountersInRangeM1.tlsf	direct:tlsf/tsl_paper:TwoCountersInRangeM	TwoCountersInRangeM	direct	none		{}	0	3632	UNREALIZABLE	1	0.04397662193514407	UNREALIZABLE	1	0.035845768987201154	UNREALIZABLE	1	0.035845768987201154	B
TwoCountersInRangeM2.ltl	TwoCountersInRangeM2.tlsf	direct:tlsf/tsl_paper:TwoCountersInRangeM	TwoCountersInRangeM	direct	none		{}	0	3606	UNREALIZABLE	1	0.042640428990125656	UNREALIZABLE	1	0.03307801706250757	UNREALIZABLE	1	0.03307801706250757	B
TwoCountersInRangeM3.ltl	TwoCountersInRangeM3.tlsf	direct:tlsf/tsl_paper:TwoCountersInRangeM	TwoCountersInRangeM	direct	none		{}	0	3606	UNREALIZABLE	1	0.034706694073975086	UNREALIZABLE	1	0.028960939031094313	UNREALIZABLE	1	0.028960939031094313	B
TwoCountersInRangeM4.ltl	TwoCountersInRangeM4.tlsf	direct:tlsf/tsl_paper:TwoCountersInRangeM	TwoCountersInRangeM	direct	none		{}	0	3602	UNREALIZABLE	1	0.026924044941551983	UNREALIZABLE	1	0.03374826698563993	UNREALIZABLE	1	0.026924044941551983	B
TwoCountersRefined.ltl	TwoCountersRefined.tlsf	direct:tlsf/tsl_paper:TwoCountersRefined	TwoCountersRefined	direct	none		{}	0	2749	UNREALIZABLE	1	0.03821082797367126	UNREALIZABLE	1	0.03621916996780783	UNREALIZABLE	1	0.03621916996780783	B
TwoCountersRefinedRefined.ltl	TwoCountersRefinedRefined.tlsf	direct:tlsf/tsl_paper:TwoCountersRefinedRefined	TwoCountersRefinedRefined	direct	none		{}	0	2844	REALIZABLE	1	0.045470562065020204	REALIZABLE	1	0.04522522701881826	REALIZABLE	1	0.04522522701881826	B
UnderapproxDemo2.ltl	UnderapproxDemo2.tlsf	direct:tlsf/tsl_paper:UnderapproxDemo	UnderapproxDemo	direct	none		{}	0	485	UNREALIZABLE	1	0.027984056039713323	UNREALIZABLE	1	0.019414092996157706	UNREALIZABLE	1	0.019414092996157706	B
UnderapproxStrengthenedDemo.ltl	UnderapproxStrengthenedDemo.tlsf	direct:tlsf/tsl_paper:UnderapproxStrengthenedDemo	UnderapproxStrengthenedDemo	direct	none		{}	0	477	REALIZABLE	1	0.03054567996878177	REALIZABLE	1	0.03677058103494346	REALIZABLE	1	0.03054567996878177	B
Zoo0.ltl	Zoo0.tlsf	direct:tlsf/tsl_paper:Zoo	Zoo	direct	none		{}	0	2356	REALIZABLE	1	0.01772472495213151	REALIZABLE	1	0.027257755980826914	REALIZABLE	1	0.01772472495213151	B
Zoo10.ltl	Zoo10.tlsf	direct:tlsf/tsl_paper:Zoo	Zoo	direct	none		{}	0	2129	REALIZABLE	1	0.011283743078820407	REALIZABLE	1	0.04528880398720503	REALIZABLE	1	0.011283743078820407	B
Zoo5.ltl	Zoo5.tlsf	direct:tlsf/tsl_paper:Zoo	Zoo	direct	none		{}	0	2156	REALIZABLE	1	0.016675770981237292	REALIZABLE	1	0.04202297003939748	REALIZABLE	1	0.016675770981237292	B
Alarm_06e9cad4.ltl	Alarm_06e9cad4.tlsf	direct:tlsf/tsl_smart_home_jarvis/extracted-benchmarks:Alarm	Alarm	direct	none		{}	0	3715	REALIZABLE	5	1.6872290070168674	REALIZABLE	5	1.605749615933746	REALIZABLE	5	1.605749615933746	B
Alarm_2d1010f8.ltl	Alarm_2d1010f8.tlsf	direct:tlsf/tsl_smart_home_jarvis/extracted-benchmarks:Alarm	Alarm	direct	none		{}	0	1404	REALIZABLE	1	0.01962441101204604	REALIZABLE	1	0.01798826002050191	REALIZABLE	1	0.01798826002050191	B
Alarm_68c86764.ltl	Alarm_68c86764.tlsf	direct:tlsf/tsl_smart_home_jarvis/extracted-benchmarks:Alarm	Alarm	direct	none		{}	0	3440	REALIZABLE	5	1.5164876569760963	REALIZABLE	5	1.6610441190423444	REALIZABLE	5	1.5164876569760963	B
Alarm_70523fbe.ltl	Alarm_70523fbe.tlsf	direct:tlsf/tsl_smart_home_jarvis/extracted-benchmarks:Alarm	Alarm	direct	none		{}	0	3170	REALIZABLE	1	0.7816134409513324	REALIZABLE	1	0.8775112120201811	REALIZABLE	1	0.7816134409513324	B
Alarm_88c5c1c3.ltl	Alarm_88c5c1c3.tlsf	direct:tlsf/tsl_smart_home_jarvis/extracted-benchmarks:Alarm	Alarm	direct	none		{}	0	2848	REALIZABLE	1	0.023077593999914825	REALIZABLE	1	0.01699117897078395	REALIZABLE	1	0.01699117897078395	B
Alarm_9cac58d3.ltl	Alarm_9cac58d3.tlsf	direct:tlsf/tsl_smart_home_jarvis/extracted-benchmarks:Alarm	Alarm	direct	none		{}	0	2884	REALIZABLE	1	0.031041571986861527	REALIZABLE	1	0.027655805926769972	REALIZABLE	1	0.027655805926769972	B
Alarm_a5f99bc6.ltl	Alarm_a5f99bc6.tlsf	direct:tlsf/tsl_smart_home_jarvis/extracted-benchmarks:Alarm	Alarm	direct	none		{}	0	3186	REALIZABLE	17	16.242528788978234	REALIZABLE	17	15.948650548001751	REALIZABLE	17	15.948650548001751	B
Alarm_f2774e0b.ltl	Alarm_f2774e0b.tlsf	direct:tlsf/tsl_smart_home_jarvis/extracted-benchmarks:Alarm	Alarm	direct	none		{}	0	3120	REALIZABLE	1	0.9118985619861633	REALIZABLE	1	0.8699947790009901	REALIZABLE	1	0.8699947790009901	B
AlarmMin_efe2feaf.ltl	AlarmMin_efe2feaf.tlsf	direct:tlsf/tsl_smart_home_jarvis/extracted-benchmarks:AlarmMin	AlarmMin	direct	none		{}	0	1187	REALIZABLE	1	0.027979984995909035	REALIZABLE	1	0.010061804903671145	REALIZABLE	1	0.010061804903671145	B
AllHeating_d6376bf9.ltl	AllHeating_d6376bf9.tlsf	direct:tlsf/tsl_smart_home_jarvis/extracted-benchmarks:AllHeating	AllHeating	direct	none		{}	0	1951	REALIZABLE	1	0.01855608099140227	REALIZABLE	1	0.023843785980716348	REALIZABLE	1	0.01855608099140227	B
AllLights_06e9cad4.ltl	AllLights_06e9cad4.tlsf	direct:tlsf/tsl_smart_home_jarvis/extracted-benchmarks:AllLights	AllLights	direct	none		{}	0	4534	UNREALIZABLE	60	19.05369899305515	UNREALIZABLE	60	18.071615717024542	UNREALIZABLE	60	18.071615717024542	B
AllLights_2c5b09da.ltl	AllLights_2c5b09da.tlsf	direct:tlsf/tsl_smart_home_jarvis/extracted-benchmarks:AllLights	AllLights	direct	none		{}	0	4734	UNREALIZABLE	17	9.264130916097201	UNREALIZABLE	17	8.927722992026247	UNREALIZABLE	17	8.927722992026247	B
AllLights_63831f8c.ltl	AllLights_63831f8c.tlsf	direct:tlsf/tsl_smart_home_jarvis/extracted-benchmarks:AllLights	AllLights	direct	none		{}	0	4404	UNREALIZABLE	60	17.893919655005448	UNREALIZABLE	60	18.230661482084543	UNREALIZABLE	60	17.893919655005448	B
AllLights_aeb1d897.ltl	AllLights_aeb1d897.tlsf	direct:tlsf/tsl_smart_home_jarvis/extracted-benchmarks:AllLights	AllLights	direct	none		{}	0	4682	UNREALIZABLE	60	42.80521629797295	UNREALIZABLE	60	44.18591940798797	UNREALIZABLE	60	42.80521629797295	B
AllLights_b209ff21.ltl	AllLights_b209ff21.tlsf	direct:tlsf/tsl_smart_home_jarvis/extracted-benchmarks:AllLights	AllLights	direct	none		{}	0	4461	UNREALIZABLE	60	33.68289403093513	UNREALIZABLE	60	32.654910554992966	UNREALIZABLE	60	32.654910554992966	B
AllLights_d6c5ac79.ltl	AllLights_d6c5ac79.tlsf	direct:tlsf/tsl_smart_home_jarvis/extracted-benchmarks:AllLights	AllLights	direct	none		{}	0	4590	UNREALIZABLE	60	59.094215183053166	UNREALIZABLE	60	59.9649738840526	UNREALIZABLE	60	59.094215183053166	B
AllShades_66f450a4.ltl	AllShades_66f450a4.tlsf	direct:tlsf/tsl_smart_home_jarvis/extracted-benchmarks:AllShades	AllShades	direct	none		{}	0	4565	UNREALIZABLE	60	18.84876840095967	UNREALIZABLE	60	19.65795827691909	UNREALIZABLE	60	18.84876840095967	B
Assumptions_a50cadd7.ltl	Assumptions_a50cadd7.tlsf	direct:tlsf/tsl_smart_home_jarvis/extracted-benchmarks:Assumptions	Assumptions	direct	none		{}	0	8488	UNREALIZABLE	1	0.023836639942601323	UNREALIZABLE	1	0.016746926004998386	UNREALIZABLE	1	0.016746926004998386	B
CheckAlarm_6bea956e.ltl	CheckAlarm_6bea956e.tlsf	direct:tlsf/tsl_smart_home_jarvis/extracted-benchmarks:CheckAlarm	CheckAlarm	direct	none		{}	0	977	UNREALIZABLE	1	0.033006184035912156	UNREALIZABLE	1	0.03231496294029057	UNREALIZABLE	1	0.03231496294029057	B
CheckAlarmBroken1_1a2942e3.ltl	CheckAlarmBroken1_1a2942e3.tlsf	direct:tlsf/tsl_smart_home_jarvis/extracted-benchmarks:CheckAlarmBroken	CheckAlarmBroken	direct	none		{}	0	973	REALIZABLE	1	0.0394715970614925	REALIZABLE	1	0.029545772005803883	REALIZABLE	1	0.029545772005803883	B
CheckCoffeMachine_3461125b.ltl	CheckCoffeMachine_3461125b.tlsf	direct:tlsf/tsl_smart_home_jarvis/extracted-benchmarks:CheckCoffeMachine	CheckCoffeMachine	direct	none		{}	0	1730	UNREALIZABLE	1	0.04110189597122371	UNREALIZABLE	1	0.036325228051282465	UNREALIZABLE	1	0.036325228051282465	B
CheckCoffeMachine_f3987563.ltl	CheckCoffeMachine_f3987563.tlsf	direct:tlsf/tsl_smart_home_jarvis/extracted-benchmarks:CheckCoffeMachine	CheckCoffeMachine	direct	none		{}	0	2238	UNREALIZABLE	1	0.034571574069559574	UNREALIZABLE	1	0.03495353308971971	UNREALIZABLE	1	0.034571574069559574	B
CheckCoffeMachineBroken1_a5f99bc6.ltl	CheckCoffeMachineBroken1_a5f99bc6.tlsf	direct:tlsf/tsl_smart_home_jarvis/extracted-benchmarks:CheckCoffeMachineBroken	CheckCoffeMachineBroken	direct	none		{}	0	1734	REALIZABLE	1	0.036220186040736735	REALIZABLE	1	0.036214570980519056	REALIZABLE	1	0.036214570980519056	B
CheckDoor_c2b9e44d.ltl	CheckDoor_c2b9e44d.tlsf	direct:tlsf/tsl_smart_home_jarvis/extracted-benchmarks:CheckDoor	CheckDoor	direct	none		{}	0	1149	UNREALIZABLE	1	0.036248942953534424	UNREALIZABLE	1	0.029564450960606337	UNREALIZABLE	1	0.029564450960606337	B
CheckHeating_2418b67e.ltl	CheckHeating_2418b67e.tlsf	direct:tlsf/tsl_smart_home_jarvis/extracted-benchmarks:CheckHeating	CheckHeating	direct	none		{}	0	1152	UNREALIZABLE	1	0.0375431819120422	UNREALIZABLE	1	0.035580347990617156	UNREALIZABLE	1	0.035580347990617156	B
CheckHeating_3461125b.ltl	CheckHeating_3461125b.tlsf	direct:tlsf/tsl_smart_home_jarvis/extracted-benchmarks:CheckHeating	CheckHeating	direct	none		{}	0	1203	UNREALIZABLE	1	0.036619221908040345	UNREALIZABLE	1	0.038909135037101805	UNREALIZABLE	1	0.036619221908040345	B
CheckLight_007df645.ltl	CheckLight_007df645.tlsf	direct:tlsf/tsl_smart_home_jarvis/extracted-benchmarks:CheckLight	CheckLight	direct	none		{}	0	1409	UNREALIZABLE	1	0.037324434029869735	UNREALIZABLE	1	0.019382623955607414	UNREALIZABLE	1	0.019382623955607414	B
CheckLight_aeb1d897.ltl	CheckLight_aeb1d897.tlsf	direct:tlsf/tsl_smart_home_jarvis/extracted-benchmarks:CheckLight	CheckLight	direct	none		{}	0	1641	UNREALIZABLE	1	0.032016078010201454	UNREALIZABLE	1	0.03906713495962322	UNREALIZABLE	1	0.032016078010201454	B
CheckRoom_06e9cad4.ltl	CheckRoom_06e9cad4.tlsf	direct:tlsf/tsl_smart_home_jarvis/extracted-benchmarks:CheckRoom	CheckRoom	direct	none		{}	0	882	UNREALIZABLE	1	0.03362428199034184	UNREALIZABLE	1	0.024787861038930714	UNREALIZABLE	1	0.024787861038930714	B
CheckRoom_2c5b09da.ltl	CheckRoom_2c5b09da.tlsf	direct:tlsf/tsl_smart_home_jarvis/extracted-benchmarks:CheckRoom	CheckRoom	direct	none		{}	0	1096	UNREALIZABLE	1	0.037758467020466924	UNREALIZABLE	1	0.03615434200037271	UNREALIZABLE	1	0.03615434200037271	B
CheckRoom_3916ec59.ltl	CheckRoom_3916ec59.tlsf	direct:tlsf/tsl_smart_home_jarvis/extracted-benchmarks:CheckRoom	CheckRoom	direct	none		{}	0	1022	UNREALIZABLE	1	0.035011749947443604	UNREALIZABLE	1	0.030099965981207788	UNREALIZABLE	1	0.030099965981207788	B
CheckRoom_70523fbe.ltl	CheckRoom_70523fbe.tlsf	direct:tlsf/tsl_smart_home_jarvis/extracted-benchmarks:CheckRoom	CheckRoom	direct	none		{}	0	744	UNREALIZABLE	1	0.03126812796108425	UNREALIZABLE	1	0.028299468918703496	UNREALIZABLE	1	0.028299468918703496	B
CheckShades_1a2942e3.ltl	CheckShades_1a2942e3.tlsf	direct:tlsf/tsl_smart_home_jarvis/extracted-benchmarks:CheckShades	CheckShades	direct	none		{}	0	1533	UNREALIZABLE	1	0.03342829109169543	UNREALIZABLE	1	0.03350468503776938	UNREALIZABLE	1	0.03342829109169543	B
CheckShades_3461125b.ltl	CheckShades_3461125b.tlsf	direct:tlsf/tsl_smart_home_jarvis/extracted-benchmarks:CheckShades	CheckShades	direct	none		{}	0	1480	UNREALIZABLE	1	0.03966294997371733	UNREALIZABLE	1	0.03498986188787967	UNREALIZABLE	1	0.03498986188787967	B
CheckShades_4d4ca5c4.ltl	CheckShades_4d4ca5c4.tlsf	direct:tlsf/tsl_smart_home_jarvis/extracted-benchmarks:CheckShades	CheckShades	direct	none		{}	0	1480	UNREALIZABLE	1	0.03633267595432699	UNREALIZABLE	1	0.03717024205252528	UNREALIZABLE	1	0.03633267595432699	B
CheckShades_aeb1d897.ltl	CheckShades_aeb1d897.tlsf	direct:tlsf/tsl_smart_home_jarvis/extracted-benchmarks:CheckShades	CheckShades	direct	none		{}	0	1803	UNREALIZABLE	1	0.037319455994293094	UNREALIZABLE	1	0.03325736604165286	UNREALIZABLE	1	0.03325736604165286	B
CheckTime_3916ec59.ltl	CheckTime_3916ec59.tlsf	direct:tlsf/tsl_smart_home_jarvis/extracted-benchmarks:CheckTime	CheckTime	direct	none		{}	0	1231	UNREALIZABLE	1	0.031195367919281125	UNREALIZABLE	1	0.030388684011995792	UNREALIZABLE	1	0.030388684011995792	B
CheckTime_4b5e6eaa.ltl	CheckTime_4b5e6eaa.tlsf	direct:tlsf/tsl_smart_home_jarvis/extracted-benchmarks:CheckTime	CheckTime	direct	none		{}	0	943	UNREALIZABLE	1	0.033138517988845706	UNREALIZABLE	1	0.03513176692649722	UNREALIZABLE	1	0.033138517988845706	B
CheckTime_54e1f7d2.ltl	CheckTime_54e1f7d2.tlsf	direct:tlsf/tsl_smart_home_jarvis/extracted-benchmarks:CheckTime	CheckTime	direct	none		{}	0	727	UNREALIZABLE	1	0.0355759400408715	UNREALIZABLE	1	0.03251303103752434	UNREALIZABLE	1	0.03251303103752434	B
CheckTimer_54e1f7d2.ltl	CheckTimer_54e1f7d2.tlsf	direct:tlsf/tsl_smart_home_jarvis/extracted-benchmarks:CheckTimer	CheckTimer	direct	none		{}	0	1358	UNREALIZABLE	1	0.03404877497814596	UNREALIZABLE	1	0.03653253603260964	UNREALIZABLE	1	0.03404877497814596	B
CheckTimer_fa8592c8.ltl	CheckTimer_fa8592c8.tlsf	direct:tlsf/tsl_smart_home_jarvis/extracted-benchmarks:CheckTimer	CheckTimer	direct	none		{}	0	1552	UNREALIZABLE	1	0.03503361204639077	UNREALIZABLE	1	0.036276226048357785	UNREALIZABLE	1	0.03503361204639077	B
CheckWarnlight_1cf58fc1.ltl	CheckWarnlight_1cf58fc1.tlsf	direct:tlsf/tsl_smart_home_jarvis/extracted-benchmarks:CheckWarnlight	CheckWarnlight	direct	none		{}	0	1231	UNREALIZABLE	1	0.03683177300263196	UNREALIZABLE	1	0.029278140980750322	UNREALIZABLE	1	0.029278140980750322	B
CheckWarnlight_4b5a2bad.ltl	CheckWarnlight_4b5a2bad.tlsf	direct:tlsf/tsl_smart_home_jarvis/extracted-benchmarks:CheckWarnlight	CheckWarnlight	direct	none		{}	0	1211	UNREALIZABLE	1	0.0354895539348945	UNREALIZABLE	1	0.039399956935085356	UNREALIZABLE	1	0.0354895539348945	B
CheckWarnlight_54e1f7d2.ltl	CheckWarnlight_54e1f7d2.tlsf	direct:tlsf/tsl_smart_home_jarvis/extracted-benchmarks:CheckWarnlight	CheckWarnlight	direct	none		{}	0	1312	UNREALIZABLE	1	0.03576613496989012	UNREALIZABLE	1	0.031221385928802192	UNREALIZABLE	1	0.031221385928802192	B
CheckWarnlight_6bea956e.ltl	CheckWarnlight_6bea956e.tlsf	direct:tlsf/tsl_smart_home_jarvis/extracted-benchmarks:CheckWarnlight	CheckWarnlight	direct	none		{}	0	1340	UNREALIZABLE	1	0.03670417796820402	UNREALIZABLE	1	0.037692829966545105	UNREALIZABLE	1	0.03670417796820402	B
CheckWarnlightBroken1_70523fbe.ltl	CheckWarnlightBroken1_70523fbe.tlsf	direct:tlsf/tsl_smart_home_jarvis/extracted-benchmarks:CheckWarnlightBroken	CheckWarnlightBroken	direct	none		{}	0	1308	REALIZABLE	1	0.03592224989552051	REALIZABLE	1	0.03414275904651731	REALIZABLE	1	0.03414275904651731	B
CheckWindows_54e1f7d2.ltl	CheckWindows_54e1f7d2.tlsf	direct:tlsf/tsl_smart_home_jarvis/extracted-benchmarks:CheckWindows	CheckWindows	direct	none		{}	0	518	UNREALIZABLE	1	0.03381080902181566	UNREALIZABLE	1	0.03505917405709624	UNREALIZABLE	1	0.03381080902181566	B
Cockpitboard_efe2feaf.ltl	Cockpitboard_efe2feaf.tlsf	direct:tlsf/tsl_smart_home_jarvis/extracted-benchmarks:Cockpitboard	Cockpitboard	direct	none		{}	0	4186	REALIZABLE	1	0.03446477488614619	REALIZABLE	1	0.029709429014474154	REALIZABLE	1	0.029709429014474154	B
CoffeMachine_974f4a68.ltl	CoffeMachine_974f4a68.tlsf	direct:tlsf/tsl_smart_home_jarvis/extracted-benchmarks:CoffeMachine	CoffeMachine	direct	none		{}	0	2313	REALIZABLE	1	0.041413784958422184	REALIZABLE	1	0.04352645599283278	REALIZABLE	1	0.041413784958422184	B
CoffeMachine_a50cadd7.ltl	CoffeMachine_a50cadd7.tlsf	direct:tlsf/tsl_smart_home_jarvis/extracted-benchmarks:CoffeMachine	CoffeMachine	direct	none		{}	0	1712	UNREALIZABLE	1	0.03799844207242131	UNREALIZABLE	1	0.0309841149719432	UNREALIZABLE	1	0.0309841149719432	B
Coffee_06e9cad4.ltl	Coffee_06e9cad4.tlsf	direct:tlsf/tsl_smart_home_jarvis/extracted-benchmarks:Coffee	Coffee	direct	none		{}	0	2638	REALIZABLE	1	0.0457103910157457	REALIZABLE	1	0.04668235604185611	REALIZABLE	1	0.0457103910157457	B
Coffee_235467da.ltl	Coffee_235467da.tlsf	direct:tlsf/tsl_smart_home_jarvis/extracted-benchmarks:Coffee	Coffee	direct	none		{}	0	2114	REALIZABLE	1	0.036497980006970465	REALIZABLE	1	0.030588219058699906	REALIZABLE	1	0.030588219058699906	B
Coffee_2c5b09da.ltl	Coffee_2c5b09da.tlsf	direct:tlsf/tsl_smart_home_jarvis/extracted-benchmarks:Coffee	Coffee	direct	none		{}	0	2837	REALIZABLE	1	0.03189554694108665	REALIZABLE	1	0.03932046703994274	REALIZABLE	1	0.03189554694108665	B
Coffee_6479ef9a.ltl	Coffee_6479ef9a.tlsf	direct:tlsf/tsl_smart_home_jarvis/extracted-benchmarks:Coffee	Coffee	direct	none		{}	0	2508	REALIZABLE	1	0.04445051006041467	REALIZABLE	1	0.043616135022602975	REALIZABLE	1	0.043616135022602975	B
Coffee_d6376bf9.ltl	Coffee_d6376bf9.tlsf	direct:tlsf/tsl_smart_home_jarvis/extracted-benchmarks:Coffee	Coffee	direct	none		{}	0	2769	REALIZABLE	1	0.028300328995101154	REALIZABLE	1	0.037822559010237455	REALIZABLE	1	0.028300328995101154	B
Coffee_efe2feaf.ltl	Coffee_efe2feaf.tlsf	direct:tlsf/tsl_smart_home_jarvis/extracted-benchmarks:Coffee	Coffee	direct	none		{}	0	2082	REALIZABLE	1	0.03634910506661981	REALIZABLE	1	0.03881455899681896	REALIZABLE	1	0.03634910506661981	B
Coffee_f1477cc5.ltl	Coffee_f1477cc5.tlsf	direct:tlsf/tsl_smart_home_jarvis/extracted-benchmarks:Coffee	Coffee	direct	none		{}	0	2458	UNREALIZABLE	1	0.03984858107287437	UNREALIZABLE	1	0.03145785699598491	UNREALIZABLE	1	0.03145785699598491	B
CoffeeMin_88f351a6.ltl	CoffeeMin_88f351a6.tlsf	direct:tlsf/tsl_smart_home_jarvis/extracted-benchmarks:CoffeeMin	CoffeeMin	direct	none		{}	0	1261	REALIZABLE	1	0.03484830597881228	REALIZABLE	1	0.03140796395018697	REALIZABLE	1	0.03140796395018697	B
Core_4b5a2bad.ltl	Core_4b5a2bad.tlsf	direct:tlsf/tsl_smart_home_jarvis/extracted-benchmarks:Core	Core	direct	none		{}	0	2786	UNREALIZABLE	1	0.050771744921803474	UNREALIZABLE	1	0.05701764498371631	UNREALIZABLE	1	0.050771744921803474	B
Core_66f450a4.ltl	Core_66f450a4.tlsf	direct:tlsf/tsl_smart_home_jarvis/extracted-benchmarks:Core	Core	direct	none		{}	0	1781	UNREALIZABLE	1	0.02852342906408012	UNREALIZABLE	1	0.02607075695414096	UNREALIZABLE	1	0.02607075695414096	B
Core_fa4d4ce3.ltl	Core_fa4d4ce3.tlsf	direct:tlsf/tsl_smart_home_jarvis/extracted-benchmarks:Core	Core	direct	none		{}	0	3014	UNREALIZABLE	1	0.049527670023962855	UNREALIZABLE	1	0.045035246992483735	UNREALIZABLE	1	0.045035246992483735	B
Core_solved_974f4a68.ltl	Core_solved_974f4a68.tlsf	direct:tlsf/tsl_smart_home_jarvis/extracted-benchmarks:Core_solved	Core_solved	direct	none		{}	0	2965	REALIZABLE	1	0.03942483605351299	REALIZABLE	1	0.043092960957437754	REALIZABLE	1	0.03942483605351299	B
Demo1_06e9cad4.ltl	Demo1_06e9cad4.tlsf	direct:tlsf/tsl_smart_home_jarvis/extracted-benchmarks:Demo	Demo	direct	none		{}	0	11512	TIMEOUT		60.124946573982015	TIMEOUT		60.124930900055915	TIMEOUT			
Demo1_2c5b09da.ltl	Demo1_2c5b09da.tlsf	direct:tlsf/tsl_smart_home_jarvis/extracted-benchmarks:Demo	Demo	direct	none		{}	0	11712	TIMEOUT		60.124676969018765	TIMEOUT		60.12561834708322	TIMEOUT			
Demo1_63831f8c.ltl	Demo1_63831f8c.tlsf	direct:tlsf/tsl_smart_home_jarvis/extracted-benchmarks:Demo	Demo	direct	none		{}	0	11350	TIMEOUT		60.12594705703668	TIMEOUT		60.12538647395559	TIMEOUT			
Demo1_c2b9e44d.ltl	Demo1_c2b9e44d.tlsf	direct:tlsf/tsl_smart_home_jarvis/extracted-benchmarks:Demo	Demo	direct	none		{}	0	11382	TIMEOUT		60.12580844096374	TIMEOUT		60.12523005600087	TIMEOUT			
Demo1_d65ed84e.ltl	Demo1_d65ed84e.tlsf	direct:tlsf/tsl_smart_home_jarvis/extracted-benchmarks:Demo	Demo	direct	none		{}	0	11642	TIMEOUT		60.124898151960224	TIMEOUT		60.11578085797373	TIMEOUT			
DeviceBehaviorChec_fa8592c8.ltl	DeviceBehaviorChec_fa8592c8.tlsf	direct:tlsf/tsl_smart_home_jarvis/extracted-benchmarks:DeviceBehaviorChec	DeviceBehaviorChec	direct	none		{}	0	2317	UNREALIZABLE	1	0.02236916997935623	UNREALIZABLE	1	0.029190236935392022	UNREALIZABLE	1	0.02236916997935623	B
Door_2d1010f8.ltl	Door_2d1010f8.tlsf	direct:tlsf/tsl_smart_home_jarvis/extracted-benchmarks:Door	Door	direct	none		{}	0	1469	REALIZABLE	1	0.019919378915801644	REALIZABLE	1	0.025051280041225255	REALIZABLE	1	0.019919378915801644	B
Example1_d6376bf9.ltl	Example1_d6376bf9.tlsf	direct:tlsf/tsl_smart_home_jarvis/extracted-benchmarks:Example	Example	direct	none		{}	0	1833	REALIZABLE	1	0.0191645190352574	REALIZABLE	1	0.0343250340083614	REALIZABLE	1	0.0191645190352574	B
FelixSpecFixed2_fa4d4ce3.ltl	FelixSpecFixed2_fa4d4ce3.tlsf	direct:tlsf/tsl_smart_home_jarvis/extracted-benchmarks:FelixSpecFixed	FelixSpecFixed	direct	none		{}	0	11767	TIMEOUT		60.17530671693385	TIMEOUT		60.175978627987206	TIMEOUT			
FelixSpecFixed3_b0840146.ltl	FelixSpecFixed3_b0840146.tlsf	direct:tlsf/tsl_smart_home_jarvis/extracted-benchmarks:FelixSpecFixed	FelixSpecFixed	direct	none		{}	0	11852	TIMEOUT		60.17077398404945	TIMEOUT		60.175483801052906	TIMEOUT			
FelixSpecFixed4_3916ec59.ltl	FelixSpecFixed4_3916ec59.tlsf	direct:tlsf/tsl_smart_home_jarvis/extracted-benchmarks:FelixSpecFixed	FelixSpecFixed	direct	none		{}	0	11963	TIMEOUT		60.17598198202904	TIMEOUT		60.175882228068076	TIMEOUT			
FelixSpecFixed5_f82794da.ltl	FelixSpecFixed5_f82794da.tlsf	direct:tlsf/tsl_smart_home_jarvis/extracted-benchmarks:FelixSpecFixed	FelixSpecFixed	direct	none		{}	0	11952	TIMEOUT		60.11414368194528	TIMEOUT		60.09012217109557	TIMEOUT			
FelixSpecFixed_2418b67e.ltl	FelixSpecFixed_2418b67e.tlsf	direct:tlsf/tsl_smart_home_jarvis/extracted-benchmarks:FelixSpecFixed	FelixSpecFixed	direct	none		{}	0	11762	TIMEOUT		60.17492730997037	TIMEOUT		60.17511438194197	TIMEOUT			
FelixSpecFixed2.2.core_fa8592c8.ltl	FelixSpecFixed2.2.core_fa8592c8.tlsf	direct:tlsf/tsl_smart_home_jarvis/extracted-benchmarks:FelixSpecFixed2.2.core	FelixSpecFixed2.2.core	direct	none		{}	0	1710	UNREALIZABLE	1	0.030663338024169207	UNREALIZABLE	1	0.02690683794207871	UNREALIZABLE	1	0.02690683794207871	B
FelixSpecFixed3.core_b209ff21.ltl	FelixSpecFixed3.core_b209ff21.tlsf	direct:tlsf/tsl_smart_home_jarvis/extracted-benchmarks:FelixSpecFixed3.core	FelixSpecFixed3.core	direct	none		{}	0	3163	UNREALIZABLE	1	0.0664805460255593	UNREALIZABLE	1	0.05683299503289163	UNREALIZABLE	1	0.05683299503289163	B
FelixSpecFixed4GuaranteesOnly_88f351a6.ltl	FelixSpecFixed4GuaranteesOnly_88f351a6.tlsf	direct:tlsf/tsl_smart_home_jarvis/extracted-benchmarks:FelixSpecFixed4GuaranteesOnly	FelixSpecFixed4GuaranteesOnly	direct	none		{}	0	5682	UNREALIZABLE	1	0.018717137980274856	UNREALIZABLE	1	0.024263522936962545	UNREALIZABLE	1	0.018717137980274856	B
Full_f1477cc5.ltl	Full_f1477cc5.tlsf	direct:tlsf/tsl_smart_home_jarvis/extracted-benchmarks:Full	Full	direct	none		{}	0	18540	TIMEOUT		60.17456546192989	TIMEOUT		60.17490176006686	TIMEOUT			
Heating_235467da.ltl	Heating_235467da.tlsf	direct:tlsf/tsl_smart_home_jarvis/extracted-benchmarks:Heating	Heating	direct	none		{}	0	1324	REALIZABLE	1	0.04101478005759418	REALIZABLE	1	0.016385760973207653	REALIZABLE	1	0.016385760973207653	B
Heating_974f4a68.ltl	Heating_974f4a68.tlsf	direct:tlsf/tsl_smart_home_jarvis/extracted-benchmarks:Heating	Heating	direct	none		{}	0	1495	REALIZABLE	1	0.0404585920041427	REALIZABLE	1	0.022755795973353088	REALIZABLE	1	0.022755795973353088	B
Heating_b02056d6.ltl	Heating_b02056d6.tlsf	direct:tlsf/tsl_smart_home_jarvis/extracted-benchmarks:Heating	Heating	direct	none		{}	0	1316	REALIZABLE	1	0.03746375592891127	REALIZABLE	1	0.018884745077230036	REALIZABLE	1	0.018884745077230036	B
Heating_b209ff21.ltl	Heating_b209ff21.tlsf	direct:tlsf/tsl_smart_home_jarvis/extracted-benchmarks:Heating	Heating	direct	none		{}	0	1306	REALIZABLE	1	0.03566191508434713	REALIZABLE	1	0.016790704103186727	REALIZABLE	1	0.016790704103186727	B
HeatingMin_d6c5ac79.ltl	HeatingMin_d6c5ac79.tlsf	direct:tlsf/tsl_smart_home_jarvis/extracted-benchmarks:HeatingMin	HeatingMin	direct	none		{}	0	1110	REALIZABLE	1	0.0345935788936913	REALIZABLE	1	0.01917964604217559	REALIZABLE	1	0.01917964604217559	B
IntendDemo_42dc4fff.ltl	IntendDemo_42dc4fff.tlsf	direct:tlsf/tsl_smart_home_jarvis/extracted-benchmarks:IntendDemo	IntendDemo	direct	none		{}	0	4927	UNREALIZABLE	1	0.05753105494659394	UNREALIZABLE	1	0.03771718998905271	UNREALIZABLE	1	0.03771718998905271	B
LampController_974f4a68.ltl	LampController_974f4a68.tlsf	direct:tlsf/tsl_smart_home_jarvis/extracted-benchmarks:LampController	LampController	direct	none		{}	0	1648	REALIZABLE	1	0.030371536035090685	REALIZABLE	1	0.025063085020519793	REALIZABLE	1	0.025063085020519793	B
Light_a50cadd7.ltl	Light_a50cadd7.tlsf	direct:tlsf/tsl_smart_home_jarvis/extracted-benchmarks:Light	Light	direct	none		{}	0	1391	UNREALIZABLE	1	0.024573751958087087	UNREALIZABLE	1	0.019834253005683422	UNREALIZABLE	1	0.019834253005683422	B
Light_aeb1d897.ltl	Light_aeb1d897.tlsf	direct:tlsf/tsl_smart_home_jarvis/extracted-benchmarks:Light	Light	direct	none		{}	0	2827	UNREALIZABLE	1	0.02755169803276658	UNREALIZABLE	1	0.03351819608360529	UNREALIZABLE	1	0.02755169803276658	B
Light_d65ed84e.ltl	Light_d65ed84e.tlsf	direct:tlsf/tsl_smart_home_jarvis/extracted-benchmarks:Light	Light	direct	none		{}	0	2808	REALIZABLE	1	0.022050656960345805	REALIZABLE	1	0.02624480496160686	REALIZABLE	1	0.022050656960345805	B
Lights2_06e9cad4.ltl	Lights2_06e9cad4.tlsf	direct:tlsf/tsl_smart_home_jarvis/extracted-benchmarks:Lights	Lights	direct	none		{}	0	3756	REALIZABLE	1	0.19244980707298964	REALIZABLE	1	0.2021609500516206	REALIZABLE	1	0.19244980707298964	B
Lights2_0f5381e9.ltl	Lights2_0f5381e9.tlsf	direct:tlsf/tsl_smart_home_jarvis/extracted-benchmarks:Lights	Lights	direct	none		{}	0	3886	REALIZABLE	1	0.18457295303232968	REALIZABLE	1	0.17214160703588277	REALIZABLE	1	0.17214160703588277	B
Lights2_2c5b09da.ltl	Lights2_2c5b09da.tlsf	direct:tlsf/tsl_smart_home_jarvis/extracted-benchmarks:Lights	Lights	direct	none		{}	0	3955	REALIZABLE	1	0.038972454029135406	REALIZABLE	1	0.05794857698492706	REALIZABLE	1	0.038972454029135406	B
Lights2_9cac58d3.ltl	Lights2_9cac58d3.tlsf	direct:tlsf/tsl_smart_home_jarvis/extracted-benchmarks:Lights	Lights	direct	none		{}	0	3030	REALIZABLE	1	0.17229571903590113	REALIZABLE	1	0.17660524894017726	REALIZABLE	1	0.17229571903590113	B
Lights2_b02056d6.ltl	Lights2_b02056d6.tlsf	direct:tlsf/tsl_smart_home_jarvis/extracted-benchmarks:Lights	Lights	direct	none		{}	0	2998	REALIZABLE	1	0.16685469495132565	REALIZABLE	1	0.19554567302111536	REALIZABLE	1	0.16685469495132565	B
Lights2_f1477cc5.ltl	Lights2_f1477cc5.tlsf	direct:tlsf/tsl_smart_home_jarvis/extracted-benchmarks:Lights	Lights	direct	none		{}	0	3655	UNREALIZABLE	1	0.037901877076365054	UNREALIZABLE	1	0.05023966601584107	UNREALIZABLE	1	0.037901877076365054	B
Lights2_f3987563.ltl	Lights2_f3987563.tlsf	direct:tlsf/tsl_smart_home_jarvis/extracted-benchmarks:Lights	Lights	direct	none		{}	0	3626	REALIZABLE	1	0.17291957093402743	REALIZABLE	1	0.18061123311053962	REALIZABLE	1	0.17291957093402743	B
Lights3_06e9cad4.ltl	Lights3_06e9cad4.tlsf	direct:tlsf/tsl_smart_home_jarvis/extracted-benchmarks:Lights	Lights	direct	none		{}	0	2552	REALIZABLE	1	0.02689668198581785	REALIZABLE	1	0.031468275003135204	REALIZABLE	1	0.02689668198581785	B
Lights3_235467da.ltl	Lights3_235467da.tlsf	direct:tlsf/tsl_smart_home_jarvis/extracted-benchmarks:Lights	Lights	direct	none		{}	0	1984	REALIZABLE	1	0.02845236798748374	REALIZABLE	1	0.03157967294100672	REALIZABLE	1	0.02845236798748374	B
Lights3_2c5b09da.ltl	Lights3_2c5b09da.tlsf	direct:tlsf/tsl_smart_home_jarvis/extracted-benchmarks:Lights	Lights	direct	none		{}	0	2752	REALIZABLE	1	0.01663191302213818	REALIZABLE	1	0.027468377957120538	REALIZABLE	1	0.01663191302213818	B
Lights3_3916ec59.ltl	Lights3_3916ec59.tlsf	direct:tlsf/tsl_smart_home_jarvis/extracted-benchmarks:Lights	Lights	direct	none		{}	0	2682	REALIZABLE	1	0.027562621049582958	REALIZABLE	1	0.044107550056651235	REALIZABLE	1	0.027562621049582958	B
Lights3_6bea956e.ltl	Lights3_6bea956e.tlsf	direct:tlsf/tsl_smart_home_jarvis/extracted-benchmarks:Lights	Lights	direct	none		{}	0	1964	REALIZABLE	1	0.0316499249311164	REALIZABLE	1	0.043825632077641785	REALIZABLE	1	0.0316499249311164	B
Lights3_f1477cc5.ltl	Lights3_f1477cc5.tlsf	direct:tlsf/tsl_smart_home_jarvis/extracted-benchmarks:Lights	Lights	direct	none		{}	0	2422	REALIZABLE	1	0.029673482989892364	REALIZABLE	1	0.0365025419741869	REALIZABLE	1	0.029673482989892364	B
Lights_06e9cad4.ltl	Lights_06e9cad4.tlsf	direct:tlsf/tsl_smart_home_jarvis/extracted-benchmarks:Lights	Lights	direct	none		{}	0	2384	REALIZABLE	1	0.029374532983638346	REALIZABLE	1	0.03663743904326111	REALIZABLE	1	0.029374532983638346	B
Lights_2c5b09da.ltl	Lights_2c5b09da.tlsf	direct:tlsf/tsl_smart_home_jarvis/extracted-benchmarks:Lights	Lights	direct	none		{}	0	2584	REALIZABLE	1	0.03482926695141941	REALIZABLE	1	0.020200795028358698	REALIZABLE	1	0.020200795028358698	B
Lights_3461125b.ltl	Lights_3461125b.tlsf	direct:tlsf/tsl_smart_home_jarvis/extracted-benchmarks:Lights	Lights	direct	none		{}	0	1809	REALIZABLE	1	0.050803753081709146	REALIZABLE	1	0.06158509606029838	REALIZABLE	1	0.050803753081709146	B
Lights_9cac58d3.ltl	Lights_9cac58d3.tlsf	direct:tlsf/tsl_smart_home_jarvis/extracted-benchmarks:Lights	Lights	direct	none		{}	0	1829	REALIZABLE	1	0.041135907056741416	REALIZABLE	1	0.0444471740629524	REALIZABLE	1	0.041135907056741416	B
Lights_b0840146.ltl	Lights_b0840146.tlsf	direct:tlsf/tsl_smart_home_jarvis/extracted-benchmarks:Lights	Lights	direct	none		{}	0	2514	REALIZABLE	1	0.03544173494447023	REALIZABLE	1	0.04745183791965246	REALIZABLE	1	0.03544173494447023	B
Lights_f3987563.ltl	Lights_f3987563.tlsf	direct:tlsf/tsl_smart_home_jarvis/extracted-benchmarks:Lights	Lights	direct	none		{}	0	2254	REALIZABLE	1	0.03420251898933202	REALIZABLE	1	0.047721635084599257	REALIZABLE	1	0.03420251898933202	B
Lights2Min_9cbf2546.ltl	Lights2Min_9cbf2546.tlsf	direct:tlsf/tsl_smart_home_jarvis/extracted-benchmarks:Lights2Min	Lights2Min	direct	none		{}	0	1840	REALIZABLE	1	0.019999665091745555	REALIZABLE	1	0.03688986599445343	REALIZABLE	1	0.019999665091745555	B
Lights3Min_6479ef9a.ltl	Lights3Min_6479ef9a.tlsf	direct:tlsf/tsl_smart_home_jarvis/extracted-benchmarks:Lights3Min	Lights3Min	direct	none		{}	0	1391	REALIZABLE	1	0.01755771995522082	REALIZABLE	1	0.015716205933131278	REALIZABLE	1	0.015716205933131278	B
LightsMin_6bea956e.ltl	LightsMin_6bea956e.tlsf	direct:tlsf/tsl_smart_home_jarvis/extracted-benchmarks:LightsMin	LightsMin	direct	none		{}	0	1476	REALIZABLE	1	0.020551202003844082	REALIZABLE	1	0.026487882947549224	REALIZABLE	1	0.020551202003844082	B
LightsTotal_06e9cad4.ltl	LightsTotal_06e9cad4.tlsf	direct:tlsf/tsl_smart_home_jarvis/extracted-benchmarks:LightsTotal	LightsTotal	direct	none		{}	0	4053	REALIZABLE	1	0.4015456270426512	REALIZABLE	1	0.42282845405861735	REALIZABLE	1	0.4015456270426512	B
LightsTotal_2c5b09da.ltl	LightsTotal_2c5b09da.tlsf	direct:tlsf/tsl_smart_home_jarvis/extracted-benchmarks:LightsTotal	LightsTotal	direct	none		{}	0	4254	UNREALIZABLE	1	0.05212102795485407	UNREALIZABLE	1	0.051214374019764364	UNREALIZABLE	1	0.051214374019764364	B
LightsTotal_9cbf2546.ltl	LightsTotal_9cbf2546.tlsf	direct:tlsf/tsl_smart_home_jarvis/extracted-benchmarks:LightsTotal	LightsTotal	direct	none		{}	0	3923	REALIZABLE	1	0.4090793670620769	REALIZABLE	1	0.4015538829844445	REALIZABLE	1	0.4015538829844445	B
LightsTotal_d65ed84e.ltl	LightsTotal_d65ed84e.tlsf	direct:tlsf/tsl_smart_home_jarvis/extracted-benchmarks:LightsTotal	LightsTotal	direct	none		{}	0	4183	REALIZABLE	1	0.3606287019792944	REALIZABLE	1	0.37393449898809195	REALIZABLE	1	0.3606287019792944	B
Morning2_06e9cad4.ltl	Morning2_06e9cad4.tlsf	direct:tlsf/tsl_smart_home_jarvis/extracted-benchmarks:Morning	Morning	direct	none		{}	0	5976	TIMEOUT		60.37753750500269	MEMOUT		57.9784493210027	MEMOUT			
Morning2_1cf58fc1.ltl	Morning2_1cf58fc1.tlsf	direct:tlsf/tsl_smart_home_jarvis/extracted-benchmarks:Morning	Morning	direct	none		{}	0	5240	UNREALIZABLE	5	4.988736137980595	UNREALIZABLE	17	5.302697996026836	UNREALIZABLE	5	4.988736137980595	B
Morning2_2c5b09da.ltl	Morning2_2c5b09da.tlsf	direct:tlsf/tsl_smart_home_jarvis/extracted-benchmarks:Morning	Morning	direct	none		{}	0	6176	TIMEOUT		60.07219756406266	TIMEOUT		60.12437760795001	TIMEOUT			
Morning2_407db2cc.ltl	Morning2_407db2cc.tlsf	direct:tlsf/tsl_smart_home_jarvis/extracted-benchmarks:Morning	Morning	direct	none		{}	0	5292	MEMOUT		49.47715139598586	CRASH		51.700281636905856	CRASH			
Morning2_4d4ca5c4.ltl	Morning2_4d4ca5c4.tlsf	direct:tlsf/tsl_smart_home_jarvis/extracted-benchmarks:Morning	Morning	direct	none		{}	0	4179	REALIZABLE	1	0.02693306200671941	REALIZABLE	1	0.027152220020070672	REALIZABLE	1	0.02693306200671941	B
Morning2_63831f8c.ltl	Morning2_63831f8c.tlsf	direct:tlsf/tsl_smart_home_jarvis/extracted-benchmarks:Morning	Morning	direct	none		{}	0	5846	TIMEOUT		60.09186233300716	MEMOUT		59.875683460966684	MEMOUT			
Morning2_68c86764.ltl	Morning2_68c86764.tlsf	direct:tlsf/tsl_smart_home_jarvis/extracted-benchmarks:Morning	Morning	direct	none		{}	0	5578	MEMOUT		57.89218324702233	MEMOUT		58.73993877507746	MEMOUT			
Morning2_9cac58d3.ltl	Morning2_9cac58d3.tlsf	direct:tlsf/tsl_smart_home_jarvis/extracted-benchmarks:Morning	Morning	direct	none		{}	0	4235	REALIZABLE	1	0.018489589099772274	REALIZABLE	1	0.018218143959529698	REALIZABLE	1	0.018218143959529698	B
Morning2_d65ed84e.ltl	Morning2_d65ed84e.tlsf	direct:tlsf/tsl_smart_home_jarvis/extracted-benchmarks:Morning	Morning	direct	none		{}	0	6106	CRASH		45.97982891392894	MEMOUT		46.47320207301527	CRASH			
Morning_14a3b3a2.ltl	Morning_14a3b3a2.tlsf	direct:tlsf/tsl_smart_home_jarvis/extracted-benchmarks:Morning	Morning	direct	none		{}	0	6624	UNREALIZABLE	17	15.771807237993926	UNREALIZABLE	17	14.65339196799323	UNREALIZABLE	17	14.65339196799323	B
Morning_4b5e6eaa.ltl	Morning_4b5e6eaa.tlsf	direct:tlsf/tsl_smart_home_jarvis/extracted-benchmarks:Morning	Morning	direct	none		{}	0	6349	UNREALIZABLE	17	15.612105565029196	UNREALIZABLE	17	14.783116339007393	UNREALIZABLE	17	14.783116339007393	B
Morning_88c5c1c3.ltl	Morning_88c5c1c3.tlsf	direct:tlsf/tsl_smart_home_jarvis/extracted-benchmarks:Morning	Morning	direct	none		{}	0	5055	TIMEOUT		60.12427495396696	TIMEOUT		60.06960429798346	TIMEOUT			
Morning_9cac58d3.ltl	Morning_9cac58d3.tlsf	direct:tlsf/tsl_smart_home_jarvis/extracted-benchmarks:Morning	Morning	direct	none		{}	0	5119	TIMEOUT		60.12424134998582	TIMEOUT		60.12494616699405	TIMEOUT			
Morning_c92eb242.ltl	Morning_c92eb242.tlsf	direct:tlsf/tsl_smart_home_jarvis/extracted-benchmarks:Morning	Morning	direct	none		{}	0	6079	UNREALIZABLE	17	15.646412765025161	UNREALIZABLE	17	14.827446607057936	UNREALIZABLE	17	14.827446607057936	B
Morning_f1477cc5.ltl	Morning_f1477cc5.tlsf	direct:tlsf/tsl_smart_home_jarvis/extracted-benchmarks:Morning	Morning	direct	none		{}	0	5977	UNREALIZABLE	17	14.474409861955792	UNREALIZABLE	17	13.508398551959544	UNREALIZABLE	17	13.508398551959544	B
Morning_f2774e0b.ltl	Morning_f2774e0b.tlsf	direct:tlsf/tsl_smart_home_jarvis/extracted-benchmarks:Morning	Morning	direct	none		{}	0	6029	UNREALIZABLE	17	15.199268274009228	UNREALIZABLE	17	14.057439561001956	UNREALIZABLE	17	14.057439561001956	B
Morning2Min_6cbc6174.ltl	Morning2Min_6cbc6174.tlsf	direct:tlsf/tsl_smart_home_jarvis/extracted-benchmarks:Morning2Min	Morning2Min	direct	none		{}	0	1592	REALIZABLE	1	0.024183777044527233	REALIZABLE	1	0.019524213974364102	REALIZABLE	1	0.019524213974364102	B
Morning2s_06cf2373.ltl	Morning2s_06cf2373.tlsf	direct:tlsf/tsl_smart_home_jarvis/extracted-benchmarks:Morning2s	Morning2s	direct	none		{}	0	6128	TIMEOUT		60.17450303595979	TIMEOUT		60.14482192997821	TIMEOUT			
Morning2s_06e9cad4.ltl	Morning2s_06e9cad4.tlsf	direct:tlsf/tsl_smart_home_jarvis/extracted-benchmarks:Morning2s	Morning2s	direct	none		{}	0	6258	TIMEOUT		60.14484215702396	TIMEOUT		60.17538855096791	TIMEOUT			
Morning2s_2c5b09da.ltl	Morning2s_2c5b09da.tlsf	direct:tlsf/tsl_smart_home_jarvis/extracted-benchmarks:Morning2s	Morning2s	direct	none		{}	0	6458	TIMEOUT		60.124318015994504	TIMEOUT		60.09835582901724	TIMEOUT			
Morning2s_42dc4fff.ltl	Morning2s_42dc4fff.tlsf	direct:tlsf/tsl_smart_home_jarvis/extracted-benchmarks:Morning2s	Morning2s	direct	none		{}	0	6422	TIMEOUT		60.17534934997093	TIMEOUT		60.14552081597503	TIMEOUT			
Morning2s_9cbf2546.ltl	Morning2s_9cbf2546.tlsf	direct:tlsf/tsl_smart_home_jarvis/extracted-benchmarks:Morning2s	Morning2s	direct	none		{}	0	5860	TIMEOUT		60.16102884407155	TIMEOUT		60.14089153998066	TIMEOUT			
Morning2s_d6c5ac79.ltl	Morning2s_d6c5ac79.tlsf	direct:tlsf/tsl_smart_home_jarvis/extracted-benchmarks:Morning2s	Morning2s	direct	none		{}	0	6388	TIMEOUT		60.17450281197671	TIMEOUT		60.1619152299827	TIMEOUT			
MorningMin_d6c5ac79.ltl	MorningMin_d6c5ac79.tlsf	direct:tlsf/tsl_smart_home_jarvis/extracted-benchmarks:MorningMin	MorningMin	direct	none		{}	0	3141	REALIZABLE	1	0.030495283077470958	REALIZABLE	1	0.025513434899039567	REALIZABLE	1	0.025513434899039567	B
PlugController_fa4d4ce3.ltl	PlugController_fa4d4ce3.tlsf	direct:tlsf/tsl_smart_home_jarvis/extracted-benchmarks:PlugController	PlugController	direct	none		{}	0	1336	REALIZABLE	1	0.04437102994415909	REALIZABLE	1	0.030038786004297435	REALIZABLE	1	0.030038786004297435	B
Room_a50cadd7.ltl	Room_a50cadd7.tlsf	direct:tlsf/tsl_smart_home_jarvis/extracted-benchmarks:Room	Room	direct	none		{}	0	675	UNREALIZABLE	1	0.0317955210339278	UNREALIZABLE	1	0.0351990059716627	UNREALIZABLE	1	0.0317955210339278	B
Shades2_235467da.ltl	Shades2_235467da.tlsf	direct:tlsf/tsl_smart_home_jarvis/extracted-benchmarks:Shades	Shades	direct	none		{}	0	1638	REALIZABLE	1	0.04165813699364662	REALIZABLE	1	0.03618417994584888	REALIZABLE	1	0.03618417994584888	B
Shades2_42dc4fff.ltl	Shades2_42dc4fff.tlsf	direct:tlsf/tsl_smart_home_jarvis/extracted-benchmarks:Shades	Shades	direct	none		{}	0	1956	REALIZABLE	1	0.038552704034373164	REALIZABLE	1	0.03694467304740101	REALIZABLE	1	0.03694467304740101	B
Shades2_70523fbe.ltl	Shades2_70523fbe.tlsf	direct:tlsf/tsl_smart_home_jarvis/extracted-benchmarks:Shades	Shades	direct	none		{}	0	1686	REALIZABLE	1	0.015255670994520187	REALIZABLE	1	0.03508366295136511	REALIZABLE	1	0.015255670994520187	B
Shades2_a5f99bc6.ltl	Shades2_a5f99bc6.tlsf	direct:tlsf/tsl_smart_home_jarvis/extracted-benchmarks:Shades	Shades	direct	none		{}	0	1630	REALIZABLE	1	0.018308209953829646	REALIZABLE	1	0.0354162190342322	REALIZABLE	1	0.018308209953829646	B
Shades_6479ef9a.ltl	Shades_6479ef9a.tlsf	direct:tlsf/tsl_smart_home_jarvis/extracted-benchmarks:Shades	Shades	direct	none		{}	0	1621	REALIZABLE	1	0.01775867003016174	REALIZABLE	1	0.036129728076048195	REALIZABLE	1	0.01775867003016174	B
Shades_974f4a68.ltl	Shades_974f4a68.tlsf	direct:tlsf/tsl_smart_home_jarvis/extracted-benchmarks:Shades	Shades	direct	none		{}	0	2133	REALIZABLE	1	0.02210399101022631	REALIZABLE	1	0.041818018071353436	REALIZABLE	1	0.02210399101022631	B
Shades_9cac58d3.ltl	Shades_9cac58d3.tlsf	direct:tlsf/tsl_smart_home_jarvis/extracted-benchmarks:Shades	Shades	direct	none		{}	0	1573	REALIZABLE	1	0.03212989796884358	REALIZABLE	1	0.03523565595969558	REALIZABLE	1	0.03212989796884358	B
Shades_a02758ea.ltl	Shades_a02758ea.tlsf	direct:tlsf/tsl_smart_home_jarvis/extracted-benchmarks:Shades	Shades	direct	none		{}	0	1565	REALIZABLE	1	0.03576399199664593	REALIZABLE	1	0.03802902810275555	REALIZABLE	1	0.03576399199664593	B
Shades2Min_63831f8c.ltl	Shades2Min_63831f8c.tlsf	direct:tlsf/tsl_smart_home_jarvis/extracted-benchmarks:Shades2Min	Shades2Min	direct	none		{}	0	1037	REALIZABLE	1	0.015065196086652577	REALIZABLE	1	0.026850200025364757	REALIZABLE	1	0.015065196086652577	B
ShadesMin_aeb1d897.ltl	ShadesMin_aeb1d897.tlsf	direct:tlsf/tsl_smart_home_jarvis/extracted-benchmarks:ShadesMin	ShadesMin	direct	none		{}	0	972	REALIZABLE	1	0.018547551007941365	REALIZABLE	1	0.027778674033470452	REALIZABLE	1	0.018547551007941365	B
SingleContoller_d65ed84e.ltl	SingleContoller_d65ed84e.tlsf	direct:tlsf/tsl_smart_home_jarvis/extracted-benchmarks:SingleContoller	SingleContoller	direct	none		{}	0	3112	UNREALIZABLE	1	0.04018024099059403	UNREALIZABLE	1	0.047746064024977386	UNREALIZABLE	1	0.04018024099059403	B
System_b0840146.ltl	System_b0840146.tlsf	direct:tlsf/tsl_smart_home_jarvis/extracted-benchmarks:System	System	direct	none		{}	0	1297	UNREALIZABLE	1	0.02866005606483668	UNREALIZABLE	1	0.032385002938099205	UNREALIZABLE	1	0.02866005606483668	B
Time_a50cadd7.ltl	Time_a50cadd7.tlsf	direct:tlsf/tsl_smart_home_jarvis/extracted-benchmarks:Time	Time	direct	none		{}	0	709	UNREALIZABLE	1	0.036255124025046825	UNREALIZABLE	1	0.03382490109652281	UNREALIZABLE	1	0.03382490109652281	B
Timer_a50cadd7.ltl	Timer_a50cadd7.tlsf	direct:tlsf/tsl_smart_home_jarvis/extracted-benchmarks:Timer	Timer	direct	none		{}	0	1337	REALIZABLE	1	0.034156086039729416	REALIZABLE	1	0.038172780885361135	REALIZABLE	1	0.034156086039729416	B
Warnlight_2d1010f8.ltl	Warnlight_2d1010f8.tlsf	direct:tlsf/tsl_smart_home_jarvis/extracted-benchmarks:Warnlight	Warnlight	direct	none		{}	0	1646	REALIZABLE	1	0.03965512092690915	REALIZABLE	1	0.040818613953888416	REALIZABLE	1	0.03965512092690915	B
Warnlight_a50cadd7.ltl	Warnlight_a50cadd7.tlsf	direct:tlsf/tsl_smart_home_jarvis/extracted-benchmarks:Warnlight	Warnlight	direct	none		{}	0	1286	UNREALIZABLE	1	0.03305977792479098	UNREALIZABLE	1	0.032875725999474525	UNREALIZABLE	1	0.032875725999474525	B
Window2_54e1f7d2.ltl	Window2_54e1f7d2.tlsf	direct:tlsf/tsl_smart_home_jarvis/extracted-benchmarks:Window	Window	direct	none		{}	0	3932	REALIZABLE	1	0.04641300695948303	REALIZABLE	1	0.043483722023665905	REALIZABLE	1	0.043483722023665905	B
Window2_6479ef9a.ltl	Window2_6479ef9a.tlsf	direct:tlsf/tsl_smart_home_jarvis/extracted-benchmarks:Window	Window	direct	none		{}	0	3072	REALIZABLE	1	0.03791603399440646	REALIZABLE	1	0.043293191003613174	REALIZABLE	1	0.03791603399440646	B
Window2_9cac58d3.ltl	Window2_9cac58d3.tlsf	direct:tlsf/tsl_smart_home_jarvis/extracted-benchmarks:Window	Window	direct	none		{}	0	3968	REALIZABLE	1	0.04620494006667286	REALIZABLE	1	0.044504355057142675	REALIZABLE	1	0.044504355057142675	B
Window2_aeb1d897.ltl	Window2_aeb1d897.tlsf	direct:tlsf/tsl_smart_home_jarvis/extracted-benchmarks:Window	Window	direct	none		{}	0	3099	REALIZABLE	1	0.05039520305581391	REALIZABLE	1	0.04700178897473961	REALIZABLE	1	0.04700178897473961	B
Window2_f1477cc5.ltl	Window2_f1477cc5.tlsf	direct:tlsf/tsl_smart_home_jarvis/extracted-benchmarks:Window	Window	direct	none		{}	0	3090	UNREALIZABLE	1	0.019562641973607242	UNREALIZABLE	1	0.028494193102233112	UNREALIZABLE	1	0.019562641973607242	B
Window_235467da.ltl	Window_235467da.tlsf	direct:tlsf/tsl_smart_home_jarvis/extracted-benchmarks:Window	Window	direct	none		{}	0	1804	REALIZABLE	1	0.03436507296282798	REALIZABLE	1	0.04456590092740953	REALIZABLE	1	0.03436507296282798	B
Window_42dc4fff.ltl	Window_42dc4fff.tlsf	direct:tlsf/tsl_smart_home_jarvis/extracted-benchmarks:Window	Window	direct	none		{}	0	1808	REALIZABLE	1	0.042785848025232553	REALIZABLE	1	0.03809101402293891	REALIZABLE	1	0.03809101402293891	B
Window_54e1f7d2.ltl	Window_54e1f7d2.tlsf	direct:tlsf/tsl_smart_home_jarvis/extracted-benchmarks:Window	Window	direct	none		{}	0	1792	REALIZABLE	1	0.017151392996311188	REALIZABLE	1	0.038244931027293205	REALIZABLE	1	0.017151392996311188	B
Window2Min_88c5c1c3.ltl	Window2Min_88c5c1c3.tlsf	direct:tlsf/tsl_smart_home_jarvis/extracted-benchmarks:Window2Min	Window2Min	direct	none		{}	0	1983	REALIZABLE	1	0.035933857900090516	REALIZABLE	1	0.039188052993267775	REALIZABLE	1	0.035933857900090516	B
WindowMin_a5f99bc6.ltl	WindowMin_a5f99bc6.tlsf	direct:tlsf/tsl_smart_home_jarvis/extracted-benchmarks:WindowMin	WindowMin	direct	none		{}	0	1484	REALIZABLE	1	0.033394944970496	REALIZABLE	1	0.03590631706174463	REALIZABLE	1	0.033394944970496	B
door_locking_problem_d6c5ac79.ltl	door_locking_problem_d6c5ac79.tlsf	direct:tlsf/tsl_smart_home_jarvis/extracted-benchmarks:door_locking_problem	door_locking_problem	direct	none		{}	0	1335	REALIZABLE	1	0.03188405407126993	REALIZABLE	1	0.026690043043345213	REALIZABLE	1	0.026690043043345213	B
jarvis_gideon_a02758ea.ltl	jarvis_gideon_a02758ea.tlsf	direct:tlsf/tsl_smart_home_jarvis/extracted-benchmarks:jarvis_gideon	jarvis_gideon	direct	none		{}	0	6111	UNREALIZABLE	1	0.027459603967145085	UNREALIZABLE	1	0.024664072087034583	UNREALIZABLE	1	0.024664072087034583	B
jarvis_philippe_484face8.ltl	jarvis_philippe_484face8.tlsf	direct:tlsf/tsl_smart_home_jarvis/extracted-benchmarks:jarvis_philippe	jarvis_philippe	direct	none		{}	0	10086	UNREALIZABLE	1	0.032186722033657134	UNREALIZABLE	1	0.01736361300572753	UNREALIZABLE	1	0.01736361300572753	B
lazy_shades_problem_d6376bf9.ltl	lazy_shades_problem_d6376bf9.tlsf	direct:tlsf/tsl_smart_home_jarvis/extracted-benchmarks:lazy_shades_problem	lazy_shades_problem	direct	none		{}	0	1588	REALIZABLE	1	0.04371865594293922	REALIZABLE	1	0.03487410896923393	REALIZABLE	1	0.03487410896923393	B
test2_f2774e0b.ltl	test2_f2774e0b.tlsf	direct:tlsf/tsl_smart_home_jarvis/extracted-benchmarks:test	test	direct	none		{}	0	1804	REALIZABLE	1	0.019867499941028655	REALIZABLE	1	0.020052251988090575	REALIZABLE	1	0.019867499941028655	B
test3_efe2feaf.ltl	test3_efe2feaf.tlsf	direct:tlsf/tsl_smart_home_jarvis/extracted-benchmarks:test	test	direct	none		{}	0	1881	REALIZABLE	1	0.04030561703257263	REALIZABLE	1	0.031244706944562495	REALIZABLE	1	0.031244706944562495	B
test4_4b82b1f4.ltl	test4_4b82b1f4.tlsf	direct:tlsf/tsl_smart_home_jarvis/extracted-benchmarks:test	test	direct	none		{}	0	1067	UNREALIZABLE	1	0.03658997092861682	UNREALIZABLE	1	0.030394732020795345	UNREALIZABLE	1	0.030394732020795345	B
test5_6cbc6174.ltl	test5_6cbc6174.tlsf	direct:tlsf/tsl_smart_home_jarvis/extracted-benchmarks:test	test	direct	none		{}	0	918	REALIZABLE	1	0.026787722017616034	REALIZABLE	1	0.036967347958125174	REALIZABLE	1	0.026787722017616034	B
test6_0f5381e9.ltl	test6_0f5381e9.tlsf	direct:tlsf/tsl_smart_home_jarvis/extracted-benchmarks:test	test	direct	none		{}	0	1051	REALIZABLE	1	0.03261908399872482	REALIZABLE	1	0.02973589999601245	REALIZABLE	1	0.02973589999601245	B
test7_2c5b09da.ltl	test7_2c5b09da.tlsf	direct:tlsf/tsl_smart_home_jarvis/extracted-benchmarks:test	test	direct	none		{}	0	997	REALIZABLE	1	0.038594553945586085	REALIZABLE	1	0.03710166609380394	REALIZABLE	1	0.03710166609380394	B
test8_88f351a6.ltl	test8_88f351a6.tlsf	direct:tlsf/tsl_smart_home_jarvis/extracted-benchmarks:test	test	direct	none		{}	0	871	UNREALIZABLE	1	0.04023709800094366	UNREALIZABLE	1	0.032457982073538005	UNREALIZABLE	1	0.032457982073538005	B
test9_dd3a27e1.ltl	test9_dd3a27e1.tlsf	direct:tlsf/tsl_smart_home_jarvis/extracted-benchmarks:test	test	direct	none		{}	0	957	UNREALIZABLE	1	0.03993923496454954	UNREALIZABLE	1	0.038917565951123834	UNREALIZABLE	1	0.038917565951123834	B
test_f3987563.ltl	test_f3987563.tlsf	direct:tlsf/tsl_smart_home_jarvis/extracted-benchmarks:test	test	direct	none		{}	0	754	REALIZABLE	1	0.034948871936649084	REALIZABLE	1	0.03508490091189742	REALIZABLE	1	0.034948871936649084	B
tmp_13cfc6f2.ltl	tmp_13cfc6f2.tlsf	direct:tlsf/tsl_smart_home_jarvis/extracted-benchmarks:tmp	tmp	direct	none		{}	0	3186	TIMEOUT		60.076267743017524	TIMEOUT		60.0760919660097	TIMEOUT			
amba_case_study_pb_2_pe_.ltl	amba_case_study_pb_2_pe_.tlsf	param:tlsf/amba/amba/parametric/amba_case_study.tlsf	amba_case_study	param	exact	n	"{""n"": 2}"	1	7400	REALIZABLE	1	0.9308039869647473	REALIZABLE	5	1.0284310859860852	REALIZABLE	1	0.9308039869647473	B
amba_case_study_pb_3_pe_.ltl	amba_case_study_pb_3_pe_.tlsf	param:tlsf/amba/amba/parametric/amba_case_study.tlsf	amba_case_study	param	exact	n	"{""n"": 3}"	1	7395	TIMEOUT		60.17398711293936	TIMEOUT		60.17490937397815	TIMEOUT			
amba_case_study_pb_4_pe_.ltl	amba_case_study_pb_4_pe_.tlsf	param:tlsf/amba/amba/parametric/amba_case_study.tlsf	amba_case_study	param	exact	n	"{""n"": 4}"	1	7395	TIMEOUT		60.12478840397671	TIMEOUT		60.081945708952844	TIMEOUT			
amba_case_study_unreal_pb_2_pe_.ltl	amba_case_study_unreal_pb_2_pe_.tlsf	param:tlsf/amba/amba/parametric/amba_case_study_unreal.tlsf	amba_case_study_unreal	param	exact	n	"{""n"": 2}"	1	7482	TIMEOUT		60.06999403703958	TIMEOUT		60.070847954950295	TIMEOUT			
amba_case_study_unreal_pb_3_pe_.ltl	amba_case_study_unreal_pb_3_pe_.tlsf	param:tlsf/amba/amba/parametric/amba_case_study_unreal.tlsf	amba_case_study_unreal	param	exact	n	"{""n"": 3}"	1	7482	TIMEOUT		60.0842662199866	TIMEOUT		60.12426279601641	TIMEOUT			
amba_case_study_unreal_pb_4_pe_.ltl	amba_case_study_unreal_pb_4_pe_.tlsf	param:tlsf/amba/amba/parametric/amba_case_study_unreal.tlsf	amba_case_study_unreal	param	exact	n	"{""n"": 4}"	1	7482	TIMEOUT		60.27421580499504	TIMEOUT		60.25494021503255	TIMEOUT			
amba_case_study_unreal_pb_5_pe_.ltl	amba_case_study_unreal_pb_5_pe_.tlsf	param:tlsf/amba/amba/parametric/amba_case_study_unreal.tlsf	amba_case_study_unreal	param	exact	n	"{""n"": 5}"	1	7482	TIMEOUT		60.12446431396529	TIMEOUT		60.12198401102796	TIMEOUT			
amba_decomposed_arbiter_pb_10_pe_.ltl	amba_decomposed_arbiter_pb_10_pe_.tlsf	param:tlsf/amba/amba_decomposed/parametric/amba_decomposed_arbiter.tlsf	amba_decomposed_arbiter	param	exact	n	"{""n"": 10}"	1	2265	TIMEOUT		60.12375389202498	TIMEOUT		60.12399049999658	TIMEOUT			
amba_decomposed_arbiter_pb_11_pe_.ltl	amba_decomposed_arbiter_pb_11_pe_.tlsf	param:tlsf/amba/amba_decomposed/parametric/amba_decomposed_arbiter.tlsf	amba_decomposed_arbiter	param	exact	n	"{""n"": 11}"	1	2265	TIMEOUT		60.174458804074675	TIMEOUT		60.17620163096581	TIMEOUT			
amba_decomposed_arbiter_pb_12_pe_.ltl	amba_decomposed_arbiter_pb_12_pe_.tlsf	param:tlsf/amba/amba_decomposed/parametric/amba_decomposed_arbiter.tlsf	amba_decomposed_arbiter	param	exact	n	"{""n"": 12}"	1	2265	TIMEOUT		60.17544364195783	TIMEOUT		60.175320966984145	TIMEOUT			
amba_decomposed_arbiter_pb_13_pe_.ltl	amba_decomposed_arbiter_pb_13_pe_.tlsf	param:tlsf/amba/amba_decomposed/parametric/amba_decomposed_arbiter.tlsf	amba_decomposed_arbiter	param	exact	n	"{""n"": 13}"	1	2265	TIMEOUT		60.1251986810239	TIMEOUT		60.17570474091917	TIMEOUT			
amba_decomposed_arbiter_pb_2_pe_.ltl	amba_decomposed_arbiter_pb_2_pe_.tlsf	param:tlsf/amba/amba_decomposed/parametric/amba_decomposed_arbiter.tlsf	amba_decomposed_arbiter	param	exact	n	"{""n"": 2}"	1	2268	REALIZABLE	1	0.02827465394511819	REALIZABLE	1	0.02176953398156911	REALIZABLE	1	0.02176953398156911	B
amba_decomposed_arbiter_pb_3_pe_.ltl	amba_decomposed_arbiter_pb_3_pe_.tlsf	param:tlsf/amba/amba_decomposed/parametric/amba_decomposed_arbiter.tlsf	amba_decomposed_arbiter	param	exact	n	"{""n"": 3}"	1	2268	REALIZABLE	1	0.03985901898704469	REALIZABLE	1	0.0360514260828495	REALIZABLE	1	0.0360514260828495	B
amba_decomposed_arbiter_pb_4_pe_.ltl	amba_decomposed_arbiter_pb_4_pe_.tlsf	param:tlsf/amba/amba_decomposed/parametric/amba_decomposed_arbiter.tlsf	amba_decomposed_arbiter	param	exact	n	"{""n"": 4}"	1	2269	REALIZABLE	1	0.0497546800179407	REALIZABLE	1	0.03488298901356757	REALIZABLE	1	0.03488298901356757	B
amba_decomposed_arbiter_pb_5_pe_.ltl	amba_decomposed_arbiter_pb_5_pe_.tlsf	param:tlsf/amba/amba_decomposed/parametric/amba_decomposed_arbiter.tlsf	amba_decomposed_arbiter	param	exact	n	"{""n"": 5}"	1	2269	REALIZABLE	1	0.11068147595506161	REALIZABLE	1	0.10998303804080933	REALIZABLE	1	0.10998303804080933	B
amba_decomposed_arbiter_pb_6_pe_.ltl	amba_decomposed_arbiter_pb_6_pe_.tlsf	param:tlsf/amba/amba_decomposed/parametric/amba_decomposed_arbiter.tlsf	amba_decomposed_arbiter	param	exact	n	"{""n"": 6}"	1	2269	REALIZABLE	5	1.2218526310753077	REALIZABLE	5	1.1554492310388014	REALIZABLE	5	1.1554492310388014	B
amba_decomposed_arbiter_pb_7_pe_.ltl	amba_decomposed_arbiter_pb_7_pe_.tlsf	param:tlsf/amba/amba_decomposed/parametric/amba_decomposed_arbiter.tlsf	amba_decomposed_arbiter	param	exact	n	"{""n"": 7}"	1	2269	TIMEOUT		60.22450122900773	TIMEOUT		60.22495246096514	TIMEOUT			
amba_decomposed_arbiter_pb_8_pe_.ltl	amba_decomposed_arbiter_pb_8_pe_.tlsf	param:tlsf/amba/amba_decomposed/parametric/amba_decomposed_arbiter.tlsf	amba_decomposed_arbiter	param	exact	n	"{""n"": 8}"	1	2269	TIMEOUT		60.076677181059495	TIMEOUT		60.02360419498291	TIMEOUT			
amba_decomposed_arbiter_pb_9_pe_.ltl	amba_decomposed_arbiter_pb_9_pe_.tlsf	param:tlsf/amba/amba_decomposed/parametric/amba_decomposed_arbiter.tlsf	amba_decomposed_arbiter	param	exact	n	"{""n"": 9}"	1	2269	TIMEOUT		60.092339062015526	TIMEOUT		60.04313280095812	TIMEOUT			
amba_decomposed_encode_pb_10_pe_.ltl	amba_decomposed_encode_pb_10_pe_.tlsf	param:tlsf/amba/amba_decomposed/parametric/amba_decomposed_encode.tlsf	amba_decomposed_encode	param	exact	n	"{""n"": 10}"	1	2431	REALIZABLE	1	0.03921285702381283	REALIZABLE	1	0.040084157953970134	REALIZABLE	1	0.03921285702381283	B
amba_decomposed_encode_pb_11_pe_.ltl	amba_decomposed_encode_pb_11_pe_.tlsf	param:tlsf/amba/amba_decomposed/parametric/amba_decomposed_encode.tlsf	amba_decomposed_encode	param	exact	n	"{""n"": 11}"	1	2432	REALIZABLE	1	0.041092294966802	REALIZABLE	1	0.04744347301311791	REALIZABLE	1	0.041092294966802	B
amba_decomposed_encode_pb_12_pe_.ltl	amba_decomposed_encode_pb_12_pe_.tlsf	param:tlsf/amba/amba_decomposed/parametric/amba_decomposed_encode.tlsf	amba_decomposed_encode	param	exact	n	"{""n"": 12}"	1	2432	REALIZABLE	1	0.05268624296877533	REALIZABLE	1	0.05835553293582052	REALIZABLE	1	0.05268624296877533	B
amba_decomposed_encode_pb_13_pe_.ltl	amba_decomposed_encode_pb_13_pe_.tlsf	param:tlsf/amba/amba_decomposed/parametric/amba_decomposed_encode.tlsf	amba_decomposed_encode	param	exact	n	"{""n"": 13}"	1	2432	REALIZABLE	1	0.06560911296401173	REALIZABLE	1	0.07299067405983806	REALIZABLE	1	0.06560911296401173	B
amba_decomposed_encode_pb_14_pe_.ltl	amba_decomposed_encode_pb_14_pe_.tlsf	param:tlsf/amba/amba_decomposed/parametric/amba_decomposed_encode.tlsf	amba_decomposed_encode	param	exact	n	"{""n"": 14}"	1	2432	REALIZABLE	1	0.12222707597538829	REALIZABLE	1	0.12096453597769141	REALIZABLE	1	0.12096453597769141	B
amba_decomposed_encode_pb_15_pe_.ltl	amba_decomposed_encode_pb_15_pe_.tlsf	param:tlsf/amba/amba_decomposed/parametric/amba_decomposed_encode.tlsf	amba_decomposed_encode	param	exact	n	"{""n"": 15}"	1	2432	REALIZABLE	1	0.29042536905035377	REALIZABLE	1	0.30089837999548763	REALIZABLE	1	0.29042536905035377	B
amba_decomposed_encode_pb_16_pe_.ltl	amba_decomposed_encode_pb_16_pe_.tlsf	param:tlsf/amba/amba_decomposed/parametric/amba_decomposed_encode.tlsf	amba_decomposed_encode	param	exact	n	"{""n"": 16}"	1	2432	REALIZABLE	1	0.8192856000969186	REALIZABLE	1	0.8028807360678911	REALIZABLE	1	0.8028807360678911	B
amba_decomposed_encode_pb_20_pe_.ltl	amba_decomposed_encode_pb_20_pe_.tlsf	param:tlsf/amba/amba_decomposed/parametric/amba_decomposed_encode.tlsf	amba_decomposed_encode	param	exact	n	"{""n"": 20}"	1	2432	TIMEOUT		60.12490215909202	TIMEOUT		60.175742883002385	TIMEOUT			
amba_decomposed_encode_pb_25_pe_.ltl	amba_decomposed_encode_pb_25_pe_.tlsf	param:tlsf/amba/amba_decomposed/parametric/amba_decomposed_encode.tlsf	amba_decomposed_encode	param	exact	n	"{""n"": 25}"	1	2427	TIMEOUT		60.123950617038645	TIMEOUT		60.12498407904059	TIMEOUT			
amba_decomposed_encode_pb_2_pe_.ltl	amba_decomposed_encode_pb_2_pe_.tlsf	param:tlsf/amba/amba_decomposed/parametric/amba_decomposed_encode.tlsf	amba_decomposed_encode	param	exact	n	"{""n"": 2}"	1	2429	REALIZABLE	1	0.025370544055476785	REALIZABLE	1	0.021806490025483072	REALIZABLE	1	0.021806490025483072	B
amba_decomposed_encode_pb_3_pe_.ltl	amba_decomposed_encode_pb_3_pe_.tlsf	param:tlsf/amba/amba_decomposed/parametric/amba_decomposed_encode.tlsf	amba_decomposed_encode	param	exact	n	"{""n"": 3}"	1	2430	REALIZABLE	1	0.021190037950873375	REALIZABLE	1	0.03591499198228121	REALIZABLE	1	0.021190037950873375	B
amba_decomposed_encode_pb_4_pe_.ltl	amba_decomposed_encode_pb_4_pe_.tlsf	param:tlsf/amba/amba_decomposed/parametric/amba_decomposed_encode.tlsf	amba_decomposed_encode	param	exact	n	"{""n"": 4}"	1	2430	REALIZABLE	1	0.020829763961955905	REALIZABLE	1	0.034650280023925006	REALIZABLE	1	0.020829763961955905	B
amba_decomposed_encode_pb_5_pe_.ltl	amba_decomposed_encode_pb_5_pe_.tlsf	param:tlsf/amba/amba_decomposed/parametric/amba_decomposed_encode.tlsf	amba_decomposed_encode	param	exact	n	"{""n"": 5}"	1	2430	REALIZABLE	1	0.023413282935507596	REALIZABLE	1	0.029057834995910525	REALIZABLE	1	0.023413282935507596	B
amba_decomposed_encode_pb_6_pe_.ltl	amba_decomposed_encode_pb_6_pe_.tlsf	param:tlsf/amba/amba_decomposed/parametric/amba_decomposed_encode.tlsf	amba_decomposed_encode	param	exact	n	"{""n"": 6}"	1	2430	REALIZABLE	1	0.023117796052247286	REALIZABLE	1	0.04895359999500215	REALIZABLE	1	0.023117796052247286	B
amba_decomposed_encode_pb_7_pe_.ltl	amba_decomposed_encode_pb_7_pe_.tlsf	param:tlsf/amba/amba_decomposed/parametric/amba_decomposed_encode.tlsf	amba_decomposed_encode	param	exact	n	"{""n"": 7}"	1	2430	REALIZABLE	1	0.0270864840131253	REALIZABLE	1	0.047649686923250556	REALIZABLE	1	0.0270864840131253	B
amba_decomposed_encode_pb_8_pe_.ltl	amba_decomposed_encode_pb_8_pe_.tlsf	param:tlsf/amba/amba_decomposed/parametric/amba_decomposed_encode.tlsf	amba_decomposed_encode	param	exact	n	"{""n"": 8}"	1	2430	REALIZABLE	1	0.026193786994554102	REALIZABLE	1	0.035996285965666175	REALIZABLE	1	0.026193786994554102	B
amba_decomposed_encode_pb_9_pe_.ltl	amba_decomposed_encode_pb_9_pe_.tlsf	param:tlsf/amba/amba_decomposed/parametric/amba_decomposed_encode.tlsf	amba_decomposed_encode	param	exact	n	"{""n"": 9}"	1	2431	REALIZABLE	1	0.03846024698577821	REALIZABLE	1	0.045110253035090864	REALIZABLE	1	0.03846024698577821	B
amba_decomposed_lock_pb_10_pe_.ltl	amba_decomposed_lock_pb_10_pe_.tlsf	param:tlsf/amba/amba_decomposed/parametric/amba_decomposed_lock.tlsf	amba_decomposed_lock	param	exact	n	"{""n"": 10}"	1	2099	REALIZABLE	1	0.38858400098979473	REALIZABLE	1	0.3801294909790158	REALIZABLE	1	0.3801294909790158	B
amba_decomposed_lock_pb_11_pe_.ltl	amba_decomposed_lock_pb_11_pe_.tlsf	param:tlsf/amba/amba_decomposed/parametric/amba_decomposed_lock.tlsf	amba_decomposed_lock	param	exact	n	"{""n"": 11}"	1	2099	REALIZABLE	5	1.3895209879847243	REALIZABLE	5	1.4040510930353776	REALIZABLE	5	1.3895209879847243	B
amba_decomposed_lock_pb_12_pe_.ltl	amba_decomposed_lock_pb_12_pe_.tlsf	param:tlsf/amba/amba_decomposed/parametric/amba_decomposed_lock.tlsf	amba_decomposed_lock	param	exact	n	"{""n"": 12}"	1	2099	REALIZABLE	17	7.2278956370428205	REALIZABLE	17	5.806437847088091	REALIZABLE	17	5.806437847088091	B
amba_decomposed_lock_pb_13_pe_.ltl	amba_decomposed_lock_pb_13_pe_.tlsf	param:tlsf/amba/amba_decomposed/parametric/amba_decomposed_lock.tlsf	amba_decomposed_lock	param	exact	n	"{""n"": 13}"	1	2100	REALIZABLE	60	20.220548374927603	REALIZABLE	60	21.362273299950175	REALIZABLE	60	20.220548374927603	B
amba_decomposed_lock_pb_14_pe_.ltl	amba_decomposed_lock_pb_14_pe_.tlsf	param:tlsf/amba/amba_decomposed/parametric/amba_decomposed_lock.tlsf	amba_decomposed_lock	param	exact	n	"{""n"": 14}"	1	2100	TIMEOUT		60.12378020898905	TIMEOUT		60.069572573993355	TIMEOUT			
amba_decomposed_lock_pb_15_pe_.ltl	amba_decomposed_lock_pb_15_pe_.tlsf	param:tlsf/amba/amba_decomposed/parametric/amba_decomposed_lock.tlsf	amba_decomposed_lock	param	exact	n	"{""n"": 15}"	1	2100	TIMEOUT		60.17412292503286	TIMEOUT		60.14968250493985	TIMEOUT			
amba_decomposed_lock_pb_16_pe_.ltl	amba_decomposed_lock_pb_16_pe_.tlsf	param:tlsf/amba/amba_decomposed/parametric/amba_decomposed_lock.tlsf	amba_decomposed_lock	param	exact	n	"{""n"": 16}"	1	2100	TIMEOUT		60.17453162395395	TIMEOUT		60.12502983293962	TIMEOUT			
amba_decomposed_lock_pb_2_pe_.ltl	amba_decomposed_lock_pb_2_pe_.tlsf	param:tlsf/amba/amba_decomposed/parametric/amba_decomposed_lock.tlsf	amba_decomposed_lock	param	exact	n	"{""n"": 2}"	1	2098	REALIZABLE	1	0.02115069003775716	REALIZABLE	1	0.02763677097391337	REALIZABLE	1	0.02115069003775716	B
amba_decomposed_lock_pb_30_pe_.ltl	amba_decomposed_lock_pb_30_pe_.tlsf	param:tlsf/amba/amba_decomposed/parametric/amba_decomposed_lock.tlsf	amba_decomposed_lock	param	exact	n	"{""n"": 30}"	1	2100	TIMEOUT		60.17590076895431	TIMEOUT		60.175585646997206	TIMEOUT			
amba_decomposed_lock_pb_3_pe_.ltl	amba_decomposed_lock_pb_3_pe_.tlsf	param:tlsf/amba/amba_decomposed/parametric/amba_decomposed_lock.tlsf	amba_decomposed_lock	param	exact	n	"{""n"": 3}"	1	2098	REALIZABLE	1	0.021051194053143263	REALIZABLE	1	0.01672420697286725	REALIZABLE	1	0.01672420697286725	B
amba_decomposed_lock_pb_4_pe_.ltl	amba_decomposed_lock_pb_4_pe_.tlsf	param:tlsf/amba/amba_decomposed/parametric/amba_decomposed_lock.tlsf	amba_decomposed_lock	param	exact	n	"{""n"": 4}"	1	2098	REALIZABLE	1	0.035044327029027045	REALIZABLE	1	0.01841728005092591	REALIZABLE	1	0.01841728005092591	B
amba_decomposed_lock_pb_5_pe_.ltl	amba_decomposed_lock_pb_5_pe_.tlsf	param:tlsf/amba/amba_decomposed/parametric/amba_decomposed_lock.tlsf	amba_decomposed_lock	param	exact	n	"{""n"": 5}"	1	2098	REALIZABLE	1	0.030938711017370224	REALIZABLE	1	0.016732119023799896	REALIZABLE	1	0.016732119023799896	B
amba_decomposed_lock_pb_6_pe_.ltl	amba_decomposed_lock_pb_6_pe_.tlsf	param:tlsf/amba/amba_decomposed/parametric/amba_decomposed_lock.tlsf	amba_decomposed_lock	param	exact	n	"{""n"": 6}"	1	2098	REALIZABLE	1	0.03903028299100697	REALIZABLE	1	0.03780807205475867	REALIZABLE	1	0.03780807205475867	B
amba_decomposed_lock_pb_7_pe_.ltl	amba_decomposed_lock_pb_7_pe_.tlsf	param:tlsf/amba/amba_decomposed/parametric/amba_decomposed_lock.tlsf	amba_decomposed_lock	param	exact	n	"{""n"": 7}"	1	2098	REALIZABLE	1	0.04093213810119778	REALIZABLE	1	0.04757996299304068	REALIZABLE	1	0.04093213810119778	B
amba_decomposed_lock_pb_8_pe_.ltl	amba_decomposed_lock_pb_8_pe_.tlsf	param:tlsf/amba/amba_decomposed/parametric/amba_decomposed_lock.tlsf	amba_decomposed_lock	param	exact	n	"{""n"": 8}"	1	2098	REALIZABLE	1	0.04617760796099901	REALIZABLE	1	0.050296347006224096	REALIZABLE	1	0.04617760796099901	B
amba_decomposed_lock_pb_9_pe_.ltl	amba_decomposed_lock_pb_9_pe_.tlsf	param:tlsf/amba/amba_decomposed/parametric/amba_decomposed_lock.tlsf	amba_decomposed_lock	param	exact	n	"{""n"": 9}"	1	2098	REALIZABLE	1	0.1156659679254517	REALIZABLE	1	0.11833939503412694	REALIZABLE	1	0.1156659679254517	B
example10_pb_1_pe_.ltl	example10_pb_1_pe_.tlsf	param:tlsf/arbiters_s4/parametric/example10.tlsf	example10	param	exact	n	"{""n"": 1}"	1	740	REALIZABLE	1	0.015448779915459454	REALIZABLE	1	0.014274494023993611	REALIZABLE	1	0.014274494023993611	B
example10_pb_2_pe_.ltl	example10_pb_2_pe_.tlsf	param:tlsf/arbiters_s4/parametric/example10.tlsf	example10	param	exact	n	"{""n"": 2}"	1	740	REALIZABLE	1	0.02059830306097865	REALIZABLE	1	0.014180231955833733	REALIZABLE	1	0.014180231955833733	B
example10a_pb_1_pe_.ltl	example10a_pb_1_pe_.tlsf	param:tlsf/arbiters_s4/parametric/example10a.tlsf	example10a	param	exact	n	"{""n"": 1}"	1	1202	REALIZABLE	1	0.028338930918835104	REALIZABLE	1	0.017926609027199447	REALIZABLE	1	0.017926609027199447	B
example10a_pb_2_pe_.ltl	example10a_pb_2_pe_.tlsf	param:tlsf/arbiters_s4/parametric/example10a.tlsf	example10a	param	exact	n	"{""n"": 2}"	1	1202	REALIZABLE	1	0.03538906492758542	REALIZABLE	1	0.01638372999150306	REALIZABLE	1	0.01638372999150306	B
example7_pb_1_pe_.ltl	example7_pb_1_pe_.tlsf	param:tlsf/arbiters_s4/parametric/example7.tlsf	example7	param	exact	n	"{""n"": 1}"	1	1670	REALIZABLE	1	0.04168625897727907	REALIZABLE	1	0.014411506010219455	REALIZABLE	1	0.014411506010219455	B
example7_pb_2_pe_.ltl	example7_pb_2_pe_.tlsf	param:tlsf/arbiters_s4/parametric/example7.tlsf	example7	param	exact	n	"{""n"": 2}"	1	1670	REALIZABLE	1	0.034529565018601716	REALIZABLE	1	0.013463108101859689	REALIZABLE	1	0.013463108101859689	B
example7a_pb_1_pe_.ltl	example7a_pb_1_pe_.tlsf	param:tlsf/arbiters_s4/parametric/example7a.tlsf	example7a	param	exact	n	"{""n"": 1}"	1	1586	REALIZABLE	1	0.03605441190302372	REALIZABLE	1	0.01890605199150741	REALIZABLE	1	0.01890605199150741	B
example7a_pb_2_pe_.ltl	example7a_pb_2_pe_.tlsf	param:tlsf/arbiters_s4/parametric/example7a.tlsf	example7a	param	exact	n	"{""n"": 2}"	1	1586	REALIZABLE	1	0.03589314897544682	REALIZABLE	1	0.018619930953718722	REALIZABLE	1	0.018619930953718722	B
example8_pb_1_pe_.ltl	example8_pb_1_pe_.tlsf	param:tlsf/arbiters_s4/parametric/example8.tlsf	example8	param	exact	n	"{""n"": 1}"	1	1513	REALIZABLE	1	0.03501037892419845	REALIZABLE	1	0.0201594129903242	REALIZABLE	1	0.0201594129903242	B
example8_pb_2_pe_.ltl	example8_pb_2_pe_.tlsf	param:tlsf/arbiters_s4/parametric/example8.tlsf	example8	param	exact	n	"{""n"": 2}"	1	1513	REALIZABLE	1	0.03320982796140015	REALIZABLE	1	0.014716965961270034	REALIZABLE	1	0.014716965961270034	B
example9_pb_1_pe_.ltl	example9_pb_1_pe_.tlsf	param:tlsf/arbiters_s4/parametric/example9.tlsf	example9	param	exact	n	"{""n"": 1}"	1	759	REALIZABLE	1	0.03359795396681875	REALIZABLE	1	0.018024557968601584	REALIZABLE	1	0.018024557968601584	B
example9_pb_2_pe_.ltl	example9_pb_2_pe_.tlsf	param:tlsf/arbiters_s4/parametric/example9.tlsf	example9	param	exact	n	"{""n"": 2}"	1	759	REALIZABLE	1	0.0368816260015592	REALIZABLE	1	0.029661003965884447	REALIZABLE	1	0.029661003965884447	B
abcg_arbiter_pb_1_pe_.ltl	abcg_arbiter_pb_1_pe_.tlsf	param:tlsf/arbiters_zoo/parametric/abcg_arbiter.tlsf	abcg_arbiter	param	exact	n	"{""n"": 1}"	1	1429	REALIZABLE	1	0.02263165102340281	REALIZABLE	1	0.04152348102070391	REALIZABLE	1	0.02263165102340281	B
abcg_arbiter_pb_2_pe_.ltl	abcg_arbiter_pb_2_pe_.tlsf	param:tlsf/arbiters_zoo/parametric/abcg_arbiter.tlsf	abcg_arbiter	param	exact	n	"{""n"": 2}"	1	1429	REALIZABLE	1	0.08940450893715024	REALIZABLE	1	0.11768723197747022	REALIZABLE	1	0.08940450893715024	B
abcg_arbiter_pb_3_pe_.ltl	abcg_arbiter_pb_3_pe_.tlsf	param:tlsf/arbiters_zoo/parametric/abcg_arbiter.tlsf	abcg_arbiter	param	exact	n	"{""n"": 3}"	1	1429	REALIZABLE	60	36.370379983098246	REALIZABLE	60	36.681109374039806	REALIZABLE	60	36.370379983098246	B
abcg_arbiter_pb_4_pe_.ltl	abcg_arbiter_pb_4_pe_.tlsf	param:tlsf/arbiters_zoo/parametric/abcg_arbiter.tlsf	abcg_arbiter	param	exact	n	"{""n"": 4}"	1	1429	TIMEOUT		60.32505686592776	TIMEOUT		60.32532252301462	TIMEOUT			
abcg_arbiter_pb_5_pe_.ltl	abcg_arbiter_pb_5_pe_.tlsf	param:tlsf/arbiters_zoo/parametric/abcg_arbiter.tlsf	abcg_arbiter	param	exact	n	"{""n"": 5}"	1	1429	TIMEOUT		60.12529652600642	TIMEOUT		60.125004712026566	TIMEOUT			
abcg_arbiter_pb_6_pe_.ltl	abcg_arbiter_pb_6_pe_.tlsf	param:tlsf/arbiters_zoo/parametric/abcg_arbiter.tlsf	abcg_arbiter	param	exact	n	"{""n"": 6}"	1	1429	TIMEOUT		60.12402002408635	TIMEOUT		60.12497351295315	TIMEOUT			
arbiter_pb_10_pe_.ltl	arbiter_pb_10_pe_.tlsf	param:tlsf/arbiters_zoo/parametric/arbiter.tlsf	arbiter	param	exact	n	"{""n"": 10}"	1	1353	TIMEOUT		60.09683038794901	TIMEOUT		60.123950839973986	TIMEOUT			
arbiter_pb_1_pe_.ltl	arbiter_pb_1_pe_.tlsf	param:tlsf/arbiters_zoo/parametric/arbiter.tlsf	arbiter	param	exact	n	"{""n"": 1}"	1	1352	REALIZABLE	1	0.02243277698289603	REALIZABLE	1	0.023865445982664824	REALIZABLE	1	0.02243277698289603	B
arbiter_pb_2_pe_.ltl	arbiter_pb_2_pe_.tlsf	param:tlsf/arbiters_zoo/parametric/arbiter.tlsf	arbiter	param	exact	n	"{""n"": 2}"	1	1352	REALIZABLE	1	0.014797245035879314	REALIZABLE	1	0.033116741105914116	REALIZABLE	1	0.014797245035879314	B
arbiter_pb_3_pe_.ltl	arbiter_pb_3_pe_.tlsf	param:tlsf/arbiters_zoo/parametric/arbiter.tlsf	arbiter	param	exact	n	"{""n"": 3}"	1	1352	REALIZABLE	1	0.031013121944852173	REALIZABLE	1	0.034627623041160405	REALIZABLE	1	0.031013121944852173	B
arbiter_pb_4_pe_.ltl	arbiter_pb_4_pe_.tlsf	param:tlsf/arbiters_zoo/parametric/arbiter.tlsf	arbiter	param	exact	n	"{""n"": 4}"	1	1352	REALIZABLE	1	0.053767135948874056	REALIZABLE	1	0.05642413999885321	REALIZABLE	1	0.053767135948874056	B
arbiter_pb_5_pe_.ltl	arbiter_pb_5_pe_.tlsf	param:tlsf/arbiters_zoo/parametric/arbiter.tlsf	arbiter	param	exact	n	"{""n"": 5}"	1	1352	REALIZABLE	1	0.44137600192334503	REALIZABLE	1	0.41484881192445755	REALIZABLE	1	0.41484881192445755	B
arbiter_pb_6_pe_.ltl	arbiter_pb_6_pe_.tlsf	param:tlsf/arbiters_zoo/parametric/arbiter.tlsf	arbiter	param	exact	n	"{""n"": 6}"	1	1352	TIMEOUT		60.092472423100844	TIMEOUT		60.09250150597654	TIMEOUT			
arbiter_pb_7_pe_.ltl	arbiter_pb_7_pe_.tlsf	param:tlsf/arbiters_zoo/parametric/arbiter.tlsf	arbiter	param	exact	n	"{""n"": 7}"	1	1352	TIMEOUT		60.12409642501734	TIMEOUT		60.09262524393853	TIMEOUT			
arbiter_pb_8_pe_.ltl	arbiter_pb_8_pe_.tlsf	param:tlsf/arbiters_zoo/parametric/arbiter.tlsf	arbiter	param	exact	n	"{""n"": 8}"	1	1352	TIMEOUT		60.12449046608526	TIMEOUT		60.124589176964946	TIMEOUT			
arbiter_pb_9_pe_.ltl	arbiter_pb_9_pe_.tlsf	param:tlsf/arbiters_zoo/parametric/arbiter.tlsf	arbiter	param	exact	n	"{""n"": 9}"	1	1352	TIMEOUT		60.12456692394335	TIMEOUT		60.124865578021854	TIMEOUT			
arbiter_on_inpchange_pb_1_pe_.ltl	arbiter_on_inpchange_pb_1_pe_.tlsf	param:tlsf/arbiters_zoo/parametric/arbiter_on_inpchange.tlsf	arbiter_on_inpchange	param	exact	n	"{""n"": 1}"	1	1327	REALIZABLE	1	0.021143697085790336	REALIZABLE	1	0.019009316922165453	REALIZABLE	1	0.019009316922165453	B
arbiter_on_inpchange_pb_2_pe_.ltl	arbiter_on_inpchange_pb_2_pe_.tlsf	param:tlsf/arbiters_zoo/parametric/arbiter_on_inpchange.tlsf	arbiter_on_inpchange	param	exact	n	"{""n"": 2}"	1	1327	REALIZABLE	1	0.036601057974621654	REALIZABLE	1	0.020079094101674855	REALIZABLE	1	0.020079094101674855	B
arbiter_on_inpchange_pb_3_pe_.ltl	arbiter_on_inpchange_pb_3_pe_.tlsf	param:tlsf/arbiters_zoo/parametric/arbiter_on_inpchange.tlsf	arbiter_on_inpchange	param	exact	n	"{""n"": 3}"	1	1327	REALIZABLE	1	0.05903444695286453	REALIZABLE	1	0.04028102499432862	REALIZABLE	1	0.04028102499432862	B
arbiter_on_inpchange_pb_4_pe_.ltl	arbiter_on_inpchange_pb_4_pe_.tlsf	param:tlsf/arbiters_zoo/parametric/arbiter_on_inpchange.tlsf	arbiter_on_inpchange	param	exact	n	"{""n"": 4}"	1	1327	REALIZABLE	5	1.2906023460673168	REALIZABLE	5	1.3977585139218718	REALIZABLE	5	1.2906023460673168	B
arbiter_on_inpchange_pb_5_pe_.ltl	arbiter_on_inpchange_pb_5_pe_.tlsf	param:tlsf/arbiters_zoo/parametric/arbiter_on_inpchange.tlsf	arbiter_on_inpchange	param	exact	n	"{""n"": 5}"	1	1327	TIMEOUT		60.091839358909056	TIMEOUT		60.04252625000663	TIMEOUT			
arbiter_on_inpchange_pb_6_pe_.ltl	arbiter_on_inpchange_pb_6_pe_.tlsf	param:tlsf/arbiters_zoo/parametric/arbiter_on_inpchange.tlsf	arbiter_on_inpchange	param	exact	n	"{""n"": 6}"	1	1327	TIMEOUT		60.12398872897029	TIMEOUT		60.12139923206996	TIMEOUT			
arbiter_on_inpchange_pb_7_pe_.ltl	arbiter_on_inpchange_pb_7_pe_.tlsf	param:tlsf/arbiters_zoo/parametric/arbiter_on_inpchange.tlsf	arbiter_on_inpchange	param	exact	n	"{""n"": 7}"	1	1327	TIMEOUT		60.1095564350253	TIMEOUT		60.12407648505177	TIMEOUT			
arbiter_with_buffer_pb_10_pe_.ltl	arbiter_with_buffer_pb_10_pe_.tlsf	param:tlsf/arbiters_zoo/parametric/arbiter_with_buffer.tlsf	arbiter_with_buffer	param	exact	n	"{""n"": 10}"	1	1130	TIMEOUT		60.12541333294939	TIMEOUT		60.125081402016804	TIMEOUT			
arbiter_with_buffer_pb_1_pe_.ltl	arbiter_with_buffer_pb_1_pe_.tlsf	param:tlsf/arbiters_zoo/parametric/arbiter_with_buffer.tlsf	arbiter_with_buffer	param	exact	n	"{""n"": 1}"	1	1129	REALIZABLE	1	0.014982239110395312	REALIZABLE	1	0.01711159397382289	REALIZABLE	1	0.014982239110395312	B
arbiter_with_buffer_pb_2_pe_.ltl	arbiter_with_buffer_pb_2_pe_.tlsf	param:tlsf/arbiters_zoo/parametric/arbiter_with_buffer.tlsf	arbiter_with_buffer	param	exact	n	"{""n"": 2}"	1	1129	REALIZABLE	1	0.02480070700403303	REALIZABLE	1	0.0290174619294703	REALIZABLE	1	0.02480070700403303	B
arbiter_with_buffer_pb_3_pe_.ltl	arbiter_with_buffer_pb_3_pe_.tlsf	param:tlsf/arbiters_zoo/parametric/arbiter_with_buffer.tlsf	arbiter_with_buffer	param	exact	n	"{""n"": 3}"	1	1129	REALIZABLE	1	0.03745889803394675	REALIZABLE	1	0.040255006053484976	REALIZABLE	1	0.03745889803394675	B
arbiter_with_buffer_pb_4_pe_.ltl	arbiter_with_buffer_pb_4_pe_.tlsf	param:tlsf/arbiters_zoo/parametric/arbiter_with_buffer.tlsf	arbiter_with_buffer	param	exact	n	"{""n"": 4}"	1	1129	REALIZABLE	1	0.0960083679528907	REALIZABLE	1	0.09595425298903137	REALIZABLE	1	0.09595425298903137	B
arbiter_with_buffer_pb_5_pe_.ltl	arbiter_with_buffer_pb_5_pe_.tlsf	param:tlsf/arbiters_zoo/parametric/arbiter_with_buffer.tlsf	arbiter_with_buffer	param	exact	n	"{""n"": 5}"	1	1129	REALIZABLE	5	4.678635412012227	REALIZABLE	5	4.657058052020147	REALIZABLE	5	4.657058052020147	B
arbiter_with_buffer_pb_6_pe_.ltl	arbiter_with_buffer_pb_6_pe_.tlsf	param:tlsf/arbiters_zoo/parametric/arbiter_with_buffer.tlsf	arbiter_with_buffer	param	exact	n	"{""n"": 6}"	1	1129	TIMEOUT		60.06960456399247	TIMEOUT		60.07608584896661	TIMEOUT			
arbiter_with_buffer_pb_7_pe_.ltl	arbiter_with_buffer_pb_7_pe_.tlsf	param:tlsf/arbiters_zoo/parametric/arbiter_with_buffer.tlsf	arbiter_with_buffer	param	exact	n	"{""n"": 7}"	1	1129	TIMEOUT		60.11208833300043	TIMEOUT		60.12459449702874	TIMEOUT			
arbiter_with_buffer_pb_8_pe_.ltl	arbiter_with_buffer_pb_8_pe_.tlsf	param:tlsf/arbiters_zoo/parametric/arbiter_with_buffer.tlsf	arbiter_with_buffer	param	exact	n	"{""n"": 8}"	1	1129	TIMEOUT		60.16990783205256	TIMEOUT		60.22551299096085	TIMEOUT			
arbiter_with_buffer_pb_9_pe_.ltl	arbiter_with_buffer_pb_9_pe_.tlsf	param:tlsf/arbiters_zoo/parametric/arbiter_with_buffer.tlsf	arbiter_with_buffer	param	exact	n	"{""n"": 9}"	1	1129	TIMEOUT		60.12534237501677	TIMEOUT		60.125421780045144	TIMEOUT			
arbiter_with_cancel_pb_10_pe_.ltl	arbiter_with_cancel_pb_10_pe_.tlsf	param:tlsf/arbiters_zoo/parametric/arbiter_with_cancel.tlsf	arbiter_with_cancel	param	exact	n	"{""n"": 10}"	1	1849	TIMEOUT		60.065843321965076	TIMEOUT		60.12575620203279	TIMEOUT			
arbiter_with_cancel_pb_1_pe_.ltl	arbiter_with_cancel_pb_1_pe_.tlsf	param:tlsf/arbiters_zoo/parametric/arbiter_with_cancel.tlsf	arbiter_with_cancel	param	exact	n	"{""n"": 1}"	1	1848	REALIZABLE	1	0.023868508986197412	REALIZABLE	1	0.018979192012920976	REALIZABLE	1	0.018979192012920976	B
arbiter_with_cancel_pb_2_pe_.ltl	arbiter_with_cancel_pb_2_pe_.tlsf	param:tlsf/arbiters_zoo/parametric/arbiter_with_cancel.tlsf	arbiter_with_cancel	param	exact	n	"{""n"": 2}"	1	1848	REALIZABLE	1	0.02172549196984619	REALIZABLE	1	0.016503836028277874	REALIZABLE	1	0.016503836028277874	B
arbiter_with_cancel_pb_3_pe_.ltl	arbiter_with_cancel_pb_3_pe_.tlsf	param:tlsf/arbiters_zoo/parametric/arbiter_with_cancel.tlsf	arbiter_with_cancel	param	exact	n	"{""n"": 3}"	1	1848	REALIZABLE	1	0.023390932008624077	REALIZABLE	1	0.022036459064111114	REALIZABLE	1	0.022036459064111114	B
arbiter_with_cancel_pb_4_pe_.ltl	arbiter_with_cancel_pb_4_pe_.tlsf	param:tlsf/arbiters_zoo/parametric/arbiter_with_cancel.tlsf	arbiter_with_cancel	param	exact	n	"{""n"": 4}"	1	1848	REALIZABLE	1	0.08126171806361526	REALIZABLE	1	0.0729434109525755	REALIZABLE	1	0.0729434109525755	B
arbiter_with_cancel_pb_5_pe_.ltl	arbiter_with_cancel_pb_5_pe_.tlsf	param:tlsf/arbiters_zoo/parametric/arbiter_with_cancel.tlsf	arbiter_with_cancel	param	exact	n	"{""n"": 5}"	1	1848	REALIZABLE	5	1.3234717140439898	REALIZABLE	5	1.3442125980509445	REALIZABLE	5	1.3234717140439898	B
arbiter_with_cancel_pb_6_pe_.ltl	arbiter_with_cancel_pb_6_pe_.tlsf	param:tlsf/arbiters_zoo/parametric/arbiter_with_cancel.tlsf	arbiter_with_cancel	param	exact	n	"{""n"": 6}"	1	1848	TIMEOUT		60.092497649020515	TIMEOUT		60.09253426792566	TIMEOUT			
arbiter_with_cancel_pb_7_pe_.ltl	arbiter_with_cancel_pb_7_pe_.tlsf	param:tlsf/arbiters_zoo/parametric/arbiter_with_cancel.tlsf	arbiter_with_cancel	param	exact	n	"{""n"": 7}"	1	1848	TIMEOUT		60.124837752082385	TIMEOUT		60.075291787972674	TIMEOUT			
arbiter_with_cancel_pb_8_pe_.ltl	arbiter_with_cancel_pb_8_pe_.tlsf	param:tlsf/arbiters_zoo/parametric/arbiter_with_cancel.tlsf	arbiter_with_cancel	param	exact	n	"{""n"": 8}"	1	1848	TIMEOUT		60.1718062000582	TIMEOUT		60.17643009801395	TIMEOUT			
arbiter_with_cancel_pb_9_pe_.ltl	arbiter_with_cancel_pb_9_pe_.tlsf	param:tlsf/arbiters_zoo/parametric/arbiter_with_cancel.tlsf	arbiter_with_cancel	param	exact	n	"{""n"": 9}"	1	1848	TIMEOUT		60.125871244003065	TIMEOUT		60.1253557089949	TIMEOUT			
rw_arbiter_pb_1_pe_.ltl	rw_arbiter_pb_1_pe_.tlsf	param:tlsf/arbiters_zoo/parametric/rw_arbiter.tlsf	rw_arbiter	param	exact	n	"{""n"": 1}"	1	2123	REALIZABLE	1	0.018769496004097164	REALIZABLE	1	0.028092516004107893	REALIZABLE	1	0.018769496004097164	B
rw_arbiter_pb_2_pe_.ltl	rw_arbiter_pb_2_pe_.tlsf	param:tlsf/arbiters_zoo/parametric/rw_arbiter.tlsf	rw_arbiter	param	exact	n	"{""n"": 2}"	1	2123	REALIZABLE	1	0.03642018395476043	REALIZABLE	1	0.04992520296946168	REALIZABLE	1	0.03642018395476043	B
rw_arbiter_pb_3_pe_.ltl	rw_arbiter_pb_3_pe_.tlsf	param:tlsf/arbiters_zoo/parametric/rw_arbiter.tlsf	rw_arbiter	param	exact	n	"{""n"": 3}"	1	2123	REALIZABLE	1	0.7697880920022726	REALIZABLE	1	0.7983672530390322	REALIZABLE	1	0.7697880920022726	B
rw_arbiter_pb_4_pe_.ltl	rw_arbiter_pb_4_pe_.tlsf	param:tlsf/arbiters_zoo/parametric/rw_arbiter.tlsf	rw_arbiter	param	exact	n	"{""n"": 4}"	1	2123	TIMEOUT		60.12451465905178	TIMEOUT		60.1240444999421	TIMEOUT			
rw_arbiter_pb_5_pe_.ltl	rw_arbiter_pb_5_pe_.tlsf	param:tlsf/arbiters_zoo/parametric/rw_arbiter.tlsf	rw_arbiter	param	exact	n	"{""n"": 5}"	1	2123	TIMEOUT		60.22394458996132	TIMEOUT		60.22418044600636	TIMEOUT			
chomp_pb_2_2_pe_.ltl	chomp_pb_2_2_pe_.tlsf	param:tlsf/chomp_game/parametric/chomp.tlsf	chomp	param	exact	N,M	"{""N"": 2, ""M"": 2}"	2	2970	REALIZABLE	1	0.08383291796781123	REALIZABLE	1	0.08322474791202694	REALIZABLE	1	0.08322474791202694	B
chomp_pb_2_3_pe_.ltl	chomp_pb_2_3_pe_.tlsf	param:tlsf/chomp_game/parametric/chomp.tlsf	chomp	param	exact	N,M	"{""N"": 2, ""M"": 3}"	2	2970	REALIZABLE	5	3.2606341149657965	REALIZABLE	5	3.271141853998415	REALIZABLE	5	3.2606341149657965	B
chomp_pb_2_4_pe_.ltl	chomp_pb_2_4_pe_.tlsf	param:tlsf/chomp_game/parametric/chomp.tlsf	chomp	param	exact	N,M	"{""N"": 2, ""M"": 4}"	2	2970	TIMEOUT		60.32506108400412	TIMEOUT		60.27493101905566	TIMEOUT			
chomp_pb_2_5_pe_.ltl	chomp_pb_2_5_pe_.tlsf	param:tlsf/chomp_game/parametric/chomp.tlsf	chomp	param	exact	N,M	"{""N"": 2, ""M"": 5}"	2	2970	TIMEOUT		60.17599320609588	TIMEOUT		60.175812387955375	TIMEOUT			
chomp_pb_2_6_pe_.ltl	chomp_pb_2_6_pe_.tlsf	param:tlsf/chomp_game/parametric/chomp.tlsf	chomp	param	exact	N,M	"{""N"": 2, ""M"": 6}"	2	2970	TIMEOUT		60.07329726102762	TIMEOUT		60.125294191995636	TIMEOUT			
chomp_pb_3_2_pe_.ltl	chomp_pb_3_2_pe_.tlsf	param:tlsf/chomp_game/parametric/chomp.tlsf	chomp	param	exact	N,M	"{""N"": 3, ""M"": 2}"	2	2970	REALIZABLE	5	3.2068647510604933	REALIZABLE	5	3.1990205920301378	REALIZABLE	5	3.1990205920301378	B
chomp_pb_3_3_pe_.ltl	chomp_pb_3_3_pe_.tlsf	param:tlsf/chomp_game/parametric/chomp.tlsf	chomp	param	exact	N,M	"{""N"": 3, ""M"": 3}"	2	2970	TIMEOUT		60.05722426006105	TIMEOUT		60.06784751499072	TIMEOUT			
chomp_pb_3_4_pe_.ltl	chomp_pb_3_4_pe_.tlsf	param:tlsf/chomp_game/parametric/chomp.tlsf	chomp	param	exact	N,M	"{""N"": 3, ""M"": 4}"	2	2970	TIMEOUT		60.175792064052075	TIMEOUT		60.10612850799225	TIMEOUT			
chomp_pb_3_5_pe_.ltl	chomp_pb_3_5_pe_.tlsf	param:tlsf/chomp_game/parametric/chomp.tlsf	chomp	param	exact	N,M	"{""N"": 3, ""M"": 5}"	2	2970	TIMEOUT		60.1252853180049	TIMEOUT		60.12206265400164	TIMEOUT			
chomp_pb_3_6_pe_.ltl	chomp_pb_3_6_pe_.tlsf	param:tlsf/chomp_game/parametric/chomp.tlsf	chomp	param	exact	N,M	"{""N"": 3, ""M"": 6}"	2	2970	TIMEOUT		60.12497093400452	TIMEOUT		60.12481144501362	TIMEOUT			
chomp_pb_4_2_pe_.ltl	chomp_pb_4_2_pe_.tlsf	param:tlsf/chomp_game/parametric/chomp.tlsf	chomp	param	exact	N,M	"{""N"": 4, ""M"": 2}"	2	2970	TIMEOUT		60.32582585699856	TIMEOUT		60.27583637193311	TIMEOUT			
chomp_pb_4_3_pe_.ltl	chomp_pb_4_3_pe_.tlsf	param:tlsf/chomp_game/parametric/chomp.tlsf	chomp	param	exact	N,M	"{""N"": 4, ""M"": 3}"	2	2970	TIMEOUT		60.16848139301874	TIMEOUT		60.10888646892272	TIMEOUT			
chomp_pb_4_4_pe_.ltl	chomp_pb_4_4_pe_.tlsf	param:tlsf/chomp_game/parametric/chomp.tlsf	chomp	param	exact	N,M	"{""N"": 4, ""M"": 4}"	2	2970	TIMEOUT		60.12459692207631	TIMEOUT		60.124516173033044	TIMEOUT			
chomp_pb_4_5_pe_.ltl	chomp_pb_4_5_pe_.tlsf	param:tlsf/chomp_game/parametric/chomp.tlsf	chomp	param	exact	N,M	"{""N"": 4, ""M"": 5}"	2	2970	TIMEOUT		60.125463185017	TIMEOUT		60.12546058790758	TIMEOUT			
chomp_pb_4_6_pe_.ltl	chomp_pb_4_6_pe_.tlsf	param:tlsf/chomp_game/parametric/chomp.tlsf	chomp	param	exact	N,M	"{""N"": 4, ""M"": 6}"	2	2970	TIMEOUT		60.12531550694257	TIMEOUT		60.12516921793576	TIMEOUT			
collector_v1_pb_11_pe_.ltl	collector_v1_pb_11_pe_.tlsf	param:tlsf/collector/parametric/collector_v1.tlsf	collector_v1	param	exact	n	"{""n"": 11}"	1	492	TIMEOUT		60.09181311505381	TIMEOUT		60.06662223790772	TIMEOUT			
collector_v1_pb_12_pe_.ltl	collector_v1_pb_12_pe_.tlsf	param:tlsf/collector/parametric/collector_v1.tlsf	collector_v1	param	exact	n	"{""n"": 12}"	1	487	TIMEOUT		60.035084850969724	TIMEOUT		60.03922838694416	TIMEOUT			
collector_v1_pb_13_pe_.ltl	collector_v1_pb_13_pe_.tlsf	param:tlsf/collector/parametric/collector_v1.tlsf	collector_v1	param	exact	n	"{""n"": 13}"	1	492	TIMEOUT		60.124589052051306	TIMEOUT		60.095996926072985	TIMEOUT			
collector_v1_pb_14_pe_.ltl	collector_v1_pb_14_pe_.tlsf	param:tlsf/collector/parametric/collector_v1.tlsf	collector_v1	param	exact	n	"{""n"": 14}"	1	487	TIMEOUT		60.175339986919425	TIMEOUT		60.13518577395007	TIMEOUT			
collector_v1_pb_15_pe_.ltl	collector_v1_pb_15_pe_.tlsf	param:tlsf/collector/parametric/collector_v1.tlsf	collector_v1	param	exact	n	"{""n"": 15}"	1	487	TIMEOUT		60.22183180204593	TIMEOUT		60.192257468937896	TIMEOUT			
collector_v1_pb_3_pe_.ltl	collector_v1_pb_3_pe_.tlsf	param:tlsf/collector/parametric/collector_v1.tlsf	collector_v1	param	exact	n	"{""n"": 3}"	1	490	REALIZABLE	1	0.01760589494369924	REALIZABLE	1	0.026685109012760222	REALIZABLE	1	0.01760589494369924	B
collector_v1_pb_5_pe_.ltl	collector_v1_pb_5_pe_.tlsf	param:tlsf/collector/parametric/collector_v1.tlsf	collector_v1	param	exact	n	"{""n"": 5}"	1	490	REALIZABLE	1	0.04024207091424614	REALIZABLE	1	0.05067826306913048	REALIZABLE	1	0.04024207091424614	B
collector_v1_pb_7_pe_.ltl	collector_v1_pb_7_pe_.tlsf	param:tlsf/collector/parametric/collector_v1.tlsf	collector_v1	param	exact	n	"{""n"": 7}"	1	490	REALIZABLE	1	0.08899589709471911	REALIZABLE	1	0.10143646190408617	REALIZABLE	1	0.08899589709471911	B
collector_v1_pb_9_pe_.ltl	collector_v1_pb_9_pe_.tlsf	param:tlsf/collector/parametric/collector_v1.tlsf	collector_v1	param	exact	n	"{""n"": 9}"	1	491	REALIZABLE	5	2.7404621730092913	REALIZABLE	5	2.7098509030183777	REALIZABLE	5	2.7098509030183777	B
collector_v2_pb_10_pe_.ltl	collector_v2_pb_10_pe_.tlsf	param:tlsf/collector/parametric/collector_v2.tlsf	collector_v2	param	exact	n	"{""n"": 10}"	1	511	REALIZABLE	1	0.1461617179447785	REALIZABLE	1	0.14427862199954689	REALIZABLE	1	0.14427862199954689	B
collector_v2_pb_11_pe_.ltl	collector_v2_pb_11_pe_.tlsf	param:tlsf/collector/parametric/collector_v2.tlsf	collector_v2	param	exact	n	"{""n"": 11}"	1	516	REALIZABLE	1	0.3305183849297464	REALIZABLE	1	0.3132129699224606	REALIZABLE	1	0.3132129699224606	B
collector_v2_pb_12_pe_.ltl	collector_v2_pb_12_pe_.tlsf	param:tlsf/collector/parametric/collector_v2.tlsf	collector_v2	param	exact	n	"{""n"": 12}"	1	511	REALIZABLE	1	0.7308518749196082	REALIZABLE	1	0.7529364270158112	REALIZABLE	1	0.7308518749196082	B
collector_v2_pb_13_pe_.ltl	collector_v2_pb_13_pe_.tlsf	param:tlsf/collector/parametric/collector_v2.tlsf	collector_v2	param	exact	n	"{""n"": 13}"	1	511	REALIZABLE	5	1.7886051430832595	REALIZABLE	5	1.7811661039013416	REALIZABLE	5	1.7811661039013416	B
collector_v2_pb_15_pe_.ltl	collector_v2_pb_15_pe_.tlsf	param:tlsf/collector/parametric/collector_v2.tlsf	collector_v2	param	exact	n	"{""n"": 15}"	1	511	REALIZABLE	17	13.03397546405904	REALIZABLE	17	12.335180721012875	REALIZABLE	17	12.335180721012875	B
collector_v2_pb_27_pe_.ltl	collector_v2_pb_27_pe_.tlsf	param:tlsf/collector/parametric/collector_v2.tlsf	collector_v2	param	exact	n	"{""n"": 27}"	1	511	TIMEOUT		60.12528449099045	TIMEOUT		60.12448906991631	TIMEOUT			
collector_v2_pb_3_pe_.ltl	collector_v2_pb_3_pe_.tlsf	param:tlsf/collector/parametric/collector_v2.tlsf	collector_v2	param	exact	n	"{""n"": 3}"	1	514	REALIZABLE	1	0.021753088105469942	REALIZABLE	1	0.022619777941145003	REALIZABLE	1	0.021753088105469942	B
collector_v2_pb_5_pe_.ltl	collector_v2_pb_5_pe_.tlsf	param:tlsf/collector/parametric/collector_v2.tlsf	collector_v2	param	exact	n	"{""n"": 5}"	1	514	REALIZABLE	1	0.03548070299439132	REALIZABLE	1	0.043537752935662866	REALIZABLE	1	0.03548070299439132	B
collector_v2_pb_7_pe_.ltl	collector_v2_pb_7_pe_.tlsf	param:tlsf/collector/parametric/collector_v2.tlsf	collector_v2	param	exact	n	"{""n"": 7}"	1	514	REALIZABLE	1	0.04740122298244387	REALIZABLE	1	0.0476756930584088	REALIZABLE	1	0.04740122298244387	B
collector_v2_pb_9_pe_.ltl	collector_v2_pb_9_pe_.tlsf	param:tlsf/collector/parametric/collector_v2.tlsf	collector_v2	param	exact	n	"{""n"": 9}"	1	514	REALIZABLE	1	0.06708582700230181	REALIZABLE	1	0.09139710408635437	REALIZABLE	1	0.06708582700230181	B
collector_v3_pb_10_pe_.ltl	collector_v3_pb_10_pe_.tlsf	param:tlsf/collector/parametric/collector_v3.tlsf	collector_v3	param	exact	n	"{""n"": 10}"	1	564	TIMEOUT		60.08274354599416	TIMEOUT		60.09266560699325	TIMEOUT			
collector_v3_pb_11_pe_.ltl	collector_v3_pb_11_pe_.tlsf	param:tlsf/collector/parametric/collector_v3.tlsf	collector_v3	param	exact	n	"{""n"": 11}"	1	568	TIMEOUT		60.124693549005315	TIMEOUT		60.1247629460413	TIMEOUT			
collector_v3_pb_12_pe_.ltl	collector_v3_pb_12_pe_.tlsf	param:tlsf/collector/parametric/collector_v3.tlsf	collector_v3	param	exact	n	"{""n"": 12}"	1	564	TIMEOUT		60.12509841704741	TIMEOUT		60.122024052077904	TIMEOUT			
collector_v3_pb_13_pe_.ltl	collector_v3_pb_13_pe_.tlsf	param:tlsf/collector/parametric/collector_v3.tlsf	collector_v3	param	exact	n	"{""n"": 13}"	1	564	TIMEOUT		60.125473132007755	TIMEOUT		60.12497977097519	TIMEOUT			
collector_v3_pb_15_pe_.ltl	collector_v3_pb_15_pe_.tlsf	param:tlsf/collector/parametric/collector_v3.tlsf	collector_v3	param	exact	n	"{""n"": 15}"	1	564	TIMEOUT		60.12526004796382	TIMEOUT		60.08478049200494	TIMEOUT			
collector_v3_pb_3_pe_.ltl	collector_v3_pb_3_pe_.tlsf	param:tlsf/collector/parametric/collector_v3.tlsf	collector_v3	param	exact	n	"{""n"": 3}"	1	566	REALIZABLE	1	0.022552679991349578	REALIZABLE	1	0.019150085980072618	REALIZABLE	1	0.019150085980072618	B
collector_v3_pb_5_pe_.ltl	collector_v3_pb_5_pe_.tlsf	param:tlsf/collector/parametric/collector_v3.tlsf	collector_v3	param	exact	n	"{""n"": 5}"	1	566	REALIZABLE	1	0.048063235939480364	REALIZABLE	1	0.03833995200693607	REALIZABLE	1	0.03833995200693607	B
collector_v3_pb_7_pe_.ltl	collector_v3_pb_7_pe_.tlsf	param:tlsf/collector/parametric/collector_v3.tlsf	collector_v3	param	exact	n	"{""n"": 7}"	1	566	REALIZABLE	1	0.9806321479845792	REALIZABLE	5	0.9186115009943023	REALIZABLE	1	0.9186115009943023	B
collector_v3_pb_9_pe_.ltl	collector_v3_pb_9_pe_.tlsf	param:tlsf/collector/parametric/collector_v3.tlsf	collector_v3	param	exact	n	"{""n"": 9}"	1	566	TIMEOUT		60.0560215159785	TIMEOUT		60.046084137051366	TIMEOUT			
full_arbiter_enc_pb_10_pe_.ltl	full_arbiter_enc_pb_10_pe_.tlsf	param:tlsf/full_arbiter_log/parametric/full_arbiter_enc.tlsf	full_arbiter_enc	param	exact	n	"{""n"": 10}"	1	2535	TIMEOUT		60.12477062502876	TIMEOUT		60.12468093296047	TIMEOUT			
full_arbiter_enc_pb_12_pe_.ltl	full_arbiter_enc_pb_12_pe_.tlsf	param:tlsf/full_arbiter_log/parametric/full_arbiter_enc.tlsf	full_arbiter_enc	param	exact	n	"{""n"": 12}"	1	2535	TIMEOUT		60.12522450694814	TIMEOUT		60.12519315001555	TIMEOUT			
full_arbiter_enc_pb_8_pe_.ltl	full_arbiter_enc_pb_8_pe_.tlsf	param:tlsf/full_arbiter_log/parametric/full_arbiter_enc.tlsf	full_arbiter_enc	param	exact	n	"{""n"": 8}"	1	2534	TIMEOUT		60.09035957301967	TIMEOUT		60.09250890696421	TIMEOUT			
full_arbiter_unreal1_pb_2_10_pe_.ltl	full_arbiter_unreal1_pb_2_10_pe_.tlsf	param:tlsf/full_arbiter_unreal/parametric/full_arbiter_unreal1.tlsf	full_arbiter_unreal1	param	exact	n,u	"{""n"": 2, ""u"": 10}"	2	1843	UNREALIZABLE	1	0.05569348705466837	UNREALIZABLE	1	0.05767416697926819	UNREALIZABLE	1	0.05569348705466837	B
full_arbiter_unreal1_pb_2_11_pe_.ltl	full_arbiter_unreal1_pb_2_11_pe_.tlsf	param:tlsf/full_arbiter_unreal/parametric/full_arbiter_unreal1.tlsf	full_arbiter_unreal1	param	exact	n,u	"{""n"": 2, ""u"": 11}"	2	1843	UNREALIZABLE	1	0.10465226403903216	UNREALIZABLE	1	0.102278325939551	UNREALIZABLE	1	0.102278325939551	B
full_arbiter_unreal1_pb_2_12_pe_.ltl	full_arbiter_unreal1_pb_2_12_pe_.tlsf	param:tlsf/full_arbiter_unreal/parametric/full_arbiter_unreal1.tlsf	full_arbiter_unreal1	param	exact	n,u	"{""n"": 2, ""u"": 12}"	2	1843	UNREALIZABLE	1	0.19861297402530909	UNREALIZABLE	1	0.21064236701931804	UNREALIZABLE	1	0.19861297402530909	B
full_arbiter_unreal1_pb_2_13_pe_.ltl	full_arbiter_unreal1_pb_2_13_pe_.tlsf	param:tlsf/full_arbiter_unreal/parametric/full_arbiter_unreal1.tlsf	full_arbiter_unreal1	param	exact	n,u	"{""n"": 2, ""u"": 13}"	2	1843	UNREALIZABLE	1	0.4468332710675895	UNREALIZABLE	1	0.4122366000665352	UNREALIZABLE	1	0.4122366000665352	B
full_arbiter_unreal1_pb_2_14_pe_.ltl	full_arbiter_unreal1_pb_2_14_pe_.tlsf	param:tlsf/full_arbiter_unreal/parametric/full_arbiter_unreal1.tlsf	full_arbiter_unreal1	param	exact	n,u	"{""n"": 2, ""u"": 14}"	2	1843	UNREALIZABLE	1	0.9271560059860349	UNREALIZABLE	1	0.9030105849960819	UNREALIZABLE	1	0.9030105849960819	B
full_arbiter_unreal1_pb_2_15_pe_.ltl	full_arbiter_unreal1_pb_2_15_pe_.tlsf	param:tlsf/full_arbiter_unreal/parametric/full_arbiter_unreal1.tlsf	full_arbiter_unreal1	param	exact	n,u	"{""n"": 2, ""u"": 15}"	2	1843	UNREALIZABLE	5	1.8973865759326145	UNREALIZABLE	5	1.91219588695094	UNREALIZABLE	5	1.8973865759326145	B
full_arbiter_unreal1_pb_2_16_pe_.ltl	full_arbiter_unreal1_pb_2_16_pe_.tlsf	param:tlsf/full_arbiter_unreal/parametric/full_arbiter_unreal1.tlsf	full_arbiter_unreal1	param	exact	n,u	"{""n"": 2, ""u"": 16}"	2	1843	UNREALIZABLE	5	4.247572083026171	UNREALIZABLE	5	4.031785289058462	UNREALIZABLE	5	4.031785289058462	B
full_arbiter_unreal1_pb_2_18_pe_.ltl	full_arbiter_unreal1_pb_2_18_pe_.tlsf	param:tlsf/full_arbiter_unreal/parametric/full_arbiter_unreal1.tlsf	full_arbiter_unreal1	param	exact	n,u	"{""n"": 2, ""u"": 18}"	2	1843	UNREALIZABLE	60	21.21719692100305	UNREALIZABLE	60	21.144463615957648	UNREALIZABLE	60	21.144463615957648	B
full_arbiter_unreal1_pb_2_1_pe_.ltl	full_arbiter_unreal1_pb_2_1_pe_.tlsf	param:tlsf/full_arbiter_unreal/parametric/full_arbiter_unreal1.tlsf	full_arbiter_unreal1	param	exact	n,u	"{""n"": 2, ""u"": 1}"	2	1842	UNREALIZABLE	1	0.026055422029457986	UNREALIZABLE	1	0.03649962111376226	UNREALIZABLE	1	0.026055422029457986	B
full_arbiter_unreal1_pb_2_20_pe_.ltl	full_arbiter_unreal1_pb_2_20_pe_.tlsf	param:tlsf/full_arbiter_unreal/parametric/full_arbiter_unreal1.tlsf	full_arbiter_unreal1	param	exact	n,u	"{""n"": 2, ""u"": 20}"	2	1843	TIMEOUT		60.224964788067155	TIMEOUT		60.16734605899546	TIMEOUT			
full_arbiter_unreal1_pb_2_21_pe_.ltl	full_arbiter_unreal1_pb_2_21_pe_.tlsf	param:tlsf/full_arbiter_unreal/parametric/full_arbiter_unreal1.tlsf	full_arbiter_unreal1	param	exact	n,u	"{""n"": 2, ""u"": 21}"	2	1843	TIMEOUT		60.17530502099544	TIMEOUT		60.164023747085594	TIMEOUT			
full_arbiter_unreal1_pb_2_22_pe_.ltl	full_arbiter_unreal1_pb_2_22_pe_.tlsf	param:tlsf/full_arbiter_unreal/parametric/full_arbiter_unreal1.tlsf	full_arbiter_unreal1	param	exact	n,u	"{""n"": 2, ""u"": 22}"	2	1843	TIMEOUT		60.174377707066014	TIMEOUT		60.12704538006801	TIMEOUT			
full_arbiter_unreal1_pb_2_24_pe_.ltl	full_arbiter_unreal1_pb_2_24_pe_.tlsf	param:tlsf/full_arbiter_unreal/parametric/full_arbiter_unreal1.tlsf	full_arbiter_unreal1	param	exact	n,u	"{""n"": 2, ""u"": 24}"	2	1843	TIMEOUT		60.17429455695674	TIMEOUT		60.17480634304229	TIMEOUT			
full_arbiter_unreal1_pb_2_26_pe_.ltl	full_arbiter_unreal1_pb_2_26_pe_.tlsf	param:tlsf/full_arbiter_unreal/parametric/full_arbiter_unreal1.tlsf	full_arbiter_unreal1	param	exact	n,u	"{""n"": 2, ""u"": 26}"	2	1843	TIMEOUT		60.22216167207807	TIMEOUT		60.169053017976694	TIMEOUT			
full_arbiter_unreal1_pb_2_2_pe_.ltl	full_arbiter_unreal1_pb_2_2_pe_.tlsf	param:tlsf/full_arbiter_unreal/parametric/full_arbiter_unreal1.tlsf	full_arbiter_unreal1	param	exact	n,u	"{""n"": 2, ""u"": 2}"	2	1842	UNREALIZABLE	1	0.022686960990540683	UNREALIZABLE	1	0.01664104196242988	UNREALIZABLE	1	0.01664104196242988	B
full_arbiter_unreal1_pb_2_3_pe_.ltl	full_arbiter_unreal1_pb_2_3_pe_.tlsf	param:tlsf/full_arbiter_unreal/parametric/full_arbiter_unreal1.tlsf	full_arbiter_unreal1	param	exact	n,u	"{""n"": 2, ""u"": 3}"	2	1842	UNREALIZABLE	1	0.03717438492458314	UNREALIZABLE	1	0.018510181922465563	UNREALIZABLE	1	0.018510181922465563	B
full_arbiter_unreal1_pb_2_4_pe_.ltl	full_arbiter_unreal1_pb_2_4_pe_.tlsf	param:tlsf/full_arbiter_unreal/parametric/full_arbiter_unreal1.tlsf	full_arbiter_unreal1	param	exact	n,u	"{""n"": 2, ""u"": 4}"	2	1842	UNREALIZABLE	1	0.030213531921617687	UNREALIZABLE	1	0.016223034006543458	UNREALIZABLE	1	0.016223034006543458	B
full_arbiter_unreal1_pb_2_5_pe_.ltl	full_arbiter_unreal1_pb_2_5_pe_.tlsf	param:tlsf/full_arbiter_unreal/parametric/full_arbiter_unreal1.tlsf	full_arbiter_unreal1	param	exact	n,u	"{""n"": 2, ""u"": 5}"	2	1842	UNREALIZABLE	1	0.03278449294157326	UNREALIZABLE	1	0.01747888291720301	UNREALIZABLE	1	0.01747888291720301	B
full_arbiter_unreal1_pb_2_6_pe_.ltl	full_arbiter_unreal1_pb_2_6_pe_.tlsf	param:tlsf/full_arbiter_unreal/parametric/full_arbiter_unreal1.tlsf	full_arbiter_unreal1	param	exact	n,u	"{""n"": 2, ""u"": 6}"	2	1842	UNREALIZABLE	1	0.03886098600924015	UNREALIZABLE	1	0.02282743901014328	UNREALIZABLE	1	0.02282743901014328	B
full_arbiter_unreal1_pb_2_7_pe_.ltl	full_arbiter_unreal1_pb_2_7_pe_.tlsf	param:tlsf/full_arbiter_unreal/parametric/full_arbiter_unreal1.tlsf	full_arbiter_unreal1	param	exact	n,u	"{""n"": 2, ""u"": 7}"	2	1842	UNREALIZABLE	1	0.04699563700705767	UNREALIZABLE	1	0.024163271998986602	UNREALIZABLE	1	0.024163271998986602	B
full_arbiter_unreal1_pb_2_8_pe_.ltl	full_arbiter_unreal1_pb_2_8_pe_.tlsf	param:tlsf/full_arbiter_unreal/parametric/full_arbiter_unreal1.tlsf	full_arbiter_unreal1	param	exact	n,u	"{""n"": 2, ""u"": 8}"	2	1842	UNREALIZABLE	1	0.04265906009823084	UNREALIZABLE	1	0.023844068055041134	UNREALIZABLE	1	0.023844068055041134	B
full_arbiter_unreal1_pb_2_9_pe_.ltl	full_arbiter_unreal1_pb_2_9_pe_.tlsf	param:tlsf/full_arbiter_unreal/parametric/full_arbiter_unreal1.tlsf	full_arbiter_unreal1	param	exact	n,u	"{""n"": 2, ""u"": 9}"	2	1842	UNREALIZABLE	1	0.03732861496973783	UNREALIZABLE	1	0.040664308005943894	UNREALIZABLE	1	0.03732861496973783	B
full_arbiter_unreal1_pb_3_10_pe_.ltl	full_arbiter_unreal1_pb_3_10_pe_.tlsf	param:tlsf/full_arbiter_unreal/parametric/full_arbiter_unreal1.tlsf	full_arbiter_unreal1	param	exact	n,u	"{""n"": 3, ""u"": 10}"	2	1843	TIMEOUT		60.16090019897092	TIMEOUT		60.14517408190295	TIMEOUT			
full_arbiter_unreal1_pb_3_11_pe_.ltl	full_arbiter_unreal1_pb_3_11_pe_.tlsf	param:tlsf/full_arbiter_unreal/parametric/full_arbiter_unreal1.tlsf	full_arbiter_unreal1	param	exact	n,u	"{""n"": 3, ""u"": 11}"	2	1837	TIMEOUT		60.17569670593366	TIMEOUT		60.17529973201454	TIMEOUT			
full_arbiter_unreal1_pb_3_12_pe_.ltl	full_arbiter_unreal1_pb_3_12_pe_.tlsf	param:tlsf/full_arbiter_unreal/parametric/full_arbiter_unreal1.tlsf	full_arbiter_unreal1	param	exact	n,u	"{""n"": 3, ""u"": 12}"	2	1838	TIMEOUT		60.17482932796702	TIMEOUT		60.175742337014526	TIMEOUT			
full_arbiter_unreal1_pb_3_13_pe_.ltl	full_arbiter_unreal1_pb_3_13_pe_.tlsf	param:tlsf/full_arbiter_unreal/parametric/full_arbiter_unreal1.tlsf	full_arbiter_unreal1	param	exact	n,u	"{""n"": 3, ""u"": 13}"	2	1837	TIMEOUT		60.1752513180254	TIMEOUT		60.17547796503641	TIMEOUT			
full_arbiter_unreal1_pb_3_14_pe_.ltl	full_arbiter_unreal1_pb_3_14_pe_.tlsf	param:tlsf/full_arbiter_unreal/parametric/full_arbiter_unreal1.tlsf	full_arbiter_unreal1	param	exact	n,u	"{""n"": 3, ""u"": 14}"	2	1837	TIMEOUT		60.17523101600818	TIMEOUT		60.175585443968885	TIMEOUT			
full_arbiter_unreal1_pb_3_15_pe_.ltl	full_arbiter_unreal1_pb_3_15_pe_.tlsf	param:tlsf/full_arbiter_unreal/parametric/full_arbiter_unreal1.tlsf	full_arbiter_unreal1	param	exact	n,u	"{""n"": 3, ""u"": 15}"	2	1837	TIMEOUT		60.175519776996225	TIMEOUT		60.13439317699522	TIMEOUT			
full_arbiter_unreal1_pb_3_1_pe_.ltl	full_arbiter_unreal1_pb_3_1_pe_.tlsf	param:tlsf/full_arbiter_unreal/parametric/full_arbiter_unreal1.tlsf	full_arbiter_unreal1	param	exact	n,u	"{""n"": 3, ""u"": 1}"	2	1842	UNREALIZABLE	1	0.0196897309506312	UNREALIZABLE	1	0.03108283202163875	UNREALIZABLE	1	0.0196897309506312	B
full_arbiter_unreal1_pb_3_2_pe_.ltl	full_arbiter_unreal1_pb_3_2_pe_.tlsf	param:tlsf/full_arbiter_unreal/parametric/full_arbiter_unreal1.tlsf	full_arbiter_unreal1	param	exact	n,u	"{""n"": 3, ""u"": 2}"	2	1842	UNREALIZABLE	1	0.023936395067721605	UNREALIZABLE	1	0.039833065937273204	UNREALIZABLE	1	0.023936395067721605	B
full_arbiter_unreal1_pb_3_3_pe_.ltl	full_arbiter_unreal1_pb_3_3_pe_.tlsf	param:tlsf/full_arbiter_unreal/parametric/full_arbiter_unreal1.tlsf	full_arbiter_unreal1	param	exact	n,u	"{""n"": 3, ""u"": 3}"	2	1842	UNREALIZABLE	1	0.022171313990838826	UNREALIZABLE	1	0.02962267491966486	UNREALIZABLE	1	0.022171313990838826	B
full_arbiter_unreal1_pb_3_4_pe_.ltl	full_arbiter_unreal1_pb_3_4_pe_.tlsf	param:tlsf/full_arbiter_unreal/parametric/full_arbiter_unreal1.tlsf	full_arbiter_unreal1	param	exact	n,u	"{""n"": 3, ""u"": 4}"	2	1842	UNREALIZABLE	1	0.06666452903300524	UNREALIZABLE	1	0.053043043008074164	UNREALIZABLE	1	0.053043043008074164	B
full_arbiter_unreal1_pb_3_5_pe_.ltl	full_arbiter_unreal1_pb_3_5_pe_.tlsf	param:tlsf/full_arbiter_unreal/parametric/full_arbiter_unreal1.tlsf	full_arbiter_unreal1	param	exact	n,u	"{""n"": 3, ""u"": 5}"	2	1842	UNREALIZABLE	1	0.23722287802956998	UNREALIZABLE	1	0.2207625600276515	UNREALIZABLE	1	0.2207625600276515	B
full_arbiter_unreal1_pb_3_6_pe_.ltl	full_arbiter_unreal1_pb_3_6_pe_.tlsf	param:tlsf/full_arbiter_unreal/parametric/full_arbiter_unreal1.tlsf	full_arbiter_unreal1	param	exact	n,u	"{""n"": 3, ""u"": 6}"	2	1842	UNREALIZABLE	5	1.448918865993619	UNREALIZABLE	5	1.3740547569468617	UNREALIZABLE	5	1.3740547569468617	B
full_arbiter_unreal1_pb_3_7_pe_.ltl	full_arbiter_unreal1_pb_3_7_pe_.tlsf	param:tlsf/full_arbiter_unreal/parametric/full_arbiter_unreal1.tlsf	full_arbiter_unreal1	param	exact	n,u	"{""n"": 3, ""u"": 7}"	2	1842	UNREALIZABLE	17	9.455223428085446	UNREALIZABLE	17	9.15032415103633	UNREALIZABLE	17	9.15032415103633	B
full_arbiter_unreal1_pb_3_8_pe_.ltl	full_arbiter_unreal1_pb_3_8_pe_.tlsf	param:tlsf/full_arbiter_unreal/parametric/full_arbiter_unreal1.tlsf	full_arbiter_unreal1	param	exact	n,u	"{""n"": 3, ""u"": 8}"	2	1842	TIMEOUT		60.17465778300539	TIMEOUT		60.17110216303263	TIMEOUT			
full_arbiter_unreal1_pb_3_9_pe_.ltl	full_arbiter_unreal1_pb_3_9_pe_.tlsf	param:tlsf/full_arbiter_unreal/parametric/full_arbiter_unreal1.tlsf	full_arbiter_unreal1	param	exact	n,u	"{""n"": 3, ""u"": 9}"	2	1842	TIMEOUT		60.17560275795404	TIMEOUT		60.136976885958575	TIMEOUT			
full_arbiter_unreal1_pb_4_1_pe_.ltl	full_arbiter_unreal1_pb_4_1_pe_.tlsf	param:tlsf/full_arbiter_unreal/parametric/full_arbiter_unreal1.tlsf	full_arbiter_unreal1	param	exact	n,u	"{""n"": 4, ""u"": 1}"	2	1842	UNREALIZABLE	1	0.030491632060147822	UNREALIZABLE	1	0.036654887022450566	UNREALIZABLE	1	0.030491632060147822	B
full_arbiter_unreal1_pb_4_2_pe_.ltl	full_arbiter_unreal1_pb_4_2_pe_.tlsf	param:tlsf/full_arbiter_unreal/parametric/full_arbiter_unreal1.tlsf	full_arbiter_unreal1	param	exact	n,u	"{""n"": 4, ""u"": 2}"	2	1842	UNREALIZABLE	1	0.05331302701961249	UNREALIZABLE	1	0.06195703602861613	UNREALIZABLE	1	0.05331302701961249	B
full_arbiter_unreal1_pb_4_3_pe_.ltl	full_arbiter_unreal1_pb_4_3_pe_.tlsf	param:tlsf/full_arbiter_unreal/parametric/full_arbiter_unreal1.tlsf	full_arbiter_unreal1	param	exact	n,u	"{""n"": 4, ""u"": 3}"	2	1842	UNREALIZABLE	1	0.19670240196865052	UNREALIZABLE	1	0.1857135270256549	UNREALIZABLE	1	0.1857135270256549	B
full_arbiter_unreal1_pb_4_4_pe_.ltl	full_arbiter_unreal1_pb_4_4_pe_.tlsf	param:tlsf/full_arbiter_unreal/parametric/full_arbiter_unreal1.tlsf	full_arbiter_unreal1	param	exact	n,u	"{""n"": 4, ""u"": 4}"	2	1842	UNREALIZABLE	5	2.7278715840075165	UNREALIZABLE	5	2.6469888610299677	UNREALIZABLE	5	2.6469888610299677	B
full_arbiter_unreal1_pb_4_5_pe_.ltl	full_arbiter_unreal1_pb_4_5_pe_.tlsf	param:tlsf/full_arbiter_unreal/parametric/full_arbiter_unreal1.tlsf	full_arbiter_unreal1	param	exact	n,u	"{""n"": 4, ""u"": 5}"	2	1842	UNREALIZABLE	60	53.304735154961236	UNREALIZABLE	60	53.39901529904455	UNREALIZABLE	60	53.304735154961236	B
full_arbiter_unreal1_pb_4_6_pe_.ltl	full_arbiter_unreal1_pb_4_6_pe_.tlsf	param:tlsf/full_arbiter_unreal/parametric/full_arbiter_unreal1.tlsf	full_arbiter_unreal1	param	exact	n,u	"{""n"": 4, ""u"": 6}"	2	1836	TIMEOUT		60.08709550707135	TIMEOUT		60.124930629041046	TIMEOUT			
full_arbiter_unreal1_pb_4_7_pe_.ltl	full_arbiter_unreal1_pb_4_7_pe_.tlsf	param:tlsf/full_arbiter_unreal/parametric/full_arbiter_unreal1.tlsf	full_arbiter_unreal1	param	exact	n,u	"{""n"": 4, ""u"": 7}"	2	1836	TIMEOUT		60.12472591199912	TIMEOUT		60.124715970945545	TIMEOUT			
full_arbiter_unreal1_pb_4_8_pe_.ltl	full_arbiter_unreal1_pb_4_8_pe_.tlsf	param:tlsf/full_arbiter_unreal/parametric/full_arbiter_unreal1.tlsf	full_arbiter_unreal1	param	exact	n,u	"{""n"": 4, ""u"": 8}"	2	1836	TIMEOUT		60.082807016093284	TIMEOUT		60.124995435005985	TIMEOUT			
full_arbiter_unreal1_pb_6_8_pe_.ltl	full_arbiter_unreal1_pb_6_8_pe_.tlsf	param:tlsf/full_arbiter_unreal/parametric/full_arbiter_unreal1.tlsf	full_arbiter_unreal1	param	exact	n,u	"{""n"": 6, ""u"": 8}"	2	1836	TIMEOUT		60.08951492293272	TIMEOUT		60.124709038063884	TIMEOUT			
full_arbiter_unreal2_pb_2_pe_.ltl	full_arbiter_unreal2_pb_2_pe_.tlsf	param:tlsf/full_arbiter_unreal/parametric/full_arbiter_unreal2.tlsf	full_arbiter_unreal2	param	exact	n	"{""n"": 2}"	1	1829	UNREALIZABLE	1	0.02884641708806157	UNREALIZABLE	1	0.018748312024399638	UNREALIZABLE	1	0.018748312024399638	B
full_arbiter_unreal2_pb_3_pe_.ltl	full_arbiter_unreal2_pb_3_pe_.tlsf	param:tlsf/full_arbiter_unreal/parametric/full_arbiter_unreal2.tlsf	full_arbiter_unreal2	param	exact	n	"{""n"": 3}"	1	1829	UNREALIZABLE	1	0.0704131219536066	UNREALIZABLE	1	0.05739432794507593	UNREALIZABLE	1	0.05739432794507593	B
full_arbiter_unreal2_pb_4_pe_.ltl	full_arbiter_unreal2_pb_4_pe_.tlsf	param:tlsf/full_arbiter_unreal/parametric/full_arbiter_unreal2.tlsf	full_arbiter_unreal2	param	exact	n	"{""n"": 4}"	1	1829	UNREALIZABLE	17	4.799529746058397	UNREALIZABLE	5	4.83360329491552	UNREALIZABLE	5	4.799529746058397	S
full_arbiter_unreal2_pb_5_pe_.ltl	full_arbiter_unreal2_pb_5_pe_.tlsf	param:tlsf/full_arbiter_unreal/parametric/full_arbiter_unreal2.tlsf	full_arbiter_unreal2	param	exact	n	"{""n"": 5}"	1	1823	TIMEOUT		60.124582571093924	TIMEOUT		60.12477832206059	TIMEOUT			
full_arbiter_unreal2_pb_6_pe_.ltl	full_arbiter_unreal2_pb_6_pe_.tlsf	param:tlsf/full_arbiter_unreal/parametric/full_arbiter_unreal2.tlsf	full_arbiter_unreal2	param	exact	n	"{""n"": 6}"	1	1823	TIMEOUT		60.124842897988856	TIMEOUT		60.12492526997812	TIMEOUT			
full_arbiter_unreal2_pb_7_pe_.ltl	full_arbiter_unreal2_pb_7_pe_.tlsf	param:tlsf/full_arbiter_unreal/parametric/full_arbiter_unreal2.tlsf	full_arbiter_unreal2	param	exact	n	"{""n"": 7}"	1	1823	TIMEOUT		60.12510263500735	TIMEOUT		60.124919896014035	TIMEOUT			
generalized_buffer_pb_2_pe_.ltl	generalized_buffer_pb_2_pe_.tlsf	param:tlsf/generalized_buffer/parametric/generalized_buffer.tlsf	generalized_buffer	param	exact	n	"{""n"": 2}"	1	2190	REALIZABLE	1	0.02029059804044664	REALIZABLE	1	0.022692007943987846	REALIZABLE	1	0.02029059804044664	B
generalized_buffer_pb_3_pe_.ltl	generalized_buffer_pb_3_pe_.tlsf	param:tlsf/generalized_buffer/parametric/generalized_buffer.tlsf	generalized_buffer	param	exact	n	"{""n"": 3}"	1	2185	REALIZABLE	1	0.1186423379695043	REALIZABLE	1	0.03793513705022633	REALIZABLE	1	0.03793513705022633	B
generalized_buffer_pb_4_pe_.ltl	generalized_buffer_pb_4_pe_.tlsf	param:tlsf/generalized_buffer/parametric/generalized_buffer.tlsf	generalized_buffer	param	exact	n	"{""n"": 4}"	1	2185	REALIZABLE	17	11.981755961081944	REALIZABLE	17	11.897390626952983	REALIZABLE	17	11.897390626952983	B
generalized_buffer_pb_5_pe_.ltl	generalized_buffer_pb_5_pe_.tlsf	param:tlsf/generalized_buffer/parametric/generalized_buffer.tlsf	generalized_buffer	param	exact	n	"{""n"": 5}"	1	2185	TIMEOUT		60.07584920199588	TIMEOUT		60.07651461602654	TIMEOUT			
generalized_buffer_pb_6_pe_.ltl	generalized_buffer_pb_6_pe_.tlsf	param:tlsf/generalized_buffer/parametric/generalized_buffer.tlsf	generalized_buffer	param	exact	n	"{""n"": 6}"	1	2185	TIMEOUT		60.07630292198155	TIMEOUT		60.06739292794373	TIMEOUT			
lift_pb_10_pe_.ltl	lift_pb_10_pe_.tlsf	param:tlsf/lift/parametric/lift.tlsf	lift	param	exact	n	"{""n"": 10}"	1	3445	TIMEOUT		60.086965474067256	TIMEOUT		60.12488871894311	TIMEOUT			
lift_pb_2_pe_.ltl	lift_pb_2_pe_.tlsf	param:tlsf/lift/parametric/lift.tlsf	lift	param	exact	n	"{""n"": 2}"	1	3444	REALIZABLE	1	0.028081233031116426	REALIZABLE	1	0.01787015504669398	REALIZABLE	1	0.01787015504669398	B
lift_pb_3_pe_.ltl	lift_pb_3_pe_.tlsf	param:tlsf/lift/parametric/lift.tlsf	lift	param	exact	n	"{""n"": 3}"	1	3444	TIMEOUT		60.07581525295973	REALIZABLE	1	0.1530895009636879	REALIZABLE	1	0.1530895009636879	S
lift_pb_4_pe_.ltl	lift_pb_4_pe_.tlsf	param:tlsf/lift/parametric/lift.tlsf	lift	param	exact	n	"{""n"": 4}"	1	3444	TIMEOUT		60.076192384934984	TIMEOUT		60.07726130599622	TIMEOUT			
lift_pb_5_pe_.ltl	lift_pb_5_pe_.tlsf	param:tlsf/lift/parametric/lift.tlsf	lift	param	exact	n	"{""n"": 5}"	1	3444	TIMEOUT		60.09222533891443	TIMEOUT		60.09283597697504	TIMEOUT			
lift_pb_6_pe_.ltl	lift_pb_6_pe_.tlsf	param:tlsf/lift/parametric/lift.tlsf	lift	param	exact	n	"{""n"": 6}"	1	3444	TIMEOUT		60.17467210092582	TIMEOUT		60.17512719403021	TIMEOUT			
lift_pb_7_pe_.ltl	lift_pb_7_pe_.tlsf	param:tlsf/lift/parametric/lift.tlsf	lift	param	exact	n	"{""n"": 7}"	1	3444	TIMEOUT		60.27460825198796	TIMEOUT		60.23789982998278	TIMEOUT			
lift_pb_8_pe_.ltl	lift_pb_8_pe_.tlsf	param:tlsf/lift/parametric/lift.tlsf	lift	param	exact	n	"{""n"": 8}"	1	3444	TIMEOUT		60.0922268750146	TIMEOUT		60.09244422102347	TIMEOUT			
lift_pb_9_pe_.ltl	lift_pb_9_pe_.tlsf	param:tlsf/lift/parametric/lift.tlsf	lift	param	exact	n	"{""n"": 9}"	1	3444	TIMEOUT		60.09135607397184	TIMEOUT		60.09234341303818	TIMEOUT			
lift_gr1+_pb_2_pe_.ltl	lift_gr1+_pb_2_pe_.tlsf	param:tlsf/lift/parametric/lift_gr1+.tlsf	lift_gr1+	param	exact	n	"{""n"": 2}"	1	3234	REALIZABLE	1	0.039298087009228766	REALIZABLE	1	0.04922543803695589	REALIZABLE	1	0.039298087009228766	B
lift_gr1+_pb_3_pe_.ltl	lift_gr1+_pb_3_pe_.tlsf	param:tlsf/lift/parametric/lift_gr1+.tlsf	lift_gr1+	param	exact	n	"{""n"": 3}"	1	3234	TIMEOUT		60.07667406601831	TIMEOUT		60.058791468967684	TIMEOUT			
lift_gr1+_pb_6_pe_.ltl	lift_gr1+_pb_6_pe_.tlsf	param:tlsf/lift/parametric/lift_gr1+.tlsf	lift_gr1+	param	exact	n	"{""n"": 6}"	1	3234	TIMEOUT		60.22476277197711	TIMEOUT		60.22506259800866	TIMEOUT			
lift_gr1+_pb_7_pe_.ltl	lift_gr1+_pb_7_pe_.tlsf	param:tlsf/lift/parametric/lift_gr1+.tlsf	lift_gr1+	param	exact	n	"{""n"": 7}"	1	3234	TIMEOUT		60.12415202707052	TIMEOUT		60.124197842902504	TIMEOUT			
lift_gr1+_pb_8_pe_.ltl	lift_gr1+_pb_8_pe_.tlsf	param:tlsf/lift/parametric/lift_gr1+.tlsf	lift_gr1+	param	exact	n	"{""n"": 8}"	1	3234	TIMEOUT		60.22494916000869	TIMEOUT		60.16643610491883	TIMEOUT			
lift_gr1+_pb_9_pe_.ltl	lift_gr1+_pb_9_pe_.tlsf	param:tlsf/lift/parametric/lift_gr1+.tlsf	lift_gr1+	param	exact	n	"{""n"": 9}"	1	3234	TIMEOUT		60.225380679941736	TIMEOUT		60.18023164488841	TIMEOUT			
lift_gr1_pb_10_pe_.ltl	lift_gr1_pb_10_pe_.tlsf	param:tlsf/lift/parametric/lift_gr1.tlsf	lift_gr1	param	exact	n	"{""n"": 10}"	1	3295	TIMEOUT		60.27428263705224	TIMEOUT		60.27628252992872	TIMEOUT			
lift_gr1_pb_2_pe_.ltl	lift_gr1_pb_2_pe_.tlsf	param:tlsf/lift/parametric/lift_gr1.tlsf	lift_gr1	param	exact	n	"{""n"": 2}"	1	3294	REALIZABLE	1	0.025112343952059746	REALIZABLE	1	0.02646457008086145	REALIZABLE	1	0.025112343952059746	B
lift_gr1_pb_3_pe_.ltl	lift_gr1_pb_3_pe_.tlsf	param:tlsf/lift/parametric/lift_gr1.tlsf	lift_gr1	param	exact	n	"{""n"": 3}"	1	3294	TIMEOUT		60.076855757972226	TIMEOUT		60.07678511401173	TIMEOUT			
lift_gr1_pb_7_pe_.ltl	lift_gr1_pb_7_pe_.tlsf	param:tlsf/lift/parametric/lift_gr1.tlsf	lift_gr1	param	exact	n	"{""n"": 7}"	1	3294	TIMEOUT		60.32415312901139	TIMEOUT		60.30654106196016	TIMEOUT			
lift_gr1_pb_8_pe_.ltl	lift_gr1_pb_8_pe_.tlsf	param:tlsf/lift/parametric/lift_gr1.tlsf	lift_gr1	param	exact	n	"{""n"": 8}"	1	3294	TIMEOUT		60.119263802072965	TIMEOUT		60.124765561078675	TIMEOUT			
lift_gr1_pb_9_pe_.ltl	lift_gr1_pb_9_pe_.tlsf	param:tlsf/lift/parametric/lift_gr1.tlsf	lift_gr1	param	exact	n	"{""n"": 9}"	1	3294	TIMEOUT		60.224913934012875	TIMEOUT		60.178334566997364	TIMEOUT			
lift_unary_enc_pb_2_pe_.ltl	lift_unary_enc_pb_2_pe_.tlsf	param:tlsf/lift/parametric/lift_unary_enc.tlsf	lift_unary_enc	param	exact	n	"{""n"": 2}"	1	2239	REALIZABLE	1	0.025451777037233114	REALIZABLE	1	0.024146648007445037	REALIZABLE	1	0.024146648007445037	B
lift_unary_enc_pb_3_pe_.ltl	lift_unary_enc_pb_3_pe_.tlsf	param:tlsf/lift/parametric/lift_unary_enc.tlsf	lift_unary_enc	param	exact	n	"{""n"": 3}"	1	2239	TIMEOUT		60.076155677088536	REALIZABLE	17	4.529931035009213	REALIZABLE	17	4.529931035009213	S
lift_unary_enc_pb_4_pe_.ltl	lift_unary_enc_pb_4_pe_.tlsf	param:tlsf/lift/parametric/lift_unary_enc.tlsf	lift_unary_enc	param	exact	n	"{""n"": 4}"	1	2239	TIMEOUT		60.09310680103954	TIMEOUT		60.09324810199905	TIMEOUT			
lift_unary_enc_pb_5_pe_.ltl	lift_unary_enc_pb_5_pe_.tlsf	param:tlsf/lift/parametric/lift_unary_enc.tlsf	lift_unary_enc	param	exact	n	"{""n"": 5}"	1	2239	TIMEOUT		60.12408940400928	TIMEOUT		60.12450281402562	TIMEOUT			
lift_unary_enc_pb_6_pe_.ltl	lift_unary_enc_pb_6_pe_.tlsf	param:tlsf/lift/parametric/lift_unary_enc.tlsf	lift_unary_enc	param	exact	n	"{""n"": 6}"	1	2239	TIMEOUT		60.09184255998116	TIMEOUT		60.08973160199821	TIMEOUT			
lift_unary_enc_pb_7_pe_.ltl	lift_unary_enc_pb_7_pe_.tlsf	param:tlsf/lift/parametric/lift_unary_enc.tlsf	lift_unary_enc	param	exact	n	"{""n"": 7}"	1	2239	TIMEOUT		60.12466807500459	TIMEOUT		60.1246393910842	TIMEOUT			
lift_wrong_physics_unreal_pb_10_pe_.ltl	lift_wrong_physics_unreal_pb_10_pe_.tlsf	param:tlsf/lift/parametric/lift_wrong_physics_unreal.tlsf	lift_wrong_physics_unreal	param	exact	n	"{""n"": 10}"	1	3449	UNREALIZABLE	5	1.1227149789920077	UNREALIZABLE	5	1.0898656740318984	UNREALIZABLE	5	1.0898656740318984	B
lift_wrong_physics_unreal_pb_2_pe_.ltl	lift_wrong_physics_unreal_pb_2_pe_.tlsf	param:tlsf/lift/parametric/lift_wrong_physics_unreal.tlsf	lift_wrong_physics_unreal	param	exact	n	"{""n"": 2}"	1	3448	REALIZABLE	1	0.019632454961538315	REALIZABLE	1	0.024278257973492146	REALIZABLE	1	0.019632454961538315	B
lift_wrong_physics_unreal_pb_3_pe_.ltl	lift_wrong_physics_unreal_pb_3_pe_.tlsf	param:tlsf/lift/parametric/lift_wrong_physics_unreal.tlsf	lift_wrong_physics_unreal	param	exact	n	"{""n"": 3}"	1	3448	UNREALIZABLE	1	0.01702828297857195	UNREALIZABLE	1	0.03168751497287303	UNREALIZABLE	1	0.01702828297857195	B
lift_wrong_physics_unreal_pb_4_pe_.ltl	lift_wrong_physics_unreal_pb_4_pe_.tlsf	param:tlsf/lift/parametric/lift_wrong_physics_unreal.tlsf	lift_wrong_physics_unreal	param	exact	n	"{""n"": 4}"	1	3448	UNREALIZABLE	1	0.024050716077908874	UNREALIZABLE	1	0.03768060193397105	UNREALIZABLE	1	0.024050716077908874	B
lift_wrong_physics_unreal_pb_5_pe_.ltl	lift_wrong_physics_unreal_pb_5_pe_.tlsf	param:tlsf/lift/parametric/lift_wrong_physics_unreal.tlsf	lift_wrong_physics_unreal	param	exact	n	"{""n"": 5}"	1	3448	UNREALIZABLE	1	0.029624948045238853	UNREALIZABLE	1	0.04378548602107912	UNREALIZABLE	1	0.029624948045238853	B
lift_wrong_physics_unreal_pb_6_pe_.ltl	lift_wrong_physics_unreal_pb_6_pe_.tlsf	param:tlsf/lift/parametric/lift_wrong_physics_unreal.tlsf	lift_wrong_physics_unreal	param	exact	n	"{""n"": 6}"	1	3448	UNREALIZABLE	1	0.03779818303883076	UNREALIZABLE	1	0.04497004300355911	UNREALIZABLE	1	0.03779818303883076	B
lift_wrong_physics_unreal_pb_7_pe_.ltl	lift_wrong_physics_unreal_pb_7_pe_.tlsf	param:tlsf/lift/parametric/lift_wrong_physics_unreal.tlsf	lift_wrong_physics_unreal	param	exact	n	"{""n"": 7}"	1	3448	UNREALIZABLE	1	0.06083433295134455	UNREALIZABLE	1	0.06857118592597544	UNREALIZABLE	1	0.06083433295134455	B
lift_wrong_physics_unreal_pb_8_pe_.ltl	lift_wrong_physics_unreal_pb_8_pe_.tlsf	param:tlsf/lift/parametric/lift_wrong_physics_unreal.tlsf	lift_wrong_physics_unreal	param	exact	n	"{""n"": 8}"	1	3448	UNREALIZABLE	1	0.12777017604094	UNREALIZABLE	1	0.12235964299179614	UNREALIZABLE	1	0.12235964299179614	B
lift_wrong_physics_unreal_pb_9_pe_.ltl	lift_wrong_physics_unreal_pb_9_pe_.tlsf	param:tlsf/lift/parametric/lift_wrong_physics_unreal.tlsf	lift_wrong_physics_unreal	param	exact	n	"{""n"": 9}"	1	3448	UNREALIZABLE	1	0.44598204700741917	UNREALIZABLE	1	0.40947287797462195	UNREALIZABLE	1	0.40947287797462195	B
load_balancer_pb_10_pe_.ltl	load_balancer_pb_10_pe_.tlsf	param:tlsf/load_balancer/parametric/load_balancer.tlsf	load_balancer	param	exact	n	"{""n"": 10}"	1	1609	TIMEOUT		60.12455613608472	TIMEOUT		60.08954587997869	TIMEOUT			
load_balancer_pb_11_pe_.ltl	load_balancer_pb_11_pe_.tlsf	param:tlsf/load_balancer/parametric/load_balancer.tlsf	load_balancer	param	exact	n	"{""n"": 11}"	1	1609	TIMEOUT		60.175004028948024	TIMEOUT		60.124469575006515	TIMEOUT			
load_balancer_pb_2_pe_.ltl	load_balancer_pb_2_pe_.tlsf	param:tlsf/load_balancer/parametric/load_balancer.tlsf	load_balancer	param	exact	n	"{""n"": 2}"	1	1612	REALIZABLE	1	0.02134782902430743	REALIZABLE	1	0.021216247929260135	REALIZABLE	1	0.021216247929260135	B
load_balancer_pb_3_pe_.ltl	load_balancer_pb_3_pe_.tlsf	param:tlsf/load_balancer/parametric/load_balancer.tlsf	load_balancer	param	exact	n	"{""n"": 3}"	1	1612	REALIZABLE	1	0.02082997397519648	REALIZABLE	1	0.030341408913955092	REALIZABLE	1	0.02082997397519648	B
load_balancer_pb_4_pe_.ltl	load_balancer_pb_4_pe_.tlsf	param:tlsf/load_balancer/parametric/load_balancer.tlsf	load_balancer	param	exact	n	"{""n"": 4}"	1	1613	REALIZABLE	1	0.03649675496853888	REALIZABLE	1	0.047229173011146486	REALIZABLE	1	0.03649675496853888	B
load_balancer_pb_5_pe_.ltl	load_balancer_pb_5_pe_.tlsf	param:tlsf/load_balancer/parametric/load_balancer.tlsf	load_balancer	param	exact	n	"{""n"": 5}"	1	1613	REALIZABLE	1	0.12717783905100077	REALIZABLE	1	0.127917087986134	REALIZABLE	1	0.12717783905100077	B
load_balancer_pb_6_pe_.ltl	load_balancer_pb_6_pe_.tlsf	param:tlsf/load_balancer/parametric/load_balancer.tlsf	load_balancer	param	exact	n	"{""n"": 6}"	1	1613	REALIZABLE	1	0.49552923801820725	REALIZABLE	1	0.4841488079400733	REALIZABLE	1	0.4841488079400733	B
load_balancer_pb_7_pe_.ltl	load_balancer_pb_7_pe_.tlsf	param:tlsf/load_balancer/parametric/load_balancer.tlsf	load_balancer	param	exact	n	"{""n"": 7}"	1	1613	REALIZABLE	17	5.385427915956825	REALIZABLE	17	5.41487437102478	REALIZABLE	17	5.385427915956825	B
load_balancer_pb_8_pe_.ltl	load_balancer_pb_8_pe_.tlsf	param:tlsf/load_balancer/parametric/load_balancer.tlsf	load_balancer	param	exact	n	"{""n"": 8}"	1	1613	TIMEOUT		60.12534096802119	TIMEOUT		60.0769229560392	TIMEOUT			
load_balancer_pb_9_pe_.ltl	load_balancer_pb_9_pe_.tlsf	param:tlsf/load_balancer/parametric/load_balancer.tlsf	load_balancer	param	exact	n	"{""n"": 9}"	1	1608	TIMEOUT		60.175822945078835	TIMEOUT		60.13072424510028	TIMEOUT			
load_balancer_unreal1_pb_2_10_pe_.ltl	load_balancer_unreal1_pb_2_10_pe_.tlsf	param:tlsf/load_balancer_unreal/parametric/load_balancer_unreal1.tlsf	load_balancer_unreal1	param	exact	n,u	"{""n"": 2, ""u"": 10}"	2	1872	UNREALIZABLE	1	0.030468135024420917	UNREALIZABLE	1	0.038004354923032224	UNREALIZABLE	1	0.030468135024420917	B
load_balancer_unreal1_pb_2_11_pe_.ltl	load_balancer_unreal1_pb_2_11_pe_.tlsf	param:tlsf/load_balancer_unreal/parametric/load_balancer_unreal1.tlsf	load_balancer_unreal1	param	exact	n,u	"{""n"": 2, ""u"": 11}"	2	1872	UNREALIZABLE	1	0.047078425996005535	UNREALIZABLE	1	0.05417149094864726	UNREALIZABLE	1	0.047078425996005535	B
load_balancer_unreal1_pb_2_12_pe_.ltl	load_balancer_unreal1_pb_2_12_pe_.tlsf	param:tlsf/load_balancer_unreal/parametric/load_balancer_unreal1.tlsf	load_balancer_unreal1	param	exact	n,u	"{""n"": 2, ""u"": 12}"	2	1872	UNREALIZABLE	1	0.08301184698939323	UNREALIZABLE	1	0.08172299503348768	UNREALIZABLE	1	0.08172299503348768	B
load_balancer_unreal1_pb_2_13_pe_.ltl	load_balancer_unreal1_pb_2_13_pe_.tlsf	param:tlsf/load_balancer_unreal/parametric/load_balancer_unreal1.tlsf	load_balancer_unreal1	param	exact	n,u	"{""n"": 2, ""u"": 13}"	2	1872	UNREALIZABLE	1	0.15219956496730447	UNREALIZABLE	1	0.16117431200109422	UNREALIZABLE	1	0.15219956496730447	B
load_balancer_unreal1_pb_2_14_pe_.ltl	load_balancer_unreal1_pb_2_14_pe_.tlsf	param:tlsf/load_balancer_unreal/parametric/load_balancer_unreal1.tlsf	load_balancer_unreal1	param	exact	n,u	"{""n"": 2, ""u"": 14}"	2	1872	UNREALIZABLE	1	0.34904102492146194	UNREALIZABLE	1	0.3151345800142735	UNREALIZABLE	1	0.3151345800142735	B
load_balancer_unreal1_pb_2_15_pe_.ltl	load_balancer_unreal1_pb_2_15_pe_.tlsf	param:tlsf/load_balancer_unreal/parametric/load_balancer_unreal1.tlsf	load_balancer_unreal1	param	exact	n,u	"{""n"": 2, ""u"": 15}"	2	1872	UNREALIZABLE	1	0.7265757720451802	UNREALIZABLE	1	0.6682388900080696	UNREALIZABLE	1	0.6682388900080696	B
load_balancer_unreal1_pb_2_16_pe_.ltl	load_balancer_unreal1_pb_2_16_pe_.tlsf	param:tlsf/load_balancer_unreal/parametric/load_balancer_unreal1.tlsf	load_balancer_unreal1	param	exact	n,u	"{""n"": 2, ""u"": 16}"	2	1872	UNREALIZABLE	5	1.7463464390020818	UNREALIZABLE	5	1.4928069269517437	UNREALIZABLE	5	1.4928069269517437	B
load_balancer_unreal1_pb_2_1_pe_.ltl	load_balancer_unreal1_pb_2_1_pe_.tlsf	param:tlsf/load_balancer_unreal/parametric/load_balancer_unreal1.tlsf	load_balancer_unreal1	param	exact	n,u	"{""n"": 2, ""u"": 1}"	2	1871	UNREALIZABLE	1	0.01690780697390437	UNREALIZABLE	1	0.019633303047157824	UNREALIZABLE	1	0.01690780697390437	B
load_balancer_unreal1_pb_2_2_pe_.ltl	load_balancer_unreal1_pb_2_2_pe_.tlsf	param:tlsf/load_balancer_unreal/parametric/load_balancer_unreal1.tlsf	load_balancer_unreal1	param	exact	n,u	"{""n"": 2, ""u"": 2}"	2	1871	UNREALIZABLE	1	0.021563464077189565	UNREALIZABLE	1	0.02063068898860365	UNREALIZABLE	1	0.02063068898860365	B
load_balancer_unreal1_pb_2_3_pe_.ltl	load_balancer_unreal1_pb_2_3_pe_.tlsf	param:tlsf/load_balancer_unreal/parametric/load_balancer_unreal1.tlsf	load_balancer_unreal1	param	exact	n,u	"{""n"": 2, ""u"": 3}"	2	1871	UNREALIZABLE	1	0.03182022098917514	UNREALIZABLE	1	0.033395342994481325	UNREALIZABLE	1	0.03182022098917514	B
load_balancer_unreal1_pb_2_4_pe_.ltl	load_balancer_unreal1_pb_2_4_pe_.tlsf	param:tlsf/load_balancer_unreal/parametric/load_balancer_unreal1.tlsf	load_balancer_unreal1	param	exact	n,u	"{""n"": 2, ""u"": 4}"	2	1871	UNREALIZABLE	1	0.03561105998232961	UNREALIZABLE	1	0.041591702960431576	UNREALIZABLE	1	0.03561105998232961	B
load_balancer_unreal1_pb_2_5_pe_.ltl	load_balancer_unreal1_pb_2_5_pe_.tlsf	param:tlsf/load_balancer_unreal/parametric/load_balancer_unreal1.tlsf	load_balancer_unreal1	param	exact	n,u	"{""n"": 2, ""u"": 5}"	2	1871	UNREALIZABLE	1	0.039208765025250614	UNREALIZABLE	1	0.03758555499371141	UNREALIZABLE	1	0.03758555499371141	B
load_balancer_unreal1_pb_2_6_pe_.ltl	load_balancer_unreal1_pb_2_6_pe_.tlsf	param:tlsf/load_balancer_unreal/parametric/load_balancer_unreal1.tlsf	load_balancer_unreal1	param	exact	n,u	"{""n"": 2, ""u"": 6}"	2	1871	UNREALIZABLE	1	0.03860759292729199	UNREALIZABLE	1	0.039120696019381285	UNREALIZABLE	1	0.03860759292729199	B
load_balancer_unreal1_pb_2_7_pe_.ltl	load_balancer_unreal1_pb_2_7_pe_.tlsf	param:tlsf/load_balancer_unreal/parametric/load_balancer_unreal1.tlsf	load_balancer_unreal1	param	exact	n,u	"{""n"": 2, ""u"": 7}"	2	1871	UNREALIZABLE	1	0.044324610964395106	UNREALIZABLE	1	0.03743061702698469	UNREALIZABLE	1	0.03743061702698469	B
load_balancer_unreal1_pb_2_8_pe_.ltl	load_balancer_unreal1_pb_2_8_pe_.tlsf	param:tlsf/load_balancer_unreal/parametric/load_balancer_unreal1.tlsf	load_balancer_unreal1	param	exact	n,u	"{""n"": 2, ""u"": 8}"	2	1871	UNREALIZABLE	1	0.04127860092557967	UNREALIZABLE	1	0.03936189296655357	UNREALIZABLE	1	0.03936189296655357	B
load_balancer_unreal1_pb_2_9_pe_.ltl	load_balancer_unreal1_pb_2_9_pe_.tlsf	param:tlsf/load_balancer_unreal/parametric/load_balancer_unreal1.tlsf	load_balancer_unreal1	param	exact	n,u	"{""n"": 2, ""u"": 9}"	2	1871	UNREALIZABLE	1	0.027389573981054127	UNREALIZABLE	1	0.03662251902278513	UNREALIZABLE	1	0.027389573981054127	B
load_balancer_unreal1_pb_3_10_pe_.ltl	load_balancer_unreal1_pb_3_10_pe_.tlsf	param:tlsf/load_balancer_unreal/parametric/load_balancer_unreal1.tlsf	load_balancer_unreal1	param	exact	n,u	"{""n"": 3, ""u"": 10}"	2	1872	UNREALIZABLE	1	0.16143182304222137	UNREALIZABLE	1	0.14200824301224202	UNREALIZABLE	1	0.14200824301224202	B
load_balancer_unreal1_pb_3_11_pe_.ltl	load_balancer_unreal1_pb_3_11_pe_.tlsf	param:tlsf/load_balancer_unreal/parametric/load_balancer_unreal1.tlsf	load_balancer_unreal1	param	exact	n,u	"{""n"": 3, ""u"": 11}"	2	1872	UNREALIZABLE	1	0.27232529199682176	UNREALIZABLE	1	0.2790893450146541	UNREALIZABLE	1	0.27232529199682176	B
load_balancer_unreal1_pb_3_12_pe_.ltl	load_balancer_unreal1_pb_3_12_pe_.tlsf	param:tlsf/load_balancer_unreal/parametric/load_balancer_unreal1.tlsf	load_balancer_unreal1	param	exact	n,u	"{""n"": 3, ""u"": 12}"	2	1872	UNREALIZABLE	1	0.5731185000622645	UNREALIZABLE	1	0.6206686540972441	UNREALIZABLE	1	0.5731185000622645	B
load_balancer_unreal1_pb_3_1_pe_.ltl	load_balancer_unreal1_pb_3_1_pe_.tlsf	param:tlsf/load_balancer_unreal/parametric/load_balancer_unreal1.tlsf	load_balancer_unreal1	param	exact	n,u	"{""n"": 3, ""u"": 1}"	2	1871	UNREALIZABLE	1	0.025928596034646034	UNREALIZABLE	1	0.02371367404703051	UNREALIZABLE	1	0.02371367404703051	B
load_balancer_unreal1_pb_3_2_pe_.ltl	load_balancer_unreal1_pb_3_2_pe_.tlsf	param:tlsf/load_balancer_unreal/parametric/load_balancer_unreal1.tlsf	load_balancer_unreal1	param	exact	n,u	"{""n"": 3, ""u"": 2}"	2	1871	UNREALIZABLE	1	0.02742803399451077	UNREALIZABLE	1	0.01879989099688828	UNREALIZABLE	1	0.01879989099688828	B
load_balancer_unreal1_pb_3_3_pe_.ltl	load_balancer_unreal1_pb_3_3_pe_.tlsf	param:tlsf/load_balancer_unreal/parametric/load_balancer_unreal1.tlsf	load_balancer_unreal1	param	exact	n,u	"{""n"": 3, ""u"": 3}"	2	1871	UNREALIZABLE	1	0.019927462097257376	UNREALIZABLE	1	0.02301728504244238	UNREALIZABLE	1	0.019927462097257376	B
load_balancer_unreal1_pb_3_4_pe_.ltl	load_balancer_unreal1_pb_3_4_pe_.tlsf	param:tlsf/load_balancer_unreal/parametric/load_balancer_unreal1.tlsf	load_balancer_unreal1	param	exact	n,u	"{""n"": 3, ""u"": 4}"	2	1871	UNREALIZABLE	1	0.026565873995423317	UNREALIZABLE	1	0.030655983020551503	UNREALIZABLE	1	0.026565873995423317	B
load_balancer_unreal1_pb_3_5_pe_.ltl	load_balancer_unreal1_pb_3_5_pe_.tlsf	param:tlsf/load_balancer_unreal/parametric/load_balancer_unreal1.tlsf	load_balancer_unreal1	param	exact	n,u	"{""n"": 3, ""u"": 5}"	2	1871	UNREALIZABLE	1	0.02174208394717425	UNREALIZABLE	1	0.04644669103436172	UNREALIZABLE	1	0.02174208394717425	B
load_balancer_unreal1_pb_3_6_pe_.ltl	load_balancer_unreal1_pb_3_6_pe_.tlsf	param:tlsf/load_balancer_unreal/parametric/load_balancer_unreal1.tlsf	load_balancer_unreal1	param	exact	n,u	"{""n"": 3, ""u"": 6}"	2	1871	UNREALIZABLE	1	0.03419381193816662	UNREALIZABLE	1	0.04476068401709199	UNREALIZABLE	1	0.03419381193816662	B
load_balancer_unreal1_pb_3_7_pe_.ltl	load_balancer_unreal1_pb_3_7_pe_.tlsf	param:tlsf/load_balancer_unreal/parametric/load_balancer_unreal1.tlsf	load_balancer_unreal1	param	exact	n,u	"{""n"": 3, ""u"": 7}"	2	1871	UNREALIZABLE	1	0.030483237002044916	UNREALIZABLE	1	0.03832849103491753	UNREALIZABLE	1	0.030483237002044916	B
load_balancer_unreal1_pb_3_8_pe_.ltl	load_balancer_unreal1_pb_3_8_pe_.tlsf	param:tlsf/load_balancer_unreal/parametric/load_balancer_unreal1.tlsf	load_balancer_unreal1	param	exact	n,u	"{""n"": 3, ""u"": 8}"	2	1871	UNREALIZABLE	1	0.045859429985284805	UNREALIZABLE	1	0.04878851294051856	UNREALIZABLE	1	0.045859429985284805	B
load_balancer_unreal1_pb_3_9_pe_.ltl	load_balancer_unreal1_pb_3_9_pe_.tlsf	param:tlsf/load_balancer_unreal/parametric/load_balancer_unreal1.tlsf	load_balancer_unreal1	param	exact	n,u	"{""n"": 3, ""u"": 9}"	2	1871	UNREALIZABLE	1	0.09349963604472578	UNREALIZABLE	1	0.08065850706771016	UNREALIZABLE	1	0.08065850706771016	B
load_balancer_unreal1_pb_4_10_pe_.ltl	load_balancer_unreal1_pb_4_10_pe_.tlsf	param:tlsf/load_balancer_unreal/parametric/load_balancer_unreal1.tlsf	load_balancer_unreal1	param	exact	n,u	"{""n"": 4, ""u"": 10}"	2	1872	TIMEOUT		60.17190702003427	TIMEOUT		60.17575818498153	TIMEOUT			
load_balancer_unreal1_pb_4_11_pe_.ltl	load_balancer_unreal1_pb_4_11_pe_.tlsf	param:tlsf/load_balancer_unreal/parametric/load_balancer_unreal1.tlsf	load_balancer_unreal1	param	exact	n,u	"{""n"": 4, ""u"": 11}"	2	1872	TIMEOUT		60.17552474106196	TIMEOUT		60.17574635799974	TIMEOUT			
load_balancer_unreal1_pb_4_12_pe_.ltl	load_balancer_unreal1_pb_4_12_pe_.tlsf	param:tlsf/load_balancer_unreal/parametric/load_balancer_unreal1.tlsf	load_balancer_unreal1	param	exact	n,u	"{""n"": 4, ""u"": 12}"	2	1872	TIMEOUT		60.17593014088925	TIMEOUT		60.17533286102116	TIMEOUT			
load_balancer_unreal1_pb_4_1_pe_.ltl	load_balancer_unreal1_pb_4_1_pe_.tlsf	param:tlsf/load_balancer_unreal/parametric/load_balancer_unreal1.tlsf	load_balancer_unreal1	param	exact	n,u	"{""n"": 4, ""u"": 1}"	2	1871	UNREALIZABLE	1	0.025605716044083238	UNREALIZABLE	1	0.031952581950463355	UNREALIZABLE	1	0.025605716044083238	B
load_balancer_unreal1_pb_4_2_pe_.ltl	load_balancer_unreal1_pb_4_2_pe_.tlsf	param:tlsf/load_balancer_unreal/parametric/load_balancer_unreal1.tlsf	load_balancer_unreal1	param	exact	n,u	"{""n"": 4, ""u"": 2}"	2	1871	UNREALIZABLE	1	0.03529729996807873	UNREALIZABLE	1	0.030423752963542938	UNREALIZABLE	1	0.030423752963542938	B
load_balancer_unreal1_pb_4_3_pe_.ltl	load_balancer_unreal1_pb_4_3_pe_.tlsf	param:tlsf/load_balancer_unreal/parametric/load_balancer_unreal1.tlsf	load_balancer_unreal1	param	exact	n,u	"{""n"": 4, ""u"": 3}"	2	1871	UNREALIZABLE	1	0.03440892300568521	UNREALIZABLE	1	0.03987575403880328	UNREALIZABLE	1	0.03440892300568521	B
load_balancer_unreal1_pb_4_4_pe_.ltl	load_balancer_unreal1_pb_4_4_pe_.tlsf	param:tlsf/load_balancer_unreal/parametric/load_balancer_unreal1.tlsf	load_balancer_unreal1	param	exact	n,u	"{""n"": 4, ""u"": 4}"	2	1871	UNREALIZABLE	1	0.06185429100878537	UNREALIZABLE	1	0.051052074995823205	UNREALIZABLE	1	0.051052074995823205	B
load_balancer_unreal1_pb_4_5_pe_.ltl	load_balancer_unreal1_pb_4_5_pe_.tlsf	param:tlsf/load_balancer_unreal/parametric/load_balancer_unreal1.tlsf	load_balancer_unreal1	param	exact	n,u	"{""n"": 4, ""u"": 5}"	2	1871	UNREALIZABLE	1	0.16910363698843867	UNREALIZABLE	1	0.18022010498680174	UNREALIZABLE	1	0.16910363698843867	B
load_balancer_unreal1_pb_4_6_pe_.ltl	load_balancer_unreal1_pb_4_6_pe_.tlsf	param:tlsf/load_balancer_unreal/parametric/load_balancer_unreal1.tlsf	load_balancer_unreal1	param	exact	n,u	"{""n"": 4, ""u"": 6}"	2	1871	UNREALIZABLE	5	1.0829538239631802	UNREALIZABLE	5	1.012876237044111	UNREALIZABLE	5	1.012876237044111	B
load_balancer_unreal1_pb_4_7_pe_.ltl	load_balancer_unreal1_pb_4_7_pe_.tlsf	param:tlsf/load_balancer_unreal/parametric/load_balancer_unreal1.tlsf	load_balancer_unreal1	param	exact	n,u	"{""n"": 4, ""u"": 7}"	2	1871	UNREALIZABLE	17	7.421917250961997	UNREALIZABLE	17	7.8259306360268965	UNREALIZABLE	17	7.421917250961997	B
load_balancer_unreal1_pb_4_8_pe_.ltl	load_balancer_unreal1_pb_4_8_pe_.tlsf	param:tlsf/load_balancer_unreal/parametric/load_balancer_unreal1.tlsf	load_balancer_unreal1	param	exact	n,u	"{""n"": 4, ""u"": 8}"	2	1871	TIMEOUT		60.17479240207467	TIMEOUT		60.137860034941696	TIMEOUT			
load_balancer_unreal1_pb_4_9_pe_.ltl	load_balancer_unreal1_pb_4_9_pe_.tlsf	param:tlsf/load_balancer_unreal/parametric/load_balancer_unreal1.tlsf	load_balancer_unreal1	param	exact	n,u	"{""n"": 4, ""u"": 9}"	2	1871	TIMEOUT		60.175091865006834	TIMEOUT		60.176346773980185	TIMEOUT			
load_balancer_unreal1_pb_5_2_pe_.ltl	load_balancer_unreal1_pb_5_2_pe_.tlsf	param:tlsf/load_balancer_unreal/parametric/load_balancer_unreal1.tlsf	load_balancer_unreal1	param	exact	n,u	"{""n"": 5, ""u"": 2}"	2	1871	UNREALIZABLE	1	0.0729197789914906	UNREALIZABLE	1	0.07254544796887785	UNREALIZABLE	1	0.07254544796887785	B
load_balancer_unreal1_pb_5_3_pe_.ltl	load_balancer_unreal1_pb_5_3_pe_.tlsf	param:tlsf/load_balancer_unreal/parametric/load_balancer_unreal1.tlsf	load_balancer_unreal1	param	exact	n,u	"{""n"": 5, ""u"": 3}"	2	1871	UNREALIZABLE	1	0.09775260591413826	UNREALIZABLE	1	0.09489684202708304	UNREALIZABLE	1	0.09489684202708304	B
load_balancer_unreal1_pb_5_4_pe_.ltl	load_balancer_unreal1_pb_5_4_pe_.tlsf	param:tlsf/load_balancer_unreal/parametric/load_balancer_unreal1.tlsf	load_balancer_unreal1	param	exact	n,u	"{""n"": 5, ""u"": 4}"	2	1871	UNREALIZABLE	1	0.6312280249549076	UNREALIZABLE	1	0.674411271000281	UNREALIZABLE	1	0.6312280249549076	B
load_balancer_unreal1_pb_5_5_pe_.ltl	load_balancer_unreal1_pb_5_5_pe_.tlsf	param:tlsf/load_balancer_unreal/parametric/load_balancer_unreal1.tlsf	load_balancer_unreal1	param	exact	n,u	"{""n"": 5, ""u"": 5}"	2	1871	UNREALIZABLE	17	13.492944162921049	UNREALIZABLE	17	13.392795808031224	UNREALIZABLE	17	13.392795808031224	B
load_balancer_unreal1_pb_5_6_pe_.ltl	load_balancer_unreal1_pb_5_6_pe_.tlsf	param:tlsf/load_balancer_unreal/parametric/load_balancer_unreal1.tlsf	load_balancer_unreal1	param	exact	n,u	"{""n"": 5, ""u"": 6}"	2	1871	TIMEOUT		60.17623180092778	TIMEOUT		60.176178312976845	TIMEOUT			
load_balancer_unreal1_pb_5_7_pe_.ltl	load_balancer_unreal1_pb_5_7_pe_.tlsf	param:tlsf/load_balancer_unreal/parametric/load_balancer_unreal1.tlsf	load_balancer_unreal1	param	exact	n,u	"{""n"": 5, ""u"": 7}"	2	1871	TIMEOUT		60.17564362601843	TIMEOUT		60.17615511396434	TIMEOUT			
load_balancer_unreal1_pb_6_1_pe_.ltl	load_balancer_unreal1_pb_6_1_pe_.tlsf	param:tlsf/load_balancer_unreal/parametric/load_balancer_unreal1.tlsf	load_balancer_unreal1	param	exact	n,u	"{""n"": 6, ""u"": 1}"	2	1871	UNREALIZABLE	1	0.16312579403165728	UNREALIZABLE	1	0.1764713089214638	UNREALIZABLE	1	0.16312579403165728	B
load_balancer_unreal1_pb_6_2_pe_.ltl	load_balancer_unreal1_pb_6_2_pe_.tlsf	param:tlsf/load_balancer_unreal/parametric/load_balancer_unreal1.tlsf	load_balancer_unreal1	param	exact	n,u	"{""n"": 6, ""u"": 2}"	2	1871	UNREALIZABLE	1	0.23432876798324287	UNREALIZABLE	1	0.2383609120734036	UNREALIZABLE	1	0.23432876798324287	B
load_balancer_unreal1_pb_6_3_pe_.ltl	load_balancer_unreal1_pb_6_3_pe_.tlsf	param:tlsf/load_balancer_unreal/parametric/load_balancer_unreal1.tlsf	load_balancer_unreal1	param	exact	n,u	"{""n"": 6, ""u"": 3}"	2	1871	UNREALIZABLE	1	0.619070908986032	UNREALIZABLE	1	0.6670119740301743	UNREALIZABLE	1	0.619070908986032	B
load_balancer_unreal1_pb_6_4_pe_.ltl	load_balancer_unreal1_pb_6_4_pe_.tlsf	param:tlsf/load_balancer_unreal/parametric/load_balancer_unreal1.tlsf	load_balancer_unreal1	param	exact	n,u	"{""n"": 6, ""u"": 4}"	2	1871	UNREALIZABLE	60	22.246089551015757	UNREALIZABLE	60	22.16016351489816	UNREALIZABLE	60	22.16016351489816	B
load_balancer_unreal1_pb_6_5_pe_.ltl	load_balancer_unreal1_pb_6_5_pe_.tlsf	param:tlsf/load_balancer_unreal/parametric/load_balancer_unreal1.tlsf	load_balancer_unreal1	param	exact	n,u	"{""n"": 6, ""u"": 5}"	2	1865	TIMEOUT		60.125021738000214	TIMEOUT		60.11677770293318	TIMEOUT			
load_balancer_unreal2_pb_2_pe_.ltl	load_balancer_unreal2_pb_2_pe_.tlsf	param:tlsf/load_balancer_unreal/parametric/load_balancer_unreal2.tlsf	load_balancer_unreal2	param	exact	n	"{""n"": 2}"	1	1856	REALIZABLE	1	0.026931860018521547	REALIZABLE	1	0.02378823107574135	REALIZABLE	1	0.02378823107574135	B
load_balancer_unreal2_pb_3_pe_.ltl	load_balancer_unreal2_pb_3_pe_.tlsf	param:tlsf/load_balancer_unreal/parametric/load_balancer_unreal2.tlsf	load_balancer_unreal2	param	exact	n	"{""n"": 3}"	1	1858	UNREALIZABLE	1	0.05367757799103856	UNREALIZABLE	1	0.04180695302784443	UNREALIZABLE	1	0.04180695302784443	B
load_balancer_unreal2_pb_4_pe_.ltl	load_balancer_unreal2_pb_4_pe_.tlsf	param:tlsf/load_balancer_unreal/parametric/load_balancer_unreal2.tlsf	load_balancer_unreal2	param	exact	n	"{""n"": 4}"	1	1858	UNREALIZABLE	1	0.1304135200334713	UNREALIZABLE	1	0.12645105994306505	UNREALIZABLE	1	0.12645105994306505	B
load_balancer_unreal2_pb_5_pe_.ltl	load_balancer_unreal2_pb_5_pe_.tlsf	param:tlsf/load_balancer_unreal/parametric/load_balancer_unreal2.tlsf	load_balancer_unreal2	param	exact	n	"{""n"": 5}"	1	1858	UNREALIZABLE	17	11.358172932988964	UNREALIZABLE	17	11.842948296922259	UNREALIZABLE	17	11.358172932988964	B
load_balancer_unreal2_pb_6_pe_.ltl	load_balancer_unreal2_pb_6_pe_.tlsf	param:tlsf/load_balancer_unreal/parametric/load_balancer_unreal2.tlsf	load_balancer_unreal2	param	exact	n	"{""n"": 6}"	1	1858	TIMEOUT		60.12558110698592	TIMEOUT		60.124890929088	TIMEOUT			
load_balancer_unreal2_pb_7_pe_.ltl	load_balancer_unreal2_pb_7_pe_.tlsf	param:tlsf/load_balancer_unreal/parametric/load_balancer_unreal2.tlsf	load_balancer_unreal2	param	exact	n	"{""n"": 7}"	1	1852	TIMEOUT		60.1750794040272	TIMEOUT		60.100205949973315	TIMEOUT			
load_balancer_unreal2_pb_8_pe_.ltl	load_balancer_unreal2_pb_8_pe_.tlsf	param:tlsf/load_balancer_unreal/parametric/load_balancer_unreal2.tlsf	load_balancer_unreal2	param	exact	n	"{""n"": 8}"	1	1852	TIMEOUT		60.122912064078264	TIMEOUT		60.14945488702506	TIMEOUT			
ltl2dba_C2_pb_100_pe_.ltl	ltl2dba_C2_pb_100_pe_.tlsf	param:tlsf/ltl2dba/parametric/ltl2dba_C2.tlsf	ltl2dba_C2	param	exact	n	"{""n"": 100}"	1	607	REALIZABLE	1	0.03530473099090159	REALIZABLE	1	0.03295414301101118	REALIZABLE	1	0.03295414301101118	B
ltl2dba_C2_pb_10_pe_.ltl	ltl2dba_C2_pb_10_pe_.tlsf	param:tlsf/ltl2dba/parametric/ltl2dba_C2.tlsf	ltl2dba_C2	param	exact	n	"{""n"": 10}"	1	610	REALIZABLE	1	0.02650915610138327	REALIZABLE	1	0.028294636984355748	REALIZABLE	1	0.02650915610138327	B
ltl2dba_C2_pb_12_pe_.ltl	ltl2dba_C2_pb_12_pe_.tlsf	param:tlsf/ltl2dba/parametric/ltl2dba_C2.tlsf	ltl2dba_C2	param	exact	n	"{""n"": 12}"	1	610	REALIZABLE	1	0.019123138044960797	REALIZABLE	1	0.029373447061516345	REALIZABLE	1	0.019123138044960797	B
ltl2dba_C2_pb_14_pe_.ltl	ltl2dba_C2_pb_14_pe_.tlsf	param:tlsf/ltl2dba/parametric/ltl2dba_C2.tlsf	ltl2dba_C2	param	exact	n	"{""n"": 14}"	1	610	REALIZABLE	1	0.0362652859184891	REALIZABLE	1	0.031871406943537295	REALIZABLE	1	0.031871406943537295	B
ltl2dba_C2_pb_16_pe_.ltl	ltl2dba_C2_pb_16_pe_.tlsf	param:tlsf/ltl2dba/parametric/ltl2dba_C2.tlsf	ltl2dba_C2	param	exact	n	"{""n"": 16}"	1	610	REALIZABLE	1	0.03369805298279971	REALIZABLE	1	0.029329695971682668	REALIZABLE	1	0.029329695971682668	B
ltl2dba_C2_pb_1_pe_.ltl	ltl2dba_C2_pb_1_pe_.tlsf	param:tlsf/ltl2dba/parametric/ltl2dba_C2.tlsf	ltl2dba_C2	param	exact	n	"{""n"": 1}"	1	608	REALIZABLE	1	0.03284246800467372	REALIZABLE	1	0.031042537069879472	REALIZABLE	1	0.031042537069879472	B
ltl2dba_C2_pb_25_pe_.ltl	ltl2dba_C2_pb_25_pe_.tlsf	param:tlsf/ltl2dba/parametric/ltl2dba_C2.tlsf	ltl2dba_C2	param	exact	n	"{""n"": 25}"	1	611	REALIZABLE	1	0.033091078978031874	REALIZABLE	1	0.03355817694682628	REALIZABLE	1	0.033091078978031874	B
ltl2dba_C2_pb_2_pe_.ltl	ltl2dba_C2_pb_2_pe_.tlsf	param:tlsf/ltl2dba/parametric/ltl2dba_C2.tlsf	ltl2dba_C2	param	exact	n	"{""n"": 2}"	1	608	REALIZABLE	1	0.0344332269160077	REALIZABLE	1	0.03499922901391983	REALIZABLE	1	0.0344332269160077	B
ltl2dba_C2_pb_3_pe_.ltl	ltl2dba_C2_pb_3_pe_.tlsf	param:tlsf/ltl2dba/parametric/ltl2dba_C2.tlsf	ltl2dba_C2	param	exact	n	"{""n"": 3}"	1	609	REALIZABLE	1	0.03057969198562205	REALIZABLE	1	0.03415849898010492	REALIZABLE	1	0.03057969198562205	B
ltl2dba_C2_pb_4_pe_.ltl	ltl2dba_C2_pb_4_pe_.tlsf	param:tlsf/ltl2dba/parametric/ltl2dba_C2.tlsf	ltl2dba_C2	param	exact	n	"{""n"": 4}"	1	609	REALIZABLE	1	0.0343380089616403	REALIZABLE	1	0.034361219964921474	REALIZABLE	1	0.0343380089616403	B
ltl2dba_C2_pb_50_pe_.ltl	ltl2dba_C2_pb_50_pe_.tlsf	param:tlsf/ltl2dba/parametric/ltl2dba_C2.tlsf	ltl2dba_C2	param	exact	n	"{""n"": 50}"	1	611	REALIZABLE	1	0.03640471794642508	REALIZABLE	1	0.031776742078363895	REALIZABLE	1	0.031776742078363895	B
ltl2dba_C2_pb_5_pe_.ltl	ltl2dba_C2_pb_5_pe_.tlsf	param:tlsf/ltl2dba/parametric/ltl2dba_C2.tlsf	ltl2dba_C2	param	exact	n	"{""n"": 5}"	1	609	REALIZABLE	1	0.03291338204871863	REALIZABLE	1	0.03390013694297522	REALIZABLE	1	0.03291338204871863	B
ltl2dba_C2_pb_60_pe_.ltl	ltl2dba_C2_pb_60_pe_.tlsf	param:tlsf/ltl2dba/parametric/ltl2dba_C2.tlsf	ltl2dba_C2	param	exact	n	"{""n"": 60}"	1	606	REALIZABLE	1	0.033725950052030385	REALIZABLE	1	0.028628964093513787	REALIZABLE	1	0.028628964093513787	B
ltl2dba_C2_pb_6_pe_.ltl	ltl2dba_C2_pb_6_pe_.tlsf	param:tlsf/ltl2dba/parametric/ltl2dba_C2.tlsf	ltl2dba_C2	param	exact	n	"{""n"": 6}"	1	609	REALIZABLE	1	0.03092856495641172	REALIZABLE	1	0.03260431601665914	REALIZABLE	1	0.03092856495641172	B
ltl2dba_C2_pb_70_pe_.ltl	ltl2dba_C2_pb_70_pe_.tlsf	param:tlsf/ltl2dba/parametric/ltl2dba_C2.tlsf	ltl2dba_C2	param	exact	n	"{""n"": 70}"	1	606	REALIZABLE	1	0.030411179992370307	REALIZABLE	1	0.02112533792387694	REALIZABLE	1	0.02112533792387694	B
ltl2dba_C2_pb_7_pe_.ltl	ltl2dba_C2_pb_7_pe_.tlsf	param:tlsf/ltl2dba/parametric/ltl2dba_C2.tlsf	ltl2dba_C2	param	exact	n	"{""n"": 7}"	1	609	REALIZABLE	1	0.03106444503646344	REALIZABLE	1	0.010628213989548385	REALIZABLE	1	0.010628213989548385	B
ltl2dba_C2_pb_80_pe_.ltl	ltl2dba_C2_pb_80_pe_.tlsf	param:tlsf/ltl2dba/parametric/ltl2dba_C2.tlsf	ltl2dba_C2	param	exact	n	"{""n"": 80}"	1	606	REALIZABLE	1	0.035168988979421556	REALIZABLE	1	0.023826301097869873	REALIZABLE	1	0.023826301097869873	B
ltl2dba_C2_pb_8_pe_.ltl	ltl2dba_C2_pb_8_pe_.tlsf	param:tlsf/ltl2dba/parametric/ltl2dba_C2.tlsf	ltl2dba_C2	param	exact	n	"{""n"": 8}"	1	609	REALIZABLE	1	0.03529866796452552	REALIZABLE	1	0.03137450700160116	REALIZABLE	1	0.03137450700160116	B
ltl2dba_C2_pb_9_pe_.ltl	ltl2dba_C2_pb_9_pe_.tlsf	param:tlsf/ltl2dba/parametric/ltl2dba_C2.tlsf	ltl2dba_C2	param	exact	n	"{""n"": 9}"	1	609	REALIZABLE	1	0.03122965502552688	REALIZABLE	1	0.03251050296239555	REALIZABLE	1	0.03122965502552688	B
ltl2dba_C2_unreal_pb_100_pe_.ltl	ltl2dba_C2_unreal_pb_100_pe_.tlsf	param:tlsf/ltl2dba/parametric/ltl2dba_C2_unreal.tlsf	ltl2dba_C2_unreal	param	exact	n	"{""n"": 100}"	1	510	TIMEOUT		60.17508410708979	TIMEOUT		60.175495297065936	TIMEOUT			
ltl2dba_C2_unreal_pb_10_pe_.ltl	ltl2dba_C2_unreal_pb_10_pe_.tlsf	param:tlsf/ltl2dba/parametric/ltl2dba_C2_unreal.tlsf	ltl2dba_C2_unreal	param	exact	n	"{""n"": 10}"	1	515	UNREALIZABLE	1	0.10735777800437063	UNREALIZABLE	1	0.11816485598683357	UNREALIZABLE	1	0.10735777800437063	B
ltl2dba_C2_unreal_pb_11_pe_.ltl	ltl2dba_C2_unreal_pb_11_pe_.tlsf	param:tlsf/ltl2dba/parametric/ltl2dba_C2_unreal.tlsf	ltl2dba_C2_unreal	param	exact	n	"{""n"": 11}"	1	515	UNREALIZABLE	1	0.21670133504085243	UNREALIZABLE	1	0.25647288595791906	UNREALIZABLE	1	0.21670133504085243	B
ltl2dba_C2_unreal_pb_12_pe_.ltl	ltl2dba_C2_unreal_pb_12_pe_.tlsf	param:tlsf/ltl2dba/parametric/ltl2dba_C2_unreal.tlsf	ltl2dba_C2_unreal	param	exact	n	"{""n"": 12}"	1	515	UNREALIZABLE	1	0.5003779379185289	UNREALIZABLE	1	0.5620250339852646	UNREALIZABLE	1	0.5003779379185289	B
ltl2dba_C2_unreal_pb_13_pe_.ltl	ltl2dba_C2_unreal_pb_13_pe_.tlsf	param:tlsf/ltl2dba/parametric/ltl2dba_C2_unreal.tlsf	ltl2dba_C2_unreal	param	exact	n	"{""n"": 13}"	1	515	UNREALIZABLE	5	1.2841951270820573	UNREALIZABLE	5	1.24727799592074	UNREALIZABLE	5	1.24727799592074	B
ltl2dba_C2_unreal_pb_14_pe_.ltl	ltl2dba_C2_unreal_pb_14_pe_.tlsf	param:tlsf/ltl2dba/parametric/ltl2dba_C2_unreal.tlsf	ltl2dba_C2_unreal	param	exact	n	"{""n"": 14}"	1	515	UNREALIZABLE	5	3.2265943749807775	UNREALIZABLE	5	3.3818917700555176	UNREALIZABLE	5	3.2265943749807775	B
ltl2dba_C2_unreal_pb_15_pe_.ltl	ltl2dba_C2_unreal_pb_15_pe_.tlsf	param:tlsf/ltl2dba/parametric/ltl2dba_C2_unreal.tlsf	ltl2dba_C2_unreal	param	exact	n	"{""n"": 15}"	1	515	UNREALIZABLE	17	7.028848386951722	UNREALIZABLE	17	9.26794664002955	UNREALIZABLE	17	7.028848386951722	B
ltl2dba_C2_unreal_pb_16_pe_.ltl	ltl2dba_C2_unreal_pb_16_pe_.tlsf	param:tlsf/ltl2dba/parametric/ltl2dba_C2_unreal.tlsf	ltl2dba_C2_unreal	param	exact	n	"{""n"": 16}"	1	515	UNREALIZABLE	60	17.8909107450163	UNREALIZABLE	60	23.94405488902703	UNREALIZABLE	60	17.8909107450163	B
ltl2dba_C2_unreal_pb_25_pe_.ltl	ltl2dba_C2_unreal_pb_25_pe_.tlsf	param:tlsf/ltl2dba/parametric/ltl2dba_C2_unreal.tlsf	ltl2dba_C2_unreal	param	exact	n	"{""n"": 25}"	1	515	TIMEOUT		60.1248011860298	TIMEOUT		60.09158505406231	TIMEOUT			
ltl2dba_C2_unreal_pb_2_pe_.ltl	ltl2dba_C2_unreal_pb_2_pe_.tlsf	param:tlsf/ltl2dba/parametric/ltl2dba_C2_unreal.tlsf	ltl2dba_C2_unreal	param	exact	n	"{""n"": 2}"	1	514	UNREALIZABLE	1	0.017732087057083845	UNREALIZABLE	1	0.016051986953243613	UNREALIZABLE	1	0.016051986953243613	B
ltl2dba_C2_unreal_pb_3_pe_.ltl	ltl2dba_C2_unreal_pb_3_pe_.tlsf	param:tlsf/ltl2dba/parametric/ltl2dba_C2_unreal.tlsf	ltl2dba_C2_unreal	param	exact	n	"{""n"": 3}"	1	514	UNREALIZABLE	1	0.02022897091228515	UNREALIZABLE	1	0.01698577299248427	UNREALIZABLE	1	0.01698577299248427	B
ltl2dba_C2_unreal_pb_4_pe_.ltl	ltl2dba_C2_unreal_pb_4_pe_.tlsf	param:tlsf/ltl2dba/parametric/ltl2dba_C2_unreal.tlsf	ltl2dba_C2_unreal	param	exact	n	"{""n"": 4}"	1	514	UNREALIZABLE	1	0.021798547939397395	UNREALIZABLE	1	0.03679875598754734	UNREALIZABLE	1	0.021798547939397395	B
ltl2dba_C2_unreal_pb_50_pe_.ltl	ltl2dba_C2_unreal_pb_50_pe_.tlsf	param:tlsf/ltl2dba/parametric/ltl2dba_C2_unreal.tlsf	ltl2dba_C2_unreal	param	exact	n	"{""n"": 50}"	1	515	TIMEOUT		60.12394490407314	TIMEOUT		60.12486383598298	TIMEOUT			
ltl2dba_C2_unreal_pb_5_pe_.ltl	ltl2dba_C2_unreal_pb_5_pe_.tlsf	param:tlsf/ltl2dba/parametric/ltl2dba_C2_unreal.tlsf	ltl2dba_C2_unreal	param	exact	n	"{""n"": 5}"	1	514	UNREALIZABLE	1	0.018939035013318062	UNREALIZABLE	1	0.018914881977252662	UNREALIZABLE	1	0.018914881977252662	B
ltl2dba_C2_unreal_pb_60_pe_.ltl	ltl2dba_C2_unreal_pb_60_pe_.tlsf	param:tlsf/ltl2dba/parametric/ltl2dba_C2_unreal.tlsf	ltl2dba_C2_unreal	param	exact	n	"{""n"": 60}"	1	508	TIMEOUT		60.12397255003452	TIMEOUT		60.174877108074725	TIMEOUT			
ltl2dba_C2_unreal_pb_6_pe_.ltl	ltl2dba_C2_unreal_pb_6_pe_.tlsf	param:tlsf/ltl2dba/parametric/ltl2dba_C2_unreal.tlsf	ltl2dba_C2_unreal	param	exact	n	"{""n"": 6}"	1	514	UNREALIZABLE	1	0.021442610071972013	UNREALIZABLE	1	0.02805420698132366	UNREALIZABLE	1	0.021442610071972013	B
ltl2dba_C2_unreal_pb_70_pe_.ltl	ltl2dba_C2_unreal_pb_70_pe_.tlsf	param:tlsf/ltl2dba/parametric/ltl2dba_C2_unreal.tlsf	ltl2dba_C2_unreal	param	exact	n	"{""n"": 70}"	1	509	TIMEOUT		60.1247483510524	TIMEOUT		60.124516222043894	TIMEOUT			
ltl2dba_C2_unreal_pb_7_pe_.ltl	ltl2dba_C2_unreal_pb_7_pe_.tlsf	param:tlsf/ltl2dba/parametric/ltl2dba_C2_unreal.tlsf	ltl2dba_C2_unreal	param	exact	n	"{""n"": 7}"	1	514	UNREALIZABLE	1	0.024718367960304022	UNREALIZABLE	1	0.03464910003822297	UNREALIZABLE	1	0.024718367960304022	B
ltl2dba_C2_unreal_pb_80_pe_.ltl	ltl2dba_C2_unreal_pb_80_pe_.tlsf	param:tlsf/ltl2dba/parametric/ltl2dba_C2_unreal.tlsf	ltl2dba_C2_unreal	param	exact	n	"{""n"": 80}"	1	509	TIMEOUT		60.17481131199747	TIMEOUT		60.174832744989544	TIMEOUT			
ltl2dba_C2_unreal_pb_8_pe_.ltl	ltl2dba_C2_unreal_pb_8_pe_.tlsf	param:tlsf/ltl2dba/parametric/ltl2dba_C2_unreal.tlsf	ltl2dba_C2_unreal	param	exact	n	"{""n"": 8}"	1	514	UNREALIZABLE	1	0.03609435900580138	UNREALIZABLE	1	0.037285875994712114	UNREALIZABLE	1	0.03609435900580138	B
ltl2dba_C2_unreal_pb_9_pe_.ltl	ltl2dba_C2_unreal_pb_9_pe_.tlsf	param:tlsf/ltl2dba/parametric/ltl2dba_C2_unreal.tlsf	ltl2dba_C2_unreal	param	exact	n	"{""n"": 9}"	1	514	UNREALIZABLE	1	0.05916557810269296	UNREALIZABLE	1	0.059172632987610996	UNREALIZABLE	1	0.05916557810269296	B
ltl2dba_E_pb_10_pe_.ltl	ltl2dba_E_pb_10_pe_.tlsf	param:tlsf/ltl2dba/parametric/ltl2dba_E.tlsf	ltl2dba_E	param	exact	n	"{""n"": 10}"	1	592	REALIZABLE	1	0.01677501096855849	REALIZABLE	1	0.02133405697531998	REALIZABLE	1	0.01677501096855849	B
ltl2dba_E_pb_12_pe_.ltl	ltl2dba_E_pb_12_pe_.tlsf	param:tlsf/ltl2dba/parametric/ltl2dba_E.tlsf	ltl2dba_E	param	exact	n	"{""n"": 12}"	1	592	REALIZABLE	1	0.03280770999845117	REALIZABLE	1	0.029935269965790212	REALIZABLE	1	0.029935269965790212	B
ltl2dba_E_pb_14_pe_.ltl	ltl2dba_E_pb_14_pe_.tlsf	param:tlsf/ltl2dba/parametric/ltl2dba_E.tlsf	ltl2dba_E	param	exact	n	"{""n"": 14}"	1	592	REALIZABLE	1	0.03092682594433427	REALIZABLE	1	0.029439755016937852	REALIZABLE	1	0.029439755016937852	B
ltl2dba_E_pb_15_pe_.ltl	ltl2dba_E_pb_15_pe_.tlsf	param:tlsf/ltl2dba/parametric/ltl2dba_E.tlsf	ltl2dba_E	param	exact	n	"{""n"": 15}"	1	588	REALIZABLE	1	0.02743128896690905	REALIZABLE	1	0.03633426793385297	REALIZABLE	1	0.02743128896690905	B
ltl2dba_E_pb_16_pe_.ltl	ltl2dba_E_pb_16_pe_.tlsf	param:tlsf/ltl2dba/parametric/ltl2dba_E.tlsf	ltl2dba_E	param	exact	n	"{""n"": 16}"	1	588	REALIZABLE	1	0.02731947391293943	REALIZABLE	1	0.03383031697012484	REALIZABLE	1	0.02731947391293943	B
ltl2dba_E_pb_1_pe_.ltl	ltl2dba_E_pb_1_pe_.tlsf	param:tlsf/ltl2dba/parametric/ltl2dba_E.tlsf	ltl2dba_E	param	exact	n	"{""n"": 1}"	1	590	REALIZABLE	1	0.03054764005355537	REALIZABLE	1	0.03794757591094822	REALIZABLE	1	0.03054764005355537	B
ltl2dba_E_pb_2_pe_.ltl	ltl2dba_E_pb_2_pe_.tlsf	param:tlsf/ltl2dba/parametric/ltl2dba_E.tlsf	ltl2dba_E	param	exact	n	"{""n"": 2}"	1	590	REALIZABLE	1	0.03276432491838932	REALIZABLE	1	0.03350273298565298	REALIZABLE	1	0.03276432491838932	B
ltl2dba_E_pb_3_pe_.ltl	ltl2dba_E_pb_3_pe_.tlsf	param:tlsf/ltl2dba/parametric/ltl2dba_E.tlsf	ltl2dba_E	param	exact	n	"{""n"": 3}"	1	590	REALIZABLE	1	0.03311270195990801	REALIZABLE	1	0.03521567292045802	REALIZABLE	1	0.03311270195990801	B
ltl2dba_E_pb_4_pe_.ltl	ltl2dba_E_pb_4_pe_.tlsf	param:tlsf/ltl2dba/parametric/ltl2dba_E.tlsf	ltl2dba_E	param	exact	n	"{""n"": 4}"	1	591	REALIZABLE	1	0.030055227922275662	REALIZABLE	1	0.02853126998525113	REALIZABLE	1	0.02853126998525113	B
ltl2dba_E_pb_5_pe_.ltl	ltl2dba_E_pb_5_pe_.tlsf	param:tlsf/ltl2dba/parametric/ltl2dba_E.tlsf	ltl2dba_E	param	exact	n	"{""n"": 5}"	1	591	REALIZABLE	1	0.028198912972584367	REALIZABLE	1	0.03134672495070845	REALIZABLE	1	0.028198912972584367	B
ltl2dba_E_pb_6_pe_.ltl	ltl2dba_E_pb_6_pe_.tlsf	param:tlsf/ltl2dba/parametric/ltl2dba_E.tlsf	ltl2dba_E	param	exact	n	"{""n"": 6}"	1	591	REALIZABLE	1	0.031544091063551605	REALIZABLE	1	0.03522474388591945	REALIZABLE	1	0.031544091063551605	B
ltl2dba_E_pb_7_pe_.ltl	ltl2dba_E_pb_7_pe_.tlsf	param:tlsf/ltl2dba/parametric/ltl2dba_E.tlsf	ltl2dba_E	param	exact	n	"{""n"": 7}"	1	591	REALIZABLE	1	0.030380762997083366	REALIZABLE	1	0.033611317980103195	REALIZABLE	1	0.030380762997083366	B
ltl2dba_E_pb_8_pe_.ltl	ltl2dba_E_pb_8_pe_.tlsf	param:tlsf/ltl2dba/parametric/ltl2dba_E.tlsf	ltl2dba_E	param	exact	n	"{""n"": 8}"	1	591	REALIZABLE	1	0.030074893031269312	REALIZABLE	1	0.030866294051520526	REALIZABLE	1	0.030074893031269312	B
ltl2dba_E_pb_9_pe_.ltl	ltl2dba_E_pb_9_pe_.tlsf	param:tlsf/ltl2dba/parametric/ltl2dba_E.tlsf	ltl2dba_E	param	exact	n	"{""n"": 9}"	1	591	REALIZABLE	1	0.03561796294525266	REALIZABLE	1	0.03272264904808253	REALIZABLE	1	0.03272264904808253	B
ltl2dba_Q_pb_100_pe_.ltl	ltl2dba_Q_pb_100_pe_.tlsf	param:tlsf/ltl2dba/parametric/ltl2dba_Q.tlsf	ltl2dba_Q	param	exact	n	"{""n"": 100}"	1	658	REALIZABLE	1	0.03365011792629957	REALIZABLE	1	0.03299408603925258	REALIZABLE	1	0.03299408603925258	B
ltl2dba_Q_pb_10_pe_.ltl	ltl2dba_Q_pb_10_pe_.tlsf	param:tlsf/ltl2dba/parametric/ltl2dba_Q.tlsf	ltl2dba_Q	param	exact	n	"{""n"": 10}"	1	662	REALIZABLE	1	0.033547639031894505	REALIZABLE	1	0.030646217986941338	REALIZABLE	1	0.030646217986941338	B
ltl2dba_Q_pb_12_pe_.ltl	ltl2dba_Q_pb_12_pe_.tlsf	param:tlsf/ltl2dba/parametric/ltl2dba_Q.tlsf	ltl2dba_Q	param	exact	n	"{""n"": 12}"	1	657	REALIZABLE	1	0.03633495804388076	REALIZABLE	1	0.03258645499590784	REALIZABLE	1	0.03258645499590784	B
ltl2dba_Q_pb_15_pe_.ltl	ltl2dba_Q_pb_15_pe_.tlsf	param:tlsf/ltl2dba/parametric/ltl2dba_Q.tlsf	ltl2dba_Q	param	exact	n	"{""n"": 15}"	1	657	REALIZABLE	1	0.02885093993972987	REALIZABLE	1	0.03115824598353356	REALIZABLE	1	0.02885093993972987	B
ltl2dba_Q_pb_18_pe_.ltl	ltl2dba_Q_pb_18_pe_.tlsf	param:tlsf/ltl2dba/parametric/ltl2dba_Q.tlsf	ltl2dba_Q	param	exact	n	"{""n"": 18}"	1	657	REALIZABLE	1	0.03474438702687621	REALIZABLE	1	0.0336657059378922	REALIZABLE	1	0.0336657059378922	B
ltl2dba_Q_pb_1_pe_.ltl	ltl2dba_Q_pb_1_pe_.tlsf	param:tlsf/ltl2dba/parametric/ltl2dba_Q.tlsf	ltl2dba_Q	param	exact	n	"{""n"": 1}"	1	659	REALIZABLE	1	0.030297306017018855	REALIZABLE	1	0.03204822703264654	REALIZABLE	1	0.030297306017018855	B
ltl2dba_Q_pb_25_pe_.ltl	ltl2dba_Q_pb_25_pe_.tlsf	param:tlsf/ltl2dba/parametric/ltl2dba_Q.tlsf	ltl2dba_Q	param	exact	n	"{""n"": 25}"	1	657	REALIZABLE	1	0.03021075902506709	REALIZABLE	1	0.03435134200844914	REALIZABLE	1	0.03021075902506709	B
ltl2dba_Q_pb_2_pe_.ltl	ltl2dba_Q_pb_2_pe_.tlsf	param:tlsf/ltl2dba/parametric/ltl2dba_Q.tlsf	ltl2dba_Q	param	exact	n	"{""n"": 2}"	1	659	REALIZABLE	1	0.03951781801879406	REALIZABLE	1	0.03359630494378507	REALIZABLE	1	0.03359630494378507	B
ltl2dba_Q_pb_3_pe_.ltl	ltl2dba_Q_pb_3_pe_.tlsf	param:tlsf/ltl2dba/parametric/ltl2dba_Q.tlsf	ltl2dba_Q	param	exact	n	"{""n"": 3}"	1	660	REALIZABLE	1	0.031916763982735574	REALIZABLE	1	0.0371009970549494	REALIZABLE	1	0.031916763982735574	B
ltl2dba_Q_pb_4_pe_.ltl	ltl2dba_Q_pb_4_pe_.tlsf	param:tlsf/ltl2dba/parametric/ltl2dba_Q.tlsf	ltl2dba_Q	param	exact	n	"{""n"": 4}"	1	660	REALIZABLE	1	0.03401579102501273	REALIZABLE	1	0.029137744917534292	REALIZABLE	1	0.029137744917534292	B
ltl2dba_Q_pb_50_pe_.ltl	ltl2dba_Q_pb_50_pe_.tlsf	param:tlsf/ltl2dba/parametric/ltl2dba_Q.tlsf	ltl2dba_Q	param	exact	n	"{""n"": 50}"	1	657	REALIZABLE	1	0.0358054410899058	REALIZABLE	1	0.0376332369633019	REALIZABLE	1	0.0358054410899058	B
ltl2dba_Q_pb_5_pe_.ltl	ltl2dba_Q_pb_5_pe_.tlsf	param:tlsf/ltl2dba/parametric/ltl2dba_Q.tlsf	ltl2dba_Q	param	exact	n	"{""n"": 5}"	1	661	REALIZABLE	1	0.032613160903565586	REALIZABLE	1	0.034065405023284256	REALIZABLE	1	0.032613160903565586	B
ltl2dba_Q_pb_6_pe_.ltl	ltl2dba_Q_pb_6_pe_.tlsf	param:tlsf/ltl2dba/parametric/ltl2dba_Q.tlsf	ltl2dba_Q	param	exact	n	"{""n"": 6}"	1	661	REALIZABLE	1	0.03229063889011741	REALIZABLE	1	0.033763232990168035	REALIZABLE	1	0.03229063889011741	B
ltl2dba_Q_pb_7_pe_.ltl	ltl2dba_Q_pb_7_pe_.tlsf	param:tlsf/ltl2dba/parametric/ltl2dba_Q.tlsf	ltl2dba_Q	param	exact	n	"{""n"": 7}"	1	661	REALIZABLE	1	0.02496295899618417	REALIZABLE	1	0.03179051901679486	REALIZABLE	1	0.02496295899618417	B
ltl2dba_Q_pb_8_pe_.ltl	ltl2dba_Q_pb_8_pe_.tlsf	param:tlsf/ltl2dba/parametric/ltl2dba_Q.tlsf	ltl2dba_Q	param	exact	n	"{""n"": 8}"	1	661	REALIZABLE	1	0.028354031033813953	REALIZABLE	1	0.02303160191513598	REALIZABLE	1	0.02303160191513598	B
ltl2dba_R_pb_10_pe_.ltl	ltl2dba_R_pb_10_pe_.tlsf	param:tlsf/ltl2dba/parametric/ltl2dba_R.tlsf	ltl2dba_R	param	exact	n	"{""n"": 10}"	1	675	TIMEOUT		60.12433053692803	TIMEOUT		60.066145849996246	TIMEOUT			
ltl2dba_R_pb_11_pe_.ltl	ltl2dba_R_pb_11_pe_.tlsf	param:tlsf/ltl2dba/parametric/ltl2dba_R.tlsf	ltl2dba_R	param	exact	n	"{""n"": 11}"	1	675	TIMEOUT		60.124342206981964	TIMEOUT		60.12419639795553	TIMEOUT			
ltl2dba_R_pb_12_pe_.ltl	ltl2dba_R_pb_12_pe_.tlsf	param:tlsf/ltl2dba/parametric/ltl2dba_R.tlsf	ltl2dba_R	param	exact	n	"{""n"": 12}"	1	669	TIMEOUT		60.12444483092986	TIMEOUT		60.12409671396017	TIMEOUT			
ltl2dba_R_pb_14_pe_.ltl	ltl2dba_R_pb_14_pe_.tlsf	param:tlsf/ltl2dba/parametric/ltl2dba_R.tlsf	ltl2dba_R	param	exact	n	"{""n"": 14}"	1	669	TIMEOUT		60.075793754076585	TIMEOUT		60.0752665780019	TIMEOUT			
ltl2dba_R_pb_1_pe_.ltl	ltl2dba_R_pb_1_pe_.tlsf	param:tlsf/ltl2dba/parametric/ltl2dba_R.tlsf	ltl2dba_R	param	exact	n	"{""n"": 1}"	1	671	REALIZABLE	1	0.014077331987209618	REALIZABLE	1	0.017373402952216566	REALIZABLE	1	0.014077331987209618	B
ltl2dba_R_pb_2_pe_.ltl	ltl2dba_R_pb_2_pe_.tlsf	param:tlsf/ltl2dba/parametric/ltl2dba_R.tlsf	ltl2dba_R	param	exact	n	"{""n"": 2}"	1	674	UNREALIZABLE	1	0.029237345908768475	UNREALIZABLE	1	0.03419273707550019	UNREALIZABLE	1	0.029237345908768475	B
ltl2dba_R_pb_3_pe_.ltl	ltl2dba_R_pb_3_pe_.tlsf	param:tlsf/ltl2dba/parametric/ltl2dba_R.tlsf	ltl2dba_R	param	exact	n	"{""n"": 3}"	1	674	UNREALIZABLE	1	0.03732301003765315	UNREALIZABLE	1	0.034408907988108695	UNREALIZABLE	1	0.034408907988108695	B
ltl2dba_R_pb_4_pe_.ltl	ltl2dba_R_pb_4_pe_.tlsf	param:tlsf/ltl2dba/parametric/ltl2dba_R.tlsf	ltl2dba_R	param	exact	n	"{""n"": 4}"	1	674	UNREALIZABLE	1	0.03872797207441181	UNREALIZABLE	1	0.04677173891104758	UNREALIZABLE	1	0.03872797207441181	B
ltl2dba_R_pb_5_pe_.ltl	ltl2dba_R_pb_5_pe_.tlsf	param:tlsf/ltl2dba/parametric/ltl2dba_R.tlsf	ltl2dba_R	param	exact	n	"{""n"": 5}"	1	674	UNREALIZABLE	1	0.08938781102187932	UNREALIZABLE	1	0.10285988100804389	UNREALIZABLE	1	0.08938781102187932	B
ltl2dba_R_pb_6_pe_.ltl	ltl2dba_R_pb_6_pe_.tlsf	param:tlsf/ltl2dba/parametric/ltl2dba_R.tlsf	ltl2dba_R	param	exact	n	"{""n"": 6}"	1	674	UNREALIZABLE	1	0.5522474179742858	UNREALIZABLE	1	0.5619746920419857	UNREALIZABLE	1	0.5522474179742858	B
ltl2dba_R_pb_7_pe_.ltl	ltl2dba_R_pb_7_pe_.tlsf	param:tlsf/ltl2dba/parametric/ltl2dba_R.tlsf	ltl2dba_R	param	exact	n	"{""n"": 7}"	1	674	UNREALIZABLE	17	6.143375063082203	UNREALIZABLE	17	6.274061914067715	UNREALIZABLE	17	6.143375063082203	B
ltl2dba_R_pb_8_pe_.ltl	ltl2dba_R_pb_8_pe_.tlsf	param:tlsf/ltl2dba/parametric/ltl2dba_R.tlsf	ltl2dba_R	param	exact	n	"{""n"": 8}"	1	674	TIMEOUT		60.04126477695536	TIMEOUT		60.0914182610577	TIMEOUT			
ltl2dba_U1_pb_100_pe_.ltl	ltl2dba_U1_pb_100_pe_.tlsf	param:tlsf/ltl2dba/parametric/ltl2dba_U1.tlsf	ltl2dba_U1	param	exact	n	"{""n"": 100}"	1	713	REALIZABLE	1	0.01723854406736791	REALIZABLE	1	0.014097594073973596	REALIZABLE	1	0.014097594073973596	B
ltl2dba_U1_pb_10_pe_.ltl	ltl2dba_U1_pb_10_pe_.tlsf	param:tlsf/ltl2dba/parametric/ltl2dba_U1.tlsf	ltl2dba_U1	param	exact	n	"{""n"": 10}"	1	717	REALIZABLE	1	0.02609925903379917	REALIZABLE	1	0.025300459004938602	REALIZABLE	1	0.025300459004938602	B
ltl2dba_U1_pb_12_pe_.ltl	ltl2dba_U1_pb_12_pe_.tlsf	param:tlsf/ltl2dba/parametric/ltl2dba_U1.tlsf	ltl2dba_U1	param	exact	n	"{""n"": 12}"	1	712	REALIZABLE	1	0.019046370987780392	REALIZABLE	1	0.026654046960175037	REALIZABLE	1	0.019046370987780392	B
ltl2dba_U1_pb_15_pe_.ltl	ltl2dba_U1_pb_15_pe_.tlsf	param:tlsf/ltl2dba/parametric/ltl2dba_U1.tlsf	ltl2dba_U1	param	exact	n	"{""n"": 15}"	1	712	REALIZABLE	1	0.019311362993903458	REALIZABLE	1	0.03242907510139048	REALIZABLE	1	0.019311362993903458	B
ltl2dba_U1_pb_18_pe_.ltl	ltl2dba_U1_pb_18_pe_.tlsf	param:tlsf/ltl2dba/parametric/ltl2dba_U1.tlsf	ltl2dba_U1	param	exact	n	"{""n"": 18}"	1	712	REALIZABLE	1	0.02202465699519962	REALIZABLE	1	0.035438446095213294	REALIZABLE	1	0.02202465699519962	B
ltl2dba_U1_pb_1_pe_.ltl	ltl2dba_U1_pb_1_pe_.tlsf	param:tlsf/ltl2dba/parametric/ltl2dba_U1.tlsf	ltl2dba_U1	param	exact	n	"{""n"": 1}"	1	714	REALIZABLE	1	0.03180174599401653	REALIZABLE	1	0.0327696199528873	REALIZABLE	1	0.03180174599401653	B
ltl2dba_U1_pb_25_pe_.ltl	ltl2dba_U1_pb_25_pe_.tlsf	param:tlsf/ltl2dba/parametric/ltl2dba_U1.tlsf	ltl2dba_U1	param	exact	n	"{""n"": 25}"	1	712	REALIZABLE	1	0.02741541899740696	REALIZABLE	1	0.03553289291448891	REALIZABLE	1	0.02741541899740696	B
ltl2dba_U1_pb_2_pe_.ltl	ltl2dba_U1_pb_2_pe_.tlsf	param:tlsf/ltl2dba/parametric/ltl2dba_U1.tlsf	ltl2dba_U1	param	exact	n	"{""n"": 2}"	1	714	REALIZABLE	1	0.030114202992990613	REALIZABLE	1	0.0370732550509274	REALIZABLE	1	0.030114202992990613	B
ltl2dba_U1_pb_3_pe_.ltl	ltl2dba_U1_pb_3_pe_.tlsf	param:tlsf/ltl2dba/parametric/ltl2dba_U1.tlsf	ltl2dba_U1	param	exact	n	"{""n"": 3}"	1	715	REALIZABLE	1	0.03267999296076596	REALIZABLE	1	0.03759061300661415	REALIZABLE	1	0.03267999296076596	B
ltl2dba_U1_pb_4_pe_.ltl	ltl2dba_U1_pb_4_pe_.tlsf	param:tlsf/ltl2dba/parametric/ltl2dba_U1.tlsf	ltl2dba_U1	param	exact	n	"{""n"": 4}"	1	715	REALIZABLE	1	0.036191395949572325	REALIZABLE	1	0.03354597499128431	REALIZABLE	1	0.03354597499128431	B
ltl2dba_U1_pb_50_pe_.ltl	ltl2dba_U1_pb_50_pe_.tlsf	param:tlsf/ltl2dba/parametric/ltl2dba_U1.tlsf	ltl2dba_U1	param	exact	n	"{""n"": 50}"	1	712	REALIZABLE	1	0.04469984397292137	REALIZABLE	1	0.031926542054861784	REALIZABLE	1	0.031926542054861784	B
ltl2dba_U1_pb_5_pe_.ltl	ltl2dba_U1_pb_5_pe_.tlsf	param:tlsf/ltl2dba/parametric/ltl2dba_U1.tlsf	ltl2dba_U1	param	exact	n	"{""n"": 5}"	1	716	REALIZABLE	1	0.03603944997303188	REALIZABLE	1	0.036770773003809154	REALIZABLE	1	0.03603944997303188	B
ltl2dba_U1_pb_6_pe_.ltl	ltl2dba_U1_pb_6_pe_.tlsf	param:tlsf/ltl2dba/parametric/ltl2dba_U1.tlsf	ltl2dba_U1	param	exact	n	"{""n"": 6}"	1	716	REALIZABLE	1	0.034088592045009136	REALIZABLE	1	0.03332555899396539	REALIZABLE	1	0.03332555899396539	B
ltl2dba_U1_pb_7_pe_.ltl	ltl2dba_U1_pb_7_pe_.tlsf	param:tlsf/ltl2dba/parametric/ltl2dba_U1.tlsf	ltl2dba_U1	param	exact	n	"{""n"": 7}"	1	716	REALIZABLE	1	0.02893112599849701	REALIZABLE	1	0.03164242103230208	REALIZABLE	1	0.02893112599849701	B
ltl2dba_U1_pb_8_pe_.ltl	ltl2dba_U1_pb_8_pe_.tlsf	param:tlsf/ltl2dba/parametric/ltl2dba_U1.tlsf	ltl2dba_U1	param	exact	n	"{""n"": 8}"	1	716	REALIZABLE	1	0.032189329038374126	REALIZABLE	1	0.033252433058805764	REALIZABLE	1	0.032189329038374126	B
ltl2dba_U1_pb_9_pe_.ltl	ltl2dba_U1_pb_9_pe_.tlsf	param:tlsf/ltl2dba/parametric/ltl2dba_U1.tlsf	ltl2dba_U1	param	exact	n	"{""n"": 9}"	1	716	REALIZABLE	1	0.03074082697276026	REALIZABLE	1	0.03569333499763161	REALIZABLE	1	0.03074082697276026	B
ltl2dba_alpha_pb_100_pe_.ltl	ltl2dba_alpha_pb_100_pe_.tlsf	param:tlsf/ltl2dba/parametric/ltl2dba_alpha.tlsf	ltl2dba_alpha	param	exact	n	"{""n"": 100}"	1	653	REALIZABLE	1	0.032428651000373065	REALIZABLE	1	0.037525841034948826	REALIZABLE	1	0.032428651000373065	B
ltl2dba_alpha_pb_10_pe_.ltl	ltl2dba_alpha_pb_10_pe_.tlsf	param:tlsf/ltl2dba/parametric/ltl2dba_alpha.tlsf	ltl2dba_alpha	param	exact	n	"{""n"": 10}"	1	656	REALIZABLE	1	0.033905309974215925	REALIZABLE	1	0.030685718054883182	REALIZABLE	1	0.030685718054883182	B
ltl2dba_alpha_pb_12_pe_.ltl	ltl2dba_alpha_pb_12_pe_.tlsf	param:tlsf/ltl2dba/parametric/ltl2dba_alpha.tlsf	ltl2dba_alpha	param	exact	n	"{""n"": 12}"	1	656	REALIZABLE	1	0.035017674090340734	REALIZABLE	1	0.03356293705292046	REALIZABLE	1	0.03356293705292046	B
ltl2dba_alpha_pb_14_pe_.ltl	ltl2dba_alpha_pb_14_pe_.tlsf	param:tlsf/ltl2dba/parametric/ltl2dba_alpha.tlsf	ltl2dba_alpha	param	exact	n	"{""n"": 14}"	1	656	REALIZABLE	1	0.032635431038215756	REALIZABLE	1	0.03231876692734659	REALIZABLE	1	0.03231876692734659	B
ltl2dba_alpha_pb_16_pe_.ltl	ltl2dba_alpha_pb_16_pe_.tlsf	param:tlsf/ltl2dba/parametric/ltl2dba_alpha.tlsf	ltl2dba_alpha	param	exact	n	"{""n"": 16}"	1	656	REALIZABLE	1	0.03545296692755073	REALIZABLE	1	0.03370516002178192	REALIZABLE	1	0.03370516002178192	B
ltl2dba_alpha_pb_17_pe_.ltl	ltl2dba_alpha_pb_17_pe_.tlsf	param:tlsf/ltl2dba/parametric/ltl2dba_alpha.tlsf	ltl2dba_alpha	param	exact	n	"{""n"": 17}"	1	652	REALIZABLE	1	0.03200218896381557	REALIZABLE	1	0.04006009909790009	REALIZABLE	1	0.03200218896381557	B
ltl2dba_alpha_pb_18_pe_.ltl	ltl2dba_alpha_pb_18_pe_.tlsf	param:tlsf/ltl2dba/parametric/ltl2dba_alpha.tlsf	ltl2dba_alpha	param	exact	n	"{""n"": 18}"	1	652	REALIZABLE	1	0.03738912392873317	REALIZABLE	1	0.03743234393186867	REALIZABLE	1	0.03738912392873317	B
ltl2dba_alpha_pb_1_pe_.ltl	ltl2dba_alpha_pb_1_pe_.tlsf	param:tlsf/ltl2dba/parametric/ltl2dba_alpha.tlsf	ltl2dba_alpha	param	exact	n	"{""n"": 1}"	1	654	REALIZABLE	1	0.03188460296951234	REALIZABLE	1	0.03153104800730944	REALIZABLE	1	0.03153104800730944	B
ltl2dba_alpha_pb_20_pe_.ltl	ltl2dba_alpha_pb_20_pe_.tlsf	param:tlsf/ltl2dba/parametric/ltl2dba_alpha.tlsf	ltl2dba_alpha	param	exact	n	"{""n"": 20}"	1	652	REALIZABLE	1	0.03248810791410506	REALIZABLE	1	0.025534910964779556	REALIZABLE	1	0.025534910964779556	B
ltl2dba_alpha_pb_25_pe_.ltl	ltl2dba_alpha_pb_25_pe_.tlsf	param:tlsf/ltl2dba/parametric/ltl2dba_alpha.tlsf	ltl2dba_alpha	param	exact	n	"{""n"": 25}"	1	652	REALIZABLE	1	0.04071941995061934	REALIZABLE	1	0.03150476701557636	REALIZABLE	1	0.03150476701557636	B
ltl2dba_alpha_pb_2_pe_.ltl	ltl2dba_alpha_pb_2_pe_.tlsf	param:tlsf/ltl2dba/parametric/ltl2dba_alpha.tlsf	ltl2dba_alpha	param	exact	n	"{""n"": 2}"	1	654	REALIZABLE	1	0.03455205692443997	REALIZABLE	1	0.03206951799802482	REALIZABLE	1	0.03206951799802482	B
ltl2dba_alpha_pb_3_pe_.ltl	ltl2dba_alpha_pb_3_pe_.tlsf	param:tlsf/ltl2dba/parametric/ltl2dba_alpha.tlsf	ltl2dba_alpha	param	exact	n	"{""n"": 3}"	1	655	REALIZABLE	1	0.026673632906749845	REALIZABLE	1	0.031053518992848694	REALIZABLE	1	0.026673632906749845	B
ltl2dba_alpha_pb_4_pe_.ltl	ltl2dba_alpha_pb_4_pe_.tlsf	param:tlsf/ltl2dba/parametric/ltl2dba_alpha.tlsf	ltl2dba_alpha	param	exact	n	"{""n"": 4}"	1	655	REALIZABLE	1	0.027897767024114728	REALIZABLE	1	0.03185289597604424	REALIZABLE	1	0.027897767024114728	B
ltl2dba_alpha_pb_50_pe_.ltl	ltl2dba_alpha_pb_50_pe_.tlsf	param:tlsf/ltl2dba/parametric/ltl2dba_alpha.tlsf	ltl2dba_alpha	param	exact	n	"{""n"": 50}"	1	652	REALIZABLE	1	0.02819122700020671	REALIZABLE	1	0.03415657300502062	REALIZABLE	1	0.02819122700020671	B
ltl2dba_alpha_pb_5_pe_.ltl	ltl2dba_alpha_pb_5_pe_.tlsf	param:tlsf/ltl2dba/parametric/ltl2dba_alpha.tlsf	ltl2dba_alpha	param	exact	n	"{""n"": 5}"	1	655	REALIZABLE	1	0.03139523498248309	REALIZABLE	1	0.035212944028899074	REALIZABLE	1	0.03139523498248309	B
ltl2dba_alpha_pb_6_pe_.ltl	ltl2dba_alpha_pb_6_pe_.tlsf	param:tlsf/ltl2dba/parametric/ltl2dba_alpha.tlsf	ltl2dba_alpha	param	exact	n	"{""n"": 6}"	1	655	REALIZABLE	1	0.03267420211341232	REALIZABLE	1	0.026983023970387876	REALIZABLE	1	0.026983023970387876	B
ltl2dba_alpha_pb_7_pe_.ltl	ltl2dba_alpha_pb_7_pe_.tlsf	param:tlsf/ltl2dba/parametric/ltl2dba_alpha.tlsf	ltl2dba_alpha	param	exact	n	"{""n"": 7}"	1	655	REALIZABLE	1	0.03116986306849867	REALIZABLE	1	0.03124702803324908	REALIZABLE	1	0.03116986306849867	B
ltl2dba_alpha_pb_8_pe_.ltl	ltl2dba_alpha_pb_8_pe_.tlsf	param:tlsf/ltl2dba/parametric/ltl2dba_alpha.tlsf	ltl2dba_alpha	param	exact	n	"{""n"": 8}"	1	655	REALIZABLE	1	0.03691788297146559	REALIZABLE	1	0.02982031903229654	REALIZABLE	1	0.02982031903229654	B
ltl2dba_beta_pb_100_pe_.ltl	ltl2dba_beta_pb_100_pe_.tlsf	param:tlsf/ltl2dba/parametric/ltl2dba_beta.tlsf	ltl2dba_beta	param	exact	n	"{""n"": 100}"	1	781	REALIZABLE	1	0.032731338986195624	REALIZABLE	1	0.026858997996896505	REALIZABLE	1	0.026858997996896505	B
ltl2dba_beta_pb_10_pe_.ltl	ltl2dba_beta_pb_10_pe_.tlsf	param:tlsf/ltl2dba/parametric/ltl2dba_beta.tlsf	ltl2dba_beta	param	exact	n	"{""n"": 10}"	1	785	REALIZABLE	1	0.03028060495853424	REALIZABLE	1	0.029676511068828404	REALIZABLE	1	0.029676511068828404	B
ltl2dba_beta_pb_15_pe_.ltl	ltl2dba_beta_pb_15_pe_.tlsf	param:tlsf/ltl2dba/parametric/ltl2dba_beta.tlsf	ltl2dba_beta	param	exact	n	"{""n"": 15}"	1	785	REALIZABLE	1	0.03324816806707531	REALIZABLE	1	0.03108148998580873	REALIZABLE	1	0.03108148998580873	B
ltl2dba_beta_pb_18_pe_.ltl	ltl2dba_beta_pb_18_pe_.tlsf	param:tlsf/ltl2dba/parametric/ltl2dba_beta.tlsf	ltl2dba_beta	param	exact	n	"{""n"": 18}"	1	780	REALIZABLE	1	0.030500181019306183	REALIZABLE	1	0.033459216938354075	REALIZABLE	1	0.030500181019306183	B
ltl2dba_beta_pb_1_pe_.ltl	ltl2dba_beta_pb_1_pe_.tlsf	param:tlsf/ltl2dba/parametric/ltl2dba_beta.tlsf	ltl2dba_beta	param	exact	n	"{""n"": 1}"	1	782	REALIZABLE	1	0.032078557065688074	REALIZABLE	1	0.03497096709907055	REALIZABLE	1	0.032078557065688074	B
ltl2dba_beta_pb_20_pe_.ltl	ltl2dba_beta_pb_20_pe_.tlsf	param:tlsf/ltl2dba/parametric/ltl2dba_beta.tlsf	ltl2dba_beta	param	exact	n	"{""n"": 20}"	1	780	REALIZABLE	1	0.03659766400232911	REALIZABLE	1	0.03562743600923568	REALIZABLE	1	0.03562743600923568	B
ltl2dba_beta_pb_25_pe_.ltl	ltl2dba_beta_pb_25_pe_.tlsf	param:tlsf/ltl2dba/parametric/ltl2dba_beta.tlsf	ltl2dba_beta	param	exact	n	"{""n"": 25}"	1	780	REALIZABLE	1	0.03791431104764342	REALIZABLE	1	0.03240243694745004	REALIZABLE	1	0.03240243694745004	B
ltl2dba_beta_pb_2_pe_.ltl	ltl2dba_beta_pb_2_pe_.tlsf	param:tlsf/ltl2dba/parametric/ltl2dba_beta.tlsf	ltl2dba_beta	param	exact	n	"{""n"": 2}"	1	783	REALIZABLE	1	0.03466287103947252	REALIZABLE	1	0.02691444894298911	REALIZABLE	1	0.02691444894298911	B
ltl2dba_beta_pb_30_pe_.ltl	ltl2dba_beta_pb_30_pe_.tlsf	param:tlsf/ltl2dba/parametric/ltl2dba_beta.tlsf	ltl2dba_beta	param	exact	n	"{""n"": 30}"	1	780	REALIZABLE	1	0.03930021508131176	REALIZABLE	1	0.03247451095376164	REALIZABLE	1	0.03247451095376164	B
ltl2dba_beta_pb_3_pe_.ltl	ltl2dba_beta_pb_3_pe_.tlsf	param:tlsf/ltl2dba/parametric/ltl2dba_beta.tlsf	ltl2dba_beta	param	exact	n	"{""n"": 3}"	1	783	REALIZABLE	1	0.03122153808362782	REALIZABLE	1	0.029777941992506385	REALIZABLE	1	0.029777941992506385	B
ltl2dba_beta_pb_4_pe_.ltl	ltl2dba_beta_pb_4_pe_.tlsf	param:tlsf/ltl2dba/parametric/ltl2dba_beta.tlsf	ltl2dba_beta	param	exact	n	"{""n"": 4}"	1	783	REALIZABLE	1	0.028247728012502193	REALIZABLE	1	0.027274796040728688	REALIZABLE	1	0.027274796040728688	B
ltl2dba_beta_pb_5_pe_.ltl	ltl2dba_beta_pb_5_pe_.tlsf	param:tlsf/ltl2dba/parametric/ltl2dba_beta.tlsf	ltl2dba_beta	param	exact	n	"{""n"": 5}"	1	783	REALIZABLE	1	0.030136720975860953	REALIZABLE	1	0.03429476101882756	REALIZABLE	1	0.030136720975860953	B
ltl2dba_beta_pb_6_pe_.ltl	ltl2dba_beta_pb_6_pe_.tlsf	param:tlsf/ltl2dba/parametric/ltl2dba_beta.tlsf	ltl2dba_beta	param	exact	n	"{""n"": 6}"	1	783	REALIZABLE	1	0.03223543695639819	REALIZABLE	1	0.0277200429700315	REALIZABLE	1	0.0277200429700315	B
ltl2dba_beta_pb_7_pe_.ltl	ltl2dba_beta_pb_7_pe_.tlsf	param:tlsf/ltl2dba/parametric/ltl2dba_beta.tlsf	ltl2dba_beta	param	exact	n	"{""n"": 7}"	1	783	REALIZABLE	1	0.036263734102249146	REALIZABLE	1	0.02953936404082924	REALIZABLE	1	0.02953936404082924	B
ltl2dba_beta_pb_8_pe_.ltl	ltl2dba_beta_pb_8_pe_.tlsf	param:tlsf/ltl2dba/parametric/ltl2dba_beta.tlsf	ltl2dba_beta	param	exact	n	"{""n"": 8}"	1	784	REALIZABLE	1	0.03133394697215408	REALIZABLE	1	0.03275435196701437	REALIZABLE	1	0.03133394697215408	B
ltl2dba_theta_pb_100_pe_.ltl	ltl2dba_theta_pb_100_pe_.tlsf	param:tlsf/ltl2dba/parametric/ltl2dba_theta.tlsf	ltl2dba_theta	param	exact	n	"{""n"": 100}"	1	685	TIMEOUT		60.124629833968356	TIMEOUT		60.12421355501283	TIMEOUT			
ltl2dba_theta_pb_10_pe_.ltl	ltl2dba_theta_pb_10_pe_.tlsf	param:tlsf/ltl2dba/parametric/ltl2dba_theta.tlsf	ltl2dba_theta	param	exact	n	"{""n"": 10}"	1	684	UNREALIZABLE	1	0.5954578670207411	UNREALIZABLE	1	0.4584312660153955	UNREALIZABLE	1	0.4584312660153955	B
ltl2dba_theta_pb_12_pe_.ltl	ltl2dba_theta_pb_12_pe_.tlsf	param:tlsf/ltl2dba/parametric/ltl2dba_theta.tlsf	ltl2dba_theta	param	exact	n	"{""n"": 12}"	1	684	UNREALIZABLE	5	3.6593369600595906	UNREALIZABLE	5	3.707055854029022	UNREALIZABLE	5	3.6593369600595906	B
ltl2dba_theta_pb_14_pe_.ltl	ltl2dba_theta_pb_14_pe_.tlsf	param:tlsf/ltl2dba/parametric/ltl2dba_theta.tlsf	ltl2dba_theta	param	exact	n	"{""n"": 14}"	1	684	UNREALIZABLE	60	21.47702676896006	UNREALIZABLE	60	27.417672942043282	UNREALIZABLE	60	21.47702676896006	B
ltl2dba_theta_pb_16_pe_.ltl	ltl2dba_theta_pb_16_pe_.tlsf	param:tlsf/ltl2dba/parametric/ltl2dba_theta.tlsf	ltl2dba_theta	param	exact	n	"{""n"": 16}"	1	684	TIMEOUT		60.09191052801907	TIMEOUT		60.09257893904578	TIMEOUT			
ltl2dba_theta_pb_1_pe_.ltl	ltl2dba_theta_pb_1_pe_.tlsf	param:tlsf/ltl2dba/parametric/ltl2dba_theta.tlsf	ltl2dba_theta	param	exact	n	"{""n"": 1}"	1	683	UNREALIZABLE	1	0.0263072649249807	UNREALIZABLE	1	0.015741078997962177	UNREALIZABLE	1	0.015741078997962177	B
ltl2dba_theta_pb_25_pe_.ltl	ltl2dba_theta_pb_25_pe_.tlsf	param:tlsf/ltl2dba/parametric/ltl2dba_theta.tlsf	ltl2dba_theta	param	exact	n	"{""n"": 25}"	1	684	TIMEOUT		60.1254821770126	TIMEOUT		60.124910978018306	TIMEOUT			
ltl2dba_theta_pb_2_pe_.ltl	ltl2dba_theta_pb_2_pe_.tlsf	param:tlsf/ltl2dba/parametric/ltl2dba_theta.tlsf	ltl2dba_theta	param	exact	n	"{""n"": 2}"	1	683	UNREALIZABLE	1	0.019922578940168023	UNREALIZABLE	1	0.01750763598829508	UNREALIZABLE	1	0.01750763598829508	B
ltl2dba_theta_pb_300_pe_.ltl	ltl2dba_theta_pb_300_pe_.tlsf	param:tlsf/ltl2dba/parametric/ltl2dba_theta.tlsf	ltl2dba_theta	param	exact	n	"{""n"": 300}"	1	679	TIMEOUT		60.10812525800429	TIMEOUT		60.12538243201561	TIMEOUT			
ltl2dba_theta_pb_3_pe_.ltl	ltl2dba_theta_pb_3_pe_.tlsf	param:tlsf/ltl2dba/parametric/ltl2dba_theta.tlsf	ltl2dba_theta	param	exact	n	"{""n"": 3}"	1	683	UNREALIZABLE	1	0.0202376899542287	UNREALIZABLE	1	0.02361516607925296	UNREALIZABLE	1	0.0202376899542287	B
ltl2dba_theta_pb_4_pe_.ltl	ltl2dba_theta_pb_4_pe_.tlsf	param:tlsf/ltl2dba/parametric/ltl2dba_theta.tlsf	ltl2dba_theta	param	exact	n	"{""n"": 4}"	1	683	UNREALIZABLE	1	0.03626643598545343	UNREALIZABLE	1	0.04618933598976582	UNREALIZABLE	1	0.03626643598545343	B
ltl2dba_theta_pb_500_pe_.ltl	ltl2dba_theta_pb_500_pe_.tlsf	param:tlsf/ltl2dba/parametric/ltl2dba_theta.tlsf	ltl2dba_theta	param	exact	n	"{""n"": 500}"	1	679	TIMEOUT		60.12505065801088	TIMEOUT		60.12496576400008	TIMEOUT			
ltl2dba_theta_pb_50_pe_.ltl	ltl2dba_theta_pb_50_pe_.tlsf	param:tlsf/ltl2dba/parametric/ltl2dba_theta.tlsf	ltl2dba_theta	param	exact	n	"{""n"": 50}"	1	684	TIMEOUT		60.12483364099171	TIMEOUT		60.12480551796034	TIMEOUT			
ltl2dba_theta_pb_5_pe_.ltl	ltl2dba_theta_pb_5_pe_.tlsf	param:tlsf/ltl2dba/parametric/ltl2dba_theta.tlsf	ltl2dba_theta	param	exact	n	"{""n"": 5}"	1	683	UNREALIZABLE	1	0.025478273979388177	UNREALIZABLE	1	0.028043702011927962	UNREALIZABLE	1	0.025478273979388177	B
ltl2dba_theta_pb_6_pe_.ltl	ltl2dba_theta_pb_6_pe_.tlsf	param:tlsf/ltl2dba/parametric/ltl2dba_theta.tlsf	ltl2dba_theta	param	exact	n	"{""n"": 6}"	1	683	UNREALIZABLE	1	0.037107952986843884	UNREALIZABLE	1	0.043032623012550175	UNREALIZABLE	1	0.037107952986843884	B
ltl2dba_theta_pb_7_pe_.ltl	ltl2dba_theta_pb_7_pe_.tlsf	param:tlsf/ltl2dba/parametric/ltl2dba_theta.tlsf	ltl2dba_theta	param	exact	n	"{""n"": 7}"	1	683	UNREALIZABLE	1	0.07129247894044966	UNREALIZABLE	1	0.06322444090619683	UNREALIZABLE	1	0.06322444090619683	B
ltl2dba_theta_pb_8_pe_.ltl	ltl2dba_theta_pb_8_pe_.tlsf	param:tlsf/ltl2dba/parametric/ltl2dba_theta.tlsf	ltl2dba_theta	param	exact	n	"{""n"": 8}"	1	683	UNREALIZABLE	1	0.13032513798680156	UNREALIZABLE	1	0.13031510508153588	UNREALIZABLE	1	0.13031510508153588	B
simple_arbiter_with_hints_pb_10_pe_.ltl	simple_arbiter_with_hints_pb_10_pe_.tlsf	param:tlsf/ltl_with_hints/parametric/simple_arbiter_with_hints.tlsf	simple_arbiter_with_hints	param	exact	n	"{""n"": 10}"	1	2331	TIMEOUT		60.22398031200282	TIMEOUT		60.22425802098587	TIMEOUT			
simple_arbiter_with_hints_pb_12_pe_.ltl	simple_arbiter_with_hints_pb_12_pe_.tlsf	param:tlsf/ltl_with_hints/parametric/simple_arbiter_with_hints.tlsf	simple_arbiter_with_hints	param	exact	n	"{""n"": 12}"	1	2331	TIMEOUT		60.17448712291662	TIMEOUT		60.17401756194886	TIMEOUT			
simple_arbiter_with_hints_pb_15_pe_.ltl	simple_arbiter_with_hints_pb_15_pe_.tlsf	param:tlsf/ltl_with_hints/parametric/simple_arbiter_with_hints.tlsf	simple_arbiter_with_hints	param	exact	n	"{""n"": 15}"	1	2331	TIMEOUT		60.17451785993762	TIMEOUT		60.17557120497804	TIMEOUT			
simple_arbiter_with_hints_pb_2_pe_.ltl	simple_arbiter_with_hints_pb_2_pe_.tlsf	param:tlsf/ltl_with_hints/parametric/simple_arbiter_with_hints.tlsf	simple_arbiter_with_hints	param	exact	n	"{""n"": 2}"	1	2330	REALIZABLE	1	0.01465849601663649	REALIZABLE	1	0.01428650296293199	REALIZABLE	1	0.01428650296293199	B
simple_arbiter_with_hints_pb_4_pe_.ltl	simple_arbiter_with_hints_pb_4_pe_.tlsf	param:tlsf/ltl_with_hints/parametric/simple_arbiter_with_hints.tlsf	simple_arbiter_with_hints	param	exact	n	"{""n"": 4}"	1	2330	REALIZABLE	1	0.02022844599559903	REALIZABLE	1	0.024331182008609176	REALIZABLE	1	0.02022844599559903	B
simple_arbiter_with_hints_pb_6_pe_.ltl	simple_arbiter_with_hints_pb_6_pe_.tlsf	param:tlsf/ltl_with_hints/parametric/simple_arbiter_with_hints.tlsf	simple_arbiter_with_hints	param	exact	n	"{""n"": 6}"	1	2330	REALIZABLE	5	2.4030691349180415	REALIZABLE	5	2.2578052220633253	REALIZABLE	5	2.2578052220633253	B
simple_arbiter_with_hints_pb_8_pe_.ltl	simple_arbiter_with_hints_pb_8_pe_.tlsf	param:tlsf/ltl_with_hints/parametric/simple_arbiter_with_hints.tlsf	simple_arbiter_with_hints	param	exact	n	"{""n"": 8}"	1	2330	TIMEOUT		60.092395921004936	TIMEOUT		60.08791715896223	TIMEOUT			
mux_pb_100_pe_.ltl	mux_pb_100_pe_.tlsf	param:tlsf/mux/parametric/mux.tlsf	mux	param	exact	n	"{""n"": 100}"	1	1262	REALIZABLE	1	0.037707997020334005	REALIZABLE	1	0.024377202964387834	REALIZABLE	1	0.024377202964387834	B
mux_pb_10_pe_.ltl	mux_pb_10_pe_.tlsf	param:tlsf/mux/parametric/mux.tlsf	mux	param	exact	n	"{""n"": 10}"	1	1260	REALIZABLE	1	0.028962885960936546	REALIZABLE	1	0.015043125953525305	REALIZABLE	1	0.015043125953525305	B
mux_pb_125_pe_.ltl	mux_pb_125_pe_.tlsf	param:tlsf/mux/parametric/mux.tlsf	mux	param	exact	n	"{""n"": 125}"	1	1262	REALIZABLE	1	0.042487144004553556	REALIZABLE	1	0.02043944096658379	REALIZABLE	1	0.02043944096658379	B
mux_pb_12_pe_.ltl	mux_pb_12_pe_.tlsf	param:tlsf/mux/parametric/mux.tlsf	mux	param	exact	n	"{""n"": 12}"	1	1260	REALIZABLE	1	0.03279716591350734	REALIZABLE	1	0.016296573914587498	REALIZABLE	1	0.016296573914587498	B
mux_pb_132_pe_.ltl	mux_pb_132_pe_.tlsf	param:tlsf/mux/parametric/mux.tlsf	mux	param	exact	n	"{""n"": 132}"	1	1262	REALIZABLE	1	0.02024220605380833	REALIZABLE	1	0.020518137025646865	REALIZABLE	1	0.02024220605380833	B
mux_pb_150_pe_.ltl	mux_pb_150_pe_.tlsf	param:tlsf/mux/parametric/mux.tlsf	mux	param	exact	n	"{""n"": 150}"	1	1256	REALIZABLE	1	0.0205172470305115	REALIZABLE	1	0.022065212950110435	REALIZABLE	1	0.0205172470305115	B
mux_pb_16_pe_.ltl	mux_pb_16_pe_.tlsf	param:tlsf/mux/parametric/mux.tlsf	mux	param	exact	n	"{""n"": 16}"	1	1260	REALIZABLE	1	0.015502308029681444	REALIZABLE	1	0.01446850597858429	REALIZABLE	1	0.01446850597858429	B
mux_pb_175_pe_.ltl	mux_pb_175_pe_.tlsf	param:tlsf/mux/parametric/mux.tlsf	mux	param	exact	n	"{""n"": 175}"	1	1257	REALIZABLE	1	0.02897098194807768	REALIZABLE	1	0.023150983965024352	REALIZABLE	1	0.023150983965024352	B
mux_pb_200_pe_.ltl	mux_pb_200_pe_.tlsf	param:tlsf/mux/parametric/mux.tlsf	mux	param	exact	n	"{""n"": 200}"	1	1257	REALIZABLE	1	0.03172374202404171	REALIZABLE	1	0.028013951028697193	REALIZABLE	1	0.028013951028697193	B
mux_pb_32_pe_.ltl	mux_pb_32_pe_.tlsf	param:tlsf/mux/parametric/mux.tlsf	mux	param	exact	n	"{""n"": 32}"	1	1260	REALIZABLE	1	0.03084288805257529	REALIZABLE	1	0.019996401038952172	REALIZABLE	1	0.019996401038952172	B
mux_pb_64_pe_.ltl	mux_pb_64_pe_.tlsf	param:tlsf/mux/parametric/mux.tlsf	mux	param	exact	n	"{""n"": 64}"	1	1261	REALIZABLE	1	0.04137041501235217	REALIZABLE	1	0.02148053701967001	REALIZABLE	1	0.02148053701967001	B
mux_pb_8_pe_.ltl	mux_pb_8_pe_.tlsf	param:tlsf/mux/parametric/mux.tlsf	mux	param	exact	n	"{""n"": 8}"	1	1259	REALIZABLE	1	0.032386495964601636	REALIZABLE	1	0.021409596083685756	REALIZABLE	1	0.021409596083685756	B
narylatch_pb_10_pe_.ltl	narylatch_pb_10_pe_.tlsf	param:tlsf/nary_latch/parametric/narylatch.tlsf	narylatch	param	exact	n	"{""n"": 10}"	1	499	REALIZABLE	1	0.041713965008966625	REALIZABLE	1	0.017766293953172863	REALIZABLE	1	0.017766293953172863	B
narylatch_pb_11_pe_.ltl	narylatch_pb_11_pe_.tlsf	param:tlsf/nary_latch/parametric/narylatch.tlsf	narylatch	param	exact	n	"{""n"": 11}"	1	493	REALIZABLE	1	0.04213625495322049	REALIZABLE	1	0.01589424000121653	REALIZABLE	1	0.01589424000121653	B
narylatch_pb_12_pe_.ltl	narylatch_pb_12_pe_.tlsf	param:tlsf/nary_latch/parametric/narylatch.tlsf	narylatch	param	exact	n	"{""n"": 12}"	1	493	REALIZABLE	1	0.03648956003598869	REALIZABLE	1	0.024065992096439004	REALIZABLE	1	0.024065992096439004	B
narylatch_pb_16_pe_.ltl	narylatch_pb_16_pe_.tlsf	param:tlsf/nary_latch/parametric/narylatch.tlsf	narylatch	param	exact	n	"{""n"": 16}"	1	493	REALIZABLE	1	0.04331733693834394	REALIZABLE	1	0.02322777803055942	REALIZABLE	1	0.02322777803055942	B
narylatch_pb_32_pe_.ltl	narylatch_pb_32_pe_.tlsf	param:tlsf/nary_latch/parametric/narylatch.tlsf	narylatch	param	exact	n	"{""n"": 32}"	1	493	REALIZABLE	1	0.0483772800071165	REALIZABLE	1	0.029624124988913536	REALIZABLE	1	0.029624124988913536	B
narylatch_pb_64_pe_.ltl	narylatch_pb_64_pe_.tlsf	param:tlsf/nary_latch/parametric/narylatch.tlsf	narylatch	param	exact	n	"{""n"": 64}"	1	493	REALIZABLE	1	0.04107496899086982	REALIZABLE	1	0.028021472971886396	REALIZABLE	1	0.028021472971886396	B
narylatch_pb_8_pe_.ltl	narylatch_pb_8_pe_.tlsf	param:tlsf/nary_latch/parametric/narylatch.tlsf	narylatch	param	exact	n	"{""n"": 8}"	1	496	REALIZABLE	1	0.0239580589113757	REALIZABLE	1	0.021675953059457242	REALIZABLE	1	0.021675953059457242	B
prioritized_arbiter_pb_10_pe_.ltl	prioritized_arbiter_pb_10_pe_.tlsf	param:tlsf/prioritized_arbiter/parametric/prioritized_arbiter.tlsf	prioritized_arbiter	param	exact	n	"{""n"": 10}"	1	1852	TIMEOUT		60.068452548002824	TIMEOUT		60.06850782595575	TIMEOUT			
prioritized_arbiter_pb_12_pe_.ltl	prioritized_arbiter_pb_12_pe_.tlsf	param:tlsf/prioritized_arbiter/parametric/prioritized_arbiter.tlsf	prioritized_arbiter	param	exact	n	"{""n"": 12}"	1	1852	TIMEOUT		60.0762131389929	TIMEOUT		60.07611994200852	TIMEOUT			
prioritized_arbiter_pb_1_pe_.ltl	prioritized_arbiter_pb_1_pe_.tlsf	param:tlsf/prioritized_arbiter/parametric/prioritized_arbiter.tlsf	prioritized_arbiter	param	exact	n	"{""n"": 1}"	1	1854	REALIZABLE	1	0.019107906031422317	REALIZABLE	1	0.015324758016504347	REALIZABLE	1	0.015324758016504347	B
prioritized_arbiter_pb_2_pe_.ltl	prioritized_arbiter_pb_2_pe_.tlsf	param:tlsf/prioritized_arbiter/parametric/prioritized_arbiter.tlsf	prioritized_arbiter	param	exact	n	"{""n"": 2}"	1	1854	REALIZABLE	1	0.029936410021036863	REALIZABLE	1	0.01420724205672741	REALIZABLE	1	0.01420724205672741	B
prioritized_arbiter_pb_3_pe_.ltl	prioritized_arbiter_pb_3_pe_.tlsf	param:tlsf/prioritized_arbiter/parametric/prioritized_arbiter.tlsf	prioritized_arbiter	param	exact	n	"{""n"": 3}"	1	1855	REALIZABLE	1	0.043577042990364134	REALIZABLE	1	0.019691806053742766	REALIZABLE	1	0.019691806053742766	B
prioritized_arbiter_pb_4_pe_.ltl	prioritized_arbiter_pb_4_pe_.tlsf	param:tlsf/prioritized_arbiter/parametric/prioritized_arbiter.tlsf	prioritized_arbiter	param	exact	n	"{""n"": 4}"	1	1855	REALIZABLE	1	0.045627602958120406	REALIZABLE	1	0.04707302199676633	REALIZABLE	1	0.045627602958120406	B
prioritized_arbiter_pb_5_pe_.ltl	prioritized_arbiter_pb_5_pe_.tlsf	param:tlsf/prioritized_arbiter/parametric/prioritized_arbiter.tlsf	prioritized_arbiter	param	exact	n	"{""n"": 5}"	1	1855	REALIZABLE	1	0.03608034492935985	REALIZABLE	1	0.04525206901598722	REALIZABLE	1	0.03608034492935985	B
prioritized_arbiter_pb_6_pe_.ltl	prioritized_arbiter_pb_6_pe_.tlsf	param:tlsf/prioritized_arbiter/parametric/prioritized_arbiter.tlsf	prioritized_arbiter	param	exact	n	"{""n"": 6}"	1	1855	REALIZABLE	1	0.41450733493547887	REALIZABLE	1	0.4482434239471331	REALIZABLE	1	0.41450733493547887	B
prioritized_arbiter_pb_7_pe_.ltl	prioritized_arbiter_pb_7_pe_.tlsf	param:tlsf/prioritized_arbiter/parametric/prioritized_arbiter.tlsf	prioritized_arbiter	param	exact	n	"{""n"": 7}"	1	1855	TIMEOUT		60.06800289603416	TIMEOUT		60.06819448096212	TIMEOUT			
prioritized_arbiter_pb_8_pe_.ltl	prioritized_arbiter_pb_8_pe_.tlsf	param:tlsf/prioritized_arbiter/parametric/prioritized_arbiter.tlsf	prioritized_arbiter	param	exact	n	"{""n"": 8}"	1	1855	TIMEOUT		60.01099823601544	TIMEOUT		60.0680643459782	TIMEOUT			
prioritized_arbiter_pb_9_pe_.ltl	prioritized_arbiter_pb_9_pe_.tlsf	param:tlsf/prioritized_arbiter/parametric/prioritized_arbiter.tlsf	prioritized_arbiter	param	exact	n	"{""n"": 9}"	1	1851	TIMEOUT		60.04512674594298	TIMEOUT		60.06814146693796	TIMEOUT			
prioritized_arbiter_enc_pb_10_pe_.ltl	prioritized_arbiter_enc_pb_10_pe_.tlsf	param:tlsf/prioritized_arbiter_log/parametric/prioritized_arbiter_enc.tlsf	prioritized_arbiter_enc	param	exact	n	"{""n"": 10}"	1	2585	TIMEOUT		60.07564960804302	TIMEOUT		60.07658332795836	TIMEOUT			
prioritized_arbiter_enc_pb_12_pe_.ltl	prioritized_arbiter_enc_pb_12_pe_.tlsf	param:tlsf/prioritized_arbiter_log/parametric/prioritized_arbiter_enc.tlsf	prioritized_arbiter_enc	param	exact	n	"{""n"": 12}"	1	2585	TIMEOUT		60.09169032901991	TIMEOUT		60.09185520501342	TIMEOUT			
prioritized_arbiter_enc_pb_13_pe_.ltl	prioritized_arbiter_enc_pb_13_pe_.tlsf	param:tlsf/prioritized_arbiter_log/parametric/prioritized_arbiter_enc.tlsf	prioritized_arbiter_enc	param	exact	n	"{""n"": 13}"	1	2582	TIMEOUT		60.092128927004524	TIMEOUT		60.0560079109855	TIMEOUT			
prioritized_arbiter_enc_pb_14_pe_.ltl	prioritized_arbiter_enc_pb_14_pe_.tlsf	param:tlsf/prioritized_arbiter_log/parametric/prioritized_arbiter_enc.tlsf	prioritized_arbiter_enc	param	exact	n	"{""n"": 14}"	1	2582	TIMEOUT		60.09194800001569	TIMEOUT		60.08981600601692	TIMEOUT			
prioritized_arbiter_enc_pb_15_pe_.ltl	prioritized_arbiter_enc_pb_15_pe_.tlsf	param:tlsf/prioritized_arbiter_log/parametric/prioritized_arbiter_enc.tlsf	prioritized_arbiter_enc	param	exact	n	"{""n"": 15}"	1	2582	TIMEOUT		60.12443525495473	TIMEOUT		60.09882681199815	TIMEOUT			
prioritized_arbiter_enc_pb_8_pe_.ltl	prioritized_arbiter_enc_pb_8_pe_.tlsf	param:tlsf/prioritized_arbiter_log/parametric/prioritized_arbiter_enc.tlsf	prioritized_arbiter_enc	param	exact	n	"{""n"": 8}"	1	2587	TIMEOUT		60.12508674594574	TIMEOUT		60.12413302902132	TIMEOUT			
prioritized_arbiter_unreal1_pb_2_10_pe_.ltl	prioritized_arbiter_unreal1_pb_2_10_pe_.tlsf	param:tlsf/prioritized_arbiter_unreal/parametric/prioritized_arbiter_unreal1.tlsf	prioritized_arbiter_unreal1	param	exact	n,u	"{""n"": 2, ""u"": 10}"	2	2094	UNREALIZABLE	1	0.021767525002360344	UNREALIZABLE	1	0.022405584109947085	UNREALIZABLE	1	0.021767525002360344	B
prioritized_arbiter_unreal1_pb_2_11_pe_.ltl	prioritized_arbiter_unreal1_pb_2_11_pe_.tlsf	param:tlsf/prioritized_arbiter_unreal/parametric/prioritized_arbiter_unreal1.tlsf	prioritized_arbiter_unreal1	param	exact	n,u	"{""n"": 2, ""u"": 11}"	2	2094	UNREALIZABLE	1	0.017574990983121097	UNREALIZABLE	1	0.03245583898387849	UNREALIZABLE	1	0.017574990983121097	B
prioritized_arbiter_unreal1_pb_2_12_pe_.ltl	prioritized_arbiter_unreal1_pb_2_12_pe_.tlsf	param:tlsf/prioritized_arbiter_unreal/parametric/prioritized_arbiter_unreal1.tlsf	prioritized_arbiter_unreal1	param	exact	n,u	"{""n"": 2, ""u"": 12}"	2	2094	UNREALIZABLE	1	0.02286391402594745	UNREALIZABLE	1	0.03451925702393055	UNREALIZABLE	1	0.02286391402594745	B
prioritized_arbiter_unreal1_pb_2_13_pe_.ltl	prioritized_arbiter_unreal1_pb_2_13_pe_.tlsf	param:tlsf/prioritized_arbiter_unreal/parametric/prioritized_arbiter_unreal1.tlsf	prioritized_arbiter_unreal1	param	exact	n,u	"{""n"": 2, ""u"": 13}"	2	2094	UNREALIZABLE	1	0.019434846006333828	UNREALIZABLE	1	0.03143573191482574	UNREALIZABLE	1	0.019434846006333828	B
prioritized_arbiter_unreal1_pb_2_14_pe_.ltl	prioritized_arbiter_unreal1_pb_2_14_pe_.tlsf	param:tlsf/prioritized_arbiter_unreal/parametric/prioritized_arbiter_unreal1.tlsf	prioritized_arbiter_unreal1	param	exact	n,u	"{""n"": 2, ""u"": 14}"	2	2094	UNREALIZABLE	1	0.014815268921665847	UNREALIZABLE	1	0.027913150028325617	UNREALIZABLE	1	0.014815268921665847	B
prioritized_arbiter_unreal1_pb_2_15_pe_.ltl	prioritized_arbiter_unreal1_pb_2_15_pe_.tlsf	param:tlsf/prioritized_arbiter_unreal/parametric/prioritized_arbiter_unreal1.tlsf	prioritized_arbiter_unreal1	param	exact	n,u	"{""n"": 2, ""u"": 15}"	2	2094	UNREALIZABLE	1	0.029413642012514174	UNREALIZABLE	1	0.033496950985863805	UNREALIZABLE	1	0.029413642012514174	B
prioritized_arbiter_unreal1_pb_2_16_pe_.ltl	prioritized_arbiter_unreal1_pb_2_16_pe_.tlsf	param:tlsf/prioritized_arbiter_unreal/parametric/prioritized_arbiter_unreal1.tlsf	prioritized_arbiter_unreal1	param	exact	n,u	"{""n"": 2, ""u"": 16}"	2	2094	UNREALIZABLE	1	0.015272506978362799	UNREALIZABLE	1	0.03484817501157522	UNREALIZABLE	1	0.015272506978362799	B
prioritized_arbiter_unreal1_pb_2_1_pe_.ltl	prioritized_arbiter_unreal1_pb_2_1_pe_.tlsf	param:tlsf/prioritized_arbiter_unreal/parametric/prioritized_arbiter_unreal1.tlsf	prioritized_arbiter_unreal1	param	exact	n,u	"{""n"": 2, ""u"": 1}"	2	2093	UNREALIZABLE	1	0.016726935049518943	UNREALIZABLE	1	0.03595854190643877	UNREALIZABLE	1	0.016726935049518943	B
prioritized_arbiter_unreal1_pb_2_2_pe_.ltl	prioritized_arbiter_unreal1_pb_2_2_pe_.tlsf	param:tlsf/prioritized_arbiter_unreal/parametric/prioritized_arbiter_unreal1.tlsf	prioritized_arbiter_unreal1	param	exact	n,u	"{""n"": 2, ""u"": 2}"	2	2093	UNREALIZABLE	1	0.019182546064257622	UNREALIZABLE	1	0.03801809693686664	UNREALIZABLE	1	0.019182546064257622	B
prioritized_arbiter_unreal1_pb_2_3_pe_.ltl	prioritized_arbiter_unreal1_pb_2_3_pe_.tlsf	param:tlsf/prioritized_arbiter_unreal/parametric/prioritized_arbiter_unreal1.tlsf	prioritized_arbiter_unreal1	param	exact	n,u	"{""n"": 2, ""u"": 3}"	2	2093	UNREALIZABLE	1	0.014847071026451886	UNREALIZABLE	1	0.03547257196623832	UNREALIZABLE	1	0.014847071026451886	B
prioritized_arbiter_unreal1_pb_2_4_pe_.ltl	prioritized_arbiter_unreal1_pb_2_4_pe_.tlsf	param:tlsf/prioritized_arbiter_unreal/parametric/prioritized_arbiter_unreal1.tlsf	prioritized_arbiter_unreal1	param	exact	n,u	"{""n"": 2, ""u"": 4}"	2	2093	UNREALIZABLE	1	0.016218867036513984	UNREALIZABLE	1	0.03424938896205276	UNREALIZABLE	1	0.016218867036513984	B
prioritized_arbiter_unreal1_pb_2_5_pe_.ltl	prioritized_arbiter_unreal1_pb_2_5_pe_.tlsf	param:tlsf/prioritized_arbiter_unreal/parametric/prioritized_arbiter_unreal1.tlsf	prioritized_arbiter_unreal1	param	exact	n,u	"{""n"": 2, ""u"": 5}"	2	2093	UNREALIZABLE	1	0.018522880971431732	UNREALIZABLE	1	0.034895846038125455	UNREALIZABLE	1	0.018522880971431732	B
prioritized_arbiter_unreal1_pb_2_6_pe_.ltl	prioritized_arbiter_unreal1_pb_2_6_pe_.tlsf	param:tlsf/prioritized_arbiter_unreal/parametric/prioritized_arbiter_unreal1.tlsf	prioritized_arbiter_unreal1	param	exact	n,u	"{""n"": 2, ""u"": 6}"	2	2093	UNREALIZABLE	1	0.017856996040791273	UNREALIZABLE	1	0.03085198102053255	UNREALIZABLE	1	0.017856996040791273	B
prioritized_arbiter_unreal1_pb_2_7_pe_.ltl	prioritized_arbiter_unreal1_pb_2_7_pe_.tlsf	param:tlsf/prioritized_arbiter_unreal/parametric/prioritized_arbiter_unreal1.tlsf	prioritized_arbiter_unreal1	param	exact	n,u	"{""n"": 2, ""u"": 7}"	2	2093	UNREALIZABLE	1	0.014261944917961955	UNREALIZABLE	1	0.036247177980840206	UNREALIZABLE	1	0.014261944917961955	B
prioritized_arbiter_unreal1_pb_2_8_pe_.ltl	prioritized_arbiter_unreal1_pb_2_8_pe_.tlsf	param:tlsf/prioritized_arbiter_unreal/parametric/prioritized_arbiter_unreal1.tlsf	prioritized_arbiter_unreal1	param	exact	n,u	"{""n"": 2, ""u"": 8}"	2	2093	UNREALIZABLE	1	0.019658487988635898	UNREALIZABLE	1	0.03396001202054322	UNREALIZABLE	1	0.019658487988635898	B
prioritized_arbiter_unreal1_pb_2_9_pe_.ltl	prioritized_arbiter_unreal1_pb_2_9_pe_.tlsf	param:tlsf/prioritized_arbiter_unreal/parametric/prioritized_arbiter_unreal1.tlsf	prioritized_arbiter_unreal1	param	exact	n,u	"{""n"": 2, ""u"": 9}"	2	2093	UNREALIZABLE	1	0.02089640498161316	UNREALIZABLE	1	0.030958697898313403	UNREALIZABLE	1	0.02089640498161316	B
prioritized_arbiter_unreal1_pb_3_10_pe_.ltl	prioritized_arbiter_unreal1_pb_3_10_pe_.tlsf	param:tlsf/prioritized_arbiter_unreal/parametric/prioritized_arbiter_unreal1.tlsf	prioritized_arbiter_unreal1	param	exact	n,u	"{""n"": 3, ""u"": 10}"	2	2094	UNREALIZABLE	1	0.017276205006055534	UNREALIZABLE	1	0.03943208197597414	UNREALIZABLE	1	0.017276205006055534	B
prioritized_arbiter_unreal1_pb_3_11_pe_.ltl	prioritized_arbiter_unreal1_pb_3_11_pe_.tlsf	param:tlsf/prioritized_arbiter_unreal/parametric/prioritized_arbiter_unreal1.tlsf	prioritized_arbiter_unreal1	param	exact	n,u	"{""n"": 3, ""u"": 11}"	2	2094	UNREALIZABLE	1	0.009842280996963382	UNREALIZABLE	1	0.0373840780230239	UNREALIZABLE	1	0.009842280996963382	B
prioritized_arbiter_unreal1_pb_3_12_pe_.ltl	prioritized_arbiter_unreal1_pb_3_12_pe_.tlsf	param:tlsf/prioritized_arbiter_unreal/parametric/prioritized_arbiter_unreal1.tlsf	prioritized_arbiter_unreal1	param	exact	n,u	"{""n"": 3, ""u"": 12}"	2	2094	UNREALIZABLE	1	0.019198019988834858	UNREALIZABLE	1	0.03544829005841166	UNREALIZABLE	1	0.019198019988834858	B
prioritized_arbiter_unreal1_pb_3_13_pe_.ltl	prioritized_arbiter_unreal1_pb_3_13_pe_.tlsf	param:tlsf/prioritized_arbiter_unreal/parametric/prioritized_arbiter_unreal1.tlsf	prioritized_arbiter_unreal1	param	exact	n,u	"{""n"": 3, ""u"": 13}"	2	2094	UNREALIZABLE	1	0.01913109398446977	UNREALIZABLE	1	0.03470558801200241	UNREALIZABLE	1	0.01913109398446977	B
prioritized_arbiter_unreal1_pb_3_14_pe_.ltl	prioritized_arbiter_unreal1_pb_3_14_pe_.tlsf	param:tlsf/prioritized_arbiter_unreal/parametric/prioritized_arbiter_unreal1.tlsf	prioritized_arbiter_unreal1	param	exact	n,u	"{""n"": 3, ""u"": 14}"	2	2094	UNREALIZABLE	1	0.0218246360309422	UNREALIZABLE	1	0.03689484600909054	UNREALIZABLE	1	0.0218246360309422	B
prioritized_arbiter_unreal1_pb_3_15_pe_.ltl	prioritized_arbiter_unreal1_pb_3_15_pe_.tlsf	param:tlsf/prioritized_arbiter_unreal/parametric/prioritized_arbiter_unreal1.tlsf	prioritized_arbiter_unreal1	param	exact	n,u	"{""n"": 3, ""u"": 15}"	2	2094	UNREALIZABLE	1	0.01417226204648614	UNREALIZABLE	1	0.04271329694893211	UNREALIZABLE	1	0.01417226204648614	B
prioritized_arbiter_unreal1_pb_3_16_pe_.ltl	prioritized_arbiter_unreal1_pb_3_16_pe_.tlsf	param:tlsf/prioritized_arbiter_unreal/parametric/prioritized_arbiter_unreal1.tlsf	prioritized_arbiter_unreal1	param	exact	n,u	"{""n"": 3, ""u"": 16}"	2	2094	UNREALIZABLE	1	0.0176162930438295	UNREALIZABLE	1	0.033518251962959766	UNREALIZABLE	1	0.0176162930438295	B
prioritized_arbiter_unreal1_pb_3_1_pe_.ltl	prioritized_arbiter_unreal1_pb_3_1_pe_.tlsf	param:tlsf/prioritized_arbiter_unreal/parametric/prioritized_arbiter_unreal1.tlsf	prioritized_arbiter_unreal1	param	exact	n,u	"{""n"": 3, ""u"": 1}"	2	2093	UNREALIZABLE	1	0.01998995302710682	UNREALIZABLE	1	0.03454413404688239	UNREALIZABLE	1	0.01998995302710682	B
prioritized_arbiter_unreal1_pb_3_2_pe_.ltl	prioritized_arbiter_unreal1_pb_3_2_pe_.tlsf	param:tlsf/prioritized_arbiter_unreal/parametric/prioritized_arbiter_unreal1.tlsf	prioritized_arbiter_unreal1	param	exact	n,u	"{""n"": 3, ""u"": 2}"	2	2093	UNREALIZABLE	1	0.034804538008756936	UNREALIZABLE	1	0.032734281034208834	UNREALIZABLE	1	0.032734281034208834	B
prioritized_arbiter_unreal1_pb_3_3_pe_.ltl	prioritized_arbiter_unreal1_pb_3_3_pe_.tlsf	param:tlsf/prioritized_arbiter_unreal/parametric/prioritized_arbiter_unreal1.tlsf	prioritized_arbiter_unreal1	param	exact	n,u	"{""n"": 3, ""u"": 3}"	2	2093	UNREALIZABLE	1	0.030861306004226208	UNREALIZABLE	1	0.03699630999471992	UNREALIZABLE	1	0.030861306004226208	B
prioritized_arbiter_unreal1_pb_3_4_pe_.ltl	prioritized_arbiter_unreal1_pb_3_4_pe_.tlsf	param:tlsf/prioritized_arbiter_unreal/parametric/prioritized_arbiter_unreal1.tlsf	prioritized_arbiter_unreal1	param	exact	n,u	"{""n"": 3, ""u"": 4}"	2	2093	UNREALIZABLE	1	0.03293464402668178	UNREALIZABLE	1	0.03580275806598365	UNREALIZABLE	1	0.03293464402668178	B
prioritized_arbiter_unreal1_pb_3_5_pe_.ltl	prioritized_arbiter_unreal1_pb_3_5_pe_.tlsf	param:tlsf/prioritized_arbiter_unreal/parametric/prioritized_arbiter_unreal1.tlsf	prioritized_arbiter_unreal1	param	exact	n,u	"{""n"": 3, ""u"": 5}"	2	2093	UNREALIZABLE	1	0.03299827501177788	UNREALIZABLE	1	0.034444924094714224	UNREALIZABLE	1	0.03299827501177788	B
prioritized_arbiter_unreal1_pb_3_6_pe_.ltl	prioritized_arbiter_unreal1_pb_3_6_pe_.tlsf	param:tlsf/prioritized_arbiter_unreal/parametric/prioritized_arbiter_unreal1.tlsf	prioritized_arbiter_unreal1	param	exact	n,u	"{""n"": 3, ""u"": 6}"	2	2093	UNREALIZABLE	1	0.03342293610330671	UNREALIZABLE	1	0.03552173695061356	UNREALIZABLE	1	0.03342293610330671	B
prioritized_arbiter_unreal1_pb_3_7_pe_.ltl	prioritized_arbiter_unreal1_pb_3_7_pe_.tlsf	param:tlsf/prioritized_arbiter_unreal/parametric/prioritized_arbiter_unreal1.tlsf	prioritized_arbiter_unreal1	param	exact	n,u	"{""n"": 3, ""u"": 7}"	2	2093	UNREALIZABLE	1	0.03894608002156019	UNREALIZABLE	1	0.03838035394437611	UNREALIZABLE	1	0.03838035394437611	B
prioritized_arbiter_unreal1_pb_3_8_pe_.ltl	prioritized_arbiter_unreal1_pb_3_8_pe_.tlsf	param:tlsf/prioritized_arbiter_unreal/parametric/prioritized_arbiter_unreal1.tlsf	prioritized_arbiter_unreal1	param	exact	n,u	"{""n"": 3, ""u"": 8}"	2	2093	UNREALIZABLE	1	0.0328802140429616	UNREALIZABLE	1	0.03513237496372312	UNREALIZABLE	1	0.0328802140429616	B
prioritized_arbiter_unreal1_pb_3_9_pe_.ltl	prioritized_arbiter_unreal1_pb_3_9_pe_.tlsf	param:tlsf/prioritized_arbiter_unreal/parametric/prioritized_arbiter_unreal1.tlsf	prioritized_arbiter_unreal1	param	exact	n,u	"{""n"": 3, ""u"": 9}"	2	2093	UNREALIZABLE	1	0.03361050796229392	UNREALIZABLE	1	0.03799136006273329	UNREALIZABLE	1	0.03361050796229392	B
prioritized_arbiter_unreal1_pb_4_10_pe_.ltl	prioritized_arbiter_unreal1_pb_4_10_pe_.tlsf	param:tlsf/prioritized_arbiter_unreal/parametric/prioritized_arbiter_unreal1.tlsf	prioritized_arbiter_unreal1	param	exact	n,u	"{""n"": 4, ""u"": 10}"	2	2094	UNREALIZABLE	1	0.036350675974972546	UNREALIZABLE	1	0.03713480103760958	UNREALIZABLE	1	0.036350675974972546	B
prioritized_arbiter_unreal1_pb_4_11_pe_.ltl	prioritized_arbiter_unreal1_pb_4_11_pe_.tlsf	param:tlsf/prioritized_arbiter_unreal/parametric/prioritized_arbiter_unreal1.tlsf	prioritized_arbiter_unreal1	param	exact	n,u	"{""n"": 4, ""u"": 11}"	2	2094	UNREALIZABLE	1	0.037115463986992836	UNREALIZABLE	1	0.040445550926961005	UNREALIZABLE	1	0.037115463986992836	B
prioritized_arbiter_unreal1_pb_4_12_pe_.ltl	prioritized_arbiter_unreal1_pb_4_12_pe_.tlsf	param:tlsf/prioritized_arbiter_unreal/parametric/prioritized_arbiter_unreal1.tlsf	prioritized_arbiter_unreal1	param	exact	n,u	"{""n"": 4, ""u"": 12}"	2	2094	UNREALIZABLE	1	0.04081308201421052	UNREALIZABLE	1	0.04325732903089374	UNREALIZABLE	1	0.04081308201421052	B
prioritized_arbiter_unreal1_pb_4_13_pe_.ltl	prioritized_arbiter_unreal1_pb_4_13_pe_.tlsf	param:tlsf/prioritized_arbiter_unreal/parametric/prioritized_arbiter_unreal1.tlsf	prioritized_arbiter_unreal1	param	exact	n,u	"{""n"": 4, ""u"": 13}"	2	2094	UNREALIZABLE	1	0.044943435001187027	UNREALIZABLE	1	0.03962791711091995	UNREALIZABLE	1	0.03962791711091995	B
prioritized_arbiter_unreal1_pb_4_14_pe_.ltl	prioritized_arbiter_unreal1_pb_4_14_pe_.tlsf	param:tlsf/prioritized_arbiter_unreal/parametric/prioritized_arbiter_unreal1.tlsf	prioritized_arbiter_unreal1	param	exact	n,u	"{""n"": 4, ""u"": 14}"	2	2094	UNREALIZABLE	1	0.03335062402766198	UNREALIZABLE	1	0.02612797392066568	UNREALIZABLE	1	0.02612797392066568	B
prioritized_arbiter_unreal1_pb_4_15_pe_.ltl	prioritized_arbiter_unreal1_pb_4_15_pe_.tlsf	param:tlsf/prioritized_arbiter_unreal/parametric/prioritized_arbiter_unreal1.tlsf	prioritized_arbiter_unreal1	param	exact	n,u	"{""n"": 4, ""u"": 15}"	2	2094	UNREALIZABLE	1	0.04299360793083906	UNREALIZABLE	1	0.034569752984680235	UNREALIZABLE	1	0.034569752984680235	B
prioritized_arbiter_unreal1_pb_4_16_pe_.ltl	prioritized_arbiter_unreal1_pb_4_16_pe_.tlsf	param:tlsf/prioritized_arbiter_unreal/parametric/prioritized_arbiter_unreal1.tlsf	prioritized_arbiter_unreal1	param	exact	n,u	"{""n"": 4, ""u"": 16}"	2	2094	UNREALIZABLE	1	0.03285458392929286	UNREALIZABLE	1	0.03931238001678139	UNREALIZABLE	1	0.03285458392929286	B
prioritized_arbiter_unreal1_pb_4_1_pe_.ltl	prioritized_arbiter_unreal1_pb_4_1_pe_.tlsf	param:tlsf/prioritized_arbiter_unreal/parametric/prioritized_arbiter_unreal1.tlsf	prioritized_arbiter_unreal1	param	exact	n,u	"{""n"": 4, ""u"": 1}"	2	2093	UNREALIZABLE	1	0.04293887200765312	UNREALIZABLE	1	0.042498272960074246	UNREALIZABLE	1	0.042498272960074246	B
prioritized_arbiter_unreal1_pb_4_2_pe_.ltl	prioritized_arbiter_unreal1_pb_4_2_pe_.tlsf	param:tlsf/prioritized_arbiter_unreal/parametric/prioritized_arbiter_unreal1.tlsf	prioritized_arbiter_unreal1	param	exact	n,u	"{""n"": 4, ""u"": 2}"	2	2093	UNREALIZABLE	1	0.031617820961400867	UNREALIZABLE	1	0.03508823795709759	UNREALIZABLE	1	0.031617820961400867	B
prioritized_arbiter_unreal1_pb_4_3_pe_.ltl	prioritized_arbiter_unreal1_pb_4_3_pe_.tlsf	param:tlsf/prioritized_arbiter_unreal/parametric/prioritized_arbiter_unreal1.tlsf	prioritized_arbiter_unreal1	param	exact	n,u	"{""n"": 4, ""u"": 3}"	2	2093	UNREALIZABLE	1	0.038345508044585586	UNREALIZABLE	1	0.02895313093904406	UNREALIZABLE	1	0.02895313093904406	B
prioritized_arbiter_unreal1_pb_4_4_pe_.ltl	prioritized_arbiter_unreal1_pb_4_4_pe_.tlsf	param:tlsf/prioritized_arbiter_unreal/parametric/prioritized_arbiter_unreal1.tlsf	prioritized_arbiter_unreal1	param	exact	n,u	"{""n"": 4, ""u"": 4}"	2	2093	UNREALIZABLE	1	0.03647520695813	UNREALIZABLE	1	0.032765298965387046	UNREALIZABLE	1	0.032765298965387046	B
prioritized_arbiter_unreal1_pb_4_5_pe_.ltl	prioritized_arbiter_unreal1_pb_4_5_pe_.tlsf	param:tlsf/prioritized_arbiter_unreal/parametric/prioritized_arbiter_unreal1.tlsf	prioritized_arbiter_unreal1	param	exact	n,u	"{""n"": 4, ""u"": 5}"	2	2093	UNREALIZABLE	1	0.035029976977966726	UNREALIZABLE	1	0.03812032600399107	UNREALIZABLE	1	0.035029976977966726	B
prioritized_arbiter_unreal1_pb_4_6_pe_.ltl	prioritized_arbiter_unreal1_pb_4_6_pe_.tlsf	param:tlsf/prioritized_arbiter_unreal/parametric/prioritized_arbiter_unreal1.tlsf	prioritized_arbiter_unreal1	param	exact	n,u	"{""n"": 4, ""u"": 6}"	2	2093	UNREALIZABLE	1	0.04006809205748141	UNREALIZABLE	1	0.036339580081403255	UNREALIZABLE	1	0.036339580081403255	B
prioritized_arbiter_unreal1_pb_4_7_pe_.ltl	prioritized_arbiter_unreal1_pb_4_7_pe_.tlsf	param:tlsf/prioritized_arbiter_unreal/parametric/prioritized_arbiter_unreal1.tlsf	prioritized_arbiter_unreal1	param	exact	n,u	"{""n"": 4, ""u"": 7}"	2	2093	UNREALIZABLE	1	0.03937839495483786	UNREALIZABLE	1	0.03683841601014137	UNREALIZABLE	1	0.03683841601014137	B
prioritized_arbiter_unreal1_pb_4_8_pe_.ltl	prioritized_arbiter_unreal1_pb_4_8_pe_.tlsf	param:tlsf/prioritized_arbiter_unreal/parametric/prioritized_arbiter_unreal1.tlsf	prioritized_arbiter_unreal1	param	exact	n,u	"{""n"": 4, ""u"": 8}"	2	2093	UNREALIZABLE	1	0.03837901307269931	UNREALIZABLE	1	0.033070706063881516	UNREALIZABLE	1	0.033070706063881516	B
prioritized_arbiter_unreal1_pb_4_9_pe_.ltl	prioritized_arbiter_unreal1_pb_4_9_pe_.tlsf	param:tlsf/prioritized_arbiter_unreal/parametric/prioritized_arbiter_unreal1.tlsf	prioritized_arbiter_unreal1	param	exact	n,u	"{""n"": 4, ""u"": 9}"	2	2093	UNREALIZABLE	1	0.033022375078871846	UNREALIZABLE	1	0.03572154906578362	UNREALIZABLE	1	0.033022375078871846	B
prioritized_arbiter_unreal1_pb_5_16_pe_.ltl	prioritized_arbiter_unreal1_pb_5_16_pe_.tlsf	param:tlsf/prioritized_arbiter_unreal/parametric/prioritized_arbiter_unreal1.tlsf	prioritized_arbiter_unreal1	param	exact	n,u	"{""n"": 5, ""u"": 16}"	2	2094	UNREALIZABLE	1	0.03653070598375052	UNREALIZABLE	1	0.04244521795772016	UNREALIZABLE	1	0.03653070598375052	B
prioritized_arbiter_unreal1_pb_5_2_pe_.ltl	prioritized_arbiter_unreal1_pb_5_2_pe_.tlsf	param:tlsf/prioritized_arbiter_unreal/parametric/prioritized_arbiter_unreal1.tlsf	prioritized_arbiter_unreal1	param	exact	n,u	"{""n"": 5, ""u"": 2}"	2	2093	UNREALIZABLE	1	0.045827168971300125	UNREALIZABLE	1	0.038303207024000585	UNREALIZABLE	1	0.038303207024000585	B
prioritized_arbiter_unreal1_pb_5_32_pe_.ltl	prioritized_arbiter_unreal1_pb_5_32_pe_.tlsf	param:tlsf/prioritized_arbiter_unreal/parametric/prioritized_arbiter_unreal1.tlsf	prioritized_arbiter_unreal1	param	exact	n,u	"{""n"": 5, ""u"": 32}"	2	2094	UNREALIZABLE	1	0.0360292709665373	UNREALIZABLE	1	0.04056544590275735	UNREALIZABLE	1	0.0360292709665373	B
prioritized_arbiter_unreal1_pb_5_4_pe_.ltl	prioritized_arbiter_unreal1_pb_5_4_pe_.tlsf	param:tlsf/prioritized_arbiter_unreal/parametric/prioritized_arbiter_unreal1.tlsf	prioritized_arbiter_unreal1	param	exact	n,u	"{""n"": 5, ""u"": 4}"	2	2093	UNREALIZABLE	1	0.03387994400691241	UNREALIZABLE	1	0.03609203908126801	UNREALIZABLE	1	0.03387994400691241	B
prioritized_arbiter_unreal1_pb_6_16_pe_.ltl	prioritized_arbiter_unreal1_pb_6_16_pe_.tlsf	param:tlsf/prioritized_arbiter_unreal/parametric/prioritized_arbiter_unreal1.tlsf	prioritized_arbiter_unreal1	param	exact	n,u	"{""n"": 6, ""u"": 16}"	2	2094	UNREALIZABLE	1	0.03907267504837364	UNREALIZABLE	1	0.04458188998978585	UNREALIZABLE	1	0.03907267504837364	B
prioritized_arbiter_unreal1_pb_6_2_pe_.ltl	prioritized_arbiter_unreal1_pb_6_2_pe_.tlsf	param:tlsf/prioritized_arbiter_unreal/parametric/prioritized_arbiter_unreal1.tlsf	prioritized_arbiter_unreal1	param	exact	n,u	"{""n"": 6, ""u"": 2}"	2	2093	UNREALIZABLE	1	0.04346678697038442	UNREALIZABLE	1	0.03589395899325609	UNREALIZABLE	1	0.03589395899325609	B
prioritized_arbiter_unreal1_pb_6_32_pe_.ltl	prioritized_arbiter_unreal1_pb_6_32_pe_.tlsf	param:tlsf/prioritized_arbiter_unreal/parametric/prioritized_arbiter_unreal1.tlsf	prioritized_arbiter_unreal1	param	exact	n,u	"{""n"": 6, ""u"": 32}"	2	2094	UNREALIZABLE	1	0.04488902701996267	UNREALIZABLE	1	0.04281140898820013	UNREALIZABLE	1	0.04281140898820013	B
prioritized_arbiter_unreal1_pb_6_4_pe_.ltl	prioritized_arbiter_unreal1_pb_6_4_pe_.tlsf	param:tlsf/prioritized_arbiter_unreal/parametric/prioritized_arbiter_unreal1.tlsf	prioritized_arbiter_unreal1	param	exact	n,u	"{""n"": 6, ""u"": 4}"	2	2093	UNREALIZABLE	1	0.03683877794537693	UNREALIZABLE	1	0.03567698202095926	UNREALIZABLE	1	0.03567698202095926	B
prioritized_arbiter_unreal2_pb_100_pe_.ltl	prioritized_arbiter_unreal2_pb_100_pe_.tlsf	param:tlsf/prioritized_arbiter_unreal/parametric/prioritized_arbiter_unreal2.tlsf	prioritized_arbiter_unreal2	param	exact	n	"{""n"": 100}"	1	2076	TIMEOUT		60.12514129502233	TIMEOUT		60.125412552966736	TIMEOUT			
prioritized_arbiter_unreal2_pb_10_pe_.ltl	prioritized_arbiter_unreal2_pb_10_pe_.tlsf	param:tlsf/prioritized_arbiter_unreal/parametric/prioritized_arbiter_unreal2.tlsf	prioritized_arbiter_unreal2	param	exact	n	"{""n"": 10}"	1	2081	UNREALIZABLE	1	0.024354749941267073	UNREALIZABLE	1	0.02162167802453041	UNREALIZABLE	1	0.02162167802453041	B
prioritized_arbiter_unreal2_pb_2_pe_.ltl	prioritized_arbiter_unreal2_pb_2_pe_.tlsf	param:tlsf/prioritized_arbiter_unreal/parametric/prioritized_arbiter_unreal2.tlsf	prioritized_arbiter_unreal2	param	exact	n	"{""n"": 2}"	1	2080	UNREALIZABLE	1	0.03490674798376858	UNREALIZABLE	1	0.026089048013091087	UNREALIZABLE	1	0.026089048013091087	B
prioritized_arbiter_unreal2_pb_30_pe_.ltl	prioritized_arbiter_unreal2_pb_30_pe_.tlsf	param:tlsf/prioritized_arbiter_unreal/parametric/prioritized_arbiter_unreal2.tlsf	prioritized_arbiter_unreal2	param	exact	n	"{""n"": 30}"	1	2081	TIMEOUT		60.17575398506597	TIMEOUT		60.160969373071566	TIMEOUT			
prioritized_arbiter_unreal2_pb_3_pe_.ltl	prioritized_arbiter_unreal2_pb_3_pe_.tlsf	param:tlsf/prioritized_arbiter_unreal/parametric/prioritized_arbiter_unreal2.tlsf	prioritized_arbiter_unreal2	param	exact	n	"{""n"": 3}"	1	2080	UNREALIZABLE	1	0.02757493790704757	UNREALIZABLE	1	0.022018124000169337	UNREALIZABLE	1	0.022018124000169337	B
prioritized_arbiter_unreal2_pb_4_pe_.ltl	prioritized_arbiter_unreal2_pb_4_pe_.tlsf	param:tlsf/prioritized_arbiter_unreal/parametric/prioritized_arbiter_unreal2.tlsf	prioritized_arbiter_unreal2	param	exact	n	"{""n"": 4}"	1	2080	UNREALIZABLE	1	0.03300940105691552	UNREALIZABLE	1	0.03184778499417007	UNREALIZABLE	1	0.03184778499417007	B
prioritized_arbiter_unreal2_pb_5_pe_.ltl	prioritized_arbiter_unreal2_pb_5_pe_.tlsf	param:tlsf/prioritized_arbiter_unreal/parametric/prioritized_arbiter_unreal2.tlsf	prioritized_arbiter_unreal2	param	exact	n	"{""n"": 5}"	1	2080	UNREALIZABLE	1	0.03388475999236107	UNREALIZABLE	1	0.034367942018434405	UNREALIZABLE	1	0.03388475999236107	B
prioritized_arbiter_unreal2_pb_60_pe_.ltl	prioritized_arbiter_unreal2_pb_60_pe_.tlsf	param:tlsf/prioritized_arbiter_unreal/parametric/prioritized_arbiter_unreal2.tlsf	prioritized_arbiter_unreal2	param	exact	n	"{""n"": 60}"	1	2075	TIMEOUT		60.176225214032456	TIMEOUT		60.100238787941635	TIMEOUT			
prioritized_arbiter_unreal2_pb_6_pe_.ltl	prioritized_arbiter_unreal2_pb_6_pe_.tlsf	param:tlsf/prioritized_arbiter_unreal/parametric/prioritized_arbiter_unreal2.tlsf	prioritized_arbiter_unreal2	param	exact	n	"{""n"": 6}"	1	2080	UNREALIZABLE	1	0.02322781994007528	UNREALIZABLE	1	0.024564045015722513	UNREALIZABLE	1	0.02322781994007528	B
prioritized_arbiter_unreal2_pb_7_pe_.ltl	prioritized_arbiter_unreal2_pb_7_pe_.tlsf	param:tlsf/prioritized_arbiter_unreal/parametric/prioritized_arbiter_unreal2.tlsf	prioritized_arbiter_unreal2	param	exact	n	"{""n"": 7}"	1	2080	UNREALIZABLE	1	0.03095196606591344	UNREALIZABLE	1	0.028727311990223825	UNREALIZABLE	1	0.028727311990223825	B
prioritized_arbiter_unreal2_pb_8_pe_.ltl	prioritized_arbiter_unreal2_pb_8_pe_.tlsf	param:tlsf/prioritized_arbiter_unreal/parametric/prioritized_arbiter_unreal2.tlsf	prioritized_arbiter_unreal2	param	exact	n	"{""n"": 8}"	1	2080	UNREALIZABLE	1	0.036508530960418284	UNREALIZABLE	1	0.042397420038469136	UNREALIZABLE	1	0.036508530960418284	B
robot_grid_pb_2_2_pe_.ltl	robot_grid_pb_2_2_pe_.tlsf	param:tlsf/robot_grid/parametric/robot_grid.tlsf	robot_grid	param	exact	xN,yN	"{""xN"": 2, ""yN"": 2}"	2	5799	REALIZABLE	1	0.2630485170520842	REALIZABLE	1	0.028204491012729704	REALIZABLE	1	0.028204491012729704	B
robot_grid_pb_3_3_pe_.ltl	robot_grid_pb_3_3_pe_.tlsf	param:tlsf/robot_grid/parametric/robot_grid.tlsf	robot_grid	param	exact	xN,yN	"{""xN"": 3, ""yN"": 3}"	2	5795	TIMEOUT		60.07620265102014	TIMEOUT		60.05002984206658	TIMEOUT			
robot_grid_pb_4_4_pe_.ltl	robot_grid_pb_4_4_pe_.tlsf	param:tlsf/robot_grid/parametric/robot_grid.tlsf	robot_grid	param	exact	xN,yN	"{""xN"": 4, ""yN"": 4}"	2	5800	TIMEOUT		60.046606213087216	TIMEOUT		60.12490820209496	TIMEOUT			
robot_grid_pb_5_1_pe_.ltl	robot_grid_pb_5_1_pe_.tlsf	param:tlsf/robot_grid/parametric/robot_grid.tlsf	robot_grid	param	exact	xN,yN	"{""xN"": 5, ""yN"": 1}"	2	5799	TIMEOUT		60.09261035500094	REALIZABLE	1	0.06563924893271178	REALIZABLE	1	0.06563924893271178	S
robot_grid_pb_5_5_pe_.ltl	robot_grid_pb_5_5_pe_.tlsf	param:tlsf/robot_grid/parametric/robot_grid.tlsf	robot_grid	param	exact	xN,yN	"{""xN"": 5, ""yN"": 5}"	2	5795	TIMEOUT		60.17471652699169	TIMEOUT		60.15614194807131	TIMEOUT			
robot_grid_pb_6_1_pe_.ltl	robot_grid_pb_6_1_pe_.tlsf	param:tlsf/robot_grid/parametric/robot_grid.tlsf	robot_grid	param	exact	xN,yN	"{""xN"": 6, ""yN"": 1}"	2	5799	TIMEOUT		60.1077722000191	TIMEOUT		60.10985163098667	TIMEOUT			
robot_grid_pb_6_6_pe_.ltl	robot_grid_pb_6_6_pe_.tlsf	param:tlsf/robot_grid/parametric/robot_grid.tlsf	robot_grid	param	exact	xN,yN	"{""xN"": 6, ""yN"": 6}"	2	5795	TIMEOUT		60.32518997695297	TIMEOUT		60.325553225004114	TIMEOUT			
robot_grid_pb_7_7_pe_.ltl	robot_grid_pb_7_7_pe_.tlsf	param:tlsf/robot_grid/parametric/robot_grid.tlsf	robot_grid	param	exact	xN,yN	"{""xN"": 7, ""yN"": 7}"	2	5795	MEMOUT		10.355577604030259	MEMOUT		10.40049213799648	MEMOUT			
robot_grid_pb_8_8_pe_.ltl	robot_grid_pb_8_8_pe_.tlsf	param:tlsf/robot_grid/parametric/robot_grid.tlsf	robot_grid	param	exact	xN,yN	"{""xN"": 8, ""yN"": 8}"	2	5795	MEMOUT		13.014691498014145	MEMOUT		12.98694695206359	MEMOUT			
round_robin_arbiter_pb_10_pe_.ltl	round_robin_arbiter_pb_10_pe_.tlsf	param:tlsf/round_robin_arbiter/parametric/round_robin_arbiter.tlsf	round_robin_arbiter	param	exact	n	"{""n"": 10}"	1	1746	TIMEOUT		60.12523612007499	TIMEOUT		60.12510189705063	TIMEOUT			
round_robin_arbiter_pb_2_pe_.ltl	round_robin_arbiter_pb_2_pe_.tlsf	param:tlsf/round_robin_arbiter/parametric/round_robin_arbiter.tlsf	round_robin_arbiter	param	exact	n	"{""n"": 2}"	1	1748	REALIZABLE	1	0.01861036801710725	REALIZABLE	1	0.020796099095605314	REALIZABLE	1	0.01861036801710725	B
round_robin_arbiter_pb_3_pe_.ltl	round_robin_arbiter_pb_3_pe_.tlsf	param:tlsf/round_robin_arbiter/parametric/round_robin_arbiter.tlsf	round_robin_arbiter	param	exact	n	"{""n"": 3}"	1	1749	REALIZABLE	1	0.02696690906304866	REALIZABLE	1	0.036967741907574236	REALIZABLE	1	0.02696690906304866	B
round_robin_arbiter_pb_4_pe_.ltl	round_robin_arbiter_pb_4_pe_.tlsf	param:tlsf/round_robin_arbiter/parametric/round_robin_arbiter.tlsf	round_robin_arbiter	param	exact	n	"{""n"": 4}"	1	1749	REALIZABLE	17	11.934031718992628	REALIZABLE	17	11.729962211102247	REALIZABLE	17	11.729962211102247	B
round_robin_arbiter_pb_5_pe_.ltl	round_robin_arbiter_pb_5_pe_.tlsf	param:tlsf/round_robin_arbiter/parametric/round_robin_arbiter.tlsf	round_robin_arbiter	param	exact	n	"{""n"": 5}"	1	1750	TIMEOUT		60.09283024107572	TIMEOUT		60.09297293506097	TIMEOUT			
round_robin_arbiter_pb_6_pe_.ltl	round_robin_arbiter_pb_6_pe_.tlsf	param:tlsf/round_robin_arbiter/parametric/round_robin_arbiter.tlsf	round_robin_arbiter	param	exact	n	"{""n"": 6}"	1	1750	TIMEOUT		60.17488754901569	TIMEOUT		60.17525906499941	TIMEOUT			
round_robin_arbiter_pb_7_pe_.ltl	round_robin_arbiter_pb_7_pe_.tlsf	param:tlsf/round_robin_arbiter/parametric/round_robin_arbiter.tlsf	round_robin_arbiter	param	exact	n	"{""n"": 7}"	1	1750	TIMEOUT		60.22525073599536	TIMEOUT		60.18148111796472	TIMEOUT			
round_robin_arbiter_pb_8_pe_.ltl	round_robin_arbiter_pb_8_pe_.tlsf	param:tlsf/round_robin_arbiter/parametric/round_robin_arbiter.tlsf	round_robin_arbiter	param	exact	n	"{""n"": 8}"	1	1745	TIMEOUT		60.1245332530234	TIMEOUT		60.12455080496147	TIMEOUT			
round_robin_arbiter_unreal1_pb_2_10_pe_.ltl	round_robin_arbiter_unreal1_pb_2_10_pe_.tlsf	param:tlsf/round_robin_arbiter_unreal/parametric/round_robin_arbiter_unreal1.tlsf	round_robin_arbiter_unreal1	param	exact	n,u	"{""n"": 2, ""u"": 10}"	2	1990	UNREALIZABLE	1	0.0486731540877372	UNREALIZABLE	1	0.04547470202669501	UNREALIZABLE	1	0.04547470202669501	B
round_robin_arbiter_unreal1_pb_2_11_pe_.ltl	round_robin_arbiter_unreal1_pb_2_11_pe_.tlsf	param:tlsf/round_robin_arbiter_unreal/parametric/round_robin_arbiter_unreal1.tlsf	round_robin_arbiter_unreal1	param	exact	n,u	"{""n"": 2, ""u"": 11}"	2	1990	UNREALIZABLE	1	0.077230688999407	UNREALIZABLE	1	0.08026575099211186	UNREALIZABLE	1	0.077230688999407	B
round_robin_arbiter_unreal1_pb_2_12_pe_.ltl	round_robin_arbiter_unreal1_pb_2_12_pe_.tlsf	param:tlsf/round_robin_arbiter_unreal/parametric/round_robin_arbiter_unreal1.tlsf	round_robin_arbiter_unreal1	param	exact	n,u	"{""n"": 2, ""u"": 12}"	2	1990	UNREALIZABLE	1	0.12732653797138482	UNREALIZABLE	1	0.13138696900568902	UNREALIZABLE	1	0.12732653797138482	B
round_robin_arbiter_unreal1_pb_2_13_pe_.ltl	round_robin_arbiter_unreal1_pb_2_13_pe_.tlsf	param:tlsf/round_robin_arbiter_unreal/parametric/round_robin_arbiter_unreal1.tlsf	round_robin_arbiter_unreal1	param	exact	n,u	"{""n"": 2, ""u"": 13}"	2	1990	UNREALIZABLE	1	0.25135781697463244	UNREALIZABLE	1	0.2735493950312957	UNREALIZABLE	1	0.25135781697463244	B
round_robin_arbiter_unreal1_pb_2_14_pe_.ltl	round_robin_arbiter_unreal1_pb_2_14_pe_.tlsf	param:tlsf/round_robin_arbiter_unreal/parametric/round_robin_arbiter_unreal1.tlsf	round_robin_arbiter_unreal1	param	exact	n,u	"{""n"": 2, ""u"": 14}"	2	1990	UNREALIZABLE	1	0.5421257239067927	UNREALIZABLE	1	0.5869607029017061	UNREALIZABLE	1	0.5421257239067927	B
round_robin_arbiter_unreal1_pb_2_15_pe_.ltl	round_robin_arbiter_unreal1_pb_2_15_pe_.tlsf	param:tlsf/round_robin_arbiter_unreal/parametric/round_robin_arbiter_unreal1.tlsf	round_robin_arbiter_unreal1	param	exact	n,u	"{""n"": 2, ""u"": 15}"	2	1990	UNREALIZABLE	5	1.3214697759831324	UNREALIZABLE	5	1.1932140049757436	UNREALIZABLE	5	1.1932140049757436	B
round_robin_arbiter_unreal1_pb_2_16_pe_.ltl	round_robin_arbiter_unreal1_pb_2_16_pe_.tlsf	param:tlsf/round_robin_arbiter_unreal/parametric/round_robin_arbiter_unreal1.tlsf	round_robin_arbiter_unreal1	param	exact	n,u	"{""n"": 2, ""u"": 16}"	2	1990	UNREALIZABLE	5	2.6423640019493178	UNREALIZABLE	5	2.529041346977465	UNREALIZABLE	5	2.529041346977465	B
round_robin_arbiter_unreal1_pb_2_1_pe_.ltl	round_robin_arbiter_unreal1_pb_2_1_pe_.tlsf	param:tlsf/round_robin_arbiter_unreal/parametric/round_robin_arbiter_unreal1.tlsf	round_robin_arbiter_unreal1	param	exact	n,u	"{""n"": 2, ""u"": 1}"	2	1989	UNREALIZABLE	1	0.03011889790650457	UNREALIZABLE	1	0.01783976296428591	UNREALIZABLE	1	0.01783976296428591	B
round_robin_arbiter_unreal1_pb_2_2_pe_.ltl	round_robin_arbiter_unreal1_pb_2_2_pe_.tlsf	param:tlsf/round_robin_arbiter_unreal/parametric/round_robin_arbiter_unreal1.tlsf	round_robin_arbiter_unreal1	param	exact	n,u	"{""n"": 2, ""u"": 2}"	2	1989	UNREALIZABLE	1	0.029884682036936283	UNREALIZABLE	1	0.017847027978859842	UNREALIZABLE	1	0.017847027978859842	B
round_robin_arbiter_unreal1_pb_2_3_pe_.ltl	round_robin_arbiter_unreal1_pb_2_3_pe_.tlsf	param:tlsf/round_robin_arbiter_unreal/parametric/round_robin_arbiter_unreal1.tlsf	round_robin_arbiter_unreal1	param	exact	n,u	"{""n"": 2, ""u"": 3}"	2	1989	UNREALIZABLE	1	0.03393058700021356	UNREALIZABLE	1	0.024020937969908118	UNREALIZABLE	1	0.024020937969908118	B
round_robin_arbiter_unreal1_pb_2_4_pe_.ltl	round_robin_arbiter_unreal1_pb_2_4_pe_.tlsf	param:tlsf/round_robin_arbiter_unreal/parametric/round_robin_arbiter_unreal1.tlsf	round_robin_arbiter_unreal1	param	exact	n,u	"{""n"": 2, ""u"": 4}"	2	1989	UNREALIZABLE	1	0.03710262605454773	UNREALIZABLE	1	0.01907587901223451	UNREALIZABLE	1	0.01907587901223451	B
round_robin_arbiter_unreal1_pb_2_5_pe_.ltl	round_robin_arbiter_unreal1_pb_2_5_pe_.tlsf	param:tlsf/round_robin_arbiter_unreal/parametric/round_robin_arbiter_unreal1.tlsf	round_robin_arbiter_unreal1	param	exact	n,u	"{""n"": 2, ""u"": 5}"	2	1989	UNREALIZABLE	1	0.044228994054719806	UNREALIZABLE	1	0.01722555502783507	UNREALIZABLE	1	0.01722555502783507	B
round_robin_arbiter_unreal1_pb_2_6_pe_.ltl	round_robin_arbiter_unreal1_pb_2_6_pe_.tlsf	param:tlsf/round_robin_arbiter_unreal/parametric/round_robin_arbiter_unreal1.tlsf	round_robin_arbiter_unreal1	param	exact	n,u	"{""n"": 2, ""u"": 6}"	2	1989	UNREALIZABLE	1	0.040049884002655745	UNREALIZABLE	1	0.036388717009685934	UNREALIZABLE	1	0.036388717009685934	B
round_robin_arbiter_unreal1_pb_2_7_pe_.ltl	round_robin_arbiter_unreal1_pb_2_7_pe_.tlsf	param:tlsf/round_robin_arbiter_unreal/parametric/round_robin_arbiter_unreal1.tlsf	round_robin_arbiter_unreal1	param	exact	n,u	"{""n"": 2, ""u"": 7}"	2	1989	UNREALIZABLE	1	0.0414509839611128	UNREALIZABLE	1	0.03673599008470774	UNREALIZABLE	1	0.03673599008470774	B
round_robin_arbiter_unreal1_pb_2_8_pe_.ltl	round_robin_arbiter_unreal1_pb_2_8_pe_.tlsf	param:tlsf/round_robin_arbiter_unreal/parametric/round_robin_arbiter_unreal1.tlsf	round_robin_arbiter_unreal1	param	exact	n,u	"{""n"": 2, ""u"": 8}"	2	1989	UNREALIZABLE	1	0.04596871801186353	UNREALIZABLE	1	0.04073487501591444	UNREALIZABLE	1	0.04073487501591444	B
round_robin_arbiter_unreal1_pb_2_9_pe_.ltl	round_robin_arbiter_unreal1_pb_2_9_pe_.tlsf	param:tlsf/round_robin_arbiter_unreal/parametric/round_robin_arbiter_unreal1.tlsf	round_robin_arbiter_unreal1	param	exact	n,u	"{""n"": 2, ""u"": 9}"	2	1989	UNREALIZABLE	1	0.04020173498429358	UNREALIZABLE	1	0.040612641954794526	UNREALIZABLE	1	0.04020173498429358	B
round_robin_arbiter_unreal1_pb_3_10_pe_.ltl	round_robin_arbiter_unreal1_pb_3_10_pe_.tlsf	param:tlsf/round_robin_arbiter_unreal/parametric/round_robin_arbiter_unreal1.tlsf	round_robin_arbiter_unreal1	param	exact	n,u	"{""n"": 3, ""u"": 10}"	2	1990	TIMEOUT		60.1668390390696	TIMEOUT		60.17261079605669	TIMEOUT			
round_robin_arbiter_unreal1_pb_3_11_pe_.ltl	round_robin_arbiter_unreal1_pb_3_11_pe_.tlsf	param:tlsf/round_robin_arbiter_unreal/parametric/round_robin_arbiter_unreal1.tlsf	round_robin_arbiter_unreal1	param	exact	n,u	"{""n"": 3, ""u"": 11}"	2	1990	TIMEOUT		60.176133548957296	TIMEOUT		60.17589843599126	TIMEOUT			
round_robin_arbiter_unreal1_pb_3_12_pe_.ltl	round_robin_arbiter_unreal1_pb_3_12_pe_.tlsf	param:tlsf/round_robin_arbiter_unreal/parametric/round_robin_arbiter_unreal1.tlsf	round_robin_arbiter_unreal1	param	exact	n,u	"{""n"": 3, ""u"": 12}"	2	1990	TIMEOUT		60.175760013982654	TIMEOUT		60.17516708699986	TIMEOUT			
round_robin_arbiter_unreal1_pb_3_13_pe_.ltl	round_robin_arbiter_unreal1_pb_3_13_pe_.tlsf	param:tlsf/round_robin_arbiter_unreal/parametric/round_robin_arbiter_unreal1.tlsf	round_robin_arbiter_unreal1	param	exact	n,u	"{""n"": 3, ""u"": 13}"	2	1990	TIMEOUT		60.159893362084404	TIMEOUT		60.17640063795261	TIMEOUT			
round_robin_arbiter_unreal1_pb_3_14_pe_.ltl	round_robin_arbiter_unreal1_pb_3_14_pe_.tlsf	param:tlsf/round_robin_arbiter_unreal/parametric/round_robin_arbiter_unreal1.tlsf	round_robin_arbiter_unreal1	param	exact	n,u	"{""n"": 3, ""u"": 14}"	2	1990	TIMEOUT		60.17580926301889	TIMEOUT		60.17635307100136	TIMEOUT			
round_robin_arbiter_unreal1_pb_3_15_pe_.ltl	round_robin_arbiter_unreal1_pb_3_15_pe_.tlsf	param:tlsf/round_robin_arbiter_unreal/parametric/round_robin_arbiter_unreal1.tlsf	round_robin_arbiter_unreal1	param	exact	n,u	"{""n"": 3, ""u"": 15}"	2	1990	TIMEOUT		60.17588300793432	TIMEOUT		60.17607628600672	TIMEOUT			
round_robin_arbiter_unreal1_pb_3_16_pe_.ltl	round_robin_arbiter_unreal1_pb_3_16_pe_.tlsf	param:tlsf/round_robin_arbiter_unreal/parametric/round_robin_arbiter_unreal1.tlsf	round_robin_arbiter_unreal1	param	exact	n,u	"{""n"": 3, ""u"": 16}"	2	1990	TIMEOUT		60.156766492989846	TIMEOUT		60.17501520900987	TIMEOUT			
round_robin_arbiter_unreal1_pb_3_1_pe_.ltl	round_robin_arbiter_unreal1_pb_3_1_pe_.tlsf	param:tlsf/round_robin_arbiter_unreal/parametric/round_robin_arbiter_unreal1.tlsf	round_robin_arbiter_unreal1	param	exact	n,u	"{""n"": 3, ""u"": 1}"	2	1989	UNREALIZABLE	1	0.02280015603173524	UNREALIZABLE	1	0.021947955014184117	UNREALIZABLE	1	0.021947955014184117	B
round_robin_arbiter_unreal1_pb_3_20_pe_.ltl	round_robin_arbiter_unreal1_pb_3_20_pe_.tlsf	param:tlsf/round_robin_arbiter_unreal/parametric/round_robin_arbiter_unreal1.tlsf	round_robin_arbiter_unreal1	param	exact	n,u	"{""n"": 3, ""u"": 20}"	2	1990	TIMEOUT		60.175295313005336	TIMEOUT		60.17428929696325	TIMEOUT			
round_robin_arbiter_unreal1_pb_3_22_pe_.ltl	round_robin_arbiter_unreal1_pb_3_22_pe_.tlsf	param:tlsf/round_robin_arbiter_unreal/parametric/round_robin_arbiter_unreal1.tlsf	round_robin_arbiter_unreal1	param	exact	n,u	"{""n"": 3, ""u"": 22}"	2	1990	TIMEOUT		60.17614944500383	TIMEOUT		60.17522633296903	TIMEOUT			
round_robin_arbiter_unreal1_pb_3_2_pe_.ltl	round_robin_arbiter_unreal1_pb_3_2_pe_.tlsf	param:tlsf/round_robin_arbiter_unreal/parametric/round_robin_arbiter_unreal1.tlsf	round_robin_arbiter_unreal1	param	exact	n,u	"{""n"": 3, ""u"": 2}"	2	1989	UNREALIZABLE	1	0.026075285975821316	UNREALIZABLE	1	0.023032751050777733	UNREALIZABLE	1	0.023032751050777733	B
round_robin_arbiter_unreal1_pb_3_3_pe_.ltl	round_robin_arbiter_unreal1_pb_3_3_pe_.tlsf	param:tlsf/round_robin_arbiter_unreal/parametric/round_robin_arbiter_unreal1.tlsf	round_robin_arbiter_unreal1	param	exact	n,u	"{""n"": 3, ""u"": 3}"	2	1989	UNREALIZABLE	1	0.03151363704819232	UNREALIZABLE	1	0.030546221998520195	UNREALIZABLE	1	0.030546221998520195	B
round_robin_arbiter_unreal1_pb_3_4_pe_.ltl	round_robin_arbiter_unreal1_pb_3_4_pe_.tlsf	param:tlsf/round_robin_arbiter_unreal/parametric/round_robin_arbiter_unreal1.tlsf	round_robin_arbiter_unreal1	param	exact	n,u	"{""n"": 3, ""u"": 4}"	2	1989	UNREALIZABLE	1	0.04883793194312602	UNREALIZABLE	1	0.058690001955255866	UNREALIZABLE	1	0.04883793194312602	B
round_robin_arbiter_unreal1_pb_3_50_pe_.ltl	round_robin_arbiter_unreal1_pb_3_50_pe_.tlsf	param:tlsf/round_robin_arbiter_unreal/parametric/round_robin_arbiter_unreal1.tlsf	round_robin_arbiter_unreal1	param	exact	n,u	"{""n"": 3, ""u"": 50}"	2	1984	TIMEOUT		60.176058596000075	TIMEOUT		60.17497368599288	TIMEOUT			
round_robin_arbiter_unreal1_pb_3_5_pe_.ltl	round_robin_arbiter_unreal1_pb_3_5_pe_.tlsf	param:tlsf/round_robin_arbiter_unreal/parametric/round_robin_arbiter_unreal1.tlsf	round_robin_arbiter_unreal1	param	exact	n,u	"{""n"": 3, ""u"": 5}"	2	1989	UNREALIZABLE	1	0.16777782002463937	UNREALIZABLE	1	0.15573312004562467	UNREALIZABLE	1	0.15573312004562467	B
round_robin_arbiter_unreal1_pb_3_6_pe_.ltl	round_robin_arbiter_unreal1_pb_3_6_pe_.tlsf	param:tlsf/round_robin_arbiter_unreal/parametric/round_robin_arbiter_unreal1.tlsf	round_robin_arbiter_unreal1	param	exact	n,u	"{""n"": 3, ""u"": 6}"	2	1989	UNREALIZABLE	5	1.0314621350262314	UNREALIZABLE	1	0.9435929029714316	UNREALIZABLE	1	0.9435929029714316	S
round_robin_arbiter_unreal1_pb_3_7_pe_.ltl	round_robin_arbiter_unreal1_pb_3_7_pe_.tlsf	param:tlsf/round_robin_arbiter_unreal/parametric/round_robin_arbiter_unreal1.tlsf	round_robin_arbiter_unreal1	param	exact	n,u	"{""n"": 3, ""u"": 7}"	2	1989	UNREALIZABLE	17	7.053528387914412	UNREALIZABLE	17	6.910148633061908	UNREALIZABLE	17	6.910148633061908	B
round_robin_arbiter_unreal1_pb_3_8_pe_.ltl	round_robin_arbiter_unreal1_pb_3_8_pe_.tlsf	param:tlsf/round_robin_arbiter_unreal/parametric/round_robin_arbiter_unreal1.tlsf	round_robin_arbiter_unreal1	param	exact	n,u	"{""n"": 3, ""u"": 8}"	2	1989	UNREALIZABLE	60	57.61703180603217	UNREALIZABLE	60	58.67042807198595	UNREALIZABLE	60	57.61703180603217	B
round_robin_arbiter_unreal1_pb_3_9_pe_.ltl	round_robin_arbiter_unreal1_pb_3_9_pe_.tlsf	param:tlsf/round_robin_arbiter_unreal/parametric/round_robin_arbiter_unreal1.tlsf	round_robin_arbiter_unreal1	param	exact	n,u	"{""n"": 3, ""u"": 9}"	2	1989	TIMEOUT		60.17459331499413	TIMEOUT		60.175578636000864	TIMEOUT			
round_robin_arbiter_unreal1_pb_4_10_pe_.ltl	round_robin_arbiter_unreal1_pb_4_10_pe_.tlsf	param:tlsf/round_robin_arbiter_unreal/parametric/round_robin_arbiter_unreal1.tlsf	round_robin_arbiter_unreal1	param	exact	n,u	"{""n"": 4, ""u"": 10}"	2	1984	TIMEOUT		60.175833293935284	TIMEOUT		60.121194532956	TIMEOUT			
round_robin_arbiter_unreal1_pb_4_11_pe_.ltl	round_robin_arbiter_unreal1_pb_4_11_pe_.tlsf	param:tlsf/round_robin_arbiter_unreal/parametric/round_robin_arbiter_unreal1.tlsf	round_robin_arbiter_unreal1	param	exact	n,u	"{""n"": 4, ""u"": 11}"	2	1984	TIMEOUT		60.12517889600713	TIMEOUT		60.125946765067056	TIMEOUT			
round_robin_arbiter_unreal1_pb_4_12_pe_.ltl	round_robin_arbiter_unreal1_pb_4_12_pe_.tlsf	param:tlsf/round_robin_arbiter_unreal/parametric/round_robin_arbiter_unreal1.tlsf	round_robin_arbiter_unreal1	param	exact	n,u	"{""n"": 4, ""u"": 12}"	2	1984	TIMEOUT		60.12539182801265	TIMEOUT		60.17581951804459	TIMEOUT			
round_robin_arbiter_unreal1_pb_4_13_pe_.ltl	round_robin_arbiter_unreal1_pb_4_13_pe_.tlsf	param:tlsf/round_robin_arbiter_unreal/parametric/round_robin_arbiter_unreal1.tlsf	round_robin_arbiter_unreal1	param	exact	n,u	"{""n"": 4, ""u"": 13}"	2	1984	TIMEOUT		60.17529519600794	TIMEOUT		60.177194064017385	TIMEOUT			
round_robin_arbiter_unreal1_pb_4_14_pe_.ltl	round_robin_arbiter_unreal1_pb_4_14_pe_.tlsf	param:tlsf/round_robin_arbiter_unreal/parametric/round_robin_arbiter_unreal1.tlsf	round_robin_arbiter_unreal1	param	exact	n,u	"{""n"": 4, ""u"": 14}"	2	1984	TIMEOUT		60.124569626990706	TIMEOUT		60.12470933003351	TIMEOUT			
round_robin_arbiter_unreal1_pb_4_15_pe_.ltl	round_robin_arbiter_unreal1_pb_4_15_pe_.tlsf	param:tlsf/round_robin_arbiter_unreal/parametric/round_robin_arbiter_unreal1.tlsf	round_robin_arbiter_unreal1	param	exact	n,u	"{""n"": 4, ""u"": 15}"	2	1984	TIMEOUT		60.12527004594449	TIMEOUT		60.17562536802143	TIMEOUT			
round_robin_arbiter_unreal1_pb_4_1_pe_.ltl	round_robin_arbiter_unreal1_pb_4_1_pe_.tlsf	param:tlsf/round_robin_arbiter_unreal/parametric/round_robin_arbiter_unreal1.tlsf	round_robin_arbiter_unreal1	param	exact	n,u	"{""n"": 4, ""u"": 1}"	2	1989	UNREALIZABLE	1	0.04718689597211778	UNREALIZABLE	1	0.04341412999201566	UNREALIZABLE	1	0.04341412999201566	B
round_robin_arbiter_unreal1_pb_4_2_pe_.ltl	round_robin_arbiter_unreal1_pb_4_2_pe_.tlsf	param:tlsf/round_robin_arbiter_unreal/parametric/round_robin_arbiter_unreal1.tlsf	round_robin_arbiter_unreal1	param	exact	n,u	"{""n"": 4, ""u"": 2}"	2	1989	UNREALIZABLE	1	0.09138111502397805	UNREALIZABLE	1	0.08112482691649348	UNREALIZABLE	1	0.08112482691649348	B
round_robin_arbiter_unreal1_pb_4_3_pe_.ltl	round_robin_arbiter_unreal1_pb_4_3_pe_.tlsf	param:tlsf/round_robin_arbiter_unreal/parametric/round_robin_arbiter_unreal1.tlsf	round_robin_arbiter_unreal1	param	exact	n,u	"{""n"": 4, ""u"": 3}"	2	1989	UNREALIZABLE	1	0.16208701708819717	UNREALIZABLE	1	0.16300211299676448	UNREALIZABLE	1	0.16208701708819717	B
round_robin_arbiter_unreal1_pb_4_4_pe_.ltl	round_robin_arbiter_unreal1_pb_4_4_pe_.tlsf	param:tlsf/round_robin_arbiter_unreal/parametric/round_robin_arbiter_unreal1.tlsf	round_robin_arbiter_unreal1	param	exact	n,u	"{""n"": 4, ""u"": 4}"	2	1989	UNREALIZABLE	5	1.7504343750188127	UNREALIZABLE	5	1.5873211339348927	UNREALIZABLE	5	1.5873211339348927	B
round_robin_arbiter_unreal1_pb_4_5_pe_.ltl	round_robin_arbiter_unreal1_pb_4_5_pe_.tlsf	param:tlsf/round_robin_arbiter_unreal/parametric/round_robin_arbiter_unreal1.tlsf	round_robin_arbiter_unreal1	param	exact	n,u	"{""n"": 4, ""u"": 5}"	2	1989	UNREALIZABLE	60	35.745270455954596	UNREALIZABLE	60	36.80383361596614	UNREALIZABLE	60	35.745270455954596	B
round_robin_arbiter_unreal1_pb_4_6_pe_.ltl	round_robin_arbiter_unreal1_pb_4_6_pe_.tlsf	param:tlsf/round_robin_arbiter_unreal/parametric/round_robin_arbiter_unreal1.tlsf	round_robin_arbiter_unreal1	param	exact	n,u	"{""n"": 4, ""u"": 6}"	2	1989	TIMEOUT		60.1251561450772	TIMEOUT		60.06898065295536	TIMEOUT			
round_robin_arbiter_unreal1_pb_4_7_pe_.ltl	round_robin_arbiter_unreal1_pb_4_7_pe_.tlsf	param:tlsf/round_robin_arbiter_unreal/parametric/round_robin_arbiter_unreal1.tlsf	round_robin_arbiter_unreal1	param	exact	n,u	"{""n"": 4, ""u"": 7}"	2	1989	TIMEOUT		60.17591121699661	TIMEOUT		60.124903207062744	TIMEOUT			
round_robin_arbiter_unreal1_pb_4_8_pe_.ltl	round_robin_arbiter_unreal1_pb_4_8_pe_.tlsf	param:tlsf/round_robin_arbiter_unreal/parametric/round_robin_arbiter_unreal1.tlsf	round_robin_arbiter_unreal1	param	exact	n,u	"{""n"": 4, ""u"": 8}"	2	1983	TIMEOUT		60.12484294897877	TIMEOUT		60.07472981198225	TIMEOUT			
round_robin_arbiter_unreal1_pb_4_9_pe_.ltl	round_robin_arbiter_unreal1_pb_4_9_pe_.tlsf	param:tlsf/round_robin_arbiter_unreal/parametric/round_robin_arbiter_unreal1.tlsf	round_robin_arbiter_unreal1	param	exact	n,u	"{""n"": 4, ""u"": 9}"	2	1983	TIMEOUT		60.124361636000685	TIMEOUT		60.12401507294271	TIMEOUT			
round_robin_arbiter_unreal2_pb_2_pe_.ltl	round_robin_arbiter_unreal2_pb_2_pe_.tlsf	param:tlsf/round_robin_arbiter_unreal/parametric/round_robin_arbiter_unreal2.tlsf	round_robin_arbiter_unreal2	param	exact	n	"{""n"": 2}"	1	1976	UNREALIZABLE	1	0.025047710980288684	UNREALIZABLE	1	0.02120721200481057	UNREALIZABLE	1	0.02120721200481057	B
round_robin_arbiter_unreal2_pb_3_pe_.ltl	round_robin_arbiter_unreal2_pb_3_pe_.tlsf	param:tlsf/round_robin_arbiter_unreal/parametric/round_robin_arbiter_unreal2.tlsf	round_robin_arbiter_unreal2	param	exact	n	"{""n"": 3}"	1	1976	UNREALIZABLE	1	0.03529042995069176	UNREALIZABLE	1	0.03574679302982986	UNREALIZABLE	1	0.03529042995069176	B
round_robin_arbiter_unreal2_pb_4_pe_.ltl	round_robin_arbiter_unreal2_pb_4_pe_.tlsf	param:tlsf/round_robin_arbiter_unreal/parametric/round_robin_arbiter_unreal2.tlsf	round_robin_arbiter_unreal2	param	exact	n	"{""n"": 4}"	1	1976	UNREALIZABLE	1	0.460778112988919	UNREALIZABLE	1	0.4689615630777553	UNREALIZABLE	1	0.460778112988919	B
round_robin_arbiter_unreal2_pb_5_pe_.ltl	round_robin_arbiter_unreal2_pb_5_pe_.tlsf	param:tlsf/round_robin_arbiter_unreal/parametric/round_robin_arbiter_unreal2.tlsf	round_robin_arbiter_unreal2	param	exact	n	"{""n"": 5}"	1	1976	TIMEOUT		60.12432484305464	TIMEOUT		60.12360445293598	TIMEOUT			
round_robin_arbiter_unreal2_pb_6_pe_.ltl	round_robin_arbiter_unreal2_pb_6_pe_.tlsf	param:tlsf/round_robin_arbiter_unreal/parametric/round_robin_arbiter_unreal2.tlsf	round_robin_arbiter_unreal2	param	exact	n	"{""n"": 6}"	1	1970	TIMEOUT		60.174380252021365	TIMEOUT		60.22542770789005	TIMEOUT			
round_robin_arbiter_unreal2_pb_7_pe_.ltl	round_robin_arbiter_unreal2_pb_7_pe_.tlsf	param:tlsf/round_robin_arbiter_unreal/parametric/round_robin_arbiter_unreal2.tlsf	round_robin_arbiter_unreal2	param	exact	n	"{""n"": 7}"	1	1970	TIMEOUT		60.12391376297455	TIMEOUT		60.106018290971406	TIMEOUT			
shift_pb_100_pe_.ltl	shift_pb_100_pe_.tlsf	param:tlsf/shift/parametric/shift.tlsf	shift	param	exact	n	"{""n"": 100}"	1	387	REALIZABLE	1	0.019413157016970217	REALIZABLE	1	0.022565349005162716	REALIZABLE	1	0.019413157016970217	B
shift_pb_10_pe_.ltl	shift_pb_10_pe_.tlsf	param:tlsf/shift/parametric/shift.tlsf	shift	param	exact	n	"{""n"": 10}"	1	386	REALIZABLE	1	0.03316055389586836	REALIZABLE	1	0.01883020403329283	REALIZABLE	1	0.01883020403329283	B
shift_pb_125_pe_.ltl	shift_pb_125_pe_.tlsf	param:tlsf/shift/parametric/shift.tlsf	shift	param	exact	n	"{""n"": 125}"	1	387	REALIZABLE	1	0.036248610005714	REALIZABLE	1	0.01833878201432526	REALIZABLE	1	0.01833878201432526	B
shift_pb_12_pe_.ltl	shift_pb_12_pe_.tlsf	param:tlsf/shift/parametric/shift.tlsf	shift	param	exact	n	"{""n"": 12}"	1	386	REALIZABLE	1	0.032982524018734694	REALIZABLE	1	0.022088469937443733	REALIZABLE	1	0.022088469937443733	B
shift_pb_132_pe_.ltl	shift_pb_132_pe_.tlsf	param:tlsf/shift/parametric/shift.tlsf	shift	param	exact	n	"{""n"": 132}"	1	387	REALIZABLE	1	0.04492844198830426	REALIZABLE	1	0.01827510097064078	REALIZABLE	1	0.01827510097064078	B
shift_pb_16_pe_.ltl	shift_pb_16_pe_.tlsf	param:tlsf/shift/parametric/shift.tlsf	shift	param	exact	n	"{""n"": 16}"	1	386	REALIZABLE	1	0.029299754067324102	REALIZABLE	1	0.017058194964192808	REALIZABLE	1	0.017058194964192808	B
shift_pb_250_pe_.ltl	shift_pb_250_pe_.tlsf	param:tlsf/shift/parametric/shift.tlsf	shift	param	exact	n	"{""n"": 250}"	1	384	REALIZABLE	1	0.03488372196443379	REALIZABLE	1	0.024009539047256112	REALIZABLE	1	0.024009539047256112	B
shift_pb_32_pe_.ltl	shift_pb_32_pe_.tlsf	param:tlsf/shift/parametric/shift.tlsf	shift	param	exact	n	"{""n"": 32}"	1	386	REALIZABLE	1	0.0345772480359301	REALIZABLE	1	0.01882180606480688	REALIZABLE	1	0.01882180606480688	B
shift_pb_500_pe_.ltl	shift_pb_500_pe_.tlsf	param:tlsf/shift/parametric/shift.tlsf	shift	param	exact	n	"{""n"": 500}"	1	384	REALIZABLE	1	0.04908501997124404	REALIZABLE	1	0.027933881036005914	REALIZABLE	1	0.027933881036005914	B
shift_pb_64_pe_.ltl	shift_pb_64_pe_.tlsf	param:tlsf/shift/parametric/shift.tlsf	shift	param	exact	n	"{""n"": 64}"	1	386	REALIZABLE	1	0.03517160098999739	REALIZABLE	1	0.022463534027338028	REALIZABLE	1	0.022463534027338028	B
shift_pb_8_pe_.ltl	shift_pb_8_pe_.tlsf	param:tlsf/shift/parametric/shift.tlsf	shift	param	exact	n	"{""n"": 8}"	1	385	REALIZABLE	1	0.029795880080200732	REALIZABLE	1	0.017321486957371235	REALIZABLE	1	0.017321486957371235	B
simple_arbiter_enc_pb_10_pe_.ltl	simple_arbiter_enc_pb_10_pe_.tlsf	param:tlsf/simple_arbiter_log/parametric/simple_arbiter_enc.tlsf	simple_arbiter_enc	param	exact	n	"{""n"": 10}"	1	2197	TIMEOUT		60.12419799400959	TIMEOUT		60.174642245983705	TIMEOUT			
simple_arbiter_enc_pb_11_pe_.ltl	simple_arbiter_enc_pb_11_pe_.tlsf	param:tlsf/simple_arbiter_log/parametric/simple_arbiter_enc.tlsf	simple_arbiter_enc	param	exact	n	"{""n"": 11}"	1	2191	TIMEOUT		60.12384654802736	TIMEOUT		60.12414843693841	TIMEOUT			
simple_arbiter_enc_pb_12_pe_.ltl	simple_arbiter_enc_pb_12_pe_.tlsf	param:tlsf/simple_arbiter_log/parametric/simple_arbiter_enc.tlsf	simple_arbiter_enc	param	exact	n	"{""n"": 12}"	1	2195	TIMEOUT		60.091397613985464	TIMEOUT		60.092005384969525	TIMEOUT			
simple_arbiter_enc_pb_13_pe_.ltl	simple_arbiter_enc_pb_13_pe_.tlsf	param:tlsf/simple_arbiter_log/parametric/simple_arbiter_enc.tlsf	simple_arbiter_enc	param	exact	n	"{""n"": 13}"	1	2191	TIMEOUT		60.12453658506274	TIMEOUT		60.123812439036556	TIMEOUT			
simple_arbiter_enc_pb_14_pe_.ltl	simple_arbiter_enc_pb_14_pe_.tlsf	param:tlsf/simple_arbiter_log/parametric/simple_arbiter_enc.tlsf	simple_arbiter_enc	param	exact	n	"{""n"": 14}"	1	2191	TIMEOUT		60.091426705010235	TIMEOUT		60.112655134056695	TIMEOUT			
simple_arbiter_enc_pb_15_pe_.ltl	simple_arbiter_enc_pb_15_pe_.tlsf	param:tlsf/simple_arbiter_log/parametric/simple_arbiter_enc.tlsf	simple_arbiter_enc	param	exact	n	"{""n"": 15}"	1	2191	TIMEOUT		60.12450215499848	TIMEOUT		60.12416527199093	TIMEOUT			
simple_arbiter_enc_pb_16_pe_.ltl	simple_arbiter_enc_pb_16_pe_.tlsf	param:tlsf/simple_arbiter_log/parametric/simple_arbiter_enc.tlsf	simple_arbiter_enc	param	exact	n	"{""n"": 16}"	1	2191	TIMEOUT		60.1034275800921	TIMEOUT		60.12469971191604	TIMEOUT			
simple_arbiter_enc_pb_32_pe_.ltl	simple_arbiter_enc_pb_32_pe_.tlsf	param:tlsf/simple_arbiter_log/parametric/simple_arbiter_enc.tlsf	simple_arbiter_enc	param	exact	n	"{""n"": 32}"	1	2191	TIMEOUT		60.12428254191764	TIMEOUT		60.125071843969636	TIMEOUT			
simple_arbiter_enc_pb_8_pe_.ltl	simple_arbiter_enc_pb_8_pe_.tlsf	param:tlsf/simple_arbiter_log/parametric/simple_arbiter_enc.tlsf	simple_arbiter_enc	param	exact	n	"{""n"": 8}"	1	2196	TIMEOUT		60.01130278292112	TIMEOUT		60.04438198893331	TIMEOUT			
simple_arbiter_unreal1_pb_16_1_pe_.ltl	simple_arbiter_unreal1_pb_16_1_pe_.tlsf	param:tlsf/simple_arbiter_unreal/parametric/simple_arbiter_unreal1.tlsf	simple_arbiter_unreal1	param	exact	n,u	"{""n"": 16, ""u"": 1}"	2	1628	UNREALIZABLE	1	0.017374678049236536	UNREALIZABLE	1	0.017532347002997994	UNREALIZABLE	1	0.017374678049236536	B
simple_arbiter_unreal1_pb_16_2_pe_.ltl	simple_arbiter_unreal1_pb_16_2_pe_.tlsf	param:tlsf/simple_arbiter_unreal/parametric/simple_arbiter_unreal1.tlsf	simple_arbiter_unreal1	param	exact	n,u	"{""n"": 16, ""u"": 2}"	2	1628	UNREALIZABLE	1	0.018456403980962932	UNREALIZABLE	1	0.024840006954036653	UNREALIZABLE	1	0.018456403980962932	B
simple_arbiter_unreal1_pb_16_3_pe_.ltl	simple_arbiter_unreal1_pb_16_3_pe_.tlsf	param:tlsf/simple_arbiter_unreal/parametric/simple_arbiter_unreal1.tlsf	simple_arbiter_unreal1	param	exact	n,u	"{""n"": 16, ""u"": 3}"	2	1628	UNREALIZABLE	1	0.023869642987847328	UNREALIZABLE	1	0.029143826919607818	UNREALIZABLE	1	0.023869642987847328	B
simple_arbiter_unreal1_pb_16_4_pe_.ltl	simple_arbiter_unreal1_pb_16_4_pe_.tlsf	param:tlsf/simple_arbiter_unreal/parametric/simple_arbiter_unreal1.tlsf	simple_arbiter_unreal1	param	exact	n,u	"{""n"": 16, ""u"": 4}"	2	1628	UNREALIZABLE	1	0.018748397007584572	UNREALIZABLE	1	0.039763269014656544	UNREALIZABLE	1	0.018748397007584572	B
simple_arbiter_unreal1_pb_16_5_pe_.ltl	simple_arbiter_unreal1_pb_16_5_pe_.tlsf	param:tlsf/simple_arbiter_unreal/parametric/simple_arbiter_unreal1.tlsf	simple_arbiter_unreal1	param	exact	n,u	"{""n"": 16, ""u"": 5}"	2	1628	UNREALIZABLE	1	0.03412178799044341	UNREALIZABLE	1	0.041768708964809775	UNREALIZABLE	1	0.03412178799044341	B
simple_arbiter_unreal1_pb_2_10_pe_.ltl	simple_arbiter_unreal1_pb_2_10_pe_.tlsf	param:tlsf/simple_arbiter_unreal/parametric/simple_arbiter_unreal1.tlsf	simple_arbiter_unreal1	param	exact	n,u	"{""n"": 2, ""u"": 10}"	2	1628	UNREALIZABLE	1	0.01962654199451208	UNREALIZABLE	1	0.04090270004235208	UNREALIZABLE	1	0.01962654199451208	B
simple_arbiter_unreal1_pb_2_12_pe_.ltl	simple_arbiter_unreal1_pb_2_12_pe_.tlsf	param:tlsf/simple_arbiter_unreal/parametric/simple_arbiter_unreal1.tlsf	simple_arbiter_unreal1	param	exact	n,u	"{""n"": 2, ""u"": 12}"	2	1628	UNREALIZABLE	1	0.019930013921111822	UNREALIZABLE	1	0.03645601205062121	UNREALIZABLE	1	0.019930013921111822	B
simple_arbiter_unreal1_pb_2_1_pe_.ltl	simple_arbiter_unreal1_pb_2_1_pe_.tlsf	param:tlsf/simple_arbiter_unreal/parametric/simple_arbiter_unreal1.tlsf	simple_arbiter_unreal1	param	exact	n,u	"{""n"": 2, ""u"": 1}"	2	1627	UNREALIZABLE	1	0.04062521003652364	UNREALIZABLE	1	0.03088412492070347	UNREALIZABLE	1	0.03088412492070347	B
simple_arbiter_unreal1_pb_2_2_pe_.ltl	simple_arbiter_unreal1_pb_2_2_pe_.tlsf	param:tlsf/simple_arbiter_unreal/parametric/simple_arbiter_unreal1.tlsf	simple_arbiter_unreal1	param	exact	n,u	"{""n"": 2, ""u"": 2}"	2	1627	UNREALIZABLE	1	0.029730911017395556	UNREALIZABLE	1	0.03219539695419371	UNREALIZABLE	1	0.029730911017395556	B
simple_arbiter_unreal1_pb_2_3_pe_.ltl	simple_arbiter_unreal1_pb_2_3_pe_.tlsf	param:tlsf/simple_arbiter_unreal/parametric/simple_arbiter_unreal1.tlsf	simple_arbiter_unreal1	param	exact	n,u	"{""n"": 2, ""u"": 3}"	2	1627	UNREALIZABLE	1	0.03494615200906992	UNREALIZABLE	1	0.03257078898604959	UNREALIZABLE	1	0.03257078898604959	B
simple_arbiter_unreal1_pb_2_4_pe_.ltl	simple_arbiter_unreal1_pb_2_4_pe_.tlsf	param:tlsf/simple_arbiter_unreal/parametric/simple_arbiter_unreal1.tlsf	simple_arbiter_unreal1	param	exact	n,u	"{""n"": 2, ""u"": 4}"	2	1627	UNREALIZABLE	1	0.03693357901647687	UNREALIZABLE	1	0.03500850708223879	UNREALIZABLE	1	0.03500850708223879	B
simple_arbiter_unreal1_pb_2_5_pe_.ltl	simple_arbiter_unreal1_pb_2_5_pe_.tlsf	param:tlsf/simple_arbiter_unreal/parametric/simple_arbiter_unreal1.tlsf	simple_arbiter_unreal1	param	exact	n,u	"{""n"": 2, ""u"": 5}"	2	1627	UNREALIZABLE	1	0.03515270899515599	UNREALIZABLE	1	0.03234338201582432	UNREALIZABLE	1	0.03234338201582432	B
simple_arbiter_unreal1_pb_2_6_pe_.ltl	simple_arbiter_unreal1_pb_2_6_pe_.tlsf	param:tlsf/simple_arbiter_unreal/parametric/simple_arbiter_unreal1.tlsf	simple_arbiter_unreal1	param	exact	n,u	"{""n"": 2, ""u"": 6}"	2	1627	UNREALIZABLE	1	0.03650236292742193	UNREALIZABLE	1	0.039695726009085774	UNREALIZABLE	1	0.03650236292742193	B
simple_arbiter_unreal1_pb_2_7_pe_.ltl	simple_arbiter_unreal1_pb_2_7_pe_.tlsf	param:tlsf/simple_arbiter_unreal/parametric/simple_arbiter_unreal1.tlsf	simple_arbiter_unreal1	param	exact	n,u	"{""n"": 2, ""u"": 7}"	2	1627	UNREALIZABLE	1	0.0327620729804039	UNREALIZABLE	1	0.019792104023508728	UNREALIZABLE	1	0.019792104023508728	B
simple_arbiter_unreal1_pb_2_8_pe_.ltl	simple_arbiter_unreal1_pb_2_8_pe_.tlsf	param:tlsf/simple_arbiter_unreal/parametric/simple_arbiter_unreal1.tlsf	simple_arbiter_unreal1	param	exact	n,u	"{""n"": 2, ""u"": 8}"	2	1627	UNREALIZABLE	1	0.03489325800910592	UNREALIZABLE	1	0.018781675025820732	UNREALIZABLE	1	0.018781675025820732	B
simple_arbiter_unreal1_pb_2_9_pe_.ltl	simple_arbiter_unreal1_pb_2_9_pe_.tlsf	param:tlsf/simple_arbiter_unreal/parametric/simple_arbiter_unreal1.tlsf	simple_arbiter_unreal1	param	exact	n,u	"{""n"": 2, ""u"": 9}"	2	1627	UNREALIZABLE	1	0.030930579989217222	UNREALIZABLE	1	0.01438105700071901	UNREALIZABLE	1	0.01438105700071901	B
simple_arbiter_unreal1_pb_3_11_pe_.ltl	simple_arbiter_unreal1_pb_3_11_pe_.tlsf	param:tlsf/simple_arbiter_unreal/parametric/simple_arbiter_unreal1.tlsf	simple_arbiter_unreal1	param	exact	n,u	"{""n"": 3, ""u"": 11}"	2	1628	UNREALIZABLE	1	0.030564998043701053	UNREALIZABLE	1	0.017097321106120944	UNREALIZABLE	1	0.017097321106120944	B
simple_arbiter_unreal1_pb_3_1_pe_.ltl	simple_arbiter_unreal1_pb_3_1_pe_.tlsf	param:tlsf/simple_arbiter_unreal/parametric/simple_arbiter_unreal1.tlsf	simple_arbiter_unreal1	param	exact	n,u	"{""n"": 3, ""u"": 1}"	2	1627	UNREALIZABLE	1	0.029108460061252117	UNREALIZABLE	1	0.014037511893548071	UNREALIZABLE	1	0.014037511893548071	B
simple_arbiter_unreal1_pb_3_2_pe_.ltl	simple_arbiter_unreal1_pb_3_2_pe_.tlsf	param:tlsf/simple_arbiter_unreal/parametric/simple_arbiter_unreal1.tlsf	simple_arbiter_unreal1	param	exact	n,u	"{""n"": 3, ""u"": 2}"	2	1627	UNREALIZABLE	1	0.02963490004185587	UNREALIZABLE	1	0.01735706499312073	UNREALIZABLE	1	0.01735706499312073	B
simple_arbiter_unreal1_pb_3_3_pe_.ltl	simple_arbiter_unreal1_pb_3_3_pe_.tlsf	param:tlsf/simple_arbiter_unreal/parametric/simple_arbiter_unreal1.tlsf	simple_arbiter_unreal1	param	exact	n,u	"{""n"": 3, ""u"": 3}"	2	1627	UNREALIZABLE	1	0.036643183091655374	UNREALIZABLE	1	0.015594747033901513	UNREALIZABLE	1	0.015594747033901513	B
simple_arbiter_unreal1_pb_3_4_pe_.ltl	simple_arbiter_unreal1_pb_3_4_pe_.tlsf	param:tlsf/simple_arbiter_unreal/parametric/simple_arbiter_unreal1.tlsf	simple_arbiter_unreal1	param	exact	n,u	"{""n"": 3, ""u"": 4}"	2	1627	UNREALIZABLE	1	0.031219442025758326	UNREALIZABLE	1	0.015248878044076264	UNREALIZABLE	1	0.015248878044076264	B
simple_arbiter_unreal1_pb_3_5_pe_.ltl	simple_arbiter_unreal1_pb_3_5_pe_.tlsf	param:tlsf/simple_arbiter_unreal/parametric/simple_arbiter_unreal1.tlsf	simple_arbiter_unreal1	param	exact	n,u	"{""n"": 3, ""u"": 5}"	2	1627	UNREALIZABLE	1	0.03603119705803692	UNREALIZABLE	1	0.015204363036900759	UNREALIZABLE	1	0.015204363036900759	B
simple_arbiter_unreal1_pb_3_6_pe_.ltl	simple_arbiter_unreal1_pb_3_6_pe_.tlsf	param:tlsf/simple_arbiter_unreal/parametric/simple_arbiter_unreal1.tlsf	simple_arbiter_unreal1	param	exact	n,u	"{""n"": 3, ""u"": 6}"	2	1627	UNREALIZABLE	1	0.03989255300257355	UNREALIZABLE	1	0.021451700013130903	UNREALIZABLE	1	0.021451700013130903	B
simple_arbiter_unreal1_pb_3_7_pe_.ltl	simple_arbiter_unreal1_pb_3_7_pe_.tlsf	param:tlsf/simple_arbiter_unreal/parametric/simple_arbiter_unreal1.tlsf	simple_arbiter_unreal1	param	exact	n,u	"{""n"": 3, ""u"": 7}"	2	1627	UNREALIZABLE	1	0.03760603105183691	UNREALIZABLE	1	0.023549917968921363	UNREALIZABLE	1	0.023549917968921363	B
simple_arbiter_unreal1_pb_3_8_pe_.ltl	simple_arbiter_unreal1_pb_3_8_pe_.tlsf	param:tlsf/simple_arbiter_unreal/parametric/simple_arbiter_unreal1.tlsf	simple_arbiter_unreal1	param	exact	n,u	"{""n"": 3, ""u"": 8}"	2	1627	UNREALIZABLE	1	0.035946417949162424	UNREALIZABLE	1	0.03305326495319605	UNREALIZABLE	1	0.03305326495319605	B
simple_arbiter_unreal1_pb_3_9_pe_.ltl	simple_arbiter_unreal1_pb_3_9_pe_.tlsf	param:tlsf/simple_arbiter_unreal/parametric/simple_arbiter_unreal1.tlsf	simple_arbiter_unreal1	param	exact	n,u	"{""n"": 3, ""u"": 9}"	2	1627	UNREALIZABLE	1	0.04086605703923851	UNREALIZABLE	1	0.033957374980673194	UNREALIZABLE	1	0.033957374980673194	B
simple_arbiter_unreal1_pb_4_10_pe_.ltl	simple_arbiter_unreal1_pb_4_10_pe_.tlsf	param:tlsf/simple_arbiter_unreal/parametric/simple_arbiter_unreal1.tlsf	simple_arbiter_unreal1	param	exact	n,u	"{""n"": 4, ""u"": 10}"	2	1628	UNREALIZABLE	1	0.03794792003463954	UNREALIZABLE	1	0.041526400949805975	UNREALIZABLE	1	0.03794792003463954	B
simple_arbiter_unreal1_pb_4_12_pe_.ltl	simple_arbiter_unreal1_pb_4_12_pe_.tlsf	param:tlsf/simple_arbiter_unreal/parametric/simple_arbiter_unreal1.tlsf	simple_arbiter_unreal1	param	exact	n,u	"{""n"": 4, ""u"": 12}"	2	1628	UNREALIZABLE	1	0.031986305955797434	UNREALIZABLE	1	0.038193492917343974	UNREALIZABLE	1	0.031986305955797434	B
simple_arbiter_unreal1_pb_4_1_pe_.ltl	simple_arbiter_unreal1_pb_4_1_pe_.tlsf	param:tlsf/simple_arbiter_unreal/parametric/simple_arbiter_unreal1.tlsf	simple_arbiter_unreal1	param	exact	n,u	"{""n"": 4, ""u"": 1}"	2	1627	UNREALIZABLE	1	0.03186151594854891	UNREALIZABLE	1	0.03148313402198255	UNREALIZABLE	1	0.03148313402198255	B
simple_arbiter_unreal1_pb_4_2_pe_.ltl	simple_arbiter_unreal1_pb_4_2_pe_.tlsf	param:tlsf/simple_arbiter_unreal/parametric/simple_arbiter_unreal1.tlsf	simple_arbiter_unreal1	param	exact	n,u	"{""n"": 4, ""u"": 2}"	2	1627	UNREALIZABLE	1	0.03413434501271695	UNREALIZABLE	1	0.03295900393277407	UNREALIZABLE	1	0.03295900393277407	B
simple_arbiter_unreal1_pb_4_3_pe_.ltl	simple_arbiter_unreal1_pb_4_3_pe_.tlsf	param:tlsf/simple_arbiter_unreal/parametric/simple_arbiter_unreal1.tlsf	simple_arbiter_unreal1	param	exact	n,u	"{""n"": 4, ""u"": 3}"	2	1627	UNREALIZABLE	1	0.03335073601920158	UNREALIZABLE	1	0.0390584790147841	UNREALIZABLE	1	0.03335073601920158	B
simple_arbiter_unreal1_pb_4_4_pe_.ltl	simple_arbiter_unreal1_pb_4_4_pe_.tlsf	param:tlsf/simple_arbiter_unreal/parametric/simple_arbiter_unreal1.tlsf	simple_arbiter_unreal1	param	exact	n,u	"{""n"": 4, ""u"": 4}"	2	1627	UNREALIZABLE	1	0.030467391945421696	UNREALIZABLE	1	0.03553525998722762	UNREALIZABLE	1	0.030467391945421696	B
simple_arbiter_unreal1_pb_4_5_pe_.ltl	simple_arbiter_unreal1_pb_4_5_pe_.tlsf	param:tlsf/simple_arbiter_unreal/parametric/simple_arbiter_unreal1.tlsf	simple_arbiter_unreal1	param	exact	n,u	"{""n"": 4, ""u"": 5}"	2	1627	UNREALIZABLE	1	0.03400946094188839	UNREALIZABLE	1	0.03815514000598341	UNREALIZABLE	1	0.03400946094188839	B
simple_arbiter_unreal1_pb_4_6_pe_.ltl	simple_arbiter_unreal1_pb_4_6_pe_.tlsf	param:tlsf/simple_arbiter_unreal/parametric/simple_arbiter_unreal1.tlsf	simple_arbiter_unreal1	param	exact	n,u	"{""n"": 4, ""u"": 6}"	2	1627	UNREALIZABLE	1	0.03370667400304228	UNREALIZABLE	1	0.03629750898107886	UNREALIZABLE	1	0.03370667400304228	B
simple_arbiter_unreal1_pb_4_7_pe_.ltl	simple_arbiter_unreal1_pb_4_7_pe_.tlsf	param:tlsf/simple_arbiter_unreal/parametric/simple_arbiter_unreal1.tlsf	simple_arbiter_unreal1	param	exact	n,u	"{""n"": 4, ""u"": 7}"	2	1627	UNREALIZABLE	1	0.040348044014535844	UNREALIZABLE	1	0.03677415999118239	UNREALIZABLE	1	0.03677415999118239	B
simple_arbiter_unreal1_pb_4_8_pe_.ltl	simple_arbiter_unreal1_pb_4_8_pe_.tlsf	param:tlsf/simple_arbiter_unreal/parametric/simple_arbiter_unreal1.tlsf	simple_arbiter_unreal1	param	exact	n,u	"{""n"": 4, ""u"": 8}"	2	1627	UNREALIZABLE	1	0.03451546805445105	UNREALIZABLE	1	0.03047814394813031	UNREALIZABLE	1	0.03047814394813031	B
simple_arbiter_unreal1_pb_4_9_pe_.ltl	simple_arbiter_unreal1_pb_4_9_pe_.tlsf	param:tlsf/simple_arbiter_unreal/parametric/simple_arbiter_unreal1.tlsf	simple_arbiter_unreal1	param	exact	n,u	"{""n"": 4, ""u"": 9}"	2	1627	UNREALIZABLE	1	0.03682757797650993	UNREALIZABLE	1	0.0342694140272215	UNREALIZABLE	1	0.0342694140272215	B
simple_arbiter_unreal1_pb_5_10_pe_.ltl	simple_arbiter_unreal1_pb_5_10_pe_.tlsf	param:tlsf/simple_arbiter_unreal/parametric/simple_arbiter_unreal1.tlsf	simple_arbiter_unreal1	param	exact	n,u	"{""n"": 5, ""u"": 10}"	2	1628	UNREALIZABLE	1	0.0429404960013926	UNREALIZABLE	1	0.03155062603764236	UNREALIZABLE	1	0.03155062603764236	B
simple_arbiter_unreal1_pb_5_1_pe_.ltl	simple_arbiter_unreal1_pb_5_1_pe_.tlsf	param:tlsf/simple_arbiter_unreal/parametric/simple_arbiter_unreal1.tlsf	simple_arbiter_unreal1	param	exact	n,u	"{""n"": 5, ""u"": 1}"	2	1627	UNREALIZABLE	1	0.03617438697256148	UNREALIZABLE	1	0.03857218404300511	UNREALIZABLE	1	0.03617438697256148	B
simple_arbiter_unreal1_pb_5_2_pe_.ltl	simple_arbiter_unreal1_pb_5_2_pe_.tlsf	param:tlsf/simple_arbiter_unreal/parametric/simple_arbiter_unreal1.tlsf	simple_arbiter_unreal1	param	exact	n,u	"{""n"": 5, ""u"": 2}"	2	1627	UNREALIZABLE	1	0.03364568797405809	UNREALIZABLE	1	0.03163870994467288	UNREALIZABLE	1	0.03163870994467288	B
simple_arbiter_unreal1_pb_5_3_pe_.ltl	simple_arbiter_unreal1_pb_5_3_pe_.tlsf	param:tlsf/simple_arbiter_unreal/parametric/simple_arbiter_unreal1.tlsf	simple_arbiter_unreal1	param	exact	n,u	"{""n"": 5, ""u"": 3}"	2	1627	UNREALIZABLE	1	0.03559913102071732	UNREALIZABLE	1	0.03914586699102074	UNREALIZABLE	1	0.03559913102071732	B
simple_arbiter_unreal1_pb_5_4_pe_.ltl	simple_arbiter_unreal1_pb_5_4_pe_.tlsf	param:tlsf/simple_arbiter_unreal/parametric/simple_arbiter_unreal1.tlsf	simple_arbiter_unreal1	param	exact	n,u	"{""n"": 5, ""u"": 4}"	2	1627	UNREALIZABLE	1	0.03533413808327168	UNREALIZABLE	1	0.034833941026590765	UNREALIZABLE	1	0.034833941026590765	B
simple_arbiter_unreal1_pb_5_5_pe_.ltl	simple_arbiter_unreal1_pb_5_5_pe_.tlsf	param:tlsf/simple_arbiter_unreal/parametric/simple_arbiter_unreal1.tlsf	simple_arbiter_unreal1	param	exact	n,u	"{""n"": 5, ""u"": 5}"	2	1627	UNREALIZABLE	1	0.03615479008294642	UNREALIZABLE	1	0.03329432406462729	UNREALIZABLE	1	0.03329432406462729	B
simple_arbiter_unreal1_pb_5_6_pe_.ltl	simple_arbiter_unreal1_pb_5_6_pe_.tlsf	param:tlsf/simple_arbiter_unreal/parametric/simple_arbiter_unreal1.tlsf	simple_arbiter_unreal1	param	exact	n,u	"{""n"": 5, ""u"": 6}"	2	1627	UNREALIZABLE	1	0.03767357300966978	UNREALIZABLE	1	0.03357010998297483	UNREALIZABLE	1	0.03357010998297483	B
simple_arbiter_unreal1_pb_5_7_pe_.ltl	simple_arbiter_unreal1_pb_5_7_pe_.tlsf	param:tlsf/simple_arbiter_unreal/parametric/simple_arbiter_unreal1.tlsf	simple_arbiter_unreal1	param	exact	n,u	"{""n"": 5, ""u"": 7}"	2	1627	UNREALIZABLE	1	0.037898303009569645	UNREALIZABLE	1	0.032180176000110805	UNREALIZABLE	1	0.032180176000110805	B
simple_arbiter_unreal1_pb_5_8_pe_.ltl	simple_arbiter_unreal1_pb_5_8_pe_.tlsf	param:tlsf/simple_arbiter_unreal/parametric/simple_arbiter_unreal1.tlsf	simple_arbiter_unreal1	param	exact	n,u	"{""n"": 5, ""u"": 8}"	2	1627	UNREALIZABLE	1	0.032014238997362554	UNREALIZABLE	1	0.034545395988970995	UNREALIZABLE	1	0.032014238997362554	B
simple_arbiter_unreal1_pb_5_9_pe_.ltl	simple_arbiter_unreal1_pb_5_9_pe_.tlsf	param:tlsf/simple_arbiter_unreal/parametric/simple_arbiter_unreal1.tlsf	simple_arbiter_unreal1	param	exact	n,u	"{""n"": 5, ""u"": 9}"	2	1627	UNREALIZABLE	1	0.0335797950392589	UNREALIZABLE	1	0.03266965795774013	UNREALIZABLE	1	0.03266965795774013	B
simple_arbiter_unreal1_pb_6_1_pe_.ltl	simple_arbiter_unreal1_pb_6_1_pe_.tlsf	param:tlsf/simple_arbiter_unreal/parametric/simple_arbiter_unreal1.tlsf	simple_arbiter_unreal1	param	exact	n,u	"{""n"": 6, ""u"": 1}"	2	1627	UNREALIZABLE	1	0.03754338400904089	UNREALIZABLE	1	0.022548696026206017	UNREALIZABLE	1	0.022548696026206017	B
simple_arbiter_unreal1_pb_6_2_pe_.ltl	simple_arbiter_unreal1_pb_6_2_pe_.tlsf	param:tlsf/simple_arbiter_unreal/parametric/simple_arbiter_unreal1.tlsf	simple_arbiter_unreal1	param	exact	n,u	"{""n"": 6, ""u"": 2}"	2	1627	UNREALIZABLE	1	0.04342806700151414	UNREALIZABLE	1	0.017428320017643273	UNREALIZABLE	1	0.017428320017643273	B
simple_arbiter_unreal1_pb_6_3_pe_.ltl	simple_arbiter_unreal1_pb_6_3_pe_.tlsf	param:tlsf/simple_arbiter_unreal/parametric/simple_arbiter_unreal1.tlsf	simple_arbiter_unreal1	param	exact	n,u	"{""n"": 6, ""u"": 3}"	2	1627	UNREALIZABLE	1	0.038268030039034784	UNREALIZABLE	1	0.02190909895580262	UNREALIZABLE	1	0.02190909895580262	B
simple_arbiter_unreal1_pb_6_4_pe_.ltl	simple_arbiter_unreal1_pb_6_4_pe_.tlsf	param:tlsf/simple_arbiter_unreal/parametric/simple_arbiter_unreal1.tlsf	simple_arbiter_unreal1	param	exact	n,u	"{""n"": 6, ""u"": 4}"	2	1627	UNREALIZABLE	1	0.0370184660423547	UNREALIZABLE	1	0.017080789897590876	UNREALIZABLE	1	0.017080789897590876	B
simple_arbiter_unreal1_pb_6_5_pe_.ltl	simple_arbiter_unreal1_pb_6_5_pe_.tlsf	param:tlsf/simple_arbiter_unreal/parametric/simple_arbiter_unreal1.tlsf	simple_arbiter_unreal1	param	exact	n,u	"{""n"": 6, ""u"": 5}"	2	1627	UNREALIZABLE	1	0.03600660199299455	UNREALIZABLE	1	0.019739899900741875	UNREALIZABLE	1	0.019739899900741875	B
simple_arbiter_unreal1_pb_8_8_pe_.ltl	simple_arbiter_unreal1_pb_8_8_pe_.tlsf	param:tlsf/simple_arbiter_unreal/parametric/simple_arbiter_unreal1.tlsf	simple_arbiter_unreal1	param	exact	n,u	"{""n"": 8, ""u"": 8}"	2	1627	UNREALIZABLE	1	0.03439654398243874	UNREALIZABLE	1	0.016593370004557073	UNREALIZABLE	1	0.016593370004557073	B
simple_arbiter_unreal2_pb_10_pe_.ltl	simple_arbiter_unreal2_pb_10_pe_.tlsf	param:tlsf/simple_arbiter_unreal/parametric/simple_arbiter_unreal2.tlsf	simple_arbiter_unreal2	param	exact	n	"{""n"": 10}"	1	1615	UNREALIZABLE	1	0.03388645104132593	UNREALIZABLE	1	0.020043072057887912	UNREALIZABLE	1	0.020043072057887912	B
simple_arbiter_unreal2_pb_25_pe_.ltl	simple_arbiter_unreal2_pb_25_pe_.tlsf	param:tlsf/simple_arbiter_unreal/parametric/simple_arbiter_unreal2.tlsf	simple_arbiter_unreal2	param	exact	n	"{""n"": 25}"	1	1615	UNREALIZABLE	1	0.04243618901818991	UNREALIZABLE	1	0.017167576937936246	UNREALIZABLE	1	0.017167576937936246	B
simple_arbiter_unreal2_pb_2_pe_.ltl	simple_arbiter_unreal2_pb_2_pe_.tlsf	param:tlsf/simple_arbiter_unreal/parametric/simple_arbiter_unreal2.tlsf	simple_arbiter_unreal2	param	exact	n	"{""n"": 2}"	1	1614	UNREALIZABLE	1	0.03713081998284906	UNREALIZABLE	1	0.015372205059975386	UNREALIZABLE	1	0.015372205059975386	B
simple_arbiter_unreal2_pb_3_pe_.ltl	simple_arbiter_unreal2_pb_3_pe_.tlsf	param:tlsf/simple_arbiter_unreal/parametric/simple_arbiter_unreal2.tlsf	simple_arbiter_unreal2	param	exact	n	"{""n"": 3}"	1	1614	UNREALIZABLE	1	0.03560156305320561	UNREALIZABLE	1	0.014403106993995607	UNREALIZABLE	1	0.014403106993995607	B
simple_arbiter_unreal2_pb_4_pe_.ltl	simple_arbiter_unreal2_pb_4_pe_.tlsf	param:tlsf/simple_arbiter_unreal/parametric/simple_arbiter_unreal2.tlsf	simple_arbiter_unreal2	param	exact	n	"{""n"": 4}"	1	1614	UNREALIZABLE	1	0.04374029207974672	UNREALIZABLE	1	0.0239692700561136	UNREALIZABLE	1	0.0239692700561136	B
simple_arbiter_unreal2_pb_50_pe_.ltl	simple_arbiter_unreal2_pb_50_pe_.tlsf	param:tlsf/simple_arbiter_unreal/parametric/simple_arbiter_unreal2.tlsf	simple_arbiter_unreal2	param	exact	n	"{""n"": 50}"	1	1615	UNREALIZABLE	1	0.05268594599328935	UNREALIZABLE	1	0.02366414002608508	UNREALIZABLE	1	0.02366414002608508	B
simple_arbiter_unreal2_pb_5_pe_.ltl	simple_arbiter_unreal2_pb_5_pe_.tlsf	param:tlsf/simple_arbiter_unreal/parametric/simple_arbiter_unreal2.tlsf	simple_arbiter_unreal2	param	exact	n	"{""n"": 5}"	1	1614	UNREALIZABLE	1	0.019327676040120423	UNREALIZABLE	1	0.018625297001563013	UNREALIZABLE	1	0.018625297001563013	B
simple_arbiter_unreal2_pb_60_pe_.ltl	simple_arbiter_unreal2_pb_60_pe_.tlsf	param:tlsf/simple_arbiter_unreal/parametric/simple_arbiter_unreal2.tlsf	simple_arbiter_unreal2	param	exact	n	"{""n"": 60}"	1	1609	UNREALIZABLE	1	0.030188612057827413	UNREALIZABLE	1	0.02860401605721563	UNREALIZABLE	1	0.02860401605721563	B
simple_arbiter_unreal2_pb_6_pe_.ltl	simple_arbiter_unreal2_pb_6_pe_.tlsf	param:tlsf/simple_arbiter_unreal/parametric/simple_arbiter_unreal2.tlsf	simple_arbiter_unreal2	param	exact	n	"{""n"": 6}"	1	1614	UNREALIZABLE	1	0.026837044046260417	UNREALIZABLE	1	0.014640367939136922	UNREALIZABLE	1	0.014640367939136922	B
simple_arbiter_unreal2_pb_75_pe_.ltl	simple_arbiter_unreal2_pb_75_pe_.tlsf	param:tlsf/simple_arbiter_unreal/parametric/simple_arbiter_unreal2.tlsf	simple_arbiter_unreal2	param	exact	n	"{""n"": 75}"	1	1609	UNREALIZABLE	1	0.05289695004466921	UNREALIZABLE	1	0.03955604101065546	UNREALIZABLE	1	0.03955604101065546	B
simple_arbiter_unreal2_pb_7_pe_.ltl	simple_arbiter_unreal2_pb_7_pe_.tlsf	param:tlsf/simple_arbiter_unreal/parametric/simple_arbiter_unreal2.tlsf	simple_arbiter_unreal2	param	exact	n	"{""n"": 7}"	1	1614	UNREALIZABLE	1	0.032350395107641816	UNREALIZABLE	1	0.018565927981399	UNREALIZABLE	1	0.018565927981399	B
simple_arbiter_unreal2_pb_8_pe_.ltl	simple_arbiter_unreal2_pb_8_pe_.tlsf	param:tlsf/simple_arbiter_unreal/parametric/simple_arbiter_unreal2.tlsf	simple_arbiter_unreal2	param	exact	n	"{""n"": 8}"	1	1614	UNREALIZABLE	1	0.03816083399578929	UNREALIZABLE	1	0.01778437604662031	UNREALIZABLE	1	0.01778437604662031	B
