instance	benefit_target	control_statuses	control_verdicts	control_solved_count	control_solved	treatment_statuses	treatment_verdicts	treatment_solved_count	treatment_solved	control_seconds	treatment_seconds	paired_delta_seconds	control_median_seconds	treatment_median_seconds	control_noise_seconds	lower_rounds_seconds	higher_rounds_seconds	faster_rounds	slower_rounds	control_scope_memory_peak_bytes	treatment_scope_memory_peak_bytes	paired_delta_scope_memory_peak_bytes	control_median_scope_memory_peak_bytes	treatment_median_scope_memory_peak_bytes	control_noise_scope_memory_peak_bytes	lower_rounds_scope_memory_peak_bytes	higher_rounds_scope_memory_peak_bytes	control_max_process_rss_bytes	treatment_max_process_rss_bytes	paired_delta_max_process_rss_bytes	control_median_max_process_rss_bytes	treatment_median_max_process_rss_bytes	control_noise_max_process_rss_bytes	lower_rounds_max_process_rss_bytes	higher_rounds_max_process_rss_bytes	correctness_fail	lost_verdict_rounds	new_failures	regression_threshold_seconds	regression_flag_seconds	validated_regression_seconds	regression_threshold_scope_memory_peak_bytes	regression_flag_scope_memory_peak_bytes	validated_regression_scope_memory_peak_bytes	regression_failures	regression_unresolved	flags	coverage_benefit	runtime_benefit	memory_benefit
03.ltl	false	"[""REALIZABLE"", ""REALIZABLE"", ""REALIZABLE"", ""REALIZABLE"", ""REALIZABLE""]"	"[""REALIZABLE""]"	5	5/5	"[""REALIZABLE"", ""REALIZABLE"", ""REALIZABLE"", ""REALIZABLE"", ""REALIZABLE""]"	"[""REALIZABLE""]"	5	5/5	[3.100175405968912, 3.2510960809886456, 3.402526457037311, 3.3290081419982016, 3.256133890012279]	[3.2094682320021093, 3.3018552950234152, 3.1755612350534648, 2.9915907609974965, 3.3041024539852515]	[0.10929282603319734, 0.050759214034769684, -0.22696522198384628, -0.33741738100070506, 0.04796856397297233]	3.256133890012279	3.2094682320021093	0.07287425198592246	2	3	[3, 4]	[1, 2, 5]	"[""unavailable"", ""unavailable"", ""unavailable"", ""unavailable"", ""unavailable""]"	"[""unavailable"", ""unavailable"", ""unavailable"", ""unavailable"", ""unavailable""]"	"[""unavailable"", ""unavailable"", ""unavailable"", ""unavailable"", ""unavailable""]"	unavailable	unavailable	unavailable	unavailable	unavailable	[161464320, 161288192, 161370112, 161509376, 161185792]	[161378304, 161222656, 161267712, 161210368, 161509376]	[-86016, -65536, -102400, -299008, 323584]	161370112	161267712	94208	4	1	false	[]	[]	0.16280669450061397	false	false	unavailable	false	false	[]	[]	[]	false	false	false
10.ltl	false	"[""REALIZABLE"", ""REALIZABLE"", ""REALIZABLE"", ""REALIZABLE"", ""REALIZABLE""]"	"[""REALIZABLE""]"	5	5/5	"[""REALIZABLE"", ""REALIZABLE"", ""REALIZABLE"", ""REALIZABLE"", ""REALIZABLE""]"	"[""REALIZABLE""]"	5	5/5	[3.369710718980059, 3.4870728100067936, 3.7068409800413065, 3.24755507404916, 3.570831016986631]	[3.514752719027456, 3.6830412530107424, 3.473195627972018, 3.6161469309590757, 3.254017178027425]	[0.14504200004739687, 0.19596844300394878, -0.2336453520692885, 0.3685918569099158, -0.3168138389592059]	3.4870728100067936	3.514752719027456	0.11736209102673456	2	3	[3, 5]	[1, 2, 4]	"[""unavailable"", ""unavailable"", ""unavailable"", ""unavailable"", ""unavailable""]"	"[""unavailable"", ""unavailable"", ""unavailable"", ""unavailable"", ""unavailable""]"	"[""unavailable"", ""unavailable"", ""unavailable"", ""unavailable"", ""unavailable""]"	unavailable	unavailable	unavailable	unavailable	unavailable	[205398016, 207970304, 207826944, 126324736, 200720384]	[194596864, 126382080, 126320640, 208691200, 207880192]	[-10801152, -81588224, -81506304, 82366464, 7159808]	205398016	194596864	2572288	3	2	false	[]	[]	0.1743536405003397	false	false	unavailable	false	false	[]	[]	[]	false	false	false
11.ltl	false	"[""REALIZABLE"", ""REALIZABLE"", ""REALIZABLE"", ""REALIZABLE"", ""REALIZABLE""]"	"[""REALIZABLE""]"	5	5/5	"[""REALIZABLE"", ""REALIZABLE"", ""REALIZABLE"", ""REALIZABLE"", ""REALIZABLE""]"	"[""REALIZABLE""]"	5	5/5	[3.4048689500195906, 3.5936344690271653, 3.4874655379680917, 3.232604343967978, 3.262817662965972]	[3.401338735013269, 3.707655092992354, 3.481773464998696, 3.4461206829873845, 3.3267463039956056]	[-0.0035302150063216686, 0.11402062396518886, -0.005692072969395667, 0.2135163390194066, 0.06392864102963358]	3.4048689500195906	3.4461206829873845	0.14205128705361858	2	3	[1, 3]	[2, 4, 5]	"[""unavailable"", ""unavailable"", ""unavailable"", ""unavailable"", ""unavailable""]"	"[""unavailable"", ""unavailable"", ""unavailable"", ""unavailable"", ""unavailable""]"	"[""unavailable"", ""unavailable"", ""unavailable"", ""unavailable"", ""unavailable""]"	unavailable	unavailable	unavailable	unavailable	unavailable	[206000128, 200015872, 194830336, 206135296, 125370368]	[205893632, 205873152, 186081280, 141250560, 125251584]	[-106496, 5857280, -8749056, -64884736, -118784]	200015872	186081280	5984256	4	1	false	[]	[]	0.17024344750097953	false	false	unavailable	false	false	[]	[]	[]	false	false	false
12.ltl	false	"[""REALIZABLE"", ""REALIZABLE"", ""REALIZABLE"", ""REALIZABLE"", ""REALIZABLE""]"	"[""REALIZABLE""]"	5	5/5	"[""REALIZABLE"", ""REALIZABLE"", ""REALIZABLE"", ""REALIZABLE"", ""REALIZABLE""]"	"[""REALIZABLE""]"	5	5/5	[5.357672897982411, 5.248680519987829, 5.482411986973602, 5.525026537012309, 4.926697691029403]	[5.640424331999384, 5.671318225970026, 5.007712161983363, 5.394470569968689, 5.0261058490141295]	[0.2827514340169728, 0.4226377059821971, -0.474699824990239, -0.1305559670436196, 0.09940815798472613]	5.357672897982411	5.394470569968689	0.12473908899119124	2	3	[3, 4]	[1, 2, 5]	"[""unavailable"", ""unavailable"", ""unavailable"", ""unavailable"", ""unavailable""]"	"[""unavailable"", ""unavailable"", ""unavailable"", ""unavailable"", ""unavailable""]"	"[""unavailable"", ""unavailable"", ""unavailable"", ""unavailable"", ""unavailable""]"	unavailable	unavailable	unavailable	unavailable	unavailable	[220422144, 137031680, 226865152, 136785920, 226856960]	[136773632, 185307136, 207343616, 226746368, 154873856]	[-83648512, 48275456, -19521536, 89960448, -71983104]	220422144	185307136	6443008	3	2	false	[]	[]	0.2678836448991206	false	false	unavailable	false	false	[]	[]	[]	false	false	false
13.ltl	false	"[""REALIZABLE"", ""REALIZABLE"", ""REALIZABLE"", ""REALIZABLE"", ""REALIZABLE""]"	"[""REALIZABLE""]"	5	5/5	"[""REALIZABLE"", ""REALIZABLE"", ""REALIZABLE"", ""REALIZABLE"", ""REALIZABLE""]"	"[""REALIZABLE""]"	5	5/5	[5.1138966220314614, 5.694118185027037, 5.340325153956655, 5.425527997023892, 5.104029954003636]	[5.81804468203336, 5.09074207796948, 5.2993341910187155, 5.241188985004555, 5.993381984997541]	[0.7041480600018986, -0.6033761070575565, -0.04099096293793991, -0.18433901201933622, 0.8893520309939049]	5.340325153956655	5.2993341910187155	0.22642853192519397	3	2	[2, 3, 4]	[1, 5]	"[""unavailable"", ""unavailable"", ""unavailable"", ""unavailable"", ""unavailable""]"	"[""unavailable"", ""unavailable"", ""unavailable"", ""unavailable"", ""unavailable""]"	"[""unavailable"", ""unavailable"", ""unavailable"", ""unavailable"", ""unavailable""]"	unavailable	unavailable	unavailable	unavailable	unavailable	[137723904, 139141120, 137605120, 228425728, 172683264]	[229097472, 228405248, 228388864, 167268352, 228425728]	[91373568, 89264128, 90783744, -61157376, 55742464]	139141120	228405248	1536000	1	4	false	[]	[]	0.26701625769783277	false	false	unavailable	false	false	[]	[]	[]	false	false	false
Alarm_70523fbe.ltl	false	"[""REALIZABLE"", ""REALIZABLE"", ""REALIZABLE"", ""REALIZABLE"", ""REALIZABLE""]"	"[""REALIZABLE""]"	5	5/5	"[""REALIZABLE"", ""REALIZABLE"", ""REALIZABLE"", ""REALIZABLE"", ""REALIZABLE""]"	"[""REALIZABLE""]"	5	5/5	[0.9425806120270863, 0.947818732005544, 0.9358551360201091, 1.0163547330303118, 0.9781014819745906]	[0.9520838930038735, 0.9112810080405325, 0.9538508760160767, 0.9765180139802396, 0.9404936609789729]	[0.00950328097678721, -0.03653772396501154, 0.017995739995967597, -0.039836719050072134, -0.03760782099561766]	0.947818732005544	0.9520838930038735	0.01196359598543495	3	2	[2, 4, 5]	[1, 3]	"[""unavailable"", ""unavailable"", ""unavailable"", ""unavailable"", ""unavailable""]"	"[""unavailable"", ""unavailable"", ""unavailable"", ""unavailable"", ""unavailable""]"	"[""unavailable"", ""unavailable"", ""unavailable"", ""unavailable"", ""unavailable""]"	unavailable	unavailable	unavailable	unavailable	unavailable	[103583744, 103649280, 102752256, 103026688, 104001536]	[103673856, 103694336, 103731200, 104529920, 103538688]	[90112, 45056, 978944, 1503232, -462848]	103583744	103694336	417792	1	4	false	[]	[]	0.05	false	false	unavailable	false	false	[]	[]	[]	false	false	false
F-G-contradiction-16.ltl	false	"[""UNREALIZABLE"", ""UNREALIZABLE"", ""UNREALIZABLE"", ""UNREALIZABLE"", ""UNREALIZABLE""]"	"[""UNREALIZABLE""]"	5	5/5	"[""UNREALIZABLE"", ""UNREALIZABLE"", ""UNREALIZABLE"", ""UNREALIZABLE"", ""UNREALIZABLE""]"	"[""UNREALIZABLE""]"	5	5/5	[8.931619308015797, 8.906471245980356, 9.376028158992995, 9.525763962999918, 8.92029385099886]	[9.462149595026858, 9.04237106902292, 9.173776700044982, 9.34958960901713, 9.382187575043645]	[0.5305302870110609, 0.1358998230425641, -0.20225145894801244, -0.17617435398278758, 0.4618937240447849]	8.931619308015797	9.34958960901713	0.0251480620354414	2	3	[3, 4]	[1, 2, 5]	"[""unavailable"", ""unavailable"", ""unavailable"", ""unavailable"", ""unavailable""]"	"[""unavailable"", ""unavailable"", ""unavailable"", ""unavailable"", ""unavailable""]"	"[""unavailable"", ""unavailable"", ""unavailable"", ""unavailable"", ""unavailable""]"	unavailable	unavailable	unavailable	unavailable	unavailable	[659333120, 659238912, 659243008, 659111936, 659263488]	[777977856, 762724352, 781664256, 765648896, 764383232]	[118644736, 103485440, 122421248, 106536960, 105119744]	659243008	765648896	20480	0	5	false	[]	[]	0.4465809654007899	false	false	unavailable	false	false	[]	[]	[]	false	false	false
F-G-contradiction-17.ltl	false	"[""UNREALIZABLE"", ""UNREALIZABLE"", ""UNREALIZABLE"", ""UNREALIZABLE"", ""UNREALIZABLE""]"	"[""UNREALIZABLE""]"	5	5/5	"[""UNREALIZABLE"", ""UNREALIZABLE"", ""UNREALIZABLE"", ""UNREALIZABLE"", ""UNREALIZABLE""]"	"[""UNREALIZABLE""]"	5	5/5	[10.555222950992174, 10.18286318500759, 10.276307708991226, 10.059924378991127, 10.619591454975307]	[10.504930100985803, 10.441033589013387, 10.51742591598304, 10.116261681017932, 10.650151056004688]	[-0.050292850006371737, 0.2581704040057957, 0.24111820699181408, 0.05633730202680454, 0.030559601029381156]	10.276307708991226	10.504930100985803	0.2163833300000988	1	4	[1]	[2, 3, 4, 5]	"[""unavailable"", ""unavailable"", ""unavailable"", ""unavailable"", ""unavailable""]"	"[""unavailable"", ""unavailable"", ""unavailable"", ""unavailable"", ""unavailable""]"	"[""unavailable"", ""unavailable"", ""unavailable"", ""unavailable"", ""unavailable""]"	unavailable	unavailable	unavailable	unavailable	unavailable	[696795136, 696750080, 696840192, 696619008, 696569856]	[919580672, 901226496, 880164864, 906256384, 902402048]	[222785536, 204476416, 183324672, 209637376, 205832192]	696750080	902402048	90112	0	5	false	[]	[]	0.5138153854495613	false	false	unavailable	false	false	[]	[]	[]	false	false	false
F-G-contradiction-18.ltl	false	"[""UNREALIZABLE"", ""UNREALIZABLE"", ""UNREALIZABLE"", ""UNREALIZABLE"", ""UNREALIZABLE""]"	"[""UNREALIZABLE""]"	5	5/5	"[""UNREALIZABLE"", ""UNREALIZABLE"", ""UNREALIZABLE"", ""UNREALIZABLE"", ""UNREALIZABLE""]"	"[""UNREALIZABLE""]"	5	5/5	[11.822372610971797, 11.611390804988332, 11.584881515009329, 12.407462423027027, 11.851571872015484]	[12.135603116999846, 12.010218295967206, 12.237260619993322, 12.583043862017803, 12.214265713002533]	[0.3132305060280487, 0.39882749097887427, 0.6523791049839929, 0.1755814389907755, 0.36269384098704904]	11.822372610971797	12.214265713002533	0.21098180598346516	0	5	[]	[1, 2, 3, 4, 5]	"[""unavailable"", ""unavailable"", ""unavailable"", ""unavailable"", ""unavailable""]"	"[""unavailable"", ""unavailable"", ""unavailable"", ""unavailable"", ""unavailable""]"	"[""unavailable"", ""unavailable"", ""unavailable"", ""unavailable"", ""unavailable""]"	unavailable	unavailable	unavailable	unavailable	unavailable	[767451136, 767623168, 767766528, 767705088, 767614976]	[935456768, 935518208, 935473152, 935542784, 935612416]	[168005632, 167895040, 167706624, 167837696, 167997440]	767623168	935518208	81920	0	5	false	[]	[]	0.5911186305485899	false	false	unavailable	false	false	[]	[]	[]	false	false	false
F-G-contradiction-19.ltl	false	"[""UNREALIZABLE"", ""UNREALIZABLE"", ""UNREALIZABLE"", ""UNREALIZABLE"", ""UNREALIZABLE""]"	"[""UNREALIZABLE""]"	5	5/5	"[""UNREALIZABLE"", ""UNREALIZABLE"", ""UNREALIZABLE"", ""UNREALIZABLE"", ""UNREALIZABLE""]"	"[""UNREALIZABLE""]"	5	5/5	[13.025193248002324, 12.359454392979387, 13.41223615501076, 13.1669094079989, 12.398471832973883]	[12.04886629700195, 12.494427568046376, 12.173864171025343, 11.851382112014107, 11.914430851989891]	[-0.9763269510003738, 0.13497317506698892, -1.2383719839854166, -1.3155272959847935, -0.4840409809839912]	13.025193248002324	12.04886629700195	0.3870429070084356	4	1	[1, 3, 4, 5]	[2]	"[""unavailable"", ""unavailable"", ""unavailable"", ""unavailable"", ""unavailable""]"	"[""unavailable"", ""unavailable"", ""unavailable"", ""unavailable"", ""unavailable""]"	"[""unavailable"", ""unavailable"", ""unavailable"", ""unavailable"", ""unavailable""]"	unavailable	unavailable	unavailable	unavailable	unavailable	[813694976, 813723648, 813629440, 813674496, 813809664]	[985800704, 958828544, 951050240, 986578944, 966410240]	[172105728, 145104896, 137420800, 172904448, 152600576]	813694976	966410240	28672	0	5	false	[]	[]	0.6512596624001162	false	false	unavailable	false	false	[]	[]	[]	false	false	false
GF-G-contradiction3.ltl	false	"[""UNREALIZABLE"", ""UNREALIZABLE"", ""UNREALIZABLE"", ""UNREALIZABLE"", ""UNREALIZABLE""]"	"[""UNREALIZABLE""]"	5	5/5	"[""UNREALIZABLE"", ""UNREALIZABLE"", ""UNREALIZABLE"", ""UNREALIZABLE"", ""UNREALIZABLE""]"	"[""UNREALIZABLE""]"	5	5/5	[1.5704739969805814, 1.7385776090086438, 1.7169514510314912, 1.8052114190068096, 1.6503120179986581]	[1.6895400349749252, 1.6359617710113525, 1.632441880996339, 1.6875915960408747, 1.6692358310101554]	[0.11906603799434379, -0.10261583799729124, -0.08450957003515214, -0.11761982296593487, 0.01892381301149726]	1.7169514510314912	1.6692358310101554	0.06663943303283304	3	2	[2, 3, 4]	[1, 5]	"[""unavailable"", ""unavailable"", ""unavailable"", ""unavailable"", ""unavailable""]"	"[""unavailable"", ""unavailable"", ""unavailable"", ""unavailable"", ""unavailable""]"	"[""unavailable"", ""unavailable"", ""unavailable"", ""unavailable"", ""unavailable""]"	unavailable	unavailable	unavailable	unavailable	unavailable	[146497536, 146583552, 146583552, 146550784, 146522112]	[169738240, 166170624, 168349696, 167800832, 167739392]	[23240704, 19587072, 21766144, 21250048, 21217280]	146550784	167800832	32768	0	5	false	[]	[]	0.08584757255157456	false	false	unavailable	false	false	[]	[]	[]	false	false	false
GF-G-contradiction4.ltl	false	"[""UNREALIZABLE"", ""UNREALIZABLE"", ""UNREALIZABLE"", ""UNREALIZABLE"", ""UNREALIZABLE""]"	"[""UNREALIZABLE""]"	5	5/5	"[""UNREALIZABLE"", ""UNREALIZABLE"", ""UNREALIZABLE"", ""UNREALIZABLE"", ""UNREALIZABLE""]"	"[""UNREALIZABLE""]"	5	5/5	[1.684551003971137, 1.773950339993462, 1.8423353310208768, 1.805250328965485, 1.781631374033168]	[1.8185630099615082, 1.8292282210313715, 1.8681955839856528, 1.7500672850292176, 1.7010209760046564]	[0.1340120059903711, 0.05527788103790954, 0.02586025296477601, -0.055183043936267495, -0.08061039802851155]	1.781631374033168	1.8185630099615082	0.023618954932317138	2	3	[4, 5]	[1, 2, 3]	"[""unavailable"", ""unavailable"", ""unavailable"", ""unavailable"", ""unavailable""]"	"[""unavailable"", ""unavailable"", ""unavailable"", ""unavailable"", ""unavailable""]"	"[""unavailable"", ""unavailable"", ""unavailable"", ""unavailable"", ""unavailable""]"	unavailable	unavailable	unavailable	unavailable	unavailable	[153411584, 153366528, 153399296, 153444352, 153395200]	[184639488, 186454016, 184172544, 185151488, 183992320]	[31227904, 33087488, 30773248, 31707136, 30597120]	153399296	184639488	12288	0	5	false	[]	[]	0.0890815687016584	false	false	unavailable	false	false	[]	[]	[]	false	false	false
GF-G-contradiction6.ltl	true	"[""UNREALIZABLE"", ""UNREALIZABLE"", ""UNREALIZABLE"", ""UNREALIZABLE"", ""UNREALIZABLE""]"	"[""UNREALIZABLE""]"	5	5/5	"[""UNREALIZABLE"", ""UNREALIZABLE"", ""UNREALIZABLE"", ""UNREALIZABLE"", ""UNREALIZABLE""]"	"[""UNREALIZABLE""]"	5	5/5	[16.642647412023507, 16.430229203018826, 15.383939066028688, 15.51668665499892, 16.392178641981445]	[16.22165868798038, 16.553296465950552, 16.30648306902731, 16.525136723998003, 15.978907048003748]	[-0.42098872404312715, 0.12306726293172687, 0.9225440029986203, 1.0084500689990819, -0.4132715939776972]	16.392178641981445	16.30648306902731	0.2504687700420618	2	3	[1, 5]	[2, 3, 4]	"[""unavailable"", ""unavailable"", ""unavailable"", ""unavailable"", ""unavailable""]"	"[""unavailable"", ""unavailable"", ""unavailable"", ""unavailable"", ""unavailable""]"	"[""unavailable"", ""unavailable"", ""unavailable"", ""unavailable"", ""unavailable""]"	unavailable	unavailable	unavailable	unavailable	unavailable	[695111680, 694939648, 695279616, 695119872, 695242752]	[695160832, 695107584, 695238656, 695136256, 695050240]	[49152, 167936, -40960, 16384, -192512]	695119872	695136256	122880	2	3	false	[]	[]	0.8196089320990723	false	false	unavailable	false	false	[]	[]	[]	false	false	false
GF-G-contradiction7.ltl	false	"[""TIMEOUT"", ""UNREALIZABLE"", ""TIMEOUT"", ""TIMEOUT"", ""TIMEOUT""]"	"[""UNREALIZABLE""]"	1	1/5	"[""TIMEOUT"", ""TIMEOUT"", ""UNREALIZABLE"", ""TIMEOUT"", ""TIMEOUT""]"	"[""UNREALIZABLE""]"	1	1/5	[17.0, 16.66024437203305, 17.0, 17.0, 17.0]	[17.0, 17.0, 16.73560901300516, 17.0, 17.0]	[0.0, 0.3397556279669516, -0.2643909869948402, 0.0, 0.0]	17.0	17.0	0.0	1	1	[3]	[2]	"[""unavailable"", ""unavailable"", ""unavailable"", ""unavailable"", ""unavailable""]"	"[""unavailable"", ""unavailable"", ""unavailable"", ""unavailable"", ""unavailable""]"	"[""unavailable"", ""unavailable"", ""unavailable"", ""unavailable"", ""unavailable""]"	unavailable	unavailable	unavailable	unavailable	unavailable	"[""unavailable"", 758517760, ""unavailable"", ""unavailable"", ""unavailable""]"	"[""unavailable"", ""unavailable"", 758525952, ""unavailable"", ""unavailable""]"	"[""unavailable"", ""unavailable"", ""unavailable"", ""unavailable"", ""unavailable""]"	unavailable	unavailable	unavailable	unavailable	unavailable	false	[2]	[]	0.8500000000000001	false	false	unavailable	false	false	[]	"[""mixed paired verdict losses — unresolved, blocks admission""]"	"[""lost verdict in paired rounds [2]"", ""changed round statuses"", ""mixed paired verdict losses — unresolved, blocks admission""]"	false	false	false
Morning_f2774e0b.ltl	false	"[""UNREALIZABLE"", ""UNREALIZABLE"", ""UNREALIZABLE"", ""UNREALIZABLE"", ""UNREALIZABLE""]"	"[""UNREALIZABLE""]"	5	5/5	"[""UNREALIZABLE"", ""UNREALIZABLE"", ""UNREALIZABLE"", ""UNREALIZABLE"", ""UNREALIZABLE""]"	"[""UNREALIZABLE""]"	5	5/5	[3.6516411500051618, 3.5762847990263253, 3.576930948009249, 3.7136124480166472, 3.5391030950122513]	[3.6103626179974526, 3.5573599960189313, 3.5798972379998304, 3.5575733929872513, 3.6655025749932975]	[-0.041278532007709146, -0.018924803007394075, 0.002966289990581572, -0.15603905502939597, 0.12639947998104617]	3.576930948009249	3.5798972379998304	0.037827852996997535	3	2	[1, 2, 4]	[3, 5]	"[""unavailable"", ""unavailable"", ""unavailable"", ""unavailable"", ""unavailable""]"	"[""unavailable"", ""unavailable"", ""unavailable"", ""unavailable"", ""unavailable""]"	"[""unavailable"", ""unavailable"", ""unavailable"", ""unavailable"", ""unavailable""]"	unavailable	unavailable	unavailable	unavailable	unavailable	[204820480, 204853248, 198160384, 204759040, 204853248]	[204763136, 196456448, 204951552, 204849152, 204681216]	[-57344, -8396800, 6791168, 90112, -172032]	204820480	204763136	32768	3	2	false	[]	[]	0.17884654740046246	false	false	unavailable	false	false	[]	[]	[]	false	false	false
SPIPureNext.ltl	true	"[""TIMEOUT"", ""TIMEOUT"", ""TIMEOUT"", ""TIMEOUT"", ""TIMEOUT""]"	[]	0	0/5	"[""REALIZABLE"", ""REALIZABLE"", ""REALIZABLE"", ""REALIZABLE"", ""REALIZABLE""]"	"[""REALIZABLE""]"	5	5/5	[17.0, 17.0, 17.0, 17.0, 17.0]	[0.49677434598561376, 0.5200206789886579, 0.5301488040131517, 0.5303267940180376, 0.5165376489749178]	[-16.503225654014386, -16.479979321011342, -16.46985119598685, -16.469673205981962, -16.483462351025082]	17.0	0.5200206789886579	0.0	5	0	[1, 2, 3, 4, 5]	[]	"[""unavailable"", ""unavailable"", ""unavailable"", ""unavailable"", ""unavailable""]"	"[""unavailable"", ""unavailable"", ""unavailable"", ""unavailable"", ""unavailable""]"	"[""unavailable"", ""unavailable"", ""unavailable"", ""unavailable"", ""unavailable""]"	unavailable	unavailable	unavailable	unavailable	unavailable	"[""unavailable"", ""unavailable"", ""unavailable"", ""unavailable"", ""unavailable""]"	[30236672, 30347264, 30343168, 30449664, 30371840]	"[""unavailable"", ""unavailable"", ""unavailable"", ""unavailable"", ""unavailable""]"	unavailable	30347264	unavailable	unavailable	unavailable	false	[]	[]	0.8500000000000001	false	false	unavailable	false	false	[]	[]	"[""changed round statuses""]"	false	false	false
amba_decomposed_arbiter_pb_6_pe_.ltl	false	"[""REALIZABLE"", ""REALIZABLE"", ""REALIZABLE"", ""REALIZABLE"", ""REALIZABLE""]"	"[""REALIZABLE""]"	5	5/5	"[""REALIZABLE"", ""REALIZABLE"", ""REALIZABLE"", ""REALIZABLE"", ""REALIZABLE""]"	"[""REALIZABLE""]"	5	5/5	[1.1823190309805796, 1.2032503749942407, 1.2386724959942512, 1.2744927260209806, 1.1653803769731894]	[1.139856380992569, 1.1890733320033178, 1.1889316180022433, 1.1340736399870366, 1.145335162000265]	[-0.042462649988010526, -0.014177042990922928, -0.04974087799200788, -0.14041908603394404, -0.02004521497292444]	1.2032503749942407	1.145335162000265	0.03542212100001052	5	0	[1, 2, 3, 4, 5]	[]	"[""unavailable"", ""unavailable"", ""unavailable"", ""unavailable"", ""unavailable""]"	"[""unavailable"", ""unavailable"", ""unavailable"", ""unavailable"", ""unavailable""]"	"[""unavailable"", ""unavailable"", ""unavailable"", ""unavailable"", ""unavailable""]"	unavailable	unavailable	unavailable	unavailable	unavailable	[63557632, 63631360, 63909888, 63639552, 63631360]	[63475712, 63328256, 63492096, 63488000, 63623168]	[-81920, -303104, -417792, -151552, -8192]	63631360	63488000	8192	5	0	false	[]	[]	0.06016251874971204	false	false	unavailable	false	false	[]	[]	[]	false	false	false
arbiter_on_inpchange_pb_4_pe_.ltl	false	"[""REALIZABLE"", ""REALIZABLE"", ""REALIZABLE"", ""REALIZABLE"", ""REALIZABLE""]"	"[""REALIZABLE""]"	5	5/5	"[""REALIZABLE"", ""REALIZABLE"", ""REALIZABLE"", ""REALIZABLE"", ""REALIZABLE""]"	"[""REALIZABLE""]"	5	5/5	[0.7809408589964733, 0.7742810869822279, 0.8425389369949698, 0.7781754109892063, 0.7989880770328455]	[1.2924799069878645, 1.2431406720425002, 1.2799779900233261, 1.3194905199925415, 1.3553254460566677]	[0.5115390479913913, 0.46885958506027237, 0.4374390530283563, 0.5413151090033352, 0.5563373690238222]	0.7809408589964733	1.2924799069878645	0.006659772014245391	0	5	[]	[1, 2, 3, 4, 5]	"[""unavailable"", ""unavailable"", ""unavailable"", ""unavailable"", ""unavailable""]"	"[""unavailable"", ""unavailable"", ""unavailable"", ""unavailable"", ""unavailable""]"	"[""unavailable"", ""unavailable"", ""unavailable"", ""unavailable"", ""unavailable""]"	unavailable	unavailable	unavailable	unavailable	unavailable	[55967744, 55967744, 55984128, 56008704, 55844864]	[140148736, 141049856, 141737984, 140820480, 140038144]	[84180992, 85082112, 85753856, 84811776, 84193280]	55967744	140820480	16384	0	5	false	[]	[]	0.05	true	true	unavailable	false	false	"[""slowdown — validated""]"	[]	"[""slowdown — validated""]"	false	false	false
arbiter_with_buffer_pb_5_pe_.ltl	false	"[""REALIZABLE"", ""REALIZABLE"", ""REALIZABLE"", ""REALIZABLE"", ""REALIZABLE""]"	"[""REALIZABLE""]"	5	5/5	"[""REALIZABLE"", ""REALIZABLE"", ""REALIZABLE"", ""REALIZABLE"", ""REALIZABLE""]"	"[""REALIZABLE""]"	5	5/5	[0.9075937930028886, 0.9175923940492794, 0.9026022059842944, 0.9463772010058165, 0.9573782460065559]	[0.8309295190265402, 0.8908655110280961, 0.8915001259883866, 0.8240337870083749, 0.9134806329966523]	[-0.07666427397634834, -0.026726883021183312, -0.011102079995907843, -0.12234341399744153, -0.04389761300990358]	0.9175923940492794	0.8908655110280961	0.014990188064984977	5	0	[1, 2, 3, 4, 5]	[]	"[""unavailable"", ""unavailable"", ""unavailable"", ""unavailable"", ""unavailable""]"	"[""unavailable"", ""unavailable"", ""unavailable"", ""unavailable"", ""unavailable""]"	"[""unavailable"", ""unavailable"", ""unavailable"", ""unavailable"", ""unavailable""]"	unavailable	unavailable	unavailable	unavailable	unavailable	[55627776, 55468032, 55459840, 55545856, 55480320]	[55320576, 55414784, 55549952, 55615488, 55558144]	[-307200, -53248, 90112, 69632, 77824]	55480320	55549952	20480	2	3	false	[]	[]	0.05	false	false	unavailable	false	false	[]	[]	[]	false	false	false
buffer-storage-real.ltl	false	"[""REALIZABLE"", ""REALIZABLE"", ""REALIZABLE"", ""REALIZABLE"", ""REALIZABLE""]"	"[""REALIZABLE""]"	5	5/5	"[""REALIZABLE"", ""REALIZABLE"", ""REALIZABLE"", ""REALIZABLE"", ""REALIZABLE""]"	"[""REALIZABLE""]"	5	5/5	[0.624309474020265, 0.6320810450124554, 0.644958188990131, 0.6749741709791124, 0.57356006099144]	[0.5988148599863052, 0.6444309949874878, 0.6170319200027734, 0.6397610689746216, 0.6107258679694496]	[-0.025494614033959806, 0.01234994997503236, -0.027926268987357616, -0.03521310200449079, 0.03716580697800964]	0.6320810450124554	0.6170319200027734	0.012877143977675587	3	2	[1, 3, 4]	[2, 5]	"[""unavailable"", ""unavailable"", ""unavailable"", ""unavailable"", ""unavailable""]"	"[""unavailable"", ""unavailable"", ""unavailable"", ""unavailable"", ""unavailable""]"	"[""unavailable"", ""unavailable"", ""unavailable"", ""unavailable"", ""unavailable""]"	unavailable	unavailable	unavailable	unavailable	unavailable	[52023296, 51892224, 51916800, 51875840, 51945472]	[51851264, 51888128, 51896320, 51810304, 51806208]	[-172032, -4096, -20480, -65536, -139264]	51916800	51851264	28672	5	0	false	[]	[]	0.05	false	false	unavailable	false	false	[]	[]	[]	false	false	false
chain-simple-40-real.ltl	false	"[""REALIZABLE"", ""REALIZABLE"", ""REALIZABLE"", ""REALIZABLE"", ""REALIZABLE""]"	"[""REALIZABLE""]"	5	5/5	"[""REALIZABLE"", ""REALIZABLE"", ""REALIZABLE"", ""REALIZABLE"", ""REALIZABLE""]"	"[""REALIZABLE""]"	5	5/5	[0.5719119900022633, 0.5576720850076526, 0.6036320420098491, 0.5893326390068978, 0.532260217005387]	[0.5772598969633691, 0.584784384991508, 0.5160845160135068, 0.5710591310053132, 0.5653031669789925]	[0.005347906961105764, 0.027112299983855337, -0.0875475259963423, -0.01827350800158456, 0.03304294997360557]	0.5719119900022633	0.5710591310053132	0.01742064900463447	2	3	[3, 4]	[1, 2, 5]	"[""unavailable"", ""unavailable"", ""unavailable"", ""unavailable"", ""unavailable""]"	"[""unavailable"", ""unavailable"", ""unavailable"", ""unavailable"", ""unavailable""]"	"[""unavailable"", ""unavailable"", ""unavailable"", ""unavailable"", ""unavailable""]"	unavailable	unavailable	unavailable	unavailable	unavailable	[106311680, 106287104, 106119168, 106307584, 106225664]	[106213376, 106311680, 106311680, 106274816, 106213376]	[-98304, 24576, 192512, -32768, -12288]	106287104	106274816	24576	3	2	false	[]	[]	0.05	false	false	unavailable	false	false	[]	[]	[]	false	false	false
collector_v2_pb_11_pe_.ltl	false	"[""REALIZABLE"", ""REALIZABLE"", ""REALIZABLE"", ""REALIZABLE"", ""REALIZABLE""]"	"[""REALIZABLE""]"	5	5/5	"[""REALIZABLE"", ""REALIZABLE"", ""REALIZABLE"", ""REALIZABLE"", ""REALIZABLE""]"	"[""REALIZABLE""]"	5	5/5	[0.31827953999163583, 0.33752852102043107, 0.3054051279905252, 0.31551303598098457, 0.321511022048071]	[0.32963644998380914, 0.3258145060390234, 0.328442700963933, 0.3197255569975823, 0.3183656969922595]	[0.011356909992173314, -0.011714014981407672, 0.023037572973407805, 0.004212521016597748, -0.003145325055811554]	0.31827953999163583	0.3258145060390234	0.0032314820564351976	2	3	[2, 5]	[1, 3, 4]	"[""unavailable"", ""unavailable"", ""unavailable"", ""unavailable"", ""unavailable""]"	"[""unavailable"", ""unavailable"", ""unavailable"", ""unavailable"", ""unavailable""]"	"[""unavailable"", ""unavailable"", ""unavailable"", ""unavailable"", ""unavailable""]"	unavailable	unavailable	unavailable	unavailable	unavailable	[86016000, 86618112, 87744512, 88129536, 84475904]	[87191552, 85454848, 88203264, 76967936, 81371136]	[1175552, -1163264, 458752, -11161600, -3104768]	86618112	85454848	1126400	3	2	false	[]	[]	0.05	false	false	unavailable	false	false	[]	[]	[]	false	false	false
finding_nemo_pb_2_pe_.ltl	false	"[""REALIZABLE"", ""REALIZABLE"", ""REALIZABLE"", ""REALIZABLE"", ""REALIZABLE""]"	"[""REALIZABLE""]"	5	5/5	"[""REALIZABLE"", ""REALIZABLE"", ""REALIZABLE"", ""REALIZABLE"", ""REALIZABLE""]"	"[""REALIZABLE""]"	5	5/5	[4.673495255992748, 4.86156164703425, 4.938660769024864, 5.011129461985547, 4.390935792995151]	[4.899832850962412, 4.692422976018861, 4.440061883011367, 4.720921174972318, 5.129913295968436]	[0.22633759496966377, -0.16913867101538926, -0.49859888601349667, -0.290208287013229, 0.7389775029732846]	4.86156164703425	4.720921174972318	0.1495678149512969	3	2	[2, 3, 4]	[1, 5]	"[""unavailable"", ""unavailable"", ""unavailable"", ""unavailable"", ""unavailable""]"	"[""unavailable"", ""unavailable"", ""unavailable"", ""unavailable"", ""unavailable""]"	"[""unavailable"", ""unavailable"", ""unavailable"", ""unavailable"", ""unavailable""]"	unavailable	unavailable	unavailable	unavailable	unavailable	[101822464, 102146048, 102043648, 102924288, 102158336]	[102170624, 102023168, 101990400, 101138432, 102109184]	[348160, -122880, -53248, -1785856, -49152]	102146048	102023168	102400	4	1	false	[]	[]	0.24307808235171252	false	false	unavailable	false	false	[]	[]	[]	false	false	false
g-real-real.ltl	false	"[""REALIZABLE"", ""REALIZABLE"", ""REALIZABLE"", ""REALIZABLE"", ""REALIZABLE""]"	"[""REALIZABLE""]"	5	5/5	"[""REALIZABLE"", ""REALIZABLE"", ""REALIZABLE"", ""REALIZABLE"", ""REALIZABLE""]"	"[""REALIZABLE""]"	5	5/5	[4.418157676002011, 4.378260755969677, 4.6700640469789505, 4.424636805022601, 4.324527456948999]	[2.685746516974177, 2.5056348600191996, 2.769008308008779, 2.752076892997138, 2.889041990041733]	[-1.7324111590278335, -1.8726258959504776, -1.9010557389701717, -1.6725599120254628, -1.4354854669072665]	4.418157676002011	2.752076892997138	0.03989692003233358	5	0	[1, 2, 3, 4, 5]	[]	"[""unavailable"", ""unavailable"", ""unavailable"", ""unavailable"", ""unavailable""]"	"[""unavailable"", ""unavailable"", ""unavailable"", ""unavailable"", ""unavailable""]"	"[""unavailable"", ""unavailable"", ""unavailable"", ""unavailable"", ""unavailable""]"	unavailable	unavailable	unavailable	unavailable	unavailable	[245182464, 245456896, 245465088, 245358592, 245362688]	[245248000, 245272576, 245403648, 245354496, 245362688]	[65536, -184320, -61440, -4096, 0]	245362688	245354496	94208	3	1	false	[]	[]	0.22090788380010054	false	false	unavailable	false	false	[]	[]	[]	false	false	false
g-unreal-112.ltl	false	"[""UNREALIZABLE"", ""UNREALIZABLE"", ""UNREALIZABLE"", ""UNREALIZABLE"", ""UNREALIZABLE""]"	"[""UNREALIZABLE""]"	5	5/5	"[""UNREALIZABLE"", ""UNREALIZABLE"", ""UNREALIZABLE"", ""UNREALIZABLE"", ""UNREALIZABLE""]"	"[""UNREALIZABLE""]"	5	5/5	[6.685196155041922, 6.618959116982296, 6.884979879949242, 6.792320984008256, 6.636481713037938]	[6.45787412795471, 6.343660235987045, 7.224355593963992, 6.392266656039283, 6.635060548025649]	[-0.2273220270872116, -0.27529888099525124, 0.33937571401475, -0.40005432796897367, -0.0014211650122888386]	6.685196155041922	6.45787412795471	0.06623703805962577	4	1	[1, 2, 4, 5]	[3]	"[""unavailable"", ""unavailable"", ""unavailable"", ""unavailable"", ""unavailable""]"	"[""unavailable"", ""unavailable"", ""unavailable"", ""unavailable"", ""unavailable""]"	"[""unavailable"", ""unavailable"", ""unavailable"", ""unavailable"", ""unavailable""]"	unavailable	unavailable	unavailable	unavailable	unavailable	[442253312, 449847296, 450240512, 453677056, 447139840]	[410529792, 392880128, 427634688, 418496512, 418971648]	[-31723520, -56967168, -22605824, -35180544, -28168192]	449847296	418496512	2707456	5	0	false	[]	[]	0.3342598077520961	false	false	unavailable	false	false	[]	[]	[]	false	false	false
g-unreal-113.ltl	false	"[""UNREALIZABLE"", ""UNREALIZABLE"", ""UNREALIZABLE"", ""UNREALIZABLE"", ""UNREALIZABLE""]"	"[""UNREALIZABLE""]"	5	5/5	"[""UNREALIZABLE"", ""UNREALIZABLE"", ""UNREALIZABLE"", ""UNREALIZABLE"", ""UNREALIZABLE""]"	"[""UNREALIZABLE""]"	5	5/5	[7.55445207800949, 7.67604959604796, 7.769406603008974, 7.737410387024283, 7.545813623000868]	[7.247963479021564, 7.411692066001706, 8.082540667965077, 7.353807454986963, 7.377523171016946]	[-0.3064885989879258, -0.2643575300462544, 0.3131340649561025, -0.38360293203732, -0.16829045198392123]	7.67604959604796	7.377523171016946	0.09335700696101412	4	1	[1, 2, 4, 5]	[3]	"[""unavailable"", ""unavailable"", ""unavailable"", ""unavailable"", ""unavailable""]"	"[""unavailable"", ""unavailable"", ""unavailable"", ""unavailable"", ""unavailable""]"	"[""unavailable"", ""unavailable"", ""unavailable"", ""unavailable"", ""unavailable""]"	unavailable	unavailable	unavailable	unavailable	unavailable	[514609152, 514568192, 514379776, 514617344, 514617344]	[475676672, 490315776, 505442304, 501751808, 475357184]	[-38932480, -24252416, -8937472, -12865536, -39260160]	514609152	490315776	8192	5	0	false	[]	[]	0.383802479802398	false	false	unavailable	false	false	[]	[]	[]	false	false	false
g-unreal-115.ltl	true	"[""TIMEOUT"", ""TIMEOUT"", ""TIMEOUT"", ""TIMEOUT"", ""TIMEOUT""]"	[]	0	0/5	"[""UNREALIZABLE"", ""TIMEOUT"", ""UNREALIZABLE"", ""TIMEOUT"", ""UNREALIZABLE""]"	"[""UNREALIZABLE""]"	3	3/5	[17.0, 17.0, 17.0, 17.0, 17.0]	[16.946415383019485, 17.0, 16.762426553992555, 17.0, 16.606706881022546]	[-0.05358461698051542, 0.0, -0.23757344600744545, 0.0, -0.39329311897745356]	17.0	16.946415383019485	0.0	3	0	[1, 3, 5]	[]	"[""unavailable"", ""unavailable"", ""unavailable"", ""unavailable"", ""unavailable""]"	"[""unavailable"", ""unavailable"", ""unavailable"", ""unavailable"", ""unavailable""]"	"[""unavailable"", ""unavailable"", ""unavailable"", ""unavailable"", ""unavailable""]"	unavailable	unavailable	unavailable	unavailable	unavailable	"[""unavailable"", ""unavailable"", ""unavailable"", ""unavailable"", ""unavailable""]"	"[1287651328, ""unavailable"", 1275555840, ""unavailable"", 1285484544]"	"[""unavailable"", ""unavailable"", ""unavailable"", ""unavailable"", ""unavailable""]"	unavailable	unavailable	unavailable	unavailable	unavailable	false	[]	[]	0.8500000000000001	false	false	unavailable	false	false	[]	[]	"[""changed round statuses""]"	false	false	false
g-unreal-18.ltl	false	"[""UNREALIZABLE"", ""UNREALIZABLE"", ""UNREALIZABLE"", ""UNREALIZABLE"", ""UNREALIZABLE""]"	"[""UNREALIZABLE""]"	5	5/5	"[""UNREALIZABLE"", ""UNREALIZABLE"", ""UNREALIZABLE"", ""UNREALIZABLE"", ""UNREALIZABLE""]"	"[""UNREALIZABLE""]"	5	5/5	[1.148427695967257, 1.1516697100014426, 1.1313306050142273, 1.2502410459564999, 1.140107145998627]	[1.0697841189685278, 1.197082335012965, 1.0780028030276299, 1.1344902179553173, 1.130545063992031]	[-0.07864357699872926, 0.04541262501152232, -0.05332780198659748, -0.11575082800118253, -0.009562082006596029]	1.148427695967257	1.130545063992031	0.008320549968630075	4	1	[1, 3, 4, 5]	[2]	"[""unavailable"", ""unavailable"", ""unavailable"", ""unavailable"", ""unavailable""]"	"[""unavailable"", ""unavailable"", ""unavailable"", ""unavailable"", ""unavailable""]"	"[""unavailable"", ""unavailable"", ""unavailable"", ""unavailable"", ""unavailable""]"	unavailable	unavailable	unavailable	unavailable	unavailable	[123367424, 123523072, 123527168, 123564032, 123568128]	[123465728, 123490304, 123412480, 123465728, 123502592]	[98304, -32768, -114688, -98304, -65536]	123527168	123465728	36864	4	1	false	[]	[]	0.057421384798362854	false	false	unavailable	false	false	[]	[]	[]	false	false	false
g-unreal-19.ltl	false	"[""UNREALIZABLE"", ""UNREALIZABLE"", ""UNREALIZABLE"", ""UNREALIZABLE"", ""UNREALIZABLE""]"	"[""UNREALIZABLE""]"	5	5/5	"[""UNREALIZABLE"", ""UNREALIZABLE"", ""UNREALIZABLE"", ""UNREALIZABLE"", ""UNREALIZABLE""]"	"[""UNREALIZABLE""]"	5	5/5	[2.0303398559917696, 2.1372456069802865, 2.0862757190479897, 2.0174018170218915, 2.0624172399984673]	[1.9553489930112846, 1.97577259701211, 1.9525385070010088, 2.093881766020786, 2.0796621540212072]	[-0.07499086298048496, -0.16147300996817648, -0.13373721204698086, 0.07647994899889454, 0.017244914022739977]	2.0624172399984673	1.97577259701211	0.032077384006697685	3	2	[1, 2, 3]	[4, 5]	"[""unavailable"", ""unavailable"", ""unavailable"", ""unavailable"", ""unavailable""]"	"[""unavailable"", ""unavailable"", ""unavailable"", ""unavailable"", ""unavailable""]"	"[""unavailable"", ""unavailable"", ""unavailable"", ""unavailable"", ""unavailable""]"	unavailable	unavailable	unavailable	unavailable	unavailable	[194572288, 194527232, 194514944, 194531328, 194420736]	[194371584, 194416640, 194490368, 194543616, 194318336]	[-200704, -110592, -24576, 12288, -102400]	194527232	194416640	12288	4	1	false	[]	[]	0.10312086199992337	false	false	unavailable	false	false	[]	[]	[]	false	false	false
g-unreal-33.ltl	false	"[""UNREALIZABLE"", ""UNREALIZABLE"", ""UNREALIZABLE"", ""UNREALIZABLE"", ""UNREALIZABLE""]"	"[""UNREALIZABLE""]"	5	5/5	"[""UNREALIZABLE"", ""UNREALIZABLE"", ""UNREALIZABLE"", ""UNREALIZABLE"", ""UNREALIZABLE""]"	"[""UNREALIZABLE""]"	5	5/5	[0.552859395975247, 0.5232900959672406, 0.5550679439911619, 0.5506243600393645, 0.5578950890339911]	[0.5667701360071078, 0.5668003580067307, 0.5448565559927374, 0.5814261109917425, 0.5875416820053943]	[0.013910740031860769, 0.043510262039490044, -0.01021138799842447, 0.030801750952377915, 0.029646592971403152]	0.552859395975247	0.5668003580067307	0.002235035935882479	1	4	[3]	[1, 2, 4, 5]	"[""unavailable"", ""unavailable"", ""unavailable"", ""unavailable"", ""unavailable""]"	"[""unavailable"", ""unavailable"", ""unavailable"", ""unavailable"", ""unavailable""]"	"[""unavailable"", ""unavailable"", ""unavailable"", ""unavailable"", ""unavailable""]"	unavailable	unavailable	unavailable	unavailable	unavailable	[48467968, 48463872, 48463872, 48463872, 48451584]	[70672384, 70696960, 70475776, 70651904, 70746112]	[22204416, 22233088, 22011904, 22188032, 22294528]	48463872	70672384	0	0	5	false	[]	[]	0.05	false	false	unavailable	false	false	[]	[]	[]	false	false	false
g-unreal-34.ltl	false	"[""UNREALIZABLE"", ""UNREALIZABLE"", ""UNREALIZABLE"", ""UNREALIZABLE"", ""UNREALIZABLE""]"	"[""UNREALIZABLE""]"	5	5/5	"[""UNREALIZABLE"", ""UNREALIZABLE"", ""UNREALIZABLE"", ""UNREALIZABLE"", ""UNREALIZABLE""]"	"[""UNREALIZABLE""]"	5	5/5	[0.8764686470385641, 0.9414022149867378, 0.9493715820135549, 0.8848076020367444, 0.9442805179860443]	[0.8909714330220595, 0.9605263690464199, 0.9611343709984794, 0.8475122879608534, 0.9392584669985808]	[0.014502785983495414, 0.01912415405968204, 0.011762788984924555, -0.03729531407589093, -0.0050220509874634445]	0.9414022149867378	0.9392584669985808	0.007969367026817054	2	3	[4, 5]	[1, 2, 3]	"[""unavailable"", ""unavailable"", ""unavailable"", ""unavailable"", ""unavailable""]"	"[""unavailable"", ""unavailable"", ""unavailable"", ""unavailable"", ""unavailable""]"	"[""unavailable"", ""unavailable"", ""unavailable"", ""unavailable"", ""unavailable""]"	unavailable	unavailable	unavailable	unavailable	unavailable	[45264896, 45031424, 45125632, 45182976, 45117440]	[98672640, 100671488, 101425152, 93933568, 100921344]	[53407744, 55640064, 56299520, 48750592, 55803904]	45125632	100671488	57344	0	5	false	[]	[]	0.05	false	false	unavailable	false	false	[]	[]	[]	false	false	false
g-unreal-36.ltl	false	"[""UNREALIZABLE"", ""UNREALIZABLE"", ""UNREALIZABLE"", ""UNREALIZABLE"", ""UNREALIZABLE""]"	"[""UNREALIZABLE""]"	5	5/5	"[""UNREALIZABLE"", ""UNREALIZABLE"", ""UNREALIZABLE"", ""UNREALIZABLE"", ""UNREALIZABLE""]"	"[""UNREALIZABLE""]"	5	5/5	[1.1218968689790927, 1.1366542599862441, 1.158037315995898, 1.0831331700319424, 1.167119221005123]	[1.1967774010263383, 1.2280655700014904, 1.1025138109689578, 1.1334372690180317, 1.1450894360314123]	[0.07488053204724565, 0.09141131001524627, -0.055523505026940256, 0.05030409898608923, -0.022029784973710775]	1.1366542599862441	1.1450894360314123	0.021383056009653956	2	3	[3, 5]	[1, 2, 4]	"[""unavailable"", ""unavailable"", ""unavailable"", ""unavailable"", ""unavailable""]"	"[""unavailable"", ""unavailable"", ""unavailable"", ""unavailable"", ""unavailable""]"	"[""unavailable"", ""unavailable"", ""unavailable"", ""unavailable"", ""unavailable""]"	unavailable	unavailable	unavailable	unavailable	unavailable	[104132608, 104108032, 104153088, 103936000, 104112128]	[130543616, 131067904, 128835584, 129622016, 129867776]	[26411008, 26959872, 24682496, 25686016, 25755648]	104112128	129867776	20480	0	5	false	[]	[]	0.05683271299931221	false	false	unavailable	false	false	[]	[]	[]	false	false	false
g-unreal-37.ltl	false	"[""UNREALIZABLE"", ""UNREALIZABLE"", ""UNREALIZABLE"", ""UNREALIZABLE"", ""UNREALIZABLE""]"	"[""UNREALIZABLE""]"	5	5/5	"[""UNREALIZABLE"", ""UNREALIZABLE"", ""UNREALIZABLE"", ""UNREALIZABLE"", ""UNREALIZABLE""]"	"[""UNREALIZABLE""]"	5	5/5	[1.9227785469847731, 1.8885961989872158, 2.0032322769984603, 1.867424719966948, 1.995718559017405]	[1.9032580430503003, 1.8899802749510854, 1.8812935290043242, 1.8826073869713582, 1.9781882149982266]	[-0.0195205039344728, 0.001384075963869691, -0.12193874799413607, 0.015182667004410177, -0.0175303440191783]	1.9227785469847731	1.8899802749510854	0.0553538270178251	3	2	[1, 3, 5]	[2, 4]	"[""unavailable"", ""unavailable"", ""unavailable"", ""unavailable"", ""unavailable""]"	"[""unavailable"", ""unavailable"", ""unavailable"", ""unavailable"", ""unavailable""]"	"[""unavailable"", ""unavailable"", ""unavailable"", ""unavailable"", ""unavailable""]"	unavailable	unavailable	unavailable	unavailable	unavailable	[112635904, 112635904, 112508928, 112451584, 112631808]	[208158720, 208166912, 207892480, 208252928, 208134144]	[95522816, 95531008, 95383552, 95801344, 95502336]	112631808	208158720	4096	0	5	false	[]	[]	0.09613892734923866	false	false	unavailable	false	false	[]	[]	[]	false	false	false
g-unreal-38.ltl	false	"[""UNREALIZABLE"", ""UNREALIZABLE"", ""UNREALIZABLE"", ""UNREALIZABLE"", ""UNREALIZABLE""]"	"[""UNREALIZABLE""]"	5	5/5	"[""UNREALIZABLE"", ""UNREALIZABLE"", ""UNREALIZABLE"", ""UNREALIZABLE"", ""UNREALIZABLE""]"	"[""UNREALIZABLE""]"	5	5/5	[9.208143634954467, 9.540071410010569, 9.588033956009895, 9.080333236954175, 9.150409505004063]	[9.510347455972806, 8.747592550993431, 9.11620402598055, 9.63217334204819, 8.923242835036945]	[0.3022038210183382, -0.7924788590171374, -0.4718299300293438, 0.5518401050940156, -0.22716666996711865]	9.208143634954467	9.11620402598055	0.12781039800029248	3	2	[2, 3, 5]	[1, 4]	"[""unavailable"", ""unavailable"", ""unavailable"", ""unavailable"", ""unavailable""]"	"[""unavailable"", ""unavailable"", ""unavailable"", ""unavailable"", ""unavailable""]"	"[""unavailable"", ""unavailable"", ""unavailable"", ""unavailable"", ""unavailable""]"	unavailable	unavailable	unavailable	unavailable	unavailable	[978812928, 979054592, 979107840, 978927616, 978980864]	[978776064, 979124224, 978997248, 978980864, 978931712]	[-36864, 69632, -110592, 53248, -49152]	978980864	978980864	73728	3	2	false	[]	[]	0.4604071817477234	false	false	unavailable	false	false	[]	[]	[]	false	false	false
heim-buechi-real.ltl	false	"[""REALIZABLE"", ""REALIZABLE"", ""REALIZABLE"", ""REALIZABLE"", ""REALIZABLE""]"	"[""REALIZABLE""]"	5	5/5	"[""REALIZABLE"", ""REALIZABLE"", ""REALIZABLE"", ""REALIZABLE"", ""REALIZABLE""]"	"[""REALIZABLE""]"	5	5/5	[2.0931893329834566, 2.099783533019945, 2.0211790099856444, 2.013614588009659, 2.0146596639533527]	[2.101377215993125, 2.0543968160054646, 2.0782148990547284, 2.1131964480155148, 2.0338070779689588]	[0.00818788300966844, -0.04538671701448038, 0.05703588906908408, 0.09958186000585556, 0.019147414015606046]	2.0211790099856444	2.0782148990547284	0.007564421975985169	1	4	[2]	[1, 3, 4, 5]	"[""unavailable"", ""unavailable"", ""unavailable"", ""unavailable"", ""unavailable""]"	"[""unavailable"", ""unavailable"", ""unavailable"", ""unavailable"", ""unavailable""]"	"[""unavailable"", ""unavailable"", ""unavailable"", ""unavailable"", ""unavailable""]"	unavailable	unavailable	unavailable	unavailable	unavailable	[191672320, 191627264, 191295488, 190144512, 192856064]	[182419456, 180523008, 185524224, 187539456, 183566336]	[-9252864, -11104256, -5771264, -2605056, -9289728]	191627264	183566336	331776	5	0	false	[]	[]	0.10105895049928222	false	false	unavailable	false	false	[]	[]	[]	false	false	false
heim-double-x-real.ltl	true	"[""TIMEOUT"", ""TIMEOUT"", ""TIMEOUT"", ""TIMEOUT"", ""TIMEOUT""]"	[]	0	0/5	"[""REALIZABLE"", ""REALIZABLE"", ""REALIZABLE"", ""REALIZABLE"", ""REALIZABLE""]"	"[""REALIZABLE""]"	5	5/5	[17.0, 17.0, 17.0, 17.0, 17.0]	[0.4006179069983773, 0.3959645369905047, 0.42487986298510805, 0.3965244430000894, 0.4229690339998342]	[-16.599382093001623, -16.604035463009495, -16.575120137014892, -16.60347555699991, -16.577030966000166]	17.0	0.4006179069983773	0.0	5	0	[1, 2, 3, 4, 5]	[]	"[""unavailable"", ""unavailable"", ""unavailable"", ""unavailable"", ""unavailable""]"	"[""unavailable"", ""unavailable"", ""unavailable"", ""unavailable"", ""unavailable""]"	"[""unavailable"", ""unavailable"", ""unavailable"", ""unavailable"", ""unavailable""]"	unavailable	unavailable	unavailable	unavailable	unavailable	"[""unavailable"", ""unavailable"", ""unavailable"", ""unavailable"", ""unavailable""]"	[47804416, 47886336, 47771648, 47665152, 48250880]	"[""unavailable"", ""unavailable"", ""unavailable"", ""unavailable"", ""unavailable""]"	unavailable	47804416	unavailable	unavailable	unavailable	false	[]	[]	0.8500000000000001	false	false	unavailable	false	false	[]	[]	"[""changed round statuses""]"	false	false	false
heim-double-x10.ltl	false	"[""UNREALIZABLE"", ""UNREALIZABLE"", ""UNREALIZABLE"", ""UNREALIZABLE"", ""UNREALIZABLE""]"	"[""UNREALIZABLE""]"	5	5/5	"[""UNREALIZABLE"", ""UNREALIZABLE"", ""UNREALIZABLE"", ""UNREALIZABLE"", ""UNREALIZABLE""]"	"[""UNREALIZABLE""]"	5	5/5	[2.264822563971393, 2.3660196540295146, 2.2699880430009216, 2.4831262440420687, 2.2271753779496066]	[2.475895370997023, 2.3829911680077203, 2.3406720610219054, 2.42195949901361, 2.5693281819694676]	[0.21107280702563003, 0.01697151397820562, 0.07068401802098379, -0.061166745028458536, 0.3421528040198609]	2.2699880430009216	2.42195949901361	0.04281266505131498	1	4	[4]	[1, 2, 3, 5]	"[""unavailable"", ""unavailable"", ""unavailable"", ""unavailable"", ""unavailable""]"	"[""unavailable"", ""unavailable"", ""unavailable"", ""unavailable"", ""unavailable""]"	"[""unavailable"", ""unavailable"", ""unavailable"", ""unavailable"", ""unavailable""]"	unavailable	unavailable	unavailable	unavailable	unavailable	[123031552, 122892288, 122687488, 122970112, 122839040]	[122691584, 123060224, 122933248, 122966016, 122908672]	[-339968, 167936, 245760, -4096, 69632]	122892288	122933248	77824	2	3	false	[]	[]	0.11349940215004609	true	true	unavailable	false	false	"[""slowdown — validated""]"	[]	"[""slowdown — validated""]"	false	false	false
heim-double-x13.ltl	false	"[""UNREALIZABLE"", ""UNREALIZABLE"", ""UNREALIZABLE"", ""UNREALIZABLE"", ""UNREALIZABLE""]"	"[""UNREALIZABLE""]"	5	5/5	"[""UNREALIZABLE"", ""UNREALIZABLE"", ""UNREALIZABLE"", ""UNREALIZABLE"", ""UNREALIZABLE""]"	"[""UNREALIZABLE""]"	5	5/5	[5.4807789900223725, 5.4053124730126, 5.459414164011832, 5.813726738968398, 5.355052166967653]	[5.34901250898838, 5.5321435569785535, 5.541469104995485, 5.616765817976557, 5.354965764039662]	[-0.13176648103399202, 0.12683108396595344, 0.08205494098365307, -0.1969609209918417, -8.64029279910028e-05]	5.459414164011832	5.5321435569785535	0.05410169099923223	3	2	[1, 4, 5]	[2, 3]	"[""unavailable"", ""unavailable"", ""unavailable"", ""unavailable"", ""unavailable""]"	"[""unavailable"", ""unavailable"", ""unavailable"", ""unavailable"", ""unavailable""]"	"[""unavailable"", ""unavailable"", ""unavailable"", ""unavailable"", ""unavailable""]"	unavailable	unavailable	unavailable	unavailable	unavailable	[228282368, 228208640, 228114432, 228044800, 228085760]	[228040704, 228003840, 228106240, 228024320, 227889152]	[-241664, -204800, -8192, -20480, -196608]	228114432	228024320	69632	5	0	false	[]	[]	0.2729707082005916	false	false	unavailable	false	false	[]	[]	[]	false	false	false
heim-double-x9.ltl	false	"[""UNREALIZABLE"", ""UNREALIZABLE"", ""UNREALIZABLE"", ""UNREALIZABLE"", ""UNREALIZABLE""]"	"[""UNREALIZABLE""]"	5	5/5	"[""UNREALIZABLE"", ""UNREALIZABLE"", ""UNREALIZABLE"", ""UNREALIZABLE"", ""UNREALIZABLE""]"	"[""UNREALIZABLE""]"	5	5/5	[2.0079790729796514, 2.092601215990726, 2.142140140000265, 2.059656990051735, 2.0028400819865055]	[1.9932747810380533, 2.0905498589854687, 2.251803129038308, 2.04544665600406, 2.1213738720398396]	[-0.014704291941598058, -0.0020513570052571595, 0.10966298903804272, -0.014210334047675133, 0.11853379005333409]	2.059656990051735	2.0905498589854687	0.0516779170720838	3	2	[1, 2, 4]	[3, 5]	"[""unavailable"", ""unavailable"", ""unavailable"", ""unavailable"", ""unavailable""]"	"[""unavailable"", ""unavailable"", ""unavailable"", ""unavailable"", ""unavailable""]"	"[""unavailable"", ""unavailable"", ""unavailable"", ""unavailable"", ""unavailable""]"	unavailable	unavailable	unavailable	unavailable	unavailable	[116494336, 116416512, 116297728, 116289536, 116416512]	[116428800, 116350976, 116420608, 116580352, 116482048]	[-65536, -65536, 122880, 290816, 65536]	116416512	116428800	77824	2	3	false	[]	[]	0.10298284950258677	false	false	unavailable	false	false	[]	[]	[]	false	false	false
infinite-race-u10.ltl	false	"[""UNREALIZABLE"", ""UNREALIZABLE"", ""UNREALIZABLE"", ""UNREALIZABLE"", ""UNREALIZABLE""]"	"[""UNREALIZABLE""]"	5	5/5	"[""UNREALIZABLE"", ""UNREALIZABLE"", ""UNREALIZABLE"", ""UNREALIZABLE"", ""UNREALIZABLE""]"	"[""UNREALIZABLE""]"	5	5/5	[10.343961737991776, 10.792067644011695, 11.298212327994406, 10.025264827010687, 10.778068769024685]	[9.963723137974739, 10.764020014030393, 10.784076630021445, 10.685766807000618, 9.786423276003916]	[-0.38023860001703724, -0.028047629981301725, -0.5141356979729608, 0.660501979989931, -0.9916454930207692]	10.778068769024685	10.685766807000618	0.4341070310329087	4	1	[1, 2, 3, 5]	[4]	"[""unavailable"", ""unavailable"", ""unavailable"", ""unavailable"", ""unavailable""]"	"[""unavailable"", ""unavailable"", ""unavailable"", ""unavailable"", ""unavailable""]"	"[""unavailable"", ""unavailable"", ""unavailable"", ""unavailable"", ""unavailable""]"	unavailable	unavailable	unavailable	unavailable	unavailable	[555311104, 555331584, 555282432, 555266048, 555331584]	[1037914112, 1014620160, 1004544000, 1019756544, 1010819072]	[482603008, 459288576, 449261568, 464490496, 455487488]	555311104	1014620160	20480	0	5	false	[]	[]	0.5389034384512342	false	false	unavailable	false	false	[]	[]	[]	false	false	false
infinite-race-u11.ltl	false	"[""UNREALIZABLE"", ""UNREALIZABLE"", ""UNREALIZABLE"", ""UNREALIZABLE"", ""UNREALIZABLE""]"	"[""UNREALIZABLE""]"	5	5/5	"[""UNREALIZABLE"", ""UNREALIZABLE"", ""UNREALIZABLE"", ""UNREALIZABLE"", ""UNREALIZABLE""]"	"[""UNREALIZABLE""]"	5	5/5	[13.915134539012797, 13.826870549994055, 12.736512384028174, 13.308339948998764, 14.457563406031113]	[13.784725031000562, 13.838499902980402, 13.641458066995256, 13.180062514031306, 14.242212545010261]	[-0.13040950801223516, 0.01162935298634693, 0.9049456829670817, -0.12827743496745825, -0.21535086102085188]	13.826870549994055	13.784725031000562	0.518530600995291	3	2	[1, 4, 5]	[2, 3]	"[""unavailable"", ""unavailable"", ""unavailable"", ""unavailable"", ""unavailable""]"	"[""unavailable"", ""unavailable"", ""unavailable"", ""unavailable"", ""unavailable""]"	"[""unavailable"", ""unavailable"", ""unavailable"", ""unavailable"", ""unavailable""]"	unavailable	unavailable	unavailable	unavailable	unavailable	[695472128, 695566336, 695607296, 695390208, 695447552]	[1395961856, 1391656960, 1391165440, 1384521728, 1401413632]	[700489728, 696090624, 695558144, 689131520, 705966080]	695472128	1391656960	81920	0	5	false	[]	[]	0.6913435274997028	false	false	unavailable	false	false	[]	[]	[]	false	false	false
infinite-race-u6.ltl	false	"[""UNREALIZABLE"", ""UNREALIZABLE"", ""UNREALIZABLE"", ""UNREALIZABLE"", ""UNREALIZABLE""]"	"[""UNREALIZABLE""]"	5	5/5	"[""UNREALIZABLE"", ""UNREALIZABLE"", ""UNREALIZABLE"", ""UNREALIZABLE"", ""UNREALIZABLE""]"	"[""UNREALIZABLE""]"	5	5/5	[1.0921956070233136, 1.0296106369933113, 1.1037303250050172, 1.0657241269946098, 1.0543244759901427]	[1.1089163559954613, 1.0801218419801444, 1.1784807280055247, 1.1599766819854267, 1.082778233976569]	[0.016720748972147703, 0.050511204986833036, 0.0747504030005075, 0.09425255499081686, 0.028453757986426353]	1.0657241269946098	1.1089163559954613	0.02647148002870381	0	5	[]	[1, 2, 3, 4, 5]	"[""unavailable"", ""unavailable"", ""unavailable"", ""unavailable"", ""unavailable""]"	"[""unavailable"", ""unavailable"", ""unavailable"", ""unavailable"", ""unavailable""]"	"[""unavailable"", ""unavailable"", ""unavailable"", ""unavailable"", ""unavailable""]"	unavailable	unavailable	unavailable	unavailable	unavailable	[102301696, 102408192, 102424576, 102354944, 102408192]	[102313984, 102313984, 102318080, 102318080, 102223872]	[12288, -94208, -106496, -36864, -184320]	102408192	102313984	16384	4	1	false	[]	[]	0.0532862063497305	false	false	unavailable	false	false	[]	[]	[]	false	false	false
infinite-race-u7.ltl	false	"[""UNREALIZABLE"", ""UNREALIZABLE"", ""UNREALIZABLE"", ""UNREALIZABLE"", ""UNREALIZABLE""]"	"[""UNREALIZABLE""]"	5	5/5	"[""UNREALIZABLE"", ""UNREALIZABLE"", ""UNREALIZABLE"", ""UNREALIZABLE"", ""UNREALIZABLE""]"	"[""UNREALIZABLE""]"	5	5/5	[1.4849889629986137, 1.573858805000782, 1.450248069013469, 1.6003620349802077, 1.6456902940408327]	[1.533060943998862, 1.5113991379621439, 1.5026437009801157, 1.6112434350070544, 1.583504231995903]	[0.04807198100024834, -0.062459667038638145, 0.05239563196664676, 0.010881400026846677, -0.06218606204492971]	1.573858805000782	1.533060943998862	0.07183148904005066	2	3	[2, 5]	[1, 3, 4]	"[""unavailable"", ""unavailable"", ""unavailable"", ""unavailable"", ""unavailable""]"	"[""unavailable"", ""unavailable"", ""unavailable"", ""unavailable"", ""unavailable""]"	"[""unavailable"", ""unavailable"", ""unavailable"", ""unavailable"", ""unavailable""]"	unavailable	unavailable	unavailable	unavailable	unavailable	[130338816, 130252800, 130465792, 130404352, 130248704]	[130416640, 130469888, 130359296, 130400256, 130441216]	[77824, 217088, -106496, -4096, 192512]	130338816	130416640	86016	2	3	false	[]	[]	0.0786929402500391	false	false	unavailable	false	false	[]	[]	[]	false	false	false
infinite-race-u9.ltl	false	"[""UNREALIZABLE"", ""UNREALIZABLE"", ""UNREALIZABLE"", ""UNREALIZABLE"", ""UNREALIZABLE""]"	"[""UNREALIZABLE""]"	5	5/5	"[""UNREALIZABLE"", ""UNREALIZABLE"", ""UNREALIZABLE"", ""UNREALIZABLE"", ""UNREALIZABLE""]"	"[""UNREALIZABLE""]"	5	5/5	[8.803538576990832, 8.4076699760044, 8.68931721401168, 8.934078208985738, 8.591947551991325]	[8.410686224000528, 8.955410167051014, 8.957064474001527, 9.479211982048582, 8.381344803026877]	[-0.3928523529903032, 0.5477401910466142, 0.2677472599898465, 0.5451337730628438, -0.21060274896444753]	8.68931721401168	8.955410167051014	0.11422136297915131	2	3	[1, 5]	[2, 3, 4]	"[""unavailable"", ""unavailable"", ""unavailable"", ""unavailable"", ""unavailable""]"	"[""unavailable"", ""unavailable"", ""unavailable"", ""unavailable"", ""unavailable""]"	"[""unavailable"", ""unavailable"", ""unavailable"", ""unavailable"", ""unavailable""]"	unavailable	unavailable	unavailable	unavailable	unavailable	[551104512, 551104512, 551223296, 551268352, 551247872]	[841474048, 848781312, 838283264, 835571712, 833372160]	[290369536, 297676800, 287059968, 284303360, 282124288]	551223296	838283264	45056	0	5	false	[]	[]	0.434465860700584	false	false	unavailable	false	false	[]	[]	[]	false	false	false
infinite-race-unequal-25.ltl	false	"[""UNREALIZABLE"", ""UNREALIZABLE"", ""UNREALIZABLE"", ""UNREALIZABLE"", ""UNREALIZABLE""]"	"[""UNREALIZABLE""]"	5	5/5	"[""UNREALIZABLE"", ""UNREALIZABLE"", ""UNREALIZABLE"", ""UNREALIZABLE"", ""UNREALIZABLE""]"	"[""UNREALIZABLE""]"	5	5/5	[13.038852769008372, 13.584036032028962, 12.772663389041554, 13.089076945965644, 13.13068507501157]	[12.945779418048915, 13.296331608027685, 13.366160036006477, 13.012752947979607, 12.710590207017958]	[-0.09307335095945746, -0.2877044240012765, 0.5934966469649225, -0.07632399798603728, -0.42009486799361184]	13.089076945965644	13.012752947979607	0.05022417695727199	4	1	[1, 2, 4, 5]	[3]	"[""unavailable"", ""unavailable"", ""unavailable"", ""unavailable"", ""unavailable""]"	"[""unavailable"", ""unavailable"", ""unavailable"", ""unavailable"", ""unavailable""]"	"[""unavailable"", ""unavailable"", ""unavailable"", ""unavailable"", ""unavailable""]"	unavailable	unavailable	unavailable	unavailable	unavailable	[634527744, 634613760, 634351616, 634601472, 634449920]	[634552320, 634466304, 634490880, 634343424, 634331136]	[24576, -147456, 139264, -258048, -118784]	634527744	634466304	77824	3	2	false	[]	[]	0.6544538472982823	false	false	unavailable	false	false	[]	[]	[]	false	false	false
lift_pb_3_pe_.ltl	false	"[""REALIZABLE"", ""REALIZABLE"", ""REALIZABLE"", ""REALIZABLE"", ""REALIZABLE""]"	"[""REALIZABLE""]"	5	5/5	"[""REALIZABLE"", ""REALIZABLE"", ""REALIZABLE"", ""REALIZABLE"", ""REALIZABLE""]"	"[""REALIZABLE""]"	5	5/5	[0.05205972696421668, 0.039730355027131736, 0.04125235800165683, 0.04422853997675702, 0.04146541398949921]	[0.5968957600416616, 0.6259940279996954, 0.6411685600178316, 0.6151901989942417, 0.6534610039670952]	[0.5448360330774449, 0.5862636729725637, 0.5999162020161748, 0.5709616590174846, 0.611995589977596]	0.04146541398949921	0.6259940279996954	0.001735058962367475	0	5	[]	[1, 2, 3, 4, 5]	"[""unavailable"", ""unavailable"", ""unavailable"", ""unavailable"", ""unavailable""]"	"[""unavailable"", ""unavailable"", ""unavailable"", ""unavailable"", ""unavailable""]"	"[""unavailable"", ""unavailable"", ""unavailable"", ""unavailable"", ""unavailable""]"	unavailable	unavailable	unavailable	unavailable	unavailable	[21680128, 21635072, 21614592, 21696512, 21630976]	[83910656, 84041728, 84119552, 83922944, 84058112]	[62230528, 62406656, 62504960, 62226432, 62427136]	21635072	84041728	20480	0	5	false	[]	[]	0.05	true	true	unavailable	false	false	"[""slowdown — validated""]"	[]	"[""slowdown — validated""]"	false	false	false
lift_pb_4_pe_.ltl	false	"[""REALIZABLE"", ""REALIZABLE"", ""REALIZABLE"", ""REALIZABLE"", ""REALIZABLE""]"	"[""REALIZABLE""]"	5	5/5	"[""TIMEOUT"", ""TIMEOUT"", ""TIMEOUT"", ""TIMEOUT"", ""TIMEOUT""]"	[]	0	0/5	[0.283255060960073, 0.2787971200305037, 0.29330823000054806, 0.2736948289675638, 0.2846202260116115]	[17.0, 17.0, 17.0, 17.0, 17.0]	[16.716744939039927, 16.721202879969496, 16.706691769999452, 16.726305171032436, 16.71537977398839]	0.283255060960073	17.0	0.004457940929569304	0	5	[]	[1, 2, 3, 4, 5]	"[""unavailable"", ""unavailable"", ""unavailable"", ""unavailable"", ""unavailable""]"	"[""unavailable"", ""unavailable"", ""unavailable"", ""unavailable"", ""unavailable""]"	"[""unavailable"", ""unavailable"", ""unavailable"", ""unavailable"", ""unavailable""]"	unavailable	unavailable	unavailable	unavailable	unavailable	[51449856, 51372032, 51249152, 51281920, 51404800]	"[""unavailable"", ""unavailable"", ""unavailable"", ""unavailable"", ""unavailable""]"	"[""unavailable"", ""unavailable"", ""unavailable"", ""unavailable"", ""unavailable""]"	51372032	unavailable	77824	unavailable	unavailable	false	[1, 2, 3, 4, 5]	[]	0.05	false	false	unavailable	false	false	"[""unequivocal regression""]"	[]	"[""lost verdict in paired rounds [1, 2, 3, 4, 5]"", ""changed round statuses"", ""unequivocal regression""]"	false	false	false
lift_unary_enc_pb_3_pe_.ltl	false	"[""REALIZABLE"", ""REALIZABLE"", ""REALIZABLE"", ""REALIZABLE"", ""REALIZABLE""]"	"[""REALIZABLE""]"	5	5/5	"[""REALIZABLE"", ""REALIZABLE"", ""REALIZABLE"", ""REALIZABLE"", ""REALIZABLE""]"	"[""REALIZABLE""]"	5	5/5	[0.0730411849799566, 0.0845988790388219, 0.07646608300274238, 0.08546941401436925, 0.07128878397634253]	[0.681483204010874, 0.703285132010933, 0.6652433380368166, 0.7233564779744484, 0.6674120929674245]	[0.6084420190309174, 0.6186862529721111, 0.5887772550340742, 0.6378870639600791, 0.596123308991082]	0.07646608300274238	0.681483204010874	0.005177299026399851	0	5	[]	[1, 2, 3, 4, 5]	"[""unavailable"", ""unavailable"", ""unavailable"", ""unavailable"", ""unavailable""]"	"[""unavailable"", ""unavailable"", ""unavailable"", ""unavailable"", ""unavailable""]"	"[""unavailable"", ""unavailable"", ""unavailable"", ""unavailable"", ""unavailable""]"	unavailable	unavailable	unavailable	unavailable	unavailable	[23785472, 23846912, 23846912, 23695360, 23740416]	[81539072, 81567744, 81571840, 81387520, 81522688]	[57753600, 57720832, 57724928, 57692160, 57782272]	23785472	81539072	61440	0	5	false	[]	[]	0.05	true	true	unavailable	false	false	"[""slowdown — validated""]"	[]	"[""slowdown — validated""]"	false	false	false
lift_unary_enc_pb_4_pe_.ltl	false	"[""REALIZABLE"", ""REALIZABLE"", ""REALIZABLE"", ""REALIZABLE"", ""REALIZABLE""]"	"[""REALIZABLE""]"	5	5/5	"[""TIMEOUT"", ""TIMEOUT"", ""TIMEOUT"", ""TIMEOUT"", ""TIMEOUT""]"	[]	0	0/5	[10.082924098998774, 10.021341679035686, 10.222125746950042, 10.018958231958095, 10.076126826985274]	[17.0, 17.0, 17.0, 17.0, 17.0]	[6.917075901001226, 6.978658320964314, 6.7778742530499585, 6.981041768041905, 6.9238731730147265]	10.076126826985274	17.0	0.054785147949587554	0	5	[]	[1, 2, 3, 4, 5]	"[""unavailable"", ""unavailable"", ""unavailable"", ""unavailable"", ""unavailable""]"	"[""unavailable"", ""unavailable"", ""unavailable"", ""unavailable"", ""unavailable""]"	"[""unavailable"", ""unavailable"", ""unavailable"", ""unavailable"", ""unavailable""]"	unavailable	unavailable	unavailable	unavailable	unavailable	[437526528, 437518336, 437579776, 437600256, 437547008]	"[""unavailable"", ""unavailable"", ""unavailable"", ""unavailable"", ""unavailable""]"	"[""unavailable"", ""unavailable"", ""unavailable"", ""unavailable"", ""unavailable""]"	437547008	unavailable	28672	unavailable	unavailable	false	[1, 2, 3, 4, 5]	[]	0.5038063413492637	false	false	unavailable	false	false	"[""unequivocal regression""]"	[]	"[""lost verdict in paired rounds [1, 2, 3, 4, 5]"", ""changed round statuses"", ""unequivocal regression""]"	false	false	false
load_balancer_pb_7_pe_.ltl	false	"[""REALIZABLE"", ""REALIZABLE"", ""REALIZABLE"", ""REALIZABLE"", ""REALIZABLE""]"	"[""REALIZABLE""]"	5	5/5	"[""REALIZABLE"", ""REALIZABLE"", ""REALIZABLE"", ""REALIZABLE"", ""REALIZABLE""]"	"[""REALIZABLE""]"	5	5/5	[5.078002060006838, 5.371521878987551, 5.307080111000687, 5.127888621005695, 5.367992818006314]	[5.034863903012592, 4.955643107998185, 4.957367152033839, 4.954074739012867, 5.398618683975656]	[-0.043138156994245946, -0.4158787709893659, -0.3497129589668475, -0.1738138819928281, 0.03062586596934125]	5.307080111000687	4.957367152033839	0.06444176798686385	4	1	[1, 2, 3, 4]	[5]	"[""unavailable"", ""unavailable"", ""unavailable"", ""unavailable"", ""unavailable""]"	"[""unavailable"", ""unavailable"", ""unavailable"", ""unavailable"", ""unavailable""]"	"[""unavailable"", ""unavailable"", ""unavailable"", ""unavailable"", ""unavailable""]"	unavailable	unavailable	unavailable	unavailable	unavailable	[155127808, 154742784, 154865664, 154767360, 154955776]	[154841088, 154959872, 154914816, 155025408, 154886144]	[-286720, 217088, 49152, 258048, -69632]	154865664	154914816	98304	2	3	false	[]	[]	0.26535400555003436	false	false	unavailable	false	false	[]	[]	[]	false	false	false
load_balancer_unreal1_pb_2_15_pe_.ltl	false	"[""UNREALIZABLE"", ""UNREALIZABLE"", ""UNREALIZABLE"", ""UNREALIZABLE"", ""UNREALIZABLE""]"	"[""UNREALIZABLE""]"	5	5/5	"[""UNREALIZABLE"", ""UNREALIZABLE"", ""UNREALIZABLE"", ""UNREALIZABLE"", ""UNREALIZABLE""]"	"[""UNREALIZABLE""]"	5	5/5	[0.7346221579937264, 0.6800338820321485, 0.713608522026334, 0.7023416349547915, 0.7411358779645525]	[0.7612096240045503, 0.7706481839995831, 0.7722850110149011, 0.7056603280361742, 0.7699735389905982]	[0.026587466010823846, 0.09061430196743459, 0.058676488988567144, 0.003318693081382662, 0.02883766102604568]	0.713608522026334	0.7699735389905982	0.021013635967392474	0	5	[]	[1, 2, 3, 4, 5]	"[""unavailable"", ""unavailable"", ""unavailable"", ""unavailable"", ""unavailable""]"	"[""unavailable"", ""unavailable"", ""unavailable"", ""unavailable"", ""unavailable""]"	"[""unavailable"", ""unavailable"", ""unavailable"", ""unavailable"", ""unavailable""]"	unavailable	unavailable	unavailable	unavailable	unavailable	[67088384, 67284992, 67256320, 67330048, 67268608]	[67215360, 66875392, 67072000, 67076096, 67244032]	[126976, -409600, -184320, -253952, -24576]	67268608	67076096	16384	4	1	false	[]	[]	0.05	true	true	unavailable	false	false	"[""slowdown — validated""]"	[]	"[""slowdown — validated""]"	false	false	false
load_balancer_unreal1_pb_3_12_pe_.ltl	false	"[""UNREALIZABLE"", ""UNREALIZABLE"", ""UNREALIZABLE"", ""UNREALIZABLE"", ""UNREALIZABLE""]"	"[""UNREALIZABLE""]"	5	5/5	"[""UNREALIZABLE"", ""UNREALIZABLE"", ""UNREALIZABLE"", ""UNREALIZABLE"", ""UNREALIZABLE""]"	"[""UNREALIZABLE""]"	5	5/5	[0.6195694170310162, 0.6281921669724397, 0.6453556650085375, 0.6356815859908238, 0.6266519649652764]	[0.6551823450135998, 0.6344362890231423, 0.6489390259957872, 0.6594560050289147, 0.578259785019327]	[0.03561292798258364, 0.006244122050702572, 0.003583360987249762, 0.023774419038090855, -0.048392179945949465]	0.6281921669724397	0.6489390259957872	0.007489419018384069	1	4	[5]	[1, 2, 3, 4]	"[""unavailable"", ""unavailable"", ""unavailable"", ""unavailable"", ""unavailable""]"	"[""unavailable"", ""unavailable"", ""unavailable"", ""unavailable"", ""unavailable""]"	"[""unavailable"", ""unavailable"", ""unavailable"", ""unavailable"", ""unavailable""]"	unavailable	unavailable	unavailable	unavailable	unavailable	[66076672, 66031616, 65982464, 66023424, 65949696]	[72404992, 73641984, 73064448, 73588736, 72794112]	[6328320, 7610368, 7081984, 7565312, 6844416]	66023424	73064448	40960	0	5	false	[]	[]	0.05	false	false	unavailable	false	false	[]	[]	[]	false	false	false
load_balancer_unreal1_pb_4_6_pe_.ltl	false	"[""UNREALIZABLE"", ""UNREALIZABLE"", ""UNREALIZABLE"", ""UNREALIZABLE"", ""UNREALIZABLE""]"	"[""UNREALIZABLE""]"	5	5/5	"[""UNREALIZABLE"", ""UNREALIZABLE"", ""UNREALIZABLE"", ""UNREALIZABLE"", ""UNREALIZABLE""]"	"[""UNREALIZABLE""]"	5	5/5	[1.0217963859904557, 1.0429182789521292, 1.0530488230288029, 1.0565515990019776, 1.137992688047234]	[1.1209074080106802, 1.128691160993185, 1.0487022350425832, 1.1069150040275417, 1.0508805469726212]	[0.09911102202022448, 0.08577288204105571, -0.004346587986219674, 0.050363405025564134, -0.08711214107461274]	1.0530488230288029	1.1069150040275417	0.010130544076673687	2	3	[3, 5]	[1, 2, 4]	"[""unavailable"", ""unavailable"", ""unavailable"", ""unavailable"", ""unavailable""]"	"[""unavailable"", ""unavailable"", ""unavailable"", ""unavailable"", ""unavailable""]"	"[""unavailable"", ""unavailable"", ""unavailable"", ""unavailable"", ""unavailable""]"	unavailable	unavailable	unavailable	unavailable	unavailable	[126976000, 126926848, 126926848, 126910464, 127016960]	[132939776, 132964352, 132964352, 132964352, 132964352]	[5963776, 6037504, 6037504, 6053888, 5947392]	126926848	132964352	16384	0	5	false	[]	[]	0.052652441151440146	true	false	unavailable	false	false	[]	"[""slowdown — flagged, not validated""]"	"[""slowdown — flagged, not validated""]"	false	false	false
load_balancer_unreal1_pb_4_7_pe_.ltl	false	"[""UNREALIZABLE"", ""UNREALIZABLE"", ""UNREALIZABLE"", ""UNREALIZABLE"", ""UNREALIZABLE""]"	"[""UNREALIZABLE""]"	5	5/5	"[""UNREALIZABLE"", ""UNREALIZABLE"", ""UNREALIZABLE"", ""UNREALIZABLE"", ""UNREALIZABLE""]"	"[""UNREALIZABLE""]"	5	5/5	[7.626017400005367, 7.450512164039537, 7.621647778025363, 7.730154994002078, 7.6996249969815835]	[8.217869696964044, 7.969060069997795, 8.150007106014527, 7.943038710975088, 8.060581124038436]	[0.5918522969586775, 0.5185479059582576, 0.5283593279891647, 0.21288371697301045, 0.360956127056852]	7.626017400005367	8.060581124038436	0.07360759697621688	0	5	[]	[1, 2, 3, 4, 5]	"[""unavailable"", ""unavailable"", ""unavailable"", ""unavailable"", ""unavailable""]"	"[""unavailable"", ""unavailable"", ""unavailable"", ""unavailable"", ""unavailable""]"	"[""unavailable"", ""unavailable"", ""unavailable"", ""unavailable"", ""unavailable""]"	unavailable	unavailable	unavailable	unavailable	unavailable	[363171840, 355020800, 363200512, 363782144, 363356160]	[807071744, 805404672, 797761536, 808775680, 829349888]	[443899904, 450383872, 434561024, 444993536, 465993728]	363200512	807071744	155648	0	5	false	[]	[]	0.38130087000026835	true	true	unavailable	false	false	"[""slowdown — validated""]"	[]	"[""slowdown — validated""]"	false	false	false
load_balancer_unreal1_pb_5_4_pe_.ltl	false	"[""UNREALIZABLE"", ""UNREALIZABLE"", ""UNREALIZABLE"", ""UNREALIZABLE"", ""UNREALIZABLE""]"	"[""UNREALIZABLE""]"	5	5/5	"[""UNREALIZABLE"", ""UNREALIZABLE"", ""UNREALIZABLE"", ""UNREALIZABLE"", ""UNREALIZABLE""]"	"[""UNREALIZABLE""]"	5	5/5	[0.6985548989614472, 0.706067674967926, 0.6464935279800557, 0.6980725480243564, 0.6847438900149427]	[0.7087988989660516, 0.7173062110086903, 0.7048810650012456, 0.7349012459744699, 0.7081365250051022]	[0.010244000004604459, 0.011238536040764302, 0.05838753702118993, 0.036828697950113565, 0.023392634990159422]	0.6980725480243564	0.7087988989660516	0.00799512694356963	0	5	[]	[1, 2, 3, 4, 5]	"[""unavailable"", ""unavailable"", ""unavailable"", ""unavailable"", ""unavailable""]"	"[""unavailable"", ""unavailable"", ""unavailable"", ""unavailable"", ""unavailable""]"	"[""unavailable"", ""unavailable"", ""unavailable"", ""unavailable"", ""unavailable""]"	unavailable	unavailable	unavailable	unavailable	unavailable	[110952448, 111026176, 110927872, 110743552, 110813184]	[84058112, 83828736, 83865600, 83931136, 83927040]	[-26894336, -27197440, -27062272, -26812416, -26886144]	110927872	83927040	98304	5	0	false	[]	[]	0.05	false	false	unavailable	false	false	[]	[]	[]	false	false	false
load_balancer_unreal1_pb_5_5_pe_.ltl	false	"[""UNREALIZABLE"", ""UNREALIZABLE"", ""UNREALIZABLE"", ""UNREALIZABLE"", ""UNREALIZABLE""]"	"[""UNREALIZABLE""]"	5	5/5	"[""UNREALIZABLE"", ""UNREALIZABLE"", ""UNREALIZABLE"", ""UNREALIZABLE"", ""UNREALIZABLE""]"	"[""UNREALIZABLE""]"	5	5/5	[14.277330256998539, 13.440948871953879, 13.407269579009153, 13.591707411047537, 13.524896927992813]	[15.117293731018435, 14.390010791015811, 14.74847322696587, 14.92108082701452, 14.278953203000128]	[0.8399634740198962, 0.9490619190619327, 1.3412036479567178, 1.3293734159669839, 0.754056275007315]	13.524896927992813	14.74847322696587	0.08394805603893474	0	5	[]	[1, 2, 3, 4, 5]	"[""unavailable"", ""unavailable"", ""unavailable"", ""unavailable"", ""unavailable""]"	"[""unavailable"", ""unavailable"", ""unavailable"", ""unavailable"", ""unavailable""]"	"[""unavailable"", ""unavailable"", ""unavailable"", ""unavailable"", ""unavailable""]"	unavailable	unavailable	unavailable	unavailable	unavailable	[458231808, 457904128, 458080256, 458149888, 458149888]	[765542400, 789504000, 777207808, 775614464, 783437824]	[307310592, 331599872, 319127552, 317464576, 325287936]	458149888	777207808	69632	0	5	false	[]	[]	0.6762448463996407	true	true	unavailable	false	false	"[""slowdown — validated""]"	[]	"[""slowdown — validated""]"	false	false	false
load_balancer_unreal2_pb_5_pe_.ltl	false	"[""UNREALIZABLE"", ""UNREALIZABLE"", ""UNREALIZABLE"", ""UNREALIZABLE"", ""UNREALIZABLE""]"	"[""UNREALIZABLE""]"	5	5/5	"[""UNREALIZABLE"", ""UNREALIZABLE"", ""UNREALIZABLE"", ""UNREALIZABLE"", ""UNREALIZABLE""]"	"[""UNREALIZABLE""]"	5	5/5	[12.350819235027302, 11.466708454012405, 11.271414251008537, 12.125103467027657, 12.271906842011958]	[12.126807173946872, 11.595037644030526, 11.703173424000852, 11.576820340997074, 12.21576367400121]	[-0.2240120610804297, 0.12832919001812115, 0.43175917299231514, -0.5482831260305829, -0.05614316801074892]	12.125103467027657	11.703173424000852	0.22571576799964532	3	2	[1, 4, 5]	[2, 3]	"[""unavailable"", ""unavailable"", ""unavailable"", ""unavailable"", ""unavailable""]"	"[""unavailable"", ""unavailable"", ""unavailable"", ""unavailable"", ""unavailable""]"	"[""unavailable"", ""unavailable"", ""unavailable"", ""unavailable"", ""unavailable""]"	unavailable	unavailable	unavailable	unavailable	unavailable	[195317760, 195473408, 195346432, 195403776, 195440640]	[195219456, 195395584, 195108864, 195551232, 194994176]	[-98304, -77824, -237568, 147456, -446464]	195403776	195219456	57344	4	1	false	[]	[]	0.6062551733513829	false	false	unavailable	false	false	[]	[]	[]	false	false	false
ltl2dba_C2_unreal_pb_13_pe_.ltl	false	"[""UNREALIZABLE"", ""UNREALIZABLE"", ""UNREALIZABLE"", ""UNREALIZABLE"", ""UNREALIZABLE""]"	"[""UNREALIZABLE""]"	5	5/5	"[""UNREALIZABLE"", ""UNREALIZABLE"", ""UNREALIZABLE"", ""UNREALIZABLE"", ""UNREALIZABLE""]"	"[""UNREALIZABLE""]"	5	5/5	[1.1177461560000665, 1.2700129059958272, 1.199718970048707, 1.2013201270019636, 1.1894627470173873]	[1.2676107719889842, 1.2154901790199801, 1.2595880859880708, 1.215318986971397, 1.1760641220025718]	[0.14986461598891765, -0.054522726975847036, 0.05986911593936384, 0.013998859969433397, -0.01339862501481548]	1.199718970048707	1.2154901790199801	0.010256223031319678	2	3	[2, 5]	[1, 3, 4]	"[""unavailable"", ""unavailable"", ""unavailable"", ""unavailable"", ""unavailable""]"	"[""unavailable"", ""unavailable"", ""unavailable"", ""unavailable"", ""unavailable""]"	"[""unavailable"", ""unavailable"", ""unavailable"", ""unavailable"", ""unavailable""]"	unavailable	unavailable	unavailable	unavailable	unavailable	[97988608, 98095104, 98086912, 98009088, 98050048]	[98082816, 97964032, 97943552, 97980416, 97935360]	[94208, -131072, -143360, -28672, -114688]	98050048	97964032	40960	4	1	false	[]	[]	0.059985948502435354	false	false	unavailable	false	false	[]	[]	[]	false	false	false
ltl2dba_C2_unreal_pb_14_pe_.ltl	false	"[""UNREALIZABLE"", ""UNREALIZABLE"", ""UNREALIZABLE"", ""UNREALIZABLE"", ""UNREALIZABLE""]"	"[""UNREALIZABLE""]"	5	5/5	"[""UNREALIZABLE"", ""UNREALIZABLE"", ""UNREALIZABLE"", ""UNREALIZABLE"", ""UNREALIZABLE""]"	"[""UNREALIZABLE""]"	5	5/5	[3.295936254959088, 3.2086504320031963, 3.293079619994387, 3.2120982449851, 3.017378789023496]	[3.0217489739879966, 3.2595921959728003, 3.238797981000971, 3.2026373940170743, 3.209675439982675]	[-0.27418728097109124, 0.050941763969603926, -0.05428163899341598, -0.009460850968025625, 0.1922966509591788]	3.2120982449851	3.209675439982675	0.08098137500928715	3	2	[1, 3, 4]	[2, 5]	"[""unavailable"", ""unavailable"", ""unavailable"", ""unavailable"", ""unavailable""]"	"[""unavailable"", ""unavailable"", ""unavailable"", ""unavailable"", ""unavailable""]"	"[""unavailable"", ""unavailable"", ""unavailable"", ""unavailable"", ""unavailable""]"	unavailable	unavailable	unavailable	unavailable	unavailable	[184664064, 184606720, 184586240, 184573952, 184590336]	[184664064, 184610816, 184467456, 184524800, 184438784]	[0, 4096, -118784, -49152, -151552]	184590336	184524800	16384	3	1	false	[]	[]	0.160604912249255	false	false	unavailable	false	false	[]	[]	[]	false	false	false
ltl2dba_R_pb_7_pe_.ltl	false	"[""UNREALIZABLE"", ""UNREALIZABLE"", ""UNREALIZABLE"", ""UNREALIZABLE"", ""UNREALIZABLE""]"	"[""UNREALIZABLE""]"	5	5/5	"[""UNREALIZABLE"", ""UNREALIZABLE"", ""UNREALIZABLE"", ""UNREALIZABLE"", ""UNREALIZABLE""]"	"[""UNREALIZABLE""]"	5	5/5	[6.517485918011516, 6.364776231988799, 6.386419371992815, 6.519502159033436, 6.511964594013989]	[6.635959343984723, 6.645853238005657, 6.607791109010577, 5.985468548955396, 6.363877598021645]	[0.11847342597320676, 0.2810770060168579, 0.22137173701776192, -0.5340336100780405, -0.14808699599234387]	6.511964594013989	6.607791109010577	0.0075375650194473565	2	3	[4, 5]	[1, 2, 3]	"[""unavailable"", ""unavailable"", ""unavailable"", ""unavailable"", ""unavailable""]"	"[""unavailable"", ""unavailable"", ""unavailable"", ""unavailable"", ""unavailable""]"	"[""unavailable"", ""unavailable"", ""unavailable"", ""unavailable"", ""unavailable""]"	unavailable	unavailable	unavailable	unavailable	unavailable	[64598016, 57823232, 64618496, 64688128, 64454656]	[64610304, 64524288, 57827328, 64487424, 64692224]	[12288, 6701056, -6791168, -200704, 237568]	64598016	64524288	90112	2	3	false	[]	[]	0.32559822970069946	false	false	unavailable	false	false	[]	[]	[]	false	false	false
ltl2dba_theta_pb_14_pe_.ltl	false	"[""UNREALIZABLE"", ""UNREALIZABLE"", ""UNREALIZABLE"", ""UNREALIZABLE"", ""UNREALIZABLE""]"	"[""UNREALIZABLE""]"	5	5/5	"[""UNREALIZABLE"", ""UNREALIZABLE"", ""UNREALIZABLE"", ""UNREALIZABLE"", ""UNREALIZABLE""]"	"[""UNREALIZABLE""]"	5	5/5	[13.441375861992128, 13.804797078017145, 13.318498392007314, 14.048400337982457, 14.049312675953843]	[12.974634411046281, 13.605774376017507, 13.605730968003627, 13.8274710480473, 13.244949546991847]	[-0.46674145094584674, -0.19902270199963823, 0.28723257599631324, -0.2209292899351567, -0.8043631289619952]	13.804797078017145	13.605730968003627	0.2445155979366973	4	1	[1, 2, 4, 5]	[3]	"[""unavailable"", ""unavailable"", ""unavailable"", ""unavailable"", ""unavailable""]"	"[""unavailable"", ""unavailable"", ""unavailable"", ""unavailable"", ""unavailable""]"	"[""unavailable"", ""unavailable"", ""unavailable"", ""unavailable"", ""unavailable""]"	unavailable	unavailable	unavailable	unavailable	unavailable	[125349888, 125353984, 125349888, 125239296, 125362176]	[125480960, 125313024, 125349888, 125345792, 125534208]	[131072, -40960, 0, 106496, 172032]	125349888	125349888	4096	1	3	false	[]	[]	0.6902398539008573	false	false	unavailable	false	false	[]	[]	[]	false	false	false
ordered-visits-choice-real.ltl	true	"[""UNKNOWN"", ""UNKNOWN"", ""UNKNOWN"", ""UNKNOWN"", ""UNKNOWN""]"	[]	0	0/5	"[""REALIZABLE"", ""REALIZABLE"", ""REALIZABLE"", ""REALIZABLE"", ""REALIZABLE""]"	"[""REALIZABLE""]"	5	5/5	[17.0, 17.0, 17.0, 17.0, 17.0]	[0.02762877900386229, 0.03066094999667257, 0.021393990027718246, 0.026429654040839523, 0.023759139992762357]	[-16.972371220996138, -16.969339050003327, -16.97860600997228, -16.97357034595916, -16.976240860007238]	17.0	0.026429654040839523	0.0	5	0	[1, 2, 3, 4, 5]	[]	"[""unavailable"", ""unavailable"", ""unavailable"", ""unavailable"", ""unavailable""]"	"[""unavailable"", ""unavailable"", ""unavailable"", ""unavailable"", ""unavailable""]"	"[""unavailable"", ""unavailable"", ""unavailable"", ""unavailable"", ""unavailable""]"	unavailable	unavailable	unavailable	unavailable	unavailable	[22380544, 22523904, 22491136, 22585344, 22478848]	[19787776, 20303872, 20058112, 20099072, 20164608]	[-2592768, -2220032, -2433024, -2486272, -2314240]	22491136	20099072	32768	5	0	false	[]	[]	0.8500000000000001	false	false	unavailable	false	false	[]	[]	"[""changed round statuses""]"	false	false	false
patrolling-alarm17.ltl	false	"[""UNREALIZABLE"", ""UNREALIZABLE"", ""UNREALIZABLE"", ""UNREALIZABLE"", ""UNREALIZABLE""]"	"[""UNREALIZABLE""]"	5	5/5	"[""UNREALIZABLE"", ""UNREALIZABLE"", ""UNREALIZABLE"", ""UNREALIZABLE"", ""UNREALIZABLE""]"	"[""UNREALIZABLE""]"	5	5/5	[0.4429537809919566, 0.4078686889843084, 0.4470978709869087, 0.42575925699202344, 0.4341050049988553]	[0.4543594800052233, 0.45819773903349414, 0.445059344987385, 0.47375352401286364, 0.44342447101371363]	[0.011405699013266712, 0.05032905004918575, -0.0020385259995236993, 0.0479942670208402, 0.009319466014858335]	0.4341050049988553	0.4543594800052233	0.008848775993101299	1	4	[3]	[1, 2, 4, 5]	"[""unavailable"", ""unavailable"", ""unavailable"", ""unavailable"", ""unavailable""]"	"[""unavailable"", ""unavailable"", ""unavailable"", ""unavailable"", ""unavailable""]"	"[""unavailable"", ""unavailable"", ""unavailable"", ""unavailable"", ""unavailable""]"	unavailable	unavailable	unavailable	unavailable	unavailable	[51650560, 51605504, 51601408, 51478528, 51564544]	[75231232, 74711040, 74432512, 76615680, 75370496]	[23580672, 23105536, 22831104, 25137152, 23805952]	51601408	75231232	36864	0	5	false	[]	[]	0.05	false	false	unavailable	false	false	[]	[]	[]	false	false	false
patrolling-alarm18.ltl	false	"[""UNREALIZABLE"", ""UNREALIZABLE"", ""UNREALIZABLE"", ""UNREALIZABLE"", ""UNREALIZABLE""]"	"[""UNREALIZABLE""]"	5	5/5	"[""UNREALIZABLE"", ""UNREALIZABLE"", ""UNREALIZABLE"", ""UNREALIZABLE"", ""UNREALIZABLE""]"	"[""UNREALIZABLE""]"	5	5/5	[0.529312681988813, 0.4808564130216837, 0.49201536300824955, 0.4834706429974176, 0.4884506600210443]	[0.4795138179906644, 0.47008538397494704, 0.5040215059998445, 0.5132432369864546, 0.5421162750571966]	[-0.04979886399814859, -0.010771029046736658, 0.01200614299159497, 0.029772593989036977, 0.0536656150361523]	0.4884506600210443	0.5040215059998445	0.004980017023626715	2	3	[1, 2]	[3, 4, 5]	"[""unavailable"", ""unavailable"", ""unavailable"", ""unavailable"", ""unavailable""]"	"[""unavailable"", ""unavailable"", ""unavailable"", ""unavailable"", ""unavailable""]"	"[""unavailable"", ""unavailable"", ""unavailable"", ""unavailable"", ""unavailable""]"	unavailable	unavailable	unavailable	unavailable	unavailable	[53362688, 53493760, 53510144, 53465088, 53579776]	[93216768, 91230208, 95543296, 93847552, 94121984]	[39854080, 37736448, 42033152, 40382464, 40542208]	53493760	93847552	28672	0	5	false	[]	[]	0.05	false	false	unavailable	false	false	[]	[]	[]	false	false	false
patrolling-alarm19.ltl	false	"[""UNREALIZABLE"", ""UNREALIZABLE"", ""UNREALIZABLE"", ""UNREALIZABLE"", ""UNREALIZABLE""]"	"[""UNREALIZABLE""]"	5	5/5	"[""UNREALIZABLE"", ""UNREALIZABLE"", ""UNREALIZABLE"", ""UNREALIZABLE"", ""UNREALIZABLE""]"	"[""UNREALIZABLE""]"	5	5/5	[0.5218535790336318, 0.4817544330144301, 0.5655022099963389, 0.5126684660208412, 0.5340030380175449]	[0.514440102968365, 0.5491536700283177, 0.5505704099778086, 0.5664298089686781, 0.5549137230264023]	[-0.007413476065266877, 0.06739923701388761, -0.014931800018530339, 0.053761342947836965, 0.0209106850088574]	0.5218535790336318	0.5505704099778086	0.012149458983913064	2	3	[1, 3]	[2, 4, 5]	"[""unavailable"", ""unavailable"", ""unavailable"", ""unavailable"", ""unavailable""]"	"[""unavailable"", ""unavailable"", ""unavailable"", ""unavailable"", ""unavailable""]"	"[""unavailable"", ""unavailable"", ""unavailable"", ""unavailable"", ""unavailable""]"	unavailable	unavailable	unavailable	unavailable	unavailable	[55922688, 56135680, 56385536, 56221696, 56098816]	[94998528, 98254848, 95563776, 94535680, 95309824]	[39075840, 42119168, 39178240, 38313984, 39211008]	56135680	95309824	86016	0	5	false	[]	[]	0.05	false	false	unavailable	false	false	[]	[]	[]	false	false	false
patrolling-alarm20.ltl	false	"[""UNREALIZABLE"", ""UNREALIZABLE"", ""UNREALIZABLE"", ""UNREALIZABLE"", ""UNREALIZABLE""]"	"[""UNREALIZABLE""]"	5	5/5	"[""UNREALIZABLE"", ""UNREALIZABLE"", ""UNREALIZABLE"", ""UNREALIZABLE"", ""UNREALIZABLE""]"	"[""UNREALIZABLE""]"	5	5/5	[0.5433652210049331, 0.5591590240364894, 0.5411115580354817, 0.5340870289946906, 0.5267648370354436]	[0.5614004420349374, 0.5422146950149909, 0.6092893079621717, 0.5952548939967528, 0.5506260470137931]	[0.018035221030004323, -0.01694432902149856, 0.06817774992669001, 0.06116786500206217, 0.023861209978349507]	0.5411115580354817	0.5614004420349374	0.007024529040791094	1	4	[2]	[1, 3, 4, 5]	"[""unavailable"", ""unavailable"", ""unavailable"", ""unavailable"", ""unavailable""]"	"[""unavailable"", ""unavailable"", ""unavailable"", ""unavailable"", ""unavailable""]"	"[""unavailable"", ""unavailable"", ""unavailable"", ""unavailable"", ""unavailable""]"	unavailable	unavailable	unavailable	unavailable	unavailable	[59813888, 59924480, 59998208, 59850752, 59736064]	[102047744, 101359616, 102617088, 102137856, 101572608]	[42233856, 41435136, 42618880, 42287104, 41836544]	59850752	102047744	73728	0	5	false	[]	[]	0.05	false	false	unavailable	false	false	[]	[]	[]	false	false	false
patrolling-alarm21.ltl	false	"[""UNREALIZABLE"", ""UNREALIZABLE"", ""UNREALIZABLE"", ""UNREALIZABLE"", ""UNREALIZABLE""]"	"[""UNREALIZABLE""]"	5	5/5	"[""UNREALIZABLE"", ""UNREALIZABLE"", ""UNREALIZABLE"", ""UNREALIZABLE"", ""UNREALIZABLE""]"	"[""UNREALIZABLE""]"	5	5/5	[0.6014082130277529, 0.6324667230364867, 0.5956775789964013, 0.5864087369991466, 0.6111465040012263]	[0.6274865290033631, 0.6094125579693355, 0.5985705120256171, 0.6464837509556673, 0.5943802819820121]	[0.026078315975610167, -0.02305416506715119, 0.002892933029215783, 0.060075013956520706, -0.016766222019214183]	0.6014082130277529	0.6094125579693355	0.00973829097347334	2	3	[2, 5]	[1, 3, 4]	"[""unavailable"", ""unavailable"", ""unavailable"", ""unavailable"", ""unavailable""]"	"[""unavailable"", ""unavailable"", ""unavailable"", ""unavailable"", ""unavailable""]"	"[""unavailable"", ""unavailable"", ""unavailable"", ""unavailable"", ""unavailable""]"	unavailable	unavailable	unavailable	unavailable	unavailable	[63606784, 63508480, 63537152, 63643648, 63614976]	[109580288, 109764608, 106758144, 109727744, 109228032]	[45973504, 46256128, 43220992, 46084096, 45613056]	63606784	109580288	36864	0	5	false	[]	[]	0.05	false	false	unavailable	false	false	[]	[]	[]	false	false	false
patrolling-alarm22.ltl	false	"[""UNREALIZABLE"", ""UNREALIZABLE"", ""UNREALIZABLE"", ""UNREALIZABLE"", ""UNREALIZABLE""]"	"[""UNREALIZABLE""]"	5	5/5	"[""UNREALIZABLE"", ""UNREALIZABLE"", ""UNREALIZABLE"", ""UNREALIZABLE"", ""UNREALIZABLE""]"	"[""UNREALIZABLE""]"	5	5/5	[0.6219500079751015, 0.6305853329831734, 0.6151913750218228, 0.595937215955928, 0.6743953470140696]	[0.6488143060123548, 0.6000965349958278, 0.6396302150096744, 0.6275932369753718, 0.6221267500077374]	[0.02686429803725332, -0.030488797987345606, 0.02443883998785168, 0.03165602101944387, -0.05226859700633213]	0.6219500079751015	0.6275932369753718	0.008635325008071959	2	3	[2, 5]	[1, 3, 4]	"[""unavailable"", ""unavailable"", ""unavailable"", ""unavailable"", ""unavailable""]"	"[""unavailable"", ""unavailable"", ""unavailable"", ""unavailable"", ""unavailable""]"	"[""unavailable"", ""unavailable"", ""unavailable"", ""unavailable"", ""unavailable""]"	unavailable	unavailable	unavailable	unavailable	unavailable	[66842624, 66805760, 67039232, 66723840, 66961408]	[110317568, 110714880, 111292416, 112640000, 112156672]	[43474944, 43909120, 44253184, 45916160, 45195264]	66842624	111292416	118784	0	5	false	[]	[]	0.05	false	false	unavailable	false	false	[]	[]	[]	false	false	false
patrolling-alarm23.ltl	false	"[""UNREALIZABLE"", ""UNREALIZABLE"", ""UNREALIZABLE"", ""UNREALIZABLE"", ""UNREALIZABLE""]"	"[""UNREALIZABLE""]"	5	5/5	"[""UNREALIZABLE"", ""UNREALIZABLE"", ""UNREALIZABLE"", ""UNREALIZABLE"", ""UNREALIZABLE""]"	"[""UNREALIZABLE""]"	5	5/5	[0.6700022190343589, 0.6832945950445719, 0.6964374599629082, 0.6575129179982468, 0.6475850230199285]	[0.7410561399883591, 0.692787165986374, 0.6621082869824022, 0.7293891069712117, 0.6776086219470017]	[0.0710539209540002, 0.009492570941802114, -0.03432917298050597, 0.07187618897296488, 0.03002359892707318]	0.6700022190343589	0.692787165986374	0.013292376010213047	1	4	[3]	[1, 2, 4, 5]	"[""unavailable"", ""unavailable"", ""unavailable"", ""unavailable"", ""unavailable""]"	"[""unavailable"", ""unavailable"", ""unavailable"", ""unavailable"", ""unavailable""]"	"[""unavailable"", ""unavailable"", ""unavailable"", ""unavailable"", ""unavailable""]"	unavailable	unavailable	unavailable	unavailable	unavailable	[70631424, 70762496, 70516736, 70606848, 70823936]	[124739584, 121221120, 119648256, 119394304, 117051392]	[54108160, 50458624, 49131520, 48787456, 46227456]	70631424	119648256	114688	0	5	false	[]	[]	0.05	false	false	unavailable	false	false	[]	[]	[]	false	false	false
patrolling-alarm24.ltl	false	"[""UNREALIZABLE"", ""UNREALIZABLE"", ""UNREALIZABLE"", ""UNREALIZABLE"", ""UNREALIZABLE""]"	"[""UNREALIZABLE""]"	5	5/5	"[""UNREALIZABLE"", ""UNREALIZABLE"", ""UNREALIZABLE"", ""UNREALIZABLE"", ""UNREALIZABLE""]"	"[""UNREALIZABLE""]"	5	5/5	[0.7199090530048124, 0.7627265169867314, 0.7302661190042272, 0.7011152860359289, 0.7322763930424117]	[0.7457988160313107, 0.7362068350194022, 0.7036139289848506, 0.6787225910229608, 0.7113246740191244]	[0.025889763026498258, -0.026519681967329234, -0.026652190019376576, -0.022392695012968034, -0.020951719023287296]	0.7302661190042272	0.7113246740191244	0.010357065999414772	4	1	[2, 3, 4, 5]	[1]	"[""unavailable"", ""unavailable"", ""unavailable"", ""unavailable"", ""unavailable""]"	"[""unavailable"", ""unavailable"", ""unavailable"", ""unavailable"", ""unavailable""]"	"[""unavailable"", ""unavailable"", ""unavailable"", ""unavailable"", ""unavailable""]"	unavailable	unavailable	unavailable	unavailable	unavailable	[74829824, 74674176, 74711040, 74391552, 74919936]	[131633152, 129806336, 136224768, 126742528, 130744320]	[56803328, 55132160, 61513728, 52350976, 55824384]	74711040	130744320	118784	0	5	false	[]	[]	0.05	false	false	unavailable	false	false	[]	[]	[]	false	false	false
patrolling-alarm25.ltl	false	"[""UNREALIZABLE"", ""UNREALIZABLE"", ""UNREALIZABLE"", ""UNREALIZABLE"", ""UNREALIZABLE""]"	"[""UNREALIZABLE""]"	5	5/5	"[""UNREALIZABLE"", ""UNREALIZABLE"", ""UNREALIZABLE"", ""UNREALIZABLE"", ""UNREALIZABLE""]"	"[""UNREALIZABLE""]"	5	5/5	[0.7342494070180692, 0.7833285439992324, 0.7830594329861924, 0.7398112789960578, 0.7376373070292175]	[0.7034564079949632, 0.7451812359504402, 0.7608491650316864, 0.7847557629575022, 0.742264645989053]	[-0.03079299902310595, -0.03814730804879218, -0.02221026795450598, 0.04494448396144435, 0.00462733895983547]	0.7398112789960578	0.7451812359504402	0.0055618719779886305	3	2	[1, 2, 3]	[4, 5]	"[""unavailable"", ""unavailable"", ""unavailable"", ""unavailable"", ""unavailable""]"	"[""unavailable"", ""unavailable"", ""unavailable"", ""unavailable"", ""unavailable""]"	"[""unavailable"", ""unavailable"", ""unavailable"", ""unavailable"", ""unavailable""]"	unavailable	unavailable	unavailable	unavailable	unavailable	[78569472, 78532608, 78692352, 78483456, 78745600]	[133599232, 133533696, 131325952, 131342336, 131686400]	[55029760, 55001088, 52633600, 52858880, 52940800]	78569472	131686400	86016	0	5	false	[]	[]	0.05	false	false	unavailable	false	false	[]	[]	[]	false	false	false
patrolling-alarm26.ltl	false	"[""UNREALIZABLE"", ""UNREALIZABLE"", ""UNREALIZABLE"", ""UNREALIZABLE"", ""UNREALIZABLE""]"	"[""UNREALIZABLE""]"	5	5/5	"[""UNREALIZABLE"", ""UNREALIZABLE"", ""UNREALIZABLE"", ""UNREALIZABLE"", ""UNREALIZABLE""]"	"[""UNREALIZABLE""]"	5	5/5	[0.7801388960215263, 0.7950462309527211, 0.7996954369591549, 0.8285191649920307, 0.8095475659938529]	[0.7464351109811105, 0.8150095519958995, 0.8100523300236091, 0.7823230730136856, 0.7397819689940661]	[-0.03370378504041582, 0.01996332104317844, 0.010356893064454198, -0.046196091978345066, -0.0697655969997868]	0.7996954369591549	0.7823230730136856	0.00985212903469801	3	2	[1, 4, 5]	[2, 3]	"[""unavailable"", ""unavailable"", ""unavailable"", ""unavailable"", ""unavailable""]"	"[""unavailable"", ""unavailable"", ""unavailable"", ""unavailable"", ""unavailable""]"	"[""unavailable"", ""unavailable"", ""unavailable"", ""unavailable"", ""unavailable""]"	unavailable	unavailable	unavailable	unavailable	unavailable	[83140608, 83062784, 82857984, 82731008, 83124224]	[141590528, 146083840, 144871424, 147566592, 143798272]	[58449920, 63021056, 62013440, 64835584, 60674048]	83062784	144871424	77824	0	5	false	[]	[]	0.05	false	false	unavailable	false	false	[]	[]	[]	false	false	false
patrolling17.ltl	false	"[""UNREALIZABLE"", ""UNREALIZABLE"", ""UNREALIZABLE"", ""UNREALIZABLE"", ""UNREALIZABLE""]"	"[""UNREALIZABLE""]"	5	5/5	"[""UNREALIZABLE"", ""UNREALIZABLE"", ""UNREALIZABLE"", ""UNREALIZABLE"", ""UNREALIZABLE""]"	"[""UNREALIZABLE""]"	5	5/5	[0.42980711499694735, 0.4229806800140068, 0.4441945630242117, 0.4249243160011247, 0.4337694289861247]	[0.4145621759817004, 0.4240873139933683, 0.4598116219858639, 0.4449147109990008, 0.44959952298086137]	[-0.015244939015246928, 0.0011066339793615043, 0.01561705896165222, 0.019990394997876137, 0.01583009399473667]	0.42980711499694735	0.4449147109990008	0.004882798995822668	1	4	[1]	[2, 3, 4, 5]	"[""unavailable"", ""unavailable"", ""unavailable"", ""unavailable"", ""unavailable""]"	"[""unavailable"", ""unavailable"", ""unavailable"", ""unavailable"", ""unavailable""]"	"[""unavailable"", ""unavailable"", ""unavailable"", ""unavailable"", ""unavailable""]"	unavailable	unavailable	unavailable	unavailable	unavailable	[51613696, 51597312, 51441664, 51486720, 51646464]	[72781824, 67043328, 79527936, 77725696, 77111296]	[21168128, 15446016, 28086272, 26238976, 25464832]	51597312	77111296	49152	0	5	false	[]	[]	0.05	false	false	unavailable	false	false	[]	[]	[]	false	false	false
patrolling18.ltl	false	"[""UNREALIZABLE"", ""UNREALIZABLE"", ""UNREALIZABLE"", ""UNREALIZABLE"", ""UNREALIZABLE""]"	"[""UNREALIZABLE""]"	5	5/5	"[""UNREALIZABLE"", ""UNREALIZABLE"", ""UNREALIZABLE"", ""UNREALIZABLE"", ""UNREALIZABLE""]"	"[""UNREALIZABLE""]"	5	5/5	[0.48780024802545086, 0.4928394290036522, 0.5351259509916417, 0.49918296496616676, 0.4682193410117179]	[0.511886652035173, 0.5049924359773286, 0.5193397559924051, 0.49852521100547165, 0.5137526839971542]	[0.024086404009722173, 0.012153006973676383, -0.015786194999236614, -0.0006577539606951177, 0.04553334298543632]	0.4928394290036522	0.511886652035173	0.006343535962514579	2	3	[3, 4]	[1, 2, 5]	"[""unavailable"", ""unavailable"", ""unavailable"", ""unavailable"", ""unavailable""]"	"[""unavailable"", ""unavailable"", ""unavailable"", ""unavailable"", ""unavailable""]"	"[""unavailable"", ""unavailable"", ""unavailable"", ""unavailable"", ""unavailable""]"	unavailable	unavailable	unavailable	unavailable	unavailable	[53215232, 53469184, 53452800, 53272576, 53485568]	[93028352, 90918912, 91779072, 91152384, 91791360]	[39813120, 37449728, 38326272, 37879808, 38305792]	53452800	91779072	32768	0	5	false	[]	[]	0.05	false	false	unavailable	false	false	[]	[]	[]	false	false	false
patrolling19.ltl	false	"[""UNREALIZABLE"", ""UNREALIZABLE"", ""UNREALIZABLE"", ""UNREALIZABLE"", ""UNREALIZABLE""]"	"[""UNREALIZABLE""]"	5	5/5	"[""UNREALIZABLE"", ""UNREALIZABLE"", ""UNREALIZABLE"", ""UNREALIZABLE"", ""UNREALIZABLE""]"	"[""UNREALIZABLE""]"	5	5/5	[0.4901594590046443, 0.5251140259788372, 0.5209984999964945, 0.5073266020044684, 0.5003654100000858]	[0.5203708299668506, 0.5335656050010584, 0.5272411539917812, 0.5362085090018809, 0.4857536170165986]	[0.030211370962206274, 0.008451579022221267, 0.006242653995286673, 0.028881906997412443, -0.014611792983487248]	0.5073266020044684	0.5272411539917812	0.01367189799202606	1	4	[5]	[1, 2, 3, 4]	"[""unavailable"", ""unavailable"", ""unavailable"", ""unavailable"", ""unavailable""]"	"[""unavailable"", ""unavailable"", ""unavailable"", ""unavailable"", ""unavailable""]"	"[""unavailable"", ""unavailable"", ""unavailable"", ""unavailable"", ""unavailable""]"	unavailable	unavailable	unavailable	unavailable	unavailable	[56262656, 56037376, 56340480, 56188928, 56090624]	[94756864, 94425088, 94691328, 95064064, 94281728]	[38494208, 38387712, 38350848, 38875136, 38191104]	56188928	94691328	98304	0	5	false	[]	[]	0.05	false	false	unavailable	false	false	[]	[]	[]	false	false	false
patrolling20.ltl	false	"[""UNREALIZABLE"", ""UNREALIZABLE"", ""UNREALIZABLE"", ""UNREALIZABLE"", ""UNREALIZABLE""]"	"[""UNREALIZABLE""]"	5	5/5	"[""UNREALIZABLE"", ""UNREALIZABLE"", ""UNREALIZABLE"", ""UNREALIZABLE"", ""UNREALIZABLE""]"	"[""UNREALIZABLE""]"	5	5/5	[0.6043554509524256, 0.5379930860362947, 0.60293555498356, 0.5673515960224904, 0.5583615539944731]	[0.5601589120342396, 0.5521150919958018, 0.5539853589725681, 0.5932610280578956, 0.57299461401999]	[-0.04419653891818598, 0.014122005959507078, -0.04895019601099193, 0.02590943203540519, 0.014633060025516897]	0.5673515960224904	0.5601589120342396	0.029358509986195713	2	3	[1, 3]	[2, 4, 5]	"[""unavailable"", ""unavailable"", ""unavailable"", ""unavailable"", ""unavailable""]"	"[""unavailable"", ""unavailable"", ""unavailable"", ""unavailable"", ""unavailable""]"	"[""unavailable"", ""unavailable"", ""unavailable"", ""unavailable"", ""unavailable""]"	unavailable	unavailable	unavailable	unavailable	unavailable	[59691008, 59822080, 60108800, 59752448, 60055552]	[101048320, 100454400, 101060608, 104116224, 103989248]	[41357312, 40632320, 40951808, 44363776, 43933696]	59822080	101060608	131072	0	5	false	[]	[]	0.05	false	false	unavailable	false	false	[]	[]	[]	false	false	false
patrolling21.ltl	false	"[""UNREALIZABLE"", ""UNREALIZABLE"", ""UNREALIZABLE"", ""UNREALIZABLE"", ""UNREALIZABLE""]"	"[""UNREALIZABLE""]"	5	5/5	"[""UNREALIZABLE"", ""UNREALIZABLE"", ""UNREALIZABLE"", ""UNREALIZABLE"", ""UNREALIZABLE""]"	"[""UNREALIZABLE""]"	5	5/5	[0.5838669550139457, 0.6059005110291764, 0.5975611300091259, 0.6569453640258871, 0.6224056789651513]	[0.6185293939779513, 0.6151471830089577, 0.6249885379802436, 0.6132565750158392, 0.6202308320207521]	[0.03466243896400556, 0.00924667197978124, 0.027427407971117646, -0.04368878901004791, -0.002174846944399178]	0.6059005110291764	0.6185293939779513	0.016505167935974896	2	3	[4, 5]	[1, 2, 3]	"[""unavailable"", ""unavailable"", ""unavailable"", ""unavailable"", ""unavailable""]"	"[""unavailable"", ""unavailable"", ""unavailable"", ""unavailable"", ""unavailable""]"	"[""unavailable"", ""unavailable"", ""unavailable"", ""unavailable"", ""unavailable""]"	unavailable	unavailable	unavailable	unavailable	unavailable	[63410176, 63512576, 63320064, 63823872, 63504384]	[107991040, 108052480, 109002752, 108953600, 107741184]	[44580864, 44539904, 45682688, 45129728, 44236800]	63504384	108052480	94208	0	5	false	[]	[]	0.05	false	false	unavailable	false	false	[]	[]	[]	false	false	false
patrolling22.ltl	false	"[""UNREALIZABLE"", ""UNREALIZABLE"", ""UNREALIZABLE"", ""UNREALIZABLE"", ""UNREALIZABLE""]"	"[""UNREALIZABLE""]"	5	5/5	"[""UNREALIZABLE"", ""UNREALIZABLE"", ""UNREALIZABLE"", ""UNREALIZABLE"", ""UNREALIZABLE""]"	"[""UNREALIZABLE""]"	5	5/5	[0.623224857961759, 0.5907965129590593, 0.6299652500310913, 0.6396738319890574, 0.6252549109631218]	[0.613272330025211, 0.6452947779907845, 0.6146657160134055, 0.6926841249805875, 0.6052786590298638]	[-0.009952527936547995, 0.05449826503172517, -0.0152995340176858, 0.05301029299153015, -0.019976251933258027]	0.6252549109631218	0.6146657160134055	0.004710339067969471	3	2	[1, 3, 5]	[2, 4]	"[""unavailable"", ""unavailable"", ""unavailable"", ""unavailable"", ""unavailable""]"	"[""unavailable"", ""unavailable"", ""unavailable"", ""unavailable"", ""unavailable""]"	"[""unavailable"", ""unavailable"", ""unavailable"", ""unavailable"", ""unavailable""]"	unavailable	unavailable	unavailable	unavailable	unavailable	[66928640, 66486272, 66621440, 66932736, 66818048]	[111611904, 111706112, 112668672, 115826688, 110100480]	[44683264, 45219840, 46047232, 48893952, 43282432]	66818048	111706112	114688	0	5	false	[]	[]	0.05	false	false	unavailable	false	false	[]	[]	[]	false	false	false
patrolling23.ltl	false	"[""UNREALIZABLE"", ""UNREALIZABLE"", ""UNREALIZABLE"", ""UNREALIZABLE"", ""UNREALIZABLE""]"	"[""UNREALIZABLE""]"	5	5/5	"[""UNREALIZABLE"", ""UNREALIZABLE"", ""UNREALIZABLE"", ""UNREALIZABLE"", ""UNREALIZABLE""]"	"[""UNREALIZABLE""]"	5	5/5	[0.6880929759936407, 0.7153684940421954, 0.6774584589875303, 0.6911582409520634, 0.6538442970486358]	[0.6230094209895469, 0.6607831650180742, 0.7113128220080398, 0.7296073339530267, 0.6678221029578708]	[-0.0650835550040938, -0.054585329024121165, 0.03385436302050948, 0.03844909300096333, 0.01397780590923503]	0.6880929759936407	0.6678221029578708	0.0106345170061104	2	3	[1, 2]	[3, 4, 5]	"[""unavailable"", ""unavailable"", ""unavailable"", ""unavailable"", ""unavailable""]"	"[""unavailable"", ""unavailable"", ""unavailable"", ""unavailable"", ""unavailable""]"	"[""unavailable"", ""unavailable"", ""unavailable"", ""unavailable"", ""unavailable""]"	unavailable	unavailable	unavailable	unavailable	unavailable	[70377472, 70602752, 70610944, 70606848, 70615040]	[105603072, 120430592, 121745408, 121643008, 120623104]	[35225600, 49827840, 51134464, 51036160, 50008064]	70606848	120623104	4096	0	5	false	[]	[]	0.05	false	false	unavailable	false	false	[]	[]	[]	false	false	false
patrolling24.ltl	false	"[""UNREALIZABLE"", ""UNREALIZABLE"", ""UNREALIZABLE"", ""UNREALIZABLE"", ""UNREALIZABLE""]"	"[""UNREALIZABLE""]"	5	5/5	"[""UNREALIZABLE"", ""UNREALIZABLE"", ""UNREALIZABLE"", ""UNREALIZABLE"", ""UNREALIZABLE""]"	"[""UNREALIZABLE""]"	5	5/5	[0.6794216000125743, 0.7144023529835977, 0.7210980349918827, 0.7194723430438899, 0.7018343589734286]	[0.7169832020299509, 0.7329499259940349, 0.7602279239799827, 0.7539425650029443, 0.7110239019966684]	[0.03756160201737657, 0.01854757301043719, 0.03912988898809999, 0.03447022195905447, 0.009189543023239821]	0.7144023529835977	0.7329499259940349	0.006695682008285075	0	5	[]	[1, 2, 3, 4, 5]	"[""unavailable"", ""unavailable"", ""unavailable"", ""unavailable"", ""unavailable""]"	"[""unavailable"", ""unavailable"", ""unavailable"", ""unavailable"", ""unavailable""]"	"[""unavailable"", ""unavailable"", ""unavailable"", ""unavailable"", ""unavailable""]"	unavailable	unavailable	unavailable	unavailable	unavailable	[74391552, 74285056, 74461184, 74506240, 74801152]	[129482752, 134311936, 129556480, 128303104, 126230528]	[55091200, 60026880, 55095296, 53796864, 51429376]	74461184	129482752	69632	0	5	false	[]	[]	0.05	false	false	unavailable	false	false	[]	[]	[]	false	false	false
patrolling25.ltl	false	"[""UNREALIZABLE"", ""UNREALIZABLE"", ""UNREALIZABLE"", ""UNREALIZABLE"", ""UNREALIZABLE""]"	"[""UNREALIZABLE""]"	5	5/5	"[""UNREALIZABLE"", ""UNREALIZABLE"", ""UNREALIZABLE"", ""UNREALIZABLE"", ""UNREALIZABLE""]"	"[""UNREALIZABLE""]"	5	5/5	[0.7727094140136614, 0.7643644729978405, 0.7736068000085652, 0.761932842025999, 0.6959076530183665]	[0.7246295360382646, 0.762265446013771, 0.7717070920043625, 0.7457540099858306, 0.7577334590023383]	[-0.04807987797539681, -0.0020990269840694964, -0.0018997080042026937, -0.016178832040168345, 0.061825805983971804]	0.7643644729978405	0.7577334590023383	0.00834494101582095	4	1	[1, 2, 3, 4]	[5]	"[""unavailable"", ""unavailable"", ""unavailable"", ""unavailable"", ""unavailable""]"	"[""unavailable"", ""unavailable"", ""unavailable"", ""unavailable"", ""unavailable""]"	"[""unavailable"", ""unavailable"", ""unavailable"", ""unavailable"", ""unavailable""]"	unavailable	unavailable	unavailable	unavailable	unavailable	[78528512, 78524416, 78209024, 78127104, 78372864]	[132788224, 133992448, 133791744, 133976064, 134750208]	[54259712, 55468032, 55582720, 55848960, 56377344]	78372864	133976064	155648	0	5	false	[]	[]	0.05	false	false	unavailable	false	false	[]	[]	[]	false	false	false
robot-cat-real-1d-real.ltl	false	"[""REALIZABLE"", ""REALIZABLE"", ""REALIZABLE"", ""REALIZABLE"", ""REALIZABLE""]"	"[""REALIZABLE""]"	5	5/5	"[""REALIZABLE"", ""REALIZABLE"", ""REALIZABLE"", ""REALIZABLE"", ""REALIZABLE""]"	"[""REALIZABLE""]"	5	5/5	[2.6277059319545515, 2.6959378530154936, 2.500412766006775, 2.522734728991054, 2.4693603509804234]	[2.1898665979970247, 2.213160791026894, 2.305315148027148, 2.272934414970223, 2.3508077670121565]	[-0.43783933395752683, -0.4827770619885996, -0.1950976179796271, -0.24980031402083114, -0.11855258396826684]	2.522734728991054	2.272934414970223	0.05337437801063061	5	0	[1, 2, 3, 4, 5]	[]	"[""unavailable"", ""unavailable"", ""unavailable"", ""unavailable"", ""unavailable""]"	"[""unavailable"", ""unavailable"", ""unavailable"", ""unavailable"", ""unavailable""]"	"[""unavailable"", ""unavailable"", ""unavailable"", ""unavailable"", ""unavailable""]"	unavailable	unavailable	unavailable	unavailable	unavailable	[118841344, 118898688, 118833152, 118906880, 118841344]	[118837248, 118775808, 118759424, 118796288, 118775808]	[-4096, -122880, -73728, -110592, -65536]	118841344	118775808	8192	5	0	false	[]	[]	0.1261367364495527	false	false	unavailable	false	false	[]	[]	[]	false	false	false
robot-grid-commute-1d-real.ltl	false	"[""REALIZABLE"", ""REALIZABLE"", ""REALIZABLE"", ""REALIZABLE"", ""REALIZABLE""]"	"[""REALIZABLE""]"	5	5/5	"[""REALIZABLE"", ""REALIZABLE"", ""REALIZABLE"", ""REALIZABLE"", ""REALIZABLE""]"	"[""REALIZABLE""]"	5	5/5	[1.882878051022999, 2.0835082000121474, 2.140009819995612, 2.078528687998187, 2.055787510005757]	[1.7566336070303805, 1.8126250740024261, 1.7327657759888098, 1.7971093090018257, 1.9480285239988007]	[-0.12624444399261847, -0.2708831260097213, -0.40724404400680214, -0.28141937899636105, -0.10775898600695655]	2.078528687998187	1.7971093090018257	0.022741177992429584	5	0	[1, 2, 3, 4, 5]	[]	"[""unavailable"", ""unavailable"", ""unavailable"", ""unavailable"", ""unavailable""]"	"[""unavailable"", ""unavailable"", ""unavailable"", ""unavailable"", ""unavailable""]"	"[""unavailable"", ""unavailable"", ""unavailable"", ""unavailable"", ""unavailable""]"	unavailable	unavailable	unavailable	unavailable	unavailable	[172064768, 172142592, 172072960, 172052480, 172081152]	[172060672, 172085248, 172150784, 172130304, 171995136]	[-4096, -57344, 77824, 77824, -86016]	172072960	172085248	8192	3	2	false	[]	[]	0.10392643439990934	false	false	unavailable	false	false	[]	[]	[]	false	false	false
robot-grid-reach-2d-real.ltl	false	"[""REALIZABLE"", ""REALIZABLE"", ""REALIZABLE"", ""REALIZABLE"", ""REALIZABLE""]"	"[""REALIZABLE""]"	5	5/5	"[""REALIZABLE"", ""REALIZABLE"", ""REALIZABLE"", ""REALIZABLE"", ""REALIZABLE""]"	"[""REALIZABLE""]"	5	5/5	[3.0674963790224865, 3.0295438070315868, 2.9962404720135964, 2.996003912994638, 2.904084892012179]	[2.725016652024351, 3.118902102985885, 2.9316078510018997, 2.8242237570229918, 2.6760523060220294]	[-0.34247972699813545, 0.08935829595429823, -0.06463262101169676, -0.1717801559716463, -0.22803258599014953]	2.9962404720135964	2.8242237570229918	0.03330333501799032	4	1	[1, 3, 4, 5]	[2]	"[""unavailable"", ""unavailable"", ""unavailable"", ""unavailable"", ""unavailable""]"	"[""unavailable"", ""unavailable"", ""unavailable"", ""unavailable"", ""unavailable""]"	"[""unavailable"", ""unavailable"", ""unavailable"", ""unavailable"", ""unavailable""]"	unavailable	unavailable	unavailable	unavailable	unavailable	[164900864, 164855808, 164995072, 164888576, 164827136]	[164839424, 164761600, 164806656, 164913152, 164851712]	[-61440, -94208, -188416, 24576, 24576]	164888576	164839424	32768	3	2	false	[]	[]	0.14981202360067983	false	false	unavailable	false	false	[]	[]	[]	false	false	false
robot-grid-reach-repeated-with-obstacles-2d-real.ltl	false	"[""REALIZABLE"", ""REALIZABLE"", ""REALIZABLE"", ""REALIZABLE"", ""REALIZABLE""]"	"[""REALIZABLE""]"	5	5/5	"[""REALIZABLE"", ""REALIZABLE"", ""REALIZABLE"", ""REALIZABLE"", ""REALIZABLE""]"	"[""REALIZABLE""]"	5	5/5	[12.54000601201551, 12.39056580804754, 12.75421331700636, 12.470054678036831, 12.001693654980045]	[7.937910376000218, 7.75590084400028, 7.513356003968511, 8.294192068977281, 8.175804758968297]	[-4.602095636015292, -4.634664964047261, -5.24085731303785, -4.17586260905955, -3.8258888960117474]	12.470054678036831	7.937910376000218	0.07948886998929083	5	0	[1, 2, 3, 4, 5]	[]	"[""unavailable"", ""unavailable"", ""unavailable"", ""unavailable"", ""unavailable""]"	"[""unavailable"", ""unavailable"", ""unavailable"", ""unavailable"", ""unavailable""]"	"[""unavailable"", ""unavailable"", ""unavailable"", ""unavailable"", ""unavailable""]"	unavailable	unavailable	unavailable	unavailable	unavailable	[946249728, 946368512, 946286592, 946237440, 946233344]	[762798080, 769662976, 750870528, 752820224, 771973120]	[-183451648, -176705536, -195416064, -193417216, -174260224]	946249728	762798080	16384	5	0	false	[]	[]	0.6235027339018416	false	false	unavailable	false	false	[]	[]	[]	false	false	false
robot-resource-2d10.ltl	false	"[""UNREALIZABLE"", ""UNREALIZABLE"", ""UNREALIZABLE"", ""UNREALIZABLE"", ""UNREALIZABLE""]"	"[""UNREALIZABLE""]"	5	5/5	"[""UNREALIZABLE"", ""UNREALIZABLE"", ""UNREALIZABLE"", ""UNREALIZABLE"", ""UNREALIZABLE""]"	"[""UNREALIZABLE""]"	5	5/5	[1.6251624819706194, 1.6531870419858024, 1.5807001320063137, 1.6988267789711244, 1.6594021159689873]	[1.5791397349676117, 1.6986325060133822, 1.7207685339963064, 1.7813100430066697, 1.5939594780211337]	[-0.04602274700300768, 0.045445464027579874, 0.1400684019899927, 0.08248326403554529, -0.06544263794785365]	1.6531870419858024	1.6986325060133822	0.028024560015182942	2	3	[1, 5]	[2, 3, 4]	"[""unavailable"", ""unavailable"", ""unavailable"", ""unavailable"", ""unavailable""]"	"[""unavailable"", ""unavailable"", ""unavailable"", ""unavailable"", ""unavailable""]"	"[""unavailable"", ""unavailable"", ""unavailable"", ""unavailable"", ""unavailable""]"	unavailable	unavailable	unavailable	unavailable	unavailable	[44572672, 44527616, 44552192, 44482560, 44527616]	[44503040, 44453888, 44408832, 44482560, 44568576]	[-69632, -73728, -143360, 0, 40960]	44527616	44482560	24576	3	1	false	[]	[]	0.08265935209929012	false	false	unavailable	false	false	[]	[]	[]	false	false	false
robot-resource-2d11.ltl	false	"[""UNREALIZABLE"", ""UNREALIZABLE"", ""UNREALIZABLE"", ""UNREALIZABLE"", ""UNREALIZABLE""]"	"[""UNREALIZABLE""]"	5	5/5	"[""UNREALIZABLE"", ""UNREALIZABLE"", ""UNREALIZABLE"", ""UNREALIZABLE"", ""UNREALIZABLE""]"	"[""UNREALIZABLE""]"	5	5/5	[1.744583854044322, 1.6950187670299783, 1.8811131269903854, 1.7728664379683323, 1.7547281910083257]	[1.6340013389708474, 1.7422830490395427, 1.7610681490041316, 1.6520356900291517, 1.7834163589868695]	[-0.1105825150734745, 0.04726428200956434, -0.1200449779862538, -0.12083074793918058, 0.028688167978543788]	1.7547281910083257	1.7422830490395427	0.018138246960006654	3	2	[1, 3, 4]	[2, 5]	"[""unavailable"", ""unavailable"", ""unavailable"", ""unavailable"", ""unavailable""]"	"[""unavailable"", ""unavailable"", ""unavailable"", ""unavailable"", ""unavailable""]"	"[""unavailable"", ""unavailable"", ""unavailable"", ""unavailable"", ""unavailable""]"	unavailable	unavailable	unavailable	unavailable	unavailable	[44474368, 44384256, 44433408, 44388352, 44355584]	[44400640, 44470272, 44478464, 44437504, 44392448]	[-73728, 86016, 45056, 49152, 36864]	44388352	44437504	32768	1	4	false	[]	[]	0.08773640955041628	false	false	unavailable	false	false	[]	[]	[]	false	false	false
robot-resource-2d12.ltl	false	"[""UNREALIZABLE"", ""UNREALIZABLE"", ""UNREALIZABLE"", ""UNREALIZABLE"", ""UNREALIZABLE""]"	"[""UNREALIZABLE""]"	5	5/5	"[""UNREALIZABLE"", ""UNREALIZABLE"", ""UNREALIZABLE"", ""UNREALIZABLE"", ""UNREALIZABLE""]"	"[""UNREALIZABLE""]"	5	5/5	[1.970963617961388, 1.9725854209973477, 1.8490889729582705, 1.933122957998421, 1.9316441700211726]	[1.856981945980806, 1.949859065003693, 1.9216224529664032, 1.8681902770185843, 1.9508647810434923]	[-0.11398167198058218, -0.02272635599365458, 0.07253348000813276, -0.06493268097983673, 0.019220611022319645]	1.933122957998421	1.9216224529664032	0.03784065996296704	3	2	[1, 2, 4]	[3, 5]	"[""unavailable"", ""unavailable"", ""unavailable"", ""unavailable"", ""unavailable""]"	"[""unavailable"", ""unavailable"", ""unavailable"", ""unavailable"", ""unavailable""]"	"[""unavailable"", ""unavailable"", ""unavailable"", ""unavailable"", ""unavailable""]"	unavailable	unavailable	unavailable	unavailable	unavailable	[44470272, 44441600, 44212224, 44511232, 44429312]	[44400640, 44511232, 44339200, 44404736, 44421120]	[-69632, 69632, 126976, -106496, -8192]	44441600	44404736	28672	3	2	false	[]	[]	0.09665614789992105	false	false	unavailable	false	false	[]	[]	[]	false	false	false
robot-resource-2d13.ltl	false	"[""UNREALIZABLE"", ""UNREALIZABLE"", ""UNREALIZABLE"", ""UNREALIZABLE"", ""UNREALIZABLE""]"	"[""UNREALIZABLE""]"	5	5/5	"[""UNREALIZABLE"", ""UNREALIZABLE"", ""UNREALIZABLE"", ""UNREALIZABLE"", ""UNREALIZABLE""]"	"[""UNREALIZABLE""]"	5	5/5	[2.1222557270084508, 2.1196023909724317, 2.110578652995173, 2.0901168530108407, 2.167839079978876]	[1.9920338439987972, 2.1549303630017675, 2.003939226968214, 2.0352101949974895, 2.0843482009950094]	[-0.13022188300965354, 0.0353279720293358, -0.10663942602695897, -0.05490665801335126, -0.08349087898386642]	2.1196023909724317	2.0352101949974895	0.009023737977258861	4	1	[1, 3, 4, 5]	[2]	"[""unavailable"", ""unavailable"", ""unavailable"", ""unavailable"", ""unavailable""]"	"[""unavailable"", ""unavailable"", ""unavailable"", ""unavailable"", ""unavailable""]"	"[""unavailable"", ""unavailable"", ""unavailable"", ""unavailable"", ""unavailable""]"	unavailable	unavailable	unavailable	unavailable	unavailable	[44617728, 44531712, 44658688, 44564480, 44679168]	[44564480, 44572672, 44568576, 44613632, 44470272]	[-53248, 40960, -90112, 49152, -208896]	44617728	44568576	53248	3	2	false	[]	[]	0.10598011954862159	false	false	unavailable	false	false	[]	[]	[]	false	false	false
robot-resource-2d14.ltl	false	"[""UNREALIZABLE"", ""UNREALIZABLE"", ""UNREALIZABLE"", ""UNREALIZABLE"", ""UNREALIZABLE""]"	"[""UNREALIZABLE""]"	5	5/5	"[""UNREALIZABLE"", ""UNREALIZABLE"", ""UNREALIZABLE"", ""UNREALIZABLE"", ""UNREALIZABLE""]"	"[""UNREALIZABLE""]"	5	5/5	[2.1399173999670893, 2.2774948099977337, 2.2047507649986073, 2.3571295149740763, 2.571094556013122]	[2.126925721997395, 2.2933024190133438, 2.2630285309860483, 2.0817755539901555, 2.202329674968496]	[-0.012991677969694138, 0.01580760901561007, 0.058277765987440944, -0.27535396098392084, -0.36876488104462624]	2.2774948099977337	2.202329674968496	0.07963470497634262	3	2	[1, 4, 5]	[2, 3]	"[""unavailable"", ""unavailable"", ""unavailable"", ""unavailable"", ""unavailable""]"	"[""unavailable"", ""unavailable"", ""unavailable"", ""unavailable"", ""unavailable""]"	"[""unavailable"", ""unavailable"", ""unavailable"", ""unavailable"", ""unavailable""]"	unavailable	unavailable	unavailable	unavailable	unavailable	[44621824, 44728320, 44654592, 44589056, 44441600]	[44580864, 44609536, 44617728, 44670976, 44736512]	[-40960, -118784, -36864, 81920, 294912]	44621824	44617728	32768	3	2	false	[]	[]	0.11387474049988669	false	false	unavailable	false	false	[]	[]	[]	false	false	false
robot-resource-2d16.ltl	false	"[""UNREALIZABLE"", ""UNREALIZABLE"", ""UNREALIZABLE"", ""UNREALIZABLE"", ""UNREALIZABLE""]"	"[""UNREALIZABLE""]"	5	5/5	"[""UNREALIZABLE"", ""UNREALIZABLE"", ""UNREALIZABLE"", ""UNREALIZABLE"", ""UNREALIZABLE""]"	"[""UNREALIZABLE""]"	5	5/5	[6.686396648001391, 7.014969679003116, 6.701958587975241, 6.885062012996059, 6.871446437027771]	[6.995422207983211, 6.913311175012495, 6.818619330006186, 6.845092963019852, 7.085149241029285]	[0.30902555998181924, -0.10165850399062037, 0.11666074203094468, -0.039969049976207316, 0.21370280400151387]	6.871446437027771	6.913311175012495	0.14352324197534472	2	3	[2, 4]	[1, 3, 5]	"[""unavailable"", ""unavailable"", ""unavailable"", ""unavailable"", ""unavailable""]"	"[""unavailable"", ""unavailable"", ""unavailable"", ""unavailable"", ""unavailable""]"	"[""unavailable"", ""unavailable"", ""unavailable"", ""unavailable"", ""unavailable""]"	unavailable	unavailable	unavailable	unavailable	unavailable	[82264064, 82128896, 82096128, 82202624, 82055168]	[82100224, 82087936, 82194432, 82255872, 82104320]	[-163840, -40960, 98304, 53248, 49152]	82128896	82104320	73728	2	3	false	[]	[]	0.3435723218513886	false	false	unavailable	false	false	[]	[]	[]	false	false	false
robot-resource-2d17.ltl	false	"[""UNREALIZABLE"", ""UNREALIZABLE"", ""UNREALIZABLE"", ""UNREALIZABLE"", ""UNREALIZABLE""]"	"[""UNREALIZABLE""]"	5	5/5	"[""UNREALIZABLE"", ""UNREALIZABLE"", ""UNREALIZABLE"", ""UNREALIZABLE"", ""UNREALIZABLE""]"	"[""UNREALIZABLE""]"	5	5/5	[7.21241432899842, 7.283863605989609, 7.7625684850499965, 7.363136484986171, 7.448965777992271]	[7.84688476898009, 7.362786178011447, 7.538294780009892, 7.339973044989165, 7.042082648025826]	[0.6344704399816692, 0.07892257202183828, -0.2242737050401047, -0.023163439997006208, -0.40688312996644527]	7.363136484986171	7.362786178011447	0.08582929300609976	3	2	[3, 4, 5]	[1, 2]	"[""unavailable"", ""unavailable"", ""unavailable"", ""unavailable"", ""unavailable""]"	"[""unavailable"", ""unavailable"", ""unavailable"", ""unavailable"", ""unavailable""]"	"[""unavailable"", ""unavailable"", ""unavailable"", ""unavailable"", ""unavailable""]"	unavailable	unavailable	unavailable	unavailable	unavailable	[82194432, 81997824, 82165760, 82223104, 82198528]	[81993728, 82153472, 82198528, 82153472, 82251776]	[-200704, 155648, 32768, -69632, 53248]	82194432	82153472	28672	2	3	false	[]	[]	0.36815682424930857	false	false	unavailable	false	false	[]	[]	[]	false	false	false
robot-resource-2d19.ltl	false	"[""UNREALIZABLE"", ""UNREALIZABLE"", ""UNREALIZABLE"", ""UNREALIZABLE"", ""UNREALIZABLE""]"	"[""UNREALIZABLE""]"	5	5/5	"[""UNREALIZABLE"", ""UNREALIZABLE"", ""UNREALIZABLE"", ""UNREALIZABLE"", ""UNREALIZABLE""]"	"[""UNREALIZABLE""]"	5	5/5	[8.264291076979134, 8.12264855002286, 8.33169598103268, 7.970272931968793, 8.038778436020948]	[7.8248431060346775, 7.882314512971789, 7.836839552037418, 7.776209757954348, 8.059016387967858]	[-0.43944797094445676, -0.24033403705107048, -0.49485642899526283, -0.1940631740144454, 0.02023795194691047]	8.12264855002286	7.836839552037418	0.1416425269562751	4	1	[1, 2, 3, 4]	[5]	"[""unavailable"", ""unavailable"", ""unavailable"", ""unavailable"", ""unavailable""]"	"[""unavailable"", ""unavailable"", ""unavailable"", ""unavailable"", ""unavailable""]"	"[""unavailable"", ""unavailable"", ""unavailable"", ""unavailable"", ""unavailable""]"	unavailable	unavailable	unavailable	unavailable	unavailable	[82345984, 82333696, 82337792, 82259968, 82370560]	[82341888, 82321408, 82255872, 82325504, 82247680]	[-4096, -12288, -81920, 65536, -122880]	82337792	82321408	8192	4	1	false	[]	[]	0.406132427501143	false	false	unavailable	false	false	[]	[]	[]	false	false	false
robot-resource-2d20.ltl	false	"[""UNREALIZABLE"", ""UNREALIZABLE"", ""UNREALIZABLE"", ""UNREALIZABLE"", ""UNREALIZABLE""]"	"[""UNREALIZABLE""]"	5	5/5	"[""UNREALIZABLE"", ""UNREALIZABLE"", ""UNREALIZABLE"", ""UNREALIZABLE"", ""UNREALIZABLE""]"	"[""UNREALIZABLE""]"	5	5/5	[9.220657786994707, 8.834528904000763, 8.82964648102643, 8.82246994000161, 9.178620400023647]	[8.331191484990995, 8.635885892028455, 9.003341806004755, 8.327422973990906, 8.47793489601463]	[-0.8894663020037115, -0.19864301197230816, 0.17369532497832552, -0.49504696601070464, -0.7006855040090159]	8.834528904000763	8.47793489601463	0.012058963999152184	4	1	[1, 2, 4, 5]	[3]	"[""unavailable"", ""unavailable"", ""unavailable"", ""unavailable"", ""unavailable""]"	"[""unavailable"", ""unavailable"", ""unavailable"", ""unavailable"", ""unavailable""]"	"[""unavailable"", ""unavailable"", ""unavailable"", ""unavailable"", ""unavailable""]"	unavailable	unavailable	unavailable	unavailable	unavailable	[82362368, 82251776, 82432000, 82264064, 82255872]	[82276352, 82366464, 82259968, 82239488, 82190336]	[-86016, 114688, -172032, -24576, -65536]	82264064	82259968	12288	4	1	false	[]	[]	0.4417264452000382	false	false	unavailable	false	false	[]	[]	[]	false	false	false
robot-resource-2d23.ltl	false	"[""UNREALIZABLE"", ""UNREALIZABLE"", ""UNREALIZABLE"", ""UNREALIZABLE"", ""UNREALIZABLE""]"	"[""UNREALIZABLE""]"	5	5/5	"[""UNREALIZABLE"", ""UNREALIZABLE"", ""UNREALIZABLE"", ""UNREALIZABLE"", ""UNREALIZABLE""]"	"[""UNREALIZABLE""]"	5	5/5	[10.01759604003746, 9.344101176015101, 9.525459978030995, 9.481041527993511, 9.884752091951668]	[9.848277265962679, 9.828506389982067, 9.614312683988828, 9.757824998989236, 9.481839799962472]	[-0.16931877407478169, 0.4844052139669657, 0.08885270595783368, 0.2767834709957242, -0.4029122919891961]	9.525459978030995	9.757824998989236	0.18135880201589316	2	3	[1, 5]	[2, 3, 4]	"[""unavailable"", ""unavailable"", ""unavailable"", ""unavailable"", ""unavailable""]"	"[""unavailable"", ""unavailable"", ""unavailable"", ""unavailable"", ""unavailable""]"	"[""unavailable"", ""unavailable"", ""unavailable"", ""unavailable"", ""unavailable""]"	unavailable	unavailable	unavailable	unavailable	unavailable	[90705920, 90644480, 90857472, 90767360, 90779648]	[90718208, 90796032, 90693632, 90644480, 90845184]	[12288, 151552, -163840, -122880, 65536]	90767360	90718208	61440	2	3	false	[]	[]	0.4762729989015497	false	false	unavailable	false	false	[]	[]	[]	false	false	false
robot-resource-2d8.ltl	false	"[""UNREALIZABLE"", ""UNREALIZABLE"", ""UNREALIZABLE"", ""UNREALIZABLE"", ""UNREALIZABLE""]"	"[""UNREALIZABLE""]"	5	5/5	"[""UNREALIZABLE"", ""UNREALIZABLE"", ""UNREALIZABLE"", ""UNREALIZABLE"", ""UNREALIZABLE""]"	"[""UNREALIZABLE""]"	5	5/5	[1.3693866760004312, 1.379319628002122, 1.375299384992104, 1.2804431390250102, 1.3753582920180634]	[1.3048435110249557, 1.3461391340242699, 1.380945346027147, 1.3549409059924074, 1.3063162440084852]	[-0.06454316497547552, -0.033180493977852166, 0.005645961035043001, 0.07449776696739718, -0.06904204800957814]	1.375299384992104	1.3461391340242699	0.004020243010018021	3	2	[1, 2, 5]	[3, 4]	"[""unavailable"", ""unavailable"", ""unavailable"", ""unavailable"", ""unavailable""]"	"[""unavailable"", ""unavailable"", ""unavailable"", ""unavailable"", ""unavailable""]"	"[""unavailable"", ""unavailable"", ""unavailable"", ""unavailable"", ""unavailable""]"	unavailable	unavailable	unavailable	unavailable	unavailable	[44326912, 44302336, 44290048, 44376064, 44265472]	[44367872, 44294144, 44367872, 44220416, 44355584]	[40960, -8192, 77824, -155648, 90112]	44302336	44355584	24576	2	3	false	[]	[]	0.0687649692496052	false	false	unavailable	false	false	[]	[]	[]	false	false	false
robot-to-target-unreal0.ltl	false	"[""REALIZABLE"", ""REALIZABLE"", ""REALIZABLE"", ""REALIZABLE"", ""REALIZABLE""]"	"[""REALIZABLE""]"	5	5/5	"[""REALIZABLE"", ""REALIZABLE"", ""REALIZABLE"", ""REALIZABLE"", ""REALIZABLE""]"	"[""REALIZABLE""]"	5	5/5	[8.763508044998161, 8.411166205012705, 8.474823024997022, 8.293675799970515, 7.982402002962772]	[8.038010249962099, 8.31004978803685, 8.52573305304395, 8.068149238009937, 8.740314201975707]	[-0.7254977950360626, -0.10111641697585583, 0.050910028046928346, -0.22552656196057796, 0.7579121990129352]	8.411166205012705	8.31004978803685	0.1174904050421901	3	2	[1, 2, 4]	[3, 5]	"[""unavailable"", ""unavailable"", ""unavailable"", ""unavailable"", ""unavailable""]"	"[""unavailable"", ""unavailable"", ""unavailable"", ""unavailable"", ""unavailable""]"	"[""unavailable"", ""unavailable"", ""unavailable"", ""unavailable"", ""unavailable""]"	unavailable	unavailable	unavailable	unavailable	unavailable	[211148800, 211206144, 211173376, 210911232, 211304448]	[211226624, 211218432, 211070976, 211062784, 211210240]	[77824, 12288, -102400, 151552, -94208]	211173376	211210240	32768	2	3	false	[]	[]	0.4205583102506353	false	false	unavailable	false	false	[]	[]	[]	false	false	false
robot_grid_pb_3_3_pe_.ltl	false	"[""REALIZABLE"", ""REALIZABLE"", ""REALIZABLE"", ""REALIZABLE"", ""REALIZABLE""]"	"[""REALIZABLE""]"	5	5/5	"[""REALIZABLE"", ""REALIZABLE"", ""REALIZABLE"", ""REALIZABLE"", ""REALIZABLE""]"	"[""REALIZABLE""]"	5	5/5	[0.1553502440219745, 0.16233088402077556, 0.15996340400306508, 0.15428126201732084, 0.16925713000819087]	[0.2882779330248013, 0.26219918904826045, 0.26683784497436136, 0.26181411801371723, 0.2863806960522197]	[0.1329276890028268, 0.0998683050274849, 0.10687444097129628, 0.10753285599639639, 0.11712356604402885]	0.15996340400306508	0.26683784497436136	0.0046131599810905755	0	5	[]	[1, 2, 3, 4, 5]	"[""unavailable"", ""unavailable"", ""unavailable"", ""unavailable"", ""unavailable""]"	"[""unavailable"", ""unavailable"", ""unavailable"", ""unavailable"", ""unavailable""]"	"[""unavailable"", ""unavailable"", ""unavailable"", ""unavailable"", ""unavailable""]"	unavailable	unavailable	unavailable	unavailable	unavailable	[40763392, 40669184, 40861696, 40910848, 40919040]	[42131456, 42221568, 42217472, 42221568, 42037248]	[1368064, 1552384, 1355776, 1310720, 1118208]	40861696	42217472	57344	0	5	false	[]	[]	0.05	true	true	unavailable	false	false	"[""slowdown — validated""]"	[]	"[""slowdown — validated""]"	false	false	false
robot_grid_pb_4_4_pe_.ltl	false	"[""REALIZABLE"", ""REALIZABLE"", ""REALIZABLE"", ""REALIZABLE"", ""REALIZABLE""]"	"[""REALIZABLE""]"	5	5/5	"[""REALIZABLE"", ""REALIZABLE"", ""REALIZABLE"", ""REALIZABLE"", ""REALIZABLE""]"	"[""REALIZABLE""]"	5	5/5	[1.230067995027639, 1.28592871298315, 1.2910137879662216, 1.3827240339596756, 1.309425703017041]	[1.6600695480010472, 1.852891627990175, 1.70283299399307, 1.8691585769993253, 1.7446966679999605]	[0.43000155297340825, 0.566962915007025, 0.4118192060268484, 0.4864345430396497, 0.4352709649829194]	1.2910137879662216	1.7446966679999605	0.018411915050819516	0	5	[]	[1, 2, 3, 4, 5]	"[""unavailable"", ""unavailable"", ""unavailable"", ""unavailable"", ""unavailable""]"	"[""unavailable"", ""unavailable"", ""unavailable"", ""unavailable"", ""unavailable""]"	"[""unavailable"", ""unavailable"", ""unavailable"", ""unavailable"", ""unavailable""]"	unavailable	unavailable	unavailable	unavailable	unavailable	[218849280, 218849280, 218812416, 219017216, 218845184]	[220229632, 220344320, 220618752, 220336128, 220274688]	[1380352, 1495040, 1806336, 1318912, 1429504]	218849280	220336128	4096	0	5	false	[]	[]	0.06455068939831109	true	true	unavailable	false	false	"[""slowdown — validated""]"	[]	"[""slowdown — validated""]"	false	false	false
robot_grid_pb_5_5_pe_.ltl	true	"[""TIMEOUT"", ""TIMEOUT"", ""TIMEOUT"", ""TIMEOUT"", ""TIMEOUT""]"	[]	0	0/5	"[""REALIZABLE"", ""REALIZABLE"", ""REALIZABLE"", ""REALIZABLE"", ""REALIZABLE""]"	"[""REALIZABLE""]"	5	5/5	[17.0, 17.0, 17.0, 17.0, 17.0]	[9.064050314947963, 9.59084411204094, 9.192768306995276, 9.470941414008848, 9.378626135003287]	[-7.935949685052037, -7.409155887959059, -7.807231693004724, -7.529058585991152, -7.621373864996713]	17.0	9.378626135003287	0.0	5	0	[1, 2, 3, 4, 5]	[]	"[""unavailable"", ""unavailable"", ""unavailable"", ""unavailable"", ""unavailable""]"	"[""unavailable"", ""unavailable"", ""unavailable"", ""unavailable"", ""unavailable""]"	"[""unavailable"", ""unavailable"", ""unavailable"", ""unavailable"", ""unavailable""]"	unavailable	unavailable	unavailable	unavailable	unavailable	"[""unavailable"", ""unavailable"", ""unavailable"", ""unavailable"", ""unavailable""]"	[1273942016, 1272565760, 1271209984, 1270145024, 1269157888]	"[""unavailable"", ""unavailable"", ""unavailable"", ""unavailable"", ""unavailable""]"	unavailable	1271209984	unavailable	unavailable	unavailable	false	[]	[]	0.8500000000000001	false	false	unavailable	false	false	[]	[]	"[""changed round statuses""]"	false	false	false
round_robin_arbiter_pb_5_pe_.ltl	false	"[""REALIZABLE"", ""REALIZABLE"", ""REALIZABLE"", ""REALIZABLE"", ""REALIZABLE""]"	"[""REALIZABLE""]"	5	5/5	"[""REALIZABLE"", ""REALIZABLE"", ""REALIZABLE"", ""REALIZABLE"", ""REALIZABLE""]"	"[""REALIZABLE""]"	5	5/5	[13.527676864003297, 13.654348337033298, 13.460963896999601, 14.530284058011603, 13.220285997027531]	[14.890003721986432, 13.662819754041266, 13.110542612033896, 13.828842475020792, 14.037350800004788]	[1.3623268579831347, 0.00847141700796783, -0.3504212849657051, -0.7014415829908103, 0.8170648029772565]	13.527676864003297	13.828842475020792	0.12667147303000093	2	3	[3, 4]	[1, 2, 5]	"[""unavailable"", ""unavailable"", ""unavailable"", ""unavailable"", ""unavailable""]"	"[""unavailable"", ""unavailable"", ""unavailable"", ""unavailable"", ""unavailable""]"	"[""unavailable"", ""unavailable"", ""unavailable"", ""unavailable"", ""unavailable""]"	unavailable	unavailable	unavailable	unavailable	unavailable	[450207744, 452902912, 458452992, 448811008, 439586816]	[504872960, 439472128, 458174464, 446078976, 443801600]	[54665216, -13430784, -278528, -2732032, 4214784]	450207744	446078976	2695168	3	2	false	[]	[]	0.6763838432001649	false	false	unavailable	false	false	[]	[]	[]	false	false	false
round_robin_arbiter_unreal1_pb_2_15_pe_.ltl	false	"[""UNREALIZABLE"", ""UNREALIZABLE"", ""UNREALIZABLE"", ""UNREALIZABLE"", ""UNREALIZABLE""]"	"[""UNREALIZABLE""]"	5	5/5	"[""UNREALIZABLE"", ""UNREALIZABLE"", ""UNREALIZABLE"", ""UNREALIZABLE"", ""UNREALIZABLE""]"	"[""UNREALIZABLE""]"	5	5/5	[1.3481848599622026, 1.2941185539821163, 1.3042733870097436, 1.270708478987217, 1.3040148940053768]	[1.233195133972913, 1.341885820031166, 1.3856166389887221, 1.2923257679794915, 1.314340570999775]	[-0.11498972598928958, 0.047767266049049795, 0.08134325197897851, 0.021617288992274553, 0.010325676994398236]	1.3040148940053768	1.314340570999775	0.009896340023260564	1	4	[1]	[2, 3, 4, 5]	"[""unavailable"", ""unavailable"", ""unavailable"", ""unavailable"", ""unavailable""]"	"[""unavailable"", ""unavailable"", ""unavailable"", ""unavailable"", ""unavailable""]"	"[""unavailable"", ""unavailable"", ""unavailable"", ""unavailable"", ""unavailable""]"	unavailable	unavailable	unavailable	unavailable	unavailable	[154415104, 154570752, 154664960, 154611712, 154308608]	[180084736, 180015104, 179851264, 180105216, 180146176]	[25669632, 25444352, 25186304, 25493504, 25837568]	154570752	180084736	94208	0	5	false	[]	[]	0.06520074470026885	false	false	unavailable	false	false	[]	[]	[]	false	false	false
round_robin_arbiter_unreal1_pb_2_16_pe_.ltl	false	"[""UNREALIZABLE"", ""UNREALIZABLE"", ""UNREALIZABLE"", ""UNREALIZABLE"", ""UNREALIZABLE""]"	"[""UNREALIZABLE""]"	5	5/5	"[""UNREALIZABLE"", ""UNREALIZABLE"", ""UNREALIZABLE"", ""UNREALIZABLE"", ""UNREALIZABLE""]"	"[""UNREALIZABLE""]"	5	5/5	[2.6143817820120603, 2.7436549100093544, 2.7368609700351954, 2.8475508330157027, 2.7771160029806197]	[3.0306483349995688, 2.7249642810202204, 3.1050386640126817, 2.8178782570175827, 2.8453913319972344]	[0.4162665529875085, -0.018690628989133984, 0.36817769397748634, -0.02967257599812001, 0.0682753290166147]	2.7436549100093544	2.8453913319972344	0.033461092971265316	2	3	[2, 4]	[1, 3, 5]	"[""unavailable"", ""unavailable"", ""unavailable"", ""unavailable"", ""unavailable""]"	"[""unavailable"", ""unavailable"", ""unavailable"", ""unavailable"", ""unavailable""]"	"[""unavailable"", ""unavailable"", ""unavailable"", ""unavailable"", ""unavailable""]"	unavailable	unavailable	unavailable	unavailable	unavailable	[162066432, 162082816, 162021376, 162131968, 162156544]	[342437888, 342409216, 342282240, 342548480, 342331392]	[180371456, 180326400, 180260864, 180416512, 180174848]	162082816	342409216	49152	0	5	false	[]	[]	0.13718274550046772	false	false	unavailable	false	false	[]	[]	[]	false	false	false
round_robin_arbiter_unreal1_pb_3_6_pe_.ltl	false	"[""UNREALIZABLE"", ""UNREALIZABLE"", ""UNREALIZABLE"", ""UNREALIZABLE"", ""UNREALIZABLE""]"	"[""UNREALIZABLE""]"	5	5/5	"[""UNREALIZABLE"", ""UNREALIZABLE"", ""UNREALIZABLE"", ""UNREALIZABLE"", ""UNREALIZABLE""]"	"[""UNREALIZABLE""]"	5	5/5	[0.9776370250037871, 1.0135266170254909, 1.0730929509736598, 1.0625580020132475, 0.9892994380206801]	[1.015182624978479, 0.9984245609957725, 1.0494675730005838, 1.050685481983237, 1.0265308880480006]	[0.03754559997469187, -0.01510205602971837, -0.023625377973075956, -0.011872520030010492, 0.037231450027320534]	1.0135266170254909	1.0265308880480006	0.03588959202170372	3	2	[2, 3, 4]	[1, 5]	"[""unavailable"", ""unavailable"", ""unavailable"", ""unavailable"", ""unavailable""]"	"[""unavailable"", ""unavailable"", ""unavailable"", ""unavailable"", ""unavailable""]"	"[""unavailable"", ""unavailable"", ""unavailable"", ""unavailable"", ""unavailable""]"	unavailable	unavailable	unavailable	unavailable	unavailable	[96067584, 96182272, 96182272, 96202752, 96260096]	[172306432, 172548096, 171642880, 169836544, 174215168]	[76238848, 76365824, 75460608, 73633792, 77955072]	96182272	172306432	20480	0	5	false	[]	[]	0.05067633085127454	false	false	unavailable	false	false	[]	[]	[]	false	false	false
round_robin_arbiter_unreal1_pb_3_7_pe_.ltl	false	"[""UNREALIZABLE"", ""UNREALIZABLE"", ""UNREALIZABLE"", ""UNREALIZABLE"", ""UNREALIZABLE""]"	"[""UNREALIZABLE""]"	5	5/5	"[""UNREALIZABLE"", ""UNREALIZABLE"", ""UNREALIZABLE"", ""UNREALIZABLE"", ""UNREALIZABLE""]"	"[""UNREALIZABLE""]"	5	5/5	[7.4793129389872774, 7.543245268985629, 7.39735169702908, 7.598731766978744, 7.704066595004406]	[7.6439934790250845, 7.179737780999858, 7.671693115029484, 7.208924369013403, 7.25495440402301]	[0.16468054003780708, -0.36350748798577115, 0.2743414180004038, -0.3898073979653418, -0.44911219098139554]	7.543245268985629	7.25495440402301	0.06393232999835163	3	2	[2, 4, 5]	[1, 3]	"[""unavailable"", ""unavailable"", ""unavailable"", ""unavailable"", ""unavailable""]"	"[""unavailable"", ""unavailable"", ""unavailable"", ""unavailable"", ""unavailable""]"	"[""unavailable"", ""unavailable"", ""unavailable"", ""unavailable"", ""unavailable""]"	unavailable	unavailable	unavailable	unavailable	unavailable	[352952320, 353243136, 353112064, 353488896, 353378304]	[686018560, 680370176, 674553856, 686252032, 680976384]	[333066240, 327127040, 321441792, 332763136, 327598080]	353243136	680976384	135168	0	5	false	[]	[]	0.3771622634492815	false	false	unavailable	false	false	[]	[]	[]	false	false	false
round_robin_arbiter_unreal1_pb_4_4_pe_.ltl	false	"[""UNREALIZABLE"", ""UNREALIZABLE"", ""UNREALIZABLE"", ""UNREALIZABLE"", ""UNREALIZABLE""]"	"[""UNREALIZABLE""]"	5	5/5	"[""UNREALIZABLE"", ""UNREALIZABLE"", ""UNREALIZABLE"", ""UNREALIZABLE"", ""UNREALIZABLE""]"	"[""UNREALIZABLE""]"	5	5/5	[1.7856691849883646, 1.7474295839783736, 1.7972425560001284, 1.7365585719817318, 1.7486819649930112]	[1.67678129801061, 1.7079946410376579, 1.6905327050480992, 1.6809813909931108, 1.5913918889709748]	[-0.10888788697775453, -0.0394349429407157, -0.10670985095202923, -0.05557718098862097, -0.15729007602203637]	1.7486819649930112	1.6809813909931108	0.012123393011279404	5	0	[1, 2, 3, 4, 5]	[]	"[""unavailable"", ""unavailable"", ""unavailable"", ""unavailable"", ""unavailable""]"	"[""unavailable"", ""unavailable"", ""unavailable"", ""unavailable"", ""unavailable""]"	"[""unavailable"", ""unavailable"", ""unavailable"", ""unavailable"", ""unavailable""]"	unavailable	unavailable	unavailable	unavailable	unavailable	[128978944, 128847872, 128974848, 128847872, 129097728]	[207499264, 208814080, 206450688, 208998400, 208027648]	[78520320, 79966208, 77475840, 80150528, 78929920]	128974848	208027648	122880	0	5	false	[]	[]	0.08743409824965057	false	false	unavailable	false	false	[]	[]	[]	false	false	false
rw_arbiter_pb_3_pe_.ltl	false	"[""REALIZABLE"", ""REALIZABLE"", ""REALIZABLE"", ""REALIZABLE"", ""REALIZABLE""]"	"[""REALIZABLE""]"	5	5/5	"[""REALIZABLE"", ""REALIZABLE"", ""REALIZABLE"", ""REALIZABLE"", ""REALIZABLE""]"	"[""REALIZABLE""]"	5	5/5	[0.7998080609831959, 0.7817238600109704, 0.8236214600037783, 0.7596832659910433, 0.7643035849905573]	[0.7480573760112748, 0.7317015929729678, 0.7478298770147376, 0.7264979869942181, 0.7442310189944692]	[-0.051750684971921146, -0.05002226703800261, -0.07579158298904076, -0.03318527899682522, -0.020072565996088088]	0.7817238600109704	0.7442310189944692	0.018084200972225517	5	0	[1, 2, 3, 4, 5]	[]	"[""unavailable"", ""unavailable"", ""unavailable"", ""unavailable"", ""unavailable""]"	"[""unavailable"", ""unavailable"", ""unavailable"", ""unavailable"", ""unavailable""]"	"[""unavailable"", ""unavailable"", ""unavailable"", ""unavailable"", ""unavailable""]"	unavailable	unavailable	unavailable	unavailable	unavailable	[62074880, 62115840, 61796352, 62136320, 62205952]	[61988864, 62025728, 62197760, 62062592, 62095360]	[-86016, -90112, 401408, -73728, -110592]	62115840	62062592	40960	4	1	false	[]	[]	0.05	false	false	unavailable	false	false	[]	[]	[]	false	false	false
simple_arbiter_with_hints_pb_6_pe_.ltl	false	"[""REALIZABLE"", ""REALIZABLE"", ""REALIZABLE"", ""REALIZABLE"", ""REALIZABLE""]"	"[""REALIZABLE""]"	5	5/5	"[""REALIZABLE"", ""REALIZABLE"", ""REALIZABLE"", ""REALIZABLE"", ""REALIZABLE""]"	"[""REALIZABLE""]"	5	5/5	[2.0268588999751955, 2.0955360059742816, 2.017173564003315, 2.0888537989812903, 1.987194329034537]	[1.9752397169941105, 2.1158612209837884, 2.0312289830180816, 1.9831515270052478, 1.9907267640228383]	[-0.05161918298108503, 0.020325215009506792, 0.014055419014766812, -0.10570227197604254, 0.0035324349883012474]	2.0268588999751955	1.9907267640228383	0.03966457094065845	2	3	[1, 4]	[2, 3, 5]	"[""unavailable"", ""unavailable"", ""unavailable"", ""unavailable"", ""unavailable""]"	"[""unavailable"", ""unavailable"", ""unavailable"", ""unavailable"", ""unavailable""]"	"[""unavailable"", ""unavailable"", ""unavailable"", ""unavailable"", ""unavailable""]"	unavailable	unavailable	unavailable	unavailable	unavailable	[116174848, 116277248, 116224000, 116178944, 116023296]	[115941376, 116273152, 116297728, 116297728, 116203520]	[-233472, -4096, 73728, 118784, 180224]	116178944	116273152	45056	2	3	false	[]	[]	0.10134294499875979	false	false	unavailable	false	false	[]	[]	[]	false	false	false
square5x51.ltl	false	"[""UNREALIZABLE"", ""UNREALIZABLE"", ""UNREALIZABLE"", ""UNREALIZABLE"", ""UNREALIZABLE""]"	"[""UNREALIZABLE""]"	5	5/5	"[""UNREALIZABLE"", ""UNREALIZABLE"", ""UNREALIZABLE"", ""UNREALIZABLE"", ""UNREALIZABLE""]"	"[""UNREALIZABLE""]"	5	5/5	[1.1659691279637627, 1.0675464880187064, 1.2104665170190856, 1.1030528499977663, 1.223567312990781]	[1.2355442009866238, 1.163485116965603, 1.1233963539707474, 1.149669984006323, 1.113159821019508]	[0.06957507302286103, 0.09593862894689664, -0.08707016304833815, 0.046617134008556604, -0.11040749197127298]	1.1659691279637627	1.149669984006323	0.05759818502701819	2	3	[3, 5]	[1, 2, 4]	"[""unavailable"", ""unavailable"", ""unavailable"", ""unavailable"", ""unavailable""]"	"[""unavailable"", ""unavailable"", ""unavailable"", ""unavailable"", ""unavailable""]"	"[""unavailable"", ""unavailable"", ""unavailable"", ""unavailable"", ""unavailable""]"	unavailable	unavailable	unavailable	unavailable	unavailable	[149532672, 149512192, 149585920, 149561344, 149348352]	[149446656, 149585920, 149581824, 149446656, 149524480]	[-86016, 73728, -4096, -114688, 176128]	149532672	149524480	28672	3	2	false	[]	[]	0.05829845639818814	false	false	unavailable	false	false	[]	[]	[]	false	false	false
square5x52.ltl	false	"[""UNREALIZABLE"", ""UNREALIZABLE"", ""UNREALIZABLE"", ""UNREALIZABLE"", ""UNREALIZABLE""]"	"[""UNREALIZABLE""]"	5	5/5	"[""UNREALIZABLE"", ""UNREALIZABLE"", ""UNREALIZABLE"", ""UNREALIZABLE"", ""UNREALIZABLE""]"	"[""UNREALIZABLE""]"	5	5/5	[1.3538170880055986, 1.358088859997224, 1.4271265600109473, 1.3754529469879344, 1.3325725289760157]	[1.4038313059718348, 1.3868538530077785, 1.4241303529706784, 1.3497299160226248, 1.3634326059836894]	[0.050014217966236174, 0.028764993010554463, -0.002996207040268928, -0.02572303096530959, 0.03086007700767368]	1.358088859997224	1.3868538530077785	0.017364086990710348	2	3	[3, 4]	[1, 2, 5]	"[""unavailable"", ""unavailable"", ""unavailable"", ""unavailable"", ""unavailable""]"	"[""unavailable"", ""unavailable"", ""unavailable"", ""unavailable"", ""unavailable""]"	"[""unavailable"", ""unavailable"", ""unavailable"", ""unavailable"", ""unavailable""]"	unavailable	unavailable	unavailable	unavailable	unavailable	[152543232, 152477696, 152498176, 152514560, 152539136]	[152408064, 152428544, 152530944, 152395776, 152268800]	[-135168, -49152, 32768, -118784, -270336]	152514560	152408064	24576	4	1	false	[]	[]	0.0679044429998612	false	false	unavailable	false	false	[]	[]	[]	false	false	false
square5x53.ltl	false	"[""UNREALIZABLE"", ""UNREALIZABLE"", ""UNREALIZABLE"", ""UNREALIZABLE"", ""UNREALIZABLE""]"	"[""UNREALIZABLE""]"	5	5/5	"[""UNREALIZABLE"", ""UNREALIZABLE"", ""UNREALIZABLE"", ""UNREALIZABLE"", ""UNREALIZABLE""]"	"[""UNREALIZABLE""]"	5	5/5	[5.134687032026704, 4.777311352954712, 4.807645062042866, 5.135091287025716, 4.876700250024442]	[5.186943289998453, 5.063604074995965, 4.897545371961314, 4.917031973018311, 5.001763383974321]	[0.05225625797174871, 0.286292722041253, 0.08990030991844833, -0.2180593140074052, 0.12506313394987956]	4.876700250024442	5.001763383974321	0.09938889706972986	1	4	[4]	[1, 2, 3, 5]	"[""unavailable"", ""unavailable"", ""unavailable"", ""unavailable"", ""unavailable""]"	"[""unavailable"", ""unavailable"", ""unavailable"", ""unavailable"", ""unavailable""]"	"[""unavailable"", ""unavailable"", ""unavailable"", ""unavailable"", ""unavailable""]"	unavailable	unavailable	unavailable	unavailable	unavailable	[330502144, 330350592, 330502144, 330452992, 330321920]	[330571776, 330440704, 330354688, 330502144, 330489856]	[69632, 90112, -147456, 49152, 167936]	330452992	330489856	49152	1	4	false	[]	[]	0.24383501250122208	false	false	unavailable	false	false	[]	[]	[]	false	false	false
thermostat-F-real.ltl	true	"[""TIMEOUT"", ""TIMEOUT"", ""TIMEOUT"", ""TIMEOUT"", ""TIMEOUT""]"	[]	0	0/5	"[""REALIZABLE"", ""REALIZABLE"", ""REALIZABLE"", ""REALIZABLE"", ""REALIZABLE""]"	"[""REALIZABLE""]"	5	5/5	[17.0, 17.0, 17.0, 17.0, 17.0]	[1.5367091950029135, 1.4350756960338913, 1.530901071964763, 1.4952763649635017, 1.511610769026447]	[-15.463290804997087, -15.564924303966109, -15.469098928035237, -15.504723635036498, -15.488389230973553]	17.0	1.511610769026447	0.0	5	0	[1, 2, 3, 4, 5]	[]	"[""unavailable"", ""unavailable"", ""unavailable"", ""unavailable"", ""unavailable""]"	"[""unavailable"", ""unavailable"", ""unavailable"", ""unavailable"", ""unavailable""]"	"[""unavailable"", ""unavailable"", ""unavailable"", ""unavailable"", ""unavailable""]"	unavailable	unavailable	unavailable	unavailable	unavailable	"[""unavailable"", ""unavailable"", ""unavailable"", ""unavailable"", ""unavailable""]"	[139964416, 141778944, 143884288, 150712320, 143597568]	"[""unavailable"", ""unavailable"", ""unavailable"", ""unavailable"", ""unavailable""]"	unavailable	143597568	unavailable	unavailable	unavailable	false	[]	[]	0.8500000000000001	false	false	unavailable	false	false	[]	[]	"[""changed round statuses""]"	false	false	false
thermostat-GF-unreal0.ltl	false	"[""UNREALIZABLE"", ""UNREALIZABLE"", ""UNREALIZABLE"", ""UNREALIZABLE"", ""UNREALIZABLE""]"	"[""UNREALIZABLE""]"	5	5/5	"[""UNREALIZABLE"", ""UNREALIZABLE"", ""UNREALIZABLE"", ""UNREALIZABLE"", ""UNREALIZABLE""]"	"[""UNREALIZABLE""]"	5	5/5	[1.9580996760050766, 1.8023533250088803, 1.9266710150404833, 1.9683890609885566, 2.003899210016243]	[1.9863934959867038, 2.009078414994292, 1.9519243559916504, 1.8172308220528066, 2.0344308689818718]	[0.028293819981627166, 0.20672508998541161, 0.025253340951167047, -0.15115823893574998, 0.030531658965628594]	1.9580996760050766	1.9863934959867038	0.03142866096459329	1	4	[4]	[1, 2, 3, 5]	"[""unavailable"", ""unavailable"", ""unavailable"", ""unavailable"", ""unavailable""]"	"[""unavailable"", ""unavailable"", ""unavailable"", ""unavailable"", ""unavailable""]"	"[""unavailable"", ""unavailable"", ""unavailable"", ""unavailable"", ""unavailable""]"	unavailable	unavailable	unavailable	unavailable	unavailable	[70971392, 70361088, 69361664, 70234112, 69926912]	[69185536, 72179712, 69812224, 69632000, 70561792]	[-1785856, 1818624, 450560, -602112, 634880]	70234112	69812224	307200	2	3	false	[]	[]	0.09790498380025384	false	false	unavailable	false	false	[]	[]	[]	false	false	false
tmp_13cfc6f2.ltl	false	"[""REALIZABLE"", ""REALIZABLE"", ""REALIZABLE"", ""REALIZABLE"", ""REALIZABLE""]"	"[""REALIZABLE""]"	5	5/5	"[""REALIZABLE"", ""REALIZABLE"", ""REALIZABLE"", ""REALIZABLE"", ""REALIZABLE""]"	"[""REALIZABLE""]"	5	5/5	[0.6986510890419595, 0.7497386970208026, 0.6894723679870367, 0.733642395993229, 0.7952410689904355]	[0.7506485570338555, 0.7140269500087015, 0.7367504030116834, 0.7722326510120183, 0.7476466489606537]	[0.051997467991895974, -0.035711747012101114, 0.04727803502464667, 0.03859025501878932, -0.04759442002978176]	0.733642395993229	0.7476466489606537	0.03499130695126951	2	3	[2, 5]	[1, 3, 4]	"[""unavailable"", ""unavailable"", ""unavailable"", ""unavailable"", ""unavailable""]"	"[""unavailable"", ""unavailable"", ""unavailable"", ""unavailable"", ""unavailable""]"	"[""unavailable"", ""unavailable"", ""unavailable"", ""unavailable"", ""unavailable""]"	unavailable	unavailable	unavailable	unavailable	unavailable	[61100032, 61345792, 61075456, 61177856, 61177856]	[61075456, 61165568, 61112320, 60981248, 61071360]	[-24576, -180224, 36864, -196608, -106496]	61177856	61075456	77824	4	1	false	[]	[]	0.05	false	false	unavailable	false	false	[]	[]	[]	false	false	false
unordered-visits-real.ltl	false	"[""REALIZABLE"", ""REALIZABLE"", ""REALIZABLE"", ""REALIZABLE"", ""REALIZABLE""]"	"[""REALIZABLE""]"	5	5/5	"[""REALIZABLE"", ""REALIZABLE"", ""REALIZABLE"", ""REALIZABLE"", ""REALIZABLE""]"	"[""REALIZABLE""]"	5	5/5	[8.754495848959778, 8.560307704959996, 8.997133003955241, 8.796214632980991, 8.570522198977415]	[8.019323348999023, 8.389570337953046, 8.755397821951192, 8.366521471005399, 8.405455696978606]	[-0.7351724999607541, -0.17073736700695008, -0.24173518200404942, -0.4296931619755924, -0.16506650199880823]	8.754495848959778	8.389570337953046	0.18397364998236299	5	0	[1, 2, 3, 4, 5]	[]	"[""unavailable"", ""unavailable"", ""unavailable"", ""unavailable"", ""unavailable""]"	"[""unavailable"", ""unavailable"", ""unavailable"", ""unavailable"", ""unavailable""]"	"[""unavailable"", ""unavailable"", ""unavailable"", ""unavailable"", ""unavailable""]"	unavailable	unavailable	unavailable	unavailable	unavailable	[208490496, 208760832, 208547840, 208412672, 208633856]	[208568320, 208703488, 208478208, 208531456, 208695296]	[77824, -57344, -69632, 118784, 61440]	208547840	208568320	86016	2	3	false	[]	[]	0.4377247924479889	false	false	unavailable	false	false	[]	[]	[]	false	false	false
workstation_resupply_pb_1_pe_.ltl	false	"[""REALIZABLE"", ""REALIZABLE"", ""REALIZABLE"", ""REALIZABLE"", ""REALIZABLE""]"	"[""REALIZABLE""]"	5	5/5	"[""REALIZABLE"", ""REALIZABLE"", ""REALIZABLE"", ""REALIZABLE"", ""REALIZABLE""]"	"[""REALIZABLE""]"	5	5/5	[0.040388231980614364, 0.02928358898498118, 0.026122092036530375, 0.03059147496242076, 0.031861158029641956]	[0.02763177000451833, 0.02636471000732854, 0.031703291984740645, 0.02481052203802392, 0.02997184597188607]	[-0.012756461976096034, -0.002918878977652639, 0.005581199948210269, -0.005780952924396843, -0.0018893120577558875]	0.03059147496242076	0.02763177000451833	0.0013078859774395823	4	1	[1, 2, 4, 5]	[3]	"[""unavailable"", ""unavailable"", ""unavailable"", ""unavailable"", ""unavailable""]"	"[""unavailable"", ""unavailable"", ""unavailable"", ""unavailable"", ""unavailable""]"	"[""unavailable"", ""unavailable"", ""unavailable"", ""unavailable"", ""unavailable""]"	unavailable	unavailable	unavailable	unavailable	unavailable	[20455424, 20377600, 20332544, 20512768, 20414464]	[20455424, 20381696, 20365312, 20480000, 20443136]	[0, 4096, 32768, -32768, 28672]	20414464	20443136	40960	1	3	false	[]	[]	0.05	false	false	unavailable	false	false	[]	[]	[]	false	false	false
workstation_resupply_pb_2_pe_.ltl	false	"[""REALIZABLE"", ""REALIZABLE"", ""REALIZABLE"", ""REALIZABLE"", ""REALIZABLE""]"	"[""REALIZABLE""]"	5	5/5	"[""REALIZABLE"", ""REALIZABLE"", ""REALIZABLE"", ""REALIZABLE"", ""REALIZABLE""]"	"[""REALIZABLE""]"	5	5/5	[0.33268158399732783, 0.33648092800285667, 0.36349877004977316, 0.3287543099722825, 0.34082282200688496]	[0.3381643560132943, 0.3598312829853967, 0.31779118604026735, 0.31059983698651195, 0.3202646390418522]	[0.005482772015966475, 0.02335035498254001, -0.04570758400950581, -0.018154472985770553, -0.020558182965032756]	0.33648092800285667	0.3202646390418522	0.0043418940040282905	3	2	[3, 4, 5]	[1, 2]	"[""unavailable"", ""unavailable"", ""unavailable"", ""unavailable"", ""unavailable""]"	"[""unavailable"", ""unavailable"", ""unavailable"", ""unavailable"", ""unavailable""]"	"[""unavailable"", ""unavailable"", ""unavailable"", ""unavailable"", ""unavailable""]"	unavailable	unavailable	unavailable	unavailable	unavailable	[47144960, 47144960, 42967040, 47120384, 47124480]	[47210496, 47165440, 47108096, 47206400, 47063040]	[65536, 20480, 4141056, 86016, -61440]	47124480	47165440	20480	1	4	false	[]	[]	0.05	false	false	unavailable	false	false	[]	[]	[]	false	false	false
workstation_resupply_pb_3_pe_.ltl	true	"[""TIMEOUT"", ""REALIZABLE"", ""TIMEOUT"", ""TIMEOUT"", ""REALIZABLE""]"	"[""REALIZABLE""]"	2	2/5	"[""TIMEOUT"", ""REALIZABLE"", ""TIMEOUT"", ""REALIZABLE"", ""TIMEOUT""]"	"[""REALIZABLE""]"	2	2/5	[17.0, 16.633488347986713, 17.0, 17.0, 16.31107965297997]	[17.0, 16.375944043975323, 17.0, 16.73144681903068, 17.0]	[0.0, -0.2575443040113896, 0.0, -0.26855318096932024, 0.68892034702003]	17.0	17.0	0.0	2	1	[2, 4]	[5]	"[""unavailable"", ""unavailable"", ""unavailable"", ""unavailable"", ""unavailable""]"	"[""unavailable"", ""unavailable"", ""unavailable"", ""unavailable"", ""unavailable""]"	"[""unavailable"", ""unavailable"", ""unavailable"", ""unavailable"", ""unavailable""]"	unavailable	unavailable	unavailable	unavailable	unavailable	"[""unavailable"", 321204224, ""unavailable"", ""unavailable"", 321064960]"	"[""unavailable"", 321044480, ""unavailable"", 321024000, ""unavailable""]"	"[""unavailable"", -159744, ""unavailable"", ""unavailable"", ""unavailable""]"	unavailable	unavailable	unavailable	unavailable	unavailable	false	[5]	[]	0.8500000000000001	false	false	unavailable	false	false	[]	"[""mixed paired verdict losses — unresolved, blocks admission""]"	"[""lost verdict in paired rounds [5]"", ""changed round statuses"", ""mixed paired verdict losses — unresolved, blocks admission""]"	false	false	false
workstation_resupply_pb_4_pe_.ltl	false	"[""TIMEOUT"", ""TIMEOUT"", ""TIMEOUT"", ""TIMEOUT"", ""TIMEOUT""]"	[]	0	0/5	"[""TIMEOUT"", ""TIMEOUT"", ""TIMEOUT"", ""TIMEOUT"", ""TIMEOUT""]"	[]	0	0/5	[17.0, 17.0, 17.0, 17.0, 17.0]	[17.0, 17.0, 17.0, 17.0, 17.0]	[0.0, 0.0, 0.0, 0.0, 0.0]	17.0	17.0	0.0	0	0	[]	[]	"[""unavailable"", ""unavailable"", ""unavailable"", ""unavailable"", ""unavailable""]"	"[""unavailable"", ""unavailable"", ""unavailable"", ""unavailable"", ""unavailable""]"	"[""unavailable"", ""unavailable"", ""unavailable"", ""unavailable"", ""unavailable""]"	unavailable	unavailable	unavailable	unavailable	unavailable	"[""unavailable"", ""unavailable"", ""unavailable"", ""unavailable"", ""unavailable""]"	"[""unavailable"", ""unavailable"", ""unavailable"", ""unavailable"", ""unavailable""]"	"[""unavailable"", ""unavailable"", ""unavailable"", ""unavailable"", ""unavailable""]"	unavailable	unavailable	unavailable	unavailable	unavailable	false	[]	[]	0.8500000000000001	false	false	unavailable	false	false	[]	[]	[]	false	false	false
