solver_label	instance	tlsf_file	cap_s	result	seconds	exit_code	timed_out	resource_reason	expectation_source	stdout_bytes	stderr_bytes	run_index	acacia_sha	binary_sha256	preset	timestamp_utc	flags	cpu_seconds	max_process_rss_bytes	scope_memory_peak_bytes	memory_max	memory_swap_max	allowed_cpus	cpu_quota	collect_rusage	worker_records_dir	scope_unit
arm-6	01.ltl	01.tlsf	60	UNKNOWN	0.10200130799785256	2	false		none	0	128	0	3dc9fdf38b30dbc8fc85609a32ca7280ae206529	22455c945576d28d86ac98a3b512327740b12f0cc3a3a6006ad1c59dfe9c9584	otf_sparse_formula	2026-09-25T10:34:40.784124Z	--arms unreal:gr1:oxidd	0.070000	53223424		8G	0			true		acacia-syntcomp26-coverage-3638921-40c7ce561f1d.scope
arm-6	02.ltl	02.tlsf	60	UNKNOWN	2.6636242079548538	2	false		none	0	106	1	3dc9fdf38b30dbc8fc85609a32ca7280ae206529	22455c945576d28d86ac98a3b512327740b12f0cc3a3a6006ad1c59dfe9c9584	otf_sparse_formula	2026-09-25T10:34:43.500711Z	--arms unreal:gr1:oxidd	2.710000	208166912		8G	0			true		acacia-syntcomp26-coverage-3638921-0708208560d2.scope
arm-6	03.ltl	03.tlsf	60	UNKNOWN	2.986341511947103	2	false		none	0	106	2	3dc9fdf38b30dbc8fc85609a32ca7280ae206529	22455c945576d28d86ac98a3b512327740b12f0cc3a3a6006ad1c59dfe9c9584	otf_sparse_formula	2026-09-25T10:34:46.501119Z	--arms unreal:gr1:oxidd	3.030000	202522624		8G	0			true		acacia-syntcomp26-coverage-3638921-eaffeb185b66.scope
arm-6	05.ltl	05.tlsf	60	UNKNOWN	4.074561802088283	2	false		none	0	106	3	3dc9fdf38b30dbc8fc85609a32ca7280ae206529	22455c945576d28d86ac98a3b512327740b12f0cc3a3a6006ad1c59dfe9c9584	otf_sparse_formula	2026-09-25T10:34:50.588949Z	--arms unreal:gr1:oxidd	4.150000	205721600		8G	0			true		acacia-syntcomp26-coverage-3638921-86607d570148.scope
arm-6	06.ltl	06.tlsf	60	UNKNOWN	4.385651021962985	2	false		none	0	106	4	3dc9fdf38b30dbc8fc85609a32ca7280ae206529	22455c945576d28d86ac98a3b512327740b12f0cc3a3a6006ad1c59dfe9c9584	otf_sparse_formula	2026-09-25T10:34:54.988100Z	--arms unreal:gr1:oxidd	4.470000	205574144		8G	0			true		acacia-syntcomp26-coverage-3638921-7f11cd78b49b.scope
arm-6	07.ltl	07.tlsf	60	UNKNOWN	4.19764440599829	2	false		none	0	106	5	3dc9fdf38b30dbc8fc85609a32ca7280ae206529	22455c945576d28d86ac98a3b512327740b12f0cc3a3a6006ad1c59dfe9c9584	otf_sparse_formula	2026-09-25T10:34:59.204701Z	--arms unreal:gr1:oxidd	4.280000	202129408		8G	0			true		acacia-syntcomp26-coverage-3638921-d24170b149bb.scope
arm-6	08.ltl	08.tlsf	60	UNKNOWN	5.287891259999014	2	false		none	0	106	6	3dc9fdf38b30dbc8fc85609a32ca7280ae206529	22455c945576d28d86ac98a3b512327740b12f0cc3a3a6006ad1c59dfe9c9584	otf_sparse_formula	2026-09-25T10:35:04.507238Z	--arms unreal:gr1:oxidd	5.400000	207085568		8G	0			true		acacia-syntcomp26-coverage-3638921-bb650ceff8e0.scope
arm-6	09.ltl	09.tlsf	60	UNKNOWN	4.985636512981728	2	false		none	0	106	7	3dc9fdf38b30dbc8fc85609a32ca7280ae206529	22455c945576d28d86ac98a3b512327740b12f0cc3a3a6006ad1c59dfe9c9584	otf_sparse_formula	2026-09-25T10:35:09.506415Z	--arms unreal:gr1:oxidd	5.070000	200687616		8G	0			true		acacia-syntcomp26-coverage-3638921-806454e9af70.scope
arm-6	10.ltl	10.tlsf	60	UNKNOWN	4.362429808010347	2	false		none	0	106	8	3dc9fdf38b30dbc8fc85609a32ca7280ae206529	22455c945576d28d86ac98a3b512327740b12f0cc3a3a6006ad1c59dfe9c9584	otf_sparse_formula	2026-09-25T10:35:13.882841Z	--arms unreal:gr1:oxidd	4.400000	205860864		8G	0			true		acacia-syntcomp26-coverage-3638921-1564676a3edc.scope
arm-6	11.ltl	11.tlsf	60	UNKNOWN	4.190354538965039	2	false		none	0	106	9	3dc9fdf38b30dbc8fc85609a32ca7280ae206529	22455c945576d28d86ac98a3b512327740b12f0cc3a3a6006ad1c59dfe9c9584	otf_sparse_formula	2026-09-25T10:35:18.086278Z	--arms unreal:gr1:oxidd	4.220000	209272832		8G	0			true		acacia-syntcomp26-coverage-3638921-17cd62737551.scope
arm-6	12.ltl	12.tlsf	60	UNKNOWN	5.049808467039838	2	false		none	0	106	10	3dc9fdf38b30dbc8fc85609a32ca7280ae206529	22455c945576d28d86ac98a3b512327740b12f0cc3a3a6006ad1c59dfe9c9584	otf_sparse_formula	2026-09-25T10:35:23.149628Z	--arms unreal:gr1:oxidd	5.120000	208494592		8G	0			true		acacia-syntcomp26-coverage-3638921-c7645775ddba.scope
arm-6	13.ltl	13.tlsf	60	UNKNOWN	5.492834984906949	2	false		none	0	106	11	3dc9fdf38b30dbc8fc85609a32ca7280ae206529	22455c945576d28d86ac98a3b512327740b12f0cc3a3a6006ad1c59dfe9c9584	otf_sparse_formula	2026-09-25T10:35:28.655740Z	--arms unreal:gr1:oxidd	5.580000	208859136		8G	0			true		acacia-syntcomp26-coverage-3638921-6032387351de.scope
arm-6	ActionConverter.ltl	ActionConverter.tlsf	60	UNKNOWN	0.03437103796750307	2	false		status	0	128	12	3dc9fdf38b30dbc8fc85609a32ca7280ae206529	22455c945576d28d86ac98a3b512327740b12f0cc3a3a6006ad1c59dfe9c9584	otf_sparse_formula	2026-09-25T10:35:28.717154Z	--arms unreal:gr1:oxidd	0.010000	44982272		8G	0			true		acacia-syntcomp26-coverage-3638921-d6156ff6317f.scope
arm-6	AlarmMin_efe2feaf.ltl	AlarmMin_efe2feaf.tlsf	60	UNKNOWN	0.06831440702080727	2	false		status	0	363	13	3dc9fdf38b30dbc8fc85609a32ca7280ae206529	22455c945576d28d86ac98a3b512327740b12f0cc3a3a6006ad1c59dfe9c9584	otf_sparse_formula	2026-09-25T10:35:28.798425Z	--arms unreal:gr1:oxidd	0.040000	26894336		8G	0			true		acacia-syntcomp26-coverage-3638921-37ad38176217.scope
arm-6	Alarm_06e9cad4.ltl	Alarm_06e9cad4.tlsf	60	TIMEOUT	60.080333959078416	124	true	timeout	status	0	8	14	3dc9fdf38b30dbc8fc85609a32ca7280ae206529	22455c945576d28d86ac98a3b512327740b12f0cc3a3a6006ad1c59dfe9c9584	otf_sparse_formula	2026-09-25T10:36:28.895922Z	--arms unreal:gr1:oxidd				8G	0			true		acacia-syntcomp26-coverage-3638921-3ef5fc38a655.scope
arm-6	Alarm_2d1010f8.ltl	Alarm_2d1010f8.tlsf	60	UNKNOWN	0.035295277019031346	2	false		status	0	363	15	3dc9fdf38b30dbc8fc85609a32ca7280ae206529	22455c945576d28d86ac98a3b512327740b12f0cc3a3a6006ad1c59dfe9c9584	otf_sparse_formula	2026-09-25T10:36:28.946891Z	--arms unreal:gr1:oxidd	0.010000	22396928		8G	0			true		acacia-syntcomp26-coverage-3638921-804592888ecb.scope
arm-6	Alarm_68c86764.ltl	Alarm_68c86764.tlsf	60	TIMEOUT	60.08144598000217	124	true	timeout	status	0	8	16	3dc9fdf38b30dbc8fc85609a32ca7280ae206529	22455c945576d28d86ac98a3b512327740b12f0cc3a3a6006ad1c59dfe9c9584	otf_sparse_formula	2026-09-25T10:37:29.042600Z	--arms unreal:gr1:oxidd				8G	0			true		acacia-syntcomp26-coverage-3638921-a466dae41dd4.scope
arm-6	Alarm_70523fbe.ltl	Alarm_70523fbe.tlsf	60	TIMEOUT	60.03736617101822	124	true	timeout	status	0	8	17	3dc9fdf38b30dbc8fc85609a32ca7280ae206529	22455c945576d28d86ac98a3b512327740b12f0cc3a3a6006ad1c59dfe9c9584	otf_sparse_formula	2026-09-25T10:38:29.093866Z	--arms unreal:gr1:oxidd				8G	0			true		acacia-syntcomp26-coverage-3638921-ce6cf828fe5c.scope
arm-6	Alarm_88c5c1c3.ltl	Alarm_88c5c1c3.tlsf	60	UNKNOWN	0.035850465996190906	2	false		status	0	128	18	3dc9fdf38b30dbc8fc85609a32ca7280ae206529	22455c945576d28d86ac98a3b512327740b12f0cc3a3a6006ad1c59dfe9c9584	otf_sparse_formula	2026-09-25T10:38:29.147899Z	--arms unreal:gr1:oxidd	0.010000	45907968		8G	0			true		acacia-syntcomp26-coverage-3638921-a8357ef01fa8.scope
arm-6	Alarm_9cac58d3.ltl	Alarm_9cac58d3.tlsf	60	UNKNOWN	0.038158435956574976	2	false		status	0	128	19	3dc9fdf38b30dbc8fc85609a32ca7280ae206529	22455c945576d28d86ac98a3b512327740b12f0cc3a3a6006ad1c59dfe9c9584	otf_sparse_formula	2026-09-25T10:38:29.204158Z	--arms unreal:gr1:oxidd	0.000000	46510080		8G	0			true		acacia-syntcomp26-coverage-3638921-b532d6524e25.scope
arm-6	Alarm_a5f99bc6.ltl	Alarm_a5f99bc6.tlsf	60	TIMEOUT	60.08014642598573	124	true	timeout	status	0	8	20	3dc9fdf38b30dbc8fc85609a32ca7280ae206529	22455c945576d28d86ac98a3b512327740b12f0cc3a3a6006ad1c59dfe9c9584	otf_sparse_formula	2026-09-25T10:39:29.296654Z	--arms unreal:gr1:oxidd				8G	0			true		acacia-syntcomp26-coverage-3638921-b105c83d78d5.scope
arm-6	Alarm_f2774e0b.ltl	Alarm_f2774e0b.tlsf	60	TIMEOUT	60.272738507948816	124	true	timeout	status	0	8	21	3dc9fdf38b30dbc8fc85609a32ca7280ae206529	22455c945576d28d86ac98a3b512327740b12f0cc3a3a6006ad1c59dfe9c9584	otf_sparse_formula	2026-09-25T10:40:29.583224Z	--arms unreal:gr1:oxidd				8G	0			true		acacia-syntcomp26-coverage-3638921-844a09861042.scope
arm-6	AllHeating_d6376bf9.ltl	AllHeating_d6376bf9.tlsf	60	UNKNOWN	0.2867917369585484	2	false		status	0	363	22	3dc9fdf38b30dbc8fc85609a32ca7280ae206529	22455c945576d28d86ac98a3b512327740b12f0cc3a3a6006ad1c59dfe9c9584	otf_sparse_formula	2026-09-25T10:40:29.884631Z	--arms unreal:gr1:oxidd	0.250000	51957760		8G	0			true		acacia-syntcomp26-coverage-3638921-b1d6329df71a.scope
arm-6	AllLights_06e9cad4.ltl	AllLights_06e9cad4.tlsf	60	TIMEOUT	60.07958392705768	124	true	timeout	status	0	8	23	3dc9fdf38b30dbc8fc85609a32ca7280ae206529	22455c945576d28d86ac98a3b512327740b12f0cc3a3a6006ad1c59dfe9c9584	otf_sparse_formula	2026-09-25T10:41:29.977124Z	--arms unreal:gr1:oxidd				8G	0			true		acacia-syntcomp26-coverage-3638921-28022c2cf97f.scope
arm-6	AllLights_2c5b09da.ltl	AllLights_2c5b09da.tlsf	60	TIMEOUT	60.07178727304563	124	true	timeout	status	0	8	24	3dc9fdf38b30dbc8fc85609a32ca7280ae206529	22455c945576d28d86ac98a3b512327740b12f0cc3a3a6006ad1c59dfe9c9584	otf_sparse_formula	2026-09-25T10:42:30.061580Z	--arms unreal:gr1:oxidd				8G	0			true		acacia-syntcomp26-coverage-3638921-f8f4e5cb33d6.scope
arm-6	AllLights_63831f8c.ltl	AllLights_63831f8c.tlsf	60	TIMEOUT	60.07940473500639	124	true	timeout	status	0	8	25	3dc9fdf38b30dbc8fc85609a32ca7280ae206529	22455c945576d28d86ac98a3b512327740b12f0cc3a3a6006ad1c59dfe9c9584	otf_sparse_formula	2026-09-25T10:43:30.153804Z	--arms unreal:gr1:oxidd				8G	0			true		acacia-syntcomp26-coverage-3638921-9e0009cdea45.scope
arm-6	AllLights_aeb1d897.ltl	AllLights_aeb1d897.tlsf	60	TIMEOUT	60.07855807302985	124	true	timeout	status	0	8	26	3dc9fdf38b30dbc8fc85609a32ca7280ae206529	22455c945576d28d86ac98a3b512327740b12f0cc3a3a6006ad1c59dfe9c9584	otf_sparse_formula	2026-09-25T10:44:30.244244Z	--arms unreal:gr1:oxidd				8G	0			true		acacia-syntcomp26-coverage-3638921-7808a67ed9a9.scope
arm-6	AllLights_b209ff21.ltl	AllLights_b209ff21.tlsf	60	TIMEOUT	60.07163962593768	124	true	timeout	status	0	8	27	3dc9fdf38b30dbc8fc85609a32ca7280ae206529	22455c945576d28d86ac98a3b512327740b12f0cc3a3a6006ad1c59dfe9c9584	otf_sparse_formula	2026-09-25T10:45:30.328437Z	--arms unreal:gr1:oxidd				8G	0			true		acacia-syntcomp26-coverage-3638921-e3f4ec8b6014.scope
arm-6	AllLights_d6c5ac79.ltl	AllLights_d6c5ac79.tlsf	60	TIMEOUT	60.0413526869379	124	true	timeout	none	0	8	28	3dc9fdf38b30dbc8fc85609a32ca7280ae206529	22455c945576d28d86ac98a3b512327740b12f0cc3a3a6006ad1c59dfe9c9584	otf_sparse_formula	2026-09-25T10:46:30.383848Z	--arms unreal:gr1:oxidd				8G	0			true		acacia-syntcomp26-coverage-3638921-1f2d9912be8e.scope
arm-6	AllShades_66f450a4.ltl	AllShades_66f450a4.tlsf	60	TIMEOUT	60.070908099994995	124	true	timeout	status	0	8	29	3dc9fdf38b30dbc8fc85609a32ca7280ae206529	22455c945576d28d86ac98a3b512327740b12f0cc3a3a6006ad1c59dfe9c9584	otf_sparse_formula	2026-09-25T10:47:30.468056Z	--arms unreal:gr1:oxidd				8G	0			true		acacia-syntcomp26-coverage-3638921-7b671024ab64.scope
arm-6	Assumptions_a50cadd7.ltl	Assumptions_a50cadd7.tlsf	60	UNKNOWN	0.024206512956880033	2	false		status	0	251	30	3dc9fdf38b30dbc8fc85609a32ca7280ae206529	22455c945576d28d86ac98a3b512327740b12f0cc3a3a6006ad1c59dfe9c9584	otf_sparse_formula	2026-09-25T10:47:30.506480Z	--arms unreal:gr1:oxidd	0.000000	21696512		8G	0			true		acacia-syntcomp26-coverage-3638921-c4ea8252bb98.scope
arm-6	Automata.ltl	Automata.tlsf	60	UNKNOWN	0.057009396026842296	2	false		status	0	128	31	3dc9fdf38b30dbc8fc85609a32ca7280ae206529	22455c945576d28d86ac98a3b512327740b12f0cc3a3a6006ad1c59dfe9c9584	otf_sparse_formula	2026-09-25T10:47:30.576937Z	--arms unreal:gr1:oxidd	0.020000	46530560		8G	0			true		acacia-syntcomp26-coverage-3638921-a8db628a2453.scope
arm-6	Automata16S.ltl	Automata16S.tlsf	60	UNKNOWN	1.0965915870619938	2	false		status	0	129	32	3dc9fdf38b30dbc8fc85609a32ca7280ae206529	22455c945576d28d86ac98a3b512327740b12f0cc3a3a6006ad1c59dfe9c9584	otf_sparse_formula	2026-09-25T10:47:31.691003Z	--arms unreal:gr1:oxidd	1.100000	196648960		8G	0			true		acacia-syntcomp26-coverage-3638921-223d905a766b.scope
arm-6	Automata32S.ltl	Automata32S.tlsf	60	UNKNOWN	2.6474497449817136	2	false		status	0	106	33	3dc9fdf38b30dbc8fc85609a32ca7280ae206529	22455c945576d28d86ac98a3b512327740b12f0cc3a3a6006ad1c59dfe9c9584	otf_sparse_formula	2026-09-25T10:47:34.357865Z	--arms unreal:gr1:oxidd	2.720000	229322752		8G	0			true		acacia-syntcomp26-coverage-3638921-4bebaff44b0f.scope
arm-6	Button.ltl	Button.tlsf	60	UNKNOWN	0.03264347999356687	2	false		status	0	128	34	3dc9fdf38b30dbc8fc85609a32ca7280ae206529	22455c945576d28d86ac98a3b512327740b12f0cc3a3a6006ad1c59dfe9c9584	otf_sparse_formula	2026-09-25T10:47:34.404771Z	--arms unreal:gr1:oxidd	0.000000	44720128		8G	0			true		acacia-syntcomp26-coverage-3638921-333c799f82fb.scope
arm-6	CheckAlarmBroken1_1a2942e3.ltl	CheckAlarmBroken1_1a2942e3.tlsf	60	UNKNOWN	0.03422937297727913	2	false		status	0	128	35	3dc9fdf38b30dbc8fc85609a32ca7280ae206529	22455c945576d28d86ac98a3b512327740b12f0cc3a3a6006ad1c59dfe9c9584	otf_sparse_formula	2026-09-25T10:47:34.451825Z	--arms unreal:gr1:oxidd	0.000000	44748800		8G	0			true		acacia-syntcomp26-coverage-3638921-6591138901d4.scope
arm-6	CheckAlarm_6bea956e.ltl	CheckAlarm_6bea956e.tlsf	60	UNREALIZABLE	0.03289360797498375	1	false		status	13	30	36	3dc9fdf38b30dbc8fc85609a32ca7280ae206529	22455c945576d28d86ac98a3b512327740b12f0cc3a3a6006ad1c59dfe9c9584	otf_sparse_formula	2026-09-25T10:47:34.497697Z	--arms unreal:gr1:oxidd	0.000000	44724224		8G	0			true		acacia-syntcomp26-coverage-3638921-3d97579634bb.scope
arm-6	CheckCoffeMachineBroken1_a5f99bc6.ltl	CheckCoffeMachineBroken1_a5f99bc6.tlsf	60	UNKNOWN	0.04846933495718986	2	false		status	0	363	37	3dc9fdf38b30dbc8fc85609a32ca7280ae206529	22455c945576d28d86ac98a3b512327740b12f0cc3a3a6006ad1c59dfe9c9584	otf_sparse_formula	2026-09-25T10:47:34.560034Z	--arms unreal:gr1:oxidd	0.010000	26636288		8G	0			true		acacia-syntcomp26-coverage-3638921-abbb01875cb3.scope
arm-6	CheckCoffeMachine_3461125b.ltl	CheckCoffeMachine_3461125b.tlsf	60	UNKNOWN	0.03982558799907565	2	false		status	0	363	38	3dc9fdf38b30dbc8fc85609a32ca7280ae206529	22455c945576d28d86ac98a3b512327740b12f0cc3a3a6006ad1c59dfe9c9584	otf_sparse_formula	2026-09-25T10:47:34.612992Z	--arms unreal:gr1:oxidd	0.000000	22597632		8G	0			true		acacia-syntcomp26-coverage-3638921-7174ba4ccad1.scope
arm-6	CheckCoffeMachine_f3987563.ltl	CheckCoffeMachine_f3987563.tlsf	60	UNKNOWN	0.03799440001603216	2	false		status	0	363	39	3dc9fdf38b30dbc8fc85609a32ca7280ae206529	22455c945576d28d86ac98a3b512327740b12f0cc3a3a6006ad1c59dfe9c9584	otf_sparse_formula	2026-09-25T10:47:34.664587Z	--arms unreal:gr1:oxidd	0.010000	22835200		8G	0			true		acacia-syntcomp26-coverage-3638921-4b9cfce159eb.scope
arm-6	CheckDoor_c2b9e44d.ltl	CheckDoor_c2b9e44d.tlsf	60	UNREALIZABLE	0.03711130702868104	1	false		status	13	30	40	3dc9fdf38b30dbc8fc85609a32ca7280ae206529	22455c945576d28d86ac98a3b512327740b12f0cc3a3a6006ad1c59dfe9c9584	otf_sparse_formula	2026-09-25T10:47:34.721655Z	--arms unreal:gr1:oxidd	0.000000	45117440		8G	0			true		acacia-syntcomp26-coverage-3638921-237ef2875776.scope
arm-6	CheckHeating_2418b67e.ltl	CheckHeating_2418b67e.tlsf	60	UNKNOWN	0.02947753807529807	2	false		status	0	299	41	3dc9fdf38b30dbc8fc85609a32ca7280ae206529	22455c945576d28d86ac98a3b512327740b12f0cc3a3a6006ad1c59dfe9c9584	otf_sparse_formula	2026-09-25T10:47:34.764379Z	--arms unreal:gr1:oxidd	0.000000	19890176		8G	0			true		acacia-syntcomp26-coverage-3638921-cf947eca53a3.scope
arm-6	CheckHeating_3461125b.ltl	CheckHeating_3461125b.tlsf	60	UNKNOWN	0.046585047035478055	2	false		status	0	299	42	3dc9fdf38b30dbc8fc85609a32ca7280ae206529	22455c945576d28d86ac98a3b512327740b12f0cc3a3a6006ad1c59dfe9c9584	otf_sparse_formula	2026-09-25T10:47:34.823467Z	--arms unreal:gr1:oxidd	0.000000	19898368		8G	0			true		acacia-syntcomp26-coverage-3638921-21d529943dc4.scope
arm-6	CheckLight_007df645.ltl	CheckLight_007df645.tlsf	60	UNKNOWN	0.022451405064202845	2	false		status	0	363	43	3dc9fdf38b30dbc8fc85609a32ca7280ae206529	22455c945576d28d86ac98a3b512327740b12f0cc3a3a6006ad1c59dfe9c9584	otf_sparse_formula	2026-09-25T10:47:34.869317Z	--arms unreal:gr1:oxidd	0.000000	19980288		8G	0			true		acacia-syntcomp26-coverage-3638921-3d2d9ea7f4c2.scope
arm-6	CheckLight_aeb1d897.ltl	CheckLight_aeb1d897.tlsf	60	UNKNOWN	0.04758799890987575	2	false		status	0	363	44	3dc9fdf38b30dbc8fc85609a32ca7280ae206529	22455c945576d28d86ac98a3b512327740b12f0cc3a3a6006ad1c59dfe9c9584	otf_sparse_formula	2026-09-25T10:47:34.930152Z	--arms unreal:gr1:oxidd	0.010000	20025344		8G	0			true		acacia-syntcomp26-coverage-3638921-cb1af3c84711.scope
arm-6	CheckRoom_06e9cad4.ltl	CheckRoom_06e9cad4.tlsf	60	UNREALIZABLE	0.031420961022377014	1	false		status	13	30	45	3dc9fdf38b30dbc8fc85609a32ca7280ae206529	22455c945576d28d86ac98a3b512327740b12f0cc3a3a6006ad1c59dfe9c9584	otf_sparse_formula	2026-09-25T10:47:34.974884Z	--arms unreal:gr1:oxidd	0.010000	43376640		8G	0			true		acacia-syntcomp26-coverage-3638921-5166c53194a4.scope
arm-6	CheckRoom_2c5b09da.ltl	CheckRoom_2c5b09da.tlsf	60	UNREALIZABLE	0.03330874303355813	1	false		status	13	30	46	3dc9fdf38b30dbc8fc85609a32ca7280ae206529	22455c945576d28d86ac98a3b512327740b12f0cc3a3a6006ad1c59dfe9c9584	otf_sparse_formula	2026-09-25T10:47:35.022132Z	--arms unreal:gr1:oxidd	0.000000	43798528		8G	0			true		acacia-syntcomp26-coverage-3638921-ab529315b0e6.scope
arm-6	CheckRoom_3916ec59.ltl	CheckRoom_3916ec59.tlsf	60	UNREALIZABLE	0.03990922495722771	1	false		status	13	30	47	3dc9fdf38b30dbc8fc85609a32ca7280ae206529	22455c945576d28d86ac98a3b512327740b12f0cc3a3a6006ad1c59dfe9c9584	otf_sparse_formula	2026-09-25T10:47:35.076361Z	--arms unreal:gr1:oxidd	0.010000	43077632		8G	0			true		acacia-syntcomp26-coverage-3638921-abc9112a787e.scope
arm-6	CheckRoom_70523fbe.ltl	CheckRoom_70523fbe.tlsf	60	UNREALIZABLE	0.03466490504797548	1	false		status	13	30	48	3dc9fdf38b30dbc8fc85609a32ca7280ae206529	22455c945576d28d86ac98a3b512327740b12f0cc3a3a6006ad1c59dfe9c9584	otf_sparse_formula	2026-09-25T10:47:35.124508Z	--arms unreal:gr1:oxidd	0.000000	42893312		8G	0			true		acacia-syntcomp26-coverage-3638921-c8e97c513918.scope
arm-6	CheckShades_1a2942e3.ltl	CheckShades_1a2942e3.tlsf	60	UNKNOWN	0.02359203400555998	2	false		status	0	341	49	3dc9fdf38b30dbc8fc85609a32ca7280ae206529	22455c945576d28d86ac98a3b512327740b12f0cc3a3a6006ad1c59dfe9c9584	otf_sparse_formula	2026-09-25T10:47:35.161116Z	--arms unreal:gr1:oxidd	0.000000	19779584		8G	0			true		acacia-syntcomp26-coverage-3638921-ea810598b1e3.scope
arm-6	CheckShades_3461125b.ltl	CheckShades_3461125b.tlsf	60	UNKNOWN	0.021988876978866756	2	false		status	0	341	50	3dc9fdf38b30dbc8fc85609a32ca7280ae206529	22455c945576d28d86ac98a3b512327740b12f0cc3a3a6006ad1c59dfe9c9584	otf_sparse_formula	2026-09-25T10:47:35.195844Z	--arms unreal:gr1:oxidd	0.000000	19828736		8G	0			true		acacia-syntcomp26-coverage-3638921-ff4a16a2520f.scope
arm-6	CheckShades_4d4ca5c4.ltl	CheckShades_4d4ca5c4.tlsf	60	UNREALIZABLE	0.033299610018730164	1	false		status	13	30	51	3dc9fdf38b30dbc8fc85609a32ca7280ae206529	22455c945576d28d86ac98a3b512327740b12f0cc3a3a6006ad1c59dfe9c9584	otf_sparse_formula	2026-09-25T10:47:35.242202Z	--arms unreal:gr1:oxidd	0.000000	42192896		8G	0			true		acacia-syntcomp26-coverage-3638921-aac3cf2954e3.scope
arm-6	CheckShades_aeb1d897.ltl	CheckShades_aeb1d897.tlsf	60	UNKNOWN	0.032344324979931116	2	false		status	0	363	52	3dc9fdf38b30dbc8fc85609a32ca7280ae206529	22455c945576d28d86ac98a3b512327740b12f0cc3a3a6006ad1c59dfe9c9584	otf_sparse_formula	2026-09-25T10:47:35.289048Z	--arms unreal:gr1:oxidd	0.000000	21323776		8G	0			true		acacia-syntcomp26-coverage-3638921-f602461122a1.scope
arm-6	CheckTime_3916ec59.ltl	CheckTime_3916ec59.tlsf	60	UNKNOWN	0.22262576699722558	2	false		status	0	363	53	3dc9fdf38b30dbc8fc85609a32ca7280ae206529	22455c945576d28d86ac98a3b512327740b12f0cc3a3a6006ad1c59dfe9c9584	otf_sparse_formula	2026-09-25T10:47:35.525067Z	--arms unreal:gr1:oxidd	0.200000	89079808		8G	0			true		acacia-syntcomp26-coverage-3638921-b1d13c57ddec.scope
arm-6	CheckTime_4b5e6eaa.ltl	CheckTime_4b5e6eaa.tlsf	60	UNKNOWN	0.02495858003385365	2	false		status	0	329	54	3dc9fdf38b30dbc8fc85609a32ca7280ae206529	22455c945576d28d86ac98a3b512327740b12f0cc3a3a6006ad1c59dfe9c9584	otf_sparse_formula	2026-09-25T10:47:35.563207Z	--arms unreal:gr1:oxidd	0.000000	20074496		8G	0			true		acacia-syntcomp26-coverage-3638921-f5c3f0837e96.scope
arm-6	CheckTime_54e1f7d2.ltl	CheckTime_54e1f7d2.tlsf	60	UNKNOWN	0.02221959305461496	2	false		status	0	307	55	3dc9fdf38b30dbc8fc85609a32ca7280ae206529	22455c945576d28d86ac98a3b512327740b12f0cc3a3a6006ad1c59dfe9c9584	otf_sparse_formula	2026-09-25T10:47:35.598208Z	--arms unreal:gr1:oxidd	0.000000	19361792		8G	0			true		acacia-syntcomp26-coverage-3638921-1f88f32c10a4.scope
arm-6	CheckTimer_54e1f7d2.ltl	CheckTimer_54e1f7d2.tlsf	60	UNKNOWN	0.02268330194056034	2	false		status	0	256	56	3dc9fdf38b30dbc8fc85609a32ca7280ae206529	22455c945576d28d86ac98a3b512327740b12f0cc3a3a6006ad1c59dfe9c9584	otf_sparse_formula	2026-09-25T10:47:35.633198Z	--arms unreal:gr1:oxidd	0.000000	20025344		8G	0			true		acacia-syntcomp26-coverage-3638921-2a45c76407fe.scope
arm-6	CheckTimer_fa8592c8.ltl	CheckTimer_fa8592c8.tlsf	60	UNKNOWN	0.02271770895458758	2	false		status	0	256	57	3dc9fdf38b30dbc8fc85609a32ca7280ae206529	22455c945576d28d86ac98a3b512327740b12f0cc3a3a6006ad1c59dfe9c9584	otf_sparse_formula	2026-09-25T10:47:35.667453Z	--arms unreal:gr1:oxidd	0.000000	19972096		8G	0			true		acacia-syntcomp26-coverage-3638921-733dc4408e5e.scope
arm-6	CheckWarnlightBroken1_70523fbe.ltl	CheckWarnlightBroken1_70523fbe.tlsf	60	UNKNOWN	0.03673812095075846	2	false		status	0	128	58	3dc9fdf38b30dbc8fc85609a32ca7280ae206529	22455c945576d28d86ac98a3b512327740b12f0cc3a3a6006ad1c59dfe9c9584	otf_sparse_formula	2026-09-25T10:47:35.717396Z	--arms unreal:gr1:oxidd	0.000000	44703744		8G	0			true		acacia-syntcomp26-coverage-3638921-58b81aa8749b.scope
arm-6	CheckWarnlight_1cf58fc1.ltl	CheckWarnlight_1cf58fc1.tlsf	60	UNREALIZABLE	0.05177801102399826	1	false		status	13	30	59	3dc9fdf38b30dbc8fc85609a32ca7280ae206529	22455c945576d28d86ac98a3b512327740b12f0cc3a3a6006ad1c59dfe9c9584	otf_sparse_formula	2026-09-25T10:47:35.783696Z	--arms unreal:gr1:oxidd	0.000000	45273088		8G	0			true		acacia-syntcomp26-coverage-3638921-2b99246af4c4.scope
arm-6	CheckWarnlight_4b5a2bad.ltl	CheckWarnlight_4b5a2bad.tlsf	60	UNREALIZABLE	0.03446176601573825	1	false		status	13	30	60	3dc9fdf38b30dbc8fc85609a32ca7280ae206529	22455c945576d28d86ac98a3b512327740b12f0cc3a3a6006ad1c59dfe9c9584	otf_sparse_formula	2026-09-25T10:47:35.831450Z	--arms unreal:gr1:oxidd	0.000000	44965888		8G	0			true		acacia-syntcomp26-coverage-3638921-6de6f19e62bd.scope
arm-6	CheckWarnlight_54e1f7d2.ltl	CheckWarnlight_54e1f7d2.tlsf	60	UNREALIZABLE	0.03281864698510617	1	false		status	13	30	61	3dc9fdf38b30dbc8fc85609a32ca7280ae206529	22455c945576d28d86ac98a3b512327740b12f0cc3a3a6006ad1c59dfe9c9584	otf_sparse_formula	2026-09-25T10:47:35.878369Z	--arms unreal:gr1:oxidd	0.010000	44871680		8G	0			true		acacia-syntcomp26-coverage-3638921-863405f0dd40.scope
arm-6	CheckWarnlight_6bea956e.ltl	CheckWarnlight_6bea956e.tlsf	60	UNREALIZABLE	0.03534514096099883	1	false		status	13	30	62	3dc9fdf38b30dbc8fc85609a32ca7280ae206529	22455c945576d28d86ac98a3b512327740b12f0cc3a3a6006ad1c59dfe9c9584	otf_sparse_formula	2026-09-25T10:47:35.929218Z	--arms unreal:gr1:oxidd	0.010000	45076480		8G	0			true		acacia-syntcomp26-coverage-3638921-2821a822af49.scope
arm-6	CheckWindows_54e1f7d2.ltl	CheckWindows_54e1f7d2.tlsf	60	UNREALIZABLE	0.03966572496574372	1	false		status	13	30	63	3dc9fdf38b30dbc8fc85609a32ca7280ae206529	22455c945576d28d86ac98a3b512327740b12f0cc3a3a6006ad1c59dfe9c9584	otf_sparse_formula	2026-09-25T10:47:35.981696Z	--arms unreal:gr1:oxidd	0.000000	42811392		8G	0			true		acacia-syntcomp26-coverage-3638921-080e7d5c44d3.scope
arm-6	Cockpitboard.ltl	Cockpitboard.tlsf	60	UNKNOWN	0.042278865934349597	2	false		status	0	128	64	3dc9fdf38b30dbc8fc85609a32ca7280ae206529	22455c945576d28d86ac98a3b512327740b12f0cc3a3a6006ad1c59dfe9c9584	otf_sparse_formula	2026-09-25T10:47:36.037120Z	--arms unreal:gr1:oxidd	0.020000	45338624		8G	0			true		acacia-syntcomp26-coverage-3638921-62dfa1075f18.scope
arm-6	Cockpitboard_efe2feaf.ltl	Cockpitboard_efe2feaf.tlsf	60	UNKNOWN	0.048062695073895156	2	false		status	0	128	65	3dc9fdf38b30dbc8fc85609a32ca7280ae206529	22455c945576d28d86ac98a3b512327740b12f0cc3a3a6006ad1c59dfe9c9584	otf_sparse_formula	2026-09-25T10:47:36.098794Z	--arms unreal:gr1:oxidd	0.020000	45260800		8G	0			true		acacia-syntcomp26-coverage-3638921-ad069dc20cd3.scope
arm-6	CoffeMachine_974f4a68.ltl	CoffeMachine_974f4a68.tlsf	60	UNKNOWN	1.0741990510141477	2	false		status	0	364	66	3dc9fdf38b30dbc8fc85609a32ca7280ae206529	22455c945576d28d86ac98a3b512327740b12f0cc3a3a6006ad1c59dfe9c9584	otf_sparse_formula	2026-09-25T10:47:37.193539Z	--arms unreal:gr1:oxidd	1.050000	186433536		8G	0			true		acacia-syntcomp26-coverage-3638921-f74f529d704f.scope
arm-6	CoffeMachine_a50cadd7.ltl	CoffeMachine_a50cadd7.tlsf	60	UNKNOWN	0.022608035942539573	2	false		status	0	251	67	3dc9fdf38b30dbc8fc85609a32ca7280ae206529	22455c945576d28d86ac98a3b512327740b12f0cc3a3a6006ad1c59dfe9c9584	otf_sparse_formula	2026-09-25T10:47:37.228040Z	--arms unreal:gr1:oxidd	0.000000	21635072		8G	0			true		acacia-syntcomp26-coverage-3638921-a74216ab37d5.scope
arm-6	CoffeeMin_88f351a6.ltl	CoffeeMin_88f351a6.tlsf	60	UNKNOWN	0.03275319002568722	2	false		status	0	341	68	3dc9fdf38b30dbc8fc85609a32ca7280ae206529	22455c945576d28d86ac98a3b512327740b12f0cc3a3a6006ad1c59dfe9c9584	otf_sparse_formula	2026-09-25T10:47:37.272478Z	--arms unreal:gr1:oxidd	0.000000	20733952		8G	0			true		acacia-syntcomp26-coverage-3638921-663cce175b1e.scope
arm-6	Coffee_06e9cad4.ltl	Coffee_06e9cad4.tlsf	60	UNKNOWN	10.32073985307943	2	false		status	0	364	69	3dc9fdf38b30dbc8fc85609a32ca7280ae206529	22455c945576d28d86ac98a3b512327740b12f0cc3a3a6006ad1c59dfe9c9584	otf_sparse_formula	2026-09-25T10:47:47.608064Z	--arms unreal:gr1:oxidd	10.260000	810545152		8G	0			true		acacia-syntcomp26-coverage-3638921-e91eb838948d.scope
arm-6	Coffee_235467da.ltl	Coffee_235467da.tlsf	60	UNKNOWN	1.642474189051427	2	false		status	0	364	70	3dc9fdf38b30dbc8fc85609a32ca7280ae206529	22455c945576d28d86ac98a3b512327740b12f0cc3a3a6006ad1c59dfe9c9584	otf_sparse_formula	2026-09-25T10:47:49.265325Z	--arms unreal:gr1:oxidd	1.610000	204103680		8G	0			true		acacia-syntcomp26-coverage-3638921-c019004d29b2.scope
arm-6	Coffee_2c5b09da.ltl	Coffee_2c5b09da.tlsf	60	UNKNOWN	35.14125135005452	2	false		status	0	366	71	3dc9fdf38b30dbc8fc85609a32ca7280ae206529	22455c945576d28d86ac98a3b512327740b12f0cc3a3a6006ad1c59dfe9c9584	otf_sparse_formula	2026-09-25T10:48:24.420532Z	--arms unreal:gr1:oxidd	35.010000	1799028736		8G	0			true		acacia-syntcomp26-coverage-3638921-db386da114d1.scope
arm-6	Coffee_6479ef9a.ltl	Coffee_6479ef9a.tlsf	60	UNKNOWN	2.674302287050523	2	false		status	0	364	72	3dc9fdf38b30dbc8fc85609a32ca7280ae206529	22455c945576d28d86ac98a3b512327740b12f0cc3a3a6006ad1c59dfe9c9584	otf_sparse_formula	2026-09-25T10:48:27.108837Z	--arms unreal:gr1:oxidd	2.630000	269025280		8G	0			true		acacia-syntcomp26-coverage-3638921-28ca6b92d723.scope
arm-6	Coffee_d6376bf9.ltl	Coffee_d6376bf9.tlsf	60	UNKNOWN	8.587099490920082	2	false		status	0	364	73	3dc9fdf38b30dbc8fc85609a32ca7280ae206529	22455c945576d28d86ac98a3b512327740b12f0cc3a3a6006ad1c59dfe9c9584	otf_sparse_formula	2026-09-25T10:48:35.709803Z	--arms unreal:gr1:oxidd	8.540000	767766528		8G	0			true		acacia-syntcomp26-coverage-3638921-cb2d82391930.scope
arm-6	Coffee_efe2feaf.ltl	Coffee_efe2feaf.tlsf	60	UNKNOWN	0.14386237610597163	2	false		status	0	363	74	3dc9fdf38b30dbc8fc85609a32ca7280ae206529	22455c945576d28d86ac98a3b512327740b12f0cc3a3a6006ad1c59dfe9c9584	otf_sparse_formula	2026-09-25T10:48:35.868366Z	--arms unreal:gr1:oxidd	0.110000	31059968		8G	0			true		acacia-syntcomp26-coverage-3638921-bf06f784c42d.scope
arm-6	Coffee_f1477cc5.ltl	Coffee_f1477cc5.tlsf	60	UNKNOWN	2.671099760918878	2	false		status	0	364	75	3dc9fdf38b30dbc8fc85609a32ca7280ae206529	22455c945576d28d86ac98a3b512327740b12f0cc3a3a6006ad1c59dfe9c9584	otf_sparse_formula	2026-09-25T10:48:38.554578Z	--arms unreal:gr1:oxidd	2.640000	268492800		8G	0			true		acacia-syntcomp26-coverage-3638921-78128fac8edd.scope
arm-6	Core_4b5a2bad.ltl	Core_4b5a2bad.tlsf	60	UNKNOWN	0.11781535798218101	2	false		status	0	363	76	3dc9fdf38b30dbc8fc85609a32ca7280ae206529	22455c945576d28d86ac98a3b512327740b12f0cc3a3a6006ad1c59dfe9c9584	otf_sparse_formula	2026-09-25T10:48:38.691388Z	--arms unreal:gr1:oxidd	0.090000	24014848		8G	0			true		acacia-syntcomp26-coverage-3638921-57ff6c5ad0bd.scope
arm-6	Core_66f450a4.ltl	Core_66f450a4.tlsf	60	UNREALIZABLE	0.03450255305506289	1	false		status	13	30	77	3dc9fdf38b30dbc8fc85609a32ca7280ae206529	22455c945576d28d86ac98a3b512327740b12f0cc3a3a6006ad1c59dfe9c9584	otf_sparse_formula	2026-09-25T10:48:38.739305Z	--arms unreal:gr1:oxidd	0.010000	46563328		8G	0			true		acacia-syntcomp26-coverage-3638921-15d8b944d166.scope
arm-6	Core_fa4d4ce3.ltl	Core_fa4d4ce3.tlsf	60	UNKNOWN	0.27410297095775604	2	false		status	0	363	78	3dc9fdf38b30dbc8fc85609a32ca7280ae206529	22455c945576d28d86ac98a3b512327740b12f0cc3a3a6006ad1c59dfe9c9584	otf_sparse_formula	2026-09-25T10:48:39.026874Z	--arms unreal:gr1:oxidd	0.250000	28958720		8G	0			true		acacia-syntcomp26-coverage-3638921-1f9371d771bf.scope
arm-6	Core_solved_974f4a68.ltl	Core_solved_974f4a68.tlsf	60	UNKNOWN	0.12053844297770411	2	false		status	0	363	79	3dc9fdf38b30dbc8fc85609a32ca7280ae206529	22455c945576d28d86ac98a3b512327740b12f0cc3a3a6006ad1c59dfe9c9584	otf_sparse_formula	2026-09-25T10:48:39.162611Z	--arms unreal:gr1:oxidd	0.080000	25874432		8G	0			true		acacia-syntcomp26-coverage-3638921-a3fc7f22c6cd.scope
arm-6	Demo1_06e9cad4.ltl	Demo1_06e9cad4.tlsf	60	TIMEOUT	60.12842121405993	124	true	timeout	none	0	8	80	3dc9fdf38b30dbc8fc85609a32ca7280ae206529	22455c945576d28d86ac98a3b512327740b12f0cc3a3a6006ad1c59dfe9c9584	otf_sparse_formula	2026-09-25T10:49:39.303515Z	--arms unreal:gr1:oxidd				8G	0			true		acacia-syntcomp26-coverage-3638921-b488d24af111.scope
arm-6	Demo1_2c5b09da.ltl	Demo1_2c5b09da.tlsf	60	TIMEOUT	60.115026565035805	124	true	timeout	none	0	8	81	3dc9fdf38b30dbc8fc85609a32ca7280ae206529	22455c945576d28d86ac98a3b512327740b12f0cc3a3a6006ad1c59dfe9c9584	otf_sparse_formula	2026-09-25T10:50:39.430781Z	--arms unreal:gr1:oxidd				8G	0			true		acacia-syntcomp26-coverage-3638921-3c6d6d7f2aa7.scope
arm-6	Demo1_63831f8c.ltl	Demo1_63831f8c.tlsf	60	TIMEOUT	60.12860355398152	124	true	timeout	none	0	8	82	3dc9fdf38b30dbc8fc85609a32ca7280ae206529	22455c945576d28d86ac98a3b512327740b12f0cc3a3a6006ad1c59dfe9c9584	otf_sparse_formula	2026-09-25T10:51:39.572469Z	--arms unreal:gr1:oxidd				8G	0			true		acacia-syntcomp26-coverage-3638921-5cbf9129eaa7.scope
arm-6	Demo1_c2b9e44d.ltl	Demo1_c2b9e44d.tlsf	60	TIMEOUT	60.12837067397777	124	true	timeout	none	0	8	83	3dc9fdf38b30dbc8fc85609a32ca7280ae206529	22455c945576d28d86ac98a3b512327740b12f0cc3a3a6006ad1c59dfe9c9584	otf_sparse_formula	2026-09-25T10:52:39.714475Z	--arms unreal:gr1:oxidd				8G	0			true		acacia-syntcomp26-coverage-3638921-50a5907740f1.scope
arm-6	Demo1_d65ed84e.ltl	Demo1_d65ed84e.tlsf	60	TIMEOUT	60.17912102397531	124	true	timeout	none	0	8	84	3dc9fdf38b30dbc8fc85609a32ca7280ae206529	22455c945576d28d86ac98a3b512327740b12f0cc3a3a6006ad1c59dfe9c9584	otf_sparse_formula	2026-09-25T10:53:39.911385Z	--arms unreal:gr1:oxidd				8G	0			true		acacia-syntcomp26-coverage-3638921-c2b8cc8ba363.scope
arm-6	DeviceBehaviorChec_fa8592c8.ltl	DeviceBehaviorChec_fa8592c8.tlsf	60	UNKNOWN	1.420255995937623	2	false		status	0	363	85	3dc9fdf38b30dbc8fc85609a32ca7280ae206529	22455c945576d28d86ac98a3b512327740b12f0cc3a3a6006ad1c59dfe9c9584	otf_sparse_formula	2026-09-25T10:53:41.346791Z	--arms unreal:gr1:oxidd	1.390000	87154688		8G	0			true		acacia-syntcomp26-coverage-3638921-f351ac4ca848.scope
arm-6	Door_2d1010f8.ltl	Door_2d1010f8.tlsf	60	UNKNOWN	0.06168253195937723	2	false		status	0	363	86	3dc9fdf38b30dbc8fc85609a32ca7280ae206529	22455c945576d28d86ac98a3b512327740b12f0cc3a3a6006ad1c59dfe9c9584	otf_sparse_formula	2026-09-25T10:53:41.422338Z	--arms unreal:gr1:oxidd	0.030000	29175808		8G	0			true		acacia-syntcomp26-coverage-3638921-3a662110d5c4.scope
arm-6	EnemeyModule.ltl	EnemeyModule.tlsf	60	UNKNOWN	0.038052338059060276	2	false		status	0	128	87	3dc9fdf38b30dbc8fc85609a32ca7280ae206529	22455c945576d28d86ac98a3b512327740b12f0cc3a3a6006ad1c59dfe9c9584	otf_sparse_formula	2026-09-25T10:53:41.473145Z	--arms unreal:gr1:oxidd	0.000000	44908544		8G	0			true		acacia-syntcomp26-coverage-3638921-3eb229d8ced8.scope
arm-6	EscalatorBidirectional.ltl	EscalatorBidirectional.tlsf	60	UNKNOWN	0.05552655702922493	2	false		status	0	128	88	3dc9fdf38b30dbc8fc85609a32ca7280ae206529	22455c945576d28d86ac98a3b512327740b12f0cc3a3a6006ad1c59dfe9c9584	otf_sparse_formula	2026-09-25T10:53:41.542783Z	--arms unreal:gr1:oxidd	0.020000	47009792		8G	0			true		acacia-syntcomp26-coverage-3638921-1fb4912986eb.scope
arm-6	EscalatorBidirectionalInit.ltl	EscalatorBidirectionalInit.tlsf	60	UNKNOWN	0.052110366988927126	2	false		status	0	128	89	3dc9fdf38b30dbc8fc85609a32ca7280ae206529	22455c945576d28d86ac98a3b512327740b12f0cc3a3a6006ad1c59dfe9c9584	otf_sparse_formula	2026-09-25T10:53:41.607880Z	--arms unreal:gr1:oxidd	0.020000	47161344		8G	0			true		acacia-syntcomp26-coverage-3638921-add04f65e6a1.scope
arm-6	EscalatorCounting.ltl	EscalatorCounting.tlsf	60	UNKNOWN	0.03475108998827636	2	false		status	0	128	90	3dc9fdf38b30dbc8fc85609a32ca7280ae206529	22455c945576d28d86ac98a3b512327740b12f0cc3a3a6006ad1c59dfe9c9584	otf_sparse_formula	2026-09-25T10:53:41.655811Z	--arms unreal:gr1:oxidd	0.010000	44945408		8G	0			true		acacia-syntcomp26-coverage-3638921-6808a64fd192.scope
arm-6	EscalatorCountingInit.ltl	EscalatorCountingInit.tlsf	60	UNKNOWN	0.032990159932523966	2	false		status	0	128	91	3dc9fdf38b30dbc8fc85609a32ca7280ae206529	22455c945576d28d86ac98a3b512327740b12f0cc3a3a6006ad1c59dfe9c9584	otf_sparse_formula	2026-09-25T10:53:41.701577Z	--arms unreal:gr1:oxidd	0.010000	45158400		8G	0			true		acacia-syntcomp26-coverage-3638921-2bc934a4073c.scope
arm-6	EscalatorNonCounting.ltl	EscalatorNonCounting.tlsf	60	UNKNOWN	0.040541480062529445	2	false		status	0	128	92	3dc9fdf38b30dbc8fc85609a32ca7280ae206529	22455c945576d28d86ac98a3b512327740b12f0cc3a3a6006ad1c59dfe9c9584	otf_sparse_formula	2026-09-25T10:53:41.755840Z	--arms unreal:gr1:oxidd	0.000000	44613632		8G	0			true		acacia-syntcomp26-coverage-3638921-9b68d036b645.scope
arm-6	EscalatorNonReactive.ltl	EscalatorNonReactive.tlsf	60	UNKNOWN	0.03533501899801195	2	false		status	0	128	93	3dc9fdf38b30dbc8fc85609a32ca7280ae206529	22455c945576d28d86ac98a3b512327740b12f0cc3a3a6006ad1c59dfe9c9584	otf_sparse_formula	2026-09-25T10:53:41.810623Z	--arms unreal:gr1:oxidd	0.010000	44576768		8G	0			true		acacia-syntcomp26-coverage-3638921-5d65b2dcb876.scope
arm-6	EscalatorSmart.ltl	EscalatorSmart.tlsf	60	UNKNOWN	0.061539184069260955	2	false		status	0	363	94	3dc9fdf38b30dbc8fc85609a32ca7280ae206529	22455c945576d28d86ac98a3b512327740b12f0cc3a3a6006ad1c59dfe9c9584	otf_sparse_formula	2026-09-25T10:53:41.885542Z	--arms unreal:gr1:oxidd	0.030000	28246016		8G	0			true		acacia-syntcomp26-coverage-3638921-a50540bd458c.scope
arm-6	Example1_d6376bf9.ltl	Example1_d6376bf9.tlsf	60	UNKNOWN	0.04118145501706749	2	false		status	0	128	95	3dc9fdf38b30dbc8fc85609a32ca7280ae206529	22455c945576d28d86ac98a3b512327740b12f0cc3a3a6006ad1c59dfe9c9584	otf_sparse_formula	2026-09-25T10:53:41.941064Z	--arms unreal:gr1:oxidd	0.000000	46624768		8G	0			true		acacia-syntcomp26-coverage-3638921-5c788a7f9769.scope
arm-6	F-G-contradiction-10.ltl	F-G-contradiction-10.tlsf	60	UNKNOWN	0.02647849707864225	2	false		none	0	234	96	3dc9fdf38b30dbc8fc85609a32ca7280ae206529	22455c945576d28d86ac98a3b512327740b12f0cc3a3a6006ad1c59dfe9c9584	otf_sparse_formula	2026-09-25T10:53:41.981062Z	--arms unreal:gr1:oxidd	0.000000	21450752		8G	0			true		acacia-syntcomp26-coverage-3638921-190c2265639f.scope
arm-6	F-G-contradiction-11.ltl	F-G-contradiction-11.tlsf	60	UNKNOWN	0.025564297917298973	2	false		none	0	233	97	3dc9fdf38b30dbc8fc85609a32ca7280ae206529	22455c945576d28d86ac98a3b512327740b12f0cc3a3a6006ad1c59dfe9c9584	otf_sparse_formula	2026-09-25T10:53:42.020093Z	--arms unreal:gr1:oxidd	0.000000	21577728		8G	0			true		acacia-syntcomp26-coverage-3638921-c6d6f15cf666.scope
arm-6	F-G-contradiction-110.ltl	F-G-contradiction-110.tlsf	60	UNKNOWN	0.05368745303712785	2	false		none	0	279	98	3dc9fdf38b30dbc8fc85609a32ca7280ae206529	22455c945576d28d86ac98a3b512327740b12f0cc3a3a6006ad1c59dfe9c9584	otf_sparse_formula	2026-09-25T10:53:42.087063Z	--arms unreal:gr1:oxidd	0.010000	32546816		8G	0			true		acacia-syntcomp26-coverage-3638921-6629f29b7a3c.scope
arm-6	F-G-contradiction-111.ltl	F-G-contradiction-111.tlsf	60	UNKNOWN	0.04455358500126749	2	false		none	0	279	99	3dc9fdf38b30dbc8fc85609a32ca7280ae206529	22455c945576d28d86ac98a3b512327740b12f0cc3a3a6006ad1c59dfe9c9584	otf_sparse_formula	2026-09-25T10:53:42.144732Z	--arms unreal:gr1:oxidd	0.030000	33316864		8G	0			true		acacia-syntcomp26-coverage-3638921-bde79ac252b8.scope
arm-6	F-G-contradiction-112.ltl	F-G-contradiction-112.tlsf	60	UNKNOWN	0.056670273072086275	2	false		none	0	279	100	3dc9fdf38b30dbc8fc85609a32ca7280ae206529	22455c945576d28d86ac98a3b512327740b12f0cc3a3a6006ad1c59dfe9c9584	otf_sparse_formula	2026-09-25T10:53:42.214349Z	--arms unreal:gr1:oxidd	0.030000	35909632		8G	0			true		acacia-syntcomp26-coverage-3638921-65f5c8c5a902.scope
arm-6	F-G-contradiction-113.ltl	F-G-contradiction-113.tlsf	60	UNKNOWN	0.05516192002687603	2	false		none	0	278	101	3dc9fdf38b30dbc8fc85609a32ca7280ae206529	22455c945576d28d86ac98a3b512327740b12f0cc3a3a6006ad1c59dfe9c9584	otf_sparse_formula	2026-09-25T10:53:42.283399Z	--arms unreal:gr1:oxidd	0.020000	36818944		8G	0			true		acacia-syntcomp26-coverage-3638921-32ff1afbb583.scope
arm-6	F-G-contradiction-114.ltl	F-G-contradiction-114.tlsf	60	UNKNOWN	0.07242807396687567	2	false		none	0	278	102	3dc9fdf38b30dbc8fc85609a32ca7280ae206529	22455c945576d28d86ac98a3b512327740b12f0cc3a3a6006ad1c59dfe9c9584	otf_sparse_formula	2026-09-25T10:53:42.373251Z	--arms unreal:gr1:oxidd	0.050000	40046592		8G	0			true		acacia-syntcomp26-coverage-3638921-7cf48177b7ac.scope
arm-6	F-G-contradiction-12.ltl	F-G-contradiction-12.tlsf	60	UNKNOWN	0.025807985104620457	2	false		none	0	255	103	3dc9fdf38b30dbc8fc85609a32ca7280ae206529	22455c945576d28d86ac98a3b512327740b12f0cc3a3a6006ad1c59dfe9c9584	otf_sparse_formula	2026-09-25T10:53:42.411128Z	--arms unreal:gr1:oxidd	0.000000	22061056		8G	0			true		acacia-syntcomp26-coverage-3638921-659c4b20edb5.scope
arm-6	F-G-contradiction-13.ltl	F-G-contradiction-13.tlsf	60	UNKNOWN	0.02179772697854787	2	false		none	0	254	104	3dc9fdf38b30dbc8fc85609a32ca7280ae206529	22455c945576d28d86ac98a3b512327740b12f0cc3a3a6006ad1c59dfe9c9584	otf_sparse_formula	2026-09-25T10:53:42.444625Z	--arms unreal:gr1:oxidd	0.000000	22077440		8G	0			true		acacia-syntcomp26-coverage-3638921-6e4954d50650.scope
arm-6	F-G-contradiction-14.ltl	F-G-contradiction-14.tlsf	60	UNKNOWN	0.030795805039815605	2	false		none	0	254	105	3dc9fdf38b30dbc8fc85609a32ca7280ae206529	22455c945576d28d86ac98a3b512327740b12f0cc3a3a6006ad1c59dfe9c9584	otf_sparse_formula	2026-09-25T10:53:42.489601Z	--arms unreal:gr1:oxidd	0.000000	22306816		8G	0			true		acacia-syntcomp26-coverage-3638921-196ced862ab4.scope
arm-6	F-G-contradiction-15.ltl	F-G-contradiction-15.tlsf	60	UNKNOWN	0.02733877405989915	2	false		none	0	253	106	3dc9fdf38b30dbc8fc85609a32ca7280ae206529	22455c945576d28d86ac98a3b512327740b12f0cc3a3a6006ad1c59dfe9c9584	otf_sparse_formula	2026-09-25T10:53:42.535513Z	--arms unreal:gr1:oxidd	0.000000	22224896		8G	0			true		acacia-syntcomp26-coverage-3638921-14b360ce84aa.scope
arm-6	F-G-contradiction-16.ltl	F-G-contradiction-16.tlsf	60	UNKNOWN	0.03932731901295483	2	false		none	0	256	107	3dc9fdf38b30dbc8fc85609a32ca7280ae206529	22455c945576d28d86ac98a3b512327740b12f0cc3a3a6006ad1c59dfe9c9584	otf_sparse_formula	2026-09-25T10:53:42.587309Z	--arms unreal:gr1:oxidd	0.010000	27541504		8G	0			true		acacia-syntcomp26-coverage-3638921-20da7458e223.scope
arm-6	F-G-contradiction-17.ltl	F-G-contradiction-17.tlsf	60	UNKNOWN	0.04737668193411082	2	false		none	0	280	108	3dc9fdf38b30dbc8fc85609a32ca7280ae206529	22455c945576d28d86ac98a3b512327740b12f0cc3a3a6006ad1c59dfe9c9584	otf_sparse_formula	2026-09-25T10:53:42.649179Z	--arms unreal:gr1:oxidd	0.010000	29433856		8G	0			true		acacia-syntcomp26-coverage-3638921-411a72887492.scope
arm-6	F-G-contradiction-18.ltl	F-G-contradiction-18.tlsf	60	UNKNOWN	0.04144240904133767	2	false		none	0	281	109	3dc9fdf38b30dbc8fc85609a32ca7280ae206529	22455c945576d28d86ac98a3b512327740b12f0cc3a3a6006ad1c59dfe9c9584	otf_sparse_formula	2026-09-25T10:53:42.703593Z	--arms unreal:gr1:oxidd	0.020000	30834688		8G	0			true		acacia-syntcomp26-coverage-3638921-8331e6a4d563.scope
arm-6	F-G-contradiction-19.ltl	F-G-contradiction-19.tlsf	60	UNKNOWN	0.04515801090747118	2	false		none	0	280	110	3dc9fdf38b30dbc8fc85609a32ca7280ae206529	22455c945576d28d86ac98a3b512327740b12f0cc3a3a6006ad1c59dfe9c9584	otf_sparse_formula	2026-09-25T10:53:42.760875Z	--arms unreal:gr1:oxidd	0.020000	31363072		8G	0			true		acacia-syntcomp26-coverage-3638921-2a8d33593865.scope
arm-6	F-G-contradiction-2-unreal.ltl	F-G-contradiction-2-unreal.tlsf	60	UNKNOWN	0.0343936289427802	2	false		none	0	191	111	3dc9fdf38b30dbc8fc85609a32ca7280ae206529	22455c945576d28d86ac98a3b512327740b12f0cc3a3a6006ad1c59dfe9c9584	otf_sparse_formula	2026-09-25T10:53:42.822310Z	--arms unreal:gr1:oxidd	0.010000	21155840		8G	0			true		acacia-syntcomp26-coverage-3638921-caeaca6f1e63.scope
arm-6	FelixSpecFixed2.2.core_fa8592c8.ltl	FelixSpecFixed2.2.core_fa8592c8.tlsf	60	UNKNOWN	0.08125581801868975	2	false		status	0	363	112	3dc9fdf38b30dbc8fc85609a32ca7280ae206529	22455c945576d28d86ac98a3b512327740b12f0cc3a3a6006ad1c59dfe9c9584	otf_sparse_formula	2026-09-25T10:53:42.917561Z	--arms unreal:gr1:oxidd	0.050000	30752768		8G	0			true		acacia-syntcomp26-coverage-3638921-b69155bbbf35.scope
arm-6	FelixSpecFixed2_fa4d4ce3.ltl	FelixSpecFixed2_fa4d4ce3.tlsf	60	TIMEOUT	60.09662707592361	124	true	timeout	status	0	8	113	3dc9fdf38b30dbc8fc85609a32ca7280ae206529	22455c945576d28d86ac98a3b512327740b12f0cc3a3a6006ad1c59dfe9c9584	otf_sparse_formula	2026-09-25T10:54:43.026574Z	--arms unreal:gr1:oxidd				8G	0			true		acacia-syntcomp26-coverage-3638921-b858ffbee12f.scope
arm-6	FelixSpecFixed3.core_b209ff21.ltl	FelixSpecFixed3.core_b209ff21.tlsf	60	UNKNOWN	45.706147428951226	2	false		status	0	366	114	3dc9fdf38b30dbc8fc85609a32ca7280ae206529	22455c945576d28d86ac98a3b512327740b12f0cc3a3a6006ad1c59dfe9c9584	otf_sparse_formula	2026-09-25T10:55:28.747566Z	--arms unreal:gr1:oxidd	45.530000	1490026496		8G	0			true		acacia-syntcomp26-coverage-3638921-f7e7e029e63a.scope
arm-6	FelixSpecFixed3_b0840146.ltl	FelixSpecFixed3_b0840146.tlsf	60	TIMEOUT	60.09669181902427	124	true	timeout	status	0	8	115	3dc9fdf38b30dbc8fc85609a32ca7280ae206529	22455c945576d28d86ac98a3b512327740b12f0cc3a3a6006ad1c59dfe9c9584	otf_sparse_formula	2026-09-25T10:56:28.859006Z	--arms unreal:gr1:oxidd				8G	0			true		acacia-syntcomp26-coverage-3638921-a735d08b43e1.scope
arm-6	FelixSpecFixed4GuaranteesOnly_88f351a6.ltl	FelixSpecFixed4GuaranteesOnly_88f351a6.tlsf	60	UNKNOWN	0.028115459950640798	2	false		status	0	213	116	3dc9fdf38b30dbc8fc85609a32ca7280ae206529	22455c945576d28d86ac98a3b512327740b12f0cc3a3a6006ad1c59dfe9c9584	otf_sparse_formula	2026-09-25T10:56:28.900677Z	--arms unreal:gr1:oxidd	0.000000	21606400		8G	0			true		acacia-syntcomp26-coverage-3638921-65a36646086d.scope
arm-6	FelixSpecFixed4_3916ec59.ltl	FelixSpecFixed4_3916ec59.tlsf	60	TIMEOUT	60.09635829599574	124	true	timeout	status	0	8	117	3dc9fdf38b30dbc8fc85609a32ca7280ae206529	22455c945576d28d86ac98a3b512327740b12f0cc3a3a6006ad1c59dfe9c9584	otf_sparse_formula	2026-09-25T10:57:29.010493Z	--arms unreal:gr1:oxidd				8G	0			true		acacia-syntcomp26-coverage-3638921-e2c10e46aa2d.scope
arm-6	FelixSpecFixed5_f82794da.ltl	FelixSpecFixed5_f82794da.tlsf	60	TIMEOUT	60.178783159004524	124	true	timeout	none	0	8	118	3dc9fdf38b30dbc8fc85609a32ca7280ae206529	22455c945576d28d86ac98a3b512327740b12f0cc3a3a6006ad1c59dfe9c9584	otf_sparse_formula	2026-09-25T10:58:29.202482Z	--arms unreal:gr1:oxidd				8G	0			true		acacia-syntcomp26-coverage-3638921-8d3cbcb6335e.scope
arm-6	FelixSpecFixed_2418b67e.ltl	FelixSpecFixed_2418b67e.tlsf	60	TIMEOUT	60.09607576893177	124	true	timeout	status	0	8	119	3dc9fdf38b30dbc8fc85609a32ca7280ae206529	22455c945576d28d86ac98a3b512327740b12f0cc3a3a6006ad1c59dfe9c9584	otf_sparse_formula	2026-09-25T10:59:29.312652Z	--arms unreal:gr1:oxidd				8G	0			true		acacia-syntcomp26-coverage-3638921-d85940de2f23.scope
arm-6	Full_f1477cc5.ltl	Full_f1477cc5.tlsf	60	UNKNOWN	0.14853147801477462	2	false		none	0	363	120	3dc9fdf38b30dbc8fc85609a32ca7280ae206529	22455c945576d28d86ac98a3b512327740b12f0cc3a3a6006ad1c59dfe9c9584	otf_sparse_formula	2026-09-25T10:59:29.480349Z	--arms unreal:gr1:oxidd	0.120000	31911936		8G	0			true		acacia-syntcomp26-coverage-3638921-dca9d5a71876.scope
arm-6	GF-G-contradiction0.ltl	GF-G-contradiction0.tlsf	60	UNKNOWN	0.02167280705180019	2	false		none	0	213	121	3dc9fdf38b30dbc8fc85609a32ca7280ae206529	22455c945576d28d86ac98a3b512327740b12f0cc3a3a6006ad1c59dfe9c9584	otf_sparse_formula	2026-09-25T10:59:29.515100Z	--arms unreal:gr1:oxidd	0.000000	21258240		8G	0			true		acacia-syntcomp26-coverage-3638921-52105bb91de5.scope
arm-6	GF-G-contradiction1.ltl	GF-G-contradiction1.tlsf	60	UNKNOWN	0.03154891892336309	2	false		none	0	234	122	3dc9fdf38b30dbc8fc85609a32ca7280ae206529	22455c945576d28d86ac98a3b512327740b12f0cc3a3a6006ad1c59dfe9c9584	otf_sparse_formula	2026-09-25T10:59:29.565174Z	--arms unreal:gr1:oxidd	0.000000	21446656		8G	0			true		acacia-syntcomp26-coverage-3638921-ffb4490291de.scope
arm-6	GF-G-contradiction2.ltl	GF-G-contradiction2.tlsf	60	UNKNOWN	0.02352392696775496	2	false		none	0	256	123	3dc9fdf38b30dbc8fc85609a32ca7280ae206529	22455c945576d28d86ac98a3b512327740b12f0cc3a3a6006ad1c59dfe9c9584	otf_sparse_formula	2026-09-25T10:59:29.602302Z	--arms unreal:gr1:oxidd	0.000000	22036480		8G	0			true		acacia-syntcomp26-coverage-3638921-c29a32823d9c.scope
arm-6	GF-G-contradiction3.ltl	GF-G-contradiction3.tlsf	60	UNKNOWN	0.0420368550112471	2	false		none	0	259	124	3dc9fdf38b30dbc8fc85609a32ca7280ae206529	22455c945576d28d86ac98a3b512327740b12f0cc3a3a6006ad1c59dfe9c9584	otf_sparse_formula	2026-09-25T10:59:29.656672Z	--arms unreal:gr1:oxidd	0.000000	25493504		8G	0			true		acacia-syntcomp26-coverage-3638921-cc6ebd381c28.scope
arm-6	GF-G-contradiction4.ltl	GF-G-contradiction4.tlsf	60	UNKNOWN	0.03443775896448642	2	false		none	0	258	125	3dc9fdf38b30dbc8fc85609a32ca7280ae206529	22455c945576d28d86ac98a3b512327740b12f0cc3a3a6006ad1c59dfe9c9584	otf_sparse_formula	2026-09-25T10:59:29.703657Z	--arms unreal:gr1:oxidd	0.000000	25722880		8G	0			true		acacia-syntcomp26-coverage-3638921-336a2af6ab57.scope
arm-6	GF-G-contradiction5.ltl	GF-G-contradiction5.tlsf	60	UNKNOWN	0.033273381064645946	2	false		none	0	257	126	3dc9fdf38b30dbc8fc85609a32ca7280ae206529	22455c945576d28d86ac98a3b512327740b12f0cc3a3a6006ad1c59dfe9c9584	otf_sparse_formula	2026-09-25T10:59:29.752013Z	--arms unreal:gr1:oxidd	0.010000	28459008		8G	0			true		acacia-syntcomp26-coverage-3638921-c32d59fb23bd.scope
arm-6	GF-G-contradiction6.ltl	GF-G-contradiction6.tlsf	60	UNKNOWN	0.03492961695883423	2	false		none	0	258	127	3dc9fdf38b30dbc8fc85609a32ca7280ae206529	22455c945576d28d86ac98a3b512327740b12f0cc3a3a6006ad1c59dfe9c9584	otf_sparse_formula	2026-09-25T10:59:29.799585Z	--arms unreal:gr1:oxidd	0.010000	29736960		8G	0			true		acacia-syntcomp26-coverage-3638921-1ad4307d7ce2.scope
arm-6	GF-G-contradiction7.ltl	GF-G-contradiction7.tlsf	60	UNKNOWN	0.033424320979975164	2	false		none	0	258	128	3dc9fdf38b30dbc8fc85609a32ca7280ae206529	22455c945576d28d86ac98a3b512327740b12f0cc3a3a6006ad1c59dfe9c9584	otf_sparse_formula	2026-09-25T10:59:29.845754Z	--arms unreal:gr1:oxidd	0.010000	28659712		8G	0			true		acacia-syntcomp26-coverage-3638921-3adc02a06a1d.scope
arm-6	Gamelogic.ltl	Gamelogic.tlsf	60	UNKNOWN	0.062270861002616584	2	false		status	0	128	129	3dc9fdf38b30dbc8fc85609a32ca7280ae206529	22455c945576d28d86ac98a3b512327740b12f0cc3a3a6006ad1c59dfe9c9584	otf_sparse_formula	2026-09-25T10:59:29.920604Z	--arms unreal:gr1:oxidd	0.040000	46133248		8G	0			true		acacia-syntcomp26-coverage-3638921-f21288bc4a56.scope
arm-6	GamemodeChooser.ltl	GamemodeChooser.tlsf	60	UNKNOWN	0.15286716702394187	2	false		status	0	128	130	3dc9fdf38b30dbc8fc85609a32ca7280ae206529	22455c945576d28d86ac98a3b512327740b12f0cc3a3a6006ad1c59dfe9c9584	otf_sparse_formula	2026-09-25T10:59:30.086802Z	--arms unreal:gr1:oxidd	0.130000	47865856		8G	0			true		acacia-syntcomp26-coverage-3638921-1e3a75b2e72c.scope
arm-6	Gamemodule.ltl	Gamemodule.tlsf	60	UNKNOWN	0.03267620992846787	2	false		status	0	128	131	3dc9fdf38b30dbc8fc85609a32ca7280ae206529	22455c945576d28d86ac98a3b512327740b12f0cc3a3a6006ad1c59dfe9c9584	otf_sparse_formula	2026-09-25T10:59:30.139446Z	--arms unreal:gr1:oxidd	0.000000	46002176		8G	0			true		acacia-syntcomp26-coverage-3638921-bfa422a9dab3.scope
arm-6	HeatingMin_d6c5ac79.ltl	HeatingMin_d6c5ac79.tlsf	60	UNKNOWN	0.03717826108913869	2	false		status	0	128	132	3dc9fdf38b30dbc8fc85609a32ca7280ae206529	22455c945576d28d86ac98a3b512327740b12f0cc3a3a6006ad1c59dfe9c9584	otf_sparse_formula	2026-09-25T10:59:30.190861Z	--arms unreal:gr1:oxidd	0.000000	43376640		8G	0			true		acacia-syntcomp26-coverage-3638921-671542a3a5a6.scope
arm-6	Heating_235467da.ltl	Heating_235467da.tlsf	60	UNKNOWN	0.022598027950152755	2	false		status	0	158	133	3dc9fdf38b30dbc8fc85609a32ca7280ae206529	22455c945576d28d86ac98a3b512327740b12f0cc3a3a6006ad1c59dfe9c9584	otf_sparse_formula	2026-09-25T10:59:30.225779Z	--arms unreal:gr1:oxidd	0.000000	20615168		8G	0			true		acacia-syntcomp26-coverage-3638921-ac5ed38ab4a4.scope
arm-6	Heating_974f4a68.ltl	Heating_974f4a68.tlsf	60	UNKNOWN	0.07404316996689886	2	false		status	0	363	134	3dc9fdf38b30dbc8fc85609a32ca7280ae206529	22455c945576d28d86ac98a3b512327740b12f0cc3a3a6006ad1c59dfe9c9584	otf_sparse_formula	2026-09-25T10:59:30.312978Z	--arms unreal:gr1:oxidd	0.040000	29343744		8G	0			true		acacia-syntcomp26-coverage-3638921-92de24e50c67.scope
arm-6	Heating_b02056d6.ltl	Heating_b02056d6.tlsf	60	UNKNOWN	0.021828975062817335	2	false		status	0	158	135	3dc9fdf38b30dbc8fc85609a32ca7280ae206529	22455c945576d28d86ac98a3b512327740b12f0cc3a3a6006ad1c59dfe9c9584	otf_sparse_formula	2026-09-25T10:59:30.348477Z	--arms unreal:gr1:oxidd	0.000000	20377600		8G	0			true		acacia-syntcomp26-coverage-3638921-311e086ad24b.scope
arm-6	Heating_b209ff21.ltl	Heating_b209ff21.tlsf	60	UNKNOWN	0.04225539602339268	2	false		status	0	158	136	3dc9fdf38b30dbc8fc85609a32ca7280ae206529	22455c945576d28d86ac98a3b512327740b12f0cc3a3a6006ad1c59dfe9c9584	otf_sparse_formula	2026-09-25T10:59:30.404556Z	--arms unreal:gr1:oxidd	0.000000	20611072		8G	0			true		acacia-syntcomp26-coverage-3638921-eaba8080ce5a.scope
arm-6	Increment.ltl	Increment.tlsf	60	UNKNOWN	0.03420562599785626	2	false		status	0	128	137	3dc9fdf38b30dbc8fc85609a32ca7280ae206529	22455c945576d28d86ac98a3b512327740b12f0cc3a3a6006ad1c59dfe9c9584	otf_sparse_formula	2026-09-25T10:59:30.452037Z	--arms unreal:gr1:oxidd	0.000000	44818432		8G	0			true		acacia-syntcomp26-coverage-3638921-2824246ffda1.scope
arm-6	IntendDemo_42dc4fff.ltl	IntendDemo_42dc4fff.tlsf	60	TIMEOUT	60.09777670900803	124	true	timeout	status	0	8	138	3dc9fdf38b30dbc8fc85609a32ca7280ae206529	22455c945576d28d86ac98a3b512327740b12f0cc3a3a6006ad1c59dfe9c9584	otf_sparse_formula	2026-09-25T11:00:30.562187Z	--arms unreal:gr1:oxidd				8G	0			true		acacia-syntcomp26-coverage-3638921-39c1d140b286.scope
arm-6	KitchenTimerV0.ltl	KitchenTimerV0.tlsf	60	UNKNOWN	0.024929762003012	2	false		status	0	128	139	3dc9fdf38b30dbc8fc85609a32ca7280ae206529	22455c945576d28d86ac98a3b512327740b12f0cc3a3a6006ad1c59dfe9c9584	otf_sparse_formula	2026-09-25T11:00:30.601872Z	--arms unreal:gr1:oxidd	0.000000	44630016		8G	0			true		acacia-syntcomp26-coverage-3638921-744a06115a7e.scope
arm-6	KitchenTimerV1.ltl	KitchenTimerV1.tlsf	60	UNKNOWN	0.04031994694378227	2	false		status	0	128	140	3dc9fdf38b30dbc8fc85609a32ca7280ae206529	22455c945576d28d86ac98a3b512327740b12f0cc3a3a6006ad1c59dfe9c9584	otf_sparse_formula	2026-09-25T11:00:30.656867Z	--arms unreal:gr1:oxidd	0.000000	45645824		8G	0			true		acacia-syntcomp26-coverage-3638921-4f6bc317a17e.scope
arm-6	KitchenTimerV10.ltl	KitchenTimerV10.tlsf	60	UNKNOWN	46.07772886904422	2	false		status	0	107	141	3dc9fdf38b30dbc8fc85609a32ca7280ae206529	22455c945576d28d86ac98a3b512327740b12f0cc3a3a6006ad1c59dfe9c9584	otf_sparse_formula	2026-09-25T11:01:16.747744Z	--arms unreal:gr1:oxidd	52.330000	466305024		8G	0			true		acacia-syntcomp26-coverage-3638921-18da0d25b0de.scope
arm-6	KitchenTimerV2.ltl	KitchenTimerV2.tlsf	60	UNKNOWN	0.07209137093741447	2	false		status	0	128	142	3dc9fdf38b30dbc8fc85609a32ca7280ae206529	22455c945576d28d86ac98a3b512327740b12f0cc3a3a6006ad1c59dfe9c9584	otf_sparse_formula	2026-09-25T11:01:16.833703Z	--arms unreal:gr1:oxidd	0.030000	46923776		8G	0			true		acacia-syntcomp26-coverage-3638921-0420c4e51a2c.scope
arm-6	KitchenTimerV3.ltl	KitchenTimerV3.tlsf	60	UNKNOWN	0.12334204302169383	2	false		status	0	128	143	3dc9fdf38b30dbc8fc85609a32ca7280ae206529	22455c945576d28d86ac98a3b512327740b12f0cc3a3a6006ad1c59dfe9c9584	otf_sparse_formula	2026-09-25T11:01:16.970144Z	--arms unreal:gr1:oxidd	0.090000	51429376		8G	0			true		acacia-syntcomp26-coverage-3638921-940ecbbd85a4.scope
arm-6	KitchenTimerV4.ltl	KitchenTimerV4.tlsf	60	UNKNOWN	0.18928997102193534	2	false		status	0	128	144	3dc9fdf38b30dbc8fc85609a32ca7280ae206529	22455c945576d28d86ac98a3b512327740b12f0cc3a3a6006ad1c59dfe9c9584	otf_sparse_formula	2026-09-25T11:01:17.172831Z	--arms unreal:gr1:oxidd	0.160000	60866560		8G	0			true		acacia-syntcomp26-coverage-3638921-ce704b83270a.scope
arm-6	KitchenTimerV5.ltl	KitchenTimerV5.tlsf	60	UNKNOWN	0.9103283530566841	2	false		status	0	129	145	3dc9fdf38b30dbc8fc85609a32ca7280ae206529	22455c945576d28d86ac98a3b512327740b12f0cc3a3a6006ad1c59dfe9c9584	otf_sparse_formula	2026-09-25T11:01:18.097936Z	--arms unreal:gr1:oxidd	0.880000	165093376		8G	0			true		acacia-syntcomp26-coverage-3638921-149e04dcf6dc.scope
arm-6	KitchenTimerV6.ltl	KitchenTimerV6.tlsf	60	UNKNOWN	3.0114358640275896	2	false		status	0	129	146	3dc9fdf38b30dbc8fc85609a32ca7280ae206529	22455c945576d28d86ac98a3b512327740b12f0cc3a3a6006ad1c59dfe9c9584	otf_sparse_formula	2026-09-25T11:01:21.129962Z	--arms unreal:gr1:oxidd	3.300000	230744064		8G	0			true		acacia-syntcomp26-coverage-3638921-77f1dd0cad09.scope
arm-6	KitchenTimerV7.ltl	KitchenTimerV7.tlsf	60	UNKNOWN	3.3319648010656238	2	false		status	0	129	147	3dc9fdf38b30dbc8fc85609a32ca7280ae206529	22455c945576d28d86ac98a3b512327740b12f0cc3a3a6006ad1c59dfe9c9584	otf_sparse_formula	2026-09-25T11:01:24.475283Z	--arms unreal:gr1:oxidd	3.590000	234459136		8G	0			true		acacia-syntcomp26-coverage-3638921-5b017a61c8d9.scope
arm-6	KitchenTimerV8.ltl	KitchenTimerV8.tlsf	60	UNKNOWN	3.6298805329715833	2	false		status	0	129	148	3dc9fdf38b30dbc8fc85609a32ca7280ae206529	22455c945576d28d86ac98a3b512327740b12f0cc3a3a6006ad1c59dfe9c9584	otf_sparse_formula	2026-09-25T11:01:28.118717Z	--arms unreal:gr1:oxidd	3.800000	254050304		8G	0			true		acacia-syntcomp26-coverage-3638921-4bdc325c5cb1.scope
arm-6	KitchenTimerV9.ltl	KitchenTimerV9.tlsf	60	UNKNOWN	18.027636625105515	2	false		status	0	130	149	3dc9fdf38b30dbc8fc85609a32ca7280ae206529	22455c945576d28d86ac98a3b512327740b12f0cc3a3a6006ad1c59dfe9c9584	otf_sparse_formula	2026-09-25T11:01:46.160084Z	--arms unreal:gr1:oxidd	19.870000	409899008		8G	0			true		acacia-syntcomp26-coverage-3638921-c0a42be0670b.scope
arm-6	LampController_974f4a68.ltl	LampController_974f4a68.tlsf	60	UNKNOWN	0.22785378096159548	2	false		status	0	363	150	3dc9fdf38b30dbc8fc85609a32ca7280ae206529	22455c945576d28d86ac98a3b512327740b12f0cc3a3a6006ad1c59dfe9c9584	otf_sparse_formula	2026-09-25T11:01:46.402440Z	--arms unreal:gr1:oxidd	0.190000	45588480		8G	0			true		acacia-syntcomp26-coverage-3638921-ee0a78e2fa37.scope
arm-6	LedMatrix.ltl	LedMatrix.tlsf	60	TIMEOUT	60.221760671935044	124	true	timeout	status	0	8	151	3dc9fdf38b30dbc8fc85609a32ca7280ae206529	22455c945576d28d86ac98a3b512327740b12f0cc3a3a6006ad1c59dfe9c9584	otf_sparse_formula	2026-09-25T11:02:46.636671Z	--arms unreal:gr1:oxidd				8G	0			true		acacia-syntcomp26-coverage-3638921-89ee44ccc1cf.scope
arm-6	Light_a50cadd7.ltl	Light_a50cadd7.tlsf	60	UNKNOWN	0.027655197074636817	2	false		status	0	250	152	3dc9fdf38b30dbc8fc85609a32ca7280ae206529	22455c945576d28d86ac98a3b512327740b12f0cc3a3a6006ad1c59dfe9c9584	otf_sparse_formula	2026-09-25T11:02:46.676912Z	--arms unreal:gr1:oxidd	0.000000	21348352		8G	0			true		acacia-syntcomp26-coverage-3638921-ee91a4054ffb.scope
arm-6	Light_aeb1d897.ltl	Light_aeb1d897.tlsf	60	UNKNOWN	2.321921237045899	2	false		status	0	364	153	3dc9fdf38b30dbc8fc85609a32ca7280ae206529	22455c945576d28d86ac98a3b512327740b12f0cc3a3a6006ad1c59dfe9c9584	otf_sparse_formula	2026-09-25T11:02:49.011893Z	--arms unreal:gr1:oxidd	2.290000	337936384		8G	0			true		acacia-syntcomp26-coverage-3638921-cb8ebc364a35.scope
arm-6	Light_d65ed84e.ltl	Light_d65ed84e.tlsf	60	UNKNOWN	0.7824755059555173	2	false		status	0	364	154	3dc9fdf38b30dbc8fc85609a32ca7280ae206529	22455c945576d28d86ac98a3b512327740b12f0cc3a3a6006ad1c59dfe9c9584	otf_sparse_formula	2026-09-25T11:02:49.808209Z	--arms unreal:gr1:oxidd	0.750000	113442816		8G	0			true		acacia-syntcomp26-coverage-3638921-1f02a8303162.scope
arm-6	Lights2Min_9cbf2546.ltl	Lights2Min_9cbf2546.tlsf	60	UNKNOWN	0.04598840500693768	2	false		status	0	363	155	3dc9fdf38b30dbc8fc85609a32ca7280ae206529	22455c945576d28d86ac98a3b512327740b12f0cc3a3a6006ad1c59dfe9c9584	otf_sparse_formula	2026-09-25T11:02:49.867487Z	--arms unreal:gr1:oxidd	0.020000	23937024		8G	0			true		acacia-syntcomp26-coverage-3638921-7480e24b378c.scope
arm-6	Lights2_06e9cad4.ltl	Lights2_06e9cad4.tlsf	60	UNKNOWN	43.43192329199519	2	false		status	0	365	156	3dc9fdf38b30dbc8fc85609a32ca7280ae206529	22455c945576d28d86ac98a3b512327740b12f0cc3a3a6006ad1c59dfe9c9584	otf_sparse_formula	2026-09-25T11:03:33.313408Z	--arms unreal:gr1:oxidd	43.320000	976994304		8G	0			true		acacia-syntcomp26-coverage-3638921-e74761168663.scope
arm-6	Lights2_0f5381e9.ltl	Lights2_0f5381e9.tlsf	60	UNKNOWN	39.22188076598104	2	false		status	0	365	157	3dc9fdf38b30dbc8fc85609a32ca7280ae206529	22455c945576d28d86ac98a3b512327740b12f0cc3a3a6006ad1c59dfe9c9584	otf_sparse_formula	2026-09-25T11:04:12.555209Z	--arms unreal:gr1:oxidd	39.100000	917770240		8G	0			true		acacia-syntcomp26-coverage-3638921-7d383a0b2e8b.scope
arm-6	Lights2_2c5b09da.ltl	Lights2_2c5b09da.tlsf	60	TIMEOUT	60.12017197103705	124	true	timeout	status	0	8	158	3dc9fdf38b30dbc8fc85609a32ca7280ae206529	22455c945576d28d86ac98a3b512327740b12f0cc3a3a6006ad1c59dfe9c9584	otf_sparse_formula	2026-09-25T11:05:12.688667Z	--arms unreal:gr1:oxidd				8G	0			true		acacia-syntcomp26-coverage-3638921-b46c9c5ab78d.scope
arm-6	Lights2_9cac58d3.ltl	Lights2_9cac58d3.tlsf	60	UNKNOWN	17.172305113985203	2	false		status	0	365	159	3dc9fdf38b30dbc8fc85609a32ca7280ae206529	22455c945576d28d86ac98a3b512327740b12f0cc3a3a6006ad1c59dfe9c9584	otf_sparse_formula	2026-09-25T11:05:29.875967Z	--arms unreal:gr1:oxidd	17.110000	520196096		8G	0			true		acacia-syntcomp26-coverage-3638921-fe9a0ff0aed8.scope
arm-6	Lights2_b02056d6.ltl	Lights2_b02056d6.tlsf	60	UNKNOWN	1.7164589420426637	2	false		status	0	364	160	3dc9fdf38b30dbc8fc85609a32ca7280ae206529	22455c945576d28d86ac98a3b512327740b12f0cc3a3a6006ad1c59dfe9c9584	otf_sparse_formula	2026-09-25T11:05:31.611758Z	--arms unreal:gr1:oxidd	1.670000	114094080		8G	0			true		acacia-syntcomp26-coverage-3638921-fc90afb3741f.scope
arm-6	Lights2_f1477cc5.ltl	Lights2_f1477cc5.tlsf	60	UNKNOWN	24.57698157208506	2	false		status	0	365	161	3dc9fdf38b30dbc8fc85609a32ca7280ae206529	22455c945576d28d86ac98a3b512327740b12f0cc3a3a6006ad1c59dfe9c9584	otf_sparse_formula	2026-09-25T11:05:56.202683Z	--arms unreal:gr1:oxidd	24.490000	608718848		8G	0			true		acacia-syntcomp26-coverage-3638921-9f35947b6ab6.scope
arm-6	Lights2_f3987563.ltl	Lights2_f3987563.tlsf	60	UNKNOWN	16.535444477922283	2	false		status	0	365	162	3dc9fdf38b30dbc8fc85609a32ca7280ae206529	22455c945576d28d86ac98a3b512327740b12f0cc3a3a6006ad1c59dfe9c9584	otf_sparse_formula	2026-09-25T11:06:12.751665Z	--arms unreal:gr1:oxidd	16.490000	521494528		8G	0			true		acacia-syntcomp26-coverage-3638921-3c0aa3486ff2.scope
arm-6	Lights3Min_6479ef9a.ltl	Lights3Min_6479ef9a.tlsf	60	UNKNOWN	0.036572217009961605	2	false		status	0	363	163	3dc9fdf38b30dbc8fc85609a32ca7280ae206529	22455c945576d28d86ac98a3b512327740b12f0cc3a3a6006ad1c59dfe9c9584	otf_sparse_formula	2026-09-25T11:06:12.815284Z	--arms unreal:gr1:oxidd	0.010000	20094976		8G	0			true		acacia-syntcomp26-coverage-3638921-c93ff128e33b.scope
arm-6	Lights3_06e9cad4.ltl	Lights3_06e9cad4.tlsf	60	UNKNOWN	2.311634042998776	2	false		status	0	364	164	3dc9fdf38b30dbc8fc85609a32ca7280ae206529	22455c945576d28d86ac98a3b512327740b12f0cc3a3a6006ad1c59dfe9c9584	otf_sparse_formula	2026-09-25T11:06:15.139876Z	--arms unreal:gr1:oxidd	2.270000	146051072		8G	0			true		acacia-syntcomp26-coverage-3638921-5300043cecd8.scope
arm-6	Lights3_235467da.ltl	Lights3_235467da.tlsf	60	UNKNOWN	0.7628901819698513	2	false		status	0	363	165	3dc9fdf38b30dbc8fc85609a32ca7280ae206529	22455c945576d28d86ac98a3b512327740b12f0cc3a3a6006ad1c59dfe9c9584	otf_sparse_formula	2026-09-25T11:06:15.917231Z	--arms unreal:gr1:oxidd	0.720000	94412800		8G	0			true		acacia-syntcomp26-coverage-3638921-657506c43807.scope
arm-6	Lights3_2c5b09da.ltl	Lights3_2c5b09da.tlsf	60	UNKNOWN	2.2788400730350986	2	false		status	0	364	166	3dc9fdf38b30dbc8fc85609a32ca7280ae206529	22455c945576d28d86ac98a3b512327740b12f0cc3a3a6006ad1c59dfe9c9584	otf_sparse_formula	2026-09-25T11:06:18.210467Z	--arms unreal:gr1:oxidd	2.240000	189865984		8G	0			true		acacia-syntcomp26-coverage-3638921-d4a9c3fa558f.scope
arm-6	Lights3_3916ec59.ltl	Lights3_3916ec59.tlsf	60	UNKNOWN	1.380759521969594	2	false		status	0	364	167	3dc9fdf38b30dbc8fc85609a32ca7280ae206529	22455c945576d28d86ac98a3b512327740b12f0cc3a3a6006ad1c59dfe9c9584	otf_sparse_formula	2026-09-25T11:06:19.604822Z	--arms unreal:gr1:oxidd	1.350000	120651776		8G	0			true		acacia-syntcomp26-coverage-3638921-f1191497fe8d.scope
arm-6	Lights3_6bea956e.ltl	Lights3_6bea956e.tlsf	60	UNKNOWN	0.17050968494731933	2	false		status	0	363	168	3dc9fdf38b30dbc8fc85609a32ca7280ae206529	22455c945576d28d86ac98a3b512327740b12f0cc3a3a6006ad1c59dfe9c9584	otf_sparse_formula	2026-09-25T11:06:19.788648Z	--arms unreal:gr1:oxidd	0.140000	43892736		8G	0			true		acacia-syntcomp26-coverage-3638921-dd6ee4811444.scope
arm-6	Lights3_f1477cc5.ltl	Lights3_f1477cc5.tlsf	60	UNKNOWN	0.750516855972819	2	false		status	0	363	169	3dc9fdf38b30dbc8fc85609a32ca7280ae206529	22455c945576d28d86ac98a3b512327740b12f0cc3a3a6006ad1c59dfe9c9584	otf_sparse_formula	2026-09-25T11:06:20.553137Z	--arms unreal:gr1:oxidd	0.710000	94625792		8G	0			true		acacia-syntcomp26-coverage-3638921-362d4ff00e19.scope
arm-6	LightsMin_6bea956e.ltl	LightsMin_6bea956e.tlsf	60	UNKNOWN	0.04801642894744873	2	false		status	0	363	170	3dc9fdf38b30dbc8fc85609a32ca7280ae206529	22455c945576d28d86ac98a3b512327740b12f0cc3a3a6006ad1c59dfe9c9584	otf_sparse_formula	2026-09-25T11:06:20.626456Z	--arms unreal:gr1:oxidd	0.020000	21782528		8G	0			true		acacia-syntcomp26-coverage-3638921-0f756a206c64.scope
arm-6	LightsTotal_06e9cad4.ltl	LightsTotal_06e9cad4.tlsf	60	TIMEOUT	60.22251988190692	124	true	timeout	status	0	8	171	3dc9fdf38b30dbc8fc85609a32ca7280ae206529	22455c945576d28d86ac98a3b512327740b12f0cc3a3a6006ad1c59dfe9c9584	otf_sparse_formula	2026-09-25T11:07:20.861555Z	--arms unreal:gr1:oxidd				8G	0			true		acacia-syntcomp26-coverage-3638921-71e99b187c61.scope
arm-6	LightsTotal_2c5b09da.ltl	LightsTotal_2c5b09da.tlsf	60	TIMEOUT	60.27889252605382	124	true	timeout	status	0	8	172	3dc9fdf38b30dbc8fc85609a32ca7280ae206529	22455c945576d28d86ac98a3b512327740b12f0cc3a3a6006ad1c59dfe9c9584	otf_sparse_formula	2026-09-25T11:08:21.152411Z	--arms unreal:gr1:oxidd				8G	0			true		acacia-syntcomp26-coverage-3638921-2186f58d0302.scope
arm-6	LightsTotal_9cbf2546.ltl	LightsTotal_9cbf2546.tlsf	60	UNKNOWN	56.24321455194149	2	false		status	0	366	173	3dc9fdf38b30dbc8fc85609a32ca7280ae206529	22455c945576d28d86ac98a3b512327740b12f0cc3a3a6006ad1c59dfe9c9584	otf_sparse_formula	2026-09-25T11:09:17.408683Z	--arms unreal:gr1:oxidd	56.120000	1798340608		8G	0			true		acacia-syntcomp26-coverage-3638921-4adf155a4a18.scope
arm-6	LightsTotal_d65ed84e.ltl	LightsTotal_d65ed84e.tlsf	60	TIMEOUT	60.12149220996071	124	true	timeout	status	0	8	174	3dc9fdf38b30dbc8fc85609a32ca7280ae206529	22455c945576d28d86ac98a3b512327740b12f0cc3a3a6006ad1c59dfe9c9584	otf_sparse_formula	2026-09-25T11:10:17.555401Z	--arms unreal:gr1:oxidd				8G	0			true		acacia-syntcomp26-coverage-3638921-6cbf3b91220b.scope
arm-6	Lights_06e9cad4.ltl	Lights_06e9cad4.tlsf	60	UNKNOWN	1.1826909729279578	2	false		status	0	364	175	3dc9fdf38b30dbc8fc85609a32ca7280ae206529	22455c945576d28d86ac98a3b512327740b12f0cc3a3a6006ad1c59dfe9c9584	otf_sparse_formula	2026-09-25T11:10:18.752693Z	--arms unreal:gr1:oxidd	1.140000	117391360		8G	0			true		acacia-syntcomp26-coverage-3638921-bc2f1bf3ff4a.scope
arm-6	Lights_2c5b09da.ltl	Lights_2c5b09da.tlsf	60	UNKNOWN	1.4525052310200408	2	false		status	0	364	176	3dc9fdf38b30dbc8fc85609a32ca7280ae206529	22455c945576d28d86ac98a3b512327740b12f0cc3a3a6006ad1c59dfe9c9584	otf_sparse_formula	2026-09-25T11:10:20.217830Z	--arms unreal:gr1:oxidd	1.420000	142684160		8G	0			true		acacia-syntcomp26-coverage-3638921-16f24e29d6ef.scope
arm-6	Lights_3461125b.ltl	Lights_3461125b.tlsf	60	UNKNOWN	0.10439681902062148	2	false		status	0	363	177	3dc9fdf38b30dbc8fc85609a32ca7280ae206529	22455c945576d28d86ac98a3b512327740b12f0cc3a3a6006ad1c59dfe9c9584	otf_sparse_formula	2026-09-25T11:10:20.335095Z	--arms unreal:gr1:oxidd	0.070000	34119680		8G	0			true		acacia-syntcomp26-coverage-3638921-92323ba2412a.scope
arm-6	Lights_9cac58d3.ltl	Lights_9cac58d3.tlsf	60	UNKNOWN	0.41846693702973425	2	false		status	0	363	178	3dc9fdf38b30dbc8fc85609a32ca7280ae206529	22455c945576d28d86ac98a3b512327740b12f0cc3a3a6006ad1c59dfe9c9584	otf_sparse_formula	2026-09-25T11:10:20.766863Z	--arms unreal:gr1:oxidd	0.390000	61161472		8G	0			true		acacia-syntcomp26-coverage-3638921-1d4cad6d4b7c.scope
arm-6	Lights_b0840146.ltl	Lights_b0840146.tlsf	60	UNKNOWN	0.9043553330702707	2	false		status	0	363	179	3dc9fdf38b30dbc8fc85609a32ca7280ae206529	22455c945576d28d86ac98a3b512327740b12f0cc3a3a6006ad1c59dfe9c9584	otf_sparse_formula	2026-09-25T11:10:21.684591Z	--arms unreal:gr1:oxidd	0.880000	84905984		8G	0			true		acacia-syntcomp26-coverage-3638921-cda75d49c788.scope
arm-6	Lights_f3987563.ltl	Lights_f3987563.tlsf	60	UNKNOWN	0.4429562030127272	2	false		status	0	363	180	3dc9fdf38b30dbc8fc85609a32ca7280ae206529	22455c945576d28d86ac98a3b512327740b12f0cc3a3a6006ad1c59dfe9c9584	otf_sparse_formula	2026-09-25T11:10:22.140506Z	--arms unreal:gr1:oxidd	0.410000	61554688		8G	0			true		acacia-syntcomp26-coverage-3638921-73f9bab89282.scope
arm-6	ModdifiedLedMatrix4X.ltl	ModdifiedLedMatrix4X.tlsf	60	UNKNOWN	41.64452584693208	2	false		status	0	122	181	3dc9fdf38b30dbc8fc85609a32ca7280ae206529	22455c945576d28d86ac98a3b512327740b12f0cc3a3a6006ad1c59dfe9c9584	otf_sparse_formula	2026-09-25T11:11:03.799295Z	--arms unreal:gr1:oxidd	41.580000	3675365376		8G	0			true		acacia-syntcomp26-coverage-3638921-0be9e509ebd5.scope
arm-6	ModdifiedLedMatrix5X.ltl	ModdifiedLedMatrix5X.tlsf	60	TIMEOUT	60.22876951703802	124	true	timeout	status	0	8	182	3dc9fdf38b30dbc8fc85609a32ca7280ae206529	22455c945576d28d86ac98a3b512327740b12f0cc3a3a6006ad1c59dfe9c9584	otf_sparse_formula	2026-09-25T11:12:04.041709Z	--arms unreal:gr1:oxidd				8G	0			true		acacia-syntcomp26-coverage-3638921-a8cda5edd5bc.scope
arm-6	Morning2Min_6cbc6174.ltl	Morning2Min_6cbc6174.tlsf	60	UNKNOWN	0.03843645309098065	2	false		status	0	128	183	3dc9fdf38b30dbc8fc85609a32ca7280ae206529	22455c945576d28d86ac98a3b512327740b12f0cc3a3a6006ad1c59dfe9c9584	otf_sparse_formula	2026-09-25T11:12:04.093941Z	--arms unreal:gr1:oxidd	0.000000	45461504		8G	0			true		acacia-syntcomp26-coverage-3638921-483a14326bfc.scope
arm-6	Morning2_06e9cad4.ltl	Morning2_06e9cad4.tlsf	60	TIMEOUT	60.05702097900212	124	true	timeout	none	0	8	184	3dc9fdf38b30dbc8fc85609a32ca7280ae206529	22455c945576d28d86ac98a3b512327740b12f0cc3a3a6006ad1c59dfe9c9584	otf_sparse_formula	2026-09-25T11:13:04.162842Z	--arms unreal:gr1:oxidd				8G	0			true		acacia-syntcomp26-coverage-3638921-9b17c89f11fa.scope
arm-6	Morning2_1cf58fc1.ltl	Morning2_1cf58fc1.tlsf	60	TIMEOUT	60.07964696001727	124	true	timeout	status	0	8	185	3dc9fdf38b30dbc8fc85609a32ca7280ae206529	22455c945576d28d86ac98a3b512327740b12f0cc3a3a6006ad1c59dfe9c9584	otf_sparse_formula	2026-09-25T11:14:04.255201Z	--arms unreal:gr1:oxidd				8G	0			true		acacia-syntcomp26-coverage-3638921-9212d43f36fe.scope
arm-6	Morning2_2c5b09da.ltl	Morning2_2c5b09da.tlsf	60	TIMEOUT	60.071831107954495	124	true	timeout	none	0	8	186	3dc9fdf38b30dbc8fc85609a32ca7280ae206529	22455c945576d28d86ac98a3b512327740b12f0cc3a3a6006ad1c59dfe9c9584	otf_sparse_formula	2026-09-25T11:15:04.340661Z	--arms unreal:gr1:oxidd				8G	0			true		acacia-syntcomp26-coverage-3638921-bf8d3681ffe4.scope
arm-6	Morning2_407db2cc.ltl	Morning2_407db2cc.tlsf	60	TIMEOUT	60.02575921895914	124	true	timeout	none	0	8	187	3dc9fdf38b30dbc8fc85609a32ca7280ae206529	22455c945576d28d86ac98a3b512327740b12f0cc3a3a6006ad1c59dfe9c9584	otf_sparse_formula	2026-09-25T11:16:04.380473Z	--arms unreal:gr1:oxidd				8G	0			true		acacia-syntcomp26-coverage-3638921-f90af19ee0f6.scope
arm-6	Morning2_4d4ca5c4.ltl	Morning2_4d4ca5c4.tlsf	60	UNKNOWN	0.049385029007680714	2	false		status	0	128	188	3dc9fdf38b30dbc8fc85609a32ca7280ae206529	22455c945576d28d86ac98a3b512327740b12f0cc3a3a6006ad1c59dfe9c9584	otf_sparse_formula	2026-09-25T11:16:04.443543Z	--arms unreal:gr1:oxidd	0.020000	47177728		8G	0			true		acacia-syntcomp26-coverage-3638921-1309369ab905.scope
arm-6	Morning2_63831f8c.ltl	Morning2_63831f8c.tlsf	60	TIMEOUT	60.07190473400988	124	true	timeout	none	0	8	189	3dc9fdf38b30dbc8fc85609a32ca7280ae206529	22455c945576d28d86ac98a3b512327740b12f0cc3a3a6006ad1c59dfe9c9584	otf_sparse_formula	2026-09-25T11:17:04.527856Z	--arms unreal:gr1:oxidd				8G	0			true		acacia-syntcomp26-coverage-3638921-219a88886517.scope
arm-6	Morning2_68c86764.ltl	Morning2_68c86764.tlsf	60	TIMEOUT	60.07921223004814	124	true	timeout	none	0	8	190	3dc9fdf38b30dbc8fc85609a32ca7280ae206529	22455c945576d28d86ac98a3b512327740b12f0cc3a3a6006ad1c59dfe9c9584	otf_sparse_formula	2026-09-25T11:18:04.620120Z	--arms unreal:gr1:oxidd				8G	0			true		acacia-syntcomp26-coverage-3638921-41c34bd0a8b6.scope
arm-6	Morning2_9cac58d3.ltl	Morning2_9cac58d3.tlsf	60	UNKNOWN	0.03674298198893666	2	false		status	0	128	191	3dc9fdf38b30dbc8fc85609a32ca7280ae206529	22455c945576d28d86ac98a3b512327740b12f0cc3a3a6006ad1c59dfe9c9584	otf_sparse_formula	2026-09-25T11:18:04.671304Z	--arms unreal:gr1:oxidd	0.010000	47165440		8G	0			true		acacia-syntcomp26-coverage-3638921-25eb2c69d3c6.scope
arm-6	Morning2_d65ed84e.ltl	Morning2_d65ed84e.tlsf	60	TIMEOUT	60.020601199008524	124	true	timeout	none	0	8	192	3dc9fdf38b30dbc8fc85609a32ca7280ae206529	22455c945576d28d86ac98a3b512327740b12f0cc3a3a6006ad1c59dfe9c9584	otf_sparse_formula	2026-09-25T11:19:04.703196Z	--arms unreal:gr1:oxidd				8G	0			true		acacia-syntcomp26-coverage-3638921-71072380667b.scope
arm-6	Morning2s_06cf2373.ltl	Morning2s_06cf2373.tlsf	60	TIMEOUT	60.07105735805817	124	true	timeout	none	0	8	193	3dc9fdf38b30dbc8fc85609a32ca7280ae206529	22455c945576d28d86ac98a3b512327740b12f0cc3a3a6006ad1c59dfe9c9584	otf_sparse_formula	2026-09-25T11:20:04.788741Z	--arms unreal:gr1:oxidd				8G	0			true		acacia-syntcomp26-coverage-3638921-1bc475362484.scope
arm-6	Morning2s_06e9cad4.ltl	Morning2s_06e9cad4.tlsf	60	TIMEOUT	60.07199899607804	124	true	timeout	none	0	8	194	3dc9fdf38b30dbc8fc85609a32ca7280ae206529	22455c945576d28d86ac98a3b512327740b12f0cc3a3a6006ad1c59dfe9c9584	otf_sparse_formula	2026-09-25T11:21:04.874808Z	--arms unreal:gr1:oxidd				8G	0			true		acacia-syntcomp26-coverage-3638921-860400f5a837.scope
arm-6	Morning2s_2c5b09da.ltl	Morning2s_2c5b09da.tlsf	60	TIMEOUT	60.08054810599424	124	true	timeout	none	0	8	195	3dc9fdf38b30dbc8fc85609a32ca7280ae206529	22455c945576d28d86ac98a3b512327740b12f0cc3a3a6006ad1c59dfe9c9584	otf_sparse_formula	2026-09-25T11:22:04.972585Z	--arms unreal:gr1:oxidd				8G	0			true		acacia-syntcomp26-coverage-3638921-951e5fba096d.scope
arm-6	Morning2s_42dc4fff.ltl	Morning2s_42dc4fff.tlsf	60	TIMEOUT	60.080175491049886	124	true	timeout	none	0	8	196	3dc9fdf38b30dbc8fc85609a32ca7280ae206529	22455c945576d28d86ac98a3b512327740b12f0cc3a3a6006ad1c59dfe9c9584	otf_sparse_formula	2026-09-25T11:23:05.065189Z	--arms unreal:gr1:oxidd				8G	0			true		acacia-syntcomp26-coverage-3638921-6cde0a201572.scope
arm-6	Morning2s_9cbf2546.ltl	Morning2s_9cbf2546.tlsf	60	TIMEOUT	60.07978414092213	124	true	timeout	none	0	8	197	3dc9fdf38b30dbc8fc85609a32ca7280ae206529	22455c945576d28d86ac98a3b512327740b12f0cc3a3a6006ad1c59dfe9c9584	otf_sparse_formula	2026-09-25T11:24:05.157753Z	--arms unreal:gr1:oxidd				8G	0			true		acacia-syntcomp26-coverage-3638921-fe7b6aaf45c5.scope
arm-6	Morning2s_d6c5ac79.ltl	Morning2s_d6c5ac79.tlsf	60	TIMEOUT	60.02673425595276	124	true	timeout	none	0	8	198	3dc9fdf38b30dbc8fc85609a32ca7280ae206529	22455c945576d28d86ac98a3b512327740b12f0cc3a3a6006ad1c59dfe9c9584	otf_sparse_formula	2026-09-25T11:25:05.201333Z	--arms unreal:gr1:oxidd				8G	0			true		acacia-syntcomp26-coverage-3638921-08d0e437d5b5.scope
arm-6	MorningMin_d6c5ac79.ltl	MorningMin_d6c5ac79.tlsf	60	UNKNOWN	0.7872391639975831	2	false		status	0	363	199	3dc9fdf38b30dbc8fc85609a32ca7280ae206529	22455c945576d28d86ac98a3b512327740b12f0cc3a3a6006ad1c59dfe9c9584	otf_sparse_formula	2026-09-25T11:25:06.008978Z	--arms unreal:gr1:oxidd	0.760000	40235008		8G	0			true		acacia-syntcomp26-coverage-3638921-eb3e9e9afcd0.scope
arm-6	Morning_14a3b3a2.ltl	Morning_14a3b3a2.tlsf	60	TIMEOUT	60.08016321004834	124	true	timeout	status	0	8	200	3dc9fdf38b30dbc8fc85609a32ca7280ae206529	22455c945576d28d86ac98a3b512327740b12f0cc3a3a6006ad1c59dfe9c9584	otf_sparse_formula	2026-09-25T11:26:06.101870Z	--arms unreal:gr1:oxidd				8G	0			true		acacia-syntcomp26-coverage-3638921-00d6d1da4883.scope
arm-6	Morning_4b5e6eaa.ltl	Morning_4b5e6eaa.tlsf	60	TIMEOUT	60.01387605199125	124	true	timeout	status	0	8	201	3dc9fdf38b30dbc8fc85609a32ca7280ae206529	22455c945576d28d86ac98a3b512327740b12f0cc3a3a6006ad1c59dfe9c9584	otf_sparse_formula	2026-09-25T11:27:06.129768Z	--arms unreal:gr1:oxidd				8G	0			true		acacia-syntcomp26-coverage-3638921-59b7b2528dd2.scope
arm-6	Morning_88c5c1c3.ltl	Morning_88c5c1c3.tlsf	60	TIMEOUT	60.17906588292681	124	true	timeout	status	0	8	202	3dc9fdf38b30dbc8fc85609a32ca7280ae206529	22455c945576d28d86ac98a3b512327740b12f0cc3a3a6006ad1c59dfe9c9584	otf_sparse_formula	2026-09-25T11:28:06.321335Z	--arms unreal:gr1:oxidd				8G	0			true		acacia-syntcomp26-coverage-3638921-5401d999950c.scope
arm-6	Morning_9cac58d3.ltl	Morning_9cac58d3.tlsf	60	TIMEOUT	60.04756302991882	124	true	timeout	status	0	8	203	3dc9fdf38b30dbc8fc85609a32ca7280ae206529	22455c945576d28d86ac98a3b512327740b12f0cc3a3a6006ad1c59dfe9c9584	otf_sparse_formula	2026-09-25T11:29:06.381687Z	--arms unreal:gr1:oxidd				8G	0			true		acacia-syntcomp26-coverage-3638921-05ef319df0b5.scope
arm-6	Morning_c92eb242.ltl	Morning_c92eb242.tlsf	60	TIMEOUT	60.061532181920484	124	true	timeout	status	0	8	204	3dc9fdf38b30dbc8fc85609a32ca7280ae206529	22455c945576d28d86ac98a3b512327740b12f0cc3a3a6006ad1c59dfe9c9584	otf_sparse_formula	2026-09-25T11:30:06.455359Z	--arms unreal:gr1:oxidd				8G	0			true		acacia-syntcomp26-coverage-3638921-8cc0d7b5f124.scope
arm-6	Morning_f1477cc5.ltl	Morning_f1477cc5.tlsf	60	TIMEOUT	60.063745679100975	124	true	timeout	status	0	8	205	3dc9fdf38b30dbc8fc85609a32ca7280ae206529	22455c945576d28d86ac98a3b512327740b12f0cc3a3a6006ad1c59dfe9c9584	otf_sparse_formula	2026-09-25T11:31:06.531073Z	--arms unreal:gr1:oxidd				8G	0			true		acacia-syntcomp26-coverage-3638921-7d28c096b5f9.scope
arm-6	Morning_f2774e0b.ltl	Morning_f2774e0b.tlsf	60	TIMEOUT	60.079891518107615	124	true	timeout	status	0	8	206	3dc9fdf38b30dbc8fc85609a32ca7280ae206529	22455c945576d28d86ac98a3b512327740b12f0cc3a3a6006ad1c59dfe9c9584	otf_sparse_formula	2026-09-25T11:32:06.622718Z	--arms unreal:gr1:oxidd				8G	0			true		acacia-syntcomp26-coverage-3638921-bbf5371c367a.scope
arm-6	MusicAppFeedback.ltl	MusicAppFeedback.tlsf	60	UNKNOWN	0.05258017801679671	2	false		status	0	128	207	3dc9fdf38b30dbc8fc85609a32ca7280ae206529	22455c945576d28d86ac98a3b512327740b12f0cc3a3a6006ad1c59dfe9c9584	otf_sparse_formula	2026-09-25T11:32:06.689338Z	--arms unreal:gr1:oxidd	0.020000	45191168		8G	0			true		acacia-syntcomp26-coverage-3638921-f3a379c73da5.scope
arm-6	MusicAppMotivating.ltl	MusicAppMotivating.tlsf	60	UNKNOWN	0.054098645923659205	2	false		status	0	128	208	3dc9fdf38b30dbc8fc85609a32ca7280ae206529	22455c945576d28d86ac98a3b512327740b12f0cc3a3a6006ad1c59dfe9c9584	otf_sparse_formula	2026-09-25T11:32:06.758039Z	--arms unreal:gr1:oxidd	0.030000	46796800		8G	0			true		acacia-syntcomp26-coverage-3638921-7847cf95ff74.scope
arm-6	MusicAppSimple.ltl	MusicAppSimple.tlsf	60	UNKNOWN	0.034252053941600025	2	false		status	0	128	209	3dc9fdf38b30dbc8fc85609a32ca7280ae206529	22455c945576d28d86ac98a3b512327740b12f0cc3a3a6006ad1c59dfe9c9584	otf_sparse_formula	2026-09-25T11:32:06.806267Z	--arms unreal:gr1:oxidd	0.010000	45023232		8G	0			true		acacia-syntcomp26-coverage-3638921-84e1a14f2a0f.scope
arm-6	OneCounter.ltl	OneCounter.tlsf	60	UNKNOWN	2.309663030086085	2	false		status	0	128	210	3dc9fdf38b30dbc8fc85609a32ca7280ae206529	22455c945576d28d86ac98a3b512327740b12f0cc3a3a6006ad1c59dfe9c9584	otf_sparse_formula	2026-09-25T11:32:09.129184Z	--arms unreal:gr1:oxidd	2.280000	82817024		8G	0			true		acacia-syntcomp26-coverage-3638921-48d8b405a70f.scope
arm-6	OneCounterGui.ltl	OneCounterGui.tlsf	60	UNREALIZABLE	0.09341568290255964	1	false		status	13	30	211	3dc9fdf38b30dbc8fc85609a32ca7280ae206529	22455c945576d28d86ac98a3b512327740b12f0cc3a3a6006ad1c59dfe9c9584	otf_sparse_formula	2026-09-25T11:32:09.237308Z	--arms unreal:gr1:oxidd	0.070000	47558656		8G	0			true		acacia-syntcomp26-coverage-3638921-b4c107903938.scope
arm-6	OneCounterGuiA1.ltl	OneCounterGuiA1.tlsf	60	UNREALIZABLE	0.19644823600538075	1	false		status	13	30	212	3dc9fdf38b30dbc8fc85609a32ca7280ae206529	22455c945576d28d86ac98a3b512327740b12f0cc3a3a6006ad1c59dfe9c9584	otf_sparse_formula	2026-09-25T11:32:09.447895Z	--arms unreal:gr1:oxidd	0.170000	50335744		8G	0			true		acacia-syntcomp26-coverage-3638921-10aeb4cff06a.scope
arm-6	OneCounterGuiA2.ltl	OneCounterGuiA2.tlsf	60	UNREALIZABLE	0.42667811003047973	1	false		status	13	30	213	3dc9fdf38b30dbc8fc85609a32ca7280ae206529	22455c945576d28d86ac98a3b512327740b12f0cc3a3a6006ad1c59dfe9c9584	otf_sparse_formula	2026-09-25T11:32:09.889116Z	--arms unreal:gr1:oxidd	0.390000	76374016		8G	0			true		acacia-syntcomp26-coverage-3638921-ba90f95fd46d.scope
arm-6	OneCounterGuiA3.ltl	OneCounterGuiA3.tlsf	60	UNKNOWN	4.84440788498614	2	false		status	0	146	214	3dc9fdf38b30dbc8fc85609a32ca7280ae206529	22455c945576d28d86ac98a3b512327740b12f0cc3a3a6006ad1c59dfe9c9584	otf_sparse_formula	2026-09-25T11:32:14.752792Z	--arms unreal:gr1:oxidd	4.930000	219852800		8G	0			true		acacia-syntcomp26-coverage-3638921-16e24b51b0d2.scope
arm-6	OneCounterGuiA4.ltl	OneCounterGuiA4.tlsf	60	UNKNOWN	4.827638515038416	2	false		status	0	146	215	3dc9fdf38b30dbc8fc85609a32ca7280ae206529	22455c945576d28d86ac98a3b512327740b12f0cc3a3a6006ad1c59dfe9c9584	otf_sparse_formula	2026-09-25T11:32:19.594536Z	--arms unreal:gr1:oxidd	4.920000	216997888		8G	0			true		acacia-syntcomp26-coverage-3638921-ae26fa234e97.scope
arm-6	OneCounterGuiA5.ltl	OneCounterGuiA5.tlsf	60	UNKNOWN	5.76736681710463	2	false		status	0	146	216	3dc9fdf38b30dbc8fc85609a32ca7280ae206529	22455c945576d28d86ac98a3b512327740b12f0cc3a3a6006ad1c59dfe9c9584	otf_sparse_formula	2026-09-25T11:32:25.376701Z	--arms unreal:gr1:oxidd	5.920000	217128960		8G	0			true		acacia-syntcomp26-coverage-3638921-15edde2c9acb.scope
arm-6	OneCounterGuiA6.ltl	OneCounterGuiA6.tlsf	60	UNKNOWN	7.322500557987951	2	false		status	0	146	217	3dc9fdf38b30dbc8fc85609a32ca7280ae206529	22455c945576d28d86ac98a3b512327740b12f0cc3a3a6006ad1c59dfe9c9584	otf_sparse_formula	2026-09-25T11:32:32.719233Z	--arms unreal:gr1:oxidd	7.490000	207986688		8G	0			true		acacia-syntcomp26-coverage-3638921-e52777afb787.scope
arm-6	OneCounterGuiA7.ltl	OneCounterGuiA7.tlsf	60	UNKNOWN	7.671165323001333	2	false		status	0	146	218	3dc9fdf38b30dbc8fc85609a32ca7280ae206529	22455c945576d28d86ac98a3b512327740b12f0cc3a3a6006ad1c59dfe9c9584	otf_sparse_formula	2026-09-25T11:32:40.404358Z	--arms unreal:gr1:oxidd	7.860000	213123072		8G	0			true		acacia-syntcomp26-coverage-3638921-56af91634faf.scope
arm-6	OneCounterGuiA8.ltl	OneCounterGuiA8.tlsf	60	UNKNOWN	6.45261436898727	2	false		status	0	146	219	3dc9fdf38b30dbc8fc85609a32ca7280ae206529	22455c945576d28d86ac98a3b512327740b12f0cc3a3a6006ad1c59dfe9c9584	otf_sparse_formula	2026-09-25T11:32:46.871887Z	--arms unreal:gr1:oxidd	6.500000	231460864		8G	0			true		acacia-syntcomp26-coverage-3638921-75fbaf6dd28e.scope
arm-6	OneCounterInRange.ltl	OneCounterInRange.tlsf	60	UNREALIZABLE	0.03550337499473244	1	false		status	13	30	220	3dc9fdf38b30dbc8fc85609a32ca7280ae206529	22455c945576d28d86ac98a3b512327740b12f0cc3a3a6006ad1c59dfe9c9584	otf_sparse_formula	2026-09-25T11:32:46.921113Z	--arms unreal:gr1:oxidd	0.000000	45498368		8G	0			true		acacia-syntcomp26-coverage-3638921-7ce57fd7760b.scope
arm-6	OneCounterInRangeA1.ltl	OneCounterInRangeA1.tlsf	60	UNREALIZABLE	0.03961836593225598	1	false		status	13	30	221	3dc9fdf38b30dbc8fc85609a32ca7280ae206529	22455c945576d28d86ac98a3b512327740b12f0cc3a3a6006ad1c59dfe9c9584	otf_sparse_formula	2026-09-25T11:32:46.974124Z	--arms unreal:gr1:oxidd	0.010000	46243840		8G	0			true		acacia-syntcomp26-coverage-3638921-eb50166d7979.scope
arm-6	OneCounterInRangeA2.ltl	OneCounterInRangeA2.tlsf	60	UNREALIZABLE	0.04518072004429996	1	false		status	13	30	222	3dc9fdf38b30dbc8fc85609a32ca7280ae206529	22455c945576d28d86ac98a3b512327740b12f0cc3a3a6006ad1c59dfe9c9584	otf_sparse_formula	2026-09-25T11:32:47.038244Z	--arms unreal:gr1:oxidd	0.010000	46661632		8G	0			true		acacia-syntcomp26-coverage-3638921-bdf9d288ddf2.scope
arm-6	OneCounterInRangeA3.ltl	OneCounterInRangeA3.tlsf	60	UNKNOWN	0.039565664948895574	2	false		status	0	128	223	3dc9fdf38b30dbc8fc85609a32ca7280ae206529	22455c945576d28d86ac98a3b512327740b12f0cc3a3a6006ad1c59dfe9c9584	otf_sparse_formula	2026-09-25T11:32:47.091622Z	--arms unreal:gr1:oxidd	0.000000	46604288		8G	0			true		acacia-syntcomp26-coverage-3638921-4ea907996b38.scope
arm-6	PlugController_fa4d4ce3.ltl	PlugController_fa4d4ce3.tlsf	60	UNKNOWN	0.09923140006139874	2	false		status	0	363	224	3dc9fdf38b30dbc8fc85609a32ca7280ae206529	22455c945576d28d86ac98a3b512327740b12f0cc3a3a6006ad1c59dfe9c9584	otf_sparse_formula	2026-09-25T11:32:47.203718Z	--arms unreal:gr1:oxidd	0.060000	31973376		8G	0			true		acacia-syntcomp26-coverage-3638921-632b0633ff70.scope
arm-6	Radarboard.ltl	Radarboard.tlsf	60	UNKNOWN	0.04556199803482741	2	false		status	0	128	225	3dc9fdf38b30dbc8fc85609a32ca7280ae206529	22455c945576d28d86ac98a3b512327740b12f0cc3a3a6006ad1c59dfe9c9584	otf_sparse_formula	2026-09-25T11:32:47.262964Z	--arms unreal:gr1:oxidd	0.020000	45019136		8G	0			true		acacia-syntcomp26-coverage-3638921-fb915725faea.scope
arm-6	RegManager.ltl	RegManager.tlsf	60	UNKNOWN	0.03510331199504435	2	false		status	0	128	226	3dc9fdf38b30dbc8fc85609a32ca7280ae206529	22455c945576d28d86ac98a3b512327740b12f0cc3a3a6006ad1c59dfe9c9584	otf_sparse_formula	2026-09-25T11:32:47.312341Z	--arms unreal:gr1:oxidd	0.000000	44507136		8G	0			true		acacia-syntcomp26-coverage-3638921-76dd225f1b0a.scope
arm-6	Room_a50cadd7.ltl	Room_a50cadd7.tlsf	60	UNREALIZABLE	0.03307453205343336	1	false		status	13	30	227	3dc9fdf38b30dbc8fc85609a32ca7280ae206529	22455c945576d28d86ac98a3b512327740b12f0cc3a3a6006ad1c59dfe9c9584	otf_sparse_formula	2026-09-25T11:32:47.359824Z	--arms unreal:gr1:oxidd	0.010000	44707840		8G	0			true		acacia-syntcomp26-coverage-3638921-62b810754986.scope
arm-6	RotationCalculator.ltl	RotationCalculator.tlsf	60	UNKNOWN	0.03597774391528219	2	false		status	0	128	228	3dc9fdf38b30dbc8fc85609a32ca7280ae206529	22455c945576d28d86ac98a3b512327740b12f0cc3a3a6006ad1c59dfe9c9584	otf_sparse_formula	2026-09-25T11:32:47.408800Z	--arms unreal:gr1:oxidd	0.000000	46632960		8G	0			true		acacia-syntcomp26-coverage-3638921-7c6694c82899.scope
arm-6	SPI.ltl	SPI.tlsf	60	UNKNOWN	0.13979955099057406	2	false		status	0	128	229	3dc9fdf38b30dbc8fc85609a32ca7280ae206529	22455c945576d28d86ac98a3b512327740b12f0cc3a3a6006ad1c59dfe9c9584	otf_sparse_formula	2026-09-25T11:32:47.567881Z	--arms unreal:gr1:oxidd	0.110000	47271936		8G	0			true		acacia-syntcomp26-coverage-3638921-5306bc67be2b.scope
arm-6	SPIPureNext.ltl	SPIPureNext.tlsf	60	UNKNOWN	0.22256865492090583	2	false		none	0	139	230	3dc9fdf38b30dbc8fc85609a32ca7280ae206529	22455c945576d28d86ac98a3b512327740b12f0cc3a3a6006ad1c59dfe9c9584	otf_sparse_formula	2026-09-25T11:32:47.805500Z	--arms unreal:gr1:oxidd	0.190000	32006144		8G	0			true		acacia-syntcomp26-coverage-3638921-caa26ef48b43.scope
arm-6	SPIReadClk.ltl	SPIReadClk.tlsf	60	UNKNOWN	0.027036058949306607	2	false		status	0	128	231	3dc9fdf38b30dbc8fc85609a32ca7280ae206529	22455c945576d28d86ac98a3b512327740b12f0cc3a3a6006ad1c59dfe9c9584	otf_sparse_formula	2026-09-25T11:32:47.845647Z	--arms unreal:gr1:oxidd	0.000000	44888064		8G	0			true		acacia-syntcomp26-coverage-3638921-0a8ff50780e7.scope
arm-6	SPIReadManag.ltl	SPIReadManag.tlsf	60	UNKNOWN	3.030945215956308	2	false		status	0	363	232	3dc9fdf38b30dbc8fc85609a32ca7280ae206529	22455c945576d28d86ac98a3b512327740b12f0cc3a3a6006ad1c59dfe9c9584	otf_sparse_formula	2026-09-25T11:32:50.889467Z	--arms unreal:gr1:oxidd	2.990000	68321280		8G	0			true		acacia-syntcomp26-coverage-3638921-4a62997212c4.scope
arm-6	SPIReadSdi.ltl	SPIReadSdi.tlsf	60	UNKNOWN	0.03408291202504188	2	false		status	0	128	233	3dc9fdf38b30dbc8fc85609a32ca7280ae206529	22455c945576d28d86ac98a3b512327740b12f0cc3a3a6006ad1c59dfe9c9584	otf_sparse_formula	2026-09-25T11:32:50.942580Z	--arms unreal:gr1:oxidd	0.000000	45187072		8G	0			true		acacia-syntcomp26-coverage-3638921-8463768631f4.scope
arm-6	SPIWriteClk.ltl	SPIWriteClk.tlsf	60	UNKNOWN	0.030985589022748172	2	false		status	0	128	234	3dc9fdf38b30dbc8fc85609a32ca7280ae206529	22455c945576d28d86ac98a3b512327740b12f0cc3a3a6006ad1c59dfe9c9584	otf_sparse_formula	2026-09-25T11:32:50.986812Z	--arms unreal:gr1:oxidd	0.000000	45166592		8G	0			true		acacia-syntcomp26-coverage-3638921-1a41e46866a7.scope
arm-6	SPIWriteManag.ltl	SPIWriteManag.tlsf	60	UNKNOWN	0.0738892110530287	2	false		status	0	363	235	3dc9fdf38b30dbc8fc85609a32ca7280ae206529	22455c945576d28d86ac98a3b512327740b12f0cc3a3a6006ad1c59dfe9c9584	otf_sparse_formula	2026-09-25T11:32:51.074559Z	--arms unreal:gr1:oxidd	0.040000	23085056		8G	0			true		acacia-syntcomp26-coverage-3638921-056b24cdcd01.scope
arm-6	SPIWriteSdi.ltl	SPIWriteSdi.tlsf	60	UNKNOWN	0.03215414995793253	2	false		status	0	128	236	3dc9fdf38b30dbc8fc85609a32ca7280ae206529	22455c945576d28d86ac98a3b512327740b12f0cc3a3a6006ad1c59dfe9c9584	otf_sparse_formula	2026-09-25T11:32:51.119682Z	--arms unreal:gr1:oxidd	0.000000	46313472		8G	0			true		acacia-syntcomp26-coverage-3638921-02ae7cd13bd6.scope
arm-6	Scoreboard.ltl	Scoreboard.tlsf	60	UNKNOWN	0.036511495942249894	2	false		status	0	128	237	3dc9fdf38b30dbc8fc85609a32ca7280ae206529	22455c945576d28d86ac98a3b512327740b12f0cc3a3a6006ad1c59dfe9c9584	otf_sparse_formula	2026-09-25T11:32:51.170056Z	--arms unreal:gr1:oxidd	0.000000	44986368		8G	0			true		acacia-syntcomp26-coverage-3638921-5288cd023954.scope
arm-6	Sensor.ltl	Sensor.tlsf	60	UNKNOWN	1.394320874940604	2	false		status	0	364	238	3dc9fdf38b30dbc8fc85609a32ca7280ae206529	22455c945576d28d86ac98a3b512327740b12f0cc3a3a6006ad1c59dfe9c9584	otf_sparse_formula	2026-09-25T11:32:52.577302Z	--arms unreal:gr1:oxidd	1.360000	140337152		8G	0			true		acacia-syntcomp26-coverage-3638921-42ae072a81de.scope
arm-6	SensorInit.ltl	SensorInit.tlsf	60	UNKNOWN	0.08519760798662901	2	false		status	0	128	239	3dc9fdf38b30dbc8fc85609a32ca7280ae206529	22455c945576d28d86ac98a3b512327740b12f0cc3a3a6006ad1c59dfe9c9584	otf_sparse_formula	2026-09-25T11:32:52.675951Z	--arms unreal:gr1:oxidd	0.050000	50413568		8G	0			true		acacia-syntcomp26-coverage-3638921-dc1f41e1def3.scope
arm-6	SensorPart.ltl	SensorPart.tlsf	60	UNKNOWN	0.07876498193945736	2	false		status	0	128	240	3dc9fdf38b30dbc8fc85609a32ca7280ae206529	22455c945576d28d86ac98a3b512327740b12f0cc3a3a6006ad1c59dfe9c9584	otf_sparse_formula	2026-09-25T11:32:52.768094Z	--arms unreal:gr1:oxidd	0.040000	48275456		8G	0			true		acacia-syntcomp26-coverage-3638921-cd2747cb2096.scope
arm-6	SensorRegister.ltl	SensorRegister.tlsf	60	UNKNOWN	0.022595910006202757	2	false		status	0	128	241	3dc9fdf38b30dbc8fc85609a32ca7280ae206529	22455c945576d28d86ac98a3b512327740b12f0cc3a3a6006ad1c59dfe9c9584	otf_sparse_formula	2026-09-25T11:32:52.803782Z	--arms unreal:gr1:oxidd	0.000000	44691456		8G	0			true		acacia-syntcomp26-coverage-3638921-79c59ce89bf9.scope
arm-6	SensorSelector.ltl	SensorSelector.tlsf	60	UNKNOWN	1.4975490630604327	2	false		status	0	128	242	3dc9fdf38b30dbc8fc85609a32ca7280ae206529	22455c945576d28d86ac98a3b512327740b12f0cc3a3a6006ad1c59dfe9c9584	otf_sparse_formula	2026-09-25T11:32:54.315149Z	--arms unreal:gr1:oxidd	1.480000	71606272		8G	0			true		acacia-syntcomp26-coverage-3638921-7547aad777fa.scope
arm-6	SensorSubmodulChooser.ltl	SensorSubmodulChooser.tlsf	60	UNKNOWN	0.24825715902261436	2	false		status	0	128	243	3dc9fdf38b30dbc8fc85609a32ca7280ae206529	22455c945576d28d86ac98a3b512327740b12f0cc3a3a6006ad1c59dfe9c9584	otf_sparse_formula	2026-09-25T11:32:54.578333Z	--arms unreal:gr1:oxidd	0.220000	48144384		8G	0			true		acacia-syntcomp26-coverage-3638921-dfa07a5ff9c7.scope
arm-6	Shades2Min_63831f8c.ltl	Shades2Min_63831f8c.tlsf	60	UNKNOWN	0.04242868896108121	2	false		status	0	128	244	3dc9fdf38b30dbc8fc85609a32ca7280ae206529	22455c945576d28d86ac98a3b512327740b12f0cc3a3a6006ad1c59dfe9c9584	otf_sparse_formula	2026-09-25T11:32:54.635878Z	--arms unreal:gr1:oxidd	0.000000	43790336		8G	0			true		acacia-syntcomp26-coverage-3638921-e2edbe911b88.scope
arm-6	Shades2_235467da.ltl	Shades2_235467da.tlsf	60	UNKNOWN	0.03271791501902044	2	false		status	0	363	245	3dc9fdf38b30dbc8fc85609a32ca7280ae206529	22455c945576d28d86ac98a3b512327740b12f0cc3a3a6006ad1c59dfe9c9584	otf_sparse_formula	2026-09-25T11:32:54.681646Z	--arms unreal:gr1:oxidd	0.000000	21446656		8G	0			true		acacia-syntcomp26-coverage-3638921-805a88c8c1dd.scope
arm-6	Shades2_42dc4fff.ltl	Shades2_42dc4fff.tlsf	60	UNKNOWN	0.035195967997424304	2	false		status	0	158	246	3dc9fdf38b30dbc8fc85609a32ca7280ae206529	22455c945576d28d86ac98a3b512327740b12f0cc3a3a6006ad1c59dfe9c9584	otf_sparse_formula	2026-09-25T11:32:54.728729Z	--arms unreal:gr1:oxidd	0.010000	21417984		8G	0			true		acacia-syntcomp26-coverage-3638921-23c133e514a1.scope
arm-6	Shades2_70523fbe.ltl	Shades2_70523fbe.tlsf	60	UNKNOWN	0.037145356996916234	2	false		status	0	363	247	3dc9fdf38b30dbc8fc85609a32ca7280ae206529	22455c945576d28d86ac98a3b512327740b12f0cc3a3a6006ad1c59dfe9c9584	otf_sparse_formula	2026-09-25T11:32:54.777870Z	--arms unreal:gr1:oxidd	0.000000	21426176		8G	0			true		acacia-syntcomp26-coverage-3638921-1b9b6d47113c.scope
arm-6	Shades2_a5f99bc6.ltl	Shades2_a5f99bc6.tlsf	60	UNKNOWN	0.02694836095906794	2	false		status	0	363	248	3dc9fdf38b30dbc8fc85609a32ca7280ae206529	22455c945576d28d86ac98a3b512327740b12f0cc3a3a6006ad1c59dfe9c9584	otf_sparse_formula	2026-09-25T11:32:54.819280Z	--arms unreal:gr1:oxidd	0.000000	20516864		8G	0			true		acacia-syntcomp26-coverage-3638921-eb6e0aabdcf9.scope
arm-6	ShadesMin_aeb1d897.ltl	ShadesMin_aeb1d897.tlsf	60	UNKNOWN	0.03715533099602908	2	false		status	0	128	249	3dc9fdf38b30dbc8fc85609a32ca7280ae206529	22455c945576d28d86ac98a3b512327740b12f0cc3a3a6006ad1c59dfe9c9584	otf_sparse_formula	2026-09-25T11:32:54.893171Z	--arms unreal:gr1:oxidd	0.000000	43393024		8G	0			true		acacia-syntcomp26-coverage-3638921-628c973e75df.scope
arm-6	Shades_6479ef9a.ltl	Shades_6479ef9a.tlsf	60	UNKNOWN	0.03690639592241496	2	false		status	0	363	250	3dc9fdf38b30dbc8fc85609a32ca7280ae206529	22455c945576d28d86ac98a3b512327740b12f0cc3a3a6006ad1c59dfe9c9584	otf_sparse_formula	2026-09-25T11:32:54.942198Z	--arms unreal:gr1:oxidd	0.000000	21299200		8G	0			true		acacia-syntcomp26-coverage-3638921-3e599bec9848.scope
arm-6	Shades_974f4a68.ltl	Shades_974f4a68.tlsf	60	UNKNOWN	0.3091985499486327	2	false		status	0	363	251	3dc9fdf38b30dbc8fc85609a32ca7280ae206529	22455c945576d28d86ac98a3b512327740b12f0cc3a3a6006ad1c59dfe9c9584	otf_sparse_formula	2026-09-25T11:32:55.264134Z	--arms unreal:gr1:oxidd	0.280000	67039232		8G	0			true		acacia-syntcomp26-coverage-3638921-7dd0bc404ce9.scope
arm-6	Shades_9cac58d3.ltl	Shades_9cac58d3.tlsf	60	UNKNOWN	0.03304485301487148	2	false		status	0	363	252	3dc9fdf38b30dbc8fc85609a32ca7280ae206529	22455c945576d28d86ac98a3b512327740b12f0cc3a3a6006ad1c59dfe9c9584	otf_sparse_formula	2026-09-25T11:32:55.311526Z	--arms unreal:gr1:oxidd	0.000000	21286912		8G	0			true		acacia-syntcomp26-coverage-3638921-85119ef35fb7.scope
arm-6	Shades_a02758ea.ltl	Shades_a02758ea.tlsf	60	UNKNOWN	0.027601465000770986	2	false		status	0	363	253	3dc9fdf38b30dbc8fc85609a32ca7280ae206529	22455c945576d28d86ac98a3b512327740b12f0cc3a3a6006ad1c59dfe9c9584	otf_sparse_formula	2026-09-25T11:32:55.355484Z	--arms unreal:gr1:oxidd	0.000000	20267008		8G	0			true		acacia-syntcomp26-coverage-3638921-0fa6137ef66f.scope
arm-6	SingleContoller_d65ed84e.ltl	SingleContoller_d65ed84e.tlsf	60	TIMEOUT	60.177962968009524	124	true	timeout	status	0	8	254	3dc9fdf38b30dbc8fc85609a32ca7280ae206529	22455c945576d28d86ac98a3b512327740b12f0cc3a3a6006ad1c59dfe9c9584	otf_sparse_formula	2026-09-25T11:33:55.545099Z	--arms unreal:gr1:oxidd				8G	0			true		acacia-syntcomp26-coverage-3638921-3ccfacdaaec0.scope
arm-6	SliderDefault.ltl	SliderDefault.tlsf	60	UNKNOWN	0.05777501792181283	2	false		status	0	128	255	3dc9fdf38b30dbc8fc85609a32ca7280ae206529	22455c945576d28d86ac98a3b512327740b12f0cc3a3a6006ad1c59dfe9c9584	otf_sparse_formula	2026-09-25T11:33:55.616288Z	--arms unreal:gr1:oxidd	0.020000	46170112		8G	0			true		acacia-syntcomp26-coverage-3638921-e3b53d66b7d3.scope
arm-6	SliderDelayed.ltl	SliderDelayed.tlsf	60	UNKNOWN	0.6633768019964918	2	false		status	0	128	256	3dc9fdf38b30dbc8fc85609a32ca7280ae206529	22455c945576d28d86ac98a3b512327740b12f0cc3a3a6006ad1c59dfe9c9584	otf_sparse_formula	2026-09-25T11:33:56.293000Z	--arms unreal:gr1:oxidd	0.630000	65642496		8G	0			true		acacia-syntcomp26-coverage-3638921-84bc4c8cd100.scope
arm-6	SliderScored.ltl	SliderScored.tlsf	60	UNKNOWN	0.12290410802233964	2	false		status	0	128	257	3dc9fdf38b30dbc8fc85609a32ca7280ae206529	22455c945576d28d86ac98a3b512327740b12f0cc3a3a6006ad1c59dfe9c9584	otf_sparse_formula	2026-09-25T11:33:56.435562Z	--arms unreal:gr1:oxidd	0.100000	47996928		8G	0			true		acacia-syntcomp26-coverage-3638921-2998ccfe5fe3.scope
arm-6	System_b0840146.ltl	System_b0840146.tlsf	60	UNKNOWN	0.022221596911549568	2	false		status	0	363	258	3dc9fdf38b30dbc8fc85609a32ca7280ae206529	22455c945576d28d86ac98a3b512327740b12f0cc3a3a6006ad1c59dfe9c9584	otf_sparse_formula	2026-09-25T11:33:56.470928Z	--arms unreal:gr1:oxidd	0.000000	22347776		8G	0			true		acacia-syntcomp26-coverage-3638921-2e8c33c824db.scope
arm-6	Time_a50cadd7.ltl	Time_a50cadd7.tlsf	60	UNREALIZABLE	0.034167942008934915	1	false		status	13	30	259	3dc9fdf38b30dbc8fc85609a32ca7280ae206529	22455c945576d28d86ac98a3b512327740b12f0cc3a3a6006ad1c59dfe9c9584	otf_sparse_formula	2026-09-25T11:33:56.518112Z	--arms unreal:gr1:oxidd	0.000000	42647552		8G	0			true		acacia-syntcomp26-coverage-3638921-bd5b95919353.scope
arm-6	Timer_a50cadd7.ltl	Timer_a50cadd7.tlsf	60	UNKNOWN	0.03082384797744453	2	false		status	0	128	260	3dc9fdf38b30dbc8fc85609a32ca7280ae206529	22455c945576d28d86ac98a3b512327740b12f0cc3a3a6006ad1c59dfe9c9584	otf_sparse_formula	2026-09-25T11:33:56.563163Z	--arms unreal:gr1:oxidd	0.000000	43335680		8G	0			true		acacia-syntcomp26-coverage-3638921-6f2f722e1dd3.scope
arm-6	TorcsAccelerating.ltl	TorcsAccelerating.tlsf	60	UNKNOWN	0.03478897793684155	2	false		status	0	128	261	3dc9fdf38b30dbc8fc85609a32ca7280ae206529	22455c945576d28d86ac98a3b512327740b12f0cc3a3a6006ad1c59dfe9c9584	otf_sparse_formula	2026-09-25T11:33:56.611087Z	--arms unreal:gr1:oxidd	0.000000	44810240		8G	0			true		acacia-syntcomp26-coverage-3638921-d4412ef83bd4.scope
arm-6	TorcsGearing.ltl	TorcsGearing.tlsf	60	UNKNOWN	0.035083830007351935	2	false		status	0	128	262	3dc9fdf38b30dbc8fc85609a32ca7280ae206529	22455c945576d28d86ac98a3b512327740b12f0cc3a3a6006ad1c59dfe9c9584	otf_sparse_formula	2026-09-25T11:33:56.658941Z	--arms unreal:gr1:oxidd	0.000000	44634112		8G	0			true		acacia-syntcomp26-coverage-3638921-93c5d7e0561d.scope
arm-6	TorcsSimple.ltl	TorcsSimple.tlsf	60	UNKNOWN	0.03743490797933191	2	false		status	0	128	263	3dc9fdf38b30dbc8fc85609a32ca7280ae206529	22455c945576d28d86ac98a3b512327740b12f0cc3a3a6006ad1c59dfe9c9584	otf_sparse_formula	2026-09-25T11:33:56.715253Z	--arms unreal:gr1:oxidd	0.010000	46415872		8G	0			true		acacia-syntcomp26-coverage-3638921-1124dc2ef705.scope
arm-6	TorcsSteeringImproved.ltl	TorcsSteeringImproved.tlsf	60	UNKNOWN	0.21951455890666693	2	false		status	0	128	264	3dc9fdf38b30dbc8fc85609a32ca7280ae206529	22455c945576d28d86ac98a3b512327740b12f0cc3a3a6006ad1c59dfe9c9584	otf_sparse_formula	2026-09-25T11:33:56.948928Z	--arms unreal:gr1:oxidd	0.190000	47280128		8G	0			true		acacia-syntcomp26-coverage-3638921-3b81bccdbbcd.scope
arm-6	TorcsSteeringSimple.ltl	TorcsSteeringSimple.tlsf	60	UNKNOWN	0.03924613900016993	2	false		status	0	128	265	3dc9fdf38b30dbc8fc85609a32ca7280ae206529	22455c945576d28d86ac98a3b512327740b12f0cc3a3a6006ad1c59dfe9c9584	otf_sparse_formula	2026-09-25T11:33:57.006331Z	--arms unreal:gr1:oxidd	0.000000	45338624		8G	0			true		acacia-syntcomp26-coverage-3638921-950156852888.scope
arm-6	TorcsSteeringSmart.ltl	TorcsSteeringSmart.tlsf	60	UNKNOWN	0.04372466297354549	2	false		status	0	128	266	3dc9fdf38b30dbc8fc85609a32ca7280ae206529	22455c945576d28d86ac98a3b512327740b12f0cc3a3a6006ad1c59dfe9c9584	otf_sparse_formula	2026-09-25T11:33:57.063371Z	--arms unreal:gr1:oxidd	0.010000	47255552		8G	0			true		acacia-syntcomp26-coverage-3638921-beb087e16b47.scope
arm-6	TwoCounters.ltl	TwoCounters.tlsf	60	UNREALIZABLE	0.05034840293228626	1	false		status	13	30	267	3dc9fdf38b30dbc8fc85609a32ca7280ae206529	22455c945576d28d86ac98a3b512327740b12f0cc3a3a6006ad1c59dfe9c9584	otf_sparse_formula	2026-09-25T11:33:57.128267Z	--arms unreal:gr1:oxidd	0.020000	46927872		8G	0			true		acacia-syntcomp26-coverage-3638921-52546788d217.scope
arm-6	TwoCounters2.ltl	TwoCounters2.tlsf	60	UNREALIZABLE	0.3299829860916361	1	false		status	13	30	268	3dc9fdf38b30dbc8fc85609a32ca7280ae206529	22455c945576d28d86ac98a3b512327740b12f0cc3a3a6006ad1c59dfe9c9584	otf_sparse_formula	2026-09-25T11:33:57.472291Z	--arms unreal:gr1:oxidd	0.300000	48132096		8G	0			true		acacia-syntcomp26-coverage-3638921-8f2218af862e.scope
arm-6	TwoCounters3.ltl	TwoCounters3.tlsf	60	UNKNOWN	3.709925945964642	2	false		status	0	128	269	3dc9fdf38b30dbc8fc85609a32ca7280ae206529	22455c945576d28d86ac98a3b512327740b12f0cc3a3a6006ad1c59dfe9c9584	otf_sparse_formula	2026-09-25T11:34:01.196223Z	--arms unreal:gr1:oxidd	3.680000	82657280		8G	0			true		acacia-syntcomp26-coverage-3638921-47448f62ea86.scope
arm-6	TwoCounters4.ltl	TwoCounters4.tlsf	60	UNKNOWN	1.0739218710223213	2	false		status	0	128	270	3dc9fdf38b30dbc8fc85609a32ca7280ae206529	22455c945576d28d86ac98a3b512327740b12f0cc3a3a6006ad1c59dfe9c9584	otf_sparse_formula	2026-09-25T11:34:02.285081Z	--arms unreal:gr1:oxidd	1.040000	63766528		8G	0			true		acacia-syntcomp26-coverage-3638921-351797a610bf.scope
arm-6	TwoCounters5.ltl	TwoCounters5.tlsf	60	TIMEOUT	60.07803579396568	124	true	timeout	status	0	8	271	3dc9fdf38b30dbc8fc85609a32ca7280ae206529	22455c945576d28d86ac98a3b512327740b12f0cc3a3a6006ad1c59dfe9c9584	otf_sparse_formula	2026-09-25T11:35:02.375317Z	--arms unreal:gr1:oxidd				8G	0			true		acacia-syntcomp26-coverage-3638921-bffb38ce1360.scope
arm-6	TwoCountersDisButA0.ltl	TwoCountersDisButA0.tlsf	60	UNREALIZABLE	2.9098834270844236	1	false		status	13	31	272	3dc9fdf38b30dbc8fc85609a32ca7280ae206529	22455c945576d28d86ac98a3b512327740b12f0cc3a3a6006ad1c59dfe9c9584	otf_sparse_formula	2026-09-25T11:35:05.298840Z	--arms unreal:gr1:oxidd	2.870000	111828992		8G	0			true		acacia-syntcomp26-coverage-3638921-52f3eab04b17.scope
arm-6	TwoCountersDisButA1.ltl	TwoCountersDisButA1.tlsf	60	UNREALIZABLE	7.359532471047714	1	false		status	13	31	273	3dc9fdf38b30dbc8fc85609a32ca7280ae206529	22455c945576d28d86ac98a3b512327740b12f0cc3a3a6006ad1c59dfe9c9584	otf_sparse_formula	2026-09-25T11:35:12.682495Z	--arms unreal:gr1:oxidd	7.320000	206286848		8G	0			true		acacia-syntcomp26-coverage-3638921-4e5a6bb0cf6e.scope
arm-6	TwoCountersDisButA2.ltl	TwoCountersDisButA2.tlsf	60	UNREALIZABLE	23.252730741049163	1	false		status	13	32	274	3dc9fdf38b30dbc8fc85609a32ca7280ae206529	22455c945576d28d86ac98a3b512327740b12f0cc3a3a6006ad1c59dfe9c9584	otf_sparse_formula	2026-09-25T11:35:35.949180Z	--arms unreal:gr1:oxidd	23.250000	430333952		8G	0			true		acacia-syntcomp26-coverage-3638921-a3eb70071e49.scope
arm-6	TwoCountersDisButA3.ltl	TwoCountersDisButA3.tlsf	60	UNREALIZABLE	25.61792858201079	1	false		status	13	32	275	3dc9fdf38b30dbc8fc85609a32ca7280ae206529	22455c945576d28d86ac98a3b512327740b12f0cc3a3a6006ad1c59dfe9c9584	otf_sparse_formula	2026-09-25T11:36:01.586939Z	--arms unreal:gr1:oxidd	25.620000	429678592		8G	0			true		acacia-syntcomp26-coverage-3638921-001b34c7bf73.scope
arm-6	TwoCountersDisButA4.ltl	TwoCountersDisButA4.tlsf	60	TIMEOUT	60.07756172900554	124	true	timeout	status	0	8	276	3dc9fdf38b30dbc8fc85609a32ca7280ae206529	22455c945576d28d86ac98a3b512327740b12f0cc3a3a6006ad1c59dfe9c9584	otf_sparse_formula	2026-09-25T11:37:01.688750Z	--arms unreal:gr1:oxidd				8G	0			true		acacia-syntcomp26-coverage-3638921-26f4f8de4d9c.scope
arm-6	TwoCountersDisButA5.ltl	TwoCountersDisButA5.tlsf	60	TIMEOUT	60.128137264051475	124	true	timeout	status	0	8	277	3dc9fdf38b30dbc8fc85609a32ca7280ae206529	22455c945576d28d86ac98a3b512327740b12f0cc3a3a6006ad1c59dfe9c9584	otf_sparse_formula	2026-09-25T11:38:01.828516Z	--arms unreal:gr1:oxidd				8G	0			true		acacia-syntcomp26-coverage-3638921-99659b15a2a2.scope
arm-6	TwoCountersDisButA6.ltl	TwoCountersDisButA6.tlsf	60	TIMEOUT	60.17914307897445	124	true	timeout	status	0	8	278	3dc9fdf38b30dbc8fc85609a32ca7280ae206529	22455c945576d28d86ac98a3b512327740b12f0cc3a3a6006ad1c59dfe9c9584	otf_sparse_formula	2026-09-25T11:39:02.024474Z	--arms unreal:gr1:oxidd				8G	0			true		acacia-syntcomp26-coverage-3638921-239fe81cbabf.scope
arm-6	TwoCountersDisButA7.ltl	TwoCountersDisButA7.tlsf	60	TIMEOUT	60.18072686996311	124	true	timeout	status	0	8	279	3dc9fdf38b30dbc8fc85609a32ca7280ae206529	22455c945576d28d86ac98a3b512327740b12f0cc3a3a6006ad1c59dfe9c9584	otf_sparse_formula	2026-09-25T11:40:02.220053Z	--arms unreal:gr1:oxidd				8G	0			true		acacia-syntcomp26-coverage-3638921-ce679e28b285.scope
arm-6	TwoCountersDisButA8.ltl	TwoCountersDisButA8.tlsf	60	TIMEOUT	60.17736427800264	124	true	timeout	status	0	8	280	3dc9fdf38b30dbc8fc85609a32ca7280ae206529	22455c945576d28d86ac98a3b512327740b12f0cc3a3a6006ad1c59dfe9c9584	otf_sparse_formula	2026-09-25T11:41:02.410386Z	--arms unreal:gr1:oxidd				8G	0			true		acacia-syntcomp26-coverage-3638921-4cc315d5899a.scope
arm-6	TwoCountersDisButA9.ltl	TwoCountersDisButA9.tlsf	60	TIMEOUT	60.17823990306351	124	true	timeout	status	0	8	281	3dc9fdf38b30dbc8fc85609a32ca7280ae206529	22455c945576d28d86ac98a3b512327740b12f0cc3a3a6006ad1c59dfe9c9584	otf_sparse_formula	2026-09-25T11:42:02.601522Z	--arms unreal:gr1:oxidd				8G	0			true		acacia-syntcomp26-coverage-3638921-0713bdd7942b.scope
arm-6	TwoCountersDisButAC.ltl	TwoCountersDisButAC.tlsf	60	TIMEOUT	60.17868315195665	124	true	timeout	status	0	8	282	3dc9fdf38b30dbc8fc85609a32ca7280ae206529	22455c945576d28d86ac98a3b512327740b12f0cc3a3a6006ad1c59dfe9c9584	otf_sparse_formula	2026-09-25T11:43:02.792751Z	--arms unreal:gr1:oxidd				8G	0			true		acacia-syntcomp26-coverage-3638921-cc1dbf92f27e.scope
arm-6	TwoCountersGui.ltl	TwoCountersGui.tlsf	60	TIMEOUT	60.12518331292085	124	true	timeout	status	0	8	283	3dc9fdf38b30dbc8fc85609a32ca7280ae206529	22455c945576d28d86ac98a3b512327740b12f0cc3a3a6006ad1c59dfe9c9584	otf_sparse_formula	2026-09-25T11:44:02.931782Z	--arms unreal:gr1:oxidd				8G	0			true		acacia-syntcomp26-coverage-3638921-63fea39513a0.scope
arm-6	TwoCountersInRange.ltl	TwoCountersInRange.tlsf	60	UNREALIZABLE	0.12238105805590749	1	false		status	13	30	284	3dc9fdf38b30dbc8fc85609a32ca7280ae206529	22455c945576d28d86ac98a3b512327740b12f0cc3a3a6006ad1c59dfe9c9584	otf_sparse_formula	2026-09-25T11:44:03.073786Z	--arms unreal:gr1:oxidd	0.090000	47841280		8G	0			true		acacia-syntcomp26-coverage-3638921-28bb18c084c6.scope
arm-6	TwoCountersInRangeA1.ltl	TwoCountersInRangeA1.tlsf	60	UNREALIZABLE	0.25923259695991874	1	false		status	13	30	285	3dc9fdf38b30dbc8fc85609a32ca7280ae206529	22455c945576d28d86ac98a3b512327740b12f0cc3a3a6006ad1c59dfe9c9584	otf_sparse_formula	2026-09-25T11:44:03.353109Z	--arms unreal:gr1:oxidd	0.230000	48164864		8G	0			true		acacia-syntcomp26-coverage-3638921-40238781b327.scope
arm-6	TwoCountersInRangeA2.ltl	TwoCountersInRangeA2.tlsf	60	UNREALIZABLE	0.6722970509435982	1	false		status	13	30	286	3dc9fdf38b30dbc8fc85609a32ca7280ae206529	22455c945576d28d86ac98a3b512327740b12f0cc3a3a6006ad1c59dfe9c9584	otf_sparse_formula	2026-09-25T11:44:04.040090Z	--arms unreal:gr1:oxidd	0.640000	60911616		8G	0			true		acacia-syntcomp26-coverage-3638921-2568c128237d.scope
arm-6	TwoCountersInRangeA3.ltl	TwoCountersInRangeA3.tlsf	60	UNREALIZABLE	0.7114734159549698	1	false		status	13	30	287	3dc9fdf38b30dbc8fc85609a32ca7280ae206529	22455c945576d28d86ac98a3b512327740b12f0cc3a3a6006ad1c59dfe9c9584	otf_sparse_formula	2026-09-25T11:44:04.765393Z	--arms unreal:gr1:oxidd	0.690000	61095936		8G	0			true		acacia-syntcomp26-coverage-3638921-7494db8a0718.scope
arm-6	TwoCountersInRangeA4.ltl	TwoCountersInRangeA4.tlsf	60	UNREALIZABLE	0.7673852420412004	1	false		status	13	30	288	3dc9fdf38b30dbc8fc85609a32ca7280ae206529	22455c945576d28d86ac98a3b512327740b12f0cc3a3a6006ad1c59dfe9c9584	otf_sparse_formula	2026-09-25T11:44:05.547845Z	--arms unreal:gr1:oxidd	0.720000	61136896		8G	0			true		acacia-syntcomp26-coverage-3638921-742bf0f77f9a.scope
arm-6	TwoCountersInRangeA5.ltl	TwoCountersInRangeA5.tlsf	60	UNREALIZABLE	0.8702454880112782	1	false		status	13	30	289	3dc9fdf38b30dbc8fc85609a32ca7280ae206529	22455c945576d28d86ac98a3b512327740b12f0cc3a3a6006ad1c59dfe9c9584	otf_sparse_formula	2026-09-25T11:44:06.431964Z	--arms unreal:gr1:oxidd	0.840000	60805120		8G	0			true		acacia-syntcomp26-coverage-3638921-e38c93540fa9.scope
arm-6	TwoCountersInRangeM0.ltl	TwoCountersInRangeM0.tlsf	60	UNREALIZABLE	0.5117176689673215	1	false		status	13	30	290	3dc9fdf38b30dbc8fc85609a32ca7280ae206529	22455c945576d28d86ac98a3b512327740b12f0cc3a3a6006ad1c59dfe9c9584	otf_sparse_formula	2026-09-25T11:44:06.957331Z	--arms unreal:gr1:oxidd	0.490000	49254400		8G	0			true		acacia-syntcomp26-coverage-3638921-164bb655ea2c.scope
arm-6	TwoCountersInRangeM1.ltl	TwoCountersInRangeM1.tlsf	60	UNREALIZABLE	0.5149051479529589	1	false		status	13	30	291	3dc9fdf38b30dbc8fc85609a32ca7280ae206529	22455c945576d28d86ac98a3b512327740b12f0cc3a3a6006ad1c59dfe9c9584	otf_sparse_formula	2026-09-25T11:44:07.486077Z	--arms unreal:gr1:oxidd	0.490000	50688000		8G	0			true		acacia-syntcomp26-coverage-3638921-a0509bd3dc91.scope
arm-6	TwoCountersInRangeM2.ltl	TwoCountersInRangeM2.tlsf	60	UNREALIZABLE	0.9339816930005327	1	false		status	13	30	292	3dc9fdf38b30dbc8fc85609a32ca7280ae206529	22455c945576d28d86ac98a3b512327740b12f0cc3a3a6006ad1c59dfe9c9584	otf_sparse_formula	2026-09-25T11:44:08.435415Z	--arms unreal:gr1:oxidd	0.910000	61042688		8G	0			true		acacia-syntcomp26-coverage-3638921-a7421b40fa6f.scope
arm-6	TwoCountersInRangeM3.ltl	TwoCountersInRangeM3.tlsf	60	UNREALIZABLE	0.9105562919285148	1	false		status	13	30	293	3dc9fdf38b30dbc8fc85609a32ca7280ae206529	22455c945576d28d86ac98a3b512327740b12f0cc3a3a6006ad1c59dfe9c9584	otf_sparse_formula	2026-09-25T11:44:09.359566Z	--arms unreal:gr1:oxidd	0.890000	60891136		8G	0			true		acacia-syntcomp26-coverage-3638921-6af621e62727.scope
arm-6	TwoCountersInRangeM4.ltl	TwoCountersInRangeM4.tlsf	60	UNREALIZABLE	0.9559594470774755	1	false		status	13	30	294	3dc9fdf38b30dbc8fc85609a32ca7280ae206529	22455c945576d28d86ac98a3b512327740b12f0cc3a3a6006ad1c59dfe9c9584	otf_sparse_formula	2026-09-25T11:44:10.335050Z	--arms unreal:gr1:oxidd	0.930000	61067264		8G	0			true		acacia-syntcomp26-coverage-3638921-5745dfb0d791.scope
arm-6	TwoCountersRefined.ltl	TwoCountersRefined.tlsf	60	UNREALIZABLE	0.05965433001983911	1	false		status	13	30	295	3dc9fdf38b30dbc8fc85609a32ca7280ae206529	22455c945576d28d86ac98a3b512327740b12f0cc3a3a6006ad1c59dfe9c9584	otf_sparse_formula	2026-09-25T11:44:10.418559Z	--arms unreal:gr1:oxidd	0.030000	46858240		8G	0			true		acacia-syntcomp26-coverage-3638921-292f70099fbd.scope
arm-6	TwoCountersRefinedRefined.ltl	TwoCountersRefinedRefined.tlsf	60	UNKNOWN	0.07054686697665602	2	false		status	0	128	296	3dc9fdf38b30dbc8fc85609a32ca7280ae206529	22455c945576d28d86ac98a3b512327740b12f0cc3a3a6006ad1c59dfe9c9584	otf_sparse_formula	2026-09-25T11:44:10.504083Z	--arms unreal:gr1:oxidd	0.040000	47058944		8G	0			true		acacia-syntcomp26-coverage-3638921-044317bf2a08.scope
arm-6	UnderapproxDemo2.ltl	UnderapproxDemo2.tlsf	60	UNREALIZABLE	0.03174100595060736	1	false		status	13	30	297	3dc9fdf38b30dbc8fc85609a32ca7280ae206529	22455c945576d28d86ac98a3b512327740b12f0cc3a3a6006ad1c59dfe9c9584	otf_sparse_formula	2026-09-25T11:44:10.550626Z	--arms unreal:gr1:oxidd	0.000000	44457984		8G	0			true		acacia-syntcomp26-coverage-3638921-b9e7393ad9ce.scope
arm-6	UnderapproxStrengthenedDemo.ltl	UnderapproxStrengthenedDemo.tlsf	60	UNKNOWN	0.024481902015395463	2	false		status	0	128	298	3dc9fdf38b30dbc8fc85609a32ca7280ae206529	22455c945576d28d86ac98a3b512327740b12f0cc3a3a6006ad1c59dfe9c9584	otf_sparse_formula	2026-09-25T11:44:10.587954Z	--arms unreal:gr1:oxidd	0.000000	44810240		8G	0			true		acacia-syntcomp26-coverage-3638921-82bc72791a18.scope
arm-6	Warnlight_2d1010f8.ltl	Warnlight_2d1010f8.tlsf	60	UNKNOWN	0.05588615301530808	2	false		status	0	363	299	3dc9fdf38b30dbc8fc85609a32ca7280ae206529	22455c945576d28d86ac98a3b512327740b12f0cc3a3a6006ad1c59dfe9c9584	otf_sparse_formula	2026-09-25T11:44:10.658107Z	--arms unreal:gr1:oxidd	0.020000	26685440		8G	0			true		acacia-syntcomp26-coverage-3638921-91f9e155b35b.scope
arm-6	Warnlight_a50cadd7.ltl	Warnlight_a50cadd7.tlsf	60	UNREALIZABLE	0.032955473056063056	1	false		status	13	30	300	3dc9fdf38b30dbc8fc85609a32ca7280ae206529	22455c945576d28d86ac98a3b512327740b12f0cc3a3a6006ad1c59dfe9c9584	otf_sparse_formula	2026-09-25T11:44:10.715493Z	--arms unreal:gr1:oxidd	0.010000	44568576		8G	0			true		acacia-syntcomp26-coverage-3638921-86a68734755c.scope
arm-6	Window2Min_88c5c1c3.ltl	Window2Min_88c5c1c3.tlsf	60	UNKNOWN	0.04421227099373937	2	false		status	0	128	301	3dc9fdf38b30dbc8fc85609a32ca7280ae206529	22455c945576d28d86ac98a3b512327740b12f0cc3a3a6006ad1c59dfe9c9584	otf_sparse_formula	2026-09-25T11:44:10.778185Z	--arms unreal:gr1:oxidd	0.000000	46227456		8G	0			true		acacia-syntcomp26-coverage-3638921-980e14516888.scope
arm-6	Window2_54e1f7d2.ltl	Window2_54e1f7d2.tlsf	60	UNKNOWN	0.03884258901234716	2	false		status	0	128	302	3dc9fdf38b30dbc8fc85609a32ca7280ae206529	22455c945576d28d86ac98a3b512327740b12f0cc3a3a6006ad1c59dfe9c9584	otf_sparse_formula	2026-09-25T11:44:10.830907Z	--arms unreal:gr1:oxidd	0.000000	45932544		8G	0			true		acacia-syntcomp26-coverage-3638921-b4584d6c812a.scope
arm-6	Window2_6479ef9a.ltl	Window2_6479ef9a.tlsf	60	UNKNOWN	0.5762687620008364	2	false		status	0	363	303	3dc9fdf38b30dbc8fc85609a32ca7280ae206529	22455c945576d28d86ac98a3b512327740b12f0cc3a3a6006ad1c59dfe9c9584	otf_sparse_formula	2026-09-25T11:44:11.420524Z	--arms unreal:gr1:oxidd	0.530000	54755328		8G	0			true		acacia-syntcomp26-coverage-3638921-3e4073ff85ec.scope
arm-6	Window2_9cac58d3.ltl	Window2_9cac58d3.tlsf	60	UNKNOWN	0.03201868594624102	2	false		status	0	128	304	3dc9fdf38b30dbc8fc85609a32ca7280ae206529	22455c945576d28d86ac98a3b512327740b12f0cc3a3a6006ad1c59dfe9c9584	otf_sparse_formula	2026-09-25T11:44:11.466464Z	--arms unreal:gr1:oxidd	0.000000	46592000		8G	0			true		acacia-syntcomp26-coverage-3638921-15fda12c4afe.scope
arm-6	Window2_aeb1d897.ltl	Window2_aeb1d897.tlsf	60	UNKNOWN	0.6564347539097071	2	false		status	0	363	305	3dc9fdf38b30dbc8fc85609a32ca7280ae206529	22455c945576d28d86ac98a3b512327740b12f0cc3a3a6006ad1c59dfe9c9584	otf_sparse_formula	2026-09-25T11:44:12.141931Z	--arms unreal:gr1:oxidd	0.630000	62181376		8G	0			true		acacia-syntcomp26-coverage-3638921-d343edcc7f58.scope
arm-6	Window2_f1477cc5.ltl	Window2_f1477cc5.tlsf	60	UNKNOWN	0.6813105749897659	2	false		status	0	363	306	3dc9fdf38b30dbc8fc85609a32ca7280ae206529	22455c945576d28d86ac98a3b512327740b12f0cc3a3a6006ad1c59dfe9c9584	otf_sparse_formula	2026-09-25T11:44:12.836894Z	--arms unreal:gr1:oxidd	0.650000	54448128		8G	0			true		acacia-syntcomp26-coverage-3638921-5005d92b2e75.scope
arm-6	WindowMin_a5f99bc6.ltl	WindowMin_a5f99bc6.tlsf	60	UNKNOWN	0.02708378992974758	2	false		status	0	297	307	3dc9fdf38b30dbc8fc85609a32ca7280ae206529	22455c945576d28d86ac98a3b512327740b12f0cc3a3a6006ad1c59dfe9c9584	otf_sparse_formula	2026-09-25T11:44:12.878229Z	--arms unreal:gr1:oxidd	0.000000	21692416		8G	0			true		acacia-syntcomp26-coverage-3638921-5a26d5461fbe.scope
arm-6	Window_235467da.ltl	Window_235467da.tlsf	60	UNKNOWN	0.1601743979845196	2	false		status	0	363	308	3dc9fdf38b30dbc8fc85609a32ca7280ae206529	22455c945576d28d86ac98a3b512327740b12f0cc3a3a6006ad1c59dfe9c9584	otf_sparse_formula	2026-09-25T11:44:13.051099Z	--arms unreal:gr1:oxidd	0.120000	35688448		8G	0			true		acacia-syntcomp26-coverage-3638921-6ba9f52fbc57.scope
arm-6	Window_42dc4fff.ltl	Window_42dc4fff.tlsf	60	UNKNOWN	0.14508988510351628	2	false		status	0	363	309	3dc9fdf38b30dbc8fc85609a32ca7280ae206529	22455c945576d28d86ac98a3b512327740b12f0cc3a3a6006ad1c59dfe9c9584	otf_sparse_formula	2026-09-25T11:44:13.209862Z	--arms unreal:gr1:oxidd	0.120000	35643392		8G	0			true		acacia-syntcomp26-coverage-3638921-9c37808e037e.scope
arm-6	Window_54e1f7d2.ltl	Window_54e1f7d2.tlsf	60	UNKNOWN	0.07875878200866282	2	false		status	0	363	310	3dc9fdf38b30dbc8fc85609a32ca7280ae206529	22455c945576d28d86ac98a3b512327740b12f0cc3a3a6006ad1c59dfe9c9584	otf_sparse_formula	2026-09-25T11:44:13.302707Z	--arms unreal:gr1:oxidd	0.040000	28766208		8G	0			true		acacia-syntcomp26-coverage-3638921-119d6441964f.scope
arm-6	Zoo0.ltl	Zoo0.tlsf	60	UNKNOWN	0.04742691700812429	2	false		status	0	128	311	3dc9fdf38b30dbc8fc85609a32ca7280ae206529	22455c945576d28d86ac98a3b512327740b12f0cc3a3a6006ad1c59dfe9c9584	otf_sparse_formula	2026-09-25T11:44:13.363052Z	--arms unreal:gr1:oxidd	0.020000	47067136		8G	0			true		acacia-syntcomp26-coverage-3638921-72646def20f3.scope
arm-6	Zoo10.ltl	Zoo10.tlsf	60	UNKNOWN	0.046355842030607164	2	false		status	0	128	312	3dc9fdf38b30dbc8fc85609a32ca7280ae206529	22455c945576d28d86ac98a3b512327740b12f0cc3a3a6006ad1c59dfe9c9584	otf_sparse_formula	2026-09-25T11:44:13.422068Z	--arms unreal:gr1:oxidd	0.010000	47034368		8G	0			true		acacia-syntcomp26-coverage-3638921-ab92eef55353.scope
arm-6	Zoo5.ltl	Zoo5.tlsf	60	UNKNOWN	0.04610712907742709	2	false		status	0	128	313	3dc9fdf38b30dbc8fc85609a32ca7280ae206529	22455c945576d28d86ac98a3b512327740b12f0cc3a3a6006ad1c59dfe9c9584	otf_sparse_formula	2026-09-25T11:44:13.481259Z	--arms unreal:gr1:oxidd	0.010000	46915584		8G	0			true		acacia-syntcomp26-coverage-3638921-043f3bcb04d4.scope
arm-6	abcg_arbiter_pb_1_pe_.ltl	abcg_arbiter_pb_1_pe_.tlsf	60	UNKNOWN	0.035903463955037296	2	false		none	0	128	314	3dc9fdf38b30dbc8fc85609a32ca7280ae206529	22455c945576d28d86ac98a3b512327740b12f0cc3a3a6006ad1c59dfe9c9584	otf_sparse_formula	2026-09-25T11:44:13.536883Z	--arms unreal:gr1:oxidd	0.000000	44900352		8G	0			true		acacia-syntcomp26-coverage-3638921-877e64844622.scope
arm-6	abcg_arbiter_pb_2_pe_.ltl	abcg_arbiter_pb_2_pe_.tlsf	60	UNKNOWN	0.10805113695096225	2	false		none	0	128	315	3dc9fdf38b30dbc8fc85609a32ca7280ae206529	22455c945576d28d86ac98a3b512327740b12f0cc3a3a6006ad1c59dfe9c9584	otf_sparse_formula	2026-09-25T11:44:13.657877Z	--arms unreal:gr1:oxidd	0.080000	58609664		8G	0			true		acacia-syntcomp26-coverage-3638921-8591bba9370c.scope
arm-6	abcg_arbiter_pb_3_pe_.ltl	abcg_arbiter_pb_3_pe_.tlsf	60	UNKNOWN	2.07143794989679	2	false		none	0	129	316	3dc9fdf38b30dbc8fc85609a32ca7280ae206529	22455c945576d28d86ac98a3b512327740b12f0cc3a3a6006ad1c59dfe9c9584	otf_sparse_formula	2026-09-25T11:44:15.748619Z	--arms unreal:gr1:oxidd	2.110000	187326464		8G	0			true		acacia-syntcomp26-coverage-3638921-6163229441b6.scope
arm-6	abcg_arbiter_pb_4_pe_.ltl	abcg_arbiter_pb_4_pe_.tlsf	60	TIMEOUT	60.09617309598252	124	true	timeout	none	0	8	317	3dc9fdf38b30dbc8fc85609a32ca7280ae206529	22455c945576d28d86ac98a3b512327740b12f0cc3a3a6006ad1c59dfe9c9584	otf_sparse_formula	2026-09-25T11:45:15.858883Z	--arms unreal:gr1:oxidd				8G	0			true		acacia-syntcomp26-coverage-3638921-12e3a2d0de74.scope
arm-6	abcg_arbiter_pb_5_pe_.ltl	abcg_arbiter_pb_5_pe_.tlsf	60	UNKNOWN	3.4732283140765503	2	false		none	0	106	318	3dc9fdf38b30dbc8fc85609a32ca7280ae206529	22455c945576d28d86ac98a3b512327740b12f0cc3a3a6006ad1c59dfe9c9584	otf_sparse_formula	2026-09-25T11:45:19.347833Z	--arms unreal:gr1:oxidd	3.610000	202915840		8G	0			true		acacia-syntcomp26-coverage-3638921-006d792cbc72.scope
arm-6	abcg_arbiter_pb_6_pe_.ltl	abcg_arbiter_pb_6_pe_.tlsf	60	UNKNOWN	2.7051988440798596	2	false		none	0	106	319	3dc9fdf38b30dbc8fc85609a32ca7280ae206529	22455c945576d28d86ac98a3b512327740b12f0cc3a3a6006ad1c59dfe9c9584	otf_sparse_formula	2026-09-25T11:45:22.066639Z	--arms unreal:gr1:oxidd	2.770000	196505600		8G	0			true		acacia-syntcomp26-coverage-3638921-b3251ba23fa7.scope
arm-6	amba_case_study_pb_2_pe_.ltl	amba_case_study_pb_2_pe_.tlsf	60	UNKNOWN	19.680433659930713	2	false		status	0	107	320	3dc9fdf38b30dbc8fc85609a32ca7280ae206529	22455c945576d28d86ac98a3b512327740b12f0cc3a3a6006ad1c59dfe9c9584	otf_sparse_formula	2026-09-25T11:45:41.761136Z	--arms unreal:gr1:oxidd	21.970000	203583488		8G	0			true		acacia-syntcomp26-coverage-3638921-75d74582084a.scope
arm-6	amba_case_study_pb_3_pe_.ltl	amba_case_study_pb_3_pe_.tlsf	60	TIMEOUT	60.080747370026074	124	true	timeout	none	0	8	321	3dc9fdf38b30dbc8fc85609a32ca7280ae206529	22455c945576d28d86ac98a3b512327740b12f0cc3a3a6006ad1c59dfe9c9584	otf_sparse_formula	2026-09-25T11:46:41.855607Z	--arms unreal:gr1:oxidd				8G	0			true		acacia-syntcomp26-coverage-3638921-a6a631835468.scope
arm-6	amba_case_study_pb_4_pe_.ltl	amba_case_study_pb_4_pe_.tlsf	60	TIMEOUT	60.09604098403361	124	true	timeout	none	0	8	322	3dc9fdf38b30dbc8fc85609a32ca7280ae206529	22455c945576d28d86ac98a3b512327740b12f0cc3a3a6006ad1c59dfe9c9584	otf_sparse_formula	2026-09-25T11:47:41.964812Z	--arms unreal:gr1:oxidd				8G	0			true		acacia-syntcomp26-coverage-3638921-c7a6b3ab61b4.scope
arm-6	amba_case_study_unreal_pb_2_pe_.ltl	amba_case_study_unreal_pb_2_pe_.tlsf	60	TIMEOUT	60.10196938901208	124	true	timeout	none	0	8	323	3dc9fdf38b30dbc8fc85609a32ca7280ae206529	22455c945576d28d86ac98a3b512327740b12f0cc3a3a6006ad1c59dfe9c9584	otf_sparse_formula	2026-09-25T11:48:42.106424Z	--arms unreal:gr1:oxidd				8G	0			true		acacia-syntcomp26-coverage-3638921-9ce27dfd74a5.scope
arm-6	amba_case_study_unreal_pb_3_pe_.ltl	amba_case_study_unreal_pb_3_pe_.tlsf	60	TIMEOUT	60.096582351019606	124	true	timeout	none	0	8	324	3dc9fdf38b30dbc8fc85609a32ca7280ae206529	22455c945576d28d86ac98a3b512327740b12f0cc3a3a6006ad1c59dfe9c9584	otf_sparse_formula	2026-09-25T11:49:42.223302Z	--arms unreal:gr1:oxidd				8G	0			true		acacia-syntcomp26-coverage-3638921-2ea6a3b0f3dc.scope
arm-6	amba_case_study_unreal_pb_4_pe_.ltl	amba_case_study_unreal_pb_4_pe_.tlsf	60	TIMEOUT	60.097386532928795	124	true	timeout	none	0	8	325	3dc9fdf38b30dbc8fc85609a32ca7280ae206529	22455c945576d28d86ac98a3b512327740b12f0cc3a3a6006ad1c59dfe9c9584	otf_sparse_formula	2026-09-25T11:50:42.345340Z	--arms unreal:gr1:oxidd				8G	0			true		acacia-syntcomp26-coverage-3638921-cdfb52fd1279.scope
arm-6	amba_case_study_unreal_pb_5_pe_.ltl	amba_case_study_unreal_pb_5_pe_.tlsf	60	UNKNOWN	3.1032653680304065	2	false		none	0	106	326	3dc9fdf38b30dbc8fc85609a32ca7280ae206529	22455c945576d28d86ac98a3b512327740b12f0cc3a3a6006ad1c59dfe9c9584	otf_sparse_formula	2026-09-25T11:50:45.462665Z	--arms unreal:gr1:oxidd	3.160000	205221888		8G	0			true		acacia-syntcomp26-coverage-3638921-a85292a503b6.scope
arm-6	amba_decomposed_arbiter_pb_10_pe_.ltl	amba_decomposed_arbiter_pb_10_pe_.tlsf	60	TIMEOUT	60.131720514036715	124	true	timeout	none	0	8	327	3dc9fdf38b30dbc8fc85609a32ca7280ae206529	22455c945576d28d86ac98a3b512327740b12f0cc3a3a6006ad1c59dfe9c9584	otf_sparse_formula	2026-09-25T11:51:45.624657Z	--arms unreal:gr1:oxidd				8G	0			true		acacia-syntcomp26-coverage-3638921-d3172f221628.scope
arm-6	amba_decomposed_arbiter_pb_11_pe_.ltl	amba_decomposed_arbiter_pb_11_pe_.tlsf	60	TIMEOUT	60.08139956393279	124	true	timeout	none	0	8	328	3dc9fdf38b30dbc8fc85609a32ca7280ae206529	22455c945576d28d86ac98a3b512327740b12f0cc3a3a6006ad1c59dfe9c9584	otf_sparse_formula	2026-09-25T11:52:45.736425Z	--arms unreal:gr1:oxidd				8G	0			true		acacia-syntcomp26-coverage-3638921-b5c0bcc4b855.scope
arm-6	amba_decomposed_arbiter_pb_12_pe_.ltl	amba_decomposed_arbiter_pb_12_pe_.tlsf	60	TIMEOUT	60.13605852192268	124	true	timeout	none	0	8	329	3dc9fdf38b30dbc8fc85609a32ca7280ae206529	22455c945576d28d86ac98a3b512327740b12f0cc3a3a6006ad1c59dfe9c9584	otf_sparse_formula	2026-09-25T11:53:45.903437Z	--arms unreal:gr1:oxidd				8G	0			true		acacia-syntcomp26-coverage-3638921-f8ea1ae4507b.scope
arm-6	amba_decomposed_arbiter_pb_13_pe_.ltl	amba_decomposed_arbiter_pb_13_pe_.tlsf	60	UNKNOWN	1.6610312480479479	2	false		none	0	119	330	3dc9fdf38b30dbc8fc85609a32ca7280ae206529	22455c945576d28d86ac98a3b512327740b12f0cc3a3a6006ad1c59dfe9c9584	otf_sparse_formula	2026-09-25T11:53:47.578691Z	--arms unreal:gr1:oxidd	1.630000	37249024		8G	0			true		acacia-syntcomp26-coverage-3638921-a9768b1cdbdb.scope
arm-6	amba_decomposed_arbiter_pb_2_pe_.ltl	amba_decomposed_arbiter_pb_2_pe_.tlsf	60	UNKNOWN	0.04683888400904834	2	false		status	0	128	331	3dc9fdf38b30dbc8fc85609a32ca7280ae206529	22455c945576d28d86ac98a3b512327740b12f0cc3a3a6006ad1c59dfe9c9584	otf_sparse_formula	2026-09-25T11:53:47.638977Z	--arms unreal:gr1:oxidd	0.020000	47378432		8G	0			true		acacia-syntcomp26-coverage-3638921-f4004c7d4550.scope
arm-6	amba_decomposed_arbiter_pb_3_pe_.ltl	amba_decomposed_arbiter_pb_3_pe_.tlsf	60	UNKNOWN	0.06833816203288734	2	false		status	0	128	332	3dc9fdf38b30dbc8fc85609a32ca7280ae206529	22455c945576d28d86ac98a3b512327740b12f0cc3a3a6006ad1c59dfe9c9584	otf_sparse_formula	2026-09-25T11:53:47.719999Z	--arms unreal:gr1:oxidd	0.050000	48271360		8G	0			true		acacia-syntcomp26-coverage-3638921-794fcfe2c606.scope
arm-6	amba_decomposed_arbiter_pb_4_pe_.ltl	amba_decomposed_arbiter_pb_4_pe_.tlsf	60	UNKNOWN	0.15689960995223373	2	false		status	0	128	333	3dc9fdf38b30dbc8fc85609a32ca7280ae206529	22455c945576d28d86ac98a3b512327740b12f0cc3a3a6006ad1c59dfe9c9584	otf_sparse_formula	2026-09-25T11:53:47.891257Z	--arms unreal:gr1:oxidd	0.120000	58318848		8G	0			true		acacia-syntcomp26-coverage-3638921-9af57131c939.scope
arm-6	amba_decomposed_arbiter_pb_5_pe_.ltl	amba_decomposed_arbiter_pb_5_pe_.tlsf	60	UNKNOWN	0.9273498029215261	2	false		status	0	129	334	3dc9fdf38b30dbc8fc85609a32ca7280ae206529	22455c945576d28d86ac98a3b512327740b12f0cc3a3a6006ad1c59dfe9c9584	otf_sparse_formula	2026-09-25T11:53:48.831822Z	--arms unreal:gr1:oxidd	0.900000	128790528		8G	0			true		acacia-syntcomp26-coverage-3638921-041c650f934d.scope
arm-6	amba_decomposed_arbiter_pb_6_pe_.ltl	amba_decomposed_arbiter_pb_6_pe_.tlsf	60	UNKNOWN	19.43637279199902	2	false		status	0	130	335	3dc9fdf38b30dbc8fc85609a32ca7280ae206529	22455c945576d28d86ac98a3b512327740b12f0cc3a3a6006ad1c59dfe9c9584	otf_sparse_formula	2026-09-25T11:54:08.281226Z	--arms unreal:gr1:oxidd	19.930000	207036416		8G	0			true		acacia-syntcomp26-coverage-3638921-80624741e86f.scope
arm-6	amba_decomposed_arbiter_pb_7_pe_.ltl	amba_decomposed_arbiter_pb_7_pe_.tlsf	60	UNKNOWN	26.542528918012977	2	false		status	0	107	336	3dc9fdf38b30dbc8fc85609a32ca7280ae206529	22455c945576d28d86ac98a3b512327740b12f0cc3a3a6006ad1c59dfe9c9584	otf_sparse_formula	2026-09-25T11:54:34.838706Z	--arms unreal:gr1:oxidd	26.610000	191815680		8G	0			true		acacia-syntcomp26-coverage-3638921-576bd3b3309b.scope
arm-6	amba_decomposed_arbiter_pb_8_pe_.ltl	amba_decomposed_arbiter_pb_8_pe_.tlsf	60	UNKNOWN	10.612493145046756	2	false		status	0	107	337	3dc9fdf38b30dbc8fc85609a32ca7280ae206529	22455c945576d28d86ac98a3b512327740b12f0cc3a3a6006ad1c59dfe9c9584	otf_sparse_formula	2026-09-25T11:54:45.464615Z	--arms unreal:gr1:oxidd	11.030000	206974976		8G	0			true		acacia-syntcomp26-coverage-3638921-ae4c67e3e6a4.scope
arm-6	amba_decomposed_arbiter_pb_9_pe_.ltl	amba_decomposed_arbiter_pb_9_pe_.tlsf	60	TIMEOUT	60.09804087004159	124	true	timeout	status	0	8	338	3dc9fdf38b30dbc8fc85609a32ca7280ae206529	22455c945576d28d86ac98a3b512327740b12f0cc3a3a6006ad1c59dfe9c9584	otf_sparse_formula	2026-09-25T11:55:45.588591Z	--arms unreal:gr1:oxidd				8G	0			true		acacia-syntcomp26-coverage-3638921-1b69ed646207.scope
arm-6	amba_decomposed_decode.ltl	amba_decomposed_decode.tlsf	60	UNKNOWN	0.056336936075240374	2	false		status	0	128	339	3dc9fdf38b30dbc8fc85609a32ca7280ae206529	22455c945576d28d86ac98a3b512327740b12f0cc3a3a6006ad1c59dfe9c9584	otf_sparse_formula	2026-09-25T11:55:45.683408Z	--arms unreal:gr1:oxidd	0.020000	44793856		8G	0			true		acacia-syntcomp26-coverage-3638921-02a8252e6e21.scope
arm-6	amba_decomposed_encode_pb_10_pe_.ltl	amba_decomposed_encode_pb_10_pe_.tlsf	60	UNKNOWN	0.2797797719249502	2	false		status	0	128	340	3dc9fdf38b30dbc8fc85609a32ca7280ae206529	22455c945576d28d86ac98a3b512327740b12f0cc3a3a6006ad1c59dfe9c9584	otf_sparse_formula	2026-09-25T11:55:45.976662Z	--arms unreal:gr1:oxidd	0.250000	76152832		8G	0			true		acacia-syntcomp26-coverage-3638921-e68c316c9565.scope
arm-6	amba_decomposed_encode_pb_11_pe_.ltl	amba_decomposed_encode_pb_11_pe_.tlsf	60	UNKNOWN	0.48938865901436657	2	false		status	0	129	341	3dc9fdf38b30dbc8fc85609a32ca7280ae206529	22455c945576d28d86ac98a3b512327740b12f0cc3a3a6006ad1c59dfe9c9584	otf_sparse_formula	2026-09-25T11:55:46.481345Z	--arms unreal:gr1:oxidd	0.470000	113680384		8G	0			true		acacia-syntcomp26-coverage-3638921-03438a6846e4.scope
arm-6	amba_decomposed_encode_pb_12_pe_.ltl	amba_decomposed_encode_pb_12_pe_.tlsf	60	UNKNOWN	0.9958150829188526	2	false		status	0	129	342	3dc9fdf38b30dbc8fc85609a32ca7280ae206529	22455c945576d28d86ac98a3b512327740b12f0cc3a3a6006ad1c59dfe9c9584	otf_sparse_formula	2026-09-25T11:55:47.490921Z	--arms unreal:gr1:oxidd	0.960000	189939712		8G	0			true		acacia-syntcomp26-coverage-3638921-af0a3d3156d8.scope
arm-6	amba_decomposed_encode_pb_13_pe_.ltl	amba_decomposed_encode_pb_13_pe_.tlsf	60	UNKNOWN	2.349832077976316	2	false		status	0	129	343	3dc9fdf38b30dbc8fc85609a32ca7280ae206529	22455c945576d28d86ac98a3b512327740b12f0cc3a3a6006ad1c59dfe9c9584	otf_sparse_formula	2026-09-25T11:55:49.856057Z	--arms unreal:gr1:oxidd	2.330000	280547328		8G	0			true		acacia-syntcomp26-coverage-3638921-487329952a4f.scope
arm-6	amba_decomposed_encode_pb_14_pe_.ltl	amba_decomposed_encode_pb_14_pe_.tlsf	60	UNKNOWN	5.882026380975731	2	false		status	0	125	344	3dc9fdf38b30dbc8fc85609a32ca7280ae206529	22455c945576d28d86ac98a3b512327740b12f0cc3a3a6006ad1c59dfe9c9584	otf_sparse_formula	2026-09-25T11:55:55.753543Z	--arms unreal:gr1:oxidd	5.910000	396996608		8G	0			true		acacia-syntcomp26-coverage-3638921-66fa05391f28.scope
arm-6	amba_decomposed_encode_pb_15_pe_.ltl	amba_decomposed_encode_pb_15_pe_.tlsf	60	UNKNOWN	4.754177446942776	2	false		status	0	106	345	3dc9fdf38b30dbc8fc85609a32ca7280ae206529	22455c945576d28d86ac98a3b512327740b12f0cc3a3a6006ad1c59dfe9c9584	otf_sparse_formula	2026-09-25T11:56:00.528842Z	--arms unreal:gr1:oxidd	4.850000	223666176		8G	0			true		acacia-syntcomp26-coverage-3638921-fb060b555c67.scope
arm-6	amba_decomposed_encode_pb_16_pe_.ltl	amba_decomposed_encode_pb_16_pe_.tlsf	60	UNKNOWN	9.211666135932319	2	false		status	0	106	346	3dc9fdf38b30dbc8fc85609a32ca7280ae206529	22455c945576d28d86ac98a3b512327740b12f0cc3a3a6006ad1c59dfe9c9584	otf_sparse_formula	2026-09-25T11:56:09.756423Z	--arms unreal:gr1:oxidd	9.310000	227979264		8G	0			true		acacia-syntcomp26-coverage-3638921-2d8a5a154719.scope
arm-6	amba_decomposed_encode_pb_20_pe_.ltl	amba_decomposed_encode_pb_20_pe_.tlsf	60	UNKNOWN	3.5563082590233535	2	false		status	0	106	347	3dc9fdf38b30dbc8fc85609a32ca7280ae206529	22455c945576d28d86ac98a3b512327740b12f0cc3a3a6006ad1c59dfe9c9584	otf_sparse_formula	2026-09-25T11:56:13.326587Z	--arms unreal:gr1:oxidd	3.520000	238084096		8G	0			true		acacia-syntcomp26-coverage-3638921-4a319a73e072.scope
arm-6	amba_decomposed_encode_pb_25_pe_.ltl	amba_decomposed_encode_pb_25_pe_.tlsf	60	TIMEOUT	60.128415782004595	124	true	timeout	none	0	8	348	3dc9fdf38b30dbc8fc85609a32ca7280ae206529	22455c945576d28d86ac98a3b512327740b12f0cc3a3a6006ad1c59dfe9c9584	otf_sparse_formula	2026-09-25T11:57:13.466923Z	--arms unreal:gr1:oxidd				8G	0			true		acacia-syntcomp26-coverage-3638921-42ab6c5753a4.scope
arm-6	amba_decomposed_encode_pb_2_pe_.ltl	amba_decomposed_encode_pb_2_pe_.tlsf	60	UNKNOWN	0.033364300965331495	2	false		status	0	128	349	3dc9fdf38b30dbc8fc85609a32ca7280ae206529	22455c945576d28d86ac98a3b512327740b12f0cc3a3a6006ad1c59dfe9c9584	otf_sparse_formula	2026-09-25T11:57:13.526236Z	--arms unreal:gr1:oxidd	0.000000	45019136		8G	0			true		acacia-syntcomp26-coverage-3638921-ba2924326ef5.scope
arm-6	amba_decomposed_encode_pb_3_pe_.ltl	amba_decomposed_encode_pb_3_pe_.tlsf	60	UNKNOWN	0.05403361690696329	2	false		status	0	128	350	3dc9fdf38b30dbc8fc85609a32ca7280ae206529	22455c945576d28d86ac98a3b512327740b12f0cc3a3a6006ad1c59dfe9c9584	otf_sparse_formula	2026-09-25T11:57:13.594306Z	--arms unreal:gr1:oxidd	0.020000	45326336		8G	0			true		acacia-syntcomp26-coverage-3638921-16664c068d36.scope
arm-6	amba_decomposed_encode_pb_4_pe_.ltl	amba_decomposed_encode_pb_4_pe_.tlsf	60	UNKNOWN	0.043788082082755864	2	false		status	0	128	351	3dc9fdf38b30dbc8fc85609a32ca7280ae206529	22455c945576d28d86ac98a3b512327740b12f0cc3a3a6006ad1c59dfe9c9584	otf_sparse_formula	2026-09-25T11:57:13.652161Z	--arms unreal:gr1:oxidd	0.010000	45711360		8G	0			true		acacia-syntcomp26-coverage-3638921-85825fb405e0.scope
arm-6	amba_decomposed_encode_pb_5_pe_.ltl	amba_decomposed_encode_pb_5_pe_.tlsf	60	UNKNOWN	0.05217963794711977	2	false		status	0	128	352	3dc9fdf38b30dbc8fc85609a32ca7280ae206529	22455c945576d28d86ac98a3b512327740b12f0cc3a3a6006ad1c59dfe9c9584	otf_sparse_formula	2026-09-25T11:57:13.717957Z	--arms unreal:gr1:oxidd	0.020000	46219264		8G	0			true		acacia-syntcomp26-coverage-3638921-b3f6b29b0fd9.scope
arm-6	amba_decomposed_encode_pb_6_pe_.ltl	amba_decomposed_encode_pb_6_pe_.tlsf	60	UNKNOWN	0.05828172294422984	2	false		status	0	128	353	3dc9fdf38b30dbc8fc85609a32ca7280ae206529	22455c945576d28d86ac98a3b512327740b12f0cc3a3a6006ad1c59dfe9c9584	otf_sparse_formula	2026-09-25T11:57:13.789540Z	--arms unreal:gr1:oxidd	0.030000	46252032		8G	0			true		acacia-syntcomp26-coverage-3638921-6b35c166cd7a.scope
arm-6	amba_decomposed_encode_pb_7_pe_.ltl	amba_decomposed_encode_pb_7_pe_.tlsf	60	UNKNOWN	0.06522906199097633	2	false		status	0	128	354	3dc9fdf38b30dbc8fc85609a32ca7280ae206529	22455c945576d28d86ac98a3b512327740b12f0cc3a3a6006ad1c59dfe9c9584	otf_sparse_formula	2026-09-25T11:57:13.867557Z	--arms unreal:gr1:oxidd	0.040000	47034368		8G	0			true		acacia-syntcomp26-coverage-3638921-88b4b623ab35.scope
arm-6	amba_decomposed_encode_pb_8_pe_.ltl	amba_decomposed_encode_pb_8_pe_.tlsf	60	UNKNOWN	0.09024145395960659	2	false		status	0	128	355	3dc9fdf38b30dbc8fc85609a32ca7280ae206529	22455c945576d28d86ac98a3b512327740b12f0cc3a3a6006ad1c59dfe9c9584	otf_sparse_formula	2026-09-25T11:57:13.970672Z	--arms unreal:gr1:oxidd	0.060000	50434048		8G	0			true		acacia-syntcomp26-coverage-3638921-ddb0be0b95b6.scope
arm-6	amba_decomposed_encode_pb_9_pe_.ltl	amba_decomposed_encode_pb_9_pe_.tlsf	60	UNKNOWN	0.1372535639675334	2	false		status	0	128	356	3dc9fdf38b30dbc8fc85609a32ca7280ae206529	22455c945576d28d86ac98a3b512327740b12f0cc3a3a6006ad1c59dfe9c9584	otf_sparse_formula	2026-09-25T11:57:14.122066Z	--arms unreal:gr1:oxidd	0.120000	61304832		8G	0			true		acacia-syntcomp26-coverage-3638921-d02aedafc8ea.scope
arm-6	amba_decomposed_lock_pb_10_pe_.ltl	amba_decomposed_lock_pb_10_pe_.tlsf	60	UNKNOWN	0.2664725260110572	2	false		status	0	129	357	3dc9fdf38b30dbc8fc85609a32ca7280ae206529	22455c945576d28d86ac98a3b512327740b12f0cc3a3a6006ad1c59dfe9c9584	otf_sparse_formula	2026-09-25T11:57:14.402092Z	--arms unreal:gr1:oxidd	0.240000	108748800		8G	0			true		acacia-syntcomp26-coverage-3638921-fa9580f5d61c.scope
arm-6	amba_decomposed_lock_pb_11_pe_.ltl	amba_decomposed_lock_pb_11_pe_.tlsf	60	UNKNOWN	3.9096210210118443	2	false		status	0	129	358	3dc9fdf38b30dbc8fc85609a32ca7280ae206529	22455c945576d28d86ac98a3b512327740b12f0cc3a3a6006ad1c59dfe9c9584	otf_sparse_formula	2026-09-25T11:57:18.325754Z	--arms unreal:gr1:oxidd	3.930000	202309632		8G	0			true		acacia-syntcomp26-coverage-3638921-be830aecf4a6.scope
arm-6	amba_decomposed_lock_pb_12_pe_.ltl	amba_decomposed_lock_pb_12_pe_.tlsf	60	UNKNOWN	46.38063815108035	2	false		status	0	130	359	3dc9fdf38b30dbc8fc85609a32ca7280ae206529	22455c945576d28d86ac98a3b512327740b12f0cc3a3a6006ad1c59dfe9c9584	otf_sparse_formula	2026-09-25T11:58:04.720212Z	--arms unreal:gr1:oxidd	46.990000	205062144		8G	0			true		acacia-syntcomp26-coverage-3638921-9d2676e66e1f.scope
arm-6	amba_decomposed_lock_pb_13_pe_.ltl	amba_decomposed_lock_pb_13_pe_.tlsf	60	UNKNOWN	1.842382280039601	2	false		status	0	106	360	3dc9fdf38b30dbc8fc85609a32ca7280ae206529	22455c945576d28d86ac98a3b512327740b12f0cc3a3a6006ad1c59dfe9c9584	otf_sparse_formula	2026-09-25T11:58:06.575631Z	--arms unreal:gr1:oxidd	1.840000	195026944		8G	0			true		acacia-syntcomp26-coverage-3638921-098cfa3b764a.scope
arm-6	amba_decomposed_lock_pb_14_pe_.ltl	amba_decomposed_lock_pb_14_pe_.tlsf	60	UNKNOWN	1.9036908040288836	2	false		status	0	106	361	3dc9fdf38b30dbc8fc85609a32ca7280ae206529	22455c945576d28d86ac98a3b512327740b12f0cc3a3a6006ad1c59dfe9c9584	otf_sparse_formula	2026-09-25T11:58:08.492152Z	--arms unreal:gr1:oxidd	1.900000	195203072		8G	0			true		acacia-syntcomp26-coverage-3638921-54e770c3731d.scope
arm-6	amba_decomposed_lock_pb_15_pe_.ltl	amba_decomposed_lock_pb_15_pe_.tlsf	60	UNKNOWN	1.8779882569797337	2	false		status	0	106	362	3dc9fdf38b30dbc8fc85609a32ca7280ae206529	22455c945576d28d86ac98a3b512327740b12f0cc3a3a6006ad1c59dfe9c9584	otf_sparse_formula	2026-09-25T11:58:10.383672Z	--arms unreal:gr1:oxidd	1.880000	195125248		8G	0			true		acacia-syntcomp26-coverage-3638921-f085cdbfc194.scope
arm-6	amba_decomposed_lock_pb_16_pe_.ltl	amba_decomposed_lock_pb_16_pe_.tlsf	60	UNKNOWN	1.9177820680197328	2	false		status	0	106	363	3dc9fdf38b30dbc8fc85609a32ca7280ae206529	22455c945576d28d86ac98a3b512327740b12f0cc3a3a6006ad1c59dfe9c9584	otf_sparse_formula	2026-09-25T11:58:12.314665Z	--arms unreal:gr1:oxidd	1.910000	195473408		8G	0			true		acacia-syntcomp26-coverage-3638921-d344abde327a.scope
arm-6	amba_decomposed_lock_pb_2_pe_.ltl	amba_decomposed_lock_pb_2_pe_.tlsf	60	UNKNOWN	0.03430724807549268	2	false		status	0	128	364	3dc9fdf38b30dbc8fc85609a32ca7280ae206529	22455c945576d28d86ac98a3b512327740b12f0cc3a3a6006ad1c59dfe9c9584	otf_sparse_formula	2026-09-25T11:58:12.370801Z	--arms unreal:gr1:oxidd	0.020000	45015040		8G	0			true		acacia-syntcomp26-coverage-3638921-988c5f9b4ebc.scope
arm-6	amba_decomposed_lock_pb_30_pe_.ltl	amba_decomposed_lock_pb_30_pe_.tlsf	60	TIMEOUT	60.12884141202085	124	true	timeout	status	0	8	365	3dc9fdf38b30dbc8fc85609a32ca7280ae206529	22455c945576d28d86ac98a3b512327740b12f0cc3a3a6006ad1c59dfe9c9584	otf_sparse_formula	2026-09-25T11:59:12.512299Z	--arms unreal:gr1:oxidd				8G	0			true		acacia-syntcomp26-coverage-3638921-7f520ec8735c.scope
arm-6	amba_decomposed_lock_pb_3_pe_.ltl	amba_decomposed_lock_pb_3_pe_.tlsf	60	UNKNOWN	0.04779752891045064	2	false		status	0	128	366	3dc9fdf38b30dbc8fc85609a32ca7280ae206529	22455c945576d28d86ac98a3b512327740b12f0cc3a3a6006ad1c59dfe9c9584	otf_sparse_formula	2026-09-25T11:59:12.584801Z	--arms unreal:gr1:oxidd	0.020000	45117440		8G	0			true		acacia-syntcomp26-coverage-3638921-c4bacdc9eca6.scope
arm-6	amba_decomposed_lock_pb_4_pe_.ltl	amba_decomposed_lock_pb_4_pe_.tlsf	60	UNKNOWN	0.04180774895939976	2	false		status	0	128	367	3dc9fdf38b30dbc8fc85609a32ca7280ae206529	22455c945576d28d86ac98a3b512327740b12f0cc3a3a6006ad1c59dfe9c9584	otf_sparse_formula	2026-09-25T11:59:12.639765Z	--arms unreal:gr1:oxidd	0.020000	45203456		8G	0			true		acacia-syntcomp26-coverage-3638921-45aa881d1a3b.scope
arm-6	amba_decomposed_lock_pb_5_pe_.ltl	amba_decomposed_lock_pb_5_pe_.tlsf	60	UNKNOWN	0.04405599308665842	2	false		status	0	128	368	3dc9fdf38b30dbc8fc85609a32ca7280ae206529	22455c945576d28d86ac98a3b512327740b12f0cc3a3a6006ad1c59dfe9c9584	otf_sparse_formula	2026-09-25T11:59:12.696877Z	--arms unreal:gr1:oxidd	0.020000	45424640		8G	0			true		acacia-syntcomp26-coverage-3638921-b641c839758a.scope
arm-6	amba_decomposed_lock_pb_6_pe_.ltl	amba_decomposed_lock_pb_6_pe_.tlsf	60	UNKNOWN	0.04866786301136017	2	false		status	0	128	369	3dc9fdf38b30dbc8fc85609a32ca7280ae206529	22455c945576d28d86ac98a3b512327740b12f0cc3a3a6006ad1c59dfe9c9584	otf_sparse_formula	2026-09-25T11:59:12.760848Z	--arms unreal:gr1:oxidd	0.010000	45756416		8G	0			true		acacia-syntcomp26-coverage-3638921-c74ef8ebdb88.scope
arm-6	amba_decomposed_lock_pb_7_pe_.ltl	amba_decomposed_lock_pb_7_pe_.tlsf	60	UNKNOWN	0.0526607179781422	2	false		status	0	128	370	3dc9fdf38b30dbc8fc85609a32ca7280ae206529	22455c945576d28d86ac98a3b512327740b12f0cc3a3a6006ad1c59dfe9c9584	otf_sparse_formula	2026-09-25T11:59:12.827083Z	--arms unreal:gr1:oxidd	0.020000	45572096		8G	0			true		acacia-syntcomp26-coverage-3638921-60889cb9e516.scope
arm-6	amba_decomposed_lock_pb_8_pe_.ltl	amba_decomposed_lock_pb_8_pe_.tlsf	60	UNKNOWN	0.06776008801534772	2	false		status	0	128	371	3dc9fdf38b30dbc8fc85609a32ca7280ae206529	22455c945576d28d86ac98a3b512327740b12f0cc3a3a6006ad1c59dfe9c9584	otf_sparse_formula	2026-09-25T11:59:12.907726Z	--arms unreal:gr1:oxidd	0.050000	48930816		8G	0			true		acacia-syntcomp26-coverage-3638921-6960a60a0447.scope
arm-6	amba_decomposed_lock_pb_9_pe_.ltl	amba_decomposed_lock_pb_9_pe_.tlsf	60	UNKNOWN	0.10587341210339218	2	false		status	0	128	372	3dc9fdf38b30dbc8fc85609a32ca7280ae206529	22455c945576d28d86ac98a3b512327740b12f0cc3a3a6006ad1c59dfe9c9584	otf_sparse_formula	2026-09-25T11:59:13.027567Z	--arms unreal:gr1:oxidd	0.080000	63045632		8G	0			true		acacia-syntcomp26-coverage-3638921-3a01373ded04.scope
arm-6	amba_decomposed_shift.ltl	amba_decomposed_shift.tlsf	60	UNKNOWN	0.03262913692742586	2	false		status	0	128	373	3dc9fdf38b30dbc8fc85609a32ca7280ae206529	22455c945576d28d86ac98a3b512327740b12f0cc3a3a6006ad1c59dfe9c9584	otf_sparse_formula	2026-09-25T11:59:13.083372Z	--arms unreal:gr1:oxidd	0.010000	44507136		8G	0			true		acacia-syntcomp26-coverage-3638921-ad21a2721843.scope
arm-6	amba_decomposed_tburst4.ltl	amba_decomposed_tburst4.tlsf	60	UNKNOWN	0.0652048799674958	2	false		status	0	158	374	3dc9fdf38b30dbc8fc85609a32ca7280ae206529	22455c945576d28d86ac98a3b512327740b12f0cc3a3a6006ad1c59dfe9c9584	otf_sparse_formula	2026-09-25T11:59:13.161319Z	--arms unreal:gr1:oxidd	0.030000	25497600		8G	0			true		acacia-syntcomp26-coverage-3638921-ef108e70e601.scope
arm-6	amba_decomposed_tincr.ltl	amba_decomposed_tincr.tlsf	60	UNKNOWN	0.04488623095676303	2	false		status	0	128	375	3dc9fdf38b30dbc8fc85609a32ca7280ae206529	22455c945576d28d86ac98a3b512327740b12f0cc3a3a6006ad1c59dfe9c9584	otf_sparse_formula	2026-09-25T11:59:13.220471Z	--arms unreal:gr1:oxidd	0.020000	45043712		8G	0			true		acacia-syntcomp26-coverage-3638921-20920deb6365.scope
arm-6	amba_decomposed_tsingle.ltl	amba_decomposed_tsingle.tlsf	60	UNKNOWN	0.050817326991818845	2	false		status	0	128	376	3dc9fdf38b30dbc8fc85609a32ca7280ae206529	22455c945576d28d86ac98a3b512327740b12f0cc3a3a6006ad1c59dfe9c9584	otf_sparse_formula	2026-09-25T11:59:13.285540Z	--arms unreal:gr1:oxidd	0.020000	45633536		8G	0			true		acacia-syntcomp26-coverage-3638921-128e73c454d5.scope
arm-6	amba_gr+_pb_2_pe_.ltl	amba_gr+_pb_2_pe_.tlsf	60	UNKNOWN	0.026600319077260792	2	false		none	0	146	377	3dc9fdf38b30dbc8fc85609a32ca7280ae206529	22455c945576d28d86ac98a3b512327740b12f0cc3a3a6006ad1c59dfe9c9584	otf_sparse_formula	2026-09-25T11:59:13.351073Z	--arms unreal:gr1:oxidd	0.000000	6946816		8G	0			true		acacia-syntcomp26-coverage-3638921-e69dc258e8be.scope
arm-6	amba_gr+_pb_3_pe_.ltl	amba_gr+_pb_3_pe_.tlsf	60	UNKNOWN	0.03427581302821636	2	false		none	0	146	378	3dc9fdf38b30dbc8fc85609a32ca7280ae206529	22455c945576d28d86ac98a3b512327740b12f0cc3a3a6006ad1c59dfe9c9584	otf_sparse_formula	2026-09-25T11:59:13.424960Z	--arms unreal:gr1:oxidd	0.000000	7028736		8G	0			true		acacia-syntcomp26-coverage-3638921-b225b5c7e86b.scope
arm-6	amba_gr_pb_2_pe_.ltl	amba_gr_pb_2_pe_.tlsf	60	UNKNOWN	0.03572679101489484	2	false		none	0	146	379	3dc9fdf38b30dbc8fc85609a32ca7280ae206529	22455c945576d28d86ac98a3b512327740b12f0cc3a3a6006ad1c59dfe9c9584	otf_sparse_formula	2026-09-25T11:59:13.501278Z	--arms unreal:gr1:oxidd	0.000000	6995968		8G	0			true		acacia-syntcomp26-coverage-3638921-1e68131aa7d0.scope
arm-6	amba_gr_pb_3_pe_.ltl	amba_gr_pb_3_pe_.tlsf	60	UNKNOWN	0.03634598501957953	2	false		none	0	146	380	3dc9fdf38b30dbc8fc85609a32ca7280ae206529	22455c945576d28d86ac98a3b512327740b12f0cc3a3a6006ad1c59dfe9c9584	otf_sparse_formula	2026-09-25T11:59:13.577593Z	--arms unreal:gr1:oxidd	0.000000	7028736		8G	0			true		acacia-syntcomp26-coverage-3638921-4a20eb00f4f8.scope
arm-6	amba_gr_pb_4_pe_.ltl	amba_gr_pb_4_pe_.tlsf	60	UNKNOWN	0.03659712499938905	2	false		none	0	146	381	3dc9fdf38b30dbc8fc85609a32ca7280ae206529	22455c945576d28d86ac98a3b512327740b12f0cc3a3a6006ad1c59dfe9c9584	otf_sparse_formula	2026-09-25T11:59:13.654259Z	--arms unreal:gr1:oxidd	0.000000	6934528		8G	0			true		acacia-syntcomp26-coverage-3638921-b01c000218c6.scope
arm-6	arbiter-paper-unreal-unreal.ltl	arbiter-paper-unreal-unreal.tlsf	60	UNKNOWN	0.04638600395992398	2	false		none	0	214	382	3dc9fdf38b30dbc8fc85609a32ca7280ae206529	22455c945576d28d86ac98a3b512327740b12f0cc3a3a6006ad1c59dfe9c9584	otf_sparse_formula	2026-09-25T11:59:13.741092Z	--arms unreal:gr1:oxidd	0.000000	21364736		8G	0			true		acacia-syntcomp26-coverage-3638921-c3d44f1c914a.scope
arm-6	arbiter-with-failure-real.ltl	arbiter-with-failure-real.tlsf	60	UNKNOWN	0.04394191107712686	2	false		none	0	214	383	3dc9fdf38b30dbc8fc85609a32ca7280ae206529	22455c945576d28d86ac98a3b512327740b12f0cc3a3a6006ad1c59dfe9c9584	otf_sparse_formula	2026-09-25T11:59:13.822903Z	--arms unreal:gr1:oxidd	0.010000	21032960		8G	0			true		acacia-syntcomp26-coverage-3638921-9457866ed18a.scope
arm-6	arbiter_on_inpchange_pb_1_pe_.ltl	arbiter_on_inpchange_pb_1_pe_.tlsf	60	UNKNOWN	0.042046695947647095	2	false		none	0	128	384	3dc9fdf38b30dbc8fc85609a32ca7280ae206529	22455c945576d28d86ac98a3b512327740b12f0cc3a3a6006ad1c59dfe9c9584	otf_sparse_formula	2026-09-25T11:59:13.888945Z	--arms unreal:gr1:oxidd	0.020000	45355008		8G	0			true		acacia-syntcomp26-coverage-3638921-b26dbbf13d69.scope
arm-6	arbiter_on_inpchange_pb_2_pe_.ltl	arbiter_on_inpchange_pb_2_pe_.tlsf	60	UNKNOWN	0.07643492403440177	2	false		none	0	128	385	3dc9fdf38b30dbc8fc85609a32ca7280ae206529	22455c945576d28d86ac98a3b512327740b12f0cc3a3a6006ad1c59dfe9c9584	otf_sparse_formula	2026-09-25T11:59:13.979756Z	--arms unreal:gr1:oxidd	0.040000	45584384		8G	0			true		acacia-syntcomp26-coverage-3638921-041839210ab2.scope
arm-6	arbiter_on_inpchange_pb_3_pe_.ltl	arbiter_on_inpchange_pb_3_pe_.tlsf	60	UNKNOWN	0.1241049540694803	2	false		none	0	128	386	3dc9fdf38b30dbc8fc85609a32ca7280ae206529	22455c945576d28d86ac98a3b512327740b12f0cc3a3a6006ad1c59dfe9c9584	otf_sparse_formula	2026-09-25T11:59:14.118694Z	--arms unreal:gr1:oxidd	0.090000	58613760		8G	0			true		acacia-syntcomp26-coverage-3638921-277f76cd19a1.scope
arm-6	arbiter_on_inpchange_pb_4_pe_.ltl	arbiter_on_inpchange_pb_4_pe_.tlsf	60	UNKNOWN	0.34890922205522656	2	false		none	0	128	387	3dc9fdf38b30dbc8fc85609a32ca7280ae206529	22455c945576d28d86ac98a3b512327740b12f0cc3a3a6006ad1c59dfe9c9584	otf_sparse_formula	2026-09-25T11:59:14.482597Z	--arms unreal:gr1:oxidd	0.310000	101593088		8G	0			true		acacia-syntcomp26-coverage-3638921-c907c24bcad9.scope
arm-6	arbiter_on_inpchange_pb_5_pe_.ltl	arbiter_on_inpchange_pb_5_pe_.tlsf	60	UNKNOWN	1.4522057590074837	2	false		none	0	129	388	3dc9fdf38b30dbc8fc85609a32ca7280ae206529	22455c945576d28d86ac98a3b512327740b12f0cc3a3a6006ad1c59dfe9c9584	otf_sparse_formula	2026-09-25T11:59:15.948841Z	--arms unreal:gr1:oxidd	1.540000	185421824		8G	0			true		acacia-syntcomp26-coverage-3638921-ce0a0c4e31f3.scope
arm-6	arbiter_on_inpchange_pb_6_pe_.ltl	arbiter_on_inpchange_pb_6_pe_.tlsf	60	UNKNOWN	11.638996039982885	2	false		none	0	130	389	3dc9fdf38b30dbc8fc85609a32ca7280ae206529	22455c945576d28d86ac98a3b512327740b12f0cc3a3a6006ad1c59dfe9c9584	otf_sparse_formula	2026-09-25T11:59:27.601292Z	--arms unreal:gr1:oxidd	12.600000	289263616		8G	0			true		acacia-syntcomp26-coverage-3638921-f63bd2181f48.scope
arm-6	arbiter_on_inpchange_pb_7_pe_.ltl	arbiter_on_inpchange_pb_7_pe_.tlsf	60	TIMEOUT	60.1009715719847	124	true	timeout	none	0	8	390	3dc9fdf38b30dbc8fc85609a32ca7280ae206529	22455c945576d28d86ac98a3b512327740b12f0cc3a3a6006ad1c59dfe9c9584	otf_sparse_formula	2026-09-25T12:00:27.731632Z	--arms unreal:gr1:oxidd				8G	0			true		acacia-syntcomp26-coverage-3638921-b3af090eda77.scope
arm-6	arbiter_pb_10_pe_.ltl	arbiter_pb_10_pe_.tlsf	60	TIMEOUT	60.096767036942765	124	true	timeout	none	0	8	391	3dc9fdf38b30dbc8fc85609a32ca7280ae206529	22455c945576d28d86ac98a3b512327740b12f0cc3a3a6006ad1c59dfe9c9584	otf_sparse_formula	2026-09-25T12:01:27.841659Z	--arms unreal:gr1:oxidd				8G	0			true		acacia-syntcomp26-coverage-3638921-47c633c4ff2d.scope
arm-6	arbiter_pb_1_pe_.ltl	arbiter_pb_1_pe_.tlsf	60	UNKNOWN	0.03781215997878462	2	false		none	0	128	392	3dc9fdf38b30dbc8fc85609a32ca7280ae206529	22455c945576d28d86ac98a3b512327740b12f0cc3a3a6006ad1c59dfe9c9584	otf_sparse_formula	2026-09-25T12:01:27.893460Z	--arms unreal:gr1:oxidd	0.000000	45006848		8G	0			true		acacia-syntcomp26-coverage-3638921-2394c4dcfa8d.scope
arm-6	arbiter_pb_2_pe_.ltl	arbiter_pb_2_pe_.tlsf	60	UNKNOWN	0.034755875007249415	2	false		none	0	128	393	3dc9fdf38b30dbc8fc85609a32ca7280ae206529	22455c945576d28d86ac98a3b512327740b12f0cc3a3a6006ad1c59dfe9c9584	otf_sparse_formula	2026-09-25T12:01:27.941154Z	--arms unreal:gr1:oxidd	0.010000	45223936		8G	0			true		acacia-syntcomp26-coverage-3638921-344378e174dd.scope
arm-6	arbiter_pb_3_pe_.ltl	arbiter_pb_3_pe_.tlsf	60	UNKNOWN	0.04380981903523207	2	false		none	0	128	394	3dc9fdf38b30dbc8fc85609a32ca7280ae206529	22455c945576d28d86ac98a3b512327740b12f0cc3a3a6006ad1c59dfe9c9584	otf_sparse_formula	2026-09-25T12:01:27.999710Z	--arms unreal:gr1:oxidd	0.010000	45195264		8G	0			true		acacia-syntcomp26-coverage-3638921-ce89a7d08127.scope
arm-6	arbiter_pb_4_pe_.ltl	arbiter_pb_4_pe_.tlsf	60	UNKNOWN	0.07321860105730593	2	false		none	0	128	395	3dc9fdf38b30dbc8fc85609a32ca7280ae206529	22455c945576d28d86ac98a3b512327740b12f0cc3a3a6006ad1c59dfe9c9584	otf_sparse_formula	2026-09-25T12:01:28.086015Z	--arms unreal:gr1:oxidd	0.040000	47788032		8G	0			true		acacia-syntcomp26-coverage-3638921-f60233f8c6ce.scope
arm-6	arbiter_pb_5_pe_.ltl	arbiter_pb_5_pe_.tlsf	60	UNKNOWN	0.14984056795947254	2	false		none	0	128	396	3dc9fdf38b30dbc8fc85609a32ca7280ae206529	22455c945576d28d86ac98a3b512327740b12f0cc3a3a6006ad1c59dfe9c9584	otf_sparse_formula	2026-09-25T12:01:28.248539Z	--arms unreal:gr1:oxidd	0.120000	59330560		8G	0			true		acacia-syntcomp26-coverage-3638921-a6ec825b1aa9.scope
arm-6	arbiter_pb_6_pe_.ltl	arbiter_pb_6_pe_.tlsf	60	UNKNOWN	0.43857782904524356	2	false		none	0	128	397	3dc9fdf38b30dbc8fc85609a32ca7280ae206529	22455c945576d28d86ac98a3b512327740b12f0cc3a3a6006ad1c59dfe9c9584	otf_sparse_formula	2026-09-25T12:01:28.702207Z	--arms unreal:gr1:oxidd	0.410000	90271744		8G	0			true		acacia-syntcomp26-coverage-3638921-3deb018f9ae0.scope
arm-6	arbiter_pb_7_pe_.ltl	arbiter_pb_7_pe_.tlsf	60	UNKNOWN	2.12214418197982	2	false		none	0	129	398	3dc9fdf38b30dbc8fc85609a32ca7280ae206529	22455c945576d28d86ac98a3b512327740b12f0cc3a3a6006ad1c59dfe9c9584	otf_sparse_formula	2026-09-25T12:01:30.838072Z	--arms unreal:gr1:oxidd	2.080000	178724864		8G	0			true		acacia-syntcomp26-coverage-3638921-5a46d4f3a4b9.scope
arm-6	arbiter_pb_8_pe_.ltl	arbiter_pb_8_pe_.tlsf	60	UNKNOWN	17.24777251400519	2	false		none	0	130	399	3dc9fdf38b30dbc8fc85609a32ca7280ae206529	22455c945576d28d86ac98a3b512327740b12f0cc3a3a6006ad1c59dfe9c9584	otf_sparse_formula	2026-09-25T12:01:48.100226Z	--arms unreal:gr1:oxidd	17.490000	228282368		8G	0			true		acacia-syntcomp26-coverage-3638921-3e711156f02d.scope
arm-6	arbiter_pb_9_pe_.ltl	arbiter_pb_9_pe_.tlsf	60	TIMEOUT	60.096120533999056	124	true	timeout	none	0	8	400	3dc9fdf38b30dbc8fc85609a32ca7280ae206529	22455c945576d28d86ac98a3b512327740b12f0cc3a3a6006ad1c59dfe9c9584	otf_sparse_formula	2026-09-25T12:02:48.209329Z	--arms unreal:gr1:oxidd				8G	0			true		acacia-syntcomp26-coverage-3638921-66f8c1b34049.scope
arm-6	arbiter_with_buffer_pb_10_pe_.ltl	arbiter_with_buffer_pb_10_pe_.tlsf	60	UNKNOWN	0.2916671090060845	2	false		none	0	128	401	3dc9fdf38b30dbc8fc85609a32ca7280ae206529	22455c945576d28d86ac98a3b512327740b12f0cc3a3a6006ad1c59dfe9c9584	otf_sparse_formula	2026-09-25T12:02:48.517247Z	--arms unreal:gr1:oxidd	0.260000	93667328		8G	0			true		acacia-syntcomp26-coverage-3638921-474181c7983e.scope
arm-6	arbiter_with_buffer_pb_1_pe_.ltl	arbiter_with_buffer_pb_1_pe_.tlsf	60	UNKNOWN	0.02492416405584663	2	false		none	0	128	402	3dc9fdf38b30dbc8fc85609a32ca7280ae206529	22455c945576d28d86ac98a3b512327740b12f0cc3a3a6006ad1c59dfe9c9584	otf_sparse_formula	2026-09-25T12:02:48.555981Z	--arms unreal:gr1:oxidd	0.000000	42860544		8G	0			true		acacia-syntcomp26-coverage-3638921-6951315e3e5e.scope
arm-6	arbiter_with_buffer_pb_2_pe_.ltl	arbiter_with_buffer_pb_2_pe_.tlsf	60	UNKNOWN	0.03940943197812885	2	false		none	0	128	403	3dc9fdf38b30dbc8fc85609a32ca7280ae206529	22455c945576d28d86ac98a3b512327740b12f0cc3a3a6006ad1c59dfe9c9584	otf_sparse_formula	2026-09-25T12:02:48.609591Z	--arms unreal:gr1:oxidd	0.000000	43077632		8G	0			true		acacia-syntcomp26-coverage-3638921-e64e55d800e0.scope
arm-6	arbiter_with_buffer_pb_3_pe_.ltl	arbiter_with_buffer_pb_3_pe_.tlsf	60	UNKNOWN	0.034137246082536876	2	false		none	0	128	404	3dc9fdf38b30dbc8fc85609a32ca7280ae206529	22455c945576d28d86ac98a3b512327740b12f0cc3a3a6006ad1c59dfe9c9584	otf_sparse_formula	2026-09-25T12:02:48.657418Z	--arms unreal:gr1:oxidd	0.000000	43343872		8G	0			true		acacia-syntcomp26-coverage-3638921-2b57510214a7.scope
arm-6	arbiter_with_buffer_pb_4_pe_.ltl	arbiter_with_buffer_pb_4_pe_.tlsf	60	UNKNOWN	0.03477336699143052	2	false		none	0	128	405	3dc9fdf38b30dbc8fc85609a32ca7280ae206529	22455c945576d28d86ac98a3b512327740b12f0cc3a3a6006ad1c59dfe9c9584	otf_sparse_formula	2026-09-25T12:02:48.705525Z	--arms unreal:gr1:oxidd	0.000000	43565056		8G	0			true		acacia-syntcomp26-coverage-3638921-3c3d3d66bc73.scope
arm-6	arbiter_with_buffer_pb_5_pe_.ltl	arbiter_with_buffer_pb_5_pe_.tlsf	60	UNKNOWN	0.03266796295065433	2	false		none	0	128	406	3dc9fdf38b30dbc8fc85609a32ca7280ae206529	22455c945576d28d86ac98a3b512327740b12f0cc3a3a6006ad1c59dfe9c9584	otf_sparse_formula	2026-09-25T12:02:48.752175Z	--arms unreal:gr1:oxidd	0.010000	43880448		8G	0			true		acacia-syntcomp26-coverage-3638921-d17fa09b3eaf.scope
arm-6	arbiter_with_buffer_pb_6_pe_.ltl	arbiter_with_buffer_pb_6_pe_.tlsf	60	UNKNOWN	0.04434133996255696	2	false		none	0	128	407	3dc9fdf38b30dbc8fc85609a32ca7280ae206529	22455c945576d28d86ac98a3b512327740b12f0cc3a3a6006ad1c59dfe9c9584	otf_sparse_formula	2026-09-25T12:02:48.809523Z	--arms unreal:gr1:oxidd	0.010000	44294144		8G	0			true		acacia-syntcomp26-coverage-3638921-092725876b99.scope
arm-6	arbiter_with_buffer_pb_7_pe_.ltl	arbiter_with_buffer_pb_7_pe_.tlsf	60	UNKNOWN	0.06027717294637114	2	false		none	0	128	408	3dc9fdf38b30dbc8fc85609a32ca7280ae206529	22455c945576d28d86ac98a3b512327740b12f0cc3a3a6006ad1c59dfe9c9584	otf_sparse_formula	2026-09-25T12:02:48.884944Z	--arms unreal:gr1:oxidd	0.020000	47136768		8G	0			true		acacia-syntcomp26-coverage-3638921-0b576ab24110.scope
arm-6	arbiter_with_buffer_pb_8_pe_.ltl	arbiter_with_buffer_pb_8_pe_.tlsf	60	UNKNOWN	0.07966510602273047	2	false		none	0	128	409	3dc9fdf38b30dbc8fc85609a32ca7280ae206529	22455c945576d28d86ac98a3b512327740b12f0cc3a3a6006ad1c59dfe9c9584	otf_sparse_formula	2026-09-25T12:02:48.978643Z	--arms unreal:gr1:oxidd	0.040000	52084736		8G	0			true		acacia-syntcomp26-coverage-3638921-fabb0ed95a73.scope
arm-6	arbiter_with_buffer_pb_9_pe_.ltl	arbiter_with_buffer_pb_9_pe_.tlsf	60	UNKNOWN	0.14056302898097783	2	false		none	0	128	410	3dc9fdf38b30dbc8fc85609a32ca7280ae206529	22455c945576d28d86ac98a3b512327740b12f0cc3a3a6006ad1c59dfe9c9584	otf_sparse_formula	2026-09-25T12:02:49.132805Z	--arms unreal:gr1:oxidd	0.110000	63582208		8G	0			true		acacia-syntcomp26-coverage-3638921-eff92e61315e.scope
arm-6	arbiter_with_cancel_pb_10_pe_.ltl	arbiter_with_cancel_pb_10_pe_.tlsf	60	TIMEOUT	60.09645621199161	124	true	timeout	none	0	8	411	3dc9fdf38b30dbc8fc85609a32ca7280ae206529	22455c945576d28d86ac98a3b512327740b12f0cc3a3a6006ad1c59dfe9c9584	otf_sparse_formula	2026-09-25T12:03:49.241110Z	--arms unreal:gr1:oxidd				8G	0			true		acacia-syntcomp26-coverage-3638921-3d59da3e3701.scope
arm-6	arbiter_with_cancel_pb_1_pe_.ltl	arbiter_with_cancel_pb_1_pe_.tlsf	60	UNKNOWN	0.030391437001526356	2	false		none	0	128	412	3dc9fdf38b30dbc8fc85609a32ca7280ae206529	22455c945576d28d86ac98a3b512327740b12f0cc3a3a6006ad1c59dfe9c9584	otf_sparse_formula	2026-09-25T12:03:49.285014Z	--arms unreal:gr1:oxidd	0.000000	45453312		8G	0			true		acacia-syntcomp26-coverage-3638921-6ff34acfcafd.scope
arm-6	arbiter_with_cancel_pb_2_pe_.ltl	arbiter_with_cancel_pb_2_pe_.tlsf	60	UNKNOWN	0.04106883693020791	2	false		none	0	128	413	3dc9fdf38b30dbc8fc85609a32ca7280ae206529	22455c945576d28d86ac98a3b512327740b12f0cc3a3a6006ad1c59dfe9c9584	otf_sparse_formula	2026-09-25T12:03:49.338922Z	--arms unreal:gr1:oxidd	0.010000	45477888		8G	0			true		acacia-syntcomp26-coverage-3638921-9e490d57ada8.scope
arm-6	arbiter_with_cancel_pb_3_pe_.ltl	arbiter_with_cancel_pb_3_pe_.tlsf	60	UNKNOWN	0.06349685904569924	2	false		none	0	128	414	3dc9fdf38b30dbc8fc85609a32ca7280ae206529	22455c945576d28d86ac98a3b512327740b12f0cc3a3a6006ad1c59dfe9c9584	otf_sparse_formula	2026-09-25T12:03:49.416401Z	--arms unreal:gr1:oxidd	0.040000	47874048		8G	0			true		acacia-syntcomp26-coverage-3638921-077d9947a1cc.scope
arm-6	arbiter_with_cancel_pb_4_pe_.ltl	arbiter_with_cancel_pb_4_pe_.tlsf	60	UNKNOWN	0.20266577997244895	2	false		none	0	128	415	3dc9fdf38b30dbc8fc85609a32ca7280ae206529	22455c945576d28d86ac98a3b512327740b12f0cc3a3a6006ad1c59dfe9c9584	otf_sparse_formula	2026-09-25T12:03:49.631722Z	--arms unreal:gr1:oxidd	0.180000	66101248		8G	0			true		acacia-syntcomp26-coverage-3638921-96cc028e8ebb.scope
arm-6	arbiter_with_cancel_pb_5_pe_.ltl	arbiter_with_cancel_pb_5_pe_.tlsf	60	UNKNOWN	1.970814966945909	2	false		none	0	129	416	3dc9fdf38b30dbc8fc85609a32ca7280ae206529	22455c945576d28d86ac98a3b512327740b12f0cc3a3a6006ad1c59dfe9c9584	otf_sparse_formula	2026-09-25T12:03:51.616531Z	--arms unreal:gr1:oxidd	1.940000	181637120		8G	0			true		acacia-syntcomp26-coverage-3638921-952d7ef8a475.scope
arm-6	arbiter_with_cancel_pb_6_pe_.ltl	arbiter_with_cancel_pb_6_pe_.tlsf	60	TIMEOUT	60.08014276099857	124	true	timeout	none	0	8	417	3dc9fdf38b30dbc8fc85609a32ca7280ae206529	22455c945576d28d86ac98a3b512327740b12f0cc3a3a6006ad1c59dfe9c9584	otf_sparse_formula	2026-09-25T12:04:51.710357Z	--arms unreal:gr1:oxidd				8G	0			true		acacia-syntcomp26-coverage-3638921-3e36d97b584f.scope
arm-6	arbiter_with_cancel_pb_7_pe_.ltl	arbiter_with_cancel_pb_7_pe_.tlsf	60	TIMEOUT	60.079951333929785	124	true	timeout	none	0	8	418	3dc9fdf38b30dbc8fc85609a32ca7280ae206529	22455c945576d28d86ac98a3b512327740b12f0cc3a3a6006ad1c59dfe9c9584	otf_sparse_formula	2026-09-25T12:05:51.804129Z	--arms unreal:gr1:oxidd				8G	0			true		acacia-syntcomp26-coverage-3638921-4f375059136c.scope
arm-6	arbiter_with_cancel_pb_8_pe_.ltl	arbiter_with_cancel_pb_8_pe_.tlsf	60	UNKNOWN	34.00504048599396	2	false		none	0	107	419	3dc9fdf38b30dbc8fc85609a32ca7280ae206529	22455c945576d28d86ac98a3b512327740b12f0cc3a3a6006ad1c59dfe9c9584	otf_sparse_formula	2026-09-25T12:06:25.823869Z	--arms unreal:gr1:oxidd	37.700000	201871360		8G	0			true		acacia-syntcomp26-coverage-3638921-42826d33c5c3.scope
arm-6	arbiter_with_cancel_pb_9_pe_.ltl	arbiter_with_cancel_pb_9_pe_.tlsf	60	TIMEOUT	60.09673857409507	124	true	timeout	none	0	8	420	3dc9fdf38b30dbc8fc85609a32ca7280ae206529	22455c945576d28d86ac98a3b512327740b12f0cc3a3a6006ad1c59dfe9c9584	otf_sparse_formula	2026-09-25T12:07:25.934029Z	--arms unreal:gr1:oxidd				8G	0			true		acacia-syntcomp26-coverage-3638921-7ebeffeb1a23.scope
arm-6	batch-arbiter-real.ltl	batch-arbiter-real.tlsf	60	UNKNOWN	0.030763969058170915	2	false		none	0	214	421	3dc9fdf38b30dbc8fc85609a32ca7280ae206529	22455c945576d28d86ac98a3b512327740b12f0cc3a3a6006ad1c59dfe9c9584	otf_sparse_formula	2026-09-25T12:07:25.977094Z	--arms unreal:gr1:oxidd	0.000000	21303296		8G	0			true		acacia-syntcomp26-coverage-3638921-1b2390033f1c.scope
arm-6	box-limited-real.ltl	box-limited-real.tlsf	60	UNKNOWN	0.038442775956355035	2	false		none	0	214	422	3dc9fdf38b30dbc8fc85609a32ca7280ae206529	22455c945576d28d86ac98a3b512327740b12f0cc3a3a6006ad1c59dfe9c9584	otf_sparse_formula	2026-09-25T12:07:26.028891Z	--arms unreal:gr1:oxidd	0.000000	21520384		8G	0			true		acacia-syntcomp26-coverage-3638921-e7401aca3dad.scope
arm-6	box-real.ltl	box-real.tlsf	60	UNKNOWN	0.022945595090277493	2	false		none	0	235	423	3dc9fdf38b30dbc8fc85609a32ca7280ae206529	22455c945576d28d86ac98a3b512327740b12f0cc3a3a6006ad1c59dfe9c9584	otf_sparse_formula	2026-09-25T12:07:26.065423Z	--arms unreal:gr1:oxidd	0.000000	22388736		8G	0			true		acacia-syntcomp26-coverage-3638921-52a7ab35a8ba.scope
arm-6	box0.ltl	box0.tlsf	60	UNKNOWN	0.026309001026675105	2	false		none	0	214	424	3dc9fdf38b30dbc8fc85609a32ca7280ae206529	22455c945576d28d86ac98a3b512327740b12f0cc3a3a6006ad1c59dfe9c9584	otf_sparse_formula	2026-09-25T12:07:26.104666Z	--arms unreal:gr1:oxidd	0.000000	21897216		8G	0			true		acacia-syntcomp26-coverage-3638921-8e430fb5b073.scope
arm-6	box1.ltl	box1.tlsf	60	UNKNOWN	0.02504821598995477	2	false		none	0	213	425	3dc9fdf38b30dbc8fc85609a32ca7280ae206529	22455c945576d28d86ac98a3b512327740b12f0cc3a3a6006ad1c59dfe9c9584	otf_sparse_formula	2026-09-25T12:07:26.149775Z	--arms unreal:gr1:oxidd	0.000000	21925888		8G	0			true		acacia-syntcomp26-coverage-3638921-178a1eb85ac2.scope
arm-6	buffer-storage-real.ltl	buffer-storage-real.tlsf	60	UNKNOWN	0.03321566304657608	2	false		none	0	236	426	3dc9fdf38b30dbc8fc85609a32ca7280ae206529	22455c945576d28d86ac98a3b512327740b12f0cc3a3a6006ad1c59dfe9c9584	otf_sparse_formula	2026-09-25T12:07:26.197775Z	--arms unreal:gr1:oxidd	0.000000	21970944		8G	0			true		acacia-syntcomp26-coverage-3638921-2a68bd8f2145.scope
arm-6	chain-4-real.ltl	chain-4-real.tlsf	60	UNKNOWN	0.02987857407424599	2	false		none	0	216	427	3dc9fdf38b30dbc8fc85609a32ca7280ae206529	22455c945576d28d86ac98a3b512327740b12f0cc3a3a6006ad1c59dfe9c9584	otf_sparse_formula	2026-09-25T12:07:26.245134Z	--arms unreal:gr1:oxidd	0.000000	22614016		8G	0			true		acacia-syntcomp26-coverage-3638921-58bd51b120ff.scope
arm-6	chain-5-real.ltl	chain-5-real.tlsf	60	UNKNOWN	0.03777557797729969	2	false		none	0	217	428	3dc9fdf38b30dbc8fc85609a32ca7280ae206529	22455c945576d28d86ac98a3b512327740b12f0cc3a3a6006ad1c59dfe9c9584	otf_sparse_formula	2026-09-25T12:07:26.297816Z	--arms unreal:gr1:oxidd	0.000000	23293952		8G	0			true		acacia-syntcomp26-coverage-3638921-19acf11e2008.scope
arm-6	chain-60.ltl	chain-60.tlsf	60	UNKNOWN	0.035199517966248095	2	false		none	0	217	429	3dc9fdf38b30dbc8fc85609a32ca7280ae206529	22455c945576d28d86ac98a3b512327740b12f0cc3a3a6006ad1c59dfe9c9584	otf_sparse_formula	2026-09-25T12:07:26.345290Z	--arms unreal:gr1:oxidd	0.000000	24195072		8G	0			true		acacia-syntcomp26-coverage-3638921-843d8a72f760.scope
arm-6	chain-70.ltl	chain-70.tlsf	60	UNKNOWN	0.03795924107544124	2	false		none	0	218	430	3dc9fdf38b30dbc8fc85609a32ca7280ae206529	22455c945576d28d86ac98a3b512327740b12f0cc3a3a6006ad1c59dfe9c9584	otf_sparse_formula	2026-09-25T12:07:26.397028Z	--arms unreal:gr1:oxidd	0.000000	24940544		8G	0			true		acacia-syntcomp26-coverage-3638921-7f0ab64fb4e7.scope
arm-6	chain-simple-10-real.ltl	chain-simple-10-real.tlsf	60	UNKNOWN	0.024844684056006372	2	false		none	0	215	431	3dc9fdf38b30dbc8fc85609a32ca7280ae206529	22455c945576d28d86ac98a3b512327740b12f0cc3a3a6006ad1c59dfe9c9584	otf_sparse_formula	2026-09-25T12:07:26.434280Z	--arms unreal:gr1:oxidd	0.000000	22605824		8G	0			true		acacia-syntcomp26-coverage-3638921-73c73b1b4ca4.scope
arm-6	chain-simple-20-real.ltl	chain-simple-20-real.tlsf	60	UNKNOWN	0.03500625805463642	2	false		none	0	215	432	3dc9fdf38b30dbc8fc85609a32ca7280ae206529	22455c945576d28d86ac98a3b512327740b12f0cc3a3a6006ad1c59dfe9c9584	otf_sparse_formula	2026-09-25T12:07:26.482510Z	--arms unreal:gr1:oxidd	0.000000	24289280		8G	0			true		acacia-syntcomp26-coverage-3638921-10a85530c888.scope
arm-6	chain-simple-30-real.ltl	chain-simple-30-real.tlsf	60	UNKNOWN	0.035753687960095704	2	false		none	0	216	433	3dc9fdf38b30dbc8fc85609a32ca7280ae206529	22455c945576d28d86ac98a3b512327740b12f0cc3a3a6006ad1c59dfe9c9584	otf_sparse_formula	2026-09-25T12:07:26.532830Z	--arms unreal:gr1:oxidd	0.000000	25911296		8G	0			true		acacia-syntcomp26-coverage-3638921-913b7c2a1ba7.scope
arm-6	chain-simple-40-real.ltl	chain-simple-40-real.tlsf	60	UNKNOWN	0.032493078033439815	2	false		none	0	217	434	3dc9fdf38b30dbc8fc85609a32ca7280ae206529	22455c945576d28d86ac98a3b512327740b12f0cc3a3a6006ad1c59dfe9c9584	otf_sparse_formula	2026-09-25T12:07:26.578275Z	--arms unreal:gr1:oxidd	0.000000	27398144		8G	0			true		acacia-syntcomp26-coverage-3638921-c00743da239e.scope
arm-6	chain-simple-5-real.ltl	chain-simple-5-real.tlsf	60	UNKNOWN	0.028590613044798374	2	false		none	0	215	435	3dc9fdf38b30dbc8fc85609a32ca7280ae206529	22455c945576d28d86ac98a3b512327740b12f0cc3a3a6006ad1c59dfe9c9584	otf_sparse_formula	2026-09-25T12:07:26.619234Z	--arms unreal:gr1:oxidd	0.000000	21950464		8G	0			true		acacia-syntcomp26-coverage-3638921-a79635e8d4dd.scope
arm-6	chain-simple-50-real.ltl	chain-simple-50-real.tlsf	60	UNKNOWN	0.03690970002207905	2	false		none	0	215	436	3dc9fdf38b30dbc8fc85609a32ca7280ae206529	22455c945576d28d86ac98a3b512327740b12f0cc3a3a6006ad1c59dfe9c9584	otf_sparse_formula	2026-09-25T12:07:26.669270Z	--arms unreal:gr1:oxidd	0.010000	28934144		8G	0			true		acacia-syntcomp26-coverage-3638921-4ee1c82d7447.scope
arm-6	chain-simple-60-real.ltl	chain-simple-60-real.tlsf	60	UNKNOWN	0.05086986406240612	2	false		none	0	217	437	3dc9fdf38b30dbc8fc85609a32ca7280ae206529	22455c945576d28d86ac98a3b512327740b12f0cc3a3a6006ad1c59dfe9c9584	otf_sparse_formula	2026-09-25T12:07:26.733741Z	--arms unreal:gr1:oxidd	0.010000	30339072		8G	0			true		acacia-syntcomp26-coverage-3638921-b504f8249bd7.scope
arm-6	chain-simple-70-real.ltl	chain-simple-70-real.tlsf	60	UNKNOWN	0.042026148992590606	2	false		none	0	215	438	3dc9fdf38b30dbc8fc85609a32ca7280ae206529	22455c945576d28d86ac98a3b512327740b12f0cc3a3a6006ad1c59dfe9c9584	otf_sparse_formula	2026-09-25T12:07:26.794145Z	--arms unreal:gr1:oxidd	0.020000	32690176		8G	0			true		acacia-syntcomp26-coverage-3638921-342784f0713f.scope
arm-6	chain-simple-param-70-real.ltl	chain-simple-param-70-real.tlsf	60	UNKNOWN	0.029813452041707933	2	false		none	0	239	439	3dc9fdf38b30dbc8fc85609a32ca7280ae206529	22455c945576d28d86ac98a3b512327740b12f0cc3a3a6006ad1c59dfe9c9584	otf_sparse_formula	2026-09-25T12:07:26.838081Z	--arms unreal:gr1:oxidd	0.000000	21594112		8G	0			true		acacia-syntcomp26-coverage-3638921-3e8e84decf92.scope
arm-6	chomp_pb_2_2_pe_.ltl	chomp_pb_2_2_pe_.tlsf	60	UNKNOWN	0.6500442899996415	2	false		status	0	128	440	3dc9fdf38b30dbc8fc85609a32ca7280ae206529	22455c945576d28d86ac98a3b512327740b12f0cc3a3a6006ad1c59dfe9c9584	otf_sparse_formula	2026-09-25T12:07:27.501137Z	--arms unreal:gr1:oxidd	0.620000	69275648		8G	0			true		acacia-syntcomp26-coverage-3638921-774c2de802ad.scope
arm-6	chomp_pb_2_3_pe_.ltl	chomp_pb_2_3_pe_.tlsf	60	UNKNOWN	16.150620999047533	2	false		status	0	130	441	3dc9fdf38b30dbc8fc85609a32ca7280ae206529	22455c945576d28d86ac98a3b512327740b12f0cc3a3a6006ad1c59dfe9c9584	otf_sparse_formula	2026-09-25T12:07:43.667234Z	--arms unreal:gr1:oxidd	16.470000	213426176		8G	0			true		acacia-syntcomp26-coverage-3638921-ababc904a8a0.scope
arm-6	chomp_pb_2_4_pe_.ltl	chomp_pb_2_4_pe_.tlsf	60	UNKNOWN	25.679594504996203	2	false		status	0	121	442	3dc9fdf38b30dbc8fc85609a32ca7280ae206529	22455c945576d28d86ac98a3b512327740b12f0cc3a3a6006ad1c59dfe9c9584	otf_sparse_formula	2026-09-25T12:08:09.360362Z	--arms unreal:gr1:oxidd	25.620000	488038400		8G	0			true		acacia-syntcomp26-coverage-3638921-9db048cced9e.scope
arm-6	chomp_pb_2_5_pe_.ltl	chomp_pb_2_5_pe_.tlsf	60	TIMEOUT	60.08647789503448	124	true	timeout	status	0	8	443	3dc9fdf38b30dbc8fc85609a32ca7280ae206529	22455c945576d28d86ac98a3b512327740b12f0cc3a3a6006ad1c59dfe9c9584	otf_sparse_formula	2026-09-25T12:09:09.460479Z	--arms unreal:gr1:oxidd				8G	0			true		acacia-syntcomp26-coverage-3638921-4a24088b1340.scope
arm-6	chomp_pb_2_6_pe_.ltl	chomp_pb_2_6_pe_.tlsf	60	TIMEOUT	60.12847174005583	124	true	timeout	status	0	8	444	3dc9fdf38b30dbc8fc85609a32ca7280ae206529	22455c945576d28d86ac98a3b512327740b12f0cc3a3a6006ad1c59dfe9c9584	otf_sparse_formula	2026-09-25T12:10:09.601549Z	--arms unreal:gr1:oxidd				8G	0			true		acacia-syntcomp26-coverage-3638921-dc013bac7b95.scope
arm-6	chomp_pb_3_2_pe_.ltl	chomp_pb_3_2_pe_.tlsf	60	UNKNOWN	14.371057946933433	2	false		status	0	130	445	3dc9fdf38b30dbc8fc85609a32ca7280ae206529	22455c945576d28d86ac98a3b512327740b12f0cc3a3a6006ad1c59dfe9c9584	otf_sparse_formula	2026-09-25T12:10:23.988306Z	--arms unreal:gr1:oxidd	14.600000	217915392		8G	0			true		acacia-syntcomp26-coverage-3638921-843e3b72b7ce.scope
arm-6	chomp_pb_3_3_pe_.ltl	chomp_pb_3_3_pe_.tlsf	60	TIMEOUT	60.128048348939046	124	true	timeout	status	0	8	446	3dc9fdf38b30dbc8fc85609a32ca7280ae206529	22455c945576d28d86ac98a3b512327740b12f0cc3a3a6006ad1c59dfe9c9584	otf_sparse_formula	2026-09-25T12:11:24.130238Z	--arms unreal:gr1:oxidd				8G	0			true		acacia-syntcomp26-coverage-3638921-e14d6435b252.scope
arm-6	chomp_pb_3_4_pe_.ltl	chomp_pb_3_4_pe_.tlsf	60	TIMEOUT	60.188503480982035	124	true	timeout	status	0	8	447	3dc9fdf38b30dbc8fc85609a32ca7280ae206529	22455c945576d28d86ac98a3b512327740b12f0cc3a3a6006ad1c59dfe9c9584	otf_sparse_formula	2026-09-25T12:12:24.361807Z	--arms unreal:gr1:oxidd				8G	0			true		acacia-syntcomp26-coverage-3638921-82082edf01c9.scope
arm-6	chomp_pb_3_5_pe_.ltl	chomp_pb_3_5_pe_.tlsf	60	TIMEOUT	60.12735019100364	124	true	timeout	status	0	8	448	3dc9fdf38b30dbc8fc85609a32ca7280ae206529	22455c945576d28d86ac98a3b512327740b12f0cc3a3a6006ad1c59dfe9c9584	otf_sparse_formula	2026-09-25T12:13:24.530286Z	--arms unreal:gr1:oxidd				8G	0			true		acacia-syntcomp26-coverage-3638921-95eae1d4a60b.scope
arm-6	chomp_pb_3_6_pe_.ltl	chomp_pb_3_6_pe_.tlsf	60	TIMEOUT	60.09698772698175	124	true	timeout	status	0	8	449	3dc9fdf38b30dbc8fc85609a32ca7280ae206529	22455c945576d28d86ac98a3b512327740b12f0cc3a3a6006ad1c59dfe9c9584	otf_sparse_formula	2026-09-25T12:14:24.642583Z	--arms unreal:gr1:oxidd				8G	0			true		acacia-syntcomp26-coverage-3638921-d4a1343c2a61.scope
arm-6	chomp_pb_4_2_pe_.ltl	chomp_pb_4_2_pe_.tlsf	60	UNKNOWN	30.028484051930718	2	false		status	0	121	450	3dc9fdf38b30dbc8fc85609a32ca7280ae206529	22455c945576d28d86ac98a3b512327740b12f0cc3a3a6006ad1c59dfe9c9584	otf_sparse_formula	2026-09-25T12:14:54.684839Z	--arms unreal:gr1:oxidd	29.920000	487636992		8G	0			true		acacia-syntcomp26-coverage-3638921-80bc9dcb0421.scope
arm-6	chomp_pb_4_3_pe_.ltl	chomp_pb_4_3_pe_.tlsf	60	TIMEOUT	60.12905727198813	124	true	timeout	status	0	8	451	3dc9fdf38b30dbc8fc85609a32ca7280ae206529	22455c945576d28d86ac98a3b512327740b12f0cc3a3a6006ad1c59dfe9c9584	otf_sparse_formula	2026-09-25T12:15:54.827252Z	--arms unreal:gr1:oxidd				8G	0			true		acacia-syntcomp26-coverage-3638921-8d3aba1f5598.scope
arm-6	chomp_pb_4_4_pe_.ltl	chomp_pb_4_4_pe_.tlsf	60	TIMEOUT	60.09316618391313	124	true	timeout	status	0	8	452	3dc9fdf38b30dbc8fc85609a32ca7280ae206529	22455c945576d28d86ac98a3b512327740b12f0cc3a3a6006ad1c59dfe9c9584	otf_sparse_formula	2026-09-25T12:16:54.933094Z	--arms unreal:gr1:oxidd				8G	0			true		acacia-syntcomp26-coverage-3638921-a48389e8a480.scope
arm-6	chomp_pb_4_5_pe_.ltl	chomp_pb_4_5_pe_.tlsf	60	TIMEOUT	60.13559538300615	124	true	timeout	status	0	8	453	3dc9fdf38b30dbc8fc85609a32ca7280ae206529	22455c945576d28d86ac98a3b512327740b12f0cc3a3a6006ad1c59dfe9c9584	otf_sparse_formula	2026-09-25T12:17:55.103346Z	--arms unreal:gr1:oxidd				8G	0			true		acacia-syntcomp26-coverage-3638921-5aca3c15ee06.scope
arm-6	chomp_pb_4_6_pe_.ltl	chomp_pb_4_6_pe_.tlsf	60	TIMEOUT	60.183984644012526	124	true	timeout	status	0	8	454	3dc9fdf38b30dbc8fc85609a32ca7280ae206529	22455c945576d28d86ac98a3b512327740b12f0cc3a3a6006ad1c59dfe9c9584	otf_sparse_formula	2026-09-25T12:18:55.308714Z	--arms unreal:gr1:oxidd				8G	0			true		acacia-syntcomp26-coverage-3638921-345ca9849f75.scope
arm-6	collector_v1_pb_11_pe_.ltl	collector_v1_pb_11_pe_.tlsf	60	UNKNOWN	32.94881125795655	2	false		status	0	141	455	3dc9fdf38b30dbc8fc85609a32ca7280ae206529	22455c945576d28d86ac98a3b512327740b12f0cc3a3a6006ad1c59dfe9c9584	otf_sparse_formula	2026-09-25T12:19:28.271759Z	--arms unreal:gr1:oxidd	32.850000	1546735616		8G	0			true		acacia-syntcomp26-coverage-3638921-dd23917be829.scope
arm-6	collector_v1_pb_12_pe_.ltl	collector_v1_pb_12_pe_.tlsf	60	TIMEOUT	60.38864424300846	124	true	timeout	none	0	8	456	3dc9fdf38b30dbc8fc85609a32ca7280ae206529	22455c945576d28d86ac98a3b512327740b12f0cc3a3a6006ad1c59dfe9c9584	otf_sparse_formula	2026-09-25T12:20:28.698040Z	--arms unreal:gr1:oxidd				8G	0			true		acacia-syntcomp26-coverage-3638921-e824639e3c9e.scope
arm-6	collector_v1_pb_13_pe_.ltl	collector_v1_pb_13_pe_.tlsf	60	UNKNOWN	12.076078488957137	2	false		status	0	121	457	3dc9fdf38b30dbc8fc85609a32ca7280ae206529	22455c945576d28d86ac98a3b512327740b12f0cc3a3a6006ad1c59dfe9c9584	otf_sparse_formula	2026-09-25T12:20:40.786739Z	--arms unreal:gr1:oxidd	12.010000	4266819584		8G	0			true		acacia-syntcomp26-coverage-3638921-3f055a915280.scope
arm-6	collector_v1_pb_14_pe_.ltl	collector_v1_pb_14_pe_.tlsf	60	UNKNOWN	12.771743127028458	2	false		none	0	122	458	3dc9fdf38b30dbc8fc85609a32ca7280ae206529	22455c945576d28d86ac98a3b512327740b12f0cc3a3a6006ad1c59dfe9c9584	otf_sparse_formula	2026-09-25T12:20:53.571732Z	--arms unreal:gr1:oxidd	12.690000	4285124608		8G	0			true		acacia-syntcomp26-coverage-3638921-c69e65bbdf40.scope
arm-6	collector_v1_pb_15_pe_.ltl	collector_v1_pb_15_pe_.tlsf	60	UNKNOWN	12.569774258998223	2	false		none	0	122	459	3dc9fdf38b30dbc8fc85609a32ca7280ae206529	22455c945576d28d86ac98a3b512327740b12f0cc3a3a6006ad1c59dfe9c9584	otf_sparse_formula	2026-09-25T12:21:06.156061Z	--arms unreal:gr1:oxidd	12.500000	4324413440		8G	0			true		acacia-syntcomp26-coverage-3638921-54b17581c66d.scope
arm-6	collector_v1_pb_3_pe_.ltl	collector_v1_pb_3_pe_.tlsf	60	UNKNOWN	0.06346745300106704	2	false		status	0	128	460	3dc9fdf38b30dbc8fc85609a32ca7280ae206529	22455c945576d28d86ac98a3b512327740b12f0cc3a3a6006ad1c59dfe9c9584	otf_sparse_formula	2026-09-25T12:21:06.234209Z	--arms unreal:gr1:oxidd	0.030000	46649344		8G	0			true		acacia-syntcomp26-coverage-3638921-adb278adc42f.scope
arm-6	collector_v1_pb_5_pe_.ltl	collector_v1_pb_5_pe_.tlsf	60	UNKNOWN	5.733219802030362	2	false		status	0	106	461	3dc9fdf38b30dbc8fc85609a32ca7280ae206529	22455c945576d28d86ac98a3b512327740b12f0cc3a3a6006ad1c59dfe9c9584	otf_sparse_formula	2026-09-25T12:21:11.980341Z	--arms unreal:gr1:oxidd	6.110000	191434752		8G	0			true		acacia-syntcomp26-coverage-3638921-67cbff72a94c.scope
arm-6	collector_v1_pb_7_pe_.ltl	collector_v1_pb_7_pe_.tlsf	60	UNKNOWN	1.1546623080503196	2	false		status	0	138	462	3dc9fdf38b30dbc8fc85609a32ca7280ae206529	22455c945576d28d86ac98a3b512327740b12f0cc3a3a6006ad1c59dfe9c9584	otf_sparse_formula	2026-09-25T12:21:13.147728Z	--arms unreal:gr1:oxidd	1.110000	61841408		8G	0			true		acacia-syntcomp26-coverage-3638921-729de7032750.scope
arm-6	collector_v1_pb_9_pe_.ltl	collector_v1_pb_9_pe_.tlsf	60	UNKNOWN	2.1114827030105516	2	false		status	0	139	463	3dc9fdf38b30dbc8fc85609a32ca7280ae206529	22455c945576d28d86ac98a3b512327740b12f0cc3a3a6006ad1c59dfe9c9584	otf_sparse_formula	2026-09-25T12:21:15.271335Z	--arms unreal:gr1:oxidd	2.070000	166367232		8G	0			true		acacia-syntcomp26-coverage-3638921-723e4eb8e090.scope
arm-6	collector_v2_pb_10_pe_.ltl	collector_v2_pb_10_pe_.tlsf	60	TIMEOUT	60.097047918941826	124	true	timeout	none	0	8	464	3dc9fdf38b30dbc8fc85609a32ca7280ae206529	22455c945576d28d86ac98a3b512327740b12f0cc3a3a6006ad1c59dfe9c9584	otf_sparse_formula	2026-09-25T12:22:15.394088Z	--arms unreal:gr1:oxidd				8G	0			true		acacia-syntcomp26-coverage-3638921-fcf30fdedd1f.scope
arm-6	collector_v2_pb_11_pe_.ltl	collector_v2_pb_11_pe_.tlsf	60	TIMEOUT	60.135525746969506	124	true	timeout	status	0	8	465	3dc9fdf38b30dbc8fc85609a32ca7280ae206529	22455c945576d28d86ac98a3b512327740b12f0cc3a3a6006ad1c59dfe9c9584	otf_sparse_formula	2026-09-25T12:23:15.570672Z	--arms unreal:gr1:oxidd				8G	0			true		acacia-syntcomp26-coverage-3638921-a6d51d2f3612.scope
arm-6	collector_v2_pb_12_pe_.ltl	collector_v2_pb_12_pe_.tlsf	60	TIMEOUT	60.178662464022636	124	true	timeout	none	0	8	466	3dc9fdf38b30dbc8fc85609a32ca7280ae206529	22455c945576d28d86ac98a3b512327740b12f0cc3a3a6006ad1c59dfe9c9584	otf_sparse_formula	2026-09-25T12:24:15.770492Z	--arms unreal:gr1:oxidd				8G	0			true		acacia-syntcomp26-coverage-3638921-12888dc23fbe.scope
arm-6	collector_v2_pb_13_pe_.ltl	collector_v2_pb_13_pe_.tlsf	60	TIMEOUT	60.07153882004786	124	true	timeout	none	0	8	467	3dc9fdf38b30dbc8fc85609a32ca7280ae206529	22455c945576d28d86ac98a3b512327740b12f0cc3a3a6006ad1c59dfe9c9584	otf_sparse_formula	2026-09-25T12:25:15.854444Z	--arms unreal:gr1:oxidd				8G	0			true		acacia-syntcomp26-coverage-3638921-e9dbd0510f3d.scope
arm-6	collector_v2_pb_15_pe_.ltl	collector_v2_pb_15_pe_.tlsf	60	TIMEOUT	60.07986201602034	124	true	timeout	none	0	8	468	3dc9fdf38b30dbc8fc85609a32ca7280ae206529	22455c945576d28d86ac98a3b512327740b12f0cc3a3a6006ad1c59dfe9c9584	otf_sparse_formula	2026-09-25T12:26:15.947488Z	--arms unreal:gr1:oxidd				8G	0			true		acacia-syntcomp26-coverage-3638921-eef9e8494ac4.scope
arm-6	collector_v2_pb_27_pe_.ltl	collector_v2_pb_27_pe_.tlsf	60	TIMEOUT	60.10007190098986	124	true	timeout	none	0	8	469	3dc9fdf38b30dbc8fc85609a32ca7280ae206529	22455c945576d28d86ac98a3b512327740b12f0cc3a3a6006ad1c59dfe9c9584	otf_sparse_formula	2026-09-25T12:27:16.092727Z	--arms unreal:gr1:oxidd				8G	0			true		acacia-syntcomp26-coverage-3638921-56aa90b86f87.scope
arm-6	collector_v2_pb_3_pe_.ltl	collector_v2_pb_3_pe_.tlsf	60	UNKNOWN	0.049821619992144406	2	false		status	0	214	470	3dc9fdf38b30dbc8fc85609a32ca7280ae206529	22455c945576d28d86ac98a3b512327740b12f0cc3a3a6006ad1c59dfe9c9584	otf_sparse_formula	2026-09-25T12:27:16.156180Z	--arms unreal:gr1:oxidd	0.030000	23515136		8G	0			true		acacia-syntcomp26-coverage-3638921-6bde3c5b0682.scope
arm-6	collector_v2_pb_5_pe_.ltl	collector_v2_pb_5_pe_.tlsf	60	UNKNOWN	0.8410322829149663	2	false		status	0	259	471	3dc9fdf38b30dbc8fc85609a32ca7280ae206529	22455c945576d28d86ac98a3b512327740b12f0cc3a3a6006ad1c59dfe9c9584	otf_sparse_formula	2026-09-25T12:27:17.011401Z	--arms unreal:gr1:oxidd	0.810000	167165952		8G	0			true		acacia-syntcomp26-coverage-3638921-1d7875dfde21.scope
arm-6	collector_v2_pb_7_pe_.ltl	collector_v2_pb_7_pe_.tlsf	60	UNKNOWN	54.25540733197704	2	false		status	0	122	472	3dc9fdf38b30dbc8fc85609a32ca7280ae206529	22455c945576d28d86ac98a3b512327740b12f0cc3a3a6006ad1c59dfe9c9584	otf_sparse_formula	2026-09-25T12:28:11.281134Z	--arms unreal:gr1:oxidd	54.050000	4556271616		8G	0			true		acacia-syntcomp26-coverage-3638921-2f3f4bb0e4ca.scope
arm-6	collector_v2_pb_9_pe_.ltl	collector_v2_pb_9_pe_.tlsf	60	TIMEOUT	60.12854950397741	124	true	timeout	status	0	8	473	3dc9fdf38b30dbc8fc85609a32ca7280ae206529	22455c945576d28d86ac98a3b512327740b12f0cc3a3a6006ad1c59dfe9c9584	otf_sparse_formula	2026-09-25T12:29:11.449546Z	--arms unreal:gr1:oxidd				8G	0			true		acacia-syntcomp26-coverage-3638921-27612243189a.scope
arm-6	collector_v3_pb_10_pe_.ltl	collector_v3_pb_10_pe_.tlsf	60	TIMEOUT	60.227868129033595	124	true	timeout	none	0	8	474	3dc9fdf38b30dbc8fc85609a32ca7280ae206529	22455c945576d28d86ac98a3b512327740b12f0cc3a3a6006ad1c59dfe9c9584	otf_sparse_formula	2026-09-25T12:30:11.690640Z	--arms unreal:gr1:oxidd				8G	0			true		acacia-syntcomp26-coverage-3638921-ca678b0682f2.scope
arm-6	collector_v3_pb_11_pe_.ltl	collector_v3_pb_11_pe_.tlsf	60	TIMEOUT	60.23731005995069	124	true	timeout	status	0	8	475	3dc9fdf38b30dbc8fc85609a32ca7280ae206529	22455c945576d28d86ac98a3b512327740b12f0cc3a3a6006ad1c59dfe9c9584	otf_sparse_formula	2026-09-25T12:31:11.962171Z	--arms unreal:gr1:oxidd				8G	0			true		acacia-syntcomp26-coverage-3638921-3f248b199f59.scope
arm-6	collector_v3_pb_12_pe_.ltl	collector_v3_pb_12_pe_.tlsf	60	TIMEOUT	60.09679243294522	124	true	timeout	none	0	8	476	3dc9fdf38b30dbc8fc85609a32ca7280ae206529	22455c945576d28d86ac98a3b512327740b12f0cc3a3a6006ad1c59dfe9c9584	otf_sparse_formula	2026-09-25T12:32:12.071905Z	--arms unreal:gr1:oxidd				8G	0			true		acacia-syntcomp26-coverage-3638921-07e127700061.scope
arm-6	collector_v3_pb_13_pe_.ltl	collector_v3_pb_13_pe_.tlsf	60	TIMEOUT	60.095346734975465	124	true	timeout	none	0	8	477	3dc9fdf38b30dbc8fc85609a32ca7280ae206529	22455c945576d28d86ac98a3b512327740b12f0cc3a3a6006ad1c59dfe9c9584	otf_sparse_formula	2026-09-25T12:33:12.180151Z	--arms unreal:gr1:oxidd				8G	0			true		acacia-syntcomp26-coverage-3638921-3349f274aeb8.scope
arm-6	collector_v3_pb_15_pe_.ltl	collector_v3_pb_15_pe_.tlsf	60	TIMEOUT	60.0961273170542	124	true	timeout	none	0	8	478	3dc9fdf38b30dbc8fc85609a32ca7280ae206529	22455c945576d28d86ac98a3b512327740b12f0cc3a3a6006ad1c59dfe9c9584	otf_sparse_formula	2026-09-25T12:34:12.290008Z	--arms unreal:gr1:oxidd				8G	0			true		acacia-syntcomp26-coverage-3638921-1413e7087cd0.scope
arm-6	collector_v3_pb_3_pe_.ltl	collector_v3_pb_3_pe_.tlsf	60	UNKNOWN	0.06658092595171183	2	false		status	0	128	479	3dc9fdf38b30dbc8fc85609a32ca7280ae206529	22455c945576d28d86ac98a3b512327740b12f0cc3a3a6006ad1c59dfe9c9584	otf_sparse_formula	2026-09-25T12:34:12.370153Z	--arms unreal:gr1:oxidd	0.050000	49901568		8G	0			true		acacia-syntcomp26-coverage-3638921-a457d42cd56e.scope
arm-6	collector_v3_pb_5_pe_.ltl	collector_v3_pb_5_pe_.tlsf	60	UNKNOWN	24.036741991061717	2	false		status	0	131	480	3dc9fdf38b30dbc8fc85609a32ca7280ae206529	22455c945576d28d86ac98a3b512327740b12f0cc3a3a6006ad1c59dfe9c9584	otf_sparse_formula	2026-09-25T12:34:36.421377Z	--arms unreal:gr1:oxidd	24.850000	951971840		8G	0			true		acacia-syntcomp26-coverage-3638921-8f83ec910bf4.scope
arm-6	collector_v3_pb_7_pe_.ltl	collector_v3_pb_7_pe_.tlsf	60	TIMEOUT	60.1783258409705	124	true	timeout	status	0	8	481	3dc9fdf38b30dbc8fc85609a32ca7280ae206529	22455c945576d28d86ac98a3b512327740b12f0cc3a3a6006ad1c59dfe9c9584	otf_sparse_formula	2026-09-25T12:35:36.614069Z	--arms unreal:gr1:oxidd				8G	0			true		acacia-syntcomp26-coverage-3638921-22c43479ac38.scope
arm-6	collector_v3_pb_9_pe_.ltl	collector_v3_pb_9_pe_.tlsf	60	TIMEOUT	60.31187736208085	124	true	timeout	status	0	8	482	3dc9fdf38b30dbc8fc85609a32ca7280ae206529	22455c945576d28d86ac98a3b512327740b12f0cc3a3a6006ad1c59dfe9c9584	otf_sparse_formula	2026-09-25T12:36:36.961229Z	--arms unreal:gr1:oxidd				8G	0			true		acacia-syntcomp26-coverage-3638921-b6bf22819811.scope
arm-6	diagonal-real.ltl	diagonal-real.tlsf	60	UNKNOWN	0.037058832007460296	2	false		none	0	214	483	3dc9fdf38b30dbc8fc85609a32ca7280ae206529	22455c945576d28d86ac98a3b512327740b12f0cc3a3a6006ad1c59dfe9c9584	otf_sparse_formula	2026-09-25T12:36:37.011101Z	--arms unreal:gr1:oxidd	0.000000	21549056		8G	0			true		acacia-syntcomp26-coverage-3638921-7c15d1c906f2.scope
arm-6	door_locking_problem_d6c5ac79.ltl	door_locking_problem_d6c5ac79.tlsf	60	UNKNOWN	0.1293463989859447	2	false		status	0	363	484	3dc9fdf38b30dbc8fc85609a32ca7280ae206529	22455c945576d28d86ac98a3b512327740b12f0cc3a3a6006ad1c59dfe9c9584	otf_sparse_formula	2026-09-25T12:36:37.152835Z	--arms unreal:gr1:oxidd	0.090000	32149504		8G	0			true		acacia-syntcomp26-coverage-3638921-750d77a64a6d.scope
arm-6	elevator-paper-real.ltl	elevator-paper-real.tlsf	60	UNKNOWN	0.027135834912769496	2	false		none	0	214	485	3dc9fdf38b30dbc8fc85609a32ca7280ae206529	22455c945576d28d86ac98a3b512327740b12f0cc3a3a6006ad1c59dfe9c9584	otf_sparse_formula	2026-09-25T12:36:37.220499Z	--arms unreal:gr1:oxidd	0.000000	21221376		8G	0			true		acacia-syntcomp26-coverage-3638921-51c800461e48.scope
arm-6	evasion-real.ltl	evasion-real.tlsf	60	UNKNOWN	0.045636184979230165	2	false		none	0	215	486	3dc9fdf38b30dbc8fc85609a32ca7280ae206529	22455c945576d28d86ac98a3b512327740b12f0cc3a3a6006ad1c59dfe9c9584	otf_sparse_formula	2026-09-25T12:36:37.293498Z	--arms unreal:gr1:oxidd	0.010000	22405120		8G	0			true		acacia-syntcomp26-coverage-3638921-3020e3caecae.scope
arm-6	evasion0.ltl	evasion0.tlsf	60	UNKNOWN	0.03046291705686599	2	false		none	0	216	487	3dc9fdf38b30dbc8fc85609a32ca7280ae206529	22455c945576d28d86ac98a3b512327740b12f0cc3a3a6006ad1c59dfe9c9584	otf_sparse_formula	2026-09-25T12:36:37.336496Z	--arms unreal:gr1:oxidd	0.000000	22323200		8G	0			true		acacia-syntcomp26-coverage-3638921-a94231514715.scope
arm-6	example10_pb_1_pe_.ltl	example10_pb_1_pe_.tlsf	60	UNKNOWN	0.028727755998261273	2	false		none	0	128	488	3dc9fdf38b30dbc8fc85609a32ca7280ae206529	22455c945576d28d86ac98a3b512327740b12f0cc3a3a6006ad1c59dfe9c9584	otf_sparse_formula	2026-09-25T12:36:37.378146Z	--arms unreal:gr1:oxidd	0.000000	42713088		8G	0			true		acacia-syntcomp26-coverage-3638921-7b2f6188ddd9.scope
arm-6	example10_pb_2_pe_.ltl	example10_pb_2_pe_.tlsf	60	UNKNOWN	0.037243661005049944	2	false		none	0	128	489	3dc9fdf38b30dbc8fc85609a32ca7280ae206529	22455c945576d28d86ac98a3b512327740b12f0cc3a3a6006ad1c59dfe9c9584	otf_sparse_formula	2026-09-25T12:36:37.428547Z	--arms unreal:gr1:oxidd	0.010000	44584960		8G	0			true		acacia-syntcomp26-coverage-3638921-6f81e2a7cc88.scope
arm-6	example10a_pb_1_pe_.ltl	example10a_pb_1_pe_.tlsf	60	UNKNOWN	0.03901709010824561	2	false		none	0	128	490	3dc9fdf38b30dbc8fc85609a32ca7280ae206529	22455c945576d28d86ac98a3b512327740b12f0cc3a3a6006ad1c59dfe9c9584	otf_sparse_formula	2026-09-25T12:36:37.481154Z	--arms unreal:gr1:oxidd	0.000000	44843008		8G	0			true		acacia-syntcomp26-coverage-3638921-c1106c0b71bc.scope
arm-6	example10a_pb_2_pe_.ltl	example10a_pb_2_pe_.tlsf	60	UNKNOWN	0.03351956501137465	2	false		none	0	128	491	3dc9fdf38b30dbc8fc85609a32ca7280ae206529	22455c945576d28d86ac98a3b512327740b12f0cc3a3a6006ad1c59dfe9c9584	otf_sparse_formula	2026-09-25T12:36:37.527498Z	--arms unreal:gr1:oxidd	0.010000	45051904		8G	0			true		acacia-syntcomp26-coverage-3638921-1c7f7aaf4f7d.scope
arm-6	example7_pb_1_pe_.ltl	example7_pb_1_pe_.tlsf	60	UNKNOWN	0.025377316982485354	2	false		none	0	128	492	3dc9fdf38b30dbc8fc85609a32ca7280ae206529	22455c945576d28d86ac98a3b512327740b12f0cc3a3a6006ad1c59dfe9c9584	otf_sparse_formula	2026-09-25T12:36:37.565383Z	--arms unreal:gr1:oxidd	0.000000	42651648		8G	0			true		acacia-syntcomp26-coverage-3638921-72cfcea29cb0.scope
arm-6	example7_pb_2_pe_.ltl	example7_pb_2_pe_.tlsf	60	UNKNOWN	0.02748854097444564	2	false		none	0	128	493	3dc9fdf38b30dbc8fc85609a32ca7280ae206529	22455c945576d28d86ac98a3b512327740b12f0cc3a3a6006ad1c59dfe9c9584	otf_sparse_formula	2026-09-25T12:36:37.605219Z	--arms unreal:gr1:oxidd	0.000000	46526464		8G	0			true		acacia-syntcomp26-coverage-3638921-1fc81a14b78f.scope
arm-6	example7a_pb_1_pe_.ltl	example7a_pb_1_pe_.tlsf	60	UNKNOWN	0.023105841013602912	2	false		none	0	128	494	3dc9fdf38b30dbc8fc85609a32ca7280ae206529	22455c945576d28d86ac98a3b512327740b12f0cc3a3a6006ad1c59dfe9c9584	otf_sparse_formula	2026-09-25T12:36:37.642486Z	--arms unreal:gr1:oxidd	0.000000	44331008		8G	0			true		acacia-syntcomp26-coverage-3638921-c77c2d7619a1.scope
arm-6	example7a_pb_2_pe_.ltl	example7a_pb_2_pe_.tlsf	60	UNKNOWN	0.03053691191598773	2	false		none	0	128	495	3dc9fdf38b30dbc8fc85609a32ca7280ae206529	22455c945576d28d86ac98a3b512327740b12f0cc3a3a6006ad1c59dfe9c9584	otf_sparse_formula	2026-09-25T12:36:37.685736Z	--arms unreal:gr1:oxidd	0.000000	46710784		8G	0			true		acacia-syntcomp26-coverage-3638921-91dcb6f9ef55.scope
arm-6	example8_pb_1_pe_.ltl	example8_pb_1_pe_.tlsf	60	UNKNOWN	0.025228264974430203	2	false		none	0	128	496	3dc9fdf38b30dbc8fc85609a32ca7280ae206529	22455c945576d28d86ac98a3b512327740b12f0cc3a3a6006ad1c59dfe9c9584	otf_sparse_formula	2026-09-25T12:36:37.723472Z	--arms unreal:gr1:oxidd	0.000000	44601344		8G	0			true		acacia-syntcomp26-coverage-3638921-ae5136b716d4.scope
arm-6	example8_pb_2_pe_.ltl	example8_pb_2_pe_.tlsf	60	UNKNOWN	0.03153933701105416	2	false		none	0	128	497	3dc9fdf38b30dbc8fc85609a32ca7280ae206529	22455c945576d28d86ac98a3b512327740b12f0cc3a3a6006ad1c59dfe9c9584	otf_sparse_formula	2026-09-25T12:36:37.768548Z	--arms unreal:gr1:oxidd	0.000000	44789760		8G	0			true		acacia-syntcomp26-coverage-3638921-c5a91ac1c248.scope
arm-6	example9_pb_1_pe_.ltl	example9_pb_1_pe_.tlsf	60	UNKNOWN	0.024137942004017532	2	false		none	0	128	498	3dc9fdf38b30dbc8fc85609a32ca7280ae206529	22455c945576d28d86ac98a3b512327740b12f0cc3a3a6006ad1c59dfe9c9584	otf_sparse_formula	2026-09-25T12:36:37.805315Z	--arms unreal:gr1:oxidd	0.000000	46706688		8G	0			true		acacia-syntcomp26-coverage-3638921-b448c5054e2f.scope
arm-6	example9_pb_2_pe_.ltl	example9_pb_2_pe_.tlsf	60	UNKNOWN	0.03759250196162611	2	false		none	0	128	499	3dc9fdf38b30dbc8fc85609a32ca7280ae206529	22455c945576d28d86ac98a3b512327740b12f0cc3a3a6006ad1c59dfe9c9584	otf_sparse_formula	2026-09-25T12:36:37.855673Z	--arms unreal:gr1:oxidd	0.000000	46665728		8G	0			true		acacia-syntcomp26-coverage-3638921-3b4ca1254f5b.scope
arm-6	f-real-real.ltl	f-real-real.tlsf	60	UNKNOWN	0.028109285980463028	2	false		none	0	191	500	3dc9fdf38b30dbc8fc85609a32ca7280ae206529	22455c945576d28d86ac98a3b512327740b12f0cc3a3a6006ad1c59dfe9c9584	otf_sparse_formula	2026-09-25T12:36:37.895866Z	--arms unreal:gr1:oxidd	0.000000	22945792		8G	0			true		acacia-syntcomp26-coverage-3638921-d244497845cc.scope
arm-6	f-unreal-unreal.ltl	f-unreal-unreal.tlsf	60	UNKNOWN	0.02685510495211929	2	false		none	0	191	501	3dc9fdf38b30dbc8fc85609a32ca7280ae206529	22455c945576d28d86ac98a3b512327740b12f0cc3a3a6006ad1c59dfe9c9584	otf_sparse_formula	2026-09-25T12:36:37.934413Z	--arms unreal:gr1:oxidd	0.000000	21028864		8G	0			true		acacia-syntcomp26-coverage-3638921-dfc595b3084b.scope
arm-6	finding_nemo_pb_1_pe_.ltl	finding_nemo_pb_1_pe_.tlsf	60	UNKNOWN	2.226732064038515	2	false		none	0	364	502	3dc9fdf38b30dbc8fc85609a32ca7280ae206529	22455c945576d28d86ac98a3b512327740b12f0cc3a3a6006ad1c59dfe9c9584	otf_sparse_formula	2026-09-25T12:36:40.173482Z	--arms unreal:gr1:oxidd	2.200000	443379712		8G	0			true		acacia-syntcomp26-coverage-3638921-7cca971c9273.scope
arm-6	finding_nemo_pb_2_pe_.ltl	finding_nemo_pb_2_pe_.tlsf	60	TIMEOUT	60.10035907290876	124	true	timeout	none	0	8	503	3dc9fdf38b30dbc8fc85609a32ca7280ae206529	22455c945576d28d86ac98a3b512327740b12f0cc3a3a6006ad1c59dfe9c9584	otf_sparse_formula	2026-09-25T12:37:40.317349Z	--arms unreal:gr1:oxidd				8G	0			true		acacia-syntcomp26-coverage-3638921-20464fd8454b.scope
arm-6	finding_nemo_pb_3_pe_.ltl	finding_nemo_pb_3_pe_.tlsf	60	TIMEOUT	60.09727648505941	124	true	timeout	none	0	8	504	3dc9fdf38b30dbc8fc85609a32ca7280ae206529	22455c945576d28d86ac98a3b512327740b12f0cc3a3a6006ad1c59dfe9c9584	otf_sparse_formula	2026-09-25T12:38:40.428640Z	--arms unreal:gr1:oxidd				8G	0			true		acacia-syntcomp26-coverage-3638921-3fd16bf238e1.scope
arm-6	finding_nemo_pb_4_pe_.ltl	finding_nemo_pb_4_pe_.tlsf	60	TIMEOUT	60.13455528405029	124	true	timeout	none	0	8	505	3dc9fdf38b30dbc8fc85609a32ca7280ae206529	22455c945576d28d86ac98a3b512327740b12f0cc3a3a6006ad1c59dfe9c9584	otf_sparse_formula	2026-09-25T12:39:40.594306Z	--arms unreal:gr1:oxidd				8G	0			true		acacia-syntcomp26-coverage-3638921-faa8ab072cb0.scope
arm-6	finding_nemo_pb_5_pe_.ltl	finding_nemo_pb_5_pe_.tlsf	60	TIMEOUT	60.095947494963184	124	true	timeout	none	0	8	506	3dc9fdf38b30dbc8fc85609a32ca7280ae206529	22455c945576d28d86ac98a3b512327740b12f0cc3a3a6006ad1c59dfe9c9584	otf_sparse_formula	2026-09-25T12:40:40.706279Z	--arms unreal:gr1:oxidd				8G	0			true		acacia-syntcomp26-coverage-3638921-055efbf4924d.scope
arm-6	finding_nemo_pb_6_pe_.ltl	finding_nemo_pb_6_pe_.tlsf	60	TIMEOUT	60.07114580902271	124	true	timeout	none	0	8	507	3dc9fdf38b30dbc8fc85609a32ca7280ae206529	22455c945576d28d86ac98a3b512327740b12f0cc3a3a6006ad1c59dfe9c9584	otf_sparse_formula	2026-09-25T12:41:40.791436Z	--arms unreal:gr1:oxidd				8G	0			true		acacia-syntcomp26-coverage-3638921-f6be50470e29.scope
arm-6	finding_nemo_pb_7_pe_.ltl	finding_nemo_pb_7_pe_.tlsf	60	TIMEOUT	60.128158973064274	124	true	timeout	none	0	8	508	3dc9fdf38b30dbc8fc85609a32ca7280ae206529	22455c945576d28d86ac98a3b512327740b12f0cc3a3a6006ad1c59dfe9c9584	otf_sparse_formula	2026-09-25T12:42:40.933348Z	--arms unreal:gr1:oxidd				8G	0			true		acacia-syntcomp26-coverage-3638921-240ddef77c88.scope
arm-6	follow0.ltl	follow0.tlsf	60	UNKNOWN	0.06858098704833537	2	false		none	0	215	509	3dc9fdf38b30dbc8fc85609a32ca7280ae206529	22455c945576d28d86ac98a3b512327740b12f0cc3a3a6006ad1c59dfe9c9584	otf_sparse_formula	2026-09-25T12:42:41.016224Z	--arms unreal:gr1:oxidd	0.040000	37441536		8G	0			true		acacia-syntcomp26-coverage-3638921-e7098f41eb03.scope
arm-6	follow1.ltl	follow1.tlsf	60	UNKNOWN	0.07323492306750268	2	false		none	0	214	510	3dc9fdf38b30dbc8fc85609a32ca7280ae206529	22455c945576d28d86ac98a3b512327740b12f0cc3a3a6006ad1c59dfe9c9584	otf_sparse_formula	2026-09-25T12:42:41.101831Z	--arms unreal:gr1:oxidd	0.040000	39702528		8G	0			true		acacia-syntcomp26-coverage-3638921-58aa11bc573e.scope
arm-6	follow2.ltl	follow2.tlsf	60	UNKNOWN	0.08395229908637702	2	false		none	0	215	511	3dc9fdf38b30dbc8fc85609a32ca7280ae206529	22455c945576d28d86ac98a3b512327740b12f0cc3a3a6006ad1c59dfe9c9584	otf_sparse_formula	2026-09-25T12:42:41.199137Z	--arms unreal:gr1:oxidd	0.050000	44593152		8G	0			true		acacia-syntcomp26-coverage-3638921-731c2573767c.scope
arm-6	follow3.ltl	follow3.tlsf	60	UNKNOWN	0.09611186804249883	2	false		none	0	237	512	3dc9fdf38b30dbc8fc85609a32ca7280ae206529	22455c945576d28d86ac98a3b512327740b12f0cc3a3a6006ad1c59dfe9c9584	otf_sparse_formula	2026-09-25T12:42:41.307862Z	--arms unreal:gr1:oxidd	0.070000	50933760		8G	0			true		acacia-syntcomp26-coverage-3638921-1cf5c4118da4.scope
arm-6	full_arbiter_enc_pb_10_pe_.ltl	full_arbiter_enc_pb_10_pe_.tlsf	60	TIMEOUT	60.10139008495025	124	true	timeout	none	0	8	513	3dc9fdf38b30dbc8fc85609a32ca7280ae206529	22455c945576d28d86ac98a3b512327740b12f0cc3a3a6006ad1c59dfe9c9584	otf_sparse_formula	2026-09-25T12:43:41.446770Z	--arms unreal:gr1:oxidd				8G	0			true		acacia-syntcomp26-coverage-3638921-83bbde18317b.scope
arm-6	full_arbiter_enc_pb_12_pe_.ltl	full_arbiter_enc_pb_12_pe_.tlsf	60	TIMEOUT	60.102958067902364	124	true	timeout	none	0	8	514	3dc9fdf38b30dbc8fc85609a32ca7280ae206529	22455c945576d28d86ac98a3b512327740b12f0cc3a3a6006ad1c59dfe9c9584	otf_sparse_formula	2026-09-25T12:44:41.590847Z	--arms unreal:gr1:oxidd				8G	0			true		acacia-syntcomp26-coverage-3638921-0373feed4540.scope
arm-6	full_arbiter_enc_pb_8_pe_.ltl	full_arbiter_enc_pb_8_pe_.tlsf	60	TIMEOUT	60.092121389112435	124	true	timeout	none	0	8	515	3dc9fdf38b30dbc8fc85609a32ca7280ae206529	22455c945576d28d86ac98a3b512327740b12f0cc3a3a6006ad1c59dfe9c9584	otf_sparse_formula	2026-09-25T12:45:41.705354Z	--arms unreal:gr1:oxidd				8G	0			true		acacia-syntcomp26-coverage-3638921-c5a1835412b7.scope
arm-6	full_arbiter_unreal1_pb_2_10_pe_.ltl	full_arbiter_unreal1_pb_2_10_pe_.tlsf	60	UNKNOWN	0.033387336996383965	2	false		status	0	146	516	3dc9fdf38b30dbc8fc85609a32ca7280ae206529	22455c945576d28d86ac98a3b512327740b12f0cc3a3a6006ad1c59dfe9c9584	otf_sparse_formula	2026-09-25T12:45:41.778591Z	--arms unreal:gr1:oxidd	0.000000	6946816		8G	0			true		acacia-syntcomp26-coverage-3638921-d7b336d6bfb6.scope
arm-6	full_arbiter_unreal1_pb_2_11_pe_.ltl	full_arbiter_unreal1_pb_2_11_pe_.tlsf	60	UNKNOWN	0.036114754038862884	2	false		status	0	146	517	3dc9fdf38b30dbc8fc85609a32ca7280ae206529	22455c945576d28d86ac98a3b512327740b12f0cc3a3a6006ad1c59dfe9c9584	otf_sparse_formula	2026-09-25T12:45:41.854278Z	--arms unreal:gr1:oxidd	0.000000	6955008		8G	0			true		acacia-syntcomp26-coverage-3638921-99752c1c7fa9.scope
arm-6	full_arbiter_unreal1_pb_2_12_pe_.ltl	full_arbiter_unreal1_pb_2_12_pe_.tlsf	60	UNKNOWN	0.031636686995625496	2	false		status	0	146	518	3dc9fdf38b30dbc8fc85609a32ca7280ae206529	22455c945576d28d86ac98a3b512327740b12f0cc3a3a6006ad1c59dfe9c9584	otf_sparse_formula	2026-09-25T12:45:41.898050Z	--arms unreal:gr1:oxidd	0.000000	6905856		8G	0			true		acacia-syntcomp26-coverage-3638921-2befda3b77a5.scope
arm-6	full_arbiter_unreal1_pb_2_13_pe_.ltl	full_arbiter_unreal1_pb_2_13_pe_.tlsf	60	UNKNOWN	0.01965401496272534	2	false		status	0	146	519	3dc9fdf38b30dbc8fc85609a32ca7280ae206529	22455c945576d28d86ac98a3b512327740b12f0cc3a3a6006ad1c59dfe9c9584	otf_sparse_formula	2026-09-25T12:45:41.928984Z	--arms unreal:gr1:oxidd	0.000000	6995968		8G	0			true		acacia-syntcomp26-coverage-3638921-30c2ceddaf59.scope
arm-6	full_arbiter_unreal1_pb_2_14_pe_.ltl	full_arbiter_unreal1_pb_2_14_pe_.tlsf	60	UNKNOWN	0.02146813995204866	2	false		status	0	146	520	3dc9fdf38b30dbc8fc85609a32ca7280ae206529	22455c945576d28d86ac98a3b512327740b12f0cc3a3a6006ad1c59dfe9c9584	otf_sparse_formula	2026-09-25T12:45:41.961551Z	--arms unreal:gr1:oxidd	0.000000	7000064		8G	0			true		acacia-syntcomp26-coverage-3638921-b1bf78fbb549.scope
arm-6	full_arbiter_unreal1_pb_2_15_pe_.ltl	full_arbiter_unreal1_pb_2_15_pe_.tlsf	60	UNKNOWN	0.02373589004855603	2	false		status	0	146	521	3dc9fdf38b30dbc8fc85609a32ca7280ae206529	22455c945576d28d86ac98a3b512327740b12f0cc3a3a6006ad1c59dfe9c9584	otf_sparse_formula	2026-09-25T12:45:41.996681Z	--arms unreal:gr1:oxidd	0.000000	6914048		8G	0			true		acacia-syntcomp26-coverage-3638921-c21130408d83.scope
arm-6	full_arbiter_unreal1_pb_2_16_pe_.ltl	full_arbiter_unreal1_pb_2_16_pe_.tlsf	60	UNKNOWN	0.020088459947146475	2	false		status	0	146	522	3dc9fdf38b30dbc8fc85609a32ca7280ae206529	22455c945576d28d86ac98a3b512327740b12f0cc3a3a6006ad1c59dfe9c9584	otf_sparse_formula	2026-09-25T12:45:42.028996Z	--arms unreal:gr1:oxidd	0.000000	6930432		8G	0			true		acacia-syntcomp26-coverage-3638921-82a4a7273c33.scope
arm-6	full_arbiter_unreal1_pb_2_18_pe_.ltl	full_arbiter_unreal1_pb_2_18_pe_.tlsf	60	UNKNOWN	0.02451843407470733	2	false		status	0	146	523	3dc9fdf38b30dbc8fc85609a32ca7280ae206529	22455c945576d28d86ac98a3b512327740b12f0cc3a3a6006ad1c59dfe9c9584	otf_sparse_formula	2026-09-25T12:45:42.064669Z	--arms unreal:gr1:oxidd	0.000000	7012352		8G	0			true		acacia-syntcomp26-coverage-3638921-160fd9204b31.scope
arm-6	full_arbiter_unreal1_pb_2_1_pe_.ltl	full_arbiter_unreal1_pb_2_1_pe_.tlsf	60	UNKNOWN	0.027668261085636914	2	false		status	0	146	524	3dc9fdf38b30dbc8fc85609a32ca7280ae206529	22455c945576d28d86ac98a3b512327740b12f0cc3a3a6006ad1c59dfe9c9584	otf_sparse_formula	2026-09-25T12:45:42.103889Z	--arms unreal:gr1:oxidd	0.000000	7036928		8G	0			true		acacia-syntcomp26-coverage-3638921-cea048766350.scope
arm-6	full_arbiter_unreal1_pb_2_20_pe_.ltl	full_arbiter_unreal1_pb_2_20_pe_.tlsf	60	UNKNOWN	0.022602461045607924	2	false		status	0	146	525	3dc9fdf38b30dbc8fc85609a32ca7280ae206529	22455c945576d28d86ac98a3b512327740b12f0cc3a3a6006ad1c59dfe9c9584	otf_sparse_formula	2026-09-25T12:45:42.139184Z	--arms unreal:gr1:oxidd	0.000000	7028736		8G	0			true		acacia-syntcomp26-coverage-3638921-17e4d2764ec1.scope
arm-6	full_arbiter_unreal1_pb_2_21_pe_.ltl	full_arbiter_unreal1_pb_2_21_pe_.tlsf	60	UNKNOWN	0.023441066965460777	2	false		status	0	146	526	3dc9fdf38b30dbc8fc85609a32ca7280ae206529	22455c945576d28d86ac98a3b512327740b12f0cc3a3a6006ad1c59dfe9c9584	otf_sparse_formula	2026-09-25T12:45:42.184013Z	--arms unreal:gr1:oxidd	0.000000	7012352		8G	0			true		acacia-syntcomp26-coverage-3638921-edc3fd451d45.scope
arm-6	full_arbiter_unreal1_pb_2_22_pe_.ltl	full_arbiter_unreal1_pb_2_22_pe_.tlsf	60	UNKNOWN	0.032100140932016075	2	false		status	0	146	527	3dc9fdf38b30dbc8fc85609a32ca7280ae206529	22455c945576d28d86ac98a3b512327740b12f0cc3a3a6006ad1c59dfe9c9584	otf_sparse_formula	2026-09-25T12:45:42.255698Z	--arms unreal:gr1:oxidd	0.000000	6885376		8G	0			true		acacia-syntcomp26-coverage-3638921-f53e45c2fc3c.scope
arm-6	full_arbiter_unreal1_pb_2_24_pe_.ltl	full_arbiter_unreal1_pb_2_24_pe_.tlsf	60	UNKNOWN	0.034539768006652594	2	false		status	0	146	528	3dc9fdf38b30dbc8fc85609a32ca7280ae206529	22455c945576d28d86ac98a3b512327740b12f0cc3a3a6006ad1c59dfe9c9584	otf_sparse_formula	2026-09-25T12:45:42.329541Z	--arms unreal:gr1:oxidd	0.000000	6946816		8G	0			true		acacia-syntcomp26-coverage-3638921-95cdfbce2056.scope
arm-6	full_arbiter_unreal1_pb_2_26_pe_.ltl	full_arbiter_unreal1_pb_2_26_pe_.tlsf	60	UNKNOWN	0.03486915200483054	2	false		status	0	146	529	3dc9fdf38b30dbc8fc85609a32ca7280ae206529	22455c945576d28d86ac98a3b512327740b12f0cc3a3a6006ad1c59dfe9c9584	otf_sparse_formula	2026-09-25T12:45:42.405008Z	--arms unreal:gr1:oxidd	0.000000	6938624		8G	0			true		acacia-syntcomp26-coverage-3638921-d294d6d2b195.scope
arm-6	full_arbiter_unreal1_pb_2_2_pe_.ltl	full_arbiter_unreal1_pb_2_2_pe_.tlsf	60	UNKNOWN	0.033183037070557475	2	false		status	0	146	530	3dc9fdf38b30dbc8fc85609a32ca7280ae206529	22455c945576d28d86ac98a3b512327740b12f0cc3a3a6006ad1c59dfe9c9584	otf_sparse_formula	2026-09-25T12:45:42.479336Z	--arms unreal:gr1:oxidd	0.000000	6922240		8G	0			true		acacia-syntcomp26-coverage-3638921-6a06050dcebf.scope
arm-6	full_arbiter_unreal1_pb_2_3_pe_.ltl	full_arbiter_unreal1_pb_2_3_pe_.tlsf	60	UNKNOWN	0.033377591986209154	2	false		status	0	146	531	3dc9fdf38b30dbc8fc85609a32ca7280ae206529	22455c945576d28d86ac98a3b512327740b12f0cc3a3a6006ad1c59dfe9c9584	otf_sparse_formula	2026-09-25T12:45:42.552676Z	--arms unreal:gr1:oxidd	0.000000	6995968		8G	0			true		acacia-syntcomp26-coverage-3638921-a00078527fbb.scope
arm-6	full_arbiter_unreal1_pb_2_4_pe_.ltl	full_arbiter_unreal1_pb_2_4_pe_.tlsf	60	UNKNOWN	0.033299261005595326	2	false		status	0	146	532	3dc9fdf38b30dbc8fc85609a32ca7280ae206529	22455c945576d28d86ac98a3b512327740b12f0cc3a3a6006ad1c59dfe9c9584	otf_sparse_formula	2026-09-25T12:45:42.627667Z	--arms unreal:gr1:oxidd	0.000000	6930432		8G	0			true		acacia-syntcomp26-coverage-3638921-8272d7b23339.scope
arm-6	full_arbiter_unreal1_pb_2_5_pe_.ltl	full_arbiter_unreal1_pb_2_5_pe_.tlsf	60	UNKNOWN	0.03883605101145804	2	false		status	0	146	533	3dc9fdf38b30dbc8fc85609a32ca7280ae206529	22455c945576d28d86ac98a3b512327740b12f0cc3a3a6006ad1c59dfe9c9584	otf_sparse_formula	2026-09-25T12:45:42.706629Z	--arms unreal:gr1:oxidd	0.000000	6930432		8G	0			true		acacia-syntcomp26-coverage-3638921-62e914ea432c.scope
arm-6	full_arbiter_unreal1_pb_2_6_pe_.ltl	full_arbiter_unreal1_pb_2_6_pe_.tlsf	60	UNKNOWN	0.03611261397600174	2	false		status	0	146	534	3dc9fdf38b30dbc8fc85609a32ca7280ae206529	22455c945576d28d86ac98a3b512327740b12f0cc3a3a6006ad1c59dfe9c9584	otf_sparse_formula	2026-09-25T12:45:42.782487Z	--arms unreal:gr1:oxidd	0.000000	6905856		8G	0			true		acacia-syntcomp26-coverage-3638921-b8b559fc5dce.scope
arm-6	full_arbiter_unreal1_pb_2_7_pe_.ltl	full_arbiter_unreal1_pb_2_7_pe_.tlsf	60	UNKNOWN	0.03345500701107085	2	false		status	0	146	535	3dc9fdf38b30dbc8fc85609a32ca7280ae206529	22455c945576d28d86ac98a3b512327740b12f0cc3a3a6006ad1c59dfe9c9584	otf_sparse_formula	2026-09-25T12:45:42.844662Z	--arms unreal:gr1:oxidd	0.000000	7016448		8G	0			true		acacia-syntcomp26-coverage-3638921-165565d53d94.scope
arm-6	full_arbiter_unreal1_pb_2_8_pe_.ltl	full_arbiter_unreal1_pb_2_8_pe_.tlsf	60	UNKNOWN	0.03597244492266327	2	false		status	0	146	536	3dc9fdf38b30dbc8fc85609a32ca7280ae206529	22455c945576d28d86ac98a3b512327740b12f0cc3a3a6006ad1c59dfe9c9584	otf_sparse_formula	2026-09-25T12:45:42.923836Z	--arms unreal:gr1:oxidd	0.000000	6905856		8G	0			true		acacia-syntcomp26-coverage-3638921-3becf87d5fb5.scope
arm-6	full_arbiter_unreal1_pb_2_9_pe_.ltl	full_arbiter_unreal1_pb_2_9_pe_.tlsf	60	UNKNOWN	0.034318860969506204	2	false		status	0	146	537	3dc9fdf38b30dbc8fc85609a32ca7280ae206529	22455c945576d28d86ac98a3b512327740b12f0cc3a3a6006ad1c59dfe9c9584	otf_sparse_formula	2026-09-25T12:45:42.998026Z	--arms unreal:gr1:oxidd	0.000000	6901760		8G	0			true		acacia-syntcomp26-coverage-3638921-462b95c58c3a.scope
arm-6	full_arbiter_unreal1_pb_3_10_pe_.ltl	full_arbiter_unreal1_pb_3_10_pe_.tlsf	60	UNKNOWN	0.032546942005865276	2	false		status	0	146	538	3dc9fdf38b30dbc8fc85609a32ca7280ae206529	22455c945576d28d86ac98a3b512327740b12f0cc3a3a6006ad1c59dfe9c9584	otf_sparse_formula	2026-09-25T12:45:43.072246Z	--arms unreal:gr1:oxidd	0.000000	7028736		8G	0			true		acacia-syntcomp26-coverage-3638921-9465731a44ae.scope
arm-6	full_arbiter_unreal1_pb_3_11_pe_.ltl	full_arbiter_unreal1_pb_3_11_pe_.tlsf	60	UNKNOWN	0.03737980406731367	2	false		none	0	146	539	3dc9fdf38b30dbc8fc85609a32ca7280ae206529	22455c945576d28d86ac98a3b512327740b12f0cc3a3a6006ad1c59dfe9c9584	otf_sparse_formula	2026-09-25T12:45:43.149246Z	--arms unreal:gr1:oxidd	0.000000	6971392		8G	0			true		acacia-syntcomp26-coverage-3638921-6b8760b44240.scope
arm-6	full_arbiter_unreal1_pb_3_12_pe_.ltl	full_arbiter_unreal1_pb_3_12_pe_.tlsf	60	UNKNOWN	0.030054577975533903	2	false		none	0	146	540	3dc9fdf38b30dbc8fc85609a32ca7280ae206529	22455c945576d28d86ac98a3b512327740b12f0cc3a3a6006ad1c59dfe9c9584	otf_sparse_formula	2026-09-25T12:45:43.191670Z	--arms unreal:gr1:oxidd	0.000000	7004160		8G	0			true		acacia-syntcomp26-coverage-3638921-2b1b4c7650c5.scope
arm-6	full_arbiter_unreal1_pb_3_13_pe_.ltl	full_arbiter_unreal1_pb_3_13_pe_.tlsf	60	UNKNOWN	0.023908304050564766	2	false		none	0	146	541	3dc9fdf38b30dbc8fc85609a32ca7280ae206529	22455c945576d28d86ac98a3b512327740b12f0cc3a3a6006ad1c59dfe9c9584	otf_sparse_formula	2026-09-25T12:45:43.227877Z	--arms unreal:gr1:oxidd	0.000000	6946816		8G	0			true		acacia-syntcomp26-coverage-3638921-004bb434cff5.scope
arm-6	full_arbiter_unreal1_pb_3_14_pe_.ltl	full_arbiter_unreal1_pb_3_14_pe_.tlsf	60	UNKNOWN	0.021967339096590877	2	false		none	0	146	542	3dc9fdf38b30dbc8fc85609a32ca7280ae206529	22455c945576d28d86ac98a3b512327740b12f0cc3a3a6006ad1c59dfe9c9584	otf_sparse_formula	2026-09-25T12:45:43.266085Z	--arms unreal:gr1:oxidd	0.000000	6946816		8G	0			true		acacia-syntcomp26-coverage-3638921-a23b18ede5e7.scope
arm-6	full_arbiter_unreal1_pb_3_15_pe_.ltl	full_arbiter_unreal1_pb_3_15_pe_.tlsf	60	UNKNOWN	0.026719339890405536	2	false		none	0	146	543	3dc9fdf38b30dbc8fc85609a32ca7280ae206529	22455c945576d28d86ac98a3b512327740b12f0cc3a3a6006ad1c59dfe9c9584	otf_sparse_formula	2026-09-25T12:45:43.304278Z	--arms unreal:gr1:oxidd	0.000000	6946816		8G	0			true		acacia-syntcomp26-coverage-3638921-9a6b06a63e6d.scope
arm-6	full_arbiter_unreal1_pb_3_1_pe_.ltl	full_arbiter_unreal1_pb_3_1_pe_.tlsf	60	UNKNOWN	0.02333660703152418	2	false		status	0	146	544	3dc9fdf38b30dbc8fc85609a32ca7280ae206529	22455c945576d28d86ac98a3b512327740b12f0cc3a3a6006ad1c59dfe9c9584	otf_sparse_formula	2026-09-25T12:45:43.367433Z	--arms unreal:gr1:oxidd	0.000000	6987776		8G	0			true		acacia-syntcomp26-coverage-3638921-07b7b0312ead.scope
arm-6	full_arbiter_unreal1_pb_3_2_pe_.ltl	full_arbiter_unreal1_pb_3_2_pe_.tlsf	60	UNKNOWN	0.03247012395877391	2	false		status	0	146	545	3dc9fdf38b30dbc8fc85609a32ca7280ae206529	22455c945576d28d86ac98a3b512327740b12f0cc3a3a6006ad1c59dfe9c9584	otf_sparse_formula	2026-09-25T12:45:43.438142Z	--arms unreal:gr1:oxidd	0.000000	6856704		8G	0			true		acacia-syntcomp26-coverage-3638921-7687bbb13fba.scope
arm-6	full_arbiter_unreal1_pb_3_3_pe_.ltl	full_arbiter_unreal1_pb_3_3_pe_.tlsf	60	UNKNOWN	0.034695170004852116	2	false		status	0	146	546	3dc9fdf38b30dbc8fc85609a32ca7280ae206529	22455c945576d28d86ac98a3b512327740b12f0cc3a3a6006ad1c59dfe9c9584	otf_sparse_formula	2026-09-25T12:45:43.512035Z	--arms unreal:gr1:oxidd	0.000000	6955008		8G	0			true		acacia-syntcomp26-coverage-3638921-e1a0f0e7c4ec.scope
arm-6	full_arbiter_unreal1_pb_3_4_pe_.ltl	full_arbiter_unreal1_pb_3_4_pe_.tlsf	60	UNKNOWN	0.031170799979008734	2	false		status	0	146	547	3dc9fdf38b30dbc8fc85609a32ca7280ae206529	22455c945576d28d86ac98a3b512327740b12f0cc3a3a6006ad1c59dfe9c9584	otf_sparse_formula	2026-09-25T12:45:43.581986Z	--arms unreal:gr1:oxidd	0.000000	7028736		8G	0			true		acacia-syntcomp26-coverage-3638921-a34f46c0b807.scope
arm-6	full_arbiter_unreal1_pb_3_5_pe_.ltl	full_arbiter_unreal1_pb_3_5_pe_.tlsf	60	UNKNOWN	0.033928578021004796	2	false		status	0	146	548	3dc9fdf38b30dbc8fc85609a32ca7280ae206529	22455c945576d28d86ac98a3b512327740b12f0cc3a3a6006ad1c59dfe9c9584	otf_sparse_formula	2026-09-25T12:45:43.658403Z	--arms unreal:gr1:oxidd	0.000000	6955008		8G	0			true		acacia-syntcomp26-coverage-3638921-37a842922bc8.scope
arm-6	full_arbiter_unreal1_pb_3_6_pe_.ltl	full_arbiter_unreal1_pb_3_6_pe_.tlsf	60	UNKNOWN	0.03557540406472981	2	false		status	0	146	549	3dc9fdf38b30dbc8fc85609a32ca7280ae206529	22455c945576d28d86ac98a3b512327740b12f0cc3a3a6006ad1c59dfe9c9584	otf_sparse_formula	2026-09-25T12:45:43.734298Z	--arms unreal:gr1:oxidd	0.000000	6868992		8G	0			true		acacia-syntcomp26-coverage-3638921-1cf54f63f12a.scope
arm-6	full_arbiter_unreal1_pb_3_7_pe_.ltl	full_arbiter_unreal1_pb_3_7_pe_.tlsf	60	UNKNOWN	0.03587266197428107	2	false		status	0	146	550	3dc9fdf38b30dbc8fc85609a32ca7280ae206529	22455c945576d28d86ac98a3b512327740b12f0cc3a3a6006ad1c59dfe9c9584	otf_sparse_formula	2026-09-25T12:45:43.811020Z	--arms unreal:gr1:oxidd	0.000000	6922240		8G	0			true		acacia-syntcomp26-coverage-3638921-a2aafd3a780a.scope
arm-6	full_arbiter_unreal1_pb_3_8_pe_.ltl	full_arbiter_unreal1_pb_3_8_pe_.tlsf	60	UNKNOWN	0.03355833503883332	2	false		status	0	146	551	3dc9fdf38b30dbc8fc85609a32ca7280ae206529	22455c945576d28d86ac98a3b512327740b12f0cc3a3a6006ad1c59dfe9c9584	otf_sparse_formula	2026-09-25T12:45:43.887271Z	--arms unreal:gr1:oxidd	0.000000	7004160		8G	0			true		acacia-syntcomp26-coverage-3638921-2dea6b7bb526.scope
arm-6	full_arbiter_unreal1_pb_3_9_pe_.ltl	full_arbiter_unreal1_pb_3_9_pe_.tlsf	60	UNKNOWN	0.03470041195396334	2	false		status	0	146	552	3dc9fdf38b30dbc8fc85609a32ca7280ae206529	22455c945576d28d86ac98a3b512327740b12f0cc3a3a6006ad1c59dfe9c9584	otf_sparse_formula	2026-09-25T12:45:43.962525Z	--arms unreal:gr1:oxidd	0.000000	6995968		8G	0			true		acacia-syntcomp26-coverage-3638921-24b37ffd0787.scope
arm-6	full_arbiter_unreal1_pb_4_1_pe_.ltl	full_arbiter_unreal1_pb_4_1_pe_.tlsf	60	UNKNOWN	0.035433687968179584	2	false		status	0	146	553	3dc9fdf38b30dbc8fc85609a32ca7280ae206529	22455c945576d28d86ac98a3b512327740b12f0cc3a3a6006ad1c59dfe9c9584	otf_sparse_formula	2026-09-25T12:45:44.039665Z	--arms unreal:gr1:oxidd	0.000000	6987776		8G	0			true		acacia-syntcomp26-coverage-3638921-5d8ddcf9b726.scope
arm-6	full_arbiter_unreal1_pb_4_2_pe_.ltl	full_arbiter_unreal1_pb_4_2_pe_.tlsf	60	UNKNOWN	0.034014087985269725	2	false		status	0	146	554	3dc9fdf38b30dbc8fc85609a32ca7280ae206529	22455c945576d28d86ac98a3b512327740b12f0cc3a3a6006ad1c59dfe9c9584	otf_sparse_formula	2026-09-25T12:45:44.114628Z	--arms unreal:gr1:oxidd	0.000000	6971392		8G	0			true		acacia-syntcomp26-coverage-3638921-9136e4ef54ec.scope
arm-6	full_arbiter_unreal1_pb_4_3_pe_.ltl	full_arbiter_unreal1_pb_4_3_pe_.tlsf	60	UNKNOWN	0.03606378904078156	2	false		status	0	146	555	3dc9fdf38b30dbc8fc85609a32ca7280ae206529	22455c945576d28d86ac98a3b512327740b12f0cc3a3a6006ad1c59dfe9c9584	otf_sparse_formula	2026-09-25T12:45:44.175700Z	--arms unreal:gr1:oxidd	0.000000	6959104		8G	0			true		acacia-syntcomp26-coverage-3638921-4ccc83f876ea.scope
arm-6	full_arbiter_unreal1_pb_4_4_pe_.ltl	full_arbiter_unreal1_pb_4_4_pe_.tlsf	60	UNKNOWN	0.04062824498396367	2	false		status	0	146	556	3dc9fdf38b30dbc8fc85609a32ca7280ae206529	22455c945576d28d86ac98a3b512327740b12f0cc3a3a6006ad1c59dfe9c9584	otf_sparse_formula	2026-09-25T12:45:44.255894Z	--arms unreal:gr1:oxidd	0.000000	7004160		8G	0			true		acacia-syntcomp26-coverage-3638921-50e00c022668.scope
arm-6	full_arbiter_unreal1_pb_4_5_pe_.ltl	full_arbiter_unreal1_pb_4_5_pe_.tlsf	60	UNKNOWN	0.037927683093585074	2	false		status	0	146	557	3dc9fdf38b30dbc8fc85609a32ca7280ae206529	22455c945576d28d86ac98a3b512327740b12f0cc3a3a6006ad1c59dfe9c9584	otf_sparse_formula	2026-09-25T12:45:44.327906Z	--arms unreal:gr1:oxidd	0.000000	6922240		8G	0			true		acacia-syntcomp26-coverage-3638921-dc514079ea6d.scope
arm-6	full_arbiter_unreal1_pb_4_6_pe_.ltl	full_arbiter_unreal1_pb_4_6_pe_.tlsf	60	UNKNOWN	0.03482297598384321	2	false		none	0	146	558	3dc9fdf38b30dbc8fc85609a32ca7280ae206529	22455c945576d28d86ac98a3b512327740b12f0cc3a3a6006ad1c59dfe9c9584	otf_sparse_formula	2026-09-25T12:45:44.403381Z	--arms unreal:gr1:oxidd	0.000000	7036928		8G	0			true		acacia-syntcomp26-coverage-3638921-98aefa1c6f29.scope
arm-6	full_arbiter_unreal1_pb_4_7_pe_.ltl	full_arbiter_unreal1_pb_4_7_pe_.tlsf	60	UNKNOWN	0.03514066303614527	2	false		none	0	146	559	3dc9fdf38b30dbc8fc85609a32ca7280ae206529	22455c945576d28d86ac98a3b512327740b12f0cc3a3a6006ad1c59dfe9c9584	otf_sparse_formula	2026-09-25T12:45:44.480548Z	--arms unreal:gr1:oxidd	0.000000	6930432		8G	0			true		acacia-syntcomp26-coverage-3638921-e93da19f6ff1.scope
arm-6	full_arbiter_unreal1_pb_4_8_pe_.ltl	full_arbiter_unreal1_pb_4_8_pe_.tlsf	60	UNKNOWN	0.036239630077034235	2	false		none	0	146	560	3dc9fdf38b30dbc8fc85609a32ca7280ae206529	22455c945576d28d86ac98a3b512327740b12f0cc3a3a6006ad1c59dfe9c9584	otf_sparse_formula	2026-09-25T12:45:44.557334Z	--arms unreal:gr1:oxidd	0.000000	6950912		8G	0			true		acacia-syntcomp26-coverage-3638921-a9142cbef784.scope
arm-6	full_arbiter_unreal1_pb_6_8_pe_.ltl	full_arbiter_unreal1_pb_6_8_pe_.tlsf	60	UNKNOWN	0.03252830007113516	2	false		none	0	146	561	3dc9fdf38b30dbc8fc85609a32ca7280ae206529	22455c945576d28d86ac98a3b512327740b12f0cc3a3a6006ad1c59dfe9c9584	otf_sparse_formula	2026-09-25T12:45:44.631821Z	--arms unreal:gr1:oxidd	0.000000	6995968		8G	0			true		acacia-syntcomp26-coverage-3638921-94495cd8b5da.scope
arm-6	full_arbiter_unreal2_pb_2_pe_.ltl	full_arbiter_unreal2_pb_2_pe_.tlsf	60	UNREALIZABLE	0.06153473595622927	1	false		status	13	30	562	3dc9fdf38b30dbc8fc85609a32ca7280ae206529	22455c945576d28d86ac98a3b512327740b12f0cc3a3a6006ad1c59dfe9c9584	otf_sparse_formula	2026-09-25T12:45:44.706310Z	--arms unreal:gr1:oxidd	0.040000	47153152		8G	0			true		acacia-syntcomp26-coverage-3638921-64ffb7fef376.scope
arm-6	full_arbiter_unreal2_pb_3_pe_.ltl	full_arbiter_unreal2_pb_3_pe_.tlsf	60	UNREALIZABLE	0.07615564193110913	1	false		status	13	30	563	3dc9fdf38b30dbc8fc85609a32ca7280ae206529	22455c945576d28d86ac98a3b512327740b12f0cc3a3a6006ad1c59dfe9c9584	otf_sparse_formula	2026-09-25T12:45:44.795360Z	--arms unreal:gr1:oxidd	0.040000	45395968		8G	0			true		acacia-syntcomp26-coverage-3638921-124d2b7e843b.scope
arm-6	full_arbiter_unreal2_pb_4_pe_.ltl	full_arbiter_unreal2_pb_4_pe_.tlsf	60	UNREALIZABLE	0.1486502569168806	1	false		status	13	30	564	3dc9fdf38b30dbc8fc85609a32ca7280ae206529	22455c945576d28d86ac98a3b512327740b12f0cc3a3a6006ad1c59dfe9c9584	otf_sparse_formula	2026-09-25T12:45:44.956909Z	--arms unreal:gr1:oxidd	0.120000	49369088		8G	0			true		acacia-syntcomp26-coverage-3638921-8868e6a6ae01.scope
arm-6	full_arbiter_unreal2_pb_5_pe_.ltl	full_arbiter_unreal2_pb_5_pe_.tlsf	60	UNREALIZABLE	0.38993153907358646	1	false		none	13	30	565	3dc9fdf38b30dbc8fc85609a32ca7280ae206529	22455c945576d28d86ac98a3b512327740b12f0cc3a3a6006ad1c59dfe9c9584	otf_sparse_formula	2026-09-25T12:45:45.359975Z	--arms unreal:gr1:oxidd	0.360000	75526144		8G	0			true		acacia-syntcomp26-coverage-3638921-40920a7bb17a.scope
arm-6	full_arbiter_unreal2_pb_6_pe_.ltl	full_arbiter_unreal2_pb_6_pe_.tlsf	60	UNREALIZABLE	2.739485566969961	1	false		none	13	31	566	3dc9fdf38b30dbc8fc85609a32ca7280ae206529	22455c945576d28d86ac98a3b512327740b12f0cc3a3a6006ad1c59dfe9c9584	otf_sparse_formula	2026-09-25T12:45:48.113298Z	--arms unreal:gr1:oxidd	2.710000	169558016		8G	0			true		acacia-syntcomp26-coverage-3638921-13cc4bcb2803.scope
arm-6	full_arbiter_unreal2_pb_7_pe_.ltl	full_arbiter_unreal2_pb_7_pe_.tlsf	60	UNKNOWN	4.617015770054422	2	false		none	0	130	567	3dc9fdf38b30dbc8fc85609a32ca7280ae206529	22455c945576d28d86ac98a3b512327740b12f0cc3a3a6006ad1c59dfe9c9584	otf_sparse_formula	2026-09-25T12:45:52.746076Z	--arms unreal:gr1:oxidd	5.090000	308903936		8G	0			true		acacia-syntcomp26-coverage-3638921-100aca4f71db.scope
arm-6	g-real-real.ltl	g-real-real.tlsf	60	UNKNOWN	0.04223504394758493	2	false		none	0	215	568	3dc9fdf38b30dbc8fc85609a32ca7280ae206529	22455c945576d28d86ac98a3b512327740b12f0cc3a3a6006ad1c59dfe9c9584	otf_sparse_formula	2026-09-25T12:45:52.828455Z	--arms unreal:gr1:oxidd	0.000000	22003712		8G	0			true		acacia-syntcomp26-coverage-3638921-3bc8d7a34165.scope
arm-6	g-real0.ltl	g-real0.tlsf	60	UNKNOWN	0.047387878061272204	2	false		none	0	215	569	3dc9fdf38b30dbc8fc85609a32ca7280ae206529	22455c945576d28d86ac98a3b512327740b12f0cc3a3a6006ad1c59dfe9c9584	otf_sparse_formula	2026-09-25T12:45:52.915653Z	--arms unreal:gr1:oxidd	0.000000	21852160		8G	0			true		acacia-syntcomp26-coverage-3638921-cf3b8f5abf01.scope
arm-6	g-unreal-1-unreal.ltl	g-unreal-1-unreal.tlsf	60	UNKNOWN	0.05543522897642106	2	false		none	0	296	570	3dc9fdf38b30dbc8fc85609a32ca7280ae206529	22455c945576d28d86ac98a3b512327740b12f0cc3a3a6006ad1c59dfe9c9584	otf_sparse_formula	2026-09-25T12:45:52.987435Z	--arms unreal:gr1:oxidd	0.020000	25108480		8G	0			true		acacia-syntcomp26-coverage-3638921-2a1a23bc79e0.scope
arm-6	g-unreal-10.ltl	g-unreal-10.tlsf	60	UNKNOWN	0.029731909977272153	2	false		none	0	191	571	3dc9fdf38b30dbc8fc85609a32ca7280ae206529	22455c945576d28d86ac98a3b512327740b12f0cc3a3a6006ad1c59dfe9c9584	otf_sparse_formula	2026-09-25T12:45:53.052118Z	--arms unreal:gr1:oxidd	0.000000	21049344		8G	0			true		acacia-syntcomp26-coverage-3638921-4deb6a624854.scope
arm-6	g-unreal-11.ltl	g-unreal-11.tlsf	60	UNKNOWN	0.04056558001320809	2	false		none	0	213	572	3dc9fdf38b30dbc8fc85609a32ca7280ae206529	22455c945576d28d86ac98a3b512327740b12f0cc3a3a6006ad1c59dfe9c9584	otf_sparse_formula	2026-09-25T12:45:53.129496Z	--arms unreal:gr1:oxidd	0.010000	21127168		8G	0			true		acacia-syntcomp26-coverage-3638921-55ae2f8d83ef.scope
arm-6	g-unreal-110.ltl	g-unreal-110.tlsf	60	UNKNOWN	0.04192767397034913	2	false		none	0	275	573	3dc9fdf38b30dbc8fc85609a32ca7280ae206529	22455c945576d28d86ac98a3b512327740b12f0cc3a3a6006ad1c59dfe9c9584	otf_sparse_formula	2026-09-25T12:45:53.184595Z	--arms unreal:gr1:oxidd	0.020000	22921216		8G	0			true		acacia-syntcomp26-coverage-3638921-63351e092bb2.scope
arm-6	g-unreal-111.ltl	g-unreal-111.tlsf	60	UNKNOWN	0.04292424791492522	2	false		none	0	274	574	3dc9fdf38b30dbc8fc85609a32ca7280ae206529	22455c945576d28d86ac98a3b512327740b12f0cc3a3a6006ad1c59dfe9c9584	otf_sparse_formula	2026-09-25T12:45:53.240515Z	--arms unreal:gr1:oxidd	0.010000	22986752		8G	0			true		acacia-syntcomp26-coverage-3638921-9814f6f18f37.scope
arm-6	g-unreal-112.ltl	g-unreal-112.tlsf	60	UNKNOWN	0.05215883592609316	2	false		none	0	275	575	3dc9fdf38b30dbc8fc85609a32ca7280ae206529	22455c945576d28d86ac98a3b512327740b12f0cc3a3a6006ad1c59dfe9c9584	otf_sparse_formula	2026-09-25T12:45:53.330851Z	--arms unreal:gr1:oxidd	0.020000	23019520		8G	0			true		acacia-syntcomp26-coverage-3638921-8cc2f01f1a7b.scope
arm-6	g-unreal-113.ltl	g-unreal-113.tlsf	60	UNKNOWN	0.05558289203327149	2	false		none	0	274	576	3dc9fdf38b30dbc8fc85609a32ca7280ae206529	22455c945576d28d86ac98a3b512327740b12f0cc3a3a6006ad1c59dfe9c9584	otf_sparse_formula	2026-09-25T12:45:53.423731Z	--arms unreal:gr1:oxidd	0.020000	23367680		8G	0			true		acacia-syntcomp26-coverage-3638921-9e661d3802a8.scope
arm-6	g-unreal-114.ltl	g-unreal-114.tlsf	60	UNKNOWN	0.05696972401347011	2	false		none	0	274	577	3dc9fdf38b30dbc8fc85609a32ca7280ae206529	22455c945576d28d86ac98a3b512327740b12f0cc3a3a6006ad1c59dfe9c9584	otf_sparse_formula	2026-09-25T12:45:53.521929Z	--arms unreal:gr1:oxidd	0.020000	23347200		8G	0			true		acacia-syntcomp26-coverage-3638921-26d1dba3bcf3.scope
arm-6	g-unreal-115.ltl	g-unreal-115.tlsf	60	UNKNOWN	0.04489307897165418	2	false		none	0	273	578	3dc9fdf38b30dbc8fc85609a32ca7280ae206529	22455c945576d28d86ac98a3b512327740b12f0cc3a3a6006ad1c59dfe9c9584	otf_sparse_formula	2026-09-25T12:45:53.604680Z	--arms unreal:gr1:oxidd	0.010000	23433216		8G	0			true		acacia-syntcomp26-coverage-3638921-4356c5bf4932.scope
arm-6	g-unreal-116.ltl	g-unreal-116.tlsf	60	UNKNOWN	0.04883989994414151	2	false		none	0	298	579	3dc9fdf38b30dbc8fc85609a32ca7280ae206529	22455c945576d28d86ac98a3b512327740b12f0cc3a3a6006ad1c59dfe9c9584	otf_sparse_formula	2026-09-25T12:45:53.679963Z	--arms unreal:gr1:oxidd	0.010000	24481792		8G	0			true		acacia-syntcomp26-coverage-3638921-f47a5753fb05.scope
arm-6	g-unreal-117.ltl	g-unreal-117.tlsf	60	UNKNOWN	0.0623796209692955	2	false		none	0	297	580	3dc9fdf38b30dbc8fc85609a32ca7280ae206529	22455c945576d28d86ac98a3b512327740b12f0cc3a3a6006ad1c59dfe9c9584	otf_sparse_formula	2026-09-25T12:45:53.767634Z	--arms unreal:gr1:oxidd	0.020000	24518656		8G	0			true		acacia-syntcomp26-coverage-3638921-3c9f23cc7a25.scope
arm-6	g-unreal-118.ltl	g-unreal-118.tlsf	60	UNKNOWN	0.05551767605356872	2	false		none	0	297	581	3dc9fdf38b30dbc8fc85609a32ca7280ae206529	22455c945576d28d86ac98a3b512327740b12f0cc3a3a6006ad1c59dfe9c9584	otf_sparse_formula	2026-09-25T12:45:53.844801Z	--arms unreal:gr1:oxidd	0.020000	24793088		8G	0			true		acacia-syntcomp26-coverage-3638921-7d68c9772b56.scope
arm-6	g-unreal-119.ltl	g-unreal-119.tlsf	60	UNKNOWN	0.05228292103856802	2	false		none	0	296	582	3dc9fdf38b30dbc8fc85609a32ca7280ae206529	22455c945576d28d86ac98a3b512327740b12f0cc3a3a6006ad1c59dfe9c9584	otf_sparse_formula	2026-09-25T12:45:53.921732Z	--arms unreal:gr1:oxidd	0.020000	24801280		8G	0			true		acacia-syntcomp26-coverage-3638921-8a22b233e5f2.scope
arm-6	g-unreal-12.ltl	g-unreal-12.tlsf	60	UNKNOWN	0.04255313205067068	2	false		none	0	234	583	3dc9fdf38b30dbc8fc85609a32ca7280ae206529	22455c945576d28d86ac98a3b512327740b12f0cc3a3a6006ad1c59dfe9c9584	otf_sparse_formula	2026-09-25T12:45:54.002270Z	--arms unreal:gr1:oxidd	0.010000	21467136		8G	0			true		acacia-syntcomp26-coverage-3638921-0b630c0d026f.scope
arm-6	g-unreal-120.ltl	g-unreal-120.tlsf	60	UNKNOWN	0.05622809496708214	2	false		none	0	297	584	3dc9fdf38b30dbc8fc85609a32ca7280ae206529	22455c945576d28d86ac98a3b512327740b12f0cc3a3a6006ad1c59dfe9c9584	otf_sparse_formula	2026-09-25T12:45:54.074178Z	--arms unreal:gr1:oxidd	0.020000	25096192		8G	0			true		acacia-syntcomp26-coverage-3638921-aaa8b9ac0158.scope
arm-6	g-unreal-13.ltl	g-unreal-13.tlsf	60	UNKNOWN	0.04315505805425346	2	false		none	0	233	585	3dc9fdf38b30dbc8fc85609a32ca7280ae206529	22455c945576d28d86ac98a3b512327740b12f0cc3a3a6006ad1c59dfe9c9584	otf_sparse_formula	2026-09-25T12:45:54.144086Z	--arms unreal:gr1:oxidd	0.010000	21397504		8G	0			true		acacia-syntcomp26-coverage-3638921-4864d2ae2086.scope
arm-6	g-unreal-14.ltl	g-unreal-14.tlsf	60	UNKNOWN	0.04612666799221188	2	false		none	0	255	586	3dc9fdf38b30dbc8fc85609a32ca7280ae206529	22455c945576d28d86ac98a3b512327740b12f0cc3a3a6006ad1c59dfe9c9584	otf_sparse_formula	2026-09-25T12:45:54.225453Z	--arms unreal:gr1:oxidd	0.010000	21823488		8G	0			true		acacia-syntcomp26-coverage-3638921-300abc61b200.scope
arm-6	g-unreal-15.ltl	g-unreal-15.tlsf	60	UNKNOWN	0.04041804594453424	2	false		none	0	254	587	3dc9fdf38b30dbc8fc85609a32ca7280ae206529	22455c945576d28d86ac98a3b512327740b12f0cc3a3a6006ad1c59dfe9c9584	otf_sparse_formula	2026-09-25T12:45:54.292723Z	--arms unreal:gr1:oxidd	0.020000	21839872		8G	0			true		acacia-syntcomp26-coverage-3638921-17175ba0af6f.scope
arm-6	g-unreal-16.ltl	g-unreal-16.tlsf	60	UNKNOWN	0.0440089920302853	2	false		none	0	254	588	3dc9fdf38b30dbc8fc85609a32ca7280ae206529	22455c945576d28d86ac98a3b512327740b12f0cc3a3a6006ad1c59dfe9c9584	otf_sparse_formula	2026-09-25T12:45:54.375966Z	--arms unreal:gr1:oxidd	0.000000	21958656		8G	0			true		acacia-syntcomp26-coverage-3638921-fdf61284a9ef.scope
arm-6	g-unreal-17.ltl	g-unreal-17.tlsf	60	UNKNOWN	0.043204709072597325	2	false		none	0	253	589	3dc9fdf38b30dbc8fc85609a32ca7280ae206529	22455c945576d28d86ac98a3b512327740b12f0cc3a3a6006ad1c59dfe9c9584	otf_sparse_formula	2026-09-25T12:45:54.443312Z	--arms unreal:gr1:oxidd	0.010000	22016000		8G	0			true		acacia-syntcomp26-coverage-3638921-6dbabea1a564.scope
arm-6	g-unreal-18.ltl	g-unreal-18.tlsf	60	UNKNOWN	0.05453529593069106	2	false		none	0	276	590	3dc9fdf38b30dbc8fc85609a32ca7280ae206529	22455c945576d28d86ac98a3b512327740b12f0cc3a3a6006ad1c59dfe9c9584	otf_sparse_formula	2026-09-25T12:45:54.536530Z	--arms unreal:gr1:oxidd	0.020000	22593536		8G	0			true		acacia-syntcomp26-coverage-3638921-73c07d2b4de9.scope
arm-6	g-unreal-19.ltl	g-unreal-19.tlsf	60	UNKNOWN	0.04438582598231733	2	false		none	0	275	591	3dc9fdf38b30dbc8fc85609a32ca7280ae206529	22455c945576d28d86ac98a3b512327740b12f0cc3a3a6006ad1c59dfe9c9584	otf_sparse_formula	2026-09-25T12:45:54.608749Z	--arms unreal:gr1:oxidd	0.010000	22745088		8G	0			true		acacia-syntcomp26-coverage-3638921-5dbf719d2d0a.scope
arm-6	g-unreal-20.ltl	g-unreal-20.tlsf	60	UNKNOWN	0.14564125996548682	2	false		none	0	235	592	3dc9fdf38b30dbc8fc85609a32ca7280ae206529	22455c945576d28d86ac98a3b512327740b12f0cc3a3a6006ad1c59dfe9c9584	otf_sparse_formula	2026-09-25T12:45:54.768836Z	--arms unreal:gr1:oxidd	0.110000	75976704		8G	0			true		acacia-syntcomp26-coverage-3638921-71fc7ddeefda.scope
arm-6	g-unreal-21.ltl	g-unreal-21.tlsf	60	UNKNOWN	0.46346782706677914	2	false		none	0	236	593	3dc9fdf38b30dbc8fc85609a32ca7280ae206529	22455c945576d28d86ac98a3b512327740b12f0cc3a3a6006ad1c59dfe9c9584	otf_sparse_formula	2026-09-25T12:45:55.244601Z	--arms unreal:gr1:oxidd	0.430000	248242176		8G	0			true		acacia-syntcomp26-coverage-3638921-31fd1dc866bf.scope
arm-6	g-unreal-30.ltl	g-unreal-30.tlsf	60	UNKNOWN	0.04466061189305037	2	false		none	0	213	594	3dc9fdf38b30dbc8fc85609a32ca7280ae206529	22455c945576d28d86ac98a3b512327740b12f0cc3a3a6006ad1c59dfe9c9584	otf_sparse_formula	2026-09-25T12:45:55.318292Z	--arms unreal:gr1:oxidd	0.000000	21258240		8G	0			true		acacia-syntcomp26-coverage-3638921-8e9b07469c90.scope
arm-6	g-unreal-31.ltl	g-unreal-31.tlsf	60	UNKNOWN	0.0440922990674153	2	false		none	0	234	595	3dc9fdf38b30dbc8fc85609a32ca7280ae206529	22455c945576d28d86ac98a3b512327740b12f0cc3a3a6006ad1c59dfe9c9584	otf_sparse_formula	2026-09-25T12:45:55.400544Z	--arms unreal:gr1:oxidd	0.010000	21397504		8G	0			true		acacia-syntcomp26-coverage-3638921-4cfc84d3d619.scope
arm-6	g-unreal-310.ltl	g-unreal-310.tlsf	60	UNKNOWN	0.06602696899790317	2	false		none	0	256	596	3dc9fdf38b30dbc8fc85609a32ca7280ae206529	22455c945576d28d86ac98a3b512327740b12f0cc3a3a6006ad1c59dfe9c9584	otf_sparse_formula	2026-09-25T12:45:55.479190Z	--arms unreal:gr1:oxidd	0.030000	31870976		8G	0			true		acacia-syntcomp26-coverage-3638921-d00db3e7fe05.scope
arm-6	g-unreal-311.ltl	g-unreal-311.tlsf	60	UNKNOWN	0.07244909997098148	2	false		none	0	280	597	3dc9fdf38b30dbc8fc85609a32ca7280ae206529	22455c945576d28d86ac98a3b512327740b12f0cc3a3a6006ad1c59dfe9c9584	otf_sparse_formula	2026-09-25T12:45:55.564122Z	--arms unreal:gr1:oxidd	0.040000	34828288		8G	0			true		acacia-syntcomp26-coverage-3638921-a9f34270e8dd.scope
arm-6	g-unreal-312.ltl	g-unreal-312.tlsf	60	UNKNOWN	0.06204564601648599	2	false		none	0	279	598	3dc9fdf38b30dbc8fc85609a32ca7280ae206529	22455c945576d28d86ac98a3b512327740b12f0cc3a3a6006ad1c59dfe9c9584	otf_sparse_formula	2026-09-25T12:45:55.640177Z	--arms unreal:gr1:oxidd	0.040000	36298752		8G	0			true		acacia-syntcomp26-coverage-3638921-22b9481cf0f1.scope
arm-6	g-unreal-313.ltl	g-unreal-313.tlsf	60	UNKNOWN	0.05347257398534566	2	false		none	0	279	599	3dc9fdf38b30dbc8fc85609a32ca7280ae206529	22455c945576d28d86ac98a3b512327740b12f0cc3a3a6006ad1c59dfe9c9584	otf_sparse_formula	2026-09-25T12:45:55.707059Z	--arms unreal:gr1:oxidd	0.040000	37400576		8G	0			true		acacia-syntcomp26-coverage-3638921-cba02ae61521.scope
arm-6	g-unreal-314.ltl	g-unreal-314.tlsf	60	UNKNOWN	0.07360257196705788	2	false		none	0	279	600	3dc9fdf38b30dbc8fc85609a32ca7280ae206529	22455c945576d28d86ac98a3b512327740b12f0cc3a3a6006ad1c59dfe9c9584	otf_sparse_formula	2026-09-25T12:45:55.793334Z	--arms unreal:gr1:oxidd	0.050000	40398848		8G	0			true		acacia-syntcomp26-coverage-3638921-f26f3de5b1ee.scope
arm-6	g-unreal-32.ltl	g-unreal-32.tlsf	60	UNKNOWN	0.023667749017477036	2	false		none	0	256	601	3dc9fdf38b30dbc8fc85609a32ca7280ae206529	22455c945576d28d86ac98a3b512327740b12f0cc3a3a6006ad1c59dfe9c9584	otf_sparse_formula	2026-09-25T12:45:55.830279Z	--arms unreal:gr1:oxidd	0.000000	22106112		8G	0			true		acacia-syntcomp26-coverage-3638921-bcc449056858.scope
arm-6	g-unreal-33.ltl	g-unreal-33.tlsf	60	UNKNOWN	0.03574574796948582	2	false		none	0	257	602	3dc9fdf38b30dbc8fc85609a32ca7280ae206529	22455c945576d28d86ac98a3b512327740b12f0cc3a3a6006ad1c59dfe9c9584	otf_sparse_formula	2026-09-25T12:45:55.900112Z	--arms unreal:gr1:oxidd	0.010000	24133632		8G	0			true		acacia-syntcomp26-coverage-3638921-03f8d1c0d54b.scope
arm-6	g-unreal-34.ltl	g-unreal-34.tlsf	60	UNKNOWN	0.05731233593542129	2	false		none	0	258	603	3dc9fdf38b30dbc8fc85609a32ca7280ae206529	22455c945576d28d86ac98a3b512327740b12f0cc3a3a6006ad1c59dfe9c9584	otf_sparse_formula	2026-09-25T12:45:55.972003Z	--arms unreal:gr1:oxidd	0.020000	25935872		8G	0			true		acacia-syntcomp26-coverage-3638921-efad33db6a06.scope
arm-6	g-unreal-35.ltl	g-unreal-35.tlsf	60	UNKNOWN	0.0537567239953205	2	false		none	0	257	604	3dc9fdf38b30dbc8fc85609a32ca7280ae206529	22455c945576d28d86ac98a3b512327740b12f0cc3a3a6006ad1c59dfe9c9584	otf_sparse_formula	2026-09-25T12:45:56.041142Z	--arms unreal:gr1:oxidd	0.020000	26423296		8G	0			true		acacia-syntcomp26-coverage-3638921-80c659df73de.scope
arm-6	g-unreal-36.ltl	g-unreal-36.tlsf	60	UNKNOWN	0.051562928943894804	2	false		none	0	257	605	3dc9fdf38b30dbc8fc85609a32ca7280ae206529	22455c945576d28d86ac98a3b512327740b12f0cc3a3a6006ad1c59dfe9c9584	otf_sparse_formula	2026-09-25T12:45:56.105211Z	--arms unreal:gr1:oxidd	0.020000	26648576		8G	0			true		acacia-syntcomp26-coverage-3638921-e9256ed5751a.scope
arm-6	g-unreal-37.ltl	g-unreal-37.tlsf	60	UNKNOWN	0.048135700984857976	2	false		none	0	257	606	3dc9fdf38b30dbc8fc85609a32ca7280ae206529	22455c945576d28d86ac98a3b512327740b12f0cc3a3a6006ad1c59dfe9c9584	otf_sparse_formula	2026-09-25T12:45:56.166170Z	--arms unreal:gr1:oxidd	0.020000	27389952		8G	0			true		acacia-syntcomp26-coverage-3638921-a85d40d7dae3.scope
arm-6	g-unreal-38.ltl	g-unreal-38.tlsf	60	UNKNOWN	0.05131468805484474	2	false		none	0	258	607	3dc9fdf38b30dbc8fc85609a32ca7280ae206529	22455c945576d28d86ac98a3b512327740b12f0cc3a3a6006ad1c59dfe9c9584	otf_sparse_formula	2026-09-25T12:45:56.241328Z	--arms unreal:gr1:oxidd	0.010000	29159424		8G	0			true		acacia-syntcomp26-coverage-3638921-3323ff1599ac.scope
arm-6	g-unreal-39.ltl	g-unreal-39.tlsf	60	UNKNOWN	0.06821247597690672	2	false		none	0	258	608	3dc9fdf38b30dbc8fc85609a32ca7280ae206529	22455c945576d28d86ac98a3b512327740b12f0cc3a3a6006ad1c59dfe9c9584	otf_sparse_formula	2026-09-25T12:45:56.322928Z	--arms unreal:gr1:oxidd	0.030000	30310400		8G	0			true		acacia-syntcomp26-coverage-3638921-78ca401089a6.scope
arm-6	generalized_buffer_pb_2_pe_.ltl	generalized_buffer_pb_2_pe_.tlsf	60	UNKNOWN	0.04970854695420712	2	false		status	0	363	609	3dc9fdf38b30dbc8fc85609a32ca7280ae206529	22455c945576d28d86ac98a3b512327740b12f0cc3a3a6006ad1c59dfe9c9584	otf_sparse_formula	2026-09-25T12:45:56.386011Z	--arms unreal:gr1:oxidd	0.010000	20676608		8G	0			true		acacia-syntcomp26-coverage-3638921-b24a20c2d6ad.scope
arm-6	generalized_buffer_pb_3_pe_.ltl	generalized_buffer_pb_3_pe_.tlsf	60	UNKNOWN	0.04804006195627153	2	false		none	0	363	610	3dc9fdf38b30dbc8fc85609a32ca7280ae206529	22455c945576d28d86ac98a3b512327740b12f0cc3a3a6006ad1c59dfe9c9584	otf_sparse_formula	2026-09-25T12:45:56.457281Z	--arms unreal:gr1:oxidd	0.020000	20598784		8G	0			true		acacia-syntcomp26-coverage-3638921-3d1703903e0a.scope
arm-6	generalized_buffer_pb_4_pe_.ltl	generalized_buffer_pb_4_pe_.tlsf	60	UNKNOWN	0.051961436052806675	2	false		none	0	363	611	3dc9fdf38b30dbc8fc85609a32ca7280ae206529	22455c945576d28d86ac98a3b512327740b12f0cc3a3a6006ad1c59dfe9c9584	otf_sparse_formula	2026-09-25T12:45:56.524163Z	--arms unreal:gr1:oxidd	0.020000	20598784		8G	0			true		acacia-syntcomp26-coverage-3638921-9cb1d1182b18.scope
arm-6	generalized_buffer_pb_5_pe_.ltl	generalized_buffer_pb_5_pe_.tlsf	60	UNKNOWN	0.052910445956513286	2	false		none	0	363	612	3dc9fdf38b30dbc8fc85609a32ca7280ae206529	22455c945576d28d86ac98a3b512327740b12f0cc3a3a6006ad1c59dfe9c9584	otf_sparse_formula	2026-09-25T12:45:56.591253Z	--arms unreal:gr1:oxidd	0.020000	20811776		8G	0			true		acacia-syntcomp26-coverage-3638921-de037843f344.scope
arm-6	generalized_buffer_pb_6_pe_.ltl	generalized_buffer_pb_6_pe_.tlsf	60	UNKNOWN	0.06071218498982489	2	false		none	0	363	613	3dc9fdf38b30dbc8fc85609a32ca7280ae206529	22455c945576d28d86ac98a3b512327740b12f0cc3a3a6006ad1c59dfe9c9584	otf_sparse_formula	2026-09-25T12:45:56.675026Z	--arms unreal:gr1:oxidd	0.020000	20877312		8G	0			true		acacia-syntcomp26-coverage-3638921-6c9bd7413bc1.scope
arm-6	gf-real-real.ltl	gf-real-real.tlsf	60	UNKNOWN	0.04390142695046961	2	false		none	0	191	614	3dc9fdf38b30dbc8fc85609a32ca7280ae206529	22455c945576d28d86ac98a3b512327740b12f0cc3a3a6006ad1c59dfe9c9584	otf_sparse_formula	2026-09-25T12:45:56.758876Z	--arms unreal:gr1:oxidd	0.010000	21032960		8G	0			true		acacia-syntcomp26-coverage-3638921-295e0440bf8f.scope
arm-6	gf-unreal0.ltl	gf-unreal0.tlsf	60	UNKNOWN	0.03494555491488427	2	false		none	0	169	615	3dc9fdf38b30dbc8fc85609a32ca7280ae206529	22455c945576d28d86ac98a3b512327740b12f0cc3a3a6006ad1c59dfe9c9584	otf_sparse_formula	2026-09-25T12:45:56.816731Z	--arms unreal:gr1:oxidd	0.000000	20836352		8G	0			true		acacia-syntcomp26-coverage-3638921-5c59d81d2abf.scope
arm-6	gf-unreal1.ltl	gf-unreal1.tlsf	60	UNKNOWN	0.020983250928111374	2	false		none	0	191	616	3dc9fdf38b30dbc8fc85609a32ca7280ae206529	22455c945576d28d86ac98a3b512327740b12f0cc3a3a6006ad1c59dfe9c9584	otf_sparse_formula	2026-09-25T12:45:56.861934Z	--arms unreal:gr1:oxidd	0.000000	20975616		8G	0			true		acacia-syntcomp26-coverage-3638921-8c1bfac9f5e6.scope
arm-6	gf-unreal10.ltl	gf-unreal10.tlsf	60	UNKNOWN	0.044610842945985496	2	false		none	0	253	617	3dc9fdf38b30dbc8fc85609a32ca7280ae206529	22455c945576d28d86ac98a3b512327740b12f0cc3a3a6006ad1c59dfe9c9584	otf_sparse_formula	2026-09-25T12:45:56.932005Z	--arms unreal:gr1:oxidd	0.010000	21700608		8G	0			true		acacia-syntcomp26-coverage-3638921-b431cb0a5976.scope
arm-6	gf-unreal11.ltl	gf-unreal11.tlsf	60	UNKNOWN	0.04767617001198232	2	false		none	0	252	618	3dc9fdf38b30dbc8fc85609a32ca7280ae206529	22455c945576d28d86ac98a3b512327740b12f0cc3a3a6006ad1c59dfe9c9584	otf_sparse_formula	2026-09-25T12:45:57.018687Z	--arms unreal:gr1:oxidd	0.010000	21786624		8G	0			true		acacia-syntcomp26-coverage-3638921-2a3d023631d0.scope
arm-6	gf-unreal12.ltl	gf-unreal12.tlsf	60	UNKNOWN	0.04229745897464454	2	false		none	0	253	619	3dc9fdf38b30dbc8fc85609a32ca7280ae206529	22455c945576d28d86ac98a3b512327740b12f0cc3a3a6006ad1c59dfe9c9584	otf_sparse_formula	2026-09-25T12:45:57.097509Z	--arms unreal:gr1:oxidd	0.010000	21798912		8G	0			true		acacia-syntcomp26-coverage-3638921-b10adce27653.scope
arm-6	gf-unreal13.ltl	gf-unreal13.tlsf	60	UNKNOWN	0.04438062396366149	2	false		none	0	252	620	3dc9fdf38b30dbc8fc85609a32ca7280ae206529	22455c945576d28d86ac98a3b512327740b12f0cc3a3a6006ad1c59dfe9c9584	otf_sparse_formula	2026-09-25T12:45:57.176954Z	--arms unreal:gr1:oxidd	0.010000	21864448		8G	0			true		acacia-syntcomp26-coverage-3638921-02392737ac3e.scope
arm-6	gf-unreal14.ltl	gf-unreal14.tlsf	60	UNKNOWN	0.04377967293839902	2	false		none	0	252	621	3dc9fdf38b30dbc8fc85609a32ca7280ae206529	22455c945576d28d86ac98a3b512327740b12f0cc3a3a6006ad1c59dfe9c9584	otf_sparse_formula	2026-09-25T12:45:57.247952Z	--arms unreal:gr1:oxidd	0.010000	21909504		8G	0			true		acacia-syntcomp26-coverage-3638921-f0a509d22b3f.scope
arm-6	gf-unreal15.ltl	gf-unreal15.tlsf	60	UNKNOWN	0.041096514905802906	2	false		none	0	251	622	3dc9fdf38b30dbc8fc85609a32ca7280ae206529	22455c945576d28d86ac98a3b512327740b12f0cc3a3a6006ad1c59dfe9c9584	otf_sparse_formula	2026-09-25T12:45:57.324962Z	--arms unreal:gr1:oxidd	0.010000	21962752		8G	0			true		acacia-syntcomp26-coverage-3638921-4c9097227490.scope
arm-6	gf-unreal16.ltl	gf-unreal16.tlsf	60	UNKNOWN	0.04120845708530396	2	false		none	0	275	623	3dc9fdf38b30dbc8fc85609a32ca7280ae206529	22455c945576d28d86ac98a3b512327740b12f0cc3a3a6006ad1c59dfe9c9584	otf_sparse_formula	2026-09-25T12:45:57.391216Z	--arms unreal:gr1:oxidd	0.010000	22433792		8G	0			true		acacia-syntcomp26-coverage-3638921-f727a5775772.scope
arm-6	gf-unreal17.ltl	gf-unreal17.tlsf	60	UNKNOWN	0.04491218400653452	2	false		none	0	274	624	3dc9fdf38b30dbc8fc85609a32ca7280ae206529	22455c945576d28d86ac98a3b512327740b12f0cc3a3a6006ad1c59dfe9c9584	otf_sparse_formula	2026-09-25T12:45:57.461351Z	--arms unreal:gr1:oxidd	0.010000	22372352		8G	0			true		acacia-syntcomp26-coverage-3638921-ec2cdff303f0.scope
arm-6	gf-unreal18.ltl	gf-unreal18.tlsf	60	UNKNOWN	0.05411957297474146	2	false		none	0	274	625	3dc9fdf38b30dbc8fc85609a32ca7280ae206529	22455c945576d28d86ac98a3b512327740b12f0cc3a3a6006ad1c59dfe9c9584	otf_sparse_formula	2026-09-25T12:45:57.553885Z	--arms unreal:gr1:oxidd	0.020000	22482944		8G	0			true		acacia-syntcomp26-coverage-3638921-7968071b4092.scope
arm-6	gf-unreal19.ltl	gf-unreal19.tlsf	60	UNKNOWN	0.05401490000076592	2	false		none	0	273	626	3dc9fdf38b30dbc8fc85609a32ca7280ae206529	22455c945576d28d86ac98a3b512327740b12f0cc3a3a6006ad1c59dfe9c9584	otf_sparse_formula	2026-09-25T12:45:57.647302Z	--arms unreal:gr1:oxidd	0.020000	22597632		8G	0			true		acacia-syntcomp26-coverage-3638921-c0b375d271b7.scope
arm-6	gf-unreal2.ltl	gf-unreal2.tlsf	60	UNKNOWN	0.04316474299412221	2	false		none	0	212	627	3dc9fdf38b30dbc8fc85609a32ca7280ae206529	22455c945576d28d86ac98a3b512327740b12f0cc3a3a6006ad1c59dfe9c9584	otf_sparse_formula	2026-09-25T12:45:57.729827Z	--arms unreal:gr1:oxidd	0.010000	21037056		8G	0			true		acacia-syntcomp26-coverage-3638921-7230cf270d3a.scope
arm-6	gf-unreal20.ltl	gf-unreal20.tlsf	60	UNKNOWN	0.05508466099854559	2	false		none	0	274	628	3dc9fdf38b30dbc8fc85609a32ca7280ae206529	22455c945576d28d86ac98a3b512327740b12f0cc3a3a6006ad1c59dfe9c9584	otf_sparse_formula	2026-09-25T12:45:57.823964Z	--arms unreal:gr1:oxidd	0.020000	22638592		8G	0			true		acacia-syntcomp26-coverage-3638921-d0ac3be4a0b3.scope
arm-6	gf-unreal21.ltl	gf-unreal21.tlsf	60	UNKNOWN	0.05214526900090277	2	false		none	0	273	629	3dc9fdf38b30dbc8fc85609a32ca7280ae206529	22455c945576d28d86ac98a3b512327740b12f0cc3a3a6006ad1c59dfe9c9584	otf_sparse_formula	2026-09-25T12:45:57.915671Z	--arms unreal:gr1:oxidd	0.010000	22720512		8G	0			true		acacia-syntcomp26-coverage-3638921-dcee6d98312f.scope
arm-6	gf-unreal22.ltl	gf-unreal22.tlsf	60	UNKNOWN	0.054503974970430136	2	false		none	0	273	630	3dc9fdf38b30dbc8fc85609a32ca7280ae206529	22455c945576d28d86ac98a3b512327740b12f0cc3a3a6006ad1c59dfe9c9584	otf_sparse_formula	2026-09-25T12:45:58.009768Z	--arms unreal:gr1:oxidd	0.020000	22740992		8G	0			true		acacia-syntcomp26-coverage-3638921-164ba90f5fd9.scope
arm-6	gf-unreal23.ltl	gf-unreal23.tlsf	60	UNKNOWN	0.055155072011984885	2	false		none	0	272	631	3dc9fdf38b30dbc8fc85609a32ca7280ae206529	22455c945576d28d86ac98a3b512327740b12f0cc3a3a6006ad1c59dfe9c9584	otf_sparse_formula	2026-09-25T12:45:58.094321Z	--arms unreal:gr1:oxidd	0.020000	22761472		8G	0			true		acacia-syntcomp26-coverage-3638921-a81edebee581.scope
arm-6	gf-unreal24.ltl	gf-unreal24.tlsf	60	UNKNOWN	0.05217682907823473	2	false		none	0	274	632	3dc9fdf38b30dbc8fc85609a32ca7280ae206529	22455c945576d28d86ac98a3b512327740b12f0cc3a3a6006ad1c59dfe9c9584	otf_sparse_formula	2026-09-25T12:45:58.178817Z	--arms unreal:gr1:oxidd	0.010000	22835200		8G	0			true		acacia-syntcomp26-coverage-3638921-88c2feacb17b.scope
arm-6	gf-unreal25.ltl	gf-unreal25.tlsf	60	UNKNOWN	0.022995298029854894	2	false		none	0	273	633	3dc9fdf38b30dbc8fc85609a32ca7280ae206529	22455c945576d28d86ac98a3b512327740b12f0cc3a3a6006ad1c59dfe9c9584	otf_sparse_formula	2026-09-25T12:45:58.226464Z	--arms unreal:gr1:oxidd	0.000000	22802432		8G	0			true		acacia-syntcomp26-coverage-3638921-d4161f6eb268.scope
arm-6	gf-unreal26.ltl	gf-unreal26.tlsf	60	UNKNOWN	0.045465335017070174	2	false		none	0	273	634	3dc9fdf38b30dbc8fc85609a32ca7280ae206529	22455c945576d28d86ac98a3b512327740b12f0cc3a3a6006ad1c59dfe9c9584	otf_sparse_formula	2026-09-25T12:45:58.300304Z	--arms unreal:gr1:oxidd	0.010000	23117824		8G	0			true		acacia-syntcomp26-coverage-3638921-c0de08fbfff8.scope
arm-6	gf-unreal27.ltl	gf-unreal27.tlsf	60	UNKNOWN	0.05921133409719914	2	false		none	0	272	635	3dc9fdf38b30dbc8fc85609a32ca7280ae206529	22455c945576d28d86ac98a3b512327740b12f0cc3a3a6006ad1c59dfe9c9584	otf_sparse_formula	2026-09-25T12:45:58.400126Z	--arms unreal:gr1:oxidd	0.020000	23027712		8G	0			true		acacia-syntcomp26-coverage-3638921-136acd713468.scope
arm-6	gf-unreal28.ltl	gf-unreal28.tlsf	60	UNKNOWN	0.0526111921062693	2	false		none	0	273	636	3dc9fdf38b30dbc8fc85609a32ca7280ae206529	22455c945576d28d86ac98a3b512327740b12f0cc3a3a6006ad1c59dfe9c9584	otf_sparse_formula	2026-09-25T12:45:58.491441Z	--arms unreal:gr1:oxidd	0.020000	22953984		8G	0			true		acacia-syntcomp26-coverage-3638921-1ba1a213cd6f.scope
arm-6	gf-unreal29.ltl	gf-unreal29.tlsf	60	UNKNOWN	0.04530238592997193	2	false		none	0	272	637	3dc9fdf38b30dbc8fc85609a32ca7280ae206529	22455c945576d28d86ac98a3b512327740b12f0cc3a3a6006ad1c59dfe9c9584	otf_sparse_formula	2026-09-25T12:45:58.578668Z	--arms unreal:gr1:oxidd	0.010000	22945792		8G	0			true		acacia-syntcomp26-coverage-3638921-2f01ec877212.scope
arm-6	gf-unreal3.ltl	gf-unreal3.tlsf	60	UNKNOWN	0.04286161297932267	2	false		none	0	211	638	3dc9fdf38b30dbc8fc85609a32ca7280ae206529	22455c945576d28d86ac98a3b512327740b12f0cc3a3a6006ad1c59dfe9c9584	otf_sparse_formula	2026-09-25T12:45:58.659596Z	--arms unreal:gr1:oxidd	0.010000	21053440		8G	0			true		acacia-syntcomp26-coverage-3638921-25ba135208dc.scope
arm-6	gf-unreal30.ltl	gf-unreal30.tlsf	60	UNKNOWN	0.05615531106013805	2	false		none	0	272	639	3dc9fdf38b30dbc8fc85609a32ca7280ae206529	22455c945576d28d86ac98a3b512327740b12f0cc3a3a6006ad1c59dfe9c9584	otf_sparse_formula	2026-09-25T12:45:58.756503Z	--arms unreal:gr1:oxidd	0.020000	23158784		8G	0			true		acacia-syntcomp26-coverage-3638921-10533db6f748.scope
arm-6	gf-unreal31.ltl	gf-unreal31.tlsf	60	UNKNOWN	0.05888245394453406	2	false		none	0	271	640	3dc9fdf38b30dbc8fc85609a32ca7280ae206529	22455c945576d28d86ac98a3b512327740b12f0cc3a3a6006ad1c59dfe9c9584	otf_sparse_formula	2026-09-25T12:45:58.842734Z	--arms unreal:gr1:oxidd	0.020000	22986752		8G	0			true		acacia-syntcomp26-coverage-3638921-b21691087772.scope
arm-6	gf-unreal32.ltl	gf-unreal32.tlsf	60	UNKNOWN	0.05146569001954049	2	false		none	0	296	641	3dc9fdf38b30dbc8fc85609a32ca7280ae206529	22455c945576d28d86ac98a3b512327740b12f0cc3a3a6006ad1c59dfe9c9584	otf_sparse_formula	2026-09-25T12:45:58.919585Z	--arms unreal:gr1:oxidd	0.020000	23973888		8G	0			true		acacia-syntcomp26-coverage-3638921-e6c247c751d7.scope
arm-6	gf-unreal33.ltl	gf-unreal33.tlsf	60	UNKNOWN	0.05943255196325481	2	false		none	0	295	642	3dc9fdf38b30dbc8fc85609a32ca7280ae206529	22455c945576d28d86ac98a3b512327740b12f0cc3a3a6006ad1c59dfe9c9584	otf_sparse_formula	2026-09-25T12:45:59.014356Z	--arms unreal:gr1:oxidd	0.020000	23904256		8G	0			true		acacia-syntcomp26-coverage-3638921-7b80d322815d.scope
arm-6	gf-unreal34.ltl	gf-unreal34.tlsf	60	UNKNOWN	0.05186479294206947	2	false		none	0	295	643	3dc9fdf38b30dbc8fc85609a32ca7280ae206529	22455c945576d28d86ac98a3b512327740b12f0cc3a3a6006ad1c59dfe9c9584	otf_sparse_formula	2026-09-25T12:45:59.090936Z	--arms unreal:gr1:oxidd	0.020000	24035328		8G	0			true		acacia-syntcomp26-coverage-3638921-2162e524f725.scope
arm-6	gf-unreal35.ltl	gf-unreal35.tlsf	60	UNKNOWN	0.05745032394770533	2	false		none	0	294	644	3dc9fdf38b30dbc8fc85609a32ca7280ae206529	22455c945576d28d86ac98a3b512327740b12f0cc3a3a6006ad1c59dfe9c9584	otf_sparse_formula	2026-09-25T12:45:59.170009Z	--arms unreal:gr1:oxidd	0.010000	23937024		8G	0			true		acacia-syntcomp26-coverage-3638921-2e781ffd379b.scope
arm-6	gf-unreal36.ltl	gf-unreal36.tlsf	60	UNKNOWN	0.035832508001476526	2	false		none	0	295	645	3dc9fdf38b30dbc8fc85609a32ca7280ae206529	22455c945576d28d86ac98a3b512327740b12f0cc3a3a6006ad1c59dfe9c9584	otf_sparse_formula	2026-09-25T12:45:59.218059Z	--arms unreal:gr1:oxidd	0.000000	24125440		8G	0			true		acacia-syntcomp26-coverage-3638921-982721398eb0.scope
arm-6	gf-unreal37.ltl	gf-unreal37.tlsf	60	UNKNOWN	0.032195611973293126	2	false		none	0	294	646	3dc9fdf38b30dbc8fc85609a32ca7280ae206529	22455c945576d28d86ac98a3b512327740b12f0cc3a3a6006ad1c59dfe9c9584	otf_sparse_formula	2026-09-25T12:45:59.286714Z	--arms unreal:gr1:oxidd	0.000000	23990272		8G	0			true		acacia-syntcomp26-coverage-3638921-62621ea0f6c8.scope
arm-6	gf-unreal38.ltl	gf-unreal38.tlsf	60	UNKNOWN	0.05508467194158584	2	false		none	0	294	647	3dc9fdf38b30dbc8fc85609a32ca7280ae206529	22455c945576d28d86ac98a3b512327740b12f0cc3a3a6006ad1c59dfe9c9584	otf_sparse_formula	2026-09-25T12:45:59.364707Z	--arms unreal:gr1:oxidd	0.020000	24256512		8G	0			true		acacia-syntcomp26-coverage-3638921-1a1975befeee.scope
arm-6	gf-unreal39.ltl	gf-unreal39.tlsf	60	UNKNOWN	0.052150458097457886	2	false		none	0	293	648	3dc9fdf38b30dbc8fc85609a32ca7280ae206529	22455c945576d28d86ac98a3b512327740b12f0cc3a3a6006ad1c59dfe9c9584	otf_sparse_formula	2026-09-25T12:45:59.444242Z	--arms unreal:gr1:oxidd	0.020000	24330240		8G	0			true		acacia-syntcomp26-coverage-3638921-5f6af49b443d.scope
arm-6	gf-unreal4.ltl	gf-unreal4.tlsf	60	UNKNOWN	0.04883078904822469	2	false		none	0	233	649	3dc9fdf38b30dbc8fc85609a32ca7280ae206529	22455c945576d28d86ac98a3b512327740b12f0cc3a3a6006ad1c59dfe9c9584	otf_sparse_formula	2026-09-25T12:45:59.531134Z	--arms unreal:gr1:oxidd	0.010000	21327872		8G	0			true		acacia-syntcomp26-coverage-3638921-7cf11311785d.scope
arm-6	gf-unreal40.ltl	gf-unreal40.tlsf	60	UNKNOWN	0.05197093298193067	2	false		none	0	295	650	3dc9fdf38b30dbc8fc85609a32ca7280ae206529	22455c945576d28d86ac98a3b512327740b12f0cc3a3a6006ad1c59dfe9c9584	otf_sparse_formula	2026-09-25T12:45:59.608901Z	--arms unreal:gr1:oxidd	0.020000	24391680		8G	0			true		acacia-syntcomp26-coverage-3638921-b27ae602cb5d.scope
arm-6	gf-unreal41.ltl	gf-unreal41.tlsf	60	UNKNOWN	0.05835935997311026	2	false		none	0	294	651	3dc9fdf38b30dbc8fc85609a32ca7280ae206529	22455c945576d28d86ac98a3b512327740b12f0cc3a3a6006ad1c59dfe9c9584	otf_sparse_formula	2026-09-25T12:45:59.683327Z	--arms unreal:gr1:oxidd	0.020000	24465408		8G	0			true		acacia-syntcomp26-coverage-3638921-7e50b7fb5ee8.scope
arm-6	gf-unreal42.ltl	gf-unreal42.tlsf	60	UNKNOWN	0.05261559097561985	2	false		none	0	294	652	3dc9fdf38b30dbc8fc85609a32ca7280ae206529	22455c945576d28d86ac98a3b512327740b12f0cc3a3a6006ad1c59dfe9c9584	otf_sparse_formula	2026-09-25T12:45:59.761582Z	--arms unreal:gr1:oxidd	0.020000	24563712		8G	0			true		acacia-syntcomp26-coverage-3638921-840e92b43105.scope
arm-6	gf-unreal43.ltl	gf-unreal43.tlsf	60	UNKNOWN	0.051157896989025176	2	false		none	0	293	653	3dc9fdf38b30dbc8fc85609a32ca7280ae206529	22455c945576d28d86ac98a3b512327740b12f0cc3a3a6006ad1c59dfe9c9584	otf_sparse_formula	2026-09-25T12:45:59.849075Z	--arms unreal:gr1:oxidd	0.020000	24707072		8G	0			true		acacia-syntcomp26-coverage-3638921-634f203105c3.scope
arm-6	gf-unreal44.ltl	gf-unreal44.tlsf	60	UNKNOWN	0.04227682307828218	2	false		none	0	294	654	3dc9fdf38b30dbc8fc85609a32ca7280ae206529	22455c945576d28d86ac98a3b512327740b12f0cc3a3a6006ad1c59dfe9c9584	otf_sparse_formula	2026-09-25T12:45:59.916692Z	--arms unreal:gr1:oxidd	0.010000	24801280		8G	0			true		acacia-syntcomp26-coverage-3638921-c8e86edade99.scope
arm-6	gf-unreal45.ltl	gf-unreal45.tlsf	60	UNKNOWN	0.05822233506478369	2	false		none	0	293	655	3dc9fdf38b30dbc8fc85609a32ca7280ae206529	22455c945576d28d86ac98a3b512327740b12f0cc3a3a6006ad1c59dfe9c9584	otf_sparse_formula	2026-09-25T12:46:00.000414Z	--arms unreal:gr1:oxidd	0.020000	24866816		8G	0			true		acacia-syntcomp26-coverage-3638921-9dfcc819772b.scope
arm-6	gf-unreal46.ltl	gf-unreal46.tlsf	60	UNKNOWN	0.03628891601692885	2	false		none	0	293	656	3dc9fdf38b30dbc8fc85609a32ca7280ae206529	22455c945576d28d86ac98a3b512327740b12f0cc3a3a6006ad1c59dfe9c9584	otf_sparse_formula	2026-09-25T12:46:00.049780Z	--arms unreal:gr1:oxidd	0.020000	24911872		8G	0			true		acacia-syntcomp26-coverage-3638921-85d3899b4bfb.scope
arm-6	gf-unreal47.ltl	gf-unreal47.tlsf	60	UNKNOWN	0.03605519502889365	2	false		none	0	292	657	3dc9fdf38b30dbc8fc85609a32ca7280ae206529	22455c945576d28d86ac98a3b512327740b12f0cc3a3a6006ad1c59dfe9c9584	otf_sparse_formula	2026-09-25T12:46:00.097332Z	--arms unreal:gr1:oxidd	0.010000	24997888		8G	0			true		acacia-syntcomp26-coverage-3638921-21a583b87e2d.scope
arm-6	gf-unreal5.ltl	gf-unreal5.tlsf	60	UNKNOWN	0.03746126499027014	2	false		none	0	232	658	3dc9fdf38b30dbc8fc85609a32ca7280ae206529	22455c945576d28d86ac98a3b512327740b12f0cc3a3a6006ad1c59dfe9c9584	otf_sparse_formula	2026-09-25T12:46:00.170055Z	--arms unreal:gr1:oxidd	0.000000	21364736		8G	0			true		acacia-syntcomp26-coverage-3638921-d28df098dfc8.scope
arm-6	gf-unreal6.ltl	gf-unreal6.tlsf	60	UNKNOWN	0.04417819401714951	2	false		none	0	232	659	3dc9fdf38b30dbc8fc85609a32ca7280ae206529	22455c945576d28d86ac98a3b512327740b12f0cc3a3a6006ad1c59dfe9c9584	otf_sparse_formula	2026-09-25T12:46:00.242538Z	--arms unreal:gr1:oxidd	0.010000	21385216		8G	0			true		acacia-syntcomp26-coverage-3638921-379c42e05126.scope
arm-6	gf-unreal7.ltl	gf-unreal7.tlsf	60	UNKNOWN	0.042805113014765084	2	false		none	0	231	660	3dc9fdf38b30dbc8fc85609a32ca7280ae206529	22455c945576d28d86ac98a3b512327740b12f0cc3a3a6006ad1c59dfe9c9584	otf_sparse_formula	2026-09-25T12:46:00.324915Z	--arms unreal:gr1:oxidd	0.010000	21266432		8G	0			true		acacia-syntcomp26-coverage-3638921-91933510a99c.scope
arm-6	gf-unreal8.ltl	gf-unreal8.tlsf	60	UNKNOWN	0.040435389964841306	2	false		none	0	254	661	3dc9fdf38b30dbc8fc85609a32ca7280ae206529	22455c945576d28d86ac98a3b512327740b12f0cc3a3a6006ad1c59dfe9c9584	otf_sparse_formula	2026-09-25T12:46:00.391696Z	--arms unreal:gr1:oxidd	0.020000	21635072		8G	0			true		acacia-syntcomp26-coverage-3638921-3bf9e9e2a48e.scope
arm-6	gf-unreal9.ltl	gf-unreal9.tlsf	60	UNKNOWN	0.044366895919665694	2	false		none	0	253	662	3dc9fdf38b30dbc8fc85609a32ca7280ae206529	22455c945576d28d86ac98a3b512327740b12f0cc3a3a6006ad1c59dfe9c9584	otf_sparse_formula	2026-09-25T12:46:00.477758Z	--arms unreal:gr1:oxidd	0.000000	21659648		8G	0			true		acacia-syntcomp26-coverage-3638921-fb41ae5ccea3.scope
arm-6	heim-buechi-real.ltl	heim-buechi-real.tlsf	60	UNKNOWN	0.04657366906758398	2	false		none	0	193	663	3dc9fdf38b30dbc8fc85609a32ca7280ae206529	22455c945576d28d86ac98a3b512327740b12f0cc3a3a6006ad1c59dfe9c9584	otf_sparse_formula	2026-09-25T12:46:00.558849Z	--arms unreal:gr1:oxidd	0.020000	21692416		8G	0			true		acacia-syntcomp26-coverage-3638921-73b1b42aebd7.scope
arm-6	heim-double-x-real.ltl	heim-double-x-real.tlsf	60	UNKNOWN	0.04742567997891456	2	false		none	0	256	664	3dc9fdf38b30dbc8fc85609a32ca7280ae206529	22455c945576d28d86ac98a3b512327740b12f0cc3a3a6006ad1c59dfe9c9584	otf_sparse_formula	2026-09-25T12:46:00.644335Z	--arms unreal:gr1:oxidd	0.000000	22204416		8G	0			true		acacia-syntcomp26-coverage-3638921-7ee16b0d9d32.scope
arm-6	heim-double-x0.ltl	heim-double-x0.tlsf	60	UNKNOWN	0.04057834600098431	2	false		none	0	191	665	3dc9fdf38b30dbc8fc85609a32ca7280ae206529	22455c945576d28d86ac98a3b512327740b12f0cc3a3a6006ad1c59dfe9c9584	otf_sparse_formula	2026-09-25T12:46:00.710428Z	--arms unreal:gr1:oxidd	0.010000	21336064		8G	0			true		acacia-syntcomp26-coverage-3638921-fb2960d41c18.scope
arm-6	heim-double-x1.ltl	heim-double-x1.tlsf	60	UNKNOWN	0.04085850203409791	2	false		none	0	215	666	3dc9fdf38b30dbc8fc85609a32ca7280ae206529	22455c945576d28d86ac98a3b512327740b12f0cc3a3a6006ad1c59dfe9c9584	otf_sparse_formula	2026-09-25T12:46:00.765727Z	--arms unreal:gr1:oxidd	0.010000	21438464		8G	0			true		acacia-syntcomp26-coverage-3638921-595773c8326c.scope
arm-6	heim-double-x10.ltl	heim-double-x10.tlsf	60	UNKNOWN	0.04245199100114405	2	false		none	0	257	667	3dc9fdf38b30dbc8fc85609a32ca7280ae206529	22455c945576d28d86ac98a3b512327740b12f0cc3a3a6006ad1c59dfe9c9584	otf_sparse_formula	2026-09-25T12:46:00.822909Z	--arms unreal:gr1:oxidd	0.020000	22093824		8G	0			true		acacia-syntcomp26-coverage-3638921-ac310b0b5d51.scope
arm-6	heim-double-x11.ltl	heim-double-x11.tlsf	60	UNKNOWN	0.04691080702468753	2	false		none	0	257	668	3dc9fdf38b30dbc8fc85609a32ca7280ae206529	22455c945576d28d86ac98a3b512327740b12f0cc3a3a6006ad1c59dfe9c9584	otf_sparse_formula	2026-09-25T12:46:00.911318Z	--arms unreal:gr1:oxidd	0.000000	22081536		8G	0			true		acacia-syntcomp26-coverage-3638921-968233d23013.scope
arm-6	heim-double-x12.ltl	heim-double-x12.tlsf	60	UNKNOWN	0.056547109968960285	2	false		none	0	256	669	3dc9fdf38b30dbc8fc85609a32ca7280ae206529	22455c945576d28d86ac98a3b512327740b12f0cc3a3a6006ad1c59dfe9c9584	otf_sparse_formula	2026-09-25T12:46:01.009465Z	--arms unreal:gr1:oxidd	0.010000	21999616		8G	0			true		acacia-syntcomp26-coverage-3638921-b3f9e8936f4b.scope
arm-6	heim-double-x13.ltl	heim-double-x13.tlsf	60	UNKNOWN	0.04353496490512043	2	false		none	0	256	670	3dc9fdf38b30dbc8fc85609a32ca7280ae206529	22455c945576d28d86ac98a3b512327740b12f0cc3a3a6006ad1c59dfe9c9584	otf_sparse_formula	2026-09-25T12:46:01.076868Z	--arms unreal:gr1:oxidd	0.020000	22122496		8G	0			true		acacia-syntcomp26-coverage-3638921-fcbbc4209c88.scope
arm-6	heim-double-x2.ltl	heim-double-x2.tlsf	60	UNKNOWN	0.042855235980823636	2	false		none	0	214	671	3dc9fdf38b30dbc8fc85609a32ca7280ae206529	22455c945576d28d86ac98a3b512327740b12f0cc3a3a6006ad1c59dfe9c9584	otf_sparse_formula	2026-09-25T12:46:01.146400Z	--arms unreal:gr1:oxidd	0.020000	21426176		8G	0			true		acacia-syntcomp26-coverage-3638921-a90f97f62f82.scope
arm-6	heim-double-x3.ltl	heim-double-x3.tlsf	60	UNKNOWN	0.0422200330067426	2	false		none	0	214	672	3dc9fdf38b30dbc8fc85609a32ca7280ae206529	22455c945576d28d86ac98a3b512327740b12f0cc3a3a6006ad1c59dfe9c9584	otf_sparse_formula	2026-09-25T12:46:01.215026Z	--arms unreal:gr1:oxidd	0.010000	21450752		8G	0			true		acacia-syntcomp26-coverage-3638921-aaff6430a502.scope
arm-6	heim-double-x4.ltl	heim-double-x4.tlsf	60	UNKNOWN	0.04319969203788787	2	false		none	0	236	673	3dc9fdf38b30dbc8fc85609a32ca7280ae206529	22455c945576d28d86ac98a3b512327740b12f0cc3a3a6006ad1c59dfe9c9584	otf_sparse_formula	2026-09-25T12:46:01.285580Z	--arms unreal:gr1:oxidd	0.020000	21684224		8G	0			true		acacia-syntcomp26-coverage-3638921-88334325b1eb.scope
arm-6	heim-double-x5.ltl	heim-double-x5.tlsf	60	UNKNOWN	0.04463254800066352	2	false		none	0	235	674	3dc9fdf38b30dbc8fc85609a32ca7280ae206529	22455c945576d28d86ac98a3b512327740b12f0cc3a3a6006ad1c59dfe9c9584	otf_sparse_formula	2026-09-25T12:46:01.366358Z	--arms unreal:gr1:oxidd	0.010000	21721088		8G	0			true		acacia-syntcomp26-coverage-3638921-40a603c674aa.scope
arm-6	heim-double-x6.ltl	heim-double-x6.tlsf	60	UNKNOWN	0.04458473599515855	2	false		none	0	235	675	3dc9fdf38b30dbc8fc85609a32ca7280ae206529	22455c945576d28d86ac98a3b512327740b12f0cc3a3a6006ad1c59dfe9c9584	otf_sparse_formula	2026-09-25T12:46:01.451062Z	--arms unreal:gr1:oxidd	0.000000	21487616		8G	0			true		acacia-syntcomp26-coverage-3638921-2ebb7962db5f.scope
arm-6	heim-double-x7.ltl	heim-double-x7.tlsf	60	UNKNOWN	0.04253450792748481	2	false		none	0	234	676	3dc9fdf38b30dbc8fc85609a32ca7280ae206529	22455c945576d28d86ac98a3b512327740b12f0cc3a3a6006ad1c59dfe9c9584	otf_sparse_formula	2026-09-25T12:46:01.518761Z	--arms unreal:gr1:oxidd	0.020000	21590016		8G	0			true		acacia-syntcomp26-coverage-3638921-acfec965abde.scope
arm-6	heim-double-x8.ltl	heim-double-x8.tlsf	60	UNKNOWN	0.045527862035669386	2	false		none	0	234	677	3dc9fdf38b30dbc8fc85609a32ca7280ae206529	22455c945576d28d86ac98a3b512327740b12f0cc3a3a6006ad1c59dfe9c9584	otf_sparse_formula	2026-09-25T12:46:01.603685Z	--arms unreal:gr1:oxidd	0.000000	21651456		8G	0			true		acacia-syntcomp26-coverage-3638921-06582c6232a6.scope
arm-6	heim-double-x9.ltl	heim-double-x9.tlsf	60	UNKNOWN	0.04803533002268523	2	false		none	0	258	678	3dc9fdf38b30dbc8fc85609a32ca7280ae206529	22455c945576d28d86ac98a3b512327740b12f0cc3a3a6006ad1c59dfe9c9584	otf_sparse_formula	2026-09-25T12:46:01.674561Z	--arms unreal:gr1:oxidd	0.010000	22048768		8G	0			true		acacia-syntcomp26-coverage-3638921-f52084613960.scope
arm-6	heim-fig7-unreal.ltl	heim-fig7-unreal.tlsf	60	UNKNOWN	0.03437242703512311	2	false		none	0	191	679	3dc9fdf38b30dbc8fc85609a32ca7280ae206529	22455c945576d28d86ac98a3b512327740b12f0cc3a3a6006ad1c59dfe9c9584	otf_sparse_formula	2026-09-25T12:46:01.729710Z	--arms unreal:gr1:oxidd	0.000000	21180416		8G	0			true		acacia-syntcomp26-coverage-3638921-ffa1eaa4640f.scope
arm-6	helipad-contradict0.ltl	helipad-contradict0.tlsf	60	UNKNOWN	0.039548031985759735	2	false		none	0	239	680	3dc9fdf38b30dbc8fc85609a32ca7280ae206529	22455c945576d28d86ac98a3b512327740b12f0cc3a3a6006ad1c59dfe9c9584	otf_sparse_formula	2026-09-25T12:46:01.781764Z	--arms unreal:gr1:oxidd	0.000000	24236032		8G	0			true		acacia-syntcomp26-coverage-3638921-17f614e8322c.scope
arm-6	helipad-contradict1.ltl	helipad-contradict1.tlsf	60	UNKNOWN	0.047262291074730456	2	false		none	0	237	681	3dc9fdf38b30dbc8fc85609a32ca7280ae206529	22455c945576d28d86ac98a3b512327740b12f0cc3a3a6006ad1c59dfe9c9584	otf_sparse_formula	2026-09-25T12:46:01.852692Z	--arms unreal:gr1:oxidd	0.020000	24944640		8G	0			true		acacia-syntcomp26-coverage-3638921-e275b5e2254c.scope
arm-6	helipad-real.ltl	helipad-real.tlsf	60	UNKNOWN	0.054635492968373	2	false		none	0	238	682	3dc9fdf38b30dbc8fc85609a32ca7280ae206529	22455c945576d28d86ac98a3b512327740b12f0cc3a3a6006ad1c59dfe9c9584	otf_sparse_formula	2026-09-25T12:46:01.943771Z	--arms unreal:gr1:oxidd	0.020000	24064000		8G	0			true		acacia-syntcomp26-coverage-3638921-080f3f96424b.scope
arm-6	infinite-race-real.ltl	infinite-race-real.tlsf	60	UNKNOWN	0.042364428052678704	2	false		none	0	191	683	3dc9fdf38b30dbc8fc85609a32ca7280ae206529	22455c945576d28d86ac98a3b512327740b12f0cc3a3a6006ad1c59dfe9c9584	otf_sparse_formula	2026-09-25T12:46:02.022428Z	--arms unreal:gr1:oxidd	0.010000	21020672		8G	0			true		acacia-syntcomp26-coverage-3638921-a0cf009f6ba0.scope
arm-6	infinite-race-u0.ltl	infinite-race-u0.tlsf	60	UNKNOWN	0.02223182504530996	2	false		none	0	191	684	3dc9fdf38b30dbc8fc85609a32ca7280ae206529	22455c945576d28d86ac98a3b512327740b12f0cc3a3a6006ad1c59dfe9c9584	otf_sparse_formula	2026-09-25T12:46:02.056968Z	--arms unreal:gr1:oxidd	0.000000	21016576		8G	0			true		acacia-syntcomp26-coverage-3638921-29cc64b9e7ff.scope
arm-6	infinite-race-u1.ltl	infinite-race-u1.tlsf	60	UNKNOWN	0.021892138058319688	2	false		none	0	214	685	3dc9fdf38b30dbc8fc85609a32ca7280ae206529	22455c945576d28d86ac98a3b512327740b12f0cc3a3a6006ad1c59dfe9c9584	otf_sparse_formula	2026-09-25T12:46:02.089943Z	--arms unreal:gr1:oxidd	0.000000	21106688		8G	0			true		acacia-syntcomp26-coverage-3638921-60219e263444.scope
arm-6	infinite-race-u10.ltl	infinite-race-u10.tlsf	60	UNKNOWN	0.03935830795671791	2	false		none	0	257	686	3dc9fdf38b30dbc8fc85609a32ca7280ae206529	22455c945576d28d86ac98a3b512327740b12f0cc3a3a6006ad1c59dfe9c9584	otf_sparse_formula	2026-09-25T12:46:02.154318Z	--arms unreal:gr1:oxidd	0.000000	26038272		8G	0			true		acacia-syntcomp26-coverage-3638921-e0ed6834f0d9.scope
arm-6	infinite-race-u11.ltl	infinite-race-u11.tlsf	60	UNKNOWN	0.0639939260436222	2	false		none	0	256	687	3dc9fdf38b30dbc8fc85609a32ca7280ae206529	22455c945576d28d86ac98a3b512327740b12f0cc3a3a6006ad1c59dfe9c9584	otf_sparse_formula	2026-09-25T12:46:02.231147Z	--arms unreal:gr1:oxidd	0.030000	26533888		8G	0			true		acacia-syntcomp26-coverage-3638921-d7fbdc76738e.scope
arm-6	infinite-race-u12.ltl	infinite-race-u12.tlsf	60	UNKNOWN	0.05655155295971781	2	false		none	0	257	688	3dc9fdf38b30dbc8fc85609a32ca7280ae206529	22455c945576d28d86ac98a3b512327740b12f0cc3a3a6006ad1c59dfe9c9584	otf_sparse_formula	2026-09-25T12:46:02.301244Z	--arms unreal:gr1:oxidd	0.020000	26931200		8G	0			true		acacia-syntcomp26-coverage-3638921-a24eb3087734.scope
arm-6	infinite-race-u13.ltl	infinite-race-u13.tlsf	60	UNKNOWN	0.040260788053274155	2	false		none	0	256	689	3dc9fdf38b30dbc8fc85609a32ca7280ae206529	22455c945576d28d86ac98a3b512327740b12f0cc3a3a6006ad1c59dfe9c9584	otf_sparse_formula	2026-09-25T12:46:02.353950Z	--arms unreal:gr1:oxidd	0.010000	27115520		8G	0			true		acacia-syntcomp26-coverage-3638921-87a6f3d0cdf4.scope
arm-6	infinite-race-u14.ltl	infinite-race-u14.tlsf	60	UNKNOWN	0.05448144394904375	2	false		none	0	256	690	3dc9fdf38b30dbc8fc85609a32ca7280ae206529	22455c945576d28d86ac98a3b512327740b12f0cc3a3a6006ad1c59dfe9c9584	otf_sparse_formula	2026-09-25T12:46:02.421798Z	--arms unreal:gr1:oxidd	0.030000	27385856		8G	0			true		acacia-syntcomp26-coverage-3638921-399087373eee.scope
arm-6	infinite-race-u15.ltl	infinite-race-u15.tlsf	60	UNKNOWN	0.04820729896891862	2	false		none	0	255	691	3dc9fdf38b30dbc8fc85609a32ca7280ae206529	22455c945576d28d86ac98a3b512327740b12f0cc3a3a6006ad1c59dfe9c9584	otf_sparse_formula	2026-09-25T12:46:02.483168Z	--arms unreal:gr1:oxidd	0.030000	27721728		8G	0			true		acacia-syntcomp26-coverage-3638921-a6cb99ad22c1.scope
arm-6	infinite-race-u16.ltl	infinite-race-u16.tlsf	60	UNKNOWN	0.050668673939071596	2	false		none	0	280	692	3dc9fdf38b30dbc8fc85609a32ca7280ae206529	22455c945576d28d86ac98a3b512327740b12f0cc3a3a6006ad1c59dfe9c9584	otf_sparse_formula	2026-09-25T12:46:02.546268Z	--arms unreal:gr1:oxidd	0.030000	29863936		8G	0			true		acacia-syntcomp26-coverage-3638921-54e395d02fcd.scope
arm-6	infinite-race-u17.ltl	infinite-race-u17.tlsf	60	UNKNOWN	0.06188018003012985	2	false		none	0	279	693	3dc9fdf38b30dbc8fc85609a32ca7280ae206529	22455c945576d28d86ac98a3b512327740b12f0cc3a3a6006ad1c59dfe9c9584	otf_sparse_formula	2026-09-25T12:46:02.621869Z	--arms unreal:gr1:oxidd	0.030000	30289920		8G	0			true		acacia-syntcomp26-coverage-3638921-3b136eecde26.scope
arm-6	infinite-race-u18.ltl	infinite-race-u18.tlsf	60	UNKNOWN	0.06108758004847914	2	false		none	0	279	694	3dc9fdf38b30dbc8fc85609a32ca7280ae206529	22455c945576d28d86ac98a3b512327740b12f0cc3a3a6006ad1c59dfe9c9584	otf_sparse_formula	2026-09-25T12:46:02.697331Z	--arms unreal:gr1:oxidd	0.030000	30687232		8G	0			true		acacia-syntcomp26-coverage-3638921-a7fc5ee5f954.scope
arm-6	infinite-race-u19.ltl	infinite-race-u19.tlsf	60	UNKNOWN	0.06646281096618623	2	false		none	0	278	695	3dc9fdf38b30dbc8fc85609a32ca7280ae206529	22455c945576d28d86ac98a3b512327740b12f0cc3a3a6006ad1c59dfe9c9584	otf_sparse_formula	2026-09-25T12:46:02.776339Z	--arms unreal:gr1:oxidd	0.030000	31379456		8G	0			true		acacia-syntcomp26-coverage-3638921-b39b2b661136.scope
arm-6	infinite-race-u2.ltl	infinite-race-u2.tlsf	60	UNKNOWN	0.04090061504393816	2	false		none	0	215	696	3dc9fdf38b30dbc8fc85609a32ca7280ae206529	22455c945576d28d86ac98a3b512327740b12f0cc3a3a6006ad1c59dfe9c9584	otf_sparse_formula	2026-09-25T12:46:02.840243Z	--arms unreal:gr1:oxidd	0.020000	21938176		8G	0			true		acacia-syntcomp26-coverage-3638921-9f521c934682.scope
arm-6	infinite-race-u20.ltl	infinite-race-u20.tlsf	60	UNKNOWN	0.0647475280566141	2	false		none	0	279	697	3dc9fdf38b30dbc8fc85609a32ca7280ae206529	22455c945576d28d86ac98a3b512327740b12f0cc3a3a6006ad1c59dfe9c9584	otf_sparse_formula	2026-09-25T12:46:02.919096Z	--arms unreal:gr1:oxidd	0.030000	31801344		8G	0			true		acacia-syntcomp26-coverage-3638921-95cfd2ce2355.scope
arm-6	infinite-race-u21.ltl	infinite-race-u21.tlsf	60	UNKNOWN	0.047562897903844714	2	false		none	0	278	698	3dc9fdf38b30dbc8fc85609a32ca7280ae206529	22455c945576d28d86ac98a3b512327740b12f0cc3a3a6006ad1c59dfe9c9584	otf_sparse_formula	2026-09-25T12:46:02.979256Z	--arms unreal:gr1:oxidd	0.030000	32251904		8G	0			true		acacia-syntcomp26-coverage-3638921-c787cdc57078.scope
arm-6	infinite-race-u22.ltl	infinite-race-u22.tlsf	60	UNKNOWN	0.05859991710167378	2	false		none	0	278	699	3dc9fdf38b30dbc8fc85609a32ca7280ae206529	22455c945576d28d86ac98a3b512327740b12f0cc3a3a6006ad1c59dfe9c9584	otf_sparse_formula	2026-09-25T12:46:03.050489Z	--arms unreal:gr1:oxidd	0.030000	32612352		8G	0			true		acacia-syntcomp26-coverage-3638921-7e1d7e285030.scope
arm-6	infinite-race-u23.ltl	infinite-race-u23.tlsf	60	UNKNOWN	0.05027750204317272	2	false		none	0	277	700	3dc9fdf38b30dbc8fc85609a32ca7280ae206529	22455c945576d28d86ac98a3b512327740b12f0cc3a3a6006ad1c59dfe9c9584	otf_sparse_formula	2026-09-25T12:46:03.113907Z	--arms unreal:gr1:oxidd	0.020000	32948224		8G	0			true		acacia-syntcomp26-coverage-3638921-2600408ac248.scope
arm-6	infinite-race-u24.ltl	infinite-race-u24.tlsf	60	UNKNOWN	0.06302424508612603	2	false		none	0	279	701	3dc9fdf38b30dbc8fc85609a32ca7280ae206529	22455c945576d28d86ac98a3b512327740b12f0cc3a3a6006ad1c59dfe9c9584	otf_sparse_formula	2026-09-25T12:46:03.189310Z	--arms unreal:gr1:oxidd	0.030000	33509376		8G	0			true		acacia-syntcomp26-coverage-3638921-756f0a4f5b86.scope
arm-6	infinite-race-u25.ltl	infinite-race-u25.tlsf	60	UNKNOWN	0.061240980052389205	2	false		none	0	278	702	3dc9fdf38b30dbc8fc85609a32ca7280ae206529	22455c945576d28d86ac98a3b512327740b12f0cc3a3a6006ad1c59dfe9c9584	otf_sparse_formula	2026-09-25T12:46:03.262737Z	--arms unreal:gr1:oxidd	0.030000	33931264		8G	0			true		acacia-syntcomp26-coverage-3638921-bdc62e5c9fd1.scope
arm-6	infinite-race-u3.ltl	infinite-race-u3.tlsf	60	UNKNOWN	0.03687002102378756	2	false		none	0	214	703	3dc9fdf38b30dbc8fc85609a32ca7280ae206529	22455c945576d28d86ac98a3b512327740b12f0cc3a3a6006ad1c59dfe9c9584	otf_sparse_formula	2026-09-25T12:46:03.324044Z	--arms unreal:gr1:oxidd	0.010000	22245376		8G	0			true		acacia-syntcomp26-coverage-3638921-32a24a8a2c61.scope
arm-6	infinite-race-u4.ltl	infinite-race-u4.tlsf	60	UNKNOWN	0.05239230999723077	2	false		none	0	236	704	3dc9fdf38b30dbc8fc85609a32ca7280ae206529	22455c945576d28d86ac98a3b512327740b12f0cc3a3a6006ad1c59dfe9c9584	otf_sparse_formula	2026-09-25T12:46:03.389693Z	--arms unreal:gr1:oxidd	0.020000	23236608		8G	0			true		acacia-syntcomp26-coverage-3638921-38627fa2a4b8.scope
arm-6	infinite-race-u5.ltl	infinite-race-u5.tlsf	60	UNKNOWN	0.0512851009843871	2	false		none	0	235	705	3dc9fdf38b30dbc8fc85609a32ca7280ae206529	22455c945576d28d86ac98a3b512327740b12f0cc3a3a6006ad1c59dfe9c9584	otf_sparse_formula	2026-09-25T12:46:03.476003Z	--arms unreal:gr1:oxidd	0.020000	23572480		8G	0			true		acacia-syntcomp26-coverage-3638921-c998cc9ff695.scope
arm-6	infinite-race-u6.ltl	infinite-race-u6.tlsf	60	UNKNOWN	0.04979976802133024	2	false		none	0	235	706	3dc9fdf38b30dbc8fc85609a32ca7280ae206529	22455c945576d28d86ac98a3b512327740b12f0cc3a3a6006ad1c59dfe9c9584	otf_sparse_formula	2026-09-25T12:46:03.549347Z	--arms unreal:gr1:oxidd	0.010000	23867392		8G	0			true		acacia-syntcomp26-coverage-3638921-70273d7f91d7.scope
arm-6	infinite-race-u7.ltl	infinite-race-u7.tlsf	60	UNKNOWN	0.05263303988613188	2	false		none	0	234	707	3dc9fdf38b30dbc8fc85609a32ca7280ae206529	22455c945576d28d86ac98a3b512327740b12f0cc3a3a6006ad1c59dfe9c9584	otf_sparse_formula	2026-09-25T12:46:03.629391Z	--arms unreal:gr1:oxidd	0.020000	24043520		8G	0			true		acacia-syntcomp26-coverage-3638921-55d177847f0b.scope
arm-6	infinite-race-u8.ltl	infinite-race-u8.tlsf	60	UNKNOWN	0.056152921984903514	2	false		none	0	258	708	3dc9fdf38b30dbc8fc85609a32ca7280ae206529	22455c945576d28d86ac98a3b512327740b12f0cc3a3a6006ad1c59dfe9c9584	otf_sparse_formula	2026-09-25T12:46:03.708372Z	--arms unreal:gr1:oxidd	0.030000	25534464		8G	0			true		acacia-syntcomp26-coverage-3638921-7c1fa21259d8.scope
arm-6	infinite-race-u9.ltl	infinite-race-u9.tlsf	60	UNKNOWN	0.05692548397928476	2	false		none	0	257	709	3dc9fdf38b30dbc8fc85609a32ca7280ae206529	22455c945576d28d86ac98a3b512327740b12f0cc3a3a6006ad1c59dfe9c9584	otf_sparse_formula	2026-09-25T12:46:03.778924Z	--arms unreal:gr1:oxidd	0.030000	25702400		8G	0			true		acacia-syntcomp26-coverage-3638921-c019647c35d9.scope
arm-6	infinite-race-unequal-1-real.ltl	infinite-race-unequal-1-real.tlsf	60	UNKNOWN	0.02382081199903041	2	false		none	0	191	710	3dc9fdf38b30dbc8fc85609a32ca7280ae206529	22455c945576d28d86ac98a3b512327740b12f0cc3a3a6006ad1c59dfe9c9584	otf_sparse_formula	2026-09-25T12:46:03.815581Z	--arms unreal:gr1:oxidd	0.000000	21807104		8G	0			true		acacia-syntcomp26-coverage-3638921-39540a71ac92.scope
arm-6	infinite-race-unequal-10.ltl	infinite-race-unequal-10.tlsf	60	UNKNOWN	0.023084225016646087	2	false		none	0	191	711	3dc9fdf38b30dbc8fc85609a32ca7280ae206529	22455c945576d28d86ac98a3b512327740b12f0cc3a3a6006ad1c59dfe9c9584	otf_sparse_formula	2026-09-25T12:46:03.850798Z	--arms unreal:gr1:oxidd	0.000000	21065728		8G	0			true		acacia-syntcomp26-coverage-3638921-b779d422248c.scope
arm-6	infinite-race-unequal-20.ltl	infinite-race-unequal-20.tlsf	60	UNKNOWN	0.02374825207516551	2	false		none	0	191	712	3dc9fdf38b30dbc8fc85609a32ca7280ae206529	22455c945576d28d86ac98a3b512327740b12f0cc3a3a6006ad1c59dfe9c9584	otf_sparse_formula	2026-09-25T12:46:03.886155Z	--arms unreal:gr1:oxidd	0.000000	21069824		8G	0			true		acacia-syntcomp26-coverage-3638921-8013e34265e9.scope
arm-6	infinite-race-unequal-21.ltl	infinite-race-unequal-21.tlsf	60	UNKNOWN	0.029144997941330075	2	false		none	0	192	713	3dc9fdf38b30dbc8fc85609a32ca7280ae206529	22455c945576d28d86ac98a3b512327740b12f0cc3a3a6006ad1c59dfe9c9584	otf_sparse_formula	2026-09-25T12:46:03.927054Z	--arms unreal:gr1:oxidd	0.000000	21708800		8G	0			true		acacia-syntcomp26-coverage-3638921-95f152c01cc9.scope
arm-6	infinite-race-unequal-22.ltl	infinite-race-unequal-22.tlsf	60	UNKNOWN	0.02322458801791072	2	false		none	0	214	714	3dc9fdf38b30dbc8fc85609a32ca7280ae206529	22455c945576d28d86ac98a3b512327740b12f0cc3a3a6006ad1c59dfe9c9584	otf_sparse_formula	2026-09-25T12:46:03.963185Z	--arms unreal:gr1:oxidd	0.000000	23007232		8G	0			true		acacia-syntcomp26-coverage-3638921-b4598e8b0c22.scope
arm-6	infinite-race-unequal-23.ltl	infinite-race-unequal-23.tlsf	60	UNKNOWN	0.0323181600542739	2	false		none	0	215	715	3dc9fdf38b30dbc8fc85609a32ca7280ae206529	22455c945576d28d86ac98a3b512327740b12f0cc3a3a6006ad1c59dfe9c9584	otf_sparse_formula	2026-09-25T12:46:04.032786Z	--arms unreal:gr1:oxidd	0.000000	23744512		8G	0			true		acacia-syntcomp26-coverage-3638921-62742e9ddcf4.scope
arm-6	infinite-race-unequal-24.ltl	infinite-race-unequal-24.tlsf	60	UNKNOWN	0.05633675295393914	2	false		none	0	237	716	3dc9fdf38b30dbc8fc85609a32ca7280ae206529	22455c945576d28d86ac98a3b512327740b12f0cc3a3a6006ad1c59dfe9c9584	otf_sparse_formula	2026-09-25T12:46:04.102984Z	--arms unreal:gr1:oxidd	0.020000	25817088		8G	0			true		acacia-syntcomp26-coverage-3638921-c5a04eef5848.scope
arm-6	infinite-race-unequal-25.ltl	infinite-race-unequal-25.tlsf	60	UNKNOWN	0.053100286051630974	2	false		none	0	237	717	3dc9fdf38b30dbc8fc85609a32ca7280ae206529	22455c945576d28d86ac98a3b512327740b12f0cc3a3a6006ad1c59dfe9c9584	otf_sparse_formula	2026-09-25T12:46:04.169671Z	--arms unreal:gr1:oxidd	0.020000	28717056		8G	0			true		acacia-syntcomp26-coverage-3638921-a8415189913f.scope
arm-6	infinite-race-unequal-26.ltl	infinite-race-unequal-26.tlsf	60	UNKNOWN	0.046840091003105044	2	false		none	0	238	718	3dc9fdf38b30dbc8fc85609a32ca7280ae206529	22455c945576d28d86ac98a3b512327740b12f0cc3a3a6006ad1c59dfe9c9584	otf_sparse_formula	2026-09-25T12:46:04.229020Z	--arms unreal:gr1:oxidd	0.030000	30130176		8G	0			true		acacia-syntcomp26-coverage-3638921-b21782efdeff.scope
arm-6	items_processing-real.ltl	items_processing-real.tlsf	60	UNKNOWN	0.05036669492255896	2	false		none	0	217	719	3dc9fdf38b30dbc8fc85609a32ca7280ae206529	22455c945576d28d86ac98a3b512327740b12f0cc3a3a6006ad1c59dfe9c9584	otf_sparse_formula	2026-09-25T12:46:04.292208Z	--arms unreal:gr1:oxidd	0.020000	25260032		8G	0			true		acacia-syntcomp26-coverage-3638921-0e61bb829673.scope
arm-6	jarvis_gideon_a02758ea.ltl	jarvis_gideon_a02758ea.tlsf	60	UNREALIZABLE	0.8504044730216265	1	false		status	13	31	720	3dc9fdf38b30dbc8fc85609a32ca7280ae206529	22455c945576d28d86ac98a3b512327740b12f0cc3a3a6006ad1c59dfe9c9584	otf_sparse_formula	2026-09-25T12:46:05.155819Z	--arms unreal:gr1:oxidd	0.840000	175112192		8G	0			true		acacia-syntcomp26-coverage-3638921-ca4d8437f2b8.scope
arm-6	jarvis_philippe_484face8.ltl	jarvis_philippe_484face8.tlsf	60	TIMEOUT	60.127570208045654	124	true	timeout	status	0	8	721	3dc9fdf38b30dbc8fc85609a32ca7280ae206529	22455c945576d28d86ac98a3b512327740b12f0cc3a3a6006ad1c59dfe9c9584	otf_sparse_formula	2026-09-25T12:47:05.296329Z	--arms unreal:gr1:oxidd				8G	0			true		acacia-syntcomp26-coverage-3638921-0dad090089eb.scope
arm-6	lazy_shades_problem_d6376bf9.ltl	lazy_shades_problem_d6376bf9.tlsf	60	UNKNOWN	1.262359756976366	2	false		status	0	364	722	3dc9fdf38b30dbc8fc85609a32ca7280ae206529	22455c945576d28d86ac98a3b512327740b12f0cc3a3a6006ad1c59dfe9c9584	otf_sparse_formula	2026-09-25T12:47:06.576417Z	--arms unreal:gr1:oxidd	1.230000	139337728		8G	0			true		acacia-syntcomp26-coverage-3638921-44214e5903d5.scope
arm-6	lift_gr1+_pb_2_pe_.ltl	lift_gr1+_pb_2_pe_.tlsf	60	UNKNOWN	1.9939109679544345	2	false		none	0	364	723	3dc9fdf38b30dbc8fc85609a32ca7280ae206529	22455c945576d28d86ac98a3b512327740b12f0cc3a3a6006ad1c59dfe9c9584	otf_sparse_formula	2026-09-25T12:47:08.588553Z	--arms unreal:gr1:oxidd	1.970000	226316288		8G	0			true		acacia-syntcomp26-coverage-3638921-414217183dbe.scope
arm-6	lift_gr1+_pb_3_pe_.ltl	lift_gr1+_pb_3_pe_.tlsf	60	TIMEOUT	60.12806893594097	124	true	timeout	none	0	8	724	3dc9fdf38b30dbc8fc85609a32ca7280ae206529	22455c945576d28d86ac98a3b512327740b12f0cc3a3a6006ad1c59dfe9c9584	otf_sparse_formula	2026-09-25T12:48:08.729461Z	--arms unreal:gr1:oxidd				8G	0			true		acacia-syntcomp26-coverage-3638921-e1a973cf862c.scope
arm-6	lift_gr1+_pb_6_pe_.ltl	lift_gr1+_pb_6_pe_.tlsf	60	TIMEOUT	60.07973715104163	124	true	timeout	none	0	8	725	3dc9fdf38b30dbc8fc85609a32ca7280ae206529	22455c945576d28d86ac98a3b512327740b12f0cc3a3a6006ad1c59dfe9c9584	otf_sparse_formula	2026-09-25T12:49:08.820839Z	--arms unreal:gr1:oxidd				8G	0			true		acacia-syntcomp26-coverage-3638921-1358adbbc5bb.scope
arm-6	lift_gr1+_pb_7_pe_.ltl	lift_gr1+_pb_7_pe_.tlsf	60	UNKNOWN	15.554677431005985	2	false		none	0	122	726	3dc9fdf38b30dbc8fc85609a32ca7280ae206529	22455c945576d28d86ac98a3b512327740b12f0cc3a3a6006ad1c59dfe9c9584	otf_sparse_formula	2026-09-25T12:49:24.389067Z	--arms unreal:gr1:oxidd	15.500000	4354289664		8G	0			true		acacia-syntcomp26-coverage-3638921-efbbc3acb6ba.scope
arm-6	lift_gr1+_pb_8_pe_.ltl	lift_gr1+_pb_8_pe_.tlsf	60	UNKNOWN	18.857633890002035	2	false		none	0	122	727	3dc9fdf38b30dbc8fc85609a32ca7280ae206529	22455c945576d28d86ac98a3b512327740b12f0cc3a3a6006ad1c59dfe9c9584	otf_sparse_formula	2026-09-25T12:49:43.260945Z	--arms unreal:gr1:oxidd	18.790000	4479430656		8G	0			true		acacia-syntcomp26-coverage-3638921-068a831e8bcd.scope
arm-6	lift_gr1+_pb_9_pe_.ltl	lift_gr1+_pb_9_pe_.tlsf	60	UNKNOWN	33.61265825096052	2	false		none	0	122	728	3dc9fdf38b30dbc8fc85609a32ca7280ae206529	22455c945576d28d86ac98a3b512327740b12f0cc3a3a6006ad1c59dfe9c9584	otf_sparse_formula	2026-09-25T12:50:16.901269Z	--arms unreal:gr1:oxidd	33.530000	5139628032		8G	0			true		acacia-syntcomp26-coverage-3638921-3889a3ba2bd4.scope
arm-6	lift_gr1_pb_10_pe_.ltl	lift_gr1_pb_10_pe_.tlsf	60	UNKNOWN	26.046085217036307	2	false		none	0	122	729	3dc9fdf38b30dbc8fc85609a32ca7280ae206529	22455c945576d28d86ac98a3b512327740b12f0cc3a3a6006ad1c59dfe9c9584	otf_sparse_formula	2026-09-25T12:50:42.960363Z	--arms unreal:gr1:oxidd	25.940000	4751392768		8G	0			true		acacia-syntcomp26-coverage-3638921-e46090c25b8e.scope
arm-6	lift_gr1_pb_2_pe_.ltl	lift_gr1_pb_2_pe_.tlsf	60	UNKNOWN	0.06308718502987176	2	false		none	0	363	730	3dc9fdf38b30dbc8fc85609a32ca7280ae206529	22455c945576d28d86ac98a3b512327740b12f0cc3a3a6006ad1c59dfe9c9584	otf_sparse_formula	2026-09-25T12:50:43.036016Z	--arms unreal:gr1:oxidd	0.030000	25022464		8G	0			true		acacia-syntcomp26-coverage-3638921-7504972c53e8.scope
arm-6	lift_gr1_pb_3_pe_.ltl	lift_gr1_pb_3_pe_.tlsf	60	UNKNOWN	1.8291396889835596	2	false		none	0	364	731	3dc9fdf38b30dbc8fc85609a32ca7280ae206529	22455c945576d28d86ac98a3b512327740b12f0cc3a3a6006ad1c59dfe9c9584	otf_sparse_formula	2026-09-25T12:50:44.878839Z	--arms unreal:gr1:oxidd	1.780000	139919360		8G	0			true		acacia-syntcomp26-coverage-3638921-f3877fc8627e.scope
arm-6	lift_gr1_pb_7_pe_.ltl	lift_gr1_pb_7_pe_.tlsf	60	TIMEOUT	60.19642286200542	124	true	timeout	none	0	8	732	3dc9fdf38b30dbc8fc85609a32ca7280ae206529	22455c945576d28d86ac98a3b512327740b12f0cc3a3a6006ad1c59dfe9c9584	otf_sparse_formula	2026-09-25T12:51:45.115382Z	--arms unreal:gr1:oxidd				8G	0			true		acacia-syntcomp26-coverage-3638921-de27cb3f1129.scope
arm-6	lift_gr1_pb_8_pe_.ltl	lift_gr1_pb_8_pe_.tlsf	60	UNKNOWN	13.161338299047202	2	false		none	0	122	733	3dc9fdf38b30dbc8fc85609a32ca7280ae206529	22455c945576d28d86ac98a3b512327740b12f0cc3a3a6006ad1c59dfe9c9584	otf_sparse_formula	2026-09-25T12:51:58.291358Z	--arms unreal:gr1:oxidd	13.100000	4305117184		8G	0			true		acacia-syntcomp26-coverage-3638921-e03ccc1908f4.scope
arm-6	lift_gr1_pb_9_pe_.ltl	lift_gr1_pb_9_pe_.tlsf	60	UNKNOWN	16.732743112021126	2	false		none	0	122	734	3dc9fdf38b30dbc8fc85609a32ca7280ae206529	22455c945576d28d86ac98a3b512327740b12f0cc3a3a6006ad1c59dfe9c9584	otf_sparse_formula	2026-09-25T12:52:15.037804Z	--arms unreal:gr1:oxidd	16.680000	4499087360		8G	0			true		acacia-syntcomp26-coverage-3638921-f28e5963a0e7.scope
arm-6	lift_pb_10_pe_.ltl	lift_pb_10_pe_.tlsf	60	TIMEOUT	60.10193163296208	124	true	timeout	none	0	8	735	3dc9fdf38b30dbc8fc85609a32ca7280ae206529	22455c945576d28d86ac98a3b512327740b12f0cc3a3a6006ad1c59dfe9c9584	otf_sparse_formula	2026-09-25T12:53:15.170837Z	--arms unreal:gr1:oxidd				8G	0			true		acacia-syntcomp26-coverage-3638921-6972a3bc0565.scope
arm-6	lift_pb_2_pe_.ltl	lift_pb_2_pe_.tlsf	60	UNKNOWN	0.0752700730226934	2	false		none	0	128	736	3dc9fdf38b30dbc8fc85609a32ca7280ae206529	22455c945576d28d86ac98a3b512327740b12f0cc3a3a6006ad1c59dfe9c9584	otf_sparse_formula	2026-09-25T12:53:15.258818Z	--arms unreal:gr1:oxidd	0.040000	48455680		8G	0			true		acacia-syntcomp26-coverage-3638921-1822607594e4.scope
arm-6	lift_pb_3_pe_.ltl	lift_pb_3_pe_.tlsf	60	UNKNOWN	0.3794650440104306	2	false		none	0	129	737	3dc9fdf38b30dbc8fc85609a32ca7280ae206529	22455c945576d28d86ac98a3b512327740b12f0cc3a3a6006ad1c59dfe9c9584	otf_sparse_formula	2026-09-25T12:53:15.651426Z	--arms unreal:gr1:oxidd	0.340000	102858752		8G	0			true		acacia-syntcomp26-coverage-3638921-659f70aaa30a.scope
arm-6	lift_pb_4_pe_.ltl	lift_pb_4_pe_.tlsf	60	UNKNOWN	3.2284987960010767	2	false		none	0	129	738	3dc9fdf38b30dbc8fc85609a32ca7280ae206529	22455c945576d28d86ac98a3b512327740b12f0cc3a3a6006ad1c59dfe9c9584	otf_sparse_formula	2026-09-25T12:53:18.894664Z	--arms unreal:gr1:oxidd	3.340000	201187328		8G	0			true		acacia-syntcomp26-coverage-3638921-5367b9889de0.scope
arm-6	lift_pb_5_pe_.ltl	lift_pb_5_pe_.tlsf	60	UNKNOWN	33.04518360598013	2	false		none	0	130	739	3dc9fdf38b30dbc8fc85609a32ca7280ae206529	22455c945576d28d86ac98a3b512327740b12f0cc3a3a6006ad1c59dfe9c9584	otf_sparse_formula	2026-09-25T12:53:51.953319Z	--arms unreal:gr1:oxidd	36.220000	447631360		8G	0			true		acacia-syntcomp26-coverage-3638921-52833a33b8d3.scope
arm-6	lift_pb_6_pe_.ltl	lift_pb_6_pe_.tlsf	60	TIMEOUT	60.045205092057586	124	true	timeout	none	0	8	740	3dc9fdf38b30dbc8fc85609a32ca7280ae206529	22455c945576d28d86ac98a3b512327740b12f0cc3a3a6006ad1c59dfe9c9584	otf_sparse_formula	2026-09-25T12:54:52.012768Z	--arms unreal:gr1:oxidd				8G	0			true		acacia-syntcomp26-coverage-3638921-8a66fcf49466.scope
arm-6	lift_pb_7_pe_.ltl	lift_pb_7_pe_.tlsf	60	TIMEOUT	60.1009633570211	124	true	timeout	none	0	8	741	3dc9fdf38b30dbc8fc85609a32ca7280ae206529	22455c945576d28d86ac98a3b512327740b12f0cc3a3a6006ad1c59dfe9c9584	otf_sparse_formula	2026-09-25T12:55:52.150601Z	--arms unreal:gr1:oxidd				8G	0			true		acacia-syntcomp26-coverage-3638921-945e2b36c8b4.scope
arm-6	lift_pb_8_pe_.ltl	lift_pb_8_pe_.tlsf	60	TIMEOUT	60.09440570208244	124	true	timeout	none	0	8	742	3dc9fdf38b30dbc8fc85609a32ca7280ae206529	22455c945576d28d86ac98a3b512327740b12f0cc3a3a6006ad1c59dfe9c9584	otf_sparse_formula	2026-09-25T12:56:52.286013Z	--arms unreal:gr1:oxidd				8G	0			true		acacia-syntcomp26-coverage-3638921-f652d3555fa0.scope
arm-6	lift_pb_9_pe_.ltl	lift_pb_9_pe_.tlsf	60	TIMEOUT	60.104220382054336	124	true	timeout	none	0	8	743	3dc9fdf38b30dbc8fc85609a32ca7280ae206529	22455c945576d28d86ac98a3b512327740b12f0cc3a3a6006ad1c59dfe9c9584	otf_sparse_formula	2026-09-25T12:57:52.430908Z	--arms unreal:gr1:oxidd				8G	0			true		acacia-syntcomp26-coverage-3638921-41ddd0f63561.scope
arm-6	lift_unary_enc_pb_2_pe_.ltl	lift_unary_enc_pb_2_pe_.tlsf	60	UNKNOWN	0.08467167697381228	2	false		none	0	128	744	3dc9fdf38b30dbc8fc85609a32ca7280ae206529	22455c945576d28d86ac98a3b512327740b12f0cc3a3a6006ad1c59dfe9c9584	otf_sparse_formula	2026-09-25T12:57:52.529333Z	--arms unreal:gr1:oxidd	0.050000	50053120		8G	0			true		acacia-syntcomp26-coverage-3638921-b905127e0941.scope
arm-6	lift_unary_enc_pb_3_pe_.ltl	lift_unary_enc_pb_3_pe_.tlsf	60	UNKNOWN	0.5076143629848957	2	false		none	0	129	745	3dc9fdf38b30dbc8fc85609a32ca7280ae206529	22455c945576d28d86ac98a3b512327740b12f0cc3a3a6006ad1c59dfe9c9584	otf_sparse_formula	2026-09-25T12:57:53.049329Z	--arms unreal:gr1:oxidd	0.490000	123240448		8G	0			true		acacia-syntcomp26-coverage-3638921-b373c3ba1028.scope
arm-6	lift_unary_enc_pb_4_pe_.ltl	lift_unary_enc_pb_4_pe_.tlsf	60	UNKNOWN	13.72075035108719	2	false		none	0	130	746	3dc9fdf38b30dbc8fc85609a32ca7280ae206529	22455c945576d28d86ac98a3b512327740b12f0cc3a3a6006ad1c59dfe9c9584	otf_sparse_formula	2026-09-25T12:58:06.783352Z	--arms unreal:gr1:oxidd	14.590000	329359360		8G	0			true		acacia-syntcomp26-coverage-3638921-e1b4ab663c56.scope
arm-6	lift_unary_enc_pb_5_pe_.ltl	lift_unary_enc_pb_5_pe_.tlsf	60	TIMEOUT	60.03684808500111	124	true	timeout	none	0	8	747	3dc9fdf38b30dbc8fc85609a32ca7280ae206529	22455c945576d28d86ac98a3b512327740b12f0cc3a3a6006ad1c59dfe9c9584	otf_sparse_formula	2026-09-25T12:59:06.833093Z	--arms unreal:gr1:oxidd				8G	0			true		acacia-syntcomp26-coverage-3638921-90b918cc06ca.scope
arm-6	lift_unary_enc_pb_6_pe_.ltl	lift_unary_enc_pb_6_pe_.tlsf	60	TIMEOUT	60.07986098807305	124	true	timeout	none	0	8	748	3dc9fdf38b30dbc8fc85609a32ca7280ae206529	22455c945576d28d86ac98a3b512327740b12f0cc3a3a6006ad1c59dfe9c9584	otf_sparse_formula	2026-09-25T13:00:06.928852Z	--arms unreal:gr1:oxidd				8G	0			true		acacia-syntcomp26-coverage-3638921-bf9ea051ef28.scope
arm-6	lift_unary_enc_pb_7_pe_.ltl	lift_unary_enc_pb_7_pe_.tlsf	60	UNKNOWN	13.058246572967619	2	false		none	0	107	749	3dc9fdf38b30dbc8fc85609a32ca7280ae206529	22455c945576d28d86ac98a3b512327740b12f0cc3a3a6006ad1c59dfe9c9584	otf_sparse_formula	2026-09-25T13:00:20.001146Z	--arms unreal:gr1:oxidd	13.240000	184905728		8G	0			true		acacia-syntcomp26-coverage-3638921-b2d1664cdc63.scope
arm-6	lift_wrong_physics_unreal_pb_10_pe_.ltl	lift_wrong_physics_unreal_pb_10_pe_.tlsf	60	TIMEOUT	60.045096251997165	124	true	timeout	none	0	8	750	3dc9fdf38b30dbc8fc85609a32ca7280ae206529	22455c945576d28d86ac98a3b512327740b12f0cc3a3a6006ad1c59dfe9c9584	otf_sparse_formula	2026-09-25T13:01:20.079729Z	--arms unreal:gr1:oxidd				8G	0			true		acacia-syntcomp26-coverage-3638921-0692ac94cf44.scope
arm-6	lift_wrong_physics_unreal_pb_2_pe_.ltl	lift_wrong_physics_unreal_pb_2_pe_.tlsf	60	UNKNOWN	0.07385901699308306	2	false		none	0	128	751	3dc9fdf38b30dbc8fc85609a32ca7280ae206529	22455c945576d28d86ac98a3b512327740b12f0cc3a3a6006ad1c59dfe9c9584	otf_sparse_formula	2026-09-25T13:01:20.166349Z	--arms unreal:gr1:oxidd	0.040000	48390144		8G	0			true		acacia-syntcomp26-coverage-3638921-329a207d3a21.scope
arm-6	lift_wrong_physics_unreal_pb_3_pe_.ltl	lift_wrong_physics_unreal_pb_3_pe_.tlsf	60	UNREALIZABLE	0.5174164939671755	1	false		none	13	30	752	3dc9fdf38b30dbc8fc85609a32ca7280ae206529	22455c945576d28d86ac98a3b512327740b12f0cc3a3a6006ad1c59dfe9c9584	otf_sparse_formula	2026-09-25T13:01:20.697139Z	--arms unreal:gr1:oxidd	0.500000	96215040		8G	0			true		acacia-syntcomp26-coverage-3638921-3ef7e82cfc5e.scope
arm-6	lift_wrong_physics_unreal_pb_4_pe_.ltl	lift_wrong_physics_unreal_pb_4_pe_.tlsf	60	UNREALIZABLE	3.00787367799785	1	false		none	13	31	753	3dc9fdf38b30dbc8fc85609a32ca7280ae206529	22455c945576d28d86ac98a3b512327740b12f0cc3a3a6006ad1c59dfe9c9584	otf_sparse_formula	2026-09-25T13:01:23.719477Z	--arms unreal:gr1:oxidd	3.040000	187830272		8G	0			true		acacia-syntcomp26-coverage-3638921-483b03801b3b.scope
arm-6	lift_wrong_physics_unreal_pb_5_pe_.ltl	lift_wrong_physics_unreal_pb_5_pe_.tlsf	60	TIMEOUT	60.101350563927554	124	true	timeout	none	0	8	754	3dc9fdf38b30dbc8fc85609a32ca7280ae206529	22455c945576d28d86ac98a3b512327740b12f0cc3a3a6006ad1c59dfe9c9584	otf_sparse_formula	2026-09-25T13:02:23.848154Z	--arms unreal:gr1:oxidd				8G	0			true		acacia-syntcomp26-coverage-3638921-81cee18d3cdc.scope
arm-6	lift_wrong_physics_unreal_pb_6_pe_.ltl	lift_wrong_physics_unreal_pb_6_pe_.tlsf	60	TIMEOUT	60.10371274803765	124	true	timeout	none	0	8	755	3dc9fdf38b30dbc8fc85609a32ca7280ae206529	22455c945576d28d86ac98a3b512327740b12f0cc3a3a6006ad1c59dfe9c9584	otf_sparse_formula	2026-09-25T13:03:23.992369Z	--arms unreal:gr1:oxidd				8G	0			true		acacia-syntcomp26-coverage-3638921-dffa1a4eb88b.scope
arm-6	lift_wrong_physics_unreal_pb_7_pe_.ltl	lift_wrong_physics_unreal_pb_7_pe_.tlsf	60	TIMEOUT	60.026415202068165	124	true	timeout	none	0	8	756	3dc9fdf38b30dbc8fc85609a32ca7280ae206529	22455c945576d28d86ac98a3b512327740b12f0cc3a3a6006ad1c59dfe9c9584	otf_sparse_formula	2026-09-25T13:04:24.040396Z	--arms unreal:gr1:oxidd				8G	0			true		acacia-syntcomp26-coverage-3638921-69f5ba038377.scope
arm-6	lift_wrong_physics_unreal_pb_8_pe_.ltl	lift_wrong_physics_unreal_pb_8_pe_.tlsf	60	TIMEOUT	60.10321103397291	124	true	timeout	none	0	8	757	3dc9fdf38b30dbc8fc85609a32ca7280ae206529	22455c945576d28d86ac98a3b512327740b12f0cc3a3a6006ad1c59dfe9c9584	otf_sparse_formula	2026-09-25T13:05:24.186285Z	--arms unreal:gr1:oxidd				8G	0			true		acacia-syntcomp26-coverage-3638921-ceb168d5de87.scope
arm-6	lift_wrong_physics_unreal_pb_9_pe_.ltl	lift_wrong_physics_unreal_pb_9_pe_.tlsf	60	TIMEOUT	60.10229610395618	124	true	timeout	none	0	8	758	3dc9fdf38b30dbc8fc85609a32ca7280ae206529	22455c945576d28d86ac98a3b512327740b12f0cc3a3a6006ad1c59dfe9c9584	otf_sparse_formula	2026-09-25T13:06:24.328720Z	--arms unreal:gr1:oxidd				8G	0			true		acacia-syntcomp26-coverage-3638921-71fe64e69d6a.scope
arm-6	lilydemo01.ltl	lilydemo01.tlsf	60	UNREALIZABLE	0.05568962695542723	1	false		status	13	30	759	3dc9fdf38b30dbc8fc85609a32ca7280ae206529	22455c945576d28d86ac98a3b512327740b12f0cc3a3a6006ad1c59dfe9c9584	otf_sparse_formula	2026-09-25T13:06:24.409569Z	--arms unreal:gr1:oxidd	0.020000	45195264		8G	0			true		acacia-syntcomp26-coverage-3638921-c5768bc6851c.scope
arm-6	lilydemo02.ltl	lilydemo02.tlsf	60	UNREALIZABLE	0.05267153191380203	1	false		status	13	30	760	3dc9fdf38b30dbc8fc85609a32ca7280ae206529	22455c945576d28d86ac98a3b512327740b12f0cc3a3a6006ad1c59dfe9c9584	otf_sparse_formula	2026-09-25T13:06:24.488744Z	--arms unreal:gr1:oxidd	0.020000	44867584		8G	0			true		acacia-syntcomp26-coverage-3638921-a5c0381e59c8.scope
arm-6	lilydemo03.ltl	lilydemo03.tlsf	60	UNKNOWN	0.04410738300066441	2	false		status	0	128	761	3dc9fdf38b30dbc8fc85609a32ca7280ae206529	22455c945576d28d86ac98a3b512327740b12f0cc3a3a6006ad1c59dfe9c9584	otf_sparse_formula	2026-09-25T13:06:24.570306Z	--arms unreal:gr1:oxidd	0.000000	45113344		8G	0			true		acacia-syntcomp26-coverage-3638921-9845b929d3c8.scope
arm-6	lilydemo04.ltl	lilydemo04.tlsf	60	UNKNOWN	0.059475573943927884	2	false		status	0	128	762	3dc9fdf38b30dbc8fc85609a32ca7280ae206529	22455c945576d28d86ac98a3b512327740b12f0cc3a3a6006ad1c59dfe9c9584	otf_sparse_formula	2026-09-25T13:06:24.658296Z	--arms unreal:gr1:oxidd	0.020000	45125632		8G	0			true		acacia-syntcomp26-coverage-3638921-5c6bbe597449.scope
arm-6	lilydemo04_modified.ltl	lilydemo04_modified.tlsf	60	UNREALIZABLE	0.051404442987404764	1	false		exception	13	30	763	3dc9fdf38b30dbc8fc85609a32ca7280ae206529	22455c945576d28d86ac98a3b512327740b12f0cc3a3a6006ad1c59dfe9c9584	otf_sparse_formula	2026-09-25T13:06:24.723981Z	--arms unreal:gr1:oxidd	0.020000	45154304		8G	0			true		acacia-syntcomp26-coverage-3638921-3b033c952608.scope
arm-6	lilydemo05.ltl	lilydemo05.tlsf	60	UNKNOWN	0.055458432994782925	2	false		status	0	128	764	3dc9fdf38b30dbc8fc85609a32ca7280ae206529	22455c945576d28d86ac98a3b512327740b12f0cc3a3a6006ad1c59dfe9c9584	otf_sparse_formula	2026-09-25T13:06:24.806223Z	--arms unreal:gr1:oxidd	0.020000	45240320		8G	0			true		acacia-syntcomp26-coverage-3638921-f4dc49ecb509.scope
arm-6	lilydemo06.ltl	lilydemo06.tlsf	60	UNKNOWN	0.054345329059287906	2	false		status	0	128	765	3dc9fdf38b30dbc8fc85609a32ca7280ae206529	22455c945576d28d86ac98a3b512327740b12f0cc3a3a6006ad1c59dfe9c9584	otf_sparse_formula	2026-09-25T13:06:24.898309Z	--arms unreal:gr1:oxidd	0.010000	44998656		8G	0			true		acacia-syntcomp26-coverage-3638921-29099c942871.scope
arm-6	lilydemo07.ltl	lilydemo07.tlsf	60	UNKNOWN	0.05316955898888409	2	false		status	0	128	766	3dc9fdf38b30dbc8fc85609a32ca7280ae206529	22455c945576d28d86ac98a3b512327740b12f0cc3a3a6006ad1c59dfe9c9584	otf_sparse_formula	2026-09-25T13:06:24.990302Z	--arms unreal:gr1:oxidd	0.020000	45035520		8G	0			true		acacia-syntcomp26-coverage-3638921-3ad8178e1769.scope
arm-6	lilydemo08.ltl	lilydemo08.tlsf	60	UNKNOWN	0.04427883098833263	2	false		status	0	128	767	3dc9fdf38b30dbc8fc85609a32ca7280ae206529	22455c945576d28d86ac98a3b512327740b12f0cc3a3a6006ad1c59dfe9c9584	otf_sparse_formula	2026-09-25T13:06:25.073606Z	--arms unreal:gr1:oxidd	0.010000	42409984		8G	0			true		acacia-syntcomp26-coverage-3638921-b453df0a20a6.scope
arm-6	lilydemo09.ltl	lilydemo09.tlsf	60	UNKNOWN	0.05649880599230528	2	false		status	0	128	768	3dc9fdf38b30dbc8fc85609a32ca7280ae206529	22455c945576d28d86ac98a3b512327740b12f0cc3a3a6006ad1c59dfe9c9584	otf_sparse_formula	2026-09-25T13:06:25.168921Z	--arms unreal:gr1:oxidd	0.010000	42999808		8G	0			true		acacia-syntcomp26-coverage-3638921-0c26198b4a52.scope
arm-6	lilydemo10.ltl	lilydemo10.tlsf	60	UNKNOWN	0.0530438149580732	2	false		status	0	128	769	3dc9fdf38b30dbc8fc85609a32ca7280ae206529	22455c945576d28d86ac98a3b512327740b12f0cc3a3a6006ad1c59dfe9c9584	otf_sparse_formula	2026-09-25T13:06:25.262466Z	--arms unreal:gr1:oxidd	0.020000	42803200		8G	0			true		acacia-syntcomp26-coverage-3638921-0ff77a160850.scope
arm-6	lilydemo11.ltl	lilydemo11.tlsf	60	UNKNOWN	0.03619939903728664	2	false		status	0	213	770	3dc9fdf38b30dbc8fc85609a32ca7280ae206529	22455c945576d28d86ac98a3b512327740b12f0cc3a3a6006ad1c59dfe9c9584	otf_sparse_formula	2026-09-25T13:06:25.337964Z	--arms unreal:gr1:oxidd	0.000000	18440192		8G	0			true		acacia-syntcomp26-coverage-3638921-9a2911a5f802.scope
arm-6	lilydemo12.ltl	lilydemo12.tlsf	60	UNKNOWN	0.05711847299244255	2	false		status	0	128	771	3dc9fdf38b30dbc8fc85609a32ca7280ae206529	22455c945576d28d86ac98a3b512327740b12f0cc3a3a6006ad1c59dfe9c9584	otf_sparse_formula	2026-09-25T13:06:25.434764Z	--arms unreal:gr1:oxidd	0.020000	43077632		8G	0			true		acacia-syntcomp26-coverage-3638921-9b43d0a1f8da.scope
arm-6	lilydemo13.ltl	lilydemo13.tlsf	60	UNKNOWN	0.05653735192026943	2	false		status	0	128	772	3dc9fdf38b30dbc8fc85609a32ca7280ae206529	22455c945576d28d86ac98a3b512327740b12f0cc3a3a6006ad1c59dfe9c9584	otf_sparse_formula	2026-09-25T13:06:25.530696Z	--arms unreal:gr1:oxidd	0.020000	44560384		8G	0			true		acacia-syntcomp26-coverage-3638921-2a1d4a35d1e5.scope
arm-6	lilydemo14.ltl	lilydemo14.tlsf	60	UNKNOWN	0.03974961896892637	2	false		status	0	167	773	3dc9fdf38b30dbc8fc85609a32ca7280ae206529	22455c945576d28d86ac98a3b512327740b12f0cc3a3a6006ad1c59dfe9c9584	otf_sparse_formula	2026-09-25T13:06:25.611770Z	--arms unreal:gr1:oxidd	0.010000	19816448		8G	0			true		acacia-syntcomp26-coverage-3638921-f7d129ed0521.scope
arm-6	lilydemo15.ltl	lilydemo15.tlsf	60	UNKNOWN	0.05636338808108121	2	false		exception	0	128	774	3dc9fdf38b30dbc8fc85609a32ca7280ae206529	22455c945576d28d86ac98a3b512327740b12f0cc3a3a6006ad1c59dfe9c9584	otf_sparse_formula	2026-09-25T13:06:25.706978Z	--arms unreal:gr1:oxidd	0.020000	45109248		8G	0			true		acacia-syntcomp26-coverage-3638921-4314d7e17c1d.scope
arm-6	lilydemo16.ltl	lilydemo16.tlsf	60	UNKNOWN	0.05397471191827208	2	false		exception	0	128	775	3dc9fdf38b30dbc8fc85609a32ca7280ae206529	22455c945576d28d86ac98a3b512327740b12f0cc3a3a6006ad1c59dfe9c9584	otf_sparse_formula	2026-09-25T13:06:25.796943Z	--arms unreal:gr1:oxidd	0.020000	44969984		8G	0			true		acacia-syntcomp26-coverage-3638921-61302651154d.scope
arm-6	lilydemo17.ltl	lilydemo17.tlsf	60	UNKNOWN	0.04490057099610567	2	false		status	0	167	776	3dc9fdf38b30dbc8fc85609a32ca7280ae206529	22455c945576d28d86ac98a3b512327740b12f0cc3a3a6006ad1c59dfe9c9584	otf_sparse_formula	2026-09-25T13:06:25.881713Z	--arms unreal:gr1:oxidd	0.010000	21225472		8G	0			true		acacia-syntcomp26-coverage-3638921-3a8511a2e821.scope
arm-6	lilydemo18.ltl	lilydemo18.tlsf	60	UNKNOWN	0.04805998504161835	2	false		status	0	167	777	3dc9fdf38b30dbc8fc85609a32ca7280ae206529	22455c945576d28d86ac98a3b512327740b12f0cc3a3a6006ad1c59dfe9c9584	otf_sparse_formula	2026-09-25T13:06:25.968376Z	--arms unreal:gr1:oxidd	0.010000	21106688		8G	0			true		acacia-syntcomp26-coverage-3638921-202d28bf5381.scope
arm-6	lilydemo19.ltl	lilydemo19.tlsf	60	UNKNOWN	0.05504156497772783	2	false		status	0	128	778	3dc9fdf38b30dbc8fc85609a32ca7280ae206529	22455c945576d28d86ac98a3b512327740b12f0cc3a3a6006ad1c59dfe9c9584	otf_sparse_formula	2026-09-25T13:06:26.045822Z	--arms unreal:gr1:oxidd	0.020000	42885120		8G	0			true		acacia-syntcomp26-coverage-3638921-aa7cbd16c7c8.scope
arm-6	lilydemo20.ltl	lilydemo20.tlsf	60	UNKNOWN	0.05543701001442969	2	false		status	0	128	779	3dc9fdf38b30dbc8fc85609a32ca7280ae206529	22455c945576d28d86ac98a3b512327740b12f0cc3a3a6006ad1c59dfe9c9584	otf_sparse_formula	2026-09-25T13:06:26.115959Z	--arms unreal:gr1:oxidd	0.020000	44789760		8G	0			true		acacia-syntcomp26-coverage-3638921-6375dfc6e94c.scope
arm-6	lilydemo21.ltl	lilydemo21.tlsf	60	UNKNOWN	0.06699398497585207	2	false		status	0	128	780	3dc9fdf38b30dbc8fc85609a32ca7280ae206529	22455c945576d28d86ac98a3b512327740b12f0cc3a3a6006ad1c59dfe9c9584	otf_sparse_formula	2026-09-25T13:06:26.197165Z	--arms unreal:gr1:oxidd	0.030000	44769280		8G	0			true		acacia-syntcomp26-coverage-3638921-c5a9ece7452d.scope
arm-6	lilydemo22.ltl	lilydemo22.tlsf	60	UNKNOWN	0.047557319048792124	2	false		status	0	128	781	3dc9fdf38b30dbc8fc85609a32ca7280ae206529	22455c945576d28d86ac98a3b512327740b12f0cc3a3a6006ad1c59dfe9c9584	otf_sparse_formula	2026-09-25T13:06:26.257433Z	--arms unreal:gr1:oxidd	0.020000	45068288		8G	0			true		acacia-syntcomp26-coverage-3638921-0d02bbf65857.scope
arm-6	lilydemo23.ltl	lilydemo23.tlsf	60	UNKNOWN	0.0479471409926191	2	false		status	0	128	782	3dc9fdf38b30dbc8fc85609a32ca7280ae206529	22455c945576d28d86ac98a3b512327740b12f0cc3a3a6006ad1c59dfe9c9584	otf_sparse_formula	2026-09-25T13:06:26.346391Z	--arms unreal:gr1:oxidd	0.010000	44687360		8G	0			true		acacia-syntcomp26-coverage-3638921-45b65e8b0a9f.scope
arm-6	load_balancer_pb_10_pe_.ltl	load_balancer_pb_10_pe_.tlsf	60	UNKNOWN	5.5146727880928665	2	false		none	0	106	783	3dc9fdf38b30dbc8fc85609a32ca7280ae206529	22455c945576d28d86ac98a3b512327740b12f0cc3a3a6006ad1c59dfe9c9584	otf_sparse_formula	2026-09-25T13:06:31.876040Z	--arms unreal:gr1:oxidd	5.860000	214704128		8G	0			true		acacia-syntcomp26-coverage-3638921-416d7b56d53f.scope
arm-6	load_balancer_pb_11_pe_.ltl	load_balancer_pb_11_pe_.tlsf	60	UNKNOWN	6.14723409304861	2	false		none	0	106	784	3dc9fdf38b30dbc8fc85609a32ca7280ae206529	22455c945576d28d86ac98a3b512327740b12f0cc3a3a6006ad1c59dfe9c9584	otf_sparse_formula	2026-09-25T13:06:38.036062Z	--arms unreal:gr1:oxidd	6.530000	208248832		8G	0			true		acacia-syntcomp26-coverage-3638921-d5836a70f118.scope
arm-6	load_balancer_pb_2_pe_.ltl	load_balancer_pb_2_pe_.tlsf	60	UNKNOWN	0.044425965985283256	2	false		status	0	128	785	3dc9fdf38b30dbc8fc85609a32ca7280ae206529	22455c945576d28d86ac98a3b512327740b12f0cc3a3a6006ad1c59dfe9c9584	otf_sparse_formula	2026-09-25T13:06:38.100598Z	--arms unreal:gr1:oxidd	0.020000	45158400		8G	0			true		acacia-syntcomp26-coverage-3638921-93cb32b81f71.scope
arm-6	load_balancer_pb_3_pe_.ltl	load_balancer_pb_3_pe_.tlsf	60	UNKNOWN	0.06260284595191479	2	false		status	0	128	786	3dc9fdf38b30dbc8fc85609a32ca7280ae206529	22455c945576d28d86ac98a3b512327740b12f0cc3a3a6006ad1c59dfe9c9584	otf_sparse_formula	2026-09-25T13:06:38.185382Z	--arms unreal:gr1:oxidd	0.010000	45563904		8G	0			true		acacia-syntcomp26-coverage-3638921-550fdf36a58f.scope
arm-6	load_balancer_pb_4_pe_.ltl	load_balancer_pb_4_pe_.tlsf	60	UNKNOWN	0.06556074391119182	2	false		status	0	128	787	3dc9fdf38b30dbc8fc85609a32ca7280ae206529	22455c945576d28d86ac98a3b512327740b12f0cc3a3a6006ad1c59dfe9c9584	otf_sparse_formula	2026-09-25T13:06:38.265371Z	--arms unreal:gr1:oxidd	0.020000	45670400		8G	0			true		acacia-syntcomp26-coverage-3638921-d485c9ac460c.scope
arm-6	load_balancer_pb_5_pe_.ltl	load_balancer_pb_5_pe_.tlsf	60	UNKNOWN	0.09327151696197689	2	false		status	0	128	788	3dc9fdf38b30dbc8fc85609a32ca7280ae206529	22455c945576d28d86ac98a3b512327740b12f0cc3a3a6006ad1c59dfe9c9584	otf_sparse_formula	2026-09-25T13:06:38.372916Z	--arms unreal:gr1:oxidd	0.060000	48939008		8G	0			true		acacia-syntcomp26-coverage-3638921-7086a8918463.scope
arm-6	load_balancer_pb_6_pe_.ltl	load_balancer_pb_6_pe_.tlsf	60	UNKNOWN	0.16234389098826796	2	false		status	0	128	789	3dc9fdf38b30dbc8fc85609a32ca7280ae206529	22455c945576d28d86ac98a3b512327740b12f0cc3a3a6006ad1c59dfe9c9584	otf_sparse_formula	2026-09-25T13:06:38.549069Z	--arms unreal:gr1:oxidd	0.130000	59068416		8G	0			true		acacia-syntcomp26-coverage-3638921-c89425e226bb.scope
arm-6	load_balancer_pb_7_pe_.ltl	load_balancer_pb_7_pe_.tlsf	60	UNKNOWN	0.5524812990333885	2	false		status	0	128	790	3dc9fdf38b30dbc8fc85609a32ca7280ae206529	22455c945576d28d86ac98a3b512327740b12f0cc3a3a6006ad1c59dfe9c9584	otf_sparse_formula	2026-09-25T13:06:39.116326Z	--arms unreal:gr1:oxidd	0.530000	95391744		8G	0			true		acacia-syntcomp26-coverage-3638921-d9599293f86b.scope
arm-6	load_balancer_pb_8_pe_.ltl	load_balancer_pb_8_pe_.tlsf	60	UNKNOWN	4.83234289905522	2	false		status	0	129	791	3dc9fdf38b30dbc8fc85609a32ca7280ae206529	22455c945576d28d86ac98a3b512327740b12f0cc3a3a6006ad1c59dfe9c9584	otf_sparse_formula	2026-09-25T13:06:43.962072Z	--arms unreal:gr1:oxidd	4.900000	180645888		8G	0			true		acacia-syntcomp26-coverage-3638921-68df6ece4dc9.scope
arm-6	load_balancer_pb_9_pe_.ltl	load_balancer_pb_9_pe_.tlsf	60	TIMEOUT	60.080178889096715	124	true	timeout	none	0	8	792	3dc9fdf38b30dbc8fc85609a32ca7280ae206529	22455c945576d28d86ac98a3b512327740b12f0cc3a3a6006ad1c59dfe9c9584	otf_sparse_formula	2026-09-25T13:07:44.054992Z	--arms unreal:gr1:oxidd				8G	0			true		acacia-syntcomp26-coverage-3638921-6d1e18af6c77.scope
arm-6	load_balancer_unreal1_pb_2_10_pe_.ltl	load_balancer_unreal1_pb_2_10_pe_.tlsf	60	TIMEOUT	60.04742107400671	124	true	timeout	status	0	8	793	3dc9fdf38b30dbc8fc85609a32ca7280ae206529	22455c945576d28d86ac98a3b512327740b12f0cc3a3a6006ad1c59dfe9c9584	otf_sparse_formula	2026-09-25T13:08:44.115823Z	--arms unreal:gr1:oxidd				8G	0			true		acacia-syntcomp26-coverage-3638921-5fa49a08e5b3.scope
arm-6	load_balancer_unreal1_pb_2_11_pe_.ltl	load_balancer_unreal1_pb_2_11_pe_.tlsf	60	TIMEOUT	60.096417455002666	124	true	timeout	status	0	8	794	3dc9fdf38b30dbc8fc85609a32ca7280ae206529	22455c945576d28d86ac98a3b512327740b12f0cc3a3a6006ad1c59dfe9c9584	otf_sparse_formula	2026-09-25T13:09:44.225276Z	--arms unreal:gr1:oxidd				8G	0			true		acacia-syntcomp26-coverage-3638921-00301624f642.scope
arm-6	load_balancer_unreal1_pb_2_12_pe_.ltl	load_balancer_unreal1_pb_2_12_pe_.tlsf	60	TIMEOUT	60.133549172081985	124	true	timeout	status	0	8	795	3dc9fdf38b30dbc8fc85609a32ca7280ae206529	22455c945576d28d86ac98a3b512327740b12f0cc3a3a6006ad1c59dfe9c9584	otf_sparse_formula	2026-09-25T13:10:44.397923Z	--arms unreal:gr1:oxidd				8G	0			true		acacia-syntcomp26-coverage-3638921-faf64093cd97.scope
arm-6	load_balancer_unreal1_pb_2_13_pe_.ltl	load_balancer_unreal1_pb_2_13_pe_.tlsf	60	TIMEOUT	60.32886735606007	124	true	timeout	status	0	8	796	3dc9fdf38b30dbc8fc85609a32ca7280ae206529	22455c945576d28d86ac98a3b512327740b12f0cc3a3a6006ad1c59dfe9c9584	otf_sparse_formula	2026-09-25T13:11:44.739896Z	--arms unreal:gr1:oxidd				8G	0			true		acacia-syntcomp26-coverage-3638921-13eeb24e5c4a.scope
arm-6	load_balancer_unreal1_pb_2_14_pe_.ltl	load_balancer_unreal1_pb_2_14_pe_.tlsf	60	TIMEOUT	60.279177318909205	124	true	timeout	status	0	8	797	3dc9fdf38b30dbc8fc85609a32ca7280ae206529	22455c945576d28d86ac98a3b512327740b12f0cc3a3a6006ad1c59dfe9c9584	otf_sparse_formula	2026-09-25T13:12:45.032157Z	--arms unreal:gr1:oxidd				8G	0			true		acacia-syntcomp26-coverage-3638921-1e20599ae59d.scope
arm-6	load_balancer_unreal1_pb_2_15_pe_.ltl	load_balancer_unreal1_pb_2_15_pe_.tlsf	60	TIMEOUT	60.23689831898082	124	true	timeout	status	0	8	798	3dc9fdf38b30dbc8fc85609a32ca7280ae206529	22455c945576d28d86ac98a3b512327740b12f0cc3a3a6006ad1c59dfe9c9584	otf_sparse_formula	2026-09-25T13:13:45.281055Z	--arms unreal:gr1:oxidd				8G	0			true		acacia-syntcomp26-coverage-3638921-6e86df6d2bf3.scope
arm-6	load_balancer_unreal1_pb_2_16_pe_.ltl	load_balancer_unreal1_pb_2_16_pe_.tlsf	60	TIMEOUT	60.278536048019305	124	true	timeout	status	0	8	799	3dc9fdf38b30dbc8fc85609a32ca7280ae206529	22455c945576d28d86ac98a3b512327740b12f0cc3a3a6006ad1c59dfe9c9584	otf_sparse_formula	2026-09-25T13:14:45.571959Z	--arms unreal:gr1:oxidd				8G	0			true		acacia-syntcomp26-coverage-3638921-ee6ec96e5e34.scope
arm-6	load_balancer_unreal1_pb_2_1_pe_.ltl	load_balancer_unreal1_pb_2_1_pe_.tlsf	60	UNREALIZABLE	0.049878639983944595	1	false		status	13	30	800	3dc9fdf38b30dbc8fc85609a32ca7280ae206529	22455c945576d28d86ac98a3b512327740b12f0cc3a3a6006ad1c59dfe9c9584	otf_sparse_formula	2026-09-25T13:14:45.637127Z	--arms unreal:gr1:oxidd	0.020000	45330432		8G	0			true		acacia-syntcomp26-coverage-3638921-17b6576a8743.scope
arm-6	load_balancer_unreal1_pb_2_2_pe_.ltl	load_balancer_unreal1_pb_2_2_pe_.tlsf	60	UNREALIZABLE	0.04736799607053399	1	false		status	13	30	801	3dc9fdf38b30dbc8fc85609a32ca7280ae206529	22455c945576d28d86ac98a3b512327740b12f0cc3a3a6006ad1c59dfe9c9584	otf_sparse_formula	2026-09-25T13:14:45.704313Z	--arms unreal:gr1:oxidd	0.020000	45170688		8G	0			true		acacia-syntcomp26-coverage-3638921-e4127fb9f2f7.scope
arm-6	load_balancer_unreal1_pb_2_3_pe_.ltl	load_balancer_unreal1_pb_2_3_pe_.tlsf	60	UNREALIZABLE	0.058523962972685695	1	false		status	13	30	802	3dc9fdf38b30dbc8fc85609a32ca7280ae206529	22455c945576d28d86ac98a3b512327740b12f0cc3a3a6006ad1c59dfe9c9584	otf_sparse_formula	2026-09-25T13:14:45.782738Z	--arms unreal:gr1:oxidd	0.020000	45285376		8G	0			true		acacia-syntcomp26-coverage-3638921-69f07e1480dc.scope
arm-6	load_balancer_unreal1_pb_2_4_pe_.ltl	load_balancer_unreal1_pb_2_4_pe_.tlsf	60	UNREALIZABLE	0.06468624994158745	1	false		status	13	30	803	3dc9fdf38b30dbc8fc85609a32ca7280ae206529	22455c945576d28d86ac98a3b512327740b12f0cc3a3a6006ad1c59dfe9c9584	otf_sparse_formula	2026-09-25T13:14:45.866830Z	--arms unreal:gr1:oxidd	0.030000	45572096		8G	0			true		acacia-syntcomp26-coverage-3638921-769e4d3cda52.scope
arm-6	load_balancer_unreal1_pb_2_5_pe_.ltl	load_balancer_unreal1_pb_2_5_pe_.tlsf	60	UNREALIZABLE	0.08287647203542292	1	false		status	13	30	804	3dc9fdf38b30dbc8fc85609a32ca7280ae206529	22455c945576d28d86ac98a3b512327740b12f0cc3a3a6006ad1c59dfe9c9584	otf_sparse_formula	2026-09-25T13:14:45.968955Z	--arms unreal:gr1:oxidd	0.050000	46190592		8G	0			true		acacia-syntcomp26-coverage-3638921-0c9da0861c5e.scope
arm-6	load_balancer_unreal1_pb_2_6_pe_.ltl	load_balancer_unreal1_pb_2_6_pe_.tlsf	60	UNREALIZABLE	0.1136333670001477	1	false		status	13	30	805	3dc9fdf38b30dbc8fc85609a32ca7280ae206529	22455c945576d28d86ac98a3b512327740b12f0cc3a3a6006ad1c59dfe9c9584	otf_sparse_formula	2026-09-25T13:14:46.103534Z	--arms unreal:gr1:oxidd	0.080000	49905664		8G	0			true		acacia-syntcomp26-coverage-3638921-1aa1d7abceb3.scope
arm-6	load_balancer_unreal1_pb_2_7_pe_.ltl	load_balancer_unreal1_pb_2_7_pe_.tlsf	60	UNREALIZABLE	0.2292709780158475	1	false		status	13	30	806	3dc9fdf38b30dbc8fc85609a32ca7280ae206529	22455c945576d28d86ac98a3b512327740b12f0cc3a3a6006ad1c59dfe9c9584	otf_sparse_formula	2026-09-25T13:14:46.353392Z	--arms unreal:gr1:oxidd	0.200000	58896384		8G	0			true		acacia-syntcomp26-coverage-3638921-39a7fb4af9cd.scope
arm-6	load_balancer_unreal1_pb_2_8_pe_.ltl	load_balancer_unreal1_pb_2_8_pe_.tlsf	60	UNREALIZABLE	0.76573957700748	1	false		status	13	31	807	3dc9fdf38b30dbc8fc85609a32ca7280ae206529	22455c945576d28d86ac98a3b512327740b12f0cc3a3a6006ad1c59dfe9c9584	otf_sparse_formula	2026-09-25T13:14:47.138650Z	--arms unreal:gr1:oxidd	0.740000	111210496		8G	0			true		acacia-syntcomp26-coverage-3638921-9342e0a4da0e.scope
arm-6	load_balancer_unreal1_pb_2_9_pe_.ltl	load_balancer_unreal1_pb_2_9_pe_.tlsf	60	UNREALIZABLE	24.158910810016096	1	false		status	13	32	808	3dc9fdf38b30dbc8fc85609a32ca7280ae206529	22455c945576d28d86ac98a3b512327740b12f0cc3a3a6006ad1c59dfe9c9584	otf_sparse_formula	2026-09-25T13:15:11.311909Z	--arms unreal:gr1:oxidd	26.750000	188592128		8G	0			true		acacia-syntcomp26-coverage-3638921-e2468c379c0b.scope
arm-6	load_balancer_unreal1_pb_3_10_pe_.ltl	load_balancer_unreal1_pb_3_10_pe_.tlsf	60	UNKNOWN	17.988176789949648	2	false		status	0	248	809	3dc9fdf38b30dbc8fc85609a32ca7280ae206529	22455c945576d28d86ac98a3b512327740b12f0cc3a3a6006ad1c59dfe9c9584	otf_sparse_formula	2026-09-25T13:15:29.319820Z	--arms unreal:gr1:oxidd	19.140000	301473792		8G	0			true		acacia-syntcomp26-coverage-3638921-ed2717963c8b.scope
arm-6	load_balancer_unreal1_pb_3_11_pe_.ltl	load_balancer_unreal1_pb_3_11_pe_.tlsf	60	TIMEOUT	60.10073753702454	124	true	timeout	status	0	8	810	3dc9fdf38b30dbc8fc85609a32ca7280ae206529	22455c945576d28d86ac98a3b512327740b12f0cc3a3a6006ad1c59dfe9c9584	otf_sparse_formula	2026-09-25T13:16:29.461018Z	--arms unreal:gr1:oxidd				8G	0			true		acacia-syntcomp26-coverage-3638921-cfadfb6ff5ec.scope
arm-6	load_balancer_unreal1_pb_3_12_pe_.ltl	load_balancer_unreal1_pb_3_12_pe_.tlsf	60	TIMEOUT	60.14037940790877	124	true	timeout	status	0	8	811	3dc9fdf38b30dbc8fc85609a32ca7280ae206529	22455c945576d28d86ac98a3b512327740b12f0cc3a3a6006ad1c59dfe9c9584	otf_sparse_formula	2026-09-25T13:17:29.624568Z	--arms unreal:gr1:oxidd				8G	0			true		acacia-syntcomp26-coverage-3638921-7a31d5229b10.scope
arm-6	load_balancer_unreal1_pb_3_1_pe_.ltl	load_balancer_unreal1_pb_3_1_pe_.tlsf	60	UNREALIZABLE	0.08410083898343146	1	false		status	13	30	812	3dc9fdf38b30dbc8fc85609a32ca7280ae206529	22455c945576d28d86ac98a3b512327740b12f0cc3a3a6006ad1c59dfe9c9584	otf_sparse_formula	2026-09-25T13:17:29.722663Z	--arms unreal:gr1:oxidd	0.050000	46587904		8G	0			true		acacia-syntcomp26-coverage-3638921-582de53976c9.scope
arm-6	load_balancer_unreal1_pb_3_2_pe_.ltl	load_balancer_unreal1_pb_3_2_pe_.tlsf	60	UNREALIZABLE	0.07704673905391246	1	false		status	13	30	813	3dc9fdf38b30dbc8fc85609a32ca7280ae206529	22455c945576d28d86ac98a3b512327740b12f0cc3a3a6006ad1c59dfe9c9584	otf_sparse_formula	2026-09-25T13:17:29.812586Z	--arms unreal:gr1:oxidd	0.040000	46727168		8G	0			true		acacia-syntcomp26-coverage-3638921-6d47cff3b541.scope
arm-6	load_balancer_unreal1_pb_3_3_pe_.ltl	load_balancer_unreal1_pb_3_3_pe_.tlsf	60	UNREALIZABLE	0.09688807092607021	1	false		status	13	30	814	3dc9fdf38b30dbc8fc85609a32ca7280ae206529	22455c945576d28d86ac98a3b512327740b12f0cc3a3a6006ad1c59dfe9c9584	otf_sparse_formula	2026-09-25T13:17:29.922728Z	--arms unreal:gr1:oxidd	0.070000	46919680		8G	0			true		acacia-syntcomp26-coverage-3638921-1b70f7c47738.scope
arm-6	load_balancer_unreal1_pb_3_4_pe_.ltl	load_balancer_unreal1_pb_3_4_pe_.tlsf	60	UNREALIZABLE	0.14621256198734045	1	false		status	13	30	815	3dc9fdf38b30dbc8fc85609a32ca7280ae206529	22455c945576d28d86ac98a3b512327740b12f0cc3a3a6006ad1c59dfe9c9584	otf_sparse_formula	2026-09-25T13:17:30.084075Z	--arms unreal:gr1:oxidd	0.110000	49786880		8G	0			true		acacia-syntcomp26-coverage-3638921-cb779ad5e15f.scope
arm-6	load_balancer_unreal1_pb_3_5_pe_.ltl	load_balancer_unreal1_pb_3_5_pe_.tlsf	60	UNREALIZABLE	0.26630714803468436	1	false		status	13	30	816	3dc9fdf38b30dbc8fc85609a32ca7280ae206529	22455c945576d28d86ac98a3b512327740b12f0cc3a3a6006ad1c59dfe9c9584	otf_sparse_formula	2026-09-25T13:17:30.365155Z	--arms unreal:gr1:oxidd	0.230000	65048576		8G	0			true		acacia-syntcomp26-coverage-3638921-bf9b29788786.scope
arm-6	load_balancer_unreal1_pb_3_6_pe_.ltl	load_balancer_unreal1_pb_3_6_pe_.tlsf	60	UNREALIZABLE	0.9330325199989602	1	false		status	13	31	817	3dc9fdf38b30dbc8fc85609a32ca7280ae206529	22455c945576d28d86ac98a3b512327740b12f0cc3a3a6006ad1c59dfe9c9584	otf_sparse_formula	2026-09-25T13:17:31.311326Z	--arms unreal:gr1:oxidd	0.900000	125464576		8G	0			true		acacia-syntcomp26-coverage-3638921-0f2f26c57bbf.scope
arm-6	load_balancer_unreal1_pb_3_7_pe_.ltl	load_balancer_unreal1_pb_3_7_pe_.tlsf	60	UNREALIZABLE	38.75462474406231	1	false		status	13	32	818	3dc9fdf38b30dbc8fc85609a32ca7280ae206529	22455c945576d28d86ac98a3b512327740b12f0cc3a3a6006ad1c59dfe9c9584	otf_sparse_formula	2026-09-25T13:18:10.080883Z	--arms unreal:gr1:oxidd	43.240000	185843712		8G	0			true		acacia-syntcomp26-coverage-3638921-00f3d6d79cd5.scope
arm-6	load_balancer_unreal1_pb_3_8_pe_.ltl	load_balancer_unreal1_pb_3_8_pe_.tlsf	60	TIMEOUT	60.10137198504526	124	true	timeout	status	0	8	819	3dc9fdf38b30dbc8fc85609a32ca7280ae206529	22455c945576d28d86ac98a3b512327740b12f0cc3a3a6006ad1c59dfe9c9584	otf_sparse_formula	2026-09-25T13:19:10.222757Z	--arms unreal:gr1:oxidd				8G	0			true		acacia-syntcomp26-coverage-3638921-0af53777ecab.scope
arm-6	load_balancer_unreal1_pb_3_9_pe_.ltl	load_balancer_unreal1_pb_3_9_pe_.tlsf	60	TIMEOUT	60.04200219898485	124	true	timeout	status	0	8	820	3dc9fdf38b30dbc8fc85609a32ca7280ae206529	22455c945576d28d86ac98a3b512327740b12f0cc3a3a6006ad1c59dfe9c9584	otf_sparse_formula	2026-09-25T13:20:10.289179Z	--arms unreal:gr1:oxidd				8G	0			true		acacia-syntcomp26-coverage-3638921-343771c1bc93.scope
arm-6	load_balancer_unreal1_pb_4_10_pe_.ltl	load_balancer_unreal1_pb_4_10_pe_.tlsf	60	TIMEOUT	60.0960736629786	124	true	timeout	status	0	8	821	3dc9fdf38b30dbc8fc85609a32ca7280ae206529	22455c945576d28d86ac98a3b512327740b12f0cc3a3a6006ad1c59dfe9c9584	otf_sparse_formula	2026-09-25T13:21:10.399383Z	--arms unreal:gr1:oxidd				8G	0			true		acacia-syntcomp26-coverage-3638921-9571986bf75b.scope
arm-6	load_balancer_unreal1_pb_4_11_pe_.ltl	load_balancer_unreal1_pb_4_11_pe_.tlsf	60	UNKNOWN	48.08000897499733	2	false		status	0	142	822	3dc9fdf38b30dbc8fc85609a32ca7280ae206529	22455c945576d28d86ac98a3b512327740b12f0cc3a3a6006ad1c59dfe9c9584	otf_sparse_formula	2026-09-25T13:21:58.516953Z	--arms unreal:gr1:oxidd	47.970000	1027063808		8G	0			true		acacia-syntcomp26-coverage-3638921-883e63495beb.scope
arm-6	load_balancer_unreal1_pb_4_12_pe_.ltl	load_balancer_unreal1_pb_4_12_pe_.tlsf	60	TIMEOUT	60.12268565199338	124	true	timeout	status	0	8	823	3dc9fdf38b30dbc8fc85609a32ca7280ae206529	22455c945576d28d86ac98a3b512327740b12f0cc3a3a6006ad1c59dfe9c9584	otf_sparse_formula	2026-09-25T13:22:58.651451Z	--arms unreal:gr1:oxidd				8G	0			true		acacia-syntcomp26-coverage-3638921-d3b8565e8710.scope
arm-6	load_balancer_unreal1_pb_4_1_pe_.ltl	load_balancer_unreal1_pb_4_1_pe_.tlsf	60	UNREALIZABLE	0.14582565694581717	1	false		status	13	30	824	3dc9fdf38b30dbc8fc85609a32ca7280ae206529	22455c945576d28d86ac98a3b512327740b12f0cc3a3a6006ad1c59dfe9c9584	otf_sparse_formula	2026-09-25T13:22:58.810845Z	--arms unreal:gr1:oxidd	0.110000	53309440		8G	0			true		acacia-syntcomp26-coverage-3638921-a8b85b929179.scope
arm-6	load_balancer_unreal1_pb_4_2_pe_.ltl	load_balancer_unreal1_pb_4_2_pe_.tlsf	60	UNREALIZABLE	0.14519874996040016	1	false		status	13	30	825	3dc9fdf38b30dbc8fc85609a32ca7280ae206529	22455c945576d28d86ac98a3b512327740b12f0cc3a3a6006ad1c59dfe9c9584	otf_sparse_formula	2026-09-25T13:22:58.969781Z	--arms unreal:gr1:oxidd	0.110000	51396608		8G	0			true		acacia-syntcomp26-coverage-3638921-abc8925e24ec.scope
arm-6	load_balancer_unreal1_pb_4_3_pe_.ltl	load_balancer_unreal1_pb_4_3_pe_.tlsf	60	UNREALIZABLE	0.31910674599930644	1	false		status	13	30	826	3dc9fdf38b30dbc8fc85609a32ca7280ae206529	22455c945576d28d86ac98a3b512327740b12f0cc3a3a6006ad1c59dfe9c9584	otf_sparse_formula	2026-09-25T13:22:59.303015Z	--arms unreal:gr1:oxidd	0.280000	62738432		8G	0			true		acacia-syntcomp26-coverage-3638921-f00e1ef40de1.scope
arm-6	load_balancer_unreal1_pb_4_4_pe_.ltl	load_balancer_unreal1_pb_4_4_pe_.tlsf	60	UNREALIZABLE	0.8506745559861884	1	false		status	13	30	827	3dc9fdf38b30dbc8fc85609a32ca7280ae206529	22455c945576d28d86ac98a3b512327740b12f0cc3a3a6006ad1c59dfe9c9584	otf_sparse_formula	2026-09-25T13:23:00.168440Z	--arms unreal:gr1:oxidd	0.820000	101236736		8G	0			true		acacia-syntcomp26-coverage-3638921-c3fad1aef973.scope
arm-6	load_balancer_unreal1_pb_4_5_pe_.ltl	load_balancer_unreal1_pb_4_5_pe_.tlsf	60	UNREALIZABLE	27.626782024046406	1	false		status	13	32	828	3dc9fdf38b30dbc8fc85609a32ca7280ae206529	22455c945576d28d86ac98a3b512327740b12f0cc3a3a6006ad1c59dfe9c9584	otf_sparse_formula	2026-09-25T13:23:27.809514Z	--arms unreal:gr1:oxidd	30.260000	183693312		8G	0			true		acacia-syntcomp26-coverage-3638921-0b4990e63b36.scope
arm-6	load_balancer_unreal1_pb_4_6_pe_.ltl	load_balancer_unreal1_pb_4_6_pe_.tlsf	60	TIMEOUT	60.0798746580258	124	true	timeout	status	0	8	829	3dc9fdf38b30dbc8fc85609a32ca7280ae206529	22455c945576d28d86ac98a3b512327740b12f0cc3a3a6006ad1c59dfe9c9584	otf_sparse_formula	2026-09-25T13:24:27.903245Z	--arms unreal:gr1:oxidd				8G	0			true		acacia-syntcomp26-coverage-3638921-99866f676a5c.scope
arm-6	load_balancer_unreal1_pb_4_7_pe_.ltl	load_balancer_unreal1_pb_4_7_pe_.tlsf	60	TIMEOUT	60.10342797101475	124	true	timeout	status	0	8	830	3dc9fdf38b30dbc8fc85609a32ca7280ae206529	22455c945576d28d86ac98a3b512327740b12f0cc3a3a6006ad1c59dfe9c9584	otf_sparse_formula	2026-09-25T13:25:28.046636Z	--arms unreal:gr1:oxidd				8G	0			true		acacia-syntcomp26-coverage-3638921-b3ef3e0d9995.scope
arm-6	load_balancer_unreal1_pb_4_8_pe_.ltl	load_balancer_unreal1_pb_4_8_pe_.tlsf	60	UNKNOWN	8.860317526967265	2	false		status	0	248	831	3dc9fdf38b30dbc8fc85609a32ca7280ae206529	22455c945576d28d86ac98a3b512327740b12f0cc3a3a6006ad1c59dfe9c9584	otf_sparse_formula	2026-09-25T13:25:36.920987Z	--arms unreal:gr1:oxidd	10.170000	213344256		8G	0			true		acacia-syntcomp26-coverage-3638921-37c66dcda8f1.scope
arm-6	load_balancer_unreal1_pb_4_9_pe_.ltl	load_balancer_unreal1_pb_4_9_pe_.tlsf	60	UNKNOWN	33.67172263702378	2	false		status	0	248	832	3dc9fdf38b30dbc8fc85609a32ca7280ae206529	22455c945576d28d86ac98a3b512327740b12f0cc3a3a6006ad1c59dfe9c9584	otf_sparse_formula	2026-09-25T13:26:10.605549Z	--arms unreal:gr1:oxidd	37.500000	242040832		8G	0			true		acacia-syntcomp26-coverage-3638921-0f6c53c28108.scope
arm-6	load_balancer_unreal1_pb_5_2_pe_.ltl	load_balancer_unreal1_pb_5_2_pe_.tlsf	60	UNREALIZABLE	0.36801735195331275	1	false		status	13	30	833	3dc9fdf38b30dbc8fc85609a32ca7280ae206529	22455c945576d28d86ac98a3b512327740b12f0cc3a3a6006ad1c59dfe9c9584	otf_sparse_formula	2026-09-25T13:26:10.987510Z	--arms unreal:gr1:oxidd	0.350000	78483456		8G	0			true		acacia-syntcomp26-coverage-3638921-ef8f7837d227.scope
arm-6	load_balancer_unreal1_pb_5_3_pe_.ltl	load_balancer_unreal1_pb_5_3_pe_.tlsf	60	UNREALIZABLE	24.250442035961896	1	false		status	13	32	834	3dc9fdf38b30dbc8fc85609a32ca7280ae206529	22455c945576d28d86ac98a3b512327740b12f0cc3a3a6006ad1c59dfe9c9584	otf_sparse_formula	2026-09-25T13:26:35.252684Z	--arms unreal:gr1:oxidd	26.100000	188071936		8G	0			true		acacia-syntcomp26-coverage-3638921-aa203ef2c487.scope
arm-6	load_balancer_unreal1_pb_5_4_pe_.ltl	load_balancer_unreal1_pb_5_4_pe_.tlsf	60	TIMEOUT	60.07954221998807	124	true	timeout	status	0	8	835	3dc9fdf38b30dbc8fc85609a32ca7280ae206529	22455c945576d28d86ac98a3b512327740b12f0cc3a3a6006ad1c59dfe9c9584	otf_sparse_formula	2026-09-25T13:27:35.345117Z	--arms unreal:gr1:oxidd				8G	0			true		acacia-syntcomp26-coverage-3638921-30fb49f0274e.scope
arm-6	load_balancer_unreal1_pb_5_5_pe_.ltl	load_balancer_unreal1_pb_5_5_pe_.tlsf	60	TIMEOUT	60.04580011893995	124	true	timeout	status	0	8	836	3dc9fdf38b30dbc8fc85609a32ca7280ae206529	22455c945576d28d86ac98a3b512327740b12f0cc3a3a6006ad1c59dfe9c9584	otf_sparse_formula	2026-09-25T13:28:35.414663Z	--arms unreal:gr1:oxidd				8G	0			true		acacia-syntcomp26-coverage-3638921-644d5ff6d98d.scope
arm-6	load_balancer_unreal1_pb_5_6_pe_.ltl	load_balancer_unreal1_pb_5_6_pe_.tlsf	60	TIMEOUT	60.10005468793679	124	true	timeout	status	0	8	837	3dc9fdf38b30dbc8fc85609a32ca7280ae206529	22455c945576d28d86ac98a3b512327740b12f0cc3a3a6006ad1c59dfe9c9584	otf_sparse_formula	2026-09-25T13:29:35.540962Z	--arms unreal:gr1:oxidd				8G	0			true		acacia-syntcomp26-coverage-3638921-afc33c783637.scope
arm-6	load_balancer_unreal1_pb_5_7_pe_.ltl	load_balancer_unreal1_pb_5_7_pe_.tlsf	60	UNKNOWN	19.16391466301866	2	false		status	0	248	838	3dc9fdf38b30dbc8fc85609a32ca7280ae206529	22455c945576d28d86ac98a3b512327740b12f0cc3a3a6006ad1c59dfe9c9584	otf_sparse_formula	2026-09-25T13:29:54.727890Z	--arms unreal:gr1:oxidd	21.370000	255631360		8G	0			true		acacia-syntcomp26-coverage-3638921-267212579649.scope
arm-6	load_balancer_unreal1_pb_6_1_pe_.ltl	load_balancer_unreal1_pb_6_1_pe_.tlsf	60	UNREALIZABLE	1.8996935059549287	1	false		status	13	31	839	3dc9fdf38b30dbc8fc85609a32ca7280ae206529	22455c945576d28d86ac98a3b512327740b12f0cc3a3a6006ad1c59dfe9c9584	otf_sparse_formula	2026-09-25T13:29:56.642565Z	--arms unreal:gr1:oxidd	1.930000	174837760		8G	0			true		acacia-syntcomp26-coverage-3638921-37fb9ede114a.scope
arm-6	load_balancer_unreal1_pb_6_2_pe_.ltl	load_balancer_unreal1_pb_6_2_pe_.tlsf	60	UNREALIZABLE	10.191017028060742	1	false		status	13	32	840	3dc9fdf38b30dbc8fc85609a32ca7280ae206529	22455c945576d28d86ac98a3b512327740b12f0cc3a3a6006ad1c59dfe9c9584	otf_sparse_formula	2026-09-25T13:30:06.847410Z	--arms unreal:gr1:oxidd	10.300000	173879296		8G	0			true		acacia-syntcomp26-coverage-3638921-cf290c316e0f.scope
arm-6	load_balancer_unreal1_pb_6_3_pe_.ltl	load_balancer_unreal1_pb_6_3_pe_.tlsf	60	TIMEOUT	60.1003279350698	124	true	timeout	status	0	8	841	3dc9fdf38b30dbc8fc85609a32ca7280ae206529	22455c945576d28d86ac98a3b512327740b12f0cc3a3a6006ad1c59dfe9c9584	otf_sparse_formula	2026-09-25T13:31:06.971278Z	--arms unreal:gr1:oxidd				8G	0			true		acacia-syntcomp26-coverage-3638921-9b2ab0de4355.scope
arm-6	load_balancer_unreal1_pb_6_4_pe_.ltl	load_balancer_unreal1_pb_6_4_pe_.tlsf	60	TIMEOUT	60.060452063102275	124	true	timeout	status	0	8	842	3dc9fdf38b30dbc8fc85609a32ca7280ae206529	22455c945576d28d86ac98a3b512327740b12f0cc3a3a6006ad1c59dfe9c9584	otf_sparse_formula	2026-09-25T13:32:07.072819Z	--arms unreal:gr1:oxidd				8G	0			true		acacia-syntcomp26-coverage-3638921-675ddbb3dc52.scope
arm-6	load_balancer_unreal1_pb_6_5_pe_.ltl	load_balancer_unreal1_pb_6_5_pe_.tlsf	60	UNKNOWN	35.441854392993264	2	false		none	0	155	843	3dc9fdf38b30dbc8fc85609a32ca7280ae206529	22455c945576d28d86ac98a3b512327740b12f0cc3a3a6006ad1c59dfe9c9584	otf_sparse_formula	2026-09-25T13:32:42.529368Z	--arms unreal:gr1:oxidd	39.430000	203886592		8G	0			true		acacia-syntcomp26-coverage-3638921-f6f51d3b2196.scope
arm-6	load_balancer_unreal2_pb_2_pe_.ltl	load_balancer_unreal2_pb_2_pe_.tlsf	60	UNKNOWN	0.04126979596912861	2	false		status	0	128	844	3dc9fdf38b30dbc8fc85609a32ca7280ae206529	22455c945576d28d86ac98a3b512327740b12f0cc3a3a6006ad1c59dfe9c9584	otf_sparse_formula	2026-09-25T13:32:42.583465Z	--arms unreal:gr1:oxidd	0.010000	45355008		8G	0			true		acacia-syntcomp26-coverage-3638921-9a0160c8d44a.scope
arm-6	load_balancer_unreal2_pb_3_pe_.ltl	load_balancer_unreal2_pb_3_pe_.tlsf	60	UNREALIZABLE	0.07543885300401598	1	false		status	13	30	845	3dc9fdf38b30dbc8fc85609a32ca7280ae206529	22455c945576d28d86ac98a3b512327740b12f0cc3a3a6006ad1c59dfe9c9584	otf_sparse_formula	2026-09-25T13:32:42.671710Z	--arms unreal:gr1:oxidd	0.050000	46739456		8G	0			true		acacia-syntcomp26-coverage-3638921-3163527d8d10.scope
arm-6	load_balancer_unreal2_pb_4_pe_.ltl	load_balancer_unreal2_pb_4_pe_.tlsf	60	UNREALIZABLE	0.1320553550031036	1	false		status	13	30	846	3dc9fdf38b30dbc8fc85609a32ca7280ae206529	22455c945576d28d86ac98a3b512327740b12f0cc3a3a6006ad1c59dfe9c9584	otf_sparse_formula	2026-09-25T13:32:42.818144Z	--arms unreal:gr1:oxidd	0.110000	53936128		8G	0			true		acacia-syntcomp26-coverage-3638921-da69f8692e51.scope
arm-6	load_balancer_unreal2_pb_5_pe_.ltl	load_balancer_unreal2_pb_5_pe_.tlsf	60	UNREALIZABLE	0.39519792806822807	1	false		status	13	30	847	3dc9fdf38b30dbc8fc85609a32ca7280ae206529	22455c945576d28d86ac98a3b512327740b12f0cc3a3a6006ad1c59dfe9c9584	otf_sparse_formula	2026-09-25T13:32:43.227721Z	--arms unreal:gr1:oxidd	0.380000	87633920		8G	0			true		acacia-syntcomp26-coverage-3638921-f9493fe30e52.scope
arm-6	load_balancer_unreal2_pb_6_pe_.ltl	load_balancer_unreal2_pb_6_pe_.tlsf	60	UNREALIZABLE	2.654130042064935	1	false		status	13	31	848	3dc9fdf38b30dbc8fc85609a32ca7280ae206529	22455c945576d28d86ac98a3b512327740b12f0cc3a3a6006ad1c59dfe9c9584	otf_sparse_formula	2026-09-25T13:32:45.895800Z	--arms unreal:gr1:oxidd	2.710000	179777536		8G	0			true		acacia-syntcomp26-coverage-3638921-8528a64ff3b0.scope
arm-6	load_balancer_unreal2_pb_7_pe_.ltl	load_balancer_unreal2_pb_7_pe_.tlsf	60	TIMEOUT	60.09620786993764	124	true	timeout	none	0	8	849	3dc9fdf38b30dbc8fc85609a32ca7280ae206529	22455c945576d28d86ac98a3b512327740b12f0cc3a3a6006ad1c59dfe9c9584	otf_sparse_formula	2026-09-25T13:33:46.004947Z	--arms unreal:gr1:oxidd				8G	0			true		acacia-syntcomp26-coverage-3638921-66de413e6e05.scope
arm-6	load_balancer_unreal2_pb_8_pe_.ltl	load_balancer_unreal2_pb_8_pe_.tlsf	60	TIMEOUT	60.038714641937986	124	true	timeout	none	0	8	850	3dc9fdf38b30dbc8fc85609a32ca7280ae206529	22455c945576d28d86ac98a3b512327740b12f0cc3a3a6006ad1c59dfe9c9584	otf_sparse_formula	2026-09-25T13:34:46.056192Z	--arms unreal:gr1:oxidd				8G	0			true		acacia-syntcomp26-coverage-3638921-f62778f9b1e6.scope
arm-6	ltl2dba01.ltl	ltl2dba01.tlsf	60	UNKNOWN	0.02299600001424551	2	false		status	0	212	851	3dc9fdf38b30dbc8fc85609a32ca7280ae206529	22455c945576d28d86ac98a3b512327740b12f0cc3a3a6006ad1c59dfe9c9584	otf_sparse_formula	2026-09-25T13:34:46.092154Z	--arms unreal:gr1:oxidd	0.000000	18898944		8G	0			true		acacia-syntcomp26-coverage-3638921-a7a6c45d1638.scope
arm-6	ltl2dba02.ltl	ltl2dba02.tlsf	60	UNKNOWN	0.03170918906107545	2	false		status	0	340	852	3dc9fdf38b30dbc8fc85609a32ca7280ae206529	22455c945576d28d86ac98a3b512327740b12f0cc3a3a6006ad1c59dfe9c9584	otf_sparse_formula	2026-09-25T13:34:46.137490Z	--arms unreal:gr1:oxidd	0.000000	20914176		8G	0			true		acacia-syntcomp26-coverage-3638921-6e1bbe1c8620.scope
arm-6	ltl2dba03.ltl	ltl2dba03.tlsf	60	UNKNOWN	0.024695859057828784	2	false		status	0	214	853	3dc9fdf38b30dbc8fc85609a32ca7280ae206529	22455c945576d28d86ac98a3b512327740b12f0cc3a3a6006ad1c59dfe9c9584	otf_sparse_formula	2026-09-25T13:34:46.174040Z	--arms unreal:gr1:oxidd	0.000000	19296256		8G	0			true		acacia-syntcomp26-coverage-3638921-9a2c75d85467.scope
arm-6	ltl2dba04.ltl	ltl2dba04.tlsf	60	UNKNOWN	0.022715572966262698	2	false		status	0	212	854	3dc9fdf38b30dbc8fc85609a32ca7280ae206529	22455c945576d28d86ac98a3b512327740b12f0cc3a3a6006ad1c59dfe9c9584	otf_sparse_formula	2026-09-25T13:34:46.209371Z	--arms unreal:gr1:oxidd	0.000000	19054592		8G	0			true		acacia-syntcomp26-coverage-3638921-513f853f18fe.scope
arm-6	ltl2dba05.ltl	ltl2dba05.tlsf	60	UNKNOWN	0.023989035049453378	2	false		status	0	233	855	3dc9fdf38b30dbc8fc85609a32ca7280ae206529	22455c945576d28d86ac98a3b512327740b12f0cc3a3a6006ad1c59dfe9c9584	otf_sparse_formula	2026-09-25T13:34:46.245250Z	--arms unreal:gr1:oxidd	0.000000	19259392		8G	0			true		acacia-syntcomp26-coverage-3638921-1f3fa22e52ee.scope
arm-6	ltl2dba06.ltl	ltl2dba06.tlsf	60	UNKNOWN	0.023438996984623373	2	false		status	0	239	856	3dc9fdf38b30dbc8fc85609a32ca7280ae206529	22455c945576d28d86ac98a3b512327740b12f0cc3a3a6006ad1c59dfe9c9584	otf_sparse_formula	2026-09-25T13:34:46.281774Z	--arms unreal:gr1:oxidd	0.000000	19800064		8G	0			true		acacia-syntcomp26-coverage-3638921-b44b7352807b.scope
arm-6	ltl2dba07.ltl	ltl2dba07.tlsf	60	UNKNOWN	0.07813720894046128	2	false		status	0	306	857	3dc9fdf38b30dbc8fc85609a32ca7280ae206529	22455c945576d28d86ac98a3b512327740b12f0cc3a3a6006ad1c59dfe9c9584	otf_sparse_formula	2026-09-25T13:34:46.372198Z	--arms unreal:gr1:oxidd	0.040000	29536256		8G	0			true		acacia-syntcomp26-coverage-3638921-7c950deb8699.scope
arm-6	ltl2dba08.ltl	ltl2dba08.tlsf	60	UNKNOWN	0.9155042800121009	2	false		status	0	259	858	3dc9fdf38b30dbc8fc85609a32ca7280ae206529	22455c945576d28d86ac98a3b512327740b12f0cc3a3a6006ad1c59dfe9c9584	otf_sparse_formula	2026-09-25T13:34:47.300520Z	--arms unreal:gr1:oxidd	0.880000	166690816		8G	0			true		acacia-syntcomp26-coverage-3638921-a8da2b2912a4.scope
arm-6	ltl2dba09.ltl	ltl2dba09.tlsf	60	UNKNOWN	0.021489882958121598	2	false		status	0	214	859	3dc9fdf38b30dbc8fc85609a32ca7280ae206529	22455c945576d28d86ac98a3b512327740b12f0cc3a3a6006ad1c59dfe9c9584	otf_sparse_formula	2026-09-25T13:34:47.335560Z	--arms unreal:gr1:oxidd	0.000000	19869696		8G	0			true		acacia-syntcomp26-coverage-3638921-f9bedf46be66.scope
arm-6	ltl2dba10.ltl	ltl2dba10.tlsf	60	UNKNOWN	0.024289414985105395	2	false		status	0	191	860	3dc9fdf38b30dbc8fc85609a32ca7280ae206529	22455c945576d28d86ac98a3b512327740b12f0cc3a3a6006ad1c59dfe9c9584	otf_sparse_formula	2026-09-25T13:34:47.372737Z	--arms unreal:gr1:oxidd	0.000000	18649088		8G	0			true		acacia-syntcomp26-coverage-3638921-b98d5f54061e.scope
arm-6	ltl2dba11.ltl	ltl2dba11.tlsf	60	UNKNOWN	0.029953127959743142	2	false		status	0	235	861	3dc9fdf38b30dbc8fc85609a32ca7280ae206529	22455c945576d28d86ac98a3b512327740b12f0cc3a3a6006ad1c59dfe9c9584	otf_sparse_formula	2026-09-25T13:34:47.414551Z	--arms unreal:gr1:oxidd	0.000000	18767872		8G	0			true		acacia-syntcomp26-coverage-3638921-11f9379fe8b3.scope
arm-6	ltl2dba12.ltl	ltl2dba12.tlsf	60	UNKNOWN	0.02012007893063128	2	false		status	0	240	862	3dc9fdf38b30dbc8fc85609a32ca7280ae206529	22455c945576d28d86ac98a3b512327740b12f0cc3a3a6006ad1c59dfe9c9584	otf_sparse_formula	2026-09-25T13:34:47.446712Z	--arms unreal:gr1:oxidd	0.000000	19005440		8G	0			true		acacia-syntcomp26-coverage-3638921-ede3c683744b.scope
arm-6	ltl2dba13.ltl	ltl2dba13.tlsf	60	UNKNOWN	0.031895307009108365	2	false		status	0	260	863	3dc9fdf38b30dbc8fc85609a32ca7280ae206529	22455c945576d28d86ac98a3b512327740b12f0cc3a3a6006ad1c59dfe9c9584	otf_sparse_formula	2026-09-25T13:34:47.492956Z	--arms unreal:gr1:oxidd	0.000000	19734528		8G	0			true		acacia-syntcomp26-coverage-3638921-bf4f73aa6034.scope
arm-6	ltl2dba14.ltl	ltl2dba14.tlsf	60	UNKNOWN	0.022828969988040626	2	false		status	0	214	864	3dc9fdf38b30dbc8fc85609a32ca7280ae206529	22455c945576d28d86ac98a3b512327740b12f0cc3a3a6006ad1c59dfe9c9584	otf_sparse_formula	2026-09-25T13:34:47.529167Z	--arms unreal:gr1:oxidd	0.000000	19030016		8G	0			true		acacia-syntcomp26-coverage-3638921-f810e7892a78.scope
arm-6	ltl2dba15.ltl	ltl2dba15.tlsf	60	UNKNOWN	0.028261907980777323	2	false		status	0	194	865	3dc9fdf38b30dbc8fc85609a32ca7280ae206529	22455c945576d28d86ac98a3b512327740b12f0cc3a3a6006ad1c59dfe9c9584	otf_sparse_formula	2026-09-25T13:34:47.569388Z	--arms unreal:gr1:oxidd	0.000000	18907136		8G	0			true		acacia-syntcomp26-coverage-3638921-3c8f0a3c9acc.scope
arm-6	ltl2dba16.ltl	ltl2dba16.tlsf	60	UNKNOWN	0.029182835947722197	2	false		status	0	240	866	3dc9fdf38b30dbc8fc85609a32ca7280ae206529	22455c945576d28d86ac98a3b512327740b12f0cc3a3a6006ad1c59dfe9c9584	otf_sparse_formula	2026-09-25T13:34:47.611104Z	--arms unreal:gr1:oxidd	0.000000	19300352		8G	0			true		acacia-syntcomp26-coverage-3638921-e0dddc00a381.scope
arm-6	ltl2dba17.ltl	ltl2dba17.tlsf	60	UNKNOWN	0.0347398950252682	2	false		status	0	194	867	3dc9fdf38b30dbc8fc85609a32ca7280ae206529	22455c945576d28d86ac98a3b512327740b12f0cc3a3a6006ad1c59dfe9c9584	otf_sparse_formula	2026-09-25T13:34:47.657830Z	--arms unreal:gr1:oxidd	0.000000	20221952		8G	0			true		acacia-syntcomp26-coverage-3638921-3ea281b461ad.scope
arm-6	ltl2dba18.ltl	ltl2dba18.tlsf	60	UNKNOWN	0.021167851984500885	2	false		status	0	238	868	3dc9fdf38b30dbc8fc85609a32ca7280ae206529	22455c945576d28d86ac98a3b512327740b12f0cc3a3a6006ad1c59dfe9c9584	otf_sparse_formula	2026-09-25T13:34:47.691154Z	--arms unreal:gr1:oxidd	0.000000	19689472		8G	0			true		acacia-syntcomp26-coverage-3638921-0dc517d2d053.scope
arm-6	ltl2dba19.ltl	ltl2dba19.tlsf	60	UNKNOWN	0.03131708700675517	2	false		status	0	146	869	3dc9fdf38b30dbc8fc85609a32ca7280ae206529	22455c945576d28d86ac98a3b512327740b12f0cc3a3a6006ad1c59dfe9c9584	otf_sparse_formula	2026-09-25T13:34:47.735705Z	--arms unreal:gr1:oxidd	0.000000	7032832		8G	0			true		acacia-syntcomp26-coverage-3638921-3278e4ee8354.scope
arm-6	ltl2dba20.ltl	ltl2dba20.tlsf	60	UNKNOWN	0.02218632202129811	2	false		status	0	238	870	3dc9fdf38b30dbc8fc85609a32ca7280ae206529	22455c945576d28d86ac98a3b512327740b12f0cc3a3a6006ad1c59dfe9c9584	otf_sparse_formula	2026-09-25T13:34:47.769645Z	--arms unreal:gr1:oxidd	0.000000	20148224		8G	0			true		acacia-syntcomp26-coverage-3638921-17a57fd3c7e8.scope
arm-6	ltl2dba21.ltl	ltl2dba21.tlsf	60	UNKNOWN	0.06372715998440981	2	false		status	0	195	871	3dc9fdf38b30dbc8fc85609a32ca7280ae206529	22455c945576d28d86ac98a3b512327740b12f0cc3a3a6006ad1c59dfe9c9584	otf_sparse_formula	2026-09-25T13:34:47.845784Z	--arms unreal:gr1:oxidd	0.040000	28934144		8G	0			true		acacia-syntcomp26-coverage-3638921-c405e51b4939.scope
arm-6	ltl2dba22.ltl	ltl2dba22.tlsf	60	UNKNOWN	0.02669548790436238	2	false		status	0	167	872	3dc9fdf38b30dbc8fc85609a32ca7280ae206529	22455c945576d28d86ac98a3b512327740b12f0cc3a3a6006ad1c59dfe9c9584	otf_sparse_formula	2026-09-25T13:34:47.885294Z	--arms unreal:gr1:oxidd	0.000000	18399232		8G	0			true		acacia-syntcomp26-coverage-3638921-02d33c1fde1a.scope
arm-6	ltl2dba23.ltl	ltl2dba23.tlsf	60	UNKNOWN	0.029861054965294898	2	false		status	0	191	873	3dc9fdf38b30dbc8fc85609a32ca7280ae206529	22455c945576d28d86ac98a3b512327740b12f0cc3a3a6006ad1c59dfe9c9584	otf_sparse_formula	2026-09-25T13:34:47.927840Z	--arms unreal:gr1:oxidd	0.000000	18685952		8G	0			true		acacia-syntcomp26-coverage-3638921-cd19152bb6f6.scope
arm-6	ltl2dba25.ltl	ltl2dba25.tlsf	60	UNKNOWN	0.029596963082440197	2	false		status	0	256	874	3dc9fdf38b30dbc8fc85609a32ca7280ae206529	22455c945576d28d86ac98a3b512327740b12f0cc3a3a6006ad1c59dfe9c9584	otf_sparse_formula	2026-09-25T13:34:47.969233Z	--arms unreal:gr1:oxidd	0.000000	19030016		8G	0			true		acacia-syntcomp26-coverage-3638921-88ed278cea65.scope
arm-6	ltl2dba26.ltl	ltl2dba26.tlsf	60	UNKNOWN	0.02320942294318229	2	false		status	0	215	875	3dc9fdf38b30dbc8fc85609a32ca7280ae206529	22455c945576d28d86ac98a3b512327740b12f0cc3a3a6006ad1c59dfe9c9584	otf_sparse_formula	2026-09-25T13:34:48.004465Z	--arms unreal:gr1:oxidd	0.000000	19415040		8G	0			true		acacia-syntcomp26-coverage-3638921-14d33a30a9d0.scope
arm-6	ltl2dba27.ltl	ltl2dba27.tlsf	60	UNKNOWN	0.033094701007939875	2	false		status	0	169	876	3dc9fdf38b30dbc8fc85609a32ca7280ae206529	22455c945576d28d86ac98a3b512327740b12f0cc3a3a6006ad1c59dfe9c9584	otf_sparse_formula	2026-09-25T13:34:48.050946Z	--arms unreal:gr1:oxidd	0.000000	18636800		8G	0			true		acacia-syntcomp26-coverage-3638921-da522f8aef99.scope
arm-6	ltl2dba_C2_pb_100_pe_.ltl	ltl2dba_C2_pb_100_pe_.tlsf	60	UNKNOWN	0.02271879103500396	2	false		none	0	391	877	3dc9fdf38b30dbc8fc85609a32ca7280ae206529	22455c945576d28d86ac98a3b512327740b12f0cc3a3a6006ad1c59dfe9c9584	otf_sparse_formula	2026-09-25T13:34:48.085346Z	--arms unreal:gr1:oxidd	0.000000	19644416		8G	0			true		acacia-syntcomp26-coverage-3638921-c2eb913112b3.scope
arm-6	ltl2dba_C2_pb_10_pe_.ltl	ltl2dba_C2_pb_10_pe_.tlsf	60	TIMEOUT	60.05913331697229	124	true	timeout	status	0	8	878	3dc9fdf38b30dbc8fc85609a32ca7280ae206529	22455c945576d28d86ac98a3b512327740b12f0cc3a3a6006ad1c59dfe9c9584	otf_sparse_formula	2026-09-25T13:35:48.156539Z	--arms unreal:gr1:oxidd				8G	0			true		acacia-syntcomp26-coverage-3638921-11eb1e040a8b.scope
arm-6	ltl2dba_C2_pb_12_pe_.ltl	ltl2dba_C2_pb_12_pe_.tlsf	60	TIMEOUT	60.16524965595454	124	true	timeout	status	0	8	879	3dc9fdf38b30dbc8fc85609a32ca7280ae206529	22455c945576d28d86ac98a3b512327740b12f0cc3a3a6006ad1c59dfe9c9584	otf_sparse_formula	2026-09-25T13:36:48.334710Z	--arms unreal:gr1:oxidd				8G	0			true		acacia-syntcomp26-coverage-3638921-1420907e0c10.scope
arm-6	ltl2dba_C2_pb_14_pe_.ltl	ltl2dba_C2_pb_14_pe_.tlsf	60	TIMEOUT	60.052698109997436	124	true	timeout	status	0	8	880	3dc9fdf38b30dbc8fc85609a32ca7280ae206529	22455c945576d28d86ac98a3b512327740b12f0cc3a3a6006ad1c59dfe9c9584	otf_sparse_formula	2026-09-25T13:37:48.400212Z	--arms unreal:gr1:oxidd				8G	0			true		acacia-syntcomp26-coverage-3638921-de2633b76663.scope
arm-6	ltl2dba_C2_pb_16_pe_.ltl	ltl2dba_C2_pb_16_pe_.tlsf	60	TIMEOUT	60.08013778296299	124	true	timeout	status	0	8	881	3dc9fdf38b30dbc8fc85609a32ca7280ae206529	22455c945576d28d86ac98a3b512327740b12f0cc3a3a6006ad1c59dfe9c9584	otf_sparse_formula	2026-09-25T13:38:48.493524Z	--arms unreal:gr1:oxidd				8G	0			true		acacia-syntcomp26-coverage-3638921-4ac18c68a62f.scope
arm-6	ltl2dba_C2_pb_1_pe_.ltl	ltl2dba_C2_pb_1_pe_.tlsf	60	UNKNOWN	0.026276730932295322	2	false		status	0	168	882	3dc9fdf38b30dbc8fc85609a32ca7280ae206529	22455c945576d28d86ac98a3b512327740b12f0cc3a3a6006ad1c59dfe9c9584	otf_sparse_formula	2026-09-25T13:38:48.534693Z	--arms unreal:gr1:oxidd	0.000000	18546688		8G	0			true		acacia-syntcomp26-coverage-3638921-9b323220b214.scope
arm-6	ltl2dba_C2_pb_25_pe_.ltl	ltl2dba_C2_pb_25_pe_.tlsf	60	TIMEOUT	60.12120990199037	124	true	timeout	status	0	8	883	3dc9fdf38b30dbc8fc85609a32ca7280ae206529	22455c945576d28d86ac98a3b512327740b12f0cc3a3a6006ad1c59dfe9c9584	otf_sparse_formula	2026-09-25T13:39:48.667878Z	--arms unreal:gr1:oxidd				8G	0			true		acacia-syntcomp26-coverage-3638921-73e22ee8a0c3.scope
arm-6	ltl2dba_C2_pb_2_pe_.ltl	ltl2dba_C2_pb_2_pe_.tlsf	60	UNKNOWN	0.02909952402114868	2	false		status	0	192	884	3dc9fdf38b30dbc8fc85609a32ca7280ae206529	22455c945576d28d86ac98a3b512327740b12f0cc3a3a6006ad1c59dfe9c9584	otf_sparse_formula	2026-09-25T13:39:48.710401Z	--arms unreal:gr1:oxidd	0.000000	19419136		8G	0			true		acacia-syntcomp26-coverage-3638921-80d2edde77fe.scope
arm-6	ltl2dba_C2_pb_3_pe_.ltl	ltl2dba_C2_pb_3_pe_.tlsf	60	UNKNOWN	0.04054831201210618	2	false		status	0	214	885	3dc9fdf38b30dbc8fc85609a32ca7280ae206529	22455c945576d28d86ac98a3b512327740b12f0cc3a3a6006ad1c59dfe9c9584	otf_sparse_formula	2026-09-25T13:39:48.763119Z	--arms unreal:gr1:oxidd	0.010000	22679552		8G	0			true		acacia-syntcomp26-coverage-3638921-16ff36e95892.scope
arm-6	ltl2dba_C2_pb_4_pe_.ltl	ltl2dba_C2_pb_4_pe_.tlsf	60	UNKNOWN	0.11663796694483608	2	false		status	0	236	886	3dc9fdf38b30dbc8fc85609a32ca7280ae206529	22455c945576d28d86ac98a3b512327740b12f0cc3a3a6006ad1c59dfe9c9584	otf_sparse_formula	2026-09-25T13:39:48.893101Z	--arms unreal:gr1:oxidd	0.090000	38240256		8G	0			true		acacia-syntcomp26-coverage-3638921-34d0216cd64a.scope
arm-6	ltl2dba_C2_pb_50_pe_.ltl	ltl2dba_C2_pb_50_pe_.tlsf	60	UNKNOWN	0.02895324502605945	2	false		status	0	391	887	3dc9fdf38b30dbc8fc85609a32ca7280ae206529	22455c945576d28d86ac98a3b512327740b12f0cc3a3a6006ad1c59dfe9c9584	otf_sparse_formula	2026-09-25T13:39:48.940119Z	--arms unreal:gr1:oxidd	0.000000	19361792		8G	0			true		acacia-syntcomp26-coverage-3638921-6c52d8a9d7a5.scope
arm-6	ltl2dba_C2_pb_5_pe_.ltl	ltl2dba_C2_pb_5_pe_.tlsf	60	UNKNOWN	0.9197031749645248	2	false		status	0	259	888	3dc9fdf38b30dbc8fc85609a32ca7280ae206529	22455c945576d28d86ac98a3b512327740b12f0cc3a3a6006ad1c59dfe9c9584	otf_sparse_formula	2026-09-25T13:39:49.872786Z	--arms unreal:gr1:oxidd	0.890000	166862848		8G	0			true		acacia-syntcomp26-coverage-3638921-b017d9d469df.scope
arm-6	ltl2dba_C2_pb_60_pe_.ltl	ltl2dba_C2_pb_60_pe_.tlsf	60	UNKNOWN	0.02400900493375957	2	false		none	0	391	889	3dc9fdf38b30dbc8fc85609a32ca7280ae206529	22455c945576d28d86ac98a3b512327740b12f0cc3a3a6006ad1c59dfe9c9584	otf_sparse_formula	2026-09-25T13:39:49.910783Z	--arms unreal:gr1:oxidd	0.000000	19472384		8G	0			true		acacia-syntcomp26-coverage-3638921-a5f01d070518.scope
arm-6	ltl2dba_C2_pb_6_pe_.ltl	ltl2dba_C2_pb_6_pe_.tlsf	60	UNKNOWN	10.554424480069429	2	false		status	0	282	890	3dc9fdf38b30dbc8fc85609a32ca7280ae206529	22455c945576d28d86ac98a3b512327740b12f0cc3a3a6006ad1c59dfe9c9584	otf_sparse_formula	2026-09-25T13:40:00.479398Z	--arms unreal:gr1:oxidd	10.510000	1183031296		8G	0			true		acacia-syntcomp26-coverage-3638921-9cbf585a6623.scope
arm-6	ltl2dba_C2_pb_70_pe_.ltl	ltl2dba_C2_pb_70_pe_.tlsf	60	UNKNOWN	0.026606800965964794	2	false		none	0	391	891	3dc9fdf38b30dbc8fc85609a32ca7280ae206529	22455c945576d28d86ac98a3b512327740b12f0cc3a3a6006ad1c59dfe9c9584	otf_sparse_formula	2026-09-25T13:40:00.520951Z	--arms unreal:gr1:oxidd	0.000000	19578880		8G	0			true		acacia-syntcomp26-coverage-3638921-a83fa2d392cb.scope
arm-6	ltl2dba_C2_pb_7_pe_.ltl	ltl2dba_C2_pb_7_pe_.tlsf	60	UNKNOWN	53.73168475192506	2	false		status	0	122	892	3dc9fdf38b30dbc8fc85609a32ca7280ae206529	22455c945576d28d86ac98a3b512327740b12f0cc3a3a6006ad1c59dfe9c9584	otf_sparse_formula	2026-09-25T13:40:54.269962Z	--arms unreal:gr1:oxidd	53.590000	4556353536		8G	0			true		acacia-syntcomp26-coverage-3638921-bdacf7473661.scope
arm-6	ltl2dba_C2_pb_80_pe_.ltl	ltl2dba_C2_pb_80_pe_.tlsf	60	UNKNOWN	0.025742448982782662	2	false		none	0	391	893	3dc9fdf38b30dbc8fc85609a32ca7280ae206529	22455c945576d28d86ac98a3b512327740b12f0cc3a3a6006ad1c59dfe9c9584	otf_sparse_formula	2026-09-25T13:40:54.307707Z	--arms unreal:gr1:oxidd	0.000000	19591168		8G	0			true		acacia-syntcomp26-coverage-3638921-342cd8338caf.scope
arm-6	ltl2dba_C2_pb_8_pe_.ltl	ltl2dba_C2_pb_8_pe_.tlsf	60	TIMEOUT	60.24920735694468	124	true	timeout	status	0	8	894	3dc9fdf38b30dbc8fc85609a32ca7280ae206529	22455c945576d28d86ac98a3b512327740b12f0cc3a3a6006ad1c59dfe9c9584	otf_sparse_formula	2026-09-25T13:41:54.569762Z	--arms unreal:gr1:oxidd				8G	0			true		acacia-syntcomp26-coverage-3638921-48c4630d98d4.scope
arm-6	ltl2dba_C2_pb_9_pe_.ltl	ltl2dba_C2_pb_9_pe_.tlsf	60	TIMEOUT	60.17770571098663	124	true	timeout	status	0	8	895	3dc9fdf38b30dbc8fc85609a32ca7280ae206529	22455c945576d28d86ac98a3b512327740b12f0cc3a3a6006ad1c59dfe9c9584	otf_sparse_formula	2026-09-25T13:42:54.760374Z	--arms unreal:gr1:oxidd				8G	0			true		acacia-syntcomp26-coverage-3638921-93ee75f2a072.scope
arm-6	ltl2dba_C2_unreal_pb_100_pe_.ltl	ltl2dba_C2_unreal_pb_100_pe_.tlsf	60	UNKNOWN	0.0619568289257586	2	false		none	0	391	896	3dc9fdf38b30dbc8fc85609a32ca7280ae206529	22455c945576d28d86ac98a3b512327740b12f0cc3a3a6006ad1c59dfe9c9584	otf_sparse_formula	2026-09-25T13:42:54.837608Z	--arms unreal:gr1:oxidd	0.040000	44548096		8G	0			true		acacia-syntcomp26-coverage-3638921-7e0f92b9d039.scope
arm-6	ltl2dba_C2_unreal_pb_10_pe_.ltl	ltl2dba_C2_unreal_pb_10_pe_.tlsf	60	TIMEOUT	60.09504871000536	124	true	timeout	status	0	8	897	3dc9fdf38b30dbc8fc85609a32ca7280ae206529	22455c945576d28d86ac98a3b512327740b12f0cc3a3a6006ad1c59dfe9c9584	otf_sparse_formula	2026-09-25T13:43:54.944582Z	--arms unreal:gr1:oxidd				8G	0			true		acacia-syntcomp26-coverage-3638921-069b1ce3b608.scope
arm-6	ltl2dba_C2_unreal_pb_11_pe_.ltl	ltl2dba_C2_unreal_pb_11_pe_.tlsf	60	TIMEOUT	60.10249700397253	124	true	timeout	status	0	8	898	3dc9fdf38b30dbc8fc85609a32ca7280ae206529	22455c945576d28d86ac98a3b512327740b12f0cc3a3a6006ad1c59dfe9c9584	otf_sparse_formula	2026-09-25T13:44:55.060808Z	--arms unreal:gr1:oxidd				8G	0			true		acacia-syntcomp26-coverage-3638921-f2b31318119b.scope
arm-6	ltl2dba_C2_unreal_pb_12_pe_.ltl	ltl2dba_C2_unreal_pb_12_pe_.tlsf	60	TIMEOUT	60.1228158789454	124	true	timeout	status	0	8	899	3dc9fdf38b30dbc8fc85609a32ca7280ae206529	22455c945576d28d86ac98a3b512327740b12f0cc3a3a6006ad1c59dfe9c9584	otf_sparse_formula	2026-09-25T13:45:55.196899Z	--arms unreal:gr1:oxidd				8G	0			true		acacia-syntcomp26-coverage-3638921-4ee992fed787.scope
arm-6	ltl2dba_C2_unreal_pb_13_pe_.ltl	ltl2dba_C2_unreal_pb_13_pe_.tlsf	60	TIMEOUT	60.07902534492314	124	true	timeout	status	0	8	900	3dc9fdf38b30dbc8fc85609a32ca7280ae206529	22455c945576d28d86ac98a3b512327740b12f0cc3a3a6006ad1c59dfe9c9584	otf_sparse_formula	2026-09-25T13:46:55.289008Z	--arms unreal:gr1:oxidd				8G	0			true		acacia-syntcomp26-coverage-3638921-bcc99015ffa5.scope
arm-6	ltl2dba_C2_unreal_pb_14_pe_.ltl	ltl2dba_C2_unreal_pb_14_pe_.tlsf	60	TIMEOUT	60.07175370201003	124	true	timeout	status	0	8	901	3dc9fdf38b30dbc8fc85609a32ca7280ae206529	22455c945576d28d86ac98a3b512327740b12f0cc3a3a6006ad1c59dfe9c9584	otf_sparse_formula	2026-09-25T13:47:55.374063Z	--arms unreal:gr1:oxidd				8G	0			true		acacia-syntcomp26-coverage-3638921-17168fb129d0.scope
arm-6	ltl2dba_C2_unreal_pb_15_pe_.ltl	ltl2dba_C2_unreal_pb_15_pe_.tlsf	60	TIMEOUT	60.07935820403509	124	true	timeout	status	0	8	902	3dc9fdf38b30dbc8fc85609a32ca7280ae206529	22455c945576d28d86ac98a3b512327740b12f0cc3a3a6006ad1c59dfe9c9584	otf_sparse_formula	2026-09-25T13:48:55.467635Z	--arms unreal:gr1:oxidd				8G	0			true		acacia-syntcomp26-coverage-3638921-83c835e0a0a3.scope
arm-6	ltl2dba_C2_unreal_pb_16_pe_.ltl	ltl2dba_C2_unreal_pb_16_pe_.tlsf	60	TIMEOUT	60.079823296982795	124	true	timeout	status	0	8	903	3dc9fdf38b30dbc8fc85609a32ca7280ae206529	22455c945576d28d86ac98a3b512327740b12f0cc3a3a6006ad1c59dfe9c9584	otf_sparse_formula	2026-09-25T13:49:55.560367Z	--arms unreal:gr1:oxidd				8G	0			true		acacia-syntcomp26-coverage-3638921-8f2dd06dff31.scope
arm-6	ltl2dba_C2_unreal_pb_25_pe_.ltl	ltl2dba_C2_unreal_pb_25_pe_.tlsf	60	TIMEOUT	60.128820178913884	124	true	timeout	status	0	8	904	3dc9fdf38b30dbc8fc85609a32ca7280ae206529	22455c945576d28d86ac98a3b512327740b12f0cc3a3a6006ad1c59dfe9c9584	otf_sparse_formula	2026-09-25T13:50:55.703351Z	--arms unreal:gr1:oxidd				8G	0			true		acacia-syntcomp26-coverage-3638921-1762198ffd94.scope
arm-6	ltl2dba_C2_unreal_pb_2_pe_.ltl	ltl2dba_C2_unreal_pb_2_pe_.tlsf	60	UNKNOWN	0.028174231993034482	2	false		status	0	192	905	3dc9fdf38b30dbc8fc85609a32ca7280ae206529	22455c945576d28d86ac98a3b512327740b12f0cc3a3a6006ad1c59dfe9c9584	otf_sparse_formula	2026-09-25T13:50:55.745114Z	--arms unreal:gr1:oxidd	0.000000	19353600		8G	0			true		acacia-syntcomp26-coverage-3638921-8af6fba9388e.scope
arm-6	ltl2dba_C2_unreal_pb_3_pe_.ltl	ltl2dba_C2_unreal_pb_3_pe_.tlsf	60	UNKNOWN	0.031981215928681195	2	false		status	0	214	906	3dc9fdf38b30dbc8fc85609a32ca7280ae206529	22455c945576d28d86ac98a3b512327740b12f0cc3a3a6006ad1c59dfe9c9584	otf_sparse_formula	2026-09-25T13:50:55.792137Z	--arms unreal:gr1:oxidd	0.010000	22536192		8G	0			true		acacia-syntcomp26-coverage-3638921-a4064fa812ae.scope
arm-6	ltl2dba_C2_unreal_pb_4_pe_.ltl	ltl2dba_C2_unreal_pb_4_pe_.tlsf	60	UNKNOWN	0.10498673398979008	2	false		status	0	236	907	3dc9fdf38b30dbc8fc85609a32ca7280ae206529	22455c945576d28d86ac98a3b512327740b12f0cc3a3a6006ad1c59dfe9c9584	otf_sparse_formula	2026-09-25T13:50:55.909791Z	--arms unreal:gr1:oxidd	0.080000	38256640		8G	0			true		acacia-syntcomp26-coverage-3638921-9d0862dde2d5.scope
arm-6	ltl2dba_C2_unreal_pb_50_pe_.ltl	ltl2dba_C2_unreal_pb_50_pe_.tlsf	60	UNKNOWN	0.032526422990486026	2	false		status	0	391	908	3dc9fdf38b30dbc8fc85609a32ca7280ae206529	22455c945576d28d86ac98a3b512327740b12f0cc3a3a6006ad1c59dfe9c9584	otf_sparse_formula	2026-09-25T13:50:55.955834Z	--arms unreal:gr1:oxidd	0.000000	24764416		8G	0			true		acacia-syntcomp26-coverage-3638921-f85feca9804c.scope
arm-6	ltl2dba_C2_unreal_pb_5_pe_.ltl	ltl2dba_C2_unreal_pb_5_pe_.tlsf	60	UNKNOWN	0.8103403139393777	2	false		status	0	259	909	3dc9fdf38b30dbc8fc85609a32ca7280ae206529	22455c945576d28d86ac98a3b512327740b12f0cc3a3a6006ad1c59dfe9c9584	otf_sparse_formula	2026-09-25T13:50:56.779381Z	--arms unreal:gr1:oxidd	0.780000	166862848		8G	0			true		acacia-syntcomp26-coverage-3638921-f061982cecf6.scope
arm-6	ltl2dba_C2_unreal_pb_60_pe_.ltl	ltl2dba_C2_unreal_pb_60_pe_.tlsf	60	UNKNOWN	0.035390877979807556	2	false		none	0	391	910	3dc9fdf38b30dbc8fc85609a32ca7280ae206529	22455c945576d28d86ac98a3b512327740b12f0cc3a3a6006ad1c59dfe9c9584	otf_sparse_formula	2026-09-25T13:50:56.829579Z	--arms unreal:gr1:oxidd	0.010000	27308032		8G	0			true		acacia-syntcomp26-coverage-3638921-18c60c904aad.scope
arm-6	ltl2dba_C2_unreal_pb_6_pe_.ltl	ltl2dba_C2_unreal_pb_6_pe_.tlsf	60	UNKNOWN	10.39978798001539	2	false		status	0	282	911	3dc9fdf38b30dbc8fc85609a32ca7280ae206529	22455c945576d28d86ac98a3b512327740b12f0cc3a3a6006ad1c59dfe9c9584	otf_sparse_formula	2026-09-25T13:51:07.242447Z	--arms unreal:gr1:oxidd	10.360000	1183232000		8G	0			true		acacia-syntcomp26-coverage-3638921-eeb36590de5e.scope
arm-6	ltl2dba_C2_unreal_pb_70_pe_.ltl	ltl2dba_C2_unreal_pb_70_pe_.tlsf	60	UNKNOWN	0.04687711806036532	2	false		none	0	391	912	3dc9fdf38b30dbc8fc85609a32ca7280ae206529	22455c945576d28d86ac98a3b512327740b12f0cc3a3a6006ad1c59dfe9c9584	otf_sparse_formula	2026-09-25T13:51:07.303668Z	--arms unreal:gr1:oxidd	0.010000	30658560		8G	0			true		acacia-syntcomp26-coverage-3638921-ffa9f8ea9236.scope
arm-6	ltl2dba_C2_unreal_pb_7_pe_.ltl	ltl2dba_C2_unreal_pb_7_pe_.tlsf	60	UNKNOWN	52.181341996998526	2	false		status	0	122	913	3dc9fdf38b30dbc8fc85609a32ca7280ae206529	22455c945576d28d86ac98a3b512327740b12f0cc3a3a6006ad1c59dfe9c9584	otf_sparse_formula	2026-09-25T13:51:59.499115Z	--arms unreal:gr1:oxidd	52.060000	4556029952		8G	0			true		acacia-syntcomp26-coverage-3638921-6263f1535262.scope
arm-6	ltl2dba_C2_unreal_pb_80_pe_.ltl	ltl2dba_C2_unreal_pb_80_pe_.tlsf	60	UNKNOWN	0.05706969206221402	2	false		none	0	391	914	3dc9fdf38b30dbc8fc85609a32ca7280ae206529	22455c945576d28d86ac98a3b512327740b12f0cc3a3a6006ad1c59dfe9c9584	otf_sparse_formula	2026-09-25T13:51:59.569471Z	--arms unreal:gr1:oxidd	0.030000	34652160		8G	0			true		acacia-syntcomp26-coverage-3638921-48a9de7053bb.scope
arm-6	ltl2dba_C2_unreal_pb_8_pe_.ltl	ltl2dba_C2_unreal_pb_8_pe_.tlsf	60	TIMEOUT	60.27885285008233	124	true	timeout	status	0	8	915	3dc9fdf38b30dbc8fc85609a32ca7280ae206529	22455c945576d28d86ac98a3b512327740b12f0cc3a3a6006ad1c59dfe9c9584	otf_sparse_formula	2026-09-25T13:52:59.860644Z	--arms unreal:gr1:oxidd				8G	0			true		acacia-syntcomp26-coverage-3638921-c510f3852e6c.scope
arm-6	ltl2dba_C2_unreal_pb_9_pe_.ltl	ltl2dba_C2_unreal_pb_9_pe_.tlsf	60	TIMEOUT	60.228644268005155	124	true	timeout	status	0	8	916	3dc9fdf38b30dbc8fc85609a32ca7280ae206529	22455c945576d28d86ac98a3b512327740b12f0cc3a3a6006ad1c59dfe9c9584	otf_sparse_formula	2026-09-25T13:54:00.102919Z	--arms unreal:gr1:oxidd				8G	0			true		acacia-syntcomp26-coverage-3638921-16c47f072a37.scope
arm-6	ltl2dba_E_pb_10_pe_.ltl	ltl2dba_E_pb_10_pe_.tlsf	60	TIMEOUT	60.158729069982655	124	true	timeout	status	0	8	917	3dc9fdf38b30dbc8fc85609a32ca7280ae206529	22455c945576d28d86ac98a3b512327740b12f0cc3a3a6006ad1c59dfe9c9584	otf_sparse_formula	2026-09-25T13:55:00.274454Z	--arms unreal:gr1:oxidd				8G	0			true		acacia-syntcomp26-coverage-3638921-9e5669c2236e.scope
arm-6	ltl2dba_E_pb_12_pe_.ltl	ltl2dba_E_pb_12_pe_.tlsf	60	TIMEOUT	60.278535088989884	124	true	timeout	status	0	8	918	3dc9fdf38b30dbc8fc85609a32ca7280ae206529	22455c945576d28d86ac98a3b512327740b12f0cc3a3a6006ad1c59dfe9c9584	otf_sparse_formula	2026-09-25T13:56:00.575835Z	--arms unreal:gr1:oxidd				8G	0			true		acacia-syntcomp26-coverage-3638921-bedc234f1546.scope
arm-6	ltl2dba_E_pb_14_pe_.ltl	ltl2dba_E_pb_14_pe_.tlsf	60	UNKNOWN	18.696909166057594	2	false		status	0	121	919	3dc9fdf38b30dbc8fc85609a32ca7280ae206529	22455c945576d28d86ac98a3b512327740b12f0cc3a3a6006ad1c59dfe9c9584	otf_sparse_formula	2026-09-25T13:56:19.286222Z	--arms unreal:gr1:oxidd	18.630000	505094144		8G	0			true		acacia-syntcomp26-coverage-3638921-6d199f8d886e.scope
arm-6	ltl2dba_E_pb_15_pe_.ltl	ltl2dba_E_pb_15_pe_.tlsf	60	TIMEOUT	60.17922747693956	124	true	timeout	none	0	8	920	3dc9fdf38b30dbc8fc85609a32ca7280ae206529	22455c945576d28d86ac98a3b512327740b12f0cc3a3a6006ad1c59dfe9c9584	otf_sparse_formula	2026-09-25T13:57:19.478146Z	--arms unreal:gr1:oxidd				8G	0			true		acacia-syntcomp26-coverage-3638921-5e6fd62de85b.scope
arm-6	ltl2dba_E_pb_16_pe_.ltl	ltl2dba_E_pb_16_pe_.tlsf	60	TIMEOUT	60.1784727149643	124	true	timeout	none	0	8	921	3dc9fdf38b30dbc8fc85609a32ca7280ae206529	22455c945576d28d86ac98a3b512327740b12f0cc3a3a6006ad1c59dfe9c9584	otf_sparse_formula	2026-09-25T13:58:19.668800Z	--arms unreal:gr1:oxidd				8G	0			true		acacia-syntcomp26-coverage-3638921-5f393bf1658a.scope
arm-6	ltl2dba_E_pb_1_pe_.ltl	ltl2dba_E_pb_1_pe_.tlsf	60	UNKNOWN	0.030823453911580145	2	false		status	0	167	922	3dc9fdf38b30dbc8fc85609a32ca7280ae206529	22455c945576d28d86ac98a3b512327740b12f0cc3a3a6006ad1c59dfe9c9584	otf_sparse_formula	2026-09-25T13:58:19.712787Z	--arms unreal:gr1:oxidd	0.000000	18440192		8G	0			true		acacia-syntcomp26-coverage-3638921-3212f3e58653.scope
arm-6	ltl2dba_E_pb_2_pe_.ltl	ltl2dba_E_pb_2_pe_.tlsf	60	UNKNOWN	0.024868208914995193	2	false		status	0	190	923	3dc9fdf38b30dbc8fc85609a32ca7280ae206529	22455c945576d28d86ac98a3b512327740b12f0cc3a3a6006ad1c59dfe9c9584	otf_sparse_formula	2026-09-25T13:58:19.750112Z	--arms unreal:gr1:oxidd	0.000000	18980864		8G	0			true		acacia-syntcomp26-coverage-3638921-475b10043e31.scope
arm-6	ltl2dba_E_pb_3_pe_.ltl	ltl2dba_E_pb_3_pe_.tlsf	60	UNKNOWN	0.02571659896057099	2	false		status	0	211	924	3dc9fdf38b30dbc8fc85609a32ca7280ae206529	22455c945576d28d86ac98a3b512327740b12f0cc3a3a6006ad1c59dfe9c9584	otf_sparse_formula	2026-09-25T13:58:19.788359Z	--arms unreal:gr1:oxidd	0.000000	20209664		8G	0			true		acacia-syntcomp26-coverage-3638921-f8a412daa240.scope
arm-6	ltl2dba_E_pb_4_pe_.ltl	ltl2dba_E_pb_4_pe_.tlsf	60	UNKNOWN	0.035451177041977644	2	false		status	0	232	925	3dc9fdf38b30dbc8fc85609a32ca7280ae206529	22455c945576d28d86ac98a3b512327740b12f0cc3a3a6006ad1c59dfe9c9584	otf_sparse_formula	2026-09-25T13:58:19.838553Z	--arms unreal:gr1:oxidd	0.010000	22220800		8G	0			true		acacia-syntcomp26-coverage-3638921-7efc9a3acace.scope
arm-6	ltl2dba_E_pb_5_pe_.ltl	ltl2dba_E_pb_5_pe_.tlsf	60	UNKNOWN	0.09459206007886678	2	false		status	0	253	926	3dc9fdf38b30dbc8fc85609a32ca7280ae206529	22455c945576d28d86ac98a3b512327740b12f0cc3a3a6006ad1c59dfe9c9584	otf_sparse_formula	2026-09-25T13:58:19.946015Z	--arms unreal:gr1:oxidd	0.060000	29417472		8G	0			true		acacia-syntcomp26-coverage-3638921-0025e88b9d60.scope
arm-6	ltl2dba_E_pb_6_pe_.ltl	ltl2dba_E_pb_6_pe_.tlsf	60	UNKNOWN	0.48045806505251676	2	false		status	0	274	927	3dc9fdf38b30dbc8fc85609a32ca7280ae206529	22455c945576d28d86ac98a3b512327740b12f0cc3a3a6006ad1c59dfe9c9584	otf_sparse_formula	2026-09-25T13:58:20.440347Z	--arms unreal:gr1:oxidd	0.450000	92438528		8G	0			true		acacia-syntcomp26-coverage-3638921-5244961a5244.scope
arm-6	ltl2dba_E_pb_7_pe_.ltl	ltl2dba_E_pb_7_pe_.tlsf	60	UNKNOWN	3.4008859529858455	2	false		status	0	296	928	3dc9fdf38b30dbc8fc85609a32ca7280ae206529	22455c945576d28d86ac98a3b512327740b12f0cc3a3a6006ad1c59dfe9c9584	otf_sparse_formula	2026-09-25T13:58:23.855936Z	--arms unreal:gr1:oxidd	3.340000	356737024		8G	0			true		acacia-syntcomp26-coverage-3638921-e9e73fb1bbc4.scope
arm-6	ltl2dba_E_pb_8_pe_.ltl	ltl2dba_E_pb_8_pe_.tlsf	60	UNKNOWN	25.219950836966746	2	false		status	0	319	929	3dc9fdf38b30dbc8fc85609a32ca7280ae206529	22455c945576d28d86ac98a3b512327740b12f0cc3a3a6006ad1c59dfe9c9584	otf_sparse_formula	2026-09-25T13:58:49.088874Z	--arms unreal:gr1:oxidd	25.120000	2213720064		8G	0			true		acacia-syntcomp26-coverage-3638921-829a4b311aa8.scope
arm-6	ltl2dba_E_pb_9_pe_.ltl	ltl2dba_E_pb_9_pe_.tlsf	60	UNKNOWN	56.86435467703268	2	false		status	0	122	930	3dc9fdf38b30dbc8fc85609a32ca7280ae206529	22455c945576d28d86ac98a3b512327740b12f0cc3a3a6006ad1c59dfe9c9584	otf_sparse_formula	2026-09-25T13:59:45.971950Z	--arms unreal:gr1:oxidd	56.620000	4386160640		8G	0			true		acacia-syntcomp26-coverage-3638921-0b11ea7e99aa.scope
arm-6	ltl2dba_Q_pb_100_pe_.ltl	ltl2dba_Q_pb_100_pe_.tlsf	60	UNKNOWN	0.02475159999448806	2	false		none	0	391	931	3dc9fdf38b30dbc8fc85609a32ca7280ae206529	22455c945576d28d86ac98a3b512327740b12f0cc3a3a6006ad1c59dfe9c9584	otf_sparse_formula	2026-09-25T13:59:46.010487Z	--arms unreal:gr1:oxidd	0.000000	20021248		8G	0			true		acacia-syntcomp26-coverage-3638921-3e7bba7e7617.scope
arm-6	ltl2dba_Q_pb_10_pe_.ltl	ltl2dba_Q_pb_10_pe_.tlsf	60	TIMEOUT	60.20762915199157	124	true	timeout	status	0	8	932	3dc9fdf38b30dbc8fc85609a32ca7280ae206529	22455c945576d28d86ac98a3b512327740b12f0cc3a3a6006ad1c59dfe9c9584	otf_sparse_formula	2026-09-25T14:00:46.230536Z	--arms unreal:gr1:oxidd				8G	0			true		acacia-syntcomp26-coverage-3638921-b3d585931a41.scope
arm-6	ltl2dba_Q_pb_12_pe_.ltl	ltl2dba_Q_pb_12_pe_.tlsf	60	UNKNOWN	7.946533742011525	2	false		none	0	120	933	3dc9fdf38b30dbc8fc85609a32ca7280ae206529	22455c945576d28d86ac98a3b512327740b12f0cc3a3a6006ad1c59dfe9c9584	otf_sparse_formula	2026-09-25T14:00:54.189870Z	--arms unreal:gr1:oxidd	7.890000	187314176		8G	0			true		acacia-syntcomp26-coverage-3638921-5bb1da4c37ca.scope
arm-6	ltl2dba_Q_pb_15_pe_.ltl	ltl2dba_Q_pb_15_pe_.tlsf	60	TIMEOUT	60.06106554204598	124	true	timeout	none	0	8	934	3dc9fdf38b30dbc8fc85609a32ca7280ae206529	22455c945576d28d86ac98a3b512327740b12f0cc3a3a6006ad1c59dfe9c9584	otf_sparse_formula	2026-09-25T14:01:54.264959Z	--arms unreal:gr1:oxidd				8G	0			true		acacia-syntcomp26-coverage-3638921-aa22ac767bd2.scope
arm-6	ltl2dba_Q_pb_18_pe_.ltl	ltl2dba_Q_pb_18_pe_.tlsf	60	TIMEOUT	60.09593090706039	124	true	timeout	none	0	8	935	3dc9fdf38b30dbc8fc85609a32ca7280ae206529	22455c945576d28d86ac98a3b512327740b12f0cc3a3a6006ad1c59dfe9c9584	otf_sparse_formula	2026-09-25T14:02:54.373574Z	--arms unreal:gr1:oxidd				8G	0			true		acacia-syntcomp26-coverage-3638921-e763bb567f11.scope
arm-6	ltl2dba_Q_pb_1_pe_.ltl	ltl2dba_Q_pb_1_pe_.tlsf	60	UNKNOWN	0.026147237047553062	2	false		status	0	167	936	3dc9fdf38b30dbc8fc85609a32ca7280ae206529	22455c945576d28d86ac98a3b512327740b12f0cc3a3a6006ad1c59dfe9c9584	otf_sparse_formula	2026-09-25T14:02:54.415557Z	--arms unreal:gr1:oxidd	0.000000	18444288		8G	0			true		acacia-syntcomp26-coverage-3638921-f951f00eb7b2.scope
arm-6	ltl2dba_Q_pb_25_pe_.ltl	ltl2dba_Q_pb_25_pe_.tlsf	60	TIMEOUT	60.12979468598496	124	true	timeout	none	0	8	937	3dc9fdf38b30dbc8fc85609a32ca7280ae206529	22455c945576d28d86ac98a3b512327740b12f0cc3a3a6006ad1c59dfe9c9584	otf_sparse_formula	2026-09-25T14:03:54.579645Z	--arms unreal:gr1:oxidd				8G	0			true		acacia-syntcomp26-coverage-3638921-2433a0b0aa0f.scope
arm-6	ltl2dba_Q_pb_2_pe_.ltl	ltl2dba_Q_pb_2_pe_.tlsf	60	UNKNOWN	0.04590093495789915	2	false		status	0	213	938	3dc9fdf38b30dbc8fc85609a32ca7280ae206529	22455c945576d28d86ac98a3b512327740b12f0cc3a3a6006ad1c59dfe9c9584	otf_sparse_formula	2026-09-25T14:03:54.642763Z	--arms unreal:gr1:oxidd	0.000000	19443712		8G	0			true		acacia-syntcomp26-coverage-3638921-40e426a9568c.scope
arm-6	ltl2dba_Q_pb_3_pe_.ltl	ltl2dba_Q_pb_3_pe_.tlsf	60	UNKNOWN	0.0344925340032205	2	false		status	0	257	939	3dc9fdf38b30dbc8fc85609a32ca7280ae206529	22455c945576d28d86ac98a3b512327740b12f0cc3a3a6006ad1c59dfe9c9584	otf_sparse_formula	2026-09-25T14:03:54.700063Z	--arms unreal:gr1:oxidd	0.010000	21258240		8G	0			true		acacia-syntcomp26-coverage-3638921-2e03fd31e5fc.scope
arm-6	ltl2dba_Q_pb_4_pe_.ltl	ltl2dba_Q_pb_4_pe_.tlsf	60	UNKNOWN	0.08649353997316211	2	false		status	0	301	940	3dc9fdf38b30dbc8fc85609a32ca7280ae206529	22455c945576d28d86ac98a3b512327740b12f0cc3a3a6006ad1c59dfe9c9584	otf_sparse_formula	2026-09-25T14:03:54.799127Z	--arms unreal:gr1:oxidd	0.050000	29683712		8G	0			true		acacia-syntcomp26-coverage-3638921-346a2090b722.scope
arm-6	ltl2dba_Q_pb_50_pe_.ltl	ltl2dba_Q_pb_50_pe_.tlsf	60	UNKNOWN	0.034302455955184996	2	false		none	0	391	941	3dc9fdf38b30dbc8fc85609a32ca7280ae206529	22455c945576d28d86ac98a3b512327740b12f0cc3a3a6006ad1c59dfe9c9584	otf_sparse_formula	2026-09-25T14:03:54.863006Z	--arms unreal:gr1:oxidd	0.010000	19603456		8G	0			true		acacia-syntcomp26-coverage-3638921-d32cf9e2dce4.scope
arm-6	ltl2dba_Q_pb_5_pe_.ltl	ltl2dba_Q_pb_5_pe_.tlsf	60	UNKNOWN	0.5402078879997134	2	false		status	0	346	942	3dc9fdf38b30dbc8fc85609a32ca7280ae206529	22455c945576d28d86ac98a3b512327740b12f0cc3a3a6006ad1c59dfe9c9584	otf_sparse_formula	2026-09-25T14:03:55.415841Z	--arms unreal:gr1:oxidd	0.510000	126451712		8G	0			true		acacia-syntcomp26-coverage-3638921-914faaf7b137.scope
arm-6	ltl2dba_Q_pb_6_pe_.ltl	ltl2dba_Q_pb_6_pe_.tlsf	60	UNKNOWN	6.2436382280429825	2	false		status	0	365	943	3dc9fdf38b30dbc8fc85609a32ca7280ae206529	22455c945576d28d86ac98a3b512327740b12f0cc3a3a6006ad1c59dfe9c9584	otf_sparse_formula	2026-09-25T14:04:01.673345Z	--arms unreal:gr1:oxidd	6.200000	1121280000		8G	0			true		acacia-syntcomp26-coverage-3638921-6784e7307652.scope
arm-6	ltl2dba_Q_pb_7_pe_.ltl	ltl2dba_Q_pb_7_pe_.tlsf	60	UNKNOWN	29.726821060990915	2	false		status	0	122	944	3dc9fdf38b30dbc8fc85609a32ca7280ae206529	22455c945576d28d86ac98a3b512327740b12f0cc3a3a6006ad1c59dfe9c9584	otf_sparse_formula	2026-09-25T14:04:31.414019Z	--arms unreal:gr1:oxidd	29.650000	4446695424		8G	0			true		acacia-syntcomp26-coverage-3638921-78e747e3c2d0.scope
arm-6	ltl2dba_Q_pb_8_pe_.ltl	ltl2dba_Q_pb_8_pe_.tlsf	60	TIMEOUT	60.228545669000596	124	true	timeout	status	0	8	945	3dc9fdf38b30dbc8fc85609a32ca7280ae206529	22455c945576d28d86ac98a3b512327740b12f0cc3a3a6006ad1c59dfe9c9584	otf_sparse_formula	2026-09-25T14:05:31.655125Z	--arms unreal:gr1:oxidd				8G	0			true		acacia-syntcomp26-coverage-3638921-d1c3332bf7ce.scope
arm-6	ltl2dba_R_pb_10_pe_.ltl	ltl2dba_R_pb_10_pe_.tlsf	60	TIMEOUT	60.03798275103327	124	true	timeout	status	0	8	946	3dc9fdf38b30dbc8fc85609a32ca7280ae206529	22455c945576d28d86ac98a3b512327740b12f0cc3a3a6006ad1c59dfe9c9584	otf_sparse_formula	2026-09-25T14:06:31.706200Z	--arms unreal:gr1:oxidd				8G	0			true		acacia-syntcomp26-coverage-3638921-f8a3c03fb500.scope
arm-6	ltl2dba_R_pb_11_pe_.ltl	ltl2dba_R_pb_11_pe_.tlsf	60	TIMEOUT	60.01204615505412	124	true	timeout	status	0	8	947	3dc9fdf38b30dbc8fc85609a32ca7280ae206529	22455c945576d28d86ac98a3b512327740b12f0cc3a3a6006ad1c59dfe9c9584	otf_sparse_formula	2026-09-25T14:07:31.731946Z	--arms unreal:gr1:oxidd				8G	0			true		acacia-syntcomp26-coverage-3638921-e8c971848104.scope
arm-6	ltl2dba_R_pb_12_pe_.ltl	ltl2dba_R_pb_12_pe_.tlsf	60	TIMEOUT	60.07186813594308	124	true	timeout	none	0	8	948	3dc9fdf38b30dbc8fc85609a32ca7280ae206529	22455c945576d28d86ac98a3b512327740b12f0cc3a3a6006ad1c59dfe9c9584	otf_sparse_formula	2026-09-25T14:08:31.816528Z	--arms unreal:gr1:oxidd				8G	0			true		acacia-syntcomp26-coverage-3638921-a8fe956c20cf.scope
arm-6	ltl2dba_R_pb_14_pe_.ltl	ltl2dba_R_pb_14_pe_.tlsf	60	TIMEOUT	60.0718399269972	124	true	timeout	none	0	8	949	3dc9fdf38b30dbc8fc85609a32ca7280ae206529	22455c945576d28d86ac98a3b512327740b12f0cc3a3a6006ad1c59dfe9c9584	otf_sparse_formula	2026-09-25T14:09:31.900429Z	--arms unreal:gr1:oxidd				8G	0			true		acacia-syntcomp26-coverage-3638921-65b7a23c2b31.scope
arm-6	ltl2dba_R_pb_1_pe_.ltl	ltl2dba_R_pb_1_pe_.tlsf	60	UNKNOWN	0.03158773807808757	2	false		status	0	168	950	3dc9fdf38b30dbc8fc85609a32ca7280ae206529	22455c945576d28d86ac98a3b512327740b12f0cc3a3a6006ad1c59dfe9c9584	otf_sparse_formula	2026-09-25T14:09:31.956609Z	--arms unreal:gr1:oxidd	0.000000	18526208		8G	0			true		acacia-syntcomp26-coverage-3638921-59da7402f32d.scope
arm-6	ltl2dba_R_pb_2_pe_.ltl	ltl2dba_R_pb_2_pe_.tlsf	60	UNKNOWN	0.05511654005385935	2	false		status	0	216	951	3dc9fdf38b30dbc8fc85609a32ca7280ae206529	22455c945576d28d86ac98a3b512327740b12f0cc3a3a6006ad1c59dfe9c9584	otf_sparse_formula	2026-09-25T14:09:32.024856Z	--arms unreal:gr1:oxidd	0.020000	21598208		8G	0			true		acacia-syntcomp26-coverage-3638921-da8748a0ff3f.scope
arm-6	ltl2dba_R_pb_3_pe_.ltl	ltl2dba_R_pb_3_pe_.tlsf	60	UNKNOWN	0.6111600518925115	2	false		status	0	263	952	3dc9fdf38b30dbc8fc85609a32ca7280ae206529	22455c945576d28d86ac98a3b512327740b12f0cc3a3a6006ad1c59dfe9c9584	otf_sparse_formula	2026-09-25T14:09:32.648683Z	--arms unreal:gr1:oxidd	0.590000	291790848		8G	0			true		acacia-syntcomp26-coverage-3638921-25a9cbc45387.scope
arm-6	ltl2dba_R_pb_4_pe_.ltl	ltl2dba_R_pb_4_pe_.tlsf	60	UNKNOWN	17.55694382695947	2	false		status	0	122	953	3dc9fdf38b30dbc8fc85609a32ca7280ae206529	22455c945576d28d86ac98a3b512327740b12f0cc3a3a6006ad1c59dfe9c9584	otf_sparse_formula	2026-09-25T14:09:50.219608Z	--arms unreal:gr1:oxidd	17.500000	4409417728		8G	0			true		acacia-syntcomp26-coverage-3638921-a853b41e966c.scope
arm-6	ltl2dba_R_pb_5_pe_.ltl	ltl2dba_R_pb_5_pe_.tlsf	60	UNKNOWN	43.24496137909591	2	false		status	0	122	954	3dc9fdf38b30dbc8fc85609a32ca7280ae206529	22455c945576d28d86ac98a3b512327740b12f0cc3a3a6006ad1c59dfe9c9584	otf_sparse_formula	2026-09-25T14:10:33.477700Z	--arms unreal:gr1:oxidd	43.160000	4981022720		8G	0			true		acacia-syntcomp26-coverage-3638921-8a9ab2c420c1.scope
arm-6	ltl2dba_R_pb_6_pe_.ltl	ltl2dba_R_pb_6_pe_.tlsf	60	TIMEOUT	60.0221894250717	124	true	timeout	status	0	8	955	3dc9fdf38b30dbc8fc85609a32ca7280ae206529	22455c945576d28d86ac98a3b512327740b12f0cc3a3a6006ad1c59dfe9c9584	otf_sparse_formula	2026-09-25T14:11:33.512164Z	--arms unreal:gr1:oxidd				8G	0			true		acacia-syntcomp26-coverage-3638921-176bc58a0851.scope
arm-6	ltl2dba_R_pb_7_pe_.ltl	ltl2dba_R_pb_7_pe_.tlsf	60	TIMEOUT	60.07190512190573	124	true	timeout	status	0	8	956	3dc9fdf38b30dbc8fc85609a32ca7280ae206529	22455c945576d28d86ac98a3b512327740b12f0cc3a3a6006ad1c59dfe9c9584	otf_sparse_formula	2026-09-25T14:12:33.596703Z	--arms unreal:gr1:oxidd				8G	0			true		acacia-syntcomp26-coverage-3638921-0e7a9ded7bbd.scope
arm-6	ltl2dba_R_pb_8_pe_.ltl	ltl2dba_R_pb_8_pe_.tlsf	60	TIMEOUT	60.07163792406209	124	true	timeout	status	0	8	957	3dc9fdf38b30dbc8fc85609a32ca7280ae206529	22455c945576d28d86ac98a3b512327740b12f0cc3a3a6006ad1c59dfe9c9584	otf_sparse_formula	2026-09-25T14:13:33.680665Z	--arms unreal:gr1:oxidd				8G	0			true		acacia-syntcomp26-coverage-3638921-92b9cf9a9d4c.scope
arm-6	ltl2dba_U1_pb_100_pe_.ltl	ltl2dba_U1_pb_100_pe_.tlsf	60	UNKNOWN	0.022535637952387333	2	false		none	0	391	958	3dc9fdf38b30dbc8fc85609a32ca7280ae206529	22455c945576d28d86ac98a3b512327740b12f0cc3a3a6006ad1c59dfe9c9584	otf_sparse_formula	2026-09-25T14:13:33.725932Z	--arms unreal:gr1:oxidd	0.000000	19668992		8G	0			true		acacia-syntcomp26-coverage-3638921-34fb1bafbeb8.scope
arm-6	ltl2dba_U1_pb_10_pe_.ltl	ltl2dba_U1_pb_10_pe_.tlsf	60	TIMEOUT	60.129163153935224	124	true	timeout	status	0	8	959	3dc9fdf38b30dbc8fc85609a32ca7280ae206529	22455c945576d28d86ac98a3b512327740b12f0cc3a3a6006ad1c59dfe9c9584	otf_sparse_formula	2026-09-25T14:14:33.898386Z	--arms unreal:gr1:oxidd				8G	0			true		acacia-syntcomp26-coverage-3638921-94b6910cd9ad.scope
arm-6	ltl2dba_U1_pb_12_pe_.ltl	ltl2dba_U1_pb_12_pe_.tlsf	60	TIMEOUT	60.29076177102979	124	true	timeout	none	0	8	960	3dc9fdf38b30dbc8fc85609a32ca7280ae206529	22455c945576d28d86ac98a3b512327740b12f0cc3a3a6006ad1c59dfe9c9584	otf_sparse_formula	2026-09-25T14:15:34.233379Z	--arms unreal:gr1:oxidd				8G	0			true		acacia-syntcomp26-coverage-3638921-a6f6f7d025a1.scope
arm-6	ltl2dba_U1_pb_15_pe_.ltl	ltl2dba_U1_pb_15_pe_.tlsf	60	TIMEOUT	60.0449465860147	124	true	timeout	none	0	8	961	3dc9fdf38b30dbc8fc85609a32ca7280ae206529	22455c945576d28d86ac98a3b512327740b12f0cc3a3a6006ad1c59dfe9c9584	otf_sparse_formula	2026-09-25T14:16:34.290934Z	--arms unreal:gr1:oxidd				8G	0			true		acacia-syntcomp26-coverage-3638921-20aaceca1f3b.scope
arm-6	ltl2dba_U1_pb_18_pe_.ltl	ltl2dba_U1_pb_18_pe_.tlsf	60	TIMEOUT	60.07981239806395	124	true	timeout	none	0	8	962	3dc9fdf38b30dbc8fc85609a32ca7280ae206529	22455c945576d28d86ac98a3b512327740b12f0cc3a3a6006ad1c59dfe9c9584	otf_sparse_formula	2026-09-25T14:17:34.383859Z	--arms unreal:gr1:oxidd				8G	0			true		acacia-syntcomp26-coverage-3638921-97d7a1a8133a.scope
arm-6	ltl2dba_U1_pb_1_pe_.ltl	ltl2dba_U1_pb_1_pe_.tlsf	60	UNKNOWN	0.03296236996538937	2	false		status	0	166	963	3dc9fdf38b30dbc8fc85609a32ca7280ae206529	22455c945576d28d86ac98a3b512327740b12f0cc3a3a6006ad1c59dfe9c9584	otf_sparse_formula	2026-09-25T14:17:34.456080Z	--arms unreal:gr1:oxidd	0.000000	18432000		8G	0			true		acacia-syntcomp26-coverage-3638921-6abcbf752f71.scope
arm-6	ltl2dba_U1_pb_25_pe_.ltl	ltl2dba_U1_pb_25_pe_.tlsf	60	TIMEOUT	60.09729248005897	124	true	timeout	none	0	8	964	3dc9fdf38b30dbc8fc85609a32ca7280ae206529	22455c945576d28d86ac98a3b512327740b12f0cc3a3a6006ad1c59dfe9c9584	otf_sparse_formula	2026-09-25T14:18:34.578422Z	--arms unreal:gr1:oxidd				8G	0			true		acacia-syntcomp26-coverage-3638921-d4fda66d20d2.scope
arm-6	ltl2dba_U1_pb_2_pe_.ltl	ltl2dba_U1_pb_2_pe_.tlsf	60	UNKNOWN	0.03323276003357023	2	false		status	0	188	965	3dc9fdf38b30dbc8fc85609a32ca7280ae206529	22455c945576d28d86ac98a3b512327740b12f0cc3a3a6006ad1c59dfe9c9584	otf_sparse_formula	2026-09-25T14:18:34.651734Z	--arms unreal:gr1:oxidd	0.010000	18518016		8G	0			true		acacia-syntcomp26-coverage-3638921-09df512e53cf.scope
arm-6	ltl2dba_U1_pb_3_pe_.ltl	ltl2dba_U1_pb_3_pe_.tlsf	60	UNKNOWN	0.043400426977314055	2	false		status	0	210	966	3dc9fdf38b30dbc8fc85609a32ca7280ae206529	22455c945576d28d86ac98a3b512327740b12f0cc3a3a6006ad1c59dfe9c9584	otf_sparse_formula	2026-09-25T14:18:34.733984Z	--arms unreal:gr1:oxidd	0.010000	19161088		8G	0			true		acacia-syntcomp26-coverage-3638921-a61a216b9165.scope
arm-6	ltl2dba_U1_pb_4_pe_.ltl	ltl2dba_U1_pb_4_pe_.tlsf	60	UNKNOWN	0.0588326450670138	2	false		status	0	232	967	3dc9fdf38b30dbc8fc85609a32ca7280ae206529	22455c945576d28d86ac98a3b512327740b12f0cc3a3a6006ad1c59dfe9c9584	otf_sparse_formula	2026-09-25T14:18:34.807377Z	--arms unreal:gr1:oxidd	0.020000	20967424		8G	0			true		acacia-syntcomp26-coverage-3638921-bd162a04b143.scope
arm-6	ltl2dba_U1_pb_50_pe_.ltl	ltl2dba_U1_pb_50_pe_.tlsf	60	TIMEOUT	60.13550661003683	124	true	timeout	none	0	8	968	3dc9fdf38b30dbc8fc85609a32ca7280ae206529	22455c945576d28d86ac98a3b512327740b12f0cc3a3a6006ad1c59dfe9c9584	otf_sparse_formula	2026-09-25T14:19:34.979572Z	--arms unreal:gr1:oxidd				8G	0			true		acacia-syntcomp26-coverage-3638921-de223bd6147a.scope
arm-6	ltl2dba_U1_pb_5_pe_.ltl	ltl2dba_U1_pb_5_pe_.tlsf	60	UNKNOWN	0.08611158502753824	2	false		status	0	254	969	3dc9fdf38b30dbc8fc85609a32ca7280ae206529	22455c945576d28d86ac98a3b512327740b12f0cc3a3a6006ad1c59dfe9c9584	otf_sparse_formula	2026-09-25T14:19:35.081358Z	--arms unreal:gr1:oxidd	0.050000	28831744		8G	0			true		acacia-syntcomp26-coverage-3638921-34d48ebccb28.scope
arm-6	ltl2dba_U1_pb_6_pe_.ltl	ltl2dba_U1_pb_6_pe_.tlsf	60	UNKNOWN	0.38733638694975525	2	false		status	0	276	970	3dc9fdf38b30dbc8fc85609a32ca7280ae206529	22455c945576d28d86ac98a3b512327740b12f0cc3a3a6006ad1c59dfe9c9584	otf_sparse_formula	2026-09-25T14:19:35.481244Z	--arms unreal:gr1:oxidd	0.350000	92602368		8G	0			true		acacia-syntcomp26-coverage-3638921-c1af35915280.scope
arm-6	ltl2dba_U1_pb_7_pe_.ltl	ltl2dba_U1_pb_7_pe_.tlsf	60	UNKNOWN	2.9782859969418496	2	false		status	0	299	971	3dc9fdf38b30dbc8fc85609a32ca7280ae206529	22455c945576d28d86ac98a3b512327740b12f0cc3a3a6006ad1c59dfe9c9584	otf_sparse_formula	2026-09-25T14:19:38.473476Z	--arms unreal:gr1:oxidd	2.940000	579018752		8G	0			true		acacia-syntcomp26-coverage-3638921-f23a02e75765.scope
arm-6	ltl2dba_U1_pb_8_pe_.ltl	ltl2dba_U1_pb_8_pe_.tlsf	60	UNKNOWN	31.401457126950845	2	false		status	0	323	972	3dc9fdf38b30dbc8fc85609a32ca7280ae206529	22455c945576d28d86ac98a3b512327740b12f0cc3a3a6006ad1c59dfe9c9584	otf_sparse_formula	2026-09-25T14:20:09.889649Z	--arms unreal:gr1:oxidd	31.320000	2271223808		8G	0			true		acacia-syntcomp26-coverage-3638921-7134192fba00.scope
arm-6	ltl2dba_U1_pb_9_pe_.ltl	ltl2dba_U1_pb_9_pe_.tlsf	60	TIMEOUT	60.18798492301721	124	true	timeout	status	0	8	973	3dc9fdf38b30dbc8fc85609a32ca7280ae206529	22455c945576d28d86ac98a3b512327740b12f0cc3a3a6006ad1c59dfe9c9584	otf_sparse_formula	2026-09-25T14:21:10.115377Z	--arms unreal:gr1:oxidd				8G	0			true		acacia-syntcomp26-coverage-3638921-d87ed2926319.scope
arm-6	ltl2dba_alpha_pb_100_pe_.ltl	ltl2dba_alpha_pb_100_pe_.tlsf	60	TIMEOUT	60.179339847993106	124	true	timeout	none	0	8	974	3dc9fdf38b30dbc8fc85609a32ca7280ae206529	22455c945576d28d86ac98a3b512327740b12f0cc3a3a6006ad1c59dfe9c9584	otf_sparse_formula	2026-09-25T14:22:10.308309Z	--arms unreal:gr1:oxidd				8G	0			true		acacia-syntcomp26-coverage-3638921-d517fb4e6fb1.scope
arm-6	ltl2dba_alpha_pb_10_pe_.ltl	ltl2dba_alpha_pb_10_pe_.tlsf	60	UNKNOWN	7.789483463973738	2	false		status	0	365	975	3dc9fdf38b30dbc8fc85609a32ca7280ae206529	22455c945576d28d86ac98a3b512327740b12f0cc3a3a6006ad1c59dfe9c9584	otf_sparse_formula	2026-09-25T14:22:18.112141Z	--arms unreal:gr1:oxidd	7.760000	1334194176		8G	0			true		acacia-syntcomp26-coverage-3638921-bb620cb0257e.scope
arm-6	ltl2dba_alpha_pb_12_pe_.ltl	ltl2dba_alpha_pb_12_pe_.tlsf	60	TIMEOUT	60.22870239906479	124	true	timeout	status	0	8	976	3dc9fdf38b30dbc8fc85609a32ca7280ae206529	22455c945576d28d86ac98a3b512327740b12f0cc3a3a6006ad1c59dfe9c9584	otf_sparse_formula	2026-09-25T14:23:18.354941Z	--arms unreal:gr1:oxidd				8G	0			true		acacia-syntcomp26-coverage-3638921-f0549a7b9df0.scope
arm-6	ltl2dba_alpha_pb_14_pe_.ltl	ltl2dba_alpha_pb_14_pe_.tlsf	60	TIMEOUT	60.12816928199027	124	true	timeout	status	0	8	977	3dc9fdf38b30dbc8fc85609a32ca7280ae206529	22455c945576d28d86ac98a3b512327740b12f0cc3a3a6006ad1c59dfe9c9584	otf_sparse_formula	2026-09-25T14:24:18.495200Z	--arms unreal:gr1:oxidd				8G	0			true		acacia-syntcomp26-coverage-3638921-5ad8f66bfd82.scope
arm-6	ltl2dba_alpha_pb_16_pe_.ltl	ltl2dba_alpha_pb_16_pe_.tlsf	60	TIMEOUT	60.17753690993413	124	true	timeout	status	0	8	978	3dc9fdf38b30dbc8fc85609a32ca7280ae206529	22455c945576d28d86ac98a3b512327740b12f0cc3a3a6006ad1c59dfe9c9584	otf_sparse_formula	2026-09-25T14:25:18.685026Z	--arms unreal:gr1:oxidd				8G	0			true		acacia-syntcomp26-coverage-3638921-a4073df20015.scope
arm-6	ltl2dba_alpha_pb_17_pe_.ltl	ltl2dba_alpha_pb_17_pe_.tlsf	60	TIMEOUT	60.17523465899285	124	true	timeout	none	0	8	979	3dc9fdf38b30dbc8fc85609a32ca7280ae206529	22455c945576d28d86ac98a3b512327740b12f0cc3a3a6006ad1c59dfe9c9584	otf_sparse_formula	2026-09-25T14:26:18.873731Z	--arms unreal:gr1:oxidd				8G	0			true		acacia-syntcomp26-coverage-3638921-f4193a24a68e.scope
arm-6	ltl2dba_alpha_pb_18_pe_.ltl	ltl2dba_alpha_pb_18_pe_.tlsf	60	TIMEOUT	60.159698623931035	124	true	timeout	none	0	8	980	3dc9fdf38b30dbc8fc85609a32ca7280ae206529	22455c945576d28d86ac98a3b512327740b12f0cc3a3a6006ad1c59dfe9c9584	otf_sparse_formula	2026-09-25T14:27:19.046143Z	--arms unreal:gr1:oxidd				8G	0			true		acacia-syntcomp26-coverage-3638921-af138a29b7e6.scope
arm-6	ltl2dba_alpha_pb_1_pe_.ltl	ltl2dba_alpha_pb_1_pe_.tlsf	60	UNKNOWN	0.020663550007157028	2	false		status	0	231	981	3dc9fdf38b30dbc8fc85609a32ca7280ae206529	22455c945576d28d86ac98a3b512327740b12f0cc3a3a6006ad1c59dfe9c9584	otf_sparse_formula	2026-09-25T14:27:19.079886Z	--arms unreal:gr1:oxidd	0.000000	18907136		8G	0			true		acacia-syntcomp26-coverage-3638921-5b1eb050d933.scope
arm-6	ltl2dba_alpha_pb_20_pe_.ltl	ltl2dba_alpha_pb_20_pe_.tlsf	60	TIMEOUT	60.17867341695819	124	true	timeout	none	0	8	982	3dc9fdf38b30dbc8fc85609a32ca7280ae206529	22455c945576d28d86ac98a3b512327740b12f0cc3a3a6006ad1c59dfe9c9584	otf_sparse_formula	2026-09-25T14:28:19.272308Z	--arms unreal:gr1:oxidd				8G	0			true		acacia-syntcomp26-coverage-3638921-03defe555d73.scope
arm-6	ltl2dba_alpha_pb_25_pe_.ltl	ltl2dba_alpha_pb_25_pe_.tlsf	60	TIMEOUT	60.178699589916505	124	true	timeout	none	0	8	983	3dc9fdf38b30dbc8fc85609a32ca7280ae206529	22455c945576d28d86ac98a3b512327740b12f0cc3a3a6006ad1c59dfe9c9584	otf_sparse_formula	2026-09-25T14:29:19.463548Z	--arms unreal:gr1:oxidd				8G	0			true		acacia-syntcomp26-coverage-3638921-35e95f708f8e.scope
arm-6	ltl2dba_alpha_pb_2_pe_.ltl	ltl2dba_alpha_pb_2_pe_.tlsf	60	UNKNOWN	0.026553181000053883	2	false		status	0	277	984	3dc9fdf38b30dbc8fc85609a32ca7280ae206529	22455c945576d28d86ac98a3b512327740b12f0cc3a3a6006ad1c59dfe9c9584	otf_sparse_formula	2026-09-25T14:29:19.503943Z	--arms unreal:gr1:oxidd	0.000000	19398656		8G	0			true		acacia-syntcomp26-coverage-3638921-3a6c6ba3c9b6.scope
arm-6	ltl2dba_alpha_pb_3_pe_.ltl	ltl2dba_alpha_pb_3_pe_.tlsf	60	UNKNOWN	0.026910086977295578	2	false		status	0	323	985	3dc9fdf38b30dbc8fc85609a32ca7280ae206529	22455c945576d28d86ac98a3b512327740b12f0cc3a3a6006ad1c59dfe9c9584	otf_sparse_formula	2026-09-25T14:29:19.542824Z	--arms unreal:gr1:oxidd	0.000000	20004864		8G	0			true		acacia-syntcomp26-coverage-3638921-7e4d28eda32f.scope
arm-6	ltl2dba_alpha_pb_4_pe_.ltl	ltl2dba_alpha_pb_4_pe_.tlsf	60	UNKNOWN	0.03336681192740798	2	false		status	0	363	986	3dc9fdf38b30dbc8fc85609a32ca7280ae206529	22455c945576d28d86ac98a3b512327740b12f0cc3a3a6006ad1c59dfe9c9584	otf_sparse_formula	2026-09-25T14:29:19.589213Z	--arms unreal:gr1:oxidd	0.010000	20750336		8G	0			true		acacia-syntcomp26-coverage-3638921-06c77964f7ac.scope
arm-6	ltl2dba_alpha_pb_50_pe_.ltl	ltl2dba_alpha_pb_50_pe_.tlsf	60	TIMEOUT	60.17856257897802	124	true	timeout	none	0	8	987	3dc9fdf38b30dbc8fc85609a32ca7280ae206529	22455c945576d28d86ac98a3b512327740b12f0cc3a3a6006ad1c59dfe9c9584	otf_sparse_formula	2026-09-25T14:30:19.780689Z	--arms unreal:gr1:oxidd				8G	0			true		acacia-syntcomp26-coverage-3638921-f402cd531ccb.scope
arm-6	ltl2dba_alpha_pb_5_pe_.ltl	ltl2dba_alpha_pb_5_pe_.tlsf	60	UNKNOWN	0.0506634860066697	2	false		status	0	363	988	3dc9fdf38b30dbc8fc85609a32ca7280ae206529	22455c945576d28d86ac98a3b512327740b12f0cc3a3a6006ad1c59dfe9c9584	otf_sparse_formula	2026-09-25T14:30:19.846162Z	--arms unreal:gr1:oxidd	0.010000	25444352		8G	0			true		acacia-syntcomp26-coverage-3638921-f7a1def5a5a9.scope
arm-6	ltl2dba_alpha_pb_6_pe_.ltl	ltl2dba_alpha_pb_6_pe_.tlsf	60	UNKNOWN	0.07114607898984104	2	false		status	0	363	989	3dc9fdf38b30dbc8fc85609a32ca7280ae206529	22455c945576d28d86ac98a3b512327740b12f0cc3a3a6006ad1c59dfe9c9584	otf_sparse_formula	2026-09-25T14:30:19.930205Z	--arms unreal:gr1:oxidd	0.050000	34406400		8G	0			true		acacia-syntcomp26-coverage-3638921-5596c1b1918b.scope
arm-6	ltl2dba_alpha_pb_7_pe_.ltl	ltl2dba_alpha_pb_7_pe_.tlsf	60	UNKNOWN	0.2262296499684453	2	false		status	0	363	990	3dc9fdf38b30dbc8fc85609a32ca7280ae206529	22455c945576d28d86ac98a3b512327740b12f0cc3a3a6006ad1c59dfe9c9584	otf_sparse_formula	2026-09-25T14:30:20.169472Z	--arms unreal:gr1:oxidd	0.200000	68612096		8G	0			true		acacia-syntcomp26-coverage-3638921-8d263e813496.scope
arm-6	ltl2dba_alpha_pb_8_pe_.ltl	ltl2dba_alpha_pb_8_pe_.tlsf	60	UNKNOWN	0.6103641350055113	2	false		status	0	364	991	3dc9fdf38b30dbc8fc85609a32ca7280ae206529	22455c945576d28d86ac98a3b512327740b12f0cc3a3a6006ad1c59dfe9c9584	otf_sparse_formula	2026-09-25T14:30:20.795105Z	--arms unreal:gr1:oxidd	0.590000	181714944		8G	0			true		acacia-syntcomp26-coverage-3638921-141d0d560181.scope
arm-6	ltl2dba_beta_pb_100_pe_.ltl	ltl2dba_beta_pb_100_pe_.tlsf	60	UNKNOWN	0.02703061094507575	2	false		none	0	391	992	3dc9fdf38b30dbc8fc85609a32ca7280ae206529	22455c945576d28d86ac98a3b512327740b12f0cc3a3a6006ad1c59dfe9c9584	otf_sparse_formula	2026-09-25T14:30:20.844098Z	--arms unreal:gr1:oxidd	0.000000	20418560		8G	0			true		acacia-syntcomp26-coverage-3638921-dc2d5fe11690.scope
arm-6	ltl2dba_beta_pb_10_pe_.ltl	ltl2dba_beta_pb_10_pe_.tlsf	60	TIMEOUT	60.096035058028065	124	true	timeout	status	0	8	993	3dc9fdf38b30dbc8fc85609a32ca7280ae206529	22455c945576d28d86ac98a3b512327740b12f0cc3a3a6006ad1c59dfe9c9584	otf_sparse_formula	2026-09-25T14:31:20.952202Z	--arms unreal:gr1:oxidd				8G	0			true		acacia-syntcomp26-coverage-3638921-fb95160e4609.scope
arm-6	ltl2dba_beta_pb_15_pe_.ltl	ltl2dba_beta_pb_15_pe_.tlsf	60	TIMEOUT	60.17826391803101	124	true	timeout	status	0	8	994	3dc9fdf38b30dbc8fc85609a32ca7280ae206529	22455c945576d28d86ac98a3b512327740b12f0cc3a3a6006ad1c59dfe9c9584	otf_sparse_formula	2026-09-25T14:32:21.144256Z	--arms unreal:gr1:oxidd				8G	0			true		acacia-syntcomp26-coverage-3638921-5174d618593e.scope
arm-6	ltl2dba_beta_pb_18_pe_.ltl	ltl2dba_beta_pb_18_pe_.tlsf	60	TIMEOUT	60.13907979708165	124	true	timeout	none	0	8	995	3dc9fdf38b30dbc8fc85609a32ca7280ae206529	22455c945576d28d86ac98a3b512327740b12f0cc3a3a6006ad1c59dfe9c9584	otf_sparse_formula	2026-09-25T14:33:21.296444Z	--arms unreal:gr1:oxidd				8G	0			true		acacia-syntcomp26-coverage-3638921-b39d20016aae.scope
arm-6	ltl2dba_beta_pb_1_pe_.ltl	ltl2dba_beta_pb_1_pe_.tlsf	60	UNKNOWN	0.02837650408037007	2	false		status	0	190	996	3dc9fdf38b30dbc8fc85609a32ca7280ae206529	22455c945576d28d86ac98a3b512327740b12f0cc3a3a6006ad1c59dfe9c9584	otf_sparse_formula	2026-09-25T14:33:21.338344Z	--arms unreal:gr1:oxidd	0.000000	18939904		8G	0			true		acacia-syntcomp26-coverage-3638921-fba731e060d2.scope
arm-6	ltl2dba_beta_pb_20_pe_.ltl	ltl2dba_beta_pb_20_pe_.tlsf	60	TIMEOUT	60.17496819293592	124	true	timeout	none	0	8	997	3dc9fdf38b30dbc8fc85609a32ca7280ae206529	22455c945576d28d86ac98a3b512327740b12f0cc3a3a6006ad1c59dfe9c9584	otf_sparse_formula	2026-09-25T14:34:21.525330Z	--arms unreal:gr1:oxidd				8G	0			true		acacia-syntcomp26-coverage-3638921-be4bbcd289cf.scope
arm-6	ltl2dba_beta_pb_25_pe_.ltl	ltl2dba_beta_pb_25_pe_.tlsf	60	TIMEOUT	60.129375827964395	124	true	timeout	none	0	8	998	3dc9fdf38b30dbc8fc85609a32ca7280ae206529	22455c945576d28d86ac98a3b512327740b12f0cc3a3a6006ad1c59dfe9c9584	otf_sparse_formula	2026-09-25T14:35:21.668474Z	--arms unreal:gr1:oxidd				8G	0			true		acacia-syntcomp26-coverage-3638921-543b74375076.scope
arm-6	ltl2dba_beta_pb_2_pe_.ltl	ltl2dba_beta_pb_2_pe_.tlsf	60	UNKNOWN	0.05808386206626892	2	false		status	0	236	999	3dc9fdf38b30dbc8fc85609a32ca7280ae206529	22455c945576d28d86ac98a3b512327740b12f0cc3a3a6006ad1c59dfe9c9584	otf_sparse_formula	2026-09-25T14:35:21.740467Z	--arms unreal:gr1:oxidd	0.030000	28852224		8G	0			true		acacia-syntcomp26-coverage-3638921-e3a4b2bcf6f4.scope
arm-6	ltl2dba_beta_pb_30_pe_.ltl	ltl2dba_beta_pb_30_pe_.tlsf	60	TIMEOUT	60.125627498026006	124	true	timeout	none	0	8	1000	3dc9fdf38b30dbc8fc85609a32ca7280ae206529	22455c945576d28d86ac98a3b512327740b12f0cc3a3a6006ad1c59dfe9c9584	otf_sparse_formula	2026-09-25T14:36:21.879058Z	--arms unreal:gr1:oxidd				8G	0			true		acacia-syntcomp26-coverage-3638921-9769040db78e.scope
arm-6	ltl2dba_beta_pb_3_pe_.ltl	ltl2dba_beta_pb_3_pe_.tlsf	60	UNKNOWN	0.7098175429273397	2	false		status	0	283	1001	3dc9fdf38b30dbc8fc85609a32ca7280ae206529	22455c945576d28d86ac98a3b512327740b12f0cc3a3a6006ad1c59dfe9c9584	otf_sparse_formula	2026-09-25T14:36:22.603253Z	--arms unreal:gr1:oxidd	0.660000	159223808		8G	0			true		acacia-syntcomp26-coverage-3638921-46e27174f124.scope
arm-6	ltl2dba_beta_pb_4_pe_.ltl	ltl2dba_beta_pb_4_pe_.tlsf	60	UNKNOWN	8.292120474972762	2	false		status	0	330	1002	3dc9fdf38b30dbc8fc85609a32ca7280ae206529	22455c945576d28d86ac98a3b512327740b12f0cc3a3a6006ad1c59dfe9c9584	otf_sparse_formula	2026-09-25T14:36:30.908759Z	--arms unreal:gr1:oxidd	8.250000	1149804544		8G	0			true		acacia-syntcomp26-coverage-3638921-e4c7f42da4ad.scope
arm-6	ltl2dba_beta_pb_5_pe_.ltl	ltl2dba_beta_pb_5_pe_.tlsf	60	UNKNOWN	23.710157381021418	2	false		status	0	122	1003	3dc9fdf38b30dbc8fc85609a32ca7280ae206529	22455c945576d28d86ac98a3b512327740b12f0cc3a3a6006ad1c59dfe9c9584	otf_sparse_formula	2026-09-25T14:36:54.633589Z	--arms unreal:gr1:oxidd	23.650000	4374999040		8G	0			true		acacia-syntcomp26-coverage-3638921-2b8b45daeb7c.scope
arm-6	ltl2dba_beta_pb_6_pe_.ltl	ltl2dba_beta_pb_6_pe_.tlsf	60	UNKNOWN	38.485282966983505	2	false		status	0	122	1004	3dc9fdf38b30dbc8fc85609a32ca7280ae206529	22455c945576d28d86ac98a3b512327740b12f0cc3a3a6006ad1c59dfe9c9584	otf_sparse_formula	2026-09-25T14:37:33.132503Z	--arms unreal:gr1:oxidd	38.400000	4518563840		8G	0			true		acacia-syntcomp26-coverage-3638921-8be551e35573.scope
arm-6	ltl2dba_beta_pb_7_pe_.ltl	ltl2dba_beta_pb_7_pe_.tlsf	60	TIMEOUT	60.23452423303388	124	true	timeout	status	0	8	1005	3dc9fdf38b30dbc8fc85609a32ca7280ae206529	22455c945576d28d86ac98a3b512327740b12f0cc3a3a6006ad1c59dfe9c9584	otf_sparse_formula	2026-09-25T14:38:33.406571Z	--arms unreal:gr1:oxidd				8G	0			true		acacia-syntcomp26-coverage-3638921-8051b8f3e6ed.scope
arm-6	ltl2dba_beta_pb_8_pe_.ltl	ltl2dba_beta_pb_8_pe_.tlsf	60	TIMEOUT	60.23000561702065	124	true	timeout	status	0	8	1006	3dc9fdf38b30dbc8fc85609a32ca7280ae206529	22455c945576d28d86ac98a3b512327740b12f0cc3a3a6006ad1c59dfe9c9584	otf_sparse_formula	2026-09-25T14:39:33.665969Z	--arms unreal:gr1:oxidd				8G	0			true		acacia-syntcomp26-coverage-3638921-a1ce1bf60d8a.scope
arm-6	ltl2dba_theta_pb_100_pe_.ltl	ltl2dba_theta_pb_100_pe_.tlsf	60	UNKNOWN	0.04174917610362172	2	false		status	0	391	1007	3dc9fdf38b30dbc8fc85609a32ca7280ae206529	22455c945576d28d86ac98a3b512327740b12f0cc3a3a6006ad1c59dfe9c9584	otf_sparse_formula	2026-09-25T14:39:33.746059Z	--arms unreal:gr1:oxidd	0.010000	19718144		8G	0			true		acacia-syntcomp26-coverage-3638921-c9349eeeb91a.scope
arm-6	ltl2dba_theta_pb_10_pe_.ltl	ltl2dba_theta_pb_10_pe_.tlsf	60	TIMEOUT	60.12244764098432	124	true	timeout	status	0	8	1008	3dc9fdf38b30dbc8fc85609a32ca7280ae206529	22455c945576d28d86ac98a3b512327740b12f0cc3a3a6006ad1c59dfe9c9584	otf_sparse_formula	2026-09-25T14:40:33.881493Z	--arms unreal:gr1:oxidd				8G	0			true		acacia-syntcomp26-coverage-3638921-b07509fe944c.scope
arm-6	ltl2dba_theta_pb_12_pe_.ltl	ltl2dba_theta_pb_12_pe_.tlsf	60	TIMEOUT	60.04581114498433	124	true	timeout	status	0	8	1009	3dc9fdf38b30dbc8fc85609a32ca7280ae206529	22455c945576d28d86ac98a3b512327740b12f0cc3a3a6006ad1c59dfe9c9584	otf_sparse_formula	2026-09-25T14:41:33.939606Z	--arms unreal:gr1:oxidd				8G	0			true		acacia-syntcomp26-coverage-3638921-57186a3590c4.scope
arm-6	ltl2dba_theta_pb_14_pe_.ltl	ltl2dba_theta_pb_14_pe_.tlsf	60	TIMEOUT	60.07975036103744	124	true	timeout	status	0	8	1010	3dc9fdf38b30dbc8fc85609a32ca7280ae206529	22455c945576d28d86ac98a3b512327740b12f0cc3a3a6006ad1c59dfe9c9584	otf_sparse_formula	2026-09-25T14:42:34.034344Z	--arms unreal:gr1:oxidd				8G	0			true		acacia-syntcomp26-coverage-3638921-c4d056c1f26a.scope
arm-6	ltl2dba_theta_pb_16_pe_.ltl	ltl2dba_theta_pb_16_pe_.tlsf	60	TIMEOUT	60.02375457796734	124	true	timeout	status	0	8	1011	3dc9fdf38b30dbc8fc85609a32ca7280ae206529	22455c945576d28d86ac98a3b512327740b12f0cc3a3a6006ad1c59dfe9c9584	otf_sparse_formula	2026-09-25T14:43:34.072563Z	--arms unreal:gr1:oxidd				8G	0			true		acacia-syntcomp26-coverage-3638921-41d98406f094.scope
arm-6	ltl2dba_theta_pb_1_pe_.ltl	ltl2dba_theta_pb_1_pe_.tlsf	60	UNKNOWN	0.02297872502822429	2	false		status	0	217	1012	3dc9fdf38b30dbc8fc85609a32ca7280ae206529	22455c945576d28d86ac98a3b512327740b12f0cc3a3a6006ad1c59dfe9c9584	otf_sparse_formula	2026-09-25T14:43:34.110733Z	--arms unreal:gr1:oxidd	0.000000	20267008		8G	0			true		acacia-syntcomp26-coverage-3638921-b33ec1c93476.scope
arm-6	ltl2dba_theta_pb_25_pe_.ltl	ltl2dba_theta_pb_25_pe_.tlsf	60	TIMEOUT	60.12911499897018	124	true	timeout	status	0	8	1013	3dc9fdf38b30dbc8fc85609a32ca7280ae206529	22455c945576d28d86ac98a3b512327740b12f0cc3a3a6006ad1c59dfe9c9584	otf_sparse_formula	2026-09-25T14:44:34.252892Z	--arms unreal:gr1:oxidd				8G	0			true		acacia-syntcomp26-coverage-3638921-e30da369d963.scope
arm-6	ltl2dba_theta_pb_2_pe_.ltl	ltl2dba_theta_pb_2_pe_.tlsf	60	UNKNOWN	0.04184679500758648	2	false		status	0	241	1014	3dc9fdf38b30dbc8fc85609a32ca7280ae206529	22455c945576d28d86ac98a3b512327740b12f0cc3a3a6006ad1c59dfe9c9584	otf_sparse_formula	2026-09-25T14:44:34.308151Z	--arms unreal:gr1:oxidd	0.010000	24129536		8G	0			true		acacia-syntcomp26-coverage-3638921-ac63e040584b.scope
arm-6	ltl2dba_theta_pb_300_pe_.ltl	ltl2dba_theta_pb_300_pe_.tlsf	60	UNKNOWN	0.022421570029109716	2	false		none	0	391	1015	3dc9fdf38b30dbc8fc85609a32ca7280ae206529	22455c945576d28d86ac98a3b512327740b12f0cc3a3a6006ad1c59dfe9c9584	otf_sparse_formula	2026-09-25T14:44:34.344824Z	--arms unreal:gr1:oxidd	0.000000	22138880		8G	0			true		acacia-syntcomp26-coverage-3638921-92628ea544af.scope
arm-6	ltl2dba_theta_pb_3_pe_.ltl	ltl2dba_theta_pb_3_pe_.tlsf	60	UNKNOWN	0.13553374994080514	2	false		status	0	263	1016	3dc9fdf38b30dbc8fc85609a32ca7280ae206529	22455c945576d28d86ac98a3b512327740b12f0cc3a3a6006ad1c59dfe9c9584	otf_sparse_formula	2026-09-25T14:44:34.493048Z	--arms unreal:gr1:oxidd	0.110000	47833088		8G	0			true		acacia-syntcomp26-coverage-3638921-9595eca55e36.scope
arm-6	ltl2dba_theta_pb_4_pe_.ltl	ltl2dba_theta_pb_4_pe_.tlsf	60	UNKNOWN	0.9235262869624421	2	false		status	0	286	1017	3dc9fdf38b30dbc8fc85609a32ca7280ae206529	22455c945576d28d86ac98a3b512327740b12f0cc3a3a6006ad1c59dfe9c9584	otf_sparse_formula	2026-09-25T14:44:35.430808Z	--arms unreal:gr1:oxidd	0.890000	167292928		8G	0			true		acacia-syntcomp26-coverage-3638921-da3ac1bf9947.scope
arm-6	ltl2dba_theta_pb_500_pe_.ltl	ltl2dba_theta_pb_500_pe_.tlsf	60	UNKNOWN	0.032698713010177016	2	false		none	0	391	1018	3dc9fdf38b30dbc8fc85609a32ca7280ae206529	22455c945576d28d86ac98a3b512327740b12f0cc3a3a6006ad1c59dfe9c9584	otf_sparse_formula	2026-09-25T14:44:35.477436Z	--arms unreal:gr1:oxidd	0.000000	26013696		8G	0			true		acacia-syntcomp26-coverage-3638921-195d6ca6fcf7.scope
arm-6	ltl2dba_theta_pb_50_pe_.ltl	ltl2dba_theta_pb_50_pe_.tlsf	60	UNKNOWN	0.02485441300086677	2	false		status	0	391	1019	3dc9fdf38b30dbc8fc85609a32ca7280ae206529	22455c945576d28d86ac98a3b512327740b12f0cc3a3a6006ad1c59dfe9c9584	otf_sparse_formula	2026-09-25T14:44:35.515213Z	--arms unreal:gr1:oxidd	0.000000	19435520		8G	0			true		acacia-syntcomp26-coverage-3638921-db6259c12b59.scope
arm-6	ltl2dba_theta_pb_5_pe_.ltl	ltl2dba_theta_pb_5_pe_.tlsf	60	UNKNOWN	9.413895306992345	2	false		status	0	309	1020	3dc9fdf38b30dbc8fc85609a32ca7280ae206529	22455c945576d28d86ac98a3b512327740b12f0cc3a3a6006ad1c59dfe9c9584	otf_sparse_formula	2026-09-25T14:44:44.944231Z	--arms unreal:gr1:oxidd	9.370000	1183145984		8G	0			true		acacia-syntcomp26-coverage-3638921-3872e1620098.scope
arm-6	ltl2dba_theta_pb_6_pe_.ltl	ltl2dba_theta_pb_6_pe_.tlsf	60	UNKNOWN	58.84019285195973	2	false		status	0	122	1021	3dc9fdf38b30dbc8fc85609a32ca7280ae206529	22455c945576d28d86ac98a3b512327740b12f0cc3a3a6006ad1c59dfe9c9584	otf_sparse_formula	2026-09-25T14:45:43.799760Z	--arms unreal:gr1:oxidd	58.710000	4557410304		8G	0			true		acacia-syntcomp26-coverage-3638921-82d7fb987ec2.scope
arm-6	ltl2dba_theta_pb_7_pe_.ltl	ltl2dba_theta_pb_7_pe_.tlsf	60	TIMEOUT	60.22856266296003	124	true	timeout	status	0	8	1022	3dc9fdf38b30dbc8fc85609a32ca7280ae206529	22455c945576d28d86ac98a3b512327740b12f0cc3a3a6006ad1c59dfe9c9584	otf_sparse_formula	2026-09-25T14:46:44.041206Z	--arms unreal:gr1:oxidd				8G	0			true		acacia-syntcomp26-coverage-3638921-a1726965ddec.scope
arm-6	ltl2dba_theta_pb_8_pe_.ltl	ltl2dba_theta_pb_8_pe_.tlsf	60	TIMEOUT	60.19422013394069	124	true	timeout	status	0	8	1023	3dc9fdf38b30dbc8fc85609a32ca7280ae206529	22455c945576d28d86ac98a3b512327740b12f0cc3a3a6006ad1c59dfe9c9584	otf_sparse_formula	2026-09-25T14:47:44.248075Z	--arms unreal:gr1:oxidd				8G	0			true		acacia-syntcomp26-coverage-3638921-42d647e6dd6f.scope
arm-6	ltl2dpa01.ltl	ltl2dpa01.tlsf	60	UNKNOWN	0.09231041604653001	2	false		status	0	214	1024	3dc9fdf38b30dbc8fc85609a32ca7280ae206529	22455c945576d28d86ac98a3b512327740b12f0cc3a3a6006ad1c59dfe9c9584	otf_sparse_formula	2026-09-25T14:47:44.354091Z	--arms unreal:gr1:oxidd	0.050000	41959424		8G	0			true		acacia-syntcomp26-coverage-3638921-146459086e45.scope
arm-6	ltl2dpa02.ltl	ltl2dpa02.tlsf	60	UNKNOWN	0.02782799198757857	2	false		status	0	190	1025	3dc9fdf38b30dbc8fc85609a32ca7280ae206529	22455c945576d28d86ac98a3b512327740b12f0cc3a3a6006ad1c59dfe9c9584	otf_sparse_formula	2026-09-25T14:47:44.396485Z	--arms unreal:gr1:oxidd	0.000000	19795968		8G	0			true		acacia-syntcomp26-coverage-3638921-dd4c6c4447ec.scope
arm-6	ltl2dpa03.ltl	ltl2dpa03.tlsf	60	UNKNOWN	3.962367903906852	2	false		status	0	260	1026	3dc9fdf38b30dbc8fc85609a32ca7280ae206529	22455c945576d28d86ac98a3b512327740b12f0cc3a3a6006ad1c59dfe9c9584	otf_sparse_formula	2026-09-25T14:47:48.372542Z	--arms unreal:gr1:oxidd	3.920000	625496064		8G	0			true		acacia-syntcomp26-coverage-3638921-ad315ab8a8ef.scope
arm-6	ltl2dpa04.ltl	ltl2dpa04.tlsf	60	UNKNOWN	0.031119956052862108	2	false		status	0	189	1027	3dc9fdf38b30dbc8fc85609a32ca7280ae206529	22455c945576d28d86ac98a3b512327740b12f0cc3a3a6006ad1c59dfe9c9584	otf_sparse_formula	2026-09-25T14:47:48.417074Z	--arms unreal:gr1:oxidd	0.000000	19890176		8G	0			true		acacia-syntcomp26-coverage-3638921-450041249bae.scope
arm-6	ltl2dpa05.ltl	ltl2dpa05.tlsf	60	UNKNOWN	0.025313078076578677	2	false		status	0	190	1028	3dc9fdf38b30dbc8fc85609a32ca7280ae206529	22455c945576d28d86ac98a3b512327740b12f0cc3a3a6006ad1c59dfe9c9584	otf_sparse_formula	2026-09-25T14:47:48.455860Z	--arms unreal:gr1:oxidd	0.000000	19816448		8G	0			true		acacia-syntcomp26-coverage-3638921-6111923237ec.scope
arm-6	ltl2dpa06.ltl	ltl2dpa06.tlsf	60	UNKNOWN	0.026234921999275684	2	false		status	0	209	1029	3dc9fdf38b30dbc8fc85609a32ca7280ae206529	22455c945576d28d86ac98a3b512327740b12f0cc3a3a6006ad1c59dfe9c9584	otf_sparse_formula	2026-09-25T14:47:48.495072Z	--arms unreal:gr1:oxidd	0.000000	19808256		8G	0			true		acacia-syntcomp26-coverage-3638921-68b71b9b0cd5.scope
arm-6	ltl2dpa07.ltl	ltl2dpa07.tlsf	60	UNKNOWN	0.024893154040910304	2	false		status	0	212	1030	3dc9fdf38b30dbc8fc85609a32ca7280ae206529	22455c945576d28d86ac98a3b512327740b12f0cc3a3a6006ad1c59dfe9c9584	otf_sparse_formula	2026-09-25T14:47:48.532802Z	--arms unreal:gr1:oxidd	0.000000	19886080		8G	0			true		acacia-syntcomp26-coverage-3638921-7c102170c3ca.scope
arm-6	ltl2dpa08.ltl	ltl2dpa08.tlsf	60	UNKNOWN	0.03188544500153512	2	false		status	0	190	1031	3dc9fdf38b30dbc8fc85609a32ca7280ae206529	22455c945576d28d86ac98a3b512327740b12f0cc3a3a6006ad1c59dfe9c9584	otf_sparse_formula	2026-09-25T14:47:48.578040Z	--arms unreal:gr1:oxidd	0.000000	19881984		8G	0			true		acacia-syntcomp26-coverage-3638921-751caf20775f.scope
arm-6	ltl2dpa09.ltl	ltl2dpa09.tlsf	60	UNKNOWN	0.027430230984464288	2	false		status	0	212	1032	3dc9fdf38b30dbc8fc85609a32ca7280ae206529	22455c945576d28d86ac98a3b512327740b12f0cc3a3a6006ad1c59dfe9c9584	otf_sparse_formula	2026-09-25T14:47:48.619993Z	--arms unreal:gr1:oxidd	0.000000	19808256		8G	0			true		acacia-syntcomp26-coverage-3638921-fc9e1a8c3663.scope
arm-6	ltl2dpa10.ltl	ltl2dpa10.tlsf	60	UNKNOWN	0.5574451559223235	2	false		status	0	238	1033	3dc9fdf38b30dbc8fc85609a32ca7280ae206529	22455c945576d28d86ac98a3b512327740b12f0cc3a3a6006ad1c59dfe9c9584	otf_sparse_formula	2026-09-25T14:47:49.190236Z	--arms unreal:gr1:oxidd	0.530000	160612352		8G	0			true		acacia-syntcomp26-coverage-3638921-8af2294b222b.scope
arm-6	ltl2dpa11.ltl	ltl2dpa11.tlsf	60	UNKNOWN	0.02413042401894927	2	false		status	0	236	1034	3dc9fdf38b30dbc8fc85609a32ca7280ae206529	22455c945576d28d86ac98a3b512327740b12f0cc3a3a6006ad1c59dfe9c9584	otf_sparse_formula	2026-09-25T14:47:49.228091Z	--arms unreal:gr1:oxidd	0.000000	20369408		8G	0			true		acacia-syntcomp26-coverage-3638921-7f7a628b488c.scope
arm-6	ltl2dpa12.ltl	ltl2dpa12.tlsf	60	UNKNOWN	0.9608658719807863	2	false		status	0	238	1035	3dc9fdf38b30dbc8fc85609a32ca7280ae206529	22455c945576d28d86ac98a3b512327740b12f0cc3a3a6006ad1c59dfe9c9584	otf_sparse_formula	2026-09-25T14:47:50.202969Z	--arms unreal:gr1:oxidd	0.920000	298549248		8G	0			true		acacia-syntcomp26-coverage-3638921-dcd3370e16a5.scope
arm-6	ltl2dpa13.ltl	ltl2dpa13.tlsf	60	UNKNOWN	1.9091611920157447	2	false		status	0	284	1036	3dc9fdf38b30dbc8fc85609a32ca7280ae206529	22455c945576d28d86ac98a3b512327740b12f0cc3a3a6006ad1c59dfe9c9584	otf_sparse_formula	2026-09-25T14:47:52.125752Z	--arms unreal:gr1:oxidd	1.880000	564969472		8G	0			true		acacia-syntcomp26-coverage-3638921-a19c34751da3.scope
arm-6	ltl2dpa14.ltl	ltl2dpa14.tlsf	60	UNKNOWN	0.0976417949423194	2	false		status	0	237	1037	3dc9fdf38b30dbc8fc85609a32ca7280ae206529	22455c945576d28d86ac98a3b512327740b12f0cc3a3a6006ad1c59dfe9c9584	otf_sparse_formula	2026-09-25T14:47:52.238324Z	--arms unreal:gr1:oxidd	0.060000	42143744		8G	0			true		acacia-syntcomp26-coverage-3638921-352d8b03dddd.scope
arm-6	ltl2dpa15.ltl	ltl2dpa15.tlsf	60	UNKNOWN	0.027570376987569034	2	false		status	0	191	1038	3dc9fdf38b30dbc8fc85609a32ca7280ae206529	22455c945576d28d86ac98a3b512327740b12f0cc3a3a6006ad1c59dfe9c9584	otf_sparse_formula	2026-09-25T14:47:52.279154Z	--arms unreal:gr1:oxidd	0.000000	19886080		8G	0			true		acacia-syntcomp26-coverage-3638921-c9078d46ffe8.scope
arm-6	ltl2dpa16.ltl	ltl2dpa16.tlsf	60	UNKNOWN	0.03134029405191541	2	false		status	0	190	1039	3dc9fdf38b30dbc8fc85609a32ca7280ae206529	22455c945576d28d86ac98a3b512327740b12f0cc3a3a6006ad1c59dfe9c9584	otf_sparse_formula	2026-09-25T14:47:52.323326Z	--arms unreal:gr1:oxidd	0.000000	19808256		8G	0			true		acacia-syntcomp26-coverage-3638921-2ab1c963d94f.scope
arm-6	ltl2dpa17.ltl	ltl2dpa17.tlsf	60	UNKNOWN	0.03120160393882543	2	false		status	0	283	1040	3dc9fdf38b30dbc8fc85609a32ca7280ae206529	22455c945576d28d86ac98a3b512327740b12f0cc3a3a6006ad1c59dfe9c9584	otf_sparse_formula	2026-09-25T14:47:52.369010Z	--arms unreal:gr1:oxidd	0.000000	21561344		8G	0			true		acacia-syntcomp26-coverage-3638921-3e14e216a2a6.scope
arm-6	ltl2dpa18.ltl	ltl2dpa18.tlsf	60	UNKNOWN	0.03411177499219775	2	false		status	0	283	1041	3dc9fdf38b30dbc8fc85609a32ca7280ae206529	22455c945576d28d86ac98a3b512327740b12f0cc3a3a6006ad1c59dfe9c9584	otf_sparse_formula	2026-09-25T14:47:52.416151Z	--arms unreal:gr1:oxidd	0.010000	23429120		8G	0			true		acacia-syntcomp26-coverage-3638921-7e0795e21a26.scope
arm-6	ltl2dpa19.ltl	ltl2dpa19.tlsf	60	UNKNOWN	2.5893909599399194	2	false		status	0	329	1042	3dc9fdf38b30dbc8fc85609a32ca7280ae206529	22455c945576d28d86ac98a3b512327740b12f0cc3a3a6006ad1c59dfe9c9584	otf_sparse_formula	2026-09-25T14:47:55.018813Z	--arms unreal:gr1:oxidd	2.560000	566362112		8G	0			true		acacia-syntcomp26-coverage-3638921-a25ca6862662.scope
arm-6	ltl2dpa20.ltl	ltl2dpa20.tlsf	60	UNKNOWN	0.03454909007996321	2	false		status	0	283	1043	3dc9fdf38b30dbc8fc85609a32ca7280ae206529	22455c945576d28d86ac98a3b512327740b12f0cc3a3a6006ad1c59dfe9c9584	otf_sparse_formula	2026-09-25T14:47:55.068557Z	--arms unreal:gr1:oxidd	0.010000	23863296		8G	0			true		acacia-syntcomp26-coverage-3638921-515bf0e225be.scope
arm-6	ltl2dpa22.ltl	ltl2dpa22.tlsf	60	TIMEOUT	60.279387076967396	124	true	timeout	status	0	8	1044	3dc9fdf38b30dbc8fc85609a32ca7280ae206529	22455c945576d28d86ac98a3b512327740b12f0cc3a3a6006ad1c59dfe9c9584	otf_sparse_formula	2026-09-25T14:48:55.359867Z	--arms unreal:gr1:oxidd				8G	0			true		acacia-syntcomp26-coverage-3638921-5976a51d72c6.scope
arm-6	ltl2dpa23.ltl	ltl2dpa23.tlsf	60	UNKNOWN	0.025025096023455262	2	false		status	0	237	1045	3dc9fdf38b30dbc8fc85609a32ca7280ae206529	22455c945576d28d86ac98a3b512327740b12f0cc3a3a6006ad1c59dfe9c9584	otf_sparse_formula	2026-09-25T14:48:55.398177Z	--arms unreal:gr1:oxidd	0.000000	20393984		8G	0			true		acacia-syntcomp26-coverage-3638921-880f588dc124.scope
arm-6	ltl2dpa24.ltl	ltl2dpa24.tlsf	60	UNKNOWN	0.02369526808615774	2	false		status	0	259	1046	3dc9fdf38b30dbc8fc85609a32ca7280ae206529	22455c945576d28d86ac98a3b512327740b12f0cc3a3a6006ad1c59dfe9c9584	otf_sparse_formula	2026-09-25T14:48:55.436288Z	--arms unreal:gr1:oxidd	0.000000	20918272		8G	0			true		acacia-syntcomp26-coverage-3638921-ecdcc4d3db3f.scope
arm-6	mux_pb_100_pe_.ltl	mux_pb_100_pe_.tlsf	60	UNKNOWN	0.827870674082078	2	false		status	0	128	1047	3dc9fdf38b30dbc8fc85609a32ca7280ae206529	22455c945576d28d86ac98a3b512327740b12f0cc3a3a6006ad1c59dfe9c9584	otf_sparse_formula	2026-09-25T14:48:56.277525Z	--arms unreal:gr1:oxidd	0.790000	63868928		8G	0			true		acacia-syntcomp26-coverage-3638921-2d8f9182419c.scope
arm-6	mux_pb_10_pe_.ltl	mux_pb_10_pe_.tlsf	60	UNKNOWN	0.04569635295774788	2	false		status	0	128	1048	3dc9fdf38b30dbc8fc85609a32ca7280ae206529	22455c945576d28d86ac98a3b512327740b12f0cc3a3a6006ad1c59dfe9c9584	otf_sparse_formula	2026-09-25T14:48:56.336769Z	--arms unreal:gr1:oxidd	0.010000	45322240		8G	0			true		acacia-syntcomp26-coverage-3638921-2d7b568d61d9.scope
arm-6	mux_pb_125_pe_.ltl	mux_pb_125_pe_.tlsf	60	UNKNOWN	1.1170124599011615	2	false		status	0	128	1049	3dc9fdf38b30dbc8fc85609a32ca7280ae206529	22455c945576d28d86ac98a3b512327740b12f0cc3a3a6006ad1c59dfe9c9584	otf_sparse_formula	2026-09-25T14:48:57.466751Z	--arms unreal:gr1:oxidd	1.090000	70467584		8G	0			true		acacia-syntcomp26-coverage-3638921-eeeb22e4cbdc.scope
arm-6	mux_pb_12_pe_.ltl	mux_pb_12_pe_.tlsf	60	UNKNOWN	0.030939728021621704	2	false		status	0	128	1050	3dc9fdf38b30dbc8fc85609a32ca7280ae206529	22455c945576d28d86ac98a3b512327740b12f0cc3a3a6006ad1c59dfe9c9584	otf_sparse_formula	2026-09-25T14:48:57.512102Z	--arms unreal:gr1:oxidd	0.010000	45195264		8G	0			true		acacia-syntcomp26-coverage-3638921-50419d576945.scope
arm-6	mux_pb_132_pe_.ltl	mux_pb_132_pe_.tlsf	60	UNKNOWN	1.4745084859896451	2	false		status	0	128	1051	3dc9fdf38b30dbc8fc85609a32ca7280ae206529	22455c945576d28d86ac98a3b512327740b12f0cc3a3a6006ad1c59dfe9c9584	otf_sparse_formula	2026-09-25T14:48:58.999799Z	--arms unreal:gr1:oxidd	1.440000	80801792		8G	0			true		acacia-syntcomp26-coverage-3638921-9fd0b6e003cb.scope
arm-6	mux_pb_150_pe_.ltl	mux_pb_150_pe_.tlsf	60	UNKNOWN	2.0087373489513993	2	false		none	0	128	1052	3dc9fdf38b30dbc8fc85609a32ca7280ae206529	22455c945576d28d86ac98a3b512327740b12f0cc3a3a6006ad1c59dfe9c9584	otf_sparse_formula	2026-09-25T14:49:01.022821Z	--arms unreal:gr1:oxidd	1.970000	91500544		8G	0			true		acacia-syntcomp26-coverage-3638921-c2e6348d78c8.scope
arm-6	mux_pb_16_pe_.ltl	mux_pb_16_pe_.tlsf	60	UNKNOWN	0.05158060591202229	2	false		status	0	128	1053	3dc9fdf38b30dbc8fc85609a32ca7280ae206529	22455c945576d28d86ac98a3b512327740b12f0cc3a3a6006ad1c59dfe9c9584	otf_sparse_formula	2026-09-25T14:49:01.089941Z	--arms unreal:gr1:oxidd	0.020000	45445120		8G	0			true		acacia-syntcomp26-coverage-3638921-569f52098d5a.scope
arm-6	mux_pb_175_pe_.ltl	mux_pb_175_pe_.tlsf	60	UNKNOWN	2.383556410903111	2	false		none	0	128	1054	3dc9fdf38b30dbc8fc85609a32ca7280ae206529	22455c945576d28d86ac98a3b512327740b12f0cc3a3a6006ad1c59dfe9c9584	otf_sparse_formula	2026-09-25T14:49:03.486829Z	--arms unreal:gr1:oxidd	2.350000	99581952		8G	0			true		acacia-syntcomp26-coverage-3638921-264ce9100b0a.scope
arm-6	mux_pb_200_pe_.ltl	mux_pb_200_pe_.tlsf	60	UNKNOWN	3.1502602678956464	2	false		none	0	129	1055	3dc9fdf38b30dbc8fc85609a32ca7280ae206529	22455c945576d28d86ac98a3b512327740b12f0cc3a3a6006ad1c59dfe9c9584	otf_sparse_formula	2026-09-25T14:49:06.650890Z	--arms unreal:gr1:oxidd	3.110000	111824896		8G	0			true		acacia-syntcomp26-coverage-3638921-a21cbb4ad8e8.scope
arm-6	mux_pb_32_pe_.ltl	mux_pb_32_pe_.tlsf	60	UNKNOWN	0.10451505007222295	2	false		status	0	128	1056	3dc9fdf38b30dbc8fc85609a32ca7280ae206529	22455c945576d28d86ac98a3b512327740b12f0cc3a3a6006ad1c59dfe9c9584	otf_sparse_formula	2026-09-25T14:49:06.770100Z	--arms unreal:gr1:oxidd	0.070000	46923776		8G	0			true		acacia-syntcomp26-coverage-3638921-31940cec97ed.scope
arm-6	mux_pb_64_pe_.ltl	mux_pb_64_pe_.tlsf	60	UNKNOWN	0.29412588896229863	2	false		status	0	128	1057	3dc9fdf38b30dbc8fc85609a32ca7280ae206529	22455c945576d28d86ac98a3b512327740b12f0cc3a3a6006ad1c59dfe9c9584	otf_sparse_formula	2026-09-25T14:49:07.077851Z	--arms unreal:gr1:oxidd	0.280000	51367936		8G	0			true		acacia-syntcomp26-coverage-3638921-c5571c094bb9.scope
arm-6	mux_pb_8_pe_.ltl	mux_pb_8_pe_.tlsf	60	UNKNOWN	0.034687089966610074	2	false		status	0	128	1058	3dc9fdf38b30dbc8fc85609a32ca7280ae206529	22455c945576d28d86ac98a3b512327740b12f0cc3a3a6006ad1c59dfe9c9584	otf_sparse_formula	2026-09-25T14:49:07.126143Z	--arms unreal:gr1:oxidd	0.000000	45137920		8G	0			true		acacia-syntcomp26-coverage-3638921-9c23b81a0e45.scope
arm-6	narylatch_pb_10_pe_.ltl	narylatch_pb_10_pe_.tlsf	60	TIMEOUT	60.12803513801191	124	true	timeout	status	0	8	1059	3dc9fdf38b30dbc8fc85609a32ca7280ae206529	22455c945576d28d86ac98a3b512327740b12f0cc3a3a6006ad1c59dfe9c9584	otf_sparse_formula	2026-09-25T14:50:07.266727Z	--arms unreal:gr1:oxidd				8G	0			true		acacia-syntcomp26-coverage-3638921-42081eb6e048.scope
arm-6	narylatch_pb_11_pe_.ltl	narylatch_pb_11_pe_.tlsf	60	TIMEOUT	60.128747213981114	124	true	timeout	none	0	8	1060	3dc9fdf38b30dbc8fc85609a32ca7280ae206529	22455c945576d28d86ac98a3b512327740b12f0cc3a3a6006ad1c59dfe9c9584	otf_sparse_formula	2026-09-25T14:51:07.407841Z	--arms unreal:gr1:oxidd				8G	0			true		acacia-syntcomp26-coverage-3638921-d94a3e5ba6c8.scope
arm-6	narylatch_pb_12_pe_.ltl	narylatch_pb_12_pe_.tlsf	60	TIMEOUT	60.17881901899818	124	true	timeout	none	0	8	1061	3dc9fdf38b30dbc8fc85609a32ca7280ae206529	22455c945576d28d86ac98a3b512327740b12f0cc3a3a6006ad1c59dfe9c9584	otf_sparse_formula	2026-09-25T14:52:07.599788Z	--arms unreal:gr1:oxidd				8G	0			true		acacia-syntcomp26-coverage-3638921-100aa212f961.scope
arm-6	narylatch_pb_16_pe_.ltl	narylatch_pb_16_pe_.tlsf	60	TIMEOUT	60.12268470006529	124	true	timeout	none	0	8	1062	3dc9fdf38b30dbc8fc85609a32ca7280ae206529	22455c945576d28d86ac98a3b512327740b12f0cc3a3a6006ad1c59dfe9c9584	otf_sparse_formula	2026-09-25T14:53:07.736619Z	--arms unreal:gr1:oxidd				8G	0			true		acacia-syntcomp26-coverage-3638921-b3a168060ebd.scope
arm-6	narylatch_pb_32_pe_.ltl	narylatch_pb_32_pe_.tlsf	60	TIMEOUT	60.07744826609269	124	true	timeout	none	0	8	1063	3dc9fdf38b30dbc8fc85609a32ca7280ae206529	22455c945576d28d86ac98a3b512327740b12f0cc3a3a6006ad1c59dfe9c9584	otf_sparse_formula	2026-09-25T14:54:07.826678Z	--arms unreal:gr1:oxidd				8G	0			true		acacia-syntcomp26-coverage-3638921-14f79f60f789.scope
arm-6	narylatch_pb_64_pe_.ltl	narylatch_pb_64_pe_.tlsf	60	TIMEOUT	60.12875734991394	124	true	timeout	none	0	8	1064	3dc9fdf38b30dbc8fc85609a32ca7280ae206529	22455c945576d28d86ac98a3b512327740b12f0cc3a3a6006ad1c59dfe9c9584	otf_sparse_formula	2026-09-25T14:55:07.968306Z	--arms unreal:gr1:oxidd				8G	0			true		acacia-syntcomp26-coverage-3638921-0ab62ddbfdbe.scope
arm-6	narylatch_pb_8_pe_.ltl	narylatch_pb_8_pe_.tlsf	60	UNKNOWN	4.723474978003651	2	false		status	0	129	1065	3dc9fdf38b30dbc8fc85609a32ca7280ae206529	22455c945576d28d86ac98a3b512327740b12f0cc3a3a6006ad1c59dfe9c9584	otf_sparse_formula	2026-09-25T14:55:12.704726Z	--arms unreal:gr1:oxidd	4.720000	185925632		8G	0			true		acacia-syntcomp26-coverage-3638921-6dd637032c1d.scope
arm-6	ordered-visits-choice-real.ltl	ordered-visits-choice-real.tlsf	60	UNKNOWN	0.021680849022231996	2	false		none	0	213	1066	3dc9fdf38b30dbc8fc85609a32ca7280ae206529	22455c945576d28d86ac98a3b512327740b12f0cc3a3a6006ad1c59dfe9c9584	otf_sparse_formula	2026-09-25T14:55:12.740731Z	--arms unreal:gr1:oxidd	0.000000	21184512		8G	0			true		acacia-syntcomp26-coverage-3638921-6e5be2c82eb1.scope
arm-6	ordered-visits-real.ltl	ordered-visits-real.tlsf	60	UNKNOWN	0.02547290804795921	2	false		none	0	214	1067	3dc9fdf38b30dbc8fc85609a32ca7280ae206529	22455c945576d28d86ac98a3b512327740b12f0cc3a3a6006ad1c59dfe9c9584	otf_sparse_formula	2026-09-25T14:55:12.778245Z	--arms unreal:gr1:oxidd	0.000000	21258240		8G	0			true		acacia-syntcomp26-coverage-3638921-8e7044c36f2b.scope
arm-6	package-delivery-real.ltl	package-delivery-real.tlsf	60	UNKNOWN	0.06061836692970246	2	false		none	0	238	1068	3dc9fdf38b30dbc8fc85609a32ca7280ae206529	22455c945576d28d86ac98a3b512327740b12f0cc3a3a6006ad1c59dfe9c9584	otf_sparse_formula	2026-09-25T14:55:12.857585Z	--arms unreal:gr1:oxidd	0.030000	38825984		8G	0			true		acacia-syntcomp26-coverage-3638921-51e9e6f468b1.scope
arm-6	patrolling-alarm0.ltl	patrolling-alarm0.tlsf	60	UNKNOWN	0.02679298201110214	2	false		none	0	213	1069	3dc9fdf38b30dbc8fc85609a32ca7280ae206529	22455c945576d28d86ac98a3b512327740b12f0cc3a3a6006ad1c59dfe9c9584	otf_sparse_formula	2026-09-25T14:55:12.899589Z	--arms unreal:gr1:oxidd	0.000000	21442560		8G	0			true		acacia-syntcomp26-coverage-3638921-02800aa284f1.scope
arm-6	patrolling-alarm1.ltl	patrolling-alarm1.tlsf	60	UNKNOWN	0.022807235014624894	2	false		none	0	234	1070	3dc9fdf38b30dbc8fc85609a32ca7280ae206529	22455c945576d28d86ac98a3b512327740b12f0cc3a3a6006ad1c59dfe9c9584	otf_sparse_formula	2026-09-25T14:55:12.934512Z	--arms unreal:gr1:oxidd	0.000000	21856256		8G	0			true		acacia-syntcomp26-coverage-3638921-66f495702b91.scope
arm-6	patrolling-alarm10.ltl	patrolling-alarm10.tlsf	60	UNKNOWN	0.036226060008630157	2	false		none	0	276	1071	3dc9fdf38b30dbc8fc85609a32ca7280ae206529	22455c945576d28d86ac98a3b512327740b12f0cc3a3a6006ad1c59dfe9c9584	otf_sparse_formula	2026-09-25T14:55:12.982888Z	--arms unreal:gr1:oxidd	0.000000	24805376		8G	0			true		acacia-syntcomp26-coverage-3638921-909a6d15693b.scope
arm-6	patrolling-alarm11.ltl	patrolling-alarm11.tlsf	60	UNKNOWN	0.03851423901505768	2	false		none	0	277	1072	3dc9fdf38b30dbc8fc85609a32ca7280ae206529	22455c945576d28d86ac98a3b512327740b12f0cc3a3a6006ad1c59dfe9c9584	otf_sparse_formula	2026-09-25T14:55:13.033996Z	--arms unreal:gr1:oxidd	0.010000	24932352		8G	0			true		acacia-syntcomp26-coverage-3638921-f2c4dcc17554.scope
arm-6	patrolling-alarm12.ltl	patrolling-alarm12.tlsf	60	UNKNOWN	0.051849138108082116	2	false		none	0	276	1073	3dc9fdf38b30dbc8fc85609a32ca7280ae206529	22455c945576d28d86ac98a3b512327740b12f0cc3a3a6006ad1c59dfe9c9584	otf_sparse_formula	2026-09-25T14:55:13.098179Z	--arms unreal:gr1:oxidd	0.020000	25210880		8G	0			true		acacia-syntcomp26-coverage-3638921-2e700cd10d80.scope
arm-6	patrolling-alarm13.ltl	patrolling-alarm13.tlsf	60	UNKNOWN	0.0391970940399915	2	false		none	0	276	1074	3dc9fdf38b30dbc8fc85609a32ca7280ae206529	22455c945576d28d86ac98a3b512327740b12f0cc3a3a6006ad1c59dfe9c9584	otf_sparse_formula	2026-09-25T14:55:13.149533Z	--arms unreal:gr1:oxidd	0.010000	25382912		8G	0			true		acacia-syntcomp26-coverage-3638921-0c864bf6b830.scope
arm-6	patrolling-alarm14.ltl	patrolling-alarm14.tlsf	60	UNKNOWN	0.038911825977265835	2	false		none	0	275	1075	3dc9fdf38b30dbc8fc85609a32ca7280ae206529	22455c945576d28d86ac98a3b512327740b12f0cc3a3a6006ad1c59dfe9c9584	otf_sparse_formula	2026-09-25T14:55:13.201663Z	--arms unreal:gr1:oxidd	0.000000	25456640		8G	0			true		acacia-syntcomp26-coverage-3638921-6e4a89825371.scope
arm-6	patrolling-alarm15.ltl	patrolling-alarm15.tlsf	60	UNKNOWN	0.03977114497683942	2	false		none	0	299	1076	3dc9fdf38b30dbc8fc85609a32ca7280ae206529	22455c945576d28d86ac98a3b512327740b12f0cc3a3a6006ad1c59dfe9c9584	otf_sparse_formula	2026-09-25T14:55:13.255506Z	--arms unreal:gr1:oxidd	0.010000	26882048		8G	0			true		acacia-syntcomp26-coverage-3638921-cebb67e2a3d9.scope
arm-6	patrolling-alarm16.ltl	patrolling-alarm16.tlsf	60	UNKNOWN	0.0387922030640766	2	false		none	0	298	1077	3dc9fdf38b30dbc8fc85609a32ca7280ae206529	22455c945576d28d86ac98a3b512327740b12f0cc3a3a6006ad1c59dfe9c9584	otf_sparse_formula	2026-09-25T14:55:13.307236Z	--arms unreal:gr1:oxidd	0.010000	27389952		8G	0			true		acacia-syntcomp26-coverage-3638921-6ba2a2556e8f.scope
arm-6	patrolling-alarm17.ltl	patrolling-alarm17.tlsf	60	UNKNOWN	0.031273063039407134	2	false		none	0	298	1078	3dc9fdf38b30dbc8fc85609a32ca7280ae206529	22455c945576d28d86ac98a3b512327740b12f0cc3a3a6006ad1c59dfe9c9584	otf_sparse_formula	2026-09-25T14:55:13.351402Z	--arms unreal:gr1:oxidd	0.000000	27447296		8G	0			true		acacia-syntcomp26-coverage-3638921-da7c75dc557f.scope
arm-6	patrolling-alarm18.ltl	patrolling-alarm18.tlsf	60	UNKNOWN	0.03295043495018035	2	false		none	0	297	1079	3dc9fdf38b30dbc8fc85609a32ca7280ae206529	22455c945576d28d86ac98a3b512327740b12f0cc3a3a6006ad1c59dfe9c9584	otf_sparse_formula	2026-09-25T14:55:13.397490Z	--arms unreal:gr1:oxidd	0.010000	27643904		8G	0			true		acacia-syntcomp26-coverage-3638921-bbba2e70618c.scope
arm-6	patrolling-alarm19.ltl	patrolling-alarm19.tlsf	60	UNKNOWN	0.03799814893864095	2	false		none	0	298	1080	3dc9fdf38b30dbc8fc85609a32ca7280ae206529	22455c945576d28d86ac98a3b512327740b12f0cc3a3a6006ad1c59dfe9c9584	otf_sparse_formula	2026-09-25T14:55:13.448146Z	--arms unreal:gr1:oxidd	0.010000	27934720		8G	0			true		acacia-syntcomp26-coverage-3638921-d11ae34945aa.scope
arm-6	patrolling-alarm2.ltl	patrolling-alarm2.tlsf	60	UNKNOWN	0.034153835964389145	2	false		none	0	233	1081	3dc9fdf38b30dbc8fc85609a32ca7280ae206529	22455c945576d28d86ac98a3b512327740b12f0cc3a3a6006ad1c59dfe9c9584	otf_sparse_formula	2026-09-25T14:55:13.494283Z	--arms unreal:gr1:oxidd	0.000000	21884928		8G	0			true		acacia-syntcomp26-coverage-3638921-5fa375d8a03f.scope
arm-6	patrolling-alarm20.ltl	patrolling-alarm20.tlsf	60	UNKNOWN	0.03252166497986764	2	false		none	0	297	1082	3dc9fdf38b30dbc8fc85609a32ca7280ae206529	22455c945576d28d86ac98a3b512327740b12f0cc3a3a6006ad1c59dfe9c9584	otf_sparse_formula	2026-09-25T14:55:13.539349Z	--arms unreal:gr1:oxidd	0.010000	28106752		8G	0			true		acacia-syntcomp26-coverage-3638921-661b906a5faf.scope
arm-6	patrolling-alarm21.ltl	patrolling-alarm21.tlsf	60	UNKNOWN	0.03637962799984962	2	false		none	0	297	1083	3dc9fdf38b30dbc8fc85609a32ca7280ae206529	22455c945576d28d86ac98a3b512327740b12f0cc3a3a6006ad1c59dfe9c9584	otf_sparse_formula	2026-09-25T14:55:13.589959Z	--arms unreal:gr1:oxidd	0.010000	28626944		8G	0			true		acacia-syntcomp26-coverage-3638921-7a4983fb0863.scope
arm-6	patrolling-alarm22.ltl	patrolling-alarm22.tlsf	60	UNKNOWN	0.046272785984911025	2	false		none	0	296	1084	3dc9fdf38b30dbc8fc85609a32ca7280ae206529	22455c945576d28d86ac98a3b512327740b12f0cc3a3a6006ad1c59dfe9c9584	otf_sparse_formula	2026-09-25T14:55:13.649181Z	--arms unreal:gr1:oxidd	0.010000	28643328		8G	0			true		acacia-syntcomp26-coverage-3638921-652527dc562e.scope
arm-6	patrolling-alarm23.ltl	patrolling-alarm23.tlsf	60	UNKNOWN	0.04883303598035127	2	false		none	0	298	1085	3dc9fdf38b30dbc8fc85609a32ca7280ae206529	22455c945576d28d86ac98a3b512327740b12f0cc3a3a6006ad1c59dfe9c9584	otf_sparse_formula	2026-09-25T14:55:13.710210Z	--arms unreal:gr1:oxidd	0.010000	29020160		8G	0			true		acacia-syntcomp26-coverage-3638921-eff4e85ae981.scope
arm-6	patrolling-alarm24.ltl	patrolling-alarm24.tlsf	60	UNKNOWN	0.07312379300128669	2	false		none	0	297	1086	3dc9fdf38b30dbc8fc85609a32ca7280ae206529	22455c945576d28d86ac98a3b512327740b12f0cc3a3a6006ad1c59dfe9c9584	otf_sparse_formula	2026-09-25T14:55:13.796847Z	--arms unreal:gr1:oxidd	0.010000	29216768		8G	0			true		acacia-syntcomp26-coverage-3638921-840d0a709f8e.scope
arm-6	patrolling-alarm25.ltl	patrolling-alarm25.tlsf	60	UNKNOWN	0.04964694892987609	2	false		none	0	297	1087	3dc9fdf38b30dbc8fc85609a32ca7280ae206529	22455c945576d28d86ac98a3b512327740b12f0cc3a3a6006ad1c59dfe9c9584	otf_sparse_formula	2026-09-25T14:55:13.859289Z	--arms unreal:gr1:oxidd	0.010000	29396992		8G	0			true		acacia-syntcomp26-coverage-3638921-0059f9075e61.scope
arm-6	patrolling-alarm26.ltl	patrolling-alarm26.tlsf	60	UNKNOWN	0.04307682206854224	2	false		none	0	296	1088	3dc9fdf38b30dbc8fc85609a32ca7280ae206529	22455c945576d28d86ac98a3b512327740b12f0cc3a3a6006ad1c59dfe9c9584	otf_sparse_formula	2026-09-25T14:55:13.914785Z	--arms unreal:gr1:oxidd	0.020000	29724672		8G	0			true		acacia-syntcomp26-coverage-3638921-f72dbe360cfc.scope
arm-6	patrolling-alarm3.ltl	patrolling-alarm3.tlsf	60	UNKNOWN	0.03171930299140513	2	false		none	0	256	1089	3dc9fdf38b30dbc8fc85609a32ca7280ae206529	22455c945576d28d86ac98a3b512327740b12f0cc3a3a6006ad1c59dfe9c9584	otf_sparse_formula	2026-09-25T14:55:13.958431Z	--arms unreal:gr1:oxidd	0.000000	22540288		8G	0			true		acacia-syntcomp26-coverage-3638921-4ca4df49e4ba.scope
arm-6	patrolling-alarm4.ltl	patrolling-alarm4.tlsf	60	UNKNOWN	0.028397290967404842	2	false		none	0	255	1090	3dc9fdf38b30dbc8fc85609a32ca7280ae206529	22455c945576d28d86ac98a3b512327740b12f0cc3a3a6006ad1c59dfe9c9584	otf_sparse_formula	2026-09-25T14:55:14.000363Z	--arms unreal:gr1:oxidd	0.000000	22757376		8G	0			true		acacia-syntcomp26-coverage-3638921-2f7f903eed2f.scope
arm-6	patrolling-alarm5.ltl	patrolling-alarm5.tlsf	60	UNKNOWN	0.03321984002832323	2	false		none	0	255	1091	3dc9fdf38b30dbc8fc85609a32ca7280ae206529	22455c945576d28d86ac98a3b512327740b12f0cc3a3a6006ad1c59dfe9c9584	otf_sparse_formula	2026-09-25T14:55:14.046168Z	--arms unreal:gr1:oxidd	0.000000	22851584		8G	0			true		acacia-syntcomp26-coverage-3638921-85e9df884363.scope
arm-6	patrolling-alarm6.ltl	patrolling-alarm6.tlsf	60	UNKNOWN	0.023986877058632672	2	false		none	0	254	1092	3dc9fdf38b30dbc8fc85609a32ca7280ae206529	22455c945576d28d86ac98a3b512327740b12f0cc3a3a6006ad1c59dfe9c9584	otf_sparse_formula	2026-09-25T14:55:14.082149Z	--arms unreal:gr1:oxidd	0.000000	23085056		8G	0			true		acacia-syntcomp26-coverage-3638921-b4df4b6236a0.scope
arm-6	patrolling-alarm7.ltl	patrolling-alarm7.tlsf	60	UNKNOWN	0.03559821599628776	2	false		none	0	278	1093	3dc9fdf38b30dbc8fc85609a32ca7280ae206529	22455c945576d28d86ac98a3b512327740b12f0cc3a3a6006ad1c59dfe9c9584	otf_sparse_formula	2026-09-25T14:55:14.131116Z	--arms unreal:gr1:oxidd	0.000000	23916544		8G	0			true		acacia-syntcomp26-coverage-3638921-854e551f3935.scope
arm-6	patrolling-alarm8.ltl	patrolling-alarm8.tlsf	60	UNKNOWN	0.034770530997775495	2	false		none	0	277	1094	3dc9fdf38b30dbc8fc85609a32ca7280ae206529	22455c945576d28d86ac98a3b512327740b12f0cc3a3a6006ad1c59dfe9c9584	otf_sparse_formula	2026-09-25T14:55:14.179275Z	--arms unreal:gr1:oxidd	0.000000	24150016		8G	0			true		acacia-syntcomp26-coverage-3638921-750150aec2c1.scope
arm-6	patrolling-alarm9.ltl	patrolling-alarm9.tlsf	60	UNKNOWN	0.03189603902865201	2	false		none	0	277	1095	3dc9fdf38b30dbc8fc85609a32ca7280ae206529	22455c945576d28d86ac98a3b512327740b12f0cc3a3a6006ad1c59dfe9c9584	otf_sparse_formula	2026-09-25T14:55:14.223152Z	--arms unreal:gr1:oxidd	0.000000	24494080		8G	0			true		acacia-syntcomp26-coverage-3638921-9b1b711d6fc2.scope
arm-6	patrolling0.ltl	patrolling0.tlsf	60	UNKNOWN	0.026984746917150915	2	false		none	0	213	1096	3dc9fdf38b30dbc8fc85609a32ca7280ae206529	22455c945576d28d86ac98a3b512327740b12f0cc3a3a6006ad1c59dfe9c9584	otf_sparse_formula	2026-09-25T14:55:14.262030Z	--arms unreal:gr1:oxidd	0.000000	21512192		8G	0			true		acacia-syntcomp26-coverage-3638921-2a2752975a1b.scope
arm-6	patrolling1.ltl	patrolling1.tlsf	60	UNKNOWN	0.035503576043993235	2	false		none	0	234	1097	3dc9fdf38b30dbc8fc85609a32ca7280ae206529	22455c945576d28d86ac98a3b512327740b12f0cc3a3a6006ad1c59dfe9c9584	otf_sparse_formula	2026-09-25T14:55:14.312539Z	--arms unreal:gr1:oxidd	0.000000	21794816		8G	0			true		acacia-syntcomp26-coverage-3638921-7db4af9b2bd7.scope
arm-6	patrolling10.ltl	patrolling10.tlsf	60	UNKNOWN	0.05678922403603792	2	false		none	0	275	1098	3dc9fdf38b30dbc8fc85609a32ca7280ae206529	22455c945576d28d86ac98a3b512327740b12f0cc3a3a6006ad1c59dfe9c9584	otf_sparse_formula	2026-09-25T14:55:14.393905Z	--arms unreal:gr1:oxidd	0.020000	24686592		8G	0			true		acacia-syntcomp26-coverage-3638921-5de6fd428ea6.scope
arm-6	patrolling11.ltl	patrolling11.tlsf	60	UNKNOWN	0.04125745897181332	2	false		none	0	276	1099	3dc9fdf38b30dbc8fc85609a32ca7280ae206529	22455c945576d28d86ac98a3b512327740b12f0cc3a3a6006ad1c59dfe9c9584	otf_sparse_formula	2026-09-25T14:55:14.448303Z	--arms unreal:gr1:oxidd	0.000000	24981504		8G	0			true		acacia-syntcomp26-coverage-3638921-c554b714e541.scope
arm-6	patrolling12.ltl	patrolling12.tlsf	60	UNKNOWN	0.0374191909795627	2	false		none	0	275	1100	3dc9fdf38b30dbc8fc85609a32ca7280ae206529	22455c945576d28d86ac98a3b512327740b12f0cc3a3a6006ad1c59dfe9c9584	otf_sparse_formula	2026-09-25T14:55:14.498039Z	--arms unreal:gr1:oxidd	0.000000	25169920		8G	0			true		acacia-syntcomp26-coverage-3638921-c39304496495.scope
arm-6	patrolling13.ltl	patrolling13.tlsf	60	UNKNOWN	0.03222736401949078	2	false		none	0	275	1101	3dc9fdf38b30dbc8fc85609a32ca7280ae206529	22455c945576d28d86ac98a3b512327740b12f0cc3a3a6006ad1c59dfe9c9584	otf_sparse_formula	2026-09-25T14:55:14.547950Z	--arms unreal:gr1:oxidd	0.000000	25280512		8G	0			true		acacia-syntcomp26-coverage-3638921-9f16ae6c8642.scope
arm-6	patrolling14.ltl	patrolling14.tlsf	60	UNKNOWN	0.03847510798368603	2	false		none	0	274	1102	3dc9fdf38b30dbc8fc85609a32ca7280ae206529	22455c945576d28d86ac98a3b512327740b12f0cc3a3a6006ad1c59dfe9c9584	otf_sparse_formula	2026-09-25T14:55:14.598767Z	--arms unreal:gr1:oxidd	0.000000	25309184		8G	0			true		acacia-syntcomp26-coverage-3638921-2d59713cbff5.scope
arm-6	patrolling15.ltl	patrolling15.tlsf	60	UNKNOWN	0.03303678589873016	2	false		none	0	299	1103	3dc9fdf38b30dbc8fc85609a32ca7280ae206529	22455c945576d28d86ac98a3b512327740b12f0cc3a3a6006ad1c59dfe9c9584	otf_sparse_formula	2026-09-25T14:55:14.646579Z	--arms unreal:gr1:oxidd	0.010000	26877952		8G	0			true		acacia-syntcomp26-coverage-3638921-49ef2cf1c5be.scope
arm-6	patrolling16.ltl	patrolling16.tlsf	60	UNKNOWN	0.06445556995458901	2	false		none	0	298	1104	3dc9fdf38b30dbc8fc85609a32ca7280ae206529	22455c945576d28d86ac98a3b512327740b12f0cc3a3a6006ad1c59dfe9c9584	otf_sparse_formula	2026-09-25T14:55:14.723810Z	--arms unreal:gr1:oxidd	0.010000	27394048		8G	0			true		acacia-syntcomp26-coverage-3638921-4980b9b1dc18.scope
arm-6	patrolling17.ltl	patrolling17.tlsf	60	UNKNOWN	0.03689035202842206	2	false		none	0	298	1105	3dc9fdf38b30dbc8fc85609a32ca7280ae206529	22455c945576d28d86ac98a3b512327740b12f0cc3a3a6006ad1c59dfe9c9584	otf_sparse_formula	2026-09-25T14:55:14.773117Z	--arms unreal:gr1:oxidd	0.000000	27332608		8G	0			true		acacia-syntcomp26-coverage-3638921-b25c5b2d3743.scope
arm-6	patrolling18.ltl	patrolling18.tlsf	60	UNKNOWN	0.03250068798661232	2	false		none	0	297	1106	3dc9fdf38b30dbc8fc85609a32ca7280ae206529	22455c945576d28d86ac98a3b512327740b12f0cc3a3a6006ad1c59dfe9c9584	otf_sparse_formula	2026-09-25T14:55:14.823842Z	--arms unreal:gr1:oxidd	0.010000	27590656		8G	0			true		acacia-syntcomp26-coverage-3638921-156184c6799d.scope
arm-6	patrolling19.ltl	patrolling19.tlsf	60	UNKNOWN	0.0350191299803555	2	false		none	0	298	1107	3dc9fdf38b30dbc8fc85609a32ca7280ae206529	22455c945576d28d86ac98a3b512327740b12f0cc3a3a6006ad1c59dfe9c9584	otf_sparse_formula	2026-09-25T14:55:14.872834Z	--arms unreal:gr1:oxidd	0.010000	27803648		8G	0			true		acacia-syntcomp26-coverage-3638921-fa4b057796b1.scope
arm-6	patrolling2.ltl	patrolling2.tlsf	60	UNKNOWN	0.028411505045369267	2	false		none	0	233	1108	3dc9fdf38b30dbc8fc85609a32ca7280ae206529	22455c945576d28d86ac98a3b512327740b12f0cc3a3a6006ad1c59dfe9c9584	otf_sparse_formula	2026-09-25T14:55:14.913340Z	--arms unreal:gr1:oxidd	0.000000	21987328		8G	0			true		acacia-syntcomp26-coverage-3638921-74003b2b4d05.scope
arm-6	patrolling20.ltl	patrolling20.tlsf	60	UNKNOWN	0.04136736097279936	2	false		none	0	297	1109	3dc9fdf38b30dbc8fc85609a32ca7280ae206529	22455c945576d28d86ac98a3b512327740b12f0cc3a3a6006ad1c59dfe9c9584	otf_sparse_formula	2026-09-25T14:55:14.967347Z	--arms unreal:gr1:oxidd	0.010000	28172288		8G	0			true		acacia-syntcomp26-coverage-3638921-380b5ead3dcd.scope
arm-6	patrolling21.ltl	patrolling21.tlsf	60	UNKNOWN	0.03827928495593369	2	false		none	0	297	1110	3dc9fdf38b30dbc8fc85609a32ca7280ae206529	22455c945576d28d86ac98a3b512327740b12f0cc3a3a6006ad1c59dfe9c9584	otf_sparse_formula	2026-09-25T14:55:15.019218Z	--arms unreal:gr1:oxidd	0.010000	28561408		8G	0			true		acacia-syntcomp26-coverage-3638921-ce3534ee35da.scope
arm-6	patrolling22.ltl	patrolling22.tlsf	60	UNKNOWN	0.03865491098258644	2	false		none	0	296	1111	3dc9fdf38b30dbc8fc85609a32ca7280ae206529	22455c945576d28d86ac98a3b512327740b12f0cc3a3a6006ad1c59dfe9c9584	otf_sparse_formula	2026-09-25T14:55:15.070454Z	--arms unreal:gr1:oxidd	0.010000	28696576		8G	0			true		acacia-syntcomp26-coverage-3638921-9765dceb21e3.scope
arm-6	patrolling23.ltl	patrolling23.tlsf	60	UNKNOWN	0.04918501491192728	2	false		none	0	298	1112	3dc9fdf38b30dbc8fc85609a32ca7280ae206529	22455c945576d28d86ac98a3b512327740b12f0cc3a3a6006ad1c59dfe9c9584	otf_sparse_formula	2026-09-25T14:55:15.132125Z	--arms unreal:gr1:oxidd	0.010000	29036544		8G	0			true		acacia-syntcomp26-coverage-3638921-2cb8a7032c85.scope
arm-6	patrolling24.ltl	patrolling24.tlsf	60	UNKNOWN	0.04699568694923073	2	false		none	0	297	1113	3dc9fdf38b30dbc8fc85609a32ca7280ae206529	22455c945576d28d86ac98a3b512327740b12f0cc3a3a6006ad1c59dfe9c9584	otf_sparse_formula	2026-09-25T14:55:15.191759Z	--arms unreal:gr1:oxidd	0.010000	29278208		8G	0			true		acacia-syntcomp26-coverage-3638921-990a41da9571.scope
arm-6	patrolling25.ltl	patrolling25.tlsf	60	UNKNOWN	0.04564727598335594	2	false		none	0	297	1114	3dc9fdf38b30dbc8fc85609a32ca7280ae206529	22455c945576d28d86ac98a3b512327740b12f0cc3a3a6006ad1c59dfe9c9584	otf_sparse_formula	2026-09-25T14:55:15.251775Z	--arms unreal:gr1:oxidd	0.010000	29368320		8G	0			true		acacia-syntcomp26-coverage-3638921-1106957f3abc.scope
arm-6	patrolling3.ltl	patrolling3.tlsf	60	UNKNOWN	0.028434993932023644	2	false		none	0	255	1115	3dc9fdf38b30dbc8fc85609a32ca7280ae206529	22455c945576d28d86ac98a3b512327740b12f0cc3a3a6006ad1c59dfe9c9584	otf_sparse_formula	2026-09-25T14:55:15.292250Z	--arms unreal:gr1:oxidd	0.000000	22413312		8G	0			true		acacia-syntcomp26-coverage-3638921-63994de82ccb.scope
arm-6	patrolling4.ltl	patrolling4.tlsf	60	UNKNOWN	0.030929022002965212	2	false		none	0	254	1116	3dc9fdf38b30dbc8fc85609a32ca7280ae206529	22455c945576d28d86ac98a3b512327740b12f0cc3a3a6006ad1c59dfe9c9584	otf_sparse_formula	2026-09-25T14:55:15.335281Z	--arms unreal:gr1:oxidd	0.000000	22728704		8G	0			true		acacia-syntcomp26-coverage-3638921-7fe58404d9ab.scope
arm-6	patrolling5.ltl	patrolling5.tlsf	60	UNKNOWN	0.032688591978512704	2	false		none	0	254	1117	3dc9fdf38b30dbc8fc85609a32ca7280ae206529	22455c945576d28d86ac98a3b512327740b12f0cc3a3a6006ad1c59dfe9c9584	otf_sparse_formula	2026-09-25T14:55:15.381518Z	--arms unreal:gr1:oxidd	0.000000	22933504		8G	0			true		acacia-syntcomp26-coverage-3638921-e67723cf66b4.scope
arm-6	patrolling6.ltl	patrolling6.tlsf	60	UNKNOWN	0.021829765057191253	2	false		none	0	253	1118	3dc9fdf38b30dbc8fc85609a32ca7280ae206529	22455c945576d28d86ac98a3b512327740b12f0cc3a3a6006ad1c59dfe9c9584	otf_sparse_formula	2026-09-25T14:55:15.415684Z	--arms unreal:gr1:oxidd	0.000000	23089152		8G	0			true		acacia-syntcomp26-coverage-3638921-e80b82a4ca39.scope
arm-6	patrolling7.ltl	patrolling7.tlsf	60	UNKNOWN	0.03489623800851405	2	false		none	0	277	1119	3dc9fdf38b30dbc8fc85609a32ca7280ae206529	22455c945576d28d86ac98a3b512327740b12f0cc3a3a6006ad1c59dfe9c9584	otf_sparse_formula	2026-09-25T14:55:15.462362Z	--arms unreal:gr1:oxidd	0.000000	23969792		8G	0			true		acacia-syntcomp26-coverage-3638921-88ec36c89fe4.scope
arm-6	patrolling8.ltl	patrolling8.tlsf	60	UNKNOWN	0.03815743897575885	2	false		none	0	276	1120	3dc9fdf38b30dbc8fc85609a32ca7280ae206529	22455c945576d28d86ac98a3b512327740b12f0cc3a3a6006ad1c59dfe9c9584	otf_sparse_formula	2026-09-25T14:55:15.512916Z	--arms unreal:gr1:oxidd	0.000000	24117248		8G	0			true		acacia-syntcomp26-coverage-3638921-b78665d490e5.scope
arm-6	patrolling9.ltl	patrolling9.tlsf	60	UNKNOWN	0.03947746497578919	2	false		none	0	276	1121	3dc9fdf38b30dbc8fc85609a32ca7280ae206529	22455c945576d28d86ac98a3b512327740b12f0cc3a3a6006ad1c59dfe9c9584	otf_sparse_formula	2026-09-25T14:55:15.566122Z	--arms unreal:gr1:oxidd	0.000000	24477696		8G	0			true		acacia-syntcomp26-coverage-3638921-2e8c859d396a.scope
arm-6	precise-reachability-real.ltl	precise-reachability-real.tlsf	60	UNKNOWN	0.02670237806160003	2	false		none	0	191	1122	3dc9fdf38b30dbc8fc85609a32ca7280ae206529	22455c945576d28d86ac98a3b512327740b12f0cc3a3a6006ad1c59dfe9c9584	otf_sparse_formula	2026-09-25T14:55:15.604744Z	--arms unreal:gr1:oxidd	0.000000	21172224		8G	0			true		acacia-syntcomp26-coverage-3638921-314e1a69cadc.scope
arm-6	precise-reachability0.ltl	precise-reachability0.tlsf	60	UNKNOWN	0.025168852997012436	2	false		none	0	191	1123	3dc9fdf38b30dbc8fc85609a32ca7280ae206529	22455c945576d28d86ac98a3b512327740b12f0cc3a3a6006ad1c59dfe9c9584	otf_sparse_formula	2026-09-25T14:55:15.642572Z	--arms unreal:gr1:oxidd	0.000000	21102592		8G	0			true		acacia-syntcomp26-coverage-3638921-d98de0c023c7.scope
arm-6	prioritized_arbiter_enc_pb_10_pe_.ltl	prioritized_arbiter_enc_pb_10_pe_.tlsf	60	UNKNOWN	2.924237987957895	2	false		status	0	129	1124	3dc9fdf38b30dbc8fc85609a32ca7280ae206529	22455c945576d28d86ac98a3b512327740b12f0cc3a3a6006ad1c59dfe9c9584	otf_sparse_formula	2026-09-25T14:55:18.587059Z	--arms unreal:gr1:oxidd	2.890000	203759616		8G	0			true		acacia-syntcomp26-coverage-3638921-8b6e075e3fe1.scope
arm-6	prioritized_arbiter_enc_pb_12_pe_.ltl	prioritized_arbiter_enc_pb_12_pe_.tlsf	60	UNKNOWN	16.168182172928937	2	false		status	0	107	1125	3dc9fdf38b30dbc8fc85609a32ca7280ae206529	22455c945576d28d86ac98a3b512327740b12f0cc3a3a6006ad1c59dfe9c9584	otf_sparse_formula	2026-09-25T14:55:34.768849Z	--arms unreal:gr1:oxidd	16.300000	277377024		8G	0			true		acacia-syntcomp26-coverage-3638921-35b147d0390a.scope
arm-6	prioritized_arbiter_enc_pb_13_pe_.ltl	prioritized_arbiter_enc_pb_13_pe_.tlsf	60	UNKNOWN	27.81761358398944	2	false		none	0	107	1126	3dc9fdf38b30dbc8fc85609a32ca7280ae206529	22455c945576d28d86ac98a3b512327740b12f0cc3a3a6006ad1c59dfe9c9584	otf_sparse_formula	2026-09-25T14:56:02.600270Z	--arms unreal:gr1:oxidd	28.220000	353525760		8G	0			true		acacia-syntcomp26-coverage-3638921-10491218e68d.scope
arm-6	prioritized_arbiter_enc_pb_14_pe_.ltl	prioritized_arbiter_enc_pb_14_pe_.tlsf	60	UNKNOWN	5.003094778978266	2	false		none	0	106	1127	3dc9fdf38b30dbc8fc85609a32ca7280ae206529	22455c945576d28d86ac98a3b512327740b12f0cc3a3a6006ad1c59dfe9c9584	otf_sparse_formula	2026-09-25T14:56:07.621942Z	--arms unreal:gr1:oxidd	5.070000	192942080		8G	0			true		acacia-syntcomp26-coverage-3638921-3318a0f0b009.scope
arm-6	prioritized_arbiter_enc_pb_15_pe_.ltl	prioritized_arbiter_enc_pb_15_pe_.tlsf	60	UNKNOWN	3.45693174994085	2	false		none	0	106	1128	3dc9fdf38b30dbc8fc85609a32ca7280ae206529	22455c945576d28d86ac98a3b512327740b12f0cc3a3a6006ad1c59dfe9c9584	otf_sparse_formula	2026-09-25T14:56:11.093871Z	--arms unreal:gr1:oxidd	3.500000	189112320		8G	0			true		acacia-syntcomp26-coverage-3638921-9e720d808b08.scope
arm-6	prioritized_arbiter_enc_pb_8_pe_.ltl	prioritized_arbiter_enc_pb_8_pe_.tlsf	60	UNKNOWN	0.15348093397915363	2	false		status	0	128	1129	3dc9fdf38b30dbc8fc85609a32ca7280ae206529	22455c945576d28d86ac98a3b512327740b12f0cc3a3a6006ad1c59dfe9c9584	otf_sparse_formula	2026-09-25T14:56:11.260836Z	--arms unreal:gr1:oxidd	0.110000	57524224		8G	0			true		acacia-syntcomp26-coverage-3638921-71daf91b4d91.scope
arm-6	prioritized_arbiter_pb_10_pe_.ltl	prioritized_arbiter_pb_10_pe_.tlsf	60	UNKNOWN	0.12942920892965049	2	false		none	0	128	1130	3dc9fdf38b30dbc8fc85609a32ca7280ae206529	22455c945576d28d86ac98a3b512327740b12f0cc3a3a6006ad1c59dfe9c9584	otf_sparse_formula	2026-09-25T14:56:11.404116Z	--arms unreal:gr1:oxidd	0.090000	52019200		8G	0			true		acacia-syntcomp26-coverage-3638921-3a01261115e5.scope
arm-6	prioritized_arbiter_pb_12_pe_.ltl	prioritized_arbiter_pb_12_pe_.tlsf	60	UNKNOWN	0.27384664106648415	2	false		none	0	128	1131	3dc9fdf38b30dbc8fc85609a32ca7280ae206529	22455c945576d28d86ac98a3b512327740b12f0cc3a3a6006ad1c59dfe9c9584	otf_sparse_formula	2026-09-25T14:56:11.692820Z	--arms unreal:gr1:oxidd	0.250000	81547264		8G	0			true		acacia-syntcomp26-coverage-3638921-e590868bc5d5.scope
arm-6	prioritized_arbiter_pb_1_pe_.ltl	prioritized_arbiter_pb_1_pe_.tlsf	60	UNKNOWN	0.02949016902130097	2	false		status	0	128	1132	3dc9fdf38b30dbc8fc85609a32ca7280ae206529	22455c945576d28d86ac98a3b512327740b12f0cc3a3a6006ad1c59dfe9c9584	otf_sparse_formula	2026-09-25T14:56:11.735863Z	--arms unreal:gr1:oxidd	0.000000	43040768		8G	0			true		acacia-syntcomp26-coverage-3638921-10a612eefbc0.scope
arm-6	prioritized_arbiter_pb_2_pe_.ltl	prioritized_arbiter_pb_2_pe_.tlsf	60	UNKNOWN	0.05472156102769077	2	false		status	0	128	1133	3dc9fdf38b30dbc8fc85609a32ca7280ae206529	22455c945576d28d86ac98a3b512327740b12f0cc3a3a6006ad1c59dfe9c9584	otf_sparse_formula	2026-09-25T14:56:11.803252Z	--arms unreal:gr1:oxidd	0.000000	45367296		8G	0			true		acacia-syntcomp26-coverage-3638921-73152d553a02.scope
arm-6	prioritized_arbiter_pb_3_pe_.ltl	prioritized_arbiter_pb_3_pe_.tlsf	60	UNKNOWN	0.0395629609702155	2	false		status	0	128	1134	3dc9fdf38b30dbc8fc85609a32ca7280ae206529	22455c945576d28d86ac98a3b512327740b12f0cc3a3a6006ad1c59dfe9c9584	otf_sparse_formula	2026-09-25T14:56:11.857847Z	--arms unreal:gr1:oxidd	0.000000	45527040		8G	0			true		acacia-syntcomp26-coverage-3638921-6a4585c23359.scope
arm-6	prioritized_arbiter_pb_4_pe_.ltl	prioritized_arbiter_pb_4_pe_.tlsf	60	UNKNOWN	0.03402161400299519	2	false		status	0	128	1135	3dc9fdf38b30dbc8fc85609a32ca7280ae206529	22455c945576d28d86ac98a3b512327740b12f0cc3a3a6006ad1c59dfe9c9584	otf_sparse_formula	2026-09-25T14:56:11.910618Z	--arms unreal:gr1:oxidd	0.000000	45428736		8G	0			true		acacia-syntcomp26-coverage-3638921-c219b31e23f9.scope
arm-6	prioritized_arbiter_pb_5_pe_.ltl	prioritized_arbiter_pb_5_pe_.tlsf	60	UNKNOWN	0.0434228980448097	2	false		status	0	128	1136	3dc9fdf38b30dbc8fc85609a32ca7280ae206529	22455c945576d28d86ac98a3b512327740b12f0cc3a3a6006ad1c59dfe9c9584	otf_sparse_formula	2026-09-25T14:56:11.967275Z	--arms unreal:gr1:oxidd	0.010000	45604864		8G	0			true		acacia-syntcomp26-coverage-3638921-c8e550e3c9d3.scope
arm-6	prioritized_arbiter_pb_6_pe_.ltl	prioritized_arbiter_pb_6_pe_.tlsf	60	UNKNOWN	0.048807900049723685	2	false		status	0	128	1137	3dc9fdf38b30dbc8fc85609a32ca7280ae206529	22455c945576d28d86ac98a3b512327740b12f0cc3a3a6006ad1c59dfe9c9584	otf_sparse_formula	2026-09-25T14:56:12.029290Z	--arms unreal:gr1:oxidd	0.020000	45740032		8G	0			true		acacia-syntcomp26-coverage-3638921-dd28c2669acb.scope
arm-6	prioritized_arbiter_pb_7_pe_.ltl	prioritized_arbiter_pb_7_pe_.tlsf	60	UNKNOWN	0.048154328018426895	2	false		status	0	128	1138	3dc9fdf38b30dbc8fc85609a32ca7280ae206529	22455c945576d28d86ac98a3b512327740b12f0cc3a3a6006ad1c59dfe9c9584	otf_sparse_formula	2026-09-25T14:56:12.089875Z	--arms unreal:gr1:oxidd	0.010000	47869952		8G	0			true		acacia-syntcomp26-coverage-3638921-841a6190df43.scope
arm-6	prioritized_arbiter_pb_8_pe_.ltl	prioritized_arbiter_pb_8_pe_.tlsf	60	UNKNOWN	0.056488155969418585	2	false		status	0	128	1139	3dc9fdf38b30dbc8fc85609a32ca7280ae206529	22455c945576d28d86ac98a3b512327740b12f0cc3a3a6006ad1c59dfe9c9584	otf_sparse_formula	2026-09-25T14:56:12.159223Z	--arms unreal:gr1:oxidd	0.020000	48173056		8G	0			true		acacia-syntcomp26-coverage-3638921-c7c0876c26af.scope
arm-6	prioritized_arbiter_pb_9_pe_.ltl	prioritized_arbiter_pb_9_pe_.tlsf	60	UNKNOWN	0.0711328350007534	2	false		none	0	128	1140	3dc9fdf38b30dbc8fc85609a32ca7280ae206529	22455c945576d28d86ac98a3b512327740b12f0cc3a3a6006ad1c59dfe9c9584	otf_sparse_formula	2026-09-25T14:56:12.243647Z	--arms unreal:gr1:oxidd	0.050000	49291264		8G	0			true		acacia-syntcomp26-coverage-3638921-0f7ddbbe0597.scope
arm-6	prioritized_arbiter_unreal1_pb_2_10_pe_.ltl	prioritized_arbiter_unreal1_pb_2_10_pe_.tlsf	60	UNREALIZABLE	3.1250110309338197	1	false		status	13	31	1141	3dc9fdf38b30dbc8fc85609a32ca7280ae206529	22455c945576d28d86ac98a3b512327740b12f0cc3a3a6006ad1c59dfe9c9584	otf_sparse_formula	2026-09-25T14:56:15.383084Z	--arms unreal:gr1:oxidd	3.090000	242114560		8G	0			true		acacia-syntcomp26-coverage-3638921-9433be766611.scope
arm-6	prioritized_arbiter_unreal1_pb_2_11_pe_.ltl	prioritized_arbiter_unreal1_pb_2_11_pe_.tlsf	60	UNREALIZABLE	19.79492956690956	1	false		status	13	32	1142	3dc9fdf38b30dbc8fc85609a32ca7280ae206529	22455c945576d28d86ac98a3b512327740b12f0cc3a3a6006ad1c59dfe9c9584	otf_sparse_formula	2026-09-25T14:56:35.193064Z	--arms unreal:gr1:oxidd	20.670000	890089472		8G	0			true		acacia-syntcomp26-coverage-3638921-245273aecc31.scope
arm-6	prioritized_arbiter_unreal1_pb_2_12_pe_.ltl	prioritized_arbiter_unreal1_pb_2_12_pe_.tlsf	60	TIMEOUT	60.175472242059186	124	true	timeout	status	0	8	1143	3dc9fdf38b30dbc8fc85609a32ca7280ae206529	22455c945576d28d86ac98a3b512327740b12f0cc3a3a6006ad1c59dfe9c9584	otf_sparse_formula	2026-09-25T14:57:35.381349Z	--arms unreal:gr1:oxidd				8G	0			true		acacia-syntcomp26-coverage-3638921-f43b588f6e94.scope
arm-6	prioritized_arbiter_unreal1_pb_2_13_pe_.ltl	prioritized_arbiter_unreal1_pb_2_13_pe_.tlsf	60	TIMEOUT	60.32893568801228	124	true	timeout	status	0	8	1144	3dc9fdf38b30dbc8fc85609a32ca7280ae206529	22455c945576d28d86ac98a3b512327740b12f0cc3a3a6006ad1c59dfe9c9584	otf_sparse_formula	2026-09-25T14:58:35.723064Z	--arms unreal:gr1:oxidd				8G	0			true		acacia-syntcomp26-coverage-3638921-2f7557f3041f.scope
arm-6	prioritized_arbiter_unreal1_pb_2_14_pe_.ltl	prioritized_arbiter_unreal1_pb_2_14_pe_.tlsf	60	TIMEOUT	60.32899553398602	124	true	timeout	status	0	8	1145	3dc9fdf38b30dbc8fc85609a32ca7280ae206529	22455c945576d28d86ac98a3b512327740b12f0cc3a3a6006ad1c59dfe9c9584	otf_sparse_formula	2026-09-25T14:59:36.063833Z	--arms unreal:gr1:oxidd				8G	0			true		acacia-syntcomp26-coverage-3638921-de69c9d537a9.scope
arm-6	prioritized_arbiter_unreal1_pb_2_15_pe_.ltl	prioritized_arbiter_unreal1_pb_2_15_pe_.tlsf	60	TIMEOUT	60.28709779190831	124	true	timeout	status	0	8	1146	3dc9fdf38b30dbc8fc85609a32ca7280ae206529	22455c945576d28d86ac98a3b512327740b12f0cc3a3a6006ad1c59dfe9c9584	otf_sparse_formula	2026-09-25T15:00:36.364253Z	--arms unreal:gr1:oxidd				8G	0			true		acacia-syntcomp26-coverage-3638921-47e0cb47278a.scope
arm-6	prioritized_arbiter_unreal1_pb_2_16_pe_.ltl	prioritized_arbiter_unreal1_pb_2_16_pe_.tlsf	60	TIMEOUT	60.28717315499671	124	true	timeout	status	0	8	1147	3dc9fdf38b30dbc8fc85609a32ca7280ae206529	22455c945576d28d86ac98a3b512327740b12f0cc3a3a6006ad1c59dfe9c9584	otf_sparse_formula	2026-09-25T15:01:36.690612Z	--arms unreal:gr1:oxidd				8G	0			true		acacia-syntcomp26-coverage-3638921-2ddfa5fc28fd.scope
arm-6	prioritized_arbiter_unreal1_pb_2_1_pe_.ltl	prioritized_arbiter_unreal1_pb_2_1_pe_.tlsf	60	UNREALIZABLE	0.0767865659436211	1	false		status	13	30	1148	3dc9fdf38b30dbc8fc85609a32ca7280ae206529	22455c945576d28d86ac98a3b512327740b12f0cc3a3a6006ad1c59dfe9c9584	otf_sparse_formula	2026-09-25T15:01:36.782070Z	--arms unreal:gr1:oxidd	0.040000	45367296		8G	0			true		acacia-syntcomp26-coverage-3638921-ff9cf3a5a9d6.scope
arm-6	prioritized_arbiter_unreal1_pb_2_2_pe_.ltl	prioritized_arbiter_unreal1_pb_2_2_pe_.tlsf	60	UNREALIZABLE	0.033114799996837974	1	false		status	13	30	1149	3dc9fdf38b30dbc8fc85609a32ca7280ae206529	22455c945576d28d86ac98a3b512327740b12f0cc3a3a6006ad1c59dfe9c9584	otf_sparse_formula	2026-09-25T15:01:36.828266Z	--arms unreal:gr1:oxidd	0.020000	45510656		8G	0			true		acacia-syntcomp26-coverage-3638921-b355198587c7.scope
arm-6	prioritized_arbiter_unreal1_pb_2_3_pe_.ltl	prioritized_arbiter_unreal1_pb_2_3_pe_.tlsf	60	UNREALIZABLE	0.03568497602827847	1	false		status	13	30	1150	3dc9fdf38b30dbc8fc85609a32ca7280ae206529	22455c945576d28d86ac98a3b512327740b12f0cc3a3a6006ad1c59dfe9c9584	otf_sparse_formula	2026-09-25T15:01:36.877592Z	--arms unreal:gr1:oxidd	0.010000	45404160		8G	0			true		acacia-syntcomp26-coverage-3638921-df42dc0ab304.scope
arm-6	prioritized_arbiter_unreal1_pb_2_4_pe_.ltl	prioritized_arbiter_unreal1_pb_2_4_pe_.tlsf	60	UNREALIZABLE	0.03627191006671637	1	false		status	13	30	1151	3dc9fdf38b30dbc8fc85609a32ca7280ae206529	22455c945576d28d86ac98a3b512327740b12f0cc3a3a6006ad1c59dfe9c9584	otf_sparse_formula	2026-09-25T15:01:36.926837Z	--arms unreal:gr1:oxidd	0.010000	45678592		8G	0			true		acacia-syntcomp26-coverage-3638921-59cf6cd41a9e.scope
arm-6	prioritized_arbiter_unreal1_pb_2_5_pe_.ltl	prioritized_arbiter_unreal1_pb_2_5_pe_.tlsf	60	UNREALIZABLE	0.04257669602520764	1	false		status	13	30	1152	3dc9fdf38b30dbc8fc85609a32ca7280ae206529	22455c945576d28d86ac98a3b512327740b12f0cc3a3a6006ad1c59dfe9c9584	otf_sparse_formula	2026-09-25T15:01:36.985882Z	--arms unreal:gr1:oxidd	0.010000	46178304		8G	0			true		acacia-syntcomp26-coverage-3638921-cfce6587d879.scope
arm-6	prioritized_arbiter_unreal1_pb_2_6_pe_.ltl	prioritized_arbiter_unreal1_pb_2_6_pe_.tlsf	60	UNREALIZABLE	0.07492767192889005	1	false		status	13	30	1153	3dc9fdf38b30dbc8fc85609a32ca7280ae206529	22455c945576d28d86ac98a3b512327740b12f0cc3a3a6006ad1c59dfe9c9584	otf_sparse_formula	2026-09-25T15:01:37.074750Z	--arms unreal:gr1:oxidd	0.040000	47337472		8G	0			true		acacia-syntcomp26-coverage-3638921-f478e5190384.scope
arm-6	prioritized_arbiter_unreal1_pb_2_7_pe_.ltl	prioritized_arbiter_unreal1_pb_2_7_pe_.tlsf	60	UNREALIZABLE	0.10633045807480812	1	false		status	13	30	1154	3dc9fdf38b30dbc8fc85609a32ca7280ae206529	22455c945576d28d86ac98a3b512327740b12f0cc3a3a6006ad1c59dfe9c9584	otf_sparse_formula	2026-09-25T15:01:37.194246Z	--arms unreal:gr1:oxidd	0.070000	48353280		8G	0			true		acacia-syntcomp26-coverage-3638921-d382d777b95e.scope
arm-6	prioritized_arbiter_unreal1_pb_2_8_pe_.ltl	prioritized_arbiter_unreal1_pb_2_8_pe_.tlsf	60	UNREALIZABLE	0.20655048300977796	1	false		status	13	30	1155	3dc9fdf38b30dbc8fc85609a32ca7280ae206529	22455c945576d28d86ac98a3b512327740b12f0cc3a3a6006ad1c59dfe9c9584	otf_sparse_formula	2026-09-25T15:01:37.413808Z	--arms unreal:gr1:oxidd	0.180000	56856576		8G	0			true		acacia-syntcomp26-coverage-3638921-65e88b3c1351.scope
arm-6	prioritized_arbiter_unreal1_pb_2_9_pe_.ltl	prioritized_arbiter_unreal1_pb_2_9_pe_.tlsf	60	UNREALIZABLE	0.6038533620303497	1	false		status	13	30	1156	3dc9fdf38b30dbc8fc85609a32ca7280ae206529	22455c945576d28d86ac98a3b512327740b12f0cc3a3a6006ad1c59dfe9c9584	otf_sparse_formula	2026-09-25T15:01:38.034526Z	--arms unreal:gr1:oxidd	0.580000	75223040		8G	0			true		acacia-syntcomp26-coverage-3638921-c1469e7430f9.scope
arm-6	prioritized_arbiter_unreal1_pb_3_10_pe_.ltl	prioritized_arbiter_unreal1_pb_3_10_pe_.tlsf	60	UNREALIZABLE	30.544551693019457	1	false		status	13	32	1157	3dc9fdf38b30dbc8fc85609a32ca7280ae206529	22455c945576d28d86ac98a3b512327740b12f0cc3a3a6006ad1c59dfe9c9584	otf_sparse_formula	2026-09-25T15:02:08.591997Z	--arms unreal:gr1:oxidd	33.370000	301203456		8G	0			true		acacia-syntcomp26-coverage-3638921-7ae5bdf60ee1.scope
arm-6	prioritized_arbiter_unreal1_pb_3_11_pe_.ltl	prioritized_arbiter_unreal1_pb_3_11_pe_.tlsf	60	TIMEOUT	60.09671937604435	124	true	timeout	status	0	8	1158	3dc9fdf38b30dbc8fc85609a32ca7280ae206529	22455c945576d28d86ac98a3b512327740b12f0cc3a3a6006ad1c59dfe9c9584	otf_sparse_formula	2026-09-25T15:03:08.701297Z	--arms unreal:gr1:oxidd				8G	0			true		acacia-syntcomp26-coverage-3638921-4a8ac2ca86da.scope
arm-6	prioritized_arbiter_unreal1_pb_3_12_pe_.ltl	prioritized_arbiter_unreal1_pb_3_12_pe_.tlsf	60	TIMEOUT	60.186146696913056	124	true	timeout	status	0	8	1159	3dc9fdf38b30dbc8fc85609a32ca7280ae206529	22455c945576d28d86ac98a3b512327740b12f0cc3a3a6006ad1c59dfe9c9584	otf_sparse_formula	2026-09-25T15:04:08.919214Z	--arms unreal:gr1:oxidd				8G	0			true		acacia-syntcomp26-coverage-3638921-6f789829faab.scope
arm-6	prioritized_arbiter_unreal1_pb_3_13_pe_.ltl	prioritized_arbiter_unreal1_pb_3_13_pe_.tlsf	60	TIMEOUT	60.2832620809786	124	true	timeout	status	0	8	1160	3dc9fdf38b30dbc8fc85609a32ca7280ae206529	22455c945576d28d86ac98a3b512327740b12f0cc3a3a6006ad1c59dfe9c9584	otf_sparse_formula	2026-09-25T15:05:09.224607Z	--arms unreal:gr1:oxidd				8G	0			true		acacia-syntcomp26-coverage-3638921-12d5d9b40540.scope
arm-6	prioritized_arbiter_unreal1_pb_3_14_pe_.ltl	prioritized_arbiter_unreal1_pb_3_14_pe_.tlsf	60	TIMEOUT	60.28361154999584	124	true	timeout	status	0	8	1161	3dc9fdf38b30dbc8fc85609a32ca7280ae206529	22455c945576d28d86ac98a3b512327740b12f0cc3a3a6006ad1c59dfe9c9584	otf_sparse_formula	2026-09-25T15:06:09.549752Z	--arms unreal:gr1:oxidd				8G	0			true		acacia-syntcomp26-coverage-3638921-53152fed6285.scope
arm-6	prioritized_arbiter_unreal1_pb_3_15_pe_.ltl	prioritized_arbiter_unreal1_pb_3_15_pe_.tlsf	60	TIMEOUT	60.27937575604301	124	true	timeout	status	0	8	1162	3dc9fdf38b30dbc8fc85609a32ca7280ae206529	22455c945576d28d86ac98a3b512327740b12f0cc3a3a6006ad1c59dfe9c9584	otf_sparse_formula	2026-09-25T15:07:09.842437Z	--arms unreal:gr1:oxidd				8G	0			true		acacia-syntcomp26-coverage-3638921-cf23b048ef99.scope
arm-6	prioritized_arbiter_unreal1_pb_3_16_pe_.ltl	prioritized_arbiter_unreal1_pb_3_16_pe_.tlsf	60	TIMEOUT	60.261180402943864	124	true	timeout	status	0	8	1163	3dc9fdf38b30dbc8fc85609a32ca7280ae206529	22455c945576d28d86ac98a3b512327740b12f0cc3a3a6006ad1c59dfe9c9584	otf_sparse_formula	2026-09-25T15:08:10.117550Z	--arms unreal:gr1:oxidd				8G	0			true		acacia-syntcomp26-coverage-3638921-afdeac048a63.scope
arm-6	prioritized_arbiter_unreal1_pb_3_1_pe_.ltl	prioritized_arbiter_unreal1_pb_3_1_pe_.tlsf	60	UNREALIZABLE	0.04499079193919897	1	false		status	13	30	1164	3dc9fdf38b30dbc8fc85609a32ca7280ae206529	22455c945576d28d86ac98a3b512327740b12f0cc3a3a6006ad1c59dfe9c9584	otf_sparse_formula	2026-09-25T15:08:10.176326Z	--arms unreal:gr1:oxidd	0.010000	45563904		8G	0			true		acacia-syntcomp26-coverage-3638921-e26992caf58a.scope
arm-6	prioritized_arbiter_unreal1_pb_3_2_pe_.ltl	prioritized_arbiter_unreal1_pb_3_2_pe_.tlsf	60	UNREALIZABLE	0.049828192917630076	1	false		status	13	30	1165	3dc9fdf38b30dbc8fc85609a32ca7280ae206529	22455c945576d28d86ac98a3b512327740b12f0cc3a3a6006ad1c59dfe9c9584	otf_sparse_formula	2026-09-25T15:08:10.239543Z	--arms unreal:gr1:oxidd	0.010000	45461504		8G	0			true		acacia-syntcomp26-coverage-3638921-7ca2f05f7752.scope
arm-6	prioritized_arbiter_unreal1_pb_3_3_pe_.ltl	prioritized_arbiter_unreal1_pb_3_3_pe_.tlsf	60	UNREALIZABLE	0.04995269305072725	1	false		status	13	30	1166	3dc9fdf38b30dbc8fc85609a32ca7280ae206529	22455c945576d28d86ac98a3b512327740b12f0cc3a3a6006ad1c59dfe9c9584	otf_sparse_formula	2026-09-25T15:08:10.303674Z	--arms unreal:gr1:oxidd	0.020000	45559808		8G	0			true		acacia-syntcomp26-coverage-3638921-faddcc3f2e20.scope
arm-6	prioritized_arbiter_unreal1_pb_3_4_pe_.ltl	prioritized_arbiter_unreal1_pb_3_4_pe_.tlsf	60	UNREALIZABLE	0.056877349968999624	1	false		status	13	30	1167	3dc9fdf38b30dbc8fc85609a32ca7280ae206529	22455c945576d28d86ac98a3b512327740b12f0cc3a3a6006ad1c59dfe9c9584	otf_sparse_formula	2026-09-25T15:08:10.373784Z	--arms unreal:gr1:oxidd	0.030000	45895680		8G	0			true		acacia-syntcomp26-coverage-3638921-c6ad09d3fd2d.scope
arm-6	prioritized_arbiter_unreal1_pb_3_5_pe_.ltl	prioritized_arbiter_unreal1_pb_3_5_pe_.tlsf	60	UNREALIZABLE	0.07272222393658012	1	false		status	13	30	1168	3dc9fdf38b30dbc8fc85609a32ca7280ae206529	22455c945576d28d86ac98a3b512327740b12f0cc3a3a6006ad1c59dfe9c9584	otf_sparse_formula	2026-09-25T15:08:10.459736Z	--arms unreal:gr1:oxidd	0.050000	46366720		8G	0			true		acacia-syntcomp26-coverage-3638921-792b83afdb13.scope
arm-6	prioritized_arbiter_unreal1_pb_3_6_pe_.ltl	prioritized_arbiter_unreal1_pb_3_6_pe_.tlsf	60	UNREALIZABLE	0.14271474606357515	1	false		status	13	30	1169	3dc9fdf38b30dbc8fc85609a32ca7280ae206529	22455c945576d28d86ac98a3b512327740b12f0cc3a3a6006ad1c59dfe9c9584	otf_sparse_formula	2026-09-25T15:08:10.615223Z	--arms unreal:gr1:oxidd	0.110000	48750592		8G	0			true		acacia-syntcomp26-coverage-3638921-9fc3926360a4.scope
arm-6	prioritized_arbiter_unreal1_pb_3_7_pe_.ltl	prioritized_arbiter_unreal1_pb_3_7_pe_.tlsf	60	UNREALIZABLE	0.30509646399877965	1	false		status	13	30	1170	3dc9fdf38b30dbc8fc85609a32ca7280ae206529	22455c945576d28d86ac98a3b512327740b12f0cc3a3a6006ad1c59dfe9c9584	otf_sparse_formula	2026-09-25T15:08:10.934701Z	--arms unreal:gr1:oxidd	0.280000	58081280		8G	0			true		acacia-syntcomp26-coverage-3638921-fa459793cb34.scope
arm-6	prioritized_arbiter_unreal1_pb_3_8_pe_.ltl	prioritized_arbiter_unreal1_pb_3_8_pe_.tlsf	60	UNREALIZABLE	0.919392540003173	1	false		status	13	30	1171	3dc9fdf38b30dbc8fc85609a32ca7280ae206529	22455c945576d28d86ac98a3b512327740b12f0cc3a3a6006ad1c59dfe9c9584	otf_sparse_formula	2026-09-25T15:08:11.867904Z	--arms unreal:gr1:oxidd	0.890000	90443776		8G	0			true		acacia-syntcomp26-coverage-3638921-ca60d2c06516.scope
arm-6	prioritized_arbiter_unreal1_pb_3_9_pe_.ltl	prioritized_arbiter_unreal1_pb_3_9_pe_.tlsf	60	UNREALIZABLE	4.240416405024007	1	false		status	13	31	1172	3dc9fdf38b30dbc8fc85609a32ca7280ae206529	22455c945576d28d86ac98a3b512327740b12f0cc3a3a6006ad1c59dfe9c9584	otf_sparse_formula	2026-09-25T15:08:16.121826Z	--arms unreal:gr1:oxidd	4.300000	177729536		8G	0			true		acacia-syntcomp26-coverage-3638921-5f9867a4e019.scope
arm-6	prioritized_arbiter_unreal1_pb_4_10_pe_.ltl	prioritized_arbiter_unreal1_pb_4_10_pe_.tlsf	60	TIMEOUT	60.09638540900778	124	true	timeout	status	0	8	1173	3dc9fdf38b30dbc8fc85609a32ca7280ae206529	22455c945576d28d86ac98a3b512327740b12f0cc3a3a6006ad1c59dfe9c9584	otf_sparse_formula	2026-09-25T15:09:16.231517Z	--arms unreal:gr1:oxidd				8G	0			true		acacia-syntcomp26-coverage-3638921-22c46570a29e.scope
arm-6	prioritized_arbiter_unreal1_pb_4_11_pe_.ltl	prioritized_arbiter_unreal1_pb_4_11_pe_.tlsf	60	UNKNOWN	47.77357454795856	2	false		status	0	141	1174	3dc9fdf38b30dbc8fc85609a32ca7280ae206529	22455c945576d28d86ac98a3b512327740b12f0cc3a3a6006ad1c59dfe9c9584	otf_sparse_formula	2026-09-25T15:10:04.020075Z	--arms unreal:gr1:oxidd	47.670000	1002156032		8G	0			true		acacia-syntcomp26-coverage-3638921-b02ef85fb420.scope
arm-6	prioritized_arbiter_unreal1_pb_4_12_pe_.ltl	prioritized_arbiter_unreal1_pb_4_12_pe_.tlsf	60	TIMEOUT	60.18411156500224	124	true	timeout	status	0	8	1175	3dc9fdf38b30dbc8fc85609a32ca7280ae206529	22455c945576d28d86ac98a3b512327740b12f0cc3a3a6006ad1c59dfe9c9584	otf_sparse_formula	2026-09-25T15:11:04.215747Z	--arms unreal:gr1:oxidd				8G	0			true		acacia-syntcomp26-coverage-3638921-edb49f49c8ee.scope
arm-6	prioritized_arbiter_unreal1_pb_4_13_pe_.ltl	prioritized_arbiter_unreal1_pb_4_13_pe_.tlsf	60	TIMEOUT	60.328938611084595	124	true	timeout	status	0	8	1176	3dc9fdf38b30dbc8fc85609a32ca7280ae206529	22455c945576d28d86ac98a3b512327740b12f0cc3a3a6006ad1c59dfe9c9584	otf_sparse_formula	2026-09-25T15:12:04.558415Z	--arms unreal:gr1:oxidd				8G	0			true		acacia-syntcomp26-coverage-3638921-d9a7951ca459.scope
arm-6	prioritized_arbiter_unreal1_pb_4_14_pe_.ltl	prioritized_arbiter_unreal1_pb_4_14_pe_.tlsf	60	TIMEOUT	60.279330600984395	124	true	timeout	status	0	8	1177	3dc9fdf38b30dbc8fc85609a32ca7280ae206529	22455c945576d28d86ac98a3b512327740b12f0cc3a3a6006ad1c59dfe9c9584	otf_sparse_formula	2026-09-25T15:13:04.851125Z	--arms unreal:gr1:oxidd				8G	0			true		acacia-syntcomp26-coverage-3638921-b2322d17c4ff.scope
arm-6	prioritized_arbiter_unreal1_pb_4_15_pe_.ltl	prioritized_arbiter_unreal1_pb_4_15_pe_.tlsf	60	TIMEOUT	60.23029555904213	124	true	timeout	status	0	8	1178	3dc9fdf38b30dbc8fc85609a32ca7280ae206529	22455c945576d28d86ac98a3b512327740b12f0cc3a3a6006ad1c59dfe9c9584	otf_sparse_formula	2026-09-25T15:14:05.120318Z	--arms unreal:gr1:oxidd				8G	0			true		acacia-syntcomp26-coverage-3638921-940e5ec5b672.scope
arm-6	prioritized_arbiter_unreal1_pb_4_16_pe_.ltl	prioritized_arbiter_unreal1_pb_4_16_pe_.tlsf	60	TIMEOUT	60.28721083106939	124	true	timeout	status	0	8	1179	3dc9fdf38b30dbc8fc85609a32ca7280ae206529	22455c945576d28d86ac98a3b512327740b12f0cc3a3a6006ad1c59dfe9c9584	otf_sparse_formula	2026-09-25T15:15:05.449046Z	--arms unreal:gr1:oxidd				8G	0			true		acacia-syntcomp26-coverage-3638921-af9709d0a8ba.scope
arm-6	prioritized_arbiter_unreal1_pb_4_1_pe_.ltl	prioritized_arbiter_unreal1_pb_4_1_pe_.tlsf	60	UNREALIZABLE	0.07460937206633389	1	false		status	13	30	1180	3dc9fdf38b30dbc8fc85609a32ca7280ae206529	22455c945576d28d86ac98a3b512327740b12f0cc3a3a6006ad1c59dfe9c9584	otf_sparse_formula	2026-09-25T15:15:05.539098Z	--arms unreal:gr1:oxidd	0.030000	47357952		8G	0			true		acacia-syntcomp26-coverage-3638921-a9fca458aa08.scope
arm-6	prioritized_arbiter_unreal1_pb_4_2_pe_.ltl	prioritized_arbiter_unreal1_pb_4_2_pe_.tlsf	60	UNREALIZABLE	0.06486915005370975	1	false		status	13	30	1181	3dc9fdf38b30dbc8fc85609a32ca7280ae206529	22455c945576d28d86ac98a3b512327740b12f0cc3a3a6006ad1c59dfe9c9584	otf_sparse_formula	2026-09-25T15:15:05.627179Z	--arms unreal:gr1:oxidd	0.040000	47382528		8G	0			true		acacia-syntcomp26-coverage-3638921-eafeaac51dc7.scope
arm-6	prioritized_arbiter_unreal1_pb_4_3_pe_.ltl	prioritized_arbiter_unreal1_pb_4_3_pe_.tlsf	60	UNREALIZABLE	0.08338445599656552	1	false		status	13	30	1182	3dc9fdf38b30dbc8fc85609a32ca7280ae206529	22455c945576d28d86ac98a3b512327740b12f0cc3a3a6006ad1c59dfe9c9584	otf_sparse_formula	2026-09-25T15:15:05.723883Z	--arms unreal:gr1:oxidd	0.050000	47648768		8G	0			true		acacia-syntcomp26-coverage-3638921-8f3c7fb2911a.scope
arm-6	prioritized_arbiter_unreal1_pb_4_4_pe_.ltl	prioritized_arbiter_unreal1_pb_4_4_pe_.tlsf	60	UNREALIZABLE	0.10836150893010199	1	false		status	13	30	1183	3dc9fdf38b30dbc8fc85609a32ca7280ae206529	22455c945576d28d86ac98a3b512327740b12f0cc3a3a6006ad1c59dfe9c9584	otf_sparse_formula	2026-09-25T15:15:05.846077Z	--arms unreal:gr1:oxidd	0.080000	46927872		8G	0			true		acacia-syntcomp26-coverage-3638921-0b18d1f89144.scope
arm-6	prioritized_arbiter_unreal1_pb_4_5_pe_.ltl	prioritized_arbiter_unreal1_pb_4_5_pe_.tlsf	60	UNREALIZABLE	0.16791260603349656	1	false		status	13	30	1184	3dc9fdf38b30dbc8fc85609a32ca7280ae206529	22455c945576d28d86ac98a3b512327740b12f0cc3a3a6006ad1c59dfe9c9584	otf_sparse_formula	2026-09-25T15:15:06.028468Z	--arms unreal:gr1:oxidd	0.140000	51245056		8G	0			true		acacia-syntcomp26-coverage-3638921-ee750fa616e2.scope
arm-6	prioritized_arbiter_unreal1_pb_4_6_pe_.ltl	prioritized_arbiter_unreal1_pb_4_6_pe_.tlsf	60	UNREALIZABLE	0.3321922830073163	1	false		status	13	30	1185	3dc9fdf38b30dbc8fc85609a32ca7280ae206529	22455c945576d28d86ac98a3b512327740b12f0cc3a3a6006ad1c59dfe9c9584	otf_sparse_formula	2026-09-25T15:15:06.374277Z	--arms unreal:gr1:oxidd	0.300000	63787008		8G	0			true		acacia-syntcomp26-coverage-3638921-c4cf06a52de6.scope
arm-6	prioritized_arbiter_unreal1_pb_4_7_pe_.ltl	prioritized_arbiter_unreal1_pb_4_7_pe_.tlsf	60	UNREALIZABLE	0.9052798849297687	1	false		status	13	31	1186	3dc9fdf38b30dbc8fc85609a32ca7280ae206529	22455c945576d28d86ac98a3b512327740b12f0cc3a3a6006ad1c59dfe9c9584	otf_sparse_formula	2026-09-25T15:15:07.293086Z	--arms unreal:gr1:oxidd	0.880000	104579072		8G	0			true		acacia-syntcomp26-coverage-3638921-a14b84520092.scope
arm-6	prioritized_arbiter_unreal1_pb_4_8_pe_.ltl	prioritized_arbiter_unreal1_pb_4_8_pe_.tlsf	60	UNREALIZABLE	4.059214868932031	1	false		status	13	31	1187	3dc9fdf38b30dbc8fc85609a32ca7280ae206529	22455c945576d28d86ac98a3b512327740b12f0cc3a3a6006ad1c59dfe9c9584	otf_sparse_formula	2026-09-25T15:15:11.367590Z	--arms unreal:gr1:oxidd	4.120000	178061312		8G	0			true		acacia-syntcomp26-coverage-3638921-cbe7027b8b6e.scope
arm-6	prioritized_arbiter_unreal1_pb_4_9_pe_.ltl	prioritized_arbiter_unreal1_pb_4_9_pe_.tlsf	60	UNREALIZABLE	30.538614962017164	1	false		status	13	32	1188	3dc9fdf38b30dbc8fc85609a32ca7280ae206529	22455c945576d28d86ac98a3b512327740b12f0cc3a3a6006ad1c59dfe9c9584	otf_sparse_formula	2026-09-25T15:15:41.920200Z	--arms unreal:gr1:oxidd	33.690000	188178432		8G	0			true		acacia-syntcomp26-coverage-3638921-4e95f79e99b1.scope
arm-6	prioritized_arbiter_unreal1_pb_5_16_pe_.ltl	prioritized_arbiter_unreal1_pb_5_16_pe_.tlsf	60	TIMEOUT	60.23775061091874	124	true	timeout	status	0	8	1189	3dc9fdf38b30dbc8fc85609a32ca7280ae206529	22455c945576d28d86ac98a3b512327740b12f0cc3a3a6006ad1c59dfe9c9584	otf_sparse_formula	2026-09-25T15:16:42.173392Z	--arms unreal:gr1:oxidd				8G	0			true		acacia-syntcomp26-coverage-3638921-743043d0f5c1.scope
arm-6	prioritized_arbiter_unreal1_pb_5_2_pe_.ltl	prioritized_arbiter_unreal1_pb_5_2_pe_.tlsf	60	UNREALIZABLE	0.09706093708518893	1	false		status	13	30	1190	3dc9fdf38b30dbc8fc85609a32ca7280ae206529	22455c945576d28d86ac98a3b512327740b12f0cc3a3a6006ad1c59dfe9c9584	otf_sparse_formula	2026-09-25T15:16:42.286376Z	--arms unreal:gr1:oxidd	0.070000	49803264		8G	0			true		acacia-syntcomp26-coverage-3638921-9eefb57fcc9e.scope
arm-6	prioritized_arbiter_unreal1_pb_5_32_pe_.ltl	prioritized_arbiter_unreal1_pb_5_32_pe_.tlsf	60	TIMEOUT	60.22279670997523	124	true	timeout	status	0	8	1191	3dc9fdf38b30dbc8fc85609a32ca7280ae206529	22455c945576d28d86ac98a3b512327740b12f0cc3a3a6006ad1c59dfe9c9584	otf_sparse_formula	2026-09-25T15:17:42.521635Z	--arms unreal:gr1:oxidd				8G	0			true		acacia-syntcomp26-coverage-3638921-7537caa8f56b.scope
arm-6	prioritized_arbiter_unreal1_pb_5_4_pe_.ltl	prioritized_arbiter_unreal1_pb_5_4_pe_.tlsf	60	UNREALIZABLE	0.22004237992223352	1	false		status	13	30	1192	3dc9fdf38b30dbc8fc85609a32ca7280ae206529	22455c945576d28d86ac98a3b512327740b12f0cc3a3a6006ad1c59dfe9c9584	otf_sparse_formula	2026-09-25T15:17:42.755310Z	--arms unreal:gr1:oxidd	0.180000	53948416		8G	0			true		acacia-syntcomp26-coverage-3638921-73542f4f09ed.scope
arm-6	prioritized_arbiter_unreal1_pb_6_16_pe_.ltl	prioritized_arbiter_unreal1_pb_6_16_pe_.tlsf	60	TIMEOUT	60.26340030506253	124	true	timeout	status	0	8	1193	3dc9fdf38b30dbc8fc85609a32ca7280ae206529	22455c945576d28d86ac98a3b512327740b12f0cc3a3a6006ad1c59dfe9c9584	otf_sparse_formula	2026-09-25T15:18:43.030512Z	--arms unreal:gr1:oxidd				8G	0			true		acacia-syntcomp26-coverage-3638921-556c4e32324f.scope
arm-6	prioritized_arbiter_unreal1_pb_6_2_pe_.ltl	prioritized_arbiter_unreal1_pb_6_2_pe_.tlsf	60	UNREALIZABLE	0.20100886095315218	1	false		status	13	30	1194	3dc9fdf38b30dbc8fc85609a32ca7280ae206529	22455c945576d28d86ac98a3b512327740b12f0cc3a3a6006ad1c59dfe9c9584	otf_sparse_formula	2026-09-25T15:18:43.247095Z	--arms unreal:gr1:oxidd	0.170000	63270912		8G	0			true		acacia-syntcomp26-coverage-3638921-95d17242390c.scope
arm-6	prioritized_arbiter_unreal1_pb_6_32_pe_.ltl	prioritized_arbiter_unreal1_pb_6_32_pe_.tlsf	60	TIMEOUT	60.23164920601994	124	true	timeout	status	0	8	1195	3dc9fdf38b30dbc8fc85609a32ca7280ae206529	22455c945576d28d86ac98a3b512327740b12f0cc3a3a6006ad1c59dfe9c9584	otf_sparse_formula	2026-09-25T15:19:43.514997Z	--arms unreal:gr1:oxidd				8G	0			true		acacia-syntcomp26-coverage-3638921-0e65d6fdec4a.scope
arm-6	prioritized_arbiter_unreal1_pb_6_4_pe_.ltl	prioritized_arbiter_unreal1_pb_6_4_pe_.tlsf	60	UNREALIZABLE	0.7336031240411103	1	false		status	13	30	1196	3dc9fdf38b30dbc8fc85609a32ca7280ae206529	22455c945576d28d86ac98a3b512327740b12f0cc3a3a6006ad1c59dfe9c9584	otf_sparse_formula	2026-09-25T15:19:44.262240Z	--arms unreal:gr1:oxidd	0.700000	80023552		8G	0			true		acacia-syntcomp26-coverage-3638921-4a7b708b5b40.scope
arm-6	prioritized_arbiter_unreal2_pb_100_pe_.ltl	prioritized_arbiter_unreal2_pb_100_pe_.tlsf	60	UNKNOWN	1.34035460697487	2	false		none	0	139	1197	3dc9fdf38b30dbc8fc85609a32ca7280ae206529	22455c945576d28d86ac98a3b512327740b12f0cc3a3a6006ad1c59dfe9c9584	otf_sparse_formula	2026-09-25T15:19:45.617157Z	--arms unreal:gr1:oxidd	1.300000	77881344		8G	0			true		acacia-syntcomp26-coverage-3638921-cb2e316e1983.scope
arm-6	prioritized_arbiter_unreal2_pb_10_pe_.ltl	prioritized_arbiter_unreal2_pb_10_pe_.tlsf	60	UNREALIZABLE	18.59426175709814	1	false		status	13	32	1198	3dc9fdf38b30dbc8fc85609a32ca7280ae206529	22455c945576d28d86ac98a3b512327740b12f0cc3a3a6006ad1c59dfe9c9584	otf_sparse_formula	2026-09-25T15:20:04.223997Z	--arms unreal:gr1:oxidd	19.280000	192516096		8G	0			true		acacia-syntcomp26-coverage-3638921-5adfa6771563.scope
arm-6	prioritized_arbiter_unreal2_pb_2_pe_.ltl	prioritized_arbiter_unreal2_pb_2_pe_.tlsf	60	UNREALIZABLE	0.04317143000662327	1	false		status	13	30	1199	3dc9fdf38b30dbc8fc85609a32ca7280ae206529	22455c945576d28d86ac98a3b512327740b12f0cc3a3a6006ad1c59dfe9c9584	otf_sparse_formula	2026-09-25T15:20:04.280593Z	--arms unreal:gr1:oxidd	0.000000	45502464		8G	0			true		acacia-syntcomp26-coverage-3638921-749395372b2e.scope
arm-6	prioritized_arbiter_unreal2_pb_30_pe_.ltl	prioritized_arbiter_unreal2_pb_30_pe_.tlsf	60	TIMEOUT	60.186095937970094	124	true	timeout	status	0	8	1200	3dc9fdf38b30dbc8fc85609a32ca7280ae206529	22455c945576d28d86ac98a3b512327740b12f0cc3a3a6006ad1c59dfe9c9584	otf_sparse_formula	2026-09-25T15:21:04.509360Z	--arms unreal:gr1:oxidd				8G	0			true		acacia-syntcomp26-coverage-3638921-98eda4aa992b.scope
arm-6	prioritized_arbiter_unreal2_pb_3_pe_.ltl	prioritized_arbiter_unreal2_pb_3_pe_.tlsf	60	UNREALIZABLE	0.06730393006000668	1	false		status	13	30	1201	3dc9fdf38b30dbc8fc85609a32ca7280ae206529	22455c945576d28d86ac98a3b512327740b12f0cc3a3a6006ad1c59dfe9c9584	otf_sparse_formula	2026-09-25T15:21:04.592070Z	--arms unreal:gr1:oxidd	0.030000	45490176		8G	0			true		acacia-syntcomp26-coverage-3638921-f51335ea516c.scope
arm-6	prioritized_arbiter_unreal2_pb_4_pe_.ltl	prioritized_arbiter_unreal2_pb_4_pe_.tlsf	60	UNREALIZABLE	0.07181854301597923	1	false		status	13	30	1202	3dc9fdf38b30dbc8fc85609a32ca7280ae206529	22455c945576d28d86ac98a3b512327740b12f0cc3a3a6006ad1c59dfe9c9584	otf_sparse_formula	2026-09-25T15:21:04.676826Z	--arms unreal:gr1:oxidd	0.040000	47775744		8G	0			true		acacia-syntcomp26-coverage-3638921-949b58d7dc34.scope
arm-6	prioritized_arbiter_unreal2_pb_5_pe_.ltl	prioritized_arbiter_unreal2_pb_5_pe_.tlsf	60	UNREALIZABLE	0.07684640702791512	1	false		status	13	30	1203	3dc9fdf38b30dbc8fc85609a32ca7280ae206529	22455c945576d28d86ac98a3b512327740b12f0cc3a3a6006ad1c59dfe9c9584	otf_sparse_formula	2026-09-25T15:21:04.766082Z	--arms unreal:gr1:oxidd	0.050000	48721920		8G	0			true		acacia-syntcomp26-coverage-3638921-7e8e063feece.scope
arm-6	prioritized_arbiter_unreal2_pb_60_pe_.ltl	prioritized_arbiter_unreal2_pb_60_pe_.tlsf	60	TIMEOUT	60.17930223699659	124	true	timeout	none	0	8	1204	3dc9fdf38b30dbc8fc85609a32ca7280ae206529	22455c945576d28d86ac98a3b512327740b12f0cc3a3a6006ad1c59dfe9c9584	otf_sparse_formula	2026-09-25T15:22:04.964188Z	--arms unreal:gr1:oxidd				8G	0			true		acacia-syntcomp26-coverage-3638921-75affe96b72a.scope
arm-6	prioritized_arbiter_unreal2_pb_6_pe_.ltl	prioritized_arbiter_unreal2_pb_6_pe_.tlsf	60	UNREALIZABLE	0.15299764403607696	1	false		status	13	30	1205	3dc9fdf38b30dbc8fc85609a32ca7280ae206529	22455c945576d28d86ac98a3b512327740b12f0cc3a3a6006ad1c59dfe9c9584	otf_sparse_formula	2026-09-25T15:22:05.138373Z	--arms unreal:gr1:oxidd	0.120000	51044352		8G	0			true		acacia-syntcomp26-coverage-3638921-6b6674ae1ecd.scope
arm-6	prioritized_arbiter_unreal2_pb_7_pe_.ltl	prioritized_arbiter_unreal2_pb_7_pe_.tlsf	60	UNREALIZABLE	0.2742087059887126	1	false		status	13	30	1206	3dc9fdf38b30dbc8fc85609a32ca7280ae206529	22455c945576d28d86ac98a3b512327740b12f0cc3a3a6006ad1c59dfe9c9584	otf_sparse_formula	2026-09-25T15:22:05.426576Z	--arms unreal:gr1:oxidd	0.250000	65425408		8G	0			true		acacia-syntcomp26-coverage-3638921-3ae5708905a4.scope
arm-6	prioritized_arbiter_unreal2_pb_8_pe_.ltl	prioritized_arbiter_unreal2_pb_8_pe_.tlsf	60	UNREALIZABLE	0.6496070550056174	1	false		status	13	30	1207	3dc9fdf38b30dbc8fc85609a32ca7280ae206529	22455c945576d28d86ac98a3b512327740b12f0cc3a3a6006ad1c59dfe9c9584	otf_sparse_formula	2026-09-25T15:22:06.089324Z	--arms unreal:gr1:oxidd	0.620000	99704832		8G	0			true		acacia-syntcomp26-coverage-3638921-edc8c61ecbac.scope
arm-6	reversible-lane-r-real.ltl	reversible-lane-r-real.tlsf	60	UNKNOWN	0.03444289101753384	2	false		none	0	216	1208	3dc9fdf38b30dbc8fc85609a32ca7280ae206529	22455c945576d28d86ac98a3b512327740b12f0cc3a3a6006ad1c59dfe9c9584	otf_sparse_formula	2026-09-25T15:22:06.164344Z	--arms unreal:gr1:oxidd	0.000000	21762048		8G	0			true		acacia-syntcomp26-coverage-3638921-d791a4aa5786.scope
arm-6	reversible-lane-u-unreal.ltl	reversible-lane-u-unreal.tlsf	60	UNKNOWN	0.04531915904954076	2	false		none	0	214	1209	3dc9fdf38b30dbc8fc85609a32ca7280ae206529	22455c945576d28d86ac98a3b512327740b12f0cc3a3a6006ad1c59dfe9c9584	otf_sparse_formula	2026-09-25T15:22:06.232710Z	--arms unreal:gr1:oxidd	0.010000	22024192		8G	0			true		acacia-syntcomp26-coverage-3638921-44babf13a7a6.scope
arm-6	reversible-lane-u0.ltl	reversible-lane-u0.tlsf	60	UNKNOWN	0.04010812798514962	2	false		none	0	215	1210	3dc9fdf38b30dbc8fc85609a32ca7280ae206529	22455c945576d28d86ac98a3b512327740b12f0cc3a3a6006ad1c59dfe9c9584	otf_sparse_formula	2026-09-25T15:22:06.312137Z	--arms unreal:gr1:oxidd	0.000000	21749760		8G	0			true		acacia-syntcomp26-coverage-3638921-fcb7b9a41a1b.scope
arm-6	reversible-lane-u1.ltl	reversible-lane-u1.tlsf	60	UNKNOWN	0.04662426502909511	2	false		none	0	214	1211	3dc9fdf38b30dbc8fc85609a32ca7280ae206529	22455c945576d28d86ac98a3b512327740b12f0cc3a3a6006ad1c59dfe9c9584	otf_sparse_formula	2026-09-25T15:22:06.384377Z	--arms unreal:gr1:oxidd	0.010000	21913600		8G	0			true		acacia-syntcomp26-coverage-3638921-8fe28af259c7.scope
arm-6	robot-cat-real-1d-real.ltl	robot-cat-real-1d-real.tlsf	60	UNKNOWN	0.059641925035975873	2	false		none	0	215	1212	3dc9fdf38b30dbc8fc85609a32ca7280ae206529	22455c945576d28d86ac98a3b512327740b12f0cc3a3a6006ad1c59dfe9c9584	otf_sparse_formula	2026-09-25T15:22:06.483277Z	--arms unreal:gr1:oxidd	0.010000	22880256		8G	0			true		acacia-syntcomp26-coverage-3638921-0f7d3f0c6769.scope
arm-6	robot-cat-real-2d-real.ltl	robot-cat-real-2d-real.tlsf	60	UNKNOWN	0.06599835900124162	2	false		none	0	216	1213	3dc9fdf38b30dbc8fc85609a32ca7280ae206529	22455c945576d28d86ac98a3b512327740b12f0cc3a3a6006ad1c59dfe9c9584	otf_sparse_formula	2026-09-25T15:22:06.565156Z	--arms unreal:gr1:oxidd	0.030000	27484160		8G	0			true		acacia-syntcomp26-coverage-3638921-f3d2f502d4e1.scope
arm-6	robot-cat-unreal-1d-unreal.ltl	robot-cat-unreal-1d-unreal.tlsf	60	UNKNOWN	0.05629741493612528	2	false		none	0	217	1214	3dc9fdf38b30dbc8fc85609a32ca7280ae206529	22455c945576d28d86ac98a3b512327740b12f0cc3a3a6006ad1c59dfe9c9584	otf_sparse_formula	2026-09-25T15:22:06.660433Z	--arms unreal:gr1:oxidd	0.020000	22814720		8G	0			true		acacia-syntcomp26-coverage-3638921-7c93a9aa3cb5.scope
arm-6	robot-cat-unreal-2d-unreal.ltl	robot-cat-unreal-2d-unreal.tlsf	60	UNKNOWN	0.05526406690478325	2	false		none	0	217	1215	3dc9fdf38b30dbc8fc85609a32ca7280ae206529	22455c945576d28d86ac98a3b512327740b12f0cc3a3a6006ad1c59dfe9c9584	otf_sparse_formula	2026-09-25T15:22:06.729658Z	--arms unreal:gr1:oxidd	0.030000	27348992		8G	0			true		acacia-syntcomp26-coverage-3638921-25443aa8e6c2.scope
arm-6	robot-grid-commute-1d-real.ltl	robot-grid-commute-1d-real.tlsf	60	UNKNOWN	0.048817014088854194	2	false		none	0	215	1216	3dc9fdf38b30dbc8fc85609a32ca7280ae206529	22455c945576d28d86ac98a3b512327740b12f0cc3a3a6006ad1c59dfe9c9584	otf_sparse_formula	2026-09-25T15:22:06.816747Z	--arms unreal:gr1:oxidd	0.020000	21995520		8G	0			true		acacia-syntcomp26-coverage-3638921-b456accdb383.scope
arm-6	robot-grid-commute-2d-real.ltl	robot-grid-commute-2d-real.tlsf	60	UNKNOWN	0.0544550190679729	2	false		none	0	217	1217	3dc9fdf38b30dbc8fc85609a32ca7280ae206529	22455c945576d28d86ac98a3b512327740b12f0cc3a3a6006ad1c59dfe9c9584	otf_sparse_formula	2026-09-25T15:22:06.907707Z	--arms unreal:gr1:oxidd	0.020000	23130112		8G	0			true		acacia-syntcomp26-coverage-3638921-566fd1895eb9.scope
arm-6	robot-grid-reach-1d-real.ltl	robot-grid-reach-1d-real.tlsf	60	UNKNOWN	0.04200756293721497	2	false		none	0	214	1218	3dc9fdf38b30dbc8fc85609a32ca7280ae206529	22455c945576d28d86ac98a3b512327740b12f0cc3a3a6006ad1c59dfe9c9584	otf_sparse_formula	2026-09-25T15:22:06.987758Z	--arms unreal:gr1:oxidd	0.010000	21217280		8G	0			true		acacia-syntcomp26-coverage-3638921-677203dd6799.scope
arm-6	robot-grid-reach-2d-real.ltl	robot-grid-reach-2d-real.tlsf	60	UNKNOWN	0.04622401692904532	2	false		none	0	216	1219	3dc9fdf38b30dbc8fc85609a32ca7280ae206529	22455c945576d28d86ac98a3b512327740b12f0cc3a3a6006ad1c59dfe9c9584	otf_sparse_formula	2026-09-25T15:22:07.070451Z	--arms unreal:gr1:oxidd	0.020000	21663744		8G	0			true		acacia-syntcomp26-coverage-3638921-c3c6c27ab325.scope
arm-6	robot-grid-reach-repeated-with-obstacles-1d-real.ltl	robot-grid-reach-repeated-with-obstacles-1d-real.tlsf	60	UNKNOWN	0.04268202802632004	2	false		none	0	214	1220	3dc9fdf38b30dbc8fc85609a32ca7280ae206529	22455c945576d28d86ac98a3b512327740b12f0cc3a3a6006ad1c59dfe9c9584	otf_sparse_formula	2026-09-25T15:22:07.153281Z	--arms unreal:gr1:oxidd	0.010000	21217280		8G	0			true		acacia-syntcomp26-coverage-3638921-3dd3670b4d17.scope
arm-6	robot-grid-reach-repeated-with-obstacles-2d-real.ltl	robot-grid-reach-repeated-with-obstacles-2d-real.tlsf	60	UNKNOWN	0.04983117000665516	2	false		none	0	216	1221	3dc9fdf38b30dbc8fc85609a32ca7280ae206529	22455c945576d28d86ac98a3b512327740b12f0cc3a3a6006ad1c59dfe9c9584	otf_sparse_formula	2026-09-25T15:22:07.237432Z	--arms unreal:gr1:oxidd	0.010000	21663744		8G	0			true		acacia-syntcomp26-coverage-3638921-51761952db24.scope
arm-6	robot-grid-reach-repeated-with-obstacles-6d-real.ltl	robot-grid-reach-repeated-with-obstacles-6d-real.tlsf	60	UNKNOWN	0.04366051801480353	2	false		none	0	217	1222	3dc9fdf38b30dbc8fc85609a32ca7280ae206529	22455c945576d28d86ac98a3b512327740b12f0cc3a3a6006ad1c59dfe9c9584	otf_sparse_formula	2026-09-25T15:22:07.298422Z	--arms unreal:gr1:oxidd	0.020000	25575424		8G	0			true		acacia-syntcomp26-coverage-3638921-aeaed4286fd1.scope
arm-6	robot-resource-1d-unreal.ltl	robot-resource-1d-unreal.tlsf	60	UNKNOWN	0.042551700957119465	2	false		none	0	215	1223	3dc9fdf38b30dbc8fc85609a32ca7280ae206529	22455c945576d28d86ac98a3b512327740b12f0cc3a3a6006ad1c59dfe9c9584	otf_sparse_formula	2026-09-25T15:22:07.377322Z	--arms unreal:gr1:oxidd	0.010000	21450752		8G	0			true		acacia-syntcomp26-coverage-3638921-e3562efb9857.scope
arm-6	robot-resource-1d0.ltl	robot-resource-1d0.tlsf	60	UNKNOWN	0.04233507311437279	2	false		none	0	170	1224	3dc9fdf38b30dbc8fc85609a32ca7280ae206529	22455c945576d28d86ac98a3b512327740b12f0cc3a3a6006ad1c59dfe9c9584	otf_sparse_formula	2026-09-25T15:22:07.457908Z	--arms unreal:gr1:oxidd	0.010000	21229568		8G	0			true		acacia-syntcomp26-coverage-3638921-7bd4cfb4d263.scope
arm-6	robot-resource-1d1.ltl	robot-resource-1d1.tlsf	60	UNKNOWN	0.04720227501820773	2	false		none	0	194	1225	3dc9fdf38b30dbc8fc85609a32ca7280ae206529	22455c945576d28d86ac98a3b512327740b12f0cc3a3a6006ad1c59dfe9c9584	otf_sparse_formula	2026-09-25T15:22:07.532052Z	--arms unreal:gr1:oxidd	0.010000	21327872		8G	0			true		acacia-syntcomp26-coverage-3638921-73b509373c0d.scope
arm-6	robot-resource-2d0.ltl	robot-resource-2d0.tlsf	60	UNKNOWN	0.04388275998644531	2	false		none	0	191	1226	3dc9fdf38b30dbc8fc85609a32ca7280ae206529	22455c945576d28d86ac98a3b512327740b12f0cc3a3a6006ad1c59dfe9c9584	otf_sparse_formula	2026-09-25T15:22:07.612548Z	--arms unreal:gr1:oxidd	0.010000	21434368		8G	0			true		acacia-syntcomp26-coverage-3638921-c8c03ee5a21c.scope
arm-6	robot-resource-2d1.ltl	robot-resource-2d1.tlsf	60	UNKNOWN	0.04889344307594001	2	false		none	0	192	1227	3dc9fdf38b30dbc8fc85609a32ca7280ae206529	22455c945576d28d86ac98a3b512327740b12f0cc3a3a6006ad1c59dfe9c9584	otf_sparse_formula	2026-09-25T15:22:07.699703Z	--arms unreal:gr1:oxidd	0.020000	21598208		8G	0			true		acacia-syntcomp26-coverage-3638921-5678b7248a3f.scope
arm-6	robot-resource-2d10.ltl	robot-resource-2d10.tlsf	60	UNKNOWN	0.05129050195682794	2	false		none	0	258	1228	3dc9fdf38b30dbc8fc85609a32ca7280ae206529	22455c945576d28d86ac98a3b512327740b12f0cc3a3a6006ad1c59dfe9c9584	otf_sparse_formula	2026-09-25T15:22:07.791501Z	--arms unreal:gr1:oxidd	0.010000	22691840		8G	0			true		acacia-syntcomp26-coverage-3638921-e7b87763518e.scope
arm-6	robot-resource-2d11.ltl	robot-resource-2d11.tlsf	60	UNKNOWN	0.055850075907073915	2	false		none	0	257	1229	3dc9fdf38b30dbc8fc85609a32ca7280ae206529	22455c945576d28d86ac98a3b512327740b12f0cc3a3a6006ad1c59dfe9c9584	otf_sparse_formula	2026-09-25T15:22:07.886804Z	--arms unreal:gr1:oxidd	0.020000	22732800		8G	0			true		acacia-syntcomp26-coverage-3638921-85262a87ef23.scope
arm-6	robot-resource-2d12.ltl	robot-resource-2d12.tlsf	60	UNKNOWN	0.04855375306215137	2	false		none	0	258	1230	3dc9fdf38b30dbc8fc85609a32ca7280ae206529	22455c945576d28d86ac98a3b512327740b12f0cc3a3a6006ad1c59dfe9c9584	otf_sparse_formula	2026-09-25T15:22:07.975935Z	--arms unreal:gr1:oxidd	0.000000	22773760		8G	0			true		acacia-syntcomp26-coverage-3638921-53f47aacb3f3.scope
arm-6	robot-resource-2d13.ltl	robot-resource-2d13.tlsf	60	UNKNOWN	0.04750741505995393	2	false		none	0	257	1231	3dc9fdf38b30dbc8fc85609a32ca7280ae206529	22455c945576d28d86ac98a3b512327740b12f0cc3a3a6006ad1c59dfe9c9584	otf_sparse_formula	2026-09-25T15:22:08.049412Z	--arms unreal:gr1:oxidd	0.010000	22900736		8G	0			true		acacia-syntcomp26-coverage-3638921-467d5fb88c5e.scope
arm-6	robot-resource-2d14.ltl	robot-resource-2d14.tlsf	60	UNKNOWN	0.05034628603607416	2	false		none	0	257	1232	3dc9fdf38b30dbc8fc85609a32ca7280ae206529	22455c945576d28d86ac98a3b512327740b12f0cc3a3a6006ad1c59dfe9c9584	otf_sparse_formula	2026-09-25T15:22:08.113548Z	--arms unreal:gr1:oxidd	0.010000	22863872		8G	0			true		acacia-syntcomp26-coverage-3638921-9edbb3d52d0e.scope
arm-6	robot-resource-2d15.ltl	robot-resource-2d15.tlsf	60	UNKNOWN	0.035732576972804964	2	false		none	0	256	1233	3dc9fdf38b30dbc8fc85609a32ca7280ae206529	22455c945576d28d86ac98a3b512327740b12f0cc3a3a6006ad1c59dfe9c9584	otf_sparse_formula	2026-09-25T15:22:08.162420Z	--arms unreal:gr1:oxidd	0.000000	23097344		8G	0			true		acacia-syntcomp26-coverage-3638921-303f6cf0e39c.scope
arm-6	robot-resource-2d16.ltl	robot-resource-2d16.tlsf	60	UNKNOWN	0.03180895000696182	2	false		none	0	280	1234	3dc9fdf38b30dbc8fc85609a32ca7280ae206529	22455c945576d28d86ac98a3b512327740b12f0cc3a3a6006ad1c59dfe9c9584	otf_sparse_formula	2026-09-25T15:22:08.206117Z	--arms unreal:gr1:oxidd	0.000000	23490560		8G	0			true		acacia-syntcomp26-coverage-3638921-0aa843004adc.scope
arm-6	robot-resource-2d17.ltl	robot-resource-2d17.tlsf	60	UNKNOWN	0.02806484594475478	2	false		none	0	279	1235	3dc9fdf38b30dbc8fc85609a32ca7280ae206529	22455c945576d28d86ac98a3b512327740b12f0cc3a3a6006ad1c59dfe9c9584	otf_sparse_formula	2026-09-25T15:22:08.246818Z	--arms unreal:gr1:oxidd	0.000000	23564288		8G	0			true		acacia-syntcomp26-coverage-3638921-094e92aa3ee2.scope
arm-6	robot-resource-2d18.ltl	robot-resource-2d18.tlsf	60	UNKNOWN	0.03744605206884444	2	false		none	0	279	1236	3dc9fdf38b30dbc8fc85609a32ca7280ae206529	22455c945576d28d86ac98a3b512327740b12f0cc3a3a6006ad1c59dfe9c9584	otf_sparse_formula	2026-09-25T15:22:08.295889Z	--arms unreal:gr1:oxidd	0.000000	23752704		8G	0			true		acacia-syntcomp26-coverage-3638921-79e03cb9353b.scope
arm-6	robot-resource-2d19.ltl	robot-resource-2d19.tlsf	60	UNKNOWN	0.023421980906277895	2	false		none	0	278	1237	3dc9fdf38b30dbc8fc85609a32ca7280ae206529	22455c945576d28d86ac98a3b512327740b12f0cc3a3a6006ad1c59dfe9c9584	otf_sparse_formula	2026-09-25T15:22:08.330778Z	--arms unreal:gr1:oxidd	0.000000	23490560		8G	0			true		acacia-syntcomp26-coverage-3638921-1bdfeee91f2e.scope
arm-6	robot-resource-2d2.ltl	robot-resource-2d2.tlsf	60	UNKNOWN	0.028104202006943524	2	false		none	0	216	1238	3dc9fdf38b30dbc8fc85609a32ca7280ae206529	22455c945576d28d86ac98a3b512327740b12f0cc3a3a6006ad1c59dfe9c9584	otf_sparse_formula	2026-09-25T15:22:08.370508Z	--arms unreal:gr1:oxidd	0.000000	21725184		8G	0			true		acacia-syntcomp26-coverage-3638921-8d06349db9ee.scope
arm-6	robot-resource-2d20.ltl	robot-resource-2d20.tlsf	60	UNKNOWN	0.033111858065240085	2	false		none	0	279	1239	3dc9fdf38b30dbc8fc85609a32ca7280ae206529	22455c945576d28d86ac98a3b512327740b12f0cc3a3a6006ad1c59dfe9c9584	otf_sparse_formula	2026-09-25T15:22:08.416848Z	--arms unreal:gr1:oxidd	0.000000	23658496		8G	0			true		acacia-syntcomp26-coverage-3638921-e9c1774ee3e8.scope
arm-6	robot-resource-2d21.ltl	robot-resource-2d21.tlsf	60	UNKNOWN	0.03408372506964952	2	false		none	0	278	1240	3dc9fdf38b30dbc8fc85609a32ca7280ae206529	22455c945576d28d86ac98a3b512327740b12f0cc3a3a6006ad1c59dfe9c9584	otf_sparse_formula	2026-09-25T15:22:08.462739Z	--arms unreal:gr1:oxidd	0.000000	23601152		8G	0			true		acacia-syntcomp26-coverage-3638921-fea1fe69d62d.scope
arm-6	robot-resource-2d22.ltl	robot-resource-2d22.tlsf	60	UNKNOWN	0.02208865189459175	2	false		none	0	278	1241	3dc9fdf38b30dbc8fc85609a32ca7280ae206529	22455c945576d28d86ac98a3b512327740b12f0cc3a3a6006ad1c59dfe9c9584	otf_sparse_formula	2026-09-25T15:22:08.496742Z	--arms unreal:gr1:oxidd	0.000000	23777280		8G	0			true		acacia-syntcomp26-coverage-3638921-6dd183ba1e46.scope
arm-6	robot-resource-2d23.ltl	robot-resource-2d23.tlsf	60	UNKNOWN	0.03197378199547529	2	false		none	0	277	1242	3dc9fdf38b30dbc8fc85609a32ca7280ae206529	22455c945576d28d86ac98a3b512327740b12f0cc3a3a6006ad1c59dfe9c9584	otf_sparse_formula	2026-09-25T15:22:08.541823Z	--arms unreal:gr1:oxidd	0.000000	23838720		8G	0			true		acacia-syntcomp26-coverage-3638921-b6ce3b7723d9.scope
arm-6	robot-resource-2d3.ltl	robot-resource-2d3.tlsf	60	UNKNOWN	0.02436249691527337	2	false		none	0	215	1243	3dc9fdf38b30dbc8fc85609a32ca7280ae206529	22455c945576d28d86ac98a3b512327740b12f0cc3a3a6006ad1c59dfe9c9584	otf_sparse_formula	2026-09-25T15:22:08.577765Z	--arms unreal:gr1:oxidd	0.000000	21725184		8G	0			true		acacia-syntcomp26-coverage-3638921-471ef04f1607.scope
arm-6	robot-resource-2d4.ltl	robot-resource-2d4.tlsf	60	UNKNOWN	0.028140199021436274	2	false		none	0	237	1244	3dc9fdf38b30dbc8fc85609a32ca7280ae206529	22455c945576d28d86ac98a3b512327740b12f0cc3a3a6006ad1c59dfe9c9584	otf_sparse_formula	2026-09-25T15:22:08.617900Z	--arms unreal:gr1:oxidd	0.000000	21946368		8G	0			true		acacia-syntcomp26-coverage-3638921-6c2c3a1c0774.scope
arm-6	robot-resource-2d5.ltl	robot-resource-2d5.tlsf	60	UNKNOWN	0.025772634078748524	2	false		none	0	236	1245	3dc9fdf38b30dbc8fc85609a32ca7280ae206529	22455c945576d28d86ac98a3b512327740b12f0cc3a3a6006ad1c59dfe9c9584	otf_sparse_formula	2026-09-25T15:22:08.657022Z	--arms unreal:gr1:oxidd	0.000000	22007808		8G	0			true		acacia-syntcomp26-coverage-3638921-9d1337a17eab.scope
arm-6	robot-resource-2d6.ltl	robot-resource-2d6.tlsf	60	UNKNOWN	0.023922196007333696	2	false		none	0	236	1246	3dc9fdf38b30dbc8fc85609a32ca7280ae206529	22455c945576d28d86ac98a3b512327740b12f0cc3a3a6006ad1c59dfe9c9584	otf_sparse_formula	2026-09-25T15:22:08.693693Z	--arms unreal:gr1:oxidd	0.000000	22171648		8G	0			true		acacia-syntcomp26-coverage-3638921-d1a268a6ecc5.scope
arm-6	robot-resource-2d7.ltl	robot-resource-2d7.tlsf	60	UNKNOWN	0.02446774300187826	2	false		none	0	235	1247	3dc9fdf38b30dbc8fc85609a32ca7280ae206529	22455c945576d28d86ac98a3b512327740b12f0cc3a3a6006ad1c59dfe9c9584	otf_sparse_formula	2026-09-25T15:22:08.730242Z	--arms unreal:gr1:oxidd	0.000000	21995520		8G	0			true		acacia-syntcomp26-coverage-3638921-7d1cad5c69e3.scope
arm-6	robot-resource-2d8.ltl	robot-resource-2d8.tlsf	60	UNKNOWN	0.021786430035717785	2	false		none	0	259	1248	3dc9fdf38b30dbc8fc85609a32ca7280ae206529	22455c945576d28d86ac98a3b512327740b12f0cc3a3a6006ad1c59dfe9c9584	otf_sparse_formula	2026-09-25T15:22:08.763847Z	--arms unreal:gr1:oxidd	0.000000	22622208		8G	0			true		acacia-syntcomp26-coverage-3638921-3f1c80a3ef4e.scope
arm-6	robot-resource-2d9.ltl	robot-resource-2d9.tlsf	60	UNKNOWN	0.022580247023142874	2	false		none	0	258	1249	3dc9fdf38b30dbc8fc85609a32ca7280ae206529	22455c945576d28d86ac98a3b512327740b12f0cc3a3a6006ad1c59dfe9c9584	otf_sparse_formula	2026-09-25T15:22:08.799509Z	--arms unreal:gr1:oxidd	0.000000	22642688		8G	0			true		acacia-syntcomp26-coverage-3638921-efed131e7f1e.scope
arm-6	robot-tasks-real.ltl	robot-tasks-real.tlsf	60	UNKNOWN	0.022143902955576777	2	false		none	0	214	1250	3dc9fdf38b30dbc8fc85609a32ca7280ae206529	22455c945576d28d86ac98a3b512327740b12f0cc3a3a6006ad1c59dfe9c9584	otf_sparse_formula	2026-09-25T15:22:08.833318Z	--arms unreal:gr1:oxidd	0.000000	21291008		8G	0			true		acacia-syntcomp26-coverage-3638921-9ddf80627ec2.scope
arm-6	robot-to-target-charging-real.ltl	robot-to-target-charging-real.tlsf	60	UNKNOWN	0.038294363068416715	2	false		none	0	217	1251	3dc9fdf38b30dbc8fc85609a32ca7280ae206529	22455c945576d28d86ac98a3b512327740b12f0cc3a3a6006ad1c59dfe9c9584	otf_sparse_formula	2026-09-25T15:22:08.884690Z	--arms unreal:gr1:oxidd	0.000000	26148864		8G	0			true		acacia-syntcomp26-coverage-3638921-22fccc813776.scope
arm-6	robot-to-target-charging-unreal0.ltl	robot-to-target-charging-unreal0.tlsf	60	UNKNOWN	0.03512255800887942	2	false		none	0	218	1252	3dc9fdf38b30dbc8fc85609a32ca7280ae206529	22455c945576d28d86ac98a3b512327740b12f0cc3a3a6006ad1c59dfe9c9584	otf_sparse_formula	2026-09-25T15:22:08.932112Z	--arms unreal:gr1:oxidd	0.010000	27971584		8G	0			true		acacia-syntcomp26-coverage-3638921-1d512768ded6.scope
arm-6	robot-to-target-charging-unreal1.ltl	robot-to-target-charging-unreal1.tlsf	60	UNKNOWN	0.044007804011926055	2	false		none	0	218	1253	3dc9fdf38b30dbc8fc85609a32ca7280ae206529	22455c945576d28d86ac98a3b512327740b12f0cc3a3a6006ad1c59dfe9c9584	otf_sparse_formula	2026-09-25T15:22:08.989443Z	--arms unreal:gr1:oxidd	0.020000	31625216		8G	0			true		acacia-syntcomp26-coverage-3638921-e3893e957aa8.scope
arm-6	robot-to-target-charging-unreal2.ltl	robot-to-target-charging-unreal2.tlsf	60	UNKNOWN	0.04578014800790697	2	false		none	0	218	1254	3dc9fdf38b30dbc8fc85609a32ca7280ae206529	22455c945576d28d86ac98a3b512327740b12f0cc3a3a6006ad1c59dfe9c9584	otf_sparse_formula	2026-09-25T15:22:09.047574Z	--arms unreal:gr1:oxidd	0.030000	34598912		8G	0			true		acacia-syntcomp26-coverage-3638921-be2f838568ff.scope
arm-6	robot-to-target-charging-unreal3.ltl	robot-to-target-charging-unreal3.tlsf	60	UNKNOWN	0.05408505001105368	2	false		none	0	217	1255	3dc9fdf38b30dbc8fc85609a32ca7280ae206529	22455c945576d28d86ac98a3b512327740b12f0cc3a3a6006ad1c59dfe9c9584	otf_sparse_formula	2026-09-25T15:22:09.115837Z	--arms unreal:gr1:oxidd	0.020000	35729408		8G	0			true		acacia-syntcomp26-coverage-3638921-594264cfabf2.scope
arm-6	robot-to-target-charging-unreal4.ltl	robot-to-target-charging-unreal4.tlsf	60	UNKNOWN	0.08702409802936018	2	false		none	0	217	1256	3dc9fdf38b30dbc8fc85609a32ca7280ae206529	22455c945576d28d86ac98a3b512327740b12f0cc3a3a6006ad1c59dfe9c9584	otf_sparse_formula	2026-09-25T15:22:09.215575Z	--arms unreal:gr1:oxidd	0.050000	42426368		8G	0			true		acacia-syntcomp26-coverage-3638921-6ac341f42788.scope
arm-6	robot-to-target-charging-unreal5.ltl	robot-to-target-charging-unreal5.tlsf	60	UNKNOWN	0.10106892697513103	2	false		none	0	217	1257	3dc9fdf38b30dbc8fc85609a32ca7280ae206529	22455c945576d28d86ac98a3b512327740b12f0cc3a3a6006ad1c59dfe9c9584	otf_sparse_formula	2026-09-25T15:22:09.329235Z	--arms unreal:gr1:oxidd	0.060000	46673920		8G	0			true		acacia-syntcomp26-coverage-3638921-3935fac965ca.scope
arm-6	robot-to-target-charging-unreal6.ltl	robot-to-target-charging-unreal6.tlsf	60	UNKNOWN	0.11039834399707615	2	false		none	0	217	1258	3dc9fdf38b30dbc8fc85609a32ca7280ae206529	22455c945576d28d86ac98a3b512327740b12f0cc3a3a6006ad1c59dfe9c9584	otf_sparse_formula	2026-09-25T15:22:09.452533Z	--arms unreal:gr1:oxidd	0.070000	52088832		8G	0			true		acacia-syntcomp26-coverage-3638921-d9c5a6047718.scope
arm-6	robot-to-target-charging-unreal7.ltl	robot-to-target-charging-unreal7.tlsf	60	UNKNOWN	0.11242296197451651	2	false		none	0	217	1259	3dc9fdf38b30dbc8fc85609a32ca7280ae206529	22455c945576d28d86ac98a3b512327740b12f0cc3a3a6006ad1c59dfe9c9584	otf_sparse_formula	2026-09-25T15:22:09.578567Z	--arms unreal:gr1:oxidd	0.090000	55980032		8G	0			true		acacia-syntcomp26-coverage-3638921-0d6f39cf4974.scope
arm-6	robot-to-target-charging-unreal8.ltl	robot-to-target-charging-unreal8.tlsf	60	UNKNOWN	0.11498165095690638	2	false		none	0	217	1260	3dc9fdf38b30dbc8fc85609a32ca7280ae206529	22455c945576d28d86ac98a3b512327740b12f0cc3a3a6006ad1c59dfe9c9584	otf_sparse_formula	2026-09-25T15:22:09.706695Z	--arms unreal:gr1:oxidd	0.090000	65048576		8G	0			true		acacia-syntcomp26-coverage-3638921-9d8a95945bf3.scope
arm-6	robot-to-target-charging0.ltl	robot-to-target-charging0.tlsf	60	UNKNOWN	0.038390420959331095	2	false		none	0	216	1261	3dc9fdf38b30dbc8fc85609a32ca7280ae206529	22455c945576d28d86ac98a3b512327740b12f0cc3a3a6006ad1c59dfe9c9584	otf_sparse_formula	2026-09-25T15:22:09.787632Z	--arms unreal:gr1:oxidd	0.000000	22052864		8G	0			true		acacia-syntcomp26-coverage-3638921-1fbc2480579d.scope
arm-6	robot-to-target-charging1.ltl	robot-to-target-charging1.tlsf	60	UNKNOWN	0.05807194905355573	2	false		none	0	217	1262	3dc9fdf38b30dbc8fc85609a32ca7280ae206529	22455c945576d28d86ac98a3b512327740b12f0cc3a3a6006ad1c59dfe9c9584	otf_sparse_formula	2026-09-25T15:22:09.872585Z	--arms unreal:gr1:oxidd	0.020000	22233088		8G	0			true		acacia-syntcomp26-coverage-3638921-a76ea96cd315.scope
arm-6	robot-to-target-charging10.ltl	robot-to-target-charging10.tlsf	60	UNKNOWN	0.053658050019294024	2	false		none	0	217	1263	3dc9fdf38b30dbc8fc85609a32ca7280ae206529	22455c945576d28d86ac98a3b512327740b12f0cc3a3a6006ad1c59dfe9c9584	otf_sparse_formula	2026-09-25T15:22:09.961527Z	--arms unreal:gr1:oxidd	0.020000	23474176		8G	0			true		acacia-syntcomp26-coverage-3638921-3cf07516fb09.scope
arm-6	robot-to-target-charging11.ltl	robot-to-target-charging11.tlsf	60	UNKNOWN	0.05867142404895276	2	false		none	0	217	1264	3dc9fdf38b30dbc8fc85609a32ca7280ae206529	22455c945576d28d86ac98a3b512327740b12f0cc3a3a6006ad1c59dfe9c9584	otf_sparse_formula	2026-09-25T15:22:10.044810Z	--arms unreal:gr1:oxidd	0.010000	23547904		8G	0			true		acacia-syntcomp26-coverage-3638921-0c801b7a8511.scope
arm-6	robot-to-target-charging12.ltl	robot-to-target-charging12.tlsf	60	UNKNOWN	0.045806642971001565	2	false		none	0	217	1265	3dc9fdf38b30dbc8fc85609a32ca7280ae206529	22455c945576d28d86ac98a3b512327740b12f0cc3a3a6006ad1c59dfe9c9584	otf_sparse_formula	2026-09-25T15:22:10.126275Z	--arms unreal:gr1:oxidd	0.010000	23642112		8G	0			true		acacia-syntcomp26-coverage-3638921-8d57bf647a1d.scope
arm-6	robot-to-target-charging13.ltl	robot-to-target-charging13.tlsf	60	UNKNOWN	0.0588875999674201	2	false		none	0	217	1266	3dc9fdf38b30dbc8fc85609a32ca7280ae206529	22455c945576d28d86ac98a3b512327740b12f0cc3a3a6006ad1c59dfe9c9584	otf_sparse_formula	2026-09-25T15:22:10.209303Z	--arms unreal:gr1:oxidd	0.020000	23740416		8G	0			true		acacia-syntcomp26-coverage-3638921-fd00ffaed83e.scope
arm-6	robot-to-target-charging14.ltl	robot-to-target-charging14.tlsf	60	UNKNOWN	0.05434488703031093	2	false		none	0	217	1267	3dc9fdf38b30dbc8fc85609a32ca7280ae206529	22455c945576d28d86ac98a3b512327740b12f0cc3a3a6006ad1c59dfe9c9584	otf_sparse_formula	2026-09-25T15:22:10.286939Z	--arms unreal:gr1:oxidd	0.020000	23756800		8G	0			true		acacia-syntcomp26-coverage-3638921-b86f780a5c9e.scope
arm-6	robot-to-target-charging15.ltl	robot-to-target-charging15.tlsf	60	UNKNOWN	0.05261279398109764	2	false		none	0	218	1268	3dc9fdf38b30dbc8fc85609a32ca7280ae206529	22455c945576d28d86ac98a3b512327740b12f0cc3a3a6006ad1c59dfe9c9584	otf_sparse_formula	2026-09-25T15:22:10.363545Z	--arms unreal:gr1:oxidd	0.020000	24264704		8G	0			true		acacia-syntcomp26-coverage-3638921-6d7e5dc3299d.scope
arm-6	robot-to-target-charging16.ltl	robot-to-target-charging16.tlsf	60	UNKNOWN	0.06044028396718204	2	false		none	0	218	1269	3dc9fdf38b30dbc8fc85609a32ca7280ae206529	22455c945576d28d86ac98a3b512327740b12f0cc3a3a6006ad1c59dfe9c9584	otf_sparse_formula	2026-09-25T15:22:10.449706Z	--arms unreal:gr1:oxidd	0.020000	24489984		8G	0			true		acacia-syntcomp26-coverage-3638921-43d22bc0539e.scope
arm-6	robot-to-target-charging17.ltl	robot-to-target-charging17.tlsf	60	UNKNOWN	0.05568275204859674	2	false		none	0	218	1270	3dc9fdf38b30dbc8fc85609a32ca7280ae206529	22455c945576d28d86ac98a3b512327740b12f0cc3a3a6006ad1c59dfe9c9584	otf_sparse_formula	2026-09-25T15:22:10.519284Z	--arms unreal:gr1:oxidd	0.020000	24629248		8G	0			true		acacia-syntcomp26-coverage-3638921-85bd18aad794.scope
arm-6	robot-to-target-charging18.ltl	robot-to-target-charging18.tlsf	60	UNKNOWN	0.05483633396215737	2	false		none	0	218	1271	3dc9fdf38b30dbc8fc85609a32ca7280ae206529	22455c945576d28d86ac98a3b512327740b12f0cc3a3a6006ad1c59dfe9c9584	otf_sparse_formula	2026-09-25T15:22:10.594091Z	--arms unreal:gr1:oxidd	0.030000	24764416		8G	0			true		acacia-syntcomp26-coverage-3638921-130ad3ad0e43.scope
arm-6	robot-to-target-charging19.ltl	robot-to-target-charging19.tlsf	60	UNKNOWN	0.05069839197676629	2	false		none	0	218	1272	3dc9fdf38b30dbc8fc85609a32ca7280ae206529	22455c945576d28d86ac98a3b512327740b12f0cc3a3a6006ad1c59dfe9c9584	otf_sparse_formula	2026-09-25T15:22:10.659103Z	--arms unreal:gr1:oxidd	0.010000	24887296		8G	0			true		acacia-syntcomp26-coverage-3638921-8a1c6108500b.scope
arm-6	robot-to-target-charging2.ltl	robot-to-target-charging2.tlsf	60	UNKNOWN	0.044415412936359644	2	false		none	0	217	1273	3dc9fdf38b30dbc8fc85609a32ca7280ae206529	22455c945576d28d86ac98a3b512327740b12f0cc3a3a6006ad1c59dfe9c9584	otf_sparse_formula	2026-09-25T15:22:10.716978Z	--arms unreal:gr1:oxidd	0.010000	22298624		8G	0			true		acacia-syntcomp26-coverage-3638921-e78d4cf91044.scope
arm-6	robot-to-target-charging20.ltl	robot-to-target-charging20.tlsf	60	UNKNOWN	0.038160128984600306	2	false		none	0	218	1274	3dc9fdf38b30dbc8fc85609a32ca7280ae206529	22455c945576d28d86ac98a3b512327740b12f0cc3a3a6006ad1c59dfe9c9584	otf_sparse_formula	2026-09-25T15:22:10.774980Z	--arms unreal:gr1:oxidd	0.010000	24907776		8G	0			true		acacia-syntcomp26-coverage-3638921-fdec10b9a047.scope
arm-6	robot-to-target-charging21.ltl	robot-to-target-charging21.tlsf	60	UNKNOWN	0.051609694957733154	2	false		none	0	218	1275	3dc9fdf38b30dbc8fc85609a32ca7280ae206529	22455c945576d28d86ac98a3b512327740b12f0cc3a3a6006ad1c59dfe9c9584	otf_sparse_formula	2026-09-25T15:22:10.841519Z	--arms unreal:gr1:oxidd	0.020000	25231360		8G	0			true		acacia-syntcomp26-coverage-3638921-d795174c59d3.scope
arm-6	robot-to-target-charging22.ltl	robot-to-target-charging22.tlsf	60	UNKNOWN	0.060058193979784846	2	false		none	0	218	1276	3dc9fdf38b30dbc8fc85609a32ca7280ae206529	22455c945576d28d86ac98a3b512327740b12f0cc3a3a6006ad1c59dfe9c9584	otf_sparse_formula	2026-09-25T15:22:10.917273Z	--arms unreal:gr1:oxidd	0.020000	25346048		8G	0			true		acacia-syntcomp26-coverage-3638921-ef5dc511b423.scope
arm-6	robot-to-target-charging23.ltl	robot-to-target-charging23.tlsf	60	UNKNOWN	0.05926876189187169	2	false		none	0	218	1277	3dc9fdf38b30dbc8fc85609a32ca7280ae206529	22455c945576d28d86ac98a3b512327740b12f0cc3a3a6006ad1c59dfe9c9584	otf_sparse_formula	2026-09-25T15:22:10.998972Z	--arms unreal:gr1:oxidd	0.030000	25509888		8G	0			true		acacia-syntcomp26-coverage-3638921-e9ac37be9142.scope
arm-6	robot-to-target-charging24.ltl	robot-to-target-charging24.tlsf	60	UNKNOWN	0.05972972698509693	2	false		none	0	218	1278	3dc9fdf38b30dbc8fc85609a32ca7280ae206529	22455c945576d28d86ac98a3b512327740b12f0cc3a3a6006ad1c59dfe9c9584	otf_sparse_formula	2026-09-25T15:22:11.073415Z	--arms unreal:gr1:oxidd	0.030000	25632768		8G	0			true		acacia-syntcomp26-coverage-3638921-4dbe66c09166.scope
arm-6	robot-to-target-charging25.ltl	robot-to-target-charging25.tlsf	60	UNKNOWN	0.04511632502544671	2	false		none	0	218	1279	3dc9fdf38b30dbc8fc85609a32ca7280ae206529	22455c945576d28d86ac98a3b512327740b12f0cc3a3a6006ad1c59dfe9c9584	otf_sparse_formula	2026-09-25T15:22:11.133170Z	--arms unreal:gr1:oxidd	0.010000	25722880		8G	0			true		acacia-syntcomp26-coverage-3638921-0674cd9bb0b0.scope
arm-6	robot-to-target-charging3.ltl	robot-to-target-charging3.tlsf	60	UNKNOWN	0.05463383090682328	2	false		none	0	217	1280	3dc9fdf38b30dbc8fc85609a32ca7280ae206529	22455c945576d28d86ac98a3b512327740b12f0cc3a3a6006ad1c59dfe9c9584	otf_sparse_formula	2026-09-25T15:22:11.228844Z	--arms unreal:gr1:oxidd	0.020000	22376448		8G	0			true		acacia-syntcomp26-coverage-3638921-1a385e8c0d58.scope
arm-6	robot-to-target-charging4.ltl	robot-to-target-charging4.tlsf	60	UNKNOWN	0.04566439997870475	2	false		none	0	217	1281	3dc9fdf38b30dbc8fc85609a32ca7280ae206529	22455c945576d28d86ac98a3b512327740b12f0cc3a3a6006ad1c59dfe9c9584	otf_sparse_formula	2026-09-25T15:22:11.313711Z	--arms unreal:gr1:oxidd	0.000000	22601728		8G	0			true		acacia-syntcomp26-coverage-3638921-e4444cec8f49.scope
arm-6	robot-to-target-charging5.ltl	robot-to-target-charging5.tlsf	60	UNKNOWN	0.05399237899109721	2	false		none	0	217	1282	3dc9fdf38b30dbc8fc85609a32ca7280ae206529	22455c945576d28d86ac98a3b512327740b12f0cc3a3a6006ad1c59dfe9c9584	otf_sparse_formula	2026-09-25T15:22:11.404905Z	--arms unreal:gr1:oxidd	0.020000	22573056		8G	0			true		acacia-syntcomp26-coverage-3638921-6089bacc0954.scope
arm-6	robot-to-target-charging6.ltl	robot-to-target-charging6.tlsf	60	UNKNOWN	0.05441634904127568	2	false		none	0	217	1283	3dc9fdf38b30dbc8fc85609a32ca7280ae206529	22455c945576d28d86ac98a3b512327740b12f0cc3a3a6006ad1c59dfe9c9584	otf_sparse_formula	2026-09-25T15:22:11.499327Z	--arms unreal:gr1:oxidd	0.020000	22728704		8G	0			true		acacia-syntcomp26-coverage-3638921-6978e9e1081f.scope
arm-6	robot-to-target-charging7.ltl	robot-to-target-charging7.tlsf	60	UNKNOWN	0.05302146996837109	2	false		none	0	217	1284	3dc9fdf38b30dbc8fc85609a32ca7280ae206529	22455c945576d28d86ac98a3b512327740b12f0cc3a3a6006ad1c59dfe9c9584	otf_sparse_formula	2026-09-25T15:22:11.578312Z	--arms unreal:gr1:oxidd	0.010000	23175168		8G	0			true		acacia-syntcomp26-coverage-3638921-1fcaecf2029d.scope
arm-6	robot-to-target-charging8.ltl	robot-to-target-charging8.tlsf	60	UNKNOWN	0.047869979054667056	2	false		none	0	217	1285	3dc9fdf38b30dbc8fc85609a32ca7280ae206529	22455c945576d28d86ac98a3b512327740b12f0cc3a3a6006ad1c59dfe9c9584	otf_sparse_formula	2026-09-25T15:22:11.651337Z	--arms unreal:gr1:oxidd	0.010000	23343104		8G	0			true		acacia-syntcomp26-coverage-3638921-2f5e55802c5a.scope
arm-6	robot-to-target-charging9.ltl	robot-to-target-charging9.tlsf	60	UNKNOWN	0.05370020808186382	2	false		none	0	217	1286	3dc9fdf38b30dbc8fc85609a32ca7280ae206529	22455c945576d28d86ac98a3b512327740b12f0cc3a3a6006ad1c59dfe9c9584	otf_sparse_formula	2026-09-25T15:22:11.743703Z	--arms unreal:gr1:oxidd	0.010000	23445504		8G	0			true		acacia-syntcomp26-coverage-3638921-e3259b6b7a3e.scope
arm-6	robot-to-target-unreal0.ltl	robot-to-target-unreal0.tlsf	60	UNKNOWN	0.22081674193032086	2	false		none	0	218	1287	3dc9fdf38b30dbc8fc85609a32ca7280ae206529	22455c945576d28d86ac98a3b512327740b12f0cc3a3a6006ad1c59dfe9c9584	otf_sparse_formula	2026-09-25T15:22:11.977633Z	--arms unreal:gr1:oxidd	0.190000	109080576		8G	0			true		acacia-syntcomp26-coverage-3638921-b546b7900159.scope
arm-6	robot-to-target0.ltl	robot-to-target0.tlsf	60	UNKNOWN	0.2198852760484442	2	false		none	0	218	1288	3dc9fdf38b30dbc8fc85609a32ca7280ae206529	22455c945576d28d86ac98a3b512327740b12f0cc3a3a6006ad1c59dfe9c9584	otf_sparse_formula	2026-09-25T15:22:12.210823Z	--arms unreal:gr1:oxidd	0.190000	115236864		8G	0			true		acacia-syntcomp26-coverage-3638921-16b98b5085fe.scope
arm-6	robot_analyze_samples_v1-real.ltl	robot_analyze_samples_v1-real.tlsf	60	UNKNOWN	0.049788585980422795	2	false		none	0	216	1289	3dc9fdf38b30dbc8fc85609a32ca7280ae206529	22455c945576d28d86ac98a3b512327740b12f0cc3a3a6006ad1c59dfe9c9584	otf_sparse_formula	2026-09-25T15:22:12.289294Z	--arms unreal:gr1:oxidd	0.020000	22806528		8G	0			true		acacia-syntcomp26-coverage-3638921-b3f394d93422.scope
arm-6	robot_collect_samples_v1-real.ltl	robot_collect_samples_v1-real.tlsf	60	UNKNOWN	0.056301526026800275	2	false		none	0	237	1290	3dc9fdf38b30dbc8fc85609a32ca7280ae206529	22455c945576d28d86ac98a3b512327740b12f0cc3a3a6006ad1c59dfe9c9584	otf_sparse_formula	2026-09-25T15:22:12.384157Z	--arms unreal:gr1:oxidd	0.020000	22298624		8G	0			true		acacia-syntcomp26-coverage-3638921-8d85addf5ff8.scope
arm-6	robot_collect_samples_v2-real.ltl	robot_collect_samples_v2-real.tlsf	60	UNKNOWN	0.04318925703410059	2	false		none	0	193	1291	3dc9fdf38b30dbc8fc85609a32ca7280ae206529	22455c945576d28d86ac98a3b512327740b12f0cc3a3a6006ad1c59dfe9c9584	otf_sparse_formula	2026-09-25T15:22:12.469551Z	--arms unreal:gr1:oxidd	0.000000	21827584		8G	0			true		acacia-syntcomp26-coverage-3638921-c737a1d4ed4c.scope
arm-6	robot_collect_samples_v3-real.ltl	robot_collect_samples_v3-real.tlsf	60	UNKNOWN	0.05582550703547895	2	false		none	0	239	1292	3dc9fdf38b30dbc8fc85609a32ca7280ae206529	22455c945576d28d86ac98a3b512327740b12f0cc3a3a6006ad1c59dfe9c9584	otf_sparse_formula	2026-09-25T15:22:12.553411Z	--arms unreal:gr1:oxidd	0.020000	23511040		8G	0			true		acacia-syntcomp26-coverage-3638921-9a5e0b32b793.scope
arm-6	robot_collect_samples_v4-real.ltl	robot_collect_samples_v4-real.tlsf	60	UNKNOWN	0.05652945605106652	2	false		none	0	218	1293	3dc9fdf38b30dbc8fc85609a32ca7280ae206529	22455c945576d28d86ac98a3b512327740b12f0cc3a3a6006ad1c59dfe9c9584	otf_sparse_formula	2026-09-25T15:22:12.634774Z	--arms unreal:gr1:oxidd	0.020000	23289856		8G	0			true		acacia-syntcomp26-coverage-3638921-bb023710f004.scope
arm-6	robot_deliver_products_1-real.ltl	robot_deliver_products_1-real.tlsf	60	UNKNOWN	0.05541238805744797	2	false		none	0	217	1294	3dc9fdf38b30dbc8fc85609a32ca7280ae206529	22455c945576d28d86ac98a3b512327740b12f0cc3a3a6006ad1c59dfe9c9584	otf_sparse_formula	2026-09-25T15:22:12.712327Z	--arms unreal:gr1:oxidd	0.020000	23666688		8G	0			true		acacia-syntcomp26-coverage-3638921-491aafb8c1b9.scope
arm-6	robot_deliver_products_20.ltl	robot_deliver_products_20.tlsf	60	UNKNOWN	0.056585924001410604	2	false		none	0	238	1295	3dc9fdf38b30dbc8fc85609a32ca7280ae206529	22455c945576d28d86ac98a3b512327740b12f0cc3a3a6006ad1c59dfe9c9584	otf_sparse_formula	2026-09-25T15:22:12.782653Z	--arms unreal:gr1:oxidd	0.020000	27836416		8G	0			true		acacia-syntcomp26-coverage-3638921-f85235c61e12.scope
arm-6	robot_deliver_products_30.ltl	robot_deliver_products_30.tlsf	60	UNKNOWN	0.06446298805531114	2	false		none	0	217	1296	3dc9fdf38b30dbc8fc85609a32ca7280ae206529	22455c945576d28d86ac98a3b512327740b12f0cc3a3a6006ad1c59dfe9c9584	otf_sparse_formula	2026-09-25T15:22:12.860323Z	--arms unreal:gr1:oxidd	0.040000	28893184		8G	0			true		acacia-syntcomp26-coverage-3638921-a9d461894580.scope
arm-6	robot_deliver_products_40.ltl	robot_deliver_products_40.tlsf	60	UNKNOWN	0.04923315602354705	2	false		none	0	216	1297	3dc9fdf38b30dbc8fc85609a32ca7280ae206529	22455c945576d28d86ac98a3b512327740b12f0cc3a3a6006ad1c59dfe9c9584	otf_sparse_formula	2026-09-25T15:22:12.921884Z	--arms unreal:gr1:oxidd	0.020000	31776768		8G	0			true		acacia-syntcomp26-coverage-3638921-a799e06b29a3.scope
arm-6	robot_deliver_products_50.ltl	robot_deliver_products_50.tlsf	60	UNKNOWN	0.07424406998325139	2	false		none	0	194	1298	3dc9fdf38b30dbc8fc85609a32ca7280ae206529	22455c945576d28d86ac98a3b512327740b12f0cc3a3a6006ad1c59dfe9c9584	otf_sparse_formula	2026-09-25T15:22:13.017237Z	--arms unreal:gr1:oxidd	0.040000	33288192		8G	0			true		acacia-syntcomp26-coverage-3638921-63a7c4c0c637.scope
arm-6	robot_grid_pb_2_2_pe_.ltl	robot_grid_pb_2_2_pe_.tlsf	60	UNKNOWN	1.0153197010513395	2	false		status	0	128	1299	3dc9fdf38b30dbc8fc85609a32ca7280ae206529	22455c945576d28d86ac98a3b512327740b12f0cc3a3a6006ad1c59dfe9c9584	otf_sparse_formula	2026-09-25T15:22:14.045279Z	--arms unreal:gr1:oxidd	0.980000	61685760		8G	0			true		acacia-syntcomp26-coverage-3638921-b8edb9d36db7.scope
arm-6	robot_grid_pb_3_3_pe_.ltl	robot_grid_pb_3_3_pe_.tlsf	60	TIMEOUT	60.07984568201937	124	true	timeout	none	0	8	1300	3dc9fdf38b30dbc8fc85609a32ca7280ae206529	22455c945576d28d86ac98a3b512327740b12f0cc3a3a6006ad1c59dfe9c9584	otf_sparse_formula	2026-09-25T15:23:14.139135Z	--arms unreal:gr1:oxidd				8G	0			true		acacia-syntcomp26-coverage-3638921-618fb43c1c84.scope
arm-6	robot_grid_pb_4_4_pe_.ltl	robot_grid_pb_4_4_pe_.tlsf	60	TIMEOUT	60.09189952700399	124	true	timeout	status	0	8	1301	3dc9fdf38b30dbc8fc85609a32ca7280ae206529	22455c945576d28d86ac98a3b512327740b12f0cc3a3a6006ad1c59dfe9c9584	otf_sparse_formula	2026-09-25T15:24:14.245064Z	--arms unreal:gr1:oxidd				8G	0			true		acacia-syntcomp26-coverage-3638921-ed72c6c53a8f.scope
arm-6	robot_grid_pb_5_1_pe_.ltl	robot_grid_pb_5_1_pe_.tlsf	60	UNKNOWN	26.48106004402507	2	false		status	0	130	1302	3dc9fdf38b30dbc8fc85609a32ca7280ae206529	22455c945576d28d86ac98a3b512327740b12f0cc3a3a6006ad1c59dfe9c9584	otf_sparse_formula	2026-09-25T15:24:40.745777Z	--arms unreal:gr1:oxidd	27.420000	328781824		8G	0			true		acacia-syntcomp26-coverage-3638921-568a681d8032.scope
arm-6	robot_grid_pb_5_5_pe_.ltl	robot_grid_pb_5_5_pe_.tlsf	60	TIMEOUT	60.07931402698159	124	true	timeout	none	0	8	1303	3dc9fdf38b30dbc8fc85609a32ca7280ae206529	22455c945576d28d86ac98a3b512327740b12f0cc3a3a6006ad1c59dfe9c9584	otf_sparse_formula	2026-09-25T15:25:40.838510Z	--arms unreal:gr1:oxidd				8G	0			true		acacia-syntcomp26-coverage-3638921-e993e74a9c8f.scope
arm-6	robot_grid_pb_6_1_pe_.ltl	robot_grid_pb_6_1_pe_.tlsf	60	UNKNOWN	17.780787587049417	2	false		status	0	107	1304	3dc9fdf38b30dbc8fc85609a32ca7280ae206529	22455c945576d28d86ac98a3b512327740b12f0cc3a3a6006ad1c59dfe9c9584	otf_sparse_formula	2026-09-25T15:25:58.632769Z	--arms unreal:gr1:oxidd	17.920000	192237568		8G	0			true		acacia-syntcomp26-coverage-3638921-f4fabbac0d70.scope
arm-6	robot_grid_pb_6_6_pe_.ltl	robot_grid_pb_6_6_pe_.tlsf	60	UNKNOWN	13.799212372978218	2	false		none	0	122	1305	3dc9fdf38b30dbc8fc85609a32ca7280ae206529	22455c945576d28d86ac98a3b512327740b12f0cc3a3a6006ad1c59dfe9c9584	otf_sparse_formula	2026-09-25T15:26:12.445745Z	--arms unreal:gr1:oxidd	13.720000	4332802048		8G	0			true		acacia-syntcomp26-coverage-3638921-f70dc892999a.scope
arm-6	robot_grid_pb_7_7_pe_.ltl	robot_grid_pb_7_7_pe_.tlsf	60	UNKNOWN	13.625409092986956	2	false		none	0	122	1306	3dc9fdf38b30dbc8fc85609a32ca7280ae206529	22455c945576d28d86ac98a3b512327740b12f0cc3a3a6006ad1c59dfe9c9584	otf_sparse_formula	2026-09-25T15:26:26.087166Z	--arms unreal:gr1:oxidd	13.560000	4441546752		8G	0			true		acacia-syntcomp26-coverage-3638921-6abed32c617d.scope
arm-6	robot_grid_pb_8_8_pe_.ltl	robot_grid_pb_8_8_pe_.tlsf	60	UNKNOWN	16.438040001085028	2	false		none	0	122	1307	3dc9fdf38b30dbc8fc85609a32ca7280ae206529	22455c945576d28d86ac98a3b512327740b12f0cc3a3a6006ad1c59dfe9c9584	otf_sparse_formula	2026-09-25T15:26:42.539974Z	--arms unreal:gr1:oxidd	16.370000	4613627904		8G	0			true		acacia-syntcomp26-coverage-3638921-d185aefe5e5e.scope
arm-6	robot_repair0.ltl	robot_repair0.tlsf	60	UNKNOWN	0.04779105295892805	2	false		none	0	217	1308	3dc9fdf38b30dbc8fc85609a32ca7280ae206529	22455c945576d28d86ac98a3b512327740b12f0cc3a3a6006ad1c59dfe9c9584	otf_sparse_formula	2026-09-25T15:26:42.611002Z	--arms unreal:gr1:oxidd	0.010000	23351296		8G	0			true		acacia-syntcomp26-coverage-3638921-7044dd4b95e2.scope
arm-6	robot_repair1.ltl	robot_repair1.tlsf	60	UNKNOWN	0.04481271200347692	2	false		none	0	217	1309	3dc9fdf38b30dbc8fc85609a32ca7280ae206529	22455c945576d28d86ac98a3b512327740b12f0cc3a3a6006ad1c59dfe9c9584	otf_sparse_formula	2026-09-25T15:26:42.681349Z	--arms unreal:gr1:oxidd	0.010000	23822336		8G	0			true		acacia-syntcomp26-coverage-3638921-3c7a97ba5d23.scope
arm-6	robot_repair2.ltl	robot_repair2.tlsf	60	UNKNOWN	0.06051731400657445	2	false		none	0	217	1310	3dc9fdf38b30dbc8fc85609a32ca7280ae206529	22455c945576d28d86ac98a3b512327740b12f0cc3a3a6006ad1c59dfe9c9584	otf_sparse_formula	2026-09-25T15:26:42.767556Z	--arms unreal:gr1:oxidd	0.020000	23769088		8G	0			true		acacia-syntcomp26-coverage-3638921-613e8ac733df.scope
arm-6	robot_repair3.ltl	robot_repair3.tlsf	60	UNKNOWN	0.046777132083661854	2	false		none	0	217	1311	3dc9fdf38b30dbc8fc85609a32ca7280ae206529	22455c945576d28d86ac98a3b512327740b12f0cc3a3a6006ad1c59dfe9c9584	otf_sparse_formula	2026-09-25T15:26:42.839760Z	--arms unreal:gr1:oxidd	0.010000	23953408		8G	0			true		acacia-syntcomp26-coverage-3638921-0af963f25594.scope
arm-6	robot_repair4.ltl	robot_repair4.tlsf	60	UNKNOWN	0.0628623419906944	2	false		none	0	217	1312	3dc9fdf38b30dbc8fc85609a32ca7280ae206529	22455c945576d28d86ac98a3b512327740b12f0cc3a3a6006ad1c59dfe9c9584	otf_sparse_formula	2026-09-25T15:26:42.927290Z	--arms unreal:gr1:oxidd	0.020000	24055808		8G	0			true		acacia-syntcomp26-coverage-3638921-89c27b11cd23.scope
arm-6	robot_repair5.ltl	robot_repair5.tlsf	60	UNKNOWN	0.0650319040287286	2	false		none	0	217	1313	3dc9fdf38b30dbc8fc85609a32ca7280ae206529	22455c945576d28d86ac98a3b512327740b12f0cc3a3a6006ad1c59dfe9c9584	otf_sparse_formula	2026-09-25T15:26:43.008165Z	--arms unreal:gr1:oxidd	0.030000	29024256		8G	0			true		acacia-syntcomp26-coverage-3638921-dd99b7bd48fb.scope
arm-6	robot_running-real.ltl	robot_running-real.tlsf	60	UNKNOWN	0.04253690503537655	2	false		none	0	237	1314	3dc9fdf38b30dbc8fc85609a32ca7280ae206529	22455c945576d28d86ac98a3b512327740b12f0cc3a3a6006ad1c59dfe9c9584	otf_sparse_formula	2026-09-25T15:26:43.065008Z	--arms unreal:gr1:oxidd	0.020000	22724608		8G	0			true		acacia-syntcomp26-coverage-3638921-5deb7d077f97.scope
arm-6	round_robin_arbiter_pb_10_pe_.ltl	round_robin_arbiter_pb_10_pe_.tlsf	60	UNKNOWN	34.78815468400717	2	false		none	0	107	1315	3dc9fdf38b30dbc8fc85609a32ca7280ae206529	22455c945576d28d86ac98a3b512327740b12f0cc3a3a6006ad1c59dfe9c9584	otf_sparse_formula	2026-09-25T15:27:17.866458Z	--arms unreal:gr1:oxidd	37.510000	205438976		8G	0			true		acacia-syntcomp26-coverage-3638921-113c9222bbe6.scope
arm-6	round_robin_arbiter_pb_2_pe_.ltl	round_robin_arbiter_pb_2_pe_.tlsf	60	UNKNOWN	0.03367300203535706	2	false		status	0	128	1316	3dc9fdf38b30dbc8fc85609a32ca7280ae206529	22455c945576d28d86ac98a3b512327740b12f0cc3a3a6006ad1c59dfe9c9584	otf_sparse_formula	2026-09-25T15:27:17.913198Z	--arms unreal:gr1:oxidd	0.000000	45002752		8G	0			true		acacia-syntcomp26-coverage-3638921-25368e1d56b6.scope
arm-6	round_robin_arbiter_pb_3_pe_.ltl	round_robin_arbiter_pb_3_pe_.tlsf	60	UNKNOWN	0.04804580402560532	2	false		status	0	128	1317	3dc9fdf38b30dbc8fc85609a32ca7280ae206529	22455c945576d28d86ac98a3b512327740b12f0cc3a3a6006ad1c59dfe9c9584	otf_sparse_formula	2026-09-25T15:27:17.975601Z	--arms unreal:gr1:oxidd	0.010000	45109248		8G	0			true		acacia-syntcomp26-coverage-3638921-5dee4c74895b.scope
arm-6	round_robin_arbiter_pb_4_pe_.ltl	round_robin_arbiter_pb_4_pe_.tlsf	60	UNKNOWN	0.06457767204847187	2	false		status	0	128	1318	3dc9fdf38b30dbc8fc85609a32ca7280ae206529	22455c945576d28d86ac98a3b512327740b12f0cc3a3a6006ad1c59dfe9c9584	otf_sparse_formula	2026-09-25T15:27:18.058255Z	--arms unreal:gr1:oxidd	0.030000	48164864		8G	0			true		acacia-syntcomp26-coverage-3638921-874b6da545c1.scope
arm-6	round_robin_arbiter_pb_5_pe_.ltl	round_robin_arbiter_pb_5_pe_.tlsf	60	UNKNOWN	0.13660772400908172	2	false		status	0	128	1319	3dc9fdf38b30dbc8fc85609a32ca7280ae206529	22455c945576d28d86ac98a3b512327740b12f0cc3a3a6006ad1c59dfe9c9584	otf_sparse_formula	2026-09-25T15:27:18.208430Z	--arms unreal:gr1:oxidd	0.110000	59813888		8G	0			true		acacia-syntcomp26-coverage-3638921-3ddb18d83d58.scope
arm-6	round_robin_arbiter_pb_6_pe_.ltl	round_robin_arbiter_pb_6_pe_.tlsf	60	UNKNOWN	0.46025729598477483	2	false		status	0	129	1320	3dc9fdf38b30dbc8fc85609a32ca7280ae206529	22455c945576d28d86ac98a3b512327740b12f0cc3a3a6006ad1c59dfe9c9584	otf_sparse_formula	2026-09-25T15:27:18.682646Z	--arms unreal:gr1:oxidd	0.430000	102920192		8G	0			true		acacia-syntcomp26-coverage-3638921-8f676ad32595.scope
arm-6	round_robin_arbiter_pb_7_pe_.ltl	round_robin_arbiter_pb_7_pe_.tlsf	60	UNKNOWN	2.9275936579797417	2	false		status	0	129	1321	3dc9fdf38b30dbc8fc85609a32ca7280ae206529	22455c945576d28d86ac98a3b512327740b12f0cc3a3a6006ad1c59dfe9c9584	otf_sparse_formula	2026-09-25T15:27:21.627580Z	--arms unreal:gr1:oxidd	3.080000	172871680		8G	0			true		acacia-syntcomp26-coverage-3638921-c28722f7c2e7.scope
arm-6	round_robin_arbiter_pb_8_pe_.ltl	round_robin_arbiter_pb_8_pe_.tlsf	60	UNKNOWN	25.01475463702809	2	false		none	0	130	1322	3dc9fdf38b30dbc8fc85609a32ca7280ae206529	22455c945576d28d86ac98a3b512327740b12f0cc3a3a6006ad1c59dfe9c9584	otf_sparse_formula	2026-09-25T15:27:46.656503Z	--arms unreal:gr1:oxidd	26.860000	195117056		8G	0			true		acacia-syntcomp26-coverage-3638921-6503cf6604d4.scope
arm-6	round_robin_arbiter_unreal1_pb_2_10_pe_.ltl	round_robin_arbiter_unreal1_pb_2_10_pe_.tlsf	60	UNREALIZABLE	7.497927568969317	1	false		status	13	31	1323	3dc9fdf38b30dbc8fc85609a32ca7280ae206529	22455c945576d28d86ac98a3b512327740b12f0cc3a3a6006ad1c59dfe9c9584	otf_sparse_formula	2026-09-25T15:27:54.177438Z	--arms unreal:gr1:oxidd	7.420000	248037376		8G	0			true		acacia-syntcomp26-coverage-3638921-d58a7807b243.scope
arm-6	round_robin_arbiter_unreal1_pb_2_11_pe_.ltl	round_robin_arbiter_unreal1_pb_2_11_pe_.tlsf	60	UNREALIZABLE	55.05732070398517	1	false		status	13	32	1324	3dc9fdf38b30dbc8fc85609a32ca7280ae206529	22455c945576d28d86ac98a3b512327740b12f0cc3a3a6006ad1c59dfe9c9584	otf_sparse_formula	2026-09-25T15:28:49.249949Z	--arms unreal:gr1:oxidd	58.510000	890077184		8G	0			true		acacia-syntcomp26-coverage-3638921-0a2aa4153f18.scope
arm-6	round_robin_arbiter_unreal1_pb_2_12_pe_.ltl	round_robin_arbiter_unreal1_pb_2_12_pe_.tlsf	60	TIMEOUT	60.127560926019214	124	true	timeout	status	0	8	1325	3dc9fdf38b30dbc8fc85609a32ca7280ae206529	22455c945576d28d86ac98a3b512327740b12f0cc3a3a6006ad1c59dfe9c9584	otf_sparse_formula	2026-09-25T15:29:49.391636Z	--arms unreal:gr1:oxidd				8G	0			true		acacia-syntcomp26-coverage-3638921-c0c72c34a563.scope
arm-6	round_robin_arbiter_unreal1_pb_2_13_pe_.ltl	round_robin_arbiter_unreal1_pb_2_13_pe_.tlsf	60	TIMEOUT	60.23154298902955	124	true	timeout	status	0	8	1326	3dc9fdf38b30dbc8fc85609a32ca7280ae206529	22455c945576d28d86ac98a3b512327740b12f0cc3a3a6006ad1c59dfe9c9584	otf_sparse_formula	2026-09-25T15:30:49.656621Z	--arms unreal:gr1:oxidd				8G	0			true		acacia-syntcomp26-coverage-3638921-5b386c34633b.scope
arm-6	round_robin_arbiter_unreal1_pb_2_14_pe_.ltl	round_robin_arbiter_unreal1_pb_2_14_pe_.tlsf	60	TIMEOUT	60.28531188797206	124	true	timeout	status	0	8	1327	3dc9fdf38b30dbc8fc85609a32ca7280ae206529	22455c945576d28d86ac98a3b512327740b12f0cc3a3a6006ad1c59dfe9c9584	otf_sparse_formula	2026-09-25T15:31:49.981458Z	--arms unreal:gr1:oxidd				8G	0			true		acacia-syntcomp26-coverage-3638921-7258ebf004cc.scope
arm-6	round_robin_arbiter_unreal1_pb_2_15_pe_.ltl	round_robin_arbiter_unreal1_pb_2_15_pe_.tlsf	60	TIMEOUT	60.19621052395087	124	true	timeout	status	0	8	1328	3dc9fdf38b30dbc8fc85609a32ca7280ae206529	22455c945576d28d86ac98a3b512327740b12f0cc3a3a6006ad1c59dfe9c9584	otf_sparse_formula	2026-09-25T15:32:50.190681Z	--arms unreal:gr1:oxidd				8G	0			true		acacia-syntcomp26-coverage-3638921-d196f1abb4c5.scope
arm-6	round_robin_arbiter_unreal1_pb_2_16_pe_.ltl	round_robin_arbiter_unreal1_pb_2_16_pe_.tlsf	60	TIMEOUT	60.23316426598467	124	true	timeout	status	0	8	1329	3dc9fdf38b30dbc8fc85609a32ca7280ae206529	22455c945576d28d86ac98a3b512327740b12f0cc3a3a6006ad1c59dfe9c9584	otf_sparse_formula	2026-09-25T15:33:50.466937Z	--arms unreal:gr1:oxidd				8G	0			true		acacia-syntcomp26-coverage-3638921-71fd8fd5459b.scope
arm-6	round_robin_arbiter_unreal1_pb_2_1_pe_.ltl	round_robin_arbiter_unreal1_pb_2_1_pe_.tlsf	60	UNREALIZABLE	0.06691066094208509	1	false		status	13	30	1330	3dc9fdf38b30dbc8fc85609a32ca7280ae206529	22455c945576d28d86ac98a3b512327740b12f0cc3a3a6006ad1c59dfe9c9584	otf_sparse_formula	2026-09-25T15:33:50.547787Z	--arms unreal:gr1:oxidd	0.040000	45182976		8G	0			true		acacia-syntcomp26-coverage-3638921-3c9795ba42b6.scope
arm-6	round_robin_arbiter_unreal1_pb_2_2_pe_.ltl	round_robin_arbiter_unreal1_pb_2_2_pe_.tlsf	60	UNREALIZABLE	0.055749040096998215	1	false		status	13	30	1331	3dc9fdf38b30dbc8fc85609a32ca7280ae206529	22455c945576d28d86ac98a3b512327740b12f0cc3a3a6006ad1c59dfe9c9584	otf_sparse_formula	2026-09-25T15:33:50.617537Z	--arms unreal:gr1:oxidd	0.040000	45559808		8G	0			true		acacia-syntcomp26-coverage-3638921-48b14739781b.scope
arm-6	round_robin_arbiter_unreal1_pb_2_3_pe_.ltl	round_robin_arbiter_unreal1_pb_2_3_pe_.tlsf	60	UNREALIZABLE	0.05474144499748945	1	false		status	13	30	1332	3dc9fdf38b30dbc8fc85609a32ca7280ae206529	22455c945576d28d86ac98a3b512327740b12f0cc3a3a6006ad1c59dfe9c9584	otf_sparse_formula	2026-09-25T15:33:50.686347Z	--arms unreal:gr1:oxidd	0.030000	45395968		8G	0			true		acacia-syntcomp26-coverage-3638921-45ecd54255c6.scope
arm-6	round_robin_arbiter_unreal1_pb_2_4_pe_.ltl	round_robin_arbiter_unreal1_pb_2_4_pe_.tlsf	60	UNREALIZABLE	0.06611415697261691	1	false		status	13	30	1333	3dc9fdf38b30dbc8fc85609a32ca7280ae206529	22455c945576d28d86ac98a3b512327740b12f0cc3a3a6006ad1c59dfe9c9584	otf_sparse_formula	2026-09-25T15:33:50.765651Z	--arms unreal:gr1:oxidd	0.030000	45830144		8G	0			true		acacia-syntcomp26-coverage-3638921-39cac677f076.scope
arm-6	round_robin_arbiter_unreal1_pb_2_5_pe_.ltl	round_robin_arbiter_unreal1_pb_2_5_pe_.tlsf	60	UNREALIZABLE	0.08956912206485868	1	false		status	13	30	1334	3dc9fdf38b30dbc8fc85609a32ca7280ae206529	22455c945576d28d86ac98a3b512327740b12f0cc3a3a6006ad1c59dfe9c9584	otf_sparse_formula	2026-09-25T15:33:50.869943Z	--arms unreal:gr1:oxidd	0.060000	46346240		8G	0			true		acacia-syntcomp26-coverage-3638921-937abfe9b358.scope
arm-6	round_robin_arbiter_unreal1_pb_2_6_pe_.ltl	round_robin_arbiter_unreal1_pb_2_6_pe_.tlsf	60	UNREALIZABLE	0.10588213009759784	1	false		status	13	30	1335	3dc9fdf38b30dbc8fc85609a32ca7280ae206529	22455c945576d28d86ac98a3b512327740b12f0cc3a3a6006ad1c59dfe9c9584	otf_sparse_formula	2026-09-25T15:33:50.989638Z	--arms unreal:gr1:oxidd	0.080000	48267264		8G	0			true		acacia-syntcomp26-coverage-3638921-ecc41ce376b2.scope
arm-6	round_robin_arbiter_unreal1_pb_2_7_pe_.ltl	round_robin_arbiter_unreal1_pb_2_7_pe_.tlsf	60	UNREALIZABLE	0.1759098160546273	1	false		status	13	30	1336	3dc9fdf38b30dbc8fc85609a32ca7280ae206529	22455c945576d28d86ac98a3b512327740b12f0cc3a3a6006ad1c59dfe9c9584	otf_sparse_formula	2026-09-25T15:33:51.178771Z	--arms unreal:gr1:oxidd	0.160000	50413568		8G	0			true		acacia-syntcomp26-coverage-3638921-c31672128a0b.scope
arm-6	round_robin_arbiter_unreal1_pb_2_8_pe_.ltl	round_robin_arbiter_unreal1_pb_2_8_pe_.tlsf	60	UNREALIZABLE	0.35505722602829337	1	false		status	13	30	1337	3dc9fdf38b30dbc8fc85609a32ca7280ae206529	22455c945576d28d86ac98a3b512327740b12f0cc3a3a6006ad1c59dfe9c9584	otf_sparse_formula	2026-09-25T15:33:51.547491Z	--arms unreal:gr1:oxidd	0.330000	60944384		8G	0			true		acacia-syntcomp26-coverage-3638921-768bff609042.scope
arm-6	round_robin_arbiter_unreal1_pb_2_9_pe_.ltl	round_robin_arbiter_unreal1_pb_2_9_pe_.tlsf	60	UNREALIZABLE	0.9526688259793445	1	false		status	13	30	1338	3dc9fdf38b30dbc8fc85609a32ca7280ae206529	22455c945576d28d86ac98a3b512327740b12f0cc3a3a6006ad1c59dfe9c9584	otf_sparse_formula	2026-09-25T15:33:52.512793Z	--arms unreal:gr1:oxidd	0.920000	82649088		8G	0			true		acacia-syntcomp26-coverage-3638921-4feab9e038c0.scope
arm-6	round_robin_arbiter_unreal1_pb_3_10_pe_.ltl	round_robin_arbiter_unreal1_pb_3_10_pe_.tlsf	60	TIMEOUT	60.055153566994704	124	true	timeout	status	0	8	1339	3dc9fdf38b30dbc8fc85609a32ca7280ae206529	22455c945576d28d86ac98a3b512327740b12f0cc3a3a6006ad1c59dfe9c9584	otf_sparse_formula	2026-09-25T15:34:52.613293Z	--arms unreal:gr1:oxidd				8G	0			true		acacia-syntcomp26-coverage-3638921-75f0ff577428.scope
arm-6	round_robin_arbiter_unreal1_pb_3_11_pe_.ltl	round_robin_arbiter_unreal1_pb_3_11_pe_.tlsf	60	TIMEOUT	60.10473647899926	124	true	timeout	status	0	8	1340	3dc9fdf38b30dbc8fc85609a32ca7280ae206529	22455c945576d28d86ac98a3b512327740b12f0cc3a3a6006ad1c59dfe9c9584	otf_sparse_formula	2026-09-25T15:35:52.736725Z	--arms unreal:gr1:oxidd				8G	0			true		acacia-syntcomp26-coverage-3638921-e3578ffd37fe.scope
arm-6	round_robin_arbiter_unreal1_pb_3_12_pe_.ltl	round_robin_arbiter_unreal1_pb_3_12_pe_.tlsf	60	TIMEOUT	60.186377628007904	124	true	timeout	status	0	8	1341	3dc9fdf38b30dbc8fc85609a32ca7280ae206529	22455c945576d28d86ac98a3b512327740b12f0cc3a3a6006ad1c59dfe9c9584	otf_sparse_formula	2026-09-25T15:36:52.957195Z	--arms unreal:gr1:oxidd				8G	0			true		acacia-syntcomp26-coverage-3638921-0ee71b9b6303.scope
arm-6	round_robin_arbiter_unreal1_pb_3_13_pe_.ltl	round_robin_arbiter_unreal1_pb_3_13_pe_.tlsf	60	TIMEOUT	60.23951291304547	124	true	timeout	status	0	8	1342	3dc9fdf38b30dbc8fc85609a32ca7280ae206529	22455c945576d28d86ac98a3b512327740b12f0cc3a3a6006ad1c59dfe9c9584	otf_sparse_formula	2026-09-25T15:37:53.238245Z	--arms unreal:gr1:oxidd				8G	0			true		acacia-syntcomp26-coverage-3638921-8fbf34c827d7.scope
arm-6	round_robin_arbiter_unreal1_pb_3_14_pe_.ltl	round_robin_arbiter_unreal1_pb_3_14_pe_.tlsf	60	TIMEOUT	60.22798880201299	124	true	timeout	status	0	8	1343	3dc9fdf38b30dbc8fc85609a32ca7280ae206529	22455c945576d28d86ac98a3b512327740b12f0cc3a3a6006ad1c59dfe9c9584	otf_sparse_formula	2026-09-25T15:38:53.479108Z	--arms unreal:gr1:oxidd				8G	0			true		acacia-syntcomp26-coverage-3638921-5048a9001625.scope
arm-6	round_robin_arbiter_unreal1_pb_3_15_pe_.ltl	round_robin_arbiter_unreal1_pb_3_15_pe_.tlsf	60	TIMEOUT	60.22895382903516	124	true	timeout	status	0	8	1344	3dc9fdf38b30dbc8fc85609a32ca7280ae206529	22455c945576d28d86ac98a3b512327740b12f0cc3a3a6006ad1c59dfe9c9584	otf_sparse_formula	2026-09-25T15:39:53.732966Z	--arms unreal:gr1:oxidd				8G	0			true		acacia-syntcomp26-coverage-3638921-4321812365bc.scope
arm-6	round_robin_arbiter_unreal1_pb_3_16_pe_.ltl	round_robin_arbiter_unreal1_pb_3_16_pe_.tlsf	60	TIMEOUT	60.17331117205322	124	true	timeout	status	0	8	1345	3dc9fdf38b30dbc8fc85609a32ca7280ae206529	22455c945576d28d86ac98a3b512327740b12f0cc3a3a6006ad1c59dfe9c9584	otf_sparse_formula	2026-09-25T15:40:53.929485Z	--arms unreal:gr1:oxidd				8G	0			true		acacia-syntcomp26-coverage-3638921-fc02ea5ebcf2.scope
arm-6	round_robin_arbiter_unreal1_pb_3_1_pe_.ltl	round_robin_arbiter_unreal1_pb_3_1_pe_.tlsf	60	UNREALIZABLE	0.10232576599810272	1	false		status	13	30	1346	3dc9fdf38b30dbc8fc85609a32ca7280ae206529	22455c945576d28d86ac98a3b512327740b12f0cc3a3a6006ad1c59dfe9c9584	otf_sparse_formula	2026-09-25T15:40:54.045262Z	--arms unreal:gr1:oxidd	0.070000	48160768		8G	0			true		acacia-syntcomp26-coverage-3638921-66700e006610.scope
arm-6	round_robin_arbiter_unreal1_pb_3_20_pe_.ltl	round_robin_arbiter_unreal1_pb_3_20_pe_.tlsf	60	TIMEOUT	60.228601673967205	124	true	timeout	status	0	8	1347	3dc9fdf38b30dbc8fc85609a32ca7280ae206529	22455c945576d28d86ac98a3b512327740b12f0cc3a3a6006ad1c59dfe9c9584	otf_sparse_formula	2026-09-25T15:41:54.285808Z	--arms unreal:gr1:oxidd				8G	0			true		acacia-syntcomp26-coverage-3638921-3bdc6182601e.scope
arm-6	round_robin_arbiter_unreal1_pb_3_22_pe_.ltl	round_robin_arbiter_unreal1_pb_3_22_pe_.tlsf	60	TIMEOUT	60.17852055700496	124	true	timeout	status	0	8	1348	3dc9fdf38b30dbc8fc85609a32ca7280ae206529	22455c945576d28d86ac98a3b512327740b12f0cc3a3a6006ad1c59dfe9c9584	otf_sparse_formula	2026-09-25T15:42:54.478940Z	--arms unreal:gr1:oxidd				8G	0			true		acacia-syntcomp26-coverage-3638921-095dba727a9f.scope
arm-6	round_robin_arbiter_unreal1_pb_3_2_pe_.ltl	round_robin_arbiter_unreal1_pb_3_2_pe_.tlsf	60	UNREALIZABLE	0.12437502201646566	1	false		status	13	30	1349	3dc9fdf38b30dbc8fc85609a32ca7280ae206529	22455c945576d28d86ac98a3b512327740b12f0cc3a3a6006ad1c59dfe9c9584	otf_sparse_formula	2026-09-25T15:42:54.615929Z	--arms unreal:gr1:oxidd	0.110000	50786304		8G	0			true		acacia-syntcomp26-coverage-3638921-2a294746421a.scope
arm-6	round_robin_arbiter_unreal1_pb_3_3_pe_.ltl	round_robin_arbiter_unreal1_pb_3_3_pe_.tlsf	60	UNREALIZABLE	0.16762356995604932	1	false		status	13	30	1350	3dc9fdf38b30dbc8fc85609a32ca7280ae206529	22455c945576d28d86ac98a3b512327740b12f0cc3a3a6006ad1c59dfe9c9584	otf_sparse_formula	2026-09-25T15:42:54.796909Z	--arms unreal:gr1:oxidd	0.140000	52633600		8G	0			true		acacia-syntcomp26-coverage-3638921-a821850c95f1.scope
arm-6	round_robin_arbiter_unreal1_pb_3_4_pe_.ltl	round_robin_arbiter_unreal1_pb_3_4_pe_.tlsf	60	UNREALIZABLE	0.2020691429497674	1	false		status	13	30	1351	3dc9fdf38b30dbc8fc85609a32ca7280ae206529	22455c945576d28d86ac98a3b512327740b12f0cc3a3a6006ad1c59dfe9c9584	otf_sparse_formula	2026-09-25T15:42:55.013702Z	--arms unreal:gr1:oxidd	0.180000	53895168		8G	0			true		acacia-syntcomp26-coverage-3638921-8be18a3b5647.scope
arm-6	round_robin_arbiter_unreal1_pb_3_50_pe_.ltl	round_robin_arbiter_unreal1_pb_3_50_pe_.tlsf	60	TIMEOUT	60.17822149803396	124	true	timeout	none	0	8	1352	3dc9fdf38b30dbc8fc85609a32ca7280ae206529	22455c945576d28d86ac98a3b512327740b12f0cc3a3a6006ad1c59dfe9c9584	otf_sparse_formula	2026-09-25T15:43:55.204790Z	--arms unreal:gr1:oxidd				8G	0			true		acacia-syntcomp26-coverage-3638921-d11e07a4c704.scope
arm-6	round_robin_arbiter_unreal1_pb_3_5_pe_.ltl	round_robin_arbiter_unreal1_pb_3_5_pe_.tlsf	60	UNREALIZABLE	0.2792638799874112	1	false		status	13	30	1353	3dc9fdf38b30dbc8fc85609a32ca7280ae206529	22455c945576d28d86ac98a3b512327740b12f0cc3a3a6006ad1c59dfe9c9584	otf_sparse_formula	2026-09-25T15:43:55.497041Z	--arms unreal:gr1:oxidd	0.260000	57831424		8G	0			true		acacia-syntcomp26-coverage-3638921-7197224e6ab7.scope
arm-6	round_robin_arbiter_unreal1_pb_3_6_pe_.ltl	round_robin_arbiter_unreal1_pb_3_6_pe_.tlsf	60	UNREALIZABLE	0.4488993260310963	1	false		status	13	30	1354	3dc9fdf38b30dbc8fc85609a32ca7280ae206529	22455c945576d28d86ac98a3b512327740b12f0cc3a3a6006ad1c59dfe9c9584	otf_sparse_formula	2026-09-25T15:43:55.959250Z	--arms unreal:gr1:oxidd	0.420000	61952000		8G	0			true		acacia-syntcomp26-coverage-3638921-9ed44453ef6c.scope
arm-6	round_robin_arbiter_unreal1_pb_3_7_pe_.ltl	round_robin_arbiter_unreal1_pb_3_7_pe_.tlsf	60	UNREALIZABLE	0.8494438610505313	1	false		status	13	30	1355	3dc9fdf38b30dbc8fc85609a32ca7280ae206529	22455c945576d28d86ac98a3b512327740b12f0cc3a3a6006ad1c59dfe9c9584	otf_sparse_formula	2026-09-25T15:43:56.823483Z	--arms unreal:gr1:oxidd	0.820000	85708800		8G	0			true		acacia-syntcomp26-coverage-3638921-3742372174e9.scope
arm-6	round_robin_arbiter_unreal1_pb_3_8_pe_.ltl	round_robin_arbiter_unreal1_pb_3_8_pe_.tlsf	60	UNREALIZABLE	2.2947751919273287	1	false		status	13	31	1356	3dc9fdf38b30dbc8fc85609a32ca7280ae206529	22455c945576d28d86ac98a3b512327740b12f0cc3a3a6006ad1c59dfe9c9584	otf_sparse_formula	2026-09-25T15:43:59.131600Z	--arms unreal:gr1:oxidd	2.260000	154726400		8G	0			true		acacia-syntcomp26-coverage-3638921-a577c3572450.scope
arm-6	round_robin_arbiter_unreal1_pb_3_9_pe_.ltl	round_robin_arbiter_unreal1_pb_3_9_pe_.tlsf	60	UNREALIZABLE	21.92358298401814	1	false		status	13	32	1357	3dc9fdf38b30dbc8fc85609a32ca7280ae206529	22455c945576d28d86ac98a3b512327740b12f0cc3a3a6006ad1c59dfe9c9584	otf_sparse_formula	2026-09-25T15:44:21.068519Z	--arms unreal:gr1:oxidd	23.430000	183402496		8G	0			true		acacia-syntcomp26-coverage-3638921-b975f1d745c5.scope
arm-6	round_robin_arbiter_unreal1_pb_4_10_pe_.ltl	round_robin_arbiter_unreal1_pb_4_10_pe_.tlsf	60	TIMEOUT	60.103663915069774	124	true	timeout	none	0	8	1358	3dc9fdf38b30dbc8fc85609a32ca7280ae206529	22455c945576d28d86ac98a3b512327740b12f0cc3a3a6006ad1c59dfe9c9584	otf_sparse_formula	2026-09-25T15:45:21.214902Z	--arms unreal:gr1:oxidd				8G	0			true		acacia-syntcomp26-coverage-3638921-23dc507ebc44.scope
arm-6	round_robin_arbiter_unreal1_pb_4_11_pe_.ltl	round_robin_arbiter_unreal1_pb_4_11_pe_.tlsf	60	UNKNOWN	42.065753493923694	2	false		none	0	141	1359	3dc9fdf38b30dbc8fc85609a32ca7280ae206529	22455c945576d28d86ac98a3b512327740b12f0cc3a3a6006ad1c59dfe9c9584	otf_sparse_formula	2026-09-25T15:46:03.294815Z	--arms unreal:gr1:oxidd	41.990000	1001525248		8G	0			true		acacia-syntcomp26-coverage-3638921-d00d3f084706.scope
arm-6	round_robin_arbiter_unreal1_pb_4_12_pe_.ltl	round_robin_arbiter_unreal1_pb_4_12_pe_.tlsf	60	TIMEOUT	60.187347008963116	124	true	timeout	none	0	8	1360	3dc9fdf38b30dbc8fc85609a32ca7280ae206529	22455c945576d28d86ac98a3b512327740b12f0cc3a3a6006ad1c59dfe9c9584	otf_sparse_formula	2026-09-25T15:47:03.518601Z	--arms unreal:gr1:oxidd				8G	0			true		acacia-syntcomp26-coverage-3638921-94eda0e50e05.scope
arm-6	round_robin_arbiter_unreal1_pb_4_13_pe_.ltl	round_robin_arbiter_unreal1_pb_4_13_pe_.tlsf	60	TIMEOUT	60.28538128302898	124	true	timeout	none	0	8	1361	3dc9fdf38b30dbc8fc85609a32ca7280ae206529	22455c945576d28d86ac98a3b512327740b12f0cc3a3a6006ad1c59dfe9c9584	otf_sparse_formula	2026-09-25T15:48:03.829790Z	--arms unreal:gr1:oxidd				8G	0			true		acacia-syntcomp26-coverage-3638921-f9be33fe963b.scope
arm-6	round_robin_arbiter_unreal1_pb_4_14_pe_.ltl	round_robin_arbiter_unreal1_pb_4_14_pe_.tlsf	60	TIMEOUT	60.28510730701964	124	true	timeout	none	0	8	1362	3dc9fdf38b30dbc8fc85609a32ca7280ae206529	22455c945576d28d86ac98a3b512327740b12f0cc3a3a6006ad1c59dfe9c9584	otf_sparse_formula	2026-09-25T15:49:04.147285Z	--arms unreal:gr1:oxidd				8G	0			true		acacia-syntcomp26-coverage-3638921-27fdd06faeb1.scope
arm-6	round_robin_arbiter_unreal1_pb_4_15_pe_.ltl	round_robin_arbiter_unreal1_pb_4_15_pe_.tlsf	60	TIMEOUT	60.22884449106641	124	true	timeout	none	0	8	1363	3dc9fdf38b30dbc8fc85609a32ca7280ae206529	22455c945576d28d86ac98a3b512327740b12f0cc3a3a6006ad1c59dfe9c9584	otf_sparse_formula	2026-09-25T15:50:04.388814Z	--arms unreal:gr1:oxidd				8G	0			true		acacia-syntcomp26-coverage-3638921-43e4180b0f1e.scope
arm-6	round_robin_arbiter_unreal1_pb_4_1_pe_.ltl	round_robin_arbiter_unreal1_pb_4_1_pe_.tlsf	60	UNREALIZABLE	0.3055179219227284	1	false		status	13	30	1364	3dc9fdf38b30dbc8fc85609a32ca7280ae206529	22455c945576d28d86ac98a3b512327740b12f0cc3a3a6006ad1c59dfe9c9584	otf_sparse_formula	2026-09-25T15:50:04.707879Z	--arms unreal:gr1:oxidd	0.280000	66949120		8G	0			true		acacia-syntcomp26-coverage-3638921-c27b4c5afd55.scope
arm-6	round_robin_arbiter_unreal1_pb_4_2_pe_.ltl	round_robin_arbiter_unreal1_pb_4_2_pe_.tlsf	60	UNREALIZABLE	0.44104922690894455	1	false		status	13	30	1365	3dc9fdf38b30dbc8fc85609a32ca7280ae206529	22455c945576d28d86ac98a3b512327740b12f0cc3a3a6006ad1c59dfe9c9584	otf_sparse_formula	2026-09-25T15:50:05.162182Z	--arms unreal:gr1:oxidd	0.410000	78254080		8G	0			true		acacia-syntcomp26-coverage-3638921-434a076c8f0b.scope
arm-6	round_robin_arbiter_unreal1_pb_4_3_pe_.ltl	round_robin_arbiter_unreal1_pb_4_3_pe_.tlsf	60	UNREALIZABLE	0.6179202089551836	1	false		status	13	30	1366	3dc9fdf38b30dbc8fc85609a32ca7280ae206529	22455c945576d28d86ac98a3b512327740b12f0cc3a3a6006ad1c59dfe9c9584	otf_sparse_formula	2026-09-25T15:50:05.795342Z	--arms unreal:gr1:oxidd	0.590000	88522752		8G	0			true		acacia-syntcomp26-coverage-3638921-f3bf9a7969c6.scope
arm-6	round_robin_arbiter_unreal1_pb_4_4_pe_.ltl	round_robin_arbiter_unreal1_pb_4_4_pe_.tlsf	60	UNREALIZABLE	0.8311715109739453	1	false		status	13	30	1367	3dc9fdf38b30dbc8fc85609a32ca7280ae206529	22455c945576d28d86ac98a3b512327740b12f0cc3a3a6006ad1c59dfe9c9584	otf_sparse_formula	2026-09-25T15:50:06.639705Z	--arms unreal:gr1:oxidd	0.800000	102072320		8G	0			true		acacia-syntcomp26-coverage-3638921-7f36c1818f03.scope
arm-6	round_robin_arbiter_unreal1_pb_4_5_pe_.ltl	round_robin_arbiter_unreal1_pb_4_5_pe_.tlsf	60	UNREALIZABLE	1.187466228962876	1	false		status	13	31	1368	3dc9fdf38b30dbc8fc85609a32ca7280ae206529	22455c945576d28d86ac98a3b512327740b12f0cc3a3a6006ad1c59dfe9c9584	otf_sparse_formula	2026-09-25T15:50:07.840217Z	--arms unreal:gr1:oxidd	1.160000	108195840		8G	0			true		acacia-syntcomp26-coverage-3638921-2ab4427b5b9c.scope
arm-6	round_robin_arbiter_unreal1_pb_4_6_pe_.ltl	round_robin_arbiter_unreal1_pb_4_6_pe_.tlsf	60	UNREALIZABLE	1.9798721038969234	1	false		status	13	31	1369	3dc9fdf38b30dbc8fc85609a32ca7280ae206529	22455c945576d28d86ac98a3b512327740b12f0cc3a3a6006ad1c59dfe9c9584	otf_sparse_formula	2026-09-25T15:50:09.834574Z	--arms unreal:gr1:oxidd	1.950000	126689280		8G	0			true		acacia-syntcomp26-coverage-3638921-d8a03d9d7c30.scope
arm-6	round_robin_arbiter_unreal1_pb_4_7_pe_.ltl	round_robin_arbiter_unreal1_pb_4_7_pe_.tlsf	60	UNREALIZABLE	4.526232823962346	1	false		status	13	31	1370	3dc9fdf38b30dbc8fc85609a32ca7280ae206529	22455c945576d28d86ac98a3b512327740b12f0cc3a3a6006ad1c59dfe9c9584	otf_sparse_formula	2026-09-25T15:50:14.374132Z	--arms unreal:gr1:oxidd	4.500000	177344512		8G	0			true		acacia-syntcomp26-coverage-3638921-47422be9e36b.scope
arm-6	round_robin_arbiter_unreal1_pb_4_8_pe_.ltl	round_robin_arbiter_unreal1_pb_4_8_pe_.tlsf	60	UNREALIZABLE	32.42726969404612	1	false		none	13	32	1371	3dc9fdf38b30dbc8fc85609a32ca7280ae206529	22455c945576d28d86ac98a3b512327740b12f0cc3a3a6006ad1c59dfe9c9584	otf_sparse_formula	2026-09-25T15:50:46.814548Z	--arms unreal:gr1:oxidd	35.400000	182595584		8G	0			true		acacia-syntcomp26-coverage-3638921-8a80d8743e02.scope
arm-6	round_robin_arbiter_unreal1_pb_4_9_pe_.ltl	round_robin_arbiter_unreal1_pb_4_9_pe_.tlsf	60	TIMEOUT	60.07642495504115	124	true	timeout	none	0	8	1372	3dc9fdf38b30dbc8fc85609a32ca7280ae206529	22455c945576d28d86ac98a3b512327740b12f0cc3a3a6006ad1c59dfe9c9584	otf_sparse_formula	2026-09-25T15:51:46.930755Z	--arms unreal:gr1:oxidd				8G	0			true		acacia-syntcomp26-coverage-3638921-985ea148f16f.scope
arm-6	round_robin_arbiter_unreal2_pb_2_pe_.ltl	round_robin_arbiter_unreal2_pb_2_pe_.tlsf	60	UNREALIZABLE	0.06788971193600446	1	false		status	13	30	1373	3dc9fdf38b30dbc8fc85609a32ca7280ae206529	22455c945576d28d86ac98a3b512327740b12f0cc3a3a6006ad1c59dfe9c9584	otf_sparse_formula	2026-09-25T15:51:47.012818Z	--arms unreal:gr1:oxidd	0.030000	45432832		8G	0			true		acacia-syntcomp26-coverage-3638921-db22d777a38e.scope
arm-6	round_robin_arbiter_unreal2_pb_3_pe_.ltl	round_robin_arbiter_unreal2_pb_3_pe_.tlsf	60	UNREALIZABLE	0.11546785698737949	1	false		status	13	30	1374	3dc9fdf38b30dbc8fc85609a32ca7280ae206529	22455c945576d28d86ac98a3b512327740b12f0cc3a3a6006ad1c59dfe9c9584	otf_sparse_formula	2026-09-25T15:51:47.142390Z	--arms unreal:gr1:oxidd	0.090000	49922048		8G	0			true		acacia-syntcomp26-coverage-3638921-d49337d57821.scope
arm-6	round_robin_arbiter_unreal2_pb_4_pe_.ltl	round_robin_arbiter_unreal2_pb_4_pe_.tlsf	60	UNREALIZABLE	0.38219389494042844	1	false		status	13	30	1375	3dc9fdf38b30dbc8fc85609a32ca7280ae206529	22455c945576d28d86ac98a3b512327740b12f0cc3a3a6006ad1c59dfe9c9584	otf_sparse_formula	2026-09-25T15:51:47.537513Z	--arms unreal:gr1:oxidd	0.340000	71647232		8G	0			true		acacia-syntcomp26-coverage-3638921-35bfe14d569f.scope
arm-6	round_robin_arbiter_unreal2_pb_5_pe_.ltl	round_robin_arbiter_unreal2_pb_5_pe_.tlsf	60	UNREALIZABLE	1.5509155119070783	1	false		status	13	31	1376	3dc9fdf38b30dbc8fc85609a32ca7280ae206529	22455c945576d28d86ac98a3b512327740b12f0cc3a3a6006ad1c59dfe9c9584	otf_sparse_formula	2026-09-25T15:51:49.102028Z	--arms unreal:gr1:oxidd	1.520000	159842304		8G	0			true		acacia-syntcomp26-coverage-3638921-a65df491e405.scope
arm-6	round_robin_arbiter_unreal2_pb_6_pe_.ltl	round_robin_arbiter_unreal2_pb_6_pe_.tlsf	60	UNREALIZABLE	11.164994789054617	1	false		none	13	32	1377	3dc9fdf38b30dbc8fc85609a32ca7280ae206529	22455c945576d28d86ac98a3b512327740b12f0cc3a3a6006ad1c59dfe9c9584	otf_sparse_formula	2026-09-25T15:52:00.280630Z	--arms unreal:gr1:oxidd	11.980000	216109056		8G	0			true		acacia-syntcomp26-coverage-3638921-4c3a3b16c84c.scope
arm-6	round_robin_arbiter_unreal2_pb_7_pe_.ltl	round_robin_arbiter_unreal2_pb_7_pe_.tlsf	60	UNKNOWN	26.858904013992287	2	false		none	0	155	1378	3dc9fdf38b30dbc8fc85609a32ca7280ae206529	22455c945576d28d86ac98a3b512327740b12f0cc3a3a6006ad1c59dfe9c9584	otf_sparse_formula	2026-09-25T15:52:27.153815Z	--arms unreal:gr1:oxidd	29.250000	195256320		8G	0			true		acacia-syntcomp26-coverage-3638921-c4c57a588ef9.scope
arm-6	rw_arbiter_pb_1_pe_.ltl	rw_arbiter_pb_1_pe_.tlsf	60	UNKNOWN	0.03531940106768161	2	false		none	0	128	1379	3dc9fdf38b30dbc8fc85609a32ca7280ae206529	22455c945576d28d86ac98a3b512327740b12f0cc3a3a6006ad1c59dfe9c9584	otf_sparse_formula	2026-09-25T15:52:27.201960Z	--arms unreal:gr1:oxidd	0.010000	45076480		8G	0			true		acacia-syntcomp26-coverage-3638921-0860ebfa2917.scope
arm-6	rw_arbiter_pb_2_pe_.ltl	rw_arbiter_pb_2_pe_.tlsf	60	UNKNOWN	0.11924856901168823	2	false		none	0	128	1380	3dc9fdf38b30dbc8fc85609a32ca7280ae206529	22455c945576d28d86ac98a3b512327740b12f0cc3a3a6006ad1c59dfe9c9584	otf_sparse_formula	2026-09-25T15:52:27.334088Z	--arms unreal:gr1:oxidd	0.090000	58478592		8G	0			true		acacia-syntcomp26-coverage-3638921-058bb5b3ed68.scope
arm-6	rw_arbiter_pb_3_pe_.ltl	rw_arbiter_pb_3_pe_.tlsf	60	UNKNOWN	5.8943618279881775	2	false		none	0	129	1381	3dc9fdf38b30dbc8fc85609a32ca7280ae206529	22455c945576d28d86ac98a3b512327740b12f0cc3a3a6006ad1c59dfe9c9584	otf_sparse_formula	2026-09-25T15:52:33.241842Z	--arms unreal:gr1:oxidd	6.150000	230641664		8G	0			true		acacia-syntcomp26-coverage-3638921-2a16e9cec760.scope
arm-6	rw_arbiter_pb_4_pe_.ltl	rw_arbiter_pb_4_pe_.tlsf	60	TIMEOUT	60.05507847701665	124	true	timeout	none	0	8	1382	3dc9fdf38b30dbc8fc85609a32ca7280ae206529	22455c945576d28d86ac98a3b512327740b12f0cc3a3a6006ad1c59dfe9c9584	otf_sparse_formula	2026-09-25T15:53:33.333685Z	--arms unreal:gr1:oxidd				8G	0			true		acacia-syntcomp26-coverage-3638921-d002b8af0328.scope
arm-6	rw_arbiter_pb_5_pe_.ltl	rw_arbiter_pb_5_pe_.tlsf	60	TIMEOUT	60.079929820029065	124	true	timeout	none	0	8	1383	3dc9fdf38b30dbc8fc85609a32ca7280ae206529	22455c945576d28d86ac98a3b512327740b12f0cc3a3a6006ad1c59dfe9c9584	otf_sparse_formula	2026-09-25T15:54:33.430272Z	--arms unreal:gr1:oxidd				8G	0			true		acacia-syntcomp26-coverage-3638921-73a017db262b.scope
arm-6	scheduler-real.ltl	scheduler-real.tlsf	60	UNKNOWN	0.04494590498507023	2	false		none	0	217	1384	3dc9fdf38b30dbc8fc85609a32ca7280ae206529	22455c945576d28d86ac98a3b512327740b12f0cc3a3a6006ad1c59dfe9c9584	otf_sparse_formula	2026-09-25T15:54:33.489702Z	--arms unreal:gr1:oxidd	0.020000	24195072		8G	0			true		acacia-syntcomp26-coverage-3638921-1d44c240ec0a.scope
arm-6	shift_pb_100_pe_.ltl	shift_pb_100_pe_.tlsf	60	UNKNOWN	2.463913353974931	2	false		status	0	106	1385	3dc9fdf38b30dbc8fc85609a32ca7280ae206529	22455c945576d28d86ac98a3b512327740b12f0cc3a3a6006ad1c59dfe9c9584	otf_sparse_formula	2026-09-25T15:54:35.967294Z	--arms unreal:gr1:oxidd	2.450000	190533632		8G	0			true		acacia-syntcomp26-coverage-3638921-f882e766ba70.scope
arm-6	shift_pb_10_pe_.ltl	shift_pb_10_pe_.tlsf	60	UNKNOWN	0.035846411949023604	2	false		status	0	128	1386	3dc9fdf38b30dbc8fc85609a32ca7280ae206529	22455c945576d28d86ac98a3b512327740b12f0cc3a3a6006ad1c59dfe9c9584	otf_sparse_formula	2026-09-25T15:54:36.015785Z	--arms unreal:gr1:oxidd	0.010000	45981696		8G	0			true		acacia-syntcomp26-coverage-3638921-9bfdaf26f02e.scope
arm-6	shift_pb_125_pe_.ltl	shift_pb_125_pe_.tlsf	60	UNKNOWN	2.5886627670843154	2	false		status	0	106	1387	3dc9fdf38b30dbc8fc85609a32ca7280ae206529	22455c945576d28d86ac98a3b512327740b12f0cc3a3a6006ad1c59dfe9c9584	otf_sparse_formula	2026-09-25T15:54:38.617766Z	--arms unreal:gr1:oxidd	2.590000	192233472		8G	0			true		acacia-syntcomp26-coverage-3638921-ce38f7d74e0c.scope
arm-6	shift_pb_12_pe_.ltl	shift_pb_12_pe_.tlsf	60	UNKNOWN	0.07605455291923136	2	false		status	0	128	1388	3dc9fdf38b30dbc8fc85609a32ca7280ae206529	22455c945576d28d86ac98a3b512327740b12f0cc3a3a6006ad1c59dfe9c9584	otf_sparse_formula	2026-09-25T15:54:38.708335Z	--arms unreal:gr1:oxidd	0.050000	55066624		8G	0			true		acacia-syntcomp26-coverage-3638921-d56ab93840e3.scope
arm-6	shift_pb_132_pe_.ltl	shift_pb_132_pe_.tlsf	60	UNKNOWN	2.5956054740818217	2	false		status	0	106	1389	3dc9fdf38b30dbc8fc85609a32ca7280ae206529	22455c945576d28d86ac98a3b512327740b12f0cc3a3a6006ad1c59dfe9c9584	otf_sparse_formula	2026-09-25T15:54:41.317535Z	--arms unreal:gr1:oxidd	2.570000	192167936		8G	0			true		acacia-syntcomp26-coverage-3638921-c43f7fe386b7.scope
arm-6	shift_pb_16_pe_.ltl	shift_pb_16_pe_.tlsf	60	UNKNOWN	1.5907026370987296	2	false		status	0	129	1390	3dc9fdf38b30dbc8fc85609a32ca7280ae206529	22455c945576d28d86ac98a3b512327740b12f0cc3a3a6006ad1c59dfe9c9584	otf_sparse_formula	2026-09-25T15:54:42.923700Z	--arms unreal:gr1:oxidd	1.570000	199008256		8G	0			true		acacia-syntcomp26-coverage-3638921-7b2538ae0bae.scope
arm-6	shift_pb_250_pe_.ltl	shift_pb_250_pe_.tlsf	60	UNKNOWN	3.434366528992541	2	false		none	0	106	1391	3dc9fdf38b30dbc8fc85609a32ca7280ae206529	22455c945576d28d86ac98a3b512327740b12f0cc3a3a6006ad1c59dfe9c9584	otf_sparse_formula	2026-09-25T15:54:46.371014Z	--arms unreal:gr1:oxidd	3.420000	190111744		8G	0			true		acacia-syntcomp26-coverage-3638921-70263d43277c.scope
arm-6	shift_pb_32_pe_.ltl	shift_pb_32_pe_.tlsf	60	UNKNOWN	2.2826879889471456	2	false		status	0	106	1392	3dc9fdf38b30dbc8fc85609a32ca7280ae206529	22455c945576d28d86ac98a3b512327740b12f0cc3a3a6006ad1c59dfe9c9584	otf_sparse_formula	2026-09-25T15:54:48.668288Z	--arms unreal:gr1:oxidd	2.270000	189353984		8G	0			true		acacia-syntcomp26-coverage-3638921-ee482d81a7a9.scope
arm-6	shift_pb_500_pe_.ltl	shift_pb_500_pe_.tlsf	60	UNKNOWN	6.798205945058726	2	false		none	0	106	1393	3dc9fdf38b30dbc8fc85609a32ca7280ae206529	22455c945576d28d86ac98a3b512327740b12f0cc3a3a6006ad1c59dfe9c9584	otf_sparse_formula	2026-09-25T15:54:55.480003Z	--arms unreal:gr1:oxidd	6.790000	202760192		8G	0			true		acacia-syntcomp26-coverage-3638921-d9b071a10d83.scope
arm-6	shift_pb_64_pe_.ltl	shift_pb_64_pe_.tlsf	60	UNKNOWN	2.382878412026912	2	false		status	0	106	1394	3dc9fdf38b30dbc8fc85609a32ca7280ae206529	22455c945576d28d86ac98a3b512327740b12f0cc3a3a6006ad1c59dfe9c9584	otf_sparse_formula	2026-09-25T15:54:57.876222Z	--arms unreal:gr1:oxidd	2.370000	190648320		8G	0			true		acacia-syntcomp26-coverage-3638921-dad1cf635395.scope
arm-6	shift_pb_8_pe_.ltl	shift_pb_8_pe_.tlsf	60	UNKNOWN	0.034024812979623675	2	false		status	0	128	1395	3dc9fdf38b30dbc8fc85609a32ca7280ae206529	22455c945576d28d86ac98a3b512327740b12f0cc3a3a6006ad1c59dfe9c9584	otf_sparse_formula	2026-09-25T15:54:57.934055Z	--arms unreal:gr1:oxidd	0.010000	44625920		8G	0			true		acacia-syntcomp26-coverage-3638921-f43ca4b2d362.scope
arm-6	simple_arbiter_enc_pb_10_pe_.ltl	simple_arbiter_enc_pb_10_pe_.tlsf	60	UNKNOWN	3.2422766929958016	2	false		status	0	129	1396	3dc9fdf38b30dbc8fc85609a32ca7280ae206529	22455c945576d28d86ac98a3b512327740b12f0cc3a3a6006ad1c59dfe9c9584	otf_sparse_formula	2026-09-25T15:55:01.190064Z	--arms unreal:gr1:oxidd	3.210000	215552000		8G	0			true		acacia-syntcomp26-coverage-3638921-160153032e6a.scope
arm-6	simple_arbiter_enc_pb_11_pe_.ltl	simple_arbiter_enc_pb_11_pe_.tlsf	60	UNKNOWN	10.112022076966241	2	false		none	0	107	1397	3dc9fdf38b30dbc8fc85609a32ca7280ae206529	22455c945576d28d86ac98a3b512327740b12f0cc3a3a6006ad1c59dfe9c9584	otf_sparse_formula	2026-09-25T15:55:11.319402Z	--arms unreal:gr1:oxidd	10.130000	229584896		8G	0			true		acacia-syntcomp26-coverage-3638921-4c4f14da96cf.scope
arm-6	simple_arbiter_enc_pb_12_pe_.ltl	simple_arbiter_enc_pb_12_pe_.tlsf	60	UNKNOWN	14.145820475067012	2	false		status	0	107	1398	3dc9fdf38b30dbc8fc85609a32ca7280ae206529	22455c945576d28d86ac98a3b512327740b12f0cc3a3a6006ad1c59dfe9c9584	otf_sparse_formula	2026-09-25T15:55:25.478797Z	--arms unreal:gr1:oxidd	14.280000	237043712		8G	0			true		acacia-syntcomp26-coverage-3638921-f70ae4d6dc7a.scope
arm-6	simple_arbiter_enc_pb_13_pe_.ltl	simple_arbiter_enc_pb_13_pe_.tlsf	60	UNKNOWN	28.91542038298212	2	false		none	0	107	1399	3dc9fdf38b30dbc8fc85609a32ca7280ae206529	22455c945576d28d86ac98a3b512327740b12f0cc3a3a6006ad1c59dfe9c9584	otf_sparse_formula	2026-09-25T15:55:54.407515Z	--arms unreal:gr1:oxidd	29.390000	298446848		8G	0			true		acacia-syntcomp26-coverage-3638921-09c4554a7dc3.scope
arm-6	simple_arbiter_enc_pb_14_pe_.ltl	simple_arbiter_enc_pb_14_pe_.tlsf	60	UNKNOWN	2.826999931014143	2	false		none	0	106	1400	3dc9fdf38b30dbc8fc85609a32ca7280ae206529	22455c945576d28d86ac98a3b512327740b12f0cc3a3a6006ad1c59dfe9c9584	otf_sparse_formula	2026-09-25T15:55:57.249359Z	--arms unreal:gr1:oxidd	2.820000	189513728		8G	0			true		acacia-syntcomp26-coverage-3638921-a043bdb8f146.scope
arm-6	simple_arbiter_enc_pb_15_pe_.ltl	simple_arbiter_enc_pb_15_pe_.tlsf	60	UNKNOWN	1.795416957931593	2	false		none	0	106	1401	3dc9fdf38b30dbc8fc85609a32ca7280ae206529	22455c945576d28d86ac98a3b512327740b12f0cc3a3a6006ad1c59dfe9c9584	otf_sparse_formula	2026-09-25T15:55:59.059270Z	--arms unreal:gr1:oxidd	1.790000	187830272		8G	0			true		acacia-syntcomp26-coverage-3638921-5eb8cf931d5a.scope
arm-6	simple_arbiter_enc_pb_16_pe_.ltl	simple_arbiter_enc_pb_16_pe_.tlsf	60	UNKNOWN	1.5752875830512494	2	false		none	0	106	1402	3dc9fdf38b30dbc8fc85609a32ca7280ae206529	22455c945576d28d86ac98a3b512327740b12f0cc3a3a6006ad1c59dfe9c9584	otf_sparse_formula	2026-09-25T15:56:00.647959Z	--arms unreal:gr1:oxidd	1.580000	180260864		8G	0			true		acacia-syntcomp26-coverage-3638921-482880f72e47.scope
arm-6	simple_arbiter_enc_pb_32_pe_.ltl	simple_arbiter_enc_pb_32_pe_.tlsf	60	UNKNOWN	1.354724530945532	2	false		none	0	106	1403	3dc9fdf38b30dbc8fc85609a32ca7280ae206529	22455c945576d28d86ac98a3b512327740b12f0cc3a3a6006ad1c59dfe9c9584	otf_sparse_formula	2026-09-25T15:56:02.015794Z	--arms unreal:gr1:oxidd	1.380000	199659520		8G	0			true		acacia-syntcomp26-coverage-3638921-6a3c8ba2d469.scope
arm-6	simple_arbiter_enc_pb_8_pe_.ltl	simple_arbiter_enc_pb_8_pe_.tlsf	60	UNKNOWN	0.10727397596929222	2	false		status	0	128	1404	3dc9fdf38b30dbc8fc85609a32ca7280ae206529	22455c945576d28d86ac98a3b512327740b12f0cc3a3a6006ad1c59dfe9c9584	otf_sparse_formula	2026-09-25T15:56:02.136220Z	--arms unreal:gr1:oxidd	0.080000	53706752		8G	0			true		acacia-syntcomp26-coverage-3638921-24522ad93a17.scope
arm-6	simple_arbiter_unreal1_pb_16_1_pe_.ltl	simple_arbiter_unreal1_pb_16_1_pe_.tlsf	60	UNKNOWN	2.7571626539574936	2	false		status	0	106	1405	3dc9fdf38b30dbc8fc85609a32ca7280ae206529	22455c945576d28d86ac98a3b512327740b12f0cc3a3a6006ad1c59dfe9c9584	otf_sparse_formula	2026-09-25T15:56:04.908018Z	--arms unreal:gr1:oxidd	2.840000	200699904		8G	0			true		acacia-syntcomp26-coverage-3638921-890f60023df4.scope
arm-6	simple_arbiter_unreal1_pb_16_2_pe_.ltl	simple_arbiter_unreal1_pb_16_2_pe_.tlsf	60	UNKNOWN	4.1601720380131155	2	false		status	0	106	1406	3dc9fdf38b30dbc8fc85609a32ca7280ae206529	22455c945576d28d86ac98a3b512327740b12f0cc3a3a6006ad1c59dfe9c9584	otf_sparse_formula	2026-09-25T15:56:09.082556Z	--arms unreal:gr1:oxidd	4.320000	202014720		8G	0			true		acacia-syntcomp26-coverage-3638921-a68f6083adcc.scope
arm-6	simple_arbiter_unreal1_pb_16_3_pe_.ltl	simple_arbiter_unreal1_pb_16_3_pe_.tlsf	60	UNKNOWN	6.5689233869779855	2	false		status	0	106	1407	3dc9fdf38b30dbc8fc85609a32ca7280ae206529	22455c945576d28d86ac98a3b512327740b12f0cc3a3a6006ad1c59dfe9c9584	otf_sparse_formula	2026-09-25T15:56:15.664536Z	--arms unreal:gr1:oxidd	6.910000	199512064		8G	0			true		acacia-syntcomp26-coverage-3638921-501e86e14529.scope
arm-6	simple_arbiter_unreal1_pb_16_4_pe_.ltl	simple_arbiter_unreal1_pb_16_4_pe_.tlsf	60	UNKNOWN	9.543721348047256	2	false		status	0	106	1408	3dc9fdf38b30dbc8fc85609a32ca7280ae206529	22455c945576d28d86ac98a3b512327740b12f0cc3a3a6006ad1c59dfe9c9584	otf_sparse_formula	2026-09-25T15:56:25.222049Z	--arms unreal:gr1:oxidd	10.070000	206761984		8G	0			true		acacia-syntcomp26-coverage-3638921-73e400ac9027.scope
arm-6	simple_arbiter_unreal1_pb_16_5_pe_.ltl	simple_arbiter_unreal1_pb_16_5_pe_.tlsf	60	UNKNOWN	44.48038005793933	2	false		status	0	107	1409	3dc9fdf38b30dbc8fc85609a32ca7280ae206529	22455c945576d28d86ac98a3b512327740b12f0cc3a3a6006ad1c59dfe9c9584	otf_sparse_formula	2026-09-25T15:57:09.716727Z	--arms unreal:gr1:oxidd	49.560000	223375360		8G	0			true		acacia-syntcomp26-coverage-3638921-c820a0fb6d6d.scope
arm-6	simple_arbiter_unreal1_pb_2_10_pe_.ltl	simple_arbiter_unreal1_pb_2_10_pe_.tlsf	60	UNREALIZABLE	2.142196982051246	1	false		status	13	31	1410	3dc9fdf38b30dbc8fc85609a32ca7280ae206529	22455c945576d28d86ac98a3b512327740b12f0cc3a3a6006ad1c59dfe9c9584	otf_sparse_formula	2026-09-25T15:57:11.873486Z	--arms unreal:gr1:oxidd	2.120000	241930240		8G	0			true		acacia-syntcomp26-coverage-3638921-94e8ee31c9af.scope
arm-6	simple_arbiter_unreal1_pb_2_12_pe_.ltl	simple_arbiter_unreal1_pb_2_12_pe_.tlsf	60	UNKNOWN	48.39380333898589	2	false		status	0	108	1411	3dc9fdf38b30dbc8fc85609a32ca7280ae206529	22455c945576d28d86ac98a3b512327740b12f0cc3a3a6006ad1c59dfe9c9584	otf_sparse_formula	2026-09-25T15:58:00.280833Z	--arms unreal:gr1:oxidd	48.470000	3574198272		8G	0			true		acacia-syntcomp26-coverage-3638921-abb47d53ebf4.scope
arm-6	simple_arbiter_unreal1_pb_2_1_pe_.ltl	simple_arbiter_unreal1_pb_2_1_pe_.tlsf	60	UNREALIZABLE	0.03303399193100631	1	false		status	13	30	1412	3dc9fdf38b30dbc8fc85609a32ca7280ae206529	22455c945576d28d86ac98a3b512327740b12f0cc3a3a6006ad1c59dfe9c9584	otf_sparse_formula	2026-09-25T15:58:00.338406Z	--arms unreal:gr1:oxidd	0.010000	44879872		8G	0			true		acacia-syntcomp26-coverage-3638921-5a608624f6be.scope
arm-6	simple_arbiter_unreal1_pb_2_2_pe_.ltl	simple_arbiter_unreal1_pb_2_2_pe_.tlsf	60	UNREALIZABLE	0.05078637204132974	1	false		status	13	30	1413	3dc9fdf38b30dbc8fc85609a32ca7280ae206529	22455c945576d28d86ac98a3b512327740b12f0cc3a3a6006ad1c59dfe9c9584	otf_sparse_formula	2026-09-25T15:58:00.412981Z	--arms unreal:gr1:oxidd	0.020000	44937216		8G	0			true		acacia-syntcomp26-coverage-3638921-c4d02de76a8f.scope
arm-6	simple_arbiter_unreal1_pb_2_3_pe_.ltl	simple_arbiter_unreal1_pb_2_3_pe_.tlsf	60	UNREALIZABLE	0.04377428407315165	1	false		status	13	30	1414	3dc9fdf38b30dbc8fc85609a32ca7280ae206529	22455c945576d28d86ac98a3b512327740b12f0cc3a3a6006ad1c59dfe9c9584	otf_sparse_formula	2026-09-25T15:58:00.480515Z	--arms unreal:gr1:oxidd	0.010000	45191168		8G	0			true		acacia-syntcomp26-coverage-3638921-2b9a02ffa34c.scope
arm-6	simple_arbiter_unreal1_pb_2_4_pe_.ltl	simple_arbiter_unreal1_pb_2_4_pe_.tlsf	60	UNREALIZABLE	0.05073069501668215	1	false		status	13	30	1415	3dc9fdf38b30dbc8fc85609a32ca7280ae206529	22455c945576d28d86ac98a3b512327740b12f0cc3a3a6006ad1c59dfe9c9584	otf_sparse_formula	2026-09-25T15:58:00.551255Z	--arms unreal:gr1:oxidd	0.020000	45473792		8G	0			true		acacia-syntcomp26-coverage-3638921-5dbce03af984.scope
arm-6	simple_arbiter_unreal1_pb_2_5_pe_.ltl	simple_arbiter_unreal1_pb_2_5_pe_.tlsf	60	UNREALIZABLE	0.04951020097360015	1	false		status	13	30	1416	3dc9fdf38b30dbc8fc85609a32ca7280ae206529	22455c945576d28d86ac98a3b512327740b12f0cc3a3a6006ad1c59dfe9c9584	otf_sparse_formula	2026-09-25T15:58:00.615796Z	--arms unreal:gr1:oxidd	0.030000	46104576		8G	0			true		acacia-syntcomp26-coverage-3638921-1fc6f9eb2c52.scope
arm-6	simple_arbiter_unreal1_pb_2_6_pe_.ltl	simple_arbiter_unreal1_pb_2_6_pe_.tlsf	60	UNREALIZABLE	0.06082914397120476	1	false		status	13	30	1417	3dc9fdf38b30dbc8fc85609a32ca7280ae206529	22455c945576d28d86ac98a3b512327740b12f0cc3a3a6006ad1c59dfe9c9584	otf_sparse_formula	2026-09-25T15:58:00.689683Z	--arms unreal:gr1:oxidd	0.030000	47304704		8G	0			true		acacia-syntcomp26-coverage-3638921-c83ecd4dad12.scope
arm-6	simple_arbiter_unreal1_pb_2_7_pe_.ltl	simple_arbiter_unreal1_pb_2_7_pe_.tlsf	60	UNREALIZABLE	0.09040322701912373	1	false		status	13	30	1418	3dc9fdf38b30dbc8fc85609a32ca7280ae206529	22455c945576d28d86ac98a3b512327740b12f0cc3a3a6006ad1c59dfe9c9584	otf_sparse_formula	2026-09-25T15:58:00.794142Z	--arms unreal:gr1:oxidd	0.060000	48312320		8G	0			true		acacia-syntcomp26-coverage-3638921-f8296fbaadaf.scope
arm-6	simple_arbiter_unreal1_pb_2_8_pe_.ltl	simple_arbiter_unreal1_pb_2_8_pe_.tlsf	60	UNREALIZABLE	0.15241294808220118	1	false		status	13	30	1419	3dc9fdf38b30dbc8fc85609a32ca7280ae206529	22455c945576d28d86ac98a3b512327740b12f0cc3a3a6006ad1c59dfe9c9584	otf_sparse_formula	2026-09-25T15:58:00.960087Z	--arms unreal:gr1:oxidd	0.130000	55967744		8G	0			true		acacia-syntcomp26-coverage-3638921-a9496af38817.scope
arm-6	simple_arbiter_unreal1_pb_2_9_pe_.ltl	simple_arbiter_unreal1_pb_2_9_pe_.tlsf	60	UNREALIZABLE	0.47267806506715715	1	false		status	13	30	1420	3dc9fdf38b30dbc8fc85609a32ca7280ae206529	22455c945576d28d86ac98a3b512327740b12f0cc3a3a6006ad1c59dfe9c9584	otf_sparse_formula	2026-09-25T15:58:01.447180Z	--arms unreal:gr1:oxidd	0.450000	77778944		8G	0			true		acacia-syntcomp26-coverage-3638921-23b261eb4792.scope
arm-6	simple_arbiter_unreal1_pb_3_11_pe_.ltl	simple_arbiter_unreal1_pb_3_11_pe_.tlsf	60	TIMEOUT	60.044184496975504	124	true	timeout	status	0	8	1421	3dc9fdf38b30dbc8fc85609a32ca7280ae206529	22455c945576d28d86ac98a3b512327740b12f0cc3a3a6006ad1c59dfe9c9584	otf_sparse_formula	2026-09-25T15:59:01.531331Z	--arms unreal:gr1:oxidd				8G	0			true		acacia-syntcomp26-coverage-3638921-2176d63ec129.scope
arm-6	simple_arbiter_unreal1_pb_3_1_pe_.ltl	simple_arbiter_unreal1_pb_3_1_pe_.tlsf	60	UNREALIZABLE	0.061139957047998905	1	false		status	13	30	1422	3dc9fdf38b30dbc8fc85609a32ca7280ae206529	22455c945576d28d86ac98a3b512327740b12f0cc3a3a6006ad1c59dfe9c9584	otf_sparse_formula	2026-09-25T15:59:01.614894Z	--arms unreal:gr1:oxidd	0.030000	45305856		8G	0			true		acacia-syntcomp26-coverage-3638921-b41b42513520.scope
arm-6	simple_arbiter_unreal1_pb_3_2_pe_.ltl	simple_arbiter_unreal1_pb_3_2_pe_.tlsf	60	UNREALIZABLE	0.05686467594932765	1	false		status	13	30	1423	3dc9fdf38b30dbc8fc85609a32ca7280ae206529	22455c945576d28d86ac98a3b512327740b12f0cc3a3a6006ad1c59dfe9c9584	otf_sparse_formula	2026-09-25T15:59:01.687961Z	--arms unreal:gr1:oxidd	0.020000	45371392		8G	0			true		acacia-syntcomp26-coverage-3638921-d81c0b04c1a5.scope
arm-6	simple_arbiter_unreal1_pb_3_3_pe_.ltl	simple_arbiter_unreal1_pb_3_3_pe_.tlsf	60	UNREALIZABLE	0.0493301460519433	1	false		status	13	30	1424	3dc9fdf38b30dbc8fc85609a32ca7280ae206529	22455c945576d28d86ac98a3b512327740b12f0cc3a3a6006ad1c59dfe9c9584	otf_sparse_formula	2026-09-25T15:59:01.755363Z	--arms unreal:gr1:oxidd	0.010000	45453312		8G	0			true		acacia-syntcomp26-coverage-3638921-c3ed52d6dac7.scope
arm-6	simple_arbiter_unreal1_pb_3_4_pe_.ltl	simple_arbiter_unreal1_pb_3_4_pe_.tlsf	60	UNREALIZABLE	0.04709423193708062	1	false		status	13	30	1425	3dc9fdf38b30dbc8fc85609a32ca7280ae206529	22455c945576d28d86ac98a3b512327740b12f0cc3a3a6006ad1c59dfe9c9584	otf_sparse_formula	2026-09-25T15:59:01.815108Z	--arms unreal:gr1:oxidd	0.020000	45834240		8G	0			true		acacia-syntcomp26-coverage-3638921-73cdd1b3f6e3.scope
arm-6	simple_arbiter_unreal1_pb_3_5_pe_.ltl	simple_arbiter_unreal1_pb_3_5_pe_.tlsf	60	UNREALIZABLE	0.05678164109122008	1	false		status	13	30	1426	3dc9fdf38b30dbc8fc85609a32ca7280ae206529	22455c945576d28d86ac98a3b512327740b12f0cc3a3a6006ad1c59dfe9c9584	otf_sparse_formula	2026-09-25T15:59:01.886369Z	--arms unreal:gr1:oxidd	0.030000	46362624		8G	0			true		acacia-syntcomp26-coverage-3638921-adc526dbd78a.scope
arm-6	simple_arbiter_unreal1_pb_3_6_pe_.ltl	simple_arbiter_unreal1_pb_3_6_pe_.tlsf	60	UNREALIZABLE	0.09385264397133142	1	false		status	13	30	1427	3dc9fdf38b30dbc8fc85609a32ca7280ae206529	22455c945576d28d86ac98a3b512327740b12f0cc3a3a6006ad1c59dfe9c9584	otf_sparse_formula	2026-09-25T15:59:01.993713Z	--arms unreal:gr1:oxidd	0.060000	48508928		8G	0			true		acacia-syntcomp26-coverage-3638921-e3ccf8ebb3bd.scope
arm-6	simple_arbiter_unreal1_pb_3_7_pe_.ltl	simple_arbiter_unreal1_pb_3_7_pe_.tlsf	60	UNREALIZABLE	0.20221427897922695	1	false		status	13	30	1428	3dc9fdf38b30dbc8fc85609a32ca7280ae206529	22455c945576d28d86ac98a3b512327740b12f0cc3a3a6006ad1c59dfe9c9584	otf_sparse_formula	2026-09-25T15:59:02.209340Z	--arms unreal:gr1:oxidd	0.170000	52383744		8G	0			true		acacia-syntcomp26-coverage-3638921-8b313c9d87dc.scope
arm-6	simple_arbiter_unreal1_pb_3_8_pe_.ltl	simple_arbiter_unreal1_pb_3_8_pe_.tlsf	60	UNREALIZABLE	0.5403656340204179	1	false		status	13	30	1429	3dc9fdf38b30dbc8fc85609a32ca7280ae206529	22455c945576d28d86ac98a3b512327740b12f0cc3a3a6006ad1c59dfe9c9584	otf_sparse_formula	2026-09-25T15:59:02.764134Z	--arms unreal:gr1:oxidd	0.510000	68083712		8G	0			true		acacia-syntcomp26-coverage-3638921-2909ac3af392.scope
arm-6	simple_arbiter_unreal1_pb_3_9_pe_.ltl	simple_arbiter_unreal1_pb_3_9_pe_.tlsf	60	UNREALIZABLE	1.919961221050471	1	false		status	13	31	1430	3dc9fdf38b30dbc8fc85609a32ca7280ae206529	22455c945576d28d86ac98a3b512327740b12f0cc3a3a6006ad1c59dfe9c9584	otf_sparse_formula	2026-09-25T15:59:04.697529Z	--arms unreal:gr1:oxidd	1.890000	127447040		8G	0			true		acacia-syntcomp26-coverage-3638921-ca38ba1389b9.scope
arm-6	simple_arbiter_unreal1_pb_4_10_pe_.ltl	simple_arbiter_unreal1_pb_4_10_pe_.tlsf	60	TIMEOUT	60.04990590806119	124	true	timeout	status	0	8	1431	3dc9fdf38b30dbc8fc85609a32ca7280ae206529	22455c945576d28d86ac98a3b512327740b12f0cc3a3a6006ad1c59dfe9c9584	otf_sparse_formula	2026-09-25T16:00:04.787888Z	--arms unreal:gr1:oxidd				8G	0			true		acacia-syntcomp26-coverage-3638921-49d5018dd33b.scope
arm-6	simple_arbiter_unreal1_pb_4_12_pe_.ltl	simple_arbiter_unreal1_pb_4_12_pe_.tlsf	60	TIMEOUT	60.189347864012234	124	true	timeout	status	0	8	1432	3dc9fdf38b30dbc8fc85609a32ca7280ae206529	22455c945576d28d86ac98a3b512327740b12f0cc3a3a6006ad1c59dfe9c9584	otf_sparse_formula	2026-09-25T16:01:05.021236Z	--arms unreal:gr1:oxidd				8G	0			true		acacia-syntcomp26-coverage-3638921-48cd76c8de25.scope
arm-6	simple_arbiter_unreal1_pb_4_1_pe_.ltl	simple_arbiter_unreal1_pb_4_1_pe_.tlsf	60	UNREALIZABLE	0.05456004699226469	1	false		status	13	30	1433	3dc9fdf38b30dbc8fc85609a32ca7280ae206529	22455c945576d28d86ac98a3b512327740b12f0cc3a3a6006ad1c59dfe9c9584	otf_sparse_formula	2026-09-25T16:01:05.101826Z	--arms unreal:gr1:oxidd	0.010000	45416448		8G	0			true		acacia-syntcomp26-coverage-3638921-924226de3f6c.scope
arm-6	simple_arbiter_unreal1_pb_4_2_pe_.ltl	simple_arbiter_unreal1_pb_4_2_pe_.tlsf	60	UNREALIZABLE	0.05805165402125567	1	false		status	13	30	1434	3dc9fdf38b30dbc8fc85609a32ca7280ae206529	22455c945576d28d86ac98a3b512327740b12f0cc3a3a6006ad1c59dfe9c9584	otf_sparse_formula	2026-09-25T16:01:05.173397Z	--arms unreal:gr1:oxidd	0.030000	45326336		8G	0			true		acacia-syntcomp26-coverage-3638921-29c5e9dd31f4.scope
arm-6	simple_arbiter_unreal1_pb_4_3_pe_.ltl	simple_arbiter_unreal1_pb_4_3_pe_.tlsf	60	UNREALIZABLE	0.07282067893538624	1	false		status	13	30	1435	3dc9fdf38b30dbc8fc85609a32ca7280ae206529	22455c945576d28d86ac98a3b512327740b12f0cc3a3a6006ad1c59dfe9c9584	otf_sparse_formula	2026-09-25T16:01:05.260623Z	--arms unreal:gr1:oxidd	0.030000	45518848		8G	0			true		acacia-syntcomp26-coverage-3638921-4f9a2fd84e3e.scope
arm-6	simple_arbiter_unreal1_pb_4_4_pe_.ltl	simple_arbiter_unreal1_pb_4_4_pe_.tlsf	60	UNREALIZABLE	0.09044869197532535	1	false		status	13	30	1436	3dc9fdf38b30dbc8fc85609a32ca7280ae206529	22455c945576d28d86ac98a3b512327740b12f0cc3a3a6006ad1c59dfe9c9584	otf_sparse_formula	2026-09-25T16:01:05.364069Z	--arms unreal:gr1:oxidd	0.050000	45838336		8G	0			true		acacia-syntcomp26-coverage-3638921-339e40d40349.scope
arm-6	simple_arbiter_unreal1_pb_4_5_pe_.ltl	simple_arbiter_unreal1_pb_4_5_pe_.tlsf	60	UNREALIZABLE	0.117419159039855	1	false		status	13	30	1437	3dc9fdf38b30dbc8fc85609a32ca7280ae206529	22455c945576d28d86ac98a3b512327740b12f0cc3a3a6006ad1c59dfe9c9584	otf_sparse_formula	2026-09-25T16:01:05.494822Z	--arms unreal:gr1:oxidd	0.090000	47321088		8G	0			true		acacia-syntcomp26-coverage-3638921-db3f62d048d4.scope
arm-6	simple_arbiter_unreal1_pb_4_6_pe_.ltl	simple_arbiter_unreal1_pb_4_6_pe_.tlsf	60	UNREALIZABLE	0.22880468901712447	1	false		status	13	30	1438	3dc9fdf38b30dbc8fc85609a32ca7280ae206529	22455c945576d28d86ac98a3b512327740b12f0cc3a3a6006ad1c59dfe9c9584	otf_sparse_formula	2026-09-25T16:01:05.737269Z	--arms unreal:gr1:oxidd	0.200000	54145024		8G	0			true		acacia-syntcomp26-coverage-3638921-1b5d6778ac46.scope
arm-6	simple_arbiter_unreal1_pb_4_7_pe_.ltl	simple_arbiter_unreal1_pb_4_7_pe_.tlsf	60	UNREALIZABLE	0.5434220510069281	1	false		status	13	30	1439	3dc9fdf38b30dbc8fc85609a32ca7280ae206529	22455c945576d28d86ac98a3b512327740b12f0cc3a3a6006ad1c59dfe9c9584	otf_sparse_formula	2026-09-25T16:01:06.294143Z	--arms unreal:gr1:oxidd	0.510000	72388608		8G	0			true		acacia-syntcomp26-coverage-3638921-01cc1dd20653.scope
arm-6	simple_arbiter_unreal1_pb_4_8_pe_.ltl	simple_arbiter_unreal1_pb_4_8_pe_.tlsf	60	UNREALIZABLE	1.6500740050105378	1	false		status	13	31	1440	3dc9fdf38b30dbc8fc85609a32ca7280ae206529	22455c945576d28d86ac98a3b512327740b12f0cc3a3a6006ad1c59dfe9c9584	otf_sparse_formula	2026-09-25T16:01:07.958132Z	--arms unreal:gr1:oxidd	1.610000	138792960		8G	0			true		acacia-syntcomp26-coverage-3638921-18d35f34dc17.scope
arm-6	simple_arbiter_unreal1_pb_4_9_pe_.ltl	simple_arbiter_unreal1_pb_4_9_pe_.tlsf	60	UNREALIZABLE	8.474410017952323	1	false		status	13	31	1441	3dc9fdf38b30dbc8fc85609a32ca7280ae206529	22455c945576d28d86ac98a3b512327740b12f0cc3a3a6006ad1c59dfe9c9584	otf_sparse_formula	2026-09-25T16:01:16.447067Z	--arms unreal:gr1:oxidd	9.000000	186466304		8G	0			true		acacia-syntcomp26-coverage-3638921-c489ad45eec9.scope
arm-6	simple_arbiter_unreal1_pb_5_10_pe_.ltl	simple_arbiter_unreal1_pb_5_10_pe_.tlsf	60	UNKNOWN	14.574894092977047	2	false		status	0	141	1442	3dc9fdf38b30dbc8fc85609a32ca7280ae206529	22455c945576d28d86ac98a3b512327740b12f0cc3a3a6006ad1c59dfe9c9584	otf_sparse_formula	2026-09-25T16:01:31.035175Z	--arms unreal:gr1:oxidd	14.530000	320770048		8G	0			true		acacia-syntcomp26-coverage-3638921-fcedbc59ce19.scope
arm-6	simple_arbiter_unreal1_pb_5_1_pe_.ltl	simple_arbiter_unreal1_pb_5_1_pe_.tlsf	60	UNREALIZABLE	0.042694377014413476	1	false		status	13	30	1443	3dc9fdf38b30dbc8fc85609a32ca7280ae206529	22455c945576d28d86ac98a3b512327740b12f0cc3a3a6006ad1c59dfe9c9584	otf_sparse_formula	2026-09-25T16:01:31.091297Z	--arms unreal:gr1:oxidd	0.020000	45633536		8G	0			true		acacia-syntcomp26-coverage-3638921-3833b0ffcf2c.scope
arm-6	simple_arbiter_unreal1_pb_5_2_pe_.ltl	simple_arbiter_unreal1_pb_5_2_pe_.tlsf	60	UNREALIZABLE	0.06906355090904981	1	false		status	13	30	1444	3dc9fdf38b30dbc8fc85609a32ca7280ae206529	22455c945576d28d86ac98a3b512327740b12f0cc3a3a6006ad1c59dfe9c9584	otf_sparse_formula	2026-09-25T16:01:31.174279Z	--arms unreal:gr1:oxidd	0.040000	45490176		8G	0			true		acacia-syntcomp26-coverage-3638921-5be0136e959f.scope
arm-6	simple_arbiter_unreal1_pb_5_3_pe_.ltl	simple_arbiter_unreal1_pb_5_3_pe_.tlsf	60	UNREALIZABLE	0.09788739506620914	1	false		status	13	30	1445	3dc9fdf38b30dbc8fc85609a32ca7280ae206529	22455c945576d28d86ac98a3b512327740b12f0cc3a3a6006ad1c59dfe9c9584	otf_sparse_formula	2026-09-25T16:01:31.284916Z	--arms unreal:gr1:oxidd	0.070000	46579712		8G	0			true		acacia-syntcomp26-coverage-3638921-f8caa1a56cf4.scope
arm-6	simple_arbiter_unreal1_pb_5_4_pe_.ltl	simple_arbiter_unreal1_pb_5_4_pe_.tlsf	60	UNREALIZABLE	0.1395569519372657	1	false		status	13	30	1446	3dc9fdf38b30dbc8fc85609a32ca7280ae206529	22455c945576d28d86ac98a3b512327740b12f0cc3a3a6006ad1c59dfe9c9584	otf_sparse_formula	2026-09-25T16:01:31.437793Z	--arms unreal:gr1:oxidd	0.110000	48746496		8G	0			true		acacia-syntcomp26-coverage-3638921-9cd1cb350549.scope
arm-6	simple_arbiter_unreal1_pb_5_5_pe_.ltl	simple_arbiter_unreal1_pb_5_5_pe_.tlsf	60	UNREALIZABLE	0.25503645301796496	1	false		status	13	30	1447	3dc9fdf38b30dbc8fc85609a32ca7280ae206529	22455c945576d28d86ac98a3b512327740b12f0cc3a3a6006ad1c59dfe9c9584	otf_sparse_formula	2026-09-25T16:01:31.706263Z	--arms unreal:gr1:oxidd	0.220000	55472128		8G	0			true		acacia-syntcomp26-coverage-3638921-41f788c47d5d.scope
arm-6	simple_arbiter_unreal1_pb_5_6_pe_.ltl	simple_arbiter_unreal1_pb_5_6_pe_.tlsf	60	UNREALIZABLE	0.5466353250667453	1	false		status	13	30	1448	3dc9fdf38b30dbc8fc85609a32ca7280ae206529	22455c945576d28d86ac98a3b512327740b12f0cc3a3a6006ad1c59dfe9c9584	otf_sparse_formula	2026-09-25T16:01:32.266905Z	--arms unreal:gr1:oxidd	0.520000	75857920		8G	0			true		acacia-syntcomp26-coverage-3638921-6e5323b7665e.scope
arm-6	simple_arbiter_unreal1_pb_5_7_pe_.ltl	simple_arbiter_unreal1_pb_5_7_pe_.tlsf	60	UNREALIZABLE	1.5453098020516336	1	false		status	13	31	1449	3dc9fdf38b30dbc8fc85609a32ca7280ae206529	22455c945576d28d86ac98a3b512327740b12f0cc3a3a6006ad1c59dfe9c9584	otf_sparse_formula	2026-09-25T16:01:33.824831Z	--arms unreal:gr1:oxidd	1.510000	139231232		8G	0			true		acacia-syntcomp26-coverage-3638921-6e63b9638baf.scope
arm-6	simple_arbiter_unreal1_pb_5_8_pe_.ltl	simple_arbiter_unreal1_pb_5_8_pe_.tlsf	60	UNREALIZABLE	7.002861093962565	1	false		status	13	31	1450	3dc9fdf38b30dbc8fc85609a32ca7280ae206529	22455c945576d28d86ac98a3b512327740b12f0cc3a3a6006ad1c59dfe9c9584	otf_sparse_formula	2026-09-25T16:01:40.840769Z	--arms unreal:gr1:oxidd	7.470000	176427008		8G	0			true		acacia-syntcomp26-coverage-3638921-32a28d942f5c.scope
arm-6	simple_arbiter_unreal1_pb_5_9_pe_.ltl	simple_arbiter_unreal1_pb_5_9_pe_.tlsf	60	TIMEOUT	60.100867053028196	124	true	timeout	status	0	8	1451	3dc9fdf38b30dbc8fc85609a32ca7280ae206529	22455c945576d28d86ac98a3b512327740b12f0cc3a3a6006ad1c59dfe9c9584	otf_sparse_formula	2026-09-25T16:02:40.981467Z	--arms unreal:gr1:oxidd				8G	0			true		acacia-syntcomp26-coverage-3638921-6fad6fed1cbf.scope
arm-6	simple_arbiter_unreal1_pb_6_1_pe_.ltl	simple_arbiter_unreal1_pb_6_1_pe_.tlsf	60	UNREALIZABLE	0.07541507598944008	1	false		status	13	30	1452	3dc9fdf38b30dbc8fc85609a32ca7280ae206529	22455c945576d28d86ac98a3b512327740b12f0cc3a3a6006ad1c59dfe9c9584	otf_sparse_formula	2026-09-25T16:02:41.071099Z	--arms unreal:gr1:oxidd	0.040000	48422912		8G	0			true		acacia-syntcomp26-coverage-3638921-49ccb09d348e.scope
arm-6	simple_arbiter_unreal1_pb_6_2_pe_.ltl	simple_arbiter_unreal1_pb_6_2_pe_.tlsf	60	UNREALIZABLE	0.12478048400953412	1	false		status	13	30	1453	3dc9fdf38b30dbc8fc85609a32ca7280ae206529	22455c945576d28d86ac98a3b512327740b12f0cc3a3a6006ad1c59dfe9c9584	otf_sparse_formula	2026-09-25T16:02:41.208805Z	--arms unreal:gr1:oxidd	0.100000	53231616		8G	0			true		acacia-syntcomp26-coverage-3638921-4d6b4b176553.scope
arm-6	simple_arbiter_unreal1_pb_6_3_pe_.ltl	simple_arbiter_unreal1_pb_6_3_pe_.tlsf	60	UNREALIZABLE	0.1855951069155708	1	false		status	13	30	1454	3dc9fdf38b30dbc8fc85609a32ca7280ae206529	22455c945576d28d86ac98a3b512327740b12f0cc3a3a6006ad1c59dfe9c9584	otf_sparse_formula	2026-09-25T16:02:41.409229Z	--arms unreal:gr1:oxidd	0.160000	54960128		8G	0			true		acacia-syntcomp26-coverage-3638921-b84c937b31c2.scope
arm-6	simple_arbiter_unreal1_pb_6_4_pe_.ltl	simple_arbiter_unreal1_pb_6_4_pe_.tlsf	60	UNREALIZABLE	0.35358543298207223	1	false		status	13	30	1455	3dc9fdf38b30dbc8fc85609a32ca7280ae206529	22455c945576d28d86ac98a3b512327740b12f0cc3a3a6006ad1c59dfe9c9584	otf_sparse_formula	2026-09-25T16:02:41.776760Z	--arms unreal:gr1:oxidd	0.310000	61464576		8G	0			true		acacia-syntcomp26-coverage-3638921-93bd70043f6d.scope
arm-6	simple_arbiter_unreal1_pb_6_5_pe_.ltl	simple_arbiter_unreal1_pb_6_5_pe_.tlsf	60	UNREALIZABLE	0.791490914998576	1	false		status	13	30	1456	3dc9fdf38b30dbc8fc85609a32ca7280ae206529	22455c945576d28d86ac98a3b512327740b12f0cc3a3a6006ad1c59dfe9c9584	otf_sparse_formula	2026-09-25T16:02:42.581927Z	--arms unreal:gr1:oxidd	0.750000	82075648		8G	0			true		acacia-syntcomp26-coverage-3638921-4f4e896b4f73.scope
arm-6	simple_arbiter_unreal1_pb_8_8_pe_.ltl	simple_arbiter_unreal1_pb_8_8_pe_.tlsf	60	TIMEOUT	60.09281251090579	124	true	timeout	status	0	8	1457	3dc9fdf38b30dbc8fc85609a32ca7280ae206529	22455c945576d28d86ac98a3b512327740b12f0cc3a3a6006ad1c59dfe9c9584	otf_sparse_formula	2026-09-25T16:03:42.716122Z	--arms unreal:gr1:oxidd				8G	0			true		acacia-syntcomp26-coverage-3638921-6cec63bcddce.scope
arm-6	simple_arbiter_unreal2_pb_10_pe_.ltl	simple_arbiter_unreal2_pb_10_pe_.tlsf	60	UNREALIZABLE	2.9393368349410594	1	false		status	13	31	1458	3dc9fdf38b30dbc8fc85609a32ca7280ae206529	22455c945576d28d86ac98a3b512327740b12f0cc3a3a6006ad1c59dfe9c9584	otf_sparse_formula	2026-09-25T16:03:45.668886Z	--arms unreal:gr1:oxidd	3.150000	179236864		8G	0			true		acacia-syntcomp26-coverage-3638921-c84ca2dadde8.scope
arm-6	simple_arbiter_unreal2_pb_25_pe_.ltl	simple_arbiter_unreal2_pb_25_pe_.tlsf	60	UNKNOWN	10.894605529028922	2	false		status	0	107	1459	3dc9fdf38b30dbc8fc85609a32ca7280ae206529	22455c945576d28d86ac98a3b512327740b12f0cc3a3a6006ad1c59dfe9c9584	otf_sparse_formula	2026-09-25T16:03:56.578738Z	--arms unreal:gr1:oxidd	11.280000	201920512		8G	0			true		acacia-syntcomp26-coverage-3638921-b2ea7cb32ce5.scope
arm-6	simple_arbiter_unreal2_pb_2_pe_.ltl	simple_arbiter_unreal2_pb_2_pe_.tlsf	60	UNREALIZABLE	0.038994414964690804	1	false		status	13	30	1460	3dc9fdf38b30dbc8fc85609a32ca7280ae206529	22455c945576d28d86ac98a3b512327740b12f0cc3a3a6006ad1c59dfe9c9584	otf_sparse_formula	2026-09-25T16:03:56.639666Z	--arms unreal:gr1:oxidd	0.010000	43220992		8G	0			true		acacia-syntcomp26-coverage-3638921-c81232d73395.scope
arm-6	simple_arbiter_unreal2_pb_3_pe_.ltl	simple_arbiter_unreal2_pb_3_pe_.tlsf	60	UNREALIZABLE	0.046461471007205546	1	false		status	13	30	1461	3dc9fdf38b30dbc8fc85609a32ca7280ae206529	22455c945576d28d86ac98a3b512327740b12f0cc3a3a6006ad1c59dfe9c9584	otf_sparse_formula	2026-09-25T16:03:56.700334Z	--arms unreal:gr1:oxidd	0.010000	43261952		8G	0			true		acacia-syntcomp26-coverage-3638921-c8564c092038.scope
arm-6	simple_arbiter_unreal2_pb_4_pe_.ltl	simple_arbiter_unreal2_pb_4_pe_.tlsf	60	UNREALIZABLE	0.04999800503719598	1	false		status	13	30	1462	3dc9fdf38b30dbc8fc85609a32ca7280ae206529	22455c945576d28d86ac98a3b512327740b12f0cc3a3a6006ad1c59dfe9c9584	otf_sparse_formula	2026-09-25T16:03:56.765965Z	--arms unreal:gr1:oxidd	0.020000	43515904		8G	0			true		acacia-syntcomp26-coverage-3638921-b5663671a781.scope
arm-6	simple_arbiter_unreal2_pb_50_pe_.ltl	simple_arbiter_unreal2_pb_50_pe_.tlsf	60	TIMEOUT	60.068077597999945	124	true	timeout	status	0	8	1463	3dc9fdf38b30dbc8fc85609a32ca7280ae206529	22455c945576d28d86ac98a3b512327740b12f0cc3a3a6006ad1c59dfe9c9584	otf_sparse_formula	2026-09-25T16:04:56.845419Z	--arms unreal:gr1:oxidd				8G	0			true		acacia-syntcomp26-coverage-3638921-c9b0cabb752c.scope
arm-6	simple_arbiter_unreal2_pb_5_pe_.ltl	simple_arbiter_unreal2_pb_5_pe_.tlsf	60	UNREALIZABLE	0.052117480896413326	1	false		status	13	30	1464	3dc9fdf38b30dbc8fc85609a32ca7280ae206529	22455c945576d28d86ac98a3b512327740b12f0cc3a3a6006ad1c59dfe9c9584	otf_sparse_formula	2026-09-25T16:04:56.910136Z	--arms unreal:gr1:oxidd	0.020000	44023808		8G	0			true		acacia-syntcomp26-coverage-3638921-8d789317e08d.scope
arm-6	simple_arbiter_unreal2_pb_60_pe_.ltl	simple_arbiter_unreal2_pb_60_pe_.tlsf	60	TIMEOUT	60.020799958962016	124	true	timeout	none	0	8	1465	3dc9fdf38b30dbc8fc85609a32ca7280ae206529	22455c945576d28d86ac98a3b512327740b12f0cc3a3a6006ad1c59dfe9c9584	otf_sparse_formula	2026-09-25T16:05:56.945202Z	--arms unreal:gr1:oxidd				8G	0			true		acacia-syntcomp26-coverage-3638921-a377f220d8fc.scope
arm-6	simple_arbiter_unreal2_pb_6_pe_.ltl	simple_arbiter_unreal2_pb_6_pe_.tlsf	60	UNREALIZABLE	0.09023544995579869	1	false		status	13	30	1466	3dc9fdf38b30dbc8fc85609a32ca7280ae206529	22455c945576d28d86ac98a3b512327740b12f0cc3a3a6006ad1c59dfe9c9584	otf_sparse_formula	2026-09-25T16:05:57.049914Z	--arms unreal:gr1:oxidd	0.060000	46555136		8G	0			true		acacia-syntcomp26-coverage-3638921-70dcbb174a40.scope
arm-6	simple_arbiter_unreal2_pb_75_pe_.ltl	simple_arbiter_unreal2_pb_75_pe_.tlsf	60	UNKNOWN	1.2816006999928504	2	false		none	0	139	1467	3dc9fdf38b30dbc8fc85609a32ca7280ae206529	22455c945576d28d86ac98a3b512327740b12f0cc3a3a6006ad1c59dfe9c9584	otf_sparse_formula	2026-09-25T16:05:58.345340Z	--arms unreal:gr1:oxidd	1.240000	57335808		8G	0			true		acacia-syntcomp26-coverage-3638921-72a5e262d08b.scope
arm-6	simple_arbiter_unreal2_pb_7_pe_.ltl	simple_arbiter_unreal2_pb_7_pe_.tlsf	60	UNREALIZABLE	0.1302488730289042	1	false		status	13	30	1468	3dc9fdf38b30dbc8fc85609a32ca7280ae206529	22455c945576d28d86ac98a3b512327740b12f0cc3a3a6006ad1c59dfe9c9584	otf_sparse_formula	2026-09-25T16:05:58.490134Z	--arms unreal:gr1:oxidd	0.100000	55656448		8G	0			true		acacia-syntcomp26-coverage-3638921-f56c7573d280.scope
arm-6	simple_arbiter_unreal2_pb_8_pe_.ltl	simple_arbiter_unreal2_pb_8_pe_.tlsf	60	UNREALIZABLE	0.248774325940758	1	false		status	13	30	1469	3dc9fdf38b30dbc8fc85609a32ca7280ae206529	22455c945576d28d86ac98a3b512327740b12f0cc3a3a6006ad1c59dfe9c9584	otf_sparse_formula	2026-09-25T16:05:58.752466Z	--arms unreal:gr1:oxidd	0.220000	76111872		8G	0			true		acacia-syntcomp26-coverage-3638921-e76318e4a2b0.scope
arm-6	simple_arbiter_with_hints_pb_10_pe_.ltl	simple_arbiter_with_hints_pb_10_pe_.tlsf	60	UNKNOWN	54.094664494972676	2	false		none	0	130	1470	3dc9fdf38b30dbc8fc85609a32ca7280ae206529	22455c945576d28d86ac98a3b512327740b12f0cc3a3a6006ad1c59dfe9c9584	otf_sparse_formula	2026-09-25T16:06:52.860664Z	--arms unreal:gr1:oxidd	55.860000	485441536		8G	0			true		acacia-syntcomp26-coverage-3638921-358bae06a6cf.scope
arm-6	simple_arbiter_with_hints_pb_12_pe_.ltl	simple_arbiter_with_hints_pb_12_pe_.tlsf	60	UNKNOWN	7.7706307609332725	2	false		none	0	106	1471	3dc9fdf38b30dbc8fc85609a32ca7280ae206529	22455c945576d28d86ac98a3b512327740b12f0cc3a3a6006ad1c59dfe9c9584	otf_sparse_formula	2026-09-25T16:07:00.644601Z	--arms unreal:gr1:oxidd	8.330000	205672448		8G	0			true		acacia-syntcomp26-coverage-3638921-9f78fdc09cd8.scope
arm-6	simple_arbiter_with_hints_pb_15_pe_.ltl	simple_arbiter_with_hints_pb_15_pe_.tlsf	60	TIMEOUT	60.09605670301244	124	true	timeout	none	0	8	1472	3dc9fdf38b30dbc8fc85609a32ca7280ae206529	22455c945576d28d86ac98a3b512327740b12f0cc3a3a6006ad1c59dfe9c9584	otf_sparse_formula	2026-09-25T16:08:00.754172Z	--arms unreal:gr1:oxidd				8G	0			true		acacia-syntcomp26-coverage-3638921-7c03dd8a718e.scope
arm-6	simple_arbiter_with_hints_pb_2_pe_.ltl	simple_arbiter_with_hints_pb_2_pe_.tlsf	60	UNKNOWN	0.05331231793388724	2	false		none	0	128	1473	3dc9fdf38b30dbc8fc85609a32ca7280ae206529	22455c945576d28d86ac98a3b512327740b12f0cc3a3a6006ad1c59dfe9c9584	otf_sparse_formula	2026-09-25T16:08:00.833182Z	--arms unreal:gr1:oxidd	0.020000	45416448		8G	0			true		acacia-syntcomp26-coverage-3638921-03110d04c1be.scope
arm-6	simple_arbiter_with_hints_pb_4_pe_.ltl	simple_arbiter_with_hints_pb_4_pe_.tlsf	60	UNKNOWN	0.06969849800225347	2	false		none	0	128	1474	3dc9fdf38b30dbc8fc85609a32ca7280ae206529	22455c945576d28d86ac98a3b512327740b12f0cc3a3a6006ad1c59dfe9c9584	otf_sparse_formula	2026-09-25T16:08:00.916937Z	--arms unreal:gr1:oxidd	0.030000	46108672		8G	0			true		acacia-syntcomp26-coverage-3638921-2d8f4b31655e.scope
arm-6	simple_arbiter_with_hints_pb_6_pe_.ltl	simple_arbiter_with_hints_pb_6_pe_.tlsf	60	UNKNOWN	0.14278315706178546	2	false		none	0	128	1475	3dc9fdf38b30dbc8fc85609a32ca7280ae206529	22455c945576d28d86ac98a3b512327740b12f0cc3a3a6006ad1c59dfe9c9584	otf_sparse_formula	2026-09-25T16:08:01.074255Z	--arms unreal:gr1:oxidd	0.110000	62681088		8G	0			true		acacia-syntcomp26-coverage-3638921-b990985b512b.scope
arm-6	simple_arbiter_with_hints_pb_8_pe_.ltl	simple_arbiter_with_hints_pb_8_pe_.tlsf	60	UNKNOWN	2.019592311931774	2	false		none	0	129	1476	3dc9fdf38b30dbc8fc85609a32ca7280ae206529	22455c945576d28d86ac98a3b512327740b12f0cc3a3a6006ad1c59dfe9c9584	otf_sparse_formula	2026-09-25T16:08:03.107439Z	--arms unreal:gr1:oxidd	2.060000	209125376		8G	0			true		acacia-syntcomp26-coverage-3638921-0c8e5b3c9ec2.scope
arm-6	solitary-real.ltl	solitary-real.tlsf	60	UNKNOWN	0.040448171901516616	2	false		none	0	235	1477	3dc9fdf38b30dbc8fc85609a32ca7280ae206529	22455c945576d28d86ac98a3b512327740b12f0cc3a3a6006ad1c59dfe9c9584	otf_sparse_formula	2026-09-25T16:08:03.175489Z	--arms unreal:gr1:oxidd	0.000000	21569536		8G	0			true		acacia-syntcomp26-coverage-3638921-57d7649c40f3.scope
arm-6	solitary0.ltl	solitary0.tlsf	60	UNKNOWN	0.04503135895356536	2	false		none	0	214	1478	3dc9fdf38b30dbc8fc85609a32ca7280ae206529	22455c945576d28d86ac98a3b512327740b12f0cc3a3a6006ad1c59dfe9c9584	otf_sparse_formula	2026-09-25T16:08:03.256999Z	--arms unreal:gr1:oxidd	0.010000	21204992		8G	0			true		acacia-syntcomp26-coverage-3638921-ea3a8c414963.scope
arm-6	sort4-real.ltl	sort4-real.tlsf	60	UNKNOWN	0.07053028396330774	2	false		none	0	193	1479	3dc9fdf38b30dbc8fc85609a32ca7280ae206529	22455c945576d28d86ac98a3b512327740b12f0cc3a3a6006ad1c59dfe9c9584	otf_sparse_formula	2026-09-25T16:08:03.340696Z	--arms unreal:gr1:oxidd	0.030000	30400512		8G	0			true		acacia-syntcomp26-coverage-3638921-077c7e60a49c.scope
arm-6	sort40.ltl	sort40.tlsf	60	UNKNOWN	0.047635295893996954	2	false		none	0	192	1480	3dc9fdf38b30dbc8fc85609a32ca7280ae206529	22455c945576d28d86ac98a3b512327740b12f0cc3a3a6006ad1c59dfe9c9584	otf_sparse_formula	2026-09-25T16:08:03.426036Z	--arms unreal:gr1:oxidd	0.020000	23322624		8G	0			true		acacia-syntcomp26-coverage-3638921-59fc3a69ec8a.scope
arm-6	sort41.ltl	sort41.tlsf	60	UNKNOWN	0.04363354900851846	2	false		none	0	192	1481	3dc9fdf38b30dbc8fc85609a32ca7280ae206529	22455c945576d28d86ac98a3b512327740b12f0cc3a3a6006ad1c59dfe9c9584	otf_sparse_formula	2026-09-25T16:08:03.495940Z	--arms unreal:gr1:oxidd	0.010000	24645632		8G	0			true		acacia-syntcomp26-coverage-3638921-94d44ea253a7.scope
arm-6	sort42.ltl	sort42.tlsf	60	UNKNOWN	0.0562803209759295	2	false		none	0	192	1482	3dc9fdf38b30dbc8fc85609a32ca7280ae206529	22455c945576d28d86ac98a3b512327740b12f0cc3a3a6006ad1c59dfe9c9584	otf_sparse_formula	2026-09-25T16:08:03.565439Z	--arms unreal:gr1:oxidd	0.030000	27115520		8G	0			true		acacia-syntcomp26-coverage-3638921-568b09f0959b.scope
arm-6	sort50.ltl	sort50.tlsf	60	UNKNOWN	0.04964935500174761	2	false		none	0	191	1483	3dc9fdf38b30dbc8fc85609a32ca7280ae206529	22455c945576d28d86ac98a3b512327740b12f0cc3a3a6006ad1c59dfe9c9584	otf_sparse_formula	2026-09-25T16:08:03.628672Z	--arms unreal:gr1:oxidd	0.020000	27172864		8G	0			true		acacia-syntcomp26-coverage-3638921-7ed813fed8fb.scope
arm-6	sort51.ltl	sort51.tlsf	60	UNKNOWN	0.06576203997246921	2	false		none	0	193	1484	3dc9fdf38b30dbc8fc85609a32ca7280ae206529	22455c945576d28d86ac98a3b512327740b12f0cc3a3a6006ad1c59dfe9c9584	otf_sparse_formula	2026-09-25T16:08:03.708692Z	--arms unreal:gr1:oxidd	0.030000	31363072		8G	0			true		acacia-syntcomp26-coverage-3638921-53c41915904f.scope
arm-6	sort52.ltl	sort52.tlsf	60	UNKNOWN	0.06532098597381264	2	false		none	0	193	1485	3dc9fdf38b30dbc8fc85609a32ca7280ae206529	22455c945576d28d86ac98a3b512327740b12f0cc3a3a6006ad1c59dfe9c9584	otf_sparse_formula	2026-09-25T16:08:03.786811Z	--arms unreal:gr1:oxidd	0.040000	38674432		8G	0			true		acacia-syntcomp26-coverage-3638921-7171476812be.scope
arm-6	sort53.ltl	sort53.tlsf	60	UNKNOWN	0.09294736501760781	2	false		none	0	193	1486	3dc9fdf38b30dbc8fc85609a32ca7280ae206529	22455c945576d28d86ac98a3b512327740b12f0cc3a3a6006ad1c59dfe9c9584	otf_sparse_formula	2026-09-25T16:08:03.892515Z	--arms unreal:gr1:oxidd	0.060000	51580928		8G	0			true		acacia-syntcomp26-coverage-3638921-55e0d994521e.scope
arm-6	square5x5-real.ltl	square5x5-real.tlsf	60	UNKNOWN	0.04478487197775394	2	false		none	0	235	1487	3dc9fdf38b30dbc8fc85609a32ca7280ae206529	22455c945576d28d86ac98a3b512327740b12f0cc3a3a6006ad1c59dfe9c9584	otf_sparse_formula	2026-09-25T16:08:03.974203Z	--arms unreal:gr1:oxidd	0.010000	23724032		8G	0			true		acacia-syntcomp26-coverage-3638921-2ba60e3ac1d4.scope
arm-6	square5x50.ltl	square5x50.tlsf	60	UNKNOWN	0.024751391960307956	2	false		none	0	215	1488	3dc9fdf38b30dbc8fc85609a32ca7280ae206529	22455c945576d28d86ac98a3b512327740b12f0cc3a3a6006ad1c59dfe9c9584	otf_sparse_formula	2026-09-25T16:08:04.013163Z	--arms unreal:gr1:oxidd	0.000000	22409216		8G	0			true		acacia-syntcomp26-coverage-3638921-bbbf63c4a16f.scope
arm-6	square5x51.ltl	square5x51.tlsf	60	UNKNOWN	0.05855125095695257	2	false		none	0	236	1489	3dc9fdf38b30dbc8fc85609a32ca7280ae206529	22455c945576d28d86ac98a3b512327740b12f0cc3a3a6006ad1c59dfe9c9584	otf_sparse_formula	2026-09-25T16:08:04.098912Z	--arms unreal:gr1:oxidd	0.020000	22872064		8G	0			true		acacia-syntcomp26-coverage-3638921-3b0973f4119c.scope
arm-6	square5x52.ltl	square5x52.tlsf	60	UNKNOWN	0.05319331702776253	2	false		none	0	236	1490	3dc9fdf38b30dbc8fc85609a32ca7280ae206529	22455c945576d28d86ac98a3b512327740b12f0cc3a3a6006ad1c59dfe9c9584	otf_sparse_formula	2026-09-25T16:08:04.191942Z	--arms unreal:gr1:oxidd	0.020000	22974464		8G	0			true		acacia-syntcomp26-coverage-3638921-fc18a8c29907.scope
arm-6	square5x53.ltl	square5x53.tlsf	60	UNKNOWN	0.056356041925027966	2	false		none	0	236	1491	3dc9fdf38b30dbc8fc85609a32ca7280ae206529	22455c945576d28d86ac98a3b512327740b12f0cc3a3a6006ad1c59dfe9c9584	otf_sparse_formula	2026-09-25T16:08:04.287523Z	--arms unreal:gr1:oxidd	0.020000	23363584		8G	0			true		acacia-syntcomp26-coverage-3638921-57be7fafb723.scope
arm-6	square5x54.ltl	square5x54.tlsf	60	UNKNOWN	0.04519462399184704	2	false		none	0	235	1492	3dc9fdf38b30dbc8fc85609a32ca7280ae206529	22455c945576d28d86ac98a3b512327740b12f0cc3a3a6006ad1c59dfe9c9584	otf_sparse_formula	2026-09-25T16:08:04.361029Z	--arms unreal:gr1:oxidd	0.000000	23552000		8G	0			true		acacia-syntcomp26-coverage-3638921-4a7e50ffc600.scope
arm-6	storage-GF-64-real.ltl	storage-GF-64-real.tlsf	60	UNKNOWN	0.04338349692989141	2	false		none	0	235	1493	3dc9fdf38b30dbc8fc85609a32ca7280ae206529	22455c945576d28d86ac98a3b512327740b12f0cc3a3a6006ad1c59dfe9c9584	otf_sparse_formula	2026-09-25T16:08:04.442318Z	--arms unreal:gr1:oxidd	0.010000	21504000		8G	0			true		acacia-syntcomp26-coverage-3638921-cb2c88d754e7.scope
arm-6	tasks-real.ltl	tasks-real.tlsf	60	UNKNOWN	0.043856660020537674	2	false		none	0	193	1494	3dc9fdf38b30dbc8fc85609a32ca7280ae206529	22455c945576d28d86ac98a3b512327740b12f0cc3a3a6006ad1c59dfe9c9584	otf_sparse_formula	2026-09-25T16:08:04.507332Z	--arms unreal:gr1:oxidd	0.010000	21504000		8G	0			true		acacia-syntcomp26-coverage-3638921-345964856175.scope
arm-6	tasks-unreal0.ltl	tasks-unreal0.tlsf	60	UNKNOWN	0.04875319800339639	2	false		none	0	214	1495	3dc9fdf38b30dbc8fc85609a32ca7280ae206529	22455c945576d28d86ac98a3b512327740b12f0cc3a3a6006ad1c59dfe9c9584	otf_sparse_formula	2026-09-25T16:08:04.579176Z	--arms unreal:gr1:oxidd	0.020000	24883200		8G	0			true		acacia-syntcomp26-coverage-3638921-6d2415d6b5e6.scope
arm-6	tasks-unreal1.ltl	tasks-unreal1.tlsf	60	UNKNOWN	0.058286803076043725	2	false		none	0	237	1496	3dc9fdf38b30dbc8fc85609a32ca7280ae206529	22455c945576d28d86ac98a3b512327740b12f0cc3a3a6006ad1c59dfe9c9584	otf_sparse_formula	2026-09-25T16:08:04.651194Z	--arms unreal:gr1:oxidd	0.030000	26136576		8G	0			true		acacia-syntcomp26-coverage-3638921-7542656c460a.scope
arm-6	tasks-unreal2.ltl	tasks-unreal2.tlsf	60	UNKNOWN	0.05142427596729249	2	false		none	0	236	1497	3dc9fdf38b30dbc8fc85609a32ca7280ae206529	22455c945576d28d86ac98a3b512327740b12f0cc3a3a6006ad1c59dfe9c9584	otf_sparse_formula	2026-09-25T16:08:04.716174Z	--arms unreal:gr1:oxidd	0.030000	26664960		8G	0			true		acacia-syntcomp26-coverage-3638921-297cfc368438.scope
arm-6	taxi-service-real.ltl	taxi-service-real.tlsf	60	UNKNOWN	0.03558593802154064	2	false		none	0	216	1498	3dc9fdf38b30dbc8fc85609a32ca7280ae206529	22455c945576d28d86ac98a3b512327740b12f0cc3a3a6006ad1c59dfe9c9584	otf_sparse_formula	2026-09-25T16:08:04.786352Z	--arms unreal:gr1:oxidd	0.010000	21884928		8G	0			true		acacia-syntcomp26-coverage-3638921-429e3d97fe2a.scope
arm-6	taxi-service-u-unreal.ltl	taxi-service-u-unreal.tlsf	60	UNKNOWN	0.04964939702767879	2	false		none	0	215	1499	3dc9fdf38b30dbc8fc85609a32ca7280ae206529	22455c945576d28d86ac98a3b512327740b12f0cc3a3a6006ad1c59dfe9c9584	otf_sparse_formula	2026-09-25T16:08:04.863213Z	--arms unreal:gr1:oxidd	0.010000	21749760		8G	0			true		acacia-syntcomp26-coverage-3638921-5d0af26dbebe.scope
arm-6	test2_f2774e0b.ltl	test2_f2774e0b.tlsf	60	UNKNOWN	0.056163993082009256	2	false		status	0	128	1500	3dc9fdf38b30dbc8fc85609a32ca7280ae206529	22455c945576d28d86ac98a3b512327740b12f0cc3a3a6006ad1c59dfe9c9584	otf_sparse_formula	2026-09-25T16:08:04.941308Z	--arms unreal:gr1:oxidd	0.020000	44994560		8G	0			true		acacia-syntcomp26-coverage-3638921-2a26b428a0e2.scope
arm-6	test3_efe2feaf.ltl	test3_efe2feaf.tlsf	60	UNKNOWN	0.07227493799291551	2	false		status	0	363	1501	3dc9fdf38b30dbc8fc85609a32ca7280ae206529	22455c945576d28d86ac98a3b512327740b12f0cc3a3a6006ad1c59dfe9c9584	otf_sparse_formula	2026-09-25T16:08:05.026630Z	--arms unreal:gr1:oxidd	0.040000	23195648		8G	0			true		acacia-syntcomp26-coverage-3638921-755e0af4c975.scope
arm-6	test4_4b82b1f4.ltl	test4_4b82b1f4.tlsf	60	UNREALIZABLE	0.04851613997016102	1	false		status	13	30	1502	3dc9fdf38b30dbc8fc85609a32ca7280ae206529	22455c945576d28d86ac98a3b512327740b12f0cc3a3a6006ad1c59dfe9c9584	otf_sparse_formula	2026-09-25T16:08:05.089124Z	--arms unreal:gr1:oxidd	0.020000	44900352		8G	0			true		acacia-syntcomp26-coverage-3638921-86d1478596b7.scope
arm-6	test5_6cbc6174.ltl	test5_6cbc6174.tlsf	60	UNKNOWN	0.037868595914915204	2	false		status	0	158	1503	3dc9fdf38b30dbc8fc85609a32ca7280ae206529	22455c945576d28d86ac98a3b512327740b12f0cc3a3a6006ad1c59dfe9c9584	otf_sparse_formula	2026-09-25T16:08:05.150331Z	--arms unreal:gr1:oxidd	0.010000	21688320		8G	0			true		acacia-syntcomp26-coverage-3638921-4636955cbe6a.scope
arm-6	test6_0f5381e9.ltl	test6_0f5381e9.tlsf	60	UNKNOWN	0.062101435963995755	2	false		status	0	128	1504	3dc9fdf38b30dbc8fc85609a32ca7280ae206529	22455c945576d28d86ac98a3b512327740b12f0cc3a3a6006ad1c59dfe9c9584	otf_sparse_formula	2026-09-25T16:08:05.237819Z	--arms unreal:gr1:oxidd	0.020000	46641152		8G	0			true		acacia-syntcomp26-coverage-3638921-59405a9a2de8.scope
arm-6	test7_2c5b09da.ltl	test7_2c5b09da.tlsf	60	UNKNOWN	0.05988681095186621	2	false		status	0	158	1505	3dc9fdf38b30dbc8fc85609a32ca7280ae206529	22455c945576d28d86ac98a3b512327740b12f0cc3a3a6006ad1c59dfe9c9584	otf_sparse_formula	2026-09-25T16:08:05.324670Z	--arms unreal:gr1:oxidd	0.010000	22847488		8G	0			true		acacia-syntcomp26-coverage-3638921-7dcf85f8474c.scope
arm-6	test8_88f351a6.ltl	test8_88f351a6.tlsf	60	UNREALIZABLE	0.06919499789364636	1	false		status	13	30	1506	3dc9fdf38b30dbc8fc85609a32ca7280ae206529	22455c945576d28d86ac98a3b512327740b12f0cc3a3a6006ad1c59dfe9c9584	otf_sparse_formula	2026-09-25T16:08:05.418787Z	--arms unreal:gr1:oxidd	0.030000	46755840		8G	0			true		acacia-syntcomp26-coverage-3638921-dabd4e772bff.scope
arm-6	test9_dd3a27e1.ltl	test9_dd3a27e1.tlsf	60	UNKNOWN	0.05714442895259708	2	false		status	0	363	1507	3dc9fdf38b30dbc8fc85609a32ca7280ae206529	22455c945576d28d86ac98a3b512327740b12f0cc3a3a6006ad1c59dfe9c9584	otf_sparse_formula	2026-09-25T16:08:05.488926Z	--arms unreal:gr1:oxidd	0.020000	22585344		8G	0			true		acacia-syntcomp26-coverage-3638921-4c00fabcd7c5.scope
arm-6	test_f3987563.ltl	test_f3987563.tlsf	60	UNKNOWN	0.026613523019477725	2	false		status	0	279	1508	3dc9fdf38b30dbc8fc85609a32ca7280ae206529	22455c945576d28d86ac98a3b512327740b12f0cc3a3a6006ad1c59dfe9c9584	otf_sparse_formula	2026-09-25T16:08:05.539892Z	--arms unreal:gr1:oxidd	0.000000	21364736		8G	0			true		acacia-syntcomp26-coverage-3638921-1d965851342e.scope
arm-6	thermostat-F-real.ltl	thermostat-F-real.tlsf	60	UNKNOWN	0.04493759700562805	2	false		none	0	216	1509	3dc9fdf38b30dbc8fc85609a32ca7280ae206529	22455c945576d28d86ac98a3b512327740b12f0cc3a3a6006ad1c59dfe9c9584	otf_sparse_formula	2026-09-25T16:08:05.609611Z	--arms unreal:gr1:oxidd	0.010000	21852160		8G	0			true		acacia-syntcomp26-coverage-3638921-8742f5f8eb56.scope
arm-6	thermostat-GF-real.ltl	thermostat-GF-real.tlsf	60	UNKNOWN	0.05901433899998665	2	false		none	0	215	1510	3dc9fdf38b30dbc8fc85609a32ca7280ae206529	22455c945576d28d86ac98a3b512327740b12f0cc3a3a6006ad1c59dfe9c9584	otf_sparse_formula	2026-09-25T16:08:05.705475Z	--arms unreal:gr1:oxidd	0.010000	22589440		8G	0			true		acacia-syntcomp26-coverage-3638921-d3fbab70823f.scope
arm-6	thermostat-GF-unreal0.ltl	thermostat-GF-unreal0.tlsf	60	UNKNOWN	0.05438008299097419	2	false		none	0	216	1511	3dc9fdf38b30dbc8fc85609a32ca7280ae206529	22455c945576d28d86ac98a3b512327740b12f0cc3a3a6006ad1c59dfe9c9584	otf_sparse_formula	2026-09-25T16:08:05.789206Z	--arms unreal:gr1:oxidd	0.020000	22577152		8G	0			true		acacia-syntcomp26-coverage-3638921-ac81161f0411.scope
arm-6	thermostat-GF-unreal1.ltl	thermostat-GF-unreal1.tlsf	60	UNKNOWN	0.042810437036678195	2	false		none	0	216	1512	3dc9fdf38b30dbc8fc85609a32ca7280ae206529	22455c945576d28d86ac98a3b512327740b12f0cc3a3a6006ad1c59dfe9c9584	otf_sparse_formula	2026-09-25T16:08:05.857123Z	--arms unreal:gr1:oxidd	0.010000	24920064		8G	0			true		acacia-syntcomp26-coverage-3638921-57aa05a6c0c2.scope
arm-6	thermostat-GF-unreal2.ltl	thermostat-GF-unreal2.tlsf	60	UNKNOWN	0.06547659996431321	2	false		none	0	216	1513	3dc9fdf38b30dbc8fc85609a32ca7280ae206529	22455c945576d28d86ac98a3b512327740b12f0cc3a3a6006ad1c59dfe9c9584	otf_sparse_formula	2026-09-25T16:08:05.946419Z	--arms unreal:gr1:oxidd	0.030000	28012544		8G	0			true		acacia-syntcomp26-coverage-3638921-e240fb600aa4.scope
arm-6	tmp_13cfc6f2.ltl	tmp_13cfc6f2.tlsf	60	UNKNOWN	44.7610941369785	2	false		status	0	122	1514	3dc9fdf38b30dbc8fc85609a32ca7280ae206529	22455c945576d28d86ac98a3b512327740b12f0cc3a3a6006ad1c59dfe9c9584	otf_sparse_formula	2026-09-25T16:08:50.720512Z	--arms unreal:gr1:oxidd	44.680000	4627259392		8G	0			true		acacia-syntcomp26-coverage-3638921-5a863f98186c.scope
arm-6	unordered-visits-charging0.ltl	unordered-visits-charging0.tlsf	60	UNKNOWN	0.0350008710520342	2	false		none	0	237	1515	3dc9fdf38b30dbc8fc85609a32ca7280ae206529	22455c945576d28d86ac98a3b512327740b12f0cc3a3a6006ad1c59dfe9c9584	otf_sparse_formula	2026-09-25T16:08:50.778554Z	--arms unreal:gr1:oxidd	0.010000	26464256		8G	0			true		acacia-syntcomp26-coverage-3638921-4280ec97a786.scope
arm-6	unordered-visits-real.ltl	unordered-visits-real.tlsf	60	UNKNOWN	0.05480919498950243	2	false		none	0	236	1516	3dc9fdf38b30dbc8fc85609a32ca7280ae206529	22455c945576d28d86ac98a3b512327740b12f0cc3a3a6006ad1c59dfe9c9584	otf_sparse_formula	2026-09-25T16:08:50.866193Z	--arms unreal:gr1:oxidd	0.010000	22642688		8G	0			true		acacia-syntcomp26-coverage-3638921-eb7117f14f59.scope
arm-6	workstation_resupply_pb_1_pe_.ltl	workstation_resupply_pb_1_pe_.tlsf	60	UNKNOWN	0.08328754105605185	2	false		none	0	363	1517	3dc9fdf38b30dbc8fc85609a32ca7280ae206529	22455c945576d28d86ac98a3b512327740b12f0cc3a3a6006ad1c59dfe9c9584	otf_sparse_formula	2026-09-25T16:08:50.962510Z	--arms unreal:gr1:oxidd	0.050000	33280000		8G	0			true		acacia-syntcomp26-coverage-3638921-761e575ca239.scope
arm-6	workstation_resupply_pb_2_pe_.ltl	workstation_resupply_pb_2_pe_.tlsf	60	UNKNOWN	2.1863885729108006	2	false		none	0	364	1518	3dc9fdf38b30dbc8fc85609a32ca7280ae206529	22455c945576d28d86ac98a3b512327740b12f0cc3a3a6006ad1c59dfe9c9584	otf_sparse_formula	2026-09-25T16:08:53.161911Z	--arms unreal:gr1:oxidd	2.150000	420614144		8G	0			true		acacia-syntcomp26-coverage-3638921-f1b2fe7ed5c7.scope
arm-6	workstation_resupply_pb_3_pe_.ltl	workstation_resupply_pb_3_pe_.tlsf	60	TIMEOUT	60.23605164303444	124	true	timeout	none	0	8	1519	3dc9fdf38b30dbc8fc85609a32ca7280ae206529	22455c945576d28d86ac98a3b512327740b12f0cc3a3a6006ad1c59dfe9c9584	otf_sparse_formula	2026-09-25T16:09:53.441201Z	--arms unreal:gr1:oxidd				8G	0			true		acacia-syntcomp26-coverage-3638921-451702a7848b.scope
arm-6	workstation_resupply_pb_4_pe_.ltl	workstation_resupply_pb_4_pe_.tlsf	60	TIMEOUT	60.09685413504485	124	true	timeout	none	0	8	1520	3dc9fdf38b30dbc8fc85609a32ca7280ae206529	22455c945576d28d86ac98a3b512327740b12f0cc3a3a6006ad1c59dfe9c9584	otf_sparse_formula	2026-09-25T16:10:53.552216Z	--arms unreal:gr1:oxidd				8G	0			true		acacia-syntcomp26-coverage-3638921-157a5c76f0e9.scope
arm-6	workstation_resupply_pb_5_pe_.ltl	workstation_resupply_pb_5_pe_.tlsf	60	TIMEOUT	60.03411857190076	124	true	timeout	none	0	8	1521	3dc9fdf38b30dbc8fc85609a32ca7280ae206529	22455c945576d28d86ac98a3b512327740b12f0cc3a3a6006ad1c59dfe9c9584	otf_sparse_formula	2026-09-25T16:11:53.598033Z	--arms unreal:gr1:oxidd				8G	0			true		acacia-syntcomp26-coverage-3638921-035e42de1497.scope
arm-6	workstation_resupply_pb_6_pe_.ltl	workstation_resupply_pb_6_pe_.tlsf	60	TIMEOUT	60.05245617998298	124	true	timeout	none	0	8	1522	3dc9fdf38b30dbc8fc85609a32ca7280ae206529	22455c945576d28d86ac98a3b512327740b12f0cc3a3a6006ad1c59dfe9c9584	otf_sparse_formula	2026-09-25T16:12:53.663876Z	--arms unreal:gr1:oxidd				8G	0			true		acacia-syntcomp26-coverage-3638921-d22dbbd5552e.scope
arm-6	workstation_resupply_pb_7_pe_.ltl	workstation_resupply_pb_7_pe_.tlsf	60	TIMEOUT	60.04004029603675	124	true	timeout	none	0	8	1523	3dc9fdf38b30dbc8fc85609a32ca7280ae206529	22455c945576d28d86ac98a3b512327740b12f0cc3a3a6006ad1c59dfe9c9584	otf_sparse_formula	2026-09-25T16:13:53.716365Z	--arms unreal:gr1:oxidd				8G	0			true		acacia-syntcomp26-coverage-3638921-56eca5ef4504.scope
