target	side	n	checker	binary_sha256	round	argv	exit_code	status	stdout_sha256	wall_seconds	memory_peak_bytes
amba_decomposed_lock-n15	system	15	L0	a7fffaa32b77cb5a13938ccfb02f7d93b6a31ec350d5f2da3e838a1574630d9d	1	"[""/home/gperez/GIT-repos/acacia-bonsai/subprojects/tlsf-tools/build-L0/tlsfcertcheck"",""--method"",""auto"",""--timeout"",""300"",""--node-cap"",""67108864"",""--json-out"",""/tmp/p1-attribution-m1vpw2rx/result-1-fe23956f.json"",""--certificate"",""/home/gperez/GIT-repos/acacia-bonsai/_bm-logs.gr1-par2-p0-replay-L0/m6/amba_decomposed_lock-n15/amba_decomposed_lock-n15-8ce79bbbd57f-pbyegix9/generalizer/amba_decomposed_lock_15.certificate.aag"",""--certificate-json"",""/home/gperez/GIT-repos/acacia-bonsai/_bm-logs.gr1-par2-p0-replay-L0/m6/amba_decomposed_lock-n15/amba_decomposed_lock-n15-8ce79bbbd57f-pbyegix9/generalizer/amba_decomposed_lock_15.certificate.aag.json"",""/home/gperez/GIT-repos/acacia-bonsai/_bm-logs.gr1-par2-p0-replay-L0/m6/amba_decomposed_lock-n15/amba_decomposed_lock-n15-8ce79bbbd57f-pbyegix9/generalizer/amba_decomposed_lock_15.game.aag"",""/home/gperez/GIT-repos/acacia-bonsai/_bm-logs.gr1-par2-p0-replay-L0/m6/amba_decomposed_lock-n15/amba_decomposed_lock-n15-8ce79bbbd57f-pbyegix9/generalizer/amba_decomposed_lock_15.policy.aag""]"	0	VERIFIED	19cc360d07919ab6634cab39b5421ab711af60443423f9fd87cda0c75f19b970	7.788533775	1933524992
amba_decomposed_lock-n15	system	15	P1	b43dcec2423dab04a5867c6891a7b824951dccb9524472a4a41e0ad54cd863c3	1	"[""/home/gperez/GIT-repos/tlsf-tools/build-P1-0435385/tlsfcertcheck"",""--method"",""auto"",""--timeout"",""300"",""--node-cap"",""67108864"",""--json-out"",""/tmp/p1-attribution-m1vpw2rx/result-2-8788cd54.json"",""--certificate"",""/home/gperez/GIT-repos/acacia-bonsai/_bm-logs.gr1-par2-p0-replay-L0/m6/amba_decomposed_lock-n15/amba_decomposed_lock-n15-8ce79bbbd57f-pbyegix9/generalizer/amba_decomposed_lock_15.certificate.aag"",""--certificate-json"",""/home/gperez/GIT-repos/acacia-bonsai/_bm-logs.gr1-par2-p0-replay-L0/m6/amba_decomposed_lock-n15/amba_decomposed_lock-n15-8ce79bbbd57f-pbyegix9/generalizer/amba_decomposed_lock_15.certificate.aag.json"",""/home/gperez/GIT-repos/acacia-bonsai/_bm-logs.gr1-par2-p0-replay-L0/m6/amba_decomposed_lock-n15/amba_decomposed_lock-n15-8ce79bbbd57f-pbyegix9/generalizer/amba_decomposed_lock_15.game.aag"",""/home/gperez/GIT-repos/acacia-bonsai/_bm-logs.gr1-par2-p0-replay-L0/m6/amba_decomposed_lock-n15/amba_decomposed_lock-n15-8ce79bbbd57f-pbyegix9/generalizer/amba_decomposed_lock_15.policy.aag""]"	0	VERIFIED	bed240b826f115d1f7c0d6c53036ad682919691f9e49b08544d21a60efc9a096	8.967739760	1918369792
arbiter-n5	system	5	L0	a7fffaa32b77cb5a13938ccfb02f7d93b6a31ec350d5f2da3e838a1574630d9d	1	"[""/home/gperez/GIT-repos/acacia-bonsai/subprojects/tlsf-tools/build-L0/tlsfcertcheck"",""--method"",""auto"",""--timeout"",""300"",""--node-cap"",""16777216"",""--json-out"",""/tmp/p1-attribution-m1vpw2rx/result-3-c1e17e7f.json"",""--certificate"",""/home/gperez/GIT-repos/acacia-bonsai/_bm-logs.gr1-par2-p0-replay-L0/controls/arbiter-n5/arbiter-n5-4279f0a2c499-81od1v40/generalizer/arbiter_5.certificate.aag"",""--certificate-json"",""/home/gperez/GIT-repos/acacia-bonsai/_bm-logs.gr1-par2-p0-replay-L0/controls/arbiter-n5/arbiter-n5-4279f0a2c499-81od1v40/generalizer/arbiter_5.certificate.aag.json"",""/home/gperez/GIT-repos/acacia-bonsai/_bm-logs.gr1-par2-p0-replay-L0/controls/arbiter-n5/arbiter-n5-4279f0a2c499-81od1v40/generalizer/arbiter_5.game.aag"",""/home/gperez/GIT-repos/acacia-bonsai/_bm-logs.gr1-par2-p0-replay-L0/controls/arbiter-n5/arbiter-n5-4279f0a2c499-81od1v40/generalizer/arbiter_5.policy.aag""]"	0	VERIFIED	148e2ba3d170816a3e7a8cabe4439c85fcf4548a2275e098d692ec882036a2d8	0.116281116	347987968
arbiter-n5	system	5	P1	b43dcec2423dab04a5867c6891a7b824951dccb9524472a4a41e0ad54cd863c3	1	"[""/home/gperez/GIT-repos/tlsf-tools/build-P1-0435385/tlsfcertcheck"",""--method"",""auto"",""--timeout"",""300"",""--node-cap"",""16777216"",""--json-out"",""/tmp/p1-attribution-m1vpw2rx/result-4-49fc1c89.json"",""--certificate"",""/home/gperez/GIT-repos/acacia-bonsai/_bm-logs.gr1-par2-p0-replay-L0/controls/arbiter-n5/arbiter-n5-4279f0a2c499-81od1v40/generalizer/arbiter_5.certificate.aag"",""--certificate-json"",""/home/gperez/GIT-repos/acacia-bonsai/_bm-logs.gr1-par2-p0-replay-L0/controls/arbiter-n5/arbiter-n5-4279f0a2c499-81od1v40/generalizer/arbiter_5.certificate.aag.json"",""/home/gperez/GIT-repos/acacia-bonsai/_bm-logs.gr1-par2-p0-replay-L0/controls/arbiter-n5/arbiter-n5-4279f0a2c499-81od1v40/generalizer/arbiter_5.game.aag"",""/home/gperez/GIT-repos/acacia-bonsai/_bm-logs.gr1-par2-p0-replay-L0/controls/arbiter-n5/arbiter-n5-4279f0a2c499-81od1v40/generalizer/arbiter_5.policy.aag""]"	0	VERIFIED	1f9df81feb88ee2c51e501d1c44d90351ee9794b7baf4a1600b1ca3e8ce3798f	0.101160284	342343680
arbiter-n6	system	6	L0	a7fffaa32b77cb5a13938ccfb02f7d93b6a31ec350d5f2da3e838a1574630d9d	1	"[""/home/gperez/GIT-repos/acacia-bonsai/subprojects/tlsf-tools/build-L0/tlsfcertcheck"",""--method"",""auto"",""--timeout"",""300"",""--node-cap"",""33554432"",""--json-out"",""/tmp/p1-attribution-m1vpw2rx/result-5-ab52e705.json"",""--certificate"",""/home/gperez/GIT-repos/acacia-bonsai/_bm-logs.gr1-par2-p0-replay-L0/m6/arbiter-n6/arbiter-n6-3b5f69197f7b-53so173f/generalizer/arbiter_6.certificate.aag"",""--certificate-json"",""/home/gperez/GIT-repos/acacia-bonsai/_bm-logs.gr1-par2-p0-replay-L0/m6/arbiter-n6/arbiter-n6-3b5f69197f7b-53so173f/generalizer/arbiter_6.certificate.aag.json"",""/home/gperez/GIT-repos/acacia-bonsai/_bm-logs.gr1-par2-p0-replay-L0/m6/arbiter-n6/arbiter-n6-3b5f69197f7b-53so173f/generalizer/arbiter_6.game.aag"",""/home/gperez/GIT-repos/acacia-bonsai/_bm-logs.gr1-par2-p0-replay-L0/m6/arbiter-n6/arbiter-n6-3b5f69197f7b-53so173f/generalizer/arbiter_6.policy.aag""]"	0	VERIFIED	ca78a813c00b6b078a0a8692c19f147f91c948b63e8afd0addaae63cb83d1d39	0.222478506	693600256
arbiter-n6	system	6	P1	b43dcec2423dab04a5867c6891a7b824951dccb9524472a4a41e0ad54cd863c3	1	"[""/home/gperez/GIT-repos/tlsf-tools/build-P1-0435385/tlsfcertcheck"",""--method"",""auto"",""--timeout"",""300"",""--node-cap"",""33554432"",""--json-out"",""/tmp/p1-attribution-m1vpw2rx/result-6-4aaaf1a6.json"",""--certificate"",""/home/gperez/GIT-repos/acacia-bonsai/_bm-logs.gr1-par2-p0-replay-L0/m6/arbiter-n6/arbiter-n6-3b5f69197f7b-53so173f/generalizer/arbiter_6.certificate.aag"",""--certificate-json"",""/home/gperez/GIT-repos/acacia-bonsai/_bm-logs.gr1-par2-p0-replay-L0/m6/arbiter-n6/arbiter-n6-3b5f69197f7b-53so173f/generalizer/arbiter_6.certificate.aag.json"",""/home/gperez/GIT-repos/acacia-bonsai/_bm-logs.gr1-par2-p0-replay-L0/m6/arbiter-n6/arbiter-n6-3b5f69197f7b-53so173f/generalizer/arbiter_6.game.aag"",""/home/gperez/GIT-repos/acacia-bonsai/_bm-logs.gr1-par2-p0-replay-L0/m6/arbiter-n6/arbiter-n6-3b5f69197f7b-53so173f/generalizer/arbiter_6.policy.aag""]"	0	VERIFIED	f0d0491691b064aa102672eed3435877c7e903c302ce99ef2ba02163bf623d24	0.172160452	680947712
arbiter-n7	system	7	L0	a7fffaa32b77cb5a13938ccfb02f7d93b6a31ec350d5f2da3e838a1574630d9d	1	"[""/home/gperez/GIT-repos/acacia-bonsai/subprojects/tlsf-tools/build-L0/tlsfcertcheck"",""--method"",""auto"",""--timeout"",""300"",""--node-cap"",""33554432"",""--json-out"",""/tmp/p1-attribution-m1vpw2rx/result-7-861ea716.json"",""--certificate"",""/home/gperez/GIT-repos/acacia-bonsai/_bm-logs.gr1-par2-p0-replay-L0/m6/arbiter-n7/arbiter-n7-8523516d46e6-x1hkzfo4/generalizer/arbiter_7.certificate.aag"",""--certificate-json"",""/home/gperez/GIT-repos/acacia-bonsai/_bm-logs.gr1-par2-p0-replay-L0/m6/arbiter-n7/arbiter-n7-8523516d46e6-x1hkzfo4/generalizer/arbiter_7.certificate.aag.json"",""/home/gperez/GIT-repos/acacia-bonsai/_bm-logs.gr1-par2-p0-replay-L0/m6/arbiter-n7/arbiter-n7-8523516d46e6-x1hkzfo4/generalizer/arbiter_7.game.aag"",""/home/gperez/GIT-repos/acacia-bonsai/_bm-logs.gr1-par2-p0-replay-L0/m6/arbiter-n7/arbiter-n7-8523516d46e6-x1hkzfo4/generalizer/arbiter_7.policy.aag""]"	0	VERIFIED	a87770297dc7c4f4c31f903dea42fdd3d149a0b3964b63dc5a8e32e2f11ba685	0.361783565	710270976
arbiter-n7	system	7	P1	b43dcec2423dab04a5867c6891a7b824951dccb9524472a4a41e0ad54cd863c3	1	"[""/home/gperez/GIT-repos/tlsf-tools/build-P1-0435385/tlsfcertcheck"",""--method"",""auto"",""--timeout"",""300"",""--node-cap"",""33554432"",""--json-out"",""/tmp/p1-attribution-m1vpw2rx/result-8-0e3a52c6.json"",""--certificate"",""/home/gperez/GIT-repos/acacia-bonsai/_bm-logs.gr1-par2-p0-replay-L0/m6/arbiter-n7/arbiter-n7-8523516d46e6-x1hkzfo4/generalizer/arbiter_7.certificate.aag"",""--certificate-json"",""/home/gperez/GIT-repos/acacia-bonsai/_bm-logs.gr1-par2-p0-replay-L0/m6/arbiter-n7/arbiter-n7-8523516d46e6-x1hkzfo4/generalizer/arbiter_7.certificate.aag.json"",""/home/gperez/GIT-repos/acacia-bonsai/_bm-logs.gr1-par2-p0-replay-L0/m6/arbiter-n7/arbiter-n7-8523516d46e6-x1hkzfo4/generalizer/arbiter_7.game.aag"",""/home/gperez/GIT-repos/acacia-bonsai/_bm-logs.gr1-par2-p0-replay-L0/m6/arbiter-n7/arbiter-n7-8523516d46e6-x1hkzfo4/generalizer/arbiter_7.policy.aag""]"	0	VERIFIED	abae00b618c11c21a18dbbcb6f5c9ee0b49bffeaaa29b40fef99fff9f1cd20fc	0.226754199	686829568
arbiter-n8	system	8	L0	a7fffaa32b77cb5a13938ccfb02f7d93b6a31ec350d5f2da3e838a1574630d9d	1	"[""/home/gperez/GIT-repos/acacia-bonsai/subprojects/tlsf-tools/build-L0/tlsfcertcheck"",""--method"",""auto"",""--timeout"",""300"",""--node-cap"",""33554432"",""--json-out"",""/tmp/p1-attribution-m1vpw2rx/result-9-fc4c75a2.json"",""--certificate"",""/home/gperez/GIT-repos/acacia-bonsai/_bm-logs.gr1-par2-p0-replay-L0/m6/arbiter-n8/arbiter-n8-c0e08180ff71-l78vulc1/generalizer/arbiter_8.certificate.aag"",""--certificate-json"",""/home/gperez/GIT-repos/acacia-bonsai/_bm-logs.gr1-par2-p0-replay-L0/m6/arbiter-n8/arbiter-n8-c0e08180ff71-l78vulc1/generalizer/arbiter_8.certificate.aag.json"",""/home/gperez/GIT-repos/acacia-bonsai/_bm-logs.gr1-par2-p0-replay-L0/m6/arbiter-n8/arbiter-n8-c0e08180ff71-l78vulc1/generalizer/arbiter_8.game.aag"",""/home/gperez/GIT-repos/acacia-bonsai/_bm-logs.gr1-par2-p0-replay-L0/m6/arbiter-n8/arbiter-n8-c0e08180ff71-l78vulc1/generalizer/arbiter_8.policy.aag""]"	0	VERIFIED	915bffb5b084d2e7dcf5092a8a39c0cf4e37c02e7597773bd524f1af719b979a	0.631453194	744992768
arbiter-n8	system	8	P1	b43dcec2423dab04a5867c6891a7b824951dccb9524472a4a41e0ad54cd863c3	1	"[""/home/gperez/GIT-repos/tlsf-tools/build-P1-0435385/tlsfcertcheck"",""--method"",""auto"",""--timeout"",""300"",""--node-cap"",""33554432"",""--json-out"",""/tmp/p1-attribution-m1vpw2rx/result-10-ca0e376d.json"",""--certificate"",""/home/gperez/GIT-repos/acacia-bonsai/_bm-logs.gr1-par2-p0-replay-L0/m6/arbiter-n8/arbiter-n8-c0e08180ff71-l78vulc1/generalizer/arbiter_8.certificate.aag"",""--certificate-json"",""/home/gperez/GIT-repos/acacia-bonsai/_bm-logs.gr1-par2-p0-replay-L0/m6/arbiter-n8/arbiter-n8-c0e08180ff71-l78vulc1/generalizer/arbiter_8.certificate.aag.json"",""/home/gperez/GIT-repos/acacia-bonsai/_bm-logs.gr1-par2-p0-replay-L0/m6/arbiter-n8/arbiter-n8-c0e08180ff71-l78vulc1/generalizer/arbiter_8.game.aag"",""/home/gperez/GIT-repos/acacia-bonsai/_bm-logs.gr1-par2-p0-replay-L0/m6/arbiter-n8/arbiter-n8-c0e08180ff71-l78vulc1/generalizer/arbiter_8.policy.aag""]"	0	VERIFIED	cd31935221aa2bab2d9194af9d0a1c5c3c04ef8329462db8b199a29dee7861bb	0.321025006	692858880
arbiter-n9	system	9	L0	a7fffaa32b77cb5a13938ccfb02f7d93b6a31ec350d5f2da3e838a1574630d9d	1	"[""/home/gperez/GIT-repos/acacia-bonsai/subprojects/tlsf-tools/build-L0/tlsfcertcheck"",""--method"",""auto"",""--timeout"",""300"",""--node-cap"",""33554432"",""--json-out"",""/tmp/p1-attribution-m1vpw2rx/result-11-805bdb7c.json"",""--certificate"",""/home/gperez/GIT-repos/acacia-bonsai/_bm-logs.gr1-par2-p0-replay-L0/m6/arbiter-n9/arbiter-n9-f5d027112e99-zdagxpkh/generalizer/arbiter_9.certificate.aag"",""--certificate-json"",""/home/gperez/GIT-repos/acacia-bonsai/_bm-logs.gr1-par2-p0-replay-L0/m6/arbiter-n9/arbiter-n9-f5d027112e99-zdagxpkh/generalizer/arbiter_9.certificate.aag.json"",""/home/gperez/GIT-repos/acacia-bonsai/_bm-logs.gr1-par2-p0-replay-L0/m6/arbiter-n9/arbiter-n9-f5d027112e99-zdagxpkh/generalizer/arbiter_9.game.aag"",""/home/gperez/GIT-repos/acacia-bonsai/_bm-logs.gr1-par2-p0-replay-L0/m6/arbiter-n9/arbiter-n9-f5d027112e99-zdagxpkh/generalizer/arbiter_9.policy.aag""]"	0	VERIFIED	c9dbe931e1128686ff676b0fed5feb99098f528dca38a6208a00452fd53b0232	1.221116509	808828928
arbiter-n9	system	9	P1	b43dcec2423dab04a5867c6891a7b824951dccb9524472a4a41e0ad54cd863c3	1	"[""/home/gperez/GIT-repos/tlsf-tools/build-P1-0435385/tlsfcertcheck"",""--method"",""auto"",""--timeout"",""300"",""--node-cap"",""33554432"",""--json-out"",""/tmp/p1-attribution-m1vpw2rx/result-12-329fc3ff.json"",""--certificate"",""/home/gperez/GIT-repos/acacia-bonsai/_bm-logs.gr1-par2-p0-replay-L0/m6/arbiter-n9/arbiter-n9-f5d027112e99-zdagxpkh/generalizer/arbiter_9.certificate.aag"",""--certificate-json"",""/home/gperez/GIT-repos/acacia-bonsai/_bm-logs.gr1-par2-p0-replay-L0/m6/arbiter-n9/arbiter-n9-f5d027112e99-zdagxpkh/generalizer/arbiter_9.certificate.aag.json"",""/home/gperez/GIT-repos/acacia-bonsai/_bm-logs.gr1-par2-p0-replay-L0/m6/arbiter-n9/arbiter-n9-f5d027112e99-zdagxpkh/generalizer/arbiter_9.game.aag"",""/home/gperez/GIT-repos/acacia-bonsai/_bm-logs.gr1-par2-p0-replay-L0/m6/arbiter-n9/arbiter-n9-f5d027112e99-zdagxpkh/generalizer/arbiter_9.policy.aag""]"	0	VERIFIED	ffc6f20c2734438f1785a44d8e86ca01f8d08fcc647b92b259aa74cfc3aabb89	0.474378385	707821568
arbiter-n10	system	10	L0	a7fffaa32b77cb5a13938ccfb02f7d93b6a31ec350d5f2da3e838a1574630d9d	1	"[""/home/gperez/GIT-repos/acacia-bonsai/subprojects/tlsf-tools/build-L0/tlsfcertcheck"",""--method"",""auto"",""--timeout"",""300"",""--node-cap"",""33554432"",""--json-out"",""/tmp/p1-attribution-m1vpw2rx/result-13-3a68eb7f.json"",""--certificate"",""/home/gperez/GIT-repos/acacia-bonsai/_bm-logs.gr1-par2-p0-replay-L0/m6/arbiter-n10/arbiter-n10-828d51ba853f-zapkrpv7/generalizer/arbiter_10.certificate.aag"",""--certificate-json"",""/home/gperez/GIT-repos/acacia-bonsai/_bm-logs.gr1-par2-p0-replay-L0/m6/arbiter-n10/arbiter-n10-828d51ba853f-zapkrpv7/generalizer/arbiter_10.certificate.aag.json"",""/home/gperez/GIT-repos/acacia-bonsai/_bm-logs.gr1-par2-p0-replay-L0/m6/arbiter-n10/arbiter-n10-828d51ba853f-zapkrpv7/generalizer/arbiter_10.game.aag"",""/home/gperez/GIT-repos/acacia-bonsai/_bm-logs.gr1-par2-p0-replay-L0/m6/arbiter-n10/arbiter-n10-828d51ba853f-zapkrpv7/generalizer/arbiter_10.policy.aag""]"	0	VERIFIED	07e1ca94552dcd1c5e244b660bc786f911309aa5157624bf618a5b250f89454c	2.471628498	940871680
arbiter-n10	system	10	P1	b43dcec2423dab04a5867c6891a7b824951dccb9524472a4a41e0ad54cd863c3	1	"[""/home/gperez/GIT-repos/tlsf-tools/build-P1-0435385/tlsfcertcheck"",""--method"",""auto"",""--timeout"",""300"",""--node-cap"",""33554432"",""--json-out"",""/tmp/p1-attribution-m1vpw2rx/result-14-63adcd01.json"",""--certificate"",""/home/gperez/GIT-repos/acacia-bonsai/_bm-logs.gr1-par2-p0-replay-L0/m6/arbiter-n10/arbiter-n10-828d51ba853f-zapkrpv7/generalizer/arbiter_10.certificate.aag"",""--certificate-json"",""/home/gperez/GIT-repos/acacia-bonsai/_bm-logs.gr1-par2-p0-replay-L0/m6/arbiter-n10/arbiter-n10-828d51ba853f-zapkrpv7/generalizer/arbiter_10.certificate.aag.json"",""/home/gperez/GIT-repos/acacia-bonsai/_bm-logs.gr1-par2-p0-replay-L0/m6/arbiter-n10/arbiter-n10-828d51ba853f-zapkrpv7/generalizer/arbiter_10.game.aag"",""/home/gperez/GIT-repos/acacia-bonsai/_bm-logs.gr1-par2-p0-replay-L0/m6/arbiter-n10/arbiter-n10-828d51ba853f-zapkrpv7/generalizer/arbiter_10.policy.aag""]"	0	VERIFIED	0f61cd4810a3644d1649ee3ed1eda8995a3d8ed768d59ea2ac627394866b1152	0.745878555	731398144
arbiter_on_inpchange-n5	system	5	L0	a7fffaa32b77cb5a13938ccfb02f7d93b6a31ec350d5f2da3e838a1574630d9d	1	"[""/home/gperez/GIT-repos/acacia-bonsai/subprojects/tlsf-tools/build-L0/tlsfcertcheck"",""--method"",""auto"",""--timeout"",""300"",""--node-cap"",""16777216"",""--json-out"",""/tmp/p1-attribution-m1vpw2rx/result-15-106b5ffe.json"",""--certificate"",""/home/gperez/GIT-repos/acacia-bonsai/_bm-logs.gr1-par2-p0-replay-L0/m6/arbiter_on_inpchange-n5/arbiter_on_inpchange-n5-5df9b1c23485-lgc4p1yl/generalizer/arbiter_on_inpchange_5.certificate.aag"",""--certificate-json"",""/home/gperez/GIT-repos/acacia-bonsai/_bm-logs.gr1-par2-p0-replay-L0/m6/arbiter_on_inpchange-n5/arbiter_on_inpchange-n5-5df9b1c23485-lgc4p1yl/generalizer/arbiter_on_inpchange_5.certificate.aag.json"",""/home/gperez/GIT-repos/acacia-bonsai/_bm-logs.gr1-par2-p0-replay-L0/m6/arbiter_on_inpchange-n5/arbiter_on_inpchange-n5-5df9b1c23485-lgc4p1yl/generalizer/arbiter_on_inpchange_5.game.aag"",""/home/gperez/GIT-repos/acacia-bonsai/_bm-logs.gr1-par2-p0-replay-L0/m6/arbiter_on_inpchange-n5/arbiter_on_inpchange-n5-5df9b1c23485-lgc4p1yl/generalizer/arbiter_on_inpchange_5.policy.aag""]"	0	VERIFIED	4e538cd4a8bb2bd454f497ae18451d33843c2aeda09d4af1f5dd3b4463ba5474	6.285175872	696397824
arbiter_on_inpchange-n5	system	5	P1	b43dcec2423dab04a5867c6891a7b824951dccb9524472a4a41e0ad54cd863c3	1	"[""/home/gperez/GIT-repos/tlsf-tools/build-P1-0435385/tlsfcertcheck"",""--method"",""auto"",""--timeout"",""300"",""--node-cap"",""16777216"",""--json-out"",""/tmp/p1-attribution-m1vpw2rx/result-16-a77ce4e8.json"",""--certificate"",""/home/gperez/GIT-repos/acacia-bonsai/_bm-logs.gr1-par2-p0-replay-L0/m6/arbiter_on_inpchange-n5/arbiter_on_inpchange-n5-5df9b1c23485-lgc4p1yl/generalizer/arbiter_on_inpchange_5.certificate.aag"",""--certificate-json"",""/home/gperez/GIT-repos/acacia-bonsai/_bm-logs.gr1-par2-p0-replay-L0/m6/arbiter_on_inpchange-n5/arbiter_on_inpchange-n5-5df9b1c23485-lgc4p1yl/generalizer/arbiter_on_inpchange_5.certificate.aag.json"",""/home/gperez/GIT-repos/acacia-bonsai/_bm-logs.gr1-par2-p0-replay-L0/m6/arbiter_on_inpchange-n5/arbiter_on_inpchange-n5-5df9b1c23485-lgc4p1yl/generalizer/arbiter_on_inpchange_5.game.aag"",""/home/gperez/GIT-repos/acacia-bonsai/_bm-logs.gr1-par2-p0-replay-L0/m6/arbiter_on_inpchange-n5/arbiter_on_inpchange-n5-5df9b1c23485-lgc4p1yl/generalizer/arbiter_on_inpchange_5.policy.aag""]"	0	VERIFIED	975827c894ba813848935aff103d07ed392be99e56c2c9eead89f99fe887dd44	3.198883009	574029824
arbiter_on_inpchange-n6	system	6	L0	a7fffaa32b77cb5a13938ccfb02f7d93b6a31ec350d5f2da3e838a1574630d9d	1	"[""/home/gperez/GIT-repos/acacia-bonsai/subprojects/tlsf-tools/build-L0/tlsfcertcheck"",""--method"",""auto"",""--timeout"",""300"",""--node-cap"",""33554432"",""--json-out"",""/tmp/p1-attribution-m1vpw2rx/result-17-d70e0c52.json"",""--certificate"",""/home/gperez/GIT-repos/acacia-bonsai/_bm-logs.gr1-par2-p0-replay-L0/m6/arbiter_on_inpchange-n6/arbiter_on_inpchange-n6-22d7e27e902d-sgo65rpf/generalizer/arbiter_on_inpchange_6.certificate.aag"",""--certificate-json"",""/home/gperez/GIT-repos/acacia-bonsai/_bm-logs.gr1-par2-p0-replay-L0/m6/arbiter_on_inpchange-n6/arbiter_on_inpchange-n6-22d7e27e902d-sgo65rpf/generalizer/arbiter_on_inpchange_6.certificate.aag.json"",""/home/gperez/GIT-repos/acacia-bonsai/_bm-logs.gr1-par2-p0-replay-L0/m6/arbiter_on_inpchange-n6/arbiter_on_inpchange-n6-22d7e27e902d-sgo65rpf/generalizer/arbiter_on_inpchange_6.game.aag"",""/home/gperez/GIT-repos/acacia-bonsai/_bm-logs.gr1-par2-p0-replay-L0/m6/arbiter_on_inpchange-n6/arbiter_on_inpchange-n6-22d7e27e902d-sgo65rpf/generalizer/arbiter_on_inpchange_6.policy.aag""]"	0	VERIFIED	3804cbc103dafdb76d09eaf478c4a43f7aa67615f2a3a51ad7e2e8e5cec39b7e	36.010669840	1748844544
arbiter_on_inpchange-n6	system	6	P1	b43dcec2423dab04a5867c6891a7b824951dccb9524472a4a41e0ad54cd863c3	1	"[""/home/gperez/GIT-repos/tlsf-tools/build-P1-0435385/tlsfcertcheck"",""--method"",""auto"",""--timeout"",""300"",""--node-cap"",""33554432"",""--json-out"",""/tmp/p1-attribution-m1vpw2rx/result-18-125dab6d.json"",""--certificate"",""/home/gperez/GIT-repos/acacia-bonsai/_bm-logs.gr1-par2-p0-replay-L0/m6/arbiter_on_inpchange-n6/arbiter_on_inpchange-n6-22d7e27e902d-sgo65rpf/generalizer/arbiter_on_inpchange_6.certificate.aag"",""--certificate-json"",""/home/gperez/GIT-repos/acacia-bonsai/_bm-logs.gr1-par2-p0-replay-L0/m6/arbiter_on_inpchange-n6/arbiter_on_inpchange-n6-22d7e27e902d-sgo65rpf/generalizer/arbiter_on_inpchange_6.certificate.aag.json"",""/home/gperez/GIT-repos/acacia-bonsai/_bm-logs.gr1-par2-p0-replay-L0/m6/arbiter_on_inpchange-n6/arbiter_on_inpchange-n6-22d7e27e902d-sgo65rpf/generalizer/arbiter_on_inpchange_6.game.aag"",""/home/gperez/GIT-repos/acacia-bonsai/_bm-logs.gr1-par2-p0-replay-L0/m6/arbiter_on_inpchange-n6/arbiter_on_inpchange-n6-22d7e27e902d-sgo65rpf/generalizer/arbiter_on_inpchange_6.policy.aag""]"	0	VERIFIED	14b6a7c3371bf4e6267ffe2b851a3b934fec09ffe224714752ce7f39505a4682	12.326086470	1426169856
arbiter_on_inpchange-n7	system	7	L0	a7fffaa32b77cb5a13938ccfb02f7d93b6a31ec350d5f2da3e838a1574630d9d	1	"[""/home/gperez/GIT-repos/acacia-bonsai/subprojects/tlsf-tools/build-L0/tlsfcertcheck"",""--method"",""auto"",""--timeout"",""300"",""--node-cap"",""33554432"",""--json-out"",""/tmp/p1-attribution-m1vpw2rx/result-19-de22a071.json"",""--certificate"",""/home/gperez/GIT-repos/acacia-bonsai/_bm-logs.gr1-par2-s0-run1/runs/arbiter_on_inpchange-n7/arbiter_on_inpchange-n7-2552fd1b7fd4-7lfoqu7s/generalizer/arbiter_on_inpchange_7.certificate.aag"",""--certificate-json"",""/home/gperez/GIT-repos/acacia-bonsai/_bm-logs.gr1-par2-s0-run1/runs/arbiter_on_inpchange-n7/arbiter_on_inpchange-n7-2552fd1b7fd4-7lfoqu7s/generalizer/arbiter_on_inpchange_7.certificate.aag.json"",""/home/gperez/GIT-repos/acacia-bonsai/_bm-logs.gr1-par2-s0-run1/runs/arbiter_on_inpchange-n7/arbiter_on_inpchange-n7-2552fd1b7fd4-7lfoqu7s/generalizer/arbiter_on_inpchange_7.game.aag"",""/home/gperez/GIT-repos/acacia-bonsai/_bm-logs.gr1-par2-s0-run1/runs/arbiter_on_inpchange-n7/arbiter_on_inpchange-n7-2552fd1b7fd4-7lfoqu7s/generalizer/arbiter_on_inpchange_7.policy.aag""]"	3	UNKNOWN	8d65a4b9eb195d5e86030347c80f76cf5f23d651a73643a82581979d2548c6bb	13.127721322	1763405824
arbiter_on_inpchange-n7	system	7	P1	b43dcec2423dab04a5867c6891a7b824951dccb9524472a4a41e0ad54cd863c3	1	"[""/home/gperez/GIT-repos/tlsf-tools/build-P1-0435385/tlsfcertcheck"",""--method"",""auto"",""--timeout"",""300"",""--node-cap"",""33554432"",""--json-out"",""/tmp/p1-attribution-m1vpw2rx/result-20-69767b16.json"",""--certificate"",""/home/gperez/GIT-repos/acacia-bonsai/_bm-logs.gr1-par2-s0-run1/runs/arbiter_on_inpchange-n7/arbiter_on_inpchange-n7-2552fd1b7fd4-7lfoqu7s/generalizer/arbiter_on_inpchange_7.certificate.aag"",""--certificate-json"",""/home/gperez/GIT-repos/acacia-bonsai/_bm-logs.gr1-par2-s0-run1/runs/arbiter_on_inpchange-n7/arbiter_on_inpchange-n7-2552fd1b7fd4-7lfoqu7s/generalizer/arbiter_on_inpchange_7.certificate.aag.json"",""/home/gperez/GIT-repos/acacia-bonsai/_bm-logs.gr1-par2-s0-run1/runs/arbiter_on_inpchange-n7/arbiter_on_inpchange-n7-2552fd1b7fd4-7lfoqu7s/generalizer/arbiter_on_inpchange_7.game.aag"",""/home/gperez/GIT-repos/acacia-bonsai/_bm-logs.gr1-par2-s0-run1/runs/arbiter_on_inpchange-n7/arbiter_on_inpchange-n7-2552fd1b7fd4-7lfoqu7s/generalizer/arbiter_on_inpchange_7.policy.aag""]"	0	VERIFIED	e137030c3f66caba1c090905f76a0ee38cb87085e569820a2fd8828d07e16f6d	124.411748258	1819402240
arbiter_with_buffer-n6	system	6	L0	a7fffaa32b77cb5a13938ccfb02f7d93b6a31ec350d5f2da3e838a1574630d9d	1	"[""/home/gperez/GIT-repos/acacia-bonsai/subprojects/tlsf-tools/build-L0/tlsfcertcheck"",""--method"",""auto"",""--timeout"",""300"",""--node-cap"",""33554432"",""--json-out"",""/tmp/p1-attribution-m1vpw2rx/result-21-2347399c.json"",""--certificate"",""/home/gperez/GIT-repos/acacia-bonsai/_bm-logs.gr1-par2-p0-replay-L0/m6/arbiter_with_buffer-n6/arbiter_with_buffer-n6-43382c2455eb-rhwebrt5/generalizer/arbiter_with_buffer_6.certificate.aag"",""--certificate-json"",""/home/gperez/GIT-repos/acacia-bonsai/_bm-logs.gr1-par2-p0-replay-L0/m6/arbiter_with_buffer-n6/arbiter_with_buffer-n6-43382c2455eb-rhwebrt5/generalizer/arbiter_with_buffer_6.certificate.aag.json"",""/home/gperez/GIT-repos/acacia-bonsai/_bm-logs.gr1-par2-p0-replay-L0/m6/arbiter_with_buffer-n6/arbiter_with_buffer-n6-43382c2455eb-rhwebrt5/generalizer/arbiter_with_buffer_6.game.aag"",""/home/gperez/GIT-repos/acacia-bonsai/_bm-logs.gr1-par2-p0-replay-L0/m6/arbiter_with_buffer-n6/arbiter_with_buffer-n6-43382c2455eb-rhwebrt5/generalizer/arbiter_with_buffer_6.policy.aag""]"	0	VERIFIED	30ffc86294b73ddab84448ce69626ff6e2c59b926fece4ca83bd8b5175a30f03	0.120734122	679288832
arbiter_with_buffer-n6	system	6	P1	b43dcec2423dab04a5867c6891a7b824951dccb9524472a4a41e0ad54cd863c3	1	"[""/home/gperez/GIT-repos/tlsf-tools/build-P1-0435385/tlsfcertcheck"",""--method"",""auto"",""--timeout"",""300"",""--node-cap"",""33554432"",""--json-out"",""/tmp/p1-attribution-m1vpw2rx/result-22-94994493.json"",""--certificate"",""/home/gperez/GIT-repos/acacia-bonsai/_bm-logs.gr1-par2-p0-replay-L0/m6/arbiter_with_buffer-n6/arbiter_with_buffer-n6-43382c2455eb-rhwebrt5/generalizer/arbiter_with_buffer_6.certificate.aag"",""--certificate-json"",""/home/gperez/GIT-repos/acacia-bonsai/_bm-logs.gr1-par2-p0-replay-L0/m6/arbiter_with_buffer-n6/arbiter_with_buffer-n6-43382c2455eb-rhwebrt5/generalizer/arbiter_with_buffer_6.certificate.aag.json"",""/home/gperez/GIT-repos/acacia-bonsai/_bm-logs.gr1-par2-p0-replay-L0/m6/arbiter_with_buffer-n6/arbiter_with_buffer-n6-43382c2455eb-rhwebrt5/generalizer/arbiter_with_buffer_6.game.aag"",""/home/gperez/GIT-repos/acacia-bonsai/_bm-logs.gr1-par2-p0-replay-L0/m6/arbiter_with_buffer-n6/arbiter_with_buffer-n6-43382c2455eb-rhwebrt5/generalizer/arbiter_with_buffer_6.policy.aag""]"	0	VERIFIED	66c125e062ff83da11d2719a5d78f30a0fe133b9eda84517f7898642c3d61d88	0.102274805	676134912
arbiter_with_buffer-n7	system	7	L0	a7fffaa32b77cb5a13938ccfb02f7d93b6a31ec350d5f2da3e838a1574630d9d	1	"[""/home/gperez/GIT-repos/acacia-bonsai/subprojects/tlsf-tools/build-L0/tlsfcertcheck"",""--method"",""auto"",""--timeout"",""300"",""--node-cap"",""33554432"",""--json-out"",""/tmp/p1-attribution-m1vpw2rx/result-23-60c43ed5.json"",""--certificate"",""/home/gperez/GIT-repos/acacia-bonsai/_bm-logs.gr1-par2-p0-replay-L0/m6/arbiter_with_buffer-n7/arbiter_with_buffer-n7-ae58602cb916-g5sgbjj1/generalizer/arbiter_with_buffer_7.certificate.aag"",""--certificate-json"",""/home/gperez/GIT-repos/acacia-bonsai/_bm-logs.gr1-par2-p0-replay-L0/m6/arbiter_with_buffer-n7/arbiter_with_buffer-n7-ae58602cb916-g5sgbjj1/generalizer/arbiter_with_buffer_7.certificate.aag.json"",""/home/gperez/GIT-repos/acacia-bonsai/_bm-logs.gr1-par2-p0-replay-L0/m6/arbiter_with_buffer-n7/arbiter_with_buffer-n7-ae58602cb916-g5sgbjj1/generalizer/arbiter_with_buffer_7.game.aag"",""/home/gperez/GIT-repos/acacia-bonsai/_bm-logs.gr1-par2-p0-replay-L0/m6/arbiter_with_buffer-n7/arbiter_with_buffer-n7-ae58602cb916-g5sgbjj1/generalizer/arbiter_with_buffer_7.policy.aag""]"	0	VERIFIED	0ee8e4d32d23d7bdc8d3f17059e38fbbd16f0860146e3dfdef788afb0126e5de	0.188257615	691834880
arbiter_with_buffer-n7	system	7	P1	b43dcec2423dab04a5867c6891a7b824951dccb9524472a4a41e0ad54cd863c3	1	"[""/home/gperez/GIT-repos/tlsf-tools/build-P1-0435385/tlsfcertcheck"",""--method"",""auto"",""--timeout"",""300"",""--node-cap"",""33554432"",""--json-out"",""/tmp/p1-attribution-m1vpw2rx/result-24-c9a8eb0f.json"",""--certificate"",""/home/gperez/GIT-repos/acacia-bonsai/_bm-logs.gr1-par2-p0-replay-L0/m6/arbiter_with_buffer-n7/arbiter_with_buffer-n7-ae58602cb916-g5sgbjj1/generalizer/arbiter_with_buffer_7.certificate.aag"",""--certificate-json"",""/home/gperez/GIT-repos/acacia-bonsai/_bm-logs.gr1-par2-p0-replay-L0/m6/arbiter_with_buffer-n7/arbiter_with_buffer-n7-ae58602cb916-g5sgbjj1/generalizer/arbiter_with_buffer_7.certificate.aag.json"",""/home/gperez/GIT-repos/acacia-bonsai/_bm-logs.gr1-par2-p0-replay-L0/m6/arbiter_with_buffer-n7/arbiter_with_buffer-n7-ae58602cb916-g5sgbjj1/generalizer/arbiter_with_buffer_7.game.aag"",""/home/gperez/GIT-repos/acacia-bonsai/_bm-logs.gr1-par2-p0-replay-L0/m6/arbiter_with_buffer-n7/arbiter_with_buffer-n7-ae58602cb916-g5sgbjj1/generalizer/arbiter_with_buffer_7.policy.aag""]"	0	VERIFIED	2fd3f396b5850988f0acc4e1de17fdbd5565ee3323988a03030934e4c698d30a	0.125206433	681308160
arbiter_with_buffer-n8	system	8	L0	a7fffaa32b77cb5a13938ccfb02f7d93b6a31ec350d5f2da3e838a1574630d9d	1	"[""/home/gperez/GIT-repos/acacia-bonsai/subprojects/tlsf-tools/build-L0/tlsfcertcheck"",""--method"",""auto"",""--timeout"",""300"",""--node-cap"",""33554432"",""--json-out"",""/tmp/p1-attribution-m1vpw2rx/result-25-dff802d3.json"",""--certificate"",""/home/gperez/GIT-repos/acacia-bonsai/_bm-logs.gr1-par2-p0-replay-L0/m6/arbiter_with_buffer-n8/arbiter_with_buffer-n8-7adaabf6a1b2-u4bd94a_/generalizer/arbiter_with_buffer_8.certificate.aag"",""--certificate-json"",""/home/gperez/GIT-repos/acacia-bonsai/_bm-logs.gr1-par2-p0-replay-L0/m6/arbiter_with_buffer-n8/arbiter_with_buffer-n8-7adaabf6a1b2-u4bd94a_/generalizer/arbiter_with_buffer_8.certificate.aag.json"",""/home/gperez/GIT-repos/acacia-bonsai/_bm-logs.gr1-par2-p0-replay-L0/m6/arbiter_with_buffer-n8/arbiter_with_buffer-n8-7adaabf6a1b2-u4bd94a_/generalizer/arbiter_with_buffer_8.game.aag"",""/home/gperez/GIT-repos/acacia-bonsai/_bm-logs.gr1-par2-p0-replay-L0/m6/arbiter_with_buffer-n8/arbiter_with_buffer-n8-7adaabf6a1b2-u4bd94a_/generalizer/arbiter_with_buffer_8.policy.aag""]"	0	VERIFIED	71efb3b8ed764bb3989cea42b2233589089d4712a03f85947cd57f5b189c3aa8	0.431174638	738689024
arbiter_with_buffer-n8	system	8	P1	b43dcec2423dab04a5867c6891a7b824951dccb9524472a4a41e0ad54cd863c3	1	"[""/home/gperez/GIT-repos/tlsf-tools/build-P1-0435385/tlsfcertcheck"",""--method"",""auto"",""--timeout"",""300"",""--node-cap"",""33554432"",""--json-out"",""/tmp/p1-attribution-m1vpw2rx/result-26-8a98e767.json"",""--certificate"",""/home/gperez/GIT-repos/acacia-bonsai/_bm-logs.gr1-par2-p0-replay-L0/m6/arbiter_with_buffer-n8/arbiter_with_buffer-n8-7adaabf6a1b2-u4bd94a_/generalizer/arbiter_with_buffer_8.certificate.aag"",""--certificate-json"",""/home/gperez/GIT-repos/acacia-bonsai/_bm-logs.gr1-par2-p0-replay-L0/m6/arbiter_with_buffer-n8/arbiter_with_buffer-n8-7adaabf6a1b2-u4bd94a_/generalizer/arbiter_with_buffer_8.certificate.aag.json"",""/home/gperez/GIT-repos/acacia-bonsai/_bm-logs.gr1-par2-p0-replay-L0/m6/arbiter_with_buffer-n8/arbiter_with_buffer-n8-7adaabf6a1b2-u4bd94a_/generalizer/arbiter_with_buffer_8.game.aag"",""/home/gperez/GIT-repos/acacia-bonsai/_bm-logs.gr1-par2-p0-replay-L0/m6/arbiter_with_buffer-n8/arbiter_with_buffer-n8-7adaabf6a1b2-u4bd94a_/generalizer/arbiter_with_buffer_8.policy.aag""]"	0	VERIFIED	da70418b8d5e7f342783f637d134f7a0e525b53a04a91139a68f1a8c1c151732	0.163582312	698564608
arbiter_with_cancel-n6	system	6	L0	a7fffaa32b77cb5a13938ccfb02f7d93b6a31ec350d5f2da3e838a1574630d9d	1	"[""/home/gperez/GIT-repos/acacia-bonsai/subprojects/tlsf-tools/build-L0/tlsfcertcheck"",""--method"",""auto"",""--timeout"",""300"",""--node-cap"",""33554432"",""--json-out"",""/tmp/p1-attribution-m1vpw2rx/result-27-58c22a11.json"",""--certificate"",""/home/gperez/GIT-repos/acacia-bonsai/_bm-logs.gr1-par2-p0-replay-L0/m6/arbiter_with_cancel-n6/arbiter_with_cancel-n6-c0a75252de54-df1dx8f9/generalizer/arbiter_with_cancel_6.certificate.aag"",""--certificate-json"",""/home/gperez/GIT-repos/acacia-bonsai/_bm-logs.gr1-par2-p0-replay-L0/m6/arbiter_with_cancel-n6/arbiter_with_cancel-n6-c0a75252de54-df1dx8f9/generalizer/arbiter_with_cancel_6.certificate.aag.json"",""/home/gperez/GIT-repos/acacia-bonsai/_bm-logs.gr1-par2-p0-replay-L0/m6/arbiter_with_cancel-n6/arbiter_with_cancel-n6-c0a75252de54-df1dx8f9/generalizer/arbiter_with_cancel_6.game.aag"",""/home/gperez/GIT-repos/acacia-bonsai/_bm-logs.gr1-par2-p0-replay-L0/m6/arbiter_with_cancel-n6/arbiter_with_cancel-n6-c0a75252de54-df1dx8f9/generalizer/arbiter_with_cancel_6.policy.aag""]"	0	VERIFIED	69771306cb2eb9eb4a636289deef30ee41f15454c5b202e6ee950ede84e652af	1.103738456	771878912
arbiter_with_cancel-n6	system	6	P1	b43dcec2423dab04a5867c6891a7b824951dccb9524472a4a41e0ad54cd863c3	1	"[""/home/gperez/GIT-repos/tlsf-tools/build-P1-0435385/tlsfcertcheck"",""--method"",""auto"",""--timeout"",""300"",""--node-cap"",""33554432"",""--json-out"",""/tmp/p1-attribution-m1vpw2rx/result-28-d91c4a92.json"",""--certificate"",""/home/gperez/GIT-repos/acacia-bonsai/_bm-logs.gr1-par2-p0-replay-L0/m6/arbiter_with_cancel-n6/arbiter_with_cancel-n6-c0a75252de54-df1dx8f9/generalizer/arbiter_with_cancel_6.certificate.aag"",""--certificate-json"",""/home/gperez/GIT-repos/acacia-bonsai/_bm-logs.gr1-par2-p0-replay-L0/m6/arbiter_with_cancel-n6/arbiter_with_cancel-n6-c0a75252de54-df1dx8f9/generalizer/arbiter_with_cancel_6.certificate.aag.json"",""/home/gperez/GIT-repos/acacia-bonsai/_bm-logs.gr1-par2-p0-replay-L0/m6/arbiter_with_cancel-n6/arbiter_with_cancel-n6-c0a75252de54-df1dx8f9/generalizer/arbiter_with_cancel_6.game.aag"",""/home/gperez/GIT-repos/acacia-bonsai/_bm-logs.gr1-par2-p0-replay-L0/m6/arbiter_with_cancel-n6/arbiter_with_cancel-n6-c0a75252de54-df1dx8f9/generalizer/arbiter_with_cancel_6.policy.aag""]"	0	VERIFIED	b6387b2be1bc0e1c8cb691ab03154848a4a8b0add7119559e6026fba834e3405	0.531265208	719269888
arbiter_with_cancel-n7	system	7	L0	a7fffaa32b77cb5a13938ccfb02f7d93b6a31ec350d5f2da3e838a1574630d9d	1	"[""/home/gperez/GIT-repos/acacia-bonsai/subprojects/tlsf-tools/build-L0/tlsfcertcheck"",""--method"",""auto"",""--timeout"",""300"",""--node-cap"",""33554432"",""--json-out"",""/tmp/p1-attribution-m1vpw2rx/result-29-7e28e2ae.json"",""--certificate"",""/home/gperez/GIT-repos/acacia-bonsai/_bm-logs.gr1-par2-p0-replay-L0/m6/arbiter_with_cancel-n7/arbiter_with_cancel-n7-7f5619354677-a9vmd9m9/generalizer/arbiter_with_cancel_7.certificate.aag"",""--certificate-json"",""/home/gperez/GIT-repos/acacia-bonsai/_bm-logs.gr1-par2-p0-replay-L0/m6/arbiter_with_cancel-n7/arbiter_with_cancel-n7-7f5619354677-a9vmd9m9/generalizer/arbiter_with_cancel_7.certificate.aag.json"",""/home/gperez/GIT-repos/acacia-bonsai/_bm-logs.gr1-par2-p0-replay-L0/m6/arbiter_with_cancel-n7/arbiter_with_cancel-n7-7f5619354677-a9vmd9m9/generalizer/arbiter_with_cancel_7.game.aag"",""/home/gperez/GIT-repos/acacia-bonsai/_bm-logs.gr1-par2-p0-replay-L0/m6/arbiter_with_cancel-n7/arbiter_with_cancel-n7-7f5619354677-a9vmd9m9/generalizer/arbiter_with_cancel_7.policy.aag""]"	0	VERIFIED	cff239953b354a7d68d6ea6c40583fc29cf7e7188835795f708d898fb0fa7879	3.634247553	914358272
arbiter_with_cancel-n7	system	7	P1	b43dcec2423dab04a5867c6891a7b824951dccb9524472a4a41e0ad54cd863c3	1	"[""/home/gperez/GIT-repos/tlsf-tools/build-P1-0435385/tlsfcertcheck"",""--method"",""auto"",""--timeout"",""300"",""--node-cap"",""33554432"",""--json-out"",""/tmp/p1-attribution-m1vpw2rx/result-30-30bf7aec.json"",""--certificate"",""/home/gperez/GIT-repos/acacia-bonsai/_bm-logs.gr1-par2-p0-replay-L0/m6/arbiter_with_cancel-n7/arbiter_with_cancel-n7-7f5619354677-a9vmd9m9/generalizer/arbiter_with_cancel_7.certificate.aag"",""--certificate-json"",""/home/gperez/GIT-repos/acacia-bonsai/_bm-logs.gr1-par2-p0-replay-L0/m6/arbiter_with_cancel-n7/arbiter_with_cancel-n7-7f5619354677-a9vmd9m9/generalizer/arbiter_with_cancel_7.certificate.aag.json"",""/home/gperez/GIT-repos/acacia-bonsai/_bm-logs.gr1-par2-p0-replay-L0/m6/arbiter_with_cancel-n7/arbiter_with_cancel-n7-7f5619354677-a9vmd9m9/generalizer/arbiter_with_cancel_7.game.aag"",""/home/gperez/GIT-repos/acacia-bonsai/_bm-logs.gr1-par2-p0-replay-L0/m6/arbiter_with_cancel-n7/arbiter_with_cancel-n7-7f5619354677-a9vmd9m9/generalizer/arbiter_with_cancel_7.policy.aag""]"	0	VERIFIED	916b7acf11b33db4b1060b449eae114157307f6b0005bfc422c199f9907fc231	1.098697124	781017088
arbiter_with_cancel-n8	system	8	L0	a7fffaa32b77cb5a13938ccfb02f7d93b6a31ec350d5f2da3e838a1574630d9d	1	"[""/home/gperez/GIT-repos/acacia-bonsai/subprojects/tlsf-tools/build-L0/tlsfcertcheck"",""--method"",""auto"",""--timeout"",""300"",""--node-cap"",""33554432"",""--json-out"",""/tmp/p1-attribution-m1vpw2rx/result-31-898ae304.json"",""--certificate"",""/home/gperez/GIT-repos/acacia-bonsai/_bm-logs.gr1-par2-p0-replay-L0/m6/arbiter_with_cancel-n8/arbiter_with_cancel-n8-2245874924dd-k6a0pyzk/generalizer/arbiter_with_cancel_8.certificate.aag"",""--certificate-json"",""/home/gperez/GIT-repos/acacia-bonsai/_bm-logs.gr1-par2-p0-replay-L0/m6/arbiter_with_cancel-n8/arbiter_with_cancel-n8-2245874924dd-k6a0pyzk/generalizer/arbiter_with_cancel_8.certificate.aag.json"",""/home/gperez/GIT-repos/acacia-bonsai/_bm-logs.gr1-par2-p0-replay-L0/m6/arbiter_with_cancel-n8/arbiter_with_cancel-n8-2245874924dd-k6a0pyzk/generalizer/arbiter_with_cancel_8.game.aag"",""/home/gperez/GIT-repos/acacia-bonsai/_bm-logs.gr1-par2-p0-replay-L0/m6/arbiter_with_cancel-n8/arbiter_with_cancel-n8-2245874924dd-k6a0pyzk/generalizer/arbiter_with_cancel_8.policy.aag""]"	0	VERIFIED	7f916b8528aac2a1f1a29f8c7468cd79f09a2b750cfe1982fd51a06232845572	12.560640059	1239334912
arbiter_with_cancel-n8	system	8	P1	b43dcec2423dab04a5867c6891a7b824951dccb9524472a4a41e0ad54cd863c3	1	"[""/home/gperez/GIT-repos/tlsf-tools/build-P1-0435385/tlsfcertcheck"",""--method"",""auto"",""--timeout"",""300"",""--node-cap"",""33554432"",""--json-out"",""/tmp/p1-attribution-m1vpw2rx/result-32-88df0f54.json"",""--certificate"",""/home/gperez/GIT-repos/acacia-bonsai/_bm-logs.gr1-par2-p0-replay-L0/m6/arbiter_with_cancel-n8/arbiter_with_cancel-n8-2245874924dd-k6a0pyzk/generalizer/arbiter_with_cancel_8.certificate.aag"",""--certificate-json"",""/home/gperez/GIT-repos/acacia-bonsai/_bm-logs.gr1-par2-p0-replay-L0/m6/arbiter_with_cancel-n8/arbiter_with_cancel-n8-2245874924dd-k6a0pyzk/generalizer/arbiter_with_cancel_8.certificate.aag.json"",""/home/gperez/GIT-repos/acacia-bonsai/_bm-logs.gr1-par2-p0-replay-L0/m6/arbiter_with_cancel-n8/arbiter_with_cancel-n8-2245874924dd-k6a0pyzk/generalizer/arbiter_with_cancel_8.game.aag"",""/home/gperez/GIT-repos/acacia-bonsai/_bm-logs.gr1-par2-p0-replay-L0/m6/arbiter_with_cancel-n8/arbiter_with_cancel-n8-2245874924dd-k6a0pyzk/generalizer/arbiter_with_cancel_8.policy.aag""]"	0	VERIFIED	8eb18e3a13396e5edb83c41d5e3682696d6b5fa2e187904f185f9d09433bf618	2.633310370	935190528
arbiter_with_cancel-n9	system	9	L0	a7fffaa32b77cb5a13938ccfb02f7d93b6a31ec350d5f2da3e838a1574630d9d	1	"[""/home/gperez/GIT-repos/acacia-bonsai/subprojects/tlsf-tools/build-L0/tlsfcertcheck"",""--method"",""auto"",""--timeout"",""300"",""--node-cap"",""33554432"",""--json-out"",""/tmp/p1-attribution-m1vpw2rx/result-33-178cde3f.json"",""--certificate"",""/home/gperez/GIT-repos/acacia-bonsai/_bm-logs.gr1-par2-p0-replay-L0/m6/arbiter_with_cancel-n9/arbiter_with_cancel-n9-163ced9f3fea-bolb6cur/generalizer/arbiter_with_cancel_9.certificate.aag"",""--certificate-json"",""/home/gperez/GIT-repos/acacia-bonsai/_bm-logs.gr1-par2-p0-replay-L0/m6/arbiter_with_cancel-n9/arbiter_with_cancel-n9-163ced9f3fea-bolb6cur/generalizer/arbiter_with_cancel_9.certificate.aag.json"",""/home/gperez/GIT-repos/acacia-bonsai/_bm-logs.gr1-par2-p0-replay-L0/m6/arbiter_with_cancel-n9/arbiter_with_cancel-n9-163ced9f3fea-bolb6cur/generalizer/arbiter_with_cancel_9.game.aag"",""/home/gperez/GIT-repos/acacia-bonsai/_bm-logs.gr1-par2-p0-replay-L0/m6/arbiter_with_cancel-n9/arbiter_with_cancel-n9-163ced9f3fea-bolb6cur/generalizer/arbiter_with_cancel_9.policy.aag""]"	0	VERIFIED	5d928e67965cfb78c1e40d7294c0ef7d4dd01ca83b016f7cb8eee2f81a19c0e5	49.787655654	1724284928
arbiter_with_cancel-n9	system	9	P1	b43dcec2423dab04a5867c6891a7b824951dccb9524472a4a41e0ad54cd863c3	1	"[""/home/gperez/GIT-repos/tlsf-tools/build-P1-0435385/tlsfcertcheck"",""--method"",""auto"",""--timeout"",""300"",""--node-cap"",""33554432"",""--json-out"",""/tmp/p1-attribution-m1vpw2rx/result-34-9a3532ce.json"",""--certificate"",""/home/gperez/GIT-repos/acacia-bonsai/_bm-logs.gr1-par2-p0-replay-L0/m6/arbiter_with_cancel-n9/arbiter_with_cancel-n9-163ced9f3fea-bolb6cur/generalizer/arbiter_with_cancel_9.certificate.aag"",""--certificate-json"",""/home/gperez/GIT-repos/acacia-bonsai/_bm-logs.gr1-par2-p0-replay-L0/m6/arbiter_with_cancel-n9/arbiter_with_cancel-n9-163ced9f3fea-bolb6cur/generalizer/arbiter_with_cancel_9.certificate.aag.json"",""/home/gperez/GIT-repos/acacia-bonsai/_bm-logs.gr1-par2-p0-replay-L0/m6/arbiter_with_cancel-n9/arbiter_with_cancel-n9-163ced9f3fea-bolb6cur/generalizer/arbiter_with_cancel_9.game.aag"",""/home/gperez/GIT-repos/acacia-bonsai/_bm-logs.gr1-par2-p0-replay-L0/m6/arbiter_with_cancel-n9/arbiter_with_cancel-n9-163ced9f3fea-bolb6cur/generalizer/arbiter_with_cancel_9.policy.aag""]"	0	VERIFIED	c144e68b95cf8aafcfc14bc9e534a69732602937bf82b8fea8f44a1ed89fdf5d	6.809903018	1263366144
arbiter_with_cancel-n10	system	10	L0	a7fffaa32b77cb5a13938ccfb02f7d93b6a31ec350d5f2da3e838a1574630d9d	1	"[""/home/gperez/GIT-repos/acacia-bonsai/subprojects/tlsf-tools/build-L0/tlsfcertcheck"",""--method"",""auto"",""--timeout"",""300"",""--node-cap"",""33554432"",""--json-out"",""/tmp/p1-attribution-m1vpw2rx/result-35-d3ad3cbd.json"",""--certificate"",""/home/gperez/GIT-repos/acacia-bonsai/_bm-logs.gr1-par2-s0-run1/runs/arbiter_with_cancel-n10/arbiter_with_cancel-n10-8d6498fd9714-ysvcnjfw/generalizer/arbiter_with_cancel_10.certificate.aag"",""--certificate-json"",""/home/gperez/GIT-repos/acacia-bonsai/_bm-logs.gr1-par2-s0-run1/runs/arbiter_with_cancel-n10/arbiter_with_cancel-n10-8d6498fd9714-ysvcnjfw/generalizer/arbiter_with_cancel_10.certificate.aag.json"",""/home/gperez/GIT-repos/acacia-bonsai/_bm-logs.gr1-par2-s0-run1/runs/arbiter_with_cancel-n10/arbiter_with_cancel-n10-8d6498fd9714-ysvcnjfw/generalizer/arbiter_with_cancel_10.game.aag"",""/home/gperez/GIT-repos/acacia-bonsai/_bm-logs.gr1-par2-s0-run1/runs/arbiter_with_cancel-n10/arbiter_with_cancel-n10-8d6498fd9714-ysvcnjfw/generalizer/arbiter_with_cancel_10.policy.aag""]"	3	UNKNOWN	8d65a4b9eb195d5e86030347c80f76cf5f23d651a73643a82581979d2548c6bb	10.742780160	1784061952
arbiter_with_cancel-n10	system	10	P1	b43dcec2423dab04a5867c6891a7b824951dccb9524472a4a41e0ad54cd863c3	1	"[""/home/gperez/GIT-repos/tlsf-tools/build-P1-0435385/tlsfcertcheck"",""--method"",""auto"",""--timeout"",""300"",""--node-cap"",""33554432"",""--json-out"",""/tmp/p1-attribution-m1vpw2rx/result-36-f469c4ff.json"",""--certificate"",""/home/gperez/GIT-repos/acacia-bonsai/_bm-logs.gr1-par2-s0-run1/runs/arbiter_with_cancel-n10/arbiter_with_cancel-n10-8d6498fd9714-ysvcnjfw/generalizer/arbiter_with_cancel_10.certificate.aag"",""--certificate-json"",""/home/gperez/GIT-repos/acacia-bonsai/_bm-logs.gr1-par2-s0-run1/runs/arbiter_with_cancel-n10/arbiter_with_cancel-n10-8d6498fd9714-ysvcnjfw/generalizer/arbiter_with_cancel_10.certificate.aag.json"",""/home/gperez/GIT-repos/acacia-bonsai/_bm-logs.gr1-par2-s0-run1/runs/arbiter_with_cancel-n10/arbiter_with_cancel-n10-8d6498fd9714-ysvcnjfw/generalizer/arbiter_with_cancel_10.game.aag"",""/home/gperez/GIT-repos/acacia-bonsai/_bm-logs.gr1-par2-s0-run1/runs/arbiter_with_cancel-n10/arbiter_with_cancel-n10-8d6498fd9714-ysvcnjfw/generalizer/arbiter_with_cancel_10.policy.aag""]"	0	VERIFIED	c3d87bb9eddf955a81f1c21d40ee481d4544aa95627c959ad2aac04bc634cbef	51.748768135	1753567232
load_balancer-n8	system	8	L0	a7fffaa32b77cb5a13938ccfb02f7d93b6a31ec350d5f2da3e838a1574630d9d	1	"[""/home/gperez/GIT-repos/acacia-bonsai/subprojects/tlsf-tools/build-L0/tlsfcertcheck"",""--method"",""auto"",""--timeout"",""300"",""--node-cap"",""33554432"",""--json-out"",""/tmp/p1-attribution-m1vpw2rx/result-37-e281ab55.json"",""--certificate"",""/home/gperez/GIT-repos/acacia-bonsai/_bm-logs.gr1-par2-p0-replay-L0/m6/load_balancer-n8/load_balancer-n8-9740ee0dfb15-ilwgus37/generalizer/load_balancer_8.certificate.aag"",""--certificate-json"",""/home/gperez/GIT-repos/acacia-bonsai/_bm-logs.gr1-par2-p0-replay-L0/m6/load_balancer-n8/load_balancer-n8-9740ee0dfb15-ilwgus37/generalizer/load_balancer_8.certificate.aag.json"",""/home/gperez/GIT-repos/acacia-bonsai/_bm-logs.gr1-par2-p0-replay-L0/m6/load_balancer-n8/load_balancer-n8-9740ee0dfb15-ilwgus37/generalizer/load_balancer_8.game.aag"",""/home/gperez/GIT-repos/acacia-bonsai/_bm-logs.gr1-par2-p0-replay-L0/m6/load_balancer-n8/load_balancer-n8-9740ee0dfb15-ilwgus37/generalizer/load_balancer_8.policy.aag""]"	0	VERIFIED	536113fe153faa0c5efa441316487e0c3daf0ad812fab73d2c8a291373ab8308	0.434266842	729817088
load_balancer-n8	system	8	P1	b43dcec2423dab04a5867c6891a7b824951dccb9524472a4a41e0ad54cd863c3	1	"[""/home/gperez/GIT-repos/tlsf-tools/build-P1-0435385/tlsfcertcheck"",""--method"",""auto"",""--timeout"",""300"",""--node-cap"",""33554432"",""--json-out"",""/tmp/p1-attribution-m1vpw2rx/result-38-9b395088.json"",""--certificate"",""/home/gperez/GIT-repos/acacia-bonsai/_bm-logs.gr1-par2-p0-replay-L0/m6/load_balancer-n8/load_balancer-n8-9740ee0dfb15-ilwgus37/generalizer/load_balancer_8.certificate.aag"",""--certificate-json"",""/home/gperez/GIT-repos/acacia-bonsai/_bm-logs.gr1-par2-p0-replay-L0/m6/load_balancer-n8/load_balancer-n8-9740ee0dfb15-ilwgus37/generalizer/load_balancer_8.certificate.aag.json"",""/home/gperez/GIT-repos/acacia-bonsai/_bm-logs.gr1-par2-p0-replay-L0/m6/load_balancer-n8/load_balancer-n8-9740ee0dfb15-ilwgus37/generalizer/load_balancer_8.game.aag"",""/home/gperez/GIT-repos/acacia-bonsai/_bm-logs.gr1-par2-p0-replay-L0/m6/load_balancer-n8/load_balancer-n8-9740ee0dfb15-ilwgus37/generalizer/load_balancer_8.policy.aag""]"	0	VERIFIED	cbff770efe888005bd492fe47beb7e10ebc289ff4b19e6decdf68c205cdcce95	0.256662858	689573888
load_balancer-n9	system	9	L0	a7fffaa32b77cb5a13938ccfb02f7d93b6a31ec350d5f2da3e838a1574630d9d	1	"[""/home/gperez/GIT-repos/acacia-bonsai/subprojects/tlsf-tools/build-L0/tlsfcertcheck"",""--method"",""auto"",""--timeout"",""300"",""--node-cap"",""33554432"",""--json-out"",""/tmp/p1-attribution-m1vpw2rx/result-39-b19f8f02.json"",""--certificate"",""/home/gperez/GIT-repos/acacia-bonsai/_bm-logs.gr1-par2-p0-replay-L0/m6/load_balancer-n9/load_balancer-n9-0f9db7b00d62-nuju8xzq/generalizer/load_balancer_9.certificate.aag"",""--certificate-json"",""/home/gperez/GIT-repos/acacia-bonsai/_bm-logs.gr1-par2-p0-replay-L0/m6/load_balancer-n9/load_balancer-n9-0f9db7b00d62-nuju8xzq/generalizer/load_balancer_9.certificate.aag.json"",""/home/gperez/GIT-repos/acacia-bonsai/_bm-logs.gr1-par2-p0-replay-L0/m6/load_balancer-n9/load_balancer-n9-0f9db7b00d62-nuju8xzq/generalizer/load_balancer_9.game.aag"",""/home/gperez/GIT-repos/acacia-bonsai/_bm-logs.gr1-par2-p0-replay-L0/m6/load_balancer-n9/load_balancer-n9-0f9db7b00d62-nuju8xzq/generalizer/load_balancer_9.policy.aag""]"	0	VERIFIED	5e8a5626f600d59fb61243fba75f2422b77d31e728d16f74981fa45b47b067c9	0.878029478	811765760
load_balancer-n9	system	9	P1	b43dcec2423dab04a5867c6891a7b824951dccb9524472a4a41e0ad54cd863c3	1	"[""/home/gperez/GIT-repos/tlsf-tools/build-P1-0435385/tlsfcertcheck"",""--method"",""auto"",""--timeout"",""300"",""--node-cap"",""33554432"",""--json-out"",""/tmp/p1-attribution-m1vpw2rx/result-40-3b3f9547.json"",""--certificate"",""/home/gperez/GIT-repos/acacia-bonsai/_bm-logs.gr1-par2-p0-replay-L0/m6/load_balancer-n9/load_balancer-n9-0f9db7b00d62-nuju8xzq/generalizer/load_balancer_9.certificate.aag"",""--certificate-json"",""/home/gperez/GIT-repos/acacia-bonsai/_bm-logs.gr1-par2-p0-replay-L0/m6/load_balancer-n9/load_balancer-n9-0f9db7b00d62-nuju8xzq/generalizer/load_balancer_9.certificate.aag.json"",""/home/gperez/GIT-repos/acacia-bonsai/_bm-logs.gr1-par2-p0-replay-L0/m6/load_balancer-n9/load_balancer-n9-0f9db7b00d62-nuju8xzq/generalizer/load_balancer_9.game.aag"",""/home/gperez/GIT-repos/acacia-bonsai/_bm-logs.gr1-par2-p0-replay-L0/m6/load_balancer-n9/load_balancer-n9-0f9db7b00d62-nuju8xzq/generalizer/load_balancer_9.policy.aag""]"	0	VERIFIED	851509515aad7d44456508c949d391360677aa669da86358f177233e9f51b729	0.497985318	710668288
load_balancer_unreal2-n6	environment	6	L0	a7fffaa32b77cb5a13938ccfb02f7d93b6a31ec350d5f2da3e838a1574630d9d	1	"[""/home/gperez/GIT-repos/acacia-bonsai/subprojects/tlsf-tools/build-L0/tlsfcertcheck"",""--method"",""certificate"",""--timeout"",""300"",""--node-cap"",""67108864"",""--json-out"",""/tmp/p1-attribution-m1vpw2rx/result-41-857cea84.json"",""--certificate"",""/home/gperez/GIT-repos/acacia-bonsai/_bm-logs.gr1-par2-p0-replay-L0/m6/load_balancer_unreal2-n6/load_balancer_unreal2-n6-093d954886c1-m14rntll/generalizer/load_balancer_unreal2_6.certificate.aag"",""--certificate-json"",""/home/gperez/GIT-repos/acacia-bonsai/_bm-logs.gr1-par2-p0-replay-L0/m6/load_balancer_unreal2-n6/load_balancer_unreal2-n6-093d954886c1-m14rntll/generalizer/load_balancer_unreal2_6.certificate.aag.json"",""/home/gperez/GIT-repos/acacia-bonsai/_bm-logs.gr1-par2-p0-replay-L0/m6/load_balancer_unreal2-n6/load_balancer_unreal2-n6-093d954886c1-m14rntll/generalizer/load_balancer_unreal2_6.game.aag"",""/home/gperez/GIT-repos/acacia-bonsai/_bm-logs.gr1-par2-p0-replay-L0/m6/load_balancer_unreal2-n6/load_balancer_unreal2-n6-093d954886c1-m14rntll/generalizer/load_balancer_unreal2_6.policy.aag""]"	0	VERIFIED	148ddcc1256471bef7ac80e9cbb80abb6c350badc203387a684d47f3fd95f3fd	3.496118507	1930313728
load_balancer_unreal2-n6	environment	6	P1	b43dcec2423dab04a5867c6891a7b824951dccb9524472a4a41e0ad54cd863c3	1	"[""/home/gperez/GIT-repos/tlsf-tools/build-P1-0435385/tlsfcertcheck"",""--method"",""certificate"",""--timeout"",""300"",""--node-cap"",""67108864"",""--json-out"",""/tmp/p1-attribution-m1vpw2rx/result-42-610944a0.json"",""--certificate"",""/home/gperez/GIT-repos/acacia-bonsai/_bm-logs.gr1-par2-p0-replay-L0/m6/load_balancer_unreal2-n6/load_balancer_unreal2-n6-093d954886c1-m14rntll/generalizer/load_balancer_unreal2_6.certificate.aag"",""--certificate-json"",""/home/gperez/GIT-repos/acacia-bonsai/_bm-logs.gr1-par2-p0-replay-L0/m6/load_balancer_unreal2-n6/load_balancer_unreal2-n6-093d954886c1-m14rntll/generalizer/load_balancer_unreal2_6.certificate.aag.json"",""/home/gperez/GIT-repos/acacia-bonsai/_bm-logs.gr1-par2-p0-replay-L0/m6/load_balancer_unreal2-n6/load_balancer_unreal2-n6-093d954886c1-m14rntll/generalizer/load_balancer_unreal2_6.game.aag"",""/home/gperez/GIT-repos/acacia-bonsai/_bm-logs.gr1-par2-p0-replay-L0/m6/load_balancer_unreal2-n6/load_balancer_unreal2-n6-093d954886c1-m14rntll/generalizer/load_balancer_unreal2_6.policy.aag""]"	0	VERIFIED	4961ac4e6fee98fda06ebd560445fbd6c86b4a6369402b11804e14cbc7edb71d	0.437671866	1378050048
load_balancer_unreal2-n7	environment	7	L0	a7fffaa32b77cb5a13938ccfb02f7d93b6a31ec350d5f2da3e838a1574630d9d	1	"[""/home/gperez/GIT-repos/acacia-bonsai/subprojects/tlsf-tools/build-L0/tlsfcertcheck"",""--method"",""certificate"",""--timeout"",""300"",""--node-cap"",""67108864"",""--json-out"",""/tmp/p1-attribution-m1vpw2rx/result-43-826d0787.json"",""--certificate"",""/home/gperez/GIT-repos/acacia-bonsai/_bm-logs.gr1-par2-s0-run1/runs/load_balancer_unreal2-n7/load_balancer_unreal2-n7-3955760a13cd-fgih248r/generalizer/load_balancer_unreal2_7.certificate.aag"",""--certificate-json"",""/home/gperez/GIT-repos/acacia-bonsai/_bm-logs.gr1-par2-s0-run1/runs/load_balancer_unreal2-n7/load_balancer_unreal2-n7-3955760a13cd-fgih248r/generalizer/load_balancer_unreal2_7.certificate.aag.json"",""/home/gperez/GIT-repos/acacia-bonsai/_bm-logs.gr1-par2-s0-run1/runs/load_balancer_unreal2-n7/load_balancer_unreal2-n7-3955760a13cd-fgih248r/generalizer/load_balancer_unreal2_7.game.aag"",""/home/gperez/GIT-repos/acacia-bonsai/_bm-logs.gr1-par2-s0-run1/runs/load_balancer_unreal2-n7/load_balancer_unreal2-n7-3955760a13cd-fgih248r/generalizer/load_balancer_unreal2_7.policy.aag""]"	3	UNKNOWN	8d65a4b9eb195d5e86030347c80f76cf5f23d651a73643a82581979d2548c6bb	28.830674604	3492143104
load_balancer_unreal2-n7	environment	7	P1	b43dcec2423dab04a5867c6891a7b824951dccb9524472a4a41e0ad54cd863c3	1	"[""/home/gperez/GIT-repos/tlsf-tools/build-P1-0435385/tlsfcertcheck"",""--method"",""certificate"",""--timeout"",""300"",""--node-cap"",""67108864"",""--json-out"",""/tmp/p1-attribution-m1vpw2rx/result-44-2e5df5ee.json"",""--certificate"",""/home/gperez/GIT-repos/acacia-bonsai/_bm-logs.gr1-par2-s0-run1/runs/load_balancer_unreal2-n7/load_balancer_unreal2-n7-3955760a13cd-fgih248r/generalizer/load_balancer_unreal2_7.certificate.aag"",""--certificate-json"",""/home/gperez/GIT-repos/acacia-bonsai/_bm-logs.gr1-par2-s0-run1/runs/load_balancer_unreal2-n7/load_balancer_unreal2-n7-3955760a13cd-fgih248r/generalizer/load_balancer_unreal2_7.certificate.aag.json"",""/home/gperez/GIT-repos/acacia-bonsai/_bm-logs.gr1-par2-s0-run1/runs/load_balancer_unreal2-n7/load_balancer_unreal2-n7-3955760a13cd-fgih248r/generalizer/load_balancer_unreal2_7.game.aag"",""/home/gperez/GIT-repos/acacia-bonsai/_bm-logs.gr1-par2-s0-run1/runs/load_balancer_unreal2-n7/load_balancer_unreal2-n7-3955760a13cd-fgih248r/generalizer/load_balancer_unreal2_7.policy.aag""]"	0	VERIFIED	0075b79478636eaa7db67b6054e12f9c9de69b6304f05ac2a50407292a41cf0e	1.356398381	1484992512
prioritized_arbiter-n5	system	5	L0	a7fffaa32b77cb5a13938ccfb02f7d93b6a31ec350d5f2da3e838a1574630d9d	1	"[""/home/gperez/GIT-repos/acacia-bonsai/subprojects/tlsf-tools/build-L0/tlsfcertcheck"",""--method"",""auto"",""--timeout"",""300"",""--node-cap"",""16777216"",""--json-out"",""/tmp/p1-attribution-m1vpw2rx/result-45-d2c023dc.json"",""--certificate"",""/home/gperez/GIT-repos/acacia-bonsai/_bm-logs.gr1-par2-p0-replay-L0/controls/prioritized_arbiter-n5/prioritized_arbiter-n5-c7b51fc52500-ome6h37z/generalizer/prioritized_arbiter_5.certificate.aag"",""--certificate-json"",""/home/gperez/GIT-repos/acacia-bonsai/_bm-logs.gr1-par2-p0-replay-L0/controls/prioritized_arbiter-n5/prioritized_arbiter-n5-c7b51fc52500-ome6h37z/generalizer/prioritized_arbiter_5.certificate.aag.json"",""/home/gperez/GIT-repos/acacia-bonsai/_bm-logs.gr1-par2-p0-replay-L0/controls/prioritized_arbiter-n5/prioritized_arbiter-n5-c7b51fc52500-ome6h37z/generalizer/prioritized_arbiter_5.game.aag"",""/home/gperez/GIT-repos/acacia-bonsai/_bm-logs.gr1-par2-p0-replay-L0/controls/prioritized_arbiter-n5/prioritized_arbiter-n5-c7b51fc52500-ome6h37z/generalizer/prioritized_arbiter_5.policy.aag""]"	0	VERIFIED	33880b7d1a54be58f40034f55a91f360028fa9e1d4f7023be63406ed82e4aaad	0.061033969	338362368
prioritized_arbiter-n5	system	5	P1	b43dcec2423dab04a5867c6891a7b824951dccb9524472a4a41e0ad54cd863c3	1	"[""/home/gperez/GIT-repos/tlsf-tools/build-P1-0435385/tlsfcertcheck"",""--method"",""auto"",""--timeout"",""300"",""--node-cap"",""16777216"",""--json-out"",""/tmp/p1-attribution-m1vpw2rx/result-46-0ab2b61a.json"",""--certificate"",""/home/gperez/GIT-repos/acacia-bonsai/_bm-logs.gr1-par2-p0-replay-L0/controls/prioritized_arbiter-n5/prioritized_arbiter-n5-c7b51fc52500-ome6h37z/generalizer/prioritized_arbiter_5.certificate.aag"",""--certificate-json"",""/home/gperez/GIT-repos/acacia-bonsai/_bm-logs.gr1-par2-p0-replay-L0/controls/prioritized_arbiter-n5/prioritized_arbiter-n5-c7b51fc52500-ome6h37z/generalizer/prioritized_arbiter_5.certificate.aag.json"",""/home/gperez/GIT-repos/acacia-bonsai/_bm-logs.gr1-par2-p0-replay-L0/controls/prioritized_arbiter-n5/prioritized_arbiter-n5-c7b51fc52500-ome6h37z/generalizer/prioritized_arbiter_5.game.aag"",""/home/gperez/GIT-repos/acacia-bonsai/_bm-logs.gr1-par2-p0-replay-L0/controls/prioritized_arbiter-n5/prioritized_arbiter-n5-c7b51fc52500-ome6h37z/generalizer/prioritized_arbiter_5.policy.aag""]"	0	VERIFIED	47db6d95919d673017d47e9d8b6a543bd13ca19753e9e690749ec27501a38f3d	0.059551038	338276352
prioritized_arbiter-n7	system	7	L0	a7fffaa32b77cb5a13938ccfb02f7d93b6a31ec350d5f2da3e838a1574630d9d	1	"[""/home/gperez/GIT-repos/acacia-bonsai/subprojects/tlsf-tools/build-L0/tlsfcertcheck"",""--method"",""auto"",""--timeout"",""300"",""--node-cap"",""33554432"",""--json-out"",""/tmp/p1-attribution-m1vpw2rx/result-47-d97d8f43.json"",""--certificate"",""/home/gperez/GIT-repos/acacia-bonsai/_bm-logs.gr1-par2-p0-replay-L0/m6/prioritized_arbiter-n7/prioritized_arbiter-n7-5271d318e871-hco1hoyh/generalizer/prioritized_arbiter_7.certificate.aag"",""--certificate-json"",""/home/gperez/GIT-repos/acacia-bonsai/_bm-logs.gr1-par2-p0-replay-L0/m6/prioritized_arbiter-n7/prioritized_arbiter-n7-5271d318e871-hco1hoyh/generalizer/prioritized_arbiter_7.certificate.aag.json"",""/home/gperez/GIT-repos/acacia-bonsai/_bm-logs.gr1-par2-p0-replay-L0/m6/prioritized_arbiter-n7/prioritized_arbiter-n7-5271d318e871-hco1hoyh/generalizer/prioritized_arbiter_7.game.aag"",""/home/gperez/GIT-repos/acacia-bonsai/_bm-logs.gr1-par2-p0-replay-L0/m6/prioritized_arbiter-n7/prioritized_arbiter-n7-5271d318e871-hco1hoyh/generalizer/prioritized_arbiter_7.policy.aag""]"	0	VERIFIED	d7d9564538d8c3de28e276527909d49a54a604105784bf855d49460b8688e3e7	0.107149981	675921920
prioritized_arbiter-n7	system	7	P1	b43dcec2423dab04a5867c6891a7b824951dccb9524472a4a41e0ad54cd863c3	1	"[""/home/gperez/GIT-repos/tlsf-tools/build-P1-0435385/tlsfcertcheck"",""--method"",""auto"",""--timeout"",""300"",""--node-cap"",""33554432"",""--json-out"",""/tmp/p1-attribution-m1vpw2rx/result-48-5ec57f77.json"",""--certificate"",""/home/gperez/GIT-repos/acacia-bonsai/_bm-logs.gr1-par2-p0-replay-L0/m6/prioritized_arbiter-n7/prioritized_arbiter-n7-5271d318e871-hco1hoyh/generalizer/prioritized_arbiter_7.certificate.aag"",""--certificate-json"",""/home/gperez/GIT-repos/acacia-bonsai/_bm-logs.gr1-par2-p0-replay-L0/m6/prioritized_arbiter-n7/prioritized_arbiter-n7-5271d318e871-hco1hoyh/generalizer/prioritized_arbiter_7.certificate.aag.json"",""/home/gperez/GIT-repos/acacia-bonsai/_bm-logs.gr1-par2-p0-replay-L0/m6/prioritized_arbiter-n7/prioritized_arbiter-n7-5271d318e871-hco1hoyh/generalizer/prioritized_arbiter_7.game.aag"",""/home/gperez/GIT-repos/acacia-bonsai/_bm-logs.gr1-par2-p0-replay-L0/m6/prioritized_arbiter-n7/prioritized_arbiter-n7-5271d318e871-hco1hoyh/generalizer/prioritized_arbiter_7.policy.aag""]"	0	VERIFIED	6068ee9095099b36dd76563877cfa65ae221b6c8f3b0e176aa4bbfb4265e71f5	0.119547379	674856960
prioritized_arbiter-n8	system	8	L0	a7fffaa32b77cb5a13938ccfb02f7d93b6a31ec350d5f2da3e838a1574630d9d	1	"[""/home/gperez/GIT-repos/acacia-bonsai/subprojects/tlsf-tools/build-L0/tlsfcertcheck"",""--method"",""auto"",""--timeout"",""300"",""--node-cap"",""33554432"",""--json-out"",""/tmp/p1-attribution-m1vpw2rx/result-49-014c1bc8.json"",""--certificate"",""/home/gperez/GIT-repos/acacia-bonsai/_bm-logs.gr1-par2-p0-replay-L0/m6/prioritized_arbiter-n8/prioritized_arbiter-n8-9247229ccfc2-mqxlgdca/generalizer/prioritized_arbiter_8.certificate.aag"",""--certificate-json"",""/home/gperez/GIT-repos/acacia-bonsai/_bm-logs.gr1-par2-p0-replay-L0/m6/prioritized_arbiter-n8/prioritized_arbiter-n8-9247229ccfc2-mqxlgdca/generalizer/prioritized_arbiter_8.certificate.aag.json"",""/home/gperez/GIT-repos/acacia-bonsai/_bm-logs.gr1-par2-p0-replay-L0/m6/prioritized_arbiter-n8/prioritized_arbiter-n8-9247229ccfc2-mqxlgdca/generalizer/prioritized_arbiter_8.game.aag"",""/home/gperez/GIT-repos/acacia-bonsai/_bm-logs.gr1-par2-p0-replay-L0/m6/prioritized_arbiter-n8/prioritized_arbiter-n8-9247229ccfc2-mqxlgdca/generalizer/prioritized_arbiter_8.policy.aag""]"	0	VERIFIED	528a953b44e322de01467d5a0fb8446187e91e9f113500e6e510df7e77a62d98	0.114172307	677842944
prioritized_arbiter-n8	system	8	P1	b43dcec2423dab04a5867c6891a7b824951dccb9524472a4a41e0ad54cd863c3	1	"[""/home/gperez/GIT-repos/tlsf-tools/build-P1-0435385/tlsfcertcheck"",""--method"",""auto"",""--timeout"",""300"",""--node-cap"",""33554432"",""--json-out"",""/tmp/p1-attribution-m1vpw2rx/result-50-9ab1ba72.json"",""--certificate"",""/home/gperez/GIT-repos/acacia-bonsai/_bm-logs.gr1-par2-p0-replay-L0/m6/prioritized_arbiter-n8/prioritized_arbiter-n8-9247229ccfc2-mqxlgdca/generalizer/prioritized_arbiter_8.certificate.aag"",""--certificate-json"",""/home/gperez/GIT-repos/acacia-bonsai/_bm-logs.gr1-par2-p0-replay-L0/m6/prioritized_arbiter-n8/prioritized_arbiter-n8-9247229ccfc2-mqxlgdca/generalizer/prioritized_arbiter_8.certificate.aag.json"",""/home/gperez/GIT-repos/acacia-bonsai/_bm-logs.gr1-par2-p0-replay-L0/m6/prioritized_arbiter-n8/prioritized_arbiter-n8-9247229ccfc2-mqxlgdca/generalizer/prioritized_arbiter_8.game.aag"",""/home/gperez/GIT-repos/acacia-bonsai/_bm-logs.gr1-par2-p0-replay-L0/m6/prioritized_arbiter-n8/prioritized_arbiter-n8-9247229ccfc2-mqxlgdca/generalizer/prioritized_arbiter_8.policy.aag""]"	0	VERIFIED	e5665ed95628449aa2a1707c09b6e2fc4aafc4efae7b80aefba3aabe692ce8e7	0.116594226	675012608
prioritized_arbiter-n9	system	9	L0	a7fffaa32b77cb5a13938ccfb02f7d93b6a31ec350d5f2da3e838a1574630d9d	1	"[""/home/gperez/GIT-repos/acacia-bonsai/subprojects/tlsf-tools/build-L0/tlsfcertcheck"",""--method"",""auto"",""--timeout"",""300"",""--node-cap"",""33554432"",""--json-out"",""/tmp/p1-attribution-m1vpw2rx/result-51-2b876fc1.json"",""--certificate"",""/home/gperez/GIT-repos/acacia-bonsai/_bm-logs.gr1-par2-p0-replay-L0/m6/prioritized_arbiter-n9/prioritized_arbiter-n9-6cf538f3a372-oncl3amq/generalizer/prioritized_arbiter_9.certificate.aag"",""--certificate-json"",""/home/gperez/GIT-repos/acacia-bonsai/_bm-logs.gr1-par2-p0-replay-L0/m6/prioritized_arbiter-n9/prioritized_arbiter-n9-6cf538f3a372-oncl3amq/generalizer/prioritized_arbiter_9.certificate.aag.json"",""/home/gperez/GIT-repos/acacia-bonsai/_bm-logs.gr1-par2-p0-replay-L0/m6/prioritized_arbiter-n9/prioritized_arbiter-n9-6cf538f3a372-oncl3amq/generalizer/prioritized_arbiter_9.game.aag"",""/home/gperez/GIT-repos/acacia-bonsai/_bm-logs.gr1-par2-p0-replay-L0/m6/prioritized_arbiter-n9/prioritized_arbiter-n9-6cf538f3a372-oncl3amq/generalizer/prioritized_arbiter_9.policy.aag""]"	0	VERIFIED	3e53b12dcffb076461caad36be302a9e84a4c63f4cdfd6ed554e5280591fcaab	0.133440913	681480192
prioritized_arbiter-n9	system	9	P1	b43dcec2423dab04a5867c6891a7b824951dccb9524472a4a41e0ad54cd863c3	1	"[""/home/gperez/GIT-repos/tlsf-tools/build-P1-0435385/tlsfcertcheck"",""--method"",""auto"",""--timeout"",""300"",""--node-cap"",""33554432"",""--json-out"",""/tmp/p1-attribution-m1vpw2rx/result-52-89ceeb4e.json"",""--certificate"",""/home/gperez/GIT-repos/acacia-bonsai/_bm-logs.gr1-par2-p0-replay-L0/m6/prioritized_arbiter-n9/prioritized_arbiter-n9-6cf538f3a372-oncl3amq/generalizer/prioritized_arbiter_9.certificate.aag"",""--certificate-json"",""/home/gperez/GIT-repos/acacia-bonsai/_bm-logs.gr1-par2-p0-replay-L0/m6/prioritized_arbiter-n9/prioritized_arbiter-n9-6cf538f3a372-oncl3amq/generalizer/prioritized_arbiter_9.certificate.aag.json"",""/home/gperez/GIT-repos/acacia-bonsai/_bm-logs.gr1-par2-p0-replay-L0/m6/prioritized_arbiter-n9/prioritized_arbiter-n9-6cf538f3a372-oncl3amq/generalizer/prioritized_arbiter_9.game.aag"",""/home/gperez/GIT-repos/acacia-bonsai/_bm-logs.gr1-par2-p0-replay-L0/m6/prioritized_arbiter-n9/prioritized_arbiter-n9-6cf538f3a372-oncl3amq/generalizer/prioritized_arbiter_9.policy.aag""]"	0	VERIFIED	45899200bba5265ce600a98bece6d715d4f4665e5ef3ba1150da1923c3c85ab3	0.134462989	675799040
prioritized_arbiter-n10	system	10	L0	a7fffaa32b77cb5a13938ccfb02f7d93b6a31ec350d5f2da3e838a1574630d9d	1	"[""/home/gperez/GIT-repos/acacia-bonsai/subprojects/tlsf-tools/build-L0/tlsfcertcheck"",""--method"",""auto"",""--timeout"",""300"",""--node-cap"",""33554432"",""--json-out"",""/tmp/p1-attribution-m1vpw2rx/result-53-9d75bd51.json"",""--certificate"",""/home/gperez/GIT-repos/acacia-bonsai/_bm-logs.gr1-par2-p0-replay-L0/m6/prioritized_arbiter-n10/prioritized_arbiter-n10-0ec6ae1645d7-y9_d20j7/generalizer/prioritized_arbiter_10.certificate.aag"",""--certificate-json"",""/home/gperez/GIT-repos/acacia-bonsai/_bm-logs.gr1-par2-p0-replay-L0/m6/prioritized_arbiter-n10/prioritized_arbiter-n10-0ec6ae1645d7-y9_d20j7/generalizer/prioritized_arbiter_10.certificate.aag.json"",""/home/gperez/GIT-repos/acacia-bonsai/_bm-logs.gr1-par2-p0-replay-L0/m6/prioritized_arbiter-n10/prioritized_arbiter-n10-0ec6ae1645d7-y9_d20j7/generalizer/prioritized_arbiter_10.game.aag"",""/home/gperez/GIT-repos/acacia-bonsai/_bm-logs.gr1-par2-p0-replay-L0/m6/prioritized_arbiter-n10/prioritized_arbiter-n10-0ec6ae1645d7-y9_d20j7/generalizer/prioritized_arbiter_10.policy.aag""]"	0	VERIFIED	f8d8eb7df7303b6df420f892b2f20cad757b18b398ccefe9e3ee567c833b0162	0.156950458	687509504
prioritized_arbiter-n10	system	10	P1	b43dcec2423dab04a5867c6891a7b824951dccb9524472a4a41e0ad54cd863c3	1	"[""/home/gperez/GIT-repos/tlsf-tools/build-P1-0435385/tlsfcertcheck"",""--method"",""auto"",""--timeout"",""300"",""--node-cap"",""33554432"",""--json-out"",""/tmp/p1-attribution-m1vpw2rx/result-54-d7f8f52a.json"",""--certificate"",""/home/gperez/GIT-repos/acacia-bonsai/_bm-logs.gr1-par2-p0-replay-L0/m6/prioritized_arbiter-n10/prioritized_arbiter-n10-0ec6ae1645d7-y9_d20j7/generalizer/prioritized_arbiter_10.certificate.aag"",""--certificate-json"",""/home/gperez/GIT-repos/acacia-bonsai/_bm-logs.gr1-par2-p0-replay-L0/m6/prioritized_arbiter-n10/prioritized_arbiter-n10-0ec6ae1645d7-y9_d20j7/generalizer/prioritized_arbiter_10.certificate.aag.json"",""/home/gperez/GIT-repos/acacia-bonsai/_bm-logs.gr1-par2-p0-replay-L0/m6/prioritized_arbiter-n10/prioritized_arbiter-n10-0ec6ae1645d7-y9_d20j7/generalizer/prioritized_arbiter_10.game.aag"",""/home/gperez/GIT-repos/acacia-bonsai/_bm-logs.gr1-par2-p0-replay-L0/m6/prioritized_arbiter-n10/prioritized_arbiter-n10-0ec6ae1645d7-y9_d20j7/generalizer/prioritized_arbiter_10.policy.aag""]"	0	VERIFIED	dffb537aae827d205aa27df7fc5ea1b929afd4409a18c500f4b501471a959332	0.185883997	677777408
prioritized_arbiter-n12	system	12	L0	a7fffaa32b77cb5a13938ccfb02f7d93b6a31ec350d5f2da3e838a1574630d9d	1	"[""/home/gperez/GIT-repos/acacia-bonsai/subprojects/tlsf-tools/build-L0/tlsfcertcheck"",""--method"",""auto"",""--timeout"",""300"",""--node-cap"",""67108864"",""--json-out"",""/tmp/p1-attribution-m1vpw2rx/result-55-1285e37a.json"",""--certificate"",""/home/gperez/GIT-repos/acacia-bonsai/_bm-logs.gr1-par2-p0-replay-L0/m6/prioritized_arbiter-n12/prioritized_arbiter-n12-7a4e0b2280c4-sbsmty3i/generalizer/prioritized_arbiter_12.certificate.aag"",""--certificate-json"",""/home/gperez/GIT-repos/acacia-bonsai/_bm-logs.gr1-par2-p0-replay-L0/m6/prioritized_arbiter-n12/prioritized_arbiter-n12-7a4e0b2280c4-sbsmty3i/generalizer/prioritized_arbiter_12.certificate.aag.json"",""/home/gperez/GIT-repos/acacia-bonsai/_bm-logs.gr1-par2-p0-replay-L0/m6/prioritized_arbiter-n12/prioritized_arbiter-n12-7a4e0b2280c4-sbsmty3i/generalizer/prioritized_arbiter_12.game.aag"",""/home/gperez/GIT-repos/acacia-bonsai/_bm-logs.gr1-par2-p0-replay-L0/m6/prioritized_arbiter-n12/prioritized_arbiter-n12-7a4e0b2280c4-sbsmty3i/generalizer/prioritized_arbiter_12.policy.aag""]"	0	VERIFIED	8a4c97e756036566c5ae682d977c9c547f0f16cfc1c40d7e59861266783b8f00	0.448642466	1409613824
prioritized_arbiter-n12	system	12	P1	b43dcec2423dab04a5867c6891a7b824951dccb9524472a4a41e0ad54cd863c3	1	"[""/home/gperez/GIT-repos/tlsf-tools/build-P1-0435385/tlsfcertcheck"",""--method"",""auto"",""--timeout"",""300"",""--node-cap"",""67108864"",""--json-out"",""/tmp/p1-attribution-m1vpw2rx/result-56-08a77786.json"",""--certificate"",""/home/gperez/GIT-repos/acacia-bonsai/_bm-logs.gr1-par2-p0-replay-L0/m6/prioritized_arbiter-n12/prioritized_arbiter-n12-7a4e0b2280c4-sbsmty3i/generalizer/prioritized_arbiter_12.certificate.aag"",""--certificate-json"",""/home/gperez/GIT-repos/acacia-bonsai/_bm-logs.gr1-par2-p0-replay-L0/m6/prioritized_arbiter-n12/prioritized_arbiter-n12-7a4e0b2280c4-sbsmty3i/generalizer/prioritized_arbiter_12.certificate.aag.json"",""/home/gperez/GIT-repos/acacia-bonsai/_bm-logs.gr1-par2-p0-replay-L0/m6/prioritized_arbiter-n12/prioritized_arbiter-n12-7a4e0b2280c4-sbsmty3i/generalizer/prioritized_arbiter_12.game.aag"",""/home/gperez/GIT-repos/acacia-bonsai/_bm-logs.gr1-par2-p0-replay-L0/m6/prioritized_arbiter-n12/prioritized_arbiter-n12-7a4e0b2280c4-sbsmty3i/generalizer/prioritized_arbiter_12.policy.aag""]"	0	VERIFIED	723ffd1717a66f3c6df2569a7db7d59034d4701a9a41e7940edd623cfe7546d6	0.781259449	1359421440
prioritized_arbiter_unreal2-n3	environment	3	L0	a7fffaa32b77cb5a13938ccfb02f7d93b6a31ec350d5f2da3e838a1574630d9d	1	"[""/home/gperez/GIT-repos/acacia-bonsai/subprojects/tlsf-tools/build-L0/tlsfcertcheck"",""--method"",""certificate"",""--timeout"",""300"",""--node-cap"",""67108864"",""--json-out"",""/tmp/p1-attribution-m1vpw2rx/result-57-b76d2414.json"",""--certificate"",""/home/gperez/GIT-repos/acacia-bonsai/_bm-logs.gr1-par2-p0-replay-L0/controls/prioritized_arbiter_unreal2-n3/prioritized_arbiter_unreal2-n3-d5e385f8c0e7-3s_f8qal/generalizer/prioritized_arbiter_unreal2_3.certificate.aag"",""--certificate-json"",""/home/gperez/GIT-repos/acacia-bonsai/_bm-logs.gr1-par2-p0-replay-L0/controls/prioritized_arbiter_unreal2-n3/prioritized_arbiter_unreal2-n3-d5e385f8c0e7-3s_f8qal/generalizer/prioritized_arbiter_unreal2_3.certificate.aag.json"",""/home/gperez/GIT-repos/acacia-bonsai/_bm-logs.gr1-par2-p0-replay-L0/controls/prioritized_arbiter_unreal2-n3/prioritized_arbiter_unreal2-n3-d5e385f8c0e7-3s_f8qal/generalizer/prioritized_arbiter_unreal2_3.game.aag"",""/home/gperez/GIT-repos/acacia-bonsai/_bm-logs.gr1-par2-p0-replay-L0/controls/prioritized_arbiter_unreal2-n3/prioritized_arbiter_unreal2-n3-d5e385f8c0e7-3s_f8qal/generalizer/prioritized_arbiter_unreal2_3.policy.aag""]"	0	VERIFIED	6225ae2350f0197984659269d99b906ad6a18466959a4e4dc89837f331edf5c9	0.178689186	1346830336
prioritized_arbiter_unreal2-n3	environment	3	P1	b43dcec2423dab04a5867c6891a7b824951dccb9524472a4a41e0ad54cd863c3	1	"[""/home/gperez/GIT-repos/tlsf-tools/build-P1-0435385/tlsfcertcheck"",""--method"",""certificate"",""--timeout"",""300"",""--node-cap"",""67108864"",""--json-out"",""/tmp/p1-attribution-m1vpw2rx/result-58-25422a1c.json"",""--certificate"",""/home/gperez/GIT-repos/acacia-bonsai/_bm-logs.gr1-par2-p0-replay-L0/controls/prioritized_arbiter_unreal2-n3/prioritized_arbiter_unreal2-n3-d5e385f8c0e7-3s_f8qal/generalizer/prioritized_arbiter_unreal2_3.certificate.aag"",""--certificate-json"",""/home/gperez/GIT-repos/acacia-bonsai/_bm-logs.gr1-par2-p0-replay-L0/controls/prioritized_arbiter_unreal2-n3/prioritized_arbiter_unreal2-n3-d5e385f8c0e7-3s_f8qal/generalizer/prioritized_arbiter_unreal2_3.certificate.aag.json"",""/home/gperez/GIT-repos/acacia-bonsai/_bm-logs.gr1-par2-p0-replay-L0/controls/prioritized_arbiter_unreal2-n3/prioritized_arbiter_unreal2-n3-d5e385f8c0e7-3s_f8qal/generalizer/prioritized_arbiter_unreal2_3.game.aag"",""/home/gperez/GIT-repos/acacia-bonsai/_bm-logs.gr1-par2-p0-replay-L0/controls/prioritized_arbiter_unreal2-n3/prioritized_arbiter_unreal2-n3-d5e385f8c0e7-3s_f8qal/generalizer/prioritized_arbiter_unreal2_3.policy.aag""]"	0	VERIFIED	f71cf236c5baff4c9f4baa775f906b348e11d96912c9ef7e4ff45000e9303265	0.184635711	1346576384
round_robin_arbiter_unreal2-n3	environment	3	L0	a7fffaa32b77cb5a13938ccfb02f7d93b6a31ec350d5f2da3e838a1574630d9d	1	"[""/home/gperez/GIT-repos/acacia-bonsai/subprojects/tlsf-tools/build-L0/tlsfcertcheck"",""--method"",""certificate"",""--timeout"",""300"",""--node-cap"",""67108864"",""--json-out"",""/tmp/p1-attribution-m1vpw2rx/result-59-37d7a31c.json"",""--certificate"",""/home/gperez/GIT-repos/acacia-bonsai/_bm-logs.gr1-par2-p0-replay-L0/controls/round_robin_arbiter_unreal2-n3/round_robin_arbiter_unreal2-n3-8097944faf56-u8tdh1im/generalizer/round_robin_arbiter_unreal2_3.certificate.aag"",""--certificate-json"",""/home/gperez/GIT-repos/acacia-bonsai/_bm-logs.gr1-par2-p0-replay-L0/controls/round_robin_arbiter_unreal2-n3/round_robin_arbiter_unreal2-n3-8097944faf56-u8tdh1im/generalizer/round_robin_arbiter_unreal2_3.certificate.aag.json"",""/home/gperez/GIT-repos/acacia-bonsai/_bm-logs.gr1-par2-p0-replay-L0/controls/round_robin_arbiter_unreal2-n3/round_robin_arbiter_unreal2-n3-8097944faf56-u8tdh1im/generalizer/round_robin_arbiter_unreal2_3.game.aag"",""/home/gperez/GIT-repos/acacia-bonsai/_bm-logs.gr1-par2-p0-replay-L0/controls/round_robin_arbiter_unreal2-n3/round_robin_arbiter_unreal2-n3-8097944faf56-u8tdh1im/generalizer/round_robin_arbiter_unreal2_3.policy.aag""]"	0	VERIFIED	8ac371d753873d9e24e275092779928bb622cfd164b699e61394255c1060c0e6	0.216945721	1350266880
round_robin_arbiter_unreal2-n3	environment	3	P1	b43dcec2423dab04a5867c6891a7b824951dccb9524472a4a41e0ad54cd863c3	1	"[""/home/gperez/GIT-repos/tlsf-tools/build-P1-0435385/tlsfcertcheck"",""--method"",""certificate"",""--timeout"",""300"",""--node-cap"",""67108864"",""--json-out"",""/tmp/p1-attribution-m1vpw2rx/result-60-30a910d2.json"",""--certificate"",""/home/gperez/GIT-repos/acacia-bonsai/_bm-logs.gr1-par2-p0-replay-L0/controls/round_robin_arbiter_unreal2-n3/round_robin_arbiter_unreal2-n3-8097944faf56-u8tdh1im/generalizer/round_robin_arbiter_unreal2_3.certificate.aag"",""--certificate-json"",""/home/gperez/GIT-repos/acacia-bonsai/_bm-logs.gr1-par2-p0-replay-L0/controls/round_robin_arbiter_unreal2-n3/round_robin_arbiter_unreal2-n3-8097944faf56-u8tdh1im/generalizer/round_robin_arbiter_unreal2_3.certificate.aag.json"",""/home/gperez/GIT-repos/acacia-bonsai/_bm-logs.gr1-par2-p0-replay-L0/controls/round_robin_arbiter_unreal2-n3/round_robin_arbiter_unreal2-n3-8097944faf56-u8tdh1im/generalizer/round_robin_arbiter_unreal2_3.game.aag"",""/home/gperez/GIT-repos/acacia-bonsai/_bm-logs.gr1-par2-p0-replay-L0/controls/round_robin_arbiter_unreal2-n3/round_robin_arbiter_unreal2-n3-8097944faf56-u8tdh1im/generalizer/round_robin_arbiter_unreal2_3.policy.aag""]"	0	VERIFIED	252cdd5b5d064470b8b2e11a6e90b7a6b19e5e76855b4fd6424808ec6ae7241b	0.220355773	1349177344
round_robin_arbiter_unreal2-n5	environment	5	L0	a7fffaa32b77cb5a13938ccfb02f7d93b6a31ec350d5f2da3e838a1574630d9d	1	"[""/home/gperez/GIT-repos/acacia-bonsai/subprojects/tlsf-tools/build-L0/tlsfcertcheck"",""--method"",""certificate"",""--timeout"",""300"",""--node-cap"",""67108864"",""--json-out"",""/tmp/p1-attribution-m1vpw2rx/result-61-7d438e58.json"",""--certificate"",""/home/gperez/GIT-repos/acacia-bonsai/_bm-logs.gr1-par2-p0-replay-L0/m6/round_robin_arbiter_unreal2-n5/round_robin_arbiter_unreal2-n5-5cbbde05b72d-vnyrdh4m/generalizer/round_robin_arbiter_unreal2_5.certificate.aag"",""--certificate-json"",""/home/gperez/GIT-repos/acacia-bonsai/_bm-logs.gr1-par2-p0-replay-L0/m6/round_robin_arbiter_unreal2-n5/round_robin_arbiter_unreal2-n5-5cbbde05b72d-vnyrdh4m/generalizer/round_robin_arbiter_unreal2_5.certificate.aag.json"",""/home/gperez/GIT-repos/acacia-bonsai/_bm-logs.gr1-par2-p0-replay-L0/m6/round_robin_arbiter_unreal2-n5/round_robin_arbiter_unreal2-n5-5cbbde05b72d-vnyrdh4m/generalizer/round_robin_arbiter_unreal2_5.game.aag"",""/home/gperez/GIT-repos/acacia-bonsai/_bm-logs.gr1-par2-p0-replay-L0/m6/round_robin_arbiter_unreal2-n5/round_robin_arbiter_unreal2-n5-5cbbde05b72d-vnyrdh4m/generalizer/round_robin_arbiter_unreal2_5.policy.aag""]"	0	VERIFIED	e0a56a0059e8fca50b9a83ffbe685824d74e866374e8e54eed1b31a672101fc3	1.020790821	1417629696
round_robin_arbiter_unreal2-n5	environment	5	P1	b43dcec2423dab04a5867c6891a7b824951dccb9524472a4a41e0ad54cd863c3	1	"[""/home/gperez/GIT-repos/tlsf-tools/build-P1-0435385/tlsfcertcheck"",""--method"",""certificate"",""--timeout"",""300"",""--node-cap"",""67108864"",""--json-out"",""/tmp/p1-attribution-m1vpw2rx/result-62-0348fc64.json"",""--certificate"",""/home/gperez/GIT-repos/acacia-bonsai/_bm-logs.gr1-par2-p0-replay-L0/m6/round_robin_arbiter_unreal2-n5/round_robin_arbiter_unreal2-n5-5cbbde05b72d-vnyrdh4m/generalizer/round_robin_arbiter_unreal2_5.certificate.aag"",""--certificate-json"",""/home/gperez/GIT-repos/acacia-bonsai/_bm-logs.gr1-par2-p0-replay-L0/m6/round_robin_arbiter_unreal2-n5/round_robin_arbiter_unreal2-n5-5cbbde05b72d-vnyrdh4m/generalizer/round_robin_arbiter_unreal2_5.certificate.aag.json"",""/home/gperez/GIT-repos/acacia-bonsai/_bm-logs.gr1-par2-p0-replay-L0/m6/round_robin_arbiter_unreal2-n5/round_robin_arbiter_unreal2-n5-5cbbde05b72d-vnyrdh4m/generalizer/round_robin_arbiter_unreal2_5.game.aag"",""/home/gperez/GIT-repos/acacia-bonsai/_bm-logs.gr1-par2-p0-replay-L0/m6/round_robin_arbiter_unreal2-n5/round_robin_arbiter_unreal2-n5-5cbbde05b72d-vnyrdh4m/generalizer/round_robin_arbiter_unreal2_5.policy.aag""]"	0	VERIFIED	e86f69790baaedf9e6306e1945cae6eb8aca8dfe1c8a92a45a377fdce0a374cd	1.017720073	1396678656
round_robin_arbiter_unreal2-n6	environment	6	L0	a7fffaa32b77cb5a13938ccfb02f7d93b6a31ec350d5f2da3e838a1574630d9d	1	"[""/home/gperez/GIT-repos/acacia-bonsai/subprojects/tlsf-tools/build-L0/tlsfcertcheck"",""--method"",""certificate"",""--timeout"",""300"",""--node-cap"",""67108864"",""--json-out"",""/tmp/p1-attribution-m1vpw2rx/result-63-35920731.json"",""--certificate"",""/home/gperez/GIT-repos/acacia-bonsai/_bm-logs.gr1-par2-p0-replay-L0/m6/round_robin_arbiter_unreal2-n6/round_robin_arbiter_unreal2-n6-3c89055d9f25-0imn9p3l/generalizer/round_robin_arbiter_unreal2_6.certificate.aag"",""--certificate-json"",""/home/gperez/GIT-repos/acacia-bonsai/_bm-logs.gr1-par2-p0-replay-L0/m6/round_robin_arbiter_unreal2-n6/round_robin_arbiter_unreal2-n6-3c89055d9f25-0imn9p3l/generalizer/round_robin_arbiter_unreal2_6.certificate.aag.json"",""/home/gperez/GIT-repos/acacia-bonsai/_bm-logs.gr1-par2-p0-replay-L0/m6/round_robin_arbiter_unreal2-n6/round_robin_arbiter_unreal2-n6-3c89055d9f25-0imn9p3l/generalizer/round_robin_arbiter_unreal2_6.game.aag"",""/home/gperez/GIT-repos/acacia-bonsai/_bm-logs.gr1-par2-p0-replay-L0/m6/round_robin_arbiter_unreal2-n6/round_robin_arbiter_unreal2-n6-3c89055d9f25-0imn9p3l/generalizer/round_robin_arbiter_unreal2_6.policy.aag""]"	0	VERIFIED	0dd47f317e908e5a43d23381a5c931fbb31dca27db69ecab20ff8d1cc2a4b735	3.883355580	1679491072
round_robin_arbiter_unreal2-n6	environment	6	P1	b43dcec2423dab04a5867c6891a7b824951dccb9524472a4a41e0ad54cd863c3	1	"[""/home/gperez/GIT-repos/tlsf-tools/build-P1-0435385/tlsfcertcheck"",""--method"",""certificate"",""--timeout"",""300"",""--node-cap"",""67108864"",""--json-out"",""/tmp/p1-attribution-m1vpw2rx/result-64-7e7f70ba.json"",""--certificate"",""/home/gperez/GIT-repos/acacia-bonsai/_bm-logs.gr1-par2-p0-replay-L0/m6/round_robin_arbiter_unreal2-n6/round_robin_arbiter_unreal2-n6-3c89055d9f25-0imn9p3l/generalizer/round_robin_arbiter_unreal2_6.certificate.aag"",""--certificate-json"",""/home/gperez/GIT-repos/acacia-bonsai/_bm-logs.gr1-par2-p0-replay-L0/m6/round_robin_arbiter_unreal2-n6/round_robin_arbiter_unreal2-n6-3c89055d9f25-0imn9p3l/generalizer/round_robin_arbiter_unreal2_6.certificate.aag.json"",""/home/gperez/GIT-repos/acacia-bonsai/_bm-logs.gr1-par2-p0-replay-L0/m6/round_robin_arbiter_unreal2-n6/round_robin_arbiter_unreal2-n6-3c89055d9f25-0imn9p3l/generalizer/round_robin_arbiter_unreal2_6.game.aag"",""/home/gperez/GIT-repos/acacia-bonsai/_bm-logs.gr1-par2-p0-replay-L0/m6/round_robin_arbiter_unreal2-n6/round_robin_arbiter_unreal2-n6-3c89055d9f25-0imn9p3l/generalizer/round_robin_arbiter_unreal2_6.policy.aag""]"	0	VERIFIED	7c99a065cedff19400a2d13e4c849974ecfd328e79e81beb3308bb3912d8a93c	4.091778093	1569153024
round_robin_arbiter_unreal2-n7	environment	7	L0	a7fffaa32b77cb5a13938ccfb02f7d93b6a31ec350d5f2da3e838a1574630d9d	1	"[""/home/gperez/GIT-repos/acacia-bonsai/subprojects/tlsf-tools/build-L0/tlsfcertcheck"",""--method"",""certificate"",""--timeout"",""300"",""--node-cap"",""67108864"",""--json-out"",""/tmp/p1-attribution-m1vpw2rx/result-65-558b23de.json"",""--certificate"",""/home/gperez/GIT-repos/acacia-bonsai/_bm-logs.gr1-par2-p0-replay-L0/m6/round_robin_arbiter_unreal2-n7/round_robin_arbiter_unreal2-n7-4a8dd5ddc20c-1g8f5r5o/generalizer/round_robin_arbiter_unreal2_7.certificate.aag"",""--certificate-json"",""/home/gperez/GIT-repos/acacia-bonsai/_bm-logs.gr1-par2-p0-replay-L0/m6/round_robin_arbiter_unreal2-n7/round_robin_arbiter_unreal2-n7-4a8dd5ddc20c-1g8f5r5o/generalizer/round_robin_arbiter_unreal2_7.certificate.aag.json"",""/home/gperez/GIT-repos/acacia-bonsai/_bm-logs.gr1-par2-p0-replay-L0/m6/round_robin_arbiter_unreal2-n7/round_robin_arbiter_unreal2-n7-4a8dd5ddc20c-1g8f5r5o/generalizer/round_robin_arbiter_unreal2_7.game.aag"",""/home/gperez/GIT-repos/acacia-bonsai/_bm-logs.gr1-par2-p0-replay-L0/m6/round_robin_arbiter_unreal2-n7/round_robin_arbiter_unreal2-n7-4a8dd5ddc20c-1g8f5r5o/generalizer/round_robin_arbiter_unreal2_7.policy.aag""]"	0	VERIFIED	e0e42d9d05e164dfb8749ea244e5092756351995e0d5ea1315e36402f910bc15	17.991013362	2833215488
round_robin_arbiter_unreal2-n7	environment	7	P1	b43dcec2423dab04a5867c6891a7b824951dccb9524472a4a41e0ad54cd863c3	1	"[""/home/gperez/GIT-repos/tlsf-tools/build-P1-0435385/tlsfcertcheck"",""--method"",""certificate"",""--timeout"",""300"",""--node-cap"",""67108864"",""--json-out"",""/tmp/p1-attribution-m1vpw2rx/result-66-2c16ecf8.json"",""--certificate"",""/home/gperez/GIT-repos/acacia-bonsai/_bm-logs.gr1-par2-p0-replay-L0/m6/round_robin_arbiter_unreal2-n7/round_robin_arbiter_unreal2-n7-4a8dd5ddc20c-1g8f5r5o/generalizer/round_robin_arbiter_unreal2_7.certificate.aag"",""--certificate-json"",""/home/gperez/GIT-repos/acacia-bonsai/_bm-logs.gr1-par2-p0-replay-L0/m6/round_robin_arbiter_unreal2-n7/round_robin_arbiter_unreal2-n7-4a8dd5ddc20c-1g8f5r5o/generalizer/round_robin_arbiter_unreal2_7.certificate.aag.json"",""/home/gperez/GIT-repos/acacia-bonsai/_bm-logs.gr1-par2-p0-replay-L0/m6/round_robin_arbiter_unreal2-n7/round_robin_arbiter_unreal2-n7-4a8dd5ddc20c-1g8f5r5o/generalizer/round_robin_arbiter_unreal2_7.game.aag"",""/home/gperez/GIT-repos/acacia-bonsai/_bm-logs.gr1-par2-p0-replay-L0/m6/round_robin_arbiter_unreal2-n7/round_robin_arbiter_unreal2-n7-4a8dd5ddc20c-1g8f5r5o/generalizer/round_robin_arbiter_unreal2_7.policy.aag""]"	0	VERIFIED	eea96a775296af23b820c76fc1dc371f69b9148c694b33e7ab210cf11e0ce6af	19.975685471	2389524480
amba_decomposed_lock-n15	system	15	P1	b43dcec2423dab04a5867c6891a7b824951dccb9524472a4a41e0ad54cd863c3	2	"[""/home/gperez/GIT-repos/tlsf-tools/build-P1-0435385/tlsfcertcheck"",""--method"",""auto"",""--timeout"",""300"",""--node-cap"",""67108864"",""--json-out"",""/tmp/p1-attribution-m1vpw2rx/result-67-d3db4dff.json"",""--certificate"",""/home/gperez/GIT-repos/acacia-bonsai/_bm-logs.gr1-par2-p0-replay-L0/m6/amba_decomposed_lock-n15/amba_decomposed_lock-n15-8ce79bbbd57f-pbyegix9/generalizer/amba_decomposed_lock_15.certificate.aag"",""--certificate-json"",""/home/gperez/GIT-repos/acacia-bonsai/_bm-logs.gr1-par2-p0-replay-L0/m6/amba_decomposed_lock-n15/amba_decomposed_lock-n15-8ce79bbbd57f-pbyegix9/generalizer/amba_decomposed_lock_15.certificate.aag.json"",""/home/gperez/GIT-repos/acacia-bonsai/_bm-logs.gr1-par2-p0-replay-L0/m6/amba_decomposed_lock-n15/amba_decomposed_lock-n15-8ce79bbbd57f-pbyegix9/generalizer/amba_decomposed_lock_15.game.aag"",""/home/gperez/GIT-repos/acacia-bonsai/_bm-logs.gr1-par2-p0-replay-L0/m6/amba_decomposed_lock-n15/amba_decomposed_lock-n15-8ce79bbbd57f-pbyegix9/generalizer/amba_decomposed_lock_15.policy.aag""]"	0	VERIFIED	b09a07d7e7257614ca8a0d4655e41c3f305b0e79d9cc3249ec49ff9bf31d8e2a	8.721251094	1918832640
amba_decomposed_lock-n15	system	15	L0	a7fffaa32b77cb5a13938ccfb02f7d93b6a31ec350d5f2da3e838a1574630d9d	2	"[""/home/gperez/GIT-repos/acacia-bonsai/subprojects/tlsf-tools/build-L0/tlsfcertcheck"",""--method"",""auto"",""--timeout"",""300"",""--node-cap"",""67108864"",""--json-out"",""/tmp/p1-attribution-m1vpw2rx/result-68-8f3b3440.json"",""--certificate"",""/home/gperez/GIT-repos/acacia-bonsai/_bm-logs.gr1-par2-p0-replay-L0/m6/amba_decomposed_lock-n15/amba_decomposed_lock-n15-8ce79bbbd57f-pbyegix9/generalizer/amba_decomposed_lock_15.certificate.aag"",""--certificate-json"",""/home/gperez/GIT-repos/acacia-bonsai/_bm-logs.gr1-par2-p0-replay-L0/m6/amba_decomposed_lock-n15/amba_decomposed_lock-n15-8ce79bbbd57f-pbyegix9/generalizer/amba_decomposed_lock_15.certificate.aag.json"",""/home/gperez/GIT-repos/acacia-bonsai/_bm-logs.gr1-par2-p0-replay-L0/m6/amba_decomposed_lock-n15/amba_decomposed_lock-n15-8ce79bbbd57f-pbyegix9/generalizer/amba_decomposed_lock_15.game.aag"",""/home/gperez/GIT-repos/acacia-bonsai/_bm-logs.gr1-par2-p0-replay-L0/m6/amba_decomposed_lock-n15/amba_decomposed_lock-n15-8ce79bbbd57f-pbyegix9/generalizer/amba_decomposed_lock_15.policy.aag""]"	0	VERIFIED	76d374036cf6593e072c490bbb722836f0fd6622f634eae5800d4843c39f7c46	7.714022476	1933291520
arbiter-n5	system	5	P1	b43dcec2423dab04a5867c6891a7b824951dccb9524472a4a41e0ad54cd863c3	2	"[""/home/gperez/GIT-repos/tlsf-tools/build-P1-0435385/tlsfcertcheck"",""--method"",""auto"",""--timeout"",""300"",""--node-cap"",""16777216"",""--json-out"",""/tmp/p1-attribution-m1vpw2rx/result-69-875ed3d8.json"",""--certificate"",""/home/gperez/GIT-repos/acacia-bonsai/_bm-logs.gr1-par2-p0-replay-L0/controls/arbiter-n5/arbiter-n5-4279f0a2c499-81od1v40/generalizer/arbiter_5.certificate.aag"",""--certificate-json"",""/home/gperez/GIT-repos/acacia-bonsai/_bm-logs.gr1-par2-p0-replay-L0/controls/arbiter-n5/arbiter-n5-4279f0a2c499-81od1v40/generalizer/arbiter_5.certificate.aag.json"",""/home/gperez/GIT-repos/acacia-bonsai/_bm-logs.gr1-par2-p0-replay-L0/controls/arbiter-n5/arbiter-n5-4279f0a2c499-81od1v40/generalizer/arbiter_5.game.aag"",""/home/gperez/GIT-repos/acacia-bonsai/_bm-logs.gr1-par2-p0-replay-L0/controls/arbiter-n5/arbiter-n5-4279f0a2c499-81od1v40/generalizer/arbiter_5.policy.aag""]"	0	VERIFIED	e555b36163c1ae3f21790aed51aad48c54fbba9ed51582e51ba9520ad5ad5d85	0.107506818	342134784
arbiter-n5	system	5	L0	a7fffaa32b77cb5a13938ccfb02f7d93b6a31ec350d5f2da3e838a1574630d9d	2	"[""/home/gperez/GIT-repos/acacia-bonsai/subprojects/tlsf-tools/build-L0/tlsfcertcheck"",""--method"",""auto"",""--timeout"",""300"",""--node-cap"",""16777216"",""--json-out"",""/tmp/p1-attribution-m1vpw2rx/result-70-ad565ed6.json"",""--certificate"",""/home/gperez/GIT-repos/acacia-bonsai/_bm-logs.gr1-par2-p0-replay-L0/controls/arbiter-n5/arbiter-n5-4279f0a2c499-81od1v40/generalizer/arbiter_5.certificate.aag"",""--certificate-json"",""/home/gperez/GIT-repos/acacia-bonsai/_bm-logs.gr1-par2-p0-replay-L0/controls/arbiter-n5/arbiter-n5-4279f0a2c499-81od1v40/generalizer/arbiter_5.certificate.aag.json"",""/home/gperez/GIT-repos/acacia-bonsai/_bm-logs.gr1-par2-p0-replay-L0/controls/arbiter-n5/arbiter-n5-4279f0a2c499-81od1v40/generalizer/arbiter_5.game.aag"",""/home/gperez/GIT-repos/acacia-bonsai/_bm-logs.gr1-par2-p0-replay-L0/controls/arbiter-n5/arbiter-n5-4279f0a2c499-81od1v40/generalizer/arbiter_5.policy.aag""]"	0	VERIFIED	862f38d522de0dda8b49fdf4c3121266732647e2e779fa28554f86295d7e3fd5	0.124247404	347791360
arbiter-n6	system	6	P1	b43dcec2423dab04a5867c6891a7b824951dccb9524472a4a41e0ad54cd863c3	2	"[""/home/gperez/GIT-repos/tlsf-tools/build-P1-0435385/tlsfcertcheck"",""--method"",""auto"",""--timeout"",""300"",""--node-cap"",""33554432"",""--json-out"",""/tmp/p1-attribution-m1vpw2rx/result-71-ad84432a.json"",""--certificate"",""/home/gperez/GIT-repos/acacia-bonsai/_bm-logs.gr1-par2-p0-replay-L0/m6/arbiter-n6/arbiter-n6-3b5f69197f7b-53so173f/generalizer/arbiter_6.certificate.aag"",""--certificate-json"",""/home/gperez/GIT-repos/acacia-bonsai/_bm-logs.gr1-par2-p0-replay-L0/m6/arbiter-n6/arbiter-n6-3b5f69197f7b-53so173f/generalizer/arbiter_6.certificate.aag.json"",""/home/gperez/GIT-repos/acacia-bonsai/_bm-logs.gr1-par2-p0-replay-L0/m6/arbiter-n6/arbiter-n6-3b5f69197f7b-53so173f/generalizer/arbiter_6.game.aag"",""/home/gperez/GIT-repos/acacia-bonsai/_bm-logs.gr1-par2-p0-replay-L0/m6/arbiter-n6/arbiter-n6-3b5f69197f7b-53so173f/generalizer/arbiter_6.policy.aag""]"	0	VERIFIED	4e5cd02a9742a82b876a05875c218ec11a2b6c38bb4381af9b4caddc934eae57	0.176274130	681046016
arbiter-n6	system	6	L0	a7fffaa32b77cb5a13938ccfb02f7d93b6a31ec350d5f2da3e838a1574630d9d	2	"[""/home/gperez/GIT-repos/acacia-bonsai/subprojects/tlsf-tools/build-L0/tlsfcertcheck"",""--method"",""auto"",""--timeout"",""300"",""--node-cap"",""33554432"",""--json-out"",""/tmp/p1-attribution-m1vpw2rx/result-72-aab8413e.json"",""--certificate"",""/home/gperez/GIT-repos/acacia-bonsai/_bm-logs.gr1-par2-p0-replay-L0/m6/arbiter-n6/arbiter-n6-3b5f69197f7b-53so173f/generalizer/arbiter_6.certificate.aag"",""--certificate-json"",""/home/gperez/GIT-repos/acacia-bonsai/_bm-logs.gr1-par2-p0-replay-L0/m6/arbiter-n6/arbiter-n6-3b5f69197f7b-53so173f/generalizer/arbiter_6.certificate.aag.json"",""/home/gperez/GIT-repos/acacia-bonsai/_bm-logs.gr1-par2-p0-replay-L0/m6/arbiter-n6/arbiter-n6-3b5f69197f7b-53so173f/generalizer/arbiter_6.game.aag"",""/home/gperez/GIT-repos/acacia-bonsai/_bm-logs.gr1-par2-p0-replay-L0/m6/arbiter-n6/arbiter-n6-3b5f69197f7b-53so173f/generalizer/arbiter_6.policy.aag""]"	0	VERIFIED	bd6f4807885412adf7377ad70a70286711ea28e852ff125c50613c3378a84d3c	0.224318588	693276672
arbiter-n7	system	7	P1	b43dcec2423dab04a5867c6891a7b824951dccb9524472a4a41e0ad54cd863c3	2	"[""/home/gperez/GIT-repos/tlsf-tools/build-P1-0435385/tlsfcertcheck"",""--method"",""auto"",""--timeout"",""300"",""--node-cap"",""33554432"",""--json-out"",""/tmp/p1-attribution-m1vpw2rx/result-73-a4638dcc.json"",""--certificate"",""/home/gperez/GIT-repos/acacia-bonsai/_bm-logs.gr1-par2-p0-replay-L0/m6/arbiter-n7/arbiter-n7-8523516d46e6-x1hkzfo4/generalizer/arbiter_7.certificate.aag"",""--certificate-json"",""/home/gperez/GIT-repos/acacia-bonsai/_bm-logs.gr1-par2-p0-replay-L0/m6/arbiter-n7/arbiter-n7-8523516d46e6-x1hkzfo4/generalizer/arbiter_7.certificate.aag.json"",""/home/gperez/GIT-repos/acacia-bonsai/_bm-logs.gr1-par2-p0-replay-L0/m6/arbiter-n7/arbiter-n7-8523516d46e6-x1hkzfo4/generalizer/arbiter_7.game.aag"",""/home/gperez/GIT-repos/acacia-bonsai/_bm-logs.gr1-par2-p0-replay-L0/m6/arbiter-n7/arbiter-n7-8523516d46e6-x1hkzfo4/generalizer/arbiter_7.policy.aag""]"	0	VERIFIED	28ef6ce30a29d712661e7961d4ac79e9016295928f3b9cc4d842ceab0c16e41d	0.229310116	686784512
arbiter-n7	system	7	L0	a7fffaa32b77cb5a13938ccfb02f7d93b6a31ec350d5f2da3e838a1574630d9d	2	"[""/home/gperez/GIT-repos/acacia-bonsai/subprojects/tlsf-tools/build-L0/tlsfcertcheck"",""--method"",""auto"",""--timeout"",""300"",""--node-cap"",""33554432"",""--json-out"",""/tmp/p1-attribution-m1vpw2rx/result-74-c177d2db.json"",""--certificate"",""/home/gperez/GIT-repos/acacia-bonsai/_bm-logs.gr1-par2-p0-replay-L0/m6/arbiter-n7/arbiter-n7-8523516d46e6-x1hkzfo4/generalizer/arbiter_7.certificate.aag"",""--certificate-json"",""/home/gperez/GIT-repos/acacia-bonsai/_bm-logs.gr1-par2-p0-replay-L0/m6/arbiter-n7/arbiter-n7-8523516d46e6-x1hkzfo4/generalizer/arbiter_7.certificate.aag.json"",""/home/gperez/GIT-repos/acacia-bonsai/_bm-logs.gr1-par2-p0-replay-L0/m6/arbiter-n7/arbiter-n7-8523516d46e6-x1hkzfo4/generalizer/arbiter_7.game.aag"",""/home/gperez/GIT-repos/acacia-bonsai/_bm-logs.gr1-par2-p0-replay-L0/m6/arbiter-n7/arbiter-n7-8523516d46e6-x1hkzfo4/generalizer/arbiter_7.policy.aag""]"	0	VERIFIED	ac6143d81b167a595e957124519404a42982c346cd7eb2c965de57536aa74b85	0.352487349	710148096
arbiter-n8	system	8	P1	b43dcec2423dab04a5867c6891a7b824951dccb9524472a4a41e0ad54cd863c3	2	"[""/home/gperez/GIT-repos/tlsf-tools/build-P1-0435385/tlsfcertcheck"",""--method"",""auto"",""--timeout"",""300"",""--node-cap"",""33554432"",""--json-out"",""/tmp/p1-attribution-m1vpw2rx/result-75-079d63bc.json"",""--certificate"",""/home/gperez/GIT-repos/acacia-bonsai/_bm-logs.gr1-par2-p0-replay-L0/m6/arbiter-n8/arbiter-n8-c0e08180ff71-l78vulc1/generalizer/arbiter_8.certificate.aag"",""--certificate-json"",""/home/gperez/GIT-repos/acacia-bonsai/_bm-logs.gr1-par2-p0-replay-L0/m6/arbiter-n8/arbiter-n8-c0e08180ff71-l78vulc1/generalizer/arbiter_8.certificate.aag.json"",""/home/gperez/GIT-repos/acacia-bonsai/_bm-logs.gr1-par2-p0-replay-L0/m6/arbiter-n8/arbiter-n8-c0e08180ff71-l78vulc1/generalizer/arbiter_8.game.aag"",""/home/gperez/GIT-repos/acacia-bonsai/_bm-logs.gr1-par2-p0-replay-L0/m6/arbiter-n8/arbiter-n8-c0e08180ff71-l78vulc1/generalizer/arbiter_8.policy.aag""]"	0	VERIFIED	2b4f2c1afa4a84919da49609423247694182426d6d4871409a3ccb72cedd0d8c	0.319360958	692871168
arbiter-n8	system	8	L0	a7fffaa32b77cb5a13938ccfb02f7d93b6a31ec350d5f2da3e838a1574630d9d	2	"[""/home/gperez/GIT-repos/acacia-bonsai/subprojects/tlsf-tools/build-L0/tlsfcertcheck"",""--method"",""auto"",""--timeout"",""300"",""--node-cap"",""33554432"",""--json-out"",""/tmp/p1-attribution-m1vpw2rx/result-76-2f2067c4.json"",""--certificate"",""/home/gperez/GIT-repos/acacia-bonsai/_bm-logs.gr1-par2-p0-replay-L0/m6/arbiter-n8/arbiter-n8-c0e08180ff71-l78vulc1/generalizer/arbiter_8.certificate.aag"",""--certificate-json"",""/home/gperez/GIT-repos/acacia-bonsai/_bm-logs.gr1-par2-p0-replay-L0/m6/arbiter-n8/arbiter-n8-c0e08180ff71-l78vulc1/generalizer/arbiter_8.certificate.aag.json"",""/home/gperez/GIT-repos/acacia-bonsai/_bm-logs.gr1-par2-p0-replay-L0/m6/arbiter-n8/arbiter-n8-c0e08180ff71-l78vulc1/generalizer/arbiter_8.game.aag"",""/home/gperez/GIT-repos/acacia-bonsai/_bm-logs.gr1-par2-p0-replay-L0/m6/arbiter-n8/arbiter-n8-c0e08180ff71-l78vulc1/generalizer/arbiter_8.policy.aag""]"	0	VERIFIED	c6ae4ae0cdcc7edc789964d378973fddff0628c1644d4e4689f15c0659cf84ab	0.615270059	745037824
arbiter-n9	system	9	P1	b43dcec2423dab04a5867c6891a7b824951dccb9524472a4a41e0ad54cd863c3	2	"[""/home/gperez/GIT-repos/tlsf-tools/build-P1-0435385/tlsfcertcheck"",""--method"",""auto"",""--timeout"",""300"",""--node-cap"",""33554432"",""--json-out"",""/tmp/p1-attribution-m1vpw2rx/result-77-78594139.json"",""--certificate"",""/home/gperez/GIT-repos/acacia-bonsai/_bm-logs.gr1-par2-p0-replay-L0/m6/arbiter-n9/arbiter-n9-f5d027112e99-zdagxpkh/generalizer/arbiter_9.certificate.aag"",""--certificate-json"",""/home/gperez/GIT-repos/acacia-bonsai/_bm-logs.gr1-par2-p0-replay-L0/m6/arbiter-n9/arbiter-n9-f5d027112e99-zdagxpkh/generalizer/arbiter_9.certificate.aag.json"",""/home/gperez/GIT-repos/acacia-bonsai/_bm-logs.gr1-par2-p0-replay-L0/m6/arbiter-n9/arbiter-n9-f5d027112e99-zdagxpkh/generalizer/arbiter_9.game.aag"",""/home/gperez/GIT-repos/acacia-bonsai/_bm-logs.gr1-par2-p0-replay-L0/m6/arbiter-n9/arbiter-n9-f5d027112e99-zdagxpkh/generalizer/arbiter_9.policy.aag""]"	0	VERIFIED	ca1fd85c1b8bf1c3cd96d145c0750fce2361abba0b628af7ee839a6f2f7d844c	0.463435720	707575808
arbiter-n9	system	9	L0	a7fffaa32b77cb5a13938ccfb02f7d93b6a31ec350d5f2da3e838a1574630d9d	2	"[""/home/gperez/GIT-repos/acacia-bonsai/subprojects/tlsf-tools/build-L0/tlsfcertcheck"",""--method"",""auto"",""--timeout"",""300"",""--node-cap"",""33554432"",""--json-out"",""/tmp/p1-attribution-m1vpw2rx/result-78-92920802.json"",""--certificate"",""/home/gperez/GIT-repos/acacia-bonsai/_bm-logs.gr1-par2-p0-replay-L0/m6/arbiter-n9/arbiter-n9-f5d027112e99-zdagxpkh/generalizer/arbiter_9.certificate.aag"",""--certificate-json"",""/home/gperez/GIT-repos/acacia-bonsai/_bm-logs.gr1-par2-p0-replay-L0/m6/arbiter-n9/arbiter-n9-f5d027112e99-zdagxpkh/generalizer/arbiter_9.certificate.aag.json"",""/home/gperez/GIT-repos/acacia-bonsai/_bm-logs.gr1-par2-p0-replay-L0/m6/arbiter-n9/arbiter-n9-f5d027112e99-zdagxpkh/generalizer/arbiter_9.game.aag"",""/home/gperez/GIT-repos/acacia-bonsai/_bm-logs.gr1-par2-p0-replay-L0/m6/arbiter-n9/arbiter-n9-f5d027112e99-zdagxpkh/generalizer/arbiter_9.policy.aag""]"	0	VERIFIED	5e74dd3467c53ee21a908b762b25aa553cc34cb5eae15f0f712e45f40571ca69	1.200080865	808853504
arbiter-n10	system	10	P1	b43dcec2423dab04a5867c6891a7b824951dccb9524472a4a41e0ad54cd863c3	2	"[""/home/gperez/GIT-repos/tlsf-tools/build-P1-0435385/tlsfcertcheck"",""--method"",""auto"",""--timeout"",""300"",""--node-cap"",""33554432"",""--json-out"",""/tmp/p1-attribution-m1vpw2rx/result-79-8058a51f.json"",""--certificate"",""/home/gperez/GIT-repos/acacia-bonsai/_bm-logs.gr1-par2-p0-replay-L0/m6/arbiter-n10/arbiter-n10-828d51ba853f-zapkrpv7/generalizer/arbiter_10.certificate.aag"",""--certificate-json"",""/home/gperez/GIT-repos/acacia-bonsai/_bm-logs.gr1-par2-p0-replay-L0/m6/arbiter-n10/arbiter-n10-828d51ba853f-zapkrpv7/generalizer/arbiter_10.certificate.aag.json"",""/home/gperez/GIT-repos/acacia-bonsai/_bm-logs.gr1-par2-p0-replay-L0/m6/arbiter-n10/arbiter-n10-828d51ba853f-zapkrpv7/generalizer/arbiter_10.game.aag"",""/home/gperez/GIT-repos/acacia-bonsai/_bm-logs.gr1-par2-p0-replay-L0/m6/arbiter-n10/arbiter-n10-828d51ba853f-zapkrpv7/generalizer/arbiter_10.policy.aag""]"	0	VERIFIED	62c3f37d94d9f344eb6bd51c6e6b3709ffa4acfc54e99145d5160b8aef0d4000	0.743376405	731353088
arbiter-n10	system	10	L0	a7fffaa32b77cb5a13938ccfb02f7d93b6a31ec350d5f2da3e838a1574630d9d	2	"[""/home/gperez/GIT-repos/acacia-bonsai/subprojects/tlsf-tools/build-L0/tlsfcertcheck"",""--method"",""auto"",""--timeout"",""300"",""--node-cap"",""33554432"",""--json-out"",""/tmp/p1-attribution-m1vpw2rx/result-80-7d53fb51.json"",""--certificate"",""/home/gperez/GIT-repos/acacia-bonsai/_bm-logs.gr1-par2-p0-replay-L0/m6/arbiter-n10/arbiter-n10-828d51ba853f-zapkrpv7/generalizer/arbiter_10.certificate.aag"",""--certificate-json"",""/home/gperez/GIT-repos/acacia-bonsai/_bm-logs.gr1-par2-p0-replay-L0/m6/arbiter-n10/arbiter-n10-828d51ba853f-zapkrpv7/generalizer/arbiter_10.certificate.aag.json"",""/home/gperez/GIT-repos/acacia-bonsai/_bm-logs.gr1-par2-p0-replay-L0/m6/arbiter-n10/arbiter-n10-828d51ba853f-zapkrpv7/generalizer/arbiter_10.game.aag"",""/home/gperez/GIT-repos/acacia-bonsai/_bm-logs.gr1-par2-p0-replay-L0/m6/arbiter-n10/arbiter-n10-828d51ba853f-zapkrpv7/generalizer/arbiter_10.policy.aag""]"	0	VERIFIED	51d527cfc5d09a655de4fd8a1181133fbbf8eb6167d6fa79787133d17b6908db	2.459118626	941330432
arbiter_on_inpchange-n5	system	5	P1	b43dcec2423dab04a5867c6891a7b824951dccb9524472a4a41e0ad54cd863c3	2	"[""/home/gperez/GIT-repos/tlsf-tools/build-P1-0435385/tlsfcertcheck"",""--method"",""auto"",""--timeout"",""300"",""--node-cap"",""16777216"",""--json-out"",""/tmp/p1-attribution-m1vpw2rx/result-81-211c8c13.json"",""--certificate"",""/home/gperez/GIT-repos/acacia-bonsai/_bm-logs.gr1-par2-p0-replay-L0/m6/arbiter_on_inpchange-n5/arbiter_on_inpchange-n5-5df9b1c23485-lgc4p1yl/generalizer/arbiter_on_inpchange_5.certificate.aag"",""--certificate-json"",""/home/gperez/GIT-repos/acacia-bonsai/_bm-logs.gr1-par2-p0-replay-L0/m6/arbiter_on_inpchange-n5/arbiter_on_inpchange-n5-5df9b1c23485-lgc4p1yl/generalizer/arbiter_on_inpchange_5.certificate.aag.json"",""/home/gperez/GIT-repos/acacia-bonsai/_bm-logs.gr1-par2-p0-replay-L0/m6/arbiter_on_inpchange-n5/arbiter_on_inpchange-n5-5df9b1c23485-lgc4p1yl/generalizer/arbiter_on_inpchange_5.game.aag"",""/home/gperez/GIT-repos/acacia-bonsai/_bm-logs.gr1-par2-p0-replay-L0/m6/arbiter_on_inpchange-n5/arbiter_on_inpchange-n5-5df9b1c23485-lgc4p1yl/generalizer/arbiter_on_inpchange_5.policy.aag""]"	0	VERIFIED	157942b7ea68a9e11087b6434ed88d5350aef760759e7975ee45fc8262b7588f	3.163818298	573595648
arbiter_on_inpchange-n5	system	5	L0	a7fffaa32b77cb5a13938ccfb02f7d93b6a31ec350d5f2da3e838a1574630d9d	2	"[""/home/gperez/GIT-repos/acacia-bonsai/subprojects/tlsf-tools/build-L0/tlsfcertcheck"",""--method"",""auto"",""--timeout"",""300"",""--node-cap"",""16777216"",""--json-out"",""/tmp/p1-attribution-m1vpw2rx/result-82-602f3a3f.json"",""--certificate"",""/home/gperez/GIT-repos/acacia-bonsai/_bm-logs.gr1-par2-p0-replay-L0/m6/arbiter_on_inpchange-n5/arbiter_on_inpchange-n5-5df9b1c23485-lgc4p1yl/generalizer/arbiter_on_inpchange_5.certificate.aag"",""--certificate-json"",""/home/gperez/GIT-repos/acacia-bonsai/_bm-logs.gr1-par2-p0-replay-L0/m6/arbiter_on_inpchange-n5/arbiter_on_inpchange-n5-5df9b1c23485-lgc4p1yl/generalizer/arbiter_on_inpchange_5.certificate.aag.json"",""/home/gperez/GIT-repos/acacia-bonsai/_bm-logs.gr1-par2-p0-replay-L0/m6/arbiter_on_inpchange-n5/arbiter_on_inpchange-n5-5df9b1c23485-lgc4p1yl/generalizer/arbiter_on_inpchange_5.game.aag"",""/home/gperez/GIT-repos/acacia-bonsai/_bm-logs.gr1-par2-p0-replay-L0/m6/arbiter_on_inpchange-n5/arbiter_on_inpchange-n5-5df9b1c23485-lgc4p1yl/generalizer/arbiter_on_inpchange_5.policy.aag""]"	0	VERIFIED	3d39be74d9f8348f1279298084fd62b05a406229f64399a0fc427f429da2863d	6.208487447	696172544
arbiter_on_inpchange-n6	system	6	P1	b43dcec2423dab04a5867c6891a7b824951dccb9524472a4a41e0ad54cd863c3	2	"[""/home/gperez/GIT-repos/tlsf-tools/build-P1-0435385/tlsfcertcheck"",""--method"",""auto"",""--timeout"",""300"",""--node-cap"",""33554432"",""--json-out"",""/tmp/p1-attribution-m1vpw2rx/result-83-0619a6b4.json"",""--certificate"",""/home/gperez/GIT-repos/acacia-bonsai/_bm-logs.gr1-par2-p0-replay-L0/m6/arbiter_on_inpchange-n6/arbiter_on_inpchange-n6-22d7e27e902d-sgo65rpf/generalizer/arbiter_on_inpchange_6.certificate.aag"",""--certificate-json"",""/home/gperez/GIT-repos/acacia-bonsai/_bm-logs.gr1-par2-p0-replay-L0/m6/arbiter_on_inpchange-n6/arbiter_on_inpchange-n6-22d7e27e902d-sgo65rpf/generalizer/arbiter_on_inpchange_6.certificate.aag.json"",""/home/gperez/GIT-repos/acacia-bonsai/_bm-logs.gr1-par2-p0-replay-L0/m6/arbiter_on_inpchange-n6/arbiter_on_inpchange-n6-22d7e27e902d-sgo65rpf/generalizer/arbiter_on_inpchange_6.game.aag"",""/home/gperez/GIT-repos/acacia-bonsai/_bm-logs.gr1-par2-p0-replay-L0/m6/arbiter_on_inpchange-n6/arbiter_on_inpchange-n6-22d7e27e902d-sgo65rpf/generalizer/arbiter_on_inpchange_6.policy.aag""]"	0	VERIFIED	97aa1f1df3b9748e058c741c53dc2b6df0fa2374835f679c0bd62cf95d0da26f	12.367846596	1426677760
arbiter_on_inpchange-n6	system	6	L0	a7fffaa32b77cb5a13938ccfb02f7d93b6a31ec350d5f2da3e838a1574630d9d	2	"[""/home/gperez/GIT-repos/acacia-bonsai/subprojects/tlsf-tools/build-L0/tlsfcertcheck"",""--method"",""auto"",""--timeout"",""300"",""--node-cap"",""33554432"",""--json-out"",""/tmp/p1-attribution-m1vpw2rx/result-84-f0907875.json"",""--certificate"",""/home/gperez/GIT-repos/acacia-bonsai/_bm-logs.gr1-par2-p0-replay-L0/m6/arbiter_on_inpchange-n6/arbiter_on_inpchange-n6-22d7e27e902d-sgo65rpf/generalizer/arbiter_on_inpchange_6.certificate.aag"",""--certificate-json"",""/home/gperez/GIT-repos/acacia-bonsai/_bm-logs.gr1-par2-p0-replay-L0/m6/arbiter_on_inpchange-n6/arbiter_on_inpchange-n6-22d7e27e902d-sgo65rpf/generalizer/arbiter_on_inpchange_6.certificate.aag.json"",""/home/gperez/GIT-repos/acacia-bonsai/_bm-logs.gr1-par2-p0-replay-L0/m6/arbiter_on_inpchange-n6/arbiter_on_inpchange-n6-22d7e27e902d-sgo65rpf/generalizer/arbiter_on_inpchange_6.game.aag"",""/home/gperez/GIT-repos/acacia-bonsai/_bm-logs.gr1-par2-p0-replay-L0/m6/arbiter_on_inpchange-n6/arbiter_on_inpchange-n6-22d7e27e902d-sgo65rpf/generalizer/arbiter_on_inpchange_6.policy.aag""]"	0	VERIFIED	d76e3c6f943247fb19b04544712ddedd934de22f629daff28b1424f6bea4d9fb	36.216224824	1749598208
arbiter_on_inpchange-n7	system	7	P1	b43dcec2423dab04a5867c6891a7b824951dccb9524472a4a41e0ad54cd863c3	2	"[""/home/gperez/GIT-repos/tlsf-tools/build-P1-0435385/tlsfcertcheck"",""--method"",""auto"",""--timeout"",""300"",""--node-cap"",""33554432"",""--json-out"",""/tmp/p1-attribution-m1vpw2rx/result-85-81ae000a.json"",""--certificate"",""/home/gperez/GIT-repos/acacia-bonsai/_bm-logs.gr1-par2-s0-run1/runs/arbiter_on_inpchange-n7/arbiter_on_inpchange-n7-2552fd1b7fd4-7lfoqu7s/generalizer/arbiter_on_inpchange_7.certificate.aag"",""--certificate-json"",""/home/gperez/GIT-repos/acacia-bonsai/_bm-logs.gr1-par2-s0-run1/runs/arbiter_on_inpchange-n7/arbiter_on_inpchange-n7-2552fd1b7fd4-7lfoqu7s/generalizer/arbiter_on_inpchange_7.certificate.aag.json"",""/home/gperez/GIT-repos/acacia-bonsai/_bm-logs.gr1-par2-s0-run1/runs/arbiter_on_inpchange-n7/arbiter_on_inpchange-n7-2552fd1b7fd4-7lfoqu7s/generalizer/arbiter_on_inpchange_7.game.aag"",""/home/gperez/GIT-repos/acacia-bonsai/_bm-logs.gr1-par2-s0-run1/runs/arbiter_on_inpchange-n7/arbiter_on_inpchange-n7-2552fd1b7fd4-7lfoqu7s/generalizer/arbiter_on_inpchange_7.policy.aag""]"	0	VERIFIED	0de5f258ef8fbd7aa3ae15fc44fc7ff075950f35da0a393955405c208d442c73	124.172780076	1827614720
arbiter_on_inpchange-n7	system	7	L0	a7fffaa32b77cb5a13938ccfb02f7d93b6a31ec350d5f2da3e838a1574630d9d	2	"[""/home/gperez/GIT-repos/acacia-bonsai/subprojects/tlsf-tools/build-L0/tlsfcertcheck"",""--method"",""auto"",""--timeout"",""300"",""--node-cap"",""33554432"",""--json-out"",""/tmp/p1-attribution-m1vpw2rx/result-86-a473854e.json"",""--certificate"",""/home/gperez/GIT-repos/acacia-bonsai/_bm-logs.gr1-par2-s0-run1/runs/arbiter_on_inpchange-n7/arbiter_on_inpchange-n7-2552fd1b7fd4-7lfoqu7s/generalizer/arbiter_on_inpchange_7.certificate.aag"",""--certificate-json"",""/home/gperez/GIT-repos/acacia-bonsai/_bm-logs.gr1-par2-s0-run1/runs/arbiter_on_inpchange-n7/arbiter_on_inpchange-n7-2552fd1b7fd4-7lfoqu7s/generalizer/arbiter_on_inpchange_7.certificate.aag.json"",""/home/gperez/GIT-repos/acacia-bonsai/_bm-logs.gr1-par2-s0-run1/runs/arbiter_on_inpchange-n7/arbiter_on_inpchange-n7-2552fd1b7fd4-7lfoqu7s/generalizer/arbiter_on_inpchange_7.game.aag"",""/home/gperez/GIT-repos/acacia-bonsai/_bm-logs.gr1-par2-s0-run1/runs/arbiter_on_inpchange-n7/arbiter_on_inpchange-n7-2552fd1b7fd4-7lfoqu7s/generalizer/arbiter_on_inpchange_7.policy.aag""]"	3	UNKNOWN	8d65a4b9eb195d5e86030347c80f76cf5f23d651a73643a82581979d2548c6bb	13.119854001	1764134912
arbiter_with_buffer-n6	system	6	P1	b43dcec2423dab04a5867c6891a7b824951dccb9524472a4a41e0ad54cd863c3	2	"[""/home/gperez/GIT-repos/tlsf-tools/build-P1-0435385/tlsfcertcheck"",""--method"",""auto"",""--timeout"",""300"",""--node-cap"",""33554432"",""--json-out"",""/tmp/p1-attribution-m1vpw2rx/result-87-5f88b829.json"",""--certificate"",""/home/gperez/GIT-repos/acacia-bonsai/_bm-logs.gr1-par2-p0-replay-L0/m6/arbiter_with_buffer-n6/arbiter_with_buffer-n6-43382c2455eb-rhwebrt5/generalizer/arbiter_with_buffer_6.certificate.aag"",""--certificate-json"",""/home/gperez/GIT-repos/acacia-bonsai/_bm-logs.gr1-par2-p0-replay-L0/m6/arbiter_with_buffer-n6/arbiter_with_buffer-n6-43382c2455eb-rhwebrt5/generalizer/arbiter_with_buffer_6.certificate.aag.json"",""/home/gperez/GIT-repos/acacia-bonsai/_bm-logs.gr1-par2-p0-replay-L0/m6/arbiter_with_buffer-n6/arbiter_with_buffer-n6-43382c2455eb-rhwebrt5/generalizer/arbiter_with_buffer_6.game.aag"",""/home/gperez/GIT-repos/acacia-bonsai/_bm-logs.gr1-par2-p0-replay-L0/m6/arbiter_with_buffer-n6/arbiter_with_buffer-n6-43382c2455eb-rhwebrt5/generalizer/arbiter_with_buffer_6.policy.aag""]"	0	VERIFIED	c870a8250a5d5521828a12fd223b015a5ca957787a07682e2e64c03c986bb4c7	0.103702414	676311040
arbiter_with_buffer-n6	system	6	L0	a7fffaa32b77cb5a13938ccfb02f7d93b6a31ec350d5f2da3e838a1574630d9d	2	"[""/home/gperez/GIT-repos/acacia-bonsai/subprojects/tlsf-tools/build-L0/tlsfcertcheck"",""--method"",""auto"",""--timeout"",""300"",""--node-cap"",""33554432"",""--json-out"",""/tmp/p1-attribution-m1vpw2rx/result-88-b073eee9.json"",""--certificate"",""/home/gperez/GIT-repos/acacia-bonsai/_bm-logs.gr1-par2-p0-replay-L0/m6/arbiter_with_buffer-n6/arbiter_with_buffer-n6-43382c2455eb-rhwebrt5/generalizer/arbiter_with_buffer_6.certificate.aag"",""--certificate-json"",""/home/gperez/GIT-repos/acacia-bonsai/_bm-logs.gr1-par2-p0-replay-L0/m6/arbiter_with_buffer-n6/arbiter_with_buffer-n6-43382c2455eb-rhwebrt5/generalizer/arbiter_with_buffer_6.certificate.aag.json"",""/home/gperez/GIT-repos/acacia-bonsai/_bm-logs.gr1-par2-p0-replay-L0/m6/arbiter_with_buffer-n6/arbiter_with_buffer-n6-43382c2455eb-rhwebrt5/generalizer/arbiter_with_buffer_6.game.aag"",""/home/gperez/GIT-repos/acacia-bonsai/_bm-logs.gr1-par2-p0-replay-L0/m6/arbiter_with_buffer-n6/arbiter_with_buffer-n6-43382c2455eb-rhwebrt5/generalizer/arbiter_with_buffer_6.policy.aag""]"	0	VERIFIED	c5fcc27a4f2ded7d8ef870f0555950f4862ce6f92d038e3cf28f657f8743dae4	0.119830074	679211008
arbiter_with_buffer-n7	system	7	P1	b43dcec2423dab04a5867c6891a7b824951dccb9524472a4a41e0ad54cd863c3	2	"[""/home/gperez/GIT-repos/tlsf-tools/build-P1-0435385/tlsfcertcheck"",""--method"",""auto"",""--timeout"",""300"",""--node-cap"",""33554432"",""--json-out"",""/tmp/p1-attribution-m1vpw2rx/result-89-ea590023.json"",""--certificate"",""/home/gperez/GIT-repos/acacia-bonsai/_bm-logs.gr1-par2-p0-replay-L0/m6/arbiter_with_buffer-n7/arbiter_with_buffer-n7-ae58602cb916-g5sgbjj1/generalizer/arbiter_with_buffer_7.certificate.aag"",""--certificate-json"",""/home/gperez/GIT-repos/acacia-bonsai/_bm-logs.gr1-par2-p0-replay-L0/m6/arbiter_with_buffer-n7/arbiter_with_buffer-n7-ae58602cb916-g5sgbjj1/generalizer/arbiter_with_buffer_7.certificate.aag.json"",""/home/gperez/GIT-repos/acacia-bonsai/_bm-logs.gr1-par2-p0-replay-L0/m6/arbiter_with_buffer-n7/arbiter_with_buffer-n7-ae58602cb916-g5sgbjj1/generalizer/arbiter_with_buffer_7.game.aag"",""/home/gperez/GIT-repos/acacia-bonsai/_bm-logs.gr1-par2-p0-replay-L0/m6/arbiter_with_buffer-n7/arbiter_with_buffer-n7-ae58602cb916-g5sgbjj1/generalizer/arbiter_with_buffer_7.policy.aag""]"	0	VERIFIED	bdcfbb1a7df0998da812d46995f71924b570c240c29afeecbdb240cf0ea417d0	0.123410984	681054208
arbiter_with_buffer-n7	system	7	L0	a7fffaa32b77cb5a13938ccfb02f7d93b6a31ec350d5f2da3e838a1574630d9d	2	"[""/home/gperez/GIT-repos/acacia-bonsai/subprojects/tlsf-tools/build-L0/tlsfcertcheck"",""--method"",""auto"",""--timeout"",""300"",""--node-cap"",""33554432"",""--json-out"",""/tmp/p1-attribution-m1vpw2rx/result-90-ae145387.json"",""--certificate"",""/home/gperez/GIT-repos/acacia-bonsai/_bm-logs.gr1-par2-p0-replay-L0/m6/arbiter_with_buffer-n7/arbiter_with_buffer-n7-ae58602cb916-g5sgbjj1/generalizer/arbiter_with_buffer_7.certificate.aag"",""--certificate-json"",""/home/gperez/GIT-repos/acacia-bonsai/_bm-logs.gr1-par2-p0-replay-L0/m6/arbiter_with_buffer-n7/arbiter_with_buffer-n7-ae58602cb916-g5sgbjj1/generalizer/arbiter_with_buffer_7.certificate.aag.json"",""/home/gperez/GIT-repos/acacia-bonsai/_bm-logs.gr1-par2-p0-replay-L0/m6/arbiter_with_buffer-n7/arbiter_with_buffer-n7-ae58602cb916-g5sgbjj1/generalizer/arbiter_with_buffer_7.game.aag"",""/home/gperez/GIT-repos/acacia-bonsai/_bm-logs.gr1-par2-p0-replay-L0/m6/arbiter_with_buffer-n7/arbiter_with_buffer-n7-ae58602cb916-g5sgbjj1/generalizer/arbiter_with_buffer_7.policy.aag""]"	0	VERIFIED	f905545a01dfddaaf637475f88be83411d6c40d19b4d1b2c97a33b229caccfc4	0.186675211	692015104
arbiter_with_buffer-n8	system	8	P1	b43dcec2423dab04a5867c6891a7b824951dccb9524472a4a41e0ad54cd863c3	2	"[""/home/gperez/GIT-repos/tlsf-tools/build-P1-0435385/tlsfcertcheck"",""--method"",""auto"",""--timeout"",""300"",""--node-cap"",""33554432"",""--json-out"",""/tmp/p1-attribution-m1vpw2rx/result-91-e422914a.json"",""--certificate"",""/home/gperez/GIT-repos/acacia-bonsai/_bm-logs.gr1-par2-p0-replay-L0/m6/arbiter_with_buffer-n8/arbiter_with_buffer-n8-7adaabf6a1b2-u4bd94a_/generalizer/arbiter_with_buffer_8.certificate.aag"",""--certificate-json"",""/home/gperez/GIT-repos/acacia-bonsai/_bm-logs.gr1-par2-p0-replay-L0/m6/arbiter_with_buffer-n8/arbiter_with_buffer-n8-7adaabf6a1b2-u4bd94a_/generalizer/arbiter_with_buffer_8.certificate.aag.json"",""/home/gperez/GIT-repos/acacia-bonsai/_bm-logs.gr1-par2-p0-replay-L0/m6/arbiter_with_buffer-n8/arbiter_with_buffer-n8-7adaabf6a1b2-u4bd94a_/generalizer/arbiter_with_buffer_8.game.aag"",""/home/gperez/GIT-repos/acacia-bonsai/_bm-logs.gr1-par2-p0-replay-L0/m6/arbiter_with_buffer-n8/arbiter_with_buffer-n8-7adaabf6a1b2-u4bd94a_/generalizer/arbiter_with_buffer_8.policy.aag""]"	0	VERIFIED	84815e2093bd14a53abf88064e60c059b8ad36fa99a4e02bbc26a4580ad77fe4	0.159608122	698474496
arbiter_with_buffer-n8	system	8	L0	a7fffaa32b77cb5a13938ccfb02f7d93b6a31ec350d5f2da3e838a1574630d9d	2	"[""/home/gperez/GIT-repos/acacia-bonsai/subprojects/tlsf-tools/build-L0/tlsfcertcheck"",""--method"",""auto"",""--timeout"",""300"",""--node-cap"",""33554432"",""--json-out"",""/tmp/p1-attribution-m1vpw2rx/result-92-e76b5c0c.json"",""--certificate"",""/home/gperez/GIT-repos/acacia-bonsai/_bm-logs.gr1-par2-p0-replay-L0/m6/arbiter_with_buffer-n8/arbiter_with_buffer-n8-7adaabf6a1b2-u4bd94a_/generalizer/arbiter_with_buffer_8.certificate.aag"",""--certificate-json"",""/home/gperez/GIT-repos/acacia-bonsai/_bm-logs.gr1-par2-p0-replay-L0/m6/arbiter_with_buffer-n8/arbiter_with_buffer-n8-7adaabf6a1b2-u4bd94a_/generalizer/arbiter_with_buffer_8.certificate.aag.json"",""/home/gperez/GIT-repos/acacia-bonsai/_bm-logs.gr1-par2-p0-replay-L0/m6/arbiter_with_buffer-n8/arbiter_with_buffer-n8-7adaabf6a1b2-u4bd94a_/generalizer/arbiter_with_buffer_8.game.aag"",""/home/gperez/GIT-repos/acacia-bonsai/_bm-logs.gr1-par2-p0-replay-L0/m6/arbiter_with_buffer-n8/arbiter_with_buffer-n8-7adaabf6a1b2-u4bd94a_/generalizer/arbiter_with_buffer_8.policy.aag""]"	0	VERIFIED	d7c0b2c85e679c824dc3fd6e3214bc9184dc5b7c6cbfcbc2c1516727c3e53450	0.440719227	738742272
arbiter_with_cancel-n6	system	6	P1	b43dcec2423dab04a5867c6891a7b824951dccb9524472a4a41e0ad54cd863c3	2	"[""/home/gperez/GIT-repos/tlsf-tools/build-P1-0435385/tlsfcertcheck"",""--method"",""auto"",""--timeout"",""300"",""--node-cap"",""33554432"",""--json-out"",""/tmp/p1-attribution-m1vpw2rx/result-93-0851ad24.json"",""--certificate"",""/home/gperez/GIT-repos/acacia-bonsai/_bm-logs.gr1-par2-p0-replay-L0/m6/arbiter_with_cancel-n6/arbiter_with_cancel-n6-c0a75252de54-df1dx8f9/generalizer/arbiter_with_cancel_6.certificate.aag"",""--certificate-json"",""/home/gperez/GIT-repos/acacia-bonsai/_bm-logs.gr1-par2-p0-replay-L0/m6/arbiter_with_cancel-n6/arbiter_with_cancel-n6-c0a75252de54-df1dx8f9/generalizer/arbiter_with_cancel_6.certificate.aag.json"",""/home/gperez/GIT-repos/acacia-bonsai/_bm-logs.gr1-par2-p0-replay-L0/m6/arbiter_with_cancel-n6/arbiter_with_cancel-n6-c0a75252de54-df1dx8f9/generalizer/arbiter_with_cancel_6.game.aag"",""/home/gperez/GIT-repos/acacia-bonsai/_bm-logs.gr1-par2-p0-replay-L0/m6/arbiter_with_cancel-n6/arbiter_with_cancel-n6-c0a75252de54-df1dx8f9/generalizer/arbiter_with_cancel_6.policy.aag""]"	0	VERIFIED	75e058f0dbac7ea4c2d7488de68ea6ef2fd46f5713ef213714f0946673b68105	0.501230581	719044608
arbiter_with_cancel-n6	system	6	L0	a7fffaa32b77cb5a13938ccfb02f7d93b6a31ec350d5f2da3e838a1574630d9d	2	"[""/home/gperez/GIT-repos/acacia-bonsai/subprojects/tlsf-tools/build-L0/tlsfcertcheck"",""--method"",""auto"",""--timeout"",""300"",""--node-cap"",""33554432"",""--json-out"",""/tmp/p1-attribution-m1vpw2rx/result-94-8f8ec8e6.json"",""--certificate"",""/home/gperez/GIT-repos/acacia-bonsai/_bm-logs.gr1-par2-p0-replay-L0/m6/arbiter_with_cancel-n6/arbiter_with_cancel-n6-c0a75252de54-df1dx8f9/generalizer/arbiter_with_cancel_6.certificate.aag"",""--certificate-json"",""/home/gperez/GIT-repos/acacia-bonsai/_bm-logs.gr1-par2-p0-replay-L0/m6/arbiter_with_cancel-n6/arbiter_with_cancel-n6-c0a75252de54-df1dx8f9/generalizer/arbiter_with_cancel_6.certificate.aag.json"",""/home/gperez/GIT-repos/acacia-bonsai/_bm-logs.gr1-par2-p0-replay-L0/m6/arbiter_with_cancel-n6/arbiter_with_cancel-n6-c0a75252de54-df1dx8f9/generalizer/arbiter_with_cancel_6.game.aag"",""/home/gperez/GIT-repos/acacia-bonsai/_bm-logs.gr1-par2-p0-replay-L0/m6/arbiter_with_cancel-n6/arbiter_with_cancel-n6-c0a75252de54-df1dx8f9/generalizer/arbiter_with_cancel_6.policy.aag""]"	0	VERIFIED	9366603e2060f12e9c8957d97a6c88094626d0958c68ad7371e95f406a048b00	1.101964086	771911680
arbiter_with_cancel-n7	system	7	P1	b43dcec2423dab04a5867c6891a7b824951dccb9524472a4a41e0ad54cd863c3	2	"[""/home/gperez/GIT-repos/tlsf-tools/build-P1-0435385/tlsfcertcheck"",""--method"",""auto"",""--timeout"",""300"",""--node-cap"",""33554432"",""--json-out"",""/tmp/p1-attribution-m1vpw2rx/result-95-f53acefc.json"",""--certificate"",""/home/gperez/GIT-repos/acacia-bonsai/_bm-logs.gr1-par2-p0-replay-L0/m6/arbiter_with_cancel-n7/arbiter_with_cancel-n7-7f5619354677-a9vmd9m9/generalizer/arbiter_with_cancel_7.certificate.aag"",""--certificate-json"",""/home/gperez/GIT-repos/acacia-bonsai/_bm-logs.gr1-par2-p0-replay-L0/m6/arbiter_with_cancel-n7/arbiter_with_cancel-n7-7f5619354677-a9vmd9m9/generalizer/arbiter_with_cancel_7.certificate.aag.json"",""/home/gperez/GIT-repos/acacia-bonsai/_bm-logs.gr1-par2-p0-replay-L0/m6/arbiter_with_cancel-n7/arbiter_with_cancel-n7-7f5619354677-a9vmd9m9/generalizer/arbiter_with_cancel_7.game.aag"",""/home/gperez/GIT-repos/acacia-bonsai/_bm-logs.gr1-par2-p0-replay-L0/m6/arbiter_with_cancel-n7/arbiter_with_cancel-n7-7f5619354677-a9vmd9m9/generalizer/arbiter_with_cancel_7.policy.aag""]"	0	VERIFIED	d912c89642104457187eea6ca71608b7cbfc1f51286f17eb712887e2abdab082	1.108735044	781045760
arbiter_with_cancel-n7	system	7	L0	a7fffaa32b77cb5a13938ccfb02f7d93b6a31ec350d5f2da3e838a1574630d9d	2	"[""/home/gperez/GIT-repos/acacia-bonsai/subprojects/tlsf-tools/build-L0/tlsfcertcheck"",""--method"",""auto"",""--timeout"",""300"",""--node-cap"",""33554432"",""--json-out"",""/tmp/p1-attribution-m1vpw2rx/result-96-675611f9.json"",""--certificate"",""/home/gperez/GIT-repos/acacia-bonsai/_bm-logs.gr1-par2-p0-replay-L0/m6/arbiter_with_cancel-n7/arbiter_with_cancel-n7-7f5619354677-a9vmd9m9/generalizer/arbiter_with_cancel_7.certificate.aag"",""--certificate-json"",""/home/gperez/GIT-repos/acacia-bonsai/_bm-logs.gr1-par2-p0-replay-L0/m6/arbiter_with_cancel-n7/arbiter_with_cancel-n7-7f5619354677-a9vmd9m9/generalizer/arbiter_with_cancel_7.certificate.aag.json"",""/home/gperez/GIT-repos/acacia-bonsai/_bm-logs.gr1-par2-p0-replay-L0/m6/arbiter_with_cancel-n7/arbiter_with_cancel-n7-7f5619354677-a9vmd9m9/generalizer/arbiter_with_cancel_7.game.aag"",""/home/gperez/GIT-repos/acacia-bonsai/_bm-logs.gr1-par2-p0-replay-L0/m6/arbiter_with_cancel-n7/arbiter_with_cancel-n7-7f5619354677-a9vmd9m9/generalizer/arbiter_with_cancel_7.policy.aag""]"	0	VERIFIED	15a0ad4f563905a2bbbb0259d3bed8a38edc95a611afec71e1a76bfce05cea2e	3.610410040	914907136
arbiter_with_cancel-n8	system	8	P1	b43dcec2423dab04a5867c6891a7b824951dccb9524472a4a41e0ad54cd863c3	2	"[""/home/gperez/GIT-repos/tlsf-tools/build-P1-0435385/tlsfcertcheck"",""--method"",""auto"",""--timeout"",""300"",""--node-cap"",""33554432"",""--json-out"",""/tmp/p1-attribution-m1vpw2rx/result-97-eafd88ea.json"",""--certificate"",""/home/gperez/GIT-repos/acacia-bonsai/_bm-logs.gr1-par2-p0-replay-L0/m6/arbiter_with_cancel-n8/arbiter_with_cancel-n8-2245874924dd-k6a0pyzk/generalizer/arbiter_with_cancel_8.certificate.aag"",""--certificate-json"",""/home/gperez/GIT-repos/acacia-bonsai/_bm-logs.gr1-par2-p0-replay-L0/m6/arbiter_with_cancel-n8/arbiter_with_cancel-n8-2245874924dd-k6a0pyzk/generalizer/arbiter_with_cancel_8.certificate.aag.json"",""/home/gperez/GIT-repos/acacia-bonsai/_bm-logs.gr1-par2-p0-replay-L0/m6/arbiter_with_cancel-n8/arbiter_with_cancel-n8-2245874924dd-k6a0pyzk/generalizer/arbiter_with_cancel_8.game.aag"",""/home/gperez/GIT-repos/acacia-bonsai/_bm-logs.gr1-par2-p0-replay-L0/m6/arbiter_with_cancel-n8/arbiter_with_cancel-n8-2245874924dd-k6a0pyzk/generalizer/arbiter_with_cancel_8.policy.aag""]"	0	VERIFIED	548cc4e4d69b7714d58e6ff7c30c4b3d8cdc4c42e50f7084e0fd282390d3a9a4	2.613312589	935354368
arbiter_with_cancel-n8	system	8	L0	a7fffaa32b77cb5a13938ccfb02f7d93b6a31ec350d5f2da3e838a1574630d9d	2	"[""/home/gperez/GIT-repos/acacia-bonsai/subprojects/tlsf-tools/build-L0/tlsfcertcheck"",""--method"",""auto"",""--timeout"",""300"",""--node-cap"",""33554432"",""--json-out"",""/tmp/p1-attribution-m1vpw2rx/result-98-329b7d0c.json"",""--certificate"",""/home/gperez/GIT-repos/acacia-bonsai/_bm-logs.gr1-par2-p0-replay-L0/m6/arbiter_with_cancel-n8/arbiter_with_cancel-n8-2245874924dd-k6a0pyzk/generalizer/arbiter_with_cancel_8.certificate.aag"",""--certificate-json"",""/home/gperez/GIT-repos/acacia-bonsai/_bm-logs.gr1-par2-p0-replay-L0/m6/arbiter_with_cancel-n8/arbiter_with_cancel-n8-2245874924dd-k6a0pyzk/generalizer/arbiter_with_cancel_8.certificate.aag.json"",""/home/gperez/GIT-repos/acacia-bonsai/_bm-logs.gr1-par2-p0-replay-L0/m6/arbiter_with_cancel-n8/arbiter_with_cancel-n8-2245874924dd-k6a0pyzk/generalizer/arbiter_with_cancel_8.game.aag"",""/home/gperez/GIT-repos/acacia-bonsai/_bm-logs.gr1-par2-p0-replay-L0/m6/arbiter_with_cancel-n8/arbiter_with_cancel-n8-2245874924dd-k6a0pyzk/generalizer/arbiter_with_cancel_8.policy.aag""]"	0	VERIFIED	0f495fb0f73d06d323f667bb9f2031f22c4219977340917730797136ecf1ab0a	12.479159432	1239052288
arbiter_with_cancel-n9	system	9	P1	b43dcec2423dab04a5867c6891a7b824951dccb9524472a4a41e0ad54cd863c3	2	"[""/home/gperez/GIT-repos/tlsf-tools/build-P1-0435385/tlsfcertcheck"",""--method"",""auto"",""--timeout"",""300"",""--node-cap"",""33554432"",""--json-out"",""/tmp/p1-attribution-m1vpw2rx/result-99-8e183da6.json"",""--certificate"",""/home/gperez/GIT-repos/acacia-bonsai/_bm-logs.gr1-par2-p0-replay-L0/m6/arbiter_with_cancel-n9/arbiter_with_cancel-n9-163ced9f3fea-bolb6cur/generalizer/arbiter_with_cancel_9.certificate.aag"",""--certificate-json"",""/home/gperez/GIT-repos/acacia-bonsai/_bm-logs.gr1-par2-p0-replay-L0/m6/arbiter_with_cancel-n9/arbiter_with_cancel-n9-163ced9f3fea-bolb6cur/generalizer/arbiter_with_cancel_9.certificate.aag.json"",""/home/gperez/GIT-repos/acacia-bonsai/_bm-logs.gr1-par2-p0-replay-L0/m6/arbiter_with_cancel-n9/arbiter_with_cancel-n9-163ced9f3fea-bolb6cur/generalizer/arbiter_with_cancel_9.game.aag"",""/home/gperez/GIT-repos/acacia-bonsai/_bm-logs.gr1-par2-p0-replay-L0/m6/arbiter_with_cancel-n9/arbiter_with_cancel-n9-163ced9f3fea-bolb6cur/generalizer/arbiter_with_cancel_9.policy.aag""]"	0	VERIFIED	9e5f848684a631b6127d20f7b0adbb7a2446805364f54ddec63b27f20a515d1e	6.739381256	1263292416
arbiter_with_cancel-n9	system	9	L0	a7fffaa32b77cb5a13938ccfb02f7d93b6a31ec350d5f2da3e838a1574630d9d	2	"[""/home/gperez/GIT-repos/acacia-bonsai/subprojects/tlsf-tools/build-L0/tlsfcertcheck"",""--method"",""auto"",""--timeout"",""300"",""--node-cap"",""33554432"",""--json-out"",""/tmp/p1-attribution-m1vpw2rx/result-100-503856bc.json"",""--certificate"",""/home/gperez/GIT-repos/acacia-bonsai/_bm-logs.gr1-par2-p0-replay-L0/m6/arbiter_with_cancel-n9/arbiter_with_cancel-n9-163ced9f3fea-bolb6cur/generalizer/arbiter_with_cancel_9.certificate.aag"",""--certificate-json"",""/home/gperez/GIT-repos/acacia-bonsai/_bm-logs.gr1-par2-p0-replay-L0/m6/arbiter_with_cancel-n9/arbiter_with_cancel-n9-163ced9f3fea-bolb6cur/generalizer/arbiter_with_cancel_9.certificate.aag.json"",""/home/gperez/GIT-repos/acacia-bonsai/_bm-logs.gr1-par2-p0-replay-L0/m6/arbiter_with_cancel-n9/arbiter_with_cancel-n9-163ced9f3fea-bolb6cur/generalizer/arbiter_with_cancel_9.game.aag"",""/home/gperez/GIT-repos/acacia-bonsai/_bm-logs.gr1-par2-p0-replay-L0/m6/arbiter_with_cancel-n9/arbiter_with_cancel-n9-163ced9f3fea-bolb6cur/generalizer/arbiter_with_cancel_9.policy.aag""]"	0	VERIFIED	5a208783291907aaa50dfcf73581d10b8d91c53fbce5bcfd3a95317dcb2eabc5	50.606410660	1723973632
arbiter_with_cancel-n10	system	10	P1	b43dcec2423dab04a5867c6891a7b824951dccb9524472a4a41e0ad54cd863c3	2	"[""/home/gperez/GIT-repos/tlsf-tools/build-P1-0435385/tlsfcertcheck"",""--method"",""auto"",""--timeout"",""300"",""--node-cap"",""33554432"",""--json-out"",""/tmp/p1-attribution-m1vpw2rx/result-101-af0ccfe2.json"",""--certificate"",""/home/gperez/GIT-repos/acacia-bonsai/_bm-logs.gr1-par2-s0-run1/runs/arbiter_with_cancel-n10/arbiter_with_cancel-n10-8d6498fd9714-ysvcnjfw/generalizer/arbiter_with_cancel_10.certificate.aag"",""--certificate-json"",""/home/gperez/GIT-repos/acacia-bonsai/_bm-logs.gr1-par2-s0-run1/runs/arbiter_with_cancel-n10/arbiter_with_cancel-n10-8d6498fd9714-ysvcnjfw/generalizer/arbiter_with_cancel_10.certificate.aag.json"",""/home/gperez/GIT-repos/acacia-bonsai/_bm-logs.gr1-par2-s0-run1/runs/arbiter_with_cancel-n10/arbiter_with_cancel-n10-8d6498fd9714-ysvcnjfw/generalizer/arbiter_with_cancel_10.game.aag"",""/home/gperez/GIT-repos/acacia-bonsai/_bm-logs.gr1-par2-s0-run1/runs/arbiter_with_cancel-n10/arbiter_with_cancel-n10-8d6498fd9714-ysvcnjfw/generalizer/arbiter_with_cancel_10.policy.aag""]"	0	VERIFIED	cf770a17e088566e5c6f3fed300e9ec81bcbbefe642bcf1f828adf34be04e2e6	51.606264979	1753423872
arbiter_with_cancel-n10	system	10	L0	a7fffaa32b77cb5a13938ccfb02f7d93b6a31ec350d5f2da3e838a1574630d9d	2	"[""/home/gperez/GIT-repos/acacia-bonsai/subprojects/tlsf-tools/build-L0/tlsfcertcheck"",""--method"",""auto"",""--timeout"",""300"",""--node-cap"",""33554432"",""--json-out"",""/tmp/p1-attribution-m1vpw2rx/result-102-80920f7c.json"",""--certificate"",""/home/gperez/GIT-repos/acacia-bonsai/_bm-logs.gr1-par2-s0-run1/runs/arbiter_with_cancel-n10/arbiter_with_cancel-n10-8d6498fd9714-ysvcnjfw/generalizer/arbiter_with_cancel_10.certificate.aag"",""--certificate-json"",""/home/gperez/GIT-repos/acacia-bonsai/_bm-logs.gr1-par2-s0-run1/runs/arbiter_with_cancel-n10/arbiter_with_cancel-n10-8d6498fd9714-ysvcnjfw/generalizer/arbiter_with_cancel_10.certificate.aag.json"",""/home/gperez/GIT-repos/acacia-bonsai/_bm-logs.gr1-par2-s0-run1/runs/arbiter_with_cancel-n10/arbiter_with_cancel-n10-8d6498fd9714-ysvcnjfw/generalizer/arbiter_with_cancel_10.game.aag"",""/home/gperez/GIT-repos/acacia-bonsai/_bm-logs.gr1-par2-s0-run1/runs/arbiter_with_cancel-n10/arbiter_with_cancel-n10-8d6498fd9714-ysvcnjfw/generalizer/arbiter_with_cancel_10.policy.aag""]"	3	UNKNOWN	8d65a4b9eb195d5e86030347c80f76cf5f23d651a73643a82581979d2548c6bb	10.613113328	1784336384
load_balancer-n8	system	8	P1	b43dcec2423dab04a5867c6891a7b824951dccb9524472a4a41e0ad54cd863c3	2	"[""/home/gperez/GIT-repos/tlsf-tools/build-P1-0435385/tlsfcertcheck"",""--method"",""auto"",""--timeout"",""300"",""--node-cap"",""33554432"",""--json-out"",""/tmp/p1-attribution-m1vpw2rx/result-103-6788395c.json"",""--certificate"",""/home/gperez/GIT-repos/acacia-bonsai/_bm-logs.gr1-par2-p0-replay-L0/m6/load_balancer-n8/load_balancer-n8-9740ee0dfb15-ilwgus37/generalizer/load_balancer_8.certificate.aag"",""--certificate-json"",""/home/gperez/GIT-repos/acacia-bonsai/_bm-logs.gr1-par2-p0-replay-L0/m6/load_balancer-n8/load_balancer-n8-9740ee0dfb15-ilwgus37/generalizer/load_balancer_8.certificate.aag.json"",""/home/gperez/GIT-repos/acacia-bonsai/_bm-logs.gr1-par2-p0-replay-L0/m6/load_balancer-n8/load_balancer-n8-9740ee0dfb15-ilwgus37/generalizer/load_balancer_8.game.aag"",""/home/gperez/GIT-repos/acacia-bonsai/_bm-logs.gr1-par2-p0-replay-L0/m6/load_balancer-n8/load_balancer-n8-9740ee0dfb15-ilwgus37/generalizer/load_balancer_8.policy.aag""]"	0	VERIFIED	0b2723ba7b7af69056b8c4183c32e5a448f385d9fdb196f5ebb0cf6d7043b844	0.272790104	689262592
load_balancer-n8	system	8	L0	a7fffaa32b77cb5a13938ccfb02f7d93b6a31ec350d5f2da3e838a1574630d9d	2	"[""/home/gperez/GIT-repos/acacia-bonsai/subprojects/tlsf-tools/build-L0/tlsfcertcheck"",""--method"",""auto"",""--timeout"",""300"",""--node-cap"",""33554432"",""--json-out"",""/tmp/p1-attribution-m1vpw2rx/result-104-c6fb4db0.json"",""--certificate"",""/home/gperez/GIT-repos/acacia-bonsai/_bm-logs.gr1-par2-p0-replay-L0/m6/load_balancer-n8/load_balancer-n8-9740ee0dfb15-ilwgus37/generalizer/load_balancer_8.certificate.aag"",""--certificate-json"",""/home/gperez/GIT-repos/acacia-bonsai/_bm-logs.gr1-par2-p0-replay-L0/m6/load_balancer-n8/load_balancer-n8-9740ee0dfb15-ilwgus37/generalizer/load_balancer_8.certificate.aag.json"",""/home/gperez/GIT-repos/acacia-bonsai/_bm-logs.gr1-par2-p0-replay-L0/m6/load_balancer-n8/load_balancer-n8-9740ee0dfb15-ilwgus37/generalizer/load_balancer_8.game.aag"",""/home/gperez/GIT-repos/acacia-bonsai/_bm-logs.gr1-par2-p0-replay-L0/m6/load_balancer-n8/load_balancer-n8-9740ee0dfb15-ilwgus37/generalizer/load_balancer_8.policy.aag""]"	0	VERIFIED	5ebb634b2f1d5e59e164a7cc20c02c0d648e6688c5df4dd5ab5f8ba3db0d635d	0.429283114	729563136
load_balancer-n9	system	9	P1	b43dcec2423dab04a5867c6891a7b824951dccb9524472a4a41e0ad54cd863c3	2	"[""/home/gperez/GIT-repos/tlsf-tools/build-P1-0435385/tlsfcertcheck"",""--method"",""auto"",""--timeout"",""300"",""--node-cap"",""33554432"",""--json-out"",""/tmp/p1-attribution-m1vpw2rx/result-105-b2a363b6.json"",""--certificate"",""/home/gperez/GIT-repos/acacia-bonsai/_bm-logs.gr1-par2-p0-replay-L0/m6/load_balancer-n9/load_balancer-n9-0f9db7b00d62-nuju8xzq/generalizer/load_balancer_9.certificate.aag"",""--certificate-json"",""/home/gperez/GIT-repos/acacia-bonsai/_bm-logs.gr1-par2-p0-replay-L0/m6/load_balancer-n9/load_balancer-n9-0f9db7b00d62-nuju8xzq/generalizer/load_balancer_9.certificate.aag.json"",""/home/gperez/GIT-repos/acacia-bonsai/_bm-logs.gr1-par2-p0-replay-L0/m6/load_balancer-n9/load_balancer-n9-0f9db7b00d62-nuju8xzq/generalizer/load_balancer_9.game.aag"",""/home/gperez/GIT-repos/acacia-bonsai/_bm-logs.gr1-par2-p0-replay-L0/m6/load_balancer-n9/load_balancer-n9-0f9db7b00d62-nuju8xzq/generalizer/load_balancer_9.policy.aag""]"	0	VERIFIED	d5d3decffc026f7054cb1a039118388aa2c1ad69a9549bf6e8fb8c7feef6e3fc	0.516593136	710422528
load_balancer-n9	system	9	L0	a7fffaa32b77cb5a13938ccfb02f7d93b6a31ec350d5f2da3e838a1574630d9d	2	"[""/home/gperez/GIT-repos/acacia-bonsai/subprojects/tlsf-tools/build-L0/tlsfcertcheck"",""--method"",""auto"",""--timeout"",""300"",""--node-cap"",""33554432"",""--json-out"",""/tmp/p1-attribution-m1vpw2rx/result-106-91d1b7d8.json"",""--certificate"",""/home/gperez/GIT-repos/acacia-bonsai/_bm-logs.gr1-par2-p0-replay-L0/m6/load_balancer-n9/load_balancer-n9-0f9db7b00d62-nuju8xzq/generalizer/load_balancer_9.certificate.aag"",""--certificate-json"",""/home/gperez/GIT-repos/acacia-bonsai/_bm-logs.gr1-par2-p0-replay-L0/m6/load_balancer-n9/load_balancer-n9-0f9db7b00d62-nuju8xzq/generalizer/load_balancer_9.certificate.aag.json"",""/home/gperez/GIT-repos/acacia-bonsai/_bm-logs.gr1-par2-p0-replay-L0/m6/load_balancer-n9/load_balancer-n9-0f9db7b00d62-nuju8xzq/generalizer/load_balancer_9.game.aag"",""/home/gperez/GIT-repos/acacia-bonsai/_bm-logs.gr1-par2-p0-replay-L0/m6/load_balancer-n9/load_balancer-n9-0f9db7b00d62-nuju8xzq/generalizer/load_balancer_9.policy.aag""]"	0	VERIFIED	625bd4bc5c30f9a9ce9cda1ec28cf6d1aa280136595ba553e986bc7b5b77e366	0.892292652	811786240
load_balancer_unreal2-n6	environment	6	P1	b43dcec2423dab04a5867c6891a7b824951dccb9524472a4a41e0ad54cd863c3	2	"[""/home/gperez/GIT-repos/tlsf-tools/build-P1-0435385/tlsfcertcheck"",""--method"",""certificate"",""--timeout"",""300"",""--node-cap"",""67108864"",""--json-out"",""/tmp/p1-attribution-m1vpw2rx/result-107-d04a02f0.json"",""--certificate"",""/home/gperez/GIT-repos/acacia-bonsai/_bm-logs.gr1-par2-p0-replay-L0/m6/load_balancer_unreal2-n6/load_balancer_unreal2-n6-093d954886c1-m14rntll/generalizer/load_balancer_unreal2_6.certificate.aag"",""--certificate-json"",""/home/gperez/GIT-repos/acacia-bonsai/_bm-logs.gr1-par2-p0-replay-L0/m6/load_balancer_unreal2-n6/load_balancer_unreal2-n6-093d954886c1-m14rntll/generalizer/load_balancer_unreal2_6.certificate.aag.json"",""/home/gperez/GIT-repos/acacia-bonsai/_bm-logs.gr1-par2-p0-replay-L0/m6/load_balancer_unreal2-n6/load_balancer_unreal2-n6-093d954886c1-m14rntll/generalizer/load_balancer_unreal2_6.game.aag"",""/home/gperez/GIT-repos/acacia-bonsai/_bm-logs.gr1-par2-p0-replay-L0/m6/load_balancer_unreal2-n6/load_balancer_unreal2-n6-093d954886c1-m14rntll/generalizer/load_balancer_unreal2_6.policy.aag""]"	0	VERIFIED	d31b21e899d139c072ad80afd35bf7a681baee59e92b233f72b17aed1dd28a8e	0.442908342	1377845248
load_balancer_unreal2-n6	environment	6	L0	a7fffaa32b77cb5a13938ccfb02f7d93b6a31ec350d5f2da3e838a1574630d9d	2	"[""/home/gperez/GIT-repos/acacia-bonsai/subprojects/tlsf-tools/build-L0/tlsfcertcheck"",""--method"",""certificate"",""--timeout"",""300"",""--node-cap"",""67108864"",""--json-out"",""/tmp/p1-attribution-m1vpw2rx/result-108-d9e80d8f.json"",""--certificate"",""/home/gperez/GIT-repos/acacia-bonsai/_bm-logs.gr1-par2-p0-replay-L0/m6/load_balancer_unreal2-n6/load_balancer_unreal2-n6-093d954886c1-m14rntll/generalizer/load_balancer_unreal2_6.certificate.aag"",""--certificate-json"",""/home/gperez/GIT-repos/acacia-bonsai/_bm-logs.gr1-par2-p0-replay-L0/m6/load_balancer_unreal2-n6/load_balancer_unreal2-n6-093d954886c1-m14rntll/generalizer/load_balancer_unreal2_6.certificate.aag.json"",""/home/gperez/GIT-repos/acacia-bonsai/_bm-logs.gr1-par2-p0-replay-L0/m6/load_balancer_unreal2-n6/load_balancer_unreal2-n6-093d954886c1-m14rntll/generalizer/load_balancer_unreal2_6.game.aag"",""/home/gperez/GIT-repos/acacia-bonsai/_bm-logs.gr1-par2-p0-replay-L0/m6/load_balancer_unreal2-n6/load_balancer_unreal2-n6-093d954886c1-m14rntll/generalizer/load_balancer_unreal2_6.policy.aag""]"	0	VERIFIED	0c685cae4142d4a0d6af3b21de54ae9da7525430f47bc717b8cd9cbcd80fea86	3.484905562	1930223616
load_balancer_unreal2-n7	environment	7	P1	b43dcec2423dab04a5867c6891a7b824951dccb9524472a4a41e0ad54cd863c3	2	"[""/home/gperez/GIT-repos/tlsf-tools/build-P1-0435385/tlsfcertcheck"",""--method"",""certificate"",""--timeout"",""300"",""--node-cap"",""67108864"",""--json-out"",""/tmp/p1-attribution-m1vpw2rx/result-109-9d35e410.json"",""--certificate"",""/home/gperez/GIT-repos/acacia-bonsai/_bm-logs.gr1-par2-s0-run1/runs/load_balancer_unreal2-n7/load_balancer_unreal2-n7-3955760a13cd-fgih248r/generalizer/load_balancer_unreal2_7.certificate.aag"",""--certificate-json"",""/home/gperez/GIT-repos/acacia-bonsai/_bm-logs.gr1-par2-s0-run1/runs/load_balancer_unreal2-n7/load_balancer_unreal2-n7-3955760a13cd-fgih248r/generalizer/load_balancer_unreal2_7.certificate.aag.json"",""/home/gperez/GIT-repos/acacia-bonsai/_bm-logs.gr1-par2-s0-run1/runs/load_balancer_unreal2-n7/load_balancer_unreal2-n7-3955760a13cd-fgih248r/generalizer/load_balancer_unreal2_7.game.aag"",""/home/gperez/GIT-repos/acacia-bonsai/_bm-logs.gr1-par2-s0-run1/runs/load_balancer_unreal2-n7/load_balancer_unreal2-n7-3955760a13cd-fgih248r/generalizer/load_balancer_unreal2_7.policy.aag""]"	0	VERIFIED	2e102eca9f531a41d6165ce2aede6831640d436b4190a175b2a100db2e81293a	1.372928030	1485217792
load_balancer_unreal2-n7	environment	7	L0	a7fffaa32b77cb5a13938ccfb02f7d93b6a31ec350d5f2da3e838a1574630d9d	2	"[""/home/gperez/GIT-repos/acacia-bonsai/subprojects/tlsf-tools/build-L0/tlsfcertcheck"",""--method"",""certificate"",""--timeout"",""300"",""--node-cap"",""67108864"",""--json-out"",""/tmp/p1-attribution-m1vpw2rx/result-110-374997ae.json"",""--certificate"",""/home/gperez/GIT-repos/acacia-bonsai/_bm-logs.gr1-par2-s0-run1/runs/load_balancer_unreal2-n7/load_balancer_unreal2-n7-3955760a13cd-fgih248r/generalizer/load_balancer_unreal2_7.certificate.aag"",""--certificate-json"",""/home/gperez/GIT-repos/acacia-bonsai/_bm-logs.gr1-par2-s0-run1/runs/load_balancer_unreal2-n7/load_balancer_unreal2-n7-3955760a13cd-fgih248r/generalizer/load_balancer_unreal2_7.certificate.aag.json"",""/home/gperez/GIT-repos/acacia-bonsai/_bm-logs.gr1-par2-s0-run1/runs/load_balancer_unreal2-n7/load_balancer_unreal2-n7-3955760a13cd-fgih248r/generalizer/load_balancer_unreal2_7.game.aag"",""/home/gperez/GIT-repos/acacia-bonsai/_bm-logs.gr1-par2-s0-run1/runs/load_balancer_unreal2-n7/load_balancer_unreal2-n7-3955760a13cd-fgih248r/generalizer/load_balancer_unreal2_7.policy.aag""]"	3	UNKNOWN	8d65a4b9eb195d5e86030347c80f76cf5f23d651a73643a82581979d2548c6bb	28.539572648	3496173568
prioritized_arbiter-n5	system	5	P1	b43dcec2423dab04a5867c6891a7b824951dccb9524472a4a41e0ad54cd863c3	2	"[""/home/gperez/GIT-repos/tlsf-tools/build-P1-0435385/tlsfcertcheck"",""--method"",""auto"",""--timeout"",""300"",""--node-cap"",""16777216"",""--json-out"",""/tmp/p1-attribution-m1vpw2rx/result-111-e40a1bae.json"",""--certificate"",""/home/gperez/GIT-repos/acacia-bonsai/_bm-logs.gr1-par2-p0-replay-L0/controls/prioritized_arbiter-n5/prioritized_arbiter-n5-c7b51fc52500-ome6h37z/generalizer/prioritized_arbiter_5.certificate.aag"",""--certificate-json"",""/home/gperez/GIT-repos/acacia-bonsai/_bm-logs.gr1-par2-p0-replay-L0/controls/prioritized_arbiter-n5/prioritized_arbiter-n5-c7b51fc52500-ome6h37z/generalizer/prioritized_arbiter_5.certificate.aag.json"",""/home/gperez/GIT-repos/acacia-bonsai/_bm-logs.gr1-par2-p0-replay-L0/controls/prioritized_arbiter-n5/prioritized_arbiter-n5-c7b51fc52500-ome6h37z/generalizer/prioritized_arbiter_5.game.aag"",""/home/gperez/GIT-repos/acacia-bonsai/_bm-logs.gr1-par2-p0-replay-L0/controls/prioritized_arbiter-n5/prioritized_arbiter-n5-c7b51fc52500-ome6h37z/generalizer/prioritized_arbiter_5.policy.aag""]"	0	VERIFIED	1956c0f0a6373c9d283893ae41e19be7cba7398555c457553e40c901354e23a7	0.064463731	338210816
prioritized_arbiter-n5	system	5	L0	a7fffaa32b77cb5a13938ccfb02f7d93b6a31ec350d5f2da3e838a1574630d9d	2	"[""/home/gperez/GIT-repos/acacia-bonsai/subprojects/tlsf-tools/build-L0/tlsfcertcheck"",""--method"",""auto"",""--timeout"",""300"",""--node-cap"",""16777216"",""--json-out"",""/tmp/p1-attribution-m1vpw2rx/result-112-b193a1e7.json"",""--certificate"",""/home/gperez/GIT-repos/acacia-bonsai/_bm-logs.gr1-par2-p0-replay-L0/controls/prioritized_arbiter-n5/prioritized_arbiter-n5-c7b51fc52500-ome6h37z/generalizer/prioritized_arbiter_5.certificate.aag"",""--certificate-json"",""/home/gperez/GIT-repos/acacia-bonsai/_bm-logs.gr1-par2-p0-replay-L0/controls/prioritized_arbiter-n5/prioritized_arbiter-n5-c7b51fc52500-ome6h37z/generalizer/prioritized_arbiter_5.certificate.aag.json"",""/home/gperez/GIT-repos/acacia-bonsai/_bm-logs.gr1-par2-p0-replay-L0/controls/prioritized_arbiter-n5/prioritized_arbiter-n5-c7b51fc52500-ome6h37z/generalizer/prioritized_arbiter_5.game.aag"",""/home/gperez/GIT-repos/acacia-bonsai/_bm-logs.gr1-par2-p0-replay-L0/controls/prioritized_arbiter-n5/prioritized_arbiter-n5-c7b51fc52500-ome6h37z/generalizer/prioritized_arbiter_5.policy.aag""]"	0	VERIFIED	3fd2f386ec8ec5661a9ff86c7b1d581a76011620aab77f21a6daee45a4b1e2eb	0.059994114	338489344
prioritized_arbiter-n7	system	7	P1	b43dcec2423dab04a5867c6891a7b824951dccb9524472a4a41e0ad54cd863c3	2	"[""/home/gperez/GIT-repos/tlsf-tools/build-P1-0435385/tlsfcertcheck"",""--method"",""auto"",""--timeout"",""300"",""--node-cap"",""33554432"",""--json-out"",""/tmp/p1-attribution-m1vpw2rx/result-113-fcf521a4.json"",""--certificate"",""/home/gperez/GIT-repos/acacia-bonsai/_bm-logs.gr1-par2-p0-replay-L0/m6/prioritized_arbiter-n7/prioritized_arbiter-n7-5271d318e871-hco1hoyh/generalizer/prioritized_arbiter_7.certificate.aag"",""--certificate-json"",""/home/gperez/GIT-repos/acacia-bonsai/_bm-logs.gr1-par2-p0-replay-L0/m6/prioritized_arbiter-n7/prioritized_arbiter-n7-5271d318e871-hco1hoyh/generalizer/prioritized_arbiter_7.certificate.aag.json"",""/home/gperez/GIT-repos/acacia-bonsai/_bm-logs.gr1-par2-p0-replay-L0/m6/prioritized_arbiter-n7/prioritized_arbiter-n7-5271d318e871-hco1hoyh/generalizer/prioritized_arbiter_7.game.aag"",""/home/gperez/GIT-repos/acacia-bonsai/_bm-logs.gr1-par2-p0-replay-L0/m6/prioritized_arbiter-n7/prioritized_arbiter-n7-5271d318e871-hco1hoyh/generalizer/prioritized_arbiter_7.policy.aag""]"	0	VERIFIED	8bf2924ec8923b334018822ece86308919d9acdb7b61239e53e0bbaf2a8daac3	0.106225563	674922496
prioritized_arbiter-n7	system	7	L0	a7fffaa32b77cb5a13938ccfb02f7d93b6a31ec350d5f2da3e838a1574630d9d	2	"[""/home/gperez/GIT-repos/acacia-bonsai/subprojects/tlsf-tools/build-L0/tlsfcertcheck"",""--method"",""auto"",""--timeout"",""300"",""--node-cap"",""33554432"",""--json-out"",""/tmp/p1-attribution-m1vpw2rx/result-114-aaddb3e7.json"",""--certificate"",""/home/gperez/GIT-repos/acacia-bonsai/_bm-logs.gr1-par2-p0-replay-L0/m6/prioritized_arbiter-n7/prioritized_arbiter-n7-5271d318e871-hco1hoyh/generalizer/prioritized_arbiter_7.certificate.aag"",""--certificate-json"",""/home/gperez/GIT-repos/acacia-bonsai/_bm-logs.gr1-par2-p0-replay-L0/m6/prioritized_arbiter-n7/prioritized_arbiter-n7-5271d318e871-hco1hoyh/generalizer/prioritized_arbiter_7.certificate.aag.json"",""/home/gperez/GIT-repos/acacia-bonsai/_bm-logs.gr1-par2-p0-replay-L0/m6/prioritized_arbiter-n7/prioritized_arbiter-n7-5271d318e871-hco1hoyh/generalizer/prioritized_arbiter_7.game.aag"",""/home/gperez/GIT-repos/acacia-bonsai/_bm-logs.gr1-par2-p0-replay-L0/m6/prioritized_arbiter-n7/prioritized_arbiter-n7-5271d318e871-hco1hoyh/generalizer/prioritized_arbiter_7.policy.aag""]"	0	VERIFIED	a453f5accd5c05268f9d5d495fec9912f01a173aff9c19a52bd20838c63c5ddd	0.106846914	676171776
prioritized_arbiter-n8	system	8	P1	b43dcec2423dab04a5867c6891a7b824951dccb9524472a4a41e0ad54cd863c3	2	"[""/home/gperez/GIT-repos/tlsf-tools/build-P1-0435385/tlsfcertcheck"",""--method"",""auto"",""--timeout"",""300"",""--node-cap"",""33554432"",""--json-out"",""/tmp/p1-attribution-m1vpw2rx/result-115-888b7811.json"",""--certificate"",""/home/gperez/GIT-repos/acacia-bonsai/_bm-logs.gr1-par2-p0-replay-L0/m6/prioritized_arbiter-n8/prioritized_arbiter-n8-9247229ccfc2-mqxlgdca/generalizer/prioritized_arbiter_8.certificate.aag"",""--certificate-json"",""/home/gperez/GIT-repos/acacia-bonsai/_bm-logs.gr1-par2-p0-replay-L0/m6/prioritized_arbiter-n8/prioritized_arbiter-n8-9247229ccfc2-mqxlgdca/generalizer/prioritized_arbiter_8.certificate.aag.json"",""/home/gperez/GIT-repos/acacia-bonsai/_bm-logs.gr1-par2-p0-replay-L0/m6/prioritized_arbiter-n8/prioritized_arbiter-n8-9247229ccfc2-mqxlgdca/generalizer/prioritized_arbiter_8.game.aag"",""/home/gperez/GIT-repos/acacia-bonsai/_bm-logs.gr1-par2-p0-replay-L0/m6/prioritized_arbiter-n8/prioritized_arbiter-n8-9247229ccfc2-mqxlgdca/generalizer/prioritized_arbiter_8.policy.aag""]"	0	VERIFIED	08133e3b167b0744e24cf1bcdfa7f9a603a34c4bb9a75e00fdff57f5b7dcfa7f	0.123317555	674959360
prioritized_arbiter-n8	system	8	L0	a7fffaa32b77cb5a13938ccfb02f7d93b6a31ec350d5f2da3e838a1574630d9d	2	"[""/home/gperez/GIT-repos/acacia-bonsai/subprojects/tlsf-tools/build-L0/tlsfcertcheck"",""--method"",""auto"",""--timeout"",""300"",""--node-cap"",""33554432"",""--json-out"",""/tmp/p1-attribution-m1vpw2rx/result-116-77afebc8.json"",""--certificate"",""/home/gperez/GIT-repos/acacia-bonsai/_bm-logs.gr1-par2-p0-replay-L0/m6/prioritized_arbiter-n8/prioritized_arbiter-n8-9247229ccfc2-mqxlgdca/generalizer/prioritized_arbiter_8.certificate.aag"",""--certificate-json"",""/home/gperez/GIT-repos/acacia-bonsai/_bm-logs.gr1-par2-p0-replay-L0/m6/prioritized_arbiter-n8/prioritized_arbiter-n8-9247229ccfc2-mqxlgdca/generalizer/prioritized_arbiter_8.certificate.aag.json"",""/home/gperez/GIT-repos/acacia-bonsai/_bm-logs.gr1-par2-p0-replay-L0/m6/prioritized_arbiter-n8/prioritized_arbiter-n8-9247229ccfc2-mqxlgdca/generalizer/prioritized_arbiter_8.game.aag"",""/home/gperez/GIT-repos/acacia-bonsai/_bm-logs.gr1-par2-p0-replay-L0/m6/prioritized_arbiter-n8/prioritized_arbiter-n8-9247229ccfc2-mqxlgdca/generalizer/prioritized_arbiter_8.policy.aag""]"	0	VERIFIED	abe3c051399bee7bf0635e335dc2a91539f165aa3a73748ec0c26d0b3942bd13	0.116916814	677888000
prioritized_arbiter-n9	system	9	P1	b43dcec2423dab04a5867c6891a7b824951dccb9524472a4a41e0ad54cd863c3	2	"[""/home/gperez/GIT-repos/tlsf-tools/build-P1-0435385/tlsfcertcheck"",""--method"",""auto"",""--timeout"",""300"",""--node-cap"",""33554432"",""--json-out"",""/tmp/p1-attribution-m1vpw2rx/result-117-8766be54.json"",""--certificate"",""/home/gperez/GIT-repos/acacia-bonsai/_bm-logs.gr1-par2-p0-replay-L0/m6/prioritized_arbiter-n9/prioritized_arbiter-n9-6cf538f3a372-oncl3amq/generalizer/prioritized_arbiter_9.certificate.aag"",""--certificate-json"",""/home/gperez/GIT-repos/acacia-bonsai/_bm-logs.gr1-par2-p0-replay-L0/m6/prioritized_arbiter-n9/prioritized_arbiter-n9-6cf538f3a372-oncl3amq/generalizer/prioritized_arbiter_9.certificate.aag.json"",""/home/gperez/GIT-repos/acacia-bonsai/_bm-logs.gr1-par2-p0-replay-L0/m6/prioritized_arbiter-n9/prioritized_arbiter-n9-6cf538f3a372-oncl3amq/generalizer/prioritized_arbiter_9.game.aag"",""/home/gperez/GIT-repos/acacia-bonsai/_bm-logs.gr1-par2-p0-replay-L0/m6/prioritized_arbiter-n9/prioritized_arbiter-n9-6cf538f3a372-oncl3amq/generalizer/prioritized_arbiter_9.policy.aag""]"	0	VERIFIED	eb116855f33fea4fe34905b500cd5c30f985dd320dbba42049e9eaf0c5c661c9	0.139370731	675921920
prioritized_arbiter-n9	system	9	L0	a7fffaa32b77cb5a13938ccfb02f7d93b6a31ec350d5f2da3e838a1574630d9d	2	"[""/home/gperez/GIT-repos/acacia-bonsai/subprojects/tlsf-tools/build-L0/tlsfcertcheck"",""--method"",""auto"",""--timeout"",""300"",""--node-cap"",""33554432"",""--json-out"",""/tmp/p1-attribution-m1vpw2rx/result-118-7eaeb2b2.json"",""--certificate"",""/home/gperez/GIT-repos/acacia-bonsai/_bm-logs.gr1-par2-p0-replay-L0/m6/prioritized_arbiter-n9/prioritized_arbiter-n9-6cf538f3a372-oncl3amq/generalizer/prioritized_arbiter_9.certificate.aag"",""--certificate-json"",""/home/gperez/GIT-repos/acacia-bonsai/_bm-logs.gr1-par2-p0-replay-L0/m6/prioritized_arbiter-n9/prioritized_arbiter-n9-6cf538f3a372-oncl3amq/generalizer/prioritized_arbiter_9.certificate.aag.json"",""/home/gperez/GIT-repos/acacia-bonsai/_bm-logs.gr1-par2-p0-replay-L0/m6/prioritized_arbiter-n9/prioritized_arbiter-n9-6cf538f3a372-oncl3amq/generalizer/prioritized_arbiter_9.game.aag"",""/home/gperez/GIT-repos/acacia-bonsai/_bm-logs.gr1-par2-p0-replay-L0/m6/prioritized_arbiter-n9/prioritized_arbiter-n9-6cf538f3a372-oncl3amq/generalizer/prioritized_arbiter_9.policy.aag""]"	0	VERIFIED	a27067bb5e849193d761abb0adde30a69ec541b104d336bfeecd009aaf73d351	0.137149022	681512960
prioritized_arbiter-n10	system	10	P1	b43dcec2423dab04a5867c6891a7b824951dccb9524472a4a41e0ad54cd863c3	2	"[""/home/gperez/GIT-repos/tlsf-tools/build-P1-0435385/tlsfcertcheck"",""--method"",""auto"",""--timeout"",""300"",""--node-cap"",""33554432"",""--json-out"",""/tmp/p1-attribution-m1vpw2rx/result-119-347e180e.json"",""--certificate"",""/home/gperez/GIT-repos/acacia-bonsai/_bm-logs.gr1-par2-p0-replay-L0/m6/prioritized_arbiter-n10/prioritized_arbiter-n10-0ec6ae1645d7-y9_d20j7/generalizer/prioritized_arbiter_10.certificate.aag"",""--certificate-json"",""/home/gperez/GIT-repos/acacia-bonsai/_bm-logs.gr1-par2-p0-replay-L0/m6/prioritized_arbiter-n10/prioritized_arbiter-n10-0ec6ae1645d7-y9_d20j7/generalizer/prioritized_arbiter_10.certificate.aag.json"",""/home/gperez/GIT-repos/acacia-bonsai/_bm-logs.gr1-par2-p0-replay-L0/m6/prioritized_arbiter-n10/prioritized_arbiter-n10-0ec6ae1645d7-y9_d20j7/generalizer/prioritized_arbiter_10.game.aag"",""/home/gperez/GIT-repos/acacia-bonsai/_bm-logs.gr1-par2-p0-replay-L0/m6/prioritized_arbiter-n10/prioritized_arbiter-n10-0ec6ae1645d7-y9_d20j7/generalizer/prioritized_arbiter_10.policy.aag""]"	0	VERIFIED	7d08fe053193b95cf9191ec6e952ffe3bb13de419c013d2c16e257f5016bf1c7	0.178109217	677814272
prioritized_arbiter-n10	system	10	L0	a7fffaa32b77cb5a13938ccfb02f7d93b6a31ec350d5f2da3e838a1574630d9d	2	"[""/home/gperez/GIT-repos/acacia-bonsai/subprojects/tlsf-tools/build-L0/tlsfcertcheck"",""--method"",""auto"",""--timeout"",""300"",""--node-cap"",""33554432"",""--json-out"",""/tmp/p1-attribution-m1vpw2rx/result-120-8a4fd7e4.json"",""--certificate"",""/home/gperez/GIT-repos/acacia-bonsai/_bm-logs.gr1-par2-p0-replay-L0/m6/prioritized_arbiter-n10/prioritized_arbiter-n10-0ec6ae1645d7-y9_d20j7/generalizer/prioritized_arbiter_10.certificate.aag"",""--certificate-json"",""/home/gperez/GIT-repos/acacia-bonsai/_bm-logs.gr1-par2-p0-replay-L0/m6/prioritized_arbiter-n10/prioritized_arbiter-n10-0ec6ae1645d7-y9_d20j7/generalizer/prioritized_arbiter_10.certificate.aag.json"",""/home/gperez/GIT-repos/acacia-bonsai/_bm-logs.gr1-par2-p0-replay-L0/m6/prioritized_arbiter-n10/prioritized_arbiter-n10-0ec6ae1645d7-y9_d20j7/generalizer/prioritized_arbiter_10.game.aag"",""/home/gperez/GIT-repos/acacia-bonsai/_bm-logs.gr1-par2-p0-replay-L0/m6/prioritized_arbiter-n10/prioritized_arbiter-n10-0ec6ae1645d7-y9_d20j7/generalizer/prioritized_arbiter_10.policy.aag""]"	0	VERIFIED	f1975f4e838f951780521bb02b4fbee3ade152ac3dcfd9340bc78c37eefa4df4	0.164366119	687521792
prioritized_arbiter-n12	system	12	P1	b43dcec2423dab04a5867c6891a7b824951dccb9524472a4a41e0ad54cd863c3	2	"[""/home/gperez/GIT-repos/tlsf-tools/build-P1-0435385/tlsfcertcheck"",""--method"",""auto"",""--timeout"",""300"",""--node-cap"",""67108864"",""--json-out"",""/tmp/p1-attribution-m1vpw2rx/result-121-9c3808ac.json"",""--certificate"",""/home/gperez/GIT-repos/acacia-bonsai/_bm-logs.gr1-par2-p0-replay-L0/m6/prioritized_arbiter-n12/prioritized_arbiter-n12-7a4e0b2280c4-sbsmty3i/generalizer/prioritized_arbiter_12.certificate.aag"",""--certificate-json"",""/home/gperez/GIT-repos/acacia-bonsai/_bm-logs.gr1-par2-p0-replay-L0/m6/prioritized_arbiter-n12/prioritized_arbiter-n12-7a4e0b2280c4-sbsmty3i/generalizer/prioritized_arbiter_12.certificate.aag.json"",""/home/gperez/GIT-repos/acacia-bonsai/_bm-logs.gr1-par2-p0-replay-L0/m6/prioritized_arbiter-n12/prioritized_arbiter-n12-7a4e0b2280c4-sbsmty3i/generalizer/prioritized_arbiter_12.game.aag"",""/home/gperez/GIT-repos/acacia-bonsai/_bm-logs.gr1-par2-p0-replay-L0/m6/prioritized_arbiter-n12/prioritized_arbiter-n12-7a4e0b2280c4-sbsmty3i/generalizer/prioritized_arbiter_12.policy.aag""]"	0	VERIFIED	5808bc8746da8930750668cb5514f1a766716b0c582ecc36fddbc50be1051f49	0.767026327	1359310848
prioritized_arbiter-n12	system	12	L0	a7fffaa32b77cb5a13938ccfb02f7d93b6a31ec350d5f2da3e838a1574630d9d	2	"[""/home/gperez/GIT-repos/acacia-bonsai/subprojects/tlsf-tools/build-L0/tlsfcertcheck"",""--method"",""auto"",""--timeout"",""300"",""--node-cap"",""67108864"",""--json-out"",""/tmp/p1-attribution-m1vpw2rx/result-122-f9a9aa48.json"",""--certificate"",""/home/gperez/GIT-repos/acacia-bonsai/_bm-logs.gr1-par2-p0-replay-L0/m6/prioritized_arbiter-n12/prioritized_arbiter-n12-7a4e0b2280c4-sbsmty3i/generalizer/prioritized_arbiter_12.certificate.aag"",""--certificate-json"",""/home/gperez/GIT-repos/acacia-bonsai/_bm-logs.gr1-par2-p0-replay-L0/m6/prioritized_arbiter-n12/prioritized_arbiter-n12-7a4e0b2280c4-sbsmty3i/generalizer/prioritized_arbiter_12.certificate.aag.json"",""/home/gperez/GIT-repos/acacia-bonsai/_bm-logs.gr1-par2-p0-replay-L0/m6/prioritized_arbiter-n12/prioritized_arbiter-n12-7a4e0b2280c4-sbsmty3i/generalizer/prioritized_arbiter_12.game.aag"",""/home/gperez/GIT-repos/acacia-bonsai/_bm-logs.gr1-par2-p0-replay-L0/m6/prioritized_arbiter-n12/prioritized_arbiter-n12-7a4e0b2280c4-sbsmty3i/generalizer/prioritized_arbiter_12.policy.aag""]"	0	VERIFIED	c909fca46c66253cefd353169768fb1db9d8555a7c056853a9e9a87fea0b7720	0.463165817	1409593344
prioritized_arbiter_unreal2-n3	environment	3	P1	b43dcec2423dab04a5867c6891a7b824951dccb9524472a4a41e0ad54cd863c3	2	"[""/home/gperez/GIT-repos/tlsf-tools/build-P1-0435385/tlsfcertcheck"",""--method"",""certificate"",""--timeout"",""300"",""--node-cap"",""67108864"",""--json-out"",""/tmp/p1-attribution-m1vpw2rx/result-123-4095342a.json"",""--certificate"",""/home/gperez/GIT-repos/acacia-bonsai/_bm-logs.gr1-par2-p0-replay-L0/controls/prioritized_arbiter_unreal2-n3/prioritized_arbiter_unreal2-n3-d5e385f8c0e7-3s_f8qal/generalizer/prioritized_arbiter_unreal2_3.certificate.aag"",""--certificate-json"",""/home/gperez/GIT-repos/acacia-bonsai/_bm-logs.gr1-par2-p0-replay-L0/controls/prioritized_arbiter_unreal2-n3/prioritized_arbiter_unreal2-n3-d5e385f8c0e7-3s_f8qal/generalizer/prioritized_arbiter_unreal2_3.certificate.aag.json"",""/home/gperez/GIT-repos/acacia-bonsai/_bm-logs.gr1-par2-p0-replay-L0/controls/prioritized_arbiter_unreal2-n3/prioritized_arbiter_unreal2-n3-d5e385f8c0e7-3s_f8qal/generalizer/prioritized_arbiter_unreal2_3.game.aag"",""/home/gperez/GIT-repos/acacia-bonsai/_bm-logs.gr1-par2-p0-replay-L0/controls/prioritized_arbiter_unreal2-n3/prioritized_arbiter_unreal2-n3-d5e385f8c0e7-3s_f8qal/generalizer/prioritized_arbiter_unreal2_3.policy.aag""]"	0	VERIFIED	e6c6f42fdc2ca499f23b152d9031211cee89c15a564f2f8b0bbbc8174dedf5c9	0.182831861	1346568192
prioritized_arbiter_unreal2-n3	environment	3	L0	a7fffaa32b77cb5a13938ccfb02f7d93b6a31ec350d5f2da3e838a1574630d9d	2	"[""/home/gperez/GIT-repos/acacia-bonsai/subprojects/tlsf-tools/build-L0/tlsfcertcheck"",""--method"",""certificate"",""--timeout"",""300"",""--node-cap"",""67108864"",""--json-out"",""/tmp/p1-attribution-m1vpw2rx/result-124-5105faa5.json"",""--certificate"",""/home/gperez/GIT-repos/acacia-bonsai/_bm-logs.gr1-par2-p0-replay-L0/controls/prioritized_arbiter_unreal2-n3/prioritized_arbiter_unreal2-n3-d5e385f8c0e7-3s_f8qal/generalizer/prioritized_arbiter_unreal2_3.certificate.aag"",""--certificate-json"",""/home/gperez/GIT-repos/acacia-bonsai/_bm-logs.gr1-par2-p0-replay-L0/controls/prioritized_arbiter_unreal2-n3/prioritized_arbiter_unreal2-n3-d5e385f8c0e7-3s_f8qal/generalizer/prioritized_arbiter_unreal2_3.certificate.aag.json"",""/home/gperez/GIT-repos/acacia-bonsai/_bm-logs.gr1-par2-p0-replay-L0/controls/prioritized_arbiter_unreal2-n3/prioritized_arbiter_unreal2-n3-d5e385f8c0e7-3s_f8qal/generalizer/prioritized_arbiter_unreal2_3.game.aag"",""/home/gperez/GIT-repos/acacia-bonsai/_bm-logs.gr1-par2-p0-replay-L0/controls/prioritized_arbiter_unreal2-n3/prioritized_arbiter_unreal2-n3-d5e385f8c0e7-3s_f8qal/generalizer/prioritized_arbiter_unreal2_3.policy.aag""]"	0	VERIFIED	d459ca2ecbc096b8adae3fc00b432b20a58bfc56a72d065a0b88c8a0011ee223	0.193327607	1347129344
round_robin_arbiter_unreal2-n3	environment	3	P1	b43dcec2423dab04a5867c6891a7b824951dccb9524472a4a41e0ad54cd863c3	2	"[""/home/gperez/GIT-repos/tlsf-tools/build-P1-0435385/tlsfcertcheck"",""--method"",""certificate"",""--timeout"",""300"",""--node-cap"",""67108864"",""--json-out"",""/tmp/p1-attribution-m1vpw2rx/result-125-1b1fd116.json"",""--certificate"",""/home/gperez/GIT-repos/acacia-bonsai/_bm-logs.gr1-par2-p0-replay-L0/controls/round_robin_arbiter_unreal2-n3/round_robin_arbiter_unreal2-n3-8097944faf56-u8tdh1im/generalizer/round_robin_arbiter_unreal2_3.certificate.aag"",""--certificate-json"",""/home/gperez/GIT-repos/acacia-bonsai/_bm-logs.gr1-par2-p0-replay-L0/controls/round_robin_arbiter_unreal2-n3/round_robin_arbiter_unreal2-n3-8097944faf56-u8tdh1im/generalizer/round_robin_arbiter_unreal2_3.certificate.aag.json"",""/home/gperez/GIT-repos/acacia-bonsai/_bm-logs.gr1-par2-p0-replay-L0/controls/round_robin_arbiter_unreal2-n3/round_robin_arbiter_unreal2-n3-8097944faf56-u8tdh1im/generalizer/round_robin_arbiter_unreal2_3.game.aag"",""/home/gperez/GIT-repos/acacia-bonsai/_bm-logs.gr1-par2-p0-replay-L0/controls/round_robin_arbiter_unreal2-n3/round_robin_arbiter_unreal2-n3-8097944faf56-u8tdh1im/generalizer/round_robin_arbiter_unreal2_3.policy.aag""]"	0	VERIFIED	7c425351018d69be846fa6e7b5b256c25168b3aaba2a428cf5bec7cdf9701ca0	0.219041510	1349144576
round_robin_arbiter_unreal2-n3	environment	3	L0	a7fffaa32b77cb5a13938ccfb02f7d93b6a31ec350d5f2da3e838a1574630d9d	2	"[""/home/gperez/GIT-repos/acacia-bonsai/subprojects/tlsf-tools/build-L0/tlsfcertcheck"",""--method"",""certificate"",""--timeout"",""300"",""--node-cap"",""67108864"",""--json-out"",""/tmp/p1-attribution-m1vpw2rx/result-126-5e697d1d.json"",""--certificate"",""/home/gperez/GIT-repos/acacia-bonsai/_bm-logs.gr1-par2-p0-replay-L0/controls/round_robin_arbiter_unreal2-n3/round_robin_arbiter_unreal2-n3-8097944faf56-u8tdh1im/generalizer/round_robin_arbiter_unreal2_3.certificate.aag"",""--certificate-json"",""/home/gperez/GIT-repos/acacia-bonsai/_bm-logs.gr1-par2-p0-replay-L0/controls/round_robin_arbiter_unreal2-n3/round_robin_arbiter_unreal2-n3-8097944faf56-u8tdh1im/generalizer/round_robin_arbiter_unreal2_3.certificate.aag.json"",""/home/gperez/GIT-repos/acacia-bonsai/_bm-logs.gr1-par2-p0-replay-L0/controls/round_robin_arbiter_unreal2-n3/round_robin_arbiter_unreal2-n3-8097944faf56-u8tdh1im/generalizer/round_robin_arbiter_unreal2_3.game.aag"",""/home/gperez/GIT-repos/acacia-bonsai/_bm-logs.gr1-par2-p0-replay-L0/controls/round_robin_arbiter_unreal2-n3/round_robin_arbiter_unreal2-n3-8097944faf56-u8tdh1im/generalizer/round_robin_arbiter_unreal2_3.policy.aag""]"	0	VERIFIED	063bb406392ae22c242d40a143706425935a7279ae20455c1e2cca67e2e204dd	0.222995180	1350201344
round_robin_arbiter_unreal2-n5	environment	5	P1	b43dcec2423dab04a5867c6891a7b824951dccb9524472a4a41e0ad54cd863c3	2	"[""/home/gperez/GIT-repos/tlsf-tools/build-P1-0435385/tlsfcertcheck"",""--method"",""certificate"",""--timeout"",""300"",""--node-cap"",""67108864"",""--json-out"",""/tmp/p1-attribution-m1vpw2rx/result-127-289c3f5e.json"",""--certificate"",""/home/gperez/GIT-repos/acacia-bonsai/_bm-logs.gr1-par2-p0-replay-L0/m6/round_robin_arbiter_unreal2-n5/round_robin_arbiter_unreal2-n5-5cbbde05b72d-vnyrdh4m/generalizer/round_robin_arbiter_unreal2_5.certificate.aag"",""--certificate-json"",""/home/gperez/GIT-repos/acacia-bonsai/_bm-logs.gr1-par2-p0-replay-L0/m6/round_robin_arbiter_unreal2-n5/round_robin_arbiter_unreal2-n5-5cbbde05b72d-vnyrdh4m/generalizer/round_robin_arbiter_unreal2_5.certificate.aag.json"",""/home/gperez/GIT-repos/acacia-bonsai/_bm-logs.gr1-par2-p0-replay-L0/m6/round_robin_arbiter_unreal2-n5/round_robin_arbiter_unreal2-n5-5cbbde05b72d-vnyrdh4m/generalizer/round_robin_arbiter_unreal2_5.game.aag"",""/home/gperez/GIT-repos/acacia-bonsai/_bm-logs.gr1-par2-p0-replay-L0/m6/round_robin_arbiter_unreal2-n5/round_robin_arbiter_unreal2-n5-5cbbde05b72d-vnyrdh4m/generalizer/round_robin_arbiter_unreal2_5.policy.aag""]"	0	VERIFIED	fa081e7977493db83deff2fba36f58e8bb10a14003bc187ca6af7f5d9edfdab4	1.009120364	1396539392
round_robin_arbiter_unreal2-n5	environment	5	L0	a7fffaa32b77cb5a13938ccfb02f7d93b6a31ec350d5f2da3e838a1574630d9d	2	"[""/home/gperez/GIT-repos/acacia-bonsai/subprojects/tlsf-tools/build-L0/tlsfcertcheck"",""--method"",""certificate"",""--timeout"",""300"",""--node-cap"",""67108864"",""--json-out"",""/tmp/p1-attribution-m1vpw2rx/result-128-f718d7cd.json"",""--certificate"",""/home/gperez/GIT-repos/acacia-bonsai/_bm-logs.gr1-par2-p0-replay-L0/m6/round_robin_arbiter_unreal2-n5/round_robin_arbiter_unreal2-n5-5cbbde05b72d-vnyrdh4m/generalizer/round_robin_arbiter_unreal2_5.certificate.aag"",""--certificate-json"",""/home/gperez/GIT-repos/acacia-bonsai/_bm-logs.gr1-par2-p0-replay-L0/m6/round_robin_arbiter_unreal2-n5/round_robin_arbiter_unreal2-n5-5cbbde05b72d-vnyrdh4m/generalizer/round_robin_arbiter_unreal2_5.certificate.aag.json"",""/home/gperez/GIT-repos/acacia-bonsai/_bm-logs.gr1-par2-p0-replay-L0/m6/round_robin_arbiter_unreal2-n5/round_robin_arbiter_unreal2-n5-5cbbde05b72d-vnyrdh4m/generalizer/round_robin_arbiter_unreal2_5.game.aag"",""/home/gperez/GIT-repos/acacia-bonsai/_bm-logs.gr1-par2-p0-replay-L0/m6/round_robin_arbiter_unreal2-n5/round_robin_arbiter_unreal2-n5-5cbbde05b72d-vnyrdh4m/generalizer/round_robin_arbiter_unreal2_5.policy.aag""]"	0	VERIFIED	4bf90342c72dd130a2eda04fe0b05aa2b3756d3f981aa1e19403d1c8c8a54e04	1.030923175	1417945088
round_robin_arbiter_unreal2-n6	environment	6	P1	b43dcec2423dab04a5867c6891a7b824951dccb9524472a4a41e0ad54cd863c3	2	"[""/home/gperez/GIT-repos/tlsf-tools/build-P1-0435385/tlsfcertcheck"",""--method"",""certificate"",""--timeout"",""300"",""--node-cap"",""67108864"",""--json-out"",""/tmp/p1-attribution-m1vpw2rx/result-129-88fd0d45.json"",""--certificate"",""/home/gperez/GIT-repos/acacia-bonsai/_bm-logs.gr1-par2-p0-replay-L0/m6/round_robin_arbiter_unreal2-n6/round_robin_arbiter_unreal2-n6-3c89055d9f25-0imn9p3l/generalizer/round_robin_arbiter_unreal2_6.certificate.aag"",""--certificate-json"",""/home/gperez/GIT-repos/acacia-bonsai/_bm-logs.gr1-par2-p0-replay-L0/m6/round_robin_arbiter_unreal2-n6/round_robin_arbiter_unreal2-n6-3c89055d9f25-0imn9p3l/generalizer/round_robin_arbiter_unreal2_6.certificate.aag.json"",""/home/gperez/GIT-repos/acacia-bonsai/_bm-logs.gr1-par2-p0-replay-L0/m6/round_robin_arbiter_unreal2-n6/round_robin_arbiter_unreal2-n6-3c89055d9f25-0imn9p3l/generalizer/round_robin_arbiter_unreal2_6.game.aag"",""/home/gperez/GIT-repos/acacia-bonsai/_bm-logs.gr1-par2-p0-replay-L0/m6/round_robin_arbiter_unreal2-n6/round_robin_arbiter_unreal2-n6-3c89055d9f25-0imn9p3l/generalizer/round_robin_arbiter_unreal2_6.policy.aag""]"	0	VERIFIED	9b5098d7452e15d4d1c9fabe588f59d4d413f4d72ea09a2682de03ed6e62f068	4.124765889	1568903168
round_robin_arbiter_unreal2-n6	environment	6	L0	a7fffaa32b77cb5a13938ccfb02f7d93b6a31ec350d5f2da3e838a1574630d9d	2	"[""/home/gperez/GIT-repos/acacia-bonsai/subprojects/tlsf-tools/build-L0/tlsfcertcheck"",""--method"",""certificate"",""--timeout"",""300"",""--node-cap"",""67108864"",""--json-out"",""/tmp/p1-attribution-m1vpw2rx/result-130-3e5f43d9.json"",""--certificate"",""/home/gperez/GIT-repos/acacia-bonsai/_bm-logs.gr1-par2-p0-replay-L0/m6/round_robin_arbiter_unreal2-n6/round_robin_arbiter_unreal2-n6-3c89055d9f25-0imn9p3l/generalizer/round_robin_arbiter_unreal2_6.certificate.aag"",""--certificate-json"",""/home/gperez/GIT-repos/acacia-bonsai/_bm-logs.gr1-par2-p0-replay-L0/m6/round_robin_arbiter_unreal2-n6/round_robin_arbiter_unreal2-n6-3c89055d9f25-0imn9p3l/generalizer/round_robin_arbiter_unreal2_6.certificate.aag.json"",""/home/gperez/GIT-repos/acacia-bonsai/_bm-logs.gr1-par2-p0-replay-L0/m6/round_robin_arbiter_unreal2-n6/round_robin_arbiter_unreal2-n6-3c89055d9f25-0imn9p3l/generalizer/round_robin_arbiter_unreal2_6.game.aag"",""/home/gperez/GIT-repos/acacia-bonsai/_bm-logs.gr1-par2-p0-replay-L0/m6/round_robin_arbiter_unreal2-n6/round_robin_arbiter_unreal2-n6-3c89055d9f25-0imn9p3l/generalizer/round_robin_arbiter_unreal2_6.policy.aag""]"	0	VERIFIED	0ac64de4c6ba05dea05773d753e40741a0e139e2eb78c33187b795149b952807	3.969143825	1679179776
round_robin_arbiter_unreal2-n7	environment	7	P1	b43dcec2423dab04a5867c6891a7b824951dccb9524472a4a41e0ad54cd863c3	2	"[""/home/gperez/GIT-repos/tlsf-tools/build-P1-0435385/tlsfcertcheck"",""--method"",""certificate"",""--timeout"",""300"",""--node-cap"",""67108864"",""--json-out"",""/tmp/p1-attribution-m1vpw2rx/result-131-8f67e038.json"",""--certificate"",""/home/gperez/GIT-repos/acacia-bonsai/_bm-logs.gr1-par2-p0-replay-L0/m6/round_robin_arbiter_unreal2-n7/round_robin_arbiter_unreal2-n7-4a8dd5ddc20c-1g8f5r5o/generalizer/round_robin_arbiter_unreal2_7.certificate.aag"",""--certificate-json"",""/home/gperez/GIT-repos/acacia-bonsai/_bm-logs.gr1-par2-p0-replay-L0/m6/round_robin_arbiter_unreal2-n7/round_robin_arbiter_unreal2-n7-4a8dd5ddc20c-1g8f5r5o/generalizer/round_robin_arbiter_unreal2_7.certificate.aag.json"",""/home/gperez/GIT-repos/acacia-bonsai/_bm-logs.gr1-par2-p0-replay-L0/m6/round_robin_arbiter_unreal2-n7/round_robin_arbiter_unreal2-n7-4a8dd5ddc20c-1g8f5r5o/generalizer/round_robin_arbiter_unreal2_7.game.aag"",""/home/gperez/GIT-repos/acacia-bonsai/_bm-logs.gr1-par2-p0-replay-L0/m6/round_robin_arbiter_unreal2-n7/round_robin_arbiter_unreal2-n7-4a8dd5ddc20c-1g8f5r5o/generalizer/round_robin_arbiter_unreal2_7.policy.aag""]"	0	VERIFIED	1bf5950e0fc762ce37f47f290f6c213fc82b260939770434d3cf2c769baf0478	19.968771081	2389192704
round_robin_arbiter_unreal2-n7	environment	7	L0	a7fffaa32b77cb5a13938ccfb02f7d93b6a31ec350d5f2da3e838a1574630d9d	2	"[""/home/gperez/GIT-repos/acacia-bonsai/subprojects/tlsf-tools/build-L0/tlsfcertcheck"",""--method"",""certificate"",""--timeout"",""300"",""--node-cap"",""67108864"",""--json-out"",""/tmp/p1-attribution-m1vpw2rx/result-132-da0c0319.json"",""--certificate"",""/home/gperez/GIT-repos/acacia-bonsai/_bm-logs.gr1-par2-p0-replay-L0/m6/round_robin_arbiter_unreal2-n7/round_robin_arbiter_unreal2-n7-4a8dd5ddc20c-1g8f5r5o/generalizer/round_robin_arbiter_unreal2_7.certificate.aag"",""--certificate-json"",""/home/gperez/GIT-repos/acacia-bonsai/_bm-logs.gr1-par2-p0-replay-L0/m6/round_robin_arbiter_unreal2-n7/round_robin_arbiter_unreal2-n7-4a8dd5ddc20c-1g8f5r5o/generalizer/round_robin_arbiter_unreal2_7.certificate.aag.json"",""/home/gperez/GIT-repos/acacia-bonsai/_bm-logs.gr1-par2-p0-replay-L0/m6/round_robin_arbiter_unreal2-n7/round_robin_arbiter_unreal2-n7-4a8dd5ddc20c-1g8f5r5o/generalizer/round_robin_arbiter_unreal2_7.game.aag"",""/home/gperez/GIT-repos/acacia-bonsai/_bm-logs.gr1-par2-p0-replay-L0/m6/round_robin_arbiter_unreal2-n7/round_robin_arbiter_unreal2-n7-4a8dd5ddc20c-1g8f5r5o/generalizer/round_robin_arbiter_unreal2_7.policy.aag""]"	0	VERIFIED	7e84e3e7482eb16b49d34c4e9ec18ead49b69206a92c243c3165493082f5d667	17.984592647	2832265216
