run-syntcomp26-coverage exit: resetting failed scope residue acacia-syntcomp26-coverage-155143-31380fe2e3a4.scope
run-syntcomp26-coverage exit: resetting failed scope residue acacia-syntcomp26-coverage-155143-cecc8f7c9fb2.scope
run-syntcomp26-coverage exit: cleaned up 2 scope(s) that outlived this campaign
cap=60s instance=01.ltl result=UNKNOWN seconds=0.804
cap=60s instance=02.ltl result=UNKNOWN seconds=9.485
cap=60s instance=03.ltl result=TIMEOUT seconds=60.279
cap=60s instance=05.ltl result=TIMEOUT seconds=60.040
cap=60s instance=06.ltl result=TIMEOUT seconds=60.063
cap=60s instance=07.ltl result=TIMEOUT seconds=60.080
cap=60s instance=08.ltl result=TIMEOUT seconds=60.063
cap=60s instance=09.ltl result=TIMEOUT seconds=60.080
cap=60s instance=10.ltl result=TIMEOUT seconds=60.081
cap=60s instance=11.ltl result=TIMEOUT seconds=60.048
cap=60s instance=12.ltl result=TIMEOUT seconds=60.082
cap=60s instance=13.ltl result=TIMEOUT seconds=60.080
cap=60s instance=ActionConverter.ltl result=UNKNOWN seconds=0.028
cap=60s instance=AlarmMin_efe2feaf.ltl result=UNKNOWN seconds=3.181
cap=60s instance=Alarm_06e9cad4.ltl result=TIMEOUT seconds=60.279
cap=60s instance=Alarm_2d1010f8.ltl result=UNKNOWN seconds=3.621
cap=60s instance=Alarm_68c86764.ltl result=TIMEOUT seconds=60.328
cap=60s instance=Alarm_70523fbe.ltl result=TIMEOUT seconds=60.278
cap=60s instance=Alarm_88c5c1c3.ltl result=UNKNOWN seconds=0.037
cap=60s instance=Alarm_9cac58d3.ltl result=UNKNOWN seconds=0.040
cap=60s instance=Alarm_a5f99bc6.ltl result=TIMEOUT seconds=60.322
cap=60s instance=Alarm_f2774e0b.ltl result=TIMEOUT seconds=60.326
cap=60s instance=AllHeating_d6376bf9.ltl result=TIMEOUT seconds=60.150
cap=60s instance=AllLights_06e9cad4.ltl result=UNREALIZABLE seconds=1.300
cap=60s instance=AllLights_2c5b09da.ltl result=UNREALIZABLE seconds=0.761
cap=60s instance=AllLights_63831f8c.ltl result=UNREALIZABLE seconds=1.377
cap=60s instance=AllLights_aeb1d897.ltl result=UNREALIZABLE seconds=1.993
cap=60s instance=AllLights_b209ff21.ltl result=UNREALIZABLE seconds=1.993
cap=60s instance=AllLights_d6c5ac79.ltl result=UNREALIZABLE seconds=1.949
cap=60s instance=AllShades_66f450a4.ltl result=UNREALIZABLE seconds=1.412
cap=60s instance=Assumptions_a50cadd7.ltl result=UNREALIZABLE seconds=0.030
cap=60s instance=Automata.ltl result=UNKNOWN seconds=0.692
cap=60s instance=Automata16S.ltl result=TIMEOUT seconds=60.187
cap=60s instance=Automata32S.ltl result=TIMEOUT seconds=60.129
cap=60s instance=Button.ltl result=UNKNOWN seconds=0.028
cap=60s instance=CheckAlarmBroken1_1a2942e3.ltl result=UNKNOWN seconds=0.032
cap=60s instance=CheckAlarm_6bea956e.ltl result=UNREALIZABLE seconds=0.033
cap=60s instance=CheckCoffeMachineBroken1_a5f99bc6.ltl result=TIMEOUT seconds=60.186
cap=60s instance=CheckCoffeMachine_3461125b.ltl result=UNREALIZABLE seconds=0.035
cap=60s instance=CheckCoffeMachine_f3987563.ltl result=UNREALIZABLE seconds=0.044
cap=60s instance=CheckDoor_c2b9e44d.ltl result=UNREALIZABLE seconds=0.051
cap=60s instance=CheckHeating_2418b67e.ltl result=UNREALIZABLE seconds=0.044
cap=60s instance=CheckHeating_3461125b.ltl result=UNREALIZABLE seconds=0.048
cap=60s instance=CheckLight_007df645.ltl result=UNREALIZABLE seconds=0.043
cap=60s instance=CheckLight_aeb1d897.ltl result=UNREALIZABLE seconds=0.046
cap=60s instance=CheckRoom_06e9cad4.ltl result=UNREALIZABLE seconds=0.043
cap=60s instance=CheckRoom_2c5b09da.ltl result=UNREALIZABLE seconds=0.045
cap=60s instance=CheckRoom_3916ec59.ltl result=UNREALIZABLE seconds=0.045
cap=60s instance=CheckRoom_70523fbe.ltl result=UNREALIZABLE seconds=0.023
cap=60s instance=CheckShades_1a2942e3.ltl result=UNREALIZABLE seconds=0.024
cap=60s instance=CheckShades_3461125b.ltl result=UNREALIZABLE seconds=0.022
cap=60s instance=CheckShades_4d4ca5c4.ltl result=UNREALIZABLE seconds=0.023
cap=60s instance=CheckShades_aeb1d897.ltl result=UNREALIZABLE seconds=0.021
cap=60s instance=CheckTime_3916ec59.ltl result=UNREALIZABLE seconds=0.023
cap=60s instance=CheckTime_4b5e6eaa.ltl result=UNREALIZABLE seconds=0.023
cap=60s instance=CheckTime_54e1f7d2.ltl result=UNREALIZABLE seconds=0.041
cap=60s instance=CheckTimer_54e1f7d2.ltl result=UNREALIZABLE seconds=0.045
cap=60s instance=CheckTimer_fa8592c8.ltl result=UNREALIZABLE seconds=0.050
cap=60s instance=CheckWarnlightBroken1_70523fbe.ltl result=UNKNOWN seconds=0.033
cap=60s instance=CheckWarnlight_1cf58fc1.ltl result=UNREALIZABLE seconds=0.045
cap=60s instance=CheckWarnlight_4b5a2bad.ltl result=UNREALIZABLE seconds=0.040
cap=60s instance=CheckWarnlight_54e1f7d2.ltl result=UNREALIZABLE seconds=0.044
cap=60s instance=CheckWarnlight_6bea956e.ltl result=UNREALIZABLE seconds=0.027
cap=60s instance=CheckWindows_54e1f7d2.ltl result=UNREALIZABLE seconds=0.023
cap=60s instance=Cockpitboard.ltl result=UNKNOWN seconds=0.022
cap=60s instance=Cockpitboard_efe2feaf.ltl result=UNKNOWN seconds=0.025
cap=60s instance=CoffeMachine_974f4a68.ltl result=TIMEOUT seconds=60.125
cap=60s instance=CoffeMachine_a50cadd7.ltl result=UNREALIZABLE seconds=0.032
cap=60s instance=CoffeeMin_88f351a6.ltl result=UNKNOWN seconds=3.465
cap=60s instance=Coffee_06e9cad4.ltl result=TIMEOUT seconds=60.186
cap=60s instance=Coffee_235467da.ltl result=TIMEOUT seconds=60.230
cap=60s instance=Coffee_2c5b09da.ltl result=UNKNOWN seconds=6.289
cap=60s instance=Coffee_6479ef9a.ltl result=TIMEOUT seconds=60.183
cap=60s instance=Coffee_d6376bf9.ltl result=TIMEOUT seconds=60.183
cap=60s instance=Coffee_efe2feaf.ltl result=TIMEOUT seconds=60.230
cap=60s instance=Coffee_f1477cc5.ltl result=UNREALIZABLE seconds=0.034
cap=60s instance=Core_4b5a2bad.ltl result=UNREALIZABLE seconds=0.055
cap=60s instance=Core_66f450a4.ltl result=UNREALIZABLE seconds=0.045
cap=60s instance=Core_fa4d4ce3.ltl result=UNREALIZABLE seconds=0.046
cap=60s instance=Core_solved_974f4a68.ltl result=TIMEOUT seconds=60.237
cap=60s instance=Demo1_06e9cad4.ltl result=TIMEOUT seconds=60.129
cap=60s instance=Demo1_2c5b09da.ltl result=TIMEOUT seconds=60.129
cap=60s instance=Demo1_63831f8c.ltl result=TIMEOUT seconds=60.128
cap=60s instance=Demo1_c2b9e44d.ltl result=TIMEOUT seconds=60.129
cap=60s instance=Demo1_d65ed84e.ltl result=TIMEOUT seconds=60.129
cap=60s instance=DeviceBehaviorChec_fa8592c8.ltl result=UNREALIZABLE seconds=0.045
cap=60s instance=Door_2d1010f8.ltl result=UNKNOWN seconds=5.021
cap=60s instance=EnemeyModule.ltl result=UNKNOWN seconds=0.030
cap=60s instance=EscalatorBidirectional.ltl result=UNKNOWN seconds=0.054
cap=60s instance=EscalatorBidirectionalInit.ltl result=UNKNOWN seconds=0.043
cap=60s instance=EscalatorCounting.ltl result=UNKNOWN seconds=0.034
cap=60s instance=EscalatorCountingInit.ltl result=UNKNOWN seconds=0.050
cap=60s instance=EscalatorNonCounting.ltl result=UNKNOWN seconds=0.038
cap=60s instance=EscalatorNonReactive.ltl result=UNKNOWN seconds=0.045
cap=60s instance=EscalatorSmart.ltl result=TIMEOUT seconds=60.187
cap=60s instance=Example1_d6376bf9.ltl result=UNKNOWN seconds=0.034
cap=60s instance=F-G-contradiction-10.ltl result=UNREALIZABLE seconds=0.040
cap=60s instance=F-G-contradiction-11.ltl result=UNREALIZABLE seconds=0.056
cap=60s instance=F-G-contradiction-110.ltl result=UNREALIZABLE seconds=24.279
cap=60s instance=F-G-contradiction-111.ltl result=UNREALIZABLE seconds=23.535
cap=60s instance=F-G-contradiction-112.ltl result=TIMEOUT seconds=60.176
cap=60s instance=F-G-contradiction-113.ltl result=TIMEOUT seconds=60.174
cap=60s instance=F-G-contradiction-114.ltl result=TIMEOUT seconds=60.128
cap=60s instance=F-G-contradiction-12.ltl result=UNREALIZABLE seconds=0.078
cap=60s instance=F-G-contradiction-13.ltl result=UNREALIZABLE seconds=0.143
cap=60s instance=F-G-contradiction-14.ltl result=UNREALIZABLE seconds=0.327
cap=60s instance=F-G-contradiction-15.ltl result=UNREALIZABLE seconds=0.386
cap=60s instance=F-G-contradiction-16.ltl result=UNREALIZABLE seconds=7.750
cap=60s instance=F-G-contradiction-17.ltl result=UNREALIZABLE seconds=8.584
cap=60s instance=F-G-contradiction-18.ltl result=UNREALIZABLE seconds=9.781
cap=60s instance=F-G-contradiction-19.ltl result=UNREALIZABLE seconds=10.268
cap=60s instance=F-G-contradiction-2-unreal.ltl result=UNREALIZABLE seconds=0.035
cap=60s instance=FelixSpecFixed2.2.core_fa8592c8.ltl result=UNREALIZABLE seconds=0.044
cap=60s instance=FelixSpecFixed2_fa4d4ce3.ltl result=UNKNOWN seconds=0.828
cap=60s instance=FelixSpecFixed3.core_b209ff21.ltl result=UNREALIZABLE seconds=0.051
cap=60s instance=FelixSpecFixed3_b0840146.ltl result=UNKNOWN seconds=0.817
cap=60s instance=FelixSpecFixed4GuaranteesOnly_88f351a6.ltl result=UNREALIZABLE seconds=0.028
cap=60s instance=FelixSpecFixed4_3916ec59.ltl result=UNKNOWN seconds=0.835
cap=60s instance=FelixSpecFixed5_f82794da.ltl result=TIMEOUT seconds=60.080
cap=60s instance=FelixSpecFixed_2418b67e.ltl result=UNKNOWN seconds=0.807
cap=60s instance=Full_f1477cc5.ltl result=TIMEOUT seconds=60.097
cap=60s instance=GF-G-contradiction0.ltl result=UNREALIZABLE seconds=0.050
cap=60s instance=GF-G-contradiction1.ltl result=UNREALIZABLE seconds=0.105
cap=60s instance=GF-G-contradiction2.ltl result=UNREALIZABLE seconds=0.224
cap=60s instance=GF-G-contradiction3.ltl result=UNREALIZABLE seconds=1.364
cap=60s instance=GF-G-contradiction4.ltl result=UNREALIZABLE seconds=1.498
cap=60s instance=GF-G-contradiction5.ltl result=UNREALIZABLE seconds=1.839
cap=60s instance=GF-G-contradiction6.ltl result=UNREALIZABLE seconds=11.884
cap=60s instance=GF-G-contradiction7.ltl result=UNREALIZABLE seconds=12.943
cap=60s instance=Gamelogic.ltl result=UNKNOWN seconds=0.050
cap=60s instance=GamemodeChooser.ltl result=UNKNOWN seconds=3.441
cap=60s instance=Gamemodule.ltl result=UNKNOWN seconds=0.021
cap=60s instance=HeatingMin_d6c5ac79.ltl result=TIMEOUT seconds=60.188
cap=60s instance=Heating_235467da.ltl result=UNKNOWN seconds=49.509
cap=60s instance=Heating_974f4a68.ltl result=TIMEOUT seconds=60.234
cap=60s instance=Heating_b02056d6.ltl result=UNKNOWN seconds=49.302
cap=60s instance=Heating_b209ff21.ltl result=UNKNOWN seconds=48.278
cap=60s instance=Increment.ltl result=UNKNOWN seconds=0.026
cap=60s instance=IntendDemo_42dc4fff.ltl result=UNREALIZABLE seconds=0.073
cap=60s instance=KitchenTimerV0.ltl result=UNKNOWN seconds=0.029
cap=60s instance=KitchenTimerV1.ltl result=UNKNOWN seconds=0.040
cap=60s instance=KitchenTimerV10.ltl result=UNKNOWN seconds=4.684
cap=60s instance=KitchenTimerV2.ltl result=UNKNOWN seconds=0.040
cap=60s instance=KitchenTimerV3.ltl result=UNKNOWN seconds=0.115
cap=60s instance=KitchenTimerV4.ltl result=UNKNOWN seconds=0.392
cap=60s instance=KitchenTimerV5.ltl result=TIMEOUT seconds=60.132
cap=60s instance=KitchenTimerV6.ltl result=TIMEOUT seconds=60.138
cap=60s instance=KitchenTimerV7.ltl result=TIMEOUT seconds=60.187
cap=60s instance=KitchenTimerV8.ltl result=TIMEOUT seconds=60.188
cap=60s instance=KitchenTimerV9.ltl result=TIMEOUT seconds=60.185
cap=60s instance=LampController_974f4a68.ltl result=TIMEOUT seconds=60.173
cap=60s instance=LedMatrix.ltl result=TIMEOUT seconds=60.080
cap=60s instance=Light_a50cadd7.ltl result=UNREALIZABLE seconds=0.028
cap=60s instance=Light_aeb1d897.ltl result=UNREALIZABLE seconds=0.042
cap=60s instance=Light_d65ed84e.ltl result=TIMEOUT seconds=60.254
cap=60s instance=Lights2Min_9cbf2546.ltl result=TIMEOUT seconds=60.187
cap=60s instance=Lights2_06e9cad4.ltl result=TIMEOUT seconds=60.237
cap=60s instance=Lights2_0f5381e9.ltl result=TIMEOUT seconds=60.235
cap=60s instance=Lights2_2c5b09da.ltl result=TIMEOUT seconds=60.145
cap=60s instance=Lights2_9cac58d3.ltl result=TIMEOUT seconds=60.133
cap=60s instance=Lights2_b02056d6.ltl result=TIMEOUT seconds=60.166
cap=60s instance=Lights2_f1477cc5.ltl result=UNREALIZABLE seconds=0.049
cap=60s instance=Lights2_f3987563.ltl result=TIMEOUT seconds=60.233
cap=60s instance=Lights3Min_6479ef9a.ltl result=TIMEOUT seconds=60.189
cap=60s instance=Lights3_06e9cad4.ltl result=TIMEOUT seconds=60.182
cap=60s instance=Lights3_235467da.ltl result=TIMEOUT seconds=60.182
cap=60s instance=Lights3_2c5b09da.ltl result=TIMEOUT seconds=60.184
cap=60s instance=Lights3_3916ec59.ltl result=TIMEOUT seconds=60.179
cap=60s instance=Lights3_6bea956e.ltl result=TIMEOUT seconds=60.156
cap=60s instance=Lights3_f1477cc5.ltl result=TIMEOUT seconds=60.140
cap=60s instance=LightsMin_6bea956e.ltl result=UNKNOWN seconds=5.528
cap=60s instance=LightsTotal_06e9cad4.ltl result=TIMEOUT seconds=60.179
cap=60s instance=LightsTotal_2c5b09da.ltl result=UNREALIZABLE seconds=0.059
cap=60s instance=LightsTotal_9cbf2546.ltl result=TIMEOUT seconds=60.169
cap=60s instance=LightsTotal_d65ed84e.ltl result=TIMEOUT seconds=60.227
cap=60s instance=Lights_06e9cad4.ltl result=TIMEOUT seconds=60.184
cap=60s instance=Lights_2c5b09da.ltl result=UNKNOWN seconds=5.785
cap=60s instance=Lights_3461125b.ltl result=TIMEOUT seconds=60.133
cap=60s instance=Lights_9cac58d3.ltl result=TIMEOUT seconds=60.182
cap=60s instance=Lights_b0840146.ltl result=TIMEOUT seconds=60.183
cap=60s instance=Lights_f3987563.ltl result=TIMEOUT seconds=60.185
cap=60s instance=ModdifiedLedMatrix4X.ltl result=UNREALIZABLE seconds=4.322
cap=60s instance=ModdifiedLedMatrix5X.ltl result=UNKNOWN seconds=12.377
cap=60s instance=Morning2Min_6cbc6174.ltl result=UNKNOWN seconds=0.024
cap=60s instance=Morning2_06e9cad4.ltl result=TIMEOUT seconds=60.166
cap=60s instance=Morning2_1cf58fc1.ltl result=UNREALIZABLE seconds=0.095
cap=60s instance=Morning2_2c5b09da.ltl result=TIMEOUT seconds=60.178
cap=60s instance=Morning2_407db2cc.ltl result=TIMEOUT seconds=60.182
cap=60s instance=Morning2_4d4ca5c4.ltl result=UNKNOWN seconds=0.037
cap=60s instance=Morning2_63831f8c.ltl result=TIMEOUT seconds=60.184
cap=60s instance=Morning2_68c86764.ltl result=TIMEOUT seconds=60.135
cap=60s instance=Morning2_9cac58d3.ltl result=UNKNOWN seconds=0.026
cap=60s instance=Morning2_d65ed84e.ltl result=TIMEOUT seconds=60.168
cap=60s instance=Morning2s_06cf2373.ltl result=TIMEOUT seconds=60.179
cap=60s instance=Morning2s_06e9cad4.ltl result=TIMEOUT seconds=60.179
cap=60s instance=Morning2s_2c5b09da.ltl result=TIMEOUT seconds=60.229
cap=60s instance=Morning2s_42dc4fff.ltl result=TIMEOUT seconds=60.158
cap=60s instance=Morning2s_9cbf2546.ltl result=TIMEOUT seconds=60.135
cap=60s instance=Morning2s_d6c5ac79.ltl result=TIMEOUT seconds=60.148
cap=60s instance=MorningMin_d6c5ac79.ltl result=TIMEOUT seconds=60.179
cap=60s instance=Morning_14a3b3a2.ltl result=UNREALIZABLE seconds=2.776
cap=60s instance=Morning_4b5e6eaa.ltl result=UNREALIZABLE seconds=2.723
cap=60s instance=Morning_88c5c1c3.ltl result=TIMEOUT seconds=60.229
cap=60s instance=Morning_9cac58d3.ltl result=TIMEOUT seconds=60.229
cap=60s instance=Morning_c92eb242.ltl result=UNREALIZABLE seconds=2.556
cap=60s instance=Morning_f1477cc5.ltl result=UNREALIZABLE seconds=2.564
cap=60s instance=Morning_f2774e0b.ltl result=UNREALIZABLE seconds=2.731
cap=60s instance=MusicAppFeedback.ltl result=UNKNOWN seconds=19.863
cap=60s instance=MusicAppMotivating.ltl result=UNKNOWN seconds=7.784
cap=60s instance=MusicAppSimple.ltl result=UNKNOWN seconds=5.670
cap=60s instance=OneCounter.ltl result=UNKNOWN seconds=34.498
cap=60s instance=OneCounterGui.ltl result=UNREALIZABLE seconds=0.036
cap=60s instance=OneCounterGuiA1.ltl result=UNREALIZABLE seconds=0.057
cap=60s instance=OneCounterGuiA2.ltl result=UNREALIZABLE seconds=0.055
cap=60s instance=OneCounterGuiA3.ltl result=UNREALIZABLE seconds=0.092
cap=60s instance=OneCounterGuiA4.ltl result=UNREALIZABLE seconds=0.112
cap=60s instance=OneCounterGuiA5.ltl result=UNREALIZABLE seconds=0.103
cap=60s instance=OneCounterGuiA6.ltl result=UNREALIZABLE seconds=0.295
cap=60s instance=OneCounterGuiA7.ltl result=UNREALIZABLE seconds=0.727
cap=60s instance=OneCounterGuiA8.ltl result=UNREALIZABLE seconds=2.940
cap=60s instance=OneCounterInRange.ltl result=UNREALIZABLE seconds=0.020
cap=60s instance=OneCounterInRangeA1.ltl result=UNREALIZABLE seconds=0.022
cap=60s instance=OneCounterInRangeA2.ltl result=UNREALIZABLE seconds=0.021
cap=60s instance=OneCounterInRangeA3.ltl result=UNKNOWN seconds=0.208
cap=60s instance=PlugController_fa4d4ce3.ltl result=TIMEOUT seconds=60.130
cap=60s instance=Radarboard.ltl result=UNKNOWN seconds=0.046
cap=60s instance=RegManager.ltl result=UNKNOWN seconds=0.044
cap=60s instance=Room_a50cadd7.ltl result=UNREALIZABLE seconds=0.046
cap=60s instance=RotationCalculator.ltl result=UNKNOWN seconds=0.045
cap=60s instance=SPI.ltl result=ERROR seconds=0.879
cap=60s instance=SPIPureNext.ltl result=TIMEOUT seconds=60.092
cap=60s instance=SPIReadClk.ltl result=UNKNOWN seconds=0.034
cap=60s instance=SPIReadManag.ltl result=TIMEOUT seconds=60.131
cap=60s instance=SPIReadSdi.ltl result=UNKNOWN seconds=0.028
cap=60s instance=SPIWriteClk.ltl result=UNKNOWN seconds=0.023
cap=60s instance=SPIWriteManag.ltl result=TIMEOUT seconds=60.131
cap=60s instance=SPIWriteSdi.ltl result=UNKNOWN seconds=0.025
cap=60s instance=Scoreboard.ltl result=UNKNOWN seconds=0.028
cap=60s instance=Sensor.ltl result=UNKNOWN seconds=22.289
cap=60s instance=SensorInit.ltl result=UNKNOWN seconds=0.023
cap=60s instance=SensorPart.ltl result=UNKNOWN seconds=0.134
cap=60s instance=SensorRegister.ltl result=UNKNOWN seconds=0.023
cap=60s instance=SensorSelector.ltl result=UNKNOWN seconds=0.682
cap=60s instance=SensorSubmodulChooser.ltl result=UNKNOWN seconds=0.049
cap=60s instance=Shades2Min_63831f8c.ltl result=UNKNOWN seconds=3.586
cap=60s instance=Shades2_235467da.ltl result=TIMEOUT seconds=60.232
cap=60s instance=Shades2_42dc4fff.ltl result=TIMEOUT seconds=60.234
cap=60s instance=Shades2_70523fbe.ltl result=TIMEOUT seconds=60.227
cap=60s instance=Shades2_a5f99bc6.ltl result=TIMEOUT seconds=60.198
cap=60s instance=ShadesMin_aeb1d897.ltl result=UNKNOWN seconds=3.285
cap=60s instance=Shades_6479ef9a.ltl result=TIMEOUT seconds=60.283
cap=60s instance=Shades_974f4a68.ltl result=TIMEOUT seconds=60.207
cap=60s instance=Shades_9cac58d3.ltl result=TIMEOUT seconds=60.236
cap=60s instance=Shades_a02758ea.ltl result=TIMEOUT seconds=60.286
cap=60s instance=SingleContoller_d65ed84e.ltl result=UNREALIZABLE seconds=0.054
cap=60s instance=SliderDefault.ltl result=UNKNOWN seconds=1.502
cap=60s instance=SliderDelayed.ltl result=TIMEOUT seconds=60.129
cap=60s instance=SliderScored.ltl result=UNKNOWN seconds=12.394
cap=60s instance=System_b0840146.ltl result=UNREALIZABLE seconds=0.023
cap=60s instance=Time_a50cadd7.ltl result=UNREALIZABLE seconds=0.046
cap=60s instance=Timer_a50cadd7.ltl result=UNKNOWN seconds=0.034
cap=60s instance=TorcsAccelerating.ltl result=UNKNOWN seconds=0.045
cap=60s instance=TorcsGearing.ltl result=UNKNOWN seconds=0.032
cap=60s instance=TorcsSimple.ltl result=UNKNOWN seconds=0.046
cap=60s instance=TorcsSteeringImproved.ltl result=UNKNOWN seconds=0.048
cap=60s instance=TorcsSteeringSimple.ltl result=UNKNOWN seconds=0.033
cap=60s instance=TorcsSteeringSmart.ltl result=UNKNOWN seconds=0.047
cap=60s instance=TwoCounters.ltl result=UNREALIZABLE seconds=0.054
cap=60s instance=TwoCounters2.ltl result=UNREALIZABLE seconds=0.083
cap=60s instance=TwoCounters3.ltl result=UNKNOWN seconds=2.660
cap=60s instance=TwoCounters4.ltl result=UNKNOWN seconds=5.150
cap=60s instance=TwoCounters5.ltl result=UNREALIZABLE seconds=0.108
cap=60s instance=TwoCountersDisButA0.ltl result=UNREALIZABLE seconds=53.511
cap=60s instance=TwoCountersDisButA1.ltl result=UNREALIZABLE seconds=0.046
cap=60s instance=TwoCountersDisButA2.ltl result=UNREALIZABLE seconds=0.055
cap=60s instance=TwoCountersDisButA3.ltl result=UNREALIZABLE seconds=0.163
cap=60s instance=TwoCountersDisButA4.ltl result=UNREALIZABLE seconds=0.165
cap=60s instance=TwoCountersDisButA5.ltl result=UNREALIZABLE seconds=1.076
cap=60s instance=TwoCountersDisButA6.ltl result=UNREALIZABLE seconds=1.141
cap=60s instance=TwoCountersDisButA7.ltl result=UNREALIZABLE seconds=7.971
cap=60s instance=TwoCountersDisButA8.ltl result=UNREALIZABLE seconds=9.004
cap=60s instance=TwoCountersDisButA9.ltl result=TIMEOUT seconds=60.179
cap=60s instance=TwoCountersDisButAC.ltl result=TIMEOUT seconds=60.182
cap=60s instance=TwoCountersGui.ltl result=UNREALIZABLE seconds=2.293
cap=60s instance=TwoCountersInRange.ltl result=UNREALIZABLE seconds=0.734
cap=60s instance=TwoCountersInRangeA1.ltl result=UNREALIZABLE seconds=5.016
cap=60s instance=TwoCountersInRangeA2.ltl result=UNREALIZABLE seconds=0.142
cap=60s instance=TwoCountersInRangeA3.ltl result=UNREALIZABLE seconds=0.181
cap=60s instance=TwoCountersInRangeA4.ltl result=UNREALIZABLE seconds=0.253
cap=60s instance=TwoCountersInRangeA5.ltl result=UNREALIZABLE seconds=0.485
cap=60s instance=TwoCountersInRangeM0.ltl result=UNREALIZABLE seconds=0.913
cap=60s instance=TwoCountersInRangeM1.ltl result=UNREALIZABLE seconds=0.951
cap=60s instance=TwoCountersInRangeM2.ltl result=UNREALIZABLE seconds=0.486
cap=60s instance=TwoCountersInRangeM3.ltl result=UNREALIZABLE seconds=0.498
cap=60s instance=TwoCountersInRangeM4.ltl result=UNREALIZABLE seconds=0.474
cap=60s instance=TwoCountersRefined.ltl result=UNREALIZABLE seconds=0.033
cap=60s instance=TwoCountersRefinedRefined.ltl result=UNKNOWN seconds=2.529
cap=60s instance=UnderapproxDemo2.ltl result=UNREALIZABLE seconds=0.024
cap=60s instance=UnderapproxStrengthenedDemo.ltl result=UNKNOWN seconds=0.032
cap=60s instance=Warnlight_2d1010f8.ltl result=UNKNOWN seconds=3.221
cap=60s instance=Warnlight_a50cadd7.ltl result=UNREALIZABLE seconds=0.030
cap=60s instance=Window2Min_88c5c1c3.ltl result=UNKNOWN seconds=0.307
cap=60s instance=Window2_54e1f7d2.ltl result=UNKNOWN seconds=0.036
cap=60s instance=Window2_6479ef9a.ltl result=UNKNOWN seconds=0.198
cap=60s instance=Window2_9cac58d3.ltl result=UNKNOWN seconds=0.042
cap=60s instance=Window2_aeb1d897.ltl result=UNKNOWN seconds=21.108
cap=60s instance=Window2_f1477cc5.ltl result=UNREALIZABLE seconds=0.031
cap=60s instance=WindowMin_a5f99bc6.ltl result=UNKNOWN seconds=5.851
cap=60s instance=Window_235467da.ltl result=TIMEOUT seconds=60.078
cap=60s instance=Window_42dc4fff.ltl result=TIMEOUT seconds=60.128
cap=60s instance=Window_54e1f7d2.ltl result=TIMEOUT seconds=60.115
cap=60s instance=Zoo0.ltl result=UNKNOWN seconds=14.977
cap=60s instance=Zoo10.ltl result=UNKNOWN seconds=16.481
cap=60s instance=Zoo5.ltl result=UNKNOWN seconds=16.253
cap=60s instance=abcg_arbiter_pb_1_pe_.ltl result=UNKNOWN seconds=1.539
cap=60s instance=abcg_arbiter_pb_2_pe_.ltl result=TIMEOUT seconds=60.187
cap=60s instance=abcg_arbiter_pb_3_pe_.ltl result=TIMEOUT seconds=60.241
cap=60s instance=abcg_arbiter_pb_4_pe_.ltl result=TIMEOUT seconds=60.132
cap=60s instance=abcg_arbiter_pb_5_pe_.ltl result=TIMEOUT seconds=60.127
cap=60s instance=abcg_arbiter_pb_6_pe_.ltl result=TIMEOUT seconds=60.128
cap=60s instance=amba_case_study_pb_2_pe_.ltl result=TIMEOUT seconds=60.080
cap=60s instance=amba_case_study_pb_3_pe_.ltl result=TIMEOUT seconds=60.079
cap=60s instance=amba_case_study_pb_4_pe_.ltl result=TIMEOUT seconds=60.091
cap=60s instance=amba_case_study_unreal_pb_2_pe_.ltl result=TIMEOUT seconds=60.079
cap=60s instance=amba_case_study_unreal_pb_3_pe_.ltl result=TIMEOUT seconds=60.080
cap=60s instance=amba_case_study_unreal_pb_4_pe_.ltl result=TIMEOUT seconds=60.044
cap=60s instance=amba_case_study_unreal_pb_5_pe_.ltl result=TIMEOUT seconds=60.136
cap=60s instance=amba_decomposed_arbiter_pb_10_pe_.ltl result=TIMEOUT seconds=60.061
cap=60s instance=amba_decomposed_arbiter_pb_11_pe_.ltl result=TIMEOUT seconds=60.096
cap=60s instance=amba_decomposed_arbiter_pb_12_pe_.ltl result=TIMEOUT seconds=60.043
cap=60s instance=amba_decomposed_arbiter_pb_13_pe_.ltl result=TIMEOUT seconds=60.136
cap=60s instance=amba_decomposed_arbiter_pb_2_pe_.ltl result=UNKNOWN seconds=33.710
cap=60s instance=amba_decomposed_arbiter_pb_3_pe_.ltl result=TIMEOUT seconds=60.132
cap=60s instance=amba_decomposed_arbiter_pb_4_pe_.ltl result=TIMEOUT seconds=60.183
cap=60s instance=amba_decomposed_arbiter_pb_5_pe_.ltl result=TIMEOUT seconds=60.123
cap=60s instance=amba_decomposed_arbiter_pb_6_pe_.ltl result=TIMEOUT seconds=60.177
cap=60s instance=amba_decomposed_arbiter_pb_7_pe_.ltl result=TIMEOUT seconds=60.022
cap=60s instance=amba_decomposed_arbiter_pb_8_pe_.ltl result=TIMEOUT seconds=60.081
cap=60s instance=amba_decomposed_arbiter_pb_9_pe_.ltl result=TIMEOUT seconds=60.025
cap=60s instance=amba_decomposed_decode.ltl result=UNKNOWN seconds=0.036
cap=60s instance=amba_decomposed_encode_pb_10_pe_.ltl result=TIMEOUT seconds=60.136
cap=60s instance=amba_decomposed_encode_pb_11_pe_.ltl result=TIMEOUT seconds=60.132
cap=60s instance=amba_decomposed_encode_pb_12_pe_.ltl result=TIMEOUT seconds=60.129
cap=60s instance=amba_decomposed_encode_pb_13_pe_.ltl result=TIMEOUT seconds=60.128
cap=60s instance=amba_decomposed_encode_pb_14_pe_.ltl result=TIMEOUT seconds=60.128
cap=60s instance=amba_decomposed_encode_pb_15_pe_.ltl result=TIMEOUT seconds=60.128
cap=60s instance=amba_decomposed_encode_pb_16_pe_.ltl result=TIMEOUT seconds=60.129
cap=60s instance=amba_decomposed_encode_pb_20_pe_.ltl result=TIMEOUT seconds=60.070
cap=60s instance=amba_decomposed_encode_pb_25_pe_.ltl result=TIMEOUT seconds=60.129
cap=60s instance=amba_decomposed_encode_pb_2_pe_.ltl result=UNKNOWN seconds=0.034
cap=60s instance=amba_decomposed_encode_pb_3_pe_.ltl result=UNKNOWN seconds=0.045
cap=60s instance=amba_decomposed_encode_pb_4_pe_.ltl result=UNKNOWN seconds=0.045
cap=60s instance=amba_decomposed_encode_pb_5_pe_.ltl result=UNKNOWN seconds=0.074
cap=60s instance=amba_decomposed_encode_pb_6_pe_.ltl result=UNKNOWN seconds=0.156
cap=60s instance=amba_decomposed_encode_pb_7_pe_.ltl result=UNKNOWN seconds=0.496
cap=60s instance=amba_decomposed_encode_pb_8_pe_.ltl result=UNKNOWN seconds=2.270
cap=60s instance=amba_decomposed_encode_pb_9_pe_.ltl result=UNKNOWN seconds=31.929
cap=60s instance=amba_decomposed_lock_pb_10_pe_.ltl result=UNKNOWN seconds=22.418
cap=60s instance=amba_decomposed_lock_pb_11_pe_.ltl result=TIMEOUT seconds=60.131
cap=60s instance=amba_decomposed_lock_pb_12_pe_.ltl result=TIMEOUT seconds=60.080
cap=60s instance=amba_decomposed_lock_pb_13_pe_.ltl result=TIMEOUT seconds=60.093
cap=60s instance=amba_decomposed_lock_pb_14_pe_.ltl result=TIMEOUT seconds=60.107
cap=60s instance=amba_decomposed_lock_pb_15_pe_.ltl result=TIMEOUT seconds=60.128
cap=60s instance=amba_decomposed_lock_pb_16_pe_.ltl result=TIMEOUT seconds=60.112
cap=60s instance=amba_decomposed_lock_pb_2_pe_.ltl result=UNKNOWN seconds=0.043
cap=60s instance=amba_decomposed_lock_pb_30_pe_.ltl result=TIMEOUT seconds=60.100
cap=60s instance=amba_decomposed_lock_pb_3_pe_.ltl result=UNKNOWN seconds=0.035
cap=60s instance=amba_decomposed_lock_pb_4_pe_.ltl result=UNKNOWN seconds=0.034
cap=60s instance=amba_decomposed_lock_pb_5_pe_.ltl result=UNKNOWN seconds=0.057
cap=60s instance=amba_decomposed_lock_pb_6_pe_.ltl result=UNKNOWN seconds=0.065
cap=60s instance=amba_decomposed_lock_pb_7_pe_.ltl result=UNKNOWN seconds=0.151
cap=60s instance=amba_decomposed_lock_pb_8_pe_.ltl result=UNKNOWN seconds=0.643
cap=60s instance=amba_decomposed_lock_pb_9_pe_.ltl result=UNKNOWN seconds=3.735
cap=60s instance=amba_decomposed_shift.ltl result=UNKNOWN seconds=0.023
cap=60s instance=amba_decomposed_tburst4.ltl result=TIMEOUT seconds=60.129
cap=60s instance=amba_decomposed_tincr.ltl result=UNKNOWN seconds=0.824
cap=60s instance=amba_decomposed_tsingle.ltl result=UNKNOWN seconds=9.190
cap=60s instance=amba_gr+_pb_2_pe_.ltl result=TIMEOUT seconds=60.061
cap=60s instance=amba_gr+_pb_3_pe_.ltl result=TIMEOUT seconds=60.096
cap=60s instance=amba_gr_pb_2_pe_.ltl result=TIMEOUT seconds=60.080
cap=60s instance=amba_gr_pb_3_pe_.ltl result=TIMEOUT seconds=60.080
cap=60s instance=amba_gr_pb_4_pe_.ltl result=TIMEOUT seconds=60.134
cap=60s instance=arbiter-paper-unreal-unreal.ltl result=UNREALIZABLE seconds=0.056
cap=60s instance=arbiter-with-failure-real.ltl result=UNKNOWN seconds=51.930
cap=60s instance=arbiter_on_inpchange_pb_1_pe_.ltl result=UNKNOWN seconds=0.693
cap=60s instance=arbiter_on_inpchange_pb_2_pe_.ltl result=TIMEOUT seconds=60.183
cap=60s instance=arbiter_on_inpchange_pb_3_pe_.ltl result=TIMEOUT seconds=60.240
cap=60s instance=arbiter_on_inpchange_pb_4_pe_.ltl result=TIMEOUT seconds=60.080
cap=60s instance=arbiter_on_inpchange_pb_5_pe_.ltl result=TIMEOUT seconds=60.097
cap=60s instance=arbiter_on_inpchange_pb_6_pe_.ltl result=TIMEOUT seconds=60.132
cap=60s instance=arbiter_on_inpchange_pb_7_pe_.ltl result=TIMEOUT seconds=60.133
cap=60s instance=arbiter_pb_10_pe_.ltl result=TIMEOUT seconds=60.130
cap=60s instance=arbiter_pb_1_pe_.ltl result=UNKNOWN seconds=0.158
cap=60s instance=arbiter_pb_2_pe_.ltl result=UNKNOWN seconds=21.368
cap=60s instance=arbiter_pb_3_pe_.ltl result=TIMEOUT seconds=60.178
cap=60s instance=arbiter_pb_4_pe_.ltl result=TIMEOUT seconds=60.338
cap=60s instance=arbiter_pb_5_pe_.ltl result=TIMEOUT seconds=60.189
cap=60s instance=arbiter_pb_6_pe_.ltl result=TIMEOUT seconds=60.096
cap=60s instance=arbiter_pb_7_pe_.ltl result=TIMEOUT seconds=60.097
cap=60s instance=arbiter_pb_8_pe_.ltl result=TIMEOUT seconds=60.128
cap=60s instance=arbiter_pb_9_pe_.ltl result=TIMEOUT seconds=60.129
cap=60s instance=arbiter_with_buffer_pb_10_pe_.ltl result=TIMEOUT seconds=60.129
cap=60s instance=arbiter_with_buffer_pb_1_pe_.ltl result=UNKNOWN seconds=0.036
cap=60s instance=arbiter_with_buffer_pb_2_pe_.ltl result=UNKNOWN seconds=51.321
cap=60s instance=arbiter_with_buffer_pb_3_pe_.ltl result=TIMEOUT seconds=60.230
cap=60s instance=arbiter_with_buffer_pb_4_pe_.ltl result=TIMEOUT seconds=60.235
cap=60s instance=arbiter_with_buffer_pb_5_pe_.ltl result=TIMEOUT seconds=60.070
cap=60s instance=arbiter_with_buffer_pb_6_pe_.ltl result=TIMEOUT seconds=60.050
cap=60s instance=arbiter_with_buffer_pb_7_pe_.ltl result=TIMEOUT seconds=60.097
cap=60s instance=arbiter_with_buffer_pb_8_pe_.ltl result=TIMEOUT seconds=60.097
cap=60s instance=arbiter_with_buffer_pb_9_pe_.ltl result=TIMEOUT seconds=60.096
cap=60s instance=arbiter_with_cancel_pb_10_pe_.ltl result=TIMEOUT seconds=60.129
cap=60s instance=arbiter_with_cancel_pb_1_pe_.ltl result=UNKNOWN seconds=0.264
cap=60s instance=arbiter_with_cancel_pb_2_pe_.ltl result=TIMEOUT seconds=60.129
cap=60s instance=arbiter_with_cancel_pb_3_pe_.ltl result=TIMEOUT seconds=60.228
cap=60s instance=arbiter_with_cancel_pb_4_pe_.ltl result=TIMEOUT seconds=60.080
cap=60s instance=arbiter_with_cancel_pb_5_pe_.ltl result=TIMEOUT seconds=60.097
cap=60s instance=arbiter_with_cancel_pb_6_pe_.ltl result=TIMEOUT seconds=60.097
cap=60s instance=arbiter_with_cancel_pb_7_pe_.ltl result=TIMEOUT seconds=60.132
cap=60s instance=arbiter_with_cancel_pb_8_pe_.ltl result=TIMEOUT seconds=60.129
cap=60s instance=arbiter_with_cancel_pb_9_pe_.ltl result=TIMEOUT seconds=60.129
cap=60s instance=batch-arbiter-real.ltl result=UNKNOWN seconds=54.926
cap=60s instance=box-limited-real.ltl result=UNKNOWN seconds=10.489
cap=60s instance=box-real.ltl result=UNKNOWN seconds=2.345
cap=60s instance=box0.ltl result=UNREALIZABLE seconds=0.040
cap=60s instance=box1.ltl result=UNREALIZABLE seconds=0.049
cap=60s instance=buffer-storage-real.ltl result=TIMEOUT seconds=60.187
cap=60s instance=chain-4-real.ltl result=TIMEOUT seconds=60.231
cap=60s instance=chain-5-real.ltl result=TIMEOUT seconds=60.186
cap=60s instance=chain-60.ltl result=TIMEOUT seconds=60.150
cap=60s instance=chain-70.ltl result=TIMEOUT seconds=60.129
cap=60s instance=chain-simple-10-real.ltl result=TIMEOUT seconds=60.214
cap=60s instance=chain-simple-20-real.ltl result=TIMEOUT seconds=60.229
cap=60s instance=chain-simple-30-real.ltl result=TIMEOUT seconds=60.201
cap=60s instance=chain-simple-40-real.ltl result=TIMEOUT seconds=60.288
cap=60s instance=chain-simple-5-real.ltl result=TIMEOUT seconds=60.234
cap=60s instance=chain-simple-50-real.ltl result=TIMEOUT seconds=60.236
cap=60s instance=chain-simple-60-real.ltl result=TIMEOUT seconds=60.245
cap=60s instance=chain-simple-70-real.ltl result=TIMEOUT seconds=60.176
cap=60s instance=chain-simple-param-70-real.ltl result=TIMEOUT seconds=60.181
cap=60s instance=chomp_pb_2_2_pe_.ltl result=UNKNOWN seconds=0.043
cap=60s instance=chomp_pb_2_3_pe_.ltl result=UNKNOWN seconds=0.191
cap=60s instance=chomp_pb_2_4_pe_.ltl result=UNKNOWN seconds=5.902
cap=60s instance=chomp_pb_2_5_pe_.ltl result=TIMEOUT seconds=60.080
cap=60s instance=chomp_pb_2_6_pe_.ltl result=TIMEOUT seconds=60.052
cap=60s instance=chomp_pb_3_2_pe_.ltl result=UNKNOWN seconds=0.186
cap=60s instance=chomp_pb_3_3_pe_.ltl result=ERROR seconds=21.007
cap=60s instance=chomp_pb_3_4_pe_.ltl result=TIMEOUT seconds=60.129
cap=60s instance=chomp_pb_3_5_pe_.ltl result=TIMEOUT seconds=60.097
cap=60s instance=chomp_pb_3_6_pe_.ltl result=TIMEOUT seconds=60.097
cap=60s instance=chomp_pb_4_2_pe_.ltl result=UNKNOWN seconds=5.785
cap=60s instance=chomp_pb_4_3_pe_.ltl result=TIMEOUT seconds=60.096
cap=60s instance=chomp_pb_4_4_pe_.ltl result=TIMEOUT seconds=60.044
cap=60s instance=chomp_pb_4_5_pe_.ltl result=TIMEOUT seconds=60.189
cap=60s instance=chomp_pb_4_6_pe_.ltl result=TIMEOUT seconds=60.129
cap=60s instance=collector_v1_pb_11_pe_.ltl result=TIMEOUT seconds=60.333
cap=60s instance=collector_v1_pb_12_pe_.ltl result=TIMEOUT seconds=60.097
cap=60s instance=collector_v1_pb_13_pe_.ltl result=TIMEOUT seconds=60.057
cap=60s instance=collector_v1_pb_14_pe_.ltl result=TIMEOUT seconds=60.031
cap=60s instance=collector_v1_pb_15_pe_.ltl result=TIMEOUT seconds=60.080
cap=60s instance=collector_v1_pb_3_pe_.ltl result=UNKNOWN seconds=38.310
cap=60s instance=collector_v1_pb_5_pe_.ltl result=TIMEOUT seconds=60.184
cap=60s instance=collector_v1_pb_7_pe_.ltl result=TIMEOUT seconds=60.276
cap=60s instance=collector_v1_pb_9_pe_.ltl result=TIMEOUT seconds=60.331
cap=60s instance=collector_v2_pb_10_pe_.ltl result=TIMEOUT seconds=60.135
cap=60s instance=collector_v2_pb_11_pe_.ltl result=TIMEOUT seconds=60.097
cap=60s instance=collector_v2_pb_12_pe_.ltl result=TIMEOUT seconds=60.128
cap=60s instance=collector_v2_pb_13_pe_.ltl result=TIMEOUT seconds=60.096
cap=60s instance=collector_v2_pb_15_pe_.ltl result=TIMEOUT seconds=60.122
cap=60s instance=collector_v2_pb_27_pe_.ltl result=TIMEOUT seconds=60.129
cap=60s instance=collector_v2_pb_3_pe_.ltl result=TIMEOUT seconds=60.206
cap=60s instance=collector_v2_pb_5_pe_.ltl result=TIMEOUT seconds=60.242
cap=60s instance=collector_v2_pb_7_pe_.ltl result=MEMOUT seconds=50.433
cap=60s instance=collector_v2_pb_9_pe_.ltl result=TIMEOUT seconds=60.272
cap=60s instance=collector_v3_pb_10_pe_.ltl result=TIMEOUT seconds=60.080
cap=60s instance=collector_v3_pb_11_pe_.ltl result=TIMEOUT seconds=60.097
cap=60s instance=collector_v3_pb_12_pe_.ltl result=TIMEOUT seconds=60.096
cap=60s instance=collector_v3_pb_13_pe_.ltl result=TIMEOUT seconds=60.096
cap=60s instance=collector_v3_pb_15_pe_.ltl result=TIMEOUT seconds=60.075
cap=60s instance=collector_v3_pb_3_pe_.ltl result=UNKNOWN seconds=11.755
cap=60s instance=collector_v3_pb_5_pe_.ltl result=TIMEOUT seconds=60.232
cap=60s instance=collector_v3_pb_7_pe_.ltl result=MEMOUT seconds=50.568
cap=60s instance=collector_v3_pb_9_pe_.ltl result=TIMEOUT seconds=60.096
cap=60s instance=diagonal-real.ltl result=UNKNOWN seconds=2.587
cap=60s instance=door_locking_problem_d6c5ac79.ltl result=UNKNOWN seconds=16.721
cap=60s instance=elevator-paper-real.ltl result=TIMEOUT seconds=60.229
cap=60s instance=evasion-real.ltl result=TIMEOUT seconds=60.235
cap=60s instance=evasion0.ltl result=UNREALIZABLE seconds=0.478
cap=60s instance=example10_pb_1_pe_.ltl result=UNKNOWN seconds=0.032
cap=60s instance=example10_pb_2_pe_.ltl result=UNKNOWN seconds=0.036
cap=60s instance=example10a_pb_1_pe_.ltl result=UNKNOWN seconds=0.377
cap=60s instance=example10a_pb_2_pe_.ltl result=UNKNOWN seconds=0.536
cap=60s instance=example7_pb_1_pe_.ltl result=UNKNOWN seconds=0.032
cap=60s instance=example7_pb_2_pe_.ltl result=UNKNOWN seconds=0.036
cap=60s instance=example7a_pb_1_pe_.ltl result=UNKNOWN seconds=0.047
cap=60s instance=example7a_pb_2_pe_.ltl result=UNKNOWN seconds=0.039
cap=60s instance=example8_pb_1_pe_.ltl result=UNKNOWN seconds=0.034
cap=60s instance=example8_pb_2_pe_.ltl result=UNKNOWN seconds=0.877
cap=60s instance=example9_pb_1_pe_.ltl result=UNKNOWN seconds=0.038
cap=60s instance=example9_pb_2_pe_.ltl result=UNKNOWN seconds=0.034
cap=60s instance=f-real-real.ltl result=TIMEOUT seconds=60.187
cap=60s instance=f-unreal-unreal.ltl result=UNREALIZABLE seconds=0.044
cap=60s instance=finding_nemo_pb_1_pe_.ltl result=UNKNOWN seconds=2.930
cap=60s instance=finding_nemo_pb_2_pe_.ltl result=UNKNOWN seconds=7.725
cap=60s instance=finding_nemo_pb_3_pe_.ltl result=TIMEOUT seconds=60.130
cap=60s instance=finding_nemo_pb_4_pe_.ltl result=TIMEOUT seconds=60.189
cap=60s instance=finding_nemo_pb_5_pe_.ltl result=TIMEOUT seconds=60.179
cap=60s instance=finding_nemo_pb_6_pe_.ltl result=TIMEOUT seconds=60.076
cap=60s instance=finding_nemo_pb_7_pe_.ltl result=TIMEOUT seconds=60.095
cap=60s instance=follow0.ltl result=TIMEOUT seconds=60.056
cap=60s instance=follow1.ltl result=TIMEOUT seconds=60.077
cap=60s instance=follow2.ltl result=TIMEOUT seconds=60.078
cap=60s instance=follow3.ltl result=TIMEOUT seconds=60.133
cap=60s instance=full_arbiter_enc_pb_10_pe_.ltl result=TIMEOUT seconds=60.136
cap=60s instance=full_arbiter_enc_pb_12_pe_.ltl result=TIMEOUT seconds=60.129
cap=60s instance=full_arbiter_enc_pb_8_pe_.ltl result=TIMEOUT seconds=60.096
cap=60s instance=full_arbiter_unreal1_pb_2_10_pe_.ltl result=UNREALIZABLE seconds=0.030
cap=60s instance=full_arbiter_unreal1_pb_2_11_pe_.ltl result=UNREALIZABLE seconds=0.036
cap=60s instance=full_arbiter_unreal1_pb_2_12_pe_.ltl result=UNREALIZABLE seconds=0.029
cap=60s instance=full_arbiter_unreal1_pb_2_13_pe_.ltl result=UNREALIZABLE seconds=0.025
cap=60s instance=full_arbiter_unreal1_pb_2_14_pe_.ltl result=UNREALIZABLE seconds=0.023
cap=60s instance=full_arbiter_unreal1_pb_2_15_pe_.ltl result=UNREALIZABLE seconds=0.021
cap=60s instance=full_arbiter_unreal1_pb_2_16_pe_.ltl result=UNREALIZABLE seconds=0.025
cap=60s instance=full_arbiter_unreal1_pb_2_18_pe_.ltl result=UNREALIZABLE seconds=0.031
cap=60s instance=full_arbiter_unreal1_pb_2_1_pe_.ltl result=UNREALIZABLE seconds=0.025
cap=60s instance=full_arbiter_unreal1_pb_2_20_pe_.ltl result=UNREALIZABLE seconds=0.025
cap=60s instance=full_arbiter_unreal1_pb_2_21_pe_.ltl result=UNREALIZABLE seconds=0.020
cap=60s instance=full_arbiter_unreal1_pb_2_22_pe_.ltl result=UNREALIZABLE seconds=0.023
cap=60s instance=full_arbiter_unreal1_pb_2_24_pe_.ltl result=UNREALIZABLE seconds=0.023
cap=60s instance=full_arbiter_unreal1_pb_2_26_pe_.ltl result=UNREALIZABLE seconds=0.021
cap=60s instance=full_arbiter_unreal1_pb_2_2_pe_.ltl result=UNREALIZABLE seconds=0.022
cap=60s instance=full_arbiter_unreal1_pb_2_3_pe_.ltl result=UNREALIZABLE seconds=0.029
cap=60s instance=full_arbiter_unreal1_pb_2_4_pe_.ltl result=UNREALIZABLE seconds=0.032
cap=60s instance=full_arbiter_unreal1_pb_2_5_pe_.ltl result=UNREALIZABLE seconds=0.033
cap=60s instance=full_arbiter_unreal1_pb_2_6_pe_.ltl result=UNREALIZABLE seconds=0.037
cap=60s instance=full_arbiter_unreal1_pb_2_7_pe_.ltl result=UNREALIZABLE seconds=0.034
cap=60s instance=full_arbiter_unreal1_pb_2_8_pe_.ltl result=UNREALIZABLE seconds=0.039
cap=60s instance=full_arbiter_unreal1_pb_2_9_pe_.ltl result=UNREALIZABLE seconds=0.036
cap=60s instance=full_arbiter_unreal1_pb_3_10_pe_.ltl result=UNREALIZABLE seconds=0.042
cap=60s instance=full_arbiter_unreal1_pb_3_11_pe_.ltl result=UNREALIZABLE seconds=0.042
cap=60s instance=full_arbiter_unreal1_pb_3_12_pe_.ltl result=UNREALIZABLE seconds=0.037
cap=60s instance=full_arbiter_unreal1_pb_3_13_pe_.ltl result=UNREALIZABLE seconds=0.038
cap=60s instance=full_arbiter_unreal1_pb_3_14_pe_.ltl result=UNREALIZABLE seconds=0.034
cap=60s instance=full_arbiter_unreal1_pb_3_15_pe_.ltl result=UNREALIZABLE seconds=0.040
cap=60s instance=full_arbiter_unreal1_pb_3_1_pe_.ltl result=UNREALIZABLE seconds=0.034
cap=60s instance=full_arbiter_unreal1_pb_3_2_pe_.ltl result=UNREALIZABLE seconds=0.037
cap=60s instance=full_arbiter_unreal1_pb_3_3_pe_.ltl result=UNREALIZABLE seconds=0.034
cap=60s instance=full_arbiter_unreal1_pb_3_4_pe_.ltl result=UNREALIZABLE seconds=0.047
cap=60s instance=full_arbiter_unreal1_pb_3_5_pe_.ltl result=UNREALIZABLE seconds=0.042
cap=60s instance=full_arbiter_unreal1_pb_3_6_pe_.ltl result=UNREALIZABLE seconds=0.032
cap=60s instance=full_arbiter_unreal1_pb_3_7_pe_.ltl result=UNREALIZABLE seconds=0.036
cap=60s instance=full_arbiter_unreal1_pb_3_8_pe_.ltl result=UNREALIZABLE seconds=0.037
cap=60s instance=full_arbiter_unreal1_pb_3_9_pe_.ltl result=UNREALIZABLE seconds=0.047
cap=60s instance=full_arbiter_unreal1_pb_4_1_pe_.ltl result=UNREALIZABLE seconds=0.049
cap=60s instance=full_arbiter_unreal1_pb_4_2_pe_.ltl result=UNREALIZABLE seconds=0.049
cap=60s instance=full_arbiter_unreal1_pb_4_3_pe_.ltl result=UNREALIZABLE seconds=0.037
cap=60s instance=full_arbiter_unreal1_pb_4_4_pe_.ltl result=UNREALIZABLE seconds=0.040
cap=60s instance=full_arbiter_unreal1_pb_4_5_pe_.ltl result=UNREALIZABLE seconds=0.038
cap=60s instance=full_arbiter_unreal1_pb_4_6_pe_.ltl result=UNREALIZABLE seconds=0.028
cap=60s instance=full_arbiter_unreal1_pb_4_7_pe_.ltl result=UNREALIZABLE seconds=0.025
cap=60s instance=full_arbiter_unreal1_pb_4_8_pe_.ltl result=UNREALIZABLE seconds=0.025
cap=60s instance=full_arbiter_unreal1_pb_6_8_pe_.ltl result=UNREALIZABLE seconds=0.024
cap=60s instance=full_arbiter_unreal2_pb_2_pe_.ltl result=UNREALIZABLE seconds=0.024
cap=60s instance=full_arbiter_unreal2_pb_3_pe_.ltl result=UNREALIZABLE seconds=0.023
cap=60s instance=full_arbiter_unreal2_pb_4_pe_.ltl result=UNREALIZABLE seconds=0.026
cap=60s instance=full_arbiter_unreal2_pb_5_pe_.ltl result=UNREALIZABLE seconds=0.027
cap=60s instance=full_arbiter_unreal2_pb_6_pe_.ltl result=UNREALIZABLE seconds=0.036
cap=60s instance=full_arbiter_unreal2_pb_7_pe_.ltl result=UNREALIZABLE seconds=0.044
cap=60s instance=g-real-real.ltl result=UNKNOWN seconds=18.008
cap=60s instance=g-real0.ltl result=UNREALIZABLE seconds=0.048
cap=60s instance=g-unreal-1-unreal.ltl result=TIMEOUT seconds=60.230
cap=60s instance=g-unreal-10.ltl result=UNREALIZABLE seconds=0.050
cap=60s instance=g-unreal-11.ltl result=UNREALIZABLE seconds=0.081
cap=60s instance=g-unreal-110.ltl result=UNREALIZABLE seconds=6.388
cap=60s instance=g-unreal-111.ltl result=UNREALIZABLE seconds=10.370
cap=60s instance=g-unreal-112.ltl result=UNREALIZABLE seconds=15.967
cap=60s instance=g-unreal-113.ltl result=UNREALIZABLE seconds=17.159
cap=60s instance=g-unreal-114.ltl result=UNREALIZABLE seconds=25.190
cap=60s instance=g-unreal-115.ltl result=TIMEOUT seconds=60.229
cap=60s instance=g-unreal-116.ltl result=UNREALIZABLE seconds=39.500
cap=60s instance=g-unreal-117.ltl result=UNREALIZABLE seconds=56.785
cap=60s instance=g-unreal-118.ltl result=TIMEOUT seconds=60.233
cap=60s instance=g-unreal-119.ltl result=TIMEOUT seconds=60.231
cap=60s instance=g-unreal-12.ltl result=UNREALIZABLE seconds=0.099
cap=60s instance=g-unreal-120.ltl result=TIMEOUT seconds=60.173
cap=60s instance=g-unreal-13.ltl result=UNREALIZABLE seconds=0.939
cap=60s instance=g-unreal-14.ltl result=UNREALIZABLE seconds=0.330
cap=60s instance=g-unreal-15.ltl result=UNREALIZABLE seconds=0.706
cap=60s instance=g-unreal-16.ltl result=UNREALIZABLE seconds=1.445
cap=60s instance=g-unreal-17.ltl result=UNREALIZABLE seconds=10.410
cap=60s instance=g-unreal-18.ltl result=UNREALIZABLE seconds=3.225
cap=60s instance=g-unreal-19.ltl result=UNREALIZABLE seconds=5.614
cap=60s instance=g-unreal-20.ltl result=TIMEOUT seconds=60.020
cap=60s instance=g-unreal-21.ltl result=TIMEOUT seconds=60.080
cap=60s instance=g-unreal-30.ltl result=UNREALIZABLE seconds=0.060
cap=60s instance=g-unreal-31.ltl result=UNREALIZABLE seconds=0.171
cap=60s instance=g-unreal-310.ltl result=UNREALIZABLE seconds=19.733
cap=60s instance=g-unreal-311.ltl result=UNREALIZABLE seconds=52.573
cap=60s instance=g-unreal-312.ltl result=TIMEOUT seconds=60.234
cap=60s instance=g-unreal-313.ltl result=TIMEOUT seconds=60.175
cap=60s instance=g-unreal-314.ltl result=TIMEOUT seconds=60.183
cap=60s instance=g-unreal-32.ltl result=UNREALIZABLE seconds=0.268
cap=60s instance=g-unreal-33.ltl result=UNREALIZABLE seconds=0.486
cap=60s instance=g-unreal-34.ltl result=UNREALIZABLE seconds=0.757
cap=60s instance=g-unreal-35.ltl result=UNREALIZABLE seconds=0.867
cap=60s instance=g-unreal-36.ltl result=UNREALIZABLE seconds=0.937
cap=60s instance=g-unreal-37.ltl result=UNREALIZABLE seconds=1.606
cap=60s instance=g-unreal-38.ltl result=UNREALIZABLE seconds=7.237
cap=60s instance=g-unreal-39.ltl result=UNREALIZABLE seconds=8.849
cap=60s instance=generalized_buffer_pb_2_pe_.ltl result=TIMEOUT seconds=60.130
cap=60s instance=generalized_buffer_pb_3_pe_.ltl result=TIMEOUT seconds=60.131
cap=60s instance=generalized_buffer_pb_4_pe_.ltl result=TIMEOUT seconds=60.130
cap=60s instance=generalized_buffer_pb_5_pe_.ltl result=TIMEOUT seconds=60.130
cap=60s instance=generalized_buffer_pb_6_pe_.ltl result=TIMEOUT seconds=60.077
cap=60s instance=gf-real-real.ltl result=UNKNOWN seconds=0.454
cap=60s instance=gf-unreal0.ltl result=UNREALIZABLE seconds=0.027
cap=60s instance=gf-unreal1.ltl result=UNREALIZABLE seconds=0.044
cap=60s instance=gf-unreal10.ltl result=UNREALIZABLE seconds=0.056
cap=60s instance=gf-unreal11.ltl result=UNREALIZABLE seconds=0.047
cap=60s instance=gf-unreal12.ltl result=UNREALIZABLE seconds=0.045
cap=60s instance=gf-unreal13.ltl result=UNREALIZABLE seconds=0.048
cap=60s instance=gf-unreal14.ltl result=UNREALIZABLE seconds=0.050
cap=60s instance=gf-unreal15.ltl result=UNREALIZABLE seconds=0.043
cap=60s instance=gf-unreal16.ltl result=UNREALIZABLE seconds=0.043
cap=60s instance=gf-unreal17.ltl result=UNREALIZABLE seconds=0.047
cap=60s instance=gf-unreal18.ltl result=UNREALIZABLE seconds=0.046
cap=60s instance=gf-unreal19.ltl result=UNREALIZABLE seconds=0.045
cap=60s instance=gf-unreal2.ltl result=UNREALIZABLE seconds=0.042
cap=60s instance=gf-unreal20.ltl result=UNREALIZABLE seconds=0.057
cap=60s instance=gf-unreal21.ltl result=UNREALIZABLE seconds=0.057
cap=60s instance=gf-unreal22.ltl result=UNREALIZABLE seconds=0.058
cap=60s instance=gf-unreal23.ltl result=UNREALIZABLE seconds=0.050
cap=60s instance=gf-unreal24.ltl result=UNREALIZABLE seconds=0.021
cap=60s instance=gf-unreal25.ltl result=UNREALIZABLE seconds=0.024
cap=60s instance=gf-unreal26.ltl result=UNREALIZABLE seconds=0.024
cap=60s instance=gf-unreal27.ltl result=UNREALIZABLE seconds=0.049
cap=60s instance=gf-unreal28.ltl result=UNREALIZABLE seconds=0.045
cap=60s instance=gf-unreal29.ltl result=UNREALIZABLE seconds=0.056
cap=60s instance=gf-unreal3.ltl result=UNREALIZABLE seconds=0.049
cap=60s instance=gf-unreal30.ltl result=UNREALIZABLE seconds=0.051
cap=60s instance=gf-unreal31.ltl result=UNREALIZABLE seconds=0.049
cap=60s instance=gf-unreal32.ltl result=UNREALIZABLE seconds=0.056
cap=60s instance=gf-unreal33.ltl result=UNREALIZABLE seconds=0.059
cap=60s instance=gf-unreal34.ltl result=UNREALIZABLE seconds=0.057
cap=60s instance=gf-unreal35.ltl result=UNREALIZABLE seconds=0.051
cap=60s instance=gf-unreal36.ltl result=UNREALIZABLE seconds=0.057
cap=60s instance=gf-unreal37.ltl result=UNREALIZABLE seconds=0.058
cap=60s instance=gf-unreal38.ltl result=UNREALIZABLE seconds=0.046
cap=60s instance=gf-unreal39.ltl result=UNREALIZABLE seconds=0.054
cap=60s instance=gf-unreal4.ltl result=UNREALIZABLE seconds=0.046
cap=60s instance=gf-unreal40.ltl result=UNREALIZABLE seconds=0.058
cap=60s instance=gf-unreal41.ltl result=UNREALIZABLE seconds=0.057
cap=60s instance=gf-unreal42.ltl result=UNREALIZABLE seconds=0.059
cap=60s instance=gf-unreal43.ltl result=UNREALIZABLE seconds=0.046
cap=60s instance=gf-unreal44.ltl result=UNREALIZABLE seconds=0.060
cap=60s instance=gf-unreal45.ltl result=UNREALIZABLE seconds=0.065
cap=60s instance=gf-unreal46.ltl result=UNREALIZABLE seconds=0.061
cap=60s instance=gf-unreal47.ltl result=UNREALIZABLE seconds=0.062
cap=60s instance=gf-unreal5.ltl result=UNREALIZABLE seconds=0.041
cap=60s instance=gf-unreal6.ltl result=UNREALIZABLE seconds=0.041
cap=60s instance=gf-unreal7.ltl result=UNREALIZABLE seconds=0.036
cap=60s instance=gf-unreal8.ltl result=UNREALIZABLE seconds=0.044
cap=60s instance=gf-unreal9.ltl result=UNREALIZABLE seconds=0.049
cap=60s instance=heim-buechi-real.ltl result=TIMEOUT seconds=60.230
cap=60s instance=heim-double-x-real.ltl result=TIMEOUT seconds=60.177
cap=60s instance=heim-double-x0.ltl result=UNREALIZABLE seconds=0.071
cap=60s instance=heim-double-x1.ltl result=UNREALIZABLE seconds=0.064
cap=60s instance=heim-double-x10.ltl result=UNREALIZABLE seconds=1.983
cap=60s instance=heim-double-x11.ltl result=UNREALIZABLE seconds=2.323
cap=60s instance=heim-double-x12.ltl result=UNREALIZABLE seconds=4.118
cap=60s instance=heim-double-x13.ltl result=UNREALIZABLE seconds=4.838
cap=60s instance=heim-double-x2.ltl result=UNREALIZABLE seconds=0.065
cap=60s instance=heim-double-x3.ltl result=UNREALIZABLE seconds=0.112
cap=60s instance=heim-double-x4.ltl result=UNREALIZABLE seconds=0.206
cap=60s instance=heim-double-x5.ltl result=UNREALIZABLE seconds=0.246
cap=60s instance=heim-double-x6.ltl result=UNREALIZABLE seconds=0.314
cap=60s instance=heim-double-x7.ltl result=UNREALIZABLE seconds=0.340
cap=60s instance=heim-double-x8.ltl result=UNREALIZABLE seconds=0.921
cap=60s instance=heim-double-x9.ltl result=UNREALIZABLE seconds=1.808
cap=60s instance=heim-fig7-unreal.ltl result=UNREALIZABLE seconds=0.035
cap=60s instance=helipad-contradict0.ltl result=UNREALIZABLE seconds=30.116
cap=60s instance=helipad-contradict1.ltl result=TIMEOUT seconds=60.072
cap=60s instance=helipad-real.ltl result=TIMEOUT seconds=60.231
cap=60s instance=infinite-race-real.ltl result=UNKNOWN seconds=41.394
cap=60s instance=infinite-race-u0.ltl result=UNREALIZABLE seconds=0.051
cap=60s instance=infinite-race-u1.ltl result=UNREALIZABLE seconds=0.055
cap=60s instance=infinite-race-u10.ltl result=UNREALIZABLE seconds=8.671
cap=60s instance=infinite-race-u11.ltl result=UNREALIZABLE seconds=11.178
cap=60s instance=infinite-race-u12.ltl result=UNREALIZABLE seconds=34.160
cap=60s instance=infinite-race-u13.ltl result=UNREALIZABLE seconds=33.449
cap=60s instance=infinite-race-u14.ltl result=UNREALIZABLE seconds=41.756
cap=60s instance=infinite-race-u15.ltl result=TIMEOUT seconds=60.201
cap=60s instance=infinite-race-u16.ltl result=TIMEOUT seconds=60.282
cap=60s instance=infinite-race-u17.ltl result=TIMEOUT seconds=60.284
cap=60s instance=infinite-race-u18.ltl result=TIMEOUT seconds=60.286
cap=60s instance=infinite-race-u19.ltl result=TIMEOUT seconds=60.288
cap=60s instance=infinite-race-u2.ltl result=UNREALIZABLE seconds=0.094
cap=60s instance=infinite-race-u20.ltl result=TIMEOUT seconds=60.229
cap=60s instance=infinite-race-u21.ltl result=TIMEOUT seconds=60.229
cap=60s instance=infinite-race-u22.ltl result=TIMEOUT seconds=60.228
cap=60s instance=infinite-race-u23.ltl result=TIMEOUT seconds=60.284
cap=60s instance=infinite-race-u24.ltl result=TIMEOUT seconds=60.236
cap=60s instance=infinite-race-u25.ltl result=TIMEOUT seconds=60.284
cap=60s instance=infinite-race-u3.ltl result=UNREALIZABLE seconds=0.080
cap=60s instance=infinite-race-u4.ltl result=UNREALIZABLE seconds=0.108
cap=60s instance=infinite-race-u5.ltl result=UNREALIZABLE seconds=0.141
cap=60s instance=infinite-race-u6.ltl result=UNREALIZABLE seconds=0.895
cap=60s instance=infinite-race-u7.ltl result=UNREALIZABLE seconds=1.280
cap=60s instance=infinite-race-u8.ltl result=UNREALIZABLE seconds=2.017
cap=60s instance=infinite-race-u9.ltl result=UNREALIZABLE seconds=7.300
cap=60s instance=infinite-race-unequal-1-real.ltl result=TIMEOUT seconds=60.178
cap=60s instance=infinite-race-unequal-10.ltl result=UNREALIZABLE seconds=0.034
cap=60s instance=infinite-race-unequal-20.ltl result=UNREALIZABLE seconds=0.044
cap=60s instance=infinite-race-unequal-21.ltl result=UNREALIZABLE seconds=0.071
cap=60s instance=infinite-race-unequal-22.ltl result=UNREALIZABLE seconds=0.083
cap=60s instance=infinite-race-unequal-23.ltl result=UNREALIZABLE seconds=0.112
cap=60s instance=infinite-race-unequal-24.ltl result=UNREALIZABLE seconds=0.931
cap=60s instance=infinite-race-unequal-25.ltl result=UNREALIZABLE seconds=8.936
cap=60s instance=infinite-race-unequal-26.ltl result=UNREALIZABLE seconds=38.976
cap=60s instance=items_processing-real.ltl result=TIMEOUT seconds=60.096
cap=60s instance=jarvis_gideon_a02758ea.ltl result=UNREALIZABLE seconds=0.033
cap=60s instance=jarvis_philippe_484face8.ltl result=UNREALIZABLE seconds=0.051
cap=60s instance=lazy_shades_problem_d6376bf9.ltl result=TIMEOUT seconds=60.333
cap=60s instance=lift_gr1+_pb_2_pe_.ltl result=TIMEOUT seconds=60.233
cap=60s instance=lift_gr1+_pb_3_pe_.ltl result=TIMEOUT seconds=60.229
cap=60s instance=lift_gr1+_pb_6_pe_.ltl result=TIMEOUT seconds=60.242
cap=60s instance=lift_gr1+_pb_7_pe_.ltl result=TIMEOUT seconds=60.383
cap=60s instance=lift_gr1+_pb_8_pe_.ltl result=TIMEOUT seconds=60.279
cap=60s instance=lift_gr1+_pb_9_pe_.ltl result=TIMEOUT seconds=60.128
cap=60s instance=lift_gr1_pb_10_pe_.ltl result=TIMEOUT seconds=60.129
cap=60s instance=lift_gr1_pb_2_pe_.ltl result=UNKNOWN seconds=52.531
cap=60s instance=lift_gr1_pb_3_pe_.ltl result=TIMEOUT seconds=60.182
cap=60s instance=lift_gr1_pb_7_pe_.ltl result=TIMEOUT seconds=60.282
cap=60s instance=lift_gr1_pb_8_pe_.ltl result=TIMEOUT seconds=60.333
cap=60s instance=lift_gr1_pb_9_pe_.ltl result=TIMEOUT seconds=60.148
cap=60s instance=lift_pb_10_pe_.ltl result=TIMEOUT seconds=60.131
cap=60s instance=lift_pb_2_pe_.ltl result=UNKNOWN seconds=1.162
cap=60s instance=lift_pb_3_pe_.ltl result=UNKNOWN seconds=13.412
cap=60s instance=lift_pb_4_pe_.ltl result=TIMEOUT seconds=60.183
cap=60s instance=lift_pb_5_pe_.ltl result=TIMEOUT seconds=60.233
cap=60s instance=lift_pb_6_pe_.ltl result=TIMEOUT seconds=60.279
cap=60s instance=lift_pb_7_pe_.ltl result=TIMEOUT seconds=60.273
cap=60s instance=lift_pb_8_pe_.ltl result=TIMEOUT seconds=60.043
cap=60s instance=lift_pb_9_pe_.ltl result=TIMEOUT seconds=60.096
cap=60s instance=lift_unary_enc_pb_2_pe_.ltl result=UNKNOWN seconds=2.992
cap=60s instance=lift_unary_enc_pb_3_pe_.ltl result=UNKNOWN seconds=56.108
cap=60s instance=lift_unary_enc_pb_4_pe_.ltl result=TIMEOUT seconds=60.237
cap=60s instance=lift_unary_enc_pb_5_pe_.ltl result=TIMEOUT seconds=60.133
cap=60s instance=lift_unary_enc_pb_6_pe_.ltl result=TIMEOUT seconds=60.096
cap=60s instance=lift_unary_enc_pb_7_pe_.ltl result=TIMEOUT seconds=60.132
cap=60s instance=lift_wrong_physics_unreal_pb_10_pe_.ltl result=TIMEOUT seconds=60.097
cap=60s instance=lift_wrong_physics_unreal_pb_2_pe_.ltl result=UNKNOWN seconds=1.177
cap=60s instance=lift_wrong_physics_unreal_pb_3_pe_.ltl result=UNREALIZABLE seconds=0.045
cap=60s instance=lift_wrong_physics_unreal_pb_4_pe_.ltl result=UNREALIZABLE seconds=0.057
cap=60s instance=lift_wrong_physics_unreal_pb_5_pe_.ltl result=UNREALIZABLE seconds=0.034
cap=60s instance=lift_wrong_physics_unreal_pb_6_pe_.ltl result=UNREALIZABLE seconds=0.080
cap=60s instance=lift_wrong_physics_unreal_pb_7_pe_.ltl result=UNREALIZABLE seconds=0.346
cap=60s instance=lift_wrong_physics_unreal_pb_8_pe_.ltl result=UNREALIZABLE seconds=2.148
cap=60s instance=lift_wrong_physics_unreal_pb_9_pe_.ltl result=UNREALIZABLE seconds=19.300
cap=60s instance=lilydemo01.ltl result=UNREALIZABLE seconds=0.023
cap=60s instance=lilydemo02.ltl result=UNREALIZABLE seconds=0.034
cap=60s instance=lilydemo03.ltl result=UNKNOWN seconds=0.276
cap=60s instance=lilydemo04.ltl result=UNKNOWN seconds=0.388
cap=60s instance=lilydemo04_modified.ltl result=UNREALIZABLE seconds=0.032
cap=60s instance=lilydemo05.ltl result=UNKNOWN seconds=0.376
cap=60s instance=lilydemo06.ltl result=UNKNOWN seconds=0.559
cap=60s instance=lilydemo07.ltl result=UNKNOWN seconds=0.438
cap=60s instance=lilydemo08.ltl result=UNKNOWN seconds=0.022
cap=60s instance=lilydemo09.ltl result=UNKNOWN seconds=9.297
cap=60s instance=lilydemo10.ltl result=UNKNOWN seconds=0.026
cap=60s instance=lilydemo11.ltl result=UNREALIZABLE seconds=0.034
cap=60s instance=lilydemo12.ltl result=UNKNOWN seconds=0.033
cap=60s instance=lilydemo13.ltl result=UNKNOWN seconds=0.046
cap=60s instance=lilydemo14.ltl result=UNKNOWN seconds=0.044
cap=60s instance=lilydemo15.ltl result=UNKNOWN seconds=0.035
cap=60s instance=lilydemo16.ltl result=UNKNOWN seconds=0.046
cap=60s instance=lilydemo17.ltl result=UNKNOWN seconds=0.033
cap=60s instance=lilydemo18.ltl result=UNKNOWN seconds=0.048
cap=60s instance=lilydemo19.ltl result=TIMEOUT seconds=60.136
cap=60s instance=lilydemo20.ltl result=UNKNOWN seconds=10.354
cap=60s instance=lilydemo21.ltl result=UNKNOWN seconds=0.878
cap=60s instance=lilydemo22.ltl result=UNKNOWN seconds=4.431
cap=60s instance=lilydemo23.ltl result=UNKNOWN seconds=0.089
cap=60s instance=load_balancer_pb_10_pe_.ltl result=TIMEOUT seconds=60.086
cap=60s instance=load_balancer_pb_11_pe_.ltl result=TIMEOUT seconds=60.129
cap=60s instance=load_balancer_pb_2_pe_.ltl result=UNKNOWN seconds=8.792
cap=60s instance=load_balancer_pb_3_pe_.ltl result=UNKNOWN seconds=25.568
cap=60s instance=load_balancer_pb_4_pe_.ltl result=TIMEOUT seconds=60.186
cap=60s instance=load_balancer_pb_5_pe_.ltl result=TIMEOUT seconds=60.283
cap=60s instance=load_balancer_pb_6_pe_.ltl result=TIMEOUT seconds=60.330
cap=60s instance=load_balancer_pb_7_pe_.ltl result=TIMEOUT seconds=60.129
cap=60s instance=load_balancer_pb_8_pe_.ltl result=TIMEOUT seconds=60.132
cap=60s instance=load_balancer_pb_9_pe_.ltl result=TIMEOUT seconds=60.188
cap=60s instance=load_balancer_unreal1_pb_2_10_pe_.ltl result=UNREALIZABLE seconds=0.125
cap=60s instance=load_balancer_unreal1_pb_2_11_pe_.ltl result=UNREALIZABLE seconds=0.223
cap=60s instance=load_balancer_unreal1_pb_2_12_pe_.ltl result=UNREALIZABLE seconds=0.470
cap=60s instance=load_balancer_unreal1_pb_2_13_pe_.ltl result=UNREALIZABLE seconds=1.032
cap=60s instance=load_balancer_unreal1_pb_2_14_pe_.ltl result=UNREALIZABLE seconds=2.299
cap=60s instance=load_balancer_unreal1_pb_2_15_pe_.ltl result=UNREALIZABLE seconds=5.115
cap=60s instance=load_balancer_unreal1_pb_2_16_pe_.ltl result=UNREALIZABLE seconds=11.866
cap=60s instance=load_balancer_unreal1_pb_2_1_pe_.ltl result=UNREALIZABLE seconds=0.024
cap=60s instance=load_balancer_unreal1_pb_2_2_pe_.ltl result=UNREALIZABLE seconds=0.030
cap=60s instance=load_balancer_unreal1_pb_2_3_pe_.ltl result=UNREALIZABLE seconds=0.045
cap=60s instance=load_balancer_unreal1_pb_2_4_pe_.ltl result=UNREALIZABLE seconds=0.044
cap=60s instance=load_balancer_unreal1_pb_2_5_pe_.ltl result=UNREALIZABLE seconds=0.059
cap=60s instance=load_balancer_unreal1_pb_2_6_pe_.ltl result=UNREALIZABLE seconds=0.037
cap=60s instance=load_balancer_unreal1_pb_2_7_pe_.ltl result=UNREALIZABLE seconds=0.036
cap=60s instance=load_balancer_unreal1_pb_2_8_pe_.ltl result=UNREALIZABLE seconds=0.042
cap=60s instance=load_balancer_unreal1_pb_2_9_pe_.ltl result=UNREALIZABLE seconds=0.089
cap=60s instance=load_balancer_unreal1_pb_3_10_pe_.ltl result=UNREALIZABLE seconds=2.060
cap=60s instance=load_balancer_unreal1_pb_3_11_pe_.ltl result=UNREALIZABLE seconds=5.013
cap=60s instance=load_balancer_unreal1_pb_3_12_pe_.ltl result=UNREALIZABLE seconds=10.940
cap=60s instance=load_balancer_unreal1_pb_3_1_pe_.ltl result=UNREALIZABLE seconds=0.039
cap=60s instance=load_balancer_unreal1_pb_3_2_pe_.ltl result=UNREALIZABLE seconds=0.050
cap=60s instance=load_balancer_unreal1_pb_3_3_pe_.ltl result=UNREALIZABLE seconds=0.054
cap=60s instance=load_balancer_unreal1_pb_3_4_pe_.ltl result=UNREALIZABLE seconds=0.066
cap=60s instance=load_balancer_unreal1_pb_3_5_pe_.ltl result=UNREALIZABLE seconds=0.077
cap=60s instance=load_balancer_unreal1_pb_3_6_pe_.ltl result=UNREALIZABLE seconds=0.129
cap=60s instance=load_balancer_unreal1_pb_3_7_pe_.ltl result=UNREALIZABLE seconds=0.233
cap=60s instance=load_balancer_unreal1_pb_3_8_pe_.ltl result=UNREALIZABLE seconds=0.453
cap=60s instance=load_balancer_unreal1_pb_3_9_pe_.ltl result=UNREALIZABLE seconds=0.906
cap=60s instance=load_balancer_unreal1_pb_4_10_pe_.ltl result=TIMEOUT seconds=60.187
cap=60s instance=load_balancer_unreal1_pb_4_11_pe_.ltl result=TIMEOUT seconds=60.136
cap=60s instance=load_balancer_unreal1_pb_4_12_pe_.ltl result=TIMEOUT seconds=60.187
cap=60s instance=load_balancer_unreal1_pb_4_1_pe_.ltl result=UNREALIZABLE seconds=0.066
cap=60s instance=load_balancer_unreal1_pb_4_2_pe_.ltl result=UNREALIZABLE seconds=0.099
cap=60s instance=load_balancer_unreal1_pb_4_3_pe_.ltl result=UNREALIZABLE seconds=0.217
cap=60s instance=load_balancer_unreal1_pb_4_4_pe_.ltl result=UNREALIZABLE seconds=1.066
cap=60s instance=load_balancer_unreal1_pb_4_5_pe_.ltl result=UNREALIZABLE seconds=7.546
cap=60s instance=load_balancer_unreal1_pb_4_6_pe_.ltl result=UNREALIZABLE seconds=53.065
cap=60s instance=load_balancer_unreal1_pb_4_7_pe_.ltl result=TIMEOUT seconds=60.179
cap=60s instance=load_balancer_unreal1_pb_4_8_pe_.ltl result=TIMEOUT seconds=60.188
cap=60s instance=load_balancer_unreal1_pb_4_9_pe_.ltl result=TIMEOUT seconds=60.184
cap=60s instance=load_balancer_unreal1_pb_5_2_pe_.ltl result=UNREALIZABLE seconds=0.905
cap=60s instance=load_balancer_unreal1_pb_5_3_pe_.ltl result=UNREALIZABLE seconds=3.957
cap=60s instance=load_balancer_unreal1_pb_5_4_pe_.ltl result=TIMEOUT seconds=60.071
cap=60s instance=load_balancer_unreal1_pb_5_5_pe_.ltl result=TIMEOUT seconds=60.186
cap=60s instance=load_balancer_unreal1_pb_5_6_pe_.ltl result=TIMEOUT seconds=60.185
cap=60s instance=load_balancer_unreal1_pb_5_7_pe_.ltl result=TIMEOUT seconds=60.150
cap=60s instance=load_balancer_unreal1_pb_6_1_pe_.ltl result=UNREALIZABLE seconds=1.948
cap=60s instance=load_balancer_unreal1_pb_6_2_pe_.ltl result=UNREALIZABLE seconds=11.676
cap=60s instance=load_balancer_unreal1_pb_6_3_pe_.ltl result=TIMEOUT seconds=60.100
cap=60s instance=load_balancer_unreal1_pb_6_4_pe_.ltl result=TIMEOUT seconds=60.129
cap=60s instance=load_balancer_unreal1_pb_6_5_pe_.ltl result=TIMEOUT seconds=60.103
cap=60s instance=load_balancer_unreal2_pb_2_pe_.ltl result=UNKNOWN seconds=9.135
cap=60s instance=load_balancer_unreal2_pb_3_pe_.ltl result=UNREALIZABLE seconds=0.046
cap=60s instance=load_balancer_unreal2_pb_4_pe_.ltl result=UNREALIZABLE seconds=0.800
cap=60s instance=load_balancer_unreal2_pb_5_pe_.ltl result=TIMEOUT seconds=60.083
cap=60s instance=load_balancer_unreal2_pb_6_pe_.ltl result=TIMEOUT seconds=60.128
cap=60s instance=load_balancer_unreal2_pb_7_pe_.ltl result=TIMEOUT seconds=60.129
cap=60s instance=load_balancer_unreal2_pb_8_pe_.ltl result=TIMEOUT seconds=60.129
cap=60s instance=ltl2dba01.ltl result=UNKNOWN seconds=0.023
cap=60s instance=ltl2dba02.ltl result=UNKNOWN seconds=0.034
cap=60s instance=ltl2dba03.ltl result=UNKNOWN seconds=0.037
cap=60s instance=ltl2dba04.ltl result=UNKNOWN seconds=0.035
cap=60s instance=ltl2dba05.ltl result=UNKNOWN seconds=0.034
cap=60s instance=ltl2dba06.ltl result=UNKNOWN seconds=0.032
cap=60s instance=ltl2dba07.ltl result=UNKNOWN seconds=0.032
cap=60s instance=ltl2dba08.ltl result=UNKNOWN seconds=0.037
cap=60s instance=ltl2dba09.ltl result=UNKNOWN seconds=0.037
cap=60s instance=ltl2dba10.ltl result=UNKNOWN seconds=0.048
cap=60s instance=ltl2dba11.ltl result=UNKNOWN seconds=0.032
cap=60s instance=ltl2dba12.ltl result=UNKNOWN seconds=0.033
cap=60s instance=ltl2dba13.ltl result=UNKNOWN seconds=0.034
cap=60s instance=ltl2dba14.ltl result=UNKNOWN seconds=0.034
cap=60s instance=ltl2dba15.ltl result=UNKNOWN seconds=0.032
cap=60s instance=ltl2dba16.ltl result=UNKNOWN seconds=0.031
cap=60s instance=ltl2dba17.ltl result=UNKNOWN seconds=0.033
cap=60s instance=ltl2dba18.ltl result=UNKNOWN seconds=0.033
cap=60s instance=ltl2dba19.ltl result=UNKNOWN seconds=0.034
cap=60s instance=ltl2dba20.ltl result=UNKNOWN seconds=0.036
cap=60s instance=ltl2dba21.ltl result=UNKNOWN seconds=0.033
cap=60s instance=ltl2dba22.ltl result=UNKNOWN seconds=0.035
cap=60s instance=ltl2dba23.ltl result=UNKNOWN seconds=0.031
cap=60s instance=ltl2dba25.ltl result=UNKNOWN seconds=0.037
cap=60s instance=ltl2dba26.ltl result=UNKNOWN seconds=0.034
cap=60s instance=ltl2dba27.ltl result=UNREALIZABLE seconds=0.043
cap=60s instance=ltl2dba_C2_pb_100_pe_.ltl result=UNKNOWN seconds=0.036
cap=60s instance=ltl2dba_C2_pb_10_pe_.ltl result=UNKNOWN seconds=0.037
cap=60s instance=ltl2dba_C2_pb_12_pe_.ltl result=UNKNOWN seconds=0.034
cap=60s instance=ltl2dba_C2_pb_14_pe_.ltl result=UNKNOWN seconds=0.027
cap=60s instance=ltl2dba_C2_pb_16_pe_.ltl result=UNKNOWN seconds=0.032
cap=60s instance=ltl2dba_C2_pb_1_pe_.ltl result=UNKNOWN seconds=0.024
cap=60s instance=ltl2dba_C2_pb_25_pe_.ltl result=UNKNOWN seconds=0.023
cap=60s instance=ltl2dba_C2_pb_2_pe_.ltl result=UNKNOWN seconds=0.027
cap=60s instance=ltl2dba_C2_pb_3_pe_.ltl result=UNKNOWN seconds=0.024
cap=60s instance=ltl2dba_C2_pb_4_pe_.ltl result=UNKNOWN seconds=0.022
cap=60s instance=ltl2dba_C2_pb_50_pe_.ltl result=UNKNOWN seconds=0.022
cap=60s instance=ltl2dba_C2_pb_5_pe_.ltl result=UNKNOWN seconds=0.023
cap=60s instance=ltl2dba_C2_pb_60_pe_.ltl result=UNKNOWN seconds=0.023
cap=60s instance=ltl2dba_C2_pb_6_pe_.ltl result=UNKNOWN seconds=0.024
cap=60s instance=ltl2dba_C2_pb_70_pe_.ltl result=UNKNOWN seconds=0.024
cap=60s instance=ltl2dba_C2_pb_7_pe_.ltl result=UNKNOWN seconds=0.026
cap=60s instance=ltl2dba_C2_pb_80_pe_.ltl result=UNKNOWN seconds=0.024
cap=60s instance=ltl2dba_C2_pb_8_pe_.ltl result=UNKNOWN seconds=0.023
cap=60s instance=ltl2dba_C2_pb_9_pe_.ltl result=UNKNOWN seconds=0.024
cap=60s instance=ltl2dba_C2_unreal_pb_100_pe_.ltl result=TIMEOUT seconds=60.183
cap=60s instance=ltl2dba_C2_unreal_pb_10_pe_.ltl result=UNREALIZABLE seconds=0.158
cap=60s instance=ltl2dba_C2_unreal_pb_11_pe_.ltl result=UNREALIZABLE seconds=0.289
cap=60s instance=ltl2dba_C2_unreal_pb_12_pe_.ltl result=UNREALIZABLE seconds=0.625
cap=60s instance=ltl2dba_C2_unreal_pb_13_pe_.ltl result=UNREALIZABLE seconds=1.433
cap=60s instance=ltl2dba_C2_unreal_pb_14_pe_.ltl result=UNREALIZABLE seconds=3.645
cap=60s instance=ltl2dba_C2_unreal_pb_15_pe_.ltl result=UNREALIZABLE seconds=8.930
cap=60s instance=ltl2dba_C2_unreal_pb_16_pe_.ltl result=UNREALIZABLE seconds=22.126
cap=60s instance=ltl2dba_C2_unreal_pb_25_pe_.ltl result=TIMEOUT seconds=60.085
cap=60s instance=ltl2dba_C2_unreal_pb_2_pe_.ltl result=UNREALIZABLE seconds=0.021
cap=60s instance=ltl2dba_C2_unreal_pb_3_pe_.ltl result=UNREALIZABLE seconds=0.032
cap=60s instance=ltl2dba_C2_unreal_pb_4_pe_.ltl result=UNREALIZABLE seconds=0.038
cap=60s instance=ltl2dba_C2_unreal_pb_50_pe_.ltl result=TIMEOUT seconds=60.087
cap=60s instance=ltl2dba_C2_unreal_pb_5_pe_.ltl result=UNREALIZABLE seconds=0.039
cap=60s instance=ltl2dba_C2_unreal_pb_60_pe_.ltl result=TIMEOUT seconds=60.083
cap=60s instance=ltl2dba_C2_unreal_pb_6_pe_.ltl result=UNREALIZABLE seconds=0.041
cap=60s instance=ltl2dba_C2_unreal_pb_70_pe_.ltl result=TIMEOUT seconds=60.129
cap=60s instance=ltl2dba_C2_unreal_pb_7_pe_.ltl result=UNREALIZABLE seconds=0.035
cap=60s instance=ltl2dba_C2_unreal_pb_80_pe_.ltl result=TIMEOUT seconds=60.183
cap=60s instance=ltl2dba_C2_unreal_pb_8_pe_.ltl result=UNREALIZABLE seconds=0.061
cap=60s instance=ltl2dba_C2_unreal_pb_9_pe_.ltl result=UNREALIZABLE seconds=0.076
cap=60s instance=ltl2dba_E_pb_10_pe_.ltl result=UNKNOWN seconds=0.026
cap=60s instance=ltl2dba_E_pb_12_pe_.ltl result=UNKNOWN seconds=0.034
cap=60s instance=ltl2dba_E_pb_14_pe_.ltl result=UNKNOWN seconds=0.035
cap=60s instance=ltl2dba_E_pb_15_pe_.ltl result=UNKNOWN seconds=0.035
cap=60s instance=ltl2dba_E_pb_16_pe_.ltl result=UNKNOWN seconds=0.035
cap=60s instance=ltl2dba_E_pb_1_pe_.ltl result=UNKNOWN seconds=0.039
cap=60s instance=ltl2dba_E_pb_2_pe_.ltl result=UNKNOWN seconds=0.035
cap=60s instance=ltl2dba_E_pb_3_pe_.ltl result=UNKNOWN seconds=0.036
cap=60s instance=ltl2dba_E_pb_4_pe_.ltl result=UNKNOWN seconds=0.039
cap=60s instance=ltl2dba_E_pb_5_pe_.ltl result=UNKNOWN seconds=0.032
cap=60s instance=ltl2dba_E_pb_6_pe_.ltl result=UNKNOWN seconds=0.032
cap=60s instance=ltl2dba_E_pb_7_pe_.ltl result=UNKNOWN seconds=0.035
cap=60s instance=ltl2dba_E_pb_8_pe_.ltl result=UNKNOWN seconds=0.038
cap=60s instance=ltl2dba_E_pb_9_pe_.ltl result=UNKNOWN seconds=0.036
cap=60s instance=ltl2dba_Q_pb_100_pe_.ltl result=UNKNOWN seconds=0.033
cap=60s instance=ltl2dba_Q_pb_10_pe_.ltl result=UNKNOWN seconds=0.033
cap=60s instance=ltl2dba_Q_pb_12_pe_.ltl result=UNKNOWN seconds=0.050
cap=60s instance=ltl2dba_Q_pb_15_pe_.ltl result=UNKNOWN seconds=0.050
cap=60s instance=ltl2dba_Q_pb_18_pe_.ltl result=UNKNOWN seconds=0.034
cap=60s instance=ltl2dba_Q_pb_1_pe_.ltl result=UNKNOWN seconds=0.033
cap=60s instance=ltl2dba_Q_pb_25_pe_.ltl result=UNKNOWN seconds=0.037
cap=60s instance=ltl2dba_Q_pb_2_pe_.ltl result=UNKNOWN seconds=0.036
cap=60s instance=ltl2dba_Q_pb_3_pe_.ltl result=UNKNOWN seconds=0.035
cap=60s instance=ltl2dba_Q_pb_4_pe_.ltl result=UNKNOWN seconds=0.046
cap=60s instance=ltl2dba_Q_pb_50_pe_.ltl result=UNKNOWN seconds=0.033
cap=60s instance=ltl2dba_Q_pb_5_pe_.ltl result=UNKNOWN seconds=0.033
cap=60s instance=ltl2dba_Q_pb_6_pe_.ltl result=UNKNOWN seconds=0.033
cap=60s instance=ltl2dba_Q_pb_7_pe_.ltl result=UNKNOWN seconds=0.032
cap=60s instance=ltl2dba_Q_pb_8_pe_.ltl result=UNKNOWN seconds=0.042
cap=60s instance=ltl2dba_R_pb_10_pe_.ltl result=TIMEOUT seconds=60.097
cap=60s instance=ltl2dba_R_pb_11_pe_.ltl result=TIMEOUT seconds=60.132
cap=60s instance=ltl2dba_R_pb_12_pe_.ltl result=TIMEOUT seconds=60.072
cap=60s instance=ltl2dba_R_pb_14_pe_.ltl result=TIMEOUT seconds=60.028
cap=60s instance=ltl2dba_R_pb_1_pe_.ltl result=UNKNOWN seconds=0.025
cap=60s instance=ltl2dba_R_pb_2_pe_.ltl result=UNREALIZABLE seconds=0.033
cap=60s instance=ltl2dba_R_pb_3_pe_.ltl result=UNREALIZABLE seconds=0.046
cap=60s instance=ltl2dba_R_pb_4_pe_.ltl result=UNREALIZABLE seconds=0.054
cap=60s instance=ltl2dba_R_pb_5_pe_.ltl result=UNREALIZABLE seconds=0.077
cap=60s instance=ltl2dba_R_pb_6_pe_.ltl result=UNREALIZABLE seconds=0.501
cap=60s instance=ltl2dba_R_pb_7_pe_.ltl result=UNREALIZABLE seconds=5.736
cap=60s instance=ltl2dba_R_pb_8_pe_.ltl result=TIMEOUT seconds=60.080
cap=60s instance=ltl2dba_U1_pb_100_pe_.ltl result=UNKNOWN seconds=0.029
cap=60s instance=ltl2dba_U1_pb_10_pe_.ltl result=UNKNOWN seconds=0.033
cap=60s instance=ltl2dba_U1_pb_12_pe_.ltl result=UNKNOWN seconds=0.033
cap=60s instance=ltl2dba_U1_pb_15_pe_.ltl result=UNKNOWN seconds=0.033
cap=60s instance=ltl2dba_U1_pb_18_pe_.ltl result=UNKNOWN seconds=0.034
cap=60s instance=ltl2dba_U1_pb_1_pe_.ltl result=UNKNOWN seconds=0.035
cap=60s instance=ltl2dba_U1_pb_25_pe_.ltl result=UNKNOWN seconds=0.035
cap=60s instance=ltl2dba_U1_pb_2_pe_.ltl result=UNKNOWN seconds=0.035
cap=60s instance=ltl2dba_U1_pb_3_pe_.ltl result=UNKNOWN seconds=0.052
cap=60s instance=ltl2dba_U1_pb_4_pe_.ltl result=UNKNOWN seconds=0.037
cap=60s instance=ltl2dba_U1_pb_50_pe_.ltl result=UNKNOWN seconds=0.035
cap=60s instance=ltl2dba_U1_pb_5_pe_.ltl result=UNKNOWN seconds=0.033
cap=60s instance=ltl2dba_U1_pb_6_pe_.ltl result=UNKNOWN seconds=0.035
cap=60s instance=ltl2dba_U1_pb_7_pe_.ltl result=UNKNOWN seconds=0.036
cap=60s instance=ltl2dba_U1_pb_8_pe_.ltl result=UNKNOWN seconds=0.032
cap=60s instance=ltl2dba_U1_pb_9_pe_.ltl result=UNKNOWN seconds=0.037
cap=60s instance=ltl2dba_alpha_pb_100_pe_.ltl result=UNKNOWN seconds=0.037
cap=60s instance=ltl2dba_alpha_pb_10_pe_.ltl result=UNKNOWN seconds=0.039
cap=60s instance=ltl2dba_alpha_pb_12_pe_.ltl result=UNKNOWN seconds=0.033
cap=60s instance=ltl2dba_alpha_pb_14_pe_.ltl result=UNKNOWN seconds=0.037
cap=60s instance=ltl2dba_alpha_pb_16_pe_.ltl result=UNKNOWN seconds=0.031
cap=60s instance=ltl2dba_alpha_pb_17_pe_.ltl result=UNKNOWN seconds=0.033
cap=60s instance=ltl2dba_alpha_pb_18_pe_.ltl result=UNKNOWN seconds=0.038
cap=60s instance=ltl2dba_alpha_pb_1_pe_.ltl result=UNKNOWN seconds=0.035
cap=60s instance=ltl2dba_alpha_pb_20_pe_.ltl result=UNKNOWN seconds=0.038
cap=60s instance=ltl2dba_alpha_pb_25_pe_.ltl result=UNKNOWN seconds=0.036
cap=60s instance=ltl2dba_alpha_pb_2_pe_.ltl result=UNKNOWN seconds=0.033
cap=60s instance=ltl2dba_alpha_pb_3_pe_.ltl result=UNKNOWN seconds=0.036
cap=60s instance=ltl2dba_alpha_pb_4_pe_.ltl result=UNKNOWN seconds=0.040
cap=60s instance=ltl2dba_alpha_pb_50_pe_.ltl result=UNKNOWN seconds=0.037
cap=60s instance=ltl2dba_alpha_pb_5_pe_.ltl result=UNKNOWN seconds=0.032
cap=60s instance=ltl2dba_alpha_pb_6_pe_.ltl result=UNKNOWN seconds=0.035
cap=60s instance=ltl2dba_alpha_pb_7_pe_.ltl result=UNKNOWN seconds=0.037
cap=60s instance=ltl2dba_alpha_pb_8_pe_.ltl result=UNKNOWN seconds=0.035
cap=60s instance=ltl2dba_beta_pb_100_pe_.ltl result=UNKNOWN seconds=0.047
cap=60s instance=ltl2dba_beta_pb_10_pe_.ltl result=UNKNOWN seconds=0.035
cap=60s instance=ltl2dba_beta_pb_15_pe_.ltl result=UNKNOWN seconds=0.036
cap=60s instance=ltl2dba_beta_pb_18_pe_.ltl result=UNKNOWN seconds=0.036
cap=60s instance=ltl2dba_beta_pb_1_pe_.ltl result=UNKNOWN seconds=0.046
cap=60s instance=ltl2dba_beta_pb_20_pe_.ltl result=UNKNOWN seconds=0.035
cap=60s instance=ltl2dba_beta_pb_25_pe_.ltl result=UNKNOWN seconds=0.047
cap=60s instance=ltl2dba_beta_pb_2_pe_.ltl result=UNKNOWN seconds=0.036
cap=60s instance=ltl2dba_beta_pb_30_pe_.ltl result=UNKNOWN seconds=0.037
cap=60s instance=ltl2dba_beta_pb_3_pe_.ltl result=UNKNOWN seconds=0.037
cap=60s instance=ltl2dba_beta_pb_4_pe_.ltl result=UNKNOWN seconds=0.052
cap=60s instance=ltl2dba_beta_pb_5_pe_.ltl result=UNKNOWN seconds=0.037
cap=60s instance=ltl2dba_beta_pb_6_pe_.ltl result=UNKNOWN seconds=0.034
cap=60s instance=ltl2dba_beta_pb_7_pe_.ltl result=UNKNOWN seconds=0.031
cap=60s instance=ltl2dba_beta_pb_8_pe_.ltl result=UNKNOWN seconds=0.034
cap=60s instance=ltl2dba_theta_pb_100_pe_.ltl result=TIMEOUT seconds=60.129
cap=60s instance=ltl2dba_theta_pb_10_pe_.ltl result=UNREALIZABLE seconds=0.338
cap=60s instance=ltl2dba_theta_pb_12_pe_.ltl result=UNREALIZABLE seconds=1.704
cap=60s instance=ltl2dba_theta_pb_14_pe_.ltl result=UNREALIZABLE seconds=9.809
cap=60s instance=ltl2dba_theta_pb_16_pe_.ltl result=UNREALIZABLE seconds=57.197
cap=60s instance=ltl2dba_theta_pb_1_pe_.ltl result=UNREALIZABLE seconds=0.020
cap=60s instance=ltl2dba_theta_pb_25_pe_.ltl result=TIMEOUT seconds=60.113
cap=60s instance=ltl2dba_theta_pb_2_pe_.ltl result=UNREALIZABLE seconds=0.024
cap=60s instance=ltl2dba_theta_pb_300_pe_.ltl result=TIMEOUT seconds=60.129
cap=60s instance=ltl2dba_theta_pb_3_pe_.ltl result=UNREALIZABLE seconds=0.032
cap=60s instance=ltl2dba_theta_pb_4_pe_.ltl result=UNREALIZABLE seconds=0.044
cap=60s instance=ltl2dba_theta_pb_500_pe_.ltl result=TIMEOUT seconds=60.084
cap=60s instance=ltl2dba_theta_pb_50_pe_.ltl result=TIMEOUT seconds=60.092
cap=60s instance=ltl2dba_theta_pb_5_pe_.ltl result=UNREALIZABLE seconds=0.036
cap=60s instance=ltl2dba_theta_pb_6_pe_.ltl result=UNREALIZABLE seconds=0.065
cap=60s instance=ltl2dba_theta_pb_7_pe_.ltl result=UNREALIZABLE seconds=0.064
cap=60s instance=ltl2dba_theta_pb_8_pe_.ltl result=UNREALIZABLE seconds=0.091
cap=60s instance=ltl2dpa01.ltl result=UNKNOWN seconds=57.360
cap=60s instance=ltl2dpa02.ltl result=UNKNOWN seconds=0.032
cap=60s instance=ltl2dpa03.ltl result=TIMEOUT seconds=60.237
cap=60s instance=ltl2dpa04.ltl result=UNKNOWN seconds=0.033
cap=60s instance=ltl2dpa05.ltl result=UNKNOWN seconds=0.031
cap=60s instance=ltl2dpa06.ltl result=UNKNOWN seconds=0.037
cap=60s instance=ltl2dpa07.ltl result=UNKNOWN seconds=0.042
cap=60s instance=ltl2dpa08.ltl result=UNKNOWN seconds=0.036
cap=60s instance=ltl2dpa09.ltl result=UNKNOWN seconds=0.033
cap=60s instance=ltl2dpa10.ltl result=TIMEOUT seconds=60.200
cap=60s instance=ltl2dpa11.ltl result=UNKNOWN seconds=0.035
cap=60s instance=ltl2dpa12.ltl result=TIMEOUT seconds=60.188
cap=60s instance=ltl2dpa13.ltl result=TIMEOUT seconds=60.124
cap=60s instance=ltl2dpa14.ltl result=UNKNOWN seconds=19.416
cap=60s instance=ltl2dpa15.ltl result=UNKNOWN seconds=0.030
cap=60s instance=ltl2dpa16.ltl result=UNKNOWN seconds=0.036
cap=60s instance=ltl2dpa17.ltl result=UNKNOWN seconds=0.036
cap=60s instance=ltl2dpa18.ltl result=UNKNOWN seconds=4.280
cap=60s instance=ltl2dpa19.ltl result=TIMEOUT seconds=60.139
cap=60s instance=ltl2dpa20.ltl result=UNKNOWN seconds=8.972
cap=60s instance=ltl2dpa22.ltl result=UNKNOWN seconds=50.054
cap=60s instance=ltl2dpa23.ltl result=TIMEOUT seconds=60.187
cap=60s instance=ltl2dpa24.ltl result=TIMEOUT seconds=60.160
cap=60s instance=mux_pb_100_pe_.ltl result=UNKNOWN seconds=0.060
cap=60s instance=mux_pb_10_pe_.ltl result=UNKNOWN seconds=0.047
cap=60s instance=mux_pb_125_pe_.ltl result=UNKNOWN seconds=0.066
cap=60s instance=mux_pb_12_pe_.ltl result=UNKNOWN seconds=0.064
cap=60s instance=mux_pb_132_pe_.ltl result=UNKNOWN seconds=0.065
cap=60s instance=mux_pb_150_pe_.ltl result=UNKNOWN seconds=0.066
cap=60s instance=mux_pb_16_pe_.ltl result=UNKNOWN seconds=0.061
cap=60s instance=mux_pb_175_pe_.ltl result=UNKNOWN seconds=0.070
cap=60s instance=mux_pb_200_pe_.ltl result=UNKNOWN seconds=0.073
cap=60s instance=mux_pb_32_pe_.ltl result=UNKNOWN seconds=0.061
cap=60s instance=mux_pb_64_pe_.ltl result=UNKNOWN seconds=0.046
cap=60s instance=mux_pb_8_pe_.ltl result=UNKNOWN seconds=0.041
cap=60s instance=narylatch_pb_10_pe_.ltl result=UNKNOWN seconds=0.042
cap=60s instance=narylatch_pb_11_pe_.ltl result=UNKNOWN seconds=0.040
cap=60s instance=narylatch_pb_12_pe_.ltl result=UNKNOWN seconds=0.046
cap=60s instance=narylatch_pb_16_pe_.ltl result=UNKNOWN seconds=0.057
cap=60s instance=narylatch_pb_32_pe_.ltl result=UNKNOWN seconds=0.048
cap=60s instance=narylatch_pb_64_pe_.ltl result=UNKNOWN seconds=0.065
cap=60s instance=narylatch_pb_8_pe_.ltl result=UNKNOWN seconds=0.043
cap=60s instance=ordered-visits-choice-real.ltl result=UNKNOWN seconds=0.165
cap=60s instance=ordered-visits-real.ltl result=UNKNOWN seconds=0.645
cap=60s instance=package-delivery-real.ltl result=TIMEOUT seconds=60.062
cap=60s instance=patrolling-alarm0.ltl result=UNREALIZABLE seconds=0.042
cap=60s instance=patrolling-alarm1.ltl result=UNREALIZABLE seconds=0.058
cap=60s instance=patrolling-alarm10.ltl result=UNREALIZABLE seconds=0.173
cap=60s instance=patrolling-alarm11.ltl result=UNREALIZABLE seconds=0.181
cap=60s instance=patrolling-alarm12.ltl result=UNREALIZABLE seconds=0.198
cap=60s instance=patrolling-alarm13.ltl result=UNREALIZABLE seconds=0.193
cap=60s instance=patrolling-alarm14.ltl result=UNREALIZABLE seconds=0.212
cap=60s instance=patrolling-alarm15.ltl result=UNREALIZABLE seconds=0.363
cap=60s instance=patrolling-alarm16.ltl result=UNREALIZABLE seconds=0.368
cap=60s instance=patrolling-alarm17.ltl result=UNREALIZABLE seconds=0.399
cap=60s instance=patrolling-alarm18.ltl result=UNREALIZABLE seconds=0.428
cap=60s instance=patrolling-alarm19.ltl result=UNREALIZABLE seconds=0.453
cap=60s instance=patrolling-alarm2.ltl result=UNREALIZABLE seconds=0.050
cap=60s instance=patrolling-alarm20.ltl result=UNREALIZABLE seconds=0.476
cap=60s instance=patrolling-alarm21.ltl result=UNREALIZABLE seconds=0.508
cap=60s instance=patrolling-alarm22.ltl result=UNREALIZABLE seconds=0.535
cap=60s instance=patrolling-alarm23.ltl result=UNREALIZABLE seconds=0.584
cap=60s instance=patrolling-alarm24.ltl result=UNREALIZABLE seconds=0.597
cap=60s instance=patrolling-alarm25.ltl result=UNREALIZABLE seconds=0.634
cap=60s instance=patrolling-alarm26.ltl result=UNREALIZABLE seconds=0.671
cap=60s instance=patrolling-alarm3.ltl result=UNREALIZABLE seconds=0.059
cap=60s instance=patrolling-alarm4.ltl result=UNREALIZABLE seconds=0.072
cap=60s instance=patrolling-alarm5.ltl result=UNREALIZABLE seconds=0.077
cap=60s instance=patrolling-alarm6.ltl result=UNREALIZABLE seconds=0.095
cap=60s instance=patrolling-alarm7.ltl result=UNREALIZABLE seconds=0.138
cap=60s instance=patrolling-alarm8.ltl result=UNREALIZABLE seconds=0.141
cap=60s instance=patrolling-alarm9.ltl result=UNREALIZABLE seconds=0.152
cap=60s instance=patrolling0.ltl result=UNREALIZABLE seconds=0.039
cap=60s instance=patrolling1.ltl result=UNREALIZABLE seconds=0.057
cap=60s instance=patrolling10.ltl result=UNREALIZABLE seconds=0.173
cap=60s instance=patrolling11.ltl result=UNREALIZABLE seconds=0.175
cap=60s instance=patrolling12.ltl result=UNREALIZABLE seconds=0.189
cap=60s instance=patrolling13.ltl result=UNREALIZABLE seconds=0.208
cap=60s instance=patrolling14.ltl result=UNREALIZABLE seconds=0.214
cap=60s instance=patrolling15.ltl result=UNREALIZABLE seconds=0.355
cap=60s instance=patrolling16.ltl result=UNREALIZABLE seconds=0.362
cap=60s instance=patrolling17.ltl result=UNREALIZABLE seconds=0.423
cap=60s instance=patrolling18.ltl result=UNREALIZABLE seconds=0.439
cap=60s instance=patrolling19.ltl result=UNREALIZABLE seconds=0.445
cap=60s instance=patrolling2.ltl result=UNREALIZABLE seconds=0.044
cap=60s instance=patrolling20.ltl result=UNREALIZABLE seconds=0.468
cap=60s instance=patrolling21.ltl result=UNREALIZABLE seconds=0.504
cap=60s instance=patrolling22.ltl result=UNREALIZABLE seconds=0.526
cap=60s instance=patrolling23.ltl result=UNREALIZABLE seconds=0.544
cap=60s instance=patrolling24.ltl result=UNREALIZABLE seconds=0.608
cap=60s instance=patrolling25.ltl result=UNREALIZABLE seconds=0.612
cap=60s instance=patrolling3.ltl result=UNREALIZABLE seconds=0.067
cap=60s instance=patrolling4.ltl result=UNREALIZABLE seconds=0.059
cap=60s instance=patrolling5.ltl result=UNREALIZABLE seconds=0.076
cap=60s instance=patrolling6.ltl result=UNREALIZABLE seconds=0.097
cap=60s instance=patrolling7.ltl result=UNREALIZABLE seconds=0.140
cap=60s instance=patrolling8.ltl result=UNREALIZABLE seconds=0.135
cap=60s instance=patrolling9.ltl result=UNREALIZABLE seconds=0.152
cap=60s instance=precise-reachability-real.ltl result=UNKNOWN seconds=39.046
cap=60s instance=precise-reachability0.ltl result=UNREALIZABLE seconds=0.038
cap=60s instance=prioritized_arbiter_enc_pb_10_pe_.ltl result=TIMEOUT seconds=60.029
cap=60s instance=prioritized_arbiter_enc_pb_12_pe_.ltl result=TIMEOUT seconds=60.096
cap=60s instance=prioritized_arbiter_enc_pb_13_pe_.ltl result=TIMEOUT seconds=60.096
cap=60s instance=prioritized_arbiter_enc_pb_14_pe_.ltl result=TIMEOUT seconds=60.136
cap=60s instance=prioritized_arbiter_enc_pb_15_pe_.ltl result=TIMEOUT seconds=60.083
cap=60s instance=prioritized_arbiter_enc_pb_8_pe_.ltl result=TIMEOUT seconds=60.381
cap=60s instance=prioritized_arbiter_pb_10_pe_.ltl result=TIMEOUT seconds=60.143
cap=60s instance=prioritized_arbiter_pb_12_pe_.ltl result=TIMEOUT seconds=60.184
cap=60s instance=prioritized_arbiter_pb_1_pe_.ltl result=UNKNOWN seconds=3.450
cap=60s instance=prioritized_arbiter_pb_2_pe_.ltl result=UNKNOWN seconds=9.331
cap=60s instance=prioritized_arbiter_pb_3_pe_.ltl result=UNKNOWN seconds=17.837
cap=60s instance=prioritized_arbiter_pb_4_pe_.ltl result=UNKNOWN seconds=28.067
cap=60s instance=prioritized_arbiter_pb_5_pe_.ltl result=UNKNOWN seconds=41.846
cap=60s instance=prioritized_arbiter_pb_6_pe_.ltl result=UNKNOWN seconds=58.226
cap=60s instance=prioritized_arbiter_pb_7_pe_.ltl result=TIMEOUT seconds=60.190
cap=60s instance=prioritized_arbiter_pb_8_pe_.ltl result=TIMEOUT seconds=60.182
cap=60s instance=prioritized_arbiter_pb_9_pe_.ltl result=TIMEOUT seconds=60.188
cap=60s instance=prioritized_arbiter_unreal1_pb_2_10_pe_.ltl result=UNREALIZABLE seconds=0.033
cap=60s instance=prioritized_arbiter_unreal1_pb_2_11_pe_.ltl result=UNREALIZABLE seconds=0.045
cap=60s instance=prioritized_arbiter_unreal1_pb_2_12_pe_.ltl result=UNREALIZABLE seconds=0.050
cap=60s instance=prioritized_arbiter_unreal1_pb_2_13_pe_.ltl result=UNREALIZABLE seconds=0.037
cap=60s instance=prioritized_arbiter_unreal1_pb_2_14_pe_.ltl result=UNREALIZABLE seconds=0.051
cap=60s instance=prioritized_arbiter_unreal1_pb_2_15_pe_.ltl result=UNREALIZABLE seconds=0.045
cap=60s instance=prioritized_arbiter_unreal1_pb_2_16_pe_.ltl result=UNREALIZABLE seconds=0.045
cap=60s instance=prioritized_arbiter_unreal1_pb_2_1_pe_.ltl result=UNREALIZABLE seconds=0.042
cap=60s instance=prioritized_arbiter_unreal1_pb_2_2_pe_.ltl result=UNREALIZABLE seconds=0.044
cap=60s instance=prioritized_arbiter_unreal1_pb_2_3_pe_.ltl result=UNREALIZABLE seconds=0.044
cap=60s instance=prioritized_arbiter_unreal1_pb_2_4_pe_.ltl result=UNREALIZABLE seconds=0.046
cap=60s instance=prioritized_arbiter_unreal1_pb_2_5_pe_.ltl result=UNREALIZABLE seconds=0.032
cap=60s instance=prioritized_arbiter_unreal1_pb_2_6_pe_.ltl result=UNREALIZABLE seconds=0.049
cap=60s instance=prioritized_arbiter_unreal1_pb_2_7_pe_.ltl result=UNREALIZABLE seconds=0.048
cap=60s instance=prioritized_arbiter_unreal1_pb_2_8_pe_.ltl result=UNREALIZABLE seconds=0.047
cap=60s instance=prioritized_arbiter_unreal1_pb_2_9_pe_.ltl result=UNREALIZABLE seconds=0.043
cap=60s instance=prioritized_arbiter_unreal1_pb_3_10_pe_.ltl result=UNREALIZABLE seconds=0.051
cap=60s instance=prioritized_arbiter_unreal1_pb_3_11_pe_.ltl result=UNREALIZABLE seconds=0.043
cap=60s instance=prioritized_arbiter_unreal1_pb_3_12_pe_.ltl result=UNREALIZABLE seconds=0.046
cap=60s instance=prioritized_arbiter_unreal1_pb_3_13_pe_.ltl result=UNREALIZABLE seconds=0.043
cap=60s instance=prioritized_arbiter_unreal1_pb_3_14_pe_.ltl result=UNREALIZABLE seconds=0.047
cap=60s instance=prioritized_arbiter_unreal1_pb_3_15_pe_.ltl result=UNREALIZABLE seconds=0.045
cap=60s instance=prioritized_arbiter_unreal1_pb_3_16_pe_.ltl result=UNREALIZABLE seconds=0.025
cap=60s instance=prioritized_arbiter_unreal1_pb_3_1_pe_.ltl result=UNREALIZABLE seconds=0.025
cap=60s instance=prioritized_arbiter_unreal1_pb_3_2_pe_.ltl result=UNREALIZABLE seconds=0.020
cap=60s instance=prioritized_arbiter_unreal1_pb_3_3_pe_.ltl result=UNREALIZABLE seconds=0.023
cap=60s instance=prioritized_arbiter_unreal1_pb_3_4_pe_.ltl result=UNREALIZABLE seconds=0.023
cap=60s instance=prioritized_arbiter_unreal1_pb_3_5_pe_.ltl result=UNREALIZABLE seconds=0.021
cap=60s instance=prioritized_arbiter_unreal1_pb_3_6_pe_.ltl result=UNREALIZABLE seconds=0.024
cap=60s instance=prioritized_arbiter_unreal1_pb_3_7_pe_.ltl result=UNREALIZABLE seconds=0.033
cap=60s instance=prioritized_arbiter_unreal1_pb_3_8_pe_.ltl result=UNREALIZABLE seconds=0.045
cap=60s instance=prioritized_arbiter_unreal1_pb_3_9_pe_.ltl result=UNREALIZABLE seconds=0.021
cap=60s instance=prioritized_arbiter_unreal1_pb_4_10_pe_.ltl result=UNREALIZABLE seconds=0.021
cap=60s instance=prioritized_arbiter_unreal1_pb_4_11_pe_.ltl result=UNREALIZABLE seconds=0.023
cap=60s instance=prioritized_arbiter_unreal1_pb_4_12_pe_.ltl result=UNREALIZABLE seconds=0.025
cap=60s instance=prioritized_arbiter_unreal1_pb_4_13_pe_.ltl result=UNREALIZABLE seconds=0.036
cap=60s instance=prioritized_arbiter_unreal1_pb_4_14_pe_.ltl result=UNREALIZABLE seconds=0.056
cap=60s instance=prioritized_arbiter_unreal1_pb_4_15_pe_.ltl result=UNREALIZABLE seconds=0.045
cap=60s instance=prioritized_arbiter_unreal1_pb_4_16_pe_.ltl result=UNREALIZABLE seconds=0.043
cap=60s instance=prioritized_arbiter_unreal1_pb_4_1_pe_.ltl result=UNREALIZABLE seconds=0.037
cap=60s instance=prioritized_arbiter_unreal1_pb_4_2_pe_.ltl result=UNREALIZABLE seconds=0.045
cap=60s instance=prioritized_arbiter_unreal1_pb_4_3_pe_.ltl result=UNREALIZABLE seconds=0.045
cap=60s instance=prioritized_arbiter_unreal1_pb_4_4_pe_.ltl result=UNREALIZABLE seconds=0.044
cap=60s instance=prioritized_arbiter_unreal1_pb_4_5_pe_.ltl result=UNREALIZABLE seconds=0.043
cap=60s instance=prioritized_arbiter_unreal1_pb_4_6_pe_.ltl result=UNREALIZABLE seconds=0.046
cap=60s instance=prioritized_arbiter_unreal1_pb_4_7_pe_.ltl result=UNREALIZABLE seconds=0.043
cap=60s instance=prioritized_arbiter_unreal1_pb_4_8_pe_.ltl result=UNREALIZABLE seconds=0.048
cap=60s instance=prioritized_arbiter_unreal1_pb_4_9_pe_.ltl result=UNREALIZABLE seconds=0.040
cap=60s instance=prioritized_arbiter_unreal1_pb_5_16_pe_.ltl result=UNREALIZABLE seconds=0.046
cap=60s instance=prioritized_arbiter_unreal1_pb_5_2_pe_.ltl result=UNREALIZABLE seconds=0.046
cap=60s instance=prioritized_arbiter_unreal1_pb_5_32_pe_.ltl result=UNREALIZABLE seconds=0.053
cap=60s instance=prioritized_arbiter_unreal1_pb_5_4_pe_.ltl result=UNREALIZABLE seconds=0.043
cap=60s instance=prioritized_arbiter_unreal1_pb_6_16_pe_.ltl result=UNREALIZABLE seconds=0.031
cap=60s instance=prioritized_arbiter_unreal1_pb_6_2_pe_.ltl result=UNREALIZABLE seconds=0.022
cap=60s instance=prioritized_arbiter_unreal1_pb_6_32_pe_.ltl result=UNREALIZABLE seconds=0.027
cap=60s instance=prioritized_arbiter_unreal1_pb_6_4_pe_.ltl result=UNREALIZABLE seconds=0.027
cap=60s instance=prioritized_arbiter_unreal2_pb_100_pe_.ltl result=ERROR seconds=0.177
cap=60s instance=prioritized_arbiter_unreal2_pb_10_pe_.ltl result=UNREALIZABLE seconds=0.037
cap=60s instance=prioritized_arbiter_unreal2_pb_2_pe_.ltl result=UNREALIZABLE seconds=0.046
cap=60s instance=prioritized_arbiter_unreal2_pb_30_pe_.ltl result=ERROR seconds=0.069
cap=60s instance=prioritized_arbiter_unreal2_pb_3_pe_.ltl result=UNREALIZABLE seconds=0.022
cap=60s instance=prioritized_arbiter_unreal2_pb_4_pe_.ltl result=UNREALIZABLE seconds=0.030
cap=60s instance=prioritized_arbiter_unreal2_pb_5_pe_.ltl result=UNREALIZABLE seconds=0.033
cap=60s instance=prioritized_arbiter_unreal2_pb_60_pe_.ltl result=ERROR seconds=0.063
cap=60s instance=prioritized_arbiter_unreal2_pb_6_pe_.ltl result=UNREALIZABLE seconds=0.022
cap=60s instance=prioritized_arbiter_unreal2_pb_7_pe_.ltl result=UNREALIZABLE seconds=0.023
cap=60s instance=prioritized_arbiter_unreal2_pb_8_pe_.ltl result=UNREALIZABLE seconds=0.023
cap=60s instance=reversible-lane-r-real.ltl result=TIMEOUT seconds=60.218
cap=60s instance=reversible-lane-u-unreal.ltl result=UNREALIZABLE seconds=0.092
cap=60s instance=reversible-lane-u0.ltl result=UNREALIZABLE seconds=0.087
cap=60s instance=reversible-lane-u1.ltl result=UNREALIZABLE seconds=0.081
cap=60s instance=robot-cat-real-1d-real.ltl result=TIMEOUT seconds=60.071
cap=60s instance=robot-cat-real-2d-real.ltl result=TIMEOUT seconds=60.097
cap=60s instance=robot-cat-unreal-1d-unreal.ltl result=UNREALIZABLE seconds=0.160
cap=60s instance=robot-cat-unreal-2d-unreal.ltl result=TIMEOUT seconds=60.044
cap=60s instance=robot-grid-commute-1d-real.ltl result=TIMEOUT seconds=60.179
cap=60s instance=robot-grid-commute-2d-real.ltl result=TIMEOUT seconds=60.061
cap=60s instance=robot-grid-reach-1d-real.ltl result=UNKNOWN seconds=1.258
cap=60s instance=robot-grid-reach-2d-real.ltl result=TIMEOUT seconds=60.201
cap=60s instance=robot-grid-reach-repeated-with-obstacles-1d-real.ltl result=TIMEOUT seconds=60.233
cap=60s instance=robot-grid-reach-repeated-with-obstacles-2d-real.ltl result=TIMEOUT seconds=60.333
cap=60s instance=robot-grid-reach-repeated-with-obstacles-6d-real.ltl result=TIMEOUT seconds=60.126
cap=60s instance=robot-resource-1d-unreal.ltl result=UNREALIZABLE seconds=0.099
cap=60s instance=robot-resource-1d0.ltl result=UNREALIZABLE seconds=0.027
cap=60s instance=robot-resource-1d1.ltl result=UNREALIZABLE seconds=0.035
cap=60s instance=robot-resource-2d0.ltl result=UNREALIZABLE seconds=0.054
cap=60s instance=robot-resource-2d1.ltl result=UNREALIZABLE seconds=0.076
cap=60s instance=robot-resource-2d10.ltl result=UNREALIZABLE seconds=1.163
cap=60s instance=robot-resource-2d11.ltl result=UNREALIZABLE seconds=1.260
cap=60s instance=robot-resource-2d12.ltl result=UNREALIZABLE seconds=1.400
cap=60s instance=robot-resource-2d13.ltl result=UNREALIZABLE seconds=1.499
cap=60s instance=robot-resource-2d14.ltl result=UNREALIZABLE seconds=1.567
cap=60s instance=robot-resource-2d15.ltl result=UNREALIZABLE seconds=1.589
cap=60s instance=robot-resource-2d16.ltl result=UNREALIZABLE seconds=4.321
cap=60s instance=robot-resource-2d17.ltl result=UNREALIZABLE seconds=4.505
cap=60s instance=robot-resource-2d18.ltl result=UNREALIZABLE seconds=4.783
cap=60s instance=robot-resource-2d19.ltl result=UNREALIZABLE seconds=5.183
cap=60s instance=robot-resource-2d2.ltl result=UNREALIZABLE seconds=0.108
cap=60s instance=robot-resource-2d20.ltl result=UNREALIZABLE seconds=5.517
cap=60s instance=robot-resource-2d21.ltl result=UNREALIZABLE seconds=5.670
cap=60s instance=robot-resource-2d22.ltl result=UNREALIZABLE seconds=5.973
cap=60s instance=robot-resource-2d23.ltl result=UNREALIZABLE seconds=6.048
cap=60s instance=robot-resource-2d3.ltl result=UNREALIZABLE seconds=0.106
cap=60s instance=robot-resource-2d4.ltl result=UNREALIZABLE seconds=0.249
cap=60s instance=robot-resource-2d5.ltl result=UNREALIZABLE seconds=0.299
cap=60s instance=robot-resource-2d6.ltl result=UNREALIZABLE seconds=0.348
cap=60s instance=robot-resource-2d7.ltl result=UNREALIZABLE seconds=0.386
cap=60s instance=robot-resource-2d8.ltl result=UNREALIZABLE seconds=0.985
cap=60s instance=robot-resource-2d9.ltl result=UNREALIZABLE seconds=1.072
cap=60s instance=robot-tasks-real.ltl result=UNKNOWN seconds=0.059
cap=60s instance=robot-to-target-charging-real.ltl result=TIMEOUT seconds=60.090
cap=60s instance=robot-to-target-charging-unreal0.ltl result=UNREALIZABLE seconds=25.966
cap=60s instance=robot-to-target-charging-unreal1.ltl result=UNREALIZABLE seconds=59.311
cap=60s instance=robot-to-target-charging-unreal2.ltl result=TIMEOUT seconds=60.133
cap=60s instance=robot-to-target-charging-unreal3.ltl result=TIMEOUT seconds=60.134
cap=60s instance=robot-to-target-charging-unreal4.ltl result=TIMEOUT seconds=60.183
cap=60s instance=robot-to-target-charging-unreal5.ltl result=TIMEOUT seconds=60.183
cap=60s instance=robot-to-target-charging-unreal6.ltl result=TIMEOUT seconds=60.186
cap=60s instance=robot-to-target-charging-unreal7.ltl result=TIMEOUT seconds=60.189
cap=60s instance=robot-to-target-charging-unreal8.ltl result=TIMEOUT seconds=60.183
cap=60s instance=robot-to-target-charging0.ltl result=UNREALIZABLE seconds=0.629
cap=60s instance=robot-to-target-charging1.ltl result=UNREALIZABLE seconds=1.379
cap=60s instance=robot-to-target-charging10.ltl result=UNREALIZABLE seconds=22.817
cap=60s instance=robot-to-target-charging11.ltl result=UNREALIZABLE seconds=33.537
cap=60s instance=robot-to-target-charging12.ltl result=UNREALIZABLE seconds=35.278
cap=60s instance=robot-to-target-charging13.ltl result=UNREALIZABLE seconds=53.923
cap=60s instance=robot-to-target-charging14.ltl result=TIMEOUT seconds=60.235
cap=60s instance=robot-to-target-charging15.ltl result=TIMEOUT seconds=60.201
cap=60s instance=robot-to-target-charging16.ltl result=TIMEOUT seconds=60.240
cap=60s instance=robot-to-target-charging17.ltl result=TIMEOUT seconds=60.235
cap=60s instance=robot-to-target-charging18.ltl result=TIMEOUT seconds=60.233
cap=60s instance=robot-to-target-charging19.ltl result=TIMEOUT seconds=60.235
cap=60s instance=robot-to-target-charging2.ltl result=UNREALIZABLE seconds=1.497
cap=60s instance=robot-to-target-charging20.ltl result=TIMEOUT seconds=60.239
cap=60s instance=robot-to-target-charging21.ltl result=TIMEOUT seconds=60.237
cap=60s instance=robot-to-target-charging22.ltl result=TIMEOUT seconds=60.239
cap=60s instance=robot-to-target-charging23.ltl result=TIMEOUT seconds=60.233
cap=60s instance=robot-to-target-charging24.ltl result=TIMEOUT seconds=60.195
cap=60s instance=robot-to-target-charging25.ltl result=TIMEOUT seconds=60.233
cap=60s instance=robot-to-target-charging3.ltl result=UNREALIZABLE seconds=3.561
cap=60s instance=robot-to-target-charging4.ltl result=UNREALIZABLE seconds=3.885
cap=60s instance=robot-to-target-charging5.ltl result=UNREALIZABLE seconds=4.314
cap=60s instance=robot-to-target-charging6.ltl result=UNREALIZABLE seconds=4.539
cap=60s instance=robot-to-target-charging7.ltl result=UNREALIZABLE seconds=11.875
cap=60s instance=robot-to-target-charging8.ltl result=UNREALIZABLE seconds=15.357
cap=60s instance=robot-to-target-charging9.ltl result=UNREALIZABLE seconds=15.702
cap=60s instance=robot-to-target-unreal0.ltl result=TIMEOUT seconds=60.080
cap=60s instance=robot-to-target0.ltl result=TIMEOUT seconds=60.080
cap=60s instance=robot_analyze_samples_v1-real.ltl result=TIMEOUT seconds=60.229
cap=60s instance=robot_collect_samples_v1-real.ltl result=TIMEOUT seconds=60.127
cap=60s instance=robot_collect_samples_v2-real.ltl result=TIMEOUT seconds=60.178
cap=60s instance=robot_collect_samples_v3-real.ltl result=TIMEOUT seconds=60.176
cap=60s instance=robot_collect_samples_v4-real.ltl result=TIMEOUT seconds=60.183
cap=60s instance=robot_deliver_products_1-real.ltl result=TIMEOUT seconds=60.170
cap=60s instance=robot_deliver_products_20.ltl result=TIMEOUT seconds=60.184
cap=60s instance=robot_deliver_products_30.ltl result=TIMEOUT seconds=60.129
cap=60s instance=robot_deliver_products_40.ltl result=TIMEOUT seconds=60.074
cap=60s instance=robot_deliver_products_50.ltl result=TIMEOUT seconds=60.126
cap=60s instance=robot_grid_pb_2_2_pe_.ltl result=TIMEOUT seconds=60.284
cap=60s instance=robot_grid_pb_3_3_pe_.ltl result=TIMEOUT seconds=60.080
cap=60s instance=robot_grid_pb_4_4_pe_.ltl result=TIMEOUT seconds=60.097
cap=60s instance=robot_grid_pb_5_1_pe_.ltl result=TIMEOUT seconds=60.386
cap=60s instance=robot_grid_pb_5_5_pe_.ltl result=TIMEOUT seconds=60.049
cap=60s instance=robot_grid_pb_6_1_pe_.ltl result=TIMEOUT seconds=60.229
cap=60s instance=robot_grid_pb_6_6_pe_.ltl result=TIMEOUT seconds=60.137
cap=60s instance=robot_grid_pb_7_7_pe_.ltl result=TIMEOUT seconds=60.131
cap=60s instance=robot_grid_pb_8_8_pe_.ltl result=ERROR seconds=0.100
cap=60s instance=robot_repair0.ltl result=UNREALIZABLE seconds=40.753
cap=60s instance=robot_repair1.ltl result=TIMEOUT seconds=60.113
cap=60s instance=robot_repair2.ltl result=TIMEOUT seconds=60.084
cap=60s instance=robot_repair3.ltl result=TIMEOUT seconds=60.083
cap=60s instance=robot_repair4.ltl result=TIMEOUT seconds=60.135
cap=60s instance=robot_repair5.ltl result=TIMEOUT seconds=60.190
cap=60s instance=robot_running-real.ltl result=TIMEOUT seconds=60.139
cap=60s instance=round_robin_arbiter_pb_10_pe_.ltl result=TIMEOUT seconds=60.057
cap=60s instance=round_robin_arbiter_pb_2_pe_.ltl result=UNKNOWN seconds=7.892
cap=60s instance=round_robin_arbiter_pb_3_pe_.ltl result=UNKNOWN seconds=54.984
cap=60s instance=round_robin_arbiter_pb_4_pe_.ltl result=TIMEOUT seconds=60.184
cap=60s instance=round_robin_arbiter_pb_5_pe_.ltl result=TIMEOUT seconds=60.220
cap=60s instance=round_robin_arbiter_pb_6_pe_.ltl result=TIMEOUT seconds=60.178
cap=60s instance=round_robin_arbiter_pb_7_pe_.ltl result=TIMEOUT seconds=60.181
cap=60s instance=round_robin_arbiter_pb_8_pe_.ltl result=TIMEOUT seconds=60.334
cap=60s instance=round_robin_arbiter_unreal1_pb_2_10_pe_.ltl result=UNREALIZABLE seconds=0.086
cap=60s instance=round_robin_arbiter_unreal1_pb_2_11_pe_.ltl result=UNREALIZABLE seconds=0.110
cap=60s instance=round_robin_arbiter_unreal1_pb_2_12_pe_.ltl result=UNREALIZABLE seconds=0.187
cap=60s instance=round_robin_arbiter_unreal1_pb_2_13_pe_.ltl result=UNREALIZABLE seconds=0.404
cap=60s instance=round_robin_arbiter_unreal1_pb_2_14_pe_.ltl result=UNREALIZABLE seconds=0.815
cap=60s instance=round_robin_arbiter_unreal1_pb_2_15_pe_.ltl result=UNREALIZABLE seconds=1.774
cap=60s instance=round_robin_arbiter_unreal1_pb_2_16_pe_.ltl result=UNREALIZABLE seconds=4.074
cap=60s instance=round_robin_arbiter_unreal1_pb_2_1_pe_.ltl result=UNREALIZABLE seconds=0.036
cap=60s instance=round_robin_arbiter_unreal1_pb_2_2_pe_.ltl result=UNREALIZABLE seconds=0.026
cap=60s instance=round_robin_arbiter_unreal1_pb_2_3_pe_.ltl result=UNREALIZABLE seconds=0.031
cap=60s instance=round_robin_arbiter_unreal1_pb_2_4_pe_.ltl result=UNREALIZABLE seconds=0.025
cap=60s instance=round_robin_arbiter_unreal1_pb_2_5_pe_.ltl result=UNREALIZABLE seconds=0.024
cap=60s instance=round_robin_arbiter_unreal1_pb_2_6_pe_.ltl result=UNREALIZABLE seconds=0.045
cap=60s instance=round_robin_arbiter_unreal1_pb_2_7_pe_.ltl result=UNREALIZABLE seconds=0.059
cap=60s instance=round_robin_arbiter_unreal1_pb_2_8_pe_.ltl result=UNREALIZABLE seconds=0.051
cap=60s instance=round_robin_arbiter_unreal1_pb_2_9_pe_.ltl result=UNREALIZABLE seconds=0.060
cap=60s instance=round_robin_arbiter_unreal1_pb_3_10_pe_.ltl result=TIMEOUT seconds=60.183
cap=60s instance=round_robin_arbiter_unreal1_pb_3_11_pe_.ltl result=TIMEOUT seconds=60.183
cap=60s instance=round_robin_arbiter_unreal1_pb_3_12_pe_.ltl result=TIMEOUT seconds=60.183
cap=60s instance=round_robin_arbiter_unreal1_pb_3_13_pe_.ltl result=TIMEOUT seconds=60.183
cap=60s instance=round_robin_arbiter_unreal1_pb_3_14_pe_.ltl result=TIMEOUT seconds=60.152
cap=60s instance=round_robin_arbiter_unreal1_pb_3_15_pe_.ltl result=TIMEOUT seconds=60.186
cap=60s instance=round_robin_arbiter_unreal1_pb_3_16_pe_.ltl result=TIMEOUT seconds=60.186
cap=60s instance=round_robin_arbiter_unreal1_pb_3_1_pe_.ltl result=UNREALIZABLE seconds=0.048
cap=60s instance=round_robin_arbiter_unreal1_pb_3_20_pe_.ltl result=TIMEOUT seconds=60.186
cap=60s instance=round_robin_arbiter_unreal1_pb_3_22_pe_.ltl result=TIMEOUT seconds=60.176
cap=60s instance=round_robin_arbiter_unreal1_pb_3_2_pe_.ltl result=UNREALIZABLE seconds=0.044
cap=60s instance=round_robin_arbiter_unreal1_pb_3_3_pe_.ltl result=UNREALIZABLE seconds=0.056
cap=60s instance=round_robin_arbiter_unreal1_pb_3_4_pe_.ltl result=UNREALIZABLE seconds=0.098
cap=60s instance=round_robin_arbiter_unreal1_pb_3_50_pe_.ltl result=TIMEOUT seconds=60.187
cap=60s instance=round_robin_arbiter_unreal1_pb_3_5_pe_.ltl result=UNREALIZABLE seconds=0.448
cap=60s instance=round_robin_arbiter_unreal1_pb_3_6_pe_.ltl result=UNREALIZABLE seconds=3.177
cap=60s instance=round_robin_arbiter_unreal1_pb_3_7_pe_.ltl result=UNREALIZABLE seconds=25.251
cap=60s instance=round_robin_arbiter_unreal1_pb_3_8_pe_.ltl result=TIMEOUT seconds=60.184
cap=60s instance=round_robin_arbiter_unreal1_pb_3_9_pe_.ltl result=TIMEOUT seconds=60.137
cap=60s instance=round_robin_arbiter_unreal1_pb_4_10_pe_.ltl result=TIMEOUT seconds=60.185
cap=60s instance=round_robin_arbiter_unreal1_pb_4_11_pe_.ltl result=TIMEOUT seconds=60.184
cap=60s instance=round_robin_arbiter_unreal1_pb_4_12_pe_.ltl result=TIMEOUT seconds=60.184
cap=60s instance=round_robin_arbiter_unreal1_pb_4_13_pe_.ltl result=TIMEOUT seconds=60.168
cap=60s instance=round_robin_arbiter_unreal1_pb_4_14_pe_.ltl result=TIMEOUT seconds=60.158
cap=60s instance=round_robin_arbiter_unreal1_pb_4_15_pe_.ltl result=TIMEOUT seconds=60.185
cap=60s instance=round_robin_arbiter_unreal1_pb_4_1_pe_.ltl result=UNREALIZABLE seconds=0.058
cap=60s instance=round_robin_arbiter_unreal1_pb_4_2_pe_.ltl result=UNREALIZABLE seconds=0.085
cap=60s instance=round_robin_arbiter_unreal1_pb_4_3_pe_.ltl result=UNREALIZABLE seconds=0.530
cap=60s instance=round_robin_arbiter_unreal1_pb_4_4_pe_.ltl result=UNREALIZABLE seconds=10.922
cap=60s instance=round_robin_arbiter_unreal1_pb_4_5_pe_.ltl result=TIMEOUT seconds=60.138
cap=60s instance=round_robin_arbiter_unreal1_pb_4_6_pe_.ltl result=TIMEOUT seconds=60.142
cap=60s instance=round_robin_arbiter_unreal1_pb_4_7_pe_.ltl result=TIMEOUT seconds=60.144
cap=60s instance=round_robin_arbiter_unreal1_pb_4_8_pe_.ltl result=TIMEOUT seconds=60.124
cap=60s instance=round_robin_arbiter_unreal1_pb_4_9_pe_.ltl result=TIMEOUT seconds=60.153
cap=60s instance=round_robin_arbiter_unreal2_pb_2_pe_.ltl result=UNREALIZABLE seconds=0.031
cap=60s instance=round_robin_arbiter_unreal2_pb_3_pe_.ltl result=UNREALIZABLE seconds=0.057
cap=60s instance=round_robin_arbiter_unreal2_pb_4_pe_.ltl result=UNREALIZABLE seconds=0.429
cap=60s instance=round_robin_arbiter_unreal2_pb_5_pe_.ltl result=TIMEOUT seconds=60.125
cap=60s instance=round_robin_arbiter_unreal2_pb_6_pe_.ltl result=TIMEOUT seconds=60.129
cap=60s instance=round_robin_arbiter_unreal2_pb_7_pe_.ltl result=TIMEOUT seconds=60.129
cap=60s instance=rw_arbiter_pb_1_pe_.ltl result=UNKNOWN seconds=12.593
cap=60s instance=rw_arbiter_pb_2_pe_.ltl result=TIMEOUT seconds=60.333
cap=60s instance=rw_arbiter_pb_3_pe_.ltl result=TIMEOUT seconds=60.058
cap=60s instance=rw_arbiter_pb_4_pe_.ltl result=TIMEOUT seconds=60.099
cap=60s instance=rw_arbiter_pb_5_pe_.ltl result=TIMEOUT seconds=60.130
cap=60s instance=scheduler-real.ltl result=TIMEOUT seconds=60.334
cap=60s instance=shift_pb_100_pe_.ltl result=UNKNOWN seconds=2.704
cap=60s instance=shift_pb_10_pe_.ltl result=UNKNOWN seconds=0.059
cap=60s instance=shift_pb_125_pe_.ltl result=UNKNOWN seconds=2.721
cap=60s instance=shift_pb_12_pe_.ltl result=UNKNOWN seconds=0.057
cap=60s instance=shift_pb_132_pe_.ltl result=UNKNOWN seconds=2.724
cap=60s instance=shift_pb_16_pe_.ltl result=UNKNOWN seconds=0.178
cap=60s instance=shift_pb_250_pe_.ltl result=UNKNOWN seconds=2.756
cap=60s instance=shift_pb_32_pe_.ltl result=UNKNOWN seconds=2.737
cap=60s instance=shift_pb_500_pe_.ltl result=UNKNOWN seconds=2.766
cap=60s instance=shift_pb_64_pe_.ltl result=UNKNOWN seconds=2.726
cap=60s instance=shift_pb_8_pe_.ltl result=UNKNOWN seconds=0.056
cap=60s instance=simple_arbiter_enc_pb_10_pe_.ltl result=TIMEOUT seconds=60.344
cap=60s instance=simple_arbiter_enc_pb_11_pe_.ltl result=TIMEOUT seconds=60.286
cap=60s instance=simple_arbiter_enc_pb_12_pe_.ltl result=TIMEOUT seconds=60.096
cap=60s instance=simple_arbiter_enc_pb_13_pe_.ltl result=TIMEOUT seconds=60.184
cap=60s instance=simple_arbiter_enc_pb_14_pe_.ltl result=TIMEOUT seconds=60.096
cap=60s instance=simple_arbiter_enc_pb_15_pe_.ltl result=TIMEOUT seconds=60.132
cap=60s instance=simple_arbiter_enc_pb_16_pe_.ltl result=TIMEOUT seconds=60.135
cap=60s instance=simple_arbiter_enc_pb_32_pe_.ltl result=TIMEOUT seconds=60.128
cap=60s instance=simple_arbiter_enc_pb_8_pe_.ltl result=TIMEOUT seconds=60.329
cap=60s instance=simple_arbiter_unreal1_pb_16_1_pe_.ltl result=UNREALIZABLE seconds=0.038
cap=60s instance=simple_arbiter_unreal1_pb_16_2_pe_.ltl result=UNREALIZABLE seconds=0.048
cap=60s instance=simple_arbiter_unreal1_pb_16_3_pe_.ltl result=UNREALIZABLE seconds=0.054
cap=60s instance=simple_arbiter_unreal1_pb_16_4_pe_.ltl result=UNREALIZABLE seconds=0.054
cap=60s instance=simple_arbiter_unreal1_pb_16_5_pe_.ltl result=UNREALIZABLE seconds=0.050
cap=60s instance=simple_arbiter_unreal1_pb_2_10_pe_.ltl result=UNREALIZABLE seconds=0.027
cap=60s instance=simple_arbiter_unreal1_pb_2_12_pe_.ltl result=UNREALIZABLE seconds=0.029
cap=60s instance=simple_arbiter_unreal1_pb_2_1_pe_.ltl result=UNREALIZABLE seconds=0.031
cap=60s instance=simple_arbiter_unreal1_pb_2_2_pe_.ltl result=UNREALIZABLE seconds=0.036
cap=60s instance=simple_arbiter_unreal1_pb_2_3_pe_.ltl result=UNREALIZABLE seconds=0.036
cap=60s instance=simple_arbiter_unreal1_pb_2_4_pe_.ltl result=UNREALIZABLE seconds=0.033
cap=60s instance=simple_arbiter_unreal1_pb_2_5_pe_.ltl result=UNREALIZABLE seconds=0.036
cap=60s instance=simple_arbiter_unreal1_pb_2_6_pe_.ltl result=UNREALIZABLE seconds=0.035
cap=60s instance=simple_arbiter_unreal1_pb_2_7_pe_.ltl result=UNREALIZABLE seconds=0.030
cap=60s instance=simple_arbiter_unreal1_pb_2_8_pe_.ltl result=UNREALIZABLE seconds=0.034
cap=60s instance=simple_arbiter_unreal1_pb_2_9_pe_.ltl result=UNREALIZABLE seconds=0.036
cap=60s instance=simple_arbiter_unreal1_pb_3_11_pe_.ltl result=UNREALIZABLE seconds=0.037
cap=60s instance=simple_arbiter_unreal1_pb_3_1_pe_.ltl result=UNREALIZABLE seconds=0.034
cap=60s instance=simple_arbiter_unreal1_pb_3_2_pe_.ltl result=UNREALIZABLE seconds=0.046
cap=60s instance=simple_arbiter_unreal1_pb_3_3_pe_.ltl result=UNREALIZABLE seconds=0.034
cap=60s instance=simple_arbiter_unreal1_pb_3_4_pe_.ltl result=UNREALIZABLE seconds=0.035
cap=60s instance=simple_arbiter_unreal1_pb_3_5_pe_.ltl result=UNREALIZABLE seconds=0.035
cap=60s instance=simple_arbiter_unreal1_pb_3_6_pe_.ltl result=UNREALIZABLE seconds=0.033
cap=60s instance=simple_arbiter_unreal1_pb_3_7_pe_.ltl result=UNREALIZABLE seconds=0.034
cap=60s instance=simple_arbiter_unreal1_pb_3_8_pe_.ltl result=UNREALIZABLE seconds=0.048
cap=60s instance=simple_arbiter_unreal1_pb_3_9_pe_.ltl result=UNREALIZABLE seconds=0.035
cap=60s instance=simple_arbiter_unreal1_pb_4_10_pe_.ltl result=UNREALIZABLE seconds=0.037
cap=60s instance=simple_arbiter_unreal1_pb_4_12_pe_.ltl result=UNREALIZABLE seconds=0.034
cap=60s instance=simple_arbiter_unreal1_pb_4_1_pe_.ltl result=UNREALIZABLE seconds=0.042
cap=60s instance=simple_arbiter_unreal1_pb_4_2_pe_.ltl result=UNREALIZABLE seconds=0.039
cap=60s instance=simple_arbiter_unreal1_pb_4_3_pe_.ltl result=UNREALIZABLE seconds=0.038
cap=60s instance=simple_arbiter_unreal1_pb_4_4_pe_.ltl result=UNREALIZABLE seconds=0.035
cap=60s instance=simple_arbiter_unreal1_pb_4_5_pe_.ltl result=UNREALIZABLE seconds=0.034
cap=60s instance=simple_arbiter_unreal1_pb_4_6_pe_.ltl result=UNREALIZABLE seconds=0.035
cap=60s instance=simple_arbiter_unreal1_pb_4_7_pe_.ltl result=UNREALIZABLE seconds=0.033
cap=60s instance=simple_arbiter_unreal1_pb_4_8_pe_.ltl result=UNREALIZABLE seconds=0.036
cap=60s instance=simple_arbiter_unreal1_pb_4_9_pe_.ltl result=UNREALIZABLE seconds=0.035
cap=60s instance=simple_arbiter_unreal1_pb_5_10_pe_.ltl result=UNREALIZABLE seconds=0.036
cap=60s instance=simple_arbiter_unreal1_pb_5_1_pe_.ltl result=UNREALIZABLE seconds=0.033
cap=60s instance=simple_arbiter_unreal1_pb_5_2_pe_.ltl result=UNREALIZABLE seconds=0.036
cap=60s instance=simple_arbiter_unreal1_pb_5_3_pe_.ltl result=UNREALIZABLE seconds=0.036
cap=60s instance=simple_arbiter_unreal1_pb_5_4_pe_.ltl result=UNREALIZABLE seconds=0.039
cap=60s instance=simple_arbiter_unreal1_pb_5_5_pe_.ltl result=UNREALIZABLE seconds=0.038
cap=60s instance=simple_arbiter_unreal1_pb_5_6_pe_.ltl result=UNREALIZABLE seconds=0.035
cap=60s instance=simple_arbiter_unreal1_pb_5_7_pe_.ltl result=UNREALIZABLE seconds=0.037
cap=60s instance=simple_arbiter_unreal1_pb_5_8_pe_.ltl result=UNREALIZABLE seconds=0.038
cap=60s instance=simple_arbiter_unreal1_pb_5_9_pe_.ltl result=UNREALIZABLE seconds=0.037
cap=60s instance=simple_arbiter_unreal1_pb_6_1_pe_.ltl result=UNREALIZABLE seconds=0.038
cap=60s instance=simple_arbiter_unreal1_pb_6_2_pe_.ltl result=UNREALIZABLE seconds=0.054
cap=60s instance=simple_arbiter_unreal1_pb_6_3_pe_.ltl result=UNREALIZABLE seconds=0.039
cap=60s instance=simple_arbiter_unreal1_pb_6_4_pe_.ltl result=UNREALIZABLE seconds=0.034
cap=60s instance=simple_arbiter_unreal1_pb_6_5_pe_.ltl result=UNREALIZABLE seconds=0.040
cap=60s instance=simple_arbiter_unreal1_pb_8_8_pe_.ltl result=UNREALIZABLE seconds=0.056
cap=60s instance=simple_arbiter_unreal2_pb_10_pe_.ltl result=UNREALIZABLE seconds=0.050
cap=60s instance=simple_arbiter_unreal2_pb_25_pe_.ltl result=UNREALIZABLE seconds=0.053
cap=60s instance=simple_arbiter_unreal2_pb_2_pe_.ltl result=UNREALIZABLE seconds=0.035
cap=60s instance=simple_arbiter_unreal2_pb_3_pe_.ltl result=UNREALIZABLE seconds=0.022
cap=60s instance=simple_arbiter_unreal2_pb_4_pe_.ltl result=UNREALIZABLE seconds=0.029
cap=60s instance=simple_arbiter_unreal2_pb_50_pe_.ltl result=UNREALIZABLE seconds=0.050
cap=60s instance=simple_arbiter_unreal2_pb_5_pe_.ltl result=UNREALIZABLE seconds=0.035
cap=60s instance=simple_arbiter_unreal2_pb_60_pe_.ltl result=UNREALIZABLE seconds=0.065
cap=60s instance=simple_arbiter_unreal2_pb_6_pe_.ltl result=UNREALIZABLE seconds=0.036
cap=60s instance=simple_arbiter_unreal2_pb_75_pe_.ltl result=UNREALIZABLE seconds=0.080
cap=60s instance=simple_arbiter_unreal2_pb_7_pe_.ltl result=UNREALIZABLE seconds=0.054
cap=60s instance=simple_arbiter_unreal2_pb_8_pe_.ltl result=UNREALIZABLE seconds=0.048
cap=60s instance=simple_arbiter_with_hints_pb_10_pe_.ltl result=TIMEOUT seconds=60.133
cap=60s instance=simple_arbiter_with_hints_pb_12_pe_.ltl result=TIMEOUT seconds=60.056
cap=60s instance=simple_arbiter_with_hints_pb_15_pe_.ltl result=TIMEOUT seconds=60.096
cap=60s instance=simple_arbiter_with_hints_pb_2_pe_.ltl result=UNKNOWN seconds=0.025
cap=60s instance=simple_arbiter_with_hints_pb_4_pe_.ltl result=UNKNOWN seconds=0.048
cap=60s instance=simple_arbiter_with_hints_pb_6_pe_.ltl result=UNKNOWN seconds=0.108
cap=60s instance=simple_arbiter_with_hints_pb_8_pe_.ltl result=UNKNOWN seconds=2.013
cap=60s instance=solitary-real.ltl result=UNKNOWN seconds=0.301
cap=60s instance=solitary0.ltl result=UNREALIZABLE seconds=0.032
cap=60s instance=sort4-real.ltl result=TIMEOUT seconds=60.097
cap=60s instance=sort40.ltl result=UNREALIZABLE seconds=0.167
cap=60s instance=sort41.ltl result=UNREALIZABLE seconds=0.471
cap=60s instance=sort42.ltl result=UNREALIZABLE seconds=7.953
cap=60s instance=sort50.ltl result=UNREALIZABLE seconds=9.159
cap=60s instance=sort51.ltl result=TIMEOUT seconds=60.080
cap=60s instance=sort52.ltl result=TIMEOUT seconds=60.134
cap=60s instance=sort53.ltl result=TIMEOUT seconds=60.188
cap=60s instance=square5x5-real.ltl result=TIMEOUT seconds=60.230
cap=60s instance=square5x50.ltl result=UNREALIZABLE seconds=0.266
cap=60s instance=square5x51.ltl result=UNREALIZABLE seconds=0.899
cap=60s instance=square5x52.ltl result=UNREALIZABLE seconds=1.124
cap=60s instance=square5x53.ltl result=UNREALIZABLE seconds=4.016
cap=60s instance=square5x54.ltl result=UNREALIZABLE seconds=5.636
cap=60s instance=storage-GF-64-real.ltl result=UNKNOWN seconds=36.402
cap=60s instance=tasks-real.ltl result=UNKNOWN seconds=3.826
cap=60s instance=tasks-unreal0.ltl result=UNREALIZABLE seconds=38.653
cap=60s instance=tasks-unreal1.ltl result=TIMEOUT seconds=60.020
cap=60s instance=tasks-unreal2.ltl result=TIMEOUT seconds=60.080
cap=60s instance=taxi-service-real.ltl result=TIMEOUT seconds=60.282
cap=60s instance=taxi-service-u-unreal.ltl result=UNREALIZABLE seconds=0.087
cap=60s instance=test2_f2774e0b.ltl result=UNKNOWN seconds=0.046
cap=60s instance=test3_efe2feaf.ltl result=UNKNOWN seconds=0.047
cap=60s instance=test4_4b82b1f4.ltl result=UNREALIZABLE seconds=0.043
cap=60s instance=test5_6cbc6174.ltl result=UNKNOWN seconds=15.079
cap=60s instance=test6_0f5381e9.ltl result=UNKNOWN seconds=0.873
cap=60s instance=test7_2c5b09da.ltl result=UNKNOWN seconds=38.987
cap=60s instance=test8_88f351a6.ltl result=UNREALIZABLE seconds=0.035
cap=60s instance=test9_dd3a27e1.ltl result=UNREALIZABLE seconds=0.036
cap=60s instance=test_f3987563.ltl result=UNKNOWN seconds=5.260
cap=60s instance=thermostat-F-real.ltl result=TIMEOUT seconds=60.239
cap=60s instance=thermostat-GF-real.ltl result=TIMEOUT seconds=60.280
cap=60s instance=thermostat-GF-unreal0.ltl result=UNREALIZABLE seconds=1.535
cap=60s instance=thermostat-GF-unreal1.ltl result=UNREALIZABLE seconds=23.057
cap=60s instance=thermostat-GF-unreal2.ltl result=TIMEOUT seconds=60.028
cap=60s instance=tmp_13cfc6f2.ltl result=TIMEOUT seconds=60.184
cap=60s instance=unordered-visits-charging0.ltl result=TIMEOUT seconds=60.080
cap=60s instance=unordered-visits-real.ltl result=TIMEOUT seconds=60.187
cap=60s instance=workstation_resupply_pb_1_pe_.ltl result=UNKNOWN seconds=0.295
cap=60s instance=workstation_resupply_pb_2_pe_.ltl result=UNKNOWN seconds=4.031
cap=60s instance=workstation_resupply_pb_3_pe_.ltl result=TIMEOUT seconds=60.131
cap=60s instance=workstation_resupply_pb_4_pe_.ltl result=TIMEOUT seconds=60.283
cap=60s instance=workstation_resupply_pb_5_pe_.ltl result=TIMEOUT seconds=60.238
cap=60s instance=workstation_resupply_pb_6_pe_.ltl result=TIMEOUT seconds=60.169
cap=60s instance=workstation_resupply_pb_7_pe_.ltl result=TIMEOUT seconds=60.149
wrote /home/gperez/GIT-repos/acacia-gr1-par2-timing/benchmarking/gr1-par2-20260923/campaign/perarm-m1/legs/arm-3/arm-3-cap60.tsv
wrote /home/gperez/GIT-repos/acacia-gr1-par2-timing/benchmarking/gr1-par2-20260923/campaign/perarm-m1/legs/arm-3/arm-3-cap60-summary.tsv
