instance	benefit_target	control_statuses	control_verdicts	control_solved_count	control_solved	treatment_statuses	treatment_verdicts	treatment_solved_count	treatment_solved	control_seconds	treatment_seconds	paired_delta_seconds	control_median_seconds	treatment_median_seconds	control_noise_seconds	lower_rounds_seconds	higher_rounds_seconds	faster_rounds	slower_rounds	control_scope_memory_peak_bytes	treatment_scope_memory_peak_bytes	paired_delta_scope_memory_peak_bytes	control_median_scope_memory_peak_bytes	treatment_median_scope_memory_peak_bytes	control_noise_scope_memory_peak_bytes	lower_rounds_scope_memory_peak_bytes	higher_rounds_scope_memory_peak_bytes	control_max_process_rss_bytes	treatment_max_process_rss_bytes	paired_delta_max_process_rss_bytes	control_median_max_process_rss_bytes	treatment_median_max_process_rss_bytes	control_noise_max_process_rss_bytes	lower_rounds_max_process_rss_bytes	higher_rounds_max_process_rss_bytes	correctness_fail	lost_verdict_rounds	new_failures	regression_threshold_seconds	regression_flag_seconds	validated_regression_seconds	regression_threshold_scope_memory_peak_bytes	regression_flag_scope_memory_peak_bytes	validated_regression_scope_memory_peak_bytes	regression_failures	regression_unresolved	flags	coverage_benefit	runtime_benefit	memory_benefit
06.ltl	false	"[""REALIZABLE"", ""REALIZABLE"", ""REALIZABLE"", ""REALIZABLE"", ""REALIZABLE""]"	"[""REALIZABLE""]"	5	5/5	"[""REALIZABLE"", ""REALIZABLE"", ""REALIZABLE"", ""REALIZABLE"", ""REALIZABLE""]"	"[""REALIZABLE""]"	5	5/5	[18.581720738991862, 19.32589955799631, 20.210637841984862, 18.106885674991645, 17.953250186983496]	[18.44928594099474, 19.557196938985726, 20.71006436200696, 18.555022363027092, 17.687748130003456]	[-0.13243479799712077, 0.23129738098941743, 0.499426520022098, 0.44813668803544715, -0.2655020569800399]	18.581720738991862	18.555022363027092	0.6284705520083662	2	3	[1, 5]	[2, 3, 4]	"[""unavailable"", ""unavailable"", ""unavailable"", ""unavailable"", ""unavailable""]"	"[""unavailable"", ""unavailable"", ""unavailable"", ""unavailable"", ""unavailable""]"	"[""unavailable"", ""unavailable"", ""unavailable"", ""unavailable"", ""unavailable""]"	unavailable	unavailable	unavailable	unavailable	unavailable	[438083584, 761278464, 761311232, 761352192, 616325120]	[438038528, 438079488, 450916352, 437899264, 508981248]	[-45056, -323198976, -310394880, -323452928, -107343872]	761278464	438079488	73728	5	0	false	[]	[]	0.9290860369495931	false	false	unavailable	false	false	[]	[]	[]	false	false	false
07.ltl	false	"[""REALIZABLE"", ""REALIZABLE"", ""REALIZABLE"", ""REALIZABLE"", ""REALIZABLE""]"	"[""REALIZABLE""]"	5	5/5	"[""REALIZABLE"", ""REALIZABLE"", ""REALIZABLE"", ""REALIZABLE"", ""REALIZABLE""]"	"[""REALIZABLE""]"	5	5/5	[18.66890182599309, 18.471327276987722, 21.159213223989354, 18.970129332970828, 18.099097586993594]	[18.700602014985634, 18.720680362021085, 18.94334265499492, 20.39709749200847, 18.213093778991606]	[0.03170018899254501, 0.24935308503336273, -2.2158705689944327, 1.4269681590376422, 0.11399619199801236]	18.66890182599309	18.720680362021085	0.3012275069777388	1	4	[3]	[1, 2, 4, 5]	"[""unavailable"", ""unavailable"", ""unavailable"", ""unavailable"", ""unavailable""]"	"[""unavailable"", ""unavailable"", ""unavailable"", ""unavailable"", ""unavailable""]"	"[""unavailable"", ""unavailable"", ""unavailable"", ""unavailable"", ""unavailable""]"	unavailable	unavailable	unavailable	unavailable	unavailable	[437878784, 761122816, 437813248, 761212928, 761171968]	[761163776, 437686272, 761384960, 760397824, 760492032]	[323284992, -323436544, 323571712, -815104, -679936]	761122816	760492032	90112	3	2	false	[]	[]	0.9334450912996545	false	false	unavailable	false	false	[]	[]	[]	false	false	false
09.ltl	false	"[""REALIZABLE"", ""REALIZABLE"", ""REALIZABLE"", ""REALIZABLE"", ""REALIZABLE""]"	"[""REALIZABLE""]"	5	5/5	"[""REALIZABLE"", ""REALIZABLE"", ""REALIZABLE"", ""REALIZABLE"", ""REALIZABLE""]"	"[""REALIZABLE""]"	5	5/5	[8.210671740001999, 7.682909683993785, 8.246996363974176, 8.115387136989739, 7.869531171978451]	[8.229360405006446, 7.548948890995234, 8.431611319014337, 8.144153807021212, 8.33816551498603]	[0.018688665004447103, -0.13396079299855046, 0.18461495504016057, 0.02876667003147304, 0.46863434300757945]	8.115387136989739	8.229360405006446	0.13160922698443756	1	4	[2]	[1, 3, 4, 5]	"[""unavailable"", ""unavailable"", ""unavailable"", ""unavailable"", ""unavailable""]"	"[""unavailable"", ""unavailable"", ""unavailable"", ""unavailable"", ""unavailable""]"	"[""unavailable"", ""unavailable"", ""unavailable"", ""unavailable"", ""unavailable""]"	unavailable	unavailable	unavailable	unavailable	unavailable	[317620224, 270131200, 270163968, 270249984, 470282240]	[471248896, 400121856, 383213568, 471183360, 470401024]	[153628672, 129990656, 113049600, 200933376, 118784]	270249984	470401024	118784	0	5	false	[]	[]	0.40576935684948695	false	false	unavailable	false	false	[]	[]	[]	false	false	false
10.ltl	false	"[""REALIZABLE"", ""REALIZABLE"", ""REALIZABLE"", ""REALIZABLE"", ""REALIZABLE""]"	"[""REALIZABLE""]"	5	5/5	"[""REALIZABLE"", ""REALIZABLE"", ""REALIZABLE"", ""REALIZABLE"", ""REALIZABLE""]"	"[""REALIZABLE""]"	5	5/5	[3.4861063380085398, 3.3534830400021747, 3.510064906993648, 3.4178536100080237, 3.2423338599619456]	[3.5875468679878395, 3.6447198770183604, 3.587182601011591, 3.560222295986023, 3.4748569460352883]	[0.10144052997929975, 0.29123683701618575, 0.077117694017943, 0.14236868597799912, 0.2325230860733427]	3.4178536100080237	3.587182601011591	0.06825272800051607	0	5	[]	[1, 2, 3, 4, 5]	"[""unavailable"", ""unavailable"", ""unavailable"", ""unavailable"", ""unavailable""]"	"[""unavailable"", ""unavailable"", ""unavailable"", ""unavailable"", ""unavailable""]"	"[""unavailable"", ""unavailable"", ""unavailable"", ""unavailable"", ""unavailable""]"	unavailable	unavailable	unavailable	unavailable	unavailable	[191643648, 207835136, 188698624, 128933888, 156741632]	[208646144, 126423040, 207851520, 195219456, 208515072]	[17002496, -81412096, 19152896, 66285568, 51773440]	188698624	207851520	19136512	1	4	false	[]	[]	0.17089268050040118	false	false	unavailable	false	false	[]	[]	[]	false	false	false
11.ltl	false	"[""REALIZABLE"", ""REALIZABLE"", ""REALIZABLE"", ""REALIZABLE"", ""REALIZABLE""]"	"[""REALIZABLE""]"	5	5/5	"[""REALIZABLE"", ""REALIZABLE"", ""REALIZABLE"", ""REALIZABLE"", ""REALIZABLE""]"	"[""REALIZABLE""]"	5	5/5	[3.178657056996599, 3.539107928983867, 3.4535460470069665, 3.3488962320261635, 3.5008466800209135]	[3.449500002025161, 3.553121851000469, 3.506709676992614, 3.384591886017006, 3.3873147240374237]	[0.2708429450285621, 0.01401392201660201, 0.053163629985647276, 0.0356956539908424, -0.11353195598348975]	3.4535460470069665	3.449500002025161	0.08556188197690062	1	4	[5]	[1, 2, 3, 4]	"[""unavailable"", ""unavailable"", ""unavailable"", ""unavailable"", ""unavailable""]"	"[""unavailable"", ""unavailable"", ""unavailable"", ""unavailable"", ""unavailable""]"	"[""unavailable"", ""unavailable"", ""unavailable"", ""unavailable"", ""unavailable""]"	unavailable	unavailable	unavailable	unavailable	unavailable	[206848000, 167022592, 205840384, 125362176, 125415424]	[206123008, 206000128, 205930496, 195948544, 177016832]	[-724992, 38977536, 90112, 70586368, 51601408]	167022592	205930496	39825408	1	4	false	[]	[]	0.17267730235034834	false	false	unavailable	false	false	[]	[]	[]	false	false	false
Alarm_06e9cad4.ltl	false	"[""REALIZABLE"", ""REALIZABLE"", ""REALIZABLE"", ""REALIZABLE"", ""REALIZABLE""]"	"[""REALIZABLE""]"	5	5/5	"[""REALIZABLE"", ""REALIZABLE"", ""REALIZABLE"", ""REALIZABLE"", ""REALIZABLE""]"	"[""REALIZABLE""]"	5	5/5	[1.5785523309896234, 1.709300829010317, 1.5483071790076792, 1.6538541099871509, 1.7661728709936142]	[1.6328470210137311, 1.6944808340049349, 1.8149774280027486, 1.7424497560132295, 1.5694626590120606]	[0.054294690024107695, -0.014819995005382225, 0.2666702489950694, 0.08859564602607861, -0.19671021198155358]	1.6538541099871509	1.6944808340049349	0.07530177899752744	2	3	[2, 5]	[1, 3, 4]	"[""unavailable"", ""unavailable"", ""unavailable"", ""unavailable"", ""unavailable""]"	"[""unavailable"", ""unavailable"", ""unavailable"", ""unavailable"", ""unavailable""]"	"[""unavailable"", ""unavailable"", ""unavailable"", ""unavailable"", ""unavailable""]"	unavailable	unavailable	unavailable	unavailable	unavailable	[166825984, 167907328, 164888576, 165371904, 166592512]	[166916096, 167403520, 167272448, 169230336, 165253120]	[90112, -503808, 2383872, 3858432, -1339392]	166592512	167272448	1220608	2	3	false	[]	[]	0.08269270549935755	false	false	unavailable	false	false	[]	[]	[]	false	false	false
Alarm_68c86764.ltl	false	"[""REALIZABLE"", ""REALIZABLE"", ""REALIZABLE"", ""REALIZABLE"", ""REALIZABLE""]"	"[""REALIZABLE""]"	5	5/5	"[""REALIZABLE"", ""REALIZABLE"", ""REALIZABLE"", ""REALIZABLE"", ""REALIZABLE""]"	"[""REALIZABLE""]"	5	5/5	[1.6777720130048692, 1.7292232759937178, 1.705152419017395, 1.722115512995515, 1.6551684809965082]	[1.7609650070080534, 1.7500632159935776, 1.7375803710019682, 1.6855425569810905, 1.7266866160207428]	[0.08319299400318414, 0.02083993999985978, 0.032427951984573156, -0.03657295601442456, 0.07151813502423465]	1.705152419017395	1.7375803710019682	0.02407085697632283	1	4	[4]	[1, 2, 3, 5]	"[""unavailable"", ""unavailable"", ""unavailable"", ""unavailable"", ""unavailable""]"	"[""unavailable"", ""unavailable"", ""unavailable"", ""unavailable"", ""unavailable""]"	"[""unavailable"", ""unavailable"", ""unavailable"", ""unavailable"", ""unavailable""]"	unavailable	unavailable	unavailable	unavailable	unavailable	[168120320, 168210432, 166457344, 168546304, 166465536]	[167309312, 167731200, 168288256, 167641088, 166588416]	[-811008, -479232, 1830912, -905216, 122880]	168120320	167641088	425984	3	2	false	[]	[]	0.08525762095086975	false	false	unavailable	false	false	[]	[]	[]	false	false	false
Alarm_a5f99bc6.ltl	false	"[""REALIZABLE"", ""REALIZABLE"", ""REALIZABLE"", ""REALIZABLE"", ""REALIZABLE""]"	"[""REALIZABLE""]"	5	5/5	"[""REALIZABLE"", ""REALIZABLE"", ""REALIZABLE"", ""REALIZABLE"", ""REALIZABLE""]"	"[""REALIZABLE""]"	5	5/5	[19.968000491993735, 20.513077153998893, 19.90970255198772, 19.97387839498697, 20.546088951989077]	[19.820271510980092, 20.463388667994877, 20.308662102004746, 20.145539316989016, 20.114191754022613]	[-0.14772898101364262, -0.04968848600401543, 0.3989595500170253, 0.1716609220020473, -0.43189719796646386]	19.97387839498697	20.145539316989016	0.06417584299924783	3	2	[1, 2, 5]	[3, 4]	"[""unavailable"", ""unavailable"", ""unavailable"", ""unavailable"", ""unavailable""]"	"[""unavailable"", ""unavailable"", ""unavailable"", ""unavailable"", ""unavailable""]"	"[""unavailable"", ""unavailable"", ""unavailable"", ""unavailable"", ""unavailable""]"	unavailable	unavailable	unavailable	unavailable	unavailable	[1418948608, 1437679616, 1430736896, 1426845696, 1426800640]	[1427595264, 1417633792, 1424855040, 1436119040, 1422524416]	[8646656, -20045824, -5881856, 9273344, -4276224]	1426845696	1424855040	3891200	3	2	false	[]	[]	0.9986939197493485	false	false	unavailable	false	false	[]	[]	[]	false	false	false
AllLights_2c5b09da.ltl	false	"[""UNREALIZABLE"", ""UNREALIZABLE"", ""UNREALIZABLE"", ""UNREALIZABLE"", ""UNREALIZABLE""]"	"[""UNREALIZABLE""]"	5	5/5	"[""UNREALIZABLE"", ""UNREALIZABLE"", ""UNREALIZABLE"", ""UNREALIZABLE"", ""UNREALIZABLE""]"	"[""UNREALIZABLE""]"	5	5/5	[0.9360097750031855, 1.0061689169961028, 0.8720641280233394, 0.9298629679833539, 0.8509092379827052]	[0.8958677269984037, 0.99662039798568, 0.93253816201468, 0.8719234699965455, 0.9100690149934962]	[-0.04014204800478183, -0.009548519010422751, 0.06047403399134055, -0.05793949798680842, 0.059159777010791004]	0.9298629679833539	0.9100690149934962	0.05779883996001445	3	2	[1, 2, 4]	[3, 5]	"[""unavailable"", ""unavailable"", ""unavailable"", ""unavailable"", ""unavailable""]"	"[""unavailable"", ""unavailable"", ""unavailable"", ""unavailable"", ""unavailable""]"	"[""unavailable"", ""unavailable"", ""unavailable"", ""unavailable"", ""unavailable""]"	unavailable	unavailable	unavailable	unavailable	unavailable	[27828224, 27930624, 27967488, 27836416, 27963392]	[27697152, 27709440, 27893760, 27975680, 27746304]	[-131072, -221184, -73728, 139264, -217088]	27930624	27746304	36864	4	1	false	[]	[]	0.05779883996001445	false	false	unavailable	false	false	[]	[]	[]	false	false	false
AllLights_63831f8c.ltl	false	"[""UNREALIZABLE"", ""UNREALIZABLE"", ""UNREALIZABLE"", ""UNREALIZABLE"", ""UNREALIZABLE""]"	"[""UNREALIZABLE""]"	5	5/5	"[""UNREALIZABLE"", ""UNREALIZABLE"", ""UNREALIZABLE"", ""UNREALIZABLE"", ""UNREALIZABLE""]"	"[""UNREALIZABLE""]"	5	5/5	[1.6665216620021965, 1.6730241879995447, 1.6399258310266305, 1.6362028250005096, 1.5949289230047725]	[1.6134626419807319, 1.6649691040220205, 1.615202663000673, 1.5559448169660755, 1.6247912849648856]	[-0.053059020021464676, -0.008055083977524191, -0.02472316802595742, -0.08025800803443417, 0.02986236196011305]	1.6399258310266305	1.615202663000673	0.02659583097556606	4	1	[1, 2, 3, 4]	[5]	"[""unavailable"", ""unavailable"", ""unavailable"", ""unavailable"", ""unavailable""]"	"[""unavailable"", ""unavailable"", ""unavailable"", ""unavailable"", ""unavailable""]"	"[""unavailable"", ""unavailable"", ""unavailable"", ""unavailable"", ""unavailable""]"	unavailable	unavailable	unavailable	unavailable	unavailable	[45805568, 45711360, 45776896, 45760512, 45776896]	[45834240, 45551616, 45760512, 45711360, 45711360]	[28672, -159744, -16384, -49152, -65536]	45776896	45711360	16384	4	1	false	[]	[]	0.08199629155133153	false	false	unavailable	false	false	[]	[]	[]	false	false	false
AllLights_aeb1d897.ltl	false	"[""UNREALIZABLE"", ""UNREALIZABLE"", ""UNREALIZABLE"", ""UNREALIZABLE"", ""UNREALIZABLE""]"	"[""UNREALIZABLE""]"	5	5/5	"[""UNREALIZABLE"", ""UNREALIZABLE"", ""UNREALIZABLE"", ""UNREALIZABLE"", ""UNREALIZABLE""]"	"[""UNREALIZABLE""]"	5	5/5	[2.860704117018031, 2.837361954996595, 2.7238920299860183, 2.7745021649752744, 2.6741250209743157]	[2.7808509829919785, 2.7867445739975665, 2.674387075996492, 2.485862440953497, 2.565972863987554]	[-0.07985313402605243, -0.05061738099902868, -0.04950495398952626, -0.2886397240217775, -0.10815215698676184]	2.7745021649752744	2.674387075996492	0.0628597900213208	5	0	[1, 2, 3, 4, 5]	[]	"[""unavailable"", ""unavailable"", ""unavailable"", ""unavailable"", ""unavailable""]"	"[""unavailable"", ""unavailable"", ""unavailable"", ""unavailable"", ""unavailable""]"	"[""unavailable"", ""unavailable"", ""unavailable"", ""unavailable"", ""unavailable""]"	unavailable	unavailable	unavailable	unavailable	unavailable	[70840320, 70889472, 70672384, 70893568, 70803456]	[70893568, 70897664, 70791168, 70934528, 70955008]	[53248, 8192, 118784, 40960, 151552]	70840320	70897664	49152	0	5	false	[]	[]	0.13872510824876372	false	false	unavailable	false	false	[]	[]	[]	false	false	false
AllShades_66f450a4.ltl	false	"[""UNREALIZABLE"", ""UNREALIZABLE"", ""UNREALIZABLE"", ""UNREALIZABLE"", ""UNREALIZABLE""]"	"[""UNREALIZABLE""]"	5	5/5	"[""UNREALIZABLE"", ""UNREALIZABLE"", ""UNREALIZABLE"", ""UNREALIZABLE"", ""UNREALIZABLE""]"	"[""UNREALIZABLE""]"	5	5/5	[1.7252039149752818, 1.6070519250060897, 1.7823245100153144, 1.7092235970194452, 1.7613737570354715]	[1.7611774280085228, 1.6791689539968502, 1.7200741480046418, 1.8343767980113626, 1.5902502029784955]	[0.035973513033241034, 0.07211702899076045, -0.06225036201067269, 0.1251532009919174, -0.171123554056976]	1.7252039149752818	1.7200741480046418	0.036169842060189694	2	3	[3, 5]	[1, 2, 4]	"[""unavailable"", ""unavailable"", ""unavailable"", ""unavailable"", ""unavailable""]"	"[""unavailable"", ""unavailable"", ""unavailable"", ""unavailable"", ""unavailable""]"	"[""unavailable"", ""unavailable"", ""unavailable"", ""unavailable"", ""unavailable""]"	unavailable	unavailable	unavailable	unavailable	unavailable	[55689216, 55791616, 55832576, 55623680, 55754752]	[55558144, 55758848, 55652352, 55455744, 55701504]	[-131072, -32768, -180224, -167936, -53248]	55754752	55652352	65536	5	0	false	[]	[]	0.08626019574876409	false	false	unavailable	false	false	[]	[]	[]	false	false	false
F-G-contradiction-110.ltl	false	"[""UNREALIZABLE"", ""UNREALIZABLE"", ""UNREALIZABLE"", ""UNREALIZABLE"", ""UNREALIZABLE""]"	"[""UNREALIZABLE""]"	5	5/5	"[""UNREALIZABLE"", ""UNREALIZABLE"", ""UNREALIZABLE"", ""UNREALIZABLE"", ""UNREALIZABLE""]"	"[""UNREALIZABLE""]"	5	5/5	[28.434171086992137, 29.649303526995936, 29.48215627198806, 27.02071693597827, 28.0408640030073]	[29.3619308740017, 30.946630546008237, 30.530159707996063, 27.26483655400807, 28.792151344998274]	[0.9277597870095633, 1.2973270190123003, 1.0480034360080026, 0.2441196180297993, 0.7512873419909738]	28.434171086992137	29.3619308740017	1.0479851849959232	0	5	[]	[1, 2, 3, 4, 5]	"[""unavailable"", ""unavailable"", ""unavailable"", ""unavailable"", ""unavailable""]"	"[""unavailable"", ""unavailable"", ""unavailable"", ""unavailable"", ""unavailable""]"	"[""unavailable"", ""unavailable"", ""unavailable"", ""unavailable"", ""unavailable""]"	unavailable	unavailable	unavailable	unavailable	unavailable	[1621368832, 1621217280, 1621532672, 1621417984, 1621422080]	[2082074624, 2095513600, 2121879552, 2086289408, 2092642304]	[460705792, 474296320, 500346880, 464871424, 471220224]	1621417984	2092642304	49152	0	5	false	[]	[]	1.4217085543496069	false	false	unavailable	false	false	[]	[]	[]	false	false	false
F-G-contradiction-111.ltl	false	"[""UNREALIZABLE"", ""UNREALIZABLE"", ""UNREALIZABLE"", ""UNREALIZABLE"", ""UNREALIZABLE""]"	"[""UNREALIZABLE""]"	5	5/5	"[""UNREALIZABLE"", ""UNREALIZABLE"", ""UNREALIZABLE"", ""UNREALIZABLE"", ""UNREALIZABLE""]"	"[""UNREALIZABLE""]"	5	5/5	[28.896867784991628, 28.003798101010034, 28.656994927994674, 28.309913270990364, 29.26569254300557]	[30.346520041988697, 29.38737778799259, 29.743327155010775, 27.888122351956554, 30.018692173995078]	[1.4496522569970693, 1.3835796869825572, 1.0863322270161007, -0.4217909190338105, 0.7529996309895068]	28.656994927994674	29.743327155010775	0.3470816570043098	1	4	[4]	[1, 2, 3, 5]	"[""unavailable"", ""unavailable"", ""unavailable"", ""unavailable"", ""unavailable""]"	"[""unavailable"", ""unavailable"", ""unavailable"", ""unavailable"", ""unavailable""]"	"[""unavailable"", ""unavailable"", ""unavailable"", ""unavailable"", ""unavailable""]"	unavailable	unavailable	unavailable	unavailable	unavailable	[1595346944, 1595518976, 1595523072, 1595506688, 1595387904]	[1616977920, 1660489728, 1683357696, 1624219648, 1619947520]	[21630976, 64970752, 87834624, 28712960, 24559616]	1595506688	1624219648	16384	0	5	false	[]	[]	1.4328497463997338	false	false	unavailable	false	false	[]	[]	[]	false	false	false
F-G-contradiction-15.ltl	false	"[""UNREALIZABLE"", ""UNREALIZABLE"", ""UNREALIZABLE"", ""UNREALIZABLE"", ""UNREALIZABLE""]"	"[""UNREALIZABLE""]"	5	5/5	"[""UNREALIZABLE"", ""UNREALIZABLE"", ""UNREALIZABLE"", ""UNREALIZABLE"", ""UNREALIZABLE""]"	"[""UNREALIZABLE""]"	5	5/5	[0.328227733989479, 0.37198243697639555, 0.3300230820022989, 0.3357495390227996, 0.3289320790208876]	[0.35191209899494424, 0.3268908339960035, 0.33662309500505216, 0.3671123019885272, 0.3193256410304457]	[0.023684365005465224, -0.045091602980392054, 0.006600013002753258, 0.0313627629657276, -0.009606437990441918]	0.3300230820022989	0.33662309500505216	0.0017953480128198862	2	3	[2, 5]	[1, 3, 4]	"[""unavailable"", ""unavailable"", ""unavailable"", ""unavailable"", ""unavailable""]"	"[""unavailable"", ""unavailable"", ""unavailable"", ""unavailable"", ""unavailable""]"	"[""unavailable"", ""unavailable"", ""unavailable"", ""unavailable"", ""unavailable""]"	unavailable	unavailable	unavailable	unavailable	unavailable	[56754176, 56606720, 55934976, 56475648, 56729600]	[58617856, 58765312, 58740736, 58761216, 58765312]	[1863680, 2158592, 2805760, 2285568, 2035712]	56606720	58761216	131072	0	5	false	[]	[]	0.05	false	false	unavailable	false	false	[]	[]	[]	false	false	false
F-G-contradiction-16.ltl	false	"[""UNREALIZABLE"", ""UNREALIZABLE"", ""UNREALIZABLE"", ""UNREALIZABLE"", ""UNREALIZABLE""]"	"[""UNREALIZABLE""]"	5	5/5	"[""UNREALIZABLE"", ""UNREALIZABLE"", ""UNREALIZABLE"", ""UNREALIZABLE"", ""UNREALIZABLE""]"	"[""UNREALIZABLE""]"	5	5/5	[9.546246799000073, 9.263741298986133, 9.478611327009276, 8.911856157006696, 9.566817028040532]	[9.420908727013739, 9.948885362013243, 9.55546395300189, 9.471253165975213, 9.213482959952671]	[-0.1253380719863344, 0.68514406302711, 0.07685262599261478, 0.5593970089685172, -0.35333406808786094]	9.478611327009276	9.471253165975213	0.08820570103125647	2	3	[1, 5]	[2, 3, 4]	"[""unavailable"", ""unavailable"", ""unavailable"", ""unavailable"", ""unavailable""]"	"[""unavailable"", ""unavailable"", ""unavailable"", ""unavailable"", ""unavailable""]"	"[""unavailable"", ""unavailable"", ""unavailable"", ""unavailable"", ""unavailable""]"	unavailable	unavailable	unavailable	unavailable	unavailable	[659062784, 659320832, 659202048, 659296256, 659267584]	[763961344, 776572928, 754257920, 769929216, 782376960]	[104898560, 117252096, 95055872, 110632960, 123109376]	659267584	769929216	53248	0	5	false	[]	[]	0.4739305663504638	false	false	unavailable	false	false	[]	[]	[]	false	false	false
F-G-contradiction-17.ltl	false	"[""UNREALIZABLE"", ""UNREALIZABLE"", ""UNREALIZABLE"", ""UNREALIZABLE"", ""UNREALIZABLE""]"	"[""UNREALIZABLE""]"	5	5/5	"[""UNREALIZABLE"", ""UNREALIZABLE"", ""UNREALIZABLE"", ""UNREALIZABLE"", ""UNREALIZABLE""]"	"[""UNREALIZABLE""]"	5	5/5	[10.669027148978785, 11.007228261994896, 10.607839277014136, 10.395314171037171, 9.942071878002025]	[10.323543220991269, 10.475089218991343, 11.225912032008637, 9.671742149977945, 10.597191385051701]	[-0.3454839279875159, -0.5321390430035535, 0.6180727549945004, -0.7235720210592262, 0.655119507049676]	10.607839277014136	10.475089218991343	0.21252510597696528	3	2	[1, 2, 4]	[3, 5]	"[""unavailable"", ""unavailable"", ""unavailable"", ""unavailable"", ""unavailable""]"	"[""unavailable"", ""unavailable"", ""unavailable"", ""unavailable"", ""unavailable""]"	"[""unavailable"", ""unavailable"", ""unavailable"", ""unavailable"", ""unavailable""]"	unavailable	unavailable	unavailable	unavailable	unavailable	[696659968, 696725504, 696918016, 696692736, 696692736]	[895868928, 897437696, 922148864, 902029312, 910766080]	[199208960, 200712192, 225230848, 205336576, 214073344]	696692736	902029312	32768	0	5	false	[]	[]	0.5303919638507069	false	false	unavailable	false	false	[]	[]	[]	false	false	false
F-G-contradiction-18.ltl	false	"[""UNREALIZABLE"", ""UNREALIZABLE"", ""UNREALIZABLE"", ""UNREALIZABLE"", ""UNREALIZABLE""]"	"[""UNREALIZABLE""]"	5	5/5	"[""UNREALIZABLE"", ""UNREALIZABLE"", ""UNREALIZABLE"", ""UNREALIZABLE"", ""UNREALIZABLE""]"	"[""UNREALIZABLE""]"	5	5/5	[12.186835172004066, 11.818504801980453, 12.254175359994406, 12.204494926030748, 12.212125808000565]	[12.35219138499815, 12.663858387997607, 11.364403632993344, 12.138065726030618, 11.809474895009771]	[0.16535621299408376, 0.8453535860171542, -0.8897717270010617, -0.06642920000012964, -0.4026509129907936]	12.204494926030748	12.138065726030618	0.017659754026681185	3	2	[3, 4, 5]	[1, 2]	"[""unavailable"", ""unavailable"", ""unavailable"", ""unavailable"", ""unavailable""]"	"[""unavailable"", ""unavailable"", ""unavailable"", ""unavailable"", ""unavailable""]"	"[""unavailable"", ""unavailable"", ""unavailable"", ""unavailable"", ""unavailable""]"	unavailable	unavailable	unavailable	unavailable	unavailable	[767709184, 767619072, 767811584, 767774720, 767680512]	[935366656, 935821312, 935559168, 935358464, 935575552]	[167657472, 168202240, 167747584, 167583744, 167895040]	767709184	935559168	65536	0	5	false	[]	[]	0.6102247463015374	false	false	unavailable	false	false	[]	[]	[]	false	false	false
F-G-contradiction-19.ltl	false	"[""UNREALIZABLE"", ""UNREALIZABLE"", ""UNREALIZABLE"", ""UNREALIZABLE"", ""UNREALIZABLE""]"	"[""UNREALIZABLE""]"	5	5/5	"[""UNREALIZABLE"", ""UNREALIZABLE"", ""UNREALIZABLE"", ""UNREALIZABLE"", ""UNREALIZABLE""]"	"[""UNREALIZABLE""]"	5	5/5	[12.908746219996829, 12.540870397991966, 12.383808062993921, 13.043268734007142, 12.128910004976206]	[13.69202428200515, 12.737302063003881, 12.603641588997561, 12.742742542002816, 12.826679673977196]	[0.7832780620083213, 0.19643166501191445, 0.21983352600364015, -0.30052619200432673, 0.6977696690009907]	12.540870397991966	12.742742542002816	0.36787582200486213	1	4	[4]	[1, 2, 3, 5]	"[""unavailable"", ""unavailable"", ""unavailable"", ""unavailable"", ""unavailable""]"	"[""unavailable"", ""unavailable"", ""unavailable"", ""unavailable"", ""unavailable""]"	"[""unavailable"", ""unavailable"", ""unavailable"", ""unavailable"", ""unavailable""]"	unavailable	unavailable	unavailable	unavailable	unavailable	[813531136, 813821952, 813682688, 813821952, 813707264]	[967458816, 953241600, 964767744, 971792384, 969953280]	[153927680, 139419648, 151085056, 157970432, 156246016]	813707264	967458816	114688	0	5	false	[]	[]	0.6270435198995984	false	false	unavailable	false	false	[]	[]	[]	false	false	false
GF-G-contradiction3.ltl	false	"[""UNREALIZABLE"", ""UNREALIZABLE"", ""UNREALIZABLE"", ""UNREALIZABLE"", ""UNREALIZABLE""]"	"[""UNREALIZABLE""]"	5	5/5	"[""UNREALIZABLE"", ""UNREALIZABLE"", ""UNREALIZABLE"", ""UNREALIZABLE"", ""UNREALIZABLE""]"	"[""UNREALIZABLE""]"	5	5/5	[1.837350821995642, 1.6362720460165292, 1.775497335998807, 1.717431642988231, 1.6795776499784552]	[1.7242187579977326, 1.7858680190111045, 1.6707060810003895, 1.6385805240133777, 1.6548938399646431]	[-0.11313206399790943, 0.14959597299457528, -0.10479125499841757, -0.07885111897485331, -0.024683810013812035]	1.717431642988231	1.6707060810003895	0.05806569301057607	4	1	[1, 3, 4, 5]	[2]	"[""unavailable"", ""unavailable"", ""unavailable"", ""unavailable"", ""unavailable""]"	"[""unavailable"", ""unavailable"", ""unavailable"", ""unavailable"", ""unavailable""]"	"[""unavailable"", ""unavailable"", ""unavailable"", ""unavailable"", ""unavailable""]"	unavailable	unavailable	unavailable	unavailable	unavailable	[146599936, 146665472, 146575360, 146538496, 146571264]	[169644032, 171024384, 170643456, 168259584, 171532288]	[23044096, 24358912, 24068096, 21721088, 24961024]	146575360	170643456	24576	0	5	false	[]	[]	0.08587158214941155	false	false	unavailable	false	false	[]	[]	[]	false	false	false
GF-G-contradiction4.ltl	false	"[""UNREALIZABLE"", ""UNREALIZABLE"", ""UNREALIZABLE"", ""UNREALIZABLE"", ""UNREALIZABLE""]"	"[""UNREALIZABLE""]"	5	5/5	"[""UNREALIZABLE"", ""UNREALIZABLE"", ""UNREALIZABLE"", ""UNREALIZABLE"", ""UNREALIZABLE""]"	"[""UNREALIZABLE""]"	5	5/5	[1.8948280889890157, 1.9150374740129337, 1.8371217630046885, 1.8865715879946947, 1.8080895719467662]	[1.6775760099990293, 1.8234075330256019, 1.8447969300032128, 1.8201236629975028, 1.8261530440067872]	[-0.21725207898998633, -0.09162994098733179, 0.007675166998524219, -0.06644792499719188, 0.018063472060021013]	1.8865715879946947	1.8234075330256019	0.02846588601823896	3	2	[1, 2, 4]	[3, 5]	"[""unavailable"", ""unavailable"", ""unavailable"", ""unavailable"", ""unavailable""]"	"[""unavailable"", ""unavailable"", ""unavailable"", ""unavailable"", ""unavailable""]"	"[""unavailable"", ""unavailable"", ""unavailable"", ""unavailable"", ""unavailable""]"	unavailable	unavailable	unavailable	unavailable	unavailable	[153485312, 153485312, 153276416, 153489408, 153550848]	[181886976, 184635392, 181800960, 186052608, 188694528]	[28401664, 31150080, 28524544, 32563200, 35143680]	153485312	184635392	4096	0	5	false	[]	[]	0.09432857939973474	false	false	unavailable	false	false	[]	[]	[]	false	false	false
GF-G-contradiction5.ltl	false	"[""UNREALIZABLE"", ""UNREALIZABLE"", ""UNREALIZABLE"", ""UNREALIZABLE"", ""UNREALIZABLE""]"	"[""UNREALIZABLE""]"	5	5/5	"[""UNREALIZABLE"", ""UNREALIZABLE"", ""UNREALIZABLE"", ""UNREALIZABLE"", ""UNREALIZABLE""]"	"[""UNREALIZABLE""]"	5	5/5	[2.267086592997657, 2.312987102981424, 2.34396457800176, 2.212198638007976, 2.2373643050086685]	[2.3232161450141575, 2.279859464004403, 2.449639947997639, 2.4656797840143554, 2.2297911510104313]	[0.056129552016500384, -0.03312763897702098, 0.10567536999587901, 0.2534811460063793, -0.007573153998237103]	2.267086592997657	2.3232161450141575	0.045900509983766824	2	3	[2, 5]	[1, 3, 4]	"[""unavailable"", ""unavailable"", ""unavailable"", ""unavailable"", ""unavailable""]"	"[""unavailable"", ""unavailable"", ""unavailable"", ""unavailable"", ""unavailable""]"	"[""unavailable"", ""unavailable"", ""unavailable"", ""unavailable"", ""unavailable""]"	unavailable	unavailable	unavailable	unavailable	unavailable	[102612992, 102588416, 102473728, 102592512, 102506496]	[102354944, 102273024, 102518784, 102391808, 102518784]	[-258048, -315392, 45056, -200704, 12288]	102588416	102391808	24576	3	2	false	[]	[]	0.11335432964988286	false	false	unavailable	false	false	[]	[]	[]	false	false	false
Morning2_407db2cc.ltl	false	"[""TIMEOUT"", ""MEMOUT"", ""TIMEOUT"", ""MEMOUT"", ""MEMOUT""]"	[]	0	0/5	"[""MEMOUT"", ""TIMEOUT"", ""MEMOUT"", ""MEMOUT"", ""TIMEOUT""]"	[]	0	0/5	[120.0, 120.0, 120.0, 120.0, 120.0]	[120.0, 120.0, 120.0, 120.0, 120.0]	[0.0, 0.0, 0.0, 0.0, 0.0]	120.0	120.0	0.0	0	0	[]	[]	"[""unavailable"", 8589934592, ""unavailable"", 8589934592, 8589934592]"	"[8589934592, ""unavailable"", 8589934592, 8589934592, ""unavailable""]"	"[""unavailable"", ""unavailable"", ""unavailable"", 0, ""unavailable""]"	unavailable	unavailable	unavailable	unavailable	unavailable	"[""unavailable"", ""unavailable"", ""unavailable"", ""unavailable"", ""unavailable""]"	"[""unavailable"", ""unavailable"", ""unavailable"", ""unavailable"", ""unavailable""]"	"[""unavailable"", ""unavailable"", ""unavailable"", ""unavailable"", ""unavailable""]"	unavailable	unavailable	unavailable	unavailable	unavailable	false	[]	[]	6.0	false	false	unavailable	false	false	[]	[]	"[""changed round statuses""]"	false	false	false
OneCounter.ltl	false	"[""REALIZABLE"", ""REALIZABLE"", ""REALIZABLE"", ""REALIZABLE"", ""REALIZABLE""]"	"[""REALIZABLE""]"	5	5/5	"[""REALIZABLE"", ""REALIZABLE"", ""REALIZABLE"", ""REALIZABLE"", ""REALIZABLE""]"	"[""REALIZABLE""]"	5	5/5	[3.0364409400208388, 3.250300449988572, 3.1933884159952868, 2.987857107014861, 3.1260146659915335]	[3.1868409820017405, 3.008349398995051, 3.2013602450024337, 3.123712005035486, 3.03285037598107]	[0.15040004198090173, -0.24195105099352077, 0.00797182900714688, 0.13585489802062511, -0.09316429001046345]	3.1260146659915335	3.123712005035486	0.0895737259706948	2	3	[2, 5]	[1, 3, 4]	"[""unavailable"", ""unavailable"", ""unavailable"", ""unavailable"", ""unavailable""]"	"[""unavailable"", ""unavailable"", ""unavailable"", ""unavailable"", ""unavailable""]"	"[""unavailable"", ""unavailable"", ""unavailable"", ""unavailable"", ""unavailable""]"	unavailable	unavailable	unavailable	unavailable	unavailable	[1094004736, 1094004736, 1094115328, 1093877760, 1093988352]	[1094053888, 1093918720, 1094037504, 1093971968, 1094107136]	[49152, -86016, -77824, 94208, 118784]	1094004736	1094037504	16384	2	3	false	[]	[]	0.1563007332995767	false	false	unavailable	false	false	[]	[]	[]	false	false	false
SPIPureNext.ltl	true	"[""TIMEOUT"", ""TIMEOUT"", ""TIMEOUT"", ""TIMEOUT"", ""TIMEOUT""]"	[]	0	0/5	"[""REALIZABLE"", ""REALIZABLE"", ""REALIZABLE"", ""REALIZABLE"", ""REALIZABLE""]"	"[""REALIZABLE""]"	5	5/5	[120.0, 120.0, 120.0, 120.0, 120.0]	[0.5326185690064449, 0.5059604590060189, 0.5038037839985918, 0.5146711409906857, 0.5091430350439623]	[-119.46738143099356, -119.49403954099398, -119.49619621600141, -119.48532885900931, -119.49085696495604]	120.0	0.5091430350439623	0.0	5	0	[1, 2, 3, 4, 5]	[]	"[""unavailable"", ""unavailable"", ""unavailable"", ""unavailable"", ""unavailable""]"	"[""unavailable"", ""unavailable"", ""unavailable"", ""unavailable"", ""unavailable""]"	"[""unavailable"", ""unavailable"", ""unavailable"", ""unavailable"", ""unavailable""]"	unavailable	unavailable	unavailable	unavailable	unavailable	"[""unavailable"", ""unavailable"", ""unavailable"", ""unavailable"", ""unavailable""]"	[30228480, 30453760, 30470144, 30318592, 30363648]	"[""unavailable"", ""unavailable"", ""unavailable"", ""unavailable"", ""unavailable""]"	unavailable	30363648	unavailable	unavailable	unavailable	false	[]	[]	6.0	false	false	unavailable	false	false	[]	[]	"[""changed round statuses""]"	false	false	false
TwoCounters3.ltl	false	"[""REALIZABLE"", ""REALIZABLE"", ""REALIZABLE"", ""REALIZABLE"", ""REALIZABLE""]"	"[""REALIZABLE""]"	5	5/5	"[""REALIZABLE"", ""REALIZABLE"", ""REALIZABLE"", ""REALIZABLE"", ""REALIZABLE""]"	"[""REALIZABLE""]"	5	5/5	[1.6519938629935496, 1.5533002949960064, 1.574437786010094, 1.5424237730330788, 1.5502163490164094]	[1.604666206985712, 1.572374477982521, 1.6028165919997264, 1.5841436259797774, 1.5565871609724127]	[-0.047327656007837504, 0.019074182986514643, 0.028378805989632383, 0.041719852946698666, 0.006370811956003308]	1.5533002949960064	1.5841436259797774	0.010876521962927654	1	4	[1]	[2, 3, 4, 5]	"[""unavailable"", ""unavailable"", ""unavailable"", ""unavailable"", ""unavailable""]"	"[""unavailable"", ""unavailable"", ""unavailable"", ""unavailable"", ""unavailable""]"	"[""unavailable"", ""unavailable"", ""unavailable"", ""unavailable"", ""unavailable""]"	unavailable	unavailable	unavailable	unavailable	unavailable	[180342784, 180379648, 180383744, 180355072, 180129792]	[180240384, 180158464, 180269056, 180314112, 180371456]	[-102400, -221184, -114688, -40960, 241664]	180355072	180269056	24576	4	1	false	[]	[]	0.07766501474980032	false	false	unavailable	false	false	[]	[]	[]	false	false	false
abcg_arbiter_pb_3_pe_.ltl	false	"[""REALIZABLE"", ""REALIZABLE"", ""REALIZABLE"", ""REALIZABLE"", ""REALIZABLE""]"	"[""REALIZABLE""]"	5	5/5	"[""REALIZABLE"", ""REALIZABLE"", ""REALIZABLE"", ""REALIZABLE"", ""REALIZABLE""]"	"[""REALIZABLE""]"	5	5/5	[31.961319832975278, 30.905902854981832, 32.45308970901533, 31.350827858026605, 31.218265785020776]	[32.36359533999348, 32.12747767099063, 31.72399941299227, 30.703222598007414, 31.516125630994793]	[0.4022755070182029, 1.221574816008797, -0.7290902960230596, -0.6476052600191906, 0.29785984597401693]	31.350827858026605	31.72399941299227	0.4449250030447729	2	3	[3, 4]	[1, 2, 5]	"[""unavailable"", ""unavailable"", ""unavailable"", ""unavailable"", ""unavailable""]"	"[""unavailable"", ""unavailable"", ""unavailable"", ""unavailable"", ""unavailable""]"	"[""unavailable"", ""unavailable"", ""unavailable"", ""unavailable"", ""unavailable""]"	unavailable	unavailable	unavailable	unavailable	unavailable	[245596160, 245600256, 245612544, 245596160, 245587968]	[2410090496, 2429145088, 2402828288, 2448621568, 2474463232]	[2164494336, 2183544832, 2157215744, 2203025408, 2228875264]	245596160	2429145088	4096	0	5	false	[]	[]	1.5675413929013304	false	false	unavailable	false	false	[]	[]	[]	false	false	false
amba_case_study_pb_4_pe_.ltl	false	"[""MEMOUT"", ""MEMOUT"", ""TIMEOUT"", ""MEMOUT"", ""MEMOUT""]"	[]	0	0/5	"[""TIMEOUT"", ""TIMEOUT"", ""MEMOUT"", ""TIMEOUT"", ""MEMOUT""]"	[]	0	0/5	[120.0, 120.0, 120.0, 120.0, 120.0]	[120.0, 120.0, 120.0, 120.0, 120.0]	[0.0, 0.0, 0.0, 0.0, 0.0]	120.0	120.0	0.0	0	0	[]	[]	"[8589934592, 8589934592, ""unavailable"", 8589938688, 8589934592]"	"[8589934592, ""unavailable"", 8589934592, ""unavailable"", 8589934592]"	"[0, ""unavailable"", ""unavailable"", ""unavailable"", 0]"	unavailable	unavailable	unavailable	unavailable	unavailable	"[""unavailable"", ""unavailable"", ""unavailable"", ""unavailable"", ""unavailable""]"	"[""unavailable"", ""unavailable"", ""unavailable"", ""unavailable"", ""unavailable""]"	"[""unavailable"", ""unavailable"", ""unavailable"", ""unavailable"", ""unavailable""]"	unavailable	unavailable	unavailable	unavailable	unavailable	false	[]	[]	6.0	false	false	unavailable	false	false	[]	[]	"[""changed round statuses""]"	false	false	false
amba_decomposed_arbiter_pb_6_pe_.ltl	false	"[""REALIZABLE"", ""REALIZABLE"", ""REALIZABLE"", ""REALIZABLE"", ""REALIZABLE""]"	"[""REALIZABLE""]"	5	5/5	"[""REALIZABLE"", ""REALIZABLE"", ""REALIZABLE"", ""REALIZABLE"", ""REALIZABLE""]"	"[""REALIZABLE""]"	5	5/5	[1.177934474981157, 1.2470525429816917, 1.0897494119999465, 1.146678815013729, 1.142101421020925]	[1.0904795459937304, 1.1512698120204732, 1.1724752099835314, 1.0996680710231885, 1.1481761240283959]	[-0.08745492898742668, -0.09578273096121848, 0.08272579798358493, -0.047010743990540504, 0.006074703007470816]	1.146678815013729	1.1481761240283959	0.03125565996742807	3	2	[1, 2, 4]	[3, 5]	"[""unavailable"", ""unavailable"", ""unavailable"", ""unavailable"", ""unavailable""]"	"[""unavailable"", ""unavailable"", ""unavailable"", ""unavailable"", ""unavailable""]"	"[""unavailable"", ""unavailable"", ""unavailable"", ""unavailable"", ""unavailable""]"	unavailable	unavailable	unavailable	unavailable	unavailable	[63594496, 63586304, 63565824, 63582208, 63545344]	[63406080, 63631360, 63479808, 63590400, 63442944]	[-188416, 45056, -86016, 8192, -102400]	63582208	63479808	12288	3	2	false	[]	[]	0.05733394075068646	false	false	unavailable	false	false	[]	[]	[]	false	false	false
amba_decomposed_encode_pb_16_pe_.ltl	false	"[""REALIZABLE"", ""REALIZABLE"", ""REALIZABLE"", ""REALIZABLE"", ""REALIZABLE""]"	"[""REALIZABLE""]"	5	5/5	"[""REALIZABLE"", ""REALIZABLE"", ""REALIZABLE"", ""REALIZABLE"", ""REALIZABLE""]"	"[""REALIZABLE""]"	5	5/5	[1.0001029499981087, 0.9676596960052848, 0.9591995509981643, 0.9796037289779633, 0.9876200970029458]	[0.9944270999985747, 0.958080210024491, 0.9733741960080806, 0.9517104380065575, 0.9940554150380194]	[-0.005675849999533966, -0.009579485980793834, 0.014174645009916276, -0.027893290971405804, 0.006435318035073578]	0.9796037289779633	0.9733741960080806	0.011944032972678542	3	2	[1, 2, 4]	[3, 5]	"[""unavailable"", ""unavailable"", ""unavailable"", ""unavailable"", ""unavailable""]"	"[""unavailable"", ""unavailable"", ""unavailable"", ""unavailable"", ""unavailable""]"	"[""unavailable"", ""unavailable"", ""unavailable"", ""unavailable"", ""unavailable""]"	unavailable	unavailable	unavailable	unavailable	unavailable	[102227968, 102178816, 102187008, 102113280, 102264832]	[102346752, 102264832, 102031360, 102207488, 102350848]	[118784, 86016, -155648, 94208, 86016]	102187008	102264832	40960	1	4	false	[]	[]	0.05	false	false	unavailable	false	false	[]	[]	[]	false	false	false
amba_gr_pb_2_pe_.ltl	true	"[""TIMEOUT"", ""TIMEOUT"", ""TIMEOUT"", ""TIMEOUT"", ""TIMEOUT""]"	[]	0	0/5	"[""REALIZABLE"", ""REALIZABLE"", ""REALIZABLE"", ""REALIZABLE"", ""REALIZABLE""]"	"[""REALIZABLE""]"	5	5/5	[120.0, 120.0, 120.0, 120.0, 120.0]	[58.88668433498242, 59.046696192992385, 59.64391358298599, 56.290049338014796, 58.39634490798926]	[-61.11331566501758, -60.953303807007615, -60.35608641701401, -63.709950661985204, -61.60365509201074]	120.0	58.88668433498242	0.0	5	0	[1, 2, 3, 4, 5]	[]	"[""unavailable"", ""unavailable"", ""unavailable"", ""unavailable"", ""unavailable""]"	"[""unavailable"", ""unavailable"", ""unavailable"", ""unavailable"", ""unavailable""]"	"[""unavailable"", ""unavailable"", ""unavailable"", ""unavailable"", ""unavailable""]"	unavailable	unavailable	unavailable	unavailable	unavailable	"[""unavailable"", ""unavailable"", ""unavailable"", ""unavailable"", ""unavailable""]"	[2583408640, 2583162880, 2583162880, 2583293952, 2583375872]	"[""unavailable"", ""unavailable"", ""unavailable"", ""unavailable"", ""unavailable""]"	unavailable	2583293952	unavailable	unavailable	unavailable	false	[]	[]	6.0	false	false	unavailable	false	false	[]	[]	"[""changed round statuses""]"	false	false	false
arbiter_on_inpchange_pb_4_pe_.ltl	false	"[""REALIZABLE"", ""REALIZABLE"", ""REALIZABLE"", ""REALIZABLE"", ""REALIZABLE""]"	"[""REALIZABLE""]"	5	5/5	"[""REALIZABLE"", ""REALIZABLE"", ""REALIZABLE"", ""REALIZABLE"", ""REALIZABLE""]"	"[""REALIZABLE""]"	5	5/5	[0.8342786410066765, 0.8097500599978957, 0.8335585489985533, 0.827172270976007, 0.8721173729863949]	[1.2061427230073605, 1.2285511490190402, 1.2615549640031531, 1.2696790469926782, 1.1811142429942265]	[0.371864082000684, 0.41880108902114443, 0.42799641500459984, 0.4425067760166712, 0.3089968700078316]	0.8335585489985533	1.2285511490190402	0.006386278022546321	0	5	[]	[1, 2, 3, 4, 5]	"[""unavailable"", ""unavailable"", ""unavailable"", ""unavailable"", ""unavailable""]"	"[""unavailable"", ""unavailable"", ""unavailable"", ""unavailable"", ""unavailable""]"	"[""unavailable"", ""unavailable"", ""unavailable"", ""unavailable"", ""unavailable""]"	unavailable	unavailable	unavailable	unavailable	unavailable	[55885824, 55930880, 55996416, 56041472, 55840768]	[141217792, 140427264, 140754944, 141778944, 141099008]	[85331968, 84496384, 84758528, 85737472, 85258240]	55930880	141099008	65536	0	5	false	[]	[]	0.05	true	true	unavailable	false	false	"[""slowdown — validated""]"	[]	"[""slowdown — validated""]"	false	false	false
arbiter_on_inpchange_pb_5_pe_.ltl	false	"[""TIMEOUT"", ""TIMEOUT"", ""TIMEOUT"", ""TIMEOUT"", ""TIMEOUT""]"	[]	0	0/5	"[""MEMOUT"", ""MEMOUT"", ""MEMOUT"", ""MEMOUT"", ""MEMOUT""]"	[]	0	0/5	[120.0, 120.0, 120.0, 120.0, 120.0]	[120.0, 120.0, 120.0, 120.0, 120.0]	[0.0, 0.0, 0.0, 0.0, 0.0]	120.0	120.0	0.0	0	0	[]	[]	"[""unavailable"", ""unavailable"", ""unavailable"", ""unavailable"", ""unavailable""]"	[8589934592, 8589934592, 8589938688, 8589938688, 8589938688]	"[""unavailable"", ""unavailable"", ""unavailable"", ""unavailable"", ""unavailable""]"	unavailable	8589938688	unavailable	unavailable	unavailable	"[""unavailable"", ""unavailable"", ""unavailable"", ""unavailable"", ""unavailable""]"	"[""unavailable"", ""unavailable"", ""unavailable"", ""unavailable"", ""unavailable""]"	"[""unavailable"", ""unavailable"", ""unavailable"", ""unavailable"", ""unavailable""]"	unavailable	unavailable	unavailable	unavailable	unavailable	false	[]	"[""MEMOUT""]"	6.0	false	false	unavailable	false	false	"[""new/increased failure: MEMOUT""]"	[]	"[""changed round statuses"", ""new/increased failure: MEMOUT""]"	false	false	false
arbiter_on_inpchange_pb_6_pe_.ltl	false	"[""TIMEOUT"", ""TIMEOUT"", ""TIMEOUT"", ""TIMEOUT"", ""TIMEOUT""]"	[]	0	0/5	"[""MEMOUT"", ""MEMOUT"", ""MEMOUT"", ""MEMOUT"", ""MEMOUT""]"	[]	0	0/5	[120.0, 120.0, 120.0, 120.0, 120.0]	[120.0, 120.0, 120.0, 120.0, 120.0]	[0.0, 0.0, 0.0, 0.0, 0.0]	120.0	120.0	0.0	0	0	[]	[]	"[""unavailable"", ""unavailable"", ""unavailable"", ""unavailable"", ""unavailable""]"	[8589938688, 8589938688, 8589934592, 8589934592, 8589934592]	"[""unavailable"", ""unavailable"", ""unavailable"", ""unavailable"", ""unavailable""]"	unavailable	8589934592	unavailable	unavailable	unavailable	"[""unavailable"", ""unavailable"", ""unavailable"", ""unavailable"", ""unavailable""]"	"[""unavailable"", ""unavailable"", ""unavailable"", ""unavailable"", ""unavailable""]"	"[""unavailable"", ""unavailable"", ""unavailable"", ""unavailable"", ""unavailable""]"	unavailable	unavailable	unavailable	unavailable	unavailable	false	[]	"[""MEMOUT""]"	6.0	false	false	unavailable	false	false	"[""new/increased failure: MEMOUT""]"	[]	"[""changed round statuses"", ""new/increased failure: MEMOUT""]"	false	false	false
arbiter_on_inpchange_pb_7_pe_.ltl	false	"[""TIMEOUT"", ""TIMEOUT"", ""TIMEOUT"", ""TIMEOUT"", ""TIMEOUT""]"	[]	0	0/5	"[""MEMOUT"", ""MEMOUT"", ""MEMOUT"", ""MEMOUT"", ""MEMOUT""]"	[]	0	0/5	[120.0, 120.0, 120.0, 120.0, 120.0]	[120.0, 120.0, 120.0, 120.0, 120.0]	[0.0, 0.0, 0.0, 0.0, 0.0]	120.0	120.0	0.0	0	0	[]	[]	"[""unavailable"", ""unavailable"", ""unavailable"", ""unavailable"", ""unavailable""]"	[8589934592, 8589934592, 8589934592, 8589934592, 8589934592]	"[""unavailable"", ""unavailable"", ""unavailable"", ""unavailable"", ""unavailable""]"	unavailable	8589934592	unavailable	unavailable	unavailable	"[""unavailable"", ""unavailable"", ""unavailable"", ""unavailable"", ""unavailable""]"	"[""unavailable"", ""unavailable"", ""unavailable"", ""unavailable"", ""unavailable""]"	"[""unavailable"", ""unavailable"", ""unavailable"", ""unavailable"", ""unavailable""]"	unavailable	unavailable	unavailable	unavailable	unavailable	false	[]	"[""MEMOUT""]"	6.0	false	false	unavailable	false	false	"[""new/increased failure: MEMOUT""]"	[]	"[""changed round statuses"", ""new/increased failure: MEMOUT""]"	false	false	false
arbiter_with_buffer_pb_5_pe_.ltl	false	"[""REALIZABLE"", ""REALIZABLE"", ""REALIZABLE"", ""REALIZABLE"", ""REALIZABLE""]"	"[""REALIZABLE""]"	5	5/5	"[""REALIZABLE"", ""REALIZABLE"", ""REALIZABLE"", ""REALIZABLE"", ""REALIZABLE""]"	"[""REALIZABLE""]"	5	5/5	[0.8591558649786748, 0.9100957119953819, 0.8852614620118402, 0.8867437220178545, 0.8857935990090482]	[0.8873178219946567, 0.9133727510052267, 0.928269864001777, 0.8594204889959656, 0.8902275600121357]	[0.028161957015981898, 0.0032770390098448843, 0.04300840198993683, -0.027323233021888882, 0.004433961003087461]	0.8857935990090482	0.8902275600121357	0.0009501230088062584	1	4	[4]	[1, 2, 3, 5]	"[""unavailable"", ""unavailable"", ""unavailable"", ""unavailable"", ""unavailable""]"	"[""unavailable"", ""unavailable"", ""unavailable"", ""unavailable"", ""unavailable""]"	"[""unavailable"", ""unavailable"", ""unavailable"", ""unavailable"", ""unavailable""]"	unavailable	unavailable	unavailable	unavailable	unavailable	[55439360, 55443456, 55406592, 55361536, 55459840]	[55607296, 55382016, 55619584, 55533568, 55623680]	[167936, -61440, 212992, 172032, 163840]	55439360	55607296	20480	1	4	false	[]	[]	0.05	false	false	unavailable	false	false	[]	[]	[]	false	false	false
arbiter_with_cancel_pb_5_pe_.ltl	false	"[""REALIZABLE"", ""REALIZABLE"", ""REALIZABLE"", ""REALIZABLE"", ""REALIZABLE""]"	"[""REALIZABLE""]"	5	5/5	"[""REALIZABLE"", ""REALIZABLE"", ""REALIZABLE"", ""REALIZABLE"", ""REALIZABLE""]"	"[""REALIZABLE""]"	5	5/5	[1.214845731999958, 1.1961932969861664, 1.1688434880052228, 1.137401273008436, 1.1586074939696118]	[1.1195883599866647, 1.2057299849984702, 1.153220636973856, 1.1532913360279053, 1.1669807670405135]	[-0.0952573720132932, 0.009536688012303784, -0.015622851031366736, 0.01589006301946938, 0.008373273070901632]	1.1688434880052228	1.1532913360279053	0.027349808980943635	2	3	[1, 3]	[2, 4, 5]	"[""unavailable"", ""unavailable"", ""unavailable"", ""unavailable"", ""unavailable""]"	"[""unavailable"", ""unavailable"", ""unavailable"", ""unavailable"", ""unavailable""]"	"[""unavailable"", ""unavailable"", ""unavailable"", ""unavailable"", ""unavailable""]"	unavailable	unavailable	unavailable	unavailable	unavailable	[66129920, 66072576, 66158592, 66158592, 66134016]	[66146304, 66150400, 66162688, 66019328, 66002944]	[16384, 77824, 4096, -139264, -131072]	66134016	66146304	24576	2	3	false	[]	[]	0.05844217440026114	false	false	unavailable	false	false	[]	[]	[]	false	false	false
chain-simple-70-real.ltl	false	"[""REALIZABLE"", ""REALIZABLE"", ""REALIZABLE"", ""REALIZABLE"", ""REALIZABLE""]"	"[""REALIZABLE""]"	5	5/5	"[""REALIZABLE"", ""REALIZABLE"", ""REALIZABLE"", ""REALIZABLE"", ""REALIZABLE""]"	"[""REALIZABLE""]"	5	5/5	[1.1973398139816709, 1.1633705080021173, 1.0955598370055668, 1.04689519101521, 1.013976062007714]	[1.069390705000842, 1.1254919249913655, 1.1131860299792606, 1.126677933963947, 1.1427638780442066]	[-0.1279491089808289, -0.037878583010751754, 0.017626192973693833, 0.079782742948737, 0.1287878160364926]	1.0955598370055668	1.1254919249913655	0.06781067099655047	2	3	[1, 2]	[3, 4, 5]	"[""unavailable"", ""unavailable"", ""unavailable"", ""unavailable"", ""unavailable""]"	"[""unavailable"", ""unavailable"", ""unavailable"", ""unavailable"", ""unavailable""]"	"[""unavailable"", ""unavailable"", ""unavailable"", ""unavailable"", ""unavailable""]"	unavailable	unavailable	unavailable	unavailable	unavailable	[267026432, 267153408, 267014144, 267104256, 266956800]	[266887168, 267087872, 267042816, 267010048, 267141120]	[-139264, -65536, 28672, -94208, 184320]	267026432	267042816	69632	3	2	false	[]	[]	0.06781067099655047	false	false	unavailable	false	false	[]	[]	[]	false	false	false
chain-simple-param-70-real.ltl	false	"[""REALIZABLE"", ""REALIZABLE"", ""REALIZABLE"", ""REALIZABLE"", ""REALIZABLE""]"	"[""REALIZABLE""]"	5	5/5	"[""REALIZABLE"", ""REALIZABLE"", ""REALIZABLE"", ""REALIZABLE"", ""REALIZABLE""]"	"[""REALIZABLE""]"	5	5/5	[1.2647912239772268, 1.279989841976203, 1.1352769370132592, 1.0574524580151774, 1.132990898040589]	[1.1318522279907484, 1.1785602550080512, 1.0829921909898985, 1.0081137109664269, 1.06885197898373]	[-0.1329389959864784, -0.10142958696815185, -0.05228474602336064, -0.04933874704875052, -0.06413891905685887]	1.1352769370132592	1.0829921909898985	0.07782447899808176	5	0	[1, 2, 3, 4, 5]	[]	"[""unavailable"", ""unavailable"", ""unavailable"", ""unavailable"", ""unavailable""]"	"[""unavailable"", ""unavailable"", ""unavailable"", ""unavailable"", ""unavailable""]"	"[""unavailable"", ""unavailable"", ""unavailable"", ""unavailable"", ""unavailable""]"	unavailable	unavailable	unavailable	unavailable	unavailable	[96079872, 97669120, 95449088, 91967488, 93872128]	[85876736, 80957440, 86265856, 80232448, 83562496]	[-10203136, -16711680, -9183232, -11735040, -10309632]	95449088	83562496	1576960	5	0	false	[]	[]	0.07782447899808176	false	false	unavailable	false	false	[]	[]	[]	false	false	false
collector_v1_pb_9_pe_.ltl	false	"[""REALIZABLE"", ""REALIZABLE"", ""REALIZABLE"", ""REALIZABLE"", ""REALIZABLE""]"	"[""REALIZABLE""]"	5	5/5	"[""REALIZABLE"", ""REALIZABLE"", ""REALIZABLE"", ""REALIZABLE"", ""REALIZABLE""]"	"[""REALIZABLE""]"	5	5/5	[2.9527070809854195, 2.9221851879847236, 2.740252444986254, 2.7271807320066728, 2.7020308619830757]	[2.8968721400015056, 2.84232081999653, 2.7930426640086807, 2.7947344279964454, 3.0387907039839774]	[-0.05583494098391384, -0.07986436798819341, 0.052790219022426754, 0.06755369598977268, 0.3367598420009017]	2.740252444986254	2.84232081999653	0.03822158300317824	2	3	[1, 2]	[3, 4, 5]	"[""unavailable"", ""unavailable"", ""unavailable"", ""unavailable"", ""unavailable""]"	"[""unavailable"", ""unavailable"", ""unavailable"", ""unavailable"", ""unavailable""]"	"[""unavailable"", ""unavailable"", ""unavailable"", ""unavailable"", ""unavailable""]"	unavailable	unavailable	unavailable	unavailable	unavailable	[537538560, 543936512, 538296320, 536834048, 537370624]	[539459584, 535015424, 535252992, 521805824, 530096128]	[1921024, -8921088, -3043328, -15028224, -7274496]	537538560	535015424	704512	4	1	false	[]	[]	0.1370126222493127	false	false	unavailable	false	false	[]	[]	[]	false	false	false
collector_v2_pb_11_pe_.ltl	false	"[""REALIZABLE"", ""REALIZABLE"", ""REALIZABLE"", ""REALIZABLE"", ""REALIZABLE""]"	"[""REALIZABLE""]"	5	5/5	"[""REALIZABLE"", ""REALIZABLE"", ""REALIZABLE"", ""REALIZABLE"", ""REALIZABLE""]"	"[""REALIZABLE""]"	5	5/5	[0.3493381900188979, 0.34793680999428034, 0.33456830799696036, 0.3078173969988711, 0.2927431869902648]	[0.3408802389749326, 0.3404020000016317, 0.3093753359862603, 0.3169464459642768, 0.3364638540078886]	[-0.008457951043965295, -0.007534809992648661, -0.025192972010700032, 0.009129048965405673, 0.04372066701762378]	0.33456830799696036	0.3364638540078886	0.01476988202193752	3	2	[1, 2, 3]	[4, 5]	"[""unavailable"", ""unavailable"", ""unavailable"", ""unavailable"", ""unavailable""]"	"[""unavailable"", ""unavailable"", ""unavailable"", ""unavailable"", ""unavailable""]"	"[""unavailable"", ""unavailable"", ""unavailable"", ""unavailable"", ""unavailable""]"	unavailable	unavailable	unavailable	unavailable	unavailable	[77209600, 88088576, 88104960, 80736256, 83623936]	[84701184, 88203264, 87949312, 84877312, 82268160]	[7491584, 114688, -155648, 4141056, -1355776]	83623936	84877312	4464640	2	3	false	[]	[]	0.05	false	false	unavailable	false	false	[]	[]	[]	false	false	false
collector_v2_pb_12_pe_.ltl	false	"[""REALIZABLE"", ""REALIZABLE"", ""REALIZABLE"", ""REALIZABLE"", ""REALIZABLE""]"	"[""REALIZABLE""]"	5	5/5	"[""REALIZABLE"", ""REALIZABLE"", ""REALIZABLE"", ""REALIZABLE"", ""REALIZABLE""]"	"[""REALIZABLE""]"	5	5/5	[0.75974629400298, 0.7509176879830193, 0.7263811650045682, 0.750756241963245, 0.7389592620311305]	[0.7900106309971306, 0.7986540060082916, 0.7538890380237717, 0.7860733179841191, 0.7928518619737588]	[0.030264336994150653, 0.04773631802527234, 0.027507873019203544, 0.03531707602087408, 0.053892599942628294]	0.750756241963245	0.7900106309971306	0.00899005203973502	0	5	[]	[1, 2, 3, 4, 5]	"[""unavailable"", ""unavailable"", ""unavailable"", ""unavailable"", ""unavailable""]"	"[""unavailable"", ""unavailable"", ""unavailable"", ""unavailable"", ""unavailable""]"	"[""unavailable"", ""unavailable"", ""unavailable"", ""unavailable"", ""unavailable""]"	unavailable	unavailable	unavailable	unavailable	unavailable	[101212160, 88883200, 101228544, 101437440, 101167104]	[101568512, 101408768, 101150720, 101322752, 101425152]	[356352, 12525568, -77824, -114688, 258048]	101212160	101408768	45056	2	3	false	[]	[]	0.05	false	false	unavailable	false	false	[]	[]	[]	false	false	false
evasion-real.ltl	true	"[""TIMEOUT"", ""TIMEOUT"", ""TIMEOUT"", ""TIMEOUT"", ""TIMEOUT""]"	[]	0	0/5	"[""REALIZABLE"", ""REALIZABLE"", ""REALIZABLE"", ""REALIZABLE"", ""REALIZABLE""]"	"[""REALIZABLE""]"	5	5/5	[120.0, 120.0, 120.0, 120.0, 120.0]	[23.917372443014756, 23.774552792980103, 24.622322502022143, 23.736205366963986, 24.945456804998685]	[-96.08262755698524, -96.2254472070199, -95.37767749797786, -96.26379463303601, -95.05454319500132]	120.0	23.917372443014756	0.0	5	0	[1, 2, 3, 4, 5]	[]	"[""unavailable"", ""unavailable"", ""unavailable"", ""unavailable"", ""unavailable""]"	"[""unavailable"", ""unavailable"", ""unavailable"", ""unavailable"", ""unavailable""]"	"[""unavailable"", ""unavailable"", ""unavailable"", ""unavailable"", ""unavailable""]"	unavailable	unavailable	unavailable	unavailable	unavailable	"[""unavailable"", ""unavailable"", ""unavailable"", ""unavailable"", ""unavailable""]"	[721076224, 721059840, 723369984, 721182720, 721113088]	"[""unavailable"", ""unavailable"", ""unavailable"", ""unavailable"", ""unavailable""]"	unavailable	721113088	unavailable	unavailable	unavailable	false	[]	[]	6.0	false	false	unavailable	false	false	[]	[]	"[""changed round statuses""]"	false	false	false
f-real-real.ltl	true	"[""TIMEOUT"", ""TIMEOUT"", ""TIMEOUT"", ""TIMEOUT"", ""TIMEOUT""]"	[]	0	0/5	"[""REALIZABLE"", ""REALIZABLE"", ""REALIZABLE"", ""REALIZABLE"", ""REALIZABLE""]"	"[""REALIZABLE""]"	5	5/5	[120.0, 120.0, 120.0, 120.0, 120.0]	[33.40342102199793, 33.19079325199709, 31.935385847988073, 32.81332465301966, 31.569654545979574]	[-86.59657897800207, -86.80920674800291, -88.06461415201193, -87.18667534698034, -88.43034545402043]	120.0	32.81332465301966	0.0	5	0	[1, 2, 3, 4, 5]	[]	"[""unavailable"", ""unavailable"", ""unavailable"", ""unavailable"", ""unavailable""]"	"[""unavailable"", ""unavailable"", ""unavailable"", ""unavailable"", ""unavailable""]"	"[""unavailable"", ""unavailable"", ""unavailable"", ""unavailable"", ""unavailable""]"	unavailable	unavailable	unavailable	unavailable	unavailable	"[""unavailable"", ""unavailable"", ""unavailable"", ""unavailable"", ""unavailable""]"	[889606144, 889507840, 889630720, 889667584, 889536512]	"[""unavailable"", ""unavailable"", ""unavailable"", ""unavailable"", ""unavailable""]"	unavailable	889606144	unavailable	unavailable	unavailable	false	[]	[]	6.0	false	false	unavailable	false	false	[]	[]	"[""changed round statuses""]"	false	false	false
finding_nemo_pb_2_pe_.ltl	false	"[""REALIZABLE"", ""REALIZABLE"", ""REALIZABLE"", ""REALIZABLE"", ""REALIZABLE""]"	"[""REALIZABLE""]"	5	5/5	"[""REALIZABLE"", ""REALIZABLE"", ""REALIZABLE"", ""REALIZABLE"", ""REALIZABLE""]"	"[""REALIZABLE""]"	5	5/5	[4.3746684869984165, 4.617950184998335, 4.3391066399926785, 4.34974825498648, 4.312539489008486]	[4.53069016902009, 4.953406180022284, 4.52480458599166, 4.691969621984754, 4.624730222974904]	[0.15602168202167377, 0.33545599502394907, 0.1856979459989816, 0.3422213669982739, 0.3121907339664176]	4.34974825498648	4.624730222974904	0.024920232011936605	0	5	[]	[1, 2, 3, 4, 5]	"[""unavailable"", ""unavailable"", ""unavailable"", ""unavailable"", ""unavailable""]"	"[""unavailable"", ""unavailable"", ""unavailable"", ""unavailable"", ""unavailable""]"	"[""unavailable"", ""unavailable"", ""unavailable"", ""unavailable"", ""unavailable""]"	unavailable	unavailable	unavailable	unavailable	unavailable	[102031360, 101761024, 102219776, 102264832, 102051840]	[102154240, 101896192, 102055936, 102162432, 101670912]	[122880, 135168, -163840, -102400, -380928]	102051840	102055936	167936	3	2	false	[]	[]	0.217487412749324	true	true	unavailable	false	false	"[""slowdown — validated""]"	[]	"[""slowdown — validated""]"	false	false	false
g-real-real.ltl	false	"[""REALIZABLE"", ""REALIZABLE"", ""REALIZABLE"", ""REALIZABLE"", ""REALIZABLE""]"	"[""REALIZABLE""]"	5	5/5	"[""REALIZABLE"", ""REALIZABLE"", ""REALIZABLE"", ""REALIZABLE"", ""REALIZABLE""]"	"[""REALIZABLE""]"	5	5/5	[4.1557913860015105, 4.411164310993627, 4.386075905000325, 4.4352347570238635, 4.571488828980364]	[2.7861267040134408, 2.803424690995598, 2.6414486550202128, 2.749598230002448, 2.6995553330052644]	[-1.3696646819880698, -1.6077396199980285, -1.7446272499801125, -1.6856365270214155, -1.8719334959750995]	4.411164310993627	2.749598230002448	0.02508840599330142	5	0	[1, 2, 3, 4, 5]	[]	"[""unavailable"", ""unavailable"", ""unavailable"", ""unavailable"", ""unavailable""]"	"[""unavailable"", ""unavailable"", ""unavailable"", ""unavailable"", ""unavailable""]"	"[""unavailable"", ""unavailable"", ""unavailable"", ""unavailable"", ""unavailable""]"	unavailable	unavailable	unavailable	unavailable	unavailable	[245317632, 245407744, 245231616, 245403648, 245338112]	[245313536, 245383168, 245317632, 245456896, 245383168]	[-4096, -24576, 86016, 53248, 45056]	245338112	245383168	65536	2	3	false	[]	[]	0.22055821554968136	false	false	unavailable	false	false	[]	[]	[]	false	false	false
g-unreal-110.ltl	false	"[""UNREALIZABLE"", ""UNREALIZABLE"", ""UNREALIZABLE"", ""UNREALIZABLE"", ""UNREALIZABLE""]"	"[""UNREALIZABLE""]"	5	5/5	"[""UNREALIZABLE"", ""UNREALIZABLE"", ""UNREALIZABLE"", ""UNREALIZABLE"", ""UNREALIZABLE""]"	"[""UNREALIZABLE""]"	5	5/5	[2.441997415997321, 2.604478293011198, 2.543168414005777, 2.7379778049653396, 2.546604130999185]	[2.515604059997713, 2.6297873170115054, 2.555753349006409, 2.4722980490187183, 2.346440077992156]	[0.07360664400039241, 0.025309024000307545, 0.012584935000631958, -0.2656797559466213, -0.200164053007029]	2.546604130999185	2.515604059997713	0.057874162012012675	2	3	[4, 5]	[1, 2, 3]	"[""unavailable"", ""unavailable"", ""unavailable"", ""unavailable"", ""unavailable""]"	"[""unavailable"", ""unavailable"", ""unavailable"", ""unavailable"", ""unavailable""]"	"[""unavailable"", ""unavailable"", ""unavailable"", ""unavailable"", ""unavailable""]"	unavailable	unavailable	unavailable	unavailable	unavailable	[216006656, 216121344, 215908352, 215957504, 216002560]	[216055808, 216051712, 215846912, 215941120, 215732224]	[49152, -69632, -61440, -16384, -270336]	216002560	215941120	45056	4	1	false	[]	[]	0.12733020654995927	false	false	unavailable	false	false	[]	[]	[]	false	false	false
g-unreal-111.ltl	false	"[""UNREALIZABLE"", ""UNREALIZABLE"", ""UNREALIZABLE"", ""UNREALIZABLE"", ""UNREALIZABLE""]"	"[""UNREALIZABLE""]"	5	5/5	"[""UNREALIZABLE"", ""UNREALIZABLE"", ""UNREALIZABLE"", ""UNREALIZABLE"", ""UNREALIZABLE""]"	"[""UNREALIZABLE""]"	5	5/5	[4.0498547079914715, 4.18465443799505, 4.068984487006674, 4.374518972996157, 4.026288426015526]	[4.2851189200009685, 3.9426846689893864, 4.297457626002142, 4.241679044964258, 4.442366408009548]	[0.235264212009497, -0.2419697690056637, 0.22847313899546862, -0.13283992803189903, 0.4160779819940217]	4.068984487006674	4.2851189200009685	0.04269606099114753	2	3	[2, 4]	[1, 3, 5]	"[""unavailable"", ""unavailable"", ""unavailable"", ""unavailable"", ""unavailable""]"	"[""unavailable"", ""unavailable"", ""unavailable"", ""unavailable"", ""unavailable""]"	"[""unavailable"", ""unavailable"", ""unavailable"", ""unavailable"", ""unavailable""]"	unavailable	unavailable	unavailable	unavailable	unavailable	[324571136, 324628480, 324661248, 324501504, 324546560]	[324521984, 320049152, 324587520, 324251648, 324448256]	[-49152, -4579328, -73728, -249856, -98304]	324571136	324448256	57344	5	0	false	[]	[]	0.2034492243503337	true	false	unavailable	false	false	[]	"[""slowdown — flagged, not validated""]"	"[""slowdown — flagged, not validated""]"	false	false	false
g-unreal-112.ltl	false	"[""UNREALIZABLE"", ""UNREALIZABLE"", ""UNREALIZABLE"", ""UNREALIZABLE"", ""UNREALIZABLE""]"	"[""UNREALIZABLE""]"	5	5/5	"[""UNREALIZABLE"", ""UNREALIZABLE"", ""UNREALIZABLE"", ""UNREALIZABLE"", ""UNREALIZABLE""]"	"[""UNREALIZABLE""]"	5	5/5	[6.80947461197502, 6.625007067981642, 6.508081913983915, 7.299471687991172, 7.613908960018307]	[6.698823443992296, 6.623509007011307, 7.345785964018432, 6.339476945984643, 7.242462838999927]	[-0.11065116798272356, -0.0014980609703343362, 0.8377040500345174, -0.9599947420065291, -0.3714461210183799]	6.80947461197502	6.698823443992296	0.3013926979911048	4	1	[1, 2, 4, 5]	[3]	"[""unavailable"", ""unavailable"", ""unavailable"", ""unavailable"", ""unavailable""]"	"[""unavailable"", ""unavailable"", ""unavailable"", ""unavailable"", ""unavailable""]"	"[""unavailable"", ""unavailable"", ""unavailable"", ""unavailable"", ""unavailable""]"	unavailable	unavailable	unavailable	unavailable	unavailable	[450088960, 447889408, 458588160, 452890624, 468267008]	[431489024, 407187456, 442707968, 405061632, 431263744]	[-18599936, -40701952, -15880192, -47828992, -37003264]	452890624	431263744	5001216	5	0	false	[]	[]	0.340473730598751	false	false	unavailable	false	false	[]	[]	[]	false	false	false
g-unreal-114.ltl	false	"[""UNREALIZABLE"", ""UNREALIZABLE"", ""UNREALIZABLE"", ""UNREALIZABLE"", ""UNREALIZABLE""]"	"[""UNREALIZABLE""]"	5	5/5	"[""UNREALIZABLE"", ""UNREALIZABLE"", ""UNREALIZABLE"", ""UNREALIZABLE"", ""UNREALIZABLE""]"	"[""UNREALIZABLE""]"	5	5/5	[11.527734917995986, 13.234736048005288, 12.868029462988488, 11.913042030006181, 11.33828058297513]	[11.071855728019727, 11.17977840898675, 10.895184004999464, 11.13923159596743, 11.192252094042487]	[-0.4558791899762582, -2.0549576390185393, -1.972845457989024, -0.7738104340387508, -0.14602848893264309]	11.913042030006181	11.13923159596743	0.5747614470310509	5	0	[1, 2, 3, 4, 5]	[]	"[""unavailable"", ""unavailable"", ""unavailable"", ""unavailable"", ""unavailable""]"	"[""unavailable"", ""unavailable"", ""unavailable"", ""unavailable"", ""unavailable""]"	"[""unavailable"", ""unavailable"", ""unavailable"", ""unavailable"", ""unavailable""]"	unavailable	unavailable	unavailable	unavailable	unavailable	[651071488, 706949120, 709095424, 689176576, 662867968]	[560402432, 603381760, 570003456, 560082944, 564191232]	[-90669056, -103567360, -139091968, -129093632, -98676736]	689176576	564191232	19918848	5	0	false	[]	[]	0.5956521015003091	false	false	unavailable	false	false	[]	[]	[]	false	false	false
g-unreal-115.ltl	false	"[""UNREALIZABLE"", ""UNREALIZABLE"", ""UNREALIZABLE"", ""UNREALIZABLE"", ""UNREALIZABLE""]"	"[""UNREALIZABLE""]"	5	5/5	"[""UNREALIZABLE"", ""UNREALIZABLE"", ""UNREALIZABLE"", ""UNREALIZABLE"", ""UNREALIZABLE""]"	"[""UNREALIZABLE""]"	5	5/5	[17.770128110976657, 17.643851760978578, 19.453294040984474, 16.965967001975514, 17.561241646006238]	[16.884257654019166, 16.705313871003455, 18.764622704999056, 16.42421154602198, 17.176705905993003]	[-0.8858704569574911, -0.9385378899751231, -0.6886713359854184, -0.5417554559535347, -0.3845357400132343]	17.643851760978578	16.884257654019166	0.12627634999807924	5	0	[1, 2, 3, 4, 5]	[]	"[""unavailable"", ""unavailable"", ""unavailable"", ""unavailable"", ""unavailable""]"	"[""unavailable"", ""unavailable"", ""unavailable"", ""unavailable"", ""unavailable""]"	"[""unavailable"", ""unavailable"", ""unavailable"", ""unavailable"", ""unavailable""]"	unavailable	unavailable	unavailable	unavailable	unavailable	[1397039104, 1394520064, 1491996672, 1376976896, 1408258048]	[1300320256, 1287540736, 1384050688, 1277161472, 1325137920]	[-96718848, -106979328, -107945984, -99815424, -83120128]	1397039104	1300320256	11218944	5	0	false	[]	[]	0.882192588048929	false	false	unavailable	false	false	[]	[]	[]	false	false	false
g-unreal-117.ltl	false	"[""UNREALIZABLE"", ""UNREALIZABLE"", ""UNREALIZABLE"", ""UNREALIZABLE"", ""UNREALIZABLE""]"	"[""UNREALIZABLE""]"	5	5/5	"[""UNREALIZABLE"", ""UNREALIZABLE"", ""UNREALIZABLE"", ""UNREALIZABLE"", ""UNREALIZABLE""]"	"[""UNREALIZABLE""]"	5	5/5	[47.245580585993594, 46.32512469400535, 46.10428653098643, 45.243178342003375, 46.76821728498908]	[44.187368393002544, 45.096465170005104, 47.402565263008, 43.99856983299833, 49.66111827897839]	[-3.05821219299105, -1.2286595240002498, 1.298278732021572, -1.2446085090050474, 2.892900993989315]	46.32512469400535	45.096465170005104	0.4430925909837242	3	2	[1, 2, 4]	[3, 5]	"[""unavailable"", ""unavailable"", ""unavailable"", ""unavailable"", ""unavailable""]"	"[""unavailable"", ""unavailable"", ""unavailable"", ""unavailable"", ""unavailable""]"	"[""unavailable"", ""unavailable"", ""unavailable"", ""unavailable"", ""unavailable""]"	unavailable	unavailable	unavailable	unavailable	unavailable	[1867284480, 1867227136, 1867239424, 1867395072, 1866981376]	[1867206656, 1867194368, 1867173888, 1867071488, 1867198464]	[-77824, -32768, -65536, -323584, 217088]	1867239424	1867194368	45056	4	1	false	[]	[]	2.3162562347002678	false	false	unavailable	false	false	[]	[]	[]	false	false	false
g-unreal-118.ltl	false	"[""UNREALIZABLE"", ""UNREALIZABLE"", ""UNREALIZABLE"", ""UNREALIZABLE"", ""UNREALIZABLE""]"	"[""UNREALIZABLE""]"	5	5/5	"[""UNREALIZABLE"", ""UNREALIZABLE"", ""UNREALIZABLE"", ""UNREALIZABLE"", ""UNREALIZABLE""]"	"[""UNREALIZABLE""]"	5	5/5	[66.30436955799814, 66.45012272900203, 69.87892435098183, 66.93878803797998, 64.3163865339593]	[64.19868232798763, 64.14101669299998, 63.79739757601055, 61.92505615501432, 61.402401125000324]	[-2.105687230010517, -2.3091060360020492, -6.08152677497128, -5.013731882965658, -2.913985408958979]	66.45012272900203	63.79739757601055	0.4886653089779429	5	0	[1, 2, 3, 4, 5]	[]	"[""unavailable"", ""unavailable"", ""unavailable"", ""unavailable"", ""unavailable""]"	"[""unavailable"", ""unavailable"", ""unavailable"", ""unavailable"", ""unavailable""]"	"[""unavailable"", ""unavailable"", ""unavailable"", ""unavailable"", ""unavailable""]"	unavailable	unavailable	unavailable	unavailable	unavailable	[2460114944, 2460004352, 2460250112, 2460262400, 2460241920]	[2459832320, 2460229632, 2460274688, 2459959296, 2460155904]	[-282624, 225280, 24576, -303104, -86016]	2460241920	2460155904	20480	3	2	false	[]	[]	3.3225061364501016	false	false	unavailable	false	false	[]	[]	[]	false	false	false
g-unreal-120.ltl	false	"[""UNREALIZABLE"", ""UNREALIZABLE"", ""UNREALIZABLE"", ""UNREALIZABLE"", ""UNREALIZABLE""]"	"[""UNREALIZABLE""]"	5	5/5	"[""UNREALIZABLE"", ""UNREALIZABLE"", ""UNREALIZABLE"", ""UNREALIZABLE"", ""UNREALIZABLE""]"	"[""UNREALIZABLE""]"	5	5/5	[97.19971713999985, 96.70409863101668, 95.51150511699961, 95.47774130199105, 95.21904252801323]	[93.687944573001, 95.22898479999276, 94.511420646013, 93.84306276403368, 92.10237821697956]	[-3.511772566998843, -1.4751138310239185, -1.0000844709866215, -1.6346785379573703, -3.1166643110336736]	95.51150511699961	93.84306276403368	0.2924625889863819	5	0	[1, 2, 3, 4, 5]	[]	"[""unavailable"", ""unavailable"", ""unavailable"", ""unavailable"", ""unavailable""]"	"[""unavailable"", ""unavailable"", ""unavailable"", ""unavailable"", ""unavailable""]"	"[""unavailable"", ""unavailable"", ""unavailable"", ""unavailable"", ""unavailable""]"	unavailable	unavailable	unavailable	unavailable	unavailable	[3307671552, 3307847680, 3307888640, 3307933696, 3307933696]	[3307970560, 3307802624, 3307737088, 3307851776, 3307913216]	[299008, -45056, -151552, -81920, -20480]	3307888640	3307851776	45056	4	1	false	[]	[]	4.775575255849981	false	false	unavailable	false	false	[]	[]	[]	false	false	false
g-unreal-18.ltl	false	"[""UNREALIZABLE"", ""UNREALIZABLE"", ""UNREALIZABLE"", ""UNREALIZABLE"", ""UNREALIZABLE""]"	"[""UNREALIZABLE""]"	5	5/5	"[""UNREALIZABLE"", ""UNREALIZABLE"", ""UNREALIZABLE"", ""UNREALIZABLE"", ""UNREALIZABLE""]"	"[""UNREALIZABLE""]"	5	5/5	[1.22168873398914, 1.2559641349944286, 1.1417501749820076, 1.0745275000226684, 1.0695816740044393]	[1.098485800990602, 1.172395150992088, 1.163083788997028, 1.097117528959643, 1.0784532520337962]	[-0.12320293299853802, -0.08356898400234058, 0.02133361401502043, 0.022590028936974704, 0.008871578029356897]	1.1417501749820076	1.098485800990602	0.07216850097756833	2	3	[1, 2]	[3, 4, 5]	"[""unavailable"", ""unavailable"", ""unavailable"", ""unavailable"", ""unavailable""]"	"[""unavailable"", ""unavailable"", ""unavailable"", ""unavailable"", ""unavailable""]"	"[""unavailable"", ""unavailable"", ""unavailable"", ""unavailable"", ""unavailable""]"	unavailable	unavailable	unavailable	unavailable	unavailable	[123453440, 123568128, 123559936, 123572224, 123416576]	[123502592, 123424768, 123432960, 123461632, 123408384]	[49152, -143360, -126976, -110592, -8192]	123559936	123432960	12288	4	1	false	[]	[]	0.07216850097756833	false	false	unavailable	false	false	[]	[]	[]	false	false	false
g-unreal-19.ltl	false	"[""UNREALIZABLE"", ""UNREALIZABLE"", ""UNREALIZABLE"", ""UNREALIZABLE"", ""UNREALIZABLE""]"	"[""UNREALIZABLE""]"	5	5/5	"[""UNREALIZABLE"", ""UNREALIZABLE"", ""UNREALIZABLE"", ""UNREALIZABLE"", ""UNREALIZABLE""]"	"[""UNREALIZABLE""]"	5	5/5	[2.1052456759789493, 2.217811481008539, 2.1834255830035545, 2.068964633042924, 2.0401192900026217]	[1.9957330570032354, 2.015131199004827, 1.9826511179853696, 1.9630502060172148, 1.9615834239521064]	[-0.10951261897571385, -0.2026802820037119, -0.20077446501818486, -0.1059144270257093, -0.07853586605051532]	2.1052456759789493	1.9826511179853696	0.06512638597632758	5	0	[1, 2, 3, 4, 5]	[]	"[""unavailable"", ""unavailable"", ""unavailable"", ""unavailable"", ""unavailable""]"	"[""unavailable"", ""unavailable"", ""unavailable"", ""unavailable"", ""unavailable""]"	"[""unavailable"", ""unavailable"", ""unavailable"", ""unavailable"", ""unavailable""]"	unavailable	unavailable	unavailable	unavailable	unavailable	[194613248, 194482176, 194613248, 194486272, 194600960]	[194375680, 194416640, 194367488, 194342912, 194293760]	[-237568, -65536, -245760, -143360, -307200]	194600960	194367488	12288	5	0	false	[]	[]	0.10526228379894748	false	false	unavailable	false	false	[]	[]	[]	false	false	false
g-unreal-310.ltl	false	"[""UNREALIZABLE"", ""UNREALIZABLE"", ""UNREALIZABLE"", ""UNREALIZABLE"", ""UNREALIZABLE""]"	"[""UNREALIZABLE""]"	5	5/5	"[""UNREALIZABLE"", ""UNREALIZABLE"", ""UNREALIZABLE"", ""UNREALIZABLE"", ""UNREALIZABLE""]"	"[""UNREALIZABLE""]"	5	5/5	[24.66021593598998, 26.74047455500113, 25.506743183999788, 24.18861851596739, 24.728289154998492]	[25.134959846007405, 24.571266838000156, 25.579811186005827, 23.870638282969594, 24.924425396020524]	[0.47474391001742333, -2.1692077170009725, 0.07306800200603902, -0.31798023299779743, 0.19613624102203175]	24.728289154998492	24.924425396020524	0.539670639031101	2	3	[2, 4]	[1, 3, 5]	"[""unavailable"", ""unavailable"", ""unavailable"", ""unavailable"", ""unavailable""]"	"[""unavailable"", ""unavailable"", ""unavailable"", ""unavailable"", ""unavailable""]"	"[""unavailable"", ""unavailable"", ""unavailable"", ""unavailable"", ""unavailable""]"	unavailable	unavailable	unavailable	unavailable	unavailable	[1467289600, 1827229696, 1190117376, 1040277504, 1799901184]	[1276874752, 1410035712, 2274938880, 1040150528, 1304604672]	[-190414848, -417193984, 1084821504, -126976, -495296512]	1467289600	1304604672	332611584	4	1	false	[]	[]	1.2364144577499248	false	false	unavailable	false	false	[]	[]	[]	false	false	false
g-unreal-33.ltl	false	"[""UNREALIZABLE"", ""UNREALIZABLE"", ""UNREALIZABLE"", ""UNREALIZABLE"", ""UNREALIZABLE""]"	"[""UNREALIZABLE""]"	5	5/5	"[""UNREALIZABLE"", ""UNREALIZABLE"", ""UNREALIZABLE"", ""UNREALIZABLE"", ""UNREALIZABLE""]"	"[""UNREALIZABLE""]"	5	5/5	[0.5445664279977791, 0.5916972139966674, 0.5530286480206996, 0.5343879630090669, 0.5655362150282599]	[0.5907366710016504, 0.6214783230097964, 0.5721773210098036, 0.5712326159700751, 0.5842579429736361]	[0.04617024300387129, 0.029781109013129026, 0.019148672989103943, 0.03684465296100825, 0.018721727945376188]	0.5530286480206996	0.5842579429736361	0.012507567007560283	0	5	[]	[1, 2, 3, 4, 5]	"[""unavailable"", ""unavailable"", ""unavailable"", ""unavailable"", ""unavailable""]"	"[""unavailable"", ""unavailable"", ""unavailable"", ""unavailable"", ""unavailable""]"	"[""unavailable"", ""unavailable"", ""unavailable"", ""unavailable"", ""unavailable""]"	unavailable	unavailable	unavailable	unavailable	unavailable	[48414720, 48533504, 48525312, 48422912, 48377856]	[70619136, 70615040, 70746112, 70684672, 70598656]	[22204416, 22081536, 22220800, 22261760, 22220800]	48422912	70619136	45056	0	5	false	[]	[]	0.05	false	false	unavailable	false	false	[]	[]	[]	false	false	false
g-unreal-34.ltl	false	"[""UNREALIZABLE"", ""UNREALIZABLE"", ""UNREALIZABLE"", ""UNREALIZABLE"", ""UNREALIZABLE""]"	"[""UNREALIZABLE""]"	5	5/5	"[""UNREALIZABLE"", ""UNREALIZABLE"", ""UNREALIZABLE"", ""UNREALIZABLE"", ""UNREALIZABLE""]"	"[""UNREALIZABLE""]"	5	5/5	[0.9016922220180277, 0.9140617990051396, 0.995709293987602, 0.9471655079978518, 0.8953295139945112]	[1.021404156985227, 0.98160764502245, 0.9879165739985183, 0.9578592799953185, 0.9337434300105087]	[0.11971193496719934, 0.0675458460173104, -0.007792719989083707, 0.010693771997466683, 0.03841391601599753]	0.9140617990051396	0.98160764502245	0.018732285010628402	1	4	[3]	[1, 2, 4, 5]	"[""unavailable"", ""unavailable"", ""unavailable"", ""unavailable"", ""unavailable""]"	"[""unavailable"", ""unavailable"", ""unavailable"", ""unavailable"", ""unavailable""]"	"[""unavailable"", ""unavailable"", ""unavailable"", ""unavailable"", ""unavailable""]"	unavailable	unavailable	unavailable	unavailable	unavailable	[45330432, 45318144, 45252608, 45252608, 44965888]	[98443264, 103677952, 97038336, 100892672, 99450880]	[53112832, 58359808, 51785728, 55640064, 54484992]	45252608	99450880	65536	0	5	false	[]	[]	0.05	true	true	unavailable	false	false	"[""slowdown — validated""]"	[]	"[""slowdown — validated""]"	false	false	false
g-unreal-35.ltl	false	"[""UNREALIZABLE"", ""UNREALIZABLE"", ""UNREALIZABLE"", ""UNREALIZABLE"", ""UNREALIZABLE""]"	"[""UNREALIZABLE""]"	5	5/5	"[""UNREALIZABLE"", ""UNREALIZABLE"", ""UNREALIZABLE"", ""UNREALIZABLE"", ""UNREALIZABLE""]"	"[""UNREALIZABLE""]"	5	5/5	[1.1466100079996977, 1.033520129014505, 1.081635823007673, 1.0337751519982703, 1.0093807210214436]	[1.1415381979895756, 1.0902069919975474, 1.0779325190233067, 1.067993149976246, 1.1327609170111828]	[-0.005071810010122135, 0.056686862983042374, -0.0037033039843663573, 0.034217997977975756, 0.12338019598973915]	1.0337751519982703	1.0902069919975474	0.024394430976826698	2	3	[1, 3]	[2, 4, 5]	"[""unavailable"", ""unavailable"", ""unavailable"", ""unavailable"", ""unavailable""]"	"[""unavailable"", ""unavailable"", ""unavailable"", ""unavailable"", ""unavailable""]"	"[""unavailable"", ""unavailable"", ""unavailable"", ""unavailable"", ""unavailable""]"	unavailable	unavailable	unavailable	unavailable	unavailable	[110387200, 112046080, 117792768, 114044928, 106455040]	[112840704, 116867072, 116400128, 115048448, 140902400]	[2453504, 4820992, -1392640, 1003520, 34447360]	112046080	116400128	1998848	1	4	false	[]	[]	0.05168875759991352	true	false	unavailable	false	false	[]	"[""slowdown — flagged, not validated""]"	"[""slowdown — flagged, not validated""]"	false	false	false
g-unreal-36.ltl	false	"[""UNREALIZABLE"", ""UNREALIZABLE"", ""UNREALIZABLE"", ""UNREALIZABLE"", ""UNREALIZABLE""]"	"[""UNREALIZABLE""]"	5	5/5	"[""UNREALIZABLE"", ""UNREALIZABLE"", ""UNREALIZABLE"", ""UNREALIZABLE"", ""UNREALIZABLE""]"	"[""UNREALIZABLE""]"	5	5/5	[1.1569715380028356, 1.1984031110187061, 1.10552039500908, 1.0443274630233645, 1.1619032269809395]	[1.1360816749802325, 1.2469376390217803, 1.2402390089991968, 1.0579230400035158, 1.0959853950189427]	[-0.020889863022603095, 0.04853452800307423, 0.13471861399011686, 0.013595576980151236, -0.06591783196199685]	1.1569715380028356	1.1360816749802325	0.041431573015870526	2	3	[1, 5]	[2, 3, 4]	"[""unavailable"", ""unavailable"", ""unavailable"", ""unavailable"", ""unavailable""]"	"[""unavailable"", ""unavailable"", ""unavailable"", ""unavailable"", ""unavailable""]"	"[""unavailable"", ""unavailable"", ""unavailable"", ""unavailable"", ""unavailable""]"	unavailable	unavailable	unavailable	unavailable	unavailable	[104157184, 104198144, 104173568, 104198144, 104230912]	[129310720, 121921536, 131158016, 129544192, 129232896]	[25153536, 17723392, 26984448, 25346048, 25001984]	104198144	129310720	24576	0	5	false	[]	[]	0.05784857690014178	false	false	unavailable	false	false	[]	[]	[]	false	false	false
g-unreal-37.ltl	false	"[""UNREALIZABLE"", ""UNREALIZABLE"", ""UNREALIZABLE"", ""UNREALIZABLE"", ""UNREALIZABLE""]"	"[""UNREALIZABLE""]"	5	5/5	"[""UNREALIZABLE"", ""UNREALIZABLE"", ""UNREALIZABLE"", ""UNREALIZABLE"", ""UNREALIZABLE""]"	"[""UNREALIZABLE""]"	5	5/5	[1.9704737000283785, 1.9775247760117054, 1.9374329319980461, 1.7889663529931568, 1.9219170389696956]	[2.043358661001548, 1.9986851150169969, 1.9604677059978712, 1.8790898289880715, 1.9676068630069494]	[0.07288496097316965, 0.021160339005291462, 0.02303477399982512, 0.09012347599491477, 0.04568982403725386]	1.9374329319980461	1.9676068630069494	0.0330407680303324	0	5	[]	[1, 2, 3, 4, 5]	"[""unavailable"", ""unavailable"", ""unavailable"", ""unavailable"", ""unavailable""]"	"[""unavailable"", ""unavailable"", ""unavailable"", ""unavailable"", ""unavailable""]"	"[""unavailable"", ""unavailable"", ""unavailable"", ""unavailable"", ""unavailable""]"	unavailable	unavailable	unavailable	unavailable	unavailable	[112422912, 112680960, 112668672, 112697344, 112431104]	[207958016, 207912960, 208183296, 208109568, 208187392]	[95535104, 95232000, 95514624, 95412224, 95756288]	112668672	208109568	28672	0	5	false	[]	[]	0.09687164659990231	false	false	unavailable	false	false	[]	[]	[]	false	false	false
heim-buechi-real.ltl	false	"[""REALIZABLE"", ""REALIZABLE"", ""REALIZABLE"", ""REALIZABLE"", ""REALIZABLE""]"	"[""REALIZABLE""]"	5	5/5	"[""REALIZABLE"", ""REALIZABLE"", ""REALIZABLE"", ""REALIZABLE"", ""REALIZABLE""]"	"[""REALIZABLE""]"	5	5/5	[2.2192851360014174, 2.296152693015756, 2.077266870008316, 2.127858037012629, 2.066472964012064]	[2.090195661992766, 2.115362056007143, 2.1074791560240556, 2.0567200609948486, 2.022701333044097]	[-0.12908947400865145, -0.18079063700861298, 0.030212286015739664, -0.0711379760177806, -0.04377163096796721]	2.127858037012629	2.090195661992766	0.06138507300056517	4	1	[1, 2, 4, 5]	[3]	"[""unavailable"", ""unavailable"", ""unavailable"", ""unavailable"", ""unavailable""]"	"[""unavailable"", ""unavailable"", ""unavailable"", ""unavailable"", ""unavailable""]"	"[""unavailable"", ""unavailable"", ""unavailable"", ""unavailable"", ""unavailable""]"	unavailable	unavailable	unavailable	unavailable	unavailable	[190558208, 195952640, 190230528, 190615552, 187863040]	[188022784, 189042688, 186318848, 184397824, 183345152]	[-2535424, -6909952, -3911680, -6217728, -4517888]	190558208	186318848	327680	5	0	false	[]	[]	0.10639290185063147	false	false	unavailable	false	false	[]	[]	[]	false	false	false
heim-double-x-real.ltl	true	"[""TIMEOUT"", ""TIMEOUT"", ""TIMEOUT"", ""TIMEOUT"", ""TIMEOUT""]"	[]	0	0/5	"[""REALIZABLE"", ""REALIZABLE"", ""REALIZABLE"", ""REALIZABLE"", ""REALIZABLE""]"	"[""REALIZABLE""]"	5	5/5	[120.0, 120.0, 120.0, 120.0, 120.0]	[0.41444801399484277, 0.41546216697315685, 0.4112093869771343, 0.3942116019898094, 0.41404446400702]	[-119.58555198600516, -119.58453783302684, -119.58879061302287, -119.60578839801019, -119.58595553599298]	120.0	0.41404446400702	0.0	5	0	[1, 2, 3, 4, 5]	[]	"[""unavailable"", ""unavailable"", ""unavailable"", ""unavailable"", ""unavailable""]"	"[""unavailable"", ""unavailable"", ""unavailable"", ""unavailable"", ""unavailable""]"	"[""unavailable"", ""unavailable"", ""unavailable"", ""unavailable"", ""unavailable""]"	unavailable	unavailable	unavailable	unavailable	unavailable	"[""unavailable"", ""unavailable"", ""unavailable"", ""unavailable"", ""unavailable""]"	[47554560, 48611328, 47927296, 47951872, 48152576]	"[""unavailable"", ""unavailable"", ""unavailable"", ""unavailable"", ""unavailable""]"	unavailable	47951872	unavailable	unavailable	unavailable	false	[]	[]	6.0	false	false	unavailable	false	false	[]	[]	"[""changed round statuses""]"	false	false	false
heim-double-x10.ltl	false	"[""UNREALIZABLE"", ""UNREALIZABLE"", ""UNREALIZABLE"", ""UNREALIZABLE"", ""UNREALIZABLE""]"	"[""UNREALIZABLE""]"	5	5/5	"[""UNREALIZABLE"", ""UNREALIZABLE"", ""UNREALIZABLE"", ""UNREALIZABLE"", ""UNREALIZABLE""]"	"[""UNREALIZABLE""]"	5	5/5	[2.211647117015673, 2.1800577260146383, 2.168182955007069, 2.1734760280232877, 2.2244500450324267]	[2.4502593600191176, 2.406631454010494, 2.506643216998782, 2.403712103026919, 2.30643976200372]	[0.23861224300344475, 0.22657372799585573, 0.3384602619917132, 0.2302360750036314, 0.08198971697129309]	2.1800577260146383	2.406631454010494	0.011874771007569507	0	5	[]	[1, 2, 3, 4, 5]	"[""unavailable"", ""unavailable"", ""unavailable"", ""unavailable"", ""unavailable""]"	"[""unavailable"", ""unavailable"", ""unavailable"", ""unavailable"", ""unavailable""]"	"[""unavailable"", ""unavailable"", ""unavailable"", ""unavailable"", ""unavailable""]"	unavailable	unavailable	unavailable	unavailable	unavailable	[122974208, 122978304, 122916864, 123097088, 122863616]	[122916864, 122753024, 122798080, 122949632, 122781696]	[-57344, -225280, -118784, -147456, -81920]	122974208	122798080	57344	5	0	false	[]	[]	0.10900288630073192	true	true	unavailable	false	false	"[""slowdown — validated""]"	[]	"[""slowdown — validated""]"	false	false	false
heim-double-x11.ltl	false	"[""UNREALIZABLE"", ""UNREALIZABLE"", ""UNREALIZABLE"", ""UNREALIZABLE"", ""UNREALIZABLE""]"	"[""UNREALIZABLE""]"	5	5/5	"[""UNREALIZABLE"", ""UNREALIZABLE"", ""UNREALIZABLE"", ""UNREALIZABLE"", ""UNREALIZABLE""]"	"[""UNREALIZABLE""]"	5	5/5	[2.480865241988795, 2.560799038008554, 2.494512859993847, 2.5273986239917576, 2.5254919590079226]	[2.6736922540003434, 2.819205044012051, 2.7574981760117225, 2.5574545850395225, 2.736558292002883]	[0.1928270120115485, 0.25840600600349717, 0.26298531601787545, 0.030055961047764868, 0.21106633299496025]	2.5254919590079226	2.736558292002883	0.030979099014075473	0	5	[]	[1, 2, 3, 4, 5]	"[""unavailable"", ""unavailable"", ""unavailable"", ""unavailable"", ""unavailable""]"	"[""unavailable"", ""unavailable"", ""unavailable"", ""unavailable"", ""unavailable""]"	"[""unavailable"", ""unavailable"", ""unavailable"", ""unavailable"", ""unavailable""]"	unavailable	unavailable	unavailable	unavailable	unavailable	[134823936, 134823936, 134750208, 134823936, 134631424]	[134823936, 134668288, 134791168, 134651904, 134672384]	[0, -155648, 40960, -172032, 40960]	134823936	134672384	0	2	2	false	[]	[]	0.12627459795039614	true	true	unavailable	false	false	"[""slowdown — validated""]"	[]	"[""slowdown — validated""]"	false	false	false
heim-double-x8.ltl	false	"[""UNREALIZABLE"", ""UNREALIZABLE"", ""UNREALIZABLE"", ""UNREALIZABLE"", ""UNREALIZABLE""]"	"[""UNREALIZABLE""]"	5	5/5	"[""UNREALIZABLE"", ""UNREALIZABLE"", ""UNREALIZABLE"", ""UNREALIZABLE"", ""UNREALIZABLE""]"	"[""UNREALIZABLE""]"	5	5/5	[0.9999478920071851, 0.9758643500099424, 1.040006650990108, 0.9993546830373816, 1.0291395530221052]	[1.1202747389907017, 1.1173279639915563, 1.087356414005626, 1.0618451610207558, 1.0697467619902454]	[0.12032684698351659, 0.1414636139816139, 0.047349763015517965, 0.06249047798337415, 0.040607208968140185]	0.9999478920071851	1.087356414005626	0.02408354199724272	0	5	[]	[1, 2, 3, 4, 5]	"[""unavailable"", ""unavailable"", ""unavailable"", ""unavailable"", ""unavailable""]"	"[""unavailable"", ""unavailable"", ""unavailable"", ""unavailable"", ""unavailable""]"	"[""unavailable"", ""unavailable"", ""unavailable"", ""unavailable"", ""unavailable""]"	unavailable	unavailable	unavailable	unavailable	unavailable	[72519680, 72507392, 72368128, 72560640, 72527872]	[72396800, 72388608, 72351744, 72384512, 72503296]	[-122880, -118784, -16384, -176128, -24576]	72519680	72388608	12288	5	0	false	[]	[]	0.05	true	true	unavailable	false	false	"[""slowdown — validated""]"	[]	"[""slowdown — validated""]"	false	false	false
heim-double-x9.ltl	false	"[""UNREALIZABLE"", ""UNREALIZABLE"", ""UNREALIZABLE"", ""UNREALIZABLE"", ""UNREALIZABLE""]"	"[""UNREALIZABLE""]"	5	5/5	"[""UNREALIZABLE"", ""UNREALIZABLE"", ""UNREALIZABLE"", ""UNREALIZABLE"", ""UNREALIZABLE""]"	"[""UNREALIZABLE""]"	5	5/5	[1.9714667810185347, 1.9463380080123898, 1.967448333016364, 1.8706613249960355, 1.9975754600018263]	[2.1972073429787997, 2.1224288969824556, 2.1034539270040113, 2.0816752429818735, 2.0826534209772944]	[0.22574056196026504, 0.17609088897006586, 0.13600559398764744, 0.2110139179858379, 0.08507796097546816]	1.967448333016364	2.1034539270040113	0.02111032500397414	0	5	[]	[1, 2, 3, 4, 5]	"[""unavailable"", ""unavailable"", ""unavailable"", ""unavailable"", ""unavailable""]"	"[""unavailable"", ""unavailable"", ""unavailable"", ""unavailable"", ""unavailable""]"	"[""unavailable"", ""unavailable"", ""unavailable"", ""unavailable"", ""unavailable""]"	unavailable	unavailable	unavailable	unavailable	unavailable	[116436992, 116350976, 116490240, 116326400, 116228096]	[116486144, 116420608, 116187136, 116375552, 116604928]	[49152, 69632, -303104, 49152, 376832]	116350976	116420608	86016	1	4	false	[]	[]	0.0983724166508182	true	true	unavailable	false	false	"[""slowdown — validated""]"	[]	"[""slowdown — validated""]"	false	false	false
infinite-race-u10.ltl	false	"[""UNREALIZABLE"", ""UNREALIZABLE"", ""UNREALIZABLE"", ""UNREALIZABLE"", ""UNREALIZABLE""]"	"[""UNREALIZABLE""]"	5	5/5	"[""UNREALIZABLE"", ""UNREALIZABLE"", ""UNREALIZABLE"", ""UNREALIZABLE"", ""UNREALIZABLE""]"	"[""UNREALIZABLE""]"	5	5/5	[10.122259127005236, 10.271029141003964, 10.304661089001456, 9.997777563985437, 10.302487735985778]	[11.555899396014865, 11.05739329001517, 10.63431527800276, 9.852478686021641, 9.861245504987892]	[1.4336402690096293, 0.7863641490112059, 0.32965418900130317, -0.14529887796379626, -0.4412422309978865]	10.271029141003964	10.63431527800276	0.03363194799749181	2	3	[4, 5]	[1, 2, 3]	"[""unavailable"", ""unavailable"", ""unavailable"", ""unavailable"", ""unavailable""]"	"[""unavailable"", ""unavailable"", ""unavailable"", ""unavailable"", ""unavailable""]"	"[""unavailable"", ""unavailable"", ""unavailable"", ""unavailable"", ""unavailable""]"	unavailable	unavailable	unavailable	unavailable	unavailable	[555139072, 555048960, 555261952, 555323392, 555278336]	[1031983104, 1016614912, 1007812608, 1022275584, 1007878144]	[476844032, 461565952, 452550656, 466952192, 452599808]	555261952	1016614912	61440	0	5	false	[]	[]	0.5135514570501982	false	false	unavailable	false	false	[]	[]	[]	false	false	false
infinite-race-u11.ltl	false	"[""UNREALIZABLE"", ""UNREALIZABLE"", ""UNREALIZABLE"", ""UNREALIZABLE"", ""UNREALIZABLE""]"	"[""UNREALIZABLE""]"	5	5/5	"[""UNREALIZABLE"", ""UNREALIZABLE"", ""UNREALIZABLE"", ""UNREALIZABLE"", ""UNREALIZABLE""]"	"[""UNREALIZABLE""]"	5	5/5	[12.995691902993713, 13.07027751399437, 13.020800399011932, 14.256765951984562, 13.738482091983315]	[13.87660590701853, 13.720392763003474, 14.366903696005465, 14.255291472014505, 13.445730778970756]	[0.8809140040248167, 0.6501152490091044, 1.3461032969935331, -0.0014744799700565636, -0.29275131301255897]	13.07027751399437	13.87660590701853	0.07458561100065708	2	3	[4, 5]	[1, 2, 3]	"[""unavailable"", ""unavailable"", ""unavailable"", ""unavailable"", ""unavailable""]"	"[""unavailable"", ""unavailable"", ""unavailable"", ""unavailable"", ""unavailable""]"	"[""unavailable"", ""unavailable"", ""unavailable"", ""unavailable"", ""unavailable""]"	unavailable	unavailable	unavailable	unavailable	unavailable	[695418880, 695627776, 695341056, 695463936, 695414784]	[1375526912, 1392963584, 1390948352, 1395191808, 1389928448]	[680108032, 697335808, 695607296, 699727872, 694513664]	695418880	1390948352	45056	0	5	false	[]	[]	0.6535138756997185	true	false	unavailable	false	false	[]	"[""slowdown — flagged, not validated""]"	"[""slowdown — flagged, not validated""]"	false	false	false
infinite-race-u12.ltl	false	"[""UNREALIZABLE"", ""UNREALIZABLE"", ""UNREALIZABLE"", ""UNREALIZABLE"", ""UNREALIZABLE""]"	"[""UNREALIZABLE""]"	5	5/5	"[""UNREALIZABLE"", ""UNREALIZABLE"", ""UNREALIZABLE"", ""UNREALIZABLE"", ""UNREALIZABLE""]"	"[""UNREALIZABLE""]"	5	5/5	[40.484013774985215, 39.01807984299376, 39.805577833991265, 40.76818675198592, 38.74484552600188]	[40.97475026900065, 45.569000268005766, 43.63187049300177, 41.16619321401231, 42.21301822300302]	[0.4907364940154366, 6.550920425012009, 3.8262926590105053, 0.39800646202638745, 3.468172697001137]	39.805577833991265	42.21301822300302	0.7874979909975082	0	5	[]	[1, 2, 3, 4, 5]	"[""unavailable"", ""unavailable"", ""unavailable"", ""unavailable"", ""unavailable""]"	"[""unavailable"", ""unavailable"", ""unavailable"", ""unavailable"", ""unavailable""]"	"[""unavailable"", ""unavailable"", ""unavailable"", ""unavailable"", ""unavailable""]"	unavailable	unavailable	unavailable	unavailable	unavailable	[2097356800, 2097393664, 2097274880, 2097471488, 2097401856]	[4242808832, 4242931712, 4243058688, 4242997248, 4243054592]	[2145452032, 2145538048, 2145783808, 2145525760, 2145652736]	2097393664	4242997248	36864	0	5	false	[]	[]	1.9902788916995633	true	true	unavailable	false	false	"[""slowdown — validated""]"	[]	"[""slowdown — validated""]"	false	false	false
infinite-race-u13.ltl	false	"[""UNREALIZABLE"", ""UNREALIZABLE"", ""UNREALIZABLE"", ""UNREALIZABLE"", ""UNREALIZABLE""]"	"[""UNREALIZABLE""]"	5	5/5	"[""UNREALIZABLE"", ""UNREALIZABLE"", ""UNREALIZABLE"", ""UNREALIZABLE"", ""UNREALIZABLE""]"	"[""UNREALIZABLE""]"	5	5/5	[41.65783201798331, 40.98866026499309, 41.05195866400027, 40.64125991502078, 40.222389651986305]	[43.692220691998955, 42.06024647198501, 42.68069473799551, 40.915275098988786, 44.668516131001525]	[2.034388674015645, 1.071586206991924, 1.628736073995242, 0.27401518396800384, 4.44612647901522]	40.98866026499309	42.68069473799551	0.34740034997230396	0	5	[]	[1, 2, 3, 4, 5]	"[""unavailable"", ""unavailable"", ""unavailable"", ""unavailable"", ""unavailable""]"	"[""unavailable"", ""unavailable"", ""unavailable"", ""unavailable"", ""unavailable""]"	"[""unavailable"", ""unavailable"", ""unavailable"", ""unavailable"", ""unavailable""]"	unavailable	unavailable	unavailable	unavailable	unavailable	[1703153664, 1703100416, 1703079936, 1703161856, 1703096320]	[4667629568, 4667650048, 4667637760, 4667486208, 4667682816]	[2964475904, 2964549632, 2964557824, 2964324352, 2964586496]	1703100416	4667637760	20480	0	5	false	[]	[]	2.0494330132496543	false	false	unavailable	false	false	[]	[]	[]	false	false	false
infinite-race-u14.ltl	false	"[""UNREALIZABLE"", ""UNREALIZABLE"", ""UNREALIZABLE"", ""UNREALIZABLE"", ""UNREALIZABLE""]"	"[""UNREALIZABLE""]"	5	5/5	"[""UNREALIZABLE"", ""UNREALIZABLE"", ""UNREALIZABLE"", ""UNREALIZABLE"", ""UNREALIZABLE""]"	"[""UNREALIZABLE""]"	5	5/5	[50.00238945800811, 51.47054133500205, 53.376071671023965, 51.22192925901618, 49.64206582098268]	[52.528266583016375, 55.15729069398367, 51.18785106399446, 50.97516198299127, 51.18487322703004]	[2.5258771250082646, 3.686749358981615, -2.188220607029507, -0.24676727602491155, 1.542807406047359]	51.22192925901618	51.18785106399446	1.219539801008068	2	3	[3, 4]	[1, 2, 5]	"[""unavailable"", ""unavailable"", ""unavailable"", ""unavailable"", ""unavailable""]"	"[""unavailable"", ""unavailable"", ""unavailable"", ""unavailable"", ""unavailable""]"	"[""unavailable"", ""unavailable"", ""unavailable"", ""unavailable"", ""unavailable""]"	unavailable	unavailable	unavailable	unavailable	unavailable	[2118828032, 2119000064, 2119036928, 2119032832, 2119020544]	[5127319552, 5127249920, 5127180288, 5127163904, 5127237632]	[3008491520, 3008249856, 3008143360, 3008131072, 3008217088]	2119020544	5127237632	16384	0	5	false	[]	[]	2.5610964629508093	false	false	unavailable	false	false	[]	[]	[]	false	false	false
infinite-race-u15.ltl	false	"[""TIMEOUT"", ""TIMEOUT"", ""TIMEOUT"", ""TIMEOUT"", ""TIMEOUT""]"	[]	0	0/5	"[""MEMOUT"", ""MEMOUT"", ""MEMOUT"", ""MEMOUT"", ""MEMOUT""]"	[]	0	0/5	[120.0, 120.0, 120.0, 120.0, 120.0]	[120.0, 120.0, 120.0, 120.0, 120.0]	[0.0, 0.0, 0.0, 0.0, 0.0]	120.0	120.0	0.0	0	0	[]	[]	"[""unavailable"", ""unavailable"", ""unavailable"", ""unavailable"", ""unavailable""]"	[8589934592, 8589934592, 8589934592, 8589934592, 8589934592]	"[""unavailable"", ""unavailable"", ""unavailable"", ""unavailable"", ""unavailable""]"	unavailable	8589934592	unavailable	unavailable	unavailable	"[""unavailable"", ""unavailable"", ""unavailable"", ""unavailable"", ""unavailable""]"	"[""unavailable"", ""unavailable"", ""unavailable"", ""unavailable"", ""unavailable""]"	"[""unavailable"", ""unavailable"", ""unavailable"", ""unavailable"", ""unavailable""]"	unavailable	unavailable	unavailable	unavailable	unavailable	false	[]	"[""MEMOUT""]"	6.0	false	false	unavailable	false	false	"[""new/increased failure: MEMOUT""]"	[]	"[""changed round statuses"", ""new/increased failure: MEMOUT""]"	false	false	false
infinite-race-u16.ltl	false	"[""TIMEOUT"", ""TIMEOUT"", ""TIMEOUT"", ""TIMEOUT"", ""TIMEOUT""]"	[]	0	0/5	"[""MEMOUT"", ""MEMOUT"", ""MEMOUT"", ""MEMOUT"", ""MEMOUT""]"	[]	0	0/5	[120.0, 120.0, 120.0, 120.0, 120.0]	[120.0, 120.0, 120.0, 120.0, 120.0]	[0.0, 0.0, 0.0, 0.0, 0.0]	120.0	120.0	0.0	0	0	[]	[]	"[""unavailable"", ""unavailable"", ""unavailable"", ""unavailable"", ""unavailable""]"	[8589934592, 8589934592, 8589934592, 8589934592, 8589934592]	"[""unavailable"", ""unavailable"", ""unavailable"", ""unavailable"", ""unavailable""]"	unavailable	8589934592	unavailable	unavailable	unavailable	"[""unavailable"", ""unavailable"", ""unavailable"", ""unavailable"", ""unavailable""]"	"[""unavailable"", ""unavailable"", ""unavailable"", ""unavailable"", ""unavailable""]"	"[""unavailable"", ""unavailable"", ""unavailable"", ""unavailable"", ""unavailable""]"	unavailable	unavailable	unavailable	unavailable	unavailable	false	[]	"[""MEMOUT""]"	6.0	false	false	unavailable	false	false	"[""new/increased failure: MEMOUT""]"	[]	"[""changed round statuses"", ""new/increased failure: MEMOUT""]"	false	false	false
infinite-race-u17.ltl	false	"[""TIMEOUT"", ""TIMEOUT"", ""TIMEOUT"", ""TIMEOUT"", ""TIMEOUT""]"	[]	0	0/5	"[""MEMOUT"", ""MEMOUT"", ""MEMOUT"", ""MEMOUT"", ""MEMOUT""]"	[]	0	0/5	[120.0, 120.0, 120.0, 120.0, 120.0]	[120.0, 120.0, 120.0, 120.0, 120.0]	[0.0, 0.0, 0.0, 0.0, 0.0]	120.0	120.0	0.0	0	0	[]	[]	"[""unavailable"", ""unavailable"", ""unavailable"", ""unavailable"", ""unavailable""]"	[8589934592, 8589934592, 8589934592, 8589934592, 8589934592]	"[""unavailable"", ""unavailable"", ""unavailable"", ""unavailable"", ""unavailable""]"	unavailable	8589934592	unavailable	unavailable	unavailable	"[""unavailable"", ""unavailable"", ""unavailable"", ""unavailable"", ""unavailable""]"	"[""unavailable"", ""unavailable"", ""unavailable"", ""unavailable"", ""unavailable""]"	"[""unavailable"", ""unavailable"", ""unavailable"", ""unavailable"", ""unavailable""]"	unavailable	unavailable	unavailable	unavailable	unavailable	false	[]	"[""MEMOUT""]"	6.0	false	false	unavailable	false	false	"[""new/increased failure: MEMOUT""]"	[]	"[""changed round statuses"", ""new/increased failure: MEMOUT""]"	false	false	false
infinite-race-u18.ltl	false	"[""TIMEOUT"", ""TIMEOUT"", ""TIMEOUT"", ""TIMEOUT"", ""TIMEOUT""]"	[]	0	0/5	"[""MEMOUT"", ""MEMOUT"", ""MEMOUT"", ""MEMOUT"", ""MEMOUT""]"	[]	0	0/5	[120.0, 120.0, 120.0, 120.0, 120.0]	[120.0, 120.0, 120.0, 120.0, 120.0]	[0.0, 0.0, 0.0, 0.0, 0.0]	120.0	120.0	0.0	0	0	[]	[]	"[""unavailable"", ""unavailable"", ""unavailable"", ""unavailable"", ""unavailable""]"	[8589934592, 8589934592, 8589934592, 8589934592, 8589934592]	"[""unavailable"", ""unavailable"", ""unavailable"", ""unavailable"", ""unavailable""]"	unavailable	8589934592	unavailable	unavailable	unavailable	"[""unavailable"", ""unavailable"", ""unavailable"", ""unavailable"", ""unavailable""]"	"[""unavailable"", ""unavailable"", ""unavailable"", ""unavailable"", ""unavailable""]"	"[""unavailable"", ""unavailable"", ""unavailable"", ""unavailable"", ""unavailable""]"	unavailable	unavailable	unavailable	unavailable	unavailable	false	[]	"[""MEMOUT""]"	6.0	false	false	unavailable	false	false	"[""new/increased failure: MEMOUT""]"	[]	"[""changed round statuses"", ""new/increased failure: MEMOUT""]"	false	false	false
infinite-race-u19.ltl	false	"[""TIMEOUT"", ""TIMEOUT"", ""TIMEOUT"", ""TIMEOUT"", ""TIMEOUT""]"	[]	0	0/5	"[""MEMOUT"", ""MEMOUT"", ""MEMOUT"", ""MEMOUT"", ""MEMOUT""]"	[]	0	0/5	[120.0, 120.0, 120.0, 120.0, 120.0]	[120.0, 120.0, 120.0, 120.0, 120.0]	[0.0, 0.0, 0.0, 0.0, 0.0]	120.0	120.0	0.0	0	0	[]	[]	"[""unavailable"", ""unavailable"", ""unavailable"", ""unavailable"", ""unavailable""]"	[8589934592, 8589934592, 8589934592, 8589934592, 8589934592]	"[""unavailable"", ""unavailable"", ""unavailable"", ""unavailable"", ""unavailable""]"	unavailable	8589934592	unavailable	unavailable	unavailable	"[""unavailable"", ""unavailable"", ""unavailable"", ""unavailable"", ""unavailable""]"	"[""unavailable"", ""unavailable"", ""unavailable"", ""unavailable"", ""unavailable""]"	"[""unavailable"", ""unavailable"", ""unavailable"", ""unavailable"", ""unavailable""]"	unavailable	unavailable	unavailable	unavailable	unavailable	false	[]	"[""MEMOUT""]"	6.0	false	false	unavailable	false	false	"[""new/increased failure: MEMOUT""]"	[]	"[""changed round statuses"", ""new/increased failure: MEMOUT""]"	false	false	false
infinite-race-u20.ltl	false	"[""TIMEOUT"", ""TIMEOUT"", ""TIMEOUT"", ""TIMEOUT"", ""TIMEOUT""]"	[]	0	0/5	"[""MEMOUT"", ""MEMOUT"", ""MEMOUT"", ""MEMOUT"", ""MEMOUT""]"	[]	0	0/5	[120.0, 120.0, 120.0, 120.0, 120.0]	[120.0, 120.0, 120.0, 120.0, 120.0]	[0.0, 0.0, 0.0, 0.0, 0.0]	120.0	120.0	0.0	0	0	[]	[]	"[""unavailable"", ""unavailable"", ""unavailable"", ""unavailable"", ""unavailable""]"	[8589934592, 8589934592, 8589934592, 8589934592, 8589934592]	"[""unavailable"", ""unavailable"", ""unavailable"", ""unavailable"", ""unavailable""]"	unavailable	8589934592	unavailable	unavailable	unavailable	"[""unavailable"", ""unavailable"", ""unavailable"", ""unavailable"", ""unavailable""]"	"[""unavailable"", ""unavailable"", ""unavailable"", ""unavailable"", ""unavailable""]"	"[""unavailable"", ""unavailable"", ""unavailable"", ""unavailable"", ""unavailable""]"	unavailable	unavailable	unavailable	unavailable	unavailable	false	[]	"[""MEMOUT""]"	6.0	false	false	unavailable	false	false	"[""new/increased failure: MEMOUT""]"	[]	"[""changed round statuses"", ""new/increased failure: MEMOUT""]"	false	false	false
infinite-race-u21.ltl	false	"[""TIMEOUT"", ""TIMEOUT"", ""TIMEOUT"", ""TIMEOUT"", ""TIMEOUT""]"	[]	0	0/5	"[""MEMOUT"", ""MEMOUT"", ""MEMOUT"", ""MEMOUT"", ""MEMOUT""]"	[]	0	0/5	[120.0, 120.0, 120.0, 120.0, 120.0]	[120.0, 120.0, 120.0, 120.0, 120.0]	[0.0, 0.0, 0.0, 0.0, 0.0]	120.0	120.0	0.0	0	0	[]	[]	"[""unavailable"", ""unavailable"", ""unavailable"", ""unavailable"", ""unavailable""]"	[8589934592, 8589934592, 8589934592, 8589934592, 8589934592]	"[""unavailable"", ""unavailable"", ""unavailable"", ""unavailable"", ""unavailable""]"	unavailable	8589934592	unavailable	unavailable	unavailable	"[""unavailable"", ""unavailable"", ""unavailable"", ""unavailable"", ""unavailable""]"	"[""unavailable"", ""unavailable"", ""unavailable"", ""unavailable"", ""unavailable""]"	"[""unavailable"", ""unavailable"", ""unavailable"", ""unavailable"", ""unavailable""]"	unavailable	unavailable	unavailable	unavailable	unavailable	false	[]	"[""MEMOUT""]"	6.0	false	false	unavailable	false	false	"[""new/increased failure: MEMOUT""]"	[]	"[""changed round statuses"", ""new/increased failure: MEMOUT""]"	false	false	false
infinite-race-u22.ltl	false	"[""TIMEOUT"", ""TIMEOUT"", ""TIMEOUT"", ""TIMEOUT"", ""TIMEOUT""]"	[]	0	0/5	"[""MEMOUT"", ""MEMOUT"", ""MEMOUT"", ""MEMOUT"", ""MEMOUT""]"	[]	0	0/5	[120.0, 120.0, 120.0, 120.0, 120.0]	[120.0, 120.0, 120.0, 120.0, 120.0]	[0.0, 0.0, 0.0, 0.0, 0.0]	120.0	120.0	0.0	0	0	[]	[]	"[""unavailable"", ""unavailable"", ""unavailable"", ""unavailable"", ""unavailable""]"	[8589934592, 8589934592, 8589934592, 8589934592, 8589934592]	"[""unavailable"", ""unavailable"", ""unavailable"", ""unavailable"", ""unavailable""]"	unavailable	8589934592	unavailable	unavailable	unavailable	"[""unavailable"", ""unavailable"", ""unavailable"", ""unavailable"", ""unavailable""]"	"[""unavailable"", ""unavailable"", ""unavailable"", ""unavailable"", ""unavailable""]"	"[""unavailable"", ""unavailable"", ""unavailable"", ""unavailable"", ""unavailable""]"	unavailable	unavailable	unavailable	unavailable	unavailable	false	[]	"[""MEMOUT""]"	6.0	false	false	unavailable	false	false	"[""new/increased failure: MEMOUT""]"	[]	"[""changed round statuses"", ""new/increased failure: MEMOUT""]"	false	false	false
infinite-race-u23.ltl	false	"[""TIMEOUT"", ""TIMEOUT"", ""TIMEOUT"", ""TIMEOUT"", ""TIMEOUT""]"	[]	0	0/5	"[""MEMOUT"", ""MEMOUT"", ""MEMOUT"", ""MEMOUT"", ""MEMOUT""]"	[]	0	0/5	[120.0, 120.0, 120.0, 120.0, 120.0]	[120.0, 120.0, 120.0, 120.0, 120.0]	[0.0, 0.0, 0.0, 0.0, 0.0]	120.0	120.0	0.0	0	0	[]	[]	"[""unavailable"", ""unavailable"", ""unavailable"", ""unavailable"", ""unavailable""]"	[8589934592, 8589934592, 8589934592, 8589934592, 8589934592]	"[""unavailable"", ""unavailable"", ""unavailable"", ""unavailable"", ""unavailable""]"	unavailable	8589934592	unavailable	unavailable	unavailable	"[""unavailable"", ""unavailable"", ""unavailable"", ""unavailable"", ""unavailable""]"	"[""unavailable"", ""unavailable"", ""unavailable"", ""unavailable"", ""unavailable""]"	"[""unavailable"", ""unavailable"", ""unavailable"", ""unavailable"", ""unavailable""]"	unavailable	unavailable	unavailable	unavailable	unavailable	false	[]	"[""MEMOUT""]"	6.0	false	false	unavailable	false	false	"[""new/increased failure: MEMOUT""]"	[]	"[""changed round statuses"", ""new/increased failure: MEMOUT""]"	false	false	false
infinite-race-u24.ltl	false	"[""TIMEOUT"", ""TIMEOUT"", ""TIMEOUT"", ""TIMEOUT"", ""TIMEOUT""]"	[]	0	0/5	"[""MEMOUT"", ""MEMOUT"", ""MEMOUT"", ""MEMOUT"", ""MEMOUT""]"	[]	0	0/5	[120.0, 120.0, 120.0, 120.0, 120.0]	[120.0, 120.0, 120.0, 120.0, 120.0]	[0.0, 0.0, 0.0, 0.0, 0.0]	120.0	120.0	0.0	0	0	[]	[]	"[""unavailable"", ""unavailable"", ""unavailable"", ""unavailable"", ""unavailable""]"	[8589934592, 8589934592, 8589934592, 8589934592, 8589934592]	"[""unavailable"", ""unavailable"", ""unavailable"", ""unavailable"", ""unavailable""]"	unavailable	8589934592	unavailable	unavailable	unavailable	"[""unavailable"", ""unavailable"", ""unavailable"", ""unavailable"", ""unavailable""]"	"[""unavailable"", ""unavailable"", ""unavailable"", ""unavailable"", ""unavailable""]"	"[""unavailable"", ""unavailable"", ""unavailable"", ""unavailable"", ""unavailable""]"	unavailable	unavailable	unavailable	unavailable	unavailable	false	[]	"[""MEMOUT""]"	6.0	false	false	unavailable	false	false	"[""new/increased failure: MEMOUT""]"	[]	"[""changed round statuses"", ""new/increased failure: MEMOUT""]"	false	false	false
infinite-race-u25.ltl	false	"[""TIMEOUT"", ""TIMEOUT"", ""TIMEOUT"", ""TIMEOUT"", ""TIMEOUT""]"	[]	0	0/5	"[""MEMOUT"", ""MEMOUT"", ""MEMOUT"", ""MEMOUT"", ""MEMOUT""]"	[]	0	0/5	[120.0, 120.0, 120.0, 120.0, 120.0]	[120.0, 120.0, 120.0, 120.0, 120.0]	[0.0, 0.0, 0.0, 0.0, 0.0]	120.0	120.0	0.0	0	0	[]	[]	"[""unavailable"", ""unavailable"", ""unavailable"", ""unavailable"", ""unavailable""]"	[8589934592, 8589934592, 8589934592, 8589934592, 8589934592]	"[""unavailable"", ""unavailable"", ""unavailable"", ""unavailable"", ""unavailable""]"	unavailable	8589934592	unavailable	unavailable	unavailable	"[""unavailable"", ""unavailable"", ""unavailable"", ""unavailable"", ""unavailable""]"	"[""unavailable"", ""unavailable"", ""unavailable"", ""unavailable"", ""unavailable""]"	"[""unavailable"", ""unavailable"", ""unavailable"", ""unavailable"", ""unavailable""]"	unavailable	unavailable	unavailable	unavailable	unavailable	false	[]	"[""MEMOUT""]"	6.0	false	false	unavailable	false	false	"[""new/increased failure: MEMOUT""]"	[]	"[""changed round statuses"", ""new/increased failure: MEMOUT""]"	false	false	false
infinite-race-u8.ltl	false	"[""UNREALIZABLE"", ""UNREALIZABLE"", ""UNREALIZABLE"", ""UNREALIZABLE"", ""UNREALIZABLE""]"	"[""UNREALIZABLE""]"	5	5/5	"[""UNREALIZABLE"", ""UNREALIZABLE"", ""UNREALIZABLE"", ""UNREALIZABLE"", ""UNREALIZABLE""]"	"[""UNREALIZABLE""]"	5	5/5	[2.3688004949945025, 2.291217965015676, 2.2645894570159726, 2.2138428000034764, 2.425237934978213]	[2.521104556013597, 2.2642377910087816, 2.3987327219801955, 2.425669029005803, 2.3585970560088754]	[0.15230406101909466, -0.02698017400689423, 0.1341432649642229, 0.21182622900232673, -0.06664087896933779]	2.291217965015676	2.3987327219801955	0.07737516501219943	2	3	[2, 5]	[1, 3, 4]	"[""unavailable"", ""unavailable"", ""unavailable"", ""unavailable"", ""unavailable""]"	"[""unavailable"", ""unavailable"", ""unavailable"", ""unavailable"", ""unavailable""]"	"[""unavailable"", ""unavailable"", ""unavailable"", ""unavailable"", ""unavailable""]"	unavailable	unavailable	unavailable	unavailable	unavailable	[163983360, 163844096, 163844096, 163954688, 163979264]	[163704832, 163913728, 163876864, 163930112, 163778560]	[-278528, 69632, 32768, -24576, -200704]	163954688	163876864	28672	3	2	false	[]	[]	0.1145608982507838	false	false	unavailable	false	false	[]	[]	[]	false	false	false
infinite-race-u9.ltl	false	"[""UNREALIZABLE"", ""UNREALIZABLE"", ""UNREALIZABLE"", ""UNREALIZABLE"", ""UNREALIZABLE""]"	"[""UNREALIZABLE""]"	5	5/5	"[""UNREALIZABLE"", ""UNREALIZABLE"", ""UNREALIZABLE"", ""UNREALIZABLE"", ""UNREALIZABLE""]"	"[""UNREALIZABLE""]"	5	5/5	[9.752198904985562, 8.822546291019535, 9.17889987200033, 8.496550993993878, 9.02138243499212]	[8.69743006999488, 9.546241355012171, 9.445934276998742, 8.836322939023376, 9.060410837992094]	[-1.054768834990682, 0.7236950639926363, 0.26703440499841236, 0.33977194502949715, 0.03902840299997479]	9.02138243499212	9.060410837992094	0.19883614397258498	1	4	[1]	[2, 3, 4, 5]	"[""unavailable"", ""unavailable"", ""unavailable"", ""unavailable"", ""unavailable""]"	"[""unavailable"", ""unavailable"", ""unavailable"", ""unavailable"", ""unavailable""]"	"[""unavailable"", ""unavailable"", ""unavailable"", ""unavailable"", ""unavailable""]"	unavailable	unavailable	unavailable	unavailable	unavailable	[551030784, 551043072, 550952960, 551043072, 551063552]	[849051648, 845004800, 839643136, 843239424, 839692288]	[298020864, 293961728, 288690176, 292196352, 288628736]	551043072	843239424	12288	0	5	false	[]	[]	0.451069121749606	false	false	unavailable	false	false	[]	[]	[]	false	false	false
infinite-race-unequal-26.ltl	false	"[""UNREALIZABLE"", ""UNREALIZABLE"", ""UNREALIZABLE"", ""UNREALIZABLE"", ""UNREALIZABLE""]"	"[""UNREALIZABLE""]"	5	5/5	"[""UNREALIZABLE"", ""UNREALIZABLE"", ""UNREALIZABLE"", ""UNREALIZABLE"", ""UNREALIZABLE""]"	"[""UNREALIZABLE""]"	5	5/5	[59.90836970502278, 60.4087194140011, 59.28663252998376, 56.04792139597703, 57.15728893002961]	[58.600709811988054, 58.423458289995324, 57.22379990600166, 57.24236541701248, 59.2086524059996]	[-1.3076598930347245, -1.985261124005774, -2.0628326239821035, 1.1944440210354514, 2.0513634759699926]	59.28663252998376	58.423458289995324	1.1220868840173353	3	2	[1, 2, 3]	[4, 5]	"[""unavailable"", ""unavailable"", ""unavailable"", ""unavailable"", ""unavailable""]"	"[""unavailable"", ""unavailable"", ""unavailable"", ""unavailable"", ""unavailable""]"	"[""unavailable"", ""unavailable"", ""unavailable"", ""unavailable"", ""unavailable""]"	unavailable	unavailable	unavailable	unavailable	unavailable	[2164944896, 2165039104, 2164789248, 2165125120, 2165030912]	[2164883456, 2164932608, 2164813824, 2164867072, 2164858880]	[-61440, -106496, 24576, -258048, -172032]	2165030912	2164867072	86016	4	1	false	[]	[]	2.964331626499188	false	false	unavailable	false	false	[]	[]	[]	false	false	false
lift_gr1+_pb_3_pe_.ltl	false	"[""REALIZABLE"", ""REALIZABLE"", ""REALIZABLE"", ""REALIZABLE"", ""REALIZABLE""]"	"[""REALIZABLE""]"	5	5/5	"[""REALIZABLE"", ""REALIZABLE"", ""REALIZABLE"", ""REALIZABLE"", ""REALIZABLE""]"	"[""REALIZABLE""]"	5	5/5	[1.3310851930000354, 1.2439267960144207, 1.2379424559767358, 1.28243147500325, 1.2298383970046416]	[1.3005410399928223, 1.2885305929812603, 1.2616044949973002, 1.2274820239981636, 1.2282924589817412]	[-0.030544153007213026, 0.04460379696683958, 0.023662039020564407, -0.0549494510050863, -0.0015459380229003727]	1.2439267960144207	1.2616044949973002	0.014088399009779096	3	2	[1, 4, 5]	[2, 3]	"[""unavailable"", ""unavailable"", ""unavailable"", ""unavailable"", ""unavailable""]"	"[""unavailable"", ""unavailable"", ""unavailable"", ""unavailable"", ""unavailable""]"	"[""unavailable"", ""unavailable"", ""unavailable"", ""unavailable"", ""unavailable""]"	unavailable	unavailable	unavailable	unavailable	unavailable	[117379072, 114532352, 104714240, 114405376, 115478528]	[114798592, 114884608, 113664000, 113770496, 113639424]	[-2580480, 352256, 8949760, -634880, -1839104]	114532352	113770496	946176	3	2	false	[]	[]	0.062196339800721034	false	false	unavailable	false	false	[]	[]	[]	false	false	false
lift_pb_3_pe_.ltl	false	"[""REALIZABLE"", ""REALIZABLE"", ""REALIZABLE"", ""REALIZABLE"", ""REALIZABLE""]"	"[""REALIZABLE""]"	5	5/5	"[""REALIZABLE"", ""REALIZABLE"", ""REALIZABLE"", ""REALIZABLE"", ""REALIZABLE""]"	"[""REALIZABLE""]"	5	5/5	[0.043045683996751904, 0.04237407899927348, 0.04906431498238817, 0.040926164016127586, 0.03819465695414692]	[0.6190329619857948, 0.6533022859948687, 0.6378906850004569, 0.6186605960247107, 0.6696382640511729]	[0.5759872779890429, 0.6109282069955952, 0.5888263700180687, 0.5777344320085831, 0.631443607097026]	0.04237407899927348	0.6378906850004569	0.0014479149831458926	0	5	[]	[1, 2, 3, 4, 5]	"[""unavailable"", ""unavailable"", ""unavailable"", ""unavailable"", ""unavailable""]"	"[""unavailable"", ""unavailable"", ""unavailable"", ""unavailable"", ""unavailable""]"	"[""unavailable"", ""unavailable"", ""unavailable"", ""unavailable"", ""unavailable""]"	unavailable	unavailable	unavailable	unavailable	unavailable	[21630976, 21614592, 21618688, 21704704, 21696512]	[84086784, 84017152, 84090880, 84123648, 84074496]	[62455808, 62402560, 62472192, 62418944, 62377984]	21630976	84086784	16384	0	5	false	[]	[]	0.05	true	true	unavailable	false	false	"[""slowdown — validated""]"	[]	"[""slowdown — validated""]"	false	false	false
lift_pb_4_pe_.ltl	false	"[""REALIZABLE"", ""REALIZABLE"", ""REALIZABLE"", ""REALIZABLE"", ""REALIZABLE""]"	"[""REALIZABLE""]"	5	5/5	"[""MEMOUT"", ""MEMOUT"", ""MEMOUT"", ""MEMOUT"", ""MEMOUT""]"	[]	0	0/5	[0.2611873999994714, 0.26498306400026195, 0.25310844799969345, 0.26473903795704246, 0.27363317704293877]	[120.0, 120.0, 120.0, 120.0, 120.0]	[119.73881260000053, 119.73501693599974, 119.7468915520003, 119.73526096204296, 119.72636682295706]	0.26473903795704246	120.0	0.0035516379575710744	0	5	[]	[1, 2, 3, 4, 5]	"[""unavailable"", ""unavailable"", ""unavailable"", ""unavailable"", ""unavailable""]"	[8589934592, 8589934592, 8589934592, 8589934592, 8589934592]	"[""unavailable"", ""unavailable"", ""unavailable"", ""unavailable"", ""unavailable""]"	unavailable	8589934592	unavailable	unavailable	unavailable	[51449856, 51421184, 51478528, 51331072, 51421184]	"[""unavailable"", ""unavailable"", ""unavailable"", ""unavailable"", ""unavailable""]"	"[""unavailable"", ""unavailable"", ""unavailable"", ""unavailable"", ""unavailable""]"	51421184	unavailable	28672	unavailable	unavailable	false	[1, 2, 3, 4, 5]	"[""MEMOUT""]"	0.05	false	false	unavailable	false	false	"[""unequivocal regression"", ""new/increased failure: MEMOUT""]"	[]	"[""lost verdict in paired rounds [1, 2, 3, 4, 5]"", ""changed round statuses"", ""unequivocal regression"", ""new/increased failure: MEMOUT""]"	false	false	false
lift_pb_5_pe_.ltl	false	"[""TIMEOUT"", ""TIMEOUT"", ""TIMEOUT"", ""TIMEOUT"", ""TIMEOUT""]"	[]	0	0/5	"[""MEMOUT"", ""MEMOUT"", ""MEMOUT"", ""MEMOUT"", ""MEMOUT""]"	[]	0	0/5	[120.0, 120.0, 120.0, 120.0, 120.0]	[120.0, 120.0, 120.0, 120.0, 120.0]	[0.0, 0.0, 0.0, 0.0, 0.0]	120.0	120.0	0.0	0	0	[]	[]	"[""unavailable"", ""unavailable"", ""unavailable"", ""unavailable"", ""unavailable""]"	[8589934592, 8589934592, 8589934592, 8589934592, 8589934592]	"[""unavailable"", ""unavailable"", ""unavailable"", ""unavailable"", ""unavailable""]"	unavailable	8589934592	unavailable	unavailable	unavailable	"[""unavailable"", ""unavailable"", ""unavailable"", ""unavailable"", ""unavailable""]"	"[""unavailable"", ""unavailable"", ""unavailable"", ""unavailable"", ""unavailable""]"	"[""unavailable"", ""unavailable"", ""unavailable"", ""unavailable"", ""unavailable""]"	unavailable	unavailable	unavailable	unavailable	unavailable	false	[]	"[""MEMOUT""]"	6.0	false	false	unavailable	false	false	"[""new/increased failure: MEMOUT""]"	[]	"[""changed round statuses"", ""new/increased failure: MEMOUT""]"	false	false	false
lift_pb_6_pe_.ltl	false	"[""TIMEOUT"", ""TIMEOUT"", ""TIMEOUT"", ""TIMEOUT"", ""TIMEOUT""]"	[]	0	0/5	"[""MEMOUT"", ""MEMOUT"", ""MEMOUT"", ""MEMOUT"", ""MEMOUT""]"	[]	0	0/5	[120.0, 120.0, 120.0, 120.0, 120.0]	[120.0, 120.0, 120.0, 120.0, 120.0]	[0.0, 0.0, 0.0, 0.0, 0.0]	120.0	120.0	0.0	0	0	[]	[]	"[""unavailable"", ""unavailable"", ""unavailable"", ""unavailable"", ""unavailable""]"	[8589934592, 8589934592, 8589934592, 8589934592, 8589934592]	"[""unavailable"", ""unavailable"", ""unavailable"", ""unavailable"", ""unavailable""]"	unavailable	8589934592	unavailable	unavailable	unavailable	"[""unavailable"", ""unavailable"", ""unavailable"", ""unavailable"", ""unavailable""]"	"[""unavailable"", ""unavailable"", ""unavailable"", ""unavailable"", ""unavailable""]"	"[""unavailable"", ""unavailable"", ""unavailable"", ""unavailable"", ""unavailable""]"	unavailable	unavailable	unavailable	unavailable	unavailable	false	[]	"[""MEMOUT""]"	6.0	false	false	unavailable	false	false	"[""new/increased failure: MEMOUT""]"	[]	"[""changed round statuses"", ""new/increased failure: MEMOUT""]"	false	false	false
lift_unary_enc_pb_3_pe_.ltl	false	"[""REALIZABLE"", ""REALIZABLE"", ""REALIZABLE"", ""REALIZABLE"", ""REALIZABLE""]"	"[""REALIZABLE""]"	5	5/5	"[""REALIZABLE"", ""REALIZABLE"", ""REALIZABLE"", ""REALIZABLE"", ""REALIZABLE""]"	"[""REALIZABLE""]"	5	5/5	[0.07783746000495739, 0.08405749298981391, 0.089559346990427, 0.0779887440148741, 0.08035651402315125]	[0.7334093829849735, 0.686837357992772, 0.6732984179980122, 0.6879952240269631, 0.6513192160055041]	[0.6555719229800161, 0.6027798650029581, 0.5837390710075852, 0.610006480012089, 0.5709627019823529]	0.08035651402315125	0.686837357992772	0.002519054018193856	0	5	[]	[1, 2, 3, 4, 5]	"[""unavailable"", ""unavailable"", ""unavailable"", ""unavailable"", ""unavailable""]"	"[""unavailable"", ""unavailable"", ""unavailable"", ""unavailable"", ""unavailable""]"	"[""unavailable"", ""unavailable"", ""unavailable"", ""unavailable"", ""unavailable""]"	unavailable	unavailable	unavailable	unavailable	unavailable	[23736320, 23781376, 23851008, 23838720, 23805952]	[81346560, 81453056, 81522688, 81592320, 81518592]	[57610240, 57671680, 57671680, 57753600, 57712640]	23805952	81518592	32768	0	5	false	[]	[]	0.05	true	true	unavailable	false	false	"[""slowdown — validated""]"	[]	"[""slowdown — validated""]"	false	false	false
lift_unary_enc_pb_4_pe_.ltl	false	"[""REALIZABLE"", ""REALIZABLE"", ""REALIZABLE"", ""REALIZABLE"", ""REALIZABLE""]"	"[""REALIZABLE""]"	5	5/5	"[""MEMOUT"", ""MEMOUT"", ""MEMOUT"", ""MEMOUT"", ""MEMOUT""]"	[]	0	0/5	[10.431172438984504, 10.169105146982474, 9.780786094983341, 9.941414119966794, 10.232371361984406]	[120.0, 120.0, 120.0, 120.0, 120.0]	[109.5688275610155, 109.83089485301753, 110.21921390501666, 110.0585858800332, 109.7676286380156]	10.169105146982474	120.0	0.22769102701568045	0	5	[]	[1, 2, 3, 4, 5]	"[""unavailable"", ""unavailable"", ""unavailable"", ""unavailable"", ""unavailable""]"	[8589934592, 8589934592, 8589934592, 8589934592, 8589934592]	"[""unavailable"", ""unavailable"", ""unavailable"", ""unavailable"", ""unavailable""]"	unavailable	8589934592	unavailable	unavailable	unavailable	[437587968, 437514240, 437592064, 437645312, 437452800]	"[""unavailable"", ""unavailable"", ""unavailable"", ""unavailable"", ""unavailable""]"	"[""unavailable"", ""unavailable"", ""unavailable"", ""unavailable"", ""unavailable""]"	437587968	unavailable	57344	unavailable	unavailable	false	[1, 2, 3, 4, 5]	"[""MEMOUT""]"	0.5084552573491238	false	false	unavailable	false	false	"[""unequivocal regression"", ""new/increased failure: MEMOUT""]"	[]	"[""lost verdict in paired rounds [1, 2, 3, 4, 5]"", ""changed round statuses"", ""unequivocal regression"", ""new/increased failure: MEMOUT""]"	false	false	false
lift_unary_enc_pb_5_pe_.ltl	false	"[""TIMEOUT"", ""TIMEOUT"", ""TIMEOUT"", ""TIMEOUT"", ""TIMEOUT""]"	[]	0	0/5	"[""MEMOUT"", ""MEMOUT"", ""MEMOUT"", ""MEMOUT"", ""MEMOUT""]"	[]	0	0/5	[120.0, 120.0, 120.0, 120.0, 120.0]	[120.0, 120.0, 120.0, 120.0, 120.0]	[0.0, 0.0, 0.0, 0.0, 0.0]	120.0	120.0	0.0	0	0	[]	[]	"[""unavailable"", ""unavailable"", ""unavailable"", ""unavailable"", ""unavailable""]"	[8589934592, 8589934592, 8589934592, 8589934592, 8589934592]	"[""unavailable"", ""unavailable"", ""unavailable"", ""unavailable"", ""unavailable""]"	unavailable	8589934592	unavailable	unavailable	unavailable	"[""unavailable"", ""unavailable"", ""unavailable"", ""unavailable"", ""unavailable""]"	"[""unavailable"", ""unavailable"", ""unavailable"", ""unavailable"", ""unavailable""]"	"[""unavailable"", ""unavailable"", ""unavailable"", ""unavailable"", ""unavailable""]"	unavailable	unavailable	unavailable	unavailable	unavailable	false	[]	"[""MEMOUT""]"	6.0	false	false	unavailable	false	false	"[""new/increased failure: MEMOUT""]"	[]	"[""changed round statuses"", ""new/increased failure: MEMOUT""]"	false	false	false
lift_unary_enc_pb_6_pe_.ltl	false	"[""TIMEOUT"", ""TIMEOUT"", ""TIMEOUT"", ""MEMOUT"", ""TIMEOUT""]"	[]	0	0/5	"[""MEMOUT"", ""MEMOUT"", ""MEMOUT"", ""MEMOUT"", ""MEMOUT""]"	[]	0	0/5	[120.0, 120.0, 120.0, 120.0, 120.0]	[120.0, 120.0, 120.0, 120.0, 120.0]	[0.0, 0.0, 0.0, 0.0, 0.0]	120.0	120.0	0.0	0	0	[]	[]	"[""unavailable"", ""unavailable"", ""unavailable"", 8589934592, ""unavailable""]"	[8589934592, 8589934592, 8589934592, 8589934592, 8589934592]	"[""unavailable"", ""unavailable"", ""unavailable"", 0, ""unavailable""]"	unavailable	8589934592	unavailable	unavailable	unavailable	"[""unavailable"", ""unavailable"", ""unavailable"", ""unavailable"", ""unavailable""]"	"[""unavailable"", ""unavailable"", ""unavailable"", ""unavailable"", ""unavailable""]"	"[""unavailable"", ""unavailable"", ""unavailable"", ""unavailable"", ""unavailable""]"	unavailable	unavailable	unavailable	unavailable	unavailable	false	[]	"[""MEMOUT""]"	6.0	false	false	unavailable	false	false	"[""new/increased failure: MEMOUT""]"	[]	"[""changed round statuses"", ""new/increased failure: MEMOUT""]"	false	false	false
lift_wrong_physics_unreal_pb_10_pe_.ltl	false	"[""UNREALIZABLE"", ""UNREALIZABLE"", ""UNREALIZABLE"", ""UNREALIZABLE"", ""UNREALIZABLE""]"	"[""UNREALIZABLE""]"	5	5/5	"[""UNREALIZABLE"", ""UNREALIZABLE"", ""UNREALIZABLE"", ""UNREALIZABLE"", ""UNREALIZABLE""]"	"[""UNREALIZABLE""]"	5	5/5	[1.2324659089790657, 1.1928848550014663, 1.1829516059951857, 1.1145166759961285, 1.1372654759907164]	[1.1938544049917255, 1.1524667810008395, 1.1387112999800593, 1.1045292729977518, 1.149486426031217]	[-0.03861150398734026, -0.0404180740006268, -0.04424030601512641, -0.009987402998376638, 0.012220950040500611]	1.1829516059951857	1.149486426031217	0.045686130004469305	4	1	[1, 2, 3, 4]	[5]	"[""unavailable"", ""unavailable"", ""unavailable"", ""unavailable"", ""unavailable""]"	"[""unavailable"", ""unavailable"", ""unavailable"", ""unavailable"", ""unavailable""]"	"[""unavailable"", ""unavailable"", ""unavailable"", ""unavailable"", ""unavailable""]"	unavailable	unavailable	unavailable	unavailable	unavailable	[65978368, 65945600, 66002944, 66019328, 66043904]	[66027520, 65921024, 66080768, 66056192, 65990656]	[49152, -24576, 77824, 36864, -53248]	66002944	66027520	24576	2	3	false	[]	[]	0.059147580299759285	false	false	unavailable	false	false	[]	[]	[]	false	false	false
load_balancer_pb_7_pe_.ltl	false	"[""REALIZABLE"", ""REALIZABLE"", ""REALIZABLE"", ""REALIZABLE"", ""REALIZABLE""]"	"[""REALIZABLE""]"	5	5/5	"[""REALIZABLE"", ""REALIZABLE"", ""REALIZABLE"", ""REALIZABLE"", ""REALIZABLE""]"	"[""REALIZABLE""]"	5	5/5	[5.621322200022405, 5.1011955170251895, 5.029351389006479, 4.986379635054618, 4.8492473979713395]	[5.150853909988655, 5.374811571004102, 5.303672276990255, 5.2836310130078346, 5.025476895039901]	[-0.47046829003375024, 0.27361605397891253, 0.27432088798377663, 0.29725137795321643, 0.1762294970685616]	5.029351389006479	5.2836310130078346	0.07184412801871076	1	4	[1]	[2, 3, 4, 5]	"[""unavailable"", ""unavailable"", ""unavailable"", ""unavailable"", ""unavailable""]"	"[""unavailable"", ""unavailable"", ""unavailable"", ""unavailable"", ""unavailable""]"	"[""unavailable"", ""unavailable"", ""unavailable"", ""unavailable"", ""unavailable""]"	unavailable	unavailable	unavailable	unavailable	unavailable	[155090944, 154873856, 154931200, 154972160, 154865664]	[155017216, 154865664, 155037696, 155029504, 154955776]	[-73728, -8192, 106496, 57344, 90112]	154931200	155017216	57344	2	3	false	[]	[]	0.25146756945032395	true	true	unavailable	false	false	"[""slowdown — validated""]"	[]	"[""slowdown — validated""]"	false	false	false
load_balancer_unreal1_pb_2_15_pe_.ltl	false	"[""UNREALIZABLE"", ""UNREALIZABLE"", ""UNREALIZABLE"", ""UNREALIZABLE"", ""UNREALIZABLE""]"	"[""UNREALIZABLE""]"	5	5/5	"[""UNREALIZABLE"", ""UNREALIZABLE"", ""UNREALIZABLE"", ""UNREALIZABLE"", ""UNREALIZABLE""]"	"[""UNREALIZABLE""]"	5	5/5	[0.7396678369841538, 0.7491854810214136, 0.7488820719881915, 0.6768810520297848, 0.6837239720043726]	[0.698781800980214, 0.7449805680080317, 0.6862413759808987, 0.7330319540342316, 0.7477141179842874]	[-0.04088603600393981, -0.0042049130133818835, -0.06264069600729272, 0.056150902004446834, 0.06399014597991481]	0.7396678369841538	0.7330319540342316	0.009517644037259743	3	2	[1, 2, 3]	[4, 5]	"[""unavailable"", ""unavailable"", ""unavailable"", ""unavailable"", ""unavailable""]"	"[""unavailable"", ""unavailable"", ""unavailable"", ""unavailable"", ""unavailable""]"	"[""unavailable"", ""unavailable"", ""unavailable"", ""unavailable"", ""unavailable""]"	unavailable	unavailable	unavailable	unavailable	unavailable	[67112960, 67280896, 67219456, 66924544, 67170304]	[67284992, 66891776, 67002368, 67002368, 67411968]	[172032, -389120, -217088, 77824, 241664]	67170304	67002368	57344	2	3	false	[]	[]	0.05	false	false	unavailable	false	false	[]	[]	[]	false	false	false
load_balancer_unreal1_pb_2_16_pe_.ltl	false	"[""UNREALIZABLE"", ""UNREALIZABLE"", ""UNREALIZABLE"", ""UNREALIZABLE"", ""UNREALIZABLE""]"	"[""UNREALIZABLE""]"	5	5/5	"[""UNREALIZABLE"", ""UNREALIZABLE"", ""UNREALIZABLE"", ""UNREALIZABLE"", ""UNREALIZABLE""]"	"[""UNREALIZABLE""]"	5	5/5	[1.5237040199863259, 1.5142211049969774, 1.5154501530050766, 1.5137476699892431, 1.5016615060158074]	[1.807424404018093, 1.6886647249921225, 1.702765210007783, 1.691262855019886, 1.5029287569923326]	[0.283720384031767, 0.17444361999514513, 0.18731505700270645, 0.1775151850306429, 0.001267250976525247]	1.5142211049969774	1.691262855019886	0.0012290480080991983	0	5	[]	[1, 2, 3, 4, 5]	"[""unavailable"", ""unavailable"", ""unavailable"", ""unavailable"", ""unavailable""]"	"[""unavailable"", ""unavailable"", ""unavailable"", ""unavailable"", ""unavailable""]"	"[""unavailable"", ""unavailable"", ""unavailable"", ""unavailable"", ""unavailable""]"	unavailable	unavailable	unavailable	unavailable	unavailable	[113545216, 113524736, 113590272, 113684480, 113623040]	[121962496, 113516544, 113438720, 113606656, 113463296]	[8417280, -8192, -151552, -77824, -159744]	113590272	113516544	45056	4	1	false	[]	[]	0.07571105524984888	true	true	unavailable	false	false	"[""slowdown — validated""]"	[]	"[""slowdown — validated""]"	false	false	false
load_balancer_unreal1_pb_4_10_pe_.ltl	false	"[""TIMEOUT"", ""TIMEOUT"", ""TIMEOUT"", ""TIMEOUT"", ""TIMEOUT""]"	[]	0	0/5	"[""MEMOUT"", ""MEMOUT"", ""MEMOUT"", ""MEMOUT"", ""MEMOUT""]"	[]	0	0/5	[120.0, 120.0, 120.0, 120.0, 120.0]	[120.0, 120.0, 120.0, 120.0, 120.0]	[0.0, 0.0, 0.0, 0.0, 0.0]	120.0	120.0	0.0	0	0	[]	[]	"[""unavailable"", ""unavailable"", ""unavailable"", ""unavailable"", ""unavailable""]"	[8589934592, 8589934592, 8589934592, 8589934592, 8589934592]	"[""unavailable"", ""unavailable"", ""unavailable"", ""unavailable"", ""unavailable""]"	unavailable	8589934592	unavailable	unavailable	unavailable	"[""unavailable"", ""unavailable"", ""unavailable"", ""unavailable"", ""unavailable""]"	"[""unavailable"", ""unavailable"", ""unavailable"", ""unavailable"", ""unavailable""]"	"[""unavailable"", ""unavailable"", ""unavailable"", ""unavailable"", ""unavailable""]"	unavailable	unavailable	unavailable	unavailable	unavailable	false	[]	"[""MEMOUT""]"	6.0	false	false	unavailable	false	false	"[""new/increased failure: MEMOUT""]"	[]	"[""changed round statuses"", ""new/increased failure: MEMOUT""]"	false	false	false
load_balancer_unreal1_pb_4_11_pe_.ltl	false	"[""TIMEOUT"", ""TIMEOUT"", ""TIMEOUT"", ""TIMEOUT"", ""TIMEOUT""]"	[]	0	0/5	"[""MEMOUT"", ""MEMOUT"", ""MEMOUT"", ""MEMOUT"", ""MEMOUT""]"	[]	0	0/5	[120.0, 120.0, 120.0, 120.0, 120.0]	[120.0, 120.0, 120.0, 120.0, 120.0]	[0.0, 0.0, 0.0, 0.0, 0.0]	120.0	120.0	0.0	0	0	[]	[]	"[""unavailable"", ""unavailable"", ""unavailable"", ""unavailable"", ""unavailable""]"	[8589934592, 8589934592, 8589934592, 8589934592, 8589934592]	"[""unavailable"", ""unavailable"", ""unavailable"", ""unavailable"", ""unavailable""]"	unavailable	8589934592	unavailable	unavailable	unavailable	"[""unavailable"", ""unavailable"", ""unavailable"", ""unavailable"", ""unavailable""]"	"[""unavailable"", ""unavailable"", ""unavailable"", ""unavailable"", ""unavailable""]"	"[""unavailable"", ""unavailable"", ""unavailable"", ""unavailable"", ""unavailable""]"	unavailable	unavailable	unavailable	unavailable	unavailable	false	[]	"[""MEMOUT""]"	6.0	false	false	unavailable	false	false	"[""new/increased failure: MEMOUT""]"	[]	"[""changed round statuses"", ""new/increased failure: MEMOUT""]"	false	false	false
load_balancer_unreal1_pb_4_12_pe_.ltl	false	"[""TIMEOUT"", ""TIMEOUT"", ""TIMEOUT"", ""TIMEOUT"", ""TIMEOUT""]"	[]	0	0/5	"[""MEMOUT"", ""MEMOUT"", ""MEMOUT"", ""MEMOUT"", ""MEMOUT""]"	[]	0	0/5	[120.0, 120.0, 120.0, 120.0, 120.0]	[120.0, 120.0, 120.0, 120.0, 120.0]	[0.0, 0.0, 0.0, 0.0, 0.0]	120.0	120.0	0.0	0	0	[]	[]	"[""unavailable"", ""unavailable"", ""unavailable"", ""unavailable"", ""unavailable""]"	[8589934592, 8589938688, 8589934592, 8589934592, 8589934592]	"[""unavailable"", ""unavailable"", ""unavailable"", ""unavailable"", ""unavailable""]"	unavailable	8589934592	unavailable	unavailable	unavailable	"[""unavailable"", ""unavailable"", ""unavailable"", ""unavailable"", ""unavailable""]"	"[""unavailable"", ""unavailable"", ""unavailable"", ""unavailable"", ""unavailable""]"	"[""unavailable"", ""unavailable"", ""unavailable"", ""unavailable"", ""unavailable""]"	unavailable	unavailable	unavailable	unavailable	unavailable	false	[]	"[""MEMOUT""]"	6.0	false	false	unavailable	false	false	"[""new/increased failure: MEMOUT""]"	[]	"[""changed round statuses"", ""new/increased failure: MEMOUT""]"	false	false	false
load_balancer_unreal1_pb_4_6_pe_.ltl	false	"[""UNREALIZABLE"", ""UNREALIZABLE"", ""UNREALIZABLE"", ""UNREALIZABLE"", ""UNREALIZABLE""]"	"[""UNREALIZABLE""]"	5	5/5	"[""UNREALIZABLE"", ""UNREALIZABLE"", ""UNREALIZABLE"", ""UNREALIZABLE"", ""UNREALIZABLE""]"	"[""UNREALIZABLE""]"	5	5/5	[1.0369346860097721, 1.07147723401431, 1.061073825985659, 1.0464767019730061, 1.0211375310318545]	[1.24096228700364, 1.0463994799938519, 1.1039507910027169, 1.0622115680016577, 1.1121405409649014]	[0.20402760099386796, -0.025077754020458087, 0.042876965017057955, 0.015734866028651595, 0.091003009933047]	1.0464767019730061	1.1039507910027169	0.014597124012652785	1	4	[2]	[1, 3, 4, 5]	"[""unavailable"", ""unavailable"", ""unavailable"", ""unavailable"", ""unavailable""]"	"[""unavailable"", ""unavailable"", ""unavailable"", ""unavailable"", ""unavailable""]"	"[""unavailable"", ""unavailable"", ""unavailable"", ""unavailable"", ""unavailable""]"	unavailable	unavailable	unavailable	unavailable	unavailable	[126951424, 126894080, 126939136, 126885888, 126955520]	[132902912, 132988928, 132935680, 132964352, 132968448]	[5951488, 6094848, 5996544, 6078464, 6012928]	126939136	132964352	16384	0	5	false	[]	[]	0.05232383509865031	true	true	unavailable	false	false	"[""slowdown — validated""]"	[]	"[""slowdown — validated""]"	false	false	false
load_balancer_unreal1_pb_4_7_pe_.ltl	false	"[""UNREALIZABLE"", ""UNREALIZABLE"", ""UNREALIZABLE"", ""UNREALIZABLE"", ""UNREALIZABLE""]"	"[""UNREALIZABLE""]"	5	5/5	"[""UNREALIZABLE"", ""UNREALIZABLE"", ""UNREALIZABLE"", ""UNREALIZABLE"", ""UNREALIZABLE""]"	"[""UNREALIZABLE""]"	5	5/5	[7.669803648022935, 7.546171889989637, 7.780006688990397, 7.312324768048711, 7.5234548849985]	[8.252882405999117, 8.084599647991126, 8.108158223010832, 7.816713143023662, 8.088666765019298]	[0.5830787579761818, 0.5384277580014896, 0.32815153402043507, 0.5043883749749511, 0.5652118800207973]	7.546171889989637	8.088666765019298	0.12363175803329796	0	5	[]	[1, 2, 3, 4, 5]	"[""unavailable"", ""unavailable"", ""unavailable"", ""unavailable"", ""unavailable""]"	"[""unavailable"", ""unavailable"", ""unavailable"", ""unavailable"", ""unavailable""]"	"[""unavailable"", ""unavailable"", ""unavailable"", ""unavailable"", ""unavailable""]"	unavailable	unavailable	unavailable	unavailable	unavailable	[363442176, 363393024, 363331584, 355069952, 363319296]	[821313536, 825556992, 826179584, 814469120, 813268992]	[457871360, 462163968, 462848000, 459399168, 449949696]	363331584	821313536	61440	0	5	false	[]	[]	0.37730859449948184	true	true	unavailable	false	false	"[""slowdown — validated""]"	[]	"[""slowdown — validated""]"	false	false	false
load_balancer_unreal1_pb_4_8_pe_.ltl	false	"[""UNREALIZABLE"", ""UNREALIZABLE"", ""UNREALIZABLE"", ""UNREALIZABLE"", ""UNREALIZABLE""]"	"[""UNREALIZABLE""]"	5	5/5	"[""MEMOUT"", ""UNREALIZABLE"", ""UNREALIZABLE"", ""UNREALIZABLE"", ""UNREALIZABLE""]"	"[""UNREALIZABLE""]"	4	4/5	[83.33736326097278, 84.71495434801909, 85.3461501620186, 83.44273760402575, 83.9013585629873]	[120.0, 94.3097237420152, 91.40914475900354, 93.12758924200898, 92.08524798700819]	[36.66263673902722, 9.594769393996103, 6.062994596984936, 9.684851637983229, 8.18388942402089]	83.9013585629873	93.12758924200898	0.5639953020145185	0	5	[]	[1, 2, 3, 4, 5]	"[""unavailable"", ""unavailable"", ""unavailable"", ""unavailable"", ""unavailable""]"	"[8589934592, ""unavailable"", ""unavailable"", ""unavailable"", ""unavailable""]"	"[""unavailable"", ""unavailable"", ""unavailable"", ""unavailable"", ""unavailable""]"	unavailable	unavailable	unavailable	unavailable	unavailable	[1307676672, 1307582464, 1307734016, 1307901952, 1307832320]	"[""unavailable"", 5990555648, 5991378944, 5898563584, 5922246656]"	"[""unavailable"", 4682973184, 4683644928, 4590661632, 4614414336]"	1307734016	unavailable	98304	unavailable	unavailable	false	[1]	"[""MEMOUT""]"	4.195067928149365	false	false	unavailable	false	false	"[""new/increased failure: MEMOUT""]"	"[""lower success rate — unresolved, blocks admission""]"	"[""lost verdict in paired rounds [1]"", ""changed round statuses"", ""new/increased failure: MEMOUT"", ""lower success rate — unresolved, blocks admission""]"	false	false	false
load_balancer_unreal1_pb_5_4_pe_.ltl	false	"[""UNREALIZABLE"", ""UNREALIZABLE"", ""UNREALIZABLE"", ""UNREALIZABLE"", ""UNREALIZABLE""]"	"[""UNREALIZABLE""]"	5	5/5	"[""UNREALIZABLE"", ""UNREALIZABLE"", ""UNREALIZABLE"", ""UNREALIZABLE"", ""UNREALIZABLE""]"	"[""UNREALIZABLE""]"	5	5/5	[0.7146283000183757, 0.747526048013242, 0.6991360649990384, 0.6799036970478483, 0.6869452079990879]	[0.754440580989467, 0.7439525350055192, 0.6937791920208838, 0.7004931819974445, 0.6781328259967268]	[0.03981228097109124, -0.003573513007722795, -0.00535687297815457, 0.020589484949596226, -0.008812382002361119]	0.6991360649990384	0.7004931819974445	0.015492235019337386	3	2	[2, 3, 5]	[1, 4]	"[""unavailable"", ""unavailable"", ""unavailable"", ""unavailable"", ""unavailable""]"	"[""unavailable"", ""unavailable"", ""unavailable"", ""unavailable"", ""unavailable""]"	"[""unavailable"", ""unavailable"", ""unavailable"", ""unavailable"", ""unavailable""]"	unavailable	unavailable	unavailable	unavailable	unavailable	[111030272, 110989312, 110985216, 111034368, 110956544]	[83812352, 83947520, 83865600, 83931136, 83922944]	[-27217920, -27041792, -27119616, -27103232, -27033600]	110989312	83922944	32768	5	0	false	[]	[]	0.05	false	false	unavailable	false	false	[]	[]	[]	false	false	false
load_balancer_unreal1_pb_5_5_pe_.ltl	false	"[""UNREALIZABLE"", ""UNREALIZABLE"", ""UNREALIZABLE"", ""UNREALIZABLE"", ""UNREALIZABLE""]"	"[""UNREALIZABLE""]"	5	5/5	"[""UNREALIZABLE"", ""UNREALIZABLE"", ""UNREALIZABLE"", ""UNREALIZABLE"", ""UNREALIZABLE""]"	"[""UNREALIZABLE""]"	5	5/5	[13.87499076599488, 14.019553947000531, 13.34774771600496, 13.366056088008918, 13.491115120996255]	[15.069651258992963, 14.438227683975128, 14.827683048002655, 14.152987407986075, 14.29742495098617]	[1.1946604929980822, 0.418673736974597, 1.4799353319976944, 0.7869313199771568, 0.8063098299899139]	13.491115120996255	14.438227683975128	0.1433674049912952	0	5	[]	[1, 2, 3, 4, 5]	"[""unavailable"", ""unavailable"", ""unavailable"", ""unavailable"", ""unavailable""]"	"[""unavailable"", ""unavailable"", ""unavailable"", ""unavailable"", ""unavailable""]"	"[""unavailable"", ""unavailable"", ""unavailable"", ""unavailable"", ""unavailable""]"	unavailable	unavailable	unavailable	unavailable	unavailable	[458006528, 458141696, 449540096, 458174464, 458059776]	[818999296, 810209280, 785833984, 801304576, 805490688]	[360992768, 352067584, 336293888, 343130112, 347430912]	458059776	805490688	81920	0	5	false	[]	[]	0.6745557560498128	true	true	unavailable	false	false	"[""slowdown — validated""]"	[]	"[""slowdown — validated""]"	false	false	false
load_balancer_unreal1_pb_6_3_pe_.ltl	false	"[""UNREALIZABLE"", ""UNREALIZABLE"", ""UNREALIZABLE"", ""UNREALIZABLE"", ""UNREALIZABLE""]"	"[""UNREALIZABLE""]"	5	5/5	"[""UNREALIZABLE"", ""UNREALIZABLE"", ""UNREALIZABLE"", ""UNREALIZABLE"", ""UNREALIZABLE""]"	"[""UNREALIZABLE""]"	5	5/5	[0.6449158389877994, 0.6017077940050513, 0.6251617989910301, 0.6061016340390779, 0.5819933919701725]	[0.5724751999950968, 0.5887924100097734, 0.6230920639936812, 0.6459117889753543, 0.6272833370021544]	[-0.07244063899270259, -0.012915383995277807, -0.00206973499734886, 0.039810154936276376, 0.045289945031981915]	0.6061016340390779	0.6230920639936812	0.019060164951952174	3	2	[1, 2, 3]	[4, 5]	"[""unavailable"", ""unavailable"", ""unavailable"", ""unavailable"", ""unavailable""]"	"[""unavailable"", ""unavailable"", ""unavailable"", ""unavailable"", ""unavailable""]"	"[""unavailable"", ""unavailable"", ""unavailable"", ""unavailable"", ""unavailable""]"	unavailable	unavailable	unavailable	unavailable	unavailable	[60313600, 60256256, 60297216, 60297216, 60252160]	[60301312, 60334080, 60272640, 60190720, 60252160]	[-12288, 77824, -24576, -106496, 0]	60297216	60272640	16384	3	1	false	[]	[]	0.05	false	false	unavailable	false	false	[]	[]	[]	false	false	false
load_balancer_unreal1_pb_6_4_pe_.ltl	false	"[""UNREALIZABLE"", ""UNREALIZABLE"", ""UNREALIZABLE"", ""UNREALIZABLE"", ""UNREALIZABLE""]"	"[""UNREALIZABLE""]"	5	5/5	"[""UNREALIZABLE"", ""UNREALIZABLE"", ""UNREALIZABLE"", ""UNREALIZABLE"", ""UNREALIZABLE""]"	"[""UNREALIZABLE""]"	5	5/5	[22.536816523992456, 22.37504422100028, 22.71359251800459, 22.261061228986364, 22.139043129980564]	[24.00834730899078, 24.105336717999307, 24.112635330995545, 23.826210629020352, 24.0828499320196]	[1.471530784998322, 1.7302924969990272, 1.399042812990956, 1.565149400033988, 1.9438068020390347]	22.37504422100028	24.0828499320196	0.16177230299217626	0	5	[]	[1, 2, 3, 4, 5]	"[""unavailable"", ""unavailable"", ""unavailable"", ""unavailable"", ""unavailable""]"	"[""unavailable"", ""unavailable"", ""unavailable"", ""unavailable"", ""unavailable""]"	"[""unavailable"", ""unavailable"", ""unavailable"", ""unavailable"", ""unavailable""]"	unavailable	unavailable	unavailable	unavailable	unavailable	[558800896, 559038464, 558743552, 558825472, 558813184]	[999714816, 999731200, 999653376, 999682048, 999743488]	[440913920, 440692736, 440909824, 440856576, 440930304]	558813184	999714816	12288	0	5	false	[]	[]	1.118752211050014	true	true	unavailable	false	false	"[""slowdown — validated""]"	[]	"[""slowdown — validated""]"	false	false	false
ltl2dba_C2_unreal_pb_13_pe_.ltl	false	"[""UNREALIZABLE"", ""UNREALIZABLE"", ""UNREALIZABLE"", ""UNREALIZABLE"", ""UNREALIZABLE""]"	"[""UNREALIZABLE""]"	5	5/5	"[""UNREALIZABLE"", ""UNREALIZABLE"", ""UNREALIZABLE"", ""UNREALIZABLE"", ""UNREALIZABLE""]"	"[""UNREALIZABLE""]"	5	5/5	[1.1013753149891272, 1.1913842530047987, 1.190571707993513, 1.1309834839776158, 1.2068267010035925]	[1.1447213270002976, 1.1993032149912324, 1.1657707869890146, 1.1859220960177481, 1.1833185039577074]	[0.04334601201117039, 0.007918961986433715, -0.024800921004498377, 0.054938612040132284, -0.023508197045885026]	1.190571707993513	1.1833185039577074	0.016254993010079488	2	3	[3, 5]	[1, 2, 4]	"[""unavailable"", ""unavailable"", ""unavailable"", ""unavailable"", ""unavailable""]"	"[""unavailable"", ""unavailable"", ""unavailable"", ""unavailable"", ""unavailable""]"	"[""unavailable"", ""unavailable"", ""unavailable"", ""unavailable"", ""unavailable""]"	unavailable	unavailable	unavailable	unavailable	unavailable	[98013184, 98041856, 98095104, 97923072, 98013184]	[97984512, 97980416, 98095104, 97804288, 97898496]	[-28672, -61440, 0, -118784, -114688]	98013184	97980416	28672	4	0	false	[]	[]	0.05952858539967565	false	false	unavailable	false	false	[]	[]	[]	false	false	false
ltl2dba_R_pb_6_pe_.ltl	false	"[""UNREALIZABLE"", ""UNREALIZABLE"", ""UNREALIZABLE"", ""UNREALIZABLE"", ""UNREALIZABLE""]"	"[""UNREALIZABLE""]"	5	5/5	"[""UNREALIZABLE"", ""UNREALIZABLE"", ""UNREALIZABLE"", ""UNREALIZABLE"", ""UNREALIZABLE""]"	"[""UNREALIZABLE""]"	5	5/5	[0.581903076992603, 0.5569771630107425, 0.5805523300077766, 0.5653892509872094, 0.5549718430265784]	[0.582089878997067, 0.609945484000491, 0.5517936919932254, 0.5908812340348959, 0.5724685480236076]	[0.00018680200446397066, 0.05296832098974846, -0.028758638014551252, 0.025491983047686517, 0.017496704997029155]	0.5653892509872094	0.582089878997067	0.010417407960630953	1	4	[3]	[1, 2, 4, 5]	"[""unavailable"", ""unavailable"", ""unavailable"", ""unavailable"", ""unavailable""]"	"[""unavailable"", ""unavailable"", ""unavailable"", ""unavailable"", ""unavailable""]"	"[""unavailable"", ""unavailable"", ""unavailable"", ""unavailable"", ""unavailable""]"	unavailable	unavailable	unavailable	unavailable	unavailable	[24346624, 24363008, 24432640, 24457216, 24104960]	[24100864, 24293376, 24317952, 24248320, 24408064]	[-245760, -69632, -114688, -208896, 303104]	24363008	24293376	69632	4	1	false	[]	[]	0.05	false	false	unavailable	false	false	[]	[]	[]	false	false	false
ltl2dba_R_pb_8_pe_.ltl	false	"[""UNREALIZABLE"", ""UNREALIZABLE"", ""UNREALIZABLE"", ""UNREALIZABLE"", ""UNREALIZABLE""]"	"[""UNREALIZABLE""]"	5	5/5	"[""UNREALIZABLE"", ""UNREALIZABLE"", ""UNREALIZABLE"", ""UNREALIZABLE"", ""UNREALIZABLE""]"	"[""UNREALIZABLE""]"	5	5/5	[84.12510624300921, 84.08251129600103, 82.48005827100133, 82.10269225703087, 81.37244505499257]	[81.68806552598835, 82.79621638101526, 80.20131435801159, 82.10421038698405, 83.15734652598621]	[-2.4370407170208637, -1.286294914985774, -2.2787439129897393, 0.0015181299531832337, 1.7849014709936455]	82.48005827100133	82.10421038698405	1.1076132160087582	3	2	[1, 2, 3]	[4, 5]	"[""unavailable"", ""unavailable"", ""unavailable"", ""unavailable"", ""unavailable""]"	"[""unavailable"", ""unavailable"", ""unavailable"", ""unavailable"", ""unavailable""]"	"[""unavailable"", ""unavailable"", ""unavailable"", ""unavailable"", ""unavailable""]"	unavailable	unavailable	unavailable	unavailable	unavailable	[311410688, 311640064, 311369728, 311578624, 311496704]	[828809216, 865734656, 813240320, 893886464, 873779200]	[517398528, 554094592, 501870592, 582307840, 562282496]	311496704	865734656	86016	0	5	false	[]	[]	4.124002913550067	false	false	unavailable	false	false	[]	[]	[]	false	false	false
ltl2dba_theta_pb_12_pe_.ltl	false	"[""UNREALIZABLE"", ""UNREALIZABLE"", ""UNREALIZABLE"", ""UNREALIZABLE"", ""UNREALIZABLE""]"	"[""UNREALIZABLE""]"	5	5/5	"[""UNREALIZABLE"", ""UNREALIZABLE"", ""UNREALIZABLE"", ""UNREALIZABLE"", ""UNREALIZABLE""]"	"[""UNREALIZABLE""]"	5	5/5	[2.370606868993491, 2.3685583639889956, 2.201711977017112, 2.100746273994446, 2.289958579989616]	[2.2778001760016195, 2.324753076012712, 2.3452359040093143, 2.3995049750083126, 2.2982602799893357]	[-0.09280669299187139, -0.04380528797628358, 0.14352392699220218, 0.2987587010138668, 0.008301699999719858]	2.289958579989616	2.324753076012712	0.0806482890038751	2	3	[1, 2]	[3, 4, 5]	"[""unavailable"", ""unavailable"", ""unavailable"", ""unavailable"", ""unavailable""]"	"[""unavailable"", ""unavailable"", ""unavailable"", ""unavailable"", ""unavailable""]"	"[""unavailable"", ""unavailable"", ""unavailable"", ""unavailable"", ""unavailable""]"	unavailable	unavailable	unavailable	unavailable	unavailable	[136564736, 136335360, 136474624, 130809856, 136376320]	[93753344, 130039808, 136556544, 136359936, 136421376]	[-42811392, -6295552, 81920, 5550080, 45056]	136376320	136359936	98304	2	3	false	[]	[]	0.1144979289994808	false	false	unavailable	false	false	[]	[]	[]	false	false	false
ordered-visits-choice-real.ltl	true	"[""UNKNOWN"", ""UNKNOWN"", ""UNKNOWN"", ""UNKNOWN"", ""UNKNOWN""]"	[]	0	0/5	"[""REALIZABLE"", ""REALIZABLE"", ""REALIZABLE"", ""REALIZABLE"", ""REALIZABLE""]"	"[""REALIZABLE""]"	5	5/5	[120.0, 120.0, 120.0, 120.0, 120.0]	[0.02233426200109534, 0.022310534986900166, 0.02890568398288451, 0.02806954301195219, 0.03313839097972959]	[-119.9776657379989, -119.9776894650131, -119.97109431601712, -119.97193045698805, -119.96686160902027]	120.0	0.02806954301195219	0.0	5	0	[1, 2, 3, 4, 5]	[]	"[""unavailable"", ""unavailable"", ""unavailable"", ""unavailable"", ""unavailable""]"	"[""unavailable"", ""unavailable"", ""unavailable"", ""unavailable"", ""unavailable""]"	"[""unavailable"", ""unavailable"", ""unavailable"", ""unavailable"", ""unavailable""]"	unavailable	unavailable	unavailable	unavailable	unavailable	[22425600, 22487040, 22503424, 22315008, 22507520]	[20164608, 20193280, 20283392, 20275200, 20275200]	[-2260992, -2293760, -2220032, -2039808, -2232320]	22487040	20275200	20480	5	0	false	[]	[]	6.0	false	false	unavailable	false	false	[]	[]	"[""changed round statuses""]"	false	false	false
patrolling-alarm17.ltl	false	"[""UNREALIZABLE"", ""UNREALIZABLE"", ""UNREALIZABLE"", ""UNREALIZABLE"", ""UNREALIZABLE""]"	"[""UNREALIZABLE""]"	5	5/5	"[""UNREALIZABLE"", ""UNREALIZABLE"", ""UNREALIZABLE"", ""UNREALIZABLE"", ""UNREALIZABLE""]"	"[""UNREALIZABLE""]"	5	5/5	[0.4507606150000356, 0.4531672710145358, 0.45361857101670466, 0.4486143420217559, 0.4370064709801227]	[0.43595285099581815, 0.44912898298935033, 0.443192957987776, 0.42502834904007614, 0.419941442029085]	[-0.01480776400421746, -0.004038288025185466, -0.010425613028928638, -0.023585992981679738, -0.017065028951037675]	0.4507606150000356	0.43595285099581815	0.002406656014500186	5	0	[1, 2, 3, 4, 5]	[]	"[""unavailable"", ""unavailable"", ""unavailable"", ""unavailable"", ""unavailable""]"	"[""unavailable"", ""unavailable"", ""unavailable"", ""unavailable"", ""unavailable""]"	"[""unavailable"", ""unavailable"", ""unavailable"", ""unavailable"", ""unavailable""]"	unavailable	unavailable	unavailable	unavailable	unavailable	[51519488, 51650560, 51458048, 51474432, 51609600]	[74371072, 75161600, 73887744, 74645504, 74162176]	[22851584, 23511040, 22429696, 23171072, 22552576]	51519488	74371072	61440	0	5	false	[]	[]	0.05	false	false	unavailable	false	false	[]	[]	[]	false	false	false
patrolling-alarm18.ltl	false	"[""UNREALIZABLE"", ""UNREALIZABLE"", ""UNREALIZABLE"", ""UNREALIZABLE"", ""UNREALIZABLE""]"	"[""UNREALIZABLE""]"	5	5/5	"[""UNREALIZABLE"", ""UNREALIZABLE"", ""UNREALIZABLE"", ""UNREALIZABLE"", ""UNREALIZABLE""]"	"[""UNREALIZABLE""]"	5	5/5	[0.49903606600128114, 0.4713693239900749, 0.5065979180217255, 0.5126642130198888, 0.48507563897874206]	[0.5373599189915694, 0.4853590080165304, 0.49064304199418984, 0.491221816977486, 0.5099019780172966]	[0.03832385299028829, 0.013989684026455507, -0.015954876027535647, -0.021442396042402834, 0.02482633903855458]	0.49903606600128114	0.491221816977486	0.013628147018607706	2	3	[3, 4]	[1, 2, 5]	"[""unavailable"", ""unavailable"", ""unavailable"", ""unavailable"", ""unavailable""]"	"[""unavailable"", ""unavailable"", ""unavailable"", ""unavailable"", ""unavailable""]"	"[""unavailable"", ""unavailable"", ""unavailable"", ""unavailable"", ""unavailable""]"	unavailable	unavailable	unavailable	unavailable	unavailable	[53456896, 53420032, 53350400, 53497856, 53354496]	[92450816, 92221440, 94683136, 94265344, 92823552]	[38993920, 38801408, 41332736, 40767488, 39469056]	53420032	92823552	65536	0	5	false	[]	[]	0.05	false	false	unavailable	false	false	[]	[]	[]	false	false	false
patrolling-alarm19.ltl	false	"[""UNREALIZABLE"", ""UNREALIZABLE"", ""UNREALIZABLE"", ""UNREALIZABLE"", ""UNREALIZABLE""]"	"[""UNREALIZABLE""]"	5	5/5	"[""UNREALIZABLE"", ""UNREALIZABLE"", ""UNREALIZABLE"", ""UNREALIZABLE"", ""UNREALIZABLE""]"	"[""UNREALIZABLE""]"	5	5/5	[0.565163476014277, 0.5635938140039798, 0.5425849589810241, 0.5257422120193951, 0.5224132769508287]	[0.494935107009951, 0.5662676409992855, 0.5211334089981392, 0.5133212379878387, 0.4946565310237929]	[-0.07022836900432594, 0.002673826995305717, -0.0214515499828849, -0.012420974031556398, -0.02775674592703581]	0.5425849589810241	0.5133212379878387	0.02017168203019537	4	1	[1, 3, 4, 5]	[2]	"[""unavailable"", ""unavailable"", ""unavailable"", ""unavailable"", ""unavailable""]"	"[""unavailable"", ""unavailable"", ""unavailable"", ""unavailable"", ""unavailable""]"	"[""unavailable"", ""unavailable"", ""unavailable"", ""unavailable"", ""unavailable""]"	unavailable	unavailable	unavailable	unavailable	unavailable	[56188928, 56532992, 56569856, 56246272, 56053760]	[93470720, 98238464, 94359552, 94945280, 93233152]	[37281792, 41705472, 37789696, 38699008, 37179392]	56246272	94359552	192512	0	5	false	[]	[]	0.05	false	false	unavailable	false	false	[]	[]	[]	false	false	false
patrolling-alarm20.ltl	false	"[""UNREALIZABLE"", ""UNREALIZABLE"", ""UNREALIZABLE"", ""UNREALIZABLE"", ""UNREALIZABLE""]"	"[""UNREALIZABLE""]"	5	5/5	"[""UNREALIZABLE"", ""UNREALIZABLE"", ""UNREALIZABLE"", ""UNREALIZABLE"", ""UNREALIZABLE""]"	"[""UNREALIZABLE""]"	5	5/5	[0.586945185001241, 0.5529178489814512, 0.636481224995805, 0.5306267139967531, 0.5576810190104879]	[0.5533278239890933, 0.552244613005314, 0.5943338430079166, 0.5479830370168202, 0.5781448379857466]	[-0.03361736101214774, -0.0006732359761372209, -0.042147381987888366, 0.017356323020067066, 0.02046381897525862]	0.5576810190104879	0.5533278239890933	0.027054305013734847	3	2	[1, 2, 3]	[4, 5]	"[""unavailable"", ""unavailable"", ""unavailable"", ""unavailable"", ""unavailable""]"	"[""unavailable"", ""unavailable"", ""unavailable"", ""unavailable"", ""unavailable""]"	"[""unavailable"", ""unavailable"", ""unavailable"", ""unavailable"", ""unavailable""]"	unavailable	unavailable	unavailable	unavailable	unavailable	[60182528, 59949056, 61218816, 59949056, 59998208]	[102936576, 102797312, 104931328, 102555648, 102633472]	[42754048, 42848256, 43712512, 42606592, 42635264]	59998208	102797312	49152	0	5	false	[]	[]	0.05	false	false	unavailable	false	false	[]	[]	[]	false	false	false
patrolling-alarm21.ltl	false	"[""UNREALIZABLE"", ""UNREALIZABLE"", ""UNREALIZABLE"", ""UNREALIZABLE"", ""UNREALIZABLE""]"	"[""UNREALIZABLE""]"	5	5/5	"[""UNREALIZABLE"", ""UNREALIZABLE"", ""UNREALIZABLE"", ""UNREALIZABLE"", ""UNREALIZABLE""]"	"[""UNREALIZABLE""]"	5	5/5	[0.6547699499933515, 0.5990940919728018, 0.5881166259932797, 0.5624340150388889, 0.6052956220228225]	[0.6247379400010686, 0.6042302240093704, 0.6189452830003574, 0.5719534539966844, 0.5814207830117084]	[-0.030032009992282838, 0.005136132036568597, 0.03082865700707771, 0.0095194389577955, -0.02387483901111409]	0.5990940919728018	0.6042302240093704	0.010977465979522094	2	3	[1, 5]	[2, 3, 4]	"[""unavailable"", ""unavailable"", ""unavailable"", ""unavailable"", ""unavailable""]"	"[""unavailable"", ""unavailable"", ""unavailable"", ""unavailable"", ""unavailable""]"	"[""unavailable"", ""unavailable"", ""unavailable"", ""unavailable"", ""unavailable""]"	unavailable	unavailable	unavailable	unavailable	unavailable	[63651840, 63561728, 63700992, 63614976, 63504384]	[109649920, 112607232, 110043136, 107839488, 109248512]	[45998080, 49045504, 46342144, 44224512, 45744128]	63614976	109649920	53248	0	5	false	[]	[]	0.05	false	false	unavailable	false	false	[]	[]	[]	false	false	false
patrolling-alarm22.ltl	false	"[""UNREALIZABLE"", ""UNREALIZABLE"", ""UNREALIZABLE"", ""UNREALIZABLE"", ""UNREALIZABLE""]"	"[""UNREALIZABLE""]"	5	5/5	"[""UNREALIZABLE"", ""UNREALIZABLE"", ""UNREALIZABLE"", ""UNREALIZABLE"", ""UNREALIZABLE""]"	"[""UNREALIZABLE""]"	5	5/5	[0.6498769629979506, 0.6533835130103398, 0.6814937470189761, 0.6396788090351038, 0.6320457449764945]	[0.5854305720131379, 0.6456939240160864, 0.6149648310092743, 0.6056840230012313, 0.5693453960120678]	[-0.06444639098481275, -0.007689588994253427, -0.06652891600970179, -0.033994786033872515, -0.06270034896442667]	0.6498769629979506	0.6056840230012313	0.010198153962846845	5	0	[1, 2, 3, 4, 5]	[]	"[""unavailable"", ""unavailable"", ""unavailable"", ""unavailable"", ""unavailable""]"	"[""unavailable"", ""unavailable"", ""unavailable"", ""unavailable"", ""unavailable""]"	"[""unavailable"", ""unavailable"", ""unavailable"", ""unavailable"", ""unavailable""]"	unavailable	unavailable	unavailable	unavailable	unavailable	[66768896, 67133440, 66830336, 66772992, 66949120]	[109387776, 112287744, 111644672, 110956544, 108826624]	[42618880, 45154304, 44814336, 44183552, 41877504]	66830336	110956544	61440	0	5	false	[]	[]	0.05	false	false	unavailable	false	false	[]	[]	[]	false	false	false
patrolling-alarm23.ltl	false	"[""UNREALIZABLE"", ""UNREALIZABLE"", ""UNREALIZABLE"", ""UNREALIZABLE"", ""UNREALIZABLE""]"	"[""UNREALIZABLE""]"	5	5/5	"[""UNREALIZABLE"", ""UNREALIZABLE"", ""UNREALIZABLE"", ""UNREALIZABLE"", ""UNREALIZABLE""]"	"[""UNREALIZABLE""]"	5	5/5	[0.6582559470261913, 0.7044289719779044, 0.7290790020197164, 0.6445824070251547, 0.6317290209699422]	[0.6790070119895972, 0.6950841399957426, 0.6825754539750051, 0.6781741480226628, 0.693817269988358]	[0.020751064963405952, -0.00934483198216185, -0.04650354804471135, 0.03359174099750817, 0.06208824901841581]	0.6582559470261913	0.6825754539750051	0.026526926056249067	2	3	[2, 3]	[1, 4, 5]	"[""unavailable"", ""unavailable"", ""unavailable"", ""unavailable"", ""unavailable""]"	"[""unavailable"", ""unavailable"", ""unavailable"", ""unavailable"", ""unavailable""]"	"[""unavailable"", ""unavailable"", ""unavailable"", ""unavailable"", ""unavailable""]"	unavailable	unavailable	unavailable	unavailable	unavailable	[70676480, 70955008, 70901760, 70639616, 70754304]	[120950784, 111448064, 122007552, 120651776, 119259136]	[50274304, 40493056, 51105792, 50012160, 48504832]	70754304	120651776	114688	0	5	false	[]	[]	0.05	false	false	unavailable	false	false	[]	[]	[]	false	false	false
patrolling-alarm24.ltl	false	"[""UNREALIZABLE"", ""UNREALIZABLE"", ""UNREALIZABLE"", ""UNREALIZABLE"", ""UNREALIZABLE""]"	"[""UNREALIZABLE""]"	5	5/5	"[""UNREALIZABLE"", ""UNREALIZABLE"", ""UNREALIZABLE"", ""UNREALIZABLE"", ""UNREALIZABLE""]"	"[""UNREALIZABLE""]"	5	5/5	[0.7564665930112824, 0.7277511949941982, 0.7320311229850631, 0.7156324420357123, 0.7180322860367596]	[0.719876060000388, 0.7377538950240705, 0.6702309940010309, 0.6932882479741238, 0.7207896710024215]	[-0.03659053301089443, 0.010002700029872358, -0.0618001289840322, -0.022344194061588496, 0.002757384965661913]	0.7277511949941982	0.719876060000388	0.009718908957438543	3	2	[1, 3, 4]	[2, 5]	"[""unavailable"", ""unavailable"", ""unavailable"", ""unavailable"", ""unavailable""]"	"[""unavailable"", ""unavailable"", ""unavailable"", ""unavailable"", ""unavailable""]"	"[""unavailable"", ""unavailable"", ""unavailable"", ""unavailable"", ""unavailable""]"	unavailable	unavailable	unavailable	unavailable	unavailable	[74539008, 74891264, 74969088, 74698752, 74842112]	[131354624, 130273280, 127471616, 129699840, 130453504]	[56815616, 55382016, 52502528, 55001088, 55611392]	74842112	130273280	126976	0	5	false	[]	[]	0.05	false	false	unavailable	false	false	[]	[]	[]	false	false	false
patrolling-alarm25.ltl	false	"[""UNREALIZABLE"", ""UNREALIZABLE"", ""UNREALIZABLE"", ""UNREALIZABLE"", ""UNREALIZABLE""]"	"[""UNREALIZABLE""]"	5	5/5	"[""UNREALIZABLE"", ""UNREALIZABLE"", ""UNREALIZABLE"", ""UNREALIZABLE"", ""UNREALIZABLE""]"	"[""UNREALIZABLE""]"	5	5/5	[0.8080777279974427, 0.7610527329961769, 0.7755715499806684, 0.7249480300233699, 0.8009614780312404]	[0.7488638459763024, 0.7632654200133402, 0.7027447879954707, 0.7438699469785206, 0.7450109179480933]	[-0.05921388202114031, 0.0022126870171632618, -0.07282676198519766, 0.018921916955150664, -0.05595056008314714]	0.7755715499806684	0.7450109179480933	0.025389928050572053	3	2	[1, 3, 5]	[2, 4]	"[""unavailable"", ""unavailable"", ""unavailable"", ""unavailable"", ""unavailable""]"	"[""unavailable"", ""unavailable"", ""unavailable"", ""unavailable"", ""unavailable""]"	"[""unavailable"", ""unavailable"", ""unavailable"", ""unavailable"", ""unavailable""]"	unavailable	unavailable	unavailable	unavailable	unavailable	[78524416, 78512128, 78352384, 78323712, 78307328]	[132804608, 138530816, 133378048, 130564096, 130510848]	[54280192, 60018688, 55025664, 52240384, 52203520]	78352384	132804608	45056	0	5	false	[]	[]	0.05	false	false	unavailable	false	false	[]	[]	[]	false	false	false
patrolling-alarm26.ltl	false	"[""UNREALIZABLE"", ""UNREALIZABLE"", ""UNREALIZABLE"", ""UNREALIZABLE"", ""UNREALIZABLE""]"	"[""UNREALIZABLE""]"	5	5/5	"[""UNREALIZABLE"", ""UNREALIZABLE"", ""UNREALIZABLE"", ""UNREALIZABLE"", ""UNREALIZABLE""]"	"[""UNREALIZABLE""]"	5	5/5	[0.8800762479950208, 0.8183711410092656, 0.787808519002283, 0.7350225719856098, 0.8357626079814509]	[0.8035000349918846, 0.8430523959978018, 0.8160199380072299, 0.7161386119551025, 0.8231542219873518]	[-0.07657621300313622, 0.02468125498853624, 0.028211419004946947, -0.018883960030507296, -0.01260838599409908]	0.8183711410092656	0.8160199380072299	0.030562622006982565	3	2	[1, 4, 5]	[2, 3]	"[""unavailable"", ""unavailable"", ""unavailable"", ""unavailable"", ""unavailable""]"	"[""unavailable"", ""unavailable"", ""unavailable"", ""unavailable"", ""unavailable""]"	"[""unavailable"", ""unavailable"", ""unavailable"", ""unavailable"", ""unavailable""]"	unavailable	unavailable	unavailable	unavailable	unavailable	[82919424, 83152896, 82821120, 82915328, 82829312]	[146657280, 147226624, 144711680, 145575936, 148004864]	[63737856, 64073728, 61890560, 62660608, 65175552]	82915328	146657280	86016	0	5	false	[]	[]	0.05	false	false	unavailable	false	false	[]	[]	[]	false	false	false
patrolling17.ltl	false	"[""UNREALIZABLE"", ""UNREALIZABLE"", ""UNREALIZABLE"", ""UNREALIZABLE"", ""UNREALIZABLE""]"	"[""UNREALIZABLE""]"	5	5/5	"[""UNREALIZABLE"", ""UNREALIZABLE"", ""UNREALIZABLE"", ""UNREALIZABLE"", ""UNREALIZABLE""]"	"[""UNREALIZABLE""]"	5	5/5	[0.44791739599895664, 0.4563950009760447, 0.4071845040016342, 0.45451750501524657, 0.4471061989897862]	[0.43379724500118755, 0.47311959898797795, 0.44346010498702526, 0.4212431689957157, 0.43637001601746306]	[-0.014120150997769088, 0.016724598011933267, 0.036275600985391065, -0.03327433601953089, -0.01073618297232315]	0.44791739599895664	0.43637001601746306	0.0066001090162899345	3	2	[1, 4, 5]	[2, 3]	"[""unavailable"", ""unavailable"", ""unavailable"", ""unavailable"", ""unavailable""]"	"[""unavailable"", ""unavailable"", ""unavailable"", ""unavailable"", ""unavailable""]"	"[""unavailable"", ""unavailable"", ""unavailable"", ""unavailable"", ""unavailable""]"	unavailable	unavailable	unavailable	unavailable	unavailable	[51404800, 51523584, 51490816, 51609600, 51601408]	[74850304, 78467072, 74747904, 76660736, 74260480]	[23445504, 26943488, 23257088, 25051136, 22659072]	51523584	74850304	77824	0	5	false	[]	[]	0.05	false	false	unavailable	false	false	[]	[]	[]	false	false	false
patrolling18.ltl	false	"[""UNREALIZABLE"", ""UNREALIZABLE"", ""UNREALIZABLE"", ""UNREALIZABLE"", ""UNREALIZABLE""]"	"[""UNREALIZABLE""]"	5	5/5	"[""UNREALIZABLE"", ""UNREALIZABLE"", ""UNREALIZABLE"", ""UNREALIZABLE"", ""UNREALIZABLE""]"	"[""UNREALIZABLE""]"	5	5/5	[0.48942982201697305, 0.4871316399949137, 0.5158742239873391, 0.46692911797435954, 0.5050298569840379]	[0.5248046070046257, 0.4808064739918336, 0.47977172999526374, 0.4967421659966931, 0.5051351509755477]	[0.035374784987652674, -0.006325166003080085, -0.036102493992075324, 0.029813048022333533, 0.00010529399150982499]	0.48942982201697305	0.4967421659966931	0.015600034967064857	2	3	[2, 3]	[1, 4, 5]	"[""unavailable"", ""unavailable"", ""unavailable"", ""unavailable"", ""unavailable""]"	"[""unavailable"", ""unavailable"", ""unavailable"", ""unavailable"", ""unavailable""]"	"[""unavailable"", ""unavailable"", ""unavailable"", ""unavailable"", ""unavailable""]"	unavailable	unavailable	unavailable	unavailable	unavailable	[53207040, 53493760, 53358592, 53403648, 53342208]	[92590080, 92282880, 93339648, 92020736, 92721152]	[39383040, 38789120, 39981056, 38617088, 39378944]	53358592	92590080	45056	0	5	false	[]	[]	0.05	false	false	unavailable	false	false	[]	[]	[]	false	false	false
patrolling19.ltl	false	"[""UNREALIZABLE"", ""UNREALIZABLE"", ""UNREALIZABLE"", ""UNREALIZABLE"", ""UNREALIZABLE""]"	"[""UNREALIZABLE""]"	5	5/5	"[""UNREALIZABLE"", ""UNREALIZABLE"", ""UNREALIZABLE"", ""UNREALIZABLE"", ""UNREALIZABLE""]"	"[""UNREALIZABLE""]"	5	5/5	[0.5321440609986894, 0.4945614210155327, 0.5484249459987041, 0.48068708000937477, 0.5285734710050747]	[0.5561697959783487, 0.5431649670063052, 0.48596209299284965, 0.5126865089987405, 0.5173746719956398]	[0.02402573497965932, 0.048603545990772545, -0.06246285300585441, 0.0319994289893657, -0.011198799009434879]	0.5285734710050747	0.5173746719956398	0.01985147499362938	2	3	[3, 5]	[1, 2, 4]	"[""unavailable"", ""unavailable"", ""unavailable"", ""unavailable"", ""unavailable""]"	"[""unavailable"", ""unavailable"", ""unavailable"", ""unavailable"", ""unavailable""]"	"[""unavailable"", ""unavailable"", ""unavailable"", ""unavailable"", ""unavailable""]"	unavailable	unavailable	unavailable	unavailable	unavailable	[56266752, 55971840, 56295424, 56320000, 56131584]	[96477184, 96657408, 95375360, 94785536, 94515200]	[40210432, 40685568, 39079936, 38465536, 38383616]	56266752	95375360	53248	0	5	false	[]	[]	0.05	false	false	unavailable	false	false	[]	[]	[]	false	false	false
patrolling20.ltl	false	"[""UNREALIZABLE"", ""UNREALIZABLE"", ""UNREALIZABLE"", ""UNREALIZABLE"", ""UNREALIZABLE""]"	"[""UNREALIZABLE""]"	5	5/5	"[""UNREALIZABLE"", ""UNREALIZABLE"", ""UNREALIZABLE"", ""UNREALIZABLE"", ""UNREALIZABLE""]"	"[""UNREALIZABLE""]"	5	5/5	[0.5725044359860476, 0.6002456239948515, 0.5495092880155426, 0.5138735600048676, 0.5470686350017786]	[0.557372924988158, 0.5990818489808589, 0.5905913629976567, 0.5858376779942773, 0.550541217031423]	[-0.015131510997889563, -0.0011637750139925629, 0.041082074982114136, 0.07196411798940971, 0.0034725820296444]	0.5495092880155426	0.5858376779942773	0.02299514797050506	2	3	[1, 2]	[3, 4, 5]	"[""unavailable"", ""unavailable"", ""unavailable"", ""unavailable"", ""unavailable""]"	"[""unavailable"", ""unavailable"", ""unavailable"", ""unavailable"", ""unavailable""]"	"[""unavailable"", ""unavailable"", ""unavailable"", ""unavailable"", ""unavailable""]"	unavailable	unavailable	unavailable	unavailable	unavailable	[59822080, 59817984, 59883520, 59895808, 59719680]	[100753408, 102625280, 102653952, 101240832, 100212736]	[40931328, 42807296, 42770432, 41345024, 40493056]	59822080	101240832	61440	0	5	false	[]	[]	0.05	false	false	unavailable	false	false	[]	[]	[]	false	false	false
patrolling21.ltl	false	"[""UNREALIZABLE"", ""UNREALIZABLE"", ""UNREALIZABLE"", ""UNREALIZABLE"", ""UNREALIZABLE""]"	"[""UNREALIZABLE""]"	5	5/5	"[""UNREALIZABLE"", ""UNREALIZABLE"", ""UNREALIZABLE"", ""UNREALIZABLE"", ""UNREALIZABLE""]"	"[""UNREALIZABLE""]"	5	5/5	[0.6056563610036392, 0.627816221996909, 0.6203004940180108, 0.616541180992499, 0.6072051049559377]	[0.6181886720005423, 0.6436011889891233, 0.626952432008693, 0.5847146940068342, 0.5612566760391928]	[0.012532310996903107, 0.015784966992214322, 0.0066519379906822, -0.031826486985664815, -0.04594842891674489]	0.616541180992499	0.6181886720005423	0.00933607603656128	2	3	[4, 5]	[1, 2, 3]	"[""unavailable"", ""unavailable"", ""unavailable"", ""unavailable"", ""unavailable""]"	"[""unavailable"", ""unavailable"", ""unavailable"", ""unavailable"", ""unavailable""]"	"[""unavailable"", ""unavailable"", ""unavailable"", ""unavailable"", ""unavailable""]"	unavailable	unavailable	unavailable	unavailable	unavailable	[63463424, 63455232, 63541248, 63565824, 63410176]	[109821952, 106881024, 112123904, 107393024, 105324544]	[46358528, 43425792, 48582656, 43827200, 41914368]	63463424	107393024	53248	0	5	false	[]	[]	0.05	false	false	unavailable	false	false	[]	[]	[]	false	false	false
patrolling22.ltl	false	"[""UNREALIZABLE"", ""UNREALIZABLE"", ""UNREALIZABLE"", ""UNREALIZABLE"", ""UNREALIZABLE""]"	"[""UNREALIZABLE""]"	5	5/5	"[""UNREALIZABLE"", ""UNREALIZABLE"", ""UNREALIZABLE"", ""UNREALIZABLE"", ""UNREALIZABLE""]"	"[""UNREALIZABLE""]"	5	5/5	[0.6353610270016361, 0.6895515810174402, 0.6395701509900391, 0.5972133009927347, 0.6737042799941264]	[0.6404891589772888, 0.6970941180188674, 0.6441129049926531, 0.6066922270110808, 0.6264410550356843]	[0.00512813197565265, 0.007542537001427263, 0.004542754002613947, 0.009478926018346101, -0.04726322495844215]	0.6395701509900391	0.6404891589772888	0.0341341290040873	1	4	[5]	[1, 2, 3, 4]	"[""unavailable"", ""unavailable"", ""unavailable"", ""unavailable"", ""unavailable""]"	"[""unavailable"", ""unavailable"", ""unavailable"", ""unavailable"", ""unavailable""]"	"[""unavailable"", ""unavailable"", ""unavailable"", ""unavailable"", ""unavailable""]"	unavailable	unavailable	unavailable	unavailable	unavailable	[66936832, 67641344, 66732032, 67067904, 66793472]	[112537600, 113487872, 112062464, 112640000, 109944832]	[45600768, 45846528, 45330432, 45572096, 43151360]	66936832	112537600	143360	0	5	false	[]	[]	0.05	false	false	unavailable	false	false	[]	[]	[]	false	false	false
patrolling23.ltl	false	"[""UNREALIZABLE"", ""UNREALIZABLE"", ""UNREALIZABLE"", ""UNREALIZABLE"", ""UNREALIZABLE""]"	"[""UNREALIZABLE""]"	5	5/5	"[""UNREALIZABLE"", ""UNREALIZABLE"", ""UNREALIZABLE"", ""UNREALIZABLE"", ""UNREALIZABLE""]"	"[""UNREALIZABLE""]"	5	5/5	[0.6803605440072715, 0.70969495002646, 0.6687411110033281, 0.6744630159810185, 0.6785047589801252]	[0.6987335539888591, 0.6803893390169833, 0.6803011310112197, 0.6069618790061213, 0.6384043839643709]	[0.01837300998158753, -0.029305611009476706, 0.01156002000789158, -0.06750113697489724, -0.04010037501575425]	0.6785047589801252	0.6803011310112197	0.004041742999106646	3	2	[2, 4, 5]	[1, 3]	"[""unavailable"", ""unavailable"", ""unavailable"", ""unavailable"", ""unavailable""]"	"[""unavailable"", ""unavailable"", ""unavailable"", ""unavailable"", ""unavailable""]"	"[""unavailable"", ""unavailable"", ""unavailable"", ""unavailable"", ""unavailable""]"	unavailable	unavailable	unavailable	unavailable	unavailable	[71004160, 70680576, 70656000, 69976064, 70418432]	[121516032, 119001088, 120623104, 117682176, 119992320]	[50511872, 48320512, 49967104, 47706112, 49573888]	70656000	119992320	237568	0	5	false	[]	[]	0.05	false	false	unavailable	false	false	[]	[]	[]	false	false	false
patrolling24.ltl	false	"[""UNREALIZABLE"", ""UNREALIZABLE"", ""UNREALIZABLE"", ""UNREALIZABLE"", ""UNREALIZABLE""]"	"[""UNREALIZABLE""]"	5	5/5	"[""UNREALIZABLE"", ""UNREALIZABLE"", ""UNREALIZABLE"", ""UNREALIZABLE"", ""UNREALIZABLE""]"	"[""UNREALIZABLE""]"	5	5/5	[0.7811794340086635, 0.7821248150139581, 0.7565688530157786, 0.6883488229941577, 0.6952527890098281]	[0.7173786619969178, 0.7301504500210285, 0.735266685980605, 0.7043004899751395, 0.7170164640410803]	[-0.06380077201174572, -0.05197436499292962, -0.021302167035173625, 0.015951666980981827, 0.021763675031252205]	0.7565688530157786	0.7173786619969178	0.025555961998179555	3	2	[1, 2, 3]	[4, 5]	"[""unavailable"", ""unavailable"", ""unavailable"", ""unavailable"", ""unavailable""]"	"[""unavailable"", ""unavailable"", ""unavailable"", ""unavailable"", ""unavailable""]"	"[""unavailable"", ""unavailable"", ""unavailable"", ""unavailable"", ""unavailable""]"	unavailable	unavailable	unavailable	unavailable	unavailable	[74481664, 74801152, 74768384, 74567680, 74588160]	[127369216, 129421312, 132116480, 128163840, 131203072]	[52887552, 54620160, 57348096, 53596160, 56614912]	74588160	129421312	106496	0	5	false	[]	[]	0.05	false	false	unavailable	false	false	[]	[]	[]	false	false	false
patrolling25.ltl	false	"[""UNREALIZABLE"", ""UNREALIZABLE"", ""UNREALIZABLE"", ""UNREALIZABLE"", ""UNREALIZABLE""]"	"[""UNREALIZABLE""]"	5	5/5	"[""UNREALIZABLE"", ""UNREALIZABLE"", ""UNREALIZABLE"", ""UNREALIZABLE"", ""UNREALIZABLE""]"	"[""UNREALIZABLE""]"	5	5/5	[0.7803069000074174, 0.7695841829990968, 0.7854592289950233, 0.7115003290236928, 0.7423357129446231]	[0.7519608659786172, 0.8164969639910851, 0.7215477740101051, 0.7808489319868386, 0.7470039439504035]	[-0.028346034028800204, 0.04691278099198826, -0.06391145498491824, 0.06934860296314582, 0.004668231005780399]	0.7695841829990968	0.7519608659786172	0.015875045995926484	2	3	[1, 3]	[2, 4, 5]	"[""unavailable"", ""unavailable"", ""unavailable"", ""unavailable"", ""unavailable""]"	"[""unavailable"", ""unavailable"", ""unavailable"", ""unavailable"", ""unavailable""]"	"[""unavailable"", ""unavailable"", ""unavailable"", ""unavailable"", ""unavailable""]"	unavailable	unavailable	unavailable	unavailable	unavailable	[78393344, 78639104, 78467072, 78393344, 78520320]	[134152192, 134979584, 132546560, 132661248, 132026368]	[55758848, 56340480, 54079488, 54267904, 53506048]	78467072	132661248	73728	0	5	false	[]	[]	0.05	false	false	unavailable	false	false	[]	[]	[]	false	false	false
reversible-lane-r-real.ltl	false	"[""TIMEOUT"", ""TIMEOUT"", ""TIMEOUT"", ""TIMEOUT"", ""TIMEOUT""]"	[]	0	0/5	"[""MEMOUT"", ""MEMOUT"", ""MEMOUT"", ""MEMOUT"", ""MEMOUT""]"	[]	0	0/5	[120.0, 120.0, 120.0, 120.0, 120.0]	[120.0, 120.0, 120.0, 120.0, 120.0]	[0.0, 0.0, 0.0, 0.0, 0.0]	120.0	120.0	0.0	0	0	[]	[]	"[""unavailable"", ""unavailable"", ""unavailable"", ""unavailable"", ""unavailable""]"	[8589934592, 8589934592, 8589934592, 8589934592, 8589934592]	"[""unavailable"", ""unavailable"", ""unavailable"", ""unavailable"", ""unavailable""]"	unavailable	8589934592	unavailable	unavailable	unavailable	"[""unavailable"", ""unavailable"", ""unavailable"", ""unavailable"", ""unavailable""]"	"[""unavailable"", ""unavailable"", ""unavailable"", ""unavailable"", ""unavailable""]"	"[""unavailable"", ""unavailable"", ""unavailable"", ""unavailable"", ""unavailable""]"	unavailable	unavailable	unavailable	unavailable	unavailable	false	[]	"[""MEMOUT""]"	6.0	false	false	unavailable	false	false	"[""new/increased failure: MEMOUT""]"	[]	"[""changed round statuses"", ""new/increased failure: MEMOUT""]"	false	false	false
robot-cat-real-1d-real.ltl	false	"[""REALIZABLE"", ""REALIZABLE"", ""REALIZABLE"", ""REALIZABLE"", ""REALIZABLE""]"	"[""REALIZABLE""]"	5	5/5	"[""REALIZABLE"", ""REALIZABLE"", ""REALIZABLE"", ""REALIZABLE"", ""REALIZABLE""]"	"[""REALIZABLE""]"	5	5/5	[2.868686269997852, 2.540224219992524, 2.6687715990119614, 2.452149705030024, 2.643847375002224]	[2.400296765001258, 2.332939877989702, 2.342541222984437, 2.2385870550060645, 2.3321754449862055]	[-0.46838950499659404, -0.2072843420028221, -0.32623037602752447, -0.21356265002395958, -0.31167193001601845]	2.643847375002224	2.332939877989702	0.10362315500969999	5	0	[1, 2, 3, 4, 5]	[]	"[""unavailable"", ""unavailable"", ""unavailable"", ""unavailable"", ""unavailable""]"	"[""unavailable"", ""unavailable"", ""unavailable"", ""unavailable"", ""unavailable""]"	"[""unavailable"", ""unavailable"", ""unavailable"", ""unavailable"", ""unavailable""]"	unavailable	unavailable	unavailable	unavailable	unavailable	[118693888, 118906880, 118820864, 118902784, 118865920]	[118829056, 118714368, 118837248, 118812672, 118820864]	[135168, -192512, 16384, -90112, -45056]	118865920	118820864	40960	3	2	false	[]	[]	0.1321923687501112	false	false	unavailable	false	false	[]	[]	[]	false	false	false
robot-grid-commute-1d-real.ltl	false	"[""REALIZABLE"", ""REALIZABLE"", ""REALIZABLE"", ""REALIZABLE"", ""REALIZABLE""]"	"[""REALIZABLE""]"	5	5/5	"[""REALIZABLE"", ""REALIZABLE"", ""REALIZABLE"", ""REALIZABLE"", ""REALIZABLE""]"	"[""REALIZABLE""]"	5	5/5	[2.197271661978448, 2.1112054260156583, 2.0394049840106163, 1.982362192007713, 1.9400162399979308]	[1.822050496994052, 1.648321118002059, 1.8011731049919035, 1.854283225024119, 1.786667801963631]	[-0.3752211649843957, -0.46288430801359937, -0.2382318790187128, -0.128078966983594, -0.15334843803429976]	2.0394049840106163	1.8011731049919035	0.07180044200504199	5	0	[1, 2, 3, 4, 5]	[]	"[""unavailable"", ""unavailable"", ""unavailable"", ""unavailable"", ""unavailable""]"	"[""unavailable"", ""unavailable"", ""unavailable"", ""unavailable"", ""unavailable""]"	"[""unavailable"", ""unavailable"", ""unavailable"", ""unavailable"", ""unavailable""]"	unavailable	unavailable	unavailable	unavailable	unavailable	[172113920, 172167168, 172163072, 172068864, 172060672]	[172081152, 172085248, 172011520, 172015616, 172085248]	[-32768, -81920, -151552, -53248, 24576]	172113920	172081152	49152	4	1	false	[]	[]	0.10197024920053083	false	false	unavailable	false	false	[]	[]	[]	false	false	false
robot-grid-reach-2d-real.ltl	false	"[""REALIZABLE"", ""REALIZABLE"", ""REALIZABLE"", ""REALIZABLE"", ""REALIZABLE""]"	"[""REALIZABLE""]"	5	5/5	"[""REALIZABLE"", ""REALIZABLE"", ""REALIZABLE"", ""REALIZABLE"", ""REALIZABLE""]"	"[""REALIZABLE""]"	5	5/5	[3.0164175470126793, 2.999798878998263, 2.952785347995814, 2.9934746340150014, 3.0055435759713873]	[2.8345656919991598, 3.0053135720081627, 2.7031718130165245, 2.855455197975971, 2.893315726018045]	[-0.18185185501351953, 0.005514693009899929, -0.2496135349792894, -0.13801943603903055, -0.11222784995334223]	2.999798878998263	2.855455197975971	0.006324244983261451	4	1	[1, 3, 4, 5]	[2]	"[""unavailable"", ""unavailable"", ""unavailable"", ""unavailable"", ""unavailable""]"	"[""unavailable"", ""unavailable"", ""unavailable"", ""unavailable"", ""unavailable""]"	"[""unavailable"", ""unavailable"", ""unavailable"", ""unavailable"", ""unavailable""]"	unavailable	unavailable	unavailable	unavailable	unavailable	[164990976, 164843520, 164982784, 164872192, 164917248]	[164761600, 164921344, 164765696, 164806656, 164851712]	[-229376, 77824, -217088, -65536, -65536]	164917248	164806656	65536	4	1	false	[]	[]	0.14998994394991313	false	false	unavailable	false	false	[]	[]	[]	false	false	false
robot-grid-reach-repeated-with-obstacles-2d-real.ltl	false	"[""REALIZABLE"", ""REALIZABLE"", ""REALIZABLE"", ""REALIZABLE"", ""REALIZABLE""]"	"[""REALIZABLE""]"	5	5/5	"[""REALIZABLE"", ""REALIZABLE"", ""REALIZABLE"", ""REALIZABLE"", ""REALIZABLE""]"	"[""REALIZABLE""]"	5	5/5	[12.414507680019597, 12.278631327004405, 12.506179547985084, 11.857593986031134, 12.23272354499204]	[7.438775385002373, 8.063919937005267, 8.16357228497509, 7.411775559012312, 7.86782668804517]	[-4.975732295017224, -4.214711389999138, -4.342607263009995, -4.445818427018821, -4.364896856946871]	12.278631327004405	7.86782668804517	0.13587635301519185	5	0	[1, 2, 3, 4, 5]	[]	"[""unavailable"", ""unavailable"", ""unavailable"", ""unavailable"", ""unavailable""]"	"[""unavailable"", ""unavailable"", ""unavailable"", ""unavailable"", ""unavailable""]"	"[""unavailable"", ""unavailable"", ""unavailable"", ""unavailable"", ""unavailable""]"	unavailable	unavailable	unavailable	unavailable	unavailable	[946163712, 946204672, 946192384, 945983488, 946171904]	[778850304, 759447552, 758972416, 762736640, 776548352]	[-167313408, -186757120, -187219968, -183246848, -169623552]	946171904	762736640	20480	5	0	false	[]	[]	0.6139315663502203	false	false	unavailable	false	false	[]	[]	[]	false	false	false
robot-resource-2d14.ltl	false	"[""UNREALIZABLE"", ""UNREALIZABLE"", ""UNREALIZABLE"", ""UNREALIZABLE"", ""UNREALIZABLE""]"	"[""UNREALIZABLE""]"	5	5/5	"[""UNREALIZABLE"", ""UNREALIZABLE"", ""UNREALIZABLE"", ""UNREALIZABLE"", ""UNREALIZABLE""]"	"[""UNREALIZABLE""]"	5	5/5	[2.2160847749910317, 2.300147150992416, 2.143304073018953, 2.2129657680052333, 2.200138528016396]	[2.3931662579998374, 2.167341970023699, 2.35300221099169, 2.164038246963173, 2.250930896960199]	[0.17708148300880566, -0.13280518096871674, 0.20969813797273673, -0.04892752104206011, 0.05079236894380301]	2.2129657680052333	2.250930896960199	0.012827239988837391	2	3	[2, 4]	[1, 3, 5]	"[""unavailable"", ""unavailable"", ""unavailable"", ""unavailable"", ""unavailable""]"	"[""unavailable"", ""unavailable"", ""unavailable"", ""unavailable"", ""unavailable""]"	"[""unavailable"", ""unavailable"", ""unavailable"", ""unavailable"", ""unavailable""]"	unavailable	unavailable	unavailable	unavailable	unavailable	[44670976, 44457984, 44695552, 44580864, 44691456]	[44699648, 44625920, 44646400, 44670976, 44658688]	[28672, 167936, -49152, 90112, -32768]	44670976	44658688	24576	2	3	false	[]	[]	0.11064828840026167	false	false	unavailable	false	false	[]	[]	[]	false	false	false
robot-resource-2d15.ltl	false	"[""UNREALIZABLE"", ""UNREALIZABLE"", ""UNREALIZABLE"", ""UNREALIZABLE"", ""UNREALIZABLE""]"	"[""UNREALIZABLE""]"	5	5/5	"[""UNREALIZABLE"", ""UNREALIZABLE"", ""UNREALIZABLE"", ""UNREALIZABLE"", ""UNREALIZABLE""]"	"[""UNREALIZABLE""]"	5	5/5	[2.3455903340072837, 2.3903398099937476, 2.2405527220107615, 2.269814800005406, 2.47695353301242]	[2.3494360790064093, 2.3871360949997324, 2.2860884990077466, 2.293039058044087, 2.430209978017956]	[0.0038457449991256, -0.003203714994015172, 0.04553577699698508, 0.023224258038681, -0.04674355499446392]	2.3455903340072837	2.3494360790064093	0.07577553400187753	2	3	[2, 5]	[1, 3, 4]	"[""unavailable"", ""unavailable"", ""unavailable"", ""unavailable"", ""unavailable""]"	"[""unavailable"", ""unavailable"", ""unavailable"", ""unavailable"", ""unavailable""]"	"[""unavailable"", ""unavailable"", ""unavailable"", ""unavailable"", ""unavailable""]"	unavailable	unavailable	unavailable	unavailable	unavailable	[44539904, 44703744, 44793856, 44765184, 44703744]	[44728320, 44728320, 44593152, 44785664, 44793856]	[188416, 24576, -200704, 20480, 90112]	44703744	44728320	61440	1	4	false	[]	[]	0.11727951670036418	false	false	unavailable	false	false	[]	[]	[]	false	false	false
robot-resource-2d17.ltl	false	"[""UNREALIZABLE"", ""UNREALIZABLE"", ""UNREALIZABLE"", ""UNREALIZABLE"", ""UNREALIZABLE""]"	"[""UNREALIZABLE""]"	5	5/5	"[""UNREALIZABLE"", ""UNREALIZABLE"", ""UNREALIZABLE"", ""UNREALIZABLE"", ""UNREALIZABLE""]"	"[""UNREALIZABLE""]"	5	5/5	[7.904608114011353, 7.512588493991643, 7.34957689998555, 7.168468272022437, 7.231142806995194]	[7.5101302319963, 7.505644962016959, 7.281425341003342, 7.501654758991208, 7.4541725140297785]	[-0.3944778820150532, -0.006943531974684447, -0.06815155898220837, 0.3331864869687706, 0.22302970703458413]	7.34957689998555	7.501654758991208	0.16301159400609322	3	2	[1, 2, 3]	[4, 5]	"[""unavailable"", ""unavailable"", ""unavailable"", ""unavailable"", ""unavailable""]"	"[""unavailable"", ""unavailable"", ""unavailable"", ""unavailable"", ""unavailable""]"	"[""unavailable"", ""unavailable"", ""unavailable"", ""unavailable"", ""unavailable""]"	unavailable	unavailable	unavailable	unavailable	unavailable	[82006016, 82178048, 82132992, 82124800, 82223104]	[82149376, 82149376, 82153472, 82079744, 82075648]	[143360, -28672, 20480, -45056, -147456]	82132992	82149376	45056	3	2	false	[]	[]	0.3674788449992775	false	false	unavailable	false	false	[]	[]	[]	false	false	false
robot-resource-2d19.ltl	false	"[""UNREALIZABLE"", ""UNREALIZABLE"", ""UNREALIZABLE"", ""UNREALIZABLE"", ""UNREALIZABLE""]"	"[""UNREALIZABLE""]"	5	5/5	"[""UNREALIZABLE"", ""UNREALIZABLE"", ""UNREALIZABLE"", ""UNREALIZABLE"", ""UNREALIZABLE""]"	"[""UNREALIZABLE""]"	5	5/5	[8.660166665998986, 8.074786048993701, 8.293325663980795, 7.973830613947939, 7.820077586977277]	[8.417716684984043, 8.621601380989887, 8.065785759012215, 8.39594258996658, 8.287088610988576]	[-0.24244998101494275, 0.5468153319961857, -0.22753990496858023, 0.42211197601864114, 0.467011024011299]	8.074786048993701	8.39594258996658	0.21853961498709396	2	3	[1, 3]	[2, 4, 5]	"[""unavailable"", ""unavailable"", ""unavailable"", ""unavailable"", ""unavailable""]"	"[""unavailable"", ""unavailable"", ""unavailable"", ""unavailable"", ""unavailable""]"	"[""unavailable"", ""unavailable"", ""unavailable"", ""unavailable"", ""unavailable""]"	unavailable	unavailable	unavailable	unavailable	unavailable	[82313216, 82251776, 82415616, 82288640, 82182144]	[82264064, 82190336, 82268160, 82350080, 82223104]	[-49152, -61440, -147456, 61440, 40960]	82288640	82264064	36864	3	2	false	[]	[]	0.4037393024496851	false	false	unavailable	false	false	[]	[]	[]	false	false	false
robot-resource-2d21.ltl	false	"[""UNREALIZABLE"", ""UNREALIZABLE"", ""UNREALIZABLE"", ""UNREALIZABLE"", ""UNREALIZABLE""]"	"[""UNREALIZABLE""]"	5	5/5	"[""UNREALIZABLE"", ""UNREALIZABLE"", ""UNREALIZABLE"", ""UNREALIZABLE"", ""UNREALIZABLE""]"	"[""UNREALIZABLE""]"	5	5/5	[9.1272083609947, 9.110299583000597, 9.028938275994733, 8.863766077964101, 8.962991449981928]	[9.265270089003025, 9.071909735997906, 9.222033083991846, 9.158014482003637, 9.15247755200835]	[0.13806172800832428, -0.03838984700269066, 0.1930948079971131, 0.29424840403953567, 0.18948610202642158]	9.028938275994733	9.158014482003637	0.08136130700586364	1	4	[2]	[1, 3, 4, 5]	"[""unavailable"", ""unavailable"", ""unavailable"", ""unavailable"", ""unavailable""]"	"[""unavailable"", ""unavailable"", ""unavailable"", ""unavailable"", ""unavailable""]"	"[""unavailable"", ""unavailable"", ""unavailable"", ""unavailable"", ""unavailable""]"	unavailable	unavailable	unavailable	unavailable	unavailable	[82276352, 82219008, 82235392, 82186240, 82280448]	[82296832, 82313216, 82124800, 82219008, 82202624]	[20480, 94208, -110592, 32768, -77824]	82235392	82219008	40960	2	3	false	[]	[]	0.45144691379973667	false	false	unavailable	false	false	[]	[]	[]	false	false	false
robot-resource-2d8.ltl	false	"[""UNREALIZABLE"", ""UNREALIZABLE"", ""UNREALIZABLE"", ""UNREALIZABLE"", ""UNREALIZABLE""]"	"[""UNREALIZABLE""]"	5	5/5	"[""UNREALIZABLE"", ""UNREALIZABLE"", ""UNREALIZABLE"", ""UNREALIZABLE"", ""UNREALIZABLE""]"	"[""UNREALIZABLE""]"	5	5/5	[1.37828441298916, 1.2608315419929568, 1.2601107690134086, 1.3620097789680585, 1.3489960440201685]	[1.370495301001938, 1.3167693849827629, 1.3440201340126805, 1.3990340490126982, 1.3596294129965827]	[-0.007789111987221986, 0.055937842989806086, 0.08390936499927193, 0.03702427004463971, 0.010633368976414204]	1.3489960440201685	1.3596294129965827	0.029288368968991563	1	4	[1]	[2, 3, 4, 5]	"[""unavailable"", ""unavailable"", ""unavailable"", ""unavailable"", ""unavailable""]"	"[""unavailable"", ""unavailable"", ""unavailable"", ""unavailable"", ""unavailable""]"	"[""unavailable"", ""unavailable"", ""unavailable"", ""unavailable"", ""unavailable""]"	unavailable	unavailable	unavailable	unavailable	unavailable	[44281856, 44240896, 44371968, 44326912, 44326912]	[44281856, 44412928, 44261376, 44298240, 44363776]	[0, 172032, -110592, -28672, 36864]	44326912	44298240	45056	2	2	false	[]	[]	0.06744980220100842	false	false	unavailable	false	false	[]	[]	[]	false	false	false
robot-resource-2d9.ltl	false	"[""UNREALIZABLE"", ""UNREALIZABLE"", ""UNREALIZABLE"", ""UNREALIZABLE"", ""UNREALIZABLE""]"	"[""UNREALIZABLE""]"	5	5/5	"[""UNREALIZABLE"", ""UNREALIZABLE"", ""UNREALIZABLE"", ""UNREALIZABLE"", ""UNREALIZABLE""]"	"[""UNREALIZABLE""]"	5	5/5	[1.4578522660012823, 1.552521131990943, 1.5211722860112786, 1.5207296030130237, 1.4215657070162706]	[1.456765136012109, 1.5206768320058472, 1.492867440014379, 1.4636343310121447, 1.3983242110116407]	[-0.0010871299891732633, -0.03184429998509586, -0.02830484599689953, -0.05709527200087905, -0.02324149600462988]	1.5207296030130237	1.4636343310121447	0.03179152897791937	5	0	[1, 2, 3, 4, 5]	[]	"[""unavailable"", ""unavailable"", ""unavailable"", ""unavailable"", ""unavailable""]"	"[""unavailable"", ""unavailable"", ""unavailable"", ""unavailable"", ""unavailable""]"	"[""unavailable"", ""unavailable"", ""unavailable"", ""unavailable"", ""unavailable""]"	unavailable	unavailable	unavailable	unavailable	unavailable	[44449792, 44503040, 44445696, 44445696, 44310528]	[44462080, 44535808, 44191744, 44486656, 44404736]	[12288, 32768, -253952, 40960, 94208]	44445696	44462080	4096	1	4	false	[]	[]	0.07603648015065119	false	false	unavailable	false	false	[]	[]	[]	false	false	false
robot-to-target-charging0.ltl	false	"[""UNREALIZABLE"", ""UNREALIZABLE"", ""UNREALIZABLE"", ""UNREALIZABLE"", ""UNREALIZABLE""]"	"[""UNREALIZABLE""]"	5	5/5	"[""UNREALIZABLE"", ""UNREALIZABLE"", ""UNREALIZABLE"", ""UNREALIZABLE"", ""UNREALIZABLE""]"	"[""UNREALIZABLE""]"	5	5/5	[0.9783325319876894, 0.9672251050069463, 0.8886407369864173, 0.9540066890185699, 0.9828882139991038]	[0.9763024490093812, 0.9450752290140372, 0.8893877149967011, 0.9468357490259223, 0.9262779579730704]	[-0.002030082978308201, -0.022149875992909074, 0.0007469780102837831, -0.007170939992647618, -0.05661025602603331]	0.9672251050069463	0.9450752290140372	0.013218415988376364	4	1	[1, 2, 4, 5]	[3]	"[""unavailable"", ""unavailable"", ""unavailable"", ""unavailable"", ""unavailable""]"	"[""unavailable"", ""unavailable"", ""unavailable"", ""unavailable"", ""unavailable""]"	"[""unavailable"", ""unavailable"", ""unavailable"", ""unavailable"", ""unavailable""]"	unavailable	unavailable	unavailable	unavailable	unavailable	[46370816, 46333952, 46305280, 46370816, 46301184]	[46305280, 46366720, 46268416, 46268416, 46370816]	[-65536, 32768, -36864, -102400, 69632]	46333952	46305280	32768	3	2	false	[]	[]	0.05	false	false	unavailable	false	false	[]	[]	[]	false	false	false
robot-to-target-charging13.ltl	false	"[""UNREALIZABLE"", ""UNREALIZABLE"", ""UNREALIZABLE"", ""UNREALIZABLE"", ""UNREALIZABLE""]"	"[""UNREALIZABLE""]"	5	5/5	"[""UNREALIZABLE"", ""UNREALIZABLE"", ""UNREALIZABLE"", ""UNREALIZABLE"", ""UNREALIZABLE""]"	"[""UNREALIZABLE""]"	5	5/5	[69.26645260502119, 68.9514807019732, 69.88941484299721, 69.8460098360083, 67.36767232499551]	[70.39399244901142, 68.19367629699991, 68.94238871100242, 67.6730847240542, 66.68434047198389]	[1.1275398439902347, -0.7578044049732853, -0.9470261319947895, -2.1729251119541004, -0.683331853011623]	69.26645260502119	68.19367629699991	0.5795572309871204	4	1	[2, 3, 4, 5]	[1]	"[""unavailable"", ""unavailable"", ""unavailable"", ""unavailable"", ""unavailable""]"	"[""unavailable"", ""unavailable"", ""unavailable"", ""unavailable"", ""unavailable""]"	"[""unavailable"", ""unavailable"", ""unavailable"", ""unavailable"", ""unavailable""]"	unavailable	unavailable	unavailable	unavailable	unavailable	[1974730752, 1974595584, 1974800384, 1974665216, 1974620160]	[1974439936, 1974525952, 1974747136, 1974530048, 1974616064]	[-290816, -69632, -53248, -135168, -4096]	1974665216	1974530048	65536	5	0	false	[]	[]	3.4633226302510596	false	false	unavailable	false	false	[]	[]	[]	false	false	false
robot-to-target-charging14.ltl	false	"[""MEMOUT"", ""UNREALIZABLE"", ""MEMOUT"", ""UNREALIZABLE"", ""MEMOUT""]"	"[""UNREALIZABLE""]"	2	2/5	"[""UNREALIZABLE"", ""MEMOUT"", ""UNREALIZABLE"", ""MEMOUT"", ""MEMOUT""]"	"[""UNREALIZABLE""]"	2	2/5	[120.0, 102.51343978699879, 120.0, 96.43532474798849, 120.0]	[99.78133389897994, 120.0, 99.75427195400698, 120.0, 120.0]	[-20.218666101020062, 17.486560213001212, -20.24572804599302, 23.56467525201151, 0.0]	120.0	120.0	0.0	2	2	[1, 3]	[2, 4]	"[8589934592, ""unavailable"", 8589934592, ""unavailable"", 8589934592]"	"[""unavailable"", 8589934592, ""unavailable"", 8589934592, 8589934592]"	"[""unavailable"", ""unavailable"", ""unavailable"", ""unavailable"", 0]"	unavailable	unavailable	unavailable	unavailable	unavailable	"[""unavailable"", 4525686784, ""unavailable"", 4547096576, ""unavailable""]"	"[5080223744, ""unavailable"", 4821364736, ""unavailable"", ""unavailable""]"	"[""unavailable"", ""unavailable"", ""unavailable"", ""unavailable"", ""unavailable""]"	unavailable	unavailable	unavailable	unavailable	unavailable	false	[2, 4]	[]	6.0	false	false	unavailable	false	false	[]	"[""mixed paired verdict losses — unresolved, blocks admission""]"	"[""lost verdict in paired rounds [2, 4]"", ""changed round statuses"", ""mixed paired verdict losses — unresolved, blocks admission""]"	false	false	false
robot-to-target-charging5.ltl	false	"[""UNREALIZABLE"", ""UNREALIZABLE"", ""UNREALIZABLE"", ""UNREALIZABLE"", ""UNREALIZABLE""]"	"[""UNREALIZABLE""]"	5	5/5	"[""UNREALIZABLE"", ""UNREALIZABLE"", ""UNREALIZABLE"", ""UNREALIZABLE"", ""UNREALIZABLE""]"	"[""UNREALIZABLE""]"	5	5/5	[7.6625391469860915, 7.340908291982487, 7.345963833999122, 7.061635262973141, 7.306309513980523]	[7.450822785001947, 7.536195971973939, 7.132116210006643, 7.276276953984052, 7.3655372590292245]	[-0.2117163619841449, 0.19528767999145202, -0.21384762399247847, 0.21464169101091102, 0.05922774504870176]	7.340908291982487	7.3655372590292245	0.03459877800196409	2	3	[1, 3]	[2, 4, 5]	"[""unavailable"", ""unavailable"", ""unavailable"", ""unavailable"", ""unavailable""]"	"[""unavailable"", ""unavailable"", ""unavailable"", ""unavailable"", ""unavailable""]"	"[""unavailable"", ""unavailable"", ""unavailable"", ""unavailable"", ""unavailable""]"	unavailable	unavailable	unavailable	unavailable	unavailable	[143802368, 144064512, 143908864, 143949824, 143790080]	[143863808, 143769600, 143728640, 143958016, 143884288]	[61440, -294912, -180224, 8192, 94208]	143908864	143863808	106496	2	3	false	[]	[]	0.3670454145991244	false	false	unavailable	false	false	[]	[]	[]	false	false	false
robot-to-target0.ltl	false	"[""TIMEOUT"", ""TIMEOUT"", ""TIMEOUT"", ""TIMEOUT"", ""TIMEOUT""]"	[]	0	0/5	"[""MEMOUT"", ""MEMOUT"", ""MEMOUT"", ""MEMOUT"", ""MEMOUT""]"	[]	0	0/5	[120.0, 120.0, 120.0, 120.0, 120.0]	[120.0, 120.0, 120.0, 120.0, 120.0]	[0.0, 0.0, 0.0, 0.0, 0.0]	120.0	120.0	0.0	0	0	[]	[]	"[""unavailable"", ""unavailable"", ""unavailable"", ""unavailable"", ""unavailable""]"	[8589934592, 8589934592, 8589934592, 8589934592, 8589934592]	"[""unavailable"", ""unavailable"", ""unavailable"", ""unavailable"", ""unavailable""]"	unavailable	8589934592	unavailable	unavailable	unavailable	"[""unavailable"", ""unavailable"", ""unavailable"", ""unavailable"", ""unavailable""]"	"[""unavailable"", ""unavailable"", ""unavailable"", ""unavailable"", ""unavailable""]"	"[""unavailable"", ""unavailable"", ""unavailable"", ""unavailable"", ""unavailable""]"	unavailable	unavailable	unavailable	unavailable	unavailable	false	[]	"[""MEMOUT""]"	6.0	false	false	unavailable	false	false	"[""new/increased failure: MEMOUT""]"	[]	"[""changed round statuses"", ""new/increased failure: MEMOUT""]"	false	false	false
robot_collect_samples_v2-real.ltl	false	"[""REALIZABLE"", ""REALIZABLE"", ""REALIZABLE"", ""REALIZABLE"", ""REALIZABLE""]"	"[""REALIZABLE""]"	5	5/5	"[""REALIZABLE"", ""REALIZABLE"", ""REALIZABLE"", ""REALIZABLE"", ""REALIZABLE""]"	"[""REALIZABLE""]"	5	5/5	[64.77458358497825, 60.60637786798179, 62.3075449699827, 59.405377068032976, 63.76637764502084]	[59.37444237899035, 56.0673067010066, 55.393995055987034, 53.680357565986924, 54.30543966800906]	[-5.400141205987893, -4.539071166975191, -6.913549913995666, -5.725019502046052, -9.460937977011781]	62.3075449699827	55.393995055987034	1.701167102000909	5	0	[1, 2, 3, 4, 5]	[]	"[""unavailable"", ""unavailable"", ""unavailable"", ""unavailable"", ""unavailable""]"	"[""unavailable"", ""unavailable"", ""unavailable"", ""unavailable"", ""unavailable""]"	"[""unavailable"", ""unavailable"", ""unavailable"", ""unavailable"", ""unavailable""]"	unavailable	unavailable	unavailable	unavailable	unavailable	[1532424192, 1628643328, 1536532480, 1536200704, 1530863616]	[1517457408, 1517363200, 1517506560, 1517600768, 1517748224]	[-14966784, -111280128, -19025920, -18599936, -13115392]	1536200704	1517506560	3776512	5	0	false	[]	[]	3.115377248499135	false	false	unavailable	false	false	[]	[]	[]	false	false	false
robot_grid_pb_3_3_pe_.ltl	false	"[""REALIZABLE"", ""REALIZABLE"", ""REALIZABLE"", ""REALIZABLE"", ""REALIZABLE""]"	"[""REALIZABLE""]"	5	5/5	"[""REALIZABLE"", ""REALIZABLE"", ""REALIZABLE"", ""REALIZABLE"", ""REALIZABLE""]"	"[""REALIZABLE""]"	5	5/5	[0.17493214199203067, 0.1780409509956371, 0.16977969999425113, 0.1524404709925875, 0.16830101900268346]	[0.25634592899587005, 0.2713530589826405, 0.26515857499907725, 0.27837503101909533, 0.24910197098506615]	[0.08141378700383939, 0.0933121079870034, 0.09537887500482611, 0.12593456002650782, 0.08080095198238268]	0.16977969999425113	0.26515857499907725	0.005152441997779533	0	5	[]	[1, 2, 3, 4, 5]	"[""unavailable"", ""unavailable"", ""unavailable"", ""unavailable"", ""unavailable""]"	"[""unavailable"", ""unavailable"", ""unavailable"", ""unavailable"", ""unavailable""]"	"[""unavailable"", ""unavailable"", ""unavailable"", ""unavailable"", ""unavailable""]"	unavailable	unavailable	unavailable	unavailable	unavailable	[40865792, 40763392, 40779776, 40910848, 40792064]	[42110976, 42164224, 42229760, 42217472, 42221568]	[1245184, 1400832, 1449984, 1306624, 1429504]	40792064	42217472	28672	0	5	false	[]	[]	0.05	true	true	unavailable	false	false	"[""slowdown — validated""]"	[]	"[""slowdown — validated""]"	false	false	false
robot_grid_pb_4_4_pe_.ltl	false	"[""REALIZABLE"", ""REALIZABLE"", ""REALIZABLE"", ""REALIZABLE"", ""REALIZABLE""]"	"[""REALIZABLE""]"	5	5/5	"[""REALIZABLE"", ""REALIZABLE"", ""REALIZABLE"", ""REALIZABLE"", ""REALIZABLE""]"	"[""REALIZABLE""]"	5	5/5	[1.3488909989828244, 1.4395908500009682, 1.2039371200080495, 1.2612765350495465, 1.2525900829932652]	[1.771472456981428, 1.8708953899913467, 1.7219596679788083, 1.8656844070064835, 1.7114387080073357]	[0.4225814579986036, 0.43130453999037854, 0.5180225479707588, 0.604407871956937, 0.4588486250140704]	1.2612765350495465	1.771472456981428	0.05733941504149698	0	5	[]	[1, 2, 3, 4, 5]	"[""unavailable"", ""unavailable"", ""unavailable"", ""unavailable"", ""unavailable""]"	"[""unavailable"", ""unavailable"", ""unavailable"", ""unavailable"", ""unavailable""]"	"[""unavailable"", ""unavailable"", ""unavailable"", ""unavailable"", ""unavailable""]"	unavailable	unavailable	unavailable	unavailable	unavailable	[218890240, 218923008, 218890240, 218828800, 218836992]	[220225536, 220217344, 221147136, 220094464, 220274688]	[1335296, 1294336, 2256896, 1265664, 1437696]	218890240	220225536	32768	0	5	false	[]	[]	0.06306382675247733	true	true	unavailable	false	false	"[""slowdown — validated""]"	[]	"[""slowdown — validated""]"	false	false	false
robot_grid_pb_5_5_pe_.ltl	true	"[""TIMEOUT"", ""TIMEOUT"", ""TIMEOUT"", ""TIMEOUT"", ""TIMEOUT""]"	[]	0	0/5	"[""REALIZABLE"", ""REALIZABLE"", ""REALIZABLE"", ""REALIZABLE"", ""REALIZABLE""]"	"[""REALIZABLE""]"	5	5/5	[120.0, 120.0, 120.0, 120.0, 120.0]	[9.37378645897843, 9.369554889010033, 9.793039847980253, 9.049621831974946, 9.420746474992484]	[-110.62621354102157, -110.63044511098997, -110.20696015201975, -110.95037816802505, -110.57925352500752]	120.0	9.37378645897843	0.0	5	0	[1, 2, 3, 4, 5]	[]	"[""unavailable"", ""unavailable"", ""unavailable"", ""unavailable"", ""unavailable""]"	"[""unavailable"", ""unavailable"", ""unavailable"", ""unavailable"", ""unavailable""]"	"[""unavailable"", ""unavailable"", ""unavailable"", ""unavailable"", ""unavailable""]"	unavailable	unavailable	unavailable	unavailable	unavailable	"[""unavailable"", ""unavailable"", ""unavailable"", ""unavailable"", ""unavailable""]"	[1272811520, 1270784000, 1271578624, 1272766464, 1271046144]	"[""unavailable"", ""unavailable"", ""unavailable"", ""unavailable"", ""unavailable""]"	unavailable	1271578624	unavailable	unavailable	unavailable	false	[]	[]	6.0	false	false	unavailable	false	false	[]	[]	"[""changed round statuses""]"	false	false	false
robot_grid_pb_6_6_pe_.ltl	false	"[""TIMEOUT"", ""TIMEOUT"", ""TIMEOUT"", ""TIMEOUT"", ""TIMEOUT""]"	[]	0	0/5	"[""MEMOUT"", ""MEMOUT"", ""MEMOUT"", ""MEMOUT"", ""MEMOUT""]"	[]	0	0/5	[120.0, 120.0, 120.0, 120.0, 120.0]	[120.0, 120.0, 120.0, 120.0, 120.0]	[0.0, 0.0, 0.0, 0.0, 0.0]	120.0	120.0	0.0	0	0	[]	[]	"[""unavailable"", ""unavailable"", ""unavailable"", ""unavailable"", ""unavailable""]"	[8589934592, 8589934592, 8589934592, 8589934592, 8589934592]	"[""unavailable"", ""unavailable"", ""unavailable"", ""unavailable"", ""unavailable""]"	unavailable	8589934592	unavailable	unavailable	unavailable	"[""unavailable"", ""unavailable"", ""unavailable"", ""unavailable"", ""unavailable""]"	"[""unavailable"", ""unavailable"", ""unavailable"", ""unavailable"", ""unavailable""]"	"[""unavailable"", ""unavailable"", ""unavailable"", ""unavailable"", ""unavailable""]"	unavailable	unavailable	unavailable	unavailable	unavailable	false	[]	"[""MEMOUT""]"	6.0	false	false	unavailable	false	false	"[""new/increased failure: MEMOUT""]"	[]	"[""changed round statuses"", ""new/increased failure: MEMOUT""]"	false	false	false
round_robin_arbiter_unreal1_pb_2_15_pe_.ltl	false	"[""UNREALIZABLE"", ""UNREALIZABLE"", ""UNREALIZABLE"", ""UNREALIZABLE"", ""UNREALIZABLE""]"	"[""UNREALIZABLE""]"	5	5/5	"[""UNREALIZABLE"", ""UNREALIZABLE"", ""UNREALIZABLE"", ""UNREALIZABLE"", ""UNREALIZABLE""]"	"[""UNREALIZABLE""]"	5	5/5	[1.3562548959744163, 1.3044223700126167, 1.283276743022725, 1.3310524619882926, 1.2765491210157052]	[1.3923123140120879, 1.3943330769834574, 1.3001402139780112, 1.354604743013624, 1.3501068869954906]	[0.036057418037671596, 0.08991070697084069, 0.016863470955286175, 0.023552281025331467, 0.07355776597978547]	1.3044223700126167	1.354604743013624	0.026630091975675896	0	5	[]	[1, 2, 3, 4, 5]	"[""unavailable"", ""unavailable"", ""unavailable"", ""unavailable"", ""unavailable""]"	"[""unavailable"", ""unavailable"", ""unavailable"", ""unavailable"", ""unavailable""]"	"[""unavailable"", ""unavailable"", ""unavailable"", ""unavailable"", ""unavailable""]"	unavailable	unavailable	unavailable	unavailable	unavailable	[154472448, 154480640, 154390528, 154501120, 154226688]	[179998720, 180019200, 180170752, 179978240, 180072448]	[25526272, 25538560, 25780224, 25477120, 25845760]	154472448	180019200	28672	0	5	false	[]	[]	0.06522111850063084	false	false	unavailable	false	false	[]	[]	[]	false	false	false
round_robin_arbiter_unreal1_pb_2_16_pe_.ltl	false	"[""UNREALIZABLE"", ""UNREALIZABLE"", ""UNREALIZABLE"", ""UNREALIZABLE"", ""UNREALIZABLE""]"	"[""UNREALIZABLE""]"	5	5/5	"[""UNREALIZABLE"", ""UNREALIZABLE"", ""UNREALIZABLE"", ""UNREALIZABLE"", ""UNREALIZABLE""]"	"[""UNREALIZABLE""]"	5	5/5	[2.7790052100026514, 2.760848915990209, 2.9158071060082875, 2.54342587798601, 2.714952089008875]	[2.7386286900145933, 2.7977630410168786, 2.798690213006921, 2.839694904978387, 2.78027424600441]	[-0.040376519988058135, 0.03691412502666935, -0.1171168930013664, 0.2962690269923769, 0.0653221569955349]	2.760848915990209	2.7977630410168786	0.045896826981334016	2	3	[1, 3]	[2, 4, 5]	"[""unavailable"", ""unavailable"", ""unavailable"", ""unavailable"", ""unavailable""]"	"[""unavailable"", ""unavailable"", ""unavailable"", ""unavailable"", ""unavailable""]"	"[""unavailable"", ""unavailable"", ""unavailable"", ""unavailable"", ""unavailable""]"	unavailable	unavailable	unavailable	unavailable	unavailable	[162013184, 161968128, 162041856, 162123776, 162025472]	[342441984, 342417408, 342593536, 342388736, 342245376]	[180428800, 180449280, 180551680, 180264960, 180219904]	162025472	342417408	16384	0	5	false	[]	[]	0.13804244579951047	false	false	unavailable	false	false	[]	[]	[]	false	false	false
round_robin_arbiter_unreal1_pb_3_10_pe_.ltl	false	"[""TIMEOUT"", ""TIMEOUT"", ""TIMEOUT"", ""TIMEOUT"", ""TIMEOUT""]"	[]	0	0/5	"[""MEMOUT"", ""MEMOUT"", ""MEMOUT"", ""MEMOUT"", ""MEMOUT""]"	[]	0	0/5	[120.0, 120.0, 120.0, 120.0, 120.0]	[120.0, 120.0, 120.0, 120.0, 120.0]	[0.0, 0.0, 0.0, 0.0, 0.0]	120.0	120.0	0.0	0	0	[]	[]	"[""unavailable"", ""unavailable"", ""unavailable"", ""unavailable"", ""unavailable""]"	[8589934592, 8589934592, 8589934592, 8589934592, 8589934592]	"[""unavailable"", ""unavailable"", ""unavailable"", ""unavailable"", ""unavailable""]"	unavailable	8589934592	unavailable	unavailable	unavailable	"[""unavailable"", ""unavailable"", ""unavailable"", ""unavailable"", ""unavailable""]"	"[""unavailable"", ""unavailable"", ""unavailable"", ""unavailable"", ""unavailable""]"	"[""unavailable"", ""unavailable"", ""unavailable"", ""unavailable"", ""unavailable""]"	unavailable	unavailable	unavailable	unavailable	unavailable	false	[]	"[""MEMOUT""]"	6.0	false	false	unavailable	false	false	"[""new/increased failure: MEMOUT""]"	[]	"[""changed round statuses"", ""new/increased failure: MEMOUT""]"	false	false	false
round_robin_arbiter_unreal1_pb_3_11_pe_.ltl	false	"[""TIMEOUT"", ""TIMEOUT"", ""TIMEOUT"", ""TIMEOUT"", ""TIMEOUT""]"	[]	0	0/5	"[""MEMOUT"", ""MEMOUT"", ""MEMOUT"", ""MEMOUT"", ""MEMOUT""]"	[]	0	0/5	[120.0, 120.0, 120.0, 120.0, 120.0]	[120.0, 120.0, 120.0, 120.0, 120.0]	[0.0, 0.0, 0.0, 0.0, 0.0]	120.0	120.0	0.0	0	0	[]	[]	"[""unavailable"", ""unavailable"", ""unavailable"", ""unavailable"", ""unavailable""]"	[8589934592, 8589938688, 8589938688, 8589934592, 8589934592]	"[""unavailable"", ""unavailable"", ""unavailable"", ""unavailable"", ""unavailable""]"	unavailable	8589934592	unavailable	unavailable	unavailable	"[""unavailable"", ""unavailable"", ""unavailable"", ""unavailable"", ""unavailable""]"	"[""unavailable"", ""unavailable"", ""unavailable"", ""unavailable"", ""unavailable""]"	"[""unavailable"", ""unavailable"", ""unavailable"", ""unavailable"", ""unavailable""]"	unavailable	unavailable	unavailable	unavailable	unavailable	false	[]	"[""MEMOUT""]"	6.0	false	false	unavailable	false	false	"[""new/increased failure: MEMOUT""]"	[]	"[""changed round statuses"", ""new/increased failure: MEMOUT""]"	false	false	false
round_robin_arbiter_unreal1_pb_3_12_pe_.ltl	false	"[""TIMEOUT"", ""TIMEOUT"", ""TIMEOUT"", ""TIMEOUT"", ""TIMEOUT""]"	[]	0	0/5	"[""MEMOUT"", ""MEMOUT"", ""MEMOUT"", ""MEMOUT"", ""MEMOUT""]"	[]	0	0/5	[120.0, 120.0, 120.0, 120.0, 120.0]	[120.0, 120.0, 120.0, 120.0, 120.0]	[0.0, 0.0, 0.0, 0.0, 0.0]	120.0	120.0	0.0	0	0	[]	[]	"[""unavailable"", ""unavailable"", ""unavailable"", ""unavailable"", ""unavailable""]"	[8589934592, 8589934592, 8589934592, 8589934592, 8589934592]	"[""unavailable"", ""unavailable"", ""unavailable"", ""unavailable"", ""unavailable""]"	unavailable	8589934592	unavailable	unavailable	unavailable	"[""unavailable"", ""unavailable"", ""unavailable"", ""unavailable"", ""unavailable""]"	"[""unavailable"", ""unavailable"", ""unavailable"", ""unavailable"", ""unavailable""]"	"[""unavailable"", ""unavailable"", ""unavailable"", ""unavailable"", ""unavailable""]"	unavailable	unavailable	unavailable	unavailable	unavailable	false	[]	"[""MEMOUT""]"	6.0	false	false	unavailable	false	false	"[""new/increased failure: MEMOUT""]"	[]	"[""changed round statuses"", ""new/increased failure: MEMOUT""]"	false	false	false
round_robin_arbiter_unreal1_pb_3_13_pe_.ltl	false	"[""TIMEOUT"", ""TIMEOUT"", ""TIMEOUT"", ""TIMEOUT"", ""TIMEOUT""]"	[]	0	0/5	"[""MEMOUT"", ""MEMOUT"", ""MEMOUT"", ""MEMOUT"", ""MEMOUT""]"	[]	0	0/5	[120.0, 120.0, 120.0, 120.0, 120.0]	[120.0, 120.0, 120.0, 120.0, 120.0]	[0.0, 0.0, 0.0, 0.0, 0.0]	120.0	120.0	0.0	0	0	[]	[]	"[""unavailable"", ""unavailable"", ""unavailable"", ""unavailable"", ""unavailable""]"	[8589934592, 8589938688, 8589938688, 8589934592, 8589938688]	"[""unavailable"", ""unavailable"", ""unavailable"", ""unavailable"", ""unavailable""]"	unavailable	8589938688	unavailable	unavailable	unavailable	"[""unavailable"", ""unavailable"", ""unavailable"", ""unavailable"", ""unavailable""]"	"[""unavailable"", ""unavailable"", ""unavailable"", ""unavailable"", ""unavailable""]"	"[""unavailable"", ""unavailable"", ""unavailable"", ""unavailable"", ""unavailable""]"	unavailable	unavailable	unavailable	unavailable	unavailable	false	[]	"[""MEMOUT""]"	6.0	false	false	unavailable	false	false	"[""new/increased failure: MEMOUT""]"	[]	"[""changed round statuses"", ""new/increased failure: MEMOUT""]"	false	false	false
round_robin_arbiter_unreal1_pb_3_14_pe_.ltl	false	"[""TIMEOUT"", ""TIMEOUT"", ""TIMEOUT"", ""TIMEOUT"", ""TIMEOUT""]"	[]	0	0/5	"[""MEMOUT"", ""MEMOUT"", ""MEMOUT"", ""MEMOUT"", ""MEMOUT""]"	[]	0	0/5	[120.0, 120.0, 120.0, 120.0, 120.0]	[120.0, 120.0, 120.0, 120.0, 120.0]	[0.0, 0.0, 0.0, 0.0, 0.0]	120.0	120.0	0.0	0	0	[]	[]	"[""unavailable"", ""unavailable"", ""unavailable"", ""unavailable"", ""unavailable""]"	[8589934592, 8589934592, 8589934592, 8589934592, 8589934592]	"[""unavailable"", ""unavailable"", ""unavailable"", ""unavailable"", ""unavailable""]"	unavailable	8589934592	unavailable	unavailable	unavailable	"[""unavailable"", ""unavailable"", ""unavailable"", ""unavailable"", ""unavailable""]"	"[""unavailable"", ""unavailable"", ""unavailable"", ""unavailable"", ""unavailable""]"	"[""unavailable"", ""unavailable"", ""unavailable"", ""unavailable"", ""unavailable""]"	unavailable	unavailable	unavailable	unavailable	unavailable	false	[]	"[""MEMOUT""]"	6.0	false	false	unavailable	false	false	"[""new/increased failure: MEMOUT""]"	[]	"[""changed round statuses"", ""new/increased failure: MEMOUT""]"	false	false	false
round_robin_arbiter_unreal1_pb_3_15_pe_.ltl	false	"[""TIMEOUT"", ""TIMEOUT"", ""TIMEOUT"", ""TIMEOUT"", ""TIMEOUT""]"	[]	0	0/5	"[""MEMOUT"", ""MEMOUT"", ""MEMOUT"", ""MEMOUT"", ""MEMOUT""]"	[]	0	0/5	[120.0, 120.0, 120.0, 120.0, 120.0]	[120.0, 120.0, 120.0, 120.0, 120.0]	[0.0, 0.0, 0.0, 0.0, 0.0]	120.0	120.0	0.0	0	0	[]	[]	"[""unavailable"", ""unavailable"", ""unavailable"", ""unavailable"", ""unavailable""]"	[8589934592, 8589934592, 8589934592, 8589934592, 8589934592]	"[""unavailable"", ""unavailable"", ""unavailable"", ""unavailable"", ""unavailable""]"	unavailable	8589934592	unavailable	unavailable	unavailable	"[""unavailable"", ""unavailable"", ""unavailable"", ""unavailable"", ""unavailable""]"	"[""unavailable"", ""unavailable"", ""unavailable"", ""unavailable"", ""unavailable""]"	"[""unavailable"", ""unavailable"", ""unavailable"", ""unavailable"", ""unavailable""]"	unavailable	unavailable	unavailable	unavailable	unavailable	false	[]	"[""MEMOUT""]"	6.0	false	false	unavailable	false	false	"[""new/increased failure: MEMOUT""]"	[]	"[""changed round statuses"", ""new/increased failure: MEMOUT""]"	false	false	false
round_robin_arbiter_unreal1_pb_3_16_pe_.ltl	false	"[""TIMEOUT"", ""TIMEOUT"", ""TIMEOUT"", ""TIMEOUT"", ""TIMEOUT""]"	[]	0	0/5	"[""MEMOUT"", ""MEMOUT"", ""MEMOUT"", ""MEMOUT"", ""MEMOUT""]"	[]	0	0/5	[120.0, 120.0, 120.0, 120.0, 120.0]	[120.0, 120.0, 120.0, 120.0, 120.0]	[0.0, 0.0, 0.0, 0.0, 0.0]	120.0	120.0	0.0	0	0	[]	[]	"[""unavailable"", ""unavailable"", ""unavailable"", ""unavailable"", ""unavailable""]"	[8589934592, 8589934592, 8589934592, 8589934592, 8589934592]	"[""unavailable"", ""unavailable"", ""unavailable"", ""unavailable"", ""unavailable""]"	unavailable	8589934592	unavailable	unavailable	unavailable	"[""unavailable"", ""unavailable"", ""unavailable"", ""unavailable"", ""unavailable""]"	"[""unavailable"", ""unavailable"", ""unavailable"", ""unavailable"", ""unavailable""]"	"[""unavailable"", ""unavailable"", ""unavailable"", ""unavailable"", ""unavailable""]"	unavailable	unavailable	unavailable	unavailable	unavailable	false	[]	"[""MEMOUT""]"	6.0	false	false	unavailable	false	false	"[""new/increased failure: MEMOUT""]"	[]	"[""changed round statuses"", ""new/increased failure: MEMOUT""]"	false	false	false
round_robin_arbiter_unreal1_pb_3_6_pe_.ltl	false	"[""UNREALIZABLE"", ""UNREALIZABLE"", ""UNREALIZABLE"", ""UNREALIZABLE"", ""UNREALIZABLE""]"	"[""UNREALIZABLE""]"	5	5/5	"[""UNREALIZABLE"", ""UNREALIZABLE"", ""UNREALIZABLE"", ""UNREALIZABLE"", ""UNREALIZABLE""]"	"[""UNREALIZABLE""]"	5	5/5	[1.0787520839949138, 1.0483987919869833, 1.0748474250140134, 0.9879276240244508, 1.0371531139826402]	[1.0395951120008249, 1.0878292349807452, 1.0676429930026643, 1.0082753640017472, 1.0566249170224182]	[-0.03915697199408896, 0.03943044299376197, -0.007204432011349127, 0.020347739977296442, 0.019471803039778024]	1.0483987919869833	1.0566249170224182	0.026448633027030155	2	3	[1, 3]	[2, 4, 5]	"[""unavailable"", ""unavailable"", ""unavailable"", ""unavailable"", ""unavailable""]"	"[""unavailable"", ""unavailable"", ""unavailable"", ""unavailable"", ""unavailable""]"	"[""unavailable"", ""unavailable"", ""unavailable"", ""unavailable"", ""unavailable""]"	unavailable	unavailable	unavailable	unavailable	unavailable	[96116736, 96182272, 96223232, 96198656, 96260096]	[175620096, 178073600, 172691456, 170369024, 174120960]	[79503360, 81891328, 76468224, 74170368, 77860864]	96198656	174120960	24576	0	5	false	[]	[]	0.052419939599349166	false	false	unavailable	false	false	[]	[]	[]	false	false	false
round_robin_arbiter_unreal1_pb_3_7_pe_.ltl	false	"[""UNREALIZABLE"", ""UNREALIZABLE"", ""UNREALIZABLE"", ""UNREALIZABLE"", ""UNREALIZABLE""]"	"[""UNREALIZABLE""]"	5	5/5	"[""UNREALIZABLE"", ""UNREALIZABLE"", ""UNREALIZABLE"", ""UNREALIZABLE"", ""UNREALIZABLE""]"	"[""UNREALIZABLE""]"	5	5/5	[7.57324939200771, 7.639878876012517, 7.659615787997609, 7.3388669160194695, 7.649832469003741]	[8.163766056997702, 7.515146013000049, 7.686695095006144, 7.677431792020798, 7.514032070990652]	[0.5905166649899911, -0.12473286301246844, 0.02707930700853467, 0.33856487600132823, -0.13580039801308885]	7.639878876012517	7.677431792020798	0.019736911985091865	2	3	[2, 5]	[1, 3, 4]	"[""unavailable"", ""unavailable"", ""unavailable"", ""unavailable"", ""unavailable""]"	"[""unavailable"", ""unavailable"", ""unavailable"", ""unavailable"", ""unavailable""]"	"[""unavailable"", ""unavailable"", ""unavailable"", ""unavailable"", ""unavailable""]"	unavailable	unavailable	unavailable	unavailable	unavailable	[353165312, 353288192, 353394688, 353214464, 353148928]	[673218560, 695173120, 682045440, 670609408, 678838272]	[320053248, 341884928, 328650752, 317394944, 325689344]	353214464	678838272	65536	0	5	false	[]	[]	0.3819939438006259	false	false	unavailable	false	false	[]	[]	[]	false	false	false
round_robin_arbiter_unreal1_pb_3_8_pe_.ltl	false	"[""UNREALIZABLE"", ""UNREALIZABLE"", ""UNREALIZABLE"", ""UNREALIZABLE"", ""UNREALIZABLE""]"	"[""UNREALIZABLE""]"	5	5/5	"[""UNREALIZABLE"", ""UNREALIZABLE"", ""UNREALIZABLE"", ""UNREALIZABLE"", ""UNREALIZABLE""]"	"[""UNREALIZABLE""]"	5	5/5	[63.62889939697925, 63.421669889008626, 60.701964495994616, 59.409436082001776, 60.391946067044046]	[64.2928931839997, 62.75052017197595, 61.786153544002445, 63.70088554394897, 62.836734116019215]	[0.6639937870204449, -0.6711497170326766, 1.0841890480078291, 4.291449461947195, 2.4447880489751697]	60.701964495994616	62.836734116019215	1.2925284139928408	1	4	[2]	[1, 3, 4, 5]	"[""unavailable"", ""unavailable"", ""unavailable"", ""unavailable"", ""unavailable""]"	"[""unavailable"", ""unavailable"", ""unavailable"", ""unavailable"", ""unavailable""]"	"[""unavailable"", ""unavailable"", ""unavailable"", ""unavailable"", ""unavailable""]"	unavailable	unavailable	unavailable	unavailable	unavailable	[1153490944, 1153302528, 1153540096, 1153429504, 1153175552]	[5769056256, 5783523328, 5922922496, 5789310976, 5863886848]	[4615565312, 4630220800, 4769382400, 4635881472, 4710711296]	1153429504	5789310976	110592	0	5	false	[]	[]	3.035098224799731	false	false	unavailable	false	false	[]	[]	[]	false	false	false
round_robin_arbiter_unreal1_pb_3_9_pe_.ltl	false	"[""TIMEOUT"", ""TIMEOUT"", ""TIMEOUT"", ""TIMEOUT"", ""TIMEOUT""]"	[]	0	0/5	"[""MEMOUT"", ""MEMOUT"", ""MEMOUT"", ""MEMOUT"", ""MEMOUT""]"	[]	0	0/5	[120.0, 120.0, 120.0, 120.0, 120.0]	[120.0, 120.0, 120.0, 120.0, 120.0]	[0.0, 0.0, 0.0, 0.0, 0.0]	120.0	120.0	0.0	0	0	[]	[]	"[""unavailable"", ""unavailable"", ""unavailable"", ""unavailable"", ""unavailable""]"	[8589934592, 8589934592, 8589934592, 8589934592, 8589934592]	"[""unavailable"", ""unavailable"", ""unavailable"", ""unavailable"", ""unavailable""]"	unavailable	8589934592	unavailable	unavailable	unavailable	"[""unavailable"", ""unavailable"", ""unavailable"", ""unavailable"", ""unavailable""]"	"[""unavailable"", ""unavailable"", ""unavailable"", ""unavailable"", ""unavailable""]"	"[""unavailable"", ""unavailable"", ""unavailable"", ""unavailable"", ""unavailable""]"	unavailable	unavailable	unavailable	unavailable	unavailable	false	[]	"[""MEMOUT""]"	6.0	false	false	unavailable	false	false	"[""new/increased failure: MEMOUT""]"	[]	"[""changed round statuses"", ""new/increased failure: MEMOUT""]"	false	false	false
round_robin_arbiter_unreal1_pb_4_10_pe_.ltl	false	"[""TIMEOUT"", ""TIMEOUT"", ""TIMEOUT"", ""TIMEOUT"", ""TIMEOUT""]"	[]	0	0/5	"[""MEMOUT"", ""MEMOUT"", ""MEMOUT"", ""MEMOUT"", ""MEMOUT""]"	[]	0	0/5	[120.0, 120.0, 120.0, 120.0, 120.0]	[120.0, 120.0, 120.0, 120.0, 120.0]	[0.0, 0.0, 0.0, 0.0, 0.0]	120.0	120.0	0.0	0	0	[]	[]	"[""unavailable"", ""unavailable"", ""unavailable"", ""unavailable"", ""unavailable""]"	[8589934592, 8589934592, 8589938688, 8589934592, 8589934592]	"[""unavailable"", ""unavailable"", ""unavailable"", ""unavailable"", ""unavailable""]"	unavailable	8589934592	unavailable	unavailable	unavailable	"[""unavailable"", ""unavailable"", ""unavailable"", ""unavailable"", ""unavailable""]"	"[""unavailable"", ""unavailable"", ""unavailable"", ""unavailable"", ""unavailable""]"	"[""unavailable"", ""unavailable"", ""unavailable"", ""unavailable"", ""unavailable""]"	unavailable	unavailable	unavailable	unavailable	unavailable	false	[]	"[""MEMOUT""]"	6.0	false	false	unavailable	false	false	"[""new/increased failure: MEMOUT""]"	[]	"[""changed round statuses"", ""new/increased failure: MEMOUT""]"	false	false	false
round_robin_arbiter_unreal1_pb_4_11_pe_.ltl	false	"[""TIMEOUT"", ""TIMEOUT"", ""TIMEOUT"", ""TIMEOUT"", ""TIMEOUT""]"	[]	0	0/5	"[""MEMOUT"", ""MEMOUT"", ""MEMOUT"", ""MEMOUT"", ""MEMOUT""]"	[]	0	0/5	[120.0, 120.0, 120.0, 120.0, 120.0]	[120.0, 120.0, 120.0, 120.0, 120.0]	[0.0, 0.0, 0.0, 0.0, 0.0]	120.0	120.0	0.0	0	0	[]	[]	"[""unavailable"", ""unavailable"", ""unavailable"", ""unavailable"", ""unavailable""]"	[8589934592, 8589934592, 8589934592, 8589934592, 8589938688]	"[""unavailable"", ""unavailable"", ""unavailable"", ""unavailable"", ""unavailable""]"	unavailable	8589934592	unavailable	unavailable	unavailable	"[""unavailable"", ""unavailable"", ""unavailable"", ""unavailable"", ""unavailable""]"	"[""unavailable"", ""unavailable"", ""unavailable"", ""unavailable"", ""unavailable""]"	"[""unavailable"", ""unavailable"", ""unavailable"", ""unavailable"", ""unavailable""]"	unavailable	unavailable	unavailable	unavailable	unavailable	false	[]	"[""MEMOUT""]"	6.0	false	false	unavailable	false	false	"[""new/increased failure: MEMOUT""]"	[]	"[""changed round statuses"", ""new/increased failure: MEMOUT""]"	false	false	false
round_robin_arbiter_unreal1_pb_4_12_pe_.ltl	false	"[""TIMEOUT"", ""TIMEOUT"", ""TIMEOUT"", ""TIMEOUT"", ""TIMEOUT""]"	[]	0	0/5	"[""MEMOUT"", ""MEMOUT"", ""MEMOUT"", ""MEMOUT"", ""MEMOUT""]"	[]	0	0/5	[120.0, 120.0, 120.0, 120.0, 120.0]	[120.0, 120.0, 120.0, 120.0, 120.0]	[0.0, 0.0, 0.0, 0.0, 0.0]	120.0	120.0	0.0	0	0	[]	[]	"[""unavailable"", ""unavailable"", ""unavailable"", ""unavailable"", ""unavailable""]"	[8589934592, 8589934592, 8589934592, 8589934592, 8589934592]	"[""unavailable"", ""unavailable"", ""unavailable"", ""unavailable"", ""unavailable""]"	unavailable	8589934592	unavailable	unavailable	unavailable	"[""unavailable"", ""unavailable"", ""unavailable"", ""unavailable"", ""unavailable""]"	"[""unavailable"", ""unavailable"", ""unavailable"", ""unavailable"", ""unavailable""]"	"[""unavailable"", ""unavailable"", ""unavailable"", ""unavailable"", ""unavailable""]"	unavailable	unavailable	unavailable	unavailable	unavailable	false	[]	"[""MEMOUT""]"	6.0	false	false	unavailable	false	false	"[""new/increased failure: MEMOUT""]"	[]	"[""changed round statuses"", ""new/increased failure: MEMOUT""]"	false	false	false
round_robin_arbiter_unreal1_pb_4_13_pe_.ltl	false	"[""TIMEOUT"", ""TIMEOUT"", ""TIMEOUT"", ""TIMEOUT"", ""TIMEOUT""]"	[]	0	0/5	"[""MEMOUT"", ""MEMOUT"", ""MEMOUT"", ""MEMOUT"", ""MEMOUT""]"	[]	0	0/5	[120.0, 120.0, 120.0, 120.0, 120.0]	[120.0, 120.0, 120.0, 120.0, 120.0]	[0.0, 0.0, 0.0, 0.0, 0.0]	120.0	120.0	0.0	0	0	[]	[]	"[""unavailable"", ""unavailable"", ""unavailable"", ""unavailable"", ""unavailable""]"	[8589934592, 8589934592, 8589934592, 8589934592, 8589934592]	"[""unavailable"", ""unavailable"", ""unavailable"", ""unavailable"", ""unavailable""]"	unavailable	8589934592	unavailable	unavailable	unavailable	"[""unavailable"", ""unavailable"", ""unavailable"", ""unavailable"", ""unavailable""]"	"[""unavailable"", ""unavailable"", ""unavailable"", ""unavailable"", ""unavailable""]"	"[""unavailable"", ""unavailable"", ""unavailable"", ""unavailable"", ""unavailable""]"	unavailable	unavailable	unavailable	unavailable	unavailable	false	[]	"[""MEMOUT""]"	6.0	false	false	unavailable	false	false	"[""new/increased failure: MEMOUT""]"	[]	"[""changed round statuses"", ""new/increased failure: MEMOUT""]"	false	false	false
round_robin_arbiter_unreal1_pb_4_14_pe_.ltl	false	"[""TIMEOUT"", ""TIMEOUT"", ""TIMEOUT"", ""TIMEOUT"", ""TIMEOUT""]"	[]	0	0/5	"[""MEMOUT"", ""MEMOUT"", ""MEMOUT"", ""MEMOUT"", ""MEMOUT""]"	[]	0	0/5	[120.0, 120.0, 120.0, 120.0, 120.0]	[120.0, 120.0, 120.0, 120.0, 120.0]	[0.0, 0.0, 0.0, 0.0, 0.0]	120.0	120.0	0.0	0	0	[]	[]	"[""unavailable"", ""unavailable"", ""unavailable"", ""unavailable"", ""unavailable""]"	[8589934592, 8589934592, 8589934592, 8589934592, 8589934592]	"[""unavailable"", ""unavailable"", ""unavailable"", ""unavailable"", ""unavailable""]"	unavailable	8589934592	unavailable	unavailable	unavailable	"[""unavailable"", ""unavailable"", ""unavailable"", ""unavailable"", ""unavailable""]"	"[""unavailable"", ""unavailable"", ""unavailable"", ""unavailable"", ""unavailable""]"	"[""unavailable"", ""unavailable"", ""unavailable"", ""unavailable"", ""unavailable""]"	unavailable	unavailable	unavailable	unavailable	unavailable	false	[]	"[""MEMOUT""]"	6.0	false	false	unavailable	false	false	"[""new/increased failure: MEMOUT""]"	[]	"[""changed round statuses"", ""new/increased failure: MEMOUT""]"	false	false	false
round_robin_arbiter_unreal1_pb_4_15_pe_.ltl	false	"[""TIMEOUT"", ""TIMEOUT"", ""TIMEOUT"", ""TIMEOUT"", ""TIMEOUT""]"	[]	0	0/5	"[""MEMOUT"", ""MEMOUT"", ""MEMOUT"", ""MEMOUT"", ""MEMOUT""]"	[]	0	0/5	[120.0, 120.0, 120.0, 120.0, 120.0]	[120.0, 120.0, 120.0, 120.0, 120.0]	[0.0, 0.0, 0.0, 0.0, 0.0]	120.0	120.0	0.0	0	0	[]	[]	"[""unavailable"", ""unavailable"", ""unavailable"", ""unavailable"", ""unavailable""]"	[8589934592, 8589934592, 8589934592, 8589934592, 8589934592]	"[""unavailable"", ""unavailable"", ""unavailable"", ""unavailable"", ""unavailable""]"	unavailable	8589934592	unavailable	unavailable	unavailable	"[""unavailable"", ""unavailable"", ""unavailable"", ""unavailable"", ""unavailable""]"	"[""unavailable"", ""unavailable"", ""unavailable"", ""unavailable"", ""unavailable""]"	"[""unavailable"", ""unavailable"", ""unavailable"", ""unavailable"", ""unavailable""]"	unavailable	unavailable	unavailable	unavailable	unavailable	false	[]	"[""MEMOUT""]"	6.0	false	false	unavailable	false	false	"[""new/increased failure: MEMOUT""]"	[]	"[""changed round statuses"", ""new/increased failure: MEMOUT""]"	false	false	false
round_robin_arbiter_unreal1_pb_4_4_pe_.ltl	false	"[""UNREALIZABLE"", ""UNREALIZABLE"", ""UNREALIZABLE"", ""UNREALIZABLE"", ""UNREALIZABLE""]"	"[""UNREALIZABLE""]"	5	5/5	"[""UNREALIZABLE"", ""UNREALIZABLE"", ""UNREALIZABLE"", ""UNREALIZABLE"", ""UNREALIZABLE""]"	"[""UNREALIZABLE""]"	5	5/5	[1.777597407985013, 1.7636833750002552, 1.7372554239991587, 1.6185074239620008, 1.7014070120058022]	[1.773892502009403, 1.849397243000567, 1.7002653050003573, 1.72736364294542, 1.7452793829725124]	[-0.0037049059756100178, 0.08571386800031178, -0.036990118998801336, 0.10885621898341924, 0.04387237096671015]	1.7372554239991587	1.7452793829725124	0.03584841199335642	2	3	[1, 3]	[2, 4, 5]	"[""unavailable"", ""unavailable"", ""unavailable"", ""unavailable"", ""unavailable""]"	"[""unavailable"", ""unavailable"", ""unavailable"", ""unavailable"", ""unavailable""]"	"[""unavailable"", ""unavailable"", ""unavailable"", ""unavailable"", ""unavailable""]"	unavailable	unavailable	unavailable	unavailable	unavailable	[129101824, 128888832, 128724992, 128774144, 128843776]	[209993728, 209465344, 211128320, 210526208, 208674816]	[80891904, 80576512, 82403328, 81752064, 79831040]	128843776	209993728	69632	0	5	false	[]	[]	0.08686277119995794	false	false	unavailable	false	false	[]	[]	[]	false	false	false
round_robin_arbiter_unreal1_pb_4_5_pe_.ltl	false	"[""UNREALIZABLE"", ""UNREALIZABLE"", ""UNREALIZABLE"", ""UNREALIZABLE"", ""UNREALIZABLE""]"	"[""UNREALIZABLE""]"	5	5/5	"[""UNREALIZABLE"", ""UNREALIZABLE"", ""UNREALIZABLE"", ""UNREALIZABLE"", ""UNREALIZABLE""]"	"[""UNREALIZABLE""]"	5	5/5	[39.026928206993034, 39.10294217299088, 38.71192635697662, 38.24574651004514, 38.59265074803261]	[42.18197201497969, 40.13280695001595, 39.05771167000057, 41.47541356401052, 39.37032598099904]	[3.155043807986658, 1.0298647770250682, 0.34578531302395277, 3.229667053965386, 0.7776752329664305]	38.71192635697662	40.13280695001595	0.3150018500164151	0	5	[]	[1, 2, 3, 4, 5]	"[""unavailable"", ""unavailable"", ""unavailable"", ""unavailable"", ""unavailable""]"	"[""unavailable"", ""unavailable"", ""unavailable"", ""unavailable"", ""unavailable""]"	"[""unavailable"", ""unavailable"", ""unavailable"", ""unavailable"", ""unavailable""]"	unavailable	unavailable	unavailable	unavailable	unavailable	[660332544, 660377600, 660508672, 660774912, 660656128]	[3711528960, 3872092160, 3748388864, 3755692032, 3829428224]	[3051196416, 3211714560, 3087880192, 3094917120, 3168772096]	660508672	3755692032	147456	0	5	false	[]	[]	1.9355963178488311	false	false	unavailable	false	false	[]	[]	[]	false	false	false
round_robin_arbiter_unreal1_pb_4_6_pe_.ltl	false	"[""TIMEOUT"", ""TIMEOUT"", ""TIMEOUT"", ""TIMEOUT"", ""TIMEOUT""]"	[]	0	0/5	"[""MEMOUT"", ""MEMOUT"", ""MEMOUT"", ""MEMOUT"", ""MEMOUT""]"	[]	0	0/5	[120.0, 120.0, 120.0, 120.0, 120.0]	[120.0, 120.0, 120.0, 120.0, 120.0]	[0.0, 0.0, 0.0, 0.0, 0.0]	120.0	120.0	0.0	0	0	[]	[]	"[""unavailable"", ""unavailable"", ""unavailable"", ""unavailable"", ""unavailable""]"	[8589934592, 8589934592, 8589934592, 8589934592, 8589934592]	"[""unavailable"", ""unavailable"", ""unavailable"", ""unavailable"", ""unavailable""]"	unavailable	8589934592	unavailable	unavailable	unavailable	"[""unavailable"", ""unavailable"", ""unavailable"", ""unavailable"", ""unavailable""]"	"[""unavailable"", ""unavailable"", ""unavailable"", ""unavailable"", ""unavailable""]"	"[""unavailable"", ""unavailable"", ""unavailable"", ""unavailable"", ""unavailable""]"	unavailable	unavailable	unavailable	unavailable	unavailable	false	[]	"[""MEMOUT""]"	6.0	false	false	unavailable	false	false	"[""new/increased failure: MEMOUT""]"	[]	"[""changed round statuses"", ""new/increased failure: MEMOUT""]"	false	false	false
round_robin_arbiter_unreal1_pb_4_7_pe_.ltl	false	"[""TIMEOUT"", ""TIMEOUT"", ""TIMEOUT"", ""TIMEOUT"", ""TIMEOUT""]"	[]	0	0/5	"[""MEMOUT"", ""MEMOUT"", ""MEMOUT"", ""MEMOUT"", ""MEMOUT""]"	[]	0	0/5	[120.0, 120.0, 120.0, 120.0, 120.0]	[120.0, 120.0, 120.0, 120.0, 120.0]	[0.0, 0.0, 0.0, 0.0, 0.0]	120.0	120.0	0.0	0	0	[]	[]	"[""unavailable"", ""unavailable"", ""unavailable"", ""unavailable"", ""unavailable""]"	[8589934592, 8589934592, 8589934592, 8589934592, 8589934592]	"[""unavailable"", ""unavailable"", ""unavailable"", ""unavailable"", ""unavailable""]"	unavailable	8589934592	unavailable	unavailable	unavailable	"[""unavailable"", ""unavailable"", ""unavailable"", ""unavailable"", ""unavailable""]"	"[""unavailable"", ""unavailable"", ""unavailable"", ""unavailable"", ""unavailable""]"	"[""unavailable"", ""unavailable"", ""unavailable"", ""unavailable"", ""unavailable""]"	unavailable	unavailable	unavailable	unavailable	unavailable	false	[]	"[""MEMOUT""]"	6.0	false	false	unavailable	false	false	"[""new/increased failure: MEMOUT""]"	[]	"[""changed round statuses"", ""new/increased failure: MEMOUT""]"	false	false	false
round_robin_arbiter_unreal1_pb_4_8_pe_.ltl	false	"[""TIMEOUT"", ""TIMEOUT"", ""TIMEOUT"", ""TIMEOUT"", ""TIMEOUT""]"	[]	0	0/5	"[""MEMOUT"", ""MEMOUT"", ""MEMOUT"", ""MEMOUT"", ""MEMOUT""]"	[]	0	0/5	[120.0, 120.0, 120.0, 120.0, 120.0]	[120.0, 120.0, 120.0, 120.0, 120.0]	[0.0, 0.0, 0.0, 0.0, 0.0]	120.0	120.0	0.0	0	0	[]	[]	"[""unavailable"", ""unavailable"", ""unavailable"", ""unavailable"", ""unavailable""]"	[8589934592, 8589934592, 8589934592, 8589934592, 8589934592]	"[""unavailable"", ""unavailable"", ""unavailable"", ""unavailable"", ""unavailable""]"	unavailable	8589934592	unavailable	unavailable	unavailable	"[""unavailable"", ""unavailable"", ""unavailable"", ""unavailable"", ""unavailable""]"	"[""unavailable"", ""unavailable"", ""unavailable"", ""unavailable"", ""unavailable""]"	"[""unavailable"", ""unavailable"", ""unavailable"", ""unavailable"", ""unavailable""]"	unavailable	unavailable	unavailable	unavailable	unavailable	false	[]	"[""MEMOUT""]"	6.0	false	false	unavailable	false	false	"[""new/increased failure: MEMOUT""]"	[]	"[""changed round statuses"", ""new/increased failure: MEMOUT""]"	false	false	false
round_robin_arbiter_unreal1_pb_4_9_pe_.ltl	false	"[""TIMEOUT"", ""TIMEOUT"", ""TIMEOUT"", ""TIMEOUT"", ""TIMEOUT""]"	[]	0	0/5	"[""MEMOUT"", ""MEMOUT"", ""MEMOUT"", ""MEMOUT"", ""MEMOUT""]"	[]	0	0/5	[120.0, 120.0, 120.0, 120.0, 120.0]	[120.0, 120.0, 120.0, 120.0, 120.0]	[0.0, 0.0, 0.0, 0.0, 0.0]	120.0	120.0	0.0	0	0	[]	[]	"[""unavailable"", ""unavailable"", ""unavailable"", ""unavailable"", ""unavailable""]"	[8589934592, 8589934592, 8589934592, 8589934592, 8589934592]	"[""unavailable"", ""unavailable"", ""unavailable"", ""unavailable"", ""unavailable""]"	unavailable	8589934592	unavailable	unavailable	unavailable	"[""unavailable"", ""unavailable"", ""unavailable"", ""unavailable"", ""unavailable""]"	"[""unavailable"", ""unavailable"", ""unavailable"", ""unavailable"", ""unavailable""]"	"[""unavailable"", ""unavailable"", ""unavailable"", ""unavailable"", ""unavailable""]"	unavailable	unavailable	unavailable	unavailable	unavailable	false	[]	"[""MEMOUT""]"	6.0	false	false	unavailable	false	false	"[""new/increased failure: MEMOUT""]"	[]	"[""changed round statuses"", ""new/increased failure: MEMOUT""]"	false	false	false
simple_arbiter_with_hints_pb_6_pe_.ltl	false	"[""REALIZABLE"", ""REALIZABLE"", ""REALIZABLE"", ""REALIZABLE"", ""REALIZABLE""]"	"[""REALIZABLE""]"	5	5/5	"[""REALIZABLE"", ""REALIZABLE"", ""REALIZABLE"", ""REALIZABLE"", ""REALIZABLE""]"	"[""REALIZABLE""]"	5	5/5	[2.1530706899939105, 2.0516807319945656, 2.0458046630083118, 2.004898884042632, 1.9169088060152717]	[2.078773471992463, 2.0124230369983707, 2.0644422940094955, 2.010318161046598, 1.987689371977467]	[-0.07429721800144762, -0.039257694996194914, 0.018637631001183763, 0.005419277003966272, 0.0707805659621954]	2.0458046630083118	2.0124230369983707	0.04090577896567993	2	3	[1, 2]	[3, 4, 5]	"[""unavailable"", ""unavailable"", ""unavailable"", ""unavailable"", ""unavailable""]"	"[""unavailable"", ""unavailable"", ""unavailable"", ""unavailable"", ""unavailable""]"	"[""unavailable"", ""unavailable"", ""unavailable"", ""unavailable"", ""unavailable""]"	unavailable	unavailable	unavailable	unavailable	unavailable	[116219904, 116137984, 116150272, 116076544, 116264960]	[116240384, 116146176, 116191232, 116199424, 116293632]	[20480, 8192, 40960, 122880, 28672]	116150272	116199424	69632	0	5	false	[]	[]	0.10229023315041559	false	false	unavailable	false	false	[]	[]	[]	false	false	false
sort42.ltl	false	"[""UNREALIZABLE"", ""UNREALIZABLE"", ""UNREALIZABLE"", ""UNREALIZABLE"", ""UNREALIZABLE""]"	"[""UNREALIZABLE""]"	5	5/5	"[""UNREALIZABLE"", ""UNREALIZABLE"", ""UNREALIZABLE"", ""UNREALIZABLE"", ""UNREALIZABLE""]"	"[""UNREALIZABLE""]"	5	5/5	[14.78417263898882, 14.04781328997342, 13.82347445099731, 13.966677008953411, 13.47903905203566]	[14.152643545996398, 14.039090336009394, 14.067517928953748, 13.517092779977247, 13.713087699958123]	[-0.6315290929924231, -0.008722953964024782, 0.24404347795643844, -0.449584228976164, 0.23404864792246372]	13.966677008953411	14.039090336009394	0.14320255795610137	3	2	[1, 2, 4]	[3, 5]	"[""unavailable"", ""unavailable"", ""unavailable"", ""unavailable"", ""unavailable""]"	"[""unavailable"", ""unavailable"", ""unavailable"", ""unavailable"", ""unavailable""]"	"[""unavailable"", ""unavailable"", ""unavailable"", ""unavailable"", ""unavailable""]"	unavailable	unavailable	unavailable	unavailable	unavailable	[561401856, 561410048, 561410048, 561446912, 561561600]	[561418240, 561356800, 561283072, 561344512, 561324032]	[16384, -53248, -126976, -102400, -237568]	561410048	561344512	8192	4	1	false	[]	[]	0.6983338504476706	false	false	unavailable	false	false	[]	[]	[]	false	false	false
square5x5-real.ltl	false	"[""TIMEOUT"", ""TIMEOUT"", ""TIMEOUT"", ""TIMEOUT"", ""TIMEOUT""]"	[]	0	0/5	"[""MEMOUT"", ""MEMOUT"", ""MEMOUT"", ""MEMOUT"", ""MEMOUT""]"	[]	0	0/5	[120.0, 120.0, 120.0, 120.0, 120.0]	[120.0, 120.0, 120.0, 120.0, 120.0]	[0.0, 0.0, 0.0, 0.0, 0.0]	120.0	120.0	0.0	0	0	[]	[]	"[""unavailable"", ""unavailable"", ""unavailable"", ""unavailable"", ""unavailable""]"	[8589934592, 8589934592, 8589934592, 8589934592, 8589934592]	"[""unavailable"", ""unavailable"", ""unavailable"", ""unavailable"", ""unavailable""]"	unavailable	8589934592	unavailable	unavailable	unavailable	"[""unavailable"", ""unavailable"", ""unavailable"", ""unavailable"", ""unavailable""]"	"[""unavailable"", ""unavailable"", ""unavailable"", ""unavailable"", ""unavailable""]"	"[""unavailable"", ""unavailable"", ""unavailable"", ""unavailable"", ""unavailable""]"	unavailable	unavailable	unavailable	unavailable	unavailable	false	[]	"[""MEMOUT""]"	6.0	false	false	unavailable	false	false	"[""new/increased failure: MEMOUT""]"	[]	"[""changed round statuses"", ""new/increased failure: MEMOUT""]"	false	false	false
square5x52.ltl	false	"[""UNREALIZABLE"", ""UNREALIZABLE"", ""UNREALIZABLE"", ""UNREALIZABLE"", ""UNREALIZABLE""]"	"[""UNREALIZABLE""]"	5	5/5	"[""UNREALIZABLE"", ""UNREALIZABLE"", ""UNREALIZABLE"", ""UNREALIZABLE"", ""UNREALIZABLE""]"	"[""UNREALIZABLE""]"	5	5/5	[1.4564686290104873, 1.3153696560184471, 1.3867173590115272, 1.4056647770339623, 1.4011619659722783]	[1.453844392002793, 1.4148055369732901, 1.5082695609889925, 1.4112710290355608, 1.4315362669876777]	[-0.002624237007694319, 0.09943588095484301, 0.1215522019774653, 0.005606252001598477, 0.030374301015399396]	1.4011619659722783	1.4315362669876777	0.014444606960751116	1	4	[1]	[2, 3, 4, 5]	"[""unavailable"", ""unavailable"", ""unavailable"", ""unavailable"", ""unavailable""]"	"[""unavailable"", ""unavailable"", ""unavailable"", ""unavailable"", ""unavailable""]"	"[""unavailable"", ""unavailable"", ""unavailable"", ""unavailable"", ""unavailable""]"	unavailable	unavailable	unavailable	unavailable	unavailable	[152453120, 152363008, 152498176, 152539136, 152522752]	[152473600, 152530944, 152477696, 152449024, 152465408]	[20480, 167936, -20480, -90112, -57344]	152498176	152473600	40960	3	2	false	[]	[]	0.07005809829861391	false	false	unavailable	false	false	[]	[]	[]	false	false	false
square5x53.ltl	false	"[""UNREALIZABLE"", ""UNREALIZABLE"", ""UNREALIZABLE"", ""UNREALIZABLE"", ""UNREALIZABLE""]"	"[""UNREALIZABLE""]"	5	5/5	"[""UNREALIZABLE"", ""UNREALIZABLE"", ""UNREALIZABLE"", ""UNREALIZABLE"", ""UNREALIZABLE""]"	"[""UNREALIZABLE""]"	5	5/5	[5.346366482001031, 5.240476481005317, 5.004730885004392, 5.520539347024169, 4.913055290002376]	[5.229508803982753, 5.184440676996019, 4.927500705991406, 5.0727525089751, 5.041216137993615]	[-0.11685767801827751, -0.05603580400929786, -0.0772301790129859, -0.44778683804906905, 0.12816084799123928]	5.240476481005317	5.0727525089751	0.2357455960009247	4	1	[1, 2, 3, 4]	[5]	"[""unavailable"", ""unavailable"", ""unavailable"", ""unavailable"", ""unavailable""]"	"[""unavailable"", ""unavailable"", ""unavailable"", ""unavailable"", ""unavailable""]"	"[""unavailable"", ""unavailable"", ""unavailable"", ""unavailable"", ""unavailable""]"	unavailable	unavailable	unavailable	unavailable	unavailable	[330448896, 330420224, 330461184, 330592256, 330436608]	[330502144, 330510336, 330432512, 330436608, 330358784]	[53248, 90112, -28672, -155648, -77824]	330448896	330436608	12288	3	2	false	[]	[]	0.26202382405026586	false	false	unavailable	false	false	[]	[]	[]	false	false	false
square5x54.ltl	false	"[""UNREALIZABLE"", ""UNREALIZABLE"", ""UNREALIZABLE"", ""UNREALIZABLE"", ""UNREALIZABLE""]"	"[""UNREALIZABLE""]"	5	5/5	"[""UNREALIZABLE"", ""UNREALIZABLE"", ""UNREALIZABLE"", ""UNREALIZABLE"", ""UNREALIZABLE""]"	"[""UNREALIZABLE""]"	5	5/5	[7.321532022004249, 7.163539316999959, 7.460312593000708, 7.570377109979745, 7.065162506012712]	[7.263392335997196, 7.866970681992825, 7.617314625007566, 7.362276587984525, 7.106353218026925]	[-0.05813968600705266, 0.7034313649928663, 0.15700203200685792, -0.20810052199522033, 0.041190712014213204]	7.321532022004249	7.362276587984525	0.15799270500428975	2	3	[1, 4]	[2, 3, 5]	"[""unavailable"", ""unavailable"", ""unavailable"", ""unavailable"", ""unavailable""]"	"[""unavailable"", ""unavailable"", ""unavailable"", ""unavailable"", ""unavailable""]"	"[""unavailable"", ""unavailable"", ""unavailable"", ""unavailable"", ""unavailable""]"	unavailable	unavailable	unavailable	unavailable	unavailable	[355110912, 355065856, 354906112, 355057664, 354979840]	[355127296, 354996224, 354996224, 355131392, 354779136]	[16384, -69632, 90112, 73728, -200704]	355057664	354996224	53248	2	3	false	[]	[]	0.36607660110021245	false	false	unavailable	false	false	[]	[]	[]	false	false	false
taxi-service-real.ltl	false	"[""REALIZABLE"", ""REALIZABLE"", ""REALIZABLE"", ""REALIZABLE"", ""REALIZABLE""]"	"[""REALIZABLE""]"	5	5/5	"[""REALIZABLE"", ""REALIZABLE"", ""REALIZABLE"", ""REALIZABLE"", ""REALIZABLE""]"	"[""REALIZABLE""]"	5	5/5	[22.213324904005276, 20.131552396982443, 20.80230581801152, 20.32961872400483, 20.831249420007225]	[17.200568355008727, 17.929420044994913, 17.762689784984104, 17.710237629013136, 16.843834083003458]	[-5.012756548996549, -2.2021323519875295, -3.0396160330274142, -2.619381094991695, -3.9874153370037675]	20.80230581801152	17.710237629013136	0.4726870940066874	5	0	[1, 2, 3, 4, 5]	[]	"[""unavailable"", ""unavailable"", ""unavailable"", ""unavailable"", ""unavailable""]"	"[""unavailable"", ""unavailable"", ""unavailable"", ""unavailable"", ""unavailable""]"	"[""unavailable"", ""unavailable"", ""unavailable"", ""unavailable"", ""unavailable""]"	unavailable	unavailable	unavailable	unavailable	unavailable	[1757990912, 1757884416, 1758027776, 1757970432, 1758035968]	[1610448896, 1599242240, 1607950336, 1609031680, 1589080064]	[-147542016, -158642176, -150077440, -148938752, -168955904]	1757990912	1607950336	36864	5	0	false	[]	[]	1.040115290900576	false	false	unavailable	false	false	[]	[]	[]	false	false	false
thermostat-F-real.ltl	true	"[""TIMEOUT"", ""TIMEOUT"", ""TIMEOUT"", ""TIMEOUT"", ""TIMEOUT""]"	[]	0	0/5	"[""REALIZABLE"", ""REALIZABLE"", ""REALIZABLE"", ""REALIZABLE"", ""REALIZABLE""]"	"[""REALIZABLE""]"	5	5/5	[120.0, 120.0, 120.0, 120.0, 120.0]	[1.568899200996384, 1.5118915639759507, 1.393618364003487, 1.375715809990652, 1.4388385330094025]	[-118.43110079900362, -118.48810843602405, -118.60638163599651, -118.62428419000935, -118.5611614669906]	120.0	1.4388385330094025	0.0	5	0	[1, 2, 3, 4, 5]	[]	"[""unavailable"", ""unavailable"", ""unavailable"", ""unavailable"", ""unavailable""]"	"[""unavailable"", ""unavailable"", ""unavailable"", ""unavailable"", ""unavailable""]"	"[""unavailable"", ""unavailable"", ""unavailable"", ""unavailable"", ""unavailable""]"	unavailable	unavailable	unavailable	unavailable	unavailable	"[""unavailable"", ""unavailable"", ""unavailable"", ""unavailable"", ""unavailable""]"	[141201408, 141545472, 140365824, 138711040, 142462976]	"[""unavailable"", ""unavailable"", ""unavailable"", ""unavailable"", ""unavailable""]"	unavailable	141201408	unavailable	unavailable	unavailable	false	[]	[]	6.0	false	false	unavailable	false	false	[]	[]	"[""changed round statuses""]"	false	false	false
thermostat-GF-real.ltl	true	"[""TIMEOUT"", ""TIMEOUT"", ""TIMEOUT"", ""TIMEOUT"", ""TIMEOUT""]"	[]	0	0/5	"[""REALIZABLE"", ""REALIZABLE"", ""REALIZABLE"", ""REALIZABLE"", ""REALIZABLE""]"	"[""REALIZABLE""]"	5	5/5	[120.0, 120.0, 120.0, 120.0, 120.0]	[46.09365476798848, 47.11734982600319, 45.911123603989836, 46.40859273803653, 44.99944391194731]	[-73.90634523201152, -72.88265017399681, -74.08887639601016, -73.59140726196347, -75.00055608805269]	120.0	46.09365476798848	0.0	5	0	[1, 2, 3, 4, 5]	[]	"[""unavailable"", ""unavailable"", ""unavailable"", ""unavailable"", ""unavailable""]"	"[""unavailable"", ""unavailable"", ""unavailable"", ""unavailable"", ""unavailable""]"	"[""unavailable"", ""unavailable"", ""unavailable"", ""unavailable"", ""unavailable""]"	unavailable	unavailable	unavailable	unavailable	unavailable	"[""unavailable"", ""unavailable"", ""unavailable"", ""unavailable"", ""unavailable""]"	[3048615936, 3048538112, 3048525824, 3048710144, 3048726528]	"[""unavailable"", ""unavailable"", ""unavailable"", ""unavailable"", ""unavailable""]"	unavailable	3048615936	unavailable	unavailable	unavailable	false	[]	[]	6.0	false	false	unavailable	false	false	[]	[]	"[""changed round statuses""]"	false	false	false
thermostat-GF-unreal0.ltl	false	"[""UNREALIZABLE"", ""UNREALIZABLE"", ""UNREALIZABLE"", ""UNREALIZABLE"", ""UNREALIZABLE""]"	"[""UNREALIZABLE""]"	5	5/5	"[""UNREALIZABLE"", ""UNREALIZABLE"", ""UNREALIZABLE"", ""UNREALIZABLE"", ""UNREALIZABLE""]"	"[""UNREALIZABLE""]"	5	5/5	[2.1279143169813324, 2.027550484985113, 1.8573799330042675, 1.9481485729920678, 2.024493362987414]	[1.9980442299856804, 2.0053295149991754, 2.036707036953885, 2.055748709011823, 1.9625712130218744]	[-0.12987008699565195, -0.0222209699859377, 0.1793271039496176, 0.10760013601975515, -0.061922149965539575]	2.024493362987414	2.0053295149991754	0.07634478999534622	3	2	[1, 2, 5]	[3, 4]	"[""unavailable"", ""unavailable"", ""unavailable"", ""unavailable"", ""unavailable""]"	"[""unavailable"", ""unavailable"", ""unavailable"", ""unavailable"", ""unavailable""]"	"[""unavailable"", ""unavailable"", ""unavailable"", ""unavailable"", ""unavailable""]"	unavailable	unavailable	unavailable	unavailable	unavailable	[74399744, 70582272, 70234112, 71004160, 69578752]	[69758976, 69902336, 70049792, 69644288, 70217728]	[-4640768, -679936, -184320, -1359872, 638976]	70582272	69902336	421888	4	1	false	[]	[]	0.1012246681493707	false	false	unavailable	false	false	[]	[]	[]	false	false	false
tmp_13cfc6f2.ltl	false	"[""REALIZABLE"", ""REALIZABLE"", ""REALIZABLE"", ""REALIZABLE"", ""REALIZABLE""]"	"[""REALIZABLE""]"	5	5/5	"[""REALIZABLE"", ""REALIZABLE"", ""REALIZABLE"", ""REALIZABLE"", ""REALIZABLE""]"	"[""REALIZABLE""]"	5	5/5	[0.7110812469909433, 0.7486500469967723, 0.7485099810000975, 0.7575302019831724, 0.7472916939877905]	[0.7444318920024671, 0.7720250279817265, 0.7732182599720545, 0.7987488859798759, 0.7884723970200866]	[0.03335064501152374, 0.023374980984954163, 0.024708278971957043, 0.041218683996703476, 0.04118070303229615]	0.7485099810000975	0.7732182599720545	0.0012182870123069733	0	5	[]	[1, 2, 3, 4, 5]	"[""unavailable"", ""unavailable"", ""unavailable"", ""unavailable"", ""unavailable""]"	"[""unavailable"", ""unavailable"", ""unavailable"", ""unavailable"", ""unavailable""]"	"[""unavailable"", ""unavailable"", ""unavailable"", ""unavailable"", ""unavailable""]"	unavailable	unavailable	unavailable	unavailable	unavailable	[61177856, 61136896, 61149184, 61202432, 61116416]	[61267968, 61267968, 61095936, 61054976, 61059072]	[90112, 131072, -53248, -147456, -57344]	61149184	61095936	28672	3	2	false	[]	[]	0.05	false	false	unavailable	false	false	[]	[]	[]	false	false	false
workstation_resupply_pb_1_pe_.ltl	false	"[""REALIZABLE"", ""REALIZABLE"", ""REALIZABLE"", ""REALIZABLE"", ""REALIZABLE""]"	"[""REALIZABLE""]"	5	5/5	"[""REALIZABLE"", ""REALIZABLE"", ""REALIZABLE"", ""REALIZABLE"", ""REALIZABLE""]"	"[""REALIZABLE""]"	5	5/5	[0.02669218700611964, 0.028301351005211473, 0.03138000497710891, 0.02393113699508831, 0.024376966001000255]	[0.02609153400408104, 0.027419990015914664, 0.02893794799456373, 0.034815967024769634, 0.03683123301016167]	[-0.0006006530020385981, -0.0008813609892968088, -0.002442056982545182, 0.010884830029681325, 0.012454267009161413]	0.02669218700611964	0.02893794799456373	0.0023152210051193833	3	2	[1, 2, 3]	[4, 5]	"[""unavailable"", ""unavailable"", ""unavailable"", ""unavailable"", ""unavailable""]"	"[""unavailable"", ""unavailable"", ""unavailable"", ""unavailable"", ""unavailable""]"	"[""unavailable"", ""unavailable"", ""unavailable"", ""unavailable"", ""unavailable""]"	unavailable	unavailable	unavailable	unavailable	unavailable	[20377600, 20484096, 20283392, 20414464, 20451328]	[20496384, 20353024, 20508672, 20414464, 20406272]	[118784, -131072, 225280, 0, -45056]	20414464	20414464	36864	2	2	false	[]	[]	0.05	false	false	unavailable	false	false	[]	[]	[]	false	false	false
workstation_resupply_pb_2_pe_.ltl	false	"[""REALIZABLE"", ""REALIZABLE"", ""REALIZABLE"", ""REALIZABLE"", ""REALIZABLE""]"	"[""REALIZABLE""]"	5	5/5	"[""REALIZABLE"", ""REALIZABLE"", ""REALIZABLE"", ""REALIZABLE"", ""REALIZABLE""]"	"[""REALIZABLE""]"	5	5/5	[0.3559336789767258, 0.3438625810085796, 0.3261838399921544, 0.3190874829888344, 0.3448770350078121]	[0.3356919820071198, 0.34840128899668343, 0.32889356900705025, 0.3355492450064048, 0.3373837349936366]	[-0.020241696969605982, 0.004538707988103852, 0.0027097290148958564, 0.016461762017570436, -0.007493300014175475]	0.3438625810085796	0.3356919820071198	0.012071097968146205	2	3	[1, 5]	[2, 3, 4]	"[""unavailable"", ""unavailable"", ""unavailable"", ""unavailable"", ""unavailable""]"	"[""unavailable"", ""unavailable"", ""unavailable"", ""unavailable"", ""unavailable""]"	"[""unavailable"", ""unavailable"", ""unavailable"", ""unavailable"", ""unavailable""]"	unavailable	unavailable	unavailable	unavailable	unavailable	[47116288, 47206400, 47075328, 47112192, 47144960]	[47198208, 47063040, 47108096, 47206400, 47202304]	[81920, -143360, 32768, 94208, 57344]	47116288	47198208	28672	1	4	false	[]	[]	0.05	false	false	unavailable	false	false	[]	[]	[]	false	false	false
workstation_resupply_pb_3_pe_.ltl	false	"[""REALIZABLE"", ""REALIZABLE"", ""REALIZABLE"", ""REALIZABLE"", ""REALIZABLE""]"	"[""REALIZABLE""]"	5	5/5	"[""REALIZABLE"", ""REALIZABLE"", ""REALIZABLE"", ""REALIZABLE"", ""REALIZABLE""]"	"[""REALIZABLE""]"	5	5/5	[17.66387620900059, 17.01392032401054, 17.697048539004754, 17.538458032999188, 16.586617994995322]	[18.00554947598721, 17.495104059984442, 16.895645458018407, 15.943731751001906, 16.063184893981088]	[0.3416732669866178, 0.4811837359739002, -0.801403080986347, -1.594726281997282, -0.5234331010142341]	17.538458032999188	16.895645458018407	0.15859050600556657	3	2	[3, 4, 5]	[1, 2]	"[""unavailable"", ""unavailable"", ""unavailable"", ""unavailable"", ""unavailable""]"	"[""unavailable"", ""unavailable"", ""unavailable"", ""unavailable"", ""unavailable""]"	"[""unavailable"", ""unavailable"", ""unavailable"", ""unavailable"", ""unavailable""]"	unavailable	unavailable	unavailable	unavailable	unavailable	[321097728, 321118208, 321073152, 321056768, 321220608]	[321032192, 321069056, 320942080, 321073152, 320856064]	[-65536, -49152, -131072, 16384, -364544]	321097728	321032192	24576	4	1	false	[]	[]	0.8769229016499595	false	false	unavailable	false	false	[]	[]	[]	false	false	false
workstation_resupply_pb_4_pe_.ltl	false	"[""TIMEOUT"", ""TIMEOUT"", ""TIMEOUT"", ""TIMEOUT"", ""TIMEOUT""]"	[]	0	0/5	"[""TIMEOUT"", ""TIMEOUT"", ""TIMEOUT"", ""TIMEOUT"", ""TIMEOUT""]"	[]	0	0/5	[120.0, 120.0, 120.0, 120.0, 120.0]	[120.0, 120.0, 120.0, 120.0, 120.0]	[0.0, 0.0, 0.0, 0.0, 0.0]	120.0	120.0	0.0	0	0	[]	[]	"[""unavailable"", ""unavailable"", ""unavailable"", ""unavailable"", ""unavailable""]"	"[""unavailable"", ""unavailable"", ""unavailable"", ""unavailable"", ""unavailable""]"	"[""unavailable"", ""unavailable"", ""unavailable"", ""unavailable"", ""unavailable""]"	unavailable	unavailable	unavailable	unavailable	unavailable	"[""unavailable"", ""unavailable"", ""unavailable"", ""unavailable"", ""unavailable""]"	"[""unavailable"", ""unavailable"", ""unavailable"", ""unavailable"", ""unavailable""]"	"[""unavailable"", ""unavailable"", ""unavailable"", ""unavailable"", ""unavailable""]"	unavailable	unavailable	unavailable	unavailable	unavailable	false	[]	[]	6.0	false	false	unavailable	false	false	[]	[]	[]	false	false	false
