id	source_sha256	admitted_17	elapsed_17_s	semantics_17	reason_17	admitted_60	elapsed_60_s	semantics_60	reason_60
01.ltl	1a1cb932aafaf7c6bdd3af79ecdf9774955e824a853c26aaf1e546d07b32db06	yes	0.092629	exact		yes	0.094773	exact	
02.ltl	7506a3a03d800f341fc044cddddc90d10996592eab8a329fa222b243cb03b1bd	yes	0.154464	exact		yes	0.156315	exact	
03.ltl	9c602682592e97367de356341470f64cbea937198e49b6a05084160ad400f9fb	yes	0.510327	exact		yes	0.490179	exact	
05.ltl	3a6ad0fde1c488d7e8e9cfd4da3772cf68fcf99a15ac531528b8fd952562f448	no	0.854250		exact:budget_exhausted;strict:budget_exhausted	no	1.004206		exact:budget_exhausted;strict:budget_exhausted
06.ltl	c11ea2e2d94ee3c109b833df27de068ed8306e68a113e671ca3dad1f79b534dd	no	0.854566		exact:budget_exhausted;strict:budget_exhausted	no	1.004644		exact:budget_exhausted;strict:budget_exhausted
07.ltl	ec5f572b0e44856d0c9a707c279bcb53afe3db90c8347dc343f626869a4d801a	no	0.853972		exact:budget_exhausted;strict:budget_exhausted	no	1.003658		exact:budget_exhausted;strict:budget_exhausted
08.ltl	0c6ae710ddd1230dfb828264280f82cd39fb69f812827dcc13d11a1efd831307	no	0.853940		exact:budget_exhausted;strict:budget_exhausted	no	1.004288		exact:budget_exhausted;strict:budget_exhausted
09.ltl	73df54decd8c9bb57bc285a4377d67cd4ca176035fc386c87308b71866dfaf2a	no	0.853904		exact:budget_exhausted;strict:budget_exhausted	no	1.004185		exact:budget_exhausted;strict:budget_exhausted
10.ltl	eba958d4401be9f10e160cb8efd3c882d0cb1c03073cb7a0bb71d26aeceff4b0	no	0.854038		exact:budget_exhausted;strict:budget_exhausted	no	1.004261		exact:budget_exhausted;strict:budget_exhausted
11.ltl	ea11a33a7c90773e7d2bf0b5ae5a1d011db943846750f707dfcafc7d0cc8233f	no	0.854707		exact:budget_exhausted;strict:budget_exhausted	no	1.004084		exact:budget_exhausted;strict:budget_exhausted
12.ltl	911e332a7dadfaf03cc08c37b598eaec4bb431e9deadc93d1e3f07d6d5e12f31	no	0.854199		exact:budget_exhausted;strict:budget_exhausted	no	1.004370		exact:budget_exhausted;strict:budget_exhausted
13.ltl	f32b56f402b43bef9904be06f7c72bbfa699866727e454d204f5949c51e24a73	no	0.853618		exact:budget_exhausted;strict:budget_exhausted	no	1.004067		exact:budget_exhausted;strict:budget_exhausted
ActionConverter.ltl	d61b4e81634d6851adf5e459e40dce080859e7de059272436e9bc140a9495749	yes	0.071297	exact		yes	0.070003	exact	
AlarmMin_efe2feaf.ltl	48211414bb626105049470313c48250383f709ca2ab4d3f8a1a1bbd41e143d44	no	0.176334		exact:unsupported_or_failed;strict:unsupported_or_failed	no	0.177572		exact:unsupported_or_failed;strict:unsupported_or_failed
Alarm_06e9cad4.ltl	3b2180841e331204021d646b907f3e7bfccbb86791dd5abd52ed641123625c41	no	0.854225		exact:budget_exhausted;strict:budget_exhausted	no	1.003951		exact:budget_exhausted;strict:budget_exhausted
Alarm_2d1010f8.ltl	1cce1c30bbc81bd565a065bdf51ae02fad487572595f7a6a7483f72216dd21ee	no	0.150954		exact:unsupported_or_failed;strict:unsupported_or_failed	no	0.150649		exact:unsupported_or_failed;strict:unsupported_or_failed
Alarm_68c86764.ltl	ac95678469627f1b287fe8ee296ba669de3a389d64231def7d789b9fd1e72d18	no	0.853167		exact:budget_exhausted;strict:budget_exhausted	no	1.004159		exact:budget_exhausted;strict:budget_exhausted
Alarm_70523fbe.ltl	4ae234d6e0a6997fa97a6e84708553454b206ec8f1ef9dd901b831c6b96ab7f2	no	0.853816		exact:budget_exhausted;strict:budget_exhausted	no	1.004641		exact:budget_exhausted;strict:budget_exhausted
Alarm_88c5c1c3.ltl	250054e99d1e3a797a7411014de087227dc3459d1ed91d1615c6d235fe721c0e	yes	0.070777	exact		yes	0.070883	exact	
Alarm_9cac58d3.ltl	28d43e2dcd1b3643132186c1d4d293a9f21c5b4c9f878588f51597809f28622f	yes	0.071357	exact		yes	0.071904	exact	
Alarm_a5f99bc6.ltl	36a773fc9d07d410d35f03fcd9a0eaa5fc3edb1e572340b1abfed4d9ce92b53a	no	0.853975		exact:budget_exhausted;strict:budget_exhausted	no	1.003999		exact:budget_exhausted;strict:budget_exhausted
Alarm_f2774e0b.ltl	a439ecea3a630290eba01ff9b3569d0ce7f4ec1de794e7863188b0992766c665	no	0.854444		exact:budget_exhausted;strict:budget_exhausted	no	1.004139		exact:budget_exhausted;strict:budget_exhausted
AllHeating_d6376bf9.ltl	2e031f628ffe3f5da7481d710f6c338b65436119c171de6e9b6137ce99e6806f	no	0.596550		exact:unsupported_or_failed;strict:unsupported_or_failed	no	0.614195		exact:unsupported_or_failed;strict:unsupported_or_failed
AllLights_06e9cad4.ltl	e48582cce51b281b6d6f5df4205179b46531b158beee98314b44cd111875e487	no	0.853948		exact:budget_exhausted;strict:budget_exhausted	no	1.004039		exact:budget_exhausted;strict:budget_exhausted
AllLights_2c5b09da.ltl	cfd0555e97b3a2f3c7df52d9d195c9019597051b37cb8748f4812482433a6608	no	0.854131		exact:budget_exhausted;strict:budget_exhausted	no	1.003924		exact:budget_exhausted;strict:budget_exhausted
AllLights_63831f8c.ltl	26e62c0f9694c43b4cdf98d1efe1047081c5e29f0b63c3a422265b3638e26b8f	no	0.853861		exact:budget_exhausted;strict:budget_exhausted	no	1.003404		exact:budget_exhausted;strict:budget_exhausted
AllLights_aeb1d897.ltl	2e511e21c899c983a14063f6edfa7c0aa2af549ac22ea5062871affa02214b90	no	0.853989		exact:budget_exhausted;strict:budget_exhausted	no	1.004370		exact:budget_exhausted;strict:budget_exhausted
AllLights_b209ff21.ltl	c0bb371f4a319c690ebe0593cdef398246f4c07b4f0c7cbd8ccc39573ca7e2f9	no	0.853828		exact:budget_exhausted;strict:budget_exhausted	no	1.004153		exact:budget_exhausted;strict:budget_exhausted
AllLights_d6c5ac79.ltl	eec7b1f2aac999987200dac40f6d7a830ad9ad8a9581e141942598ece9c246ab	no	0.853727		exact:budget_exhausted;strict:budget_exhausted	no	1.003254		exact:budget_exhausted;strict:budget_exhausted
AllShades_66f450a4.ltl	80b820d8b2f10ce25be8369ddd95748db4061defab153560e79e9a9821fe056a	no	0.854385		exact:budget_exhausted;strict:budget_exhausted	no	1.004526		exact:budget_exhausted;strict:budget_exhausted
Assumptions_a50cadd7.ltl	2970d203e002b727c5bfe6ca4d81d131a95bbbfa66aedb61a5ea5cf3e79fc561	no	0.139701		exact:unsupported_or_failed;strict:unsupported_or_failed	no	0.139991		exact:unsupported_or_failed;strict:unsupported_or_failed
Automata.ltl	f8075bbd44374c31377eea525020529f5d79c5a334f0ea58f53827594aa060a7	yes	0.088468	exact		yes	0.089749	exact	
Automata16S.ltl	a23aee283958984eeabefcfb5d0d2e2c0eccaa54a0ee0963afc6d6f1cf6a17c0	yes	0.119444	exact		yes	0.119536	exact	
Automata32S.ltl	f1c2128849fca8d106547a094a0d14306a3aa1ec4fef7a911277db00ca301f19	yes	0.217402	exact		yes	0.208522	exact	
Button.ltl	dd7df453016c47a9cf87f10c7185a770490f08010a25d104ed75b54ccf61fd98	yes	0.069941	exact		yes	0.068530	exact	
CheckAlarmBroken1_1a2942e3.ltl	760c971db4579496d03e0bc265f04259a039966631bf3935869b83ba364efb5a	yes	0.069126	exact		yes	0.069469	exact	
CheckAlarm_6bea956e.ltl	6dff1628867386bff2c59512bdcd5e9aa87c1f461c62dc2d596966d00092ae4d	yes	0.072068	exact		yes	0.071626	exact	
CheckCoffeMachineBroken1_a5f99bc6.ltl	752611776e65f5ac47c5707ec012afa17973986ede9db8f2df1d4b14c427a60b	no	0.176151		exact:unsupported_or_failed;strict:unsupported_or_failed	no	0.168419		exact:unsupported_or_failed;strict:unsupported_or_failed
CheckCoffeMachine_3461125b.ltl	cbba6ff422a80282fdae7c7f8ca63947d70b53bc8c826dabfb685e60c6ef1da3	no	0.147636		exact:unsupported_or_failed;strict:unsupported_or_failed	no	0.148229		exact:unsupported_or_failed;strict:unsupported_or_failed
CheckCoffeMachine_f3987563.ltl	0f14ed943a9b7ade196ed7c7091576440628fccc550da37a1fc47500c79232c9	no	0.150499		exact:unsupported_or_failed;strict:unsupported_or_failed	no	0.151365		exact:unsupported_or_failed;strict:unsupported_or_failed
CheckDoor_c2b9e44d.ltl	0117af2275a063c90843765d4fb27296c82bb151206c37e5a09ea4eaf94c747b	yes	0.068681	exact		yes	0.069032	exact	
CheckHeating_2418b67e.ltl	781b073ff52fcaf3d72d658125d06e32fc294f22ee73080528b2f3e4bed621d7	no	0.132284		exact:unsupported_or_failed;strict:unsupported_or_failed	no	0.132200		exact:unsupported_or_failed;strict:unsupported_or_failed
CheckHeating_3461125b.ltl	cc018e088b0de46e976ccab69c263424592dc628852ccdeef675cfe867b36d98	no	0.131281		exact:unsupported_or_failed;strict:unsupported_or_failed	no	0.130774		exact:unsupported_or_failed;strict:unsupported_or_failed
CheckLight_007df645.ltl	0cca57787523ef43bb5564314e5e0dc21ec608734e13372b7a289adb4fdbea5e	no	0.131926		exact:unsupported_or_failed;strict:unsupported_or_failed	no	0.135181		exact:unsupported_or_failed;strict:unsupported_or_failed
CheckLight_aeb1d897.ltl	93d3f6a833c7bd2bfeba5d5e5b352b9529ec93ed585f0e747a2cbd3a13925f2d	no	0.132604		exact:unsupported_or_failed;strict:unsupported_or_failed	no	0.132919		exact:unsupported_or_failed;strict:unsupported_or_failed
CheckRoom_06e9cad4.ltl	0044887e0a2c7140a3d4371ef571c2e04ce1137bde43c699c3bb94cc9d38ce78	yes	0.067716	exact		yes	0.068286	exact	
CheckRoom_2c5b09da.ltl	6d2a380d934081c7cd025aefdc85e41c99cd8a16b66495d3c12917f8e240eea7	yes	0.068250	exact		yes	0.068364	exact	
CheckRoom_3916ec59.ltl	a90249623f0954e4c50acca08e5f8c047ead0674e73e5105afca6f560f759116	yes	0.067657	exact		yes	0.066853	exact	
CheckRoom_70523fbe.ltl	28ae0c32bf2a047e00dc88eae605f3f3aad34f5cd26b89ab1bf2b4572efdf348	yes	0.066641	exact		yes	0.066225	exact	
CheckShades_1a2942e3.ltl	86cd160eabe6ff6b9d0587959f7fe0c702c0d99e07ef7533967974c4f5739423	no	0.133871		exact:unsupported_or_failed;strict:unsupported_or_failed	no	0.134229		exact:unsupported_or_failed;strict:unsupported_or_failed
CheckShades_3461125b.ltl	fc554465a33c84a6c655e73cf6fbd0470be4bf7251f2571fda5ef5f01efc9acf	no	0.136010		exact:unsupported_or_failed;strict:unsupported_or_failed	no	0.136688		exact:unsupported_or_failed;strict:unsupported_or_failed
CheckShades_4d4ca5c4.ltl	ede8d23b9a947032204c962fa430968a9a46048893dc206eb4c4f7dd32cee5e4	yes	0.064578	exact		yes	0.064965	exact	
CheckShades_aeb1d897.ltl	156b0817f533923809eb41b6574e83a244df08f3b799bca8ba78cc9cc832ac78	no	0.140788		exact:unsupported_or_failed;strict:unsupported_or_failed	no	0.141674		exact:unsupported_or_failed;strict:unsupported_or_failed
CheckTime_3916ec59.ltl	60b1108ff7ba4e5f46140a3bf4510b8775f03894c1661456654db1bdb2d66d0b	no	0.551877		exact:unsupported_or_failed;strict:unsupported_or_failed	no	0.539173		exact:unsupported_or_failed;strict:unsupported_or_failed
CheckTime_4b5e6eaa.ltl	ae8bc74855962038737511a5997f796c5c024985704366aaa8edf2ce50f379e5	no	0.134379		exact:unsupported_or_failed;strict:unsupported_or_failed	no	0.137454		exact:unsupported_or_failed;strict:unsupported_or_failed
CheckTime_54e1f7d2.ltl	88a453430a9807ab4337131a101f02dd9336f9b917bb8c2785224e4f0704757a	no	0.130739		exact:unsupported_or_failed;strict:unsupported_or_failed	no	0.129546		exact:unsupported_or_failed;strict:unsupported_or_failed
CheckTimer_54e1f7d2.ltl	8804afd0d060418c9f86c949beda277d0b979f29a514ac5a55b26a3761c3f3cf	no	0.127013		exact:unsupported_or_failed;strict:unsupported_or_failed	no	0.131068		exact:unsupported_or_failed;strict:unsupported_or_failed
CheckTimer_fa8592c8.ltl	717229468f0cd6ce628418c598ac4f9bda0a89058fa165f9c96b472c9fc9de6b	no	0.128562		exact:unsupported_or_failed;strict:unsupported_or_failed	no	0.133108		exact:unsupported_or_failed;strict:unsupported_or_failed
CheckWarnlightBroken1_70523fbe.ltl	85258f2323bf91a344818c2af434fe6e2e21c51033b35178294822970395281c	yes	0.066592	exact		yes	0.069326	exact	
CheckWarnlight_1cf58fc1.ltl	decf20b732ed5d6aec6c4a975d7da028d827086ccad72977c6681da2ac06b407	yes	0.070957	exact		yes	0.070738	exact	
CheckWarnlight_4b5a2bad.ltl	fcb805f35de3795758af48918fb1e748a047e0ea25eea848a487ab39c2bbf3b0	yes	0.070007	exact		yes	0.070743	exact	
CheckWarnlight_54e1f7d2.ltl	0f4378d0f273d069593a63eab1a72dff519f96289d6a88a0b0d2d52e08b86d21	yes	0.071399	exact		yes	0.067041	exact	
CheckWarnlight_6bea956e.ltl	778981f31a46d2c18d0d1de8696590dd411200596cf1620ff3b69c911a3851ca	yes	0.068261	exact		yes	0.069637	exact	
CheckWindows_54e1f7d2.ltl	d2a309b0056fb52b8e270957ab8a6b75f258ddcddeb93c324528aa9d21e255f4	yes	0.066271	exact		yes	0.065573	exact	
Cockpitboard.ltl	2f4cccca8f5f3318f7e2ceaf94eee2a45b0a1941b35d2759fc535d9564c960f7	yes	0.086620	exact		yes	0.088108	exact	
Cockpitboard_efe2feaf.ltl	a996e0e85ccd05d5a24c674996b5e0a1ea437a451ca688d2bd74fd7f9539d513	yes	0.089735	exact		yes	0.088945	exact	
CoffeMachine_974f4a68.ltl	9f6eb7ae1d673c09e822e0112a229046dad75ffa6be302ed4e5e4b47ba3cb097	no	0.861047		exact:budget_exhausted;strict:budget_exhausted	no	1.001626		exact:unsupported_or_failed;strict:budget_exhausted
CoffeMachine_a50cadd7.ltl	90287c993822762c498c00c0e4cd3ddda1361f7bcac223c9a272771f88a99711	no	0.136537		exact:unsupported_or_failed;strict:unsupported_or_failed	no	0.138767		exact:unsupported_or_failed;strict:unsupported_or_failed
CoffeeMin_88f351a6.ltl	6bbcc6abcec950a002cb4c9b4a4112c7359251b7c67087e445fc7ebb3f53e98f	no	0.145640		exact:unsupported_or_failed;strict:unsupported_or_failed	no	0.142056		exact:unsupported_or_failed;strict:unsupported_or_failed
Coffee_06e9cad4.ltl	4ba0b67c3dd8848332b3de623ae862fe102051265e783c3671a8898226a902dc	no	0.866358		exact:budget_exhausted;strict:budget_exhausted	no	1.017025		exact:budget_exhausted;strict:budget_exhausted
Coffee_235467da.ltl	ef5b6f1c8198c5218d561f2dc159ae473f987ccd01591b58c565e39f7d46d035	no	0.862203		exact:budget_exhausted;strict:budget_exhausted	no	1.012239		exact:budget_exhausted;strict:budget_exhausted
Coffee_2c5b09da.ltl	bcd6dfb10b33122acd7b3c15fe2d0c1f20a1ee2e810aac8ffadc382041092687	no	0.860626		exact:budget_exhausted;strict:budget_exhausted	no	1.012189		exact:budget_exhausted;strict:budget_exhausted
Coffee_6479ef9a.ltl	7d25f3ea1ff621e1657abda8cab03c6814f85bee6ba78d7666af06277454cd35	no	0.859124		exact:budget_exhausted;strict:budget_exhausted	no	1.014915		exact:budget_exhausted;strict:budget_exhausted
Coffee_d6376bf9.ltl	f6b0e9e65d9828f38cf067513cfbbfe9d176d6e67e9ab366b4609e7f375489d1	no	0.864748		exact:budget_exhausted;strict:budget_exhausted	no	1.015548		exact:budget_exhausted;strict:budget_exhausted
Coffee_efe2feaf.ltl	7f8c10c27e11db0c9a384d88ef6186f3366de8a08bf646d75481226fb64d242d	no	0.362712		exact:unsupported_or_failed;strict:unsupported_or_failed	no	0.378296		exact:unsupported_or_failed;strict:unsupported_or_failed
Coffee_f1477cc5.ltl	a1d56c242785cb44d651d792a2b508637f10d4e6ad4d6881a780f0dbf9117805	no	0.859458		exact:budget_exhausted;strict:budget_exhausted	no	1.013679		exact:budget_exhausted;strict:budget_exhausted
Core_4b5a2bad.ltl	f086df60ca3fb5de3ab287323f66c5a99afde931e2630a04f8117fc547c3146e	no	0.295495		exact:unsupported_or_failed;strict:unsupported_or_failed	no	0.292425		exact:unsupported_or_failed;strict:unsupported_or_failed
Core_66f450a4.ltl	82b1b1466d15e765ba08b06bd3d38c80ada9428914b2f84b2e4e2779f1b51f8d	yes	0.073894	exact		yes	0.074822	exact	
Core_fa4d4ce3.ltl	fb5efe51e7ae25467efe9d2560f78da92832a500efa7ceb89b0e889b547361a8	no	0.582781		exact:unsupported_or_failed;strict:unsupported_or_failed	no	0.589736		exact:unsupported_or_failed;strict:unsupported_or_failed
Core_solved_974f4a68.ltl	43869d034fe3ae5f408d5cb2be925ad8daa14b87180b24dfae888ba368d75e89	no	0.298720		exact:unsupported_or_failed;strict:unsupported_or_failed	no	0.306289		exact:unsupported_or_failed;strict:unsupported_or_failed
Demo1_06e9cad4.ltl	dc62ead021837bcc7ed703b677b2291e9e561715871b255717a3603155435448	no	0.859037		exact:budget_exhausted;strict:budget_exhausted	no	1.010580		exact:budget_exhausted;strict:budget_exhausted
Demo1_2c5b09da.ltl	870402f588c842e19d85e2d04b2ee5451638278f0a3026f523c366bca7a2e43e	no	0.858957		exact:budget_exhausted;strict:budget_exhausted	no	1.009736		exact:budget_exhausted;strict:budget_exhausted
Demo1_63831f8c.ltl	a02bf9e80689dfd40815b48da3239686b71d789ece74032adb3d7ce04aaffcfd	no	0.859286		exact:budget_exhausted;strict:budget_exhausted	no	1.009656		exact:budget_exhausted;strict:budget_exhausted
Demo1_c2b9e44d.ltl	11d2b0985387727bb298977dbb91003267d29d3aa53b8087ef5a9d882c8922bb	no	0.858912		exact:budget_exhausted;strict:budget_exhausted	no	1.010151		exact:budget_exhausted;strict:budget_exhausted
Demo1_d65ed84e.ltl	1c0e872a251aef48d9c669a8beaba565a92c859fe9cdac034c35655c8d399a7b	no	0.859243		exact:budget_exhausted;strict:budget_exhausted	no	1.009659		exact:budget_exhausted;strict:budget_exhausted
DeviceBehaviorChec_fa8592c8.ltl	ad4e7d1be5a5f13a01712c7dc8b59cba0f06897ba5f532aa44f9340b91928c53	no	0.856876		exact:budget_exhausted;strict:budget_exhausted	no	1.006277		exact:budget_exhausted;strict:budget_exhausted
Door_2d1010f8.ltl	c02be224fff986b99dd52af13aaadd9078dcb9d1a28730c107eb7d7ed42cdb41	no	0.219122		exact:unsupported_or_failed;strict:unsupported_or_failed	no	0.223705		exact:unsupported_or_failed;strict:unsupported_or_failed
EnemeyModule.ltl	f691670e705859cc18358d3b5679a05572990e1806ba614fe68ce2df4fceb820	yes	0.074046	exact		yes	0.073771	exact	
EscalatorBidirectional.ltl	b49d487bc2adecc653928f86e521aa20cbb9ebea4dd517aed380da3230254c7e	yes	0.097681	exact		yes	0.092709	exact	
EscalatorBidirectionalInit.ltl	2295966baabdcd7e39c456ea7a7374bfe43b62fe6c917a89d826d4328966bd64	yes	0.094457	exact		yes	0.090309	exact	
EscalatorCounting.ltl	5123d1497c0668a610021d6a0e53b453c5b5c412d3fedf4d1d9465eedabb7153	yes	0.073860	exact		yes	0.071605	exact	
EscalatorCountingInit.ltl	ba310f03fc0122843962659bfc45f8f87581c7322bba70b0acd69a7e7d6d7972	yes	0.073613	exact		yes	0.073831	exact	
EscalatorNonCounting.ltl	8c0ce87398491765726a75551efa070273a411612504f7bafd3795a3f8e27559	yes	0.068667	exact		yes	0.068624	exact	
EscalatorNonReactive.ltl	7cc16d573de79dae19bf3ac127fd0c4a6a9ba5261d89b7af5321acfd3314f2b3	yes	0.066758	exact		yes	0.066392	exact	
EscalatorSmart.ltl	51fe4b7da8d9c76db018bd71b27fb94d4e3f3ea20348e07279977ad92945d39c	no	0.196151		exact:unsupported_or_failed;strict:unsupported_or_failed	no	0.195393		exact:unsupported_or_failed;strict:unsupported_or_failed
Example1_d6376bf9.ltl	670451371aca676c10595ef34930817a374ed58fdda1562d9527469f9e0f1ce5	yes	0.074211	exact		yes	0.074557	exact	
F-G-contradiction-10.ltl	b4e7ceda5dad9cd761e152d8d1b88843a2512686cf1eb0c7281b50d93fce24e3	no	0.134244		exact:unsupported_or_failed;strict:unsupported_or_failed	no	0.133665		exact:unsupported_or_failed;strict:unsupported_or_failed
F-G-contradiction-11.ltl	ba61104251ab4c6b233964fda46dba228311613dab09ae403d7031cc9db14d60	no	0.134588		exact:unsupported_or_failed;strict:unsupported_or_failed	no	0.135380		exact:unsupported_or_failed;strict:unsupported_or_failed
F-G-contradiction-110.ltl	9c68fc049c36d7994869cf896aae7bcd0fce33566d73874f85c32a2426637ba7	no	0.203279		exact:unsupported_or_failed;strict:unsupported_or_failed	no	0.208211		exact:unsupported_or_failed;strict:unsupported_or_failed
F-G-contradiction-111.ltl	35a1b02359935ce3f4dee1022e0e09d561ab183144fa6ee70a0a05b8687013a3	no	0.214725		exact:unsupported_or_failed;strict:unsupported_or_failed	no	0.207567		exact:unsupported_or_failed;strict:unsupported_or_failed
F-G-contradiction-112.ltl	0b04925f8f1cd5245084cee62ac34a2d1ed4209624eba07810e6aa86605d1f27	no	0.232451		exact:unsupported_or_failed;strict:unsupported_or_failed	no	0.224457		exact:unsupported_or_failed;strict:unsupported_or_failed
F-G-contradiction-113.ltl	608404a227a0cc36c916f64ca22a1f68b5797bc98a7c170ba8539cb18b16db18	no	0.231703		exact:unsupported_or_failed;strict:unsupported_or_failed	no	0.235411		exact:unsupported_or_failed;strict:unsupported_or_failed
F-G-contradiction-114.ltl	2aceba8b4b95ad304b9ed61da07b0fd7d4558ba9e2279f856a16e40b3d8e89b1	no	0.258192		exact:unsupported_or_failed;strict:unsupported_or_failed	no	0.253863		exact:unsupported_or_failed;strict:unsupported_or_failed
F-G-contradiction-12.ltl	fb2e11d7347e15dacb959bc8a5232ed19713326373d45b2936d94039f68c3998	no	0.136698		exact:unsupported_or_failed;strict:unsupported_or_failed	no	0.136900		exact:unsupported_or_failed;strict:unsupported_or_failed
F-G-contradiction-13.ltl	5d576647e85167fc5a7e23fb97d4d4181b7c17778d1009a60b4afc8e3a60e556	no	0.138355		exact:unsupported_or_failed;strict:unsupported_or_failed	no	0.137263		exact:unsupported_or_failed;strict:unsupported_or_failed
F-G-contradiction-14.ltl	22b9196ebb63bb5e9cd30a74fbefbc6cd4dc2957b9cadbcf90c5def97f6c20c4	no	0.138635		exact:unsupported_or_failed;strict:unsupported_or_failed	no	0.143401		exact:unsupported_or_failed;strict:unsupported_or_failed
F-G-contradiction-15.ltl	396430b88c5ffe86d671bf7ae78e2acc25f96067bfc7644f0329ebfc21c17fba	no	0.141559		exact:unsupported_or_failed;strict:unsupported_or_failed	no	0.140315		exact:unsupported_or_failed;strict:unsupported_or_failed
F-G-contradiction-16.ltl	66c1b8f52a798b6f09bf2684bcc09135b142d3965c1a9375479e8c693fcd5d69	no	0.173859		exact:unsupported_or_failed;strict:unsupported_or_failed	no	0.172012		exact:unsupported_or_failed;strict:unsupported_or_failed
F-G-contradiction-17.ltl	65e35f1cfadede9fa977ee7e3140b5ba9ebff8c23040b67cd168decc4267458a	no	0.182585		exact:unsupported_or_failed;strict:unsupported_or_failed	no	0.184626		exact:unsupported_or_failed;strict:unsupported_or_failed
F-G-contradiction-18.ltl	413b4fc8f501c0c5438620ab8bf6771e37e2fbbbbb4cf2a6e22ed09c7cbb18f6	no	0.192525		exact:unsupported_or_failed;strict:unsupported_or_failed	no	0.193577		exact:unsupported_or_failed;strict:unsupported_or_failed
F-G-contradiction-19.ltl	b348ababbaf0a1e7d702d89bf516d395172db81e87ef66a0bb7b175a7fb8611f	no	0.196641		exact:unsupported_or_failed;strict:unsupported_or_failed	no	0.197187		exact:unsupported_or_failed;strict:unsupported_or_failed
F-G-contradiction-2-unreal.ltl	470dd1d0f620c4d92ea9b478f2c97f8077fc23df9bfbe876ad5fee9d98ab5199	no	0.132504		exact:unsupported_or_failed;strict:unsupported_or_failed	no	0.133205		exact:unsupported_or_failed;strict:unsupported_or_failed
FelixSpecFixed2.2.core_fa8592c8.ltl	030f3cb9a1602b77127b34989b4a1b93cf386e1209f3b1b8eca38221710154df	no	0.241989		exact:unsupported_or_failed;strict:unsupported_or_failed	no	0.244135		exact:unsupported_or_failed;strict:unsupported_or_failed
FelixSpecFixed2_fa4d4ce3.ltl	1b45f368d58f5d094da1910917a3e234896205e6d5d925e06867ec3e8853ab08	no	0.854213		exact:budget_exhausted;strict:budget_exhausted	no	1.004833		exact:budget_exhausted;strict:budget_exhausted
FelixSpecFixed3.core_b209ff21.ltl	9467e552dabd74fac68ca6ea814d46e0544318da3bf22bf9575008cba3b80da3	no	0.855328		exact:budget_exhausted;strict:budget_exhausted	no	1.007006		exact:budget_exhausted;strict:budget_exhausted
FelixSpecFixed3_b0840146.ltl	06ff13a6c3c0765146266491d6ef24122338c5ba23f5fc02fc8fc3d7a5a680e4	no	0.855370		exact:budget_exhausted;strict:budget_exhausted	no	1.005043		exact:budget_exhausted;strict:budget_exhausted
FelixSpecFixed4GuaranteesOnly_88f351a6.ltl	38f2f0c3466458ae6975f4d13b8de780267fca3feef4a2784ef4967451857143	no	0.133424		exact:unsupported_or_failed;strict:unsupported_or_failed	no	0.135735		exact:unsupported_or_failed;strict:unsupported_or_failed
FelixSpecFixed4_3916ec59.ltl	aa0356166a17899696285fa91f1b2b7a0f4689e46a1a6270cc890af54d9ea511	no	0.856045		exact:budget_exhausted;strict:budget_exhausted	no	1.004771		exact:budget_exhausted;strict:budget_exhausted
FelixSpecFixed5_f82794da.ltl	827f151562fe0fc74c3080e692adc46ea685ed987cce57e5131b7ca5ffd5b35c	no	0.856016		exact:budget_exhausted;strict:budget_exhausted	no	1.005227		exact:budget_exhausted;strict:budget_exhausted
FelixSpecFixed_2418b67e.ltl	8615e317faf8270f0245016b3158a30494e01037f5996f3e91b09d0f6f216a25	no	0.854524		exact:budget_exhausted;strict:budget_exhausted	no	1.004167		exact:budget_exhausted;strict:budget_exhausted
Full_f1477cc5.ltl	aebb73baa34a6f79e3afdc0515e7d1fd163a243d90b13365ee8929db57d046ec	no	0.376819		exact:unsupported_or_failed;strict:unsupported_or_failed	no	0.372267		exact:unsupported_or_failed;strict:unsupported_or_failed
GF-G-contradiction0.ltl	aaeb55004064163ec08125c3cc3a6390592de52b14a737f9b9e20d57eb0d2629	no	0.131964		exact:unsupported_or_failed;strict:unsupported_or_failed	no	0.134353		exact:unsupported_or_failed;strict:unsupported_or_failed
GF-G-contradiction1.ltl	0ea6f334a8c7b8e389573644d6bbba9fb23b0e288119854b8a4305f5c4037057	no	0.135211		exact:unsupported_or_failed;strict:unsupported_or_failed	no	0.135739		exact:unsupported_or_failed;strict:unsupported_or_failed
GF-G-contradiction2.ltl	8b06d188aca0fe15df10ca3073bb28a3ef7cc60fec3d1a0570400f2e9f307a3f	no	0.136447		exact:unsupported_or_failed;strict:unsupported_or_failed	no	0.137648		exact:unsupported_or_failed;strict:unsupported_or_failed
GF-G-contradiction3.ltl	036711327b86e9cb4191bf98b25ee6d5910d32061178df9a44d03c049438757e	no	0.159743		exact:unsupported_or_failed;strict:unsupported_or_failed	no	0.160162		exact:unsupported_or_failed;strict:unsupported_or_failed
GF-G-contradiction4.ltl	42bb0bd95600a08b52d4174edcbeb88de1c752bd47a29f3c3661bb6c6a341983	no	0.164714		exact:unsupported_or_failed;strict:unsupported_or_failed	no	0.163137		exact:unsupported_or_failed;strict:unsupported_or_failed
GF-G-contradiction5.ltl	92f9348ced9c98682f1df9a341f64c2f823545cea3a7ab14d1d1e44575240084	no	0.169334		exact:unsupported_or_failed;strict:unsupported_or_failed	no	0.168753		exact:unsupported_or_failed;strict:unsupported_or_failed
GF-G-contradiction6.ltl	c3752f27f89cdeed0ef9ec3aca3325697f98b57a24b472e9c35f2d70a68948f6	no	0.176067		exact:unsupported_or_failed;strict:unsupported_or_failed	no	0.175929		exact:unsupported_or_failed;strict:unsupported_or_failed
GF-G-contradiction7.ltl	d3b215bd358f0e3da67ef853815af2fac11f8f9cb2ddaef62c0f574004f45b66	no	0.182070		exact:unsupported_or_failed;strict:unsupported_or_failed	no	0.184473		exact:unsupported_or_failed;strict:unsupported_or_failed
Gamelogic.ltl	d7263cecaa68829136958ad7fd70227820faf9ee4b8a9ca1d52c88f11adc80bd	yes	0.104854	exact		yes	0.106213	exact	
GamemodeChooser.ltl	89edf5521d4a4f164af03ad174cbc7017b1dac81946d0dbf5f82eb9b03c8025c	yes	0.193406	exact		yes	0.197714	exact	
Gamemodule.ltl	28e892cc3272a4b82d5fcd86f1c8012cd6be58cf752a9f53c158723b104f2e0d	yes	0.071702	exact		yes	0.071763	exact	
HeatingMin_d6c5ac79.ltl	064f838dbb236c1a9e35babeba72fa2845c9666138acd2486076366b6a5ec699	yes	0.071600	exact		yes	0.072311	exact	
Heating_235467da.ltl	4eb9c09220f7475389c41269f02eae5fc24a068d2cb9a41225aca0b6cb4ac53c	no	0.145643		exact:unsupported_or_failed;strict:unsupported_or_failed	no	0.143500		exact:unsupported_or_failed;strict:unsupported_or_failed
Heating_974f4a68.ltl	ab9b4eb3129740fb91f3dd683a87bac390778f81b44599728c01d112e92f1804	no	0.224491		exact:unsupported_or_failed;strict:unsupported_or_failed	no	0.231610		exact:unsupported_or_failed;strict:unsupported_or_failed
Heating_b02056d6.ltl	2c7aeceb5141460c30aeb851c054683330f9b3d6f85a3169442fbb7f1e2cde1d	no	0.141178		exact:unsupported_or_failed;strict:unsupported_or_failed	no	0.143302		exact:unsupported_or_failed;strict:unsupported_or_failed
Heating_b209ff21.ltl	5ddc379c04eb6a192e2c37169631eb3b66e3972657bf30c8fe5b953bb99afbc3	no	0.138379		exact:unsupported_or_failed;strict:unsupported_or_failed	no	0.140060		exact:unsupported_or_failed;strict:unsupported_or_failed
Increment.ltl	3e1d979f488835605479ee1100071d31a8cbec4f50b8afe133a86f87a9f17260	yes	0.065653	exact		yes	0.066236	exact	
IntendDemo_42dc4fff.ltl	2d0170d428adb0c73150c6668309a524862747f882847d1dd1d27dd3be199484	no	0.854005		exact:budget_exhausted;strict:budget_exhausted	no	1.004390		exact:budget_exhausted;strict:budget_exhausted
KitchenTimerV0.ltl	1bcc88f5402ce96de80b8c179f6389dc0668267e592d1526804732306894dde4	yes	0.066594	exact		yes	0.066953	exact	
KitchenTimerV1.ltl	1bfdf1204629c9680da29179f05d81aa4c23ccf188ae1eb6efc9a6188b32ad7d	yes	0.071738	exact		yes	0.072083	exact	
KitchenTimerV10.ltl	fae21e7d586943e21dbbfbffff659548465ef17b32d03bd490e175a46cc59191	yes	0.344544	exact		yes	0.344157	exact	
KitchenTimerV2.ltl	700bf80d70fc8688c5d773819d2d19ef371f2b2584d265eb506eaf202270a66e	yes	0.102509	exact		yes	0.104042	exact	
KitchenTimerV3.ltl	10cf1c26f0aa446fe0f0da506bbcf8ce30e087ff3b36b7d0bd170396d34bcc75	yes	0.147657	exact		yes	0.148949	exact	
KitchenTimerV4.ltl	b3beb35612cd1a712f3c0252d74795320595e929b02bb7cad4ce82476eaa14aa	yes	0.178777	exact		yes	0.184792	exact	
KitchenTimerV5.ltl	7b2f5af12365bc813fcff3ef3f3a0dc301b1e7539616476ad84dde67b4be5bf9	yes	0.207672	exact		yes	0.210938	exact	
KitchenTimerV6.ltl	4b1c8ac80cabddf450d8361803f8ed6dda3ce07cc843bed369b8a098de0fb31d	yes	0.231912	exact		yes	0.235755	exact	
KitchenTimerV7.ltl	44a14a47b9ff97d1c40a47fee16b013317be0661076a5a5ece8aa475002bd107	yes	0.249206	exact		yes	0.251293	exact	
KitchenTimerV8.ltl	68c7507a83d6932281f4bd70eb8ca332d3eb83e5b15ab9baba042a01c0dab3ef	yes	0.267499	exact		yes	0.271428	exact	
KitchenTimerV9.ltl	f11f9131e106d772e976cfa2cf4ef386e50e185733cecab91d9725b1f0b75e73	yes	0.298604	exact		yes	0.302370	exact	
LampController_974f4a68.ltl	96ed00b17a3e5b789426154f4e8f23e357abaf308f4710738d4328ba43d896f3	no	0.500704		exact:unsupported_or_failed;strict:unsupported_or_failed	no	0.502017		exact:unsupported_or_failed;strict:unsupported_or_failed
LedMatrix.ltl	bb5c17419f09ab5057b99debcc7261ff21462b307a322a2725b6b64d54307d00	no	0.856241		exact:budget_exhausted;strict:budget_exhausted	no	1.007063		exact:budget_exhausted;strict:budget_exhausted
Light_a50cadd7.ltl	745f33e7c2f2590eaf5154bef8f19f88acf93dcff035be5124118126072e1409	no	0.135320		exact:unsupported_or_failed;strict:unsupported_or_failed	no	0.130769		exact:unsupported_or_failed;strict:unsupported_or_failed
Light_aeb1d897.ltl	27aa0961c3b8a1b27e8b1cf3bc7c9c22cad349a2b1cfd55f188ff05ac052b703	no	0.863822		exact:budget_exhausted;strict:budget_exhausted	no	1.014443		exact:budget_exhausted;strict:budget_exhausted
Light_d65ed84e.ltl	4cbcbdc610876566bbbd78341e4b16e859913e4b5bbf3b96bf2da5980fb05bc2	no	0.853803		exact:unsupported_or_failed;strict:budget_exhausted	no	1.006846		exact:unsupported_or_failed;strict:budget_exhausted
Lights2Min_9cbf2546.ltl	d8551c85375017f7f69330aa7f73993b157b09ac2f8c3900c3f55364f882f5a4	no	0.176358		exact:unsupported_or_failed;strict:unsupported_or_failed	no	0.181545		exact:unsupported_or_failed;strict:unsupported_or_failed
Lights2_06e9cad4.ltl	5297f43506d55ad1fa793b908e8b4ab3a48973037f4ee85b635c01710cd9dad2	no	0.854398		exact:budget_exhausted;strict:budget_exhausted	no	1.004970		exact:budget_exhausted;strict:budget_exhausted
Lights2_0f5381e9.ltl	35240de7fca58f5951bd10e79e745faf42c69ace72bb1510136eb1ad3d190913	no	0.854441		exact:budget_exhausted;strict:budget_exhausted	no	1.006440		exact:budget_exhausted;strict:budget_exhausted
Lights2_2c5b09da.ltl	cd2fadd4f74775e34b79efd8c8f83dbe71cd7d16188935b737771ca94187c3cc	no	0.853983		exact:budget_exhausted;strict:budget_exhausted	no	1.005088		exact:budget_exhausted;strict:budget_exhausted
Lights2_9cac58d3.ltl	d1efb0f9d79d5bf075bde2f109b3badd51c4c8ab5f79066318bd436d0fda2a3d	no	0.859829		exact:budget_exhausted;strict:budget_exhausted	no	1.011694		exact:budget_exhausted;strict:budget_exhausted
Lights2_b02056d6.ltl	9833d7e90c1a1c6de2bf2c670728ade5c89ab51d646d8ab4dd8bb1a6b77932ed	no	0.855977		exact:budget_exhausted;strict:budget_exhausted	no	1.006166		exact:budget_exhausted;strict:budget_exhausted
Lights2_f1477cc5.ltl	ce4bdc94c22d399beb27511858776aefc914740434085d1ef603eb2bc99e6884	no	0.856020		exact:budget_exhausted;strict:budget_exhausted	no	1.009963		exact:budget_exhausted;strict:budget_exhausted
Lights2_f3987563.ltl	bd869c5b0487c4e12f4dc6111b1ada12921391b7dd8682cec091330ea6e27412	no	0.861630		exact:budget_exhausted;strict:budget_exhausted	no	1.013517		exact:budget_exhausted;strict:budget_exhausted
Lights3Min_6479ef9a.ltl	6c3bf329ab15570b05a3a944572613467e65a4ee63cb3f77266d90ff33ebaaba	no	0.136942		exact:unsupported_or_failed;strict:unsupported_or_failed	no	0.133905		exact:unsupported_or_failed;strict:unsupported_or_failed
Lights3_06e9cad4.ltl	0af49d3e13f638417f5c7ab4a3cbad5fbdf4aebb7edcbccf5288743fac9c6fe5	no	0.860811		exact:budget_exhausted;strict:budget_exhausted	no	1.010797		exact:budget_exhausted;strict:budget_exhausted
Lights3_235467da.ltl	055791ec224ca60ea6e72f821306b4f7fe1d8a315f4ce36dff5c59013b8b1523	no	0.851876		exact:unsupported_or_failed;strict:budget_exhausted	no	1.004670		exact:unsupported_or_failed;strict:budget_exhausted
Lights3_2c5b09da.ltl	7900a5884db22741885ce1a6b49ec24e1290bdecacb5a8d9e12a73cb522bf70b	no	0.863184		exact:budget_exhausted;strict:budget_exhausted	no	1.010733		exact:budget_exhausted;strict:budget_exhausted
Lights3_3916ec59.ltl	1b710b0f688031b41b762b8aa5e487ea71f7667e5457d6d75499e8f80ceb9809	no	0.858883		exact:budget_exhausted;strict:budget_exhausted	no	1.007335		exact:budget_exhausted;strict:budget_exhausted
Lights3_6bea956e.ltl	1328d11e2c3b226dd466e742d54c66dfc08891171a4dd0ef8dee7fc10ffe28c3	no	0.408749		exact:unsupported_or_failed;strict:unsupported_or_failed	no	0.412034		exact:unsupported_or_failed;strict:unsupported_or_failed
Lights3_f1477cc5.ltl	2b0cc764dce48a797dcec693c9d34795a96f59d5687c0bf8ad185c9d3a1e0503	no	0.852864		exact:unsupported_or_failed;strict:budget_exhausted	no	1.004181		exact:unsupported_or_failed;strict:budget_exhausted
LightsMin_6bea956e.ltl	9f376ab67e60d10d7a01ce46cb0fa800baaaacae576b72b16ae1e2f88e23fd4b	no	0.148759		exact:unsupported_or_failed;strict:unsupported_or_failed	no	0.147533		exact:unsupported_or_failed;strict:unsupported_or_failed
LightsTotal_06e9cad4.ltl	6ee89b17b97e5d9b37c0f427d567982eb98273db56ef1149c6e7d0138a5dd02e	no	0.853970		exact:budget_exhausted;strict:budget_exhausted	no	1.004890		exact:budget_exhausted;strict:budget_exhausted
LightsTotal_2c5b09da.ltl	180f747cb16297bbbf04f75136fd077768ccc0f99627c5280f097eec9bd5ca05	no	0.853957		exact:budget_exhausted;strict:budget_exhausted	no	1.004113		exact:budget_exhausted;strict:budget_exhausted
LightsTotal_9cbf2546.ltl	bac713e02fbd61febececb9943a9a12d3e03792a45b3e80af16af0dd9bb391b9	no	0.854570		exact:budget_exhausted;strict:budget_exhausted	no	1.003843		exact:budget_exhausted;strict:budget_exhausted
LightsTotal_d65ed84e.ltl	9587ba20fd87489d37089901e51def1a17e922a82b1c9c1cd18cd978dbc96914	no	0.854386		exact:budget_exhausted;strict:budget_exhausted	no	1.005091		exact:budget_exhausted;strict:budget_exhausted
Lights_06e9cad4.ltl	444cedd0396d8cb77d8281ae2bc35b29f916f66467a9865e009f1f2975fe2f21	no	0.857391		exact:budget_exhausted;strict:budget_exhausted	no	1.006835		exact:budget_exhausted;strict:budget_exhausted
Lights_2c5b09da.ltl	742272b9d58d45e38c87f7ab753ddd210604fc35887ee2355ed6724ec5e4fc09	no	0.858029		exact:budget_exhausted;strict:budget_exhausted	no	1.008618		exact:budget_exhausted;strict:budget_exhausted
Lights_3461125b.ltl	1c91041012bd1c524de180b0a729b46a35cb2d5a75e9cf61c5af51381501dac1	no	0.289974		exact:unsupported_or_failed;strict:unsupported_or_failed	no	0.284541		exact:unsupported_or_failed;strict:unsupported_or_failed
Lights_9cac58d3.ltl	fcfeca9bcf7ae8e3ab36e24985424952d6a4497aa0a831c98aa6647d05b7ccc5	no	0.855122		exact:unsupported_or_failed;strict:budget_exhausted	no	0.975364		exact:unsupported_or_failed;strict:unsupported_or_failed
Lights_b0840146.ltl	942ca72016a60bed377c7070b1ded5691f9d410f69a26cc4c8797040507183fe	no	0.856465		exact:budget_exhausted;strict:budget_exhausted	no	1.002661		exact:unsupported_or_failed;strict:budget_exhausted
Lights_f3987563.ltl	343ea3e683c443773513375ce74f31f030cfb8d42b7836989afa4941ea6b468b	no	0.854786		exact:unsupported_or_failed;strict:budget_exhausted	no	0.936758		exact:unsupported_or_failed;strict:unsupported_or_failed
ModdifiedLedMatrix4X.ltl	d253274821badc19e9038d6beaa48c525585aac8fb9b4d43ba5988487fe301aa	no	0.854829		exact:budget_exhausted;strict:budget_exhausted	no	1.005629		exact:budget_exhausted;strict:budget_exhausted
ModdifiedLedMatrix5X.ltl	525a3ddcb91f1896ff4b025b1b45b6b908c0558cafa0bfbf32f524f8c72f5cf6	no	0.855099		exact:budget_exhausted;strict:budget_exhausted	no	1.005274		exact:budget_exhausted;strict:budget_exhausted
Morning2Min_6cbc6174.ltl	8071b7f71f30a4f0f1cff8e423b8a7c0080ab55c5ee4cd8ea87ba74d99a6504e	yes	0.068334	exact		yes	0.069060	exact	
Morning2_06e9cad4.ltl	6ff39b07dfe7f647d04ad179c04383a3cd0dbad43e70301d6782452fecf5669d	no	0.853941		exact:budget_exhausted;strict:budget_exhausted	no	1.004954		exact:budget_exhausted;strict:budget_exhausted
Morning2_1cf58fc1.ltl	55e426d6a107bcb8589bb0d5f90fabb74b5a2d6b95e758a249450a1b35c7a123	no	0.854136		exact:budget_exhausted;strict:budget_exhausted	no	1.003379		exact:budget_exhausted;strict:budget_exhausted
Morning2_2c5b09da.ltl	7ab97ca9cfea1afe011acba9938755a4e7f557b81a39e804b5c71ccfbe1b8b98	no	0.853525		exact:budget_exhausted;strict:budget_exhausted	no	1.004896		exact:budget_exhausted;strict:budget_exhausted
Morning2_407db2cc.ltl	f1542410d60db27876218856d7414cea884411feb5e297c5d0f0efd82ac9559b	no	0.853920		exact:budget_exhausted;strict:budget_exhausted	no	1.004041		exact:budget_exhausted;strict:budget_exhausted
Morning2_4d4ca5c4.ltl	34868f777b87fc04d20952b492ae9231f6848df3573902cbdc798723715bad24	yes	0.077070	exact		yes	0.074753	exact	
Morning2_63831f8c.ltl	1b4493ad7a821195a8212def677e2a8a1fdfe2fbd213277e8509e81c22bf8246	no	0.853995		exact:budget_exhausted;strict:budget_exhausted	no	1.003757		exact:budget_exhausted;strict:budget_exhausted
Morning2_68c86764.ltl	190b61ded8c751e7dda8abb456feacaaff5b42558244cb036297ba25a8328f42	no	0.854076		exact:budget_exhausted;strict:budget_exhausted	no	1.003884		exact:budget_exhausted;strict:budget_exhausted
Morning2_9cac58d3.ltl	1275441f4700a2888abbbe34b1fbb758cc9b8e9a2d2fefe3933d65cb3ebeed8f	yes	0.077232	exact		yes	0.075490	exact	
Morning2_d65ed84e.ltl	351e3e9fadd8c4a55cd04cd60dac270bf3e72fca0d3591fe6196458034771ea7	no	0.854039		exact:budget_exhausted;strict:budget_exhausted	no	1.004063		exact:budget_exhausted;strict:budget_exhausted
Morning2s_06cf2373.ltl	1371c3dd52d9a320383e8e1b37f618d49787e362bff399c045ce5586b74c7e67	no	0.853247		exact:budget_exhausted;strict:budget_exhausted	no	1.003933		exact:budget_exhausted;strict:budget_exhausted
Morning2s_06e9cad4.ltl	e4079efee47d20de3c73cc85539f2d47f316647e3246fbfda6d423956dadf55f	no	0.854205		exact:budget_exhausted;strict:budget_exhausted	no	1.003117		exact:budget_exhausted;strict:budget_exhausted
Morning2s_2c5b09da.ltl	9b2a584ba8d929e9216ca977830fe61e37245043049f6c60d2cc4b4b4d4edac9	no	0.853699		exact:budget_exhausted;strict:budget_exhausted	no	1.004178		exact:budget_exhausted;strict:budget_exhausted
Morning2s_42dc4fff.ltl	acb58dfe089e4ab004ed108c1f37bcd265dd0c36d641799318111d3259c27f82	no	0.854763		exact:budget_exhausted;strict:budget_exhausted	no	1.004157		exact:budget_exhausted;strict:budget_exhausted
Morning2s_9cbf2546.ltl	5665e925e048ff5d05c9e7327141feb770f1922716a1cb122667ca6dd893396f	no	0.854716		exact:budget_exhausted;strict:budget_exhausted	no	1.004817		exact:budget_exhausted;strict:budget_exhausted
Morning2s_d6c5ac79.ltl	b3890ab0a4c9ed602691928ec574a5b93345d1b71bbb223b47cac38f11076cbf	no	0.853877		exact:budget_exhausted;strict:budget_exhausted	no	1.004447		exact:budget_exhausted;strict:budget_exhausted
MorningMin_d6c5ac79.ltl	c0841fe1d784ee090d7b152017701f7c4f3742a1d7a5acaefc1f86a9b47dc71d	no	0.852541		exact:unsupported_or_failed;strict:budget_exhausted	no	1.003846		exact:unsupported_or_failed;strict:budget_exhausted
Morning_14a3b3a2.ltl	04fa8d996038f7a2e50922441f23a8f35b79251327d442ec4b1f0c2e0479c82f	no	0.854657		exact:budget_exhausted;strict:budget_exhausted	no	1.004572		exact:budget_exhausted;strict:budget_exhausted
Morning_4b5e6eaa.ltl	88ac6d607f035b08a982d5d9ee6681618a3163c5f17b49982531cb4b6ae178dc	no	0.853855		exact:budget_exhausted;strict:budget_exhausted	no	1.003170		exact:budget_exhausted;strict:budget_exhausted
Morning_88c5c1c3.ltl	01511f509e1bf0b43ced53166417503ba49cc487b3e208694217fe4ecff65ba7	no	0.857908		exact:budget_exhausted;strict:budget_exhausted	no	1.008083		exact:budget_exhausted;strict:budget_exhausted
Morning_9cac58d3.ltl	92ad591cb4827f954122dd0a9ba440972cac36a6473ea17bb1d8f02b362983e9	no	0.854370		exact:budget_exhausted;strict:budget_exhausted	no	1.004338		exact:budget_exhausted;strict:budget_exhausted
Morning_c92eb242.ltl	0aaadada9ef679f8ec05819d1fd52674b999a86913f35d427a6ab134352f01fe	no	0.853873		exact:budget_exhausted;strict:budget_exhausted	no	1.003604		exact:budget_exhausted;strict:budget_exhausted
Morning_f1477cc5.ltl	1f3f47a55804a1fa43b34483c6c3907c33b453465583a9dae6fde7d35cf3e806	no	0.853937		exact:budget_exhausted;strict:budget_exhausted	no	1.003935		exact:budget_exhausted;strict:budget_exhausted
Morning_f2774e0b.ltl	c9cdc9f69aca476fc8040d04c5129736ee38be6cfecc714c75b9ad812efbd0fc	no	0.853864		exact:budget_exhausted;strict:budget_exhausted	no	1.003405		exact:budget_exhausted;strict:budget_exhausted
MusicAppFeedback.ltl	25b51f4884338a6fec761c3252a159c5bb598ba652d543faaaf4e8343d8e1ca3	yes	0.086902	exact		yes	0.087690	exact	
MusicAppMotivating.ltl	ab049059e4038c9fe938846bc87bad00d9846e1901c33a319ba70c255125b079	yes	0.094200	exact		yes	0.090729	exact	
MusicAppSimple.ltl	c659e98e0729584559e58d784bfea96d6dcb40c7cbe1433832073d2a15f56776	yes	0.073026	exact		yes	0.073369	exact	
OneCounter.ltl	46dde8e50709d5f60aa67f58a0de5e50e13cb4c3e3e9c8c250e0e140ded284e1	no	0.854199		exact:budget_exhausted;strict:budget_exhausted	no	1.004515		exact:budget_exhausted;strict:budget_exhausted
OneCounterGui.ltl	a38be9d40c361231a8303a1d011bc1b3e8bb6f4f8a912a0278337eced28b5942	yes	0.143075	exact		yes	0.138429	exact	
OneCounterGuiA1.ltl	3abae5b9904473e886bec689c50b5fd603c0e84f1b5c9425d2bc6249c8d0bec1	yes	0.275551	exact		yes	0.268389	exact	
OneCounterGuiA2.ltl	f8c09db792e6668470b71e2109b5677053d6b9b866ad11ffafadb46d45fa5534	yes	0.370456	exact		yes	0.368805	exact	
OneCounterGuiA3.ltl	f3807def3c43684b53bf72874e652aeedf963c4578b50f0a6b2343ee7a96b10f	yes	0.613438	exact		yes	0.611853	exact	
OneCounterGuiA4.ltl	03b93b12c8d8cbcad74201ae34c06d50020187b2fd135076cec807ccbb8959a4	yes	0.712961	exact		yes	0.706318	exact	
OneCounterGuiA5.ltl	0c68518540eb6cd463124e2202d4606e439a64c4f8ec4dc1995cce422053116c	yes	0.802835	exact		yes	0.805541	exact	
OneCounterGuiA6.ltl	3004cd86945de5f2882cdf9e9cda3fd2dcf89648389761db721edb9ebda4d30e	no	0.854626		exact:budget_exhausted;strict:budget_exhausted	no	1.004776		exact:budget_exhausted;strict:budget_exhausted
OneCounterGuiA7.ltl	fe6cad3d76b044ad8aea255a4e94d0a8824d27c3602513bcccfc6f023a7c3243	no	0.855232		exact:budget_exhausted;strict:budget_exhausted	no	1.004891		exact:budget_exhausted;strict:budget_exhausted
OneCounterGuiA8.ltl	f704d4d2c4ad651000675688bef5cf8ee92457093e0a7c70c0cab5caefa5fbf6	no	0.854876		exact:budget_exhausted;strict:budget_exhausted	no	1.004970		exact:budget_exhausted;strict:budget_exhausted
OneCounterInRange.ltl	414d9c54aef327994a49ed74fbd96a22b8117d6e1a8640e73c2901cf25815030	yes	0.068279	exact		yes	0.068487	exact	
OneCounterInRangeA1.ltl	b1a0c240c223b71cb2ced1d4cb7d560235ab55119ab13a32b4a58febf8dc63b6	yes	0.070910	exact		yes	0.070297	exact	
OneCounterInRangeA2.ltl	a9a60b8cca0b42054720b5e426ddb4368b28d6f9407039582e3caa51bafcef5a	yes	0.072383	exact		yes	0.072664	exact	
OneCounterInRangeA3.ltl	394e747e897fe29895141abf76893780b605ae7bf83b9b574580e6c87f1a5557	yes	0.074026	exact		yes	0.073501	exact	
PlugController_fa4d4ce3.ltl	d27b87fb2f91311d1225f4c9ab623134ba8205d8e12a380040afa320d50d8c4c	no	0.270371		exact:unsupported_or_failed;strict:unsupported_or_failed	no	0.271331		exact:unsupported_or_failed;strict:unsupported_or_failed
Radarboard.ltl	046b0413ae7e2fda9ca7cf02c6b93459d5ab2dd212fae62a370d6474f9ffa690	yes	0.093240	exact		yes	0.091905	exact	
RegManager.ltl	89aedd0f3237af580017849a139ac332a48a1557ce5dd155e26a9d1f107f0231	yes	0.071818	exact		yes	0.071987	exact	
Room_a50cadd7.ltl	93004db24691bdd19c1eeafcbbf949e973ba702d4c8d097b82cdae42dc1f9bd4	yes	0.067693	exact		yes	0.067694	exact	
RotationCalculator.ltl	99926ee7000ed6809218f93f432ecf0653f2042e14c0fa25d3015d91362dac0b	yes	0.082003	exact		yes	0.076288	exact	
SPI.ltl	a10471d78e35cadc4175d56ff1a201d5f62c9a5ccf94ddf8cee35a8713b00533	yes	0.187271	exact		yes	0.187482	exact	
SPIPureNext.ltl	335e50ae5e989f9f99dc967faaf117aa45bb23347210d17c0215fd100a999804	no	0.222276		exact:unsupported_or_failed;strict:unsupported_or_failed	no	0.221548		exact:unsupported_or_failed;strict:unsupported_or_failed
SPIReadClk.ltl	f1d58003b05b698732f83fe1dbef84faddb13b7f5baac49ef09b79564a1c05ac	yes	0.066834	exact		yes	0.066798	exact	
SPIReadManag.ltl	07122d5484b2043c165f3683de1d77b43b3c393880d588bfb94504596e88576c	no	0.856170		exact:budget_exhausted;strict:budget_exhausted	no	1.005716		exact:budget_exhausted;strict:budget_exhausted
SPIReadSdi.ltl	81f959ffe6605375aea274a7e5d2b51d16f3e089a689eccd5d4b8d8427e7df3c	yes	0.067839	exact		yes	0.067810	exact	
SPIWriteClk.ltl	4d0a981ead91e509b32b680186cc95ef17d4b3037a7aa308efdd2e633f2145c2	yes	0.068011	exact		yes	0.067257	exact	
SPIWriteManag.ltl	04fac39ecc2668e616ff3f1607d4bdd17bc7723831a52ab773c67c015015782e	no	0.221387		exact:unsupported_or_failed;strict:unsupported_or_failed	no	0.216324		exact:unsupported_or_failed;strict:unsupported_or_failed
SPIWriteSdi.ltl	aa67111581bd08fe0e601197132ed683a267ea92b0955d4ca13e5931f4101d44	yes	0.069971	exact		yes	0.070102	exact	
Scoreboard.ltl	72ea6533f3efd5d00b4bf7e3e0c505a896098cb36fcc2080ec25021831c5249e	yes	0.073991	exact		yes	0.073946	exact	
Sensor.ltl	72f5d3d98b613fcbe156c5e6125818e2f1e70782ff96e8db95cd37215d99449b	no	0.856639		exact:budget_exhausted;strict:budget_exhausted	no	1.005748		exact:budget_exhausted;strict:budget_exhausted
SensorInit.ltl	d9e78efb588b2e4e89d76841184341baf1c856fa765358a43997d88ad15667cb	yes	0.098394	exact		yes	0.099596	exact	
SensorPart.ltl	665b5d88c45578ab61ea26e13d10a18e1fcac2b45c5df1a55233116de6d26701	yes	0.105556	exact		yes	0.109477	exact	
SensorRegister.ltl	46f361a66062e1d1b902e5caf6f544836ec7671cd6765069daed9fe533f031c6	yes	0.065925	exact		yes	0.071094	exact	
SensorSelector.ltl	fe966967b6cb0595551040f51f69afae5a48a067874b294b3089afa0bfc66dba	no	0.855959		exact:budget_exhausted;strict:budget_exhausted	no	1.006435		exact:budget_exhausted;strict:budget_exhausted
SensorSubmodulChooser.ltl	9c414bb78982b30090230ef8e6845bbe912a13bba763a85f6db0c216882c0ae3	yes	0.280595	exact		yes	0.277052	exact	
Shades2Min_63831f8c.ltl	a36ba383b28e97f8ee31c969d4c0d5f91b54568a7ef4c50c0b1c0f5699adc3d7	yes	0.068408	exact		yes	0.069173	exact	
Shades2_235467da.ltl	368819715da042703d1dfdd1eb8b4258c843fdf5602100a768a250ebe8fdd158	no	0.139088		exact:unsupported_or_failed;strict:unsupported_or_failed	no	0.140125		exact:unsupported_or_failed;strict:unsupported_or_failed
Shades2_42dc4fff.ltl	89aa2ebed2b4c5c057d150584cff94cb4d9bb482750fd5fcebaf4fb5c708a360	no	0.156267		exact:unsupported_or_failed;strict:unsupported_or_failed	no	0.154918		exact:unsupported_or_failed;strict:unsupported_or_failed
Shades2_70523fbe.ltl	35c25fe40f029c8e014ce42b3985aabc218c01860ae68c4c89004afd3abaa398	no	0.139762		exact:unsupported_or_failed;strict:unsupported_or_failed	no	0.140659		exact:unsupported_or_failed;strict:unsupported_or_failed
Shades2_a5f99bc6.ltl	b9f120dfee7583c464b46d806fa3dc61e1acc7ce05c72604c8442410ace6efe9	no	0.137750		exact:unsupported_or_failed;strict:unsupported_or_failed	no	0.138211		exact:unsupported_or_failed;strict:unsupported_or_failed
ShadesMin_aeb1d897.ltl	f9e13b7939c8037fac85c4f9f8a1699d1370a95b759b1db60882580555904162	yes	0.068665	exact		yes	0.068958	exact	
Shades_6479ef9a.ltl	ed6d4f07d89fce3b93f9f6f815646401525addeef742e0821381ba8341109532	no	0.142879		exact:unsupported_or_failed;strict:unsupported_or_failed	no	0.142527		exact:unsupported_or_failed;strict:unsupported_or_failed
Shades_974f4a68.ltl	068ae893ca6fd81dc87a34c8f9b79dd80d13526afe8787e600ef7e761d882b16	no	0.662744		exact:unsupported_or_failed;strict:unsupported_or_failed	no	0.678266		exact:unsupported_or_failed;strict:unsupported_or_failed
Shades_9cac58d3.ltl	7de8ef5e2523e33ee994f26074d9dd54b3f3a466427058757ac5215160a20527	no	0.138431		exact:unsupported_or_failed;strict:unsupported_or_failed	no	0.137550		exact:unsupported_or_failed;strict:unsupported_or_failed
Shades_a02758ea.ltl	c6f8bb72b3c656200d5b3c353a1d214d5b08f94aff281e8a1478e9ed14604490	no	0.136653		exact:unsupported_or_failed;strict:unsupported_or_failed	no	0.137409		exact:unsupported_or_failed;strict:unsupported_or_failed
SingleContoller_d65ed84e.ltl	a45e95f597313997d8d06048b02a3dbfa502825f24b1e6ffacc596368bfbb510	no	0.856471		exact:budget_exhausted;strict:budget_exhausted	no	1.009100		exact:budget_exhausted;strict:budget_exhausted
SliderDefault.ltl	5ba0086b480c8f151e04cf4d352ec55478e5e50d548a07fd4563539f4cd02c7c	yes	0.092692	exact		yes	0.092530	exact	
SliderDelayed.ltl	3dca9866cc13f5c6844091b64ea67612bf0df88509855741dd68b8fe8f49603a	yes	0.644180	exact		yes	0.634146	exact	
SliderScored.ltl	1951261ffc6ddd54b4f25d30cddfa4d059e4c8a6f7ae70f7ea43a4758c6a5b94	yes	0.206410	exact		yes	0.205607	exact	
System_b0840146.ltl	0b6a5c13cd4d621d11f16f069c78236d5846eab0b2020acea8d4ca256032109e	no	0.134633		exact:unsupported_or_failed;strict:unsupported_or_failed	no	0.136047		exact:unsupported_or_failed;strict:unsupported_or_failed
Time_a50cadd7.ltl	2ca68b0ee08d5df28ea8e58fba7d5155dc0659d9c39a2bec933964e4be15e1d4	yes	0.067231	exact		yes	0.066979	exact	
Timer_a50cadd7.ltl	fe127320cc3d65d7dd155f157b896b265ccde0148ae474c092986a77568b99fa	yes	0.067171	exact		yes	0.068188	exact	
TorcsAccelerating.ltl	ee191bb7ad4a51907c2eb8449dca519bead6cd46953289b91b7ad522f95caa9c	yes	0.068255	exact		yes	0.068473	exact	
TorcsGearing.ltl	d8483612976a468043a4f77422e8259cd0a05f2f544184211c91634e65982cf2	yes	0.068305	exact		yes	0.068596	exact	
TorcsSimple.ltl	3a098c67e786e2273f70583516af19ea77bfb2a7cfc9262c27c143113770517b	yes	0.071566	exact		yes	0.072358	exact	
TorcsSteeringImproved.ltl	6a9a0488fccd810b5f00d5abe0398c418349f5c905f6ecd5b0e9aa77034dc0b8	yes	0.263942	exact		yes	0.264590	exact	
TorcsSteeringSimple.ltl	e44464d20d428d8e7516282b9721f9f568ba12feb2c370748769e801e2781136	yes	0.069380	exact		yes	0.069189	exact	
TorcsSteeringSmart.ltl	55757509e7ccc4fcf568b5965e75f64cc4045bb9a9c820b67fac59094332f658	yes	0.078206	exact		yes	0.078794	exact	
TwoCounters.ltl	57f638936603c23dfa2da4a582aed19b482fd701a21f8bdfd948dd7f6e31d7ef	yes	0.086924	exact		yes	0.087967	exact	
TwoCounters2.ltl	582e0cfe7f95e2ba138f78cdcb2d9022ea48b29a712e4fdec6efbd3b845dd994	yes	0.355977	exact		yes	0.363159	exact	
TwoCounters3.ltl	5ea656b1ef2e8bcaca22f06da95573da20f0921e7fe97096b89b3081454964b5	no	0.855907		exact:budget_exhausted;strict:budget_exhausted	no	1.007111		exact:budget_exhausted;strict:budget_exhausted
TwoCounters4.ltl	60904508d3d1689d7de0028a70c8957a1212309a900925a2d23c9707301ae822	no	0.855140		exact:budget_exhausted;strict:budget_exhausted	no	1.004859		exact:budget_exhausted;strict:budget_exhausted
TwoCounters5.ltl	c866c2b230143b1d229850003f29b70fe3980f9aa130eeafe25fcc72ab7a1fdb	no	0.860486		exact:budget_exhausted;strict:budget_exhausted	no	1.010926		exact:budget_exhausted;strict:budget_exhausted
TwoCountersDisButA0.ltl	177e104e080eaf68162e5f7abd125dad482f527176c3434f928b64bff2f290df	no	0.857577		exact:budget_exhausted;strict:budget_exhausted	no	1.008132		exact:budget_exhausted;strict:budget_exhausted
TwoCountersDisButA1.ltl	adf61c11ad2a479589606aa88e48deb95083495e40939da5b249382da61ad8cc	no	0.856901		exact:budget_exhausted;strict:budget_exhausted	no	1.008905		exact:budget_exhausted;strict:budget_exhausted
TwoCountersDisButA2.ltl	e0ec20dde8db277c4c94306262ffa92bc60f26bd1c11d77b134a5cd69c762508	no	0.858157		exact:budget_exhausted;strict:budget_exhausted	no	1.008181		exact:budget_exhausted;strict:budget_exhausted
TwoCountersDisButA3.ltl	c325ebadd195d27a484e5a276ae9aab2cbbc628714b910046ac035debece47e2	no	0.858358		exact:budget_exhausted;strict:budget_exhausted	no	1.008851		exact:budget_exhausted;strict:budget_exhausted
TwoCountersDisButA4.ltl	9d88a02dab56522adb1d892f6adc4a5fd31fbb0c7a8c875a9f9810805e7e4325	no	0.859672		exact:budget_exhausted;strict:budget_exhausted	no	1.010895		exact:budget_exhausted;strict:budget_exhausted
TwoCountersDisButA5.ltl	ae13ee8f63ed4231f6f97e262e825d4dc55cfd93df5ac18bd49ce61c470443ed	no	0.859688		exact:budget_exhausted;strict:budget_exhausted	no	1.010551		exact:budget_exhausted;strict:budget_exhausted
TwoCountersDisButA6.ltl	ae71135dab06ba44b3f32422563a831f33ae25e53b150db8610fb1bdc5602d08	no	0.858925		exact:budget_exhausted;strict:budget_exhausted	no	1.010236		exact:budget_exhausted;strict:budget_exhausted
TwoCountersDisButA7.ltl	59c0fa52ec6aa74502f64860b8b1d47b275f91543988da0f9a0357bdf5129c21	no	0.859946		exact:budget_exhausted;strict:budget_exhausted	no	1.010485		exact:budget_exhausted;strict:budget_exhausted
TwoCountersDisButA8.ltl	14f944e3fccbdd267f5cce3782adc38c602a4f0dc107a4c974de75c796896781	no	0.859190		exact:budget_exhausted;strict:budget_exhausted	no	1.009798		exact:budget_exhausted;strict:budget_exhausted
TwoCountersDisButA9.ltl	3c47939f5cb14bbcb56690a6c00e567f9fd2c33b0ad745d27a92389571ea6ab9	no	0.858670		exact:budget_exhausted;strict:budget_exhausted	no	1.009524		exact:budget_exhausted;strict:budget_exhausted
TwoCountersDisButAC.ltl	f00eec8209e7950e220d4f6a5b7f7f5f63e3043285c10c41c30516cc2381d0e8	no	0.860789		exact:budget_exhausted;strict:budget_exhausted	no	1.009880		exact:budget_exhausted;strict:budget_exhausted
TwoCountersGui.ltl	8a5cb9b089018c601733dcefa713a8cc5841c1b0501ca7e06d945f6dd3416997	no	0.859280		exact:budget_exhausted;strict:budget_exhausted	no	1.010719		exact:budget_exhausted;strict:budget_exhausted
TwoCountersInRange.ltl	fc1d8064091756ce29d49dcd4adc184bd1f8412f7e55cd21871572d5b067cc2f	yes	0.151367	exact		yes	0.150155	exact	
TwoCountersInRangeA1.ltl	d96cfa564e9994222125725403a2fbb1e24dd29924c58f30df8922806edffe05	yes	0.290266	exact		yes	0.287716	exact	
TwoCountersInRangeA2.ltl	f3ea2a714e779e7240cbf415143802bd61f6961a7bb0a4a2c8f9db01f8ac1611	yes	0.643269	exact		yes	0.658563	exact	
TwoCountersInRangeA3.ltl	6f742f18e3df80ab2027024fb39ea1aa3448f9301c765bc62ca4f7876286a71d	yes	0.715348	exact		yes	0.719593	exact	
TwoCountersInRangeA4.ltl	18b9ea3cd9c370324b8f8b71fdd5d9c260c9831ea2e9b401449c1fca87084643	yes	0.843649	exact		yes	0.824867	exact	
TwoCountersInRangeA5.ltl	b1890e8d281fafeadadcccd5f16d558b5652743451c7109344848180923f3556	no	0.854735		exact:budget_exhausted;strict:budget_exhausted	no	1.004781		exact:budget_exhausted;strict:budget_exhausted
TwoCountersInRangeM0.ltl	18f19b12d1e54fe063e22ca0d7a065982d6558a5e49c3c10dd50f5079097444b	yes	0.662076	exact		yes	0.664322	exact	
TwoCountersInRangeM1.ltl	f6d907160c3d7cb793e3ac22199f76548dd73b09539b3558249ee944a5828a7b	yes	0.642342	exact		yes	0.641950	exact	
TwoCountersInRangeM2.ltl	ce63f4da53a6993d70d1074d001c18e2719518c0c0e571bb0e34db4b6199f87c	no	0.854618		exact:budget_exhausted;strict:budget_exhausted	yes	0.958039	exact	
TwoCountersInRangeM3.ltl	76c01fb2575f23bd34119751b7941299800c70907a683ad5282bd74bca6ae748	no	0.854625		exact:budget_exhausted;strict:budget_exhausted	yes	0.973654	exact	
TwoCountersInRangeM4.ltl	daffe18f98e5a3cd8cb6b5e1c54c172d4a799c6db17d45949af55f5719f2cb3e	no	0.854607		exact:budget_exhausted;strict:budget_exhausted	yes	0.960485	exact	
TwoCountersRefined.ltl	2d343373f7185560609300dcf90a350672b64be5c7fa79857cbce94a8037529d	yes	0.100730	exact		yes	0.100108	exact	
TwoCountersRefinedRefined.ltl	67251727a89f3b407c06ddbfaea2a749095fa00280ded4d5652bed4ed72b0c4f	yes	0.106484	exact		yes	0.106101	exact	
UnderapproxDemo2.ltl	72036e4a744f73ebfe026c55149dc0ada369c2ca82454aec715fc94437efaccc	yes	0.066254	exact		yes	0.066165	exact	
UnderapproxStrengthenedDemo.ltl	051e8b0d7b43fcd698e3b2a64e63f92154c4756f495eddc1c35a41ebda933278	yes	0.067244	exact		yes	0.067129	exact	
Warnlight_2d1010f8.ltl	63b43cf75035534e00112b1865172f4ab3ddddeeaba91bafbe52b92fbaefdc67	no	0.181204		exact:unsupported_or_failed;strict:unsupported_or_failed	no	0.179387		exact:unsupported_or_failed;strict:unsupported_or_failed
Warnlight_a50cadd7.ltl	d897e18cd9e6a03a0b590b8e8844a5e0167e819c7ab3762a1a39fbd7f81e86e3	yes	0.067647	exact		yes	0.067100	exact	
Window2Min_88c5c1c3.ltl	d9fffdddc7a817ccd3a8f924721e98ba668a2b0353c037ad10465c9d5f717c6a	yes	0.071083	exact		yes	0.071445	exact	
Window2_54e1f7d2.ltl	102d2bda4449a49057e2f2ad4053430f82f798b62ea998851c3dc82adc19cd40	yes	0.071559	exact		yes	0.071317	exact	
Window2_6479ef9a.ltl	e1b1f91d1e57c9a74047f3e305f855ad15d89526bab8dc3e9ac54ea77bca80d4	no	0.854006		exact:unsupported_or_failed;strict:budget_exhausted	no	1.004380		exact:unsupported_or_failed;strict:budget_exhausted
Window2_9cac58d3.ltl	5779e12c3b93836ce2683d6fb22b0de2c25e52839a3cddb7415dd13a412e22b5	yes	0.073706	exact		yes	0.072800	exact	
Window2_aeb1d897.ltl	09972531f601b3725c7a571c31f11f4771dbc19011e4c5191e9c6bc6171f70b6	no	0.853370		exact:unsupported_or_failed;strict:budget_exhausted	no	1.003934		exact:unsupported_or_failed;strict:budget_exhausted
Window2_f1477cc5.ltl	b8cc2fe59836219c5234d66dd4f71e675f5b9f163f40a3222e2c2e60c4919509	no	0.853370		exact:unsupported_or_failed;strict:budget_exhausted	no	1.003666		exact:unsupported_or_failed;strict:budget_exhausted
WindowMin_a5f99bc6.ltl	6efc785b8e1d2ac18d00cfee002030352ed8c447cdc840bc21529cceabcec8c9	no	0.135807		exact:unsupported_or_failed;strict:unsupported_or_failed	no	0.135023		exact:unsupported_or_failed;strict:unsupported_or_failed
Window_235467da.ltl	bfa563b48cc863ed78cd83941d963ecf4c55ad21e461e8cb4e809ccbbd33625a	no	0.379690		exact:unsupported_or_failed;strict:unsupported_or_failed	no	0.375144		exact:unsupported_or_failed;strict:unsupported_or_failed
Window_42dc4fff.ltl	288c1b094f8651c567ed0bb17a51ba92a8076255304589745fce0a6fba7e4dac	no	0.378000		exact:unsupported_or_failed;strict:unsupported_or_failed	no	0.378071		exact:unsupported_or_failed;strict:unsupported_or_failed
Window_54e1f7d2.ltl	c15459a75f8bf79746904016142cbb969e1135bce3b8f693bca7941330026ad0	no	0.221795		exact:unsupported_or_failed;strict:unsupported_or_failed	no	0.221089		exact:unsupported_or_failed;strict:unsupported_or_failed
Zoo0.ltl	2831f9166e6edb900704b5a9354e65971f825cefa46e33573149c7d59ae863c3	yes	0.088407	exact		yes	0.087504	exact	
Zoo10.ltl	2bf62b09b29ca8bbe5f02fca68297ab32118b2d31d95bafb2689a887a9e39cdd	yes	0.085611	exact		yes	0.085616	exact	
Zoo5.ltl	3933751d6f50cad59f8e61e7fdca0f84d08676c386fa2c57bdf6001f96dd5039	yes	0.083807	exact		yes	0.082688	exact	
abcg_arbiter_pb_1_pe_.ltl	6f402be300a597062a8a28f460d405e16e783490b2c9ba1c12c1a8588394c279	yes	0.071325	exact		yes	0.070949	exact	
abcg_arbiter_pb_2_pe_.ltl	2e23bb296f881a396083c6d6bc193a48283e272320963bc5bc839acc2cafec26	yes	0.081703	exact		yes	0.079717	exact	
abcg_arbiter_pb_3_pe_.ltl	ffe566f3252292837253a7068081b87bc5c9d65d86238833b8864d8428310655	yes	0.094390	exact		yes	0.094184	exact	
abcg_arbiter_pb_4_pe_.ltl	13ffd61ce4cd4a57e4e640380541bdcb8f1f629b1216776d4d63a75f6c740bd4	yes	0.110354	exact		yes	0.110130	exact	
abcg_arbiter_pb_5_pe_.ltl	6cd4f694d2fead45f182e6ca27ad3e6bd0bb2eae2eed9865d9124ecc48f122e5	yes	0.129509	exact		yes	0.130012	exact	
abcg_arbiter_pb_6_pe_.ltl	eeefe2935b8c3692a17a8c09cc2bdc998012f5bfa3bec10d9d610a702eca9e90	yes	0.150061	exact		yes	0.152653	exact	
amba_case_study_pb_2_pe_.ltl	4da5edeb720c78d52219b4186d99ee4372ef421c8da15dfe6b6096456ff4ae80	yes	0.128038	exact		yes	0.130113	exact	
amba_case_study_pb_3_pe_.ltl	79259f6399a70e92aa32e2a67f8e334971658710677c2d0d8b68772845549a5e	yes	0.179148	exact		yes	0.181037	exact	
amba_case_study_pb_4_pe_.ltl	79ac6d91864401d3b22a0dc53f9247fd5a85fb83a21cc9713ce7e4b5dd64d3e5	yes	0.236194	exact		yes	0.237245	exact	
amba_case_study_unreal_pb_2_pe_.ltl	371a3f0bcb1acaabcb7bfb8ea37ee63e548f33aa0eb5cbfad1a5da2e6b4064e1	yes	0.126446	exact		yes	0.127361	exact	
amba_case_study_unreal_pb_3_pe_.ltl	7cd7ef94f50523fee3ac57a3691d0211b0ef26379d618a355485f5c01f390122	yes	0.178440	exact		yes	0.173780	exact	
amba_case_study_unreal_pb_4_pe_.ltl	5fb204accfc2bf8b00445954ad30d783e9f22cf58fc971504748812e7f675ea9	yes	0.230238	exact		yes	0.231781	exact	
amba_case_study_unreal_pb_5_pe_.ltl	947cae4927d0a1e14f52a0ec9fc9e98991786110db8cf6bde81f73681259d2e0	yes	0.332470	exact		yes	0.331112	exact	
amba_decomposed_arbiter_pb_10_pe_.ltl	c7902079c4ea4fe19d3029cc2ad544d4f265bf00d6aa1a7ed93ce43d0c0d528c	no	0.862577		exact:budget_exhausted;strict:budget_exhausted	no	1.014420		exact:budget_exhausted;strict:budget_exhausted
amba_decomposed_arbiter_pb_11_pe_.ltl	cf0ef38762a6c96d28dbe530faa96d533cc2a068e154e0cffed305f9a5faf983	no	0.879968		exact:budget_exhausted;strict:budget_exhausted	no	1.030589		exact:budget_exhausted;strict:budget_exhausted
amba_decomposed_arbiter_pb_12_pe_.ltl	89a8ecfb5976cc59b2bf04515e1aa43d3707cff9e2af754ee0f5facce6a35844	no	0.871641		exact:budget_exhausted;strict:budget_exhausted	no	1.041918		exact:budget_exhausted;strict:budget_exhausted
amba_decomposed_arbiter_pb_13_pe_.ltl	c705777bbcdd5e202b52d132557fd1da96782ba7afc648cbef32c8c1dec46e63	no	0.854722		exact:budget_exhausted;strict:budget_exhausted	no	1.004411		exact:budget_exhausted;strict:budget_exhausted
amba_decomposed_arbiter_pb_2_pe_.ltl	74564d9a7e423f8996bb96e200f132f4e9c5492b998b790a5369b1b89eee753a	yes	0.080923	exact		yes	0.080981	exact	
amba_decomposed_arbiter_pb_3_pe_.ltl	97b9d99f4f47538e2b57d1a282e20c0bb6eb90a260086bd7623ddcce5aca408e	yes	0.096150	exact		yes	0.096237	exact	
amba_decomposed_arbiter_pb_4_pe_.ltl	35eb2657e92aca8932e12cbffa6071f12f07423f9bf3426d25c77c8097101c9d	yes	0.127224	exact		yes	0.128008	exact	
amba_decomposed_arbiter_pb_5_pe_.ltl	cdd69d03b0837754aa2ef25f26b1945f2f02c4c19a891ca280829c7795bc2221	yes	0.221780	exact		yes	0.220632	exact	
amba_decomposed_arbiter_pb_6_pe_.ltl	56f31637ac61c2f15d2f065ea2600cf0ffd864dd666de089cb53bcbcdbdc6d55	yes	0.553659	exact		yes	0.553227	exact	
amba_decomposed_arbiter_pb_7_pe_.ltl	fda31b5f2a4bde749b5d1b046fb270bc298ea64ae19da1adf41e2f14a77ada22	no	0.854108		exact:budget_exhausted;strict:budget_exhausted	no	1.004142		exact:budget_exhausted;strict:budget_exhausted
amba_decomposed_arbiter_pb_8_pe_.ltl	93e648b1817217e99b31d03281d73189dfa63294b4fe3ec64d691feff41afbb9	no	0.854963		exact:budget_exhausted;strict:budget_exhausted	no	1.006371		exact:budget_exhausted;strict:budget_exhausted
amba_decomposed_arbiter_pb_9_pe_.ltl	2245dc5c02901b8df4ac99e3119944fd70cb0f63c88d0a718c1a44230acb42b6	no	0.855371		exact:budget_exhausted;strict:budget_exhausted	no	1.005204		exact:budget_exhausted;strict:budget_exhausted
amba_decomposed_decode.ltl	e117b77c8d4fd4f20638b3c36cd837760d4a1187f6075c1946dcafeede3e505f	yes	0.067340	exact		yes	0.067230	exact	
amba_decomposed_encode_pb_10_pe_.ltl	376659fdfe710b891363a5367d6e9688948ff8064b59a4221ac25b9df9a33c9b	yes	0.103994	exact		yes	0.104448	exact	
amba_decomposed_encode_pb_11_pe_.ltl	78836b2d5dff48f38751ad0b994b9eb0787402d8023826aca86f4d3edb8c9e4b	yes	0.109219	exact		yes	0.109068	exact	
amba_decomposed_encode_pb_12_pe_.ltl	79f47112fd8d2f20493b8b6cbb5a26d8ed2e268cb242d9f0795dcb3e3db5c1e3	yes	0.114910	exact		yes	0.113302	exact	
amba_decomposed_encode_pb_13_pe_.ltl	580adba27700a76dbe1b10d35e9af842f7b752b8bf001b53598bca6a37e7fa22	yes	0.120777	exact		yes	0.123173	exact	
amba_decomposed_encode_pb_14_pe_.ltl	f73f643a0bff0368d567d2d3598f30463cd8c8999aac5d07e74aeafd3eff4f69	yes	0.131190	exact		yes	0.131406	exact	
amba_decomposed_encode_pb_15_pe_.ltl	fb9d2cba206c44b00eb3ebdd7292892d85aebc039215ddc46d82e1e4118d226a	yes	0.150822	exact		yes	0.152269	exact	
amba_decomposed_encode_pb_16_pe_.ltl	cbe4b33d82320546b3aa958afd39a5bd6769838a3834e41cf0dfa4a13adc85f5	yes	0.184779	exact		yes	0.184509	exact	
amba_decomposed_encode_pb_20_pe_.ltl	2ba6b5c167664586dbb32752d2b42ea75ea5e3b0a63338eb8a6c69e87e19f88f	no	0.857050		exact:budget_exhausted;strict:budget_exhausted	no	1.006836		exact:budget_exhausted;strict:budget_exhausted
amba_decomposed_encode_pb_25_pe_.ltl	6d50790e1d52eb2cb3f71e17220ba387e0be5290b8c9db149e1ae3475b2d1640	no	0.858526		exact:budget_exhausted;strict:budget_exhausted	no	1.008731		exact:budget_exhausted;strict:budget_exhausted
amba_decomposed_encode_pb_2_pe_.ltl	0168543016a28af242363f6bc812c9d2e737f4f94c338522df1656003f89d4d7	yes	0.069452	exact		yes	0.069657	exact	
amba_decomposed_encode_pb_3_pe_.ltl	fab4ccd61be67b8d34b43c2685cbf495d81988d45e51138f4acfb780bd7200f5	yes	0.075467	exact		yes	0.092950	exact	
amba_decomposed_encode_pb_4_pe_.ltl	1d6188750fc8d153368ca53ea380e700ef40d5db774590e007ea3f7c09cfd170	yes	0.079066	exact		yes	0.076192	exact	
amba_decomposed_encode_pb_5_pe_.ltl	14beffad42694d942b0924b204b31b477005b54c7b107bd495ea2f1113fa98a3	yes	0.082229	exact		yes	0.081597	exact	
amba_decomposed_encode_pb_6_pe_.ltl	93d10ed579eb662afff4960d216d4194714c85fe373b39b194a99dc9e70e9b80	yes	0.083501	exact		yes	0.082876	exact	
amba_decomposed_encode_pb_7_pe_.ltl	12752748f4b184f83cd91fc8ff66207b713743ba5ceceb952a0ce0777350c061	yes	0.086851	exact		yes	0.085198	exact	
amba_decomposed_encode_pb_8_pe_.ltl	cdd7db333bba095a7c0358732367121821beef0ba0e11982b3e37cff6760eca8	yes	0.091022	exact		yes	0.088124	exact	
amba_decomposed_encode_pb_9_pe_.ltl	cac546bd53a9617d2149b3255a1d81876681d33b14b798da3c8c42640905f419	yes	0.100780	exact		yes	0.102176	exact	
amba_decomposed_lock_pb_10_pe_.ltl	8f5f9464c4583499f588cc6d777ff2888342079e2ab966df18343a2492fa5d8e	yes	0.094057	exact		yes	0.093901	exact	
amba_decomposed_lock_pb_11_pe_.ltl	4521704bda643819899c9a6fe7ed9bba9d5acc6f5459ee302763465d1831c7f6	yes	0.097764	exact		yes	0.098088	exact	
amba_decomposed_lock_pb_12_pe_.ltl	9a3fec2cd07f335563e8454c3cdaca42845d87250b1b68423ca5b2dfbf500555	yes	0.102926	exact		yes	0.105516	exact	
amba_decomposed_lock_pb_13_pe_.ltl	24a7cd2663f010f1041447864c761574caa4e79d08e10ddde259f0c4b81baf57	yes	0.114539	exact		yes	0.107162	exact	
amba_decomposed_lock_pb_14_pe_.ltl	65882181b9fff8b05dc8b872dd983da5d22b755507add77c601706667f6796be	yes	0.123103	exact		yes	0.118625	exact	
amba_decomposed_lock_pb_15_pe_.ltl	15f18abd3193587f946df1a46bd5bdc21ef425936eadc94ef28a741e5214b224	yes	0.135113	exact		yes	0.147672	exact	
amba_decomposed_lock_pb_16_pe_.ltl	65e4dd3176ac686280b56e7cac7cf65f2972d0f783c0c39295c0926138c74d32	yes	0.178381	exact		yes	0.178809	exact	
amba_decomposed_lock_pb_2_pe_.ltl	b1e33ea735f7d1de3cedb816d014204a4fe6755a62ca7ad6aa53eaf45c90efe4	yes	0.075721	exact		yes	0.071287	exact	
amba_decomposed_lock_pb_30_pe_.ltl	aaebb5156888c61be545b7f2667e44db30943a36966bccac890a63b3493b63d0	no	0.859270		exact:budget_exhausted;strict:budget_exhausted	no	1.009487		exact:budget_exhausted;strict:budget_exhausted
amba_decomposed_lock_pb_3_pe_.ltl	1b3daf82781b36ece21293e64d0d21149a8a396867b5d27a674788699a0c95c1	yes	0.078077	exact		yes	0.076066	exact	
amba_decomposed_lock_pb_4_pe_.ltl	c423fc6a68808073e81070ed4f149237d0431f33b21c72251e018fde82a73555	yes	0.073846	exact		yes	0.076612	exact	
amba_decomposed_lock_pb_5_pe_.ltl	cb09cc7a8be56f4afb43dec9b43e83e50668c8790fce5a59a5095a6af54816a6	yes	0.077866	exact		yes	0.078658	exact	
amba_decomposed_lock_pb_6_pe_.ltl	ebd1f3343656c25cf76ac3546c00bd0ae6cbd8940d16bd65ad9203c9a3017ab0	yes	0.079340	exact		yes	0.080229	exact	
amba_decomposed_lock_pb_7_pe_.ltl	b04fb001a76c6a251bedff93c92f6c9b327bc192347883835c47a7afa19a6ca5	yes	0.082986	exact		yes	0.082603	exact	
amba_decomposed_lock_pb_8_pe_.ltl	b81c141afcbe7f099afdb0ff2e159c1c9a0e69df04ae55ca977f7507534a0086	yes	0.085977	exact		yes	0.086335	exact	
amba_decomposed_lock_pb_9_pe_.ltl	e188b538a94f2f79d1299b1248356af3d973ef42973b6cac669f16a36cded4e7	yes	0.092057	exact		yes	0.088595	exact	
amba_decomposed_shift.ltl	54bc4453f8b1b41e652f7078f7a70494565c4679b19a8228f2dc85b668c1f22b	yes	0.067690	exact		yes	0.069947	exact	
amba_decomposed_tburst4.ltl	b47c7f6e2e7681106ed243277d612e01b67f5608e4a60551db3b914b294efec6	no	0.168973		exact:unsupported_or_failed;strict:unsupported_or_failed	no	0.171287		exact:unsupported_or_failed;strict:unsupported_or_failed
amba_decomposed_tincr.ltl	7d591da07cdbcd3612f8bca0d27c164d83db7b7fa20f48d7295b739008c9fab7	yes	0.072963	exact		yes	0.083856	exact	
amba_decomposed_tsingle.ltl	8bde0fcbe53ce4f2cd6d825e187e1410613154e2f5d4fa67a54423d746f8f12d	yes	0.078724	exact		yes	0.075264	exact	
amba_gr+_pb_2_pe_.ltl	fae82a1ce40abe8b15d9d4143143f8adc2523cbea8d9a06e177f24832d780671	no	0.128553		exact:unsupported_or_failed;strict:unsupported_or_failed	no	0.126737		exact:unsupported_or_failed;strict:unsupported_or_failed
amba_gr+_pb_3_pe_.ltl	17191cb265213019b3e0819e7a68f51a40dd39c18017125585dab9c636ce65ae	no	0.130368		exact:unsupported_or_failed;strict:unsupported_or_failed	no	0.126292		exact:unsupported_or_failed;strict:unsupported_or_failed
amba_gr_pb_2_pe_.ltl	dbe1747e3909d90f4270fee95782493d837f4231afce19003d9e8a62cbfd4542	no	0.127036		exact:unsupported_or_failed;strict:unsupported_or_failed	no	0.126890		exact:unsupported_or_failed;strict:unsupported_or_failed
amba_gr_pb_3_pe_.ltl	2c38eeab8f936a5c7b1c2196fd051fed86a9396dd2b209c27e579f2ec70661df	no	0.126842		exact:unsupported_or_failed;strict:unsupported_or_failed	no	0.126350		exact:unsupported_or_failed;strict:unsupported_or_failed
amba_gr_pb_4_pe_.ltl	23b695b5b4544611b3cdb2c745029158867071770940b8d8ac21a0c07fbfe62f	no	0.126368		exact:unsupported_or_failed;strict:unsupported_or_failed	no	0.126605		exact:unsupported_or_failed;strict:unsupported_or_failed
arbiter-paper-unreal-unreal.ltl	a8f528d6d591a033c6bba6bf273e43d8291e24811d627170d66fc7e3cabdfc48	no	0.138336		exact:unsupported_or_failed;strict:unsupported_or_failed	no	0.134335		exact:unsupported_or_failed;strict:unsupported_or_failed
arbiter-with-failure-real.ltl	3a538d74ab02585f836693fcd8e80013123ec6219fc87223c03ca7676a0121ba	no	0.134127		exact:unsupported_or_failed;strict:unsupported_or_failed	no	0.134718		exact:unsupported_or_failed;strict:unsupported_or_failed
arbiter_on_inpchange_pb_1_pe_.ltl	3b942382cf47664f81b6e2f4e047627a39e1d9657d717a58765349e366706ad4	yes	0.073843	exact		yes	0.075630	exact	
arbiter_on_inpchange_pb_2_pe_.ltl	8951fd16d62ef7bc0646925ee883ae3e843d17331d468b4972e0eb209aea0a38	yes	0.081464	exact		yes	0.082219	exact	
arbiter_on_inpchange_pb_3_pe_.ltl	8a6964e9fb55f6910839379beb487e8bc63722233ced80fb720f16ab4d0defeb	yes	0.093309	exact		yes	0.094285	exact	
arbiter_on_inpchange_pb_4_pe_.ltl	954e0dd365dd2f8c863109e9a8f169862b780b7dca1ffc9df1e32465bcda3eaa	yes	0.109208	exact		yes	0.106681	exact	
arbiter_on_inpchange_pb_5_pe_.ltl	e68ed433173e761e18fc2b8a7e3d0bf4b6e04f30d46815825946233d9ae60821	yes	0.123785	exact		yes	0.121886	exact	
arbiter_on_inpchange_pb_6_pe_.ltl	0db85b1ec966e69814725edea217a4dff7ee47a05f124c39d05408e5cd780373	yes	0.142460	exact		yes	0.148729	exact	
arbiter_on_inpchange_pb_7_pe_.ltl	b6c672b5d871a2ed22410ccd3c1335596460c9c4c475a613c18ef82e1e7503ef	yes	0.174991	exact		yes	0.176691	exact	
arbiter_pb_10_pe_.ltl	2b11c047c48f045af43b14b328b09ad469060da9dce5ea98100bda819cfc100d	yes	0.145197	exact		yes	0.141866	exact	
arbiter_pb_1_pe_.ltl	1946fa7ab2d18ac12ad40c444dccac83a320738e7f2275e85a1782ba4adc014a	yes	0.069394	exact		yes	0.068712	exact	
arbiter_pb_2_pe_.ltl	ebc0b259b3c810cb081c38e374eec7309760433f08d01652823561e85f505e12	yes	0.073519	exact		yes	0.071212	exact	
arbiter_pb_3_pe_.ltl	c78e19abfe2cdcf9106a42fd88689513f46dec7cae005be02d36e29a3fc68708	yes	0.078310	exact		yes	0.077714	exact	
arbiter_pb_4_pe_.ltl	6fe2905cb06fb73e5ae93c019978d41dc84a6c95d5a5a6a484acd7e28cefaac7	yes	0.084208	exact		yes	0.085002	exact	
arbiter_pb_5_pe_.ltl	80d0e8aeb7973f8107cc472028878319d075de3aa91036ea0b6dd68083372d1e	yes	0.092706	exact		yes	0.091394	exact	
arbiter_pb_6_pe_.ltl	0a52db34c1299888dfec022d8e8bcc97fd7c9cf4ec5574c2ba575771f00434a9	yes	0.101536	exact		yes	0.097900	exact	
arbiter_pb_7_pe_.ltl	1ce3431df8125a88ad353e654f0841d56ceff46ba1ee3999d6b0179b869d4ae6	yes	0.107971	exact		yes	0.107589	exact	
arbiter_pb_8_pe_.ltl	1a3e82ec6a94ae5f8e6a01ac577741f175b93bfa069c7497e4847cd3d7183b1c	yes	0.119138	exact		yes	0.115787	exact	
arbiter_pb_9_pe_.ltl	bbad893aefe83791755dfdf4740cb8417df1c317bd58d3bdabf971fed691517e	yes	0.130274	exact		yes	0.151302	exact	
arbiter_with_buffer_pb_10_pe_.ltl	13610117354afae51bd19cbe00199617d47f2148db693b5005e71c14adcfd973	yes	0.091679	exact		yes	0.091102	exact	
arbiter_with_buffer_pb_1_pe_.ltl	fcfb8bda02dbc3d0646d981d83029b127034ebdb51e699c1851b7118438e7562	yes	0.067985	exact		yes	0.066931	exact	
arbiter_with_buffer_pb_2_pe_.ltl	eb3d60a79615f9543b8d8d593fad1d7d2f244b0c3842c165b8e66ee0c0a30c6d	yes	0.069586	exact		yes	0.069319	exact	
arbiter_with_buffer_pb_3_pe_.ltl	2fbf242591d3cb56aa4fb6a04188e3296f7005f7766661e9acaba56b915d9b64	yes	0.069978	exact		yes	0.071526	exact	
arbiter_with_buffer_pb_4_pe_.ltl	34263398b878ea6a1c7918fe59e162d6b247656a39c6387aaae50817383cd723	yes	0.072726	exact		yes	0.074260	exact	
arbiter_with_buffer_pb_5_pe_.ltl	5764ab23b8be0bd4282247f7389063b27d61c92fcb6fcbdea1b86082ced800cf	yes	0.076758	exact		yes	0.076578	exact	
arbiter_with_buffer_pb_6_pe_.ltl	6a6950d834803935e25112683e596da666b89c64a3224efca3eb18db70763d44	yes	0.079346	exact		yes	0.079236	exact	
arbiter_with_buffer_pb_7_pe_.ltl	d2d349a30bb83cf80e668580e66875a69188f21954b68a977985fac171b1a8fc	yes	0.081994	exact		yes	0.082697	exact	
arbiter_with_buffer_pb_8_pe_.ltl	4fd5371b9b2a324e5588393cad85a1c6cecc8072e09ca260ffe7e028f1025ce4	yes	0.082549	exact		yes	0.083680	exact	
arbiter_with_buffer_pb_9_pe_.ltl	d835088490657036f7fab7a16f7e0ff79137b81b68edb7846bde58bf7417858f	yes	0.086281	exact		yes	0.087409	exact	
arbiter_with_cancel_pb_10_pe_.ltl	dc553b9f9915f5d60a0f59af170fdd92f848412b1ebf7448774a82bd7693265d	yes	0.227115	exact		yes	0.232985	exact	
arbiter_with_cancel_pb_1_pe_.ltl	1bb0bad86c266ae75ed6c66aa23374d88953827585b389dd76a7d1a4eab10827	yes	0.071523	exact		yes	0.071011	exact	
arbiter_with_cancel_pb_2_pe_.ltl	b91560cb1332231ac7a688a3f105e39cdbe5940d71f39bf6a53b3c1e99dcdc3c	yes	0.080347	exact		yes	0.080835	exact	
arbiter_with_cancel_pb_3_pe_.ltl	8bced68a3a02eb930a8cbb432c0294fd7d536c22ec3a8602b3a9356223cc0ae2	yes	0.091085	exact		yes	0.090881	exact	
arbiter_with_cancel_pb_4_pe_.ltl	5a7482c15ed7d190dba6185fc2ab4a17462a65af419d363a3eb912ab59bd0418	yes	0.102970	exact		yes	0.104638	exact	
arbiter_with_cancel_pb_5_pe_.ltl	ce69a3fd67e37b79ae9ab631128abdea310eb256681037bb77280950be780be3	yes	0.119074	exact		yes	0.120061	exact	
arbiter_with_cancel_pb_6_pe_.ltl	528e4f799ed78658bc67c95bd74f96eabd6057384dd57a5fbbfdb5e0d3765f0b	yes	0.135292	exact		yes	0.132613	exact	
arbiter_with_cancel_pb_7_pe_.ltl	da67dd08eee2c5ec4e68db5486771f5962606b63b094e979442a974605a121e1	yes	0.155410	exact		yes	0.155193	exact	
arbiter_with_cancel_pb_8_pe_.ltl	5ee1e08857d05eea772db88b353a31d1256ff921a6d9c93e65d21cf079eb7356	yes	0.179787	exact		yes	0.178467	exact	
arbiter_with_cancel_pb_9_pe_.ltl	e14d215e36331007fb203e26531b42612cb732234340b7dd88123879249b2365	yes	0.203759	exact		yes	0.205795	exact	
batch-arbiter-real.ltl	4d049d03ec9a96e14b8432f83658963615499d72b3eb67db6bf38e4fc77f624f	no	0.153916		exact:unsupported_or_failed;strict:unsupported_or_failed	no	0.137204		exact:unsupported_or_failed;strict:unsupported_or_failed
box-limited-real.ltl	4932b5cf2393c5cb1a3c66f5e1b9e1a41dd46ac218e39a178289b9c3d900dc7d	no	0.134745		exact:unsupported_or_failed;strict:unsupported_or_failed	no	0.135663		exact:unsupported_or_failed;strict:unsupported_or_failed
box-real.ltl	843486c685d233525c1ccdfe179a735af2bd41a277649b80b38b79249dbc4cc2	no	0.138649		exact:unsupported_or_failed;strict:unsupported_or_failed	no	0.139249		exact:unsupported_or_failed;strict:unsupported_or_failed
box0.ltl	d2d3c7b40e93c53374b46c7e3f3704507e51031ccd2783956814b50839079781	no	0.135112		exact:unsupported_or_failed;strict:unsupported_or_failed	no	0.138643		exact:unsupported_or_failed;strict:unsupported_or_failed
box1.ltl	4cd11dd12af7c6e00991bf0bfe97ffdb6e33a7ae050e3706d792751082cee37f	no	0.136155		exact:unsupported_or_failed;strict:unsupported_or_failed	no	0.136874		exact:unsupported_or_failed;strict:unsupported_or_failed
buffer-storage-real.ltl	501e4575501d1c012616841280f75c2f304bcc4748098871211fe68258acb54e	no	0.140156		exact:unsupported_or_failed;strict:unsupported_or_failed	no	0.140948		exact:unsupported_or_failed;strict:unsupported_or_failed
chain-4-real.ltl	6bc27ef17a1b57a0c97aa49694032b635d0aecfa4289f6dc3d690c96ec03e30f	no	0.144018		exact:unsupported_or_failed;strict:unsupported_or_failed	no	0.145059		exact:unsupported_or_failed;strict:unsupported_or_failed
chain-5-real.ltl	9b6873b78ca36c589e9330ac238fed9a8082457c3f2cf55ce28ef9e30069207e	no	0.148675		exact:unsupported_or_failed;strict:unsupported_or_failed	no	0.148355		exact:unsupported_or_failed;strict:unsupported_or_failed
chain-60.ltl	292f67098924d2a348537a940da3d00f3f860ee551f2b6cf3ce24c8e1d411e71	no	0.153519		exact:unsupported_or_failed;strict:unsupported_or_failed	no	0.155298		exact:unsupported_or_failed;strict:unsupported_or_failed
chain-70.ltl	ad598b8e1be009e6df6576d8dbefdd6b91a5ac9cd9551ffdc7bd1205a75a850d	no	0.163284		exact:unsupported_or_failed;strict:unsupported_or_failed	no	0.167344		exact:unsupported_or_failed;strict:unsupported_or_failed
chain-simple-10-real.ltl	db58aa5048758b315e40cbfc5e04ba57375fac11785cc5ed76bcc055fc1fa3fb	no	0.143390		exact:unsupported_or_failed;strict:unsupported_or_failed	no	0.143364		exact:unsupported_or_failed;strict:unsupported_or_failed
chain-simple-20-real.ltl	68efa955e5060494bf81bfdc91a03ecc7bd59efb9f4bb03e3371327571818d1b	no	0.151688		exact:unsupported_or_failed;strict:unsupported_or_failed	no	0.153501		exact:unsupported_or_failed;strict:unsupported_or_failed
chain-simple-30-real.ltl	b69bfd9923ce493232d6fdf597d629db3d23f7c76ee396b1a85f90eb70904461	no	0.165156		exact:unsupported_or_failed;strict:unsupported_or_failed	no	0.161974		exact:unsupported_or_failed;strict:unsupported_or_failed
chain-simple-40-real.ltl	68c8f4ac5f902670337960bd6793afe04d2cd524c7dd64899cd352abcb84f923	no	0.170713		exact:unsupported_or_failed;strict:unsupported_or_failed	no	0.172642		exact:unsupported_or_failed;strict:unsupported_or_failed
chain-simple-5-real.ltl	1448fad6ae7548b24291e33533672d880c4310b540f68febdfa4d67e17a3ea65	no	0.152400		exact:unsupported_or_failed;strict:unsupported_or_failed	no	0.145570		exact:unsupported_or_failed;strict:unsupported_or_failed
chain-simple-50-real.ltl	2c922f03b5cc020c4576aae16bf28c7d1b02bc1e5491d3ad9252a53b4feb774d	no	0.185124		exact:unsupported_or_failed;strict:unsupported_or_failed	no	0.180542		exact:unsupported_or_failed;strict:unsupported_or_failed
chain-simple-60-real.ltl	7d1f665b6c8e302ed1b3933554ab351140c505093828658f76b1904a23e1d91a	no	0.186528		exact:unsupported_or_failed;strict:unsupported_or_failed	no	0.189062		exact:unsupported_or_failed;strict:unsupported_or_failed
chain-simple-70-real.ltl	e5dc0f10b17f4d9753e928da0d5776518a02bef6b107696b6ec00a1bf205977b	no	0.205306		exact:unsupported_or_failed;strict:unsupported_or_failed	no	0.214468		exact:unsupported_or_failed;strict:unsupported_or_failed
chain-simple-param-70-real.ltl	98de275ee6907519000b0c14768ed7682f315e0c1537c8b1753419a8704ad14e	no	0.142109		exact:unsupported_or_failed;strict:unsupported_or_failed	no	0.141482		exact:unsupported_or_failed;strict:unsupported_or_failed
chomp_pb_2_2_pe_.ltl	f8952ddd395299f9bd8df9ba0808e14e4061c42f1dba531900a3ee3161a5dcb6	yes	0.559476	exact		yes	0.576152	exact	
chomp_pb_2_3_pe_.ltl	965b772b4d944249026b091d60f42d26f03e6af61f9eac34e64cb3ec25291150	no	0.855345		exact:budget_exhausted;strict:budget_exhausted	no	1.005213		exact:budget_exhausted;strict:budget_exhausted
chomp_pb_2_4_pe_.ltl	abcc8c886aa58b67ded512620684d16a6e5947c0c17b528b2e870aea4028f66c	no	0.857658		exact:budget_exhausted;strict:budget_exhausted	no	1.008329		exact:budget_exhausted;strict:budget_exhausted
chomp_pb_2_5_pe_.ltl	fe49a42ef6124cfc490afd0d3ebcbafe2ce7e7782ca25ce87bf9404c7805237f	no	0.858371		exact:budget_exhausted;strict:budget_exhausted	no	1.009904		exact:budget_exhausted;strict:budget_exhausted
chomp_pb_2_6_pe_.ltl	800b56152f38e965af1be0132ca2b76447073ac65f5d83041ccb94a68d99f0d0	no	0.860032		exact:budget_exhausted;strict:budget_exhausted	no	1.010068		exact:budget_exhausted;strict:budget_exhausted
chomp_pb_3_2_pe_.ltl	1df02a93a9c332a9ae3803f4236966a2b60c59136bb4ab0a0bcc2010e335005c	no	0.855217		exact:budget_exhausted;strict:budget_exhausted	no	1.005679		exact:budget_exhausted;strict:budget_exhausted
chomp_pb_3_3_pe_.ltl	3db63597d5b89467a3dc091e991fc757c050c5a1548d9aa820d1a98a1943d638	no	0.859306		exact:budget_exhausted;strict:budget_exhausted	no	1.009425		exact:budget_exhausted;strict:budget_exhausted
chomp_pb_3_4_pe_.ltl	e59c26bacf035a127da3b9cbc5672c30a7589e40fba44d97e68d5187f98ed706	no	0.858783		exact:budget_exhausted;strict:budget_exhausted	no	1.009470		exact:budget_exhausted;strict:budget_exhausted
chomp_pb_3_5_pe_.ltl	3034c8b7f9dca92cef1f6ab43f8058e17cd8f2144f26db9db35025afeb13bc68	no	0.855140		exact:budget_exhausted;strict:budget_exhausted	no	1.005018		exact:budget_exhausted;strict:budget_exhausted
chomp_pb_3_6_pe_.ltl	de252e8a23da2aef330a5e2140686d7e3022763069e5b094b38c4079734a037a	no	0.857369		exact:budget_exhausted;strict:budget_exhausted	no	1.008046		exact:budget_exhausted;strict:budget_exhausted
chomp_pb_4_2_pe_.ltl	246e8b0b051d8ca12b7c09bcbeaf2e758c8fb22e1dfc404ce139070f6d392327	no	0.859316		exact:budget_exhausted;strict:budget_exhausted	no	1.009271		exact:budget_exhausted;strict:budget_exhausted
chomp_pb_4_3_pe_.ltl	b940c0c535a5486aadb433be501ff538426a27fe280fdd7227ee3c553ed898c4	no	0.858301		exact:budget_exhausted;strict:budget_exhausted	no	1.008906		exact:budget_exhausted;strict:budget_exhausted
chomp_pb_4_4_pe_.ltl	df9861ffc64f9fe6a58c0506689bc4c251c22b6a7dfe5211a68f7943831a3784	no	0.855814		exact:budget_exhausted;strict:budget_exhausted	no	1.005698		exact:budget_exhausted;strict:budget_exhausted
chomp_pb_4_5_pe_.ltl	6874f4ee89c2465bdb7911911fe23dc9bf57193d2207ff8c0c8746042e34f4b3	no	0.857697		exact:budget_exhausted;strict:budget_exhausted	no	1.009294		exact:budget_exhausted;strict:budget_exhausted
chomp_pb_4_6_pe_.ltl	4897666fe22cba88e6ef8daf4a4c402fa582a9768dcc44b96765f1de4a9f6d83	no	0.857491		exact:budget_exhausted;strict:budget_exhausted	no	1.010253		exact:budget_exhausted;strict:budget_exhausted
collector_v1_pb_11_pe_.ltl	6735c4ac0cca92f2a2e91c8bd0d716dc7418a751258f29e0fcb1f428ebb2892a	no	0.865898		exact:budget_exhausted;strict:budget_exhausted	no	1.019534		exact:budget_exhausted;strict:budget_exhausted
collector_v1_pb_12_pe_.ltl	38c8322f5fd92fd05a859b3d86d514dbf68f99e6c0d390ae43a4778621590497	no	0.865679		exact:budget_exhausted;strict:budget_exhausted	no	1.019636		exact:budget_exhausted;strict:budget_exhausted
collector_v1_pb_13_pe_.ltl	e618e988929a98334cdc3cc1a4b0310ef3e46b72d2ced3c7a5f806ba1d1cb1ae	no	0.868854		exact:budget_exhausted;strict:budget_exhausted	no	1.017270		exact:budget_exhausted;strict:budget_exhausted
collector_v1_pb_14_pe_.ltl	989ef9968e95bdb0a5615409f01ebb5bb9da72ef855cf67a081ba3b39443d30e	no	0.864951		exact:budget_exhausted;strict:budget_exhausted	no	1.015035		exact:budget_exhausted;strict:budget_exhausted
collector_v1_pb_15_pe_.ltl	46f7679e47be0183880b5148c22096bf0e2941e968bf2aab40bee00cfc6aa6d1	no	0.853857		exact:budget_exhausted;strict:budget_exhausted	no	1.004859		exact:budget_exhausted;strict:budget_exhausted
collector_v1_pb_3_pe_.ltl	3433f1a3b3952d149f8e44c55a4a483944e0aa76232aae9416abe32ac710cf9c	yes	0.080624	exact		yes	0.079939	exact	
collector_v1_pb_5_pe_.ltl	c2c058c8af7f6bb4a19aa75ebafd12670bb8d3574cf8c1106b4e0b122d96733d	no	0.854325		exact:budget_exhausted;strict:budget_exhausted	no	1.004438		exact:budget_exhausted;strict:budget_exhausted
collector_v1_pb_7_pe_.ltl	7ebcfcf3bfc9250fb51458bedcb4485d6c9a30bb17cf39f5e2ea4c75ccbf7e3b	no	0.854877		exact:budget_exhausted;strict:budget_exhausted	no	1.005775		exact:budget_exhausted;strict:budget_exhausted
collector_v1_pb_9_pe_.ltl	97420c343a53c34529775be646644a4b61ad3e5a1e83bdfef228e3abc98acead	no	0.857713		exact:budget_exhausted;strict:budget_exhausted	no	1.007248		exact:budget_exhausted;strict:budget_exhausted
collector_v2_pb_10_pe_.ltl	c27e74a92dfa6778b065359b5b7783be5de284d7cffc386eccbab7db2187be7e	no	0.854168		exact:budget_exhausted;strict:budget_exhausted	no	1.004469		exact:budget_exhausted;strict:budget_exhausted
collector_v2_pb_11_pe_.ltl	72ae96bd63cbcd1ee319a4295d117ac1ff07acef2011a532ffd0cefec3eb5211	no	0.853980		exact:budget_exhausted;strict:budget_exhausted	no	1.004110		exact:budget_exhausted;strict:budget_exhausted
collector_v2_pb_12_pe_.ltl	0d515ece3a1c22e0b1c150accdfbd35c03ee6dd9ede68a95fd6d9bbe4665996b	no	0.854910		exact:budget_exhausted;strict:budget_exhausted	no	1.004688		exact:budget_exhausted;strict:budget_exhausted
collector_v2_pb_13_pe_.ltl	235233e73502c47e06d5c5a5a566bdef3469ab1a3cb1242cc73559a2f6029a87	no	0.854178		exact:budget_exhausted;strict:budget_exhausted	no	1.004405		exact:budget_exhausted;strict:budget_exhausted
collector_v2_pb_15_pe_.ltl	5caeb7635afe80a4ebaa453c24232e8be87bc574df8cb2b7f0551345b115b6ce	no	0.854718		exact:budget_exhausted;strict:budget_exhausted	no	1.004189		exact:budget_exhausted;strict:budget_exhausted
collector_v2_pb_27_pe_.ltl	81dde96c3eb36df0c6f29a7427ca1da50419a9c5049e69e9bdee2df8759d9100	no	0.856255		exact:budget_exhausted;strict:budget_exhausted	no	1.006265		exact:budget_exhausted;strict:budget_exhausted
collector_v2_pb_3_pe_.ltl	cdf2474d0250530eb33c45de68d5533d5d8e58bb99993912a2c9007d65e6499d	no	0.159671		exact:unsupported_or_failed;strict:unsupported_or_failed	no	0.156977		exact:unsupported_or_failed;strict:unsupported_or_failed
collector_v2_pb_5_pe_.ltl	d4b3bc79b20ce0cdf323c81bdd6a9cc42768e0ca762df240924e5042777377bd	no	0.851408		exact:unsupported_or_failed;strict:budget_exhausted	no	1.003914		exact:unsupported_or_failed;strict:budget_exhausted
collector_v2_pb_7_pe_.ltl	a68268f04abac351f14bfd617f539ff3736f849410393924acd74e0347a76531	no	0.855610		exact:budget_exhausted;strict:budget_exhausted	no	1.006650		exact:budget_exhausted;strict:budget_exhausted
collector_v2_pb_9_pe_.ltl	cdfe5acc1a3e9b283096512e4019faa3db2ebbb12ac6e9e04c73785759620740	no	0.856098		exact:budget_exhausted;strict:budget_exhausted	no	1.005966		exact:budget_exhausted;strict:budget_exhausted
collector_v3_pb_10_pe_.ltl	df43951079cebd5c50d6b28324a1b3c94f28da8558716086b32ec95eb68f6ce5	no	0.854514		exact:budget_exhausted;strict:budget_exhausted	no	1.004297		exact:budget_exhausted;strict:budget_exhausted
collector_v3_pb_11_pe_.ltl	164a0aeffcf76f0edbe88a1e03ed2c801b6bf236f779286f3befbf6ca501e60b	no	0.854176		exact:budget_exhausted;strict:budget_exhausted	no	1.005129		exact:budget_exhausted;strict:budget_exhausted
collector_v3_pb_12_pe_.ltl	bbf76f1fe709a1091b79135d5c09f5a371d21efb251abbc6b996ff6d940e29e0	no	0.854106		exact:budget_exhausted;strict:budget_exhausted	no	1.004447		exact:budget_exhausted;strict:budget_exhausted
collector_v3_pb_13_pe_.ltl	04cee7ed0b541138eda1bf98f01446c7b9bbaf15c247abb0c6994a4ecce56112	no	0.854484		exact:budget_exhausted;strict:budget_exhausted	no	1.004988		exact:budget_exhausted;strict:budget_exhausted
collector_v3_pb_15_pe_.ltl	de8e17c61189968339e2ac73ddae62e462a1f1c9c4e280ad800ee08ef1cb6cfe	no	0.855273		exact:budget_exhausted;strict:budget_exhausted	no	1.005645		exact:budget_exhausted;strict:budget_exhausted
collector_v3_pb_3_pe_.ltl	6c9cf2979d3689a0879fb8898bb44af0d6f8d76b924e170ee157653a37785458	yes	0.106122	exact		yes	0.104698	exact	
collector_v3_pb_5_pe_.ltl	9f39d0caf78d82a9f43518181120f12a577bfcc5983e5ab3aab6c3910d71940d	no	0.854262		exact:budget_exhausted;strict:budget_exhausted	no	1.005353		exact:budget_exhausted;strict:budget_exhausted
collector_v3_pb_7_pe_.ltl	ad8f1e00135c2b37721f049dd7cc92b83b677c7b80fbd5aa7547313fea865de7	no	0.864176		exact:budget_exhausted;strict:budget_exhausted	no	1.016607		exact:budget_exhausted;strict:budget_exhausted
collector_v3_pb_9_pe_.ltl	19c52e58c858a5dbaecf52d1e05b3de1dd41ecf6ea17095d919c82df40e0d9e9	no	0.854097		exact:budget_exhausted;strict:budget_exhausted	no	1.003794		exact:budget_exhausted;strict:budget_exhausted
diagonal-real.ltl	1d2ccb8f78e7c7b3a996bd2bf21f6551a87e1cf4d1ad332cb2978e0293167f2a	no	0.139479		exact:unsupported_or_failed;strict:unsupported_or_failed	no	0.134191		exact:unsupported_or_failed;strict:unsupported_or_failed
door_locking_problem_d6c5ac79.ltl	ef627332954d758f563caddc1c4db2874b588f2ef86ffea0b90b680158889842	no	0.334173		exact:unsupported_or_failed;strict:unsupported_or_failed	no	0.332695		exact:unsupported_or_failed;strict:unsupported_or_failed
elevator-paper-real.ltl	7190714456f9836a36eea25433c75e9fa9976baf1ca83ec6ff2310817d63c843	no	0.133241		exact:unsupported_or_failed;strict:unsupported_or_failed	no	0.130876		exact:unsupported_or_failed;strict:unsupported_or_failed
evasion-real.ltl	8bededb19f78ab209948a8c06f194060646599d5c3c8b75dad46ddb61ddadc3f	no	0.139819		exact:unsupported_or_failed;strict:unsupported_or_failed	no	0.139889		exact:unsupported_or_failed;strict:unsupported_or_failed
evasion0.ltl	701f38f8817611af9560352bbd6d28e047885e15272028c84c356d4320c0b29b	no	0.141780		exact:unsupported_or_failed;strict:unsupported_or_failed	no	0.139461		exact:unsupported_or_failed;strict:unsupported_or_failed
example10_pb_1_pe_.ltl	1148f944f75734f30d9d57e1d81b780996e57b979c2f00515e3b8cc41c0a5bf8	yes	0.067710	exact		yes	0.066282	exact	
example10_pb_2_pe_.ltl	dde2cc374d864fb055e3fe1650f85435b1f05e192a4a55ea697d1883c4518d0b	yes	0.067817	exact		yes	0.066942	exact	
example10a_pb_1_pe_.ltl	f648c89c6b49a294016e048c871e987bae2bd65fe316cfcf4180f5596fbf3651	yes	0.070455	exact		yes	0.069222	exact	
example10a_pb_2_pe_.ltl	520d3fe3e0a5b96b848d79a580301fb5aabb0ba6fcadec1e35f29a51a02327d3	yes	0.074376	exact		yes	0.071219	exact	
example7_pb_1_pe_.ltl	13a9d404b37c408236e3ef7dfa68ac71ecb423c4dad8907e925d40dd0a6b10f7	yes	0.065285	exact		yes	0.064809	exact	
example7_pb_2_pe_.ltl	58a5f57e2f31b74f04b9ba6917ce49f17a4b61e7af55c56a0846944e8d897a6b	yes	0.066395	exact		yes	0.067081	exact	
example7a_pb_1_pe_.ltl	448a1197a3d094239e423c546facd83d22df57793292419be28b9e85ad9c7b53	yes	0.065510	exact		yes	0.065359	exact	
example7a_pb_2_pe_.ltl	7da8776db05e6f84e5a262218778f7b4b3c06a8ee181722d1b08e1648430bd68	yes	0.067442	exact		yes	0.067009	exact	
example8_pb_1_pe_.ltl	0bb482fae04c4bbe0f4e4829d39968fc92fe605c6fbf1bcc7295cfc2f4e901c3	yes	0.067012	exact		yes	0.070676	exact	
example8_pb_2_pe_.ltl	fca274f125438cee4ad81b427893699bd4def96927f0e797f1004389649f45f1	yes	0.069303	exact		yes	0.070514	exact	
example9_pb_1_pe_.ltl	88c35ef1ae4a76c3b8cd22b66a7909dd555d959e23efd1992ab94aa9523a5d74	yes	0.067025	exact		yes	0.066914	exact	
example9_pb_2_pe_.ltl	0b63be786f29ddce0e1889ab01cb160489c7b4cddbe82fe6a467470ba146ad55	yes	0.068402	exact		yes	0.069629	exact	
f-real-real.ltl	ba6fab7704bc1df2b962ac182b5a34750855f5f60eec35cd618152de113dfe43	no	0.143366		exact:unsupported_or_failed;strict:unsupported_or_failed	no	0.143779		exact:unsupported_or_failed;strict:unsupported_or_failed
f-unreal-unreal.ltl	605dd2034bb1c125f0c9802ed8289179538561767b45cb790f890594e37a27bf	no	0.132160		exact:unsupported_or_failed;strict:unsupported_or_failed	no	0.132354		exact:unsupported_or_failed;strict:unsupported_or_failed
finding_nemo_pb_1_pe_.ltl	02f37b32ad4c895d1bac49df24f71ff442cf70bcc746cb60323be8e06a1b62f9	no	0.860022		exact:budget_exhausted;strict:budget_exhausted	no	1.010470		exact:budget_exhausted;strict:budget_exhausted
finding_nemo_pb_2_pe_.ltl	72fb2a571066d55d43b1c1433f701705ee4f6f798c6d7e6ccea2ee14414c080b	no	0.854883		exact:budget_exhausted;strict:budget_exhausted	no	1.005205		exact:budget_exhausted;strict:budget_exhausted
finding_nemo_pb_3_pe_.ltl	dc1e13ceadd8b3aa01135db9b3b999be30b90e20c68c758672b36422a8da94a5	no	0.853851		exact:budget_exhausted;strict:budget_exhausted	no	1.004834		exact:budget_exhausted;strict:budget_exhausted
finding_nemo_pb_4_pe_.ltl	5bd8db3eab9940ff7880fa3c1f001dae452ebadcef177b455e69b3c168415fa6	no	0.853875		exact:budget_exhausted;strict:budget_exhausted	no	1.004712		exact:budget_exhausted;strict:budget_exhausted
finding_nemo_pb_5_pe_.ltl	e004ccb576b752f4d0d4cba547ca32b7de466a7bdeb93f5695796691d207527b	no	0.854471		exact:budget_exhausted;strict:budget_exhausted	no	1.004802		exact:budget_exhausted;strict:budget_exhausted
finding_nemo_pb_6_pe_.ltl	c004780140c6a2712aa296d57a11a5f4a2f4971700506c43e2241914beec4da4	no	0.857049		exact:budget_exhausted;strict:budget_exhausted	no	1.008078		exact:budget_exhausted;strict:budget_exhausted
finding_nemo_pb_7_pe_.ltl	81e3e40a95681e2f5982d68e6faeb9ab40491728b88a508de74d0dda3fbe08d0	no	0.856713		exact:budget_exhausted;strict:budget_exhausted	no	1.007690		exact:budget_exhausted;strict:budget_exhausted
follow0.ltl	26c5c3163a10c49aa18804ffb20a16f1bf54996c0cff08f980aa724a0b3bb53c	no	0.241967		exact:unsupported_or_failed;strict:unsupported_or_failed	no	0.242804		exact:unsupported_or_failed;strict:unsupported_or_failed
follow1.ltl	2c69f14e2c6be8cb51a007c29b7ccb0b32540907398eae3e63d37c40c5fa05d6	no	0.259703		exact:unsupported_or_failed;strict:unsupported_or_failed	no	0.270077		exact:unsupported_or_failed;strict:unsupported_or_failed
follow2.ltl	0d596a581684ecfca6b31153e1e9f31a8b3ab18d4475c958413f60f02fe6c66a	no	0.296253		exact:unsupported_or_failed;strict:unsupported_or_failed	no	0.293075		exact:unsupported_or_failed;strict:unsupported_or_failed
follow3.ltl	2f688a4b62e0d1d68bbc905cc75c636297f65e57e65ca516078395e653059f43	no	0.332690		exact:unsupported_or_failed;strict:unsupported_or_failed	no	0.335323		exact:unsupported_or_failed;strict:unsupported_or_failed
full_arbiter_enc_pb_10_pe_.ltl	8378c051e41d340a4f4020683b424ebd5d9af4a90d2c0052de70e2e137e8ff13	yes	0.296419	exact		yes	0.280106	exact	
full_arbiter_enc_pb_12_pe_.ltl	189f9415827ab1ba76c77210b5bad7bcad1862c5ed0e793af117d888f5860742	yes	0.359672	exact		yes	0.344471	exact	
full_arbiter_enc_pb_8_pe_.ltl	84fedf9886b9dcdafcdb3a76b5666fe644739ae1ce9c599fdefbde37242f203e	yes	0.182063	exact		yes	0.182948	exact	
full_arbiter_unreal1_pb_2_10_pe_.ltl	c68883c4f29a251f619d0abe80238da8d49b9f81dca51dd7c5717eccf5ea8c7f	no	0.124988		exact:unsupported_or_failed;strict:unsupported_or_failed	no	0.142135		exact:unsupported_or_failed;strict:unsupported_or_failed
full_arbiter_unreal1_pb_2_11_pe_.ltl	60fbf27ae4a28a9b5eef3edf0abfc910870130a615a1f9e73fd3f7b207b5ca12	no	0.137500		exact:unsupported_or_failed;strict:unsupported_or_failed	no	0.127238		exact:unsupported_or_failed;strict:unsupported_or_failed
full_arbiter_unreal1_pb_2_12_pe_.ltl	1655e335bf7a3690185abcf548a508be7f74ccae29dc920231bd434096105dbe	no	0.125587		exact:unsupported_or_failed;strict:unsupported_or_failed	no	0.126485		exact:unsupported_or_failed;strict:unsupported_or_failed
full_arbiter_unreal1_pb_2_13_pe_.ltl	5e41a349de5859c6c682eb3b85c5b5bce337f0ccf72770842b671916b46b0993	no	0.127265		exact:unsupported_or_failed;strict:unsupported_or_failed	no	0.126553		exact:unsupported_or_failed;strict:unsupported_or_failed
full_arbiter_unreal1_pb_2_14_pe_.ltl	b98476dd54ac949fe03439eda797491a023f7f4d5ff2ebbc8b8d7dd83a0e880e	no	0.123847		exact:unsupported_or_failed;strict:unsupported_or_failed	no	0.124532		exact:unsupported_or_failed;strict:unsupported_or_failed
full_arbiter_unreal1_pb_2_15_pe_.ltl	ffaa7c204a070b0320e8273a03b5ee2ec60db36479c610b87fd1cc7cac84e114	no	0.126485		exact:unsupported_or_failed;strict:unsupported_or_failed	no	0.124046		exact:unsupported_or_failed;strict:unsupported_or_failed
full_arbiter_unreal1_pb_2_16_pe_.ltl	d52a9137be800f780a1de01d8333479bc03eee55e5289bdaa0ad440e3bc5a62e	no	0.124524		exact:unsupported_or_failed;strict:unsupported_or_failed	no	0.133785		exact:unsupported_or_failed;strict:unsupported_or_failed
full_arbiter_unreal1_pb_2_18_pe_.ltl	35f740ad3b2ec0e3ea5224361947c650279173f17767bf2daeacc809a74c9153	no	0.128495		exact:unsupported_or_failed;strict:unsupported_or_failed	no	0.123770		exact:unsupported_or_failed;strict:unsupported_or_failed
full_arbiter_unreal1_pb_2_1_pe_.ltl	517f3c81951fad8894ccb51dac7ec50764fb7399227027f94acc983e662af92c	no	0.128385		exact:unsupported_or_failed;strict:unsupported_or_failed	no	0.123833		exact:unsupported_or_failed;strict:unsupported_or_failed
full_arbiter_unreal1_pb_2_20_pe_.ltl	8a9edc61a833756d791aee4519e76286ff17585ba4e7c18daa074082802143e7	no	0.125080		exact:unsupported_or_failed;strict:unsupported_or_failed	no	0.123891		exact:unsupported_or_failed;strict:unsupported_or_failed
full_arbiter_unreal1_pb_2_21_pe_.ltl	f396778b09b976d7cb6ec71622163cf561ed5413cc77df350348f3055730c1e0	no	0.127144		exact:unsupported_or_failed;strict:unsupported_or_failed	no	0.126364		exact:unsupported_or_failed;strict:unsupported_or_failed
full_arbiter_unreal1_pb_2_22_pe_.ltl	7a54d7e4ba645a4ff19aaa5341325fd52348f64fb4764f3eabe72f337a7198d9	no	0.128390		exact:unsupported_or_failed;strict:unsupported_or_failed	no	0.126701		exact:unsupported_or_failed;strict:unsupported_or_failed
full_arbiter_unreal1_pb_2_24_pe_.ltl	67ff80ec2281112af5a8c730d1d214262d33fb39bf1a471e37753073e7595e05	no	0.127478		exact:unsupported_or_failed;strict:unsupported_or_failed	no	0.123385		exact:unsupported_or_failed;strict:unsupported_or_failed
full_arbiter_unreal1_pb_2_26_pe_.ltl	975d02820488331f21d423cf9b1e62df653709d90b7c1b1ea58b3e5e8e637b9f	no	0.124074		exact:unsupported_or_failed;strict:unsupported_or_failed	no	0.124385		exact:unsupported_or_failed;strict:unsupported_or_failed
full_arbiter_unreal1_pb_2_2_pe_.ltl	78233625b547e8250209b9d87c6a7493bac1486865d20a278b735951360c122f	no	0.123304		exact:unsupported_or_failed;strict:unsupported_or_failed	no	0.122903		exact:unsupported_or_failed;strict:unsupported_or_failed
full_arbiter_unreal1_pb_2_3_pe_.ltl	22aed6bd8cd351f4ca4b56564e338cec6867362673abadcfa6639139c711e765	no	0.129725		exact:unsupported_or_failed;strict:unsupported_or_failed	no	0.130291		exact:unsupported_or_failed;strict:unsupported_or_failed
full_arbiter_unreal1_pb_2_4_pe_.ltl	9eb682543793c67d2f29d07726c34c044ab2c342179739e4231b612b0d67786d	no	0.129788		exact:unsupported_or_failed;strict:unsupported_or_failed	no	0.126640		exact:unsupported_or_failed;strict:unsupported_or_failed
full_arbiter_unreal1_pb_2_5_pe_.ltl	c2e28208fe86ca19dc7efac3c7e6e9fd05f7aa04d459f4a6bb213f4a9bfef4b9	no	0.126401		exact:unsupported_or_failed;strict:unsupported_or_failed	no	0.125861		exact:unsupported_or_failed;strict:unsupported_or_failed
full_arbiter_unreal1_pb_2_6_pe_.ltl	fb364742aacda3d683d1f2dcadd1f9dd749f09e95626f6cf406151d6c9ea478f	no	0.125771		exact:unsupported_or_failed;strict:unsupported_or_failed	no	0.123780		exact:unsupported_or_failed;strict:unsupported_or_failed
full_arbiter_unreal1_pb_2_7_pe_.ltl	dda619e445b4fb99aefd01d61bece9ae0c7420ac15ee3f2a811101fc085ff7ad	no	0.126659		exact:unsupported_or_failed;strict:unsupported_or_failed	no	0.143277		exact:unsupported_or_failed;strict:unsupported_or_failed
full_arbiter_unreal1_pb_2_8_pe_.ltl	b8ea7b5138b951c673e50cd8257864a58ac8f41b666f03ee46397cb84e88e855	no	0.124843		exact:unsupported_or_failed;strict:unsupported_or_failed	no	0.124910		exact:unsupported_or_failed;strict:unsupported_or_failed
full_arbiter_unreal1_pb_2_9_pe_.ltl	b9b4aa1248c8a9e47303ff03cb4a9776c9515c1ec66d3cdb1da688623e4dd463	no	0.125663		exact:unsupported_or_failed;strict:unsupported_or_failed	no	0.125463		exact:unsupported_or_failed;strict:unsupported_or_failed
full_arbiter_unreal1_pb_3_10_pe_.ltl	293751cb5e9a5b8e7d98d4554f3d80a79fa3cfa89ec8d94f325eae63b6399a90	no	0.123542		exact:unsupported_or_failed;strict:unsupported_or_failed	no	0.127120		exact:unsupported_or_failed;strict:unsupported_or_failed
full_arbiter_unreal1_pb_3_11_pe_.ltl	b236b9191f706fc0d3fce552ad067e0575ff7d96eb35a50248cf990a86afc0f7	no	0.126401		exact:unsupported_or_failed;strict:unsupported_or_failed	no	0.126348		exact:unsupported_or_failed;strict:unsupported_or_failed
full_arbiter_unreal1_pb_3_12_pe_.ltl	59bbffb7e0b18a7e601f169bc5eac6f394a93b9e97c2dd0c3cdc08829865e158	no	0.125003		exact:unsupported_or_failed;strict:unsupported_or_failed	no	0.124829		exact:unsupported_or_failed;strict:unsupported_or_failed
full_arbiter_unreal1_pb_3_13_pe_.ltl	d837cca958d0c71a2a9677bcf7d62145211cffaba35cba743abb92d1cdca3dfb	no	0.124795		exact:unsupported_or_failed;strict:unsupported_or_failed	no	0.125231		exact:unsupported_or_failed;strict:unsupported_or_failed
full_arbiter_unreal1_pb_3_14_pe_.ltl	e841d2d574fb797be64f7e74e20e180702add42458b87bd6c971410f793f399b	no	0.125087		exact:unsupported_or_failed;strict:unsupported_or_failed	no	0.124568		exact:unsupported_or_failed;strict:unsupported_or_failed
full_arbiter_unreal1_pb_3_15_pe_.ltl	05a69172c277659b56c13b156807a351309f74a5349a1b29a3ebd052db87c976	no	0.124327		exact:unsupported_or_failed;strict:unsupported_or_failed	no	0.124655		exact:unsupported_or_failed;strict:unsupported_or_failed
full_arbiter_unreal1_pb_3_1_pe_.ltl	e82c7fa974a8c3eb560fa40720f13827b4d693e9131e55bb7978f660472b242a	no	0.124588		exact:unsupported_or_failed;strict:unsupported_or_failed	no	0.124205		exact:unsupported_or_failed;strict:unsupported_or_failed
full_arbiter_unreal1_pb_3_2_pe_.ltl	47606d66682a55b1f1e4d1d64eeb7bc2ad598c97d53cbc119388a6a315a73830	no	0.125716		exact:unsupported_or_failed;strict:unsupported_or_failed	no	0.125382		exact:unsupported_or_failed;strict:unsupported_or_failed
full_arbiter_unreal1_pb_3_3_pe_.ltl	3221b936a712004fcaed6308a7e9555aa1b9670c5b5c311bba8619365a30df1d	no	0.123871		exact:unsupported_or_failed;strict:unsupported_or_failed	no	0.124235		exact:unsupported_or_failed;strict:unsupported_or_failed
full_arbiter_unreal1_pb_3_4_pe_.ltl	9c19296d90020bd343953f0b7e8d5e7261cff6206917dd9a5c962adc2a11e565	no	0.124753		exact:unsupported_or_failed;strict:unsupported_or_failed	no	0.125753		exact:unsupported_or_failed;strict:unsupported_or_failed
full_arbiter_unreal1_pb_3_5_pe_.ltl	ea6f73a284490140845f580a7e4cd35343991a90e86fa2832a98048e3274c860	no	0.127178		exact:unsupported_or_failed;strict:unsupported_or_failed	no	0.128285		exact:unsupported_or_failed;strict:unsupported_or_failed
full_arbiter_unreal1_pb_3_6_pe_.ltl	c4ca045686225658fa002316cea49f52423ef8a338422f0fbdef224e0fd7b819	no	0.125090		exact:unsupported_or_failed;strict:unsupported_or_failed	no	0.123735		exact:unsupported_or_failed;strict:unsupported_or_failed
full_arbiter_unreal1_pb_3_7_pe_.ltl	43ff678e7148b7d792351629e6c4109c262ab2b2aee9cb1a0432ad9e306ccde3	no	0.127309		exact:unsupported_or_failed;strict:unsupported_or_failed	no	0.126797		exact:unsupported_or_failed;strict:unsupported_or_failed
full_arbiter_unreal1_pb_3_8_pe_.ltl	e22ac85932cf4c1be65ba7d33a19e2ddcb38581e3f7971b17395ddf2c0199479	no	0.125034		exact:unsupported_or_failed;strict:unsupported_or_failed	no	0.125739		exact:unsupported_or_failed;strict:unsupported_or_failed
full_arbiter_unreal1_pb_3_9_pe_.ltl	5a123f3755b6f942d530dbe71486d029a39435a653b0172b1416dd7981f5d84b	no	0.125968		exact:unsupported_or_failed;strict:unsupported_or_failed	no	0.125960		exact:unsupported_or_failed;strict:unsupported_or_failed
full_arbiter_unreal1_pb_4_1_pe_.ltl	d786c60e8d62365289b6350cbd8e4d96badcd822fc0b43bf60b8c791c0eda02a	no	0.126067		exact:unsupported_or_failed;strict:unsupported_or_failed	no	0.125226		exact:unsupported_or_failed;strict:unsupported_or_failed
full_arbiter_unreal1_pb_4_2_pe_.ltl	ac1d03fb58d05c04c58244c3f43c4eff4df7321c394e17d86687b24b92b5b0dc	no	0.125408		exact:unsupported_or_failed;strict:unsupported_or_failed	no	0.124617		exact:unsupported_or_failed;strict:unsupported_or_failed
full_arbiter_unreal1_pb_4_3_pe_.ltl	ecc37a5852fdb2d7a0dbbe6dfdeae2512ac7e2f267216238ed5788d15e28791c	no	0.127243		exact:unsupported_or_failed;strict:unsupported_or_failed	no	0.125211		exact:unsupported_or_failed;strict:unsupported_or_failed
full_arbiter_unreal1_pb_4_4_pe_.ltl	7faea1272ab5a7b22d52051c8edb9c60b5a76f29e111c064edb36d0c48a04399	no	0.127129		exact:unsupported_or_failed;strict:unsupported_or_failed	no	0.124950		exact:unsupported_or_failed;strict:unsupported_or_failed
full_arbiter_unreal1_pb_4_5_pe_.ltl	0c810de4ab41badf2b0b22004096f089b75f50710caac1f1d5d189d39d090844	no	0.125613		exact:unsupported_or_failed;strict:unsupported_or_failed	no	0.124920		exact:unsupported_or_failed;strict:unsupported_or_failed
full_arbiter_unreal1_pb_4_6_pe_.ltl	5217c487355654080b0a8993e96067b63eb784ca5d6a84f3b8c1da106944f30a	no	0.125444		exact:unsupported_or_failed;strict:unsupported_or_failed	no	0.124696		exact:unsupported_or_failed;strict:unsupported_or_failed
full_arbiter_unreal1_pb_4_7_pe_.ltl	3707d1824f5f1b7fbbcc0c1394c181175244a7eafbaeb885428276835643b5e2	no	0.126344		exact:unsupported_or_failed;strict:unsupported_or_failed	no	0.133381		exact:unsupported_or_failed;strict:unsupported_or_failed
full_arbiter_unreal1_pb_4_8_pe_.ltl	37a48dbed5b81d1a80d467c68bd35e9636b306945eac37b35862cf16bdfd9cf8	no	0.128550		exact:unsupported_or_failed;strict:unsupported_or_failed	no	0.127170		exact:unsupported_or_failed;strict:unsupported_or_failed
full_arbiter_unreal1_pb_6_8_pe_.ltl	0a9b4d1ff0271c0bec1510966284765706a957a0f4d10614e410c1553cc6e779	no	0.126023		exact:unsupported_or_failed;strict:unsupported_or_failed	no	0.125444		exact:unsupported_or_failed;strict:unsupported_or_failed
full_arbiter_unreal2_pb_2_pe_.ltl	e274c5b10a62a2e619fc6f83efe3152606f6389a986284cf0fa69bc5cdf5b6b0	yes	0.075695	exact		yes	0.076909	exact	
full_arbiter_unreal2_pb_3_pe_.ltl	b553a19d0ad1343b32268d93dac7ca3642ba4981b72900ba93f0455dfd97e2fb	yes	0.088319	exact		yes	0.084426	exact	
full_arbiter_unreal2_pb_4_pe_.ltl	2f5dbf3c0d4c0770fdaf0221081fabd63bf2143cb767f2e2df197a805ad63366	yes	0.100186	exact		yes	0.099216	exact	
full_arbiter_unreal2_pb_5_pe_.ltl	a6837b76a1f9b75eee4d28a39275f73e1b4722a195954d73711e035ca2797b8b	yes	0.123403	exact		yes	0.123254	exact	
full_arbiter_unreal2_pb_6_pe_.ltl	a0e44f1608bf3414105d8bcf6879aee1821c3a9c015854388f0442334c536bdb	yes	0.155434	exact		yes	0.151447	exact	
full_arbiter_unreal2_pb_7_pe_.ltl	303ed58e7ead23df9b6ef5be5d96f618f055da38c09f3bc23ff389b517685b3a	yes	0.197778	exact		yes	0.198158	exact	
g-real-real.ltl	ef1f0ea272c69c1588804e5014af4df38234495bb6b3f6b6b742c3b571fd54e5	no	0.139502		exact:unsupported_or_failed;strict:unsupported_or_failed	no	0.138435		exact:unsupported_or_failed;strict:unsupported_or_failed
g-real0.ltl	78e13c012e7bd87b16d0d8ce83fabcc815058c6e119ee7e790d53e8a66c52401	no	0.138389		exact:unsupported_or_failed;strict:unsupported_or_failed	no	0.137240		exact:unsupported_or_failed;strict:unsupported_or_failed
g-unreal-1-unreal.ltl	89f09620b82adf55b783edd8ed73952155e5786a063d9dafe3eecd4b5612f479	no	0.154862		exact:unsupported_or_failed;strict:unsupported_or_failed	no	0.156355		exact:unsupported_or_failed;strict:unsupported_or_failed
g-unreal-10.ltl	9c1e0e06b3b57917b18b86bf4c5fb0aed4184f4a27a935e79ed51dcd5efe1cae	no	0.130490		exact:unsupported_or_failed;strict:unsupported_or_failed	no	0.133765		exact:unsupported_or_failed;strict:unsupported_or_failed
g-unreal-11.ltl	3c3c82a2898a4ce3fcb3aae3e6def166049a09ec3357c426d4b99b84393a5920	no	0.132099		exact:unsupported_or_failed;strict:unsupported_or_failed	no	0.132160		exact:unsupported_or_failed;strict:unsupported_or_failed
g-unreal-110.ltl	6c477025b2c90b1498b3a8c068a33525b15d67d5b9aef7b3a43e46336f90ebf4	no	0.141134		exact:unsupported_or_failed;strict:unsupported_or_failed	no	0.142242		exact:unsupported_or_failed;strict:unsupported_or_failed
g-unreal-111.ltl	76322a5097dea11d63fc78c3b2c1635c56a76b26b525840fcda8c6637301eb7b	no	0.143260		exact:unsupported_or_failed;strict:unsupported_or_failed	no	0.147080		exact:unsupported_or_failed;strict:unsupported_or_failed
g-unreal-112.ltl	ebedade82d397c79c91702f3699adcd1f31d62075125caa44757ef6adfd7a2c7	no	0.145406		exact:unsupported_or_failed;strict:unsupported_or_failed	no	0.145932		exact:unsupported_or_failed;strict:unsupported_or_failed
g-unreal-113.ltl	72cd77f004df2df5f0a7c5d120b5f84fa391d48cbcc43a7a0e5055063cf7f7a1	no	0.146243		exact:unsupported_or_failed;strict:unsupported_or_failed	no	0.145423		exact:unsupported_or_failed;strict:unsupported_or_failed
g-unreal-114.ltl	646fef66d1a335b943ddbbd1698adb3d92eda7e41e16eed0949cc02ab62dd6bd	no	0.144911		exact:unsupported_or_failed;strict:unsupported_or_failed	no	0.145449		exact:unsupported_or_failed;strict:unsupported_or_failed
g-unreal-115.ltl	8aa0e6356b42aada4140d2c151b07534f1b765c0c5ec9f6a52ff607523665069	no	0.146252		exact:unsupported_or_failed;strict:unsupported_or_failed	no	0.149399		exact:unsupported_or_failed;strict:unsupported_or_failed
g-unreal-116.ltl	062b0a900d90ae29d4760388b5eabe739da487b331ac9aecb19f8d0b5629cdfd	no	0.152535		exact:unsupported_or_failed;strict:unsupported_or_failed	no	0.151230		exact:unsupported_or_failed;strict:unsupported_or_failed
g-unreal-117.ltl	d10d362dd00175b24c86d7ea84a7b995e1a983120f2b947a8c928dd29abbdbb0	no	0.152485		exact:unsupported_or_failed;strict:unsupported_or_failed	no	0.152958		exact:unsupported_or_failed;strict:unsupported_or_failed
g-unreal-118.ltl	732d5884eab376a69516afba23b75f2cccfbf73ac0bd67e75a36511a33857120	no	0.152572		exact:unsupported_or_failed;strict:unsupported_or_failed	no	0.154625		exact:unsupported_or_failed;strict:unsupported_or_failed
g-unreal-119.ltl	46d0719b8d91412008358926ee6200b971834ae02144cce35456749b3bc509d4	no	0.155167		exact:unsupported_or_failed;strict:unsupported_or_failed	no	0.155638		exact:unsupported_or_failed;strict:unsupported_or_failed
g-unreal-12.ltl	6b7e701e4c97c84beb49011bc6115cc5ac9754cdfed484ca4a706e38b284bbff	no	0.134837		exact:unsupported_or_failed;strict:unsupported_or_failed	no	0.134581		exact:unsupported_or_failed;strict:unsupported_or_failed
g-unreal-120.ltl	dcc886aa303c21adc3cf783bd642ff4b4df32fd41e67cb575469c47e7ee9b376	no	0.155537		exact:unsupported_or_failed;strict:unsupported_or_failed	no	0.158169		exact:unsupported_or_failed;strict:unsupported_or_failed
g-unreal-13.ltl	2f71a18bde4dad11c655f84ac2ac87004e49b5ac925d360ee3ae518b1e337cea	no	0.137637		exact:unsupported_or_failed;strict:unsupported_or_failed	no	0.134795		exact:unsupported_or_failed;strict:unsupported_or_failed
g-unreal-14.ltl	1c7a21632a9f9fc76f9973f08f83f13919b9bfd94bc35b43015d5417a3977fe4	no	0.138526		exact:unsupported_or_failed;strict:unsupported_or_failed	no	0.140163		exact:unsupported_or_failed;strict:unsupported_or_failed
g-unreal-15.ltl	39a7bd441934f289e2553ef9a9ba514f0896759ae355a9edfd48165322b2ccde	no	0.138260		exact:unsupported_or_failed;strict:unsupported_or_failed	no	0.140840		exact:unsupported_or_failed;strict:unsupported_or_failed
g-unreal-16.ltl	902aaa5f44079786b64c65106caa28bce02ef004f553c14a22e4e358dfb63d0c	no	0.139706		exact:unsupported_or_failed;strict:unsupported_or_failed	no	0.138234		exact:unsupported_or_failed;strict:unsupported_or_failed
g-unreal-17.ltl	69fba0fc27cbb412a0006650ec858653adfb9c32acbd12370cc8533fdbd99463	no	0.137944		exact:unsupported_or_failed;strict:unsupported_or_failed	no	0.140078		exact:unsupported_or_failed;strict:unsupported_or_failed
g-unreal-18.ltl	b82406aced998affda0176adb70208b10d62be15d67e5fe2227078f0051ae589	no	0.142878		exact:unsupported_or_failed;strict:unsupported_or_failed	no	0.140584		exact:unsupported_or_failed;strict:unsupported_or_failed
g-unreal-19.ltl	3bda441812f46ffa59239f9f34f1b8b47ed3ee3467dd8aae4a3231a691d114c7	no	0.142605		exact:unsupported_or_failed;strict:unsupported_or_failed	no	0.146522		exact:unsupported_or_failed;strict:unsupported_or_failed
g-unreal-20.ltl	d9f32e200b32591cecca4eb33eb70157a8e816553f2d2145293da2f84412677e	no	0.464248		exact:unsupported_or_failed;strict:unsupported_or_failed	no	0.463391		exact:unsupported_or_failed;strict:unsupported_or_failed
g-unreal-21.ltl	de604da8618b56f031061edee1242a439af9b8fbab976b29a53a6370296dd67a	no	0.852293		exact:unsupported_or_failed;strict:budget_exhausted	no	1.003944		exact:unsupported_or_failed;strict:budget_exhausted
g-unreal-30.ltl	89b56b65518a0e1172b10bbdfaad6574ba7a9940408dbbca612e7b5f0fbe7c1a	no	0.133883		exact:unsupported_or_failed;strict:unsupported_or_failed	no	0.135853		exact:unsupported_or_failed;strict:unsupported_or_failed
g-unreal-31.ltl	71bf5ef060bc6b53664e18e222822cfc24fd76ec4b3ee7775f0b6729062956dc	no	0.138805		exact:unsupported_or_failed;strict:unsupported_or_failed	no	0.136530		exact:unsupported_or_failed;strict:unsupported_or_failed
g-unreal-310.ltl	3110e6e7c338dcb5f399735c295481aec476ef0dee683638fc06ea6445e2fc85	no	0.203669		exact:unsupported_or_failed;strict:unsupported_or_failed	no	0.203130		exact:unsupported_or_failed;strict:unsupported_or_failed
g-unreal-311.ltl	37c723201c9c4fa284d6d2c260c8c311183e941acb5f4652eadfc8c4bd989748	no	0.221635		exact:unsupported_or_failed;strict:unsupported_or_failed	no	0.218173		exact:unsupported_or_failed;strict:unsupported_or_failed
g-unreal-312.ltl	2db58563f283f0ce7d6ab95a71b90442ed329511a7d1db53978358c84284d61d	no	0.228881		exact:unsupported_or_failed;strict:unsupported_or_failed	no	0.232572		exact:unsupported_or_failed;strict:unsupported_or_failed
g-unreal-313.ltl	06df44c3f7b0229f20d22df261e9a958175c846ab4f4d94525f33dcbeb352dba	no	0.233733		exact:unsupported_or_failed;strict:unsupported_or_failed	no	0.237654		exact:unsupported_or_failed;strict:unsupported_or_failed
g-unreal-314.ltl	3af5a7cf028e6a522a6251d1ca2ec1d27dc227b75da0ceb29bf05b48be05015d	no	0.256091		exact:unsupported_or_failed;strict:unsupported_or_failed	no	0.257519		exact:unsupported_or_failed;strict:unsupported_or_failed
g-unreal-32.ltl	a94842f317bb38371ddd6505550b8d22f30b6c628dbe5d618fb8a32f135d2c55	no	0.139003		exact:unsupported_or_failed;strict:unsupported_or_failed	no	0.140120		exact:unsupported_or_failed;strict:unsupported_or_failed
g-unreal-33.ltl	f751962a13094616fd12c02bde00be3695e0079f620933a945949bcf03ea3fa4	no	0.151320		exact:unsupported_or_failed;strict:unsupported_or_failed	no	0.153814		exact:unsupported_or_failed;strict:unsupported_or_failed
g-unreal-34.ltl	2f86cb0543455d1974a81e5c93fb16896276de46b15477157646a9a970ea9c63	no	0.165467		exact:unsupported_or_failed;strict:unsupported_or_failed	no	0.164318		exact:unsupported_or_failed;strict:unsupported_or_failed
g-unreal-35.ltl	bff01658b486df239ee629b54937c6e2ad752ab29880ae6fa014d2000eb30564	no	0.165660		exact:unsupported_or_failed;strict:unsupported_or_failed	no	0.165511		exact:unsupported_or_failed;strict:unsupported_or_failed
g-unreal-36.ltl	6362eed4645e6d8fb94ce05202d7e0235a40680d508427d1758bae7f5f4635c6	no	0.173468		exact:unsupported_or_failed;strict:unsupported_or_failed	no	0.172238		exact:unsupported_or_failed;strict:unsupported_or_failed
g-unreal-37.ltl	db46a20e6b7d7e2d97295ddc53b4d8b4312eb9280c9862229954e7f998cf8fb4	no	0.171554		exact:unsupported_or_failed;strict:unsupported_or_failed	no	0.172717		exact:unsupported_or_failed;strict:unsupported_or_failed
g-unreal-38.ltl	e809a51353b09505938d26a096938db350790c1834d909935f1631136fc9de24	no	0.185268		exact:unsupported_or_failed;strict:unsupported_or_failed	no	0.181356		exact:unsupported_or_failed;strict:unsupported_or_failed
g-unreal-39.ltl	700bdfacb78a4ba11d53709c2701ab2835ac72656a53841841880e05bcae5987	no	0.191378		exact:unsupported_or_failed;strict:unsupported_or_failed	no	0.189557		exact:unsupported_or_failed;strict:unsupported_or_failed
generalized_buffer_pb_2_pe_.ltl	227086aae730af90c27f3868168f4bac5882cceca7e72db20eea5d25c5687cc5	no	0.146733		exact:unsupported_or_failed;strict:unsupported_or_failed	no	0.147705		exact:unsupported_or_failed;strict:unsupported_or_failed
generalized_buffer_pb_3_pe_.ltl	54a8c086a24f9c7ae7ace74956a4ed858363c8211ecba0e8c48393041fa3905c	no	0.148177		exact:unsupported_or_failed;strict:unsupported_or_failed	no	0.147374		exact:unsupported_or_failed;strict:unsupported_or_failed
generalized_buffer_pb_4_pe_.ltl	02f38e653aafe420bb08c9582e8bd771aca473b6f8ab91e36c02904272925cc5	no	0.147262		exact:unsupported_or_failed;strict:unsupported_or_failed	no	0.147378		exact:unsupported_or_failed;strict:unsupported_or_failed
generalized_buffer_pb_5_pe_.ltl	1084a92b16bf2a336043a9ad3eaf9f44feb659f9fa730ef6e09fc282deba8c84	no	0.148314		exact:unsupported_or_failed;strict:unsupported_or_failed	no	0.147394		exact:unsupported_or_failed;strict:unsupported_or_failed
generalized_buffer_pb_6_pe_.ltl	06ef957848670795ac324022c6efec9d8e67bc784697898c6fd0715ad772863b	no	0.147053		exact:unsupported_or_failed;strict:unsupported_or_failed	no	0.149516		exact:unsupported_or_failed;strict:unsupported_or_failed
gf-real-real.ltl	89470a7f8a6eb091dab8dafe6cda7da5215ef8aa072f69c23a7e46e2943816b2	no	0.133881		exact:unsupported_or_failed;strict:unsupported_or_failed	no	0.130189		exact:unsupported_or_failed;strict:unsupported_or_failed
gf-unreal0.ltl	a51e4b93d6c7d778810ad9a8fd2152b746a826b8bc41d975ec198ae8ebb94399	no	0.133100		exact:unsupported_or_failed;strict:unsupported_or_failed	no	0.133706		exact:unsupported_or_failed;strict:unsupported_or_failed
gf-unreal1.ltl	de597d347c4ed9a925a2d6162d5386ab09c7af7393e45d9c49eaa47b865cc294	no	0.132170		exact:unsupported_or_failed;strict:unsupported_or_failed	no	0.131313		exact:unsupported_or_failed;strict:unsupported_or_failed
gf-unreal10.ltl	6ed00edd154f783c2c6836638270e2602a7ff32b2594ff71a99078654663b4f5	no	0.135611		exact:unsupported_or_failed;strict:unsupported_or_failed	no	0.136591		exact:unsupported_or_failed;strict:unsupported_or_failed
gf-unreal11.ltl	e17d9ccc3d1a852b4d7bb04b461ee53da91e0e9f8f1449815f8715cbe96eeb13	no	0.137224		exact:unsupported_or_failed;strict:unsupported_or_failed	no	0.136628		exact:unsupported_or_failed;strict:unsupported_or_failed
gf-unreal12.ltl	1fb8f5d050295361a71beeca99426436b7185cbe56416acc955326ad7f2fe1ff	no	0.140378		exact:unsupported_or_failed;strict:unsupported_or_failed	no	0.135757		exact:unsupported_or_failed;strict:unsupported_or_failed
gf-unreal13.ltl	3c2baef0f7b432849ae440daa905e796c59386a7e987ca2c9fced3252319071f	no	0.137687		exact:unsupported_or_failed;strict:unsupported_or_failed	no	0.140816		exact:unsupported_or_failed;strict:unsupported_or_failed
gf-unreal14.ltl	b43d8cc11502454843608348dba778d984f52fdaaaa410a08e7be18d2c9f6b67	no	0.137151		exact:unsupported_or_failed;strict:unsupported_or_failed	no	0.136577		exact:unsupported_or_failed;strict:unsupported_or_failed
gf-unreal15.ltl	20a0a00d039341ae4af55f28dfd543f1bc63b91ce1b4d5c0cb0dd9328dc4b2a4	no	0.137460		exact:unsupported_or_failed;strict:unsupported_or_failed	no	0.139733		exact:unsupported_or_failed;strict:unsupported_or_failed
gf-unreal16.ltl	f549157884911a364aa440b2910d5039115fa4b5e0701aba3bd45d8e7aa8a3bb	no	0.140250		exact:unsupported_or_failed;strict:unsupported_or_failed	no	0.139757		exact:unsupported_or_failed;strict:unsupported_or_failed
gf-unreal17.ltl	6e21f3feef50b2e17fa56cccb2199cfd61a70446ea30095dde27ab256612337f	no	0.139203		exact:unsupported_or_failed;strict:unsupported_or_failed	no	0.139364		exact:unsupported_or_failed;strict:unsupported_or_failed
gf-unreal18.ltl	7e0ab08d2857bc7abe56e719e96814f1b07adbc0c327da274bfd79e649027afc	no	0.139806		exact:unsupported_or_failed;strict:unsupported_or_failed	no	0.140290		exact:unsupported_or_failed;strict:unsupported_or_failed
gf-unreal19.ltl	a48e4bdcdc94fe5ac15afefcdac317a710974dd91a07664d6301f9d0ad4d15ba	no	0.144770		exact:unsupported_or_failed;strict:unsupported_or_failed	no	0.144993		exact:unsupported_or_failed;strict:unsupported_or_failed
gf-unreal2.ltl	3a958331b7be3855e5522ef1f4569a644b2701f3153f3bf4cf550153ff9e93e6	no	0.132749		exact:unsupported_or_failed;strict:unsupported_or_failed	no	0.131337		exact:unsupported_or_failed;strict:unsupported_or_failed
gf-unreal20.ltl	226e489ba6263ad5f55c6c55f62c3233791efbb890a620a914a692467e71573c	no	0.146331		exact:unsupported_or_failed;strict:unsupported_or_failed	no	0.148959		exact:unsupported_or_failed;strict:unsupported_or_failed
gf-unreal21.ltl	a0197b7a581ae570e92501e59f64687fec8e1e4f575439a25ca1bdc18902191d	no	0.141006		exact:unsupported_or_failed;strict:unsupported_or_failed	no	0.142618		exact:unsupported_or_failed;strict:unsupported_or_failed
gf-unreal22.ltl	df70c246a7793af5bc3fcaa12c6c3433277ad3e278f222409a05381f523c8650	no	0.140700		exact:unsupported_or_failed;strict:unsupported_or_failed	no	0.140174		exact:unsupported_or_failed;strict:unsupported_or_failed
gf-unreal23.ltl	8678fdb7021e54c5326f226640f3dc8cbe5bd72d67cd8e092685df05e99c1057	no	0.141212		exact:unsupported_or_failed;strict:unsupported_or_failed	no	0.141149		exact:unsupported_or_failed;strict:unsupported_or_failed
gf-unreal24.ltl	8cc083915e031e6de8d52c896071de46f9125c36d400d45681ef4ccc25de5c78	no	0.141029		exact:unsupported_or_failed;strict:unsupported_or_failed	no	0.141140		exact:unsupported_or_failed;strict:unsupported_or_failed
gf-unreal25.ltl	e3b91e694c524ee4618052e285138aff3f8906626302a657c138e0deba59e385	no	0.146017		exact:unsupported_or_failed;strict:unsupported_or_failed	no	0.143598		exact:unsupported_or_failed;strict:unsupported_or_failed
gf-unreal26.ltl	1ccfef1a710ee09a08942ded64a1cff139cd5cfa5549003db869f75a24595e24	no	0.143532		exact:unsupported_or_failed;strict:unsupported_or_failed	no	0.144603		exact:unsupported_or_failed;strict:unsupported_or_failed
gf-unreal27.ltl	4008769ea1d41134e3bb7575214fb716bf4b8aeed87708291aa4acf9fefcba39	no	0.144208		exact:unsupported_or_failed;strict:unsupported_or_failed	no	0.145309		exact:unsupported_or_failed;strict:unsupported_or_failed
gf-unreal28.ltl	449976ff69654565dfde1b07f90c27dddc222a511f145fbb0e3432ca4ca5850d	no	0.143221		exact:unsupported_or_failed;strict:unsupported_or_failed	no	0.146960		exact:unsupported_or_failed;strict:unsupported_or_failed
gf-unreal29.ltl	6ca493a2b055c0532cf9041bd74f0edb97b7cf1cd990318ce0a9158f31473b61	no	0.147703		exact:unsupported_or_failed;strict:unsupported_or_failed	no	0.142767		exact:unsupported_or_failed;strict:unsupported_or_failed
gf-unreal3.ltl	f0980296a59a4ff9ea93d8945d670efd74776c283fbf2bcfd8abde588e925dbe	no	0.132489		exact:unsupported_or_failed;strict:unsupported_or_failed	no	0.133912		exact:unsupported_or_failed;strict:unsupported_or_failed
gf-unreal30.ltl	4d6f9b5f39dd0007c6bd22b100920faaec68e3fb366b58ce3634b8b5899cdb58	no	0.143314		exact:unsupported_or_failed;strict:unsupported_or_failed	no	0.145008		exact:unsupported_or_failed;strict:unsupported_or_failed
gf-unreal31.ltl	2d2b5fa15bfd2f914ebfd54c084108b93497a20fdc1e7cad4cf18404123f0629	no	0.144089		exact:unsupported_or_failed;strict:unsupported_or_failed	no	0.143399		exact:unsupported_or_failed;strict:unsupported_or_failed
gf-unreal32.ltl	0fa58c52800f6e11cd6d20b12b9e40b4f8e3b0ff901a1154e069a726a73194cf	no	0.148074		exact:unsupported_or_failed;strict:unsupported_or_failed	no	0.148736		exact:unsupported_or_failed;strict:unsupported_or_failed
gf-unreal33.ltl	2e33b8740f252717a96b189fb78d214faa4713686fa8b7380227ffa32300e81d	no	0.148076		exact:unsupported_or_failed;strict:unsupported_or_failed	no	0.148869		exact:unsupported_or_failed;strict:unsupported_or_failed
gf-unreal34.ltl	2ab72ef309de8deac54f96647403ea6708db40375c7ad357af3a073b55d51df2	no	0.159643		exact:unsupported_or_failed;strict:unsupported_or_failed	no	0.150525		exact:unsupported_or_failed;strict:unsupported_or_failed
gf-unreal35.ltl	e85eef494fc95121ac94a99dc43fe1e0364fe649c62c15f8300d5430a8ae1000	no	0.150742		exact:unsupported_or_failed;strict:unsupported_or_failed	no	0.149293		exact:unsupported_or_failed;strict:unsupported_or_failed
gf-unreal36.ltl	89b38caa70903ce91ae8169e075864cc6a297f1ec41fcc1a6d108d1addca82ee	no	0.151843		exact:unsupported_or_failed;strict:unsupported_or_failed	no	0.149889		exact:unsupported_or_failed;strict:unsupported_or_failed
gf-unreal37.ltl	61724869bb98b0f8867e8b1843742c423c003924ad177d1e4e9ab221e1e1df00	no	0.150084		exact:unsupported_or_failed;strict:unsupported_or_failed	no	0.153158		exact:unsupported_or_failed;strict:unsupported_or_failed
gf-unreal38.ltl	d9572f13f43998dbfec0ae148b76e05c4285abe269b8f005b913c59f1c27a0ff	no	0.150694		exact:unsupported_or_failed;strict:unsupported_or_failed	no	0.151019		exact:unsupported_or_failed;strict:unsupported_or_failed
gf-unreal39.ltl	d81afb2f40a9be82e94a01e3a4c5db3da5a0358d5ed0549a9bfb160568f09654	no	0.151036		exact:unsupported_or_failed;strict:unsupported_or_failed	no	0.150277		exact:unsupported_or_failed;strict:unsupported_or_failed
gf-unreal4.ltl	5a0dd367b74a3db781d9844c47b383dcd75618d5c4461742c0079ba5b0127958	no	0.133623		exact:unsupported_or_failed;strict:unsupported_or_failed	no	0.133928		exact:unsupported_or_failed;strict:unsupported_or_failed
gf-unreal40.ltl	b4243a6c43d2f91dde641368f31d657084b375c5f56c242be138ec25f4548443	no	0.152365		exact:unsupported_or_failed;strict:unsupported_or_failed	no	0.151444		exact:unsupported_or_failed;strict:unsupported_or_failed
gf-unreal41.ltl	8711104990324cc5c4d712e07f006d9c90b7fd7993c1683cdf8f646b55e02e47	no	0.151831		exact:unsupported_or_failed;strict:unsupported_or_failed	no	0.150929		exact:unsupported_or_failed;strict:unsupported_or_failed
gf-unreal42.ltl	9870f8d4bb7844e1815c228e843b032af72423c4a688cc746f99974f7c649dff	no	0.151099		exact:unsupported_or_failed;strict:unsupported_or_failed	no	0.168396		exact:unsupported_or_failed;strict:unsupported_or_failed
gf-unreal43.ltl	48a10cb3da2f8f56284fc788abc62b7809058caf14f3e1a2fe9b8e3cbf975564	no	0.156275		exact:unsupported_or_failed;strict:unsupported_or_failed	no	0.164952		exact:unsupported_or_failed;strict:unsupported_or_failed
gf-unreal44.ltl	1c357b7d0a348df559c972c01af40adb287039d54d6f30ffae190be29c0cd74d	no	0.154891		exact:unsupported_or_failed;strict:unsupported_or_failed	no	0.152898		exact:unsupported_or_failed;strict:unsupported_or_failed
gf-unreal45.ltl	28b677caae170f9e94a4ff8d1db7ac539c3ca5122270db87d9dd8e230c019118	no	0.153290		exact:unsupported_or_failed;strict:unsupported_or_failed	no	0.152491		exact:unsupported_or_failed;strict:unsupported_or_failed
gf-unreal46.ltl	de66dd8ac3364397cc0f9839490704e78baf5ee8265ef7bd40736f432fa95866	no	0.153921		exact:unsupported_or_failed;strict:unsupported_or_failed	no	0.157014		exact:unsupported_or_failed;strict:unsupported_or_failed
gf-unreal47.ltl	9ca4a51822d0468e1fa9de3a3550c18ddb67f384bcad7f16284be2467fa509b2	no	0.154522		exact:unsupported_or_failed;strict:unsupported_or_failed	no	0.153294		exact:unsupported_or_failed;strict:unsupported_or_failed
gf-unreal5.ltl	2aba60256c16e886de9027dca6a941f8836637e216de5f55c0aa8cfc1db3e3e5	no	0.133876		exact:unsupported_or_failed;strict:unsupported_or_failed	no	0.138014		exact:unsupported_or_failed;strict:unsupported_or_failed
gf-unreal6.ltl	9a539516185784e790ab13e38e6f0b4797a93f43df695576dfe93b0231a664bc	no	0.136709		exact:unsupported_or_failed;strict:unsupported_or_failed	no	0.135137		exact:unsupported_or_failed;strict:unsupported_or_failed
gf-unreal7.ltl	56eae937ddd0743cf8085dd6d0f25a5dffe4abb312f9cc767958a0fb2ed87229	no	0.137423		exact:unsupported_or_failed;strict:unsupported_or_failed	no	0.135259		exact:unsupported_or_failed;strict:unsupported_or_failed
gf-unreal8.ltl	19680521499e94bde567fe941903e0c01179cc082879ae18566e35db625f85f6	no	0.136613		exact:unsupported_or_failed;strict:unsupported_or_failed	no	0.136964		exact:unsupported_or_failed;strict:unsupported_or_failed
gf-unreal9.ltl	453367e15a81dccc3c8ae3f3672649e94122f1a62639c6b10a67172dab7d20b0	no	0.135851		exact:unsupported_or_failed;strict:unsupported_or_failed	no	0.138209		exact:unsupported_or_failed;strict:unsupported_or_failed
heim-buechi-real.ltl	c2381c8d583d42913c1caee685c753df355d02f0cb9909a706ad77561ab2a9b2	no	0.152795		exact:unsupported_or_failed;strict:unsupported_or_failed	no	0.138938		exact:unsupported_or_failed;strict:unsupported_or_failed
heim-double-x-real.ltl	e5f062deec6563a936ef521f3b553e06c39a7c4d782c47859dc1074a74ae039e	no	0.140108		exact:unsupported_or_failed;strict:unsupported_or_failed	no	0.142518		exact:unsupported_or_failed;strict:unsupported_or_failed
heim-double-x0.ltl	c13c568633e0c2969c34dc71a11c695c44311fd2fefcb4cdfc0bc65d54976aa4	no	0.136483		exact:unsupported_or_failed;strict:unsupported_or_failed	no	0.136315		exact:unsupported_or_failed;strict:unsupported_or_failed
heim-double-x1.ltl	cce2ceb557f6c6d6884699cae2bf9d51227fc29c8e5d09074260f2125c76378e	no	0.136791		exact:unsupported_or_failed;strict:unsupported_or_failed	no	0.137919		exact:unsupported_or_failed;strict:unsupported_or_failed
heim-double-x10.ltl	02e6e0dc374911231df1635b70770346384a60fde506d88f2ab4ae52a7a9f750	no	0.140557		exact:unsupported_or_failed;strict:unsupported_or_failed	no	0.142515		exact:unsupported_or_failed;strict:unsupported_or_failed
heim-double-x11.ltl	0de1dfa772de4867617b4011f7b77a6901d8c565e23a2b9340be2bc51a554727	no	0.140636		exact:unsupported_or_failed;strict:unsupported_or_failed	no	0.140643		exact:unsupported_or_failed;strict:unsupported_or_failed
heim-double-x12.ltl	cf407d66ab1841d9badf90ce6720bdeafbe150b90cd475b3a621881544cd73c0	no	0.138781		exact:unsupported_or_failed;strict:unsupported_or_failed	no	0.145875		exact:unsupported_or_failed;strict:unsupported_or_failed
heim-double-x13.ltl	daa214258fcb4e623bd6008f73b2f8ecde3e88427c55d94f2d42790dc7cfac35	no	0.166553		exact:unsupported_or_failed;strict:unsupported_or_failed	no	0.166991		exact:unsupported_or_failed;strict:unsupported_or_failed
heim-double-x2.ltl	311408c8a375acc5ea2390ca83c7802fc0e0ee6cc562e936f648b0a23db0a5a0	no	0.159076		exact:unsupported_or_failed;strict:unsupported_or_failed	no	0.154305		exact:unsupported_or_failed;strict:unsupported_or_failed
heim-double-x3.ltl	55daf89f55a223e75051d4b3f11eb930299916be054aec329662e13f40f75bc0	no	0.149876		exact:unsupported_or_failed;strict:unsupported_or_failed	no	0.192242		exact:unsupported_or_failed;strict:unsupported_or_failed
heim-double-x4.ltl	17dd5db49f67ddb95781dfd75613dd5bf5708883d32101e72d031d8f6bf7c95a	no	0.168251		exact:unsupported_or_failed;strict:unsupported_or_failed	no	0.152285		exact:unsupported_or_failed;strict:unsupported_or_failed
heim-double-x5.ltl	678a1bf6f4d7b6b624ea90330056c3c15d9b809d6b303f38037403d5b0a19f21	no	0.200410		exact:unsupported_or_failed;strict:unsupported_or_failed	no	0.150163		exact:unsupported_or_failed;strict:unsupported_or_failed
heim-double-x6.ltl	2b6b1bd06aba03eb5e58f82505c5794ce54b715a35d4550792217ee12ff743f1	no	0.167744		exact:unsupported_or_failed;strict:unsupported_or_failed	no	0.179006		exact:unsupported_or_failed;strict:unsupported_or_failed
heim-double-x7.ltl	d87e046d8d4556c7c1a2e59ebc08e05f316901b3dee95882309ee470c7d04843	no	0.147720		exact:unsupported_or_failed;strict:unsupported_or_failed	no	0.192058		exact:unsupported_or_failed;strict:unsupported_or_failed
heim-double-x8.ltl	268ddfae50e8dc49093f5475b591d40fc65aa303b3a25d9c11b2ce52fe87d273	no	0.163587		exact:unsupported_or_failed;strict:unsupported_or_failed	no	0.146737		exact:unsupported_or_failed;strict:unsupported_or_failed
heim-double-x9.ltl	0a7d44c029823d16a2a988a2f2175458ad8f9755ae5869e0d0cee72d054058cb	no	0.201920		exact:unsupported_or_failed;strict:unsupported_or_failed	no	0.149550		exact:unsupported_or_failed;strict:unsupported_or_failed
heim-fig7-unreal.ltl	fe73e8a2615364e87e16c4a8b15db7f00bcc5e443d87c279972aa1a6a6ffee56	no	0.163398		exact:unsupported_or_failed;strict:unsupported_or_failed	no	0.184428		exact:unsupported_or_failed;strict:unsupported_or_failed
helipad-contradict0.ltl	a87157ba7be0e38d3a069518a8dcaf7800035a4722de7ea151ec179c344d7c16	no	0.161016		exact:unsupported_or_failed;strict:unsupported_or_failed	no	0.200357		exact:unsupported_or_failed;strict:unsupported_or_failed
helipad-contradict1.ltl	305cfef6f9106c39d81baecafc5d201ca0572c5a1e92c97c1cd85fe508ef5e85	no	0.177254		exact:unsupported_or_failed;strict:unsupported_or_failed	no	0.191211		exact:unsupported_or_failed;strict:unsupported_or_failed
helipad-real.ltl	1acd67e99958e3380ab26c3751dfd45f6c47de99e742c04dd350a2837733c9f9	no	0.191214		exact:unsupported_or_failed;strict:unsupported_or_failed	no	0.161384		exact:unsupported_or_failed;strict:unsupported_or_failed
infinite-race-real.ltl	63e7e2f49e26aa74b5692efd959d9ec88bc6267c3aa4dbfdbd93f2ac475e686a	no	0.193097		exact:unsupported_or_failed;strict:unsupported_or_failed	no	0.147652		exact:unsupported_or_failed;strict:unsupported_or_failed
infinite-race-u0.ltl	a0ccfa32d80f330e93ec3c1fa6a749cc50f5ac334ec71cbd3abee3b86bbe8aba	no	0.147394		exact:unsupported_or_failed;strict:unsupported_or_failed	no	0.187742		exact:unsupported_or_failed;strict:unsupported_or_failed
infinite-race-u1.ltl	852910edda70daff8e6bf31453102147743e7dab34c40d052757defb5e2c8b97	no	0.140199		exact:unsupported_or_failed;strict:unsupported_or_failed	no	0.167690		exact:unsupported_or_failed;strict:unsupported_or_failed
infinite-race-u10.ltl	b600997ea4667bcd905f9ad07c3a10b2fb32470e1d944a7e50b36111257cee63	no	0.208032		exact:unsupported_or_failed;strict:unsupported_or_failed	no	0.179749		exact:unsupported_or_failed;strict:unsupported_or_failed
infinite-race-u11.ltl	7b3f84ced15ba011ee15d46f3aea78bef82769a5b8463de81a463955c927a2c6	no	0.219271		exact:unsupported_or_failed;strict:unsupported_or_failed	no	0.172169		exact:unsupported_or_failed;strict:unsupported_or_failed
infinite-race-u12.ltl	8c97615a2e72159040e67e257904221984f98b7deb701eea4093891b11d4c14c	no	0.230808		exact:unsupported_or_failed;strict:unsupported_or_failed	no	0.177149		exact:unsupported_or_failed;strict:unsupported_or_failed
infinite-race-u13.ltl	5c08e52581330b63fc3e7ca37b4ee0c3a7f954c7009b833f36c9ff9089d91b1f	no	0.219403		exact:unsupported_or_failed;strict:unsupported_or_failed	no	0.196951		exact:unsupported_or_failed;strict:unsupported_or_failed
infinite-race-u14.ltl	9295d2b8a1755116e6ac88842b6c32e4f5424634787a4738a9725e7a8846adc7	no	0.184720		exact:unsupported_or_failed;strict:unsupported_or_failed	no	0.184058		exact:unsupported_or_failed;strict:unsupported_or_failed
infinite-race-u15.ltl	979c4010d5b4d6867a76873556e5d64edad24293dae8e8cb2e5e255fbc8e53e1	no	0.192476		exact:unsupported_or_failed;strict:unsupported_or_failed	no	0.186947		exact:unsupported_or_failed;strict:unsupported_or_failed
infinite-race-u16.ltl	5eb48aaf267aff287d0df5f10ca348f3459e976b55da268774d7873d8207d0b2	no	0.201747		exact:unsupported_or_failed;strict:unsupported_or_failed	no	0.200004		exact:unsupported_or_failed;strict:unsupported_or_failed
infinite-race-u17.ltl	41896276c486245d250645babf21870bc4b45e6f06e858c469a13aa371485b69	no	0.198108		exact:unsupported_or_failed;strict:unsupported_or_failed	no	0.197323		exact:unsupported_or_failed;strict:unsupported_or_failed
infinite-race-u18.ltl	e3b423ab0218187558c2e641da4950a95c347e16816ec23d053515edd87f07a8	no	0.202102		exact:unsupported_or_failed;strict:unsupported_or_failed	no	0.207653		exact:unsupported_or_failed;strict:unsupported_or_failed
infinite-race-u19.ltl	0ba96b8c7877cf78915aafd50d9e4f0d9a042d298b81a6cf3b2abc0afcd19698	no	0.264794		exact:unsupported_or_failed;strict:unsupported_or_failed	no	0.213352		exact:unsupported_or_failed;strict:unsupported_or_failed
infinite-race-u2.ltl	b04cc5bd8b75fb16447ce13b157f81ab288499aafb8801591c82aed3374aba0e	no	0.196769		exact:unsupported_or_failed;strict:unsupported_or_failed	no	0.147436		exact:unsupported_or_failed;strict:unsupported_or_failed
infinite-race-u20.ltl	e130ca1c8c4979c546f606a6e5ae130256da8ea4124fe9b115a6d397572a543b	no	0.243659		exact:unsupported_or_failed;strict:unsupported_or_failed	no	0.227617		exact:unsupported_or_failed;strict:unsupported_or_failed
infinite-race-u21.ltl	0bde96c15a3035b87c720b4e2c92c2cb90f014b02af8bfaf3c19850a773c55a9	no	0.260969		exact:unsupported_or_failed;strict:unsupported_or_failed	no	0.215056		exact:unsupported_or_failed;strict:unsupported_or_failed
infinite-race-u22.ltl	3441f697c51a3511caa0df84317825d71ca77c773e675d4994311eec11214650	no	0.270359		exact:unsupported_or_failed;strict:unsupported_or_failed	no	0.229821		exact:unsupported_or_failed;strict:unsupported_or_failed
infinite-race-u23.ltl	3f329919167905e989a95b3c3ad0e37a1401f6a749aeb92389c138e3e36e749c	no	0.276445		exact:unsupported_or_failed;strict:unsupported_or_failed	no	0.215580		exact:unsupported_or_failed;strict:unsupported_or_failed
infinite-race-u24.ltl	93c5919a5e45492e1e6aa7a62b12f725215cafd07aefdae6c20b6a43e06658d4	no	0.277153		exact:unsupported_or_failed;strict:unsupported_or_failed	no	0.231453		exact:unsupported_or_failed;strict:unsupported_or_failed
infinite-race-u25.ltl	33006a52f900cbd71f1102dd9b0755dd1e5042143c7096054fbbaaf8332e96ea	no	0.269815		exact:unsupported_or_failed;strict:unsupported_or_failed	no	0.293710		exact:unsupported_or_failed;strict:unsupported_or_failed
infinite-race-u3.ltl	ac9a6bbfa47f7fa5893796f79cdcd5785fc731343e43289fedf06f6c873eeef0	no	0.163828		exact:unsupported_or_failed;strict:unsupported_or_failed	no	0.155208		exact:unsupported_or_failed;strict:unsupported_or_failed
infinite-race-u4.ltl	c5656d580a7e4e936e090049ce6000e5404f1a11ee936d8d24b719f2ba36d33f	no	0.225412		exact:unsupported_or_failed;strict:unsupported_or_failed	no	0.161294		exact:unsupported_or_failed;strict:unsupported_or_failed
infinite-race-u5.ltl	fc56d8ed65ee71405b8e1506a92de1bba7863c49798faad91f4df8544c004c12	no	0.188433		exact:unsupported_or_failed;strict:unsupported_or_failed	no	0.185220		exact:unsupported_or_failed;strict:unsupported_or_failed
infinite-race-u6.ltl	83b09285b05ab86633181403ed38559110939d3dd6bf0875d39dd080547bd961	no	0.162382		exact:unsupported_or_failed;strict:unsupported_or_failed	no	0.232096		exact:unsupported_or_failed;strict:unsupported_or_failed
infinite-race-u7.ltl	b3a780e6ec179080051966a458b23e06bf520a76568473b15d6c82313ebad286	no	0.164651		exact:unsupported_or_failed;strict:unsupported_or_failed	no	0.182791		exact:unsupported_or_failed;strict:unsupported_or_failed
infinite-race-u8.ltl	8939f53ecbe53acf83ddf7727a5b47b51c2144b869550bcbb59d6c7e232bdedb	no	0.200843		exact:unsupported_or_failed;strict:unsupported_or_failed	no	0.174678		exact:unsupported_or_failed;strict:unsupported_or_failed
infinite-race-u9.ltl	c5af33630dff8069694bfcaeec5d1befd01b8ac85af99c0d58409f59aee4092a	no	0.219936		exact:unsupported_or_failed;strict:unsupported_or_failed	no	0.173920		exact:unsupported_or_failed;strict:unsupported_or_failed
infinite-race-unequal-1-real.ltl	bcabbe5747533792e35787c83701a1c8e66e6b84b49ba0e6b2a865fe7fbf12ea	no	0.189164		exact:unsupported_or_failed;strict:unsupported_or_failed	no	0.159475		exact:unsupported_or_failed;strict:unsupported_or_failed
infinite-race-unequal-10.ltl	dc78fd7c0f4cb82c0e79d3b14bc12f3e99e6ae364e50fb3915bfff9d53347831	no	0.139781		exact:unsupported_or_failed;strict:unsupported_or_failed	no	0.196350		exact:unsupported_or_failed;strict:unsupported_or_failed
infinite-race-unequal-20.ltl	a3240243c087509cfb825679675dc893b0e78d5090ea82b0a7ed4c4bfea49718	no	0.142641		exact:unsupported_or_failed;strict:unsupported_or_failed	no	0.159214		exact:unsupported_or_failed;strict:unsupported_or_failed
infinite-race-unequal-21.ltl	df9371d02fb44388f902bc335fecd8b61f17dc401e158126205e944844bdf6a0	no	0.184811		exact:unsupported_or_failed;strict:unsupported_or_failed	no	0.146928		exact:unsupported_or_failed;strict:unsupported_or_failed
infinite-race-unequal-22.ltl	d56f232d78058ae8378235ceadc0a6d880dd6e49ea0fdc309241239fca16864a	no	0.153395		exact:unsupported_or_failed;strict:unsupported_or_failed	no	0.154758		exact:unsupported_or_failed;strict:unsupported_or_failed
infinite-race-unequal-23.ltl	fd27eb0e852e3dacf6e6ecf8996f2a95cac326cdbb114323f46ebeb61031c941	no	0.200384		exact:unsupported_or_failed;strict:unsupported_or_failed	no	0.177690		exact:unsupported_or_failed;strict:unsupported_or_failed
infinite-race-unequal-24.ltl	3b9abf597fa61d5fef8ad57347368506ad4358974c82be635d189c428f670d28	no	0.174566		exact:unsupported_or_failed;strict:unsupported_or_failed	no	0.188788		exact:unsupported_or_failed;strict:unsupported_or_failed
infinite-race-unequal-25.ltl	61a552548076a62b6bfa19917873cfe08d9eaef6d91f3bcd6b02b84e3af9dff8	no	0.245363		exact:unsupported_or_failed;strict:unsupported_or_failed	no	0.192136		exact:unsupported_or_failed;strict:unsupported_or_failed
infinite-race-unequal-26.ltl	06c260e3bb60c217ce94edb13f917dbb658716f49aecfdecf6e2a4ab698a501d	no	0.216057		exact:unsupported_or_failed;strict:unsupported_or_failed	no	0.252153		exact:unsupported_or_failed;strict:unsupported_or_failed
items_processing-real.ltl	ff7d487dff4e76878972823e6d47709846d77ecef4ee9189e0a50978d55dae14	no	0.172665		exact:unsupported_or_failed;strict:unsupported_or_failed	no	0.217278		exact:unsupported_or_failed;strict:unsupported_or_failed
jarvis_gideon_a02758ea.ltl	f4d3c04816ec127f81b5ae19b4b7abdce4a4a9ba012dc1c1958dfe8380e45a58	yes	0.145823	exact		yes	0.134794	exact	
jarvis_philippe_484face8.ltl	de7f431f2b73076ab96f53a2389393b607f3283f813722ec3182ddd873c50aa6	no	0.862176		exact:budget_exhausted;strict:budget_exhausted	no	1.012318		exact:budget_exhausted;strict:budget_exhausted
lazy_shades_problem_d6376bf9.ltl	f6357a835924a7f4a03c0660de2f7bbdd6c1039eed98645aacf6596be850e1d6	no	0.864277		exact:budget_exhausted;strict:budget_exhausted	no	1.007369		exact:budget_exhausted;strict:budget_exhausted
lift_gr1+_pb_2_pe_.ltl	aa20b375adc409c8e7e2374dc01ef88cbe6c5c6c2e21fbc15fcd1754ea4c50db	no	0.862233		exact:budget_exhausted;strict:budget_exhausted	no	1.006574		exact:budget_exhausted;strict:budget_exhausted
lift_gr1+_pb_3_pe_.ltl	ff3cd9ca15b7634f5d277cae60d9d951320e9743f21173703333faaec3439d67	no	0.853465		exact:budget_exhausted;strict:budget_exhausted	no	1.003744		exact:budget_exhausted;strict:budget_exhausted
lift_gr1+_pb_6_pe_.ltl	2f9a4e35cb97d79801dc64fc2cc45698a307a4615d6a41451cc55fbe9fd3a04e	no	0.853651		exact:budget_exhausted;strict:budget_exhausted	no	1.005338		exact:budget_exhausted;strict:budget_exhausted
lift_gr1+_pb_7_pe_.ltl	f753664b19cd79e48e7b39eb21e0680ed668b0b61bb7b63e24383033ceef25c3	no	0.854463		exact:budget_exhausted;strict:budget_exhausted	no	1.005497		exact:budget_exhausted;strict:budget_exhausted
lift_gr1+_pb_8_pe_.ltl	34ac1ac5cebdc0fa3c22cb6f980ccd4956a8fb3ab2756fb78812a7e83a38c0d1	no	0.853661		exact:budget_exhausted;strict:budget_exhausted	no	1.004807		exact:budget_exhausted;strict:budget_exhausted
lift_gr1+_pb_9_pe_.ltl	45013ae3af7f440e5f9f27fac8e5a93f594e4925e43ca0394eebf97276db63d2	no	0.854855		exact:budget_exhausted;strict:budget_exhausted	no	1.005188		exact:budget_exhausted;strict:budget_exhausted
lift_gr1_pb_10_pe_.ltl	83b31f0e62f8c65aee789710b5ed45d9a74e0eb291c81964e7185e0800d2eed7	no	0.854893		exact:budget_exhausted;strict:budget_exhausted	no	1.005006		exact:budget_exhausted;strict:budget_exhausted
lift_gr1_pb_2_pe_.ltl	ce7d5521c64d36eadc8e66564c61727a660bc13d4abbaffb495df266ab3a6373	no	0.217964		exact:unsupported_or_failed;strict:unsupported_or_failed	no	0.215317		exact:unsupported_or_failed;strict:unsupported_or_failed
lift_gr1_pb_3_pe_.ltl	1ff1097d227e5785854edb1be09fcda5fd6785ba0f33f3aef9982a3f39ee1126	no	0.855390		exact:budget_exhausted;strict:budget_exhausted	no	1.006455		exact:budget_exhausted;strict:budget_exhausted
lift_gr1_pb_7_pe_.ltl	a919078c4d5841d52788e6981db07b82ec2c5e46740a39ba7064290c15ca9003	no	0.863681		exact:budget_exhausted;strict:budget_exhausted	no	1.016354		exact:budget_exhausted;strict:budget_exhausted
lift_gr1_pb_8_pe_.ltl	a85e1977a2156ea241c424e8e3a72379b0f79a7118b148d8c8c5401c38694f80	no	0.858485		exact:budget_exhausted;strict:budget_exhausted	no	1.013504		exact:budget_exhausted;strict:budget_exhausted
lift_gr1_pb_9_pe_.ltl	32766f5d1c12c738d752d714504f03b5661b8b689a1d91ac303c6fb3c235a9db	no	0.855901		exact:budget_exhausted;strict:budget_exhausted	no	1.005024		exact:budget_exhausted;strict:budget_exhausted
lift_pb_10_pe_.ltl	502da1ad0be887393758025b17e8393442f1314394fe54dab9391f3dcebdb84f	no	0.854764		exact:budget_exhausted;strict:budget_exhausted	yes	0.851071	exact	
lift_pb_2_pe_.ltl	4d8a37859b320b8c4af323ea94c0d05edad2ad3bb7e5bb5c6ee33eeabe90a5f3	yes	0.084517	exact		yes	0.084480	exact	
lift_pb_3_pe_.ltl	13333bd7d85ea017ff27d81c1403da19244b08a3bece95c40cd0e940c784e070	yes	0.109230	exact		yes	0.111819	exact	
lift_pb_4_pe_.ltl	893ef6dc7f85c438b96bad29929ba6255eb468ab0b0bb4487e7b8c2008c290d3	yes	0.135609	exact		yes	0.136689	exact	
lift_pb_5_pe_.ltl	4a5f8da756ca42bd16d3de3b90ed5a9c50462e04d90afe0b7937a92f5f51f4d5	yes	0.184341	exact		yes	0.185888	exact	
lift_pb_6_pe_.ltl	a227e199af866174bdcd9cac783082f18133215a06f5af3dad6d7ca4c71917e0	yes	0.233609	exact		yes	0.237607	exact	
lift_pb_7_pe_.ltl	8f5200101965be3dcabbeb89244517da499ca0422f94f4d84b7f5486aab0e85f	yes	0.303868	exact		yes	0.305152	exact	
lift_pb_8_pe_.ltl	1122e72f01ab5fc9e9258664e4866af1626a18da568d47327f16a8d7e202ffca	yes	0.387788	exact		yes	0.386996	exact	
lift_pb_9_pe_.ltl	d168533ef53e719fb33e191e09d3614f1347e10d7c6093a0edb3bbc3b648158a	yes	0.619441	exact		yes	0.620220	exact	
lift_unary_enc_pb_2_pe_.ltl	69e536f6e1d26aa409889f966e3a0642e10486a523e1a5abaea189e2c2c7b845	yes	0.089871	exact		yes	0.085122	exact	
lift_unary_enc_pb_3_pe_.ltl	3a567c698b940a6ca6f55019986dc6c04fd519027aacabfd69d238b91f5df145	yes	0.107813	exact		yes	0.109066	exact	
lift_unary_enc_pb_4_pe_.ltl	4c0607135909c32f5d7dd19146892145ac0459e5b3c7383f74c86a41353e6bd3	yes	0.147460	exact		yes	0.150850	exact	
lift_unary_enc_pb_5_pe_.ltl	66b5a955079dcfe0949ea5bc031c1e6c444a892eec20b4b19563acaa55eacbf9	yes	0.254706	exact		yes	0.259420	exact	
lift_unary_enc_pb_6_pe_.ltl	c201155fc7680d254200076ce3e59c3e4d08ae01f1b094b42960ecb0ae4c2d3a	yes	0.592631	exact		yes	0.591797	exact	
lift_unary_enc_pb_7_pe_.ltl	fea6504bfbd74db5168decafc82700b4b767976bb511bfc6be838d9b3749f48d	no	0.854675		exact:budget_exhausted;strict:budget_exhausted	no	1.004708		exact:budget_exhausted;strict:budget_exhausted
lift_wrong_physics_unreal_pb_10_pe_.ltl	cc86874bf6e8868929bbbaf0dcba480928206fa4f531e119f0aff39556b755a4	no	0.853969		exact:budget_exhausted;strict:budget_exhausted	yes	0.952255	exact	
lift_wrong_physics_unreal_pb_2_pe_.ltl	a63322c87bdf0aa285e71e59d61f4f734b4238d78a9aa198d390b0da9aa8a26a	yes	0.084187	exact		yes	0.083604	exact	
lift_wrong_physics_unreal_pb_3_pe_.ltl	805cef41232c046b03e47c52651212adf182dd43ef381f6c47e2a2500cf116c1	yes	0.113580	exact		yes	0.116460	exact	
lift_wrong_physics_unreal_pb_4_pe_.ltl	3b21b3a76c217b8292766803401bfd4d687db8d07e3bbb23dbfb896187983d4c	yes	0.151243	exact		yes	0.152368	exact	
lift_wrong_physics_unreal_pb_5_pe_.ltl	f4223a2e9ae4b83eeee5ce00fa9833fa5871309d9f4ea92d5ef1f44f7af9832f	yes	0.220652	exact		yes	0.221381	exact	
lift_wrong_physics_unreal_pb_6_pe_.ltl	9d05db91eef4af75f83756b6394af34e933ae51722beabb944cb49b31a1288c7	yes	0.285536	exact		yes	0.275791	exact	
lift_wrong_physics_unreal_pb_7_pe_.ltl	5b08402ae7e7c6d8173061037fd02c34fcbefae42b74d081c9cd54f36aed94eb	yes	0.448767	exact		yes	0.349844	exact	
lift_wrong_physics_unreal_pb_8_pe_.ltl	78ea5fbb06c748e47a30e79fea278b7ec8f6c9d794f1489841fb1d5eacb64325	yes	0.453660	exact		yes	0.438937	exact	
lift_wrong_physics_unreal_pb_9_pe_.ltl	ae7ccd73c8ce021a8fcdef5180a519241e7e6fc1f92a1d0d264f796634d3b371	yes	0.725477	exact		yes	0.713201	exact	
lilydemo01.ltl	1b2df09e089bf584ee24efcd1d88636f6be4d6457ca9360468740ca0ad86303a	yes	0.066339	exact		yes	0.067186	exact	
lilydemo02.ltl	c450734311c6d825ad2199124e0dae94a4c1b00b60f4ba21687cb4cd27954473	yes	0.068521	exact		yes	0.068495	exact	
lilydemo03.ltl	1fe5f5eab8b848dd60c3cd28011816f9b576ba6064d00c5e4e8674239ddbf4db	yes	0.072231	exact		yes	0.067673	exact	
lilydemo04.ltl	58a0296b2ef8c2ba5cede660794e5eec679f250e52415cbb45adc5d7ea724557	yes	0.071950	exact		yes	0.071334	exact	
lilydemo04_modified.ltl	79ee28dd2ec5c8d4dcecffb3fbf5449bbcb8deb148afd3ed2c81131492aa3cc4	yes	0.068969	exact		yes	0.069057	exact	
lilydemo05.ltl	abfb2d949b5a6c1f4cf8caf6c72ad904edacdf2fb96aed8e7e6eee35f92d1117	yes	0.070874	exact		yes	0.068737	exact	
lilydemo06.ltl	1e35b93114c740556f13651c91f70c62a51357498d693fe334d7edde6a79e675	yes	0.069631	exact		yes	0.069826	exact	
lilydemo07.ltl	51351646a3fdcf4a7d987d111e02d80ebe328a6e643a6e355f2bdc845abd8d95	yes	0.069282	exact		yes	0.070042	exact	
lilydemo08.ltl	a46c37d0310608b8735ad102d049f00045408a4d724ba46d4f909253c043f397	yes	0.064153	exact		yes	0.064473	exact	
lilydemo09.ltl	486f92965abe4a735246db9276887093a7f8058a6f0cc3b7fbcbe9b8f94996f4	yes	0.068227	exact		yes	0.069564	exact	
lilydemo10.ltl	b8720fadf0a56bdb884d1e2dc3aae533868ff80dc1e858b2edec72f0b33e57e8	yes	0.070668	exact		yes	0.068818	exact	
lilydemo11.ltl	6d10d3afcd49e0c65b77bbb4e8698071d15c591ba01a056d7e9fd45b472dba3f	no	0.127988		exact:unsupported_or_failed;strict:unsupported_or_failed	no	0.126179		exact:unsupported_or_failed;strict:unsupported_or_failed
lilydemo12.ltl	d05ad0f6d7a4d1fdbb700622d4048a2bb46fc24769c7ab3611828a94a495c828	yes	0.070157	exact		yes	0.067679	exact	
lilydemo13.ltl	a04d4d6571096138aef7e4320d9338aeee2dc7c007e1d93126d2bf9e2f18eea2	yes	0.066715	exact		yes	0.067061	exact	
lilydemo14.ltl	235f428de341c9411ceda8269bb03f8bd71f0c792bd754959a18d43d3162f24f	no	0.127288		exact:unsupported_or_failed;strict:unsupported_or_failed	no	0.129906		exact:unsupported_or_failed;strict:unsupported_or_failed
lilydemo15.ltl	001143fc4d208a5ea1323c6a492d3e92f4db951faa0d513bd69daf5741d5c4e9	yes	0.069358	exact		yes	0.070113	exact	
lilydemo16.ltl	e7871a3578dbb3c62bce20bbb5dfa970df031008729daa504aa7735f36460f81	yes	0.073343	exact		yes	0.073575	exact	
lilydemo17.ltl	c8c89e136c7d0725a8643e7ec63304d2de636fb43c115525b778861b9c917b83	no	0.130095		exact:unsupported_or_failed;strict:unsupported_or_failed	no	0.131392		exact:unsupported_or_failed;strict:unsupported_or_failed
lilydemo18.ltl	2f376ddd07597611da3cbe5169ed6c61afd149c5d80685d8b3173bf31ebbee0f	no	0.133233		exact:unsupported_or_failed;strict:unsupported_or_failed	no	0.137676		exact:unsupported_or_failed;strict:unsupported_or_failed
lilydemo19.ltl	6d0ec775969710a784f68978e425997f5c8759e5416454913cc376e2379b42f5	yes	0.071654	exact		yes	0.071242	exact	
lilydemo20.ltl	eb5ba162707bfc88744f0135a8d4965de7e8205cce36fe4445bedfc743050f83	yes	0.076896	exact		yes	0.073607	exact	
lilydemo21.ltl	0786432db27952cedd2d2f2a19dd5d6718f4bf681967c344d405c2105245965b	yes	0.080166	exact		yes	0.079875	exact	
lilydemo22.ltl	92d0e497824505963c8fc57a01feb62415ae6ad95d294fe2d1b474d66dc09964	yes	0.074593	exact		yes	0.075116	exact	
lilydemo23.ltl	6ac2cdd7d19e1ba32909fda257223d2e71941d2dc08ee970cafe47c6eed670c4	yes	0.070034	exact		yes	0.070384	exact	
load_balancer_pb_10_pe_.ltl	88e641efcdcf6690527cfb54fd21fe59fdd4d54003ae20786e0cb4727c32505a	yes	0.125868	exact		yes	0.126029	exact	
load_balancer_pb_11_pe_.ltl	53503684efa5aac74b2aa9fab20f046a3032e2fd76c3383f0726398b8b2bb9a1	yes	0.138337	exact		yes	0.128109	exact	
load_balancer_pb_2_pe_.ltl	8b4dd1602ef761a2aa5868550cc51b5aa67e2e3628bda1690093b261dbca43f4	yes	0.074461	exact		yes	0.074782	exact	
load_balancer_pb_3_pe_.ltl	8d07a908145a9931fbd4e295b71d26e94ff431c8d9dcd2e9e295a48646df38c2	yes	0.077548	exact		yes	0.078525	exact	
load_balancer_pb_4_pe_.ltl	d8aa37ec4c2c34d3e650407410e6d3ebf3024c5799c03e4776097617322f1524	yes	0.083223	exact		yes	0.086012	exact	
load_balancer_pb_5_pe_.ltl	ceb644e94f5285bbee911661c1bd3ca86b8ee4bcdcde9a9735fa934e5e4c0916	yes	0.085058	exact		yes	0.085840	exact	
load_balancer_pb_6_pe_.ltl	c35e9239722f353d3000f44cbedbfa7e05ec53f7d9178962ac4df63752a30955	yes	0.091263	exact		yes	0.091356	exact	
load_balancer_pb_7_pe_.ltl	71cfbd4e0dc74f812a31678729f4d4729b789ac288938892d351f985fd05d935	yes	0.098322	exact		yes	0.099546	exact	
load_balancer_pb_8_pe_.ltl	43eb7b6ab8568907d153cdba3d73db3f71923cca3c6f3b52b79dff84eb858453	yes	0.109539	exact		yes	0.102770	exact	
load_balancer_pb_9_pe_.ltl	fc7021b44759e083eb7cde8f67746a37fe1afb7f6d3732c91f0d5db9fffef2a9	yes	0.111992	exact		yes	0.119814	exact	
load_balancer_unreal1_pb_2_10_pe_.ltl	2c3a8fd83b5576aaf152576f35744c64353c933c8e0bf0f52e952027caa4d1cb	no	0.860313		exact:budget_exhausted;strict:budget_exhausted	no	1.010897		exact:budget_exhausted;strict:budget_exhausted
load_balancer_unreal1_pb_2_11_pe_.ltl	cfe9e162e2f5f6905c57db8929e1ecc1a5ad57660c22a8372e5f6e2ab0f2546c	no	0.863589		exact:budget_exhausted;strict:budget_exhausted	no	1.014310		exact:budget_exhausted;strict:budget_exhausted
load_balancer_unreal1_pb_2_12_pe_.ltl	09c772fd311465cd42c10c8156c303a8336ee8d344b5fe8fa41171d5ff4f27de	no	0.860463		exact:budget_exhausted;strict:budget_exhausted	no	1.010958		exact:budget_exhausted;strict:budget_exhausted
load_balancer_unreal1_pb_2_13_pe_.ltl	25de81ee615d2fe968f80a1c3aa743e9e7cd385a66d44e3313165d9f6fba26e1	no	0.858218		exact:budget_exhausted;strict:budget_exhausted	no	1.009523		exact:budget_exhausted;strict:budget_exhausted
load_balancer_unreal1_pb_2_14_pe_.ltl	1a39f04f2ccc154604dea44148e074968e0c338be21d6c554de4f2e93b666cc1	no	0.858534		exact:budget_exhausted;strict:budget_exhausted	no	1.007836		exact:budget_exhausted;strict:budget_exhausted
load_balancer_unreal1_pb_2_15_pe_.ltl	80595ada7fe18dbf75696741327c21918a03af655f4e748743163f042c367ccc	no	0.857057		exact:budget_exhausted;strict:budget_exhausted	no	1.007587		exact:budget_exhausted;strict:budget_exhausted
load_balancer_unreal1_pb_2_16_pe_.ltl	8bf15af5db1bddeee59c077169026e192b38bfd0c303aac3298d37b4fbda6381	no	0.856132		exact:budget_exhausted;strict:budget_exhausted	no	1.006212		exact:budget_exhausted;strict:budget_exhausted
load_balancer_unreal1_pb_2_1_pe_.ltl	ff4745569bfc638d7ea14b732725beab30c28a9c871e9c77a536f48925012cee	yes	0.075936	exact		yes	0.075433	exact	
load_balancer_unreal1_pb_2_2_pe_.ltl	9eeef0714796af49a8e27bdda3da84b5a0dc0e465cb15f14623501159651f196	yes	0.075971	exact		yes	0.077015	exact	
load_balancer_unreal1_pb_2_3_pe_.ltl	f8ebc69d3bd4b27dbbc5c2d1616fea62fa8dd22b0669ef6657ce7243593cf275	yes	0.077684	exact		yes	0.086567	exact	
load_balancer_unreal1_pb_2_4_pe_.ltl	852f964265aef5daa68fc3568d91721a0ee0b65db494925f06860a25c7fd22c2	yes	0.083487	exact		yes	0.080925	exact	
load_balancer_unreal1_pb_2_5_pe_.ltl	e06d675388fdbafb5271c7013567036266bc386ab7070869c3c663e6c3213ab8	yes	0.088954	exact		yes	0.084206	exact	
load_balancer_unreal1_pb_2_6_pe_.ltl	ec3d78d3413f0e8514299ba2c26ad688b43fc8d3abcba8ba0f47f67f0c38fb26	yes	0.097554	exact		yes	0.096024	exact	
load_balancer_unreal1_pb_2_7_pe_.ltl	88943e614659d1e461306f569e1d745db4ffe54cdbc9962599a7a89eb9353b83	yes	0.128719	exact		yes	0.129113	exact	
load_balancer_unreal1_pb_2_8_pe_.ltl	ea60c12854833aa4c301c3038c3c6d27b0ad88078606f782c8203340c608a8c3	yes	0.219252	exact		yes	0.221583	exact	
load_balancer_unreal1_pb_2_9_pe_.ltl	6fb5c089658dc0f44e6cafbd705335eb9c79f2ed549688e7826385a889e528b5	yes	0.511308	exact		yes	0.513942	exact	
load_balancer_unreal1_pb_3_10_pe_.ltl	1f615de00fb7d63fed7be84bdbf3cffcf781f76a47b37b63af7fa9a40186442a	no	0.859678		exact:budget_exhausted;strict:budget_exhausted	no	1.012030		exact:budget_exhausted;strict:budget_exhausted
load_balancer_unreal1_pb_3_11_pe_.ltl	c69787e8248735fa52ea9144552d40e1dda925027d73b98feab24c2cddd433b0	no	0.862563		exact:budget_exhausted;strict:budget_exhausted	no	1.013557		exact:budget_exhausted;strict:budget_exhausted
load_balancer_unreal1_pb_3_12_pe_.ltl	12a96c1bd4391930d564986bc62cfc5ac09636e7cdc166392fc008b10635ab1d	no	0.860260		exact:budget_exhausted;strict:budget_exhausted	no	1.010802		exact:budget_exhausted;strict:budget_exhausted
load_balancer_unreal1_pb_3_1_pe_.ltl	dbd1c6db2503ac009f63b4a5ac8de71a93c0729c8fc0be19678fe984e77b9660	yes	0.085221	exact		yes	0.087554	exact	
load_balancer_unreal1_pb_3_2_pe_.ltl	f659e2c06d5d8993abef91a7996806381d87e05498ed74f1bfa8b0a1595084b0	yes	0.087023	exact		yes	0.083394	exact	
load_balancer_unreal1_pb_3_3_pe_.ltl	efc6cab140fc3aa80115209a61f4f6a8103cc8c8c4970ce44fe75575a183803e	yes	0.088973	exact		yes	0.091080	exact	
load_balancer_unreal1_pb_3_4_pe_.ltl	bf5518ec73ff2059d5614f2f35ec867913e9d4e69333ee49fce692efc5534075	yes	0.102284	exact		yes	0.103062	exact	
load_balancer_unreal1_pb_3_5_pe_.ltl	61203fab3f2500951868fb2fd9395a6eaeafe1e3df199d48273cce346932e146	yes	0.123600	exact		yes	0.116180	exact	
load_balancer_unreal1_pb_3_6_pe_.ltl	7c951aa9bd702e125a7c5d070254d61eb720c6ad25e4f8cd50c67bcff0629e0a	yes	0.166766	exact		yes	0.167118	exact	
load_balancer_unreal1_pb_3_7_pe_.ltl	d85fafaf6185ef58105113879c8e7afe151480961e3274555f6d7a80b7fa2057	yes	0.281161	exact		yes	0.264128	exact	
load_balancer_unreal1_pb_3_8_pe_.ltl	57e9b6a6ac33e4f32ce407dfce708e24ad8da5c62a3dd204d0eaf4d776a81243	yes	0.557332	exact		yes	0.591894	exact	
load_balancer_unreal1_pb_3_9_pe_.ltl	25f0c7d5295a6996f27714bccd7318fb1a2ba07c06c384bd6fdd29d79f597e2e	no	0.857590		exact:budget_exhausted;strict:budget_exhausted	no	1.007608		exact:budget_exhausted;strict:budget_exhausted
load_balancer_unreal1_pb_4_10_pe_.ltl	5af8aa28741f4e9eb8c0dffae2f4d4e2fcb0379dac121b63d94328b71028e1ef	no	0.862866		exact:budget_exhausted;strict:budget_exhausted	no	1.011490		exact:budget_exhausted;strict:budget_exhausted
load_balancer_unreal1_pb_4_11_pe_.ltl	4065f773103e90fd8f10a6abe365f5fce96192bbf90273711dd4d3bd84c3074d	no	0.862951		exact:budget_exhausted;strict:budget_exhausted	no	1.014122		exact:budget_exhausted;strict:budget_exhausted
load_balancer_unreal1_pb_4_12_pe_.ltl	8822bd670e8a30a9424647d8c7dcea7bc17d9c64c4419125757b4c046e66502a	no	0.860598		exact:budget_exhausted;strict:budget_exhausted	no	1.012056		exact:budget_exhausted;strict:budget_exhausted
load_balancer_unreal1_pb_4_1_pe_.ltl	0646b0f691bd6fc9a505b535323e2a3af563b26350861063dc86c5651a058d9b	yes	0.094335	exact		yes	0.096865	exact	
load_balancer_unreal1_pb_4_2_pe_.ltl	2944c8182a2f1aae478c76a3dbbb01d28bf5e06c54077c31e758b2b6ea14318d	yes	0.103676	exact		yes	0.104047	exact	
load_balancer_unreal1_pb_4_3_pe_.ltl	6aefc0204aee96e00ad276b91eab215a8fbe064ae296346f1ffaac62503b703b	yes	0.107882	exact		yes	0.112652	exact	
load_balancer_unreal1_pb_4_4_pe_.ltl	fc6c71c5a03b42815fb062958f2467eb229726d6740c31f8091b337d7224f009	yes	0.131167	exact		yes	0.135390	exact	
load_balancer_unreal1_pb_4_5_pe_.ltl	507604c03302f159a150b57f8068b8e958bb29906e827230ea5495c56a2724a4	yes	0.186497	exact		yes	0.185620	exact	
load_balancer_unreal1_pb_4_6_pe_.ltl	8634fc47c1b4a77f7c7b2caea1ee2865c1396c0b1c4ecabc940b32d7744c71ee	yes	0.297743	exact		yes	0.294547	exact	
load_balancer_unreal1_pb_4_7_pe_.ltl	db19a235f6e22bba1edd51c991cdf2e78abc2e03ac8f076ee14d0174c785210e	yes	0.547687	exact		yes	0.561995	exact	
load_balancer_unreal1_pb_4_8_pe_.ltl	fa161ccbc4c7f6a4174212ca0120f434e2b891aa5206dcaf2a8a80c6ac5e76bf	no	0.854606		exact:budget_exhausted;strict:budget_exhausted	no	1.004859		exact:budget_exhausted;strict:budget_exhausted
load_balancer_unreal1_pb_4_9_pe_.ltl	b320ff3f82258e9fe6622a285e0d3fcd10361d586b665f1847daff969de1047a	no	0.858283		exact:budget_exhausted;strict:budget_exhausted	no	1.007280		exact:budget_exhausted;strict:budget_exhausted
load_balancer_unreal1_pb_5_2_pe_.ltl	becf028110612a760346e3b4ffb2f2886618628579424de6d2e3eef168c22a28	yes	0.120617	exact		yes	0.122308	exact	
load_balancer_unreal1_pb_5_3_pe_.ltl	5a77ff3b0eb5e9d25c940381ede457738395fe9cf8b5dd46bdbfea7b05c7a1de	yes	0.145939	exact		yes	0.142911	exact	
load_balancer_unreal1_pb_5_4_pe_.ltl	4b2b6910daef9934e9938498507d2c5db5b9f28c2f7b14b98a9dcb817ab7661f	yes	0.191705	exact		yes	0.188020	exact	
load_balancer_unreal1_pb_5_5_pe_.ltl	d298fd1107eb1d3338fbd5e0a9255001120783b1a15c9ee5036c3c1380c5f445	yes	0.294628	exact		yes	0.283790	exact	
load_balancer_unreal1_pb_5_6_pe_.ltl	ecd6ab79a5842434eaf1bd5bc919cca62a3b420edee44347663b10fb78635970	yes	0.520860	exact		yes	0.525100	exact	
load_balancer_unreal1_pb_5_7_pe_.ltl	3f037de4d03300c2fa1125f14777c541c8737bca3863f60826029b7b7b31972f	no	0.854267		exact:budget_exhausted;strict:budget_exhausted	no	1.004398		exact:budget_exhausted;strict:budget_exhausted
load_balancer_unreal1_pb_6_1_pe_.ltl	e669ae08b5dc49f237134e01c9cd04a874d8566ad2b4a3eb4f7e21752b6a6494	yes	0.133616	exact		yes	0.135948	exact	
load_balancer_unreal1_pb_6_2_pe_.ltl	165e1ecd9b8ecbed9afa1cf3ee9dfbb63d358fc7180724bd4eb6dc0f31e5da82	yes	0.152978	exact		yes	0.159880	exact	
load_balancer_unreal1_pb_6_3_pe_.ltl	d5091adf6c4d31c1c8abc06ce493b2fe8ee7f264c9ff6242c68c293b9d79a8f0	yes	0.195393	exact		yes	0.196757	exact	
load_balancer_unreal1_pb_6_4_pe_.ltl	cd5b0b91e76d65c427e0105f43a3acb1725a5adc27451709970daa1112ce78e7	yes	0.286046	exact		yes	0.286174	exact	
load_balancer_unreal1_pb_6_5_pe_.ltl	5c633fc7627dc2b2ea044a81f4823e87d8158d77861db2c8bd86467d7bdcd49f	yes	0.454426	exact		yes	0.466297	exact	
load_balancer_unreal2_pb_2_pe_.ltl	47bd4c9b5fa7e7f426e021390c2cbd362969f1deaf3b0c2709af1728c7ddbf23	yes	0.080378	exact		yes	0.080530	exact	
load_balancer_unreal2_pb_3_pe_.ltl	c84d1c60d9048143e82f668eb775a0678aa11f86575587e222f49bc4d2832730	yes	0.088596	exact		yes	0.088892	exact	
load_balancer_unreal2_pb_4_pe_.ltl	dd22d36914760e21aa76043954fb2d173098df4caaa40f09fa13d7557ec5738e	yes	0.098359	exact		yes	0.101189	exact	
load_balancer_unreal2_pb_5_pe_.ltl	d83e8c628a685a6650023d03ac716bea5beddbe14236849ab1db8f7f38193872	yes	0.116185	exact		yes	0.118562	exact	
load_balancer_unreal2_pb_6_pe_.ltl	d94e812b21934ac9134e9b9328318da7d30cc8e3574c45cf9f8f53e7b5a6813c	yes	0.149287	exact		yes	0.143507	exact	
load_balancer_unreal2_pb_7_pe_.ltl	dbcc725f07ab75840444e64f5aa7e351b4e28c28bd109e3ec11e999a2fb51319	yes	0.183491	exact		yes	0.183652	exact	
load_balancer_unreal2_pb_8_pe_.ltl	6155a2adfc15832d844aa61da6d107b4293e555b115bba57208e3a93c104701f	yes	0.231876	exact		yes	0.234553	exact	
ltl2dba01.ltl	3fd31c44ccdaeeefe8197d0e6ed5f9609bc60ccaec228cb333b93f06396f23a9	no	0.130642		exact:unsupported_or_failed;strict:unsupported_or_failed	no	0.130909		exact:unsupported_or_failed;strict:unsupported_or_failed
ltl2dba02.ltl	b947f2315e9d4969b796614787b172081283265c685455fb6939686f9ed56d9a	no	0.143016		exact:unsupported_or_failed;strict:unsupported_or_failed	no	0.146310		exact:unsupported_or_failed;strict:unsupported_or_failed
ltl2dba03.ltl	adeaa9a7e44e6c57a3ae2c0e45c8b616e17c1617a0d99f8de095b0cbc5b82cf2	no	0.130772		exact:unsupported_or_failed;strict:unsupported_or_failed	no	0.134816		exact:unsupported_or_failed;strict:unsupported_or_failed
ltl2dba04.ltl	a1f5213f7fc800f50ee1a47eb01ff04af825404d8a9f2d4b23d5244dbd207f76	no	0.131357		exact:unsupported_or_failed;strict:unsupported_or_failed	no	0.131679		exact:unsupported_or_failed;strict:unsupported_or_failed
ltl2dba05.ltl	79aebb100478e1329f010d21a0b4e40851300ac32f947267d20fb50ca619df5f	no	0.138514		exact:unsupported_or_failed;strict:unsupported_or_failed	no	0.137193		exact:unsupported_or_failed;strict:unsupported_or_failed
ltl2dba06.ltl	32ed6f2902f9ce7695c45ec88b3cff17717f59291f80fad541c2c98c774887bb	no	0.134372		exact:unsupported_or_failed;strict:unsupported_or_failed	no	0.134528		exact:unsupported_or_failed;strict:unsupported_or_failed
ltl2dba07.ltl	251baa87bea8b21b7e799ae8aa7c7466500494bd8a792b4b133c947a8ee460f1	no	0.225645		exact:unsupported_or_failed;strict:unsupported_or_failed	no	0.224652		exact:unsupported_or_failed;strict:unsupported_or_failed
ltl2dba08.ltl	f8b3479450275bee107373d44674c7043cbcaee70ce0fc50c0329b62c99d4c73	no	0.853648		exact:budget_exhausted;strict:budget_exhausted	no	1.003608		exact:unsupported_or_failed;strict:budget_exhausted
ltl2dba09.ltl	3f2a54ed15b712c516b39a2f6edeeb05f6190793485f7197bffccbe49eb87ea4	no	0.134427		exact:unsupported_or_failed;strict:unsupported_or_failed	no	0.136647		exact:unsupported_or_failed;strict:unsupported_or_failed
ltl2dba10.ltl	96a0fd615a924fb95e1230931d05076599f84a899c11330a468640693c864ea9	no	0.129007		exact:unsupported_or_failed;strict:unsupported_or_failed	no	0.128392		exact:unsupported_or_failed;strict:unsupported_or_failed
ltl2dba11.ltl	016334df9f4fdb5d73ef8062801a0d7aa2df29b1a83c9f2c11149adad7edf44a	no	0.130072		exact:unsupported_or_failed;strict:unsupported_or_failed	no	0.128952		exact:unsupported_or_failed;strict:unsupported_or_failed
ltl2dba12.ltl	8ce0d2e9c395e0d97668e452b82d426707351717c3f18be8461eb9e530e135f1	no	0.130773		exact:unsupported_or_failed;strict:unsupported_or_failed	no	0.128586		exact:unsupported_or_failed;strict:unsupported_or_failed
ltl2dba13.ltl	ad5a95d3f7d4eedefbc6e421f8df885d0c383260b5ed3142ae46e3ef404e88ad	no	0.134219		exact:unsupported_or_failed;strict:unsupported_or_failed	no	0.135076		exact:unsupported_or_failed;strict:unsupported_or_failed
ltl2dba14.ltl	66c42d5d8d4cee9888ee5a6a6488536668b43607e84cdff23d5e086e2666ce4f	no	0.132697		exact:unsupported_or_failed;strict:unsupported_or_failed	no	0.144215		exact:unsupported_or_failed;strict:unsupported_or_failed
ltl2dba15.ltl	8bc76a3db586c69f3cf8b701ccba0449272af0a889b27b2f14ae68229ab47d3f	no	0.130601		exact:unsupported_or_failed;strict:unsupported_or_failed	no	0.129721		exact:unsupported_or_failed;strict:unsupported_or_failed
ltl2dba16.ltl	093b3a61e6097455e8261183f68d62f079ac022932ec74b39d4db56c43df91df	no	0.132958		exact:unsupported_or_failed;strict:unsupported_or_failed	no	0.130275		exact:unsupported_or_failed;strict:unsupported_or_failed
ltl2dba17.ltl	2d0b73fb88a890c1f425d308c14aa8398ab4fd76f928c16471c95e4acd36b74a	no	0.140695		exact:unsupported_or_failed;strict:unsupported_or_failed	no	0.138161		exact:unsupported_or_failed;strict:unsupported_or_failed
ltl2dba18.ltl	0f8f19335d52346dd8671eafb8ed1a04f923149043bbc6948d4c0e5fe966c794	no	0.140112		exact:unsupported_or_failed;strict:unsupported_or_failed	no	0.138237		exact:unsupported_or_failed;strict:unsupported_or_failed
ltl2dba19.ltl	e8bac31477a1d75f570ec71b248f5d6d2efac6be151f010ba59f31ee38610d1a	no	0.124783		exact:unsupported_or_failed;strict:unsupported_or_failed	no	0.125532		exact:unsupported_or_failed;strict:unsupported_or_failed
ltl2dba20.ltl	4ad61a741f0be6073834d63f5b3b29f3a2db173cf61515bb3b0506a760f4c516	no	0.138247		exact:unsupported_or_failed;strict:unsupported_or_failed	no	0.138558		exact:unsupported_or_failed;strict:unsupported_or_failed
ltl2dba21.ltl	f55ae334352a1193b194820a6bf51193088877da2d6568dfa70ff5bc5c943359	no	0.215073		exact:unsupported_or_failed;strict:unsupported_or_failed	no	0.213715		exact:unsupported_or_failed;strict:unsupported_or_failed
ltl2dba22.ltl	a3fd44b64f07b2a0c429776d36f2d4db05b84fb8e88714bb6b23ef24c2f34ac3	no	0.126985		exact:unsupported_or_failed;strict:unsupported_or_failed	no	0.125784		exact:unsupported_or_failed;strict:unsupported_or_failed
ltl2dba23.ltl	075c699c5e0085797fc24976e794de4472e152039717af62ba29fce28e6fb701	no	0.129445		exact:unsupported_or_failed;strict:unsupported_or_failed	no	0.128217		exact:unsupported_or_failed;strict:unsupported_or_failed
ltl2dba25.ltl	51d3464430683fefa808518994557559fe798ba4d3d96387e4ceb99fc3d76cf7	no	0.132627		exact:unsupported_or_failed;strict:unsupported_or_failed	no	0.132389		exact:unsupported_or_failed;strict:unsupported_or_failed
ltl2dba26.ltl	fc56ba804b7c11140ab4a71e422136e62604a8f66c998bfe5340f9ebac6f9185	no	0.131904		exact:unsupported_or_failed;strict:unsupported_or_failed	no	0.131373		exact:unsupported_or_failed;strict:unsupported_or_failed
ltl2dba27.ltl	8899aa72b2ab7df460d7575f9126734cf283bae9de1009c7cf9fd77b32047930	no	0.128026		exact:unsupported_or_failed;strict:unsupported_or_failed	no	0.130677		exact:unsupported_or_failed;strict:unsupported_or_failed
ltl2dba_C2_pb_100_pe_.ltl	9303f3850e0e739367e12c636cecfd883dc0d02e88c47f001bfdac97cea45a14	no	0.131572		exact:unsupported_or_failed;strict:unsupported_or_failed	no	0.131906		exact:unsupported_or_failed;strict:unsupported_or_failed
ltl2dba_C2_pb_10_pe_.ltl	58aa0350d1a8a6ed62c3f7b76c938edaaade045183ff020974e85a64a914ed18	no	0.853871		exact:budget_exhausted;strict:budget_exhausted	no	1.004268		exact:budget_exhausted;strict:budget_exhausted
ltl2dba_C2_pb_12_pe_.ltl	cffb63892b5e6c86c11a414b05ced3c57c48933a657f28276475a631e35e3b09	no	0.854396		exact:budget_exhausted;strict:budget_exhausted	no	1.004609		exact:budget_exhausted;strict:budget_exhausted
ltl2dba_C2_pb_14_pe_.ltl	e46946a8478dc7ac219256c3ca19334cab98959d220db3ae57a8a9ff1a46958d	no	0.854137		exact:budget_exhausted;strict:budget_exhausted	no	1.003620		exact:budget_exhausted;strict:budget_exhausted
ltl2dba_C2_pb_16_pe_.ltl	cf1a4a7ebf0a11d8f7a7f2c25f4d37023908c9046c261e370be33bebd176b9c8	no	0.855517		exact:budget_exhausted;strict:budget_exhausted	no	1.004749		exact:budget_exhausted;strict:budget_exhausted
ltl2dba_C2_pb_1_pe_.ltl	3ae2f13175661fa70ce3fe53f0c5cab4a4cdc7bc3d60849e97956e5b315a1921	no	0.134283		exact:unsupported_or_failed;strict:unsupported_or_failed	no	0.132010		exact:unsupported_or_failed;strict:unsupported_or_failed
ltl2dba_C2_pb_25_pe_.ltl	1fcc5fdfbeb71ceb807aeff554d1dc2dd857dad225612db4bc8da63ecd4f160f	no	0.855722		exact:budget_exhausted;strict:budget_exhausted	no	1.005902		exact:budget_exhausted;strict:budget_exhausted
ltl2dba_C2_pb_2_pe_.ltl	ae5cb2fd97ec40029590bf6cfd3da9d97b017e3c7d7810613724024e2560bb3d	no	0.144813		exact:unsupported_or_failed;strict:unsupported_or_failed	no	0.143205		exact:unsupported_or_failed;strict:unsupported_or_failed
ltl2dba_C2_pb_3_pe_.ltl	d30f34deca9b69be3e225e9b892aea874369cdfa724c78908d5a2e9a06b64c24	no	0.163045		exact:unsupported_or_failed;strict:unsupported_or_failed	no	0.162622		exact:unsupported_or_failed;strict:unsupported_or_failed
ltl2dba_C2_pb_4_pe_.ltl	3dadcee6552599d690aaa5b332f99f66a9fa46c2469292dcc67240d698b6d179	no	0.315161		exact:unsupported_or_failed;strict:unsupported_or_failed	no	0.310086		exact:unsupported_or_failed;strict:unsupported_or_failed
ltl2dba_C2_pb_50_pe_.ltl	230e2f3804d71e705d81faf4788432aa0b57002839f999ea8fd91fd5bc6ae02e	no	0.140270		exact:unsupported_or_failed;strict:unsupported_or_failed	no	0.157006		exact:unsupported_or_failed;strict:unsupported_or_failed
ltl2dba_C2_pb_5_pe_.ltl	08b35c02105cd2cd1478e16e9ed36be72746b1a5b2269b8968bfd343234f7a73	no	0.858696		exact:budget_exhausted;strict:budget_exhausted	no	1.003686		exact:unsupported_or_failed;strict:budget_exhausted
ltl2dba_C2_pb_60_pe_.ltl	131c24dbd8a93cc1c9b9ab032d3f5bbe2075b5939fd02f46c471c9d92820d3b2	no	0.145860		exact:unsupported_or_failed;strict:unsupported_or_failed	no	0.145572		exact:unsupported_or_failed;strict:unsupported_or_failed
ltl2dba_C2_pb_6_pe_.ltl	bb5d56342c9e4971f44ed4a809f1390fc9c0092b30e9d1654a5976deb380f094	no	0.857725		exact:budget_exhausted;strict:budget_exhausted	no	1.009370		exact:budget_exhausted;strict:budget_exhausted
ltl2dba_C2_pb_70_pe_.ltl	c595176577a45dd92beb1b0e2012ee2cfedc503193e15f83ef072a5e83ea5d87	no	0.141094		exact:unsupported_or_failed;strict:unsupported_or_failed	no	0.139561		exact:unsupported_or_failed;strict:unsupported_or_failed
ltl2dba_C2_pb_7_pe_.ltl	a7c098b2b36e19e749afeffed87efaf3aa64805056f4166d7ae57dd11bc85a8f	no	0.854795		exact:budget_exhausted;strict:budget_exhausted	no	1.006641		exact:budget_exhausted;strict:budget_exhausted
ltl2dba_C2_pb_80_pe_.ltl	48596e55e2597e5ad76d4011911369f268d3d64b604424197051d8f3bb89e26b	no	0.140596		exact:unsupported_or_failed;strict:unsupported_or_failed	no	0.140604		exact:unsupported_or_failed;strict:unsupported_or_failed
ltl2dba_C2_pb_8_pe_.ltl	85e2bca86c4f330c0d9120aaf933a034c976c591030b99f6b3dee032fe3939c5	no	0.854394		exact:budget_exhausted;strict:budget_exhausted	no	1.004709		exact:budget_exhausted;strict:budget_exhausted
ltl2dba_C2_pb_9_pe_.ltl	aefd58d5cc4fc54fd5b557cae800e8044bb3f556b2831d8fdcf62f49621b6b04	no	0.854898		exact:budget_exhausted;strict:budget_exhausted	no	1.005379		exact:budget_exhausted;strict:budget_exhausted
ltl2dba_C2_unreal_pb_100_pe_.ltl	fb086d4c4bd8269d4971aa63f31961ae95fc5554268b3b6236d88f073a3e355b	no	0.243407		exact:unsupported_or_failed;strict:unsupported_or_failed	no	0.242653		exact:unsupported_or_failed;strict:unsupported_or_failed
ltl2dba_C2_unreal_pb_10_pe_.ltl	4316eb3ca363996c8d641ca033a0b9a42089a8e2899bc954d18b9d034d4a881c	no	0.853000		exact:budget_exhausted;strict:budget_exhausted	no	1.003732		exact:budget_exhausted;strict:budget_exhausted
ltl2dba_C2_unreal_pb_11_pe_.ltl	8a958bc3b406d482c01229dc0f11bdf1c59da82f1d070f14337cd6908790bbe1	no	0.853586		exact:budget_exhausted;strict:budget_exhausted	no	1.003365		exact:budget_exhausted;strict:budget_exhausted
ltl2dba_C2_unreal_pb_12_pe_.ltl	c0725775d92800bc9c4bdaf4124e1e8b4092b3d2c2bda702414deb15e47ab85c	no	0.853793		exact:budget_exhausted;strict:budget_exhausted	no	1.003831		exact:budget_exhausted;strict:budget_exhausted
ltl2dba_C2_unreal_pb_13_pe_.ltl	931e50e31a00324fc383f3e2affc59c81c204493db34b6fb475e3e56cabd0218	no	0.853965		exact:budget_exhausted;strict:budget_exhausted	no	1.004115		exact:budget_exhausted;strict:budget_exhausted
ltl2dba_C2_unreal_pb_14_pe_.ltl	c9a3701ca80e1ddf560bc9ed23adceec9ff27904e8dab88f382b61cb752ae1b9	no	0.853507		exact:budget_exhausted;strict:budget_exhausted	no	1.003912		exact:budget_exhausted;strict:budget_exhausted
ltl2dba_C2_unreal_pb_15_pe_.ltl	0850ddb1f627bcdd7831cb96d38832cfa7b15d344a8d206524a9ea37d33ec81b	no	0.853776		exact:budget_exhausted;strict:budget_exhausted	no	1.004563		exact:budget_exhausted;strict:budget_exhausted
ltl2dba_C2_unreal_pb_16_pe_.ltl	8f1eaefc43417987ed946c1724fa68416d9e01feea21b7364dd7ffa17356be6a	no	0.854354		exact:budget_exhausted;strict:budget_exhausted	no	1.004576		exact:budget_exhausted;strict:budget_exhausted
ltl2dba_C2_unreal_pb_25_pe_.ltl	345e52fe829b14434cb200c07c50e37fb4618a3a247bc3987b9af6580eb0c178	no	0.855925		exact:budget_exhausted;strict:budget_exhausted	no	1.005931		exact:budget_exhausted;strict:budget_exhausted
ltl2dba_C2_unreal_pb_2_pe_.ltl	705411d6d8e4e1899f761121f3f0acdf10ba7c0bcfe6bf5ecd2c45cd65268c21	no	0.141146		exact:unsupported_or_failed;strict:unsupported_or_failed	no	0.141257		exact:unsupported_or_failed;strict:unsupported_or_failed
ltl2dba_C2_unreal_pb_3_pe_.ltl	d42489f7080b85867fcb0c2ba03f7e9bc9d1dd715b071f946421d5a2ad780777	no	0.164823		exact:unsupported_or_failed;strict:unsupported_or_failed	no	0.162553		exact:unsupported_or_failed;strict:unsupported_or_failed
ltl2dba_C2_unreal_pb_4_pe_.ltl	c955c5ca1625686833bd56ed9940754b1ccb1e9ff87893a046f3c6d1d14d47c5	no	0.314090		exact:unsupported_or_failed;strict:unsupported_or_failed	no	0.319357		exact:unsupported_or_failed;strict:unsupported_or_failed
ltl2dba_C2_unreal_pb_50_pe_.ltl	bac34ec25f5d843c91541cf7c2aaff7da6b8b3b6891e52b2e16181da9d2515a5	no	0.167595		exact:unsupported_or_failed;strict:unsupported_or_failed	no	0.167042		exact:unsupported_or_failed;strict:unsupported_or_failed
ltl2dba_C2_unreal_pb_5_pe_.ltl	f135ecc438dc4aefdd7db221f2a45d629fc1a8a3ab02291032a657de95861493	no	0.858089		exact:budget_exhausted;strict:budget_exhausted	no	1.003370		exact:unsupported_or_failed;strict:budget_exhausted
ltl2dba_C2_unreal_pb_60_pe_.ltl	b24a9eefc761d34284c5ab2d9e3b96c0ee55c0f68adc9b2c309ef21ca8dae9a1	no	0.175650		exact:unsupported_or_failed;strict:unsupported_or_failed	no	0.178806		exact:unsupported_or_failed;strict:unsupported_or_failed
ltl2dba_C2_unreal_pb_6_pe_.ltl	4453395ce8559df13f3efbb57a8d62e1730f465a2b2f693f4128951afac3f210	no	0.859542		exact:budget_exhausted;strict:budget_exhausted	no	1.011243		exact:budget_exhausted;strict:budget_exhausted
ltl2dba_C2_unreal_pb_70_pe_.ltl	fffe2ab47545585146fc918fcb3f3cbec41851e07024189c9b7d57dcfb15fa9f	no	0.192672		exact:unsupported_or_failed;strict:unsupported_or_failed	no	0.195427		exact:unsupported_or_failed;strict:unsupported_or_failed
ltl2dba_C2_unreal_pb_7_pe_.ltl	144d1516fdfab806f5f7584b12f6d1f66e17b0840af572dbcf0f51e646d14850	no	0.854982		exact:budget_exhausted;strict:budget_exhausted	no	1.006347		exact:budget_exhausted;strict:budget_exhausted
ltl2dba_C2_unreal_pb_80_pe_.ltl	d934fb80df564914e17ef1edbe5b0ff498ed2e77dad4a9d050b72824c90c3c8d	no	0.211616		exact:unsupported_or_failed;strict:unsupported_or_failed	no	0.211421		exact:unsupported_or_failed;strict:unsupported_or_failed
ltl2dba_C2_unreal_pb_8_pe_.ltl	a0ae3c6da5577ae9ece5745de96afa84bc04da08362c29e712ac7d86b445053e	no	0.854171		exact:budget_exhausted;strict:budget_exhausted	no	1.005217		exact:budget_exhausted;strict:budget_exhausted
ltl2dba_C2_unreal_pb_9_pe_.ltl	0c4d5ba291fdd68b6da44385a2e979a0b3a2d2449b2d1840e83139999d68c4a4	no	0.855202		exact:budget_exhausted;strict:budget_exhausted	no	1.005330		exact:budget_exhausted;strict:budget_exhausted
ltl2dba_E_pb_10_pe_.ltl	fa5d030da7850c535af3339f8357db46755ab2d3768e70e2a3de642584b0f3b2	no	0.863495		exact:budget_exhausted;strict:budget_exhausted	no	1.013508		exact:budget_exhausted;strict:budget_exhausted
ltl2dba_E_pb_12_pe_.ltl	8d094f9826e78c39d9ed39bb3ef55edd20b60b13a8e932195ffdcd562a09497e	no	0.855027		exact:budget_exhausted;strict:budget_exhausted	no	1.005202		exact:budget_exhausted;strict:budget_exhausted
ltl2dba_E_pb_14_pe_.ltl	1ee5b3f9ab6dce3783acd0288ef1b45bb93774cffbcc14ff57ab0e7921cbbf87	no	0.854643		exact:budget_exhausted;strict:budget_exhausted	no	1.003626		exact:budget_exhausted;strict:budget_exhausted
ltl2dba_E_pb_15_pe_.ltl	7d97199b3460bf76c1af040cc6732f250d3272ffdc2ac889662563acaf81bde4	no	0.855030		exact:budget_exhausted;strict:budget_exhausted	no	1.004912		exact:budget_exhausted;strict:budget_exhausted
ltl2dba_E_pb_16_pe_.ltl	edcb1f53168111af20156b9a811478489cbb0475d290167104a1610812924f46	no	0.855574		exact:budget_exhausted;strict:budget_exhausted	no	1.005785		exact:budget_exhausted;strict:budget_exhausted
ltl2dba_E_pb_1_pe_.ltl	e5001a063fa68c0ff52cdaf3d15df8bc0c2797102762b24f290cbd9317a93f88	no	0.139448		exact:unsupported_or_failed;strict:unsupported_or_failed	no	0.135570		exact:unsupported_or_failed;strict:unsupported_or_failed
ltl2dba_E_pb_2_pe_.ltl	0ac37af4e9bbc385dee2b6120330b37b971aa96cf7bd9a0f6ac97fce1efbc071	no	0.139359		exact:unsupported_or_failed;strict:unsupported_or_failed	no	0.138557		exact:unsupported_or_failed;strict:unsupported_or_failed
ltl2dba_E_pb_3_pe_.ltl	bcf1dcd579dac287ddc177853c32f62a4b3c10688a7516504d998ed9f47153e2	no	0.144653		exact:unsupported_or_failed;strict:unsupported_or_failed	no	0.144292		exact:unsupported_or_failed;strict:unsupported_or_failed
ltl2dba_E_pb_4_pe_.ltl	3553fd44bc2444392ee65a702e069e4c2e8ab92844afa74885dd0966a4942eaf	no	0.168337		exact:unsupported_or_failed;strict:unsupported_or_failed	no	0.169199		exact:unsupported_or_failed;strict:unsupported_or_failed
ltl2dba_E_pb_5_pe_.ltl	c6966430ae606d7fc1ce59b5861315265a0309f7938cfdb41e9012e8d0f68af2	no	0.288314		exact:unsupported_or_failed;strict:unsupported_or_failed	no	0.286917		exact:unsupported_or_failed;strict:unsupported_or_failed
ltl2dba_E_pb_6_pe_.ltl	5d7f635f07f8f11e2b8fff6f6d11a34be03bbc9dfc7452b00bf8a7ba689c183f	no	0.853826		exact:unsupported_or_failed;strict:budget_exhausted	no	1.006030		exact:unsupported_or_failed;strict:budget_exhausted
ltl2dba_E_pb_7_pe_.ltl	7e798db8b0eedeaa6880ace26bf4d4c3d93baf94b5cab856dfecfd222f216748	no	0.859836		exact:budget_exhausted;strict:budget_exhausted	no	1.010067		exact:budget_exhausted;strict:budget_exhausted
ltl2dba_E_pb_8_pe_.ltl	97f6ea53afd1ca08850192d72e7bbac13dc397129757427494a5061e11d327f4	no	0.859046		exact:budget_exhausted;strict:budget_exhausted	no	1.010797		exact:budget_exhausted;strict:budget_exhausted
ltl2dba_E_pb_9_pe_.ltl	7a51bb3c93f823bd662538d183c5d7cf0a1e095e820872e212c2aa362a4f3d70	no	0.857007		exact:budget_exhausted;strict:budget_exhausted	no	1.006360		exact:budget_exhausted;strict:budget_exhausted
ltl2dba_Q_pb_100_pe_.ltl	85f5f64d6e1248579262bf53bbc54bf08a6b7ef07685bf5b0079b4d0147ab569	no	0.147174		exact:unsupported_or_failed;strict:unsupported_or_failed	no	0.145352		exact:unsupported_or_failed;strict:unsupported_or_failed
ltl2dba_Q_pb_10_pe_.ltl	73bb5ea646b27aec2c17309999511e17de1112f8711181cdeff597bd99f093dd	no	0.873676		exact:budget_exhausted;strict:budget_exhausted	no	1.028413		exact:budget_exhausted;strict:budget_exhausted
ltl2dba_Q_pb_12_pe_.ltl	c3f166afba81c24a1c10f37233cb9b163adfb00901968cfb9f6fe5180ddfd8f6	no	0.853961		exact:budget_exhausted;strict:budget_exhausted	no	1.004697		exact:budget_exhausted;strict:budget_exhausted
ltl2dba_Q_pb_15_pe_.ltl	1a3abf06c5ffb5b9d06e28d3bb5c0721034056848536b515ce17c4ed10969326	no	0.854454		exact:budget_exhausted;strict:budget_exhausted	no	1.004935		exact:budget_exhausted;strict:budget_exhausted
ltl2dba_Q_pb_18_pe_.ltl	e42187701b3b111fc2541b9390e8d93a8bd084be5e4a0fb65c4564e406ca4ae3	no	0.858054		exact:budget_exhausted;strict:budget_exhausted	no	1.008936		exact:budget_exhausted;strict:budget_exhausted
ltl2dba_Q_pb_1_pe_.ltl	a749d7ba2e0bf043a1d7814ae8209ae517c1b2c73882b9d8722d46ecef6ac174	no	0.130675		exact:unsupported_or_failed;strict:unsupported_or_failed	no	0.130656		exact:unsupported_or_failed;strict:unsupported_or_failed
ltl2dba_Q_pb_25_pe_.ltl	5a7446f666932d16831fb6039d7bed115e5c0672d629af8ec132399e8350c2e5	no	0.857218		exact:budget_exhausted;strict:budget_exhausted	no	1.007487		exact:budget_exhausted;strict:budget_exhausted
ltl2dba_Q_pb_2_pe_.ltl	7b5d977fe2c56f44f94cec17e3886aee663cb619eab3cad1a7ea676b3ede3261	no	0.131988		exact:unsupported_or_failed;strict:unsupported_or_failed	no	0.134404		exact:unsupported_or_failed;strict:unsupported_or_failed
ltl2dba_Q_pb_3_pe_.ltl	00c59303ae799e9c37b4f73f2a7ad743049d24a985bd87c1c29c3bf6f43baa5e	no	0.150485		exact:unsupported_or_failed;strict:unsupported_or_failed	no	0.145800		exact:unsupported_or_failed;strict:unsupported_or_failed
ltl2dba_Q_pb_4_pe_.ltl	266ad3e77d6b7cc555b923fc4ee6df2ab0971c591f20ab18fdb181dbaa76a6e0	no	0.244821		exact:unsupported_or_failed;strict:unsupported_or_failed	no	0.237840		exact:unsupported_or_failed;strict:unsupported_or_failed
ltl2dba_Q_pb_50_pe_.ltl	8ffd95c5f09b84556f4a86198411bd1a798355c854ee17f344813114d9fb29e6	no	0.139001		exact:unsupported_or_failed;strict:unsupported_or_failed	no	0.133239		exact:unsupported_or_failed;strict:unsupported_or_failed
ltl2dba_Q_pb_5_pe_.ltl	34413ffd5afe7add54a063b89695c09ae07f336aef1ed4a5ae4f3e9889437bca	no	0.854463		exact:unsupported_or_failed;strict:budget_exhausted	no	1.004083		exact:unsupported_or_failed;strict:budget_exhausted
ltl2dba_Q_pb_6_pe_.ltl	ed48098a5adb1366d04e45e85fa63277c32b725e1c63a004be11fb6ba2946be2	no	0.860661		exact:budget_exhausted;strict:budget_exhausted	no	1.012045		exact:budget_exhausted;strict:budget_exhausted
ltl2dba_Q_pb_7_pe_.ltl	d17a39de9dcb3139be6ac61f86a2f3660f69697a386d110f74acf1018454af04	no	0.857240		exact:budget_exhausted;strict:budget_exhausted	no	1.008652		exact:budget_exhausted;strict:budget_exhausted
ltl2dba_Q_pb_8_pe_.ltl	d7cf655452c7b73b96777eb093da5cf088f771292069524e320d0ca7bb5e8518	no	0.861307		exact:budget_exhausted;strict:budget_exhausted	no	1.012567		exact:budget_exhausted;strict:budget_exhausted
ltl2dba_R_pb_10_pe_.ltl	19f6d12a5d1aa9080e1fffa16514b72181d3801c558a6d33ef65b4c9401bd345	no	0.853816		exact:budget_exhausted;strict:budget_exhausted	no	1.003997		exact:budget_exhausted;strict:budget_exhausted
ltl2dba_R_pb_11_pe_.ltl	5f7c493949a1c7664194fb696702d3a6e9f55a46def87bb82438c1092d0e7162	no	0.853792		exact:budget_exhausted;strict:budget_exhausted	no	1.004331		exact:budget_exhausted;strict:budget_exhausted
ltl2dba_R_pb_12_pe_.ltl	99ed5b9ac62e8fb2a7af83f6b46293c1480abfd98d9748c0dbebe0554624026c	no	0.854537		exact:budget_exhausted;strict:budget_exhausted	no	1.003130		exact:budget_exhausted;strict:budget_exhausted
ltl2dba_R_pb_14_pe_.ltl	153bc89bcd4ec6aa78e1479240fda159f9217ec1e094e00a0296a31b8ac99670	no	0.854364		exact:budget_exhausted;strict:budget_exhausted	no	1.003370		exact:budget_exhausted;strict:budget_exhausted
ltl2dba_R_pb_1_pe_.ltl	1ed90abf1ad4b413d453c50983398fd6ac8e0f6c883a14f7786ac5e513cf266d	no	0.133756		exact:unsupported_or_failed;strict:unsupported_or_failed	no	0.136224		exact:unsupported_or_failed;strict:unsupported_or_failed
ltl2dba_R_pb_2_pe_.ltl	f5b58cb52f64a8804adb06f9641e3129701f758205af7366b63affb479041267	no	0.152326		exact:unsupported_or_failed;strict:unsupported_or_failed	no	0.151093		exact:unsupported_or_failed;strict:unsupported_or_failed
ltl2dba_R_pb_3_pe_.ltl	373ceb9903a98821b56efa69348577fea7c40aaee701b1602cb5dee520d14724	no	0.854555		exact:unsupported_or_failed;strict:budget_exhausted	no	1.008010		exact:unsupported_or_failed;strict:budget_exhausted
ltl2dba_R_pb_4_pe_.ltl	ae5114b9805fab963205d949b94836f2079b0c9d289cc044f1dfa9e053d02621	no	0.862278		exact:budget_exhausted;strict:budget_exhausted	no	1.010369		exact:budget_exhausted;strict:budget_exhausted
ltl2dba_R_pb_5_pe_.ltl	0a23b148af92decc319419068e7eb95e7da1e4326b8977ca8c9b8fcde8c1a73a	no	0.854051		exact:budget_exhausted;strict:budget_exhausted	no	1.004109		exact:budget_exhausted;strict:budget_exhausted
ltl2dba_R_pb_6_pe_.ltl	c430305c08c0624d3e037d6205ee5f58f641b12a3230e440918d9ecdae3aebd8	no	0.853915		exact:budget_exhausted;strict:budget_exhausted	no	1.004274		exact:budget_exhausted;strict:budget_exhausted
ltl2dba_R_pb_7_pe_.ltl	4480f92e35a46c3af783579f320002704f2eee6d9da6fb33edd78904adc0e102	no	0.854452		exact:budget_exhausted;strict:budget_exhausted	no	1.003553		exact:budget_exhausted;strict:budget_exhausted
ltl2dba_R_pb_8_pe_.ltl	9e63fdc402300beadb1901442f7f803aa9bb5c3579084e802ac24a7a3e69c7b8	no	0.854023		exact:budget_exhausted;strict:budget_exhausted	no	1.003955		exact:budget_exhausted;strict:budget_exhausted
ltl2dba_U1_pb_100_pe_.ltl	4a802833d94e257a498bb395344a5b1bc6d0acb16bdc41c7878b1ea58e6eaa30	no	0.135375		exact:unsupported_or_failed;strict:unsupported_or_failed	no	0.132647		exact:unsupported_or_failed;strict:unsupported_or_failed
ltl2dba_U1_pb_10_pe_.ltl	a27c9c208cecf489241dd2911cd7e3d53dba9443a044806ea5fe4f9998ed31bb	no	0.858433		exact:budget_exhausted;strict:budget_exhausted	no	1.010136		exact:budget_exhausted;strict:budget_exhausted
ltl2dba_U1_pb_12_pe_.ltl	3d919891db7124567dba400c91691ea5ccbddfba537389b5fd2d3db3be24da1f	no	0.854333		exact:budget_exhausted;strict:budget_exhausted	no	1.004236		exact:budget_exhausted;strict:budget_exhausted
ltl2dba_U1_pb_15_pe_.ltl	b7e6d31ef41bd8ebf5137fcfb47e45676ab03f11541d2f98728627da59597f35	no	0.854744		exact:budget_exhausted;strict:budget_exhausted	no	1.004259		exact:budget_exhausted;strict:budget_exhausted
ltl2dba_U1_pb_18_pe_.ltl	b65f4953fadfe5c25a5d2217d5dc3a0e999c86d2631937cf4dc60813bfae445e	no	0.853095		exact:budget_exhausted;strict:budget_exhausted	no	1.004233		exact:budget_exhausted;strict:budget_exhausted
ltl2dba_U1_pb_1_pe_.ltl	a85530e506acec902f304b64056418ea28b035fb9d4c2429f2090b048be6d2b1	no	0.141725		exact:unsupported_or_failed;strict:unsupported_or_failed	no	0.139936		exact:unsupported_or_failed;strict:unsupported_or_failed
ltl2dba_U1_pb_25_pe_.ltl	e26395c79c8e61a36070f8ed41982694c18b5baaa46cdb1e50befcb36d16e075	no	0.854480		exact:budget_exhausted;strict:budget_exhausted	no	1.005190		exact:budget_exhausted;strict:budget_exhausted
ltl2dba_U1_pb_2_pe_.ltl	95bdde967a20fb02302c9ce828d767b1b83b4e7f101c08b81dd3b1dd1faeed4b	no	0.144300		exact:unsupported_or_failed;strict:unsupported_or_failed	no	0.138709		exact:unsupported_or_failed;strict:unsupported_or_failed
ltl2dba_U1_pb_3_pe_.ltl	dd1f439d13d306a79d5300db7dba98944622dc81f5b5fe02bab765daf8245bba	no	0.141960		exact:unsupported_or_failed;strict:unsupported_or_failed	no	0.146484		exact:unsupported_or_failed;strict:unsupported_or_failed
ltl2dba_U1_pb_4_pe_.ltl	632516dbab544365d8efb328787a8713d907f47dd95ea59ee3d209dcc997159c	no	0.158851		exact:unsupported_or_failed;strict:unsupported_or_failed	no	0.162266		exact:unsupported_or_failed;strict:unsupported_or_failed
ltl2dba_U1_pb_50_pe_.ltl	67c4eb4a6266d64a8e5e3029d1cf169ad16febf9c775513a405d8b58a5c8f9a9	no	0.854985		exact:budget_exhausted;strict:budget_exhausted	no	1.006370		exact:budget_exhausted;strict:budget_exhausted
ltl2dba_U1_pb_5_pe_.ltl	0ed56933995fd4be1e8eb44496eb67bc97c61b675be5d584b404a622cb23d2ad	no	0.259531		exact:unsupported_or_failed;strict:unsupported_or_failed	no	0.240773		exact:unsupported_or_failed;strict:unsupported_or_failed
ltl2dba_U1_pb_6_pe_.ltl	50c6782ab98a9e82846c9f69dcd962b783dc4b95a87f7a9d5c09774fa5e1a03d	no	0.855143		exact:unsupported_or_failed;strict:budget_exhausted	no	0.874022		exact:unsupported_or_failed;strict:unsupported_or_failed
ltl2dba_U1_pb_7_pe_.ltl	227a9a73335d64e0397a20f3116ebd0f4d4e9ca91180f8c41330053a5478ad5c	no	0.860945		exact:budget_exhausted;strict:budget_exhausted	no	1.009887		exact:budget_exhausted;strict:budget_exhausted
ltl2dba_U1_pb_8_pe_.ltl	2bb0a47de0efc266b81f4f167c53ebb818d3f436244ff33c7a44ec5d826fcd91	no	0.857157		exact:budget_exhausted;strict:budget_exhausted	no	1.006219		exact:budget_exhausted;strict:budget_exhausted
ltl2dba_U1_pb_9_pe_.ltl	4699a208efc5959bec2e4317ad8599e10261d1eca84a300bd4f1d3c6758b1fe8	no	0.855375		exact:budget_exhausted;strict:budget_exhausted	no	1.006285		exact:budget_exhausted;strict:budget_exhausted
ltl2dba_alpha_pb_100_pe_.ltl	0c98530d52f54b09cefcf42b0d7c6dc319033e9a7d936f47951606e1ebe1463f	no	0.855232		exact:budget_exhausted;strict:budget_exhausted	no	1.005517		exact:budget_exhausted;strict:budget_exhausted
ltl2dba_alpha_pb_10_pe_.ltl	81b5153bab9371ed48d08272456b94e5e8ba80ede244998193219485b06e755b	no	0.857184		exact:budget_exhausted;strict:budget_exhausted	no	1.007196		exact:budget_exhausted;strict:budget_exhausted
ltl2dba_alpha_pb_12_pe_.ltl	6f718c2e3ca890bdf910318cbed1c3877d133044a951e02ab40cf5fc58393267	no	0.855179		exact:budget_exhausted;strict:budget_exhausted	no	1.005337		exact:budget_exhausted;strict:budget_exhausted
ltl2dba_alpha_pb_14_pe_.ltl	2f840821804f27b75b6b752b66101f05520466adb7ffde51d5e15def97a3eb0a	no	0.855276		exact:budget_exhausted;strict:budget_exhausted	no	1.004767		exact:budget_exhausted;strict:budget_exhausted
ltl2dba_alpha_pb_16_pe_.ltl	bd9e14144d98da7b049ab279348705ab222e7db8b32b4d5ee86326ebfcc4d3b7	no	0.854215		exact:budget_exhausted;strict:budget_exhausted	no	1.003822		exact:budget_exhausted;strict:budget_exhausted
ltl2dba_alpha_pb_17_pe_.ltl	ecb20a143e049c23efd0dc6123b98477f426c539ad3950f63c214328c8d9f494	no	0.855164		exact:budget_exhausted;strict:budget_exhausted	no	1.005809		exact:budget_exhausted;strict:budget_exhausted
ltl2dba_alpha_pb_18_pe_.ltl	94fa27a1e532e2a35b2a3e76e512545dd9a925deb836301fc60cbbdda9827567	no	0.855228		exact:budget_exhausted;strict:budget_exhausted	no	1.005927		exact:budget_exhausted;strict:budget_exhausted
ltl2dba_alpha_pb_1_pe_.ltl	cf041833fe2631a19a35cad78470434e30c653ea847fe970adc776b96608ed32	no	0.141686		exact:unsupported_or_failed;strict:unsupported_or_failed	no	0.140873		exact:unsupported_or_failed;strict:unsupported_or_failed
ltl2dba_alpha_pb_20_pe_.ltl	60c0fcc5d33bf1444b45c6ddc24858ac8dedcdae090633c5217adb9f3f39d52c	no	0.856426		exact:budget_exhausted;strict:budget_exhausted	no	1.005670		exact:budget_exhausted;strict:budget_exhausted
ltl2dba_alpha_pb_25_pe_.ltl	4431c3e0ccd68cf36180e24f0c577c3a995ac16dd008518f88bcd64b1103b38d	no	0.855270		exact:budget_exhausted;strict:budget_exhausted	no	1.005898		exact:budget_exhausted;strict:budget_exhausted
ltl2dba_alpha_pb_2_pe_.ltl	e69914498bbff3f8f8a48599d804e8c0bc59dc623845e649e425d6d0fcedafbf	no	0.144442		exact:unsupported_or_failed;strict:unsupported_or_failed	no	0.144216		exact:unsupported_or_failed;strict:unsupported_or_failed
ltl2dba_alpha_pb_3_pe_.ltl	3da4edc836c482f40228973624600bb7ab31bfe1ff0d1bceb06b79d0d6d35f95	no	0.149648		exact:unsupported_or_failed;strict:unsupported_or_failed	no	0.148618		exact:unsupported_or_failed;strict:unsupported_or_failed
ltl2dba_alpha_pb_4_pe_.ltl	bcd3660c98d7c0bca03c6dd5ea43e80b10a1488ee79b1ee1e94ce26820684fc7	no	0.157238		exact:unsupported_or_failed;strict:unsupported_or_failed	no	0.155691		exact:unsupported_or_failed;strict:unsupported_or_failed
ltl2dba_alpha_pb_50_pe_.ltl	9defd8645d67e6cb595ed5f832757645e793dffe93719ba935002c184616db44	no	0.854862		exact:budget_exhausted;strict:budget_exhausted	no	1.005394		exact:budget_exhausted;strict:budget_exhausted
ltl2dba_alpha_pb_5_pe_.ltl	ca17a689e133f40874690ef510641fc40c1b349d4e6df0bd2aafc1d47c860289	no	0.188175		exact:unsupported_or_failed;strict:unsupported_or_failed	no	0.188582		exact:unsupported_or_failed;strict:unsupported_or_failed
ltl2dba_alpha_pb_6_pe_.ltl	2393c8c8cbc0d1ec76026b4e5863c3d279cabdd1ba3ec559793abf74a56d9dd1	no	0.255794		exact:unsupported_or_failed;strict:unsupported_or_failed	no	0.258197		exact:unsupported_or_failed;strict:unsupported_or_failed
ltl2dba_alpha_pb_7_pe_.ltl	1df39975e5f11d7a9338364389c792da0c77185e16278703847748c30b53aaf7	no	0.490865		exact:unsupported_or_failed;strict:unsupported_or_failed	no	0.495635		exact:unsupported_or_failed;strict:unsupported_or_failed
ltl2dba_alpha_pb_8_pe_.ltl	e9696dc59e2e4c1e40e5d33782f687ab4edeb6d902fb14e1ae18309a23e59356	no	0.853218		exact:unsupported_or_failed;strict:budget_exhausted	no	1.005097		exact:unsupported_or_failed;strict:budget_exhausted
ltl2dba_beta_pb_100_pe_.ltl	52e72522b893c685cf6741c788ebec000daac12db4257d31a8119bbf703be293	no	0.149450		exact:unsupported_or_failed;strict:unsupported_or_failed	no	0.148810		exact:unsupported_or_failed;strict:unsupported_or_failed
ltl2dba_beta_pb_10_pe_.ltl	11a4bd5198e45f0926c8125cde7f58851dff19dff8e558441bc6d71a54c0df6c	no	0.853762		exact:budget_exhausted;strict:budget_exhausted	no	1.004892		exact:budget_exhausted;strict:budget_exhausted
ltl2dba_beta_pb_15_pe_.ltl	f455a110627499266f54dffb28c2846fa5d3e83ff337397cb9bfec0e0304f2bf	no	0.855616		exact:budget_exhausted;strict:budget_exhausted	no	1.006134		exact:budget_exhausted;strict:budget_exhausted
ltl2dba_beta_pb_18_pe_.ltl	b187eab8977a47536bf36fd53c1e9d6abcd085182a142158077813f6005a0a93	no	0.855973		exact:budget_exhausted;strict:budget_exhausted	no	1.006938		exact:budget_exhausted;strict:budget_exhausted
ltl2dba_beta_pb_1_pe_.ltl	08f1b9994c21679bea0ecd504a2fc5846decaf3c6594ebb2aad3cad3ea706ba1	no	0.154344		exact:unsupported_or_failed;strict:unsupported_or_failed	no	0.142400		exact:unsupported_or_failed;strict:unsupported_or_failed
ltl2dba_beta_pb_20_pe_.ltl	38669a50b043aba55f2a8d574cbb1e9eec54fbc50d107e3099ff1dfd58023a96	no	0.856027		exact:budget_exhausted;strict:budget_exhausted	no	1.007783		exact:budget_exhausted;strict:budget_exhausted
ltl2dba_beta_pb_25_pe_.ltl	fcca526bb73a7cb009fc9aac73199dc4ff896cd69bfbab7b7c9d478b6bc9830f	no	0.856858		exact:budget_exhausted;strict:budget_exhausted	no	1.006622		exact:budget_exhausted;strict:budget_exhausted
ltl2dba_beta_pb_2_pe_.ltl	2f4285d415cd71a7ddbf40b0a062f927344128df439cbc74fd08103ae59fe2d7	no	0.225209		exact:unsupported_or_failed;strict:unsupported_or_failed	no	0.218348		exact:unsupported_or_failed;strict:unsupported_or_failed
ltl2dba_beta_pb_30_pe_.ltl	e8837cd043d16809a3b5ef3a9afffeffca1d3856e80c81097f595fd53af34d24	no	0.856505		exact:budget_exhausted;strict:budget_exhausted	no	1.007668		exact:budget_exhausted;strict:budget_exhausted
ltl2dba_beta_pb_3_pe_.ltl	0219fc053ecff5b0620bcafa6659094202e1badcd0df65762467dc180c4e87f0	no	0.853248		exact:unsupported_or_failed;strict:budget_exhausted	no	1.004686		exact:unsupported_or_failed;strict:budget_exhausted
ltl2dba_beta_pb_4_pe_.ltl	f60e9a462b6cf738202bcf4f9022969be4499c57963aa2e53ae11beca6f5ae67	no	0.858279		exact:budget_exhausted;strict:budget_exhausted	no	1.009238		exact:budget_exhausted;strict:budget_exhausted
ltl2dba_beta_pb_5_pe_.ltl	0a1da5a9ae1c7a1d51b361e2ba2eb65e70030c776198ca59cef2b402b7297055	no	0.854232		exact:budget_exhausted;strict:budget_exhausted	no	1.005081		exact:budget_exhausted;strict:budget_exhausted
ltl2dba_beta_pb_6_pe_.ltl	f2855b72e5b979aa71aae9198fb4e628d38771190a91894a8a90fe251da4217f	no	0.853775		exact:budget_exhausted;strict:budget_exhausted	no	1.004041		exact:budget_exhausted;strict:budget_exhausted
ltl2dba_beta_pb_7_pe_.ltl	70180857d1a878bfc92e48cd543b38ed7ba5498a046b6856d1d8941e923d19e8	no	0.854579		exact:budget_exhausted;strict:budget_exhausted	no	1.004474		exact:budget_exhausted;strict:budget_exhausted
ltl2dba_beta_pb_8_pe_.ltl	ffba8c9c6db92a964f21217480ac990c13936f1af5a6614b56a39f26f8a604da	no	0.854182		exact:budget_exhausted;strict:budget_exhausted	no	1.004649		exact:budget_exhausted;strict:budget_exhausted
ltl2dba_theta_pb_100_pe_.ltl	049863e340342bbeed2a622dc2b7e9e12e5f2d5c6c3f5d0394524d30a3f1c980	no	0.161292		exact:unsupported_or_failed;strict:unsupported_or_failed	no	0.150686		exact:unsupported_or_failed;strict:unsupported_or_failed
ltl2dba_theta_pb_10_pe_.ltl	fd6500ff02a287eb86b7100e6f96c45d94b90ad6768f3569f328d8a3a9bba760	no	0.854069		exact:budget_exhausted;strict:budget_exhausted	no	1.004517		exact:budget_exhausted;strict:budget_exhausted
ltl2dba_theta_pb_12_pe_.ltl	af94c56ffe76f64f1f12be66ff7e1e153f50f1da520f0e3c09b986defc597657	no	0.853879		exact:budget_exhausted;strict:budget_exhausted	no	1.027474		exact:budget_exhausted;strict:budget_exhausted
ltl2dba_theta_pb_14_pe_.ltl	a934c9739065224efcddf75b0d50ce7aab6c533334ae0d7c2648c4be2da2243f	no	0.858217		exact:budget_exhausted;strict:budget_exhausted	no	1.005157		exact:budget_exhausted;strict:budget_exhausted
ltl2dba_theta_pb_16_pe_.ltl	ae9e131e52542441d9678ef5258e9ab3f55cc8e023b932a7c1fcc429721a795a	no	0.857020		exact:budget_exhausted;strict:budget_exhausted	no	1.006957		exact:budget_exhausted;strict:budget_exhausted
ltl2dba_theta_pb_1_pe_.ltl	1f35cd06063c9262a23fb913588d7a223c3b3b55a43f21d0b5921d5df3cdf9a4	no	0.156686		exact:unsupported_or_failed;strict:unsupported_or_failed	no	0.159521		exact:unsupported_or_failed;strict:unsupported_or_failed
ltl2dba_theta_pb_25_pe_.ltl	612b85f076273f1fdf22c399ce4799212cb44d16e1b10243046ed358244960e2	no	0.855995		exact:budget_exhausted;strict:budget_exhausted	no	1.006998		exact:budget_exhausted;strict:budget_exhausted
ltl2dba_theta_pb_2_pe_.ltl	b8e3166f2f843789b6ce38a02636928b26212d8f36333493d26bc07be3c6f3e7	no	0.191360		exact:unsupported_or_failed;strict:unsupported_or_failed	no	0.182503		exact:unsupported_or_failed;strict:unsupported_or_failed
ltl2dba_theta_pb_300_pe_.ltl	d09fb0f639b8215a0fa7adfb83342e432c9970e965f976f753cda71a3c065db7	no	0.157394		exact:unsupported_or_failed;strict:unsupported_or_failed	no	0.158121		exact:unsupported_or_failed;strict:unsupported_or_failed
ltl2dba_theta_pb_3_pe_.ltl	b6e78b406426e7091adda1cdba63ca0f762c4fa7232d856d60c4515596a56a04	no	0.388672		exact:unsupported_or_failed;strict:unsupported_or_failed	no	0.372842		exact:unsupported_or_failed;strict:unsupported_or_failed
ltl2dba_theta_pb_4_pe_.ltl	5a8731c3541cf3e6dd3a6834cf7c69a9f731fcb2c8c7b673d94642ad8b211eee	no	0.858570		exact:budget_exhausted;strict:budget_exhausted	no	1.001385		exact:unsupported_or_failed;strict:budget_exhausted
ltl2dba_theta_pb_500_pe_.ltl	f8525c568c364abb1c2a90c9791551ea4f2b4ad8c00838bab7254e96c4d17f1b	no	0.147375		exact:unsupported_or_failed;strict:unsupported_or_failed	no	0.149112		exact:unsupported_or_failed;strict:unsupported_or_failed
ltl2dba_theta_pb_50_pe_.ltl	3b61c6b9df0267e62bbc1238dd0a444575b4eb8792e5b7197ee380396a6670af	no	0.139024		exact:unsupported_or_failed;strict:unsupported_or_failed	no	0.133616		exact:unsupported_or_failed;strict:unsupported_or_failed
ltl2dba_theta_pb_5_pe_.ltl	5ce39ac94e56448de0407727fc82828dd9c8bec95ababd616c1d0096b728f5df	no	0.862296		exact:budget_exhausted;strict:budget_exhausted	no	1.014817		exact:budget_exhausted;strict:budget_exhausted
ltl2dba_theta_pb_6_pe_.ltl	706e61a31c6316d727ae8aab2a23da8e5649017b20365c877e04461ff12a87cc	no	0.856026		exact:budget_exhausted;strict:budget_exhausted	no	1.009437		exact:budget_exhausted;strict:budget_exhausted
ltl2dba_theta_pb_7_pe_.ltl	0e2301e995ec4d96d46c633d17cdd425f1e729d85d72e6b8d720afbdbead5e51	no	0.854489		exact:budget_exhausted;strict:budget_exhausted	no	1.005191		exact:budget_exhausted;strict:budget_exhausted
ltl2dba_theta_pb_8_pe_.ltl	714e38aec3e185716fb80b9616115fb2381beeead9aa78d9e67ddeff0db371db	no	0.854113		exact:budget_exhausted;strict:budget_exhausted	no	1.007153		exact:budget_exhausted;strict:budget_exhausted
ltl2dpa01.ltl	954ee54a78402598811e7898e0d310b6a0687a9060932bf1a6ed2662ffcee9e2	no	0.247580		exact:unsupported_or_failed;strict:unsupported_or_failed	no	0.249260		exact:unsupported_or_failed;strict:unsupported_or_failed
ltl2dpa02.ltl	c6d3a8ff0c4e61de1f811555987e90c484652f37d1ee762d497a67be0634189d	no	0.131183		exact:unsupported_or_failed;strict:unsupported_or_failed	no	0.130500		exact:unsupported_or_failed;strict:unsupported_or_failed
ltl2dpa03.ltl	1e50d5e24e61804f07eeb713f258dea76f28aeea86f68ece0653674a5c7eaf4b	no	0.865104		exact:budget_exhausted;strict:budget_exhausted	no	1.017430		exact:budget_exhausted;strict:budget_exhausted
ltl2dpa04.ltl	33f41a3761752a1599394d1b2bfe67ba00680ef0a3aa95e7040742ee25e029c4	no	0.133151		exact:unsupported_or_failed;strict:unsupported_or_failed	no	0.131425		exact:unsupported_or_failed;strict:unsupported_or_failed
ltl2dpa05.ltl	a7eae839676711a61c17d37a71e3fa7223fc9514b903090c40cc4305ce45fba3	no	0.129397		exact:unsupported_or_failed;strict:unsupported_or_failed	no	0.129787		exact:unsupported_or_failed;strict:unsupported_or_failed
ltl2dpa06.ltl	f69a253d431c7aae76d840487e7fba58c9a8e68b87b3bf156e9635e9011fd314	no	0.134537		exact:unsupported_or_failed;strict:unsupported_or_failed	no	0.130398		exact:unsupported_or_failed;strict:unsupported_or_failed
ltl2dpa07.ltl	dcc0477348b9d4e7a9991ed8c1ce3c56d999d281d1f41d3dd363d094dab3d989	no	0.131236		exact:unsupported_or_failed;strict:unsupported_or_failed	no	0.129964		exact:unsupported_or_failed;strict:unsupported_or_failed
ltl2dpa08.ltl	24f809d17c76f646ee698515958894520b0f3757a6f2e6a60470012de52e4934	no	0.128789		exact:unsupported_or_failed;strict:unsupported_or_failed	no	0.129819		exact:unsupported_or_failed;strict:unsupported_or_failed
ltl2dpa09.ltl	10c58f2ed935ab32264e4b8fe8178d8e333e0804cae44146a36cae78e2bc8d9f	no	0.132974		exact:unsupported_or_failed;strict:unsupported_or_failed	no	0.132315		exact:unsupported_or_failed;strict:unsupported_or_failed
ltl2dpa10.ltl	f351c89bee11285ddaabed477bf7dfb787910b0f82dd07707f3d5d02a8bb87aa	no	0.856706		exact:unsupported_or_failed;strict:budget_exhausted	no	1.006418		exact:unsupported_or_failed;strict:budget_exhausted
ltl2dpa11.ltl	118b9ca3e26d6ca2964ed6c05bc923616ee1c7af59ec3b44d5e49c2e0e70ae49	no	0.134579		exact:unsupported_or_failed;strict:unsupported_or_failed	no	0.136556		exact:unsupported_or_failed;strict:unsupported_or_failed
ltl2dpa12.ltl	90220ecad578aef33bab6c1528c067d4c27fe3fdcc56cf6bf1e72a5cbb34031d	no	0.857025		exact:budget_exhausted;strict:budget_exhausted	no	1.002823		exact:unsupported_or_failed;strict:budget_exhausted
ltl2dpa13.ltl	50add058ddc7d03076da2e8ae29c115f589a6fab37cf62bc4cfee86a0a936e88	no	0.864949		exact:budget_exhausted;strict:budget_exhausted	no	1.023309		exact:budget_exhausted;strict:budget_exhausted
ltl2dpa14.ltl	1a170a19226c41012cad600499778b040479b531decffb4d8e30e3217f9f8041	no	0.267469		exact:unsupported_or_failed;strict:unsupported_or_failed	no	0.269438		exact:unsupported_or_failed;strict:unsupported_or_failed
ltl2dpa15.ltl	1fc740401c9e341e2a1ec7024c8211573a7fb39b877e23313080f52c0cec6c39	no	0.131266		exact:unsupported_or_failed;strict:unsupported_or_failed	no	0.131493		exact:unsupported_or_failed;strict:unsupported_or_failed
ltl2dpa16.ltl	402a522a2f8da10566807a11405fac1263636c411f763b779242106cf36e3c0c	no	0.130362		exact:unsupported_or_failed;strict:unsupported_or_failed	no	0.129963		exact:unsupported_or_failed;strict:unsupported_or_failed
ltl2dpa17.ltl	cc5cfba4fea60c2d3aaa826be073322ca5e4fdfd866d806ca83e03dbb7a52f1a	no	0.140399		exact:unsupported_or_failed;strict:unsupported_or_failed	no	0.140158		exact:unsupported_or_failed;strict:unsupported_or_failed
ltl2dpa18.ltl	1ece938fab6d665e61d4627102c582371bb7f758750b61c08bfb2f7a424464fd	no	0.155410		exact:unsupported_or_failed;strict:unsupported_or_failed	no	0.155669		exact:unsupported_or_failed;strict:unsupported_or_failed
ltl2dpa19.ltl	57feee8b90cdbfa73f00c79c5ea05b3011ddfc5b1e4f6f6a51e3f2b76227d3b1	no	0.865088		exact:budget_exhausted;strict:budget_exhausted	no	1.017292		exact:budget_exhausted;strict:budget_exhausted
ltl2dpa20.ltl	5c39196c0a8fa38388e3372a946d82d2a2378cc56975ff97a7f3714acbee09b3	no	0.158798		exact:unsupported_or_failed;strict:unsupported_or_failed	no	0.160358		exact:unsupported_or_failed;strict:unsupported_or_failed
ltl2dpa22.ltl	931df6f6b5f4a3ea9ec59d1b4a5ece6177c54b8fa6a4e9435bbaf60120508acf	no	0.859309		exact:budget_exhausted;strict:budget_exhausted	no	1.012347		exact:budget_exhausted;strict:budget_exhausted
ltl2dpa23.ltl	650f571b127abc7237aa4c5976ad4ca01a861d0436533e6b2616db1a7acf563a	no	0.134950		exact:unsupported_or_failed;strict:unsupported_or_failed	no	0.132147		exact:unsupported_or_failed;strict:unsupported_or_failed
ltl2dpa24.ltl	131ff21b0f6cf3d35c4a370bb365eed8e5c4a51101681ee4106b6db6078a4309	no	0.136794		exact:unsupported_or_failed;strict:unsupported_or_failed	no	0.136911		exact:unsupported_or_failed;strict:unsupported_or_failed
mux_pb_100_pe_.ltl	a6d7fe5e8a427624b2bbc86b458ef8ab0499512b967f6fc512f1d0cd31ad2075	yes	0.582693	exact		yes	0.563300	exact	
mux_pb_10_pe_.ltl	df0274244df56cb69dc4f3cb86104d5fd3ff2fe955ed12071d8c3986c3338ba4	yes	0.078629	exact		yes	0.078876	exact	
mux_pb_125_pe_.ltl	479bf6fdfa7518d3cc45be50f42df091b17e5e79b320c49cc2d616a6f10260d5	no	0.854066		exact:budget_exhausted;strict:budget_exhausted	yes	0.865440	exact	
mux_pb_12_pe_.ltl	75dd1c80f62827d15e4ae82e852f9c7aff43bbc0e5b9f96423858545cb6b89e7	yes	0.077294	exact		yes	0.079790	exact	
mux_pb_132_pe_.ltl	b2635efb85678923dc809905a442a622560e67089cfba10334d989a35fc0e87e	no	0.854110		exact:budget_exhausted;strict:budget_exhausted	no	1.004339		exact:budget_exhausted;strict:budget_exhausted
mux_pb_150_pe_.ltl	4fff9fd076375cb754fcf6ce6a390d883af2d3d1c925136025df8c5c086e81c3	no	0.853881		exact:budget_exhausted;strict:budget_exhausted	no	1.005096		exact:budget_exhausted;strict:budget_exhausted
mux_pb_16_pe_.ltl	b5d82f88f660f4315e80f2c0d9ffbd3ca20ecb7a608ff1204ee49dabb5922de7	yes	0.085600	exact		yes	0.087575	exact	
mux_pb_175_pe_.ltl	6c8f6b63b5bf0c80b658006e21408e87138e350fd9e9066b6a17bbf4570735e5	no	0.853954		exact:budget_exhausted;strict:budget_exhausted	no	1.004176		exact:budget_exhausted;strict:budget_exhausted
mux_pb_200_pe_.ltl	d30a07a463ae43d58f364c6ac7963c69be2c3dd3e3e40ea93c007a3f96bfecab	no	0.855081		exact:budget_exhausted;strict:budget_exhausted	no	1.004289		exact:budget_exhausted;strict:budget_exhausted
mux_pb_32_pe_.ltl	5171aae371abb593b48d47b63c79ce17a3247160c5538951fad423df2424f301	yes	0.135574	exact		yes	0.128997	exact	
mux_pb_64_pe_.ltl	0e0eda370c1f61921fdd0e4d6c04f8f42529ca0b4e08acb23e6fba23611361ca	yes	0.276110	exact		yes	0.278383	exact	
mux_pb_8_pe_.ltl	c3eda5c4b1f9ee3dea38e6c7019c9bdd3ea1f83447fa05d4a0c7609376b1b349	yes	0.077066	exact		yes	0.072895	exact	
narylatch_pb_10_pe_.ltl	b456e6c01241a239c3ba5bb328f23714734da0aa5c4bdf50bf8d1617a8de21d2	no	0.857514		exact:budget_exhausted;strict:budget_exhausted	no	1.007503		exact:budget_exhausted;strict:budget_exhausted
narylatch_pb_11_pe_.ltl	727bdc4aec7d57f0e6defbc9fe1da3de8b85b4d91af206a0e13f19006c5f87f7	no	0.858057		exact:budget_exhausted;strict:budget_exhausted	no	1.008900		exact:budget_exhausted;strict:budget_exhausted
narylatch_pb_12_pe_.ltl	f17203c0029c228510bb71c8817349360410add80e53e8d00519ef487e5d6edb	no	0.858928		exact:budget_exhausted;strict:budget_exhausted	no	1.010412		exact:budget_exhausted;strict:budget_exhausted
narylatch_pb_16_pe_.ltl	7f90befb225b8bda6d02984114895a05107e5abd82d24067f698a36788459660	no	0.861049		exact:budget_exhausted;strict:budget_exhausted	no	1.010484		exact:budget_exhausted;strict:budget_exhausted
narylatch_pb_32_pe_.ltl	402c336e36e71071a40dfcced0d5ba3dcce33a6797d313dfb552bc09de68b377	no	0.856785		exact:budget_exhausted;strict:budget_exhausted	no	1.009715		exact:budget_exhausted;strict:budget_exhausted
narylatch_pb_64_pe_.ltl	48ba5b59413223b5ca83f84e2f513c41748bc5a83de89a47cef20dde171a171e	no	0.858257		exact:budget_exhausted;strict:budget_exhausted	no	1.008646		exact:budget_exhausted;strict:budget_exhausted
narylatch_pb_8_pe_.ltl	a87825af11fff756c9ccecfed694ec80588a0f6765ad04261af0c6f69e701c42	no	0.855043		exact:budget_exhausted;strict:budget_exhausted	no	1.004101		exact:budget_exhausted;strict:budget_exhausted
ordered-visits-choice-real.ltl	160ad8d89734dcb31f95586eda1d8fcdd392e4fd8f89955c913dd54d1a39a9bd	no	0.140261		exact:unsupported_or_failed;strict:unsupported_or_failed	no	0.136867		exact:unsupported_or_failed;strict:unsupported_or_failed
ordered-visits-real.ltl	bd4dba2c0747bd79176f72ca008d14b1c80f395244d27ded22237241f35c08a6	no	0.135942		exact:unsupported_or_failed;strict:unsupported_or_failed	no	0.135186		exact:unsupported_or_failed;strict:unsupported_or_failed
package-delivery-real.ltl	5ba5c7f498c5277053c51a9a04be293b2d96b50e50b6ec5c5a8c0dcb92adf553	no	0.248545		exact:unsupported_or_failed;strict:unsupported_or_failed	no	0.250121		exact:unsupported_or_failed;strict:unsupported_or_failed
patrolling-alarm0.ltl	393b68b5dec25c31f18edfc62a7c7db1f1c0c92fe2443ba38b4c132d1e51c9df	no	0.152067		exact:unsupported_or_failed;strict:unsupported_or_failed	no	0.135461		exact:unsupported_or_failed;strict:unsupported_or_failed
patrolling-alarm1.ltl	64a4ce73f9327e55b9609e48b27e0039149fe563ff7b46d018aa66fb44f7b0be	no	0.140342		exact:unsupported_or_failed;strict:unsupported_or_failed	no	0.138395		exact:unsupported_or_failed;strict:unsupported_or_failed
patrolling-alarm10.ltl	613cc59f4deb1fbbc8e3f9dc8d78d771531f206e350a4af4d1747e8da8ac3fa7	no	0.155878		exact:unsupported_or_failed;strict:unsupported_or_failed	no	0.154045		exact:unsupported_or_failed;strict:unsupported_or_failed
patrolling-alarm11.ltl	1b9b6eef016dcdb0d7a217f60a4a4cb9a5932aae9d6305894bf192ef55790d5c	no	0.156796		exact:unsupported_or_failed;strict:unsupported_or_failed	no	0.156387		exact:unsupported_or_failed;strict:unsupported_or_failed
patrolling-alarm12.ltl	ae69a68feb6c915553ea9566deab812d778e18320b057fcadada1dc0e9926287	no	0.157693		exact:unsupported_or_failed;strict:unsupported_or_failed	no	0.158592		exact:unsupported_or_failed;strict:unsupported_or_failed
patrolling-alarm13.ltl	2e6ead783933f352eed45c5ddaaf74182b894f20418b6268ee356f5e174ac4cd	no	0.158208		exact:unsupported_or_failed;strict:unsupported_or_failed	no	0.161650		exact:unsupported_or_failed;strict:unsupported_or_failed
patrolling-alarm14.ltl	12e5cbcec5d86d4c9ca303dae4281307b39369532df5c48edfe234246463fa5e	no	0.161274		exact:unsupported_or_failed;strict:unsupported_or_failed	no	0.160988		exact:unsupported_or_failed;strict:unsupported_or_failed
patrolling-alarm15.ltl	3aabdb44c66569cede6fded07b8a53ba172dbe26b00c71e112753556024c6510	no	0.166984		exact:unsupported_or_failed;strict:unsupported_or_failed	no	0.169540		exact:unsupported_or_failed;strict:unsupported_or_failed
patrolling-alarm16.ltl	c5c7bb980389e9674085a04da565df31789a0997fd98ba8ddeeaf84f310de4a9	no	0.168479		exact:unsupported_or_failed;strict:unsupported_or_failed	no	0.170021		exact:unsupported_or_failed;strict:unsupported_or_failed
patrolling-alarm17.ltl	7317c424983eeea0269995912d23bf379a5a8f196084b1b08f5949555fa10b36	no	0.174888		exact:unsupported_or_failed;strict:unsupported_or_failed	no	0.173324		exact:unsupported_or_failed;strict:unsupported_or_failed
patrolling-alarm18.ltl	d4647f52b5697e6e9d29bce0a08a99fb869538b5baddc3d4fe8370b585c950e8	no	0.176308		exact:unsupported_or_failed;strict:unsupported_or_failed	no	0.172308		exact:unsupported_or_failed;strict:unsupported_or_failed
patrolling-alarm19.ltl	058a1fee035e7a24098ef821c8ac1d3f88c97a271a37c93de64fcb079e3c45c4	no	0.175126		exact:unsupported_or_failed;strict:unsupported_or_failed	no	0.175168		exact:unsupported_or_failed;strict:unsupported_or_failed
patrolling-alarm2.ltl	73733f23cc0f0eb4d5efb519bb7a1c773d374ff82ee383f2e4a75ee7311f7a7c	no	0.141797		exact:unsupported_or_failed;strict:unsupported_or_failed	no	0.141838		exact:unsupported_or_failed;strict:unsupported_or_failed
patrolling-alarm20.ltl	cc25385138774f0b20ffae7623891b0eeafd7cb41c46f6adce9a94e65a584d2e	no	0.176128		exact:unsupported_or_failed;strict:unsupported_or_failed	no	0.179692		exact:unsupported_or_failed;strict:unsupported_or_failed
patrolling-alarm21.ltl	0687d6d237c802d819e2a6fda82fb7274a1dca6578939fb83d86165a24210390	no	0.186909		exact:unsupported_or_failed;strict:unsupported_or_failed	no	0.183773		exact:unsupported_or_failed;strict:unsupported_or_failed
patrolling-alarm22.ltl	bccd8c2448171024f18675bf6ad04f823455d3ba75a229e8587f04d330693ac4	no	0.185444		exact:unsupported_or_failed;strict:unsupported_or_failed	no	0.179376		exact:unsupported_or_failed;strict:unsupported_or_failed
patrolling-alarm23.ltl	1ad29a70a8315f9218654d669d51421ee645010f521f6622deeea7ff4427218f	no	0.182395		exact:unsupported_or_failed;strict:unsupported_or_failed	no	0.182323		exact:unsupported_or_failed;strict:unsupported_or_failed
patrolling-alarm24.ltl	3a4bde882aa6e31ef4a5fe9b32248d2c4e0e5baf49ef0102f800e407fbc52730	no	0.182076		exact:unsupported_or_failed;strict:unsupported_or_failed	no	0.187298		exact:unsupported_or_failed;strict:unsupported_or_failed
patrolling-alarm25.ltl	262966101e8f82ae227118363c1fdce0116189e8e09103c2b69437887b81e4fa	no	0.187794		exact:unsupported_or_failed;strict:unsupported_or_failed	no	0.184901		exact:unsupported_or_failed;strict:unsupported_or_failed
patrolling-alarm26.ltl	f228c363e6929d8d1eceb86d9868468b718e0867b8e5ee8c9b1907e4078629e0	no	0.187989		exact:unsupported_or_failed;strict:unsupported_or_failed	no	0.189477		exact:unsupported_or_failed;strict:unsupported_or_failed
patrolling-alarm3.ltl	05e848744008730df4d4cac4f1cea35191b2b32d3a48113fdeb389a092b23a7d	no	0.143343		exact:unsupported_or_failed;strict:unsupported_or_failed	no	0.143789		exact:unsupported_or_failed;strict:unsupported_or_failed
patrolling-alarm4.ltl	6a58e85e32a1e8da26f090bd7af02c11fb7346d34a4dd001508dad997b7b35a1	no	0.143090		exact:unsupported_or_failed;strict:unsupported_or_failed	no	0.143597		exact:unsupported_or_failed;strict:unsupported_or_failed
patrolling-alarm5.ltl	327f1274120c88785fe584275e65fec3853c35569da8453690563f4603fd4671	no	0.143790		exact:unsupported_or_failed;strict:unsupported_or_failed	no	0.143941		exact:unsupported_or_failed;strict:unsupported_or_failed
patrolling-alarm6.ltl	2300d94b193e01eca8cf09e483d29dd2d63b01bf3cd145f117f6956ae935abea	no	0.146032		exact:unsupported_or_failed;strict:unsupported_or_failed	no	0.145543		exact:unsupported_or_failed;strict:unsupported_or_failed
patrolling-alarm7.ltl	3b15304dae205eae8effdc6ba1284af334209c820ecc827a6a216bec666f21c8	no	0.149072		exact:unsupported_or_failed;strict:unsupported_or_failed	no	0.149315		exact:unsupported_or_failed;strict:unsupported_or_failed
patrolling-alarm8.ltl	8872996907eb4efa4728e1fadb86f7b8130c4a52e7178e21d12b6454c999d07e	no	0.150565		exact:unsupported_or_failed;strict:unsupported_or_failed	no	0.149772		exact:unsupported_or_failed;strict:unsupported_or_failed
patrolling-alarm9.ltl	e5d523e977336ba83e67552cd564b98e76000bc462bac2d2079930806d091969	no	0.150637		exact:unsupported_or_failed;strict:unsupported_or_failed	no	0.150539		exact:unsupported_or_failed;strict:unsupported_or_failed
patrolling0.ltl	0b3672b5ac01c5f6cc43b8402891a9b2e2b980ebd824338f5284ddf33e22d261	no	0.135109		exact:unsupported_or_failed;strict:unsupported_or_failed	no	0.136536		exact:unsupported_or_failed;strict:unsupported_or_failed
patrolling1.ltl	639ae318c7f44f7ac40f04969d590651da5cabdf8945f38d71ec1566973c36ed	no	0.137602		exact:unsupported_or_failed;strict:unsupported_or_failed	no	0.138474		exact:unsupported_or_failed;strict:unsupported_or_failed
patrolling10.ltl	4d11f4f7f67a3018576f186425384107679c51fc581804d6665ae017ae6fbaa3	no	0.155018		exact:unsupported_or_failed;strict:unsupported_or_failed	no	0.154101		exact:unsupported_or_failed;strict:unsupported_or_failed
patrolling11.ltl	6b83289c43d86f0a9cf0db06a9bb15dd8508966526e4ee1875de39cdc808d924	no	0.157453		exact:unsupported_or_failed;strict:unsupported_or_failed	no	0.153940		exact:unsupported_or_failed;strict:unsupported_or_failed
patrolling12.ltl	6c2896695d7e53f5c3e2eb25c6da24c4f9c96015c35680629860e4c2321d6c2e	no	0.158593		exact:unsupported_or_failed;strict:unsupported_or_failed	no	0.156380		exact:unsupported_or_failed;strict:unsupported_or_failed
patrolling13.ltl	13242aac76d6eb9ce7815517a966c7332297a5cd5c6a7326e2f43860ce4f7056	no	0.158257		exact:unsupported_or_failed;strict:unsupported_or_failed	no	0.160548		exact:unsupported_or_failed;strict:unsupported_or_failed
patrolling14.ltl	fb255b72f9cdafba9fdb33f4d52a01a29fb883c567d4528c4cbb78faa72f46be	no	0.158479		exact:unsupported_or_failed;strict:unsupported_or_failed	no	0.158831		exact:unsupported_or_failed;strict:unsupported_or_failed
patrolling15.ltl	7faa8a83f426c6d07b2cc7a96921781baf1d2ba84639edb1e00ba0325f00c8bb	no	0.172205		exact:unsupported_or_failed;strict:unsupported_or_failed	no	0.168847		exact:unsupported_or_failed;strict:unsupported_or_failed
patrolling16.ltl	c92d9e1aafa9e67e391f5e71007b742bac096c82452bffccee779ce2393bbcba	no	0.169639		exact:unsupported_or_failed;strict:unsupported_or_failed	no	0.170759		exact:unsupported_or_failed;strict:unsupported_or_failed
patrolling17.ltl	d7fe19f38310c0a110604a8a46968025c70bee713b1e493d3b16e14a9011cc6a	no	0.173027		exact:unsupported_or_failed;strict:unsupported_or_failed	no	0.172406		exact:unsupported_or_failed;strict:unsupported_or_failed
patrolling18.ltl	9e8dd2933ff232c142821f25b5443c773ebbb3fc4f3a1581a7f654ad9d40188c	no	0.176143		exact:unsupported_or_failed;strict:unsupported_or_failed	no	0.171309		exact:unsupported_or_failed;strict:unsupported_or_failed
patrolling19.ltl	d65843212ee5ab70b61a8fc464df1d5de7d1ffde217b2ebd3707aff755bb72c3	no	0.174851		exact:unsupported_or_failed;strict:unsupported_or_failed	no	0.177530		exact:unsupported_or_failed;strict:unsupported_or_failed
patrolling2.ltl	636de20bcb1827bb918074e781be9b1ed13ccab6ba3535814f1207f543c025aa	no	0.145877		exact:unsupported_or_failed;strict:unsupported_or_failed	no	0.142043		exact:unsupported_or_failed;strict:unsupported_or_failed
patrolling20.ltl	0eb57ab6283aa08747bd5d824b45da831b5b2a80ccaefe7444b8981cf68a0568	no	0.175913		exact:unsupported_or_failed;strict:unsupported_or_failed	no	0.176114		exact:unsupported_or_failed;strict:unsupported_or_failed
patrolling21.ltl	0c661f92c902f5cf32e021537adc45cfe05ad9c015c7445079e48a218d1be7a4	no	0.177439		exact:unsupported_or_failed;strict:unsupported_or_failed	no	0.180330		exact:unsupported_or_failed;strict:unsupported_or_failed
patrolling22.ltl	0aa3bc67153e3bd3bb23ebc9bbbfc56dd46f542dbcda3275b1acd906aff6f30f	no	0.188056		exact:unsupported_or_failed;strict:unsupported_or_failed	no	0.178704		exact:unsupported_or_failed;strict:unsupported_or_failed
patrolling23.ltl	3fdf8d4f2fce3f278eb7739ae279fb91956c0e74df1ad51a0c1c7daf94f3dc6b	no	0.183180		exact:unsupported_or_failed;strict:unsupported_or_failed	no	0.182772		exact:unsupported_or_failed;strict:unsupported_or_failed
patrolling24.ltl	d538d79ceea18a496c204e1f2dc052b0f6a09a566f2ec9a19b75dd321f817ee8	no	0.188744		exact:unsupported_or_failed;strict:unsupported_or_failed	no	0.183117		exact:unsupported_or_failed;strict:unsupported_or_failed
patrolling25.ltl	cdb84ab58cb5f3667a9344f89e5ef3b0b5087b84475c879eb6938f2d436a4890	no	0.186830		exact:unsupported_or_failed;strict:unsupported_or_failed	no	0.211925		exact:unsupported_or_failed;strict:unsupported_or_failed
patrolling3.ltl	9c1e76b45a19a5257e0594819e36932a0689c8e33f4a808a4acd1ccd0305140a	no	0.154498		exact:unsupported_or_failed;strict:unsupported_or_failed	no	0.143759		exact:unsupported_or_failed;strict:unsupported_or_failed
patrolling4.ltl	d30d53019f2ee62b1aca5ee8accbd333ef2024bcd54480fb9e3155514e23041f	no	0.145413		exact:unsupported_or_failed;strict:unsupported_or_failed	no	0.143271		exact:unsupported_or_failed;strict:unsupported_or_failed
patrolling5.ltl	aa04a1d389a3afd833308131a0fd2b70afc5d1c88d268f623ad203a18866dc36	no	0.141871		exact:unsupported_or_failed;strict:unsupported_or_failed	no	0.145514		exact:unsupported_or_failed;strict:unsupported_or_failed
patrolling6.ltl	cbcfac6ec625bc951e078c8791e6f2c07be69cd444e0940006e3f25aed6ece23	no	0.165792		exact:unsupported_or_failed;strict:unsupported_or_failed	no	0.146068		exact:unsupported_or_failed;strict:unsupported_or_failed
patrolling7.ltl	de113e80d42404bc0fcc6c8b42744492fdaadb66424e20fdb03d306d2c6af06d	no	0.148744		exact:unsupported_or_failed;strict:unsupported_or_failed	no	0.150271		exact:unsupported_or_failed;strict:unsupported_or_failed
patrolling8.ltl	92a174a595338c678081034fc110d9622c7601e5addf39b76a783a54e3414e51	no	0.149636		exact:unsupported_or_failed;strict:unsupported_or_failed	no	0.153048		exact:unsupported_or_failed;strict:unsupported_or_failed
patrolling9.ltl	7e34db030572a6c211b5bf1d1737a6c694af95fe5abb9afdf7aaffaaa995ca0d	no	0.152384		exact:unsupported_or_failed;strict:unsupported_or_failed	no	0.153406		exact:unsupported_or_failed;strict:unsupported_or_failed
precise-reachability-real.ltl	968bc5667bddc11419088e0f2e5b0c364f1bd09b68cea283396ca1b4f2db8e31	no	0.134409		exact:unsupported_or_failed;strict:unsupported_or_failed	no	0.135104		exact:unsupported_or_failed;strict:unsupported_or_failed
precise-reachability0.ltl	c63ae04e7ad03e2dc7ac679904cc05367c927c5f86bfdd5aa2352872e2427264	no	0.136042		exact:unsupported_or_failed;strict:unsupported_or_failed	no	0.132891		exact:unsupported_or_failed;strict:unsupported_or_failed
prioritized_arbiter_enc_pb_10_pe_.ltl	68f6087db5c12e77bd3504406bfe4b348f10c926cc14edfcd13437167dee6db5	yes	0.114536	exact		yes	0.110241	exact	
prioritized_arbiter_enc_pb_12_pe_.ltl	a7bbe7c1c04987b563bc717b03cdd696146158aee4a4594b9a6e533290ac58f6	yes	0.115691	exact		yes	0.116757	exact	
prioritized_arbiter_enc_pb_13_pe_.ltl	286cb3d4359e75b1000da08b426553fc9fb7f086f88719edd4a5743fe78f4094	yes	0.120208	exact		yes	0.117482	exact	
prioritized_arbiter_enc_pb_14_pe_.ltl	89f6cfe29915c03b6a4c982f75de57b51bda4297cf010cbcf86ad5a99381e265	yes	0.125004	exact		yes	0.120004	exact	
prioritized_arbiter_enc_pb_15_pe_.ltl	1d639d5a46de95789d5d70ad4244d094cb223ec63d7d3d939ef3d45019fdba05	yes	0.127058	exact		yes	0.123599	exact	
prioritized_arbiter_enc_pb_8_pe_.ltl	2877f957675f895fe0aa0966f799c8106d4333a6918ffd7ca6e5a77f03d736fe	yes	0.088420	exact		yes	0.086907	exact	
prioritized_arbiter_pb_10_pe_.ltl	c4e0104d44491dfdd2c291db7dde4de7a46a70e7f0c03cc29e4cf9794ebeb195	yes	0.094371	exact		yes	0.094283	exact	
prioritized_arbiter_pb_12_pe_.ltl	6150ba4387f680f447cc2ee04d0bd059c406601003e4a00105cd76df8d8e8841	yes	0.107214	exact		yes	0.106611	exact	
prioritized_arbiter_pb_1_pe_.ltl	778a0010e8f6c2826580e36969b0fbaa473fccff286366b1dcbea3df3358519c	yes	0.067710	exact		yes	0.067500	exact	
prioritized_arbiter_pb_2_pe_.ltl	3fc791c04db2d89a23ce91cafd7a4b78698d4ca079c38c1fbc88bf33b452799b	yes	0.069858	exact		yes	0.070887	exact	
prioritized_arbiter_pb_3_pe_.ltl	121c834532f845768b5376b77f463d56be19f50513e02c7d7d81ee1aa8457590	yes	0.073708	exact		yes	0.074777	exact	
prioritized_arbiter_pb_4_pe_.ltl	14475ad9fd963aedc33e9f309f7095fab169e5b8fb0f6824f3ea8581c82d583b	yes	0.078594	exact		yes	0.077092	exact	
prioritized_arbiter_pb_5_pe_.ltl	7baac2977eb3f3a8015fb90da5b4ee9333fe65d22ca97c34a2b2f82613a67f86	yes	0.079405	exact		yes	0.081534	exact	
prioritized_arbiter_pb_6_pe_.ltl	c16fb0f0d204917e4a21633cb3112fbc1c0f3b1a00229c495b6e0b3ae1ed812f	yes	0.079295	exact		yes	0.080799	exact	
prioritized_arbiter_pb_7_pe_.ltl	5dad9c093748d6b392a401873c5b0c582878d4aa621cc4aa2f0af3b7fe819da4	yes	0.086196	exact		yes	0.085529	exact	
prioritized_arbiter_pb_8_pe_.ltl	91dff8be38f4467fcd0632215aa3a2dbd008c96ec4bf7007f19393500cffecbd	yes	0.089846	exact		yes	0.085388	exact	
prioritized_arbiter_pb_9_pe_.ltl	ce3169128ac782de172e02a0a9137f15f944b159c988efc6d9cf1b42e0070a59	yes	0.091507	exact		yes	0.093194	exact	
prioritized_arbiter_unreal1_pb_2_10_pe_.ltl	bf0d9a12ea444456b381435db86c115147099447318fcc4241e519d0841044e8	no	0.860998		exact:budget_exhausted;strict:budget_exhausted	no	1.011822		exact:budget_exhausted;strict:budget_exhausted
prioritized_arbiter_unreal1_pb_2_11_pe_.ltl	00e1004fb4976094a821469ba7ac47dc3e07011481a25009e079ff4387ec5d2c	no	0.862548		exact:budget_exhausted;strict:budget_exhausted	no	1.015118		exact:budget_exhausted;strict:budget_exhausted
prioritized_arbiter_unreal1_pb_2_12_pe_.ltl	fc4cbd2db698ea6fbdee81107c1bdefe85b8060e9bb4e0158698b49a15c34198	no	0.860340		exact:budget_exhausted;strict:budget_exhausted	no	1.011827		exact:budget_exhausted;strict:budget_exhausted
prioritized_arbiter_unreal1_pb_2_13_pe_.ltl	11ee2d48c5690e11b632c33f212476d62954c08a3662637643e670a1e2dfcb2f	no	0.858568		exact:budget_exhausted;strict:budget_exhausted	no	1.010054		exact:budget_exhausted;strict:budget_exhausted
prioritized_arbiter_unreal1_pb_2_14_pe_.ltl	9c73b0fc72bc4cd6c92fca94555ea647c51cce8486ca7ceb06fd5cf9d69a572a	no	0.858066		exact:budget_exhausted;strict:budget_exhausted	no	1.009713		exact:budget_exhausted;strict:budget_exhausted
prioritized_arbiter_unreal1_pb_2_15_pe_.ltl	e26f61ba30a5380ed25cb91b0a5ea49715bb117a5cbb65913eb9e2c2f1a8a52f	no	0.857613		exact:budget_exhausted;strict:budget_exhausted	no	1.008670		exact:budget_exhausted;strict:budget_exhausted
prioritized_arbiter_unreal1_pb_2_16_pe_.ltl	0c998f8a329a83599425e8e8941ef54d83783838e0c7f8cd6a0b19b7ab575a8f	no	0.856460		exact:budget_exhausted;strict:budget_exhausted	no	1.006582		exact:budget_exhausted;strict:budget_exhausted
prioritized_arbiter_unreal1_pb_2_1_pe_.ltl	05207a3d8b05620d70105a65130f48cd2552d4b07f508a9c72b028e593883958	yes	0.071599	exact		yes	0.073004	exact	
prioritized_arbiter_unreal1_pb_2_2_pe_.ltl	ea71c22e9038857ed32f71572777f0aeba19a15c511443995a9e004a648960f2	yes	0.072294	exact		yes	0.071561	exact	
prioritized_arbiter_unreal1_pb_2_3_pe_.ltl	5323308ecca63309f065f9aa913fd30a1a239b68f83ee4cdfd02584e9dcc5725	yes	0.073784	exact		yes	0.073601	exact	
prioritized_arbiter_unreal1_pb_2_4_pe_.ltl	17f63c6d61190ea851e68f030e2d109d0d88def12c8cb9d405246ce3f745e59d	yes	0.077124	exact		yes	0.075432	exact	
prioritized_arbiter_unreal1_pb_2_5_pe_.ltl	7776d92523143d7d6f7edf581677159988960df429c83d555cfe0da4f8681447	yes	0.080692	exact		yes	0.078818	exact	
prioritized_arbiter_unreal1_pb_2_6_pe_.ltl	1f156a8651cda4b11f1d3a01cf4b66c0bf47076a1026377e2049ce7b3560a7e7	yes	0.094132	exact		yes	0.094553	exact	
prioritized_arbiter_unreal1_pb_2_7_pe_.ltl	88912d8511ada222d1170cd8188ac8d1ba516cf3fc35111bc2e1fe0be3ed9c8c	yes	0.123091	exact		yes	0.115349	exact	
prioritized_arbiter_unreal1_pb_2_8_pe_.ltl	1b64abf91fd5005b0557dbb5b85fbb85dd551d0fe2908cf8c3066a842f9148fb	yes	0.200691	exact		yes	0.201590	exact	
prioritized_arbiter_unreal1_pb_2_9_pe_.ltl	8ab00ae8e43487d52d9e5ade7276d923aaaf9856f15f27b703cdf3a217a17168	yes	0.463895	exact		yes	0.486687	exact	
prioritized_arbiter_unreal1_pb_3_10_pe_.ltl	bbd5a905b24b6b045e1ff46e1b11c218787ddff2a49fe2863f81ed48f0f50499	no	0.860593		exact:budget_exhausted;strict:budget_exhausted	no	1.012409		exact:budget_exhausted;strict:budget_exhausted
prioritized_arbiter_unreal1_pb_3_11_pe_.ltl	84f8479518088a397f17238fadaf8f2ad1b6323487e35681db75cf9b4df474c6	no	0.863158		exact:budget_exhausted;strict:budget_exhausted	no	1.014028		exact:budget_exhausted;strict:budget_exhausted
prioritized_arbiter_unreal1_pb_3_12_pe_.ltl	5562ded6f37d9120a75e7845990a27056648d7d5df55c20ff8a0053204e6d6b3	no	0.860490		exact:budget_exhausted;strict:budget_exhausted	no	1.012316		exact:budget_exhausted;strict:budget_exhausted
prioritized_arbiter_unreal1_pb_3_13_pe_.ltl	4a43b6712f0a796b4060891ae1dc007fb6890dc7a7e8fb92e4a20c8bac88c6e4	no	0.858682		exact:budget_exhausted;strict:budget_exhausted	no	1.009819		exact:budget_exhausted;strict:budget_exhausted
prioritized_arbiter_unreal1_pb_3_14_pe_.ltl	1b6da3b01237b3f0c8874c2e8b2e667919f256021c739f204f295f7b5f1d4ca2	no	0.858190		exact:budget_exhausted;strict:budget_exhausted	no	1.008833		exact:budget_exhausted;strict:budget_exhausted
prioritized_arbiter_unreal1_pb_3_15_pe_.ltl	94c2c7d0fe68f64be143b8907755a71eda42935f18537e1aeef686657a8760c5	no	0.857154		exact:budget_exhausted;strict:budget_exhausted	no	1.008784		exact:budget_exhausted;strict:budget_exhausted
prioritized_arbiter_unreal1_pb_3_16_pe_.ltl	3765a5180666ec05b7a960297e18bd3343f2d490e3095fc4b446550f1ec5616e	no	0.856009		exact:budget_exhausted;strict:budget_exhausted	no	1.006582		exact:budget_exhausted;strict:budget_exhausted
prioritized_arbiter_unreal1_pb_3_1_pe_.ltl	86b79eacee6fc752fa3e257b298e5508ecd987e1243bcf48acadcc78d9254543	yes	0.075062	exact		yes	0.075590	exact	
prioritized_arbiter_unreal1_pb_3_2_pe_.ltl	09a449991697848e93674b8f2f83b99a6cc9058b75c58262f7c1735969978ffe	yes	0.078429	exact		yes	0.078700	exact	
prioritized_arbiter_unreal1_pb_3_3_pe_.ltl	58d1ca37ae814bef98ab9e2473d705821a83dbe433977b57f282253dc690b8c3	yes	0.084750	exact		yes	0.082569	exact	
prioritized_arbiter_unreal1_pb_3_4_pe_.ltl	b12feb75a9ab860c2ac06886e3eb623ce6de21a9f1abb02836a037792b81ab1e	yes	0.091297	exact		yes	0.087519	exact	
prioritized_arbiter_unreal1_pb_3_5_pe_.ltl	c950318188ed4a1b34e82cd641cfa7f923cdd186bda3ba223b009ca319292564	yes	0.107712	exact		yes	0.105829	exact	
prioritized_arbiter_unreal1_pb_3_6_pe_.ltl	8598a3226282d9addc507759d5891973bb530b6e136435fa4eb3448977a777dc	yes	0.139870	exact		yes	0.140847	exact	
prioritized_arbiter_unreal1_pb_3_7_pe_.ltl	ebd3b0673aee0dba6144a5615687e8b7edeb2c2b51c60aaac2d82cf9ae27784e	yes	0.233376	exact		yes	0.233730	exact	
prioritized_arbiter_unreal1_pb_3_8_pe_.ltl	faa3248d0652c996a94c3706f99c2fd2ad348c4789c95d3043140a18c6dec559	yes	0.497395	exact		yes	0.482416	exact	
prioritized_arbiter_unreal1_pb_3_9_pe_.ltl	bbaea855c253a1c3ec7b957ded41217a64bfcf0ff4b58576f498d0d591903e3c	no	0.857628		exact:budget_exhausted;strict:budget_exhausted	no	1.008106		exact:budget_exhausted;strict:budget_exhausted
prioritized_arbiter_unreal1_pb_4_10_pe_.ltl	d3adc0d692e8a2adef8eb29eb06a9a1ec02cbfbd76f52f0bb99559012007c53f	no	0.860751		exact:budget_exhausted;strict:budget_exhausted	no	1.013053		exact:budget_exhausted;strict:budget_exhausted
prioritized_arbiter_unreal1_pb_4_11_pe_.ltl	3e0aa69a4e2772335791be851b23d79a704e55ccd60b1b8fc1d2abd00b36e3a6	no	0.863559		exact:budget_exhausted;strict:budget_exhausted	no	1.015510		exact:budget_exhausted;strict:budget_exhausted
prioritized_arbiter_unreal1_pb_4_12_pe_.ltl	d891705db0918b20cac7277433a9e8f747d454faffceb08b7f1339bdb5626357	no	0.861955		exact:budget_exhausted;strict:budget_exhausted	no	1.012180		exact:budget_exhausted;strict:budget_exhausted
prioritized_arbiter_unreal1_pb_4_13_pe_.ltl	7a325973468032ede8b618370a2d5a1f4d4da5d5a075931e7a8d16f6b72fcc32	no	0.860115		exact:budget_exhausted;strict:budget_exhausted	no	1.010361		exact:budget_exhausted;strict:budget_exhausted
prioritized_arbiter_unreal1_pb_4_14_pe_.ltl	e94fa8804bc6755797a0e3af25e4f26d055c96a1133c3ed98785b9d2af49b838	no	0.857590		exact:budget_exhausted;strict:budget_exhausted	no	1.009367		exact:budget_exhausted;strict:budget_exhausted
prioritized_arbiter_unreal1_pb_4_15_pe_.ltl	262027c4cecddd5a5ab09b63b120490487b10f33c8100f9bc7dd117abc4eafe5	no	0.857788		exact:budget_exhausted;strict:budget_exhausted	no	1.008488		exact:budget_exhausted;strict:budget_exhausted
prioritized_arbiter_unreal1_pb_4_16_pe_.ltl	ca81baca451296fc320fdc165c38d7e5d16bfc2a334795fa17bc02e0e28c5871	no	0.856015		exact:budget_exhausted;strict:budget_exhausted	no	1.006341		exact:budget_exhausted;strict:budget_exhausted
prioritized_arbiter_unreal1_pb_4_1_pe_.ltl	7ed9cbf42c3896cc26016904b5aa0cdb9ff6feb944a5ffca06a4c34a58728290	yes	0.082911	exact		yes	0.083407	exact	
prioritized_arbiter_unreal1_pb_4_2_pe_.ltl	d2e8da4cc683ed3574560ae0cfb206b447945ddd2b86a24330367628f4b28930	yes	0.087638	exact		yes	0.087819	exact	
prioritized_arbiter_unreal1_pb_4_3_pe_.ltl	1c736223dde4eb4e0e877fa4ed45795c5389b99c8ce1013185c4cda230cbe3f1	yes	0.096910	exact		yes	0.098111	exact	
prioritized_arbiter_unreal1_pb_4_4_pe_.ltl	7659024324ca9765af4d4c632dfe54fbbaba826507f57eb09470a602a0db8cff	yes	0.116807	exact		yes	0.116739	exact	
prioritized_arbiter_unreal1_pb_4_5_pe_.ltl	7b17eba7a89cdaad6f7bf92dbc249b1c365c9636f64de1b110b8add383baa3a7	yes	0.152820	exact		yes	0.153502	exact	
prioritized_arbiter_unreal1_pb_4_6_pe_.ltl	a48ba3740d8dbdc82f20b2b4c9c2295b3ba34cdd6d3c03453d70fc97fbe6d4f9	yes	0.244112	exact		yes	0.247607	exact	
prioritized_arbiter_unreal1_pb_4_7_pe_.ltl	deed02c743d85b2734098e8c8ef2222c5ab5d549b8624d7cc946934631e7ec98	yes	0.484794	exact		yes	0.484132	exact	
prioritized_arbiter_unreal1_pb_4_8_pe_.ltl	47e7976180d2e31b057dafc614acd7b5aac581cfce376297068b74095c8ccb4b	no	0.854618		exact:budget_exhausted;strict:budget_exhausted	no	1.004699		exact:budget_exhausted;strict:budget_exhausted
prioritized_arbiter_unreal1_pb_4_9_pe_.ltl	1516a0b63c9b15ff6e13d90f6b9e22ffdffa8b305d05fd2640fd1078dbea7315	no	0.854267		exact:budget_exhausted;strict:budget_exhausted	no	1.007220		exact:budget_exhausted;strict:budget_exhausted
prioritized_arbiter_unreal1_pb_5_16_pe_.ltl	eebed44d2f0b6b97372adef7e5b5f228df2896a0bee387fd20ac8fae580dfeb2	no	0.857433		exact:budget_exhausted;strict:budget_exhausted	no	1.006200		exact:budget_exhausted;strict:budget_exhausted
prioritized_arbiter_unreal1_pb_5_2_pe_.ltl	055b6faa3b30e5a7ab8765a006be0b949f98c8d183f634ab15247d1eacfabd3c	yes	0.106099	exact		yes	0.105583	exact	
prioritized_arbiter_unreal1_pb_5_32_pe_.ltl	362e4fc1d3353ac0427c3b1f34042696a56995156fe135ea8b014d4a485b1eb1	no	0.856938		exact:budget_exhausted;strict:budget_exhausted	no	1.007485		exact:budget_exhausted;strict:budget_exhausted
prioritized_arbiter_unreal1_pb_5_4_pe_.ltl	78d6cc9d357b9afb158f28630f01cc86d07ed699fe967bd5ef4f5df066d79ade	yes	0.160471	exact		yes	0.160040	exact	
prioritized_arbiter_unreal1_pb_6_16_pe_.ltl	4e9a0fcd3f7df3ea077b33558ea3803203f4b283f015dfb6fb059766ae3a6b1f	no	0.856223		exact:budget_exhausted;strict:budget_exhausted	no	1.006196		exact:budget_exhausted;strict:budget_exhausted
prioritized_arbiter_unreal1_pb_6_2_pe_.ltl	8b07628ba42f607cca8cd732891e5a9beb5e77930c7a9c9816d91ff8ecc978e5	yes	0.132148	exact		yes	0.131209	exact	
prioritized_arbiter_unreal1_pb_6_32_pe_.ltl	72638baa380fa5990e086b3f80caea8b51dba680f91479812e5be441eb52e023	no	0.856565		exact:budget_exhausted;strict:budget_exhausted	no	1.007117		exact:budget_exhausted;strict:budget_exhausted
prioritized_arbiter_unreal1_pb_6_4_pe_.ltl	698eddd47e1ef1492ce7c2a34ddc7756c4865073280d4e39dad88fdea4225385	yes	0.246028	exact		yes	0.245356	exact	
prioritized_arbiter_unreal2_pb_100_pe_.ltl	aa7b70e8c53315b8edda7dd93df2ded7acf34a24bba82514eb3c1bb4102da79d	no	0.854275		exact:budget_exhausted;strict:budget_exhausted	no	1.004238		exact:budget_exhausted;strict:budget_exhausted
prioritized_arbiter_unreal2_pb_10_pe_.ltl	9a4c7e5adeda1bd291cb80adab91a727830f550c51e72de05ad94d57761ac3d8	yes	0.303874	exact		yes	0.308096	exact	
prioritized_arbiter_unreal2_pb_2_pe_.ltl	f5e6fd7fd0cac7e1fa9ccb4fc3dfcd2856465b7a5151cff7ed53b688550f9aa7	yes	0.072636	exact		yes	0.073191	exact	
prioritized_arbiter_unreal2_pb_30_pe_.ltl	5d6a924e50ba5e0a4541f10dc5889417f1a6c754fa6bb7e05124b83d04b06014	no	0.858058		exact:budget_exhausted;strict:budget_exhausted	no	1.009100		exact:budget_exhausted;strict:budget_exhausted
prioritized_arbiter_unreal2_pb_3_pe_.ltl	d03477965e3ec0a01489fe10ce5dd0121007b2a18ebabe0ff61b2ddce3cce682	yes	0.079943	exact		yes	0.079278	exact	
prioritized_arbiter_unreal2_pb_4_pe_.ltl	a02b0d5160f13f32255d5f81b6216db64ed769ff0720aac1d528bc440067ff40	yes	0.088941	exact		yes	0.087602	exact	
prioritized_arbiter_unreal2_pb_5_pe_.ltl	00412594994bc050a10057a844070b23445b097bbd232f0a22a96e91da381ed5	yes	0.102369	exact		yes	0.101992	exact	
prioritized_arbiter_unreal2_pb_60_pe_.ltl	a328420c13cd3ad19d37904ae1bf19a3e066ef1e12ab8548371ce773c4cba605	no	0.854190		exact:budget_exhausted;strict:budget_exhausted	no	1.004430		exact:budget_exhausted;strict:budget_exhausted
prioritized_arbiter_unreal2_pb_6_pe_.ltl	82d06c6020cf8a2a67bede87bd19cbdec9e9e7fcda355938aec0e4332a60af46	yes	0.123233	exact		yes	0.126193	exact	
prioritized_arbiter_unreal2_pb_7_pe_.ltl	4c1adbc1e3fb70dd0411368e9629a604b58c60583414f9015a0163ba3be02e10	yes	0.157299	exact		yes	0.156897	exact	
prioritized_arbiter_unreal2_pb_8_pe_.ltl	2765a60256b8905805ad766846f628e1f65480529845be1f8491b9a6f5a3df64	yes	0.198000	exact		yes	0.199069	exact	
reversible-lane-r-real.ltl	951d0db99a75bf58c20ab9c0c523793c3f50f9e2b34e8b6688af5bc539369f89	no	0.141383		exact:unsupported_or_failed;strict:unsupported_or_failed	no	0.135165		exact:unsupported_or_failed;strict:unsupported_or_failed
reversible-lane-u-unreal.ltl	ce525e17f8e7fe7d49c75c2e59745f51987cf7907f5bd0ba7f9cbfac1eff85be	no	0.137774		exact:unsupported_or_failed;strict:unsupported_or_failed	no	0.139794		exact:unsupported_or_failed;strict:unsupported_or_failed
reversible-lane-u0.ltl	50f56a3773c4a08e6c082f9f5a99fdd6f0922a9cd1994a95c2e53be8dce1678e	no	0.139675		exact:unsupported_or_failed;strict:unsupported_or_failed	no	0.137251		exact:unsupported_or_failed;strict:unsupported_or_failed
reversible-lane-u1.ltl	31f5ab24629998774a8c63d0920d23d524b50db5373898998ec03c1e8824fef5	no	0.137385		exact:unsupported_or_failed;strict:unsupported_or_failed	no	0.141252		exact:unsupported_or_failed;strict:unsupported_or_failed
robot-cat-real-1d-real.ltl	ab59b0ed48803abd9e25d800f02d09648cc6847f98c71d837352f827d3be7ffd	no	0.149924		exact:unsupported_or_failed;strict:unsupported_or_failed	no	0.145944		exact:unsupported_or_failed;strict:unsupported_or_failed
robot-cat-real-2d-real.ltl	45e7126caf097efde899a9d1577468477c0b0aff44180b20b6580b40db53e73f	no	0.174998		exact:unsupported_or_failed;strict:unsupported_or_failed	no	0.173640		exact:unsupported_or_failed;strict:unsupported_or_failed
robot-cat-unreal-1d-unreal.ltl	78966fb88b0e375540de88106a90282f8a78aa6afdc1fea8837074eac107624e	no	0.145887		exact:unsupported_or_failed;strict:unsupported_or_failed	no	0.147434		exact:unsupported_or_failed;strict:unsupported_or_failed
robot-cat-unreal-2d-unreal.ltl	5e51fcae116196b52a68e00c080bcae42884741c5a674cac864b6262930c3a0b	no	0.178319		exact:unsupported_or_failed;strict:unsupported_or_failed	no	0.176865		exact:unsupported_or_failed;strict:unsupported_or_failed
robot-grid-commute-1d-real.ltl	a4b8ef2016418661ee8bec4f6ff8d72073bd7138e0d7d4763d8c25c13c0a82d8	no	0.143380		exact:unsupported_or_failed;strict:unsupported_or_failed	no	0.143648		exact:unsupported_or_failed;strict:unsupported_or_failed
robot-grid-commute-2d-real.ltl	2396f0d82bde9dc582fe45ff344285bb6bfe548a6649901ff48cd24bd97399e4	no	0.151113		exact:unsupported_or_failed;strict:unsupported_or_failed	no	0.149073		exact:unsupported_or_failed;strict:unsupported_or_failed
robot-grid-reach-1d-real.ltl	531442a98c89b7c367c85ea9b2b35e4a91f9ad351bda64d5f3c9522f03daf33b	no	0.140068		exact:unsupported_or_failed;strict:unsupported_or_failed	no	0.154244		exact:unsupported_or_failed;strict:unsupported_or_failed
robot-grid-reach-2d-real.ltl	2a3f356d40a1119097f61d7556af20f2ae1f5e9120e22cc1c757f8f0551df471	no	0.146673		exact:unsupported_or_failed;strict:unsupported_or_failed	no	0.142543		exact:unsupported_or_failed;strict:unsupported_or_failed
robot-grid-reach-repeated-with-obstacles-1d-real.ltl	94f0d44a8c32b3916cb1a55e05a154e0707b3d254939f2f4b2d75e0439d8441a	no	0.132971		exact:unsupported_or_failed;strict:unsupported_or_failed	no	0.134182		exact:unsupported_or_failed;strict:unsupported_or_failed
robot-grid-reach-repeated-with-obstacles-2d-real.ltl	b3868ffcfc94d74073e81e8c6f34c882399f49d16346597bbdb487799ca8fd13	no	0.140473		exact:unsupported_or_failed;strict:unsupported_or_failed	no	0.138501		exact:unsupported_or_failed;strict:unsupported_or_failed
robot-grid-reach-repeated-with-obstacles-6d-real.ltl	48184bc722d9c921aee4b4df4d5fa2017f9139a7542ba24993868a5f0a2b769f	no	0.162236		exact:unsupported_or_failed;strict:unsupported_or_failed	no	0.160660		exact:unsupported_or_failed;strict:unsupported_or_failed
robot-resource-1d-unreal.ltl	c6d39370600990d70c010dbd69c82c66ebcbc15957419758a56b06e4db2e2e06	no	0.136717		exact:unsupported_or_failed;strict:unsupported_or_failed	no	0.133850		exact:unsupported_or_failed;strict:unsupported_or_failed
robot-resource-1d0.ltl	84175e8a904399a3a3fdc7475ddfb427d8997c3defdc0760e24cc47334054451	no	0.136506		exact:unsupported_or_failed;strict:unsupported_or_failed	no	0.136413		exact:unsupported_or_failed;strict:unsupported_or_failed
robot-resource-1d1.ltl	c0cb2480fe59aee3920d5ee5dbc0f2a43037cfc407579d377867e55f43cbd979	no	0.137983		exact:unsupported_or_failed;strict:unsupported_or_failed	no	0.136341		exact:unsupported_or_failed;strict:unsupported_or_failed
robot-resource-2d0.ltl	73a5926c17fdc891f9631270c433dffd49fe4325d9d9ea6748f03affc82c0812	no	0.138369		exact:unsupported_or_failed;strict:unsupported_or_failed	no	0.138884		exact:unsupported_or_failed;strict:unsupported_or_failed
robot-resource-2d1.ltl	db94279f791fdd0591fe2666a4ec6ccf3f19a460915b2e935b1e102fba5c661c	no	0.136760		exact:unsupported_or_failed;strict:unsupported_or_failed	no	0.137753		exact:unsupported_or_failed;strict:unsupported_or_failed
robot-resource-2d10.ltl	882054962b5ca144e094d34ef8ae58882020f1de4328bd1f80948841daecc606	no	0.145786		exact:unsupported_or_failed;strict:unsupported_or_failed	no	0.144331		exact:unsupported_or_failed;strict:unsupported_or_failed
robot-resource-2d11.ltl	70c960e53635bb308481efda87993e62316ea110fe83e774652ebda0a1a669d7	no	0.144141		exact:unsupported_or_failed;strict:unsupported_or_failed	no	0.143989		exact:unsupported_or_failed;strict:unsupported_or_failed
robot-resource-2d12.ltl	8da24ed601598f4255da1ce0d00477e867ffcdf5c69dad88f3bc4958eaa3154b	no	0.146084		exact:unsupported_or_failed;strict:unsupported_or_failed	no	0.143982		exact:unsupported_or_failed;strict:unsupported_or_failed
robot-resource-2d13.ltl	36deb35be66ced933b4d4503a5b7dca063f9c636b449ef0ed19b14ca41ecf51d	no	0.145962		exact:unsupported_or_failed;strict:unsupported_or_failed	no	0.149389		exact:unsupported_or_failed;strict:unsupported_or_failed
robot-resource-2d14.ltl	eeb13ff4879c1cd3d7b29616cc9c44c09cfda6528d71d99e1db7b024efee79d2	no	0.144991		exact:unsupported_or_failed;strict:unsupported_or_failed	no	0.146164		exact:unsupported_or_failed;strict:unsupported_or_failed
robot-resource-2d15.ltl	d5118d06f95093a290d753c1ebf9d8680ea4f20f07369ad2b380626332a63a8c	no	0.146353		exact:unsupported_or_failed;strict:unsupported_or_failed	no	0.145740		exact:unsupported_or_failed;strict:unsupported_or_failed
robot-resource-2d16.ltl	8286e95151374cf48307f2fc8b21a153dd73cc95eee3320cfd28b95b33eb92b5	no	0.149934		exact:unsupported_or_failed;strict:unsupported_or_failed	no	0.149447		exact:unsupported_or_failed;strict:unsupported_or_failed
robot-resource-2d17.ltl	e090bfb77b0fc3c01fcb3937f61a2cdf7c0c358d7a33c475b2ce18282b6dfd66	no	0.148401		exact:unsupported_or_failed;strict:unsupported_or_failed	no	0.148684		exact:unsupported_or_failed;strict:unsupported_or_failed
robot-resource-2d18.ltl	3bf2d63d7ea9cebfe3f6745c056ecc0173512909c5a6c5f110a84395f17bd74a	no	0.150337		exact:unsupported_or_failed;strict:unsupported_or_failed	no	0.147741		exact:unsupported_or_failed;strict:unsupported_or_failed
robot-resource-2d19.ltl	6dba1bb30f0aa5857b9276ee2ec9e242f7e01a7b29b9fe36d77a5f54763e185e	no	0.150134		exact:unsupported_or_failed;strict:unsupported_or_failed	no	0.148654		exact:unsupported_or_failed;strict:unsupported_or_failed
robot-resource-2d2.ltl	4260e2ef1d93ddf2444bdb4d1ef3faf6a596d198c964a161f51728b33eb53977	no	0.139013		exact:unsupported_or_failed;strict:unsupported_or_failed	no	0.138840		exact:unsupported_or_failed;strict:unsupported_or_failed
robot-resource-2d20.ltl	52e1349e28e44a4de9b39075b0e2c76074cb46472cd98db1db26bd322a047d41	no	0.150682		exact:unsupported_or_failed;strict:unsupported_or_failed	no	0.149951		exact:unsupported_or_failed;strict:unsupported_or_failed
robot-resource-2d21.ltl	96c680aa426252457437534a5f1ea2a863a548970ab76265f5a39312c09ac531	no	0.150527		exact:unsupported_or_failed;strict:unsupported_or_failed	no	0.151124		exact:unsupported_or_failed;strict:unsupported_or_failed
robot-resource-2d22.ltl	fa06c85063d0b32ffecee377818c18740f5b2b024f91cd04b8c86c17a3c25382	no	0.152244		exact:unsupported_or_failed;strict:unsupported_or_failed	no	0.155552		exact:unsupported_or_failed;strict:unsupported_or_failed
robot-resource-2d23.ltl	1c7c5a6e19655dc66aaf390c8ca3960fe9d2e0da2b80ce10e985fb48a740e866	no	0.150860		exact:unsupported_or_failed;strict:unsupported_or_failed	no	0.149883		exact:unsupported_or_failed;strict:unsupported_or_failed
robot-resource-2d3.ltl	855e36eee273c6441aa918ca1ee38726651448335330fb9e78cab9a56d3f1fbf	no	0.138581		exact:unsupported_or_failed;strict:unsupported_or_failed	no	0.140715		exact:unsupported_or_failed;strict:unsupported_or_failed
robot-resource-2d4.ltl	8ef356d3fd11cdbfdefad94f9452e8a85570a699c1d8624a42be5b3fa868f5e9	no	0.141166		exact:unsupported_or_failed;strict:unsupported_or_failed	no	0.141701		exact:unsupported_or_failed;strict:unsupported_or_failed
robot-resource-2d5.ltl	5f74b1fa422a162dff735cea01ac435461a7d73285f012b518878eed2b5dc707	no	0.142093		exact:unsupported_or_failed;strict:unsupported_or_failed	no	0.140682		exact:unsupported_or_failed;strict:unsupported_or_failed
robot-resource-2d6.ltl	9902b32061e06bf6b6f7aa644af8572d3c53cdd4468317acf941d27733114ecf	no	0.143085		exact:unsupported_or_failed;strict:unsupported_or_failed	no	0.142628		exact:unsupported_or_failed;strict:unsupported_or_failed
robot-resource-2d7.ltl	abe5981be94213705fe5b04dd60e7037e4bfcaf0db0b124d1519d07461b629fe	no	0.141893		exact:unsupported_or_failed;strict:unsupported_or_failed	no	0.141822		exact:unsupported_or_failed;strict:unsupported_or_failed
robot-resource-2d8.ltl	0d40b4778da0bc1e41bc2799096562e8ca7e2cb609aa2478d586e3838551e8ac	no	0.144424		exact:unsupported_or_failed;strict:unsupported_or_failed	no	0.143577		exact:unsupported_or_failed;strict:unsupported_or_failed
robot-resource-2d9.ltl	8eeb9978abdef5a87d8045ca63f7e65a32702f719ed688eac9ac476c354f726f	no	0.145169		exact:unsupported_or_failed;strict:unsupported_or_failed	no	0.143549		exact:unsupported_or_failed;strict:unsupported_or_failed
robot-tasks-real.ltl	a1d03d92e944f2086b48fb0c47d1c7de33c409ef6737eb792f67c653686f27cb	no	0.134968		exact:unsupported_or_failed;strict:unsupported_or_failed	no	0.135129		exact:unsupported_or_failed;strict:unsupported_or_failed
robot-to-target-charging-real.ltl	a5228a933a710b0994d9c09d293c51bdd2c317e50a3abe06be2109ac58c65a58	no	0.168231		exact:unsupported_or_failed;strict:unsupported_or_failed	no	0.166515		exact:unsupported_or_failed;strict:unsupported_or_failed
robot-to-target-charging-unreal0.ltl	175c2f1508174bb55c418defe75af864f76370875946a8671153d3467d222544	no	0.182992		exact:unsupported_or_failed;strict:unsupported_or_failed	no	0.180789		exact:unsupported_or_failed;strict:unsupported_or_failed
robot-to-target-charging-unreal1.ltl	6cdce2dd74c6956441d2527eb06d887b660c42f94663d968110bc0d4219b10d2	no	0.204363		exact:unsupported_or_failed;strict:unsupported_or_failed	no	0.202917		exact:unsupported_or_failed;strict:unsupported_or_failed
robot-to-target-charging-unreal2.ltl	51abc00419a52fe43e6cf2eaf86df32c765aea2aaf435c07053a3245d6c89e4e	no	0.221809		exact:unsupported_or_failed;strict:unsupported_or_failed	no	0.227510		exact:unsupported_or_failed;strict:unsupported_or_failed
robot-to-target-charging-unreal3.ltl	17e436af3fe4104ec826399b9e98b769e7e60721f06e6628ee9aa177c6d7de64	no	0.240532		exact:unsupported_or_failed;strict:unsupported_or_failed	no	0.231842		exact:unsupported_or_failed;strict:unsupported_or_failed
robot-to-target-charging-unreal4.ltl	476402b1d800a3941a2ae0e11828920961ec6d588e7ab0d9758c7d6ac65ceadc	no	0.274513		exact:unsupported_or_failed;strict:unsupported_or_failed	no	0.303827		exact:unsupported_or_failed;strict:unsupported_or_failed
robot-to-target-charging-unreal5.ltl	59790f6a9c73d3ebab7cf8a8c91642f5247c2d92dd6dbbcc3d2797a96a1bdf46	no	0.303767		exact:unsupported_or_failed;strict:unsupported_or_failed	no	0.302449		exact:unsupported_or_failed;strict:unsupported_or_failed
robot-to-target-charging-unreal6.ltl	db7bbd9af37e18445c50e4f8937a938b696e256d5440e3d1aa4cafe815aba203	no	0.339231		exact:unsupported_or_failed;strict:unsupported_or_failed	no	0.332197		exact:unsupported_or_failed;strict:unsupported_or_failed
robot-to-target-charging-unreal7.ltl	5e869b90cf25e3eb554793a56bea49fc35645ee3c2e63eabb401ef8c2e501f8b	no	0.356263		exact:unsupported_or_failed;strict:unsupported_or_failed	no	0.357182		exact:unsupported_or_failed;strict:unsupported_or_failed
robot-to-target-charging-unreal8.ltl	75d232584d965da245ccf2ffe41ee6f9cf64797fc7f2ed684be877254d7232c3	no	0.418627		exact:unsupported_or_failed;strict:unsupported_or_failed	no	0.420144		exact:unsupported_or_failed;strict:unsupported_or_failed
robot-to-target-charging0.ltl	5d67e7bc278170f89b723da5173281ded370670da69eecb32801979e25509b86	no	0.141123		exact:unsupported_or_failed;strict:unsupported_or_failed	no	0.140851		exact:unsupported_or_failed;strict:unsupported_or_failed
robot-to-target-charging1.ltl	55586f4b0719ee80e032430ea1c80cb8f9f893469b6cc3d30fff617a12946b84	no	0.143084		exact:unsupported_or_failed;strict:unsupported_or_failed	no	0.148447		exact:unsupported_or_failed;strict:unsupported_or_failed
robot-to-target-charging10.ltl	053cd22e678de68a4cbcacb99e212c86ea50682c5f66af91ffdb1448113d1dfe	no	0.150529		exact:unsupported_or_failed;strict:unsupported_or_failed	no	0.153557		exact:unsupported_or_failed;strict:unsupported_or_failed
robot-to-target-charging11.ltl	27c24220f11a761d77d540503bf8d7dc9cf38689cc6ac7fa13e3807f4c3e1244	no	0.154982		exact:unsupported_or_failed;strict:unsupported_or_failed	no	0.151260		exact:unsupported_or_failed;strict:unsupported_or_failed
robot-to-target-charging12.ltl	56cc27e0ac25237f3a904a3adf960003627731a103d9462c7da22896f088d6b4	no	0.153869		exact:unsupported_or_failed;strict:unsupported_or_failed	no	0.152762		exact:unsupported_or_failed;strict:unsupported_or_failed
robot-to-target-charging13.ltl	6567433f968ff79e8e8f89039514473ee3dcc999b85041b649a542277aecea3e	no	0.152308		exact:unsupported_or_failed;strict:unsupported_or_failed	no	0.153280		exact:unsupported_or_failed;strict:unsupported_or_failed
robot-to-target-charging14.ltl	2d1915ff326cc894e2e14aa28f506829a8c990d47fc3d5b8052abe4a060e2e95	no	0.151772		exact:unsupported_or_failed;strict:unsupported_or_failed	no	0.160300		exact:unsupported_or_failed;strict:unsupported_or_failed
robot-to-target-charging15.ltl	960833176c2003108b1cfe912e8ca971f0721694e1cc8f6cae4aa955f8904153	no	0.168355		exact:unsupported_or_failed;strict:unsupported_or_failed	no	0.159153		exact:unsupported_or_failed;strict:unsupported_or_failed
robot-to-target-charging16.ltl	9af32090175b3c24845196292c2f3d304158e96eb67aa072f534a89834945a01	no	0.159506		exact:unsupported_or_failed;strict:unsupported_or_failed	no	0.155677		exact:unsupported_or_failed;strict:unsupported_or_failed
robot-to-target-charging17.ltl	3fbd77df9e29839149d5a7cf3bb39e7be0d78a5579cd764593c923dd96d09f4d	no	0.159578		exact:unsupported_or_failed;strict:unsupported_or_failed	no	0.160418		exact:unsupported_or_failed;strict:unsupported_or_failed
robot-to-target-charging18.ltl	d2df54e6ed17d1c5d310c85a173e54e1abc83dad70c6ac683216f8d203dd93c8	no	0.159924		exact:unsupported_or_failed;strict:unsupported_or_failed	no	0.159444		exact:unsupported_or_failed;strict:unsupported_or_failed
robot-to-target-charging19.ltl	90262b3cdd7f01c7814abee5b3e2f111ac0afb8e416a9d72368a914a330788c8	no	0.159935		exact:unsupported_or_failed;strict:unsupported_or_failed	no	0.160684		exact:unsupported_or_failed;strict:unsupported_or_failed
robot-to-target-charging2.ltl	f954854a1ecb90a87ebe3722c58c1a8d12bb6ac9dfcaa7a813a37b1cc53b586f	no	0.145044		exact:unsupported_or_failed;strict:unsupported_or_failed	no	0.147536		exact:unsupported_or_failed;strict:unsupported_or_failed
robot-to-target-charging20.ltl	1660d34b7b813af2680d2909f860ec58854637f144a58a2faf1f8436cbbcbbde	no	0.163180		exact:unsupported_or_failed;strict:unsupported_or_failed	no	0.162955		exact:unsupported_or_failed;strict:unsupported_or_failed
robot-to-target-charging21.ltl	9feb004f82c7913ca322b85cca6d350726fcfee06e29d903c78d4da80f1f650a	no	0.162079		exact:unsupported_or_failed;strict:unsupported_or_failed	no	0.163229		exact:unsupported_or_failed;strict:unsupported_or_failed
robot-to-target-charging22.ltl	19d34bca038b5e8434acbd1c072caab5632453ce9b52029dfa65c5e7c56d10f8	no	0.163862		exact:unsupported_or_failed;strict:unsupported_or_failed	no	0.166359		exact:unsupported_or_failed;strict:unsupported_or_failed
robot-to-target-charging23.ltl	05252d917d7f6fa78094456186f6b393b131ae16b9e66547852478a63533b2bb	no	0.164092		exact:unsupported_or_failed;strict:unsupported_or_failed	no	0.162784		exact:unsupported_or_failed;strict:unsupported_or_failed
robot-to-target-charging24.ltl	a458c2e0ee75c4d0905926899f07840c7538504b355933be898686a88fb2b4b1	no	0.164790		exact:unsupported_or_failed;strict:unsupported_or_failed	no	0.164652		exact:unsupported_or_failed;strict:unsupported_or_failed
robot-to-target-charging25.ltl	e80a6ebb9d2475f821c414af128adde01d9437d9588c6cea7230cac09cac2d2d	no	0.164358		exact:unsupported_or_failed;strict:unsupported_or_failed	no	0.166884		exact:unsupported_or_failed;strict:unsupported_or_failed
robot-to-target-charging3.ltl	7508dd51595000293b5a6dfddc21357d605d1db523016edfe1170174f39da650	no	0.145716		exact:unsupported_or_failed;strict:unsupported_or_failed	no	0.146982		exact:unsupported_or_failed;strict:unsupported_or_failed
robot-to-target-charging4.ltl	e0e2219fcddfbbe1400c3b4ed62d797755967edfb2be7bddbccc25438fbf4ac0	no	0.146102		exact:unsupported_or_failed;strict:unsupported_or_failed	no	0.147374		exact:unsupported_or_failed;strict:unsupported_or_failed
robot-to-target-charging5.ltl	4385f6d86bc32e9e512e80791f72a2cd900d6bd77b4e6b20e53118aab063d627	no	0.144576		exact:unsupported_or_failed;strict:unsupported_or_failed	no	0.146847		exact:unsupported_or_failed;strict:unsupported_or_failed
robot-to-target-charging6.ltl	1d20cddb3dd0330f80e5d505d0d003860abfaf3f064cb6857b28123d1553a82a	no	0.151099		exact:unsupported_or_failed;strict:unsupported_or_failed	no	0.146994		exact:unsupported_or_failed;strict:unsupported_or_failed
robot-to-target-charging7.ltl	7fea5277c5efd60c4edebcd3a3ac8f74e7ba73f9f32447001cedeb7987c80e21	no	0.153769		exact:unsupported_or_failed;strict:unsupported_or_failed	no	0.147279		exact:unsupported_or_failed;strict:unsupported_or_failed
robot-to-target-charging8.ltl	90a94242cc7170e41b14c238b9c73dff88ca9591a5f49ca2b3d9f555a7042a58	no	0.150441		exact:unsupported_or_failed;strict:unsupported_or_failed	no	0.149759		exact:unsupported_or_failed;strict:unsupported_or_failed
robot-to-target-charging9.ltl	1c30adc645a939ebc100e0c13ab69c41f60af8c4fab4a43aa86c365e36542781	no	0.150991		exact:unsupported_or_failed;strict:unsupported_or_failed	no	0.154029		exact:unsupported_or_failed;strict:unsupported_or_failed
robot-to-target-unreal0.ltl	a1a1c1c7e6555d2992c8f6d03785991a72e6041704db015fda29a799125d7781	no	0.726179		exact:unsupported_or_failed;strict:unsupported_or_failed	no	0.715107		exact:unsupported_or_failed;strict:unsupported_or_failed
robot-to-target0.ltl	7af2ef3ffdbbd11c423e54a5276bb1b18cc0c94f9a8f576ea1cf1524898b90e1	no	0.743669		exact:unsupported_or_failed;strict:unsupported_or_failed	no	0.743028		exact:unsupported_or_failed;strict:unsupported_or_failed
robot_analyze_samples_v1-real.ltl	369bb38c31f614f42e6422f6a604f9dfcff9d2c5d4d4536dca8b4cecdb0467ae	no	0.148135		exact:unsupported_or_failed;strict:unsupported_or_failed	no	0.149132		exact:unsupported_or_failed;strict:unsupported_or_failed
robot_collect_samples_v1-real.ltl	8137fd2aa667e43de8eb8e01d601eee60cf8cb2d3b24093b186c2469d13c94c9	no	0.143492		exact:unsupported_or_failed;strict:unsupported_or_failed	no	0.142781		exact:unsupported_or_failed;strict:unsupported_or_failed
robot_collect_samples_v2-real.ltl	08b35e5ce0d7580ca380ca09cf8a2ad5bd03ec708d45f6c7a0a9c89c71a54084	no	0.140347		exact:unsupported_or_failed;strict:unsupported_or_failed	no	0.140037		exact:unsupported_or_failed;strict:unsupported_or_failed
robot_collect_samples_v3-real.ltl	9a31ba6678a9efb61643e571be784e9a0e484f4d0bbd228b414e314fa612fa3c	no	0.153297		exact:unsupported_or_failed;strict:unsupported_or_failed	no	0.151773		exact:unsupported_or_failed;strict:unsupported_or_failed
robot_collect_samples_v4-real.ltl	cc7e8258b2f35283a7e1c497149e920b161bb078f9fc253153feb9d9f1af5f97	no	0.150981		exact:unsupported_or_failed;strict:unsupported_or_failed	no	0.151202		exact:unsupported_or_failed;strict:unsupported_or_failed
robot_deliver_products_1-real.ltl	28a7e19104de91ef5228d5813fda550aa9e33391fa939e9c67162b5bdd2df7b9	no	0.153081		exact:unsupported_or_failed;strict:unsupported_or_failed	no	0.153872		exact:unsupported_or_failed;strict:unsupported_or_failed
robot_deliver_products_20.ltl	5698a1252b12989d13f5a6a2c0da5677ff32254938d4630b23f3f3a83f4ed1e4	no	0.184027		exact:unsupported_or_failed;strict:unsupported_or_failed	no	0.185600		exact:unsupported_or_failed;strict:unsupported_or_failed
robot_deliver_products_30.ltl	58d1328f11d62184e33bbdd498a0f4ef577f7dfa40ba242281643c5c281d5dac	no	0.195254		exact:unsupported_or_failed;strict:unsupported_or_failed	no	0.193899		exact:unsupported_or_failed;strict:unsupported_or_failed
robot_deliver_products_40.ltl	c7d8fd7c8b5ca3383bbe046a0bf6b7c32203ad926c8d561606e9cba5b901b4f0	no	0.212781		exact:unsupported_or_failed;strict:unsupported_or_failed	no	0.212616		exact:unsupported_or_failed;strict:unsupported_or_failed
robot_deliver_products_50.ltl	0b3d9adc1aae84c31c40b2615c26aef88bd4a2c80ad07ffb93060d5686ea700a	no	0.224632		exact:unsupported_or_failed;strict:unsupported_or_failed	no	0.223158		exact:unsupported_or_failed;strict:unsupported_or_failed
robot_grid_pb_2_2_pe_.ltl	ffe426ad0760e977e140e72c004ce8402c4f24ce78ae89315f8d22aafe2c1170	no	0.854835		exact:budget_exhausted;strict:budget_exhausted	yes	0.953290	exact	
robot_grid_pb_3_3_pe_.ltl	a62b51ad95c88b72ea6deb8299dbbca5dfe28ee1b3203843deda5494b9260d28	no	0.854702		exact:budget_exhausted;strict:budget_exhausted	no	1.004527		exact:budget_exhausted;strict:budget_exhausted
robot_grid_pb_4_4_pe_.ltl	1477f706e9681e3b13cf4a3e7197b7b887154357346e00825667873caee2e72e	no	0.865222		exact:budget_exhausted;strict:budget_exhausted	no	1.025669		exact:budget_exhausted;strict:budget_exhausted
robot_grid_pb_5_1_pe_.ltl	4dc1054699a41025febbfaf4b26fac95c58e878ffab361f0b88b09330823d625	no	0.854726		exact:budget_exhausted;strict:budget_exhausted	no	1.004700		exact:budget_exhausted;strict:budget_exhausted
robot_grid_pb_5_5_pe_.ltl	c2433a1be4dd8e46e437712aae96805b3e7c77e3bdc82dfd6f74a060a3931388	no	0.854346		exact:budget_exhausted;strict:budget_exhausted	no	1.004779		exact:budget_exhausted;strict:budget_exhausted
robot_grid_pb_6_1_pe_.ltl	00fd4e6e8b59db9b08bb2d44da13662a6985ac46da45cace57e1af572fde24e6	no	0.855146		exact:budget_exhausted;strict:budget_exhausted	no	1.004349		exact:budget_exhausted;strict:budget_exhausted
robot_grid_pb_6_6_pe_.ltl	1705c35875c2e42b8c78329f6c9acce33906d9a7421e6674de759e0832b61464	no	0.855106		exact:budget_exhausted;strict:budget_exhausted	no	1.004963		exact:budget_exhausted;strict:budget_exhausted
robot_grid_pb_7_7_pe_.ltl	303354fdc069275413ad8ddad5e9ca8f2d6ff28422c548bed4e70e70876ea82f	no	0.855762		exact:budget_exhausted;strict:budget_exhausted	no	1.005225		exact:budget_exhausted;strict:budget_exhausted
robot_grid_pb_8_8_pe_.ltl	a03de3b0bd8814cb539e70da51f37a183c44732de63662cfce524ed5817910b6	no	0.854509		exact:budget_exhausted;strict:budget_exhausted	no	1.004550		exact:budget_exhausted;strict:budget_exhausted
robot_repair0.ltl	7eddd8e528babaeea54b5768f32d98bddede1aeb3224d20a2a291a98bdb59e20	no	0.151347		exact:unsupported_or_failed;strict:unsupported_or_failed	no	0.150795		exact:unsupported_or_failed;strict:unsupported_or_failed
robot_repair1.ltl	4943cb7d9c9c5ec6005a3263059af7fcc5c1b8e6dbe86bdcd9c72e016e3b726b	no	0.151800		exact:unsupported_or_failed;strict:unsupported_or_failed	no	0.153184		exact:unsupported_or_failed;strict:unsupported_or_failed
robot_repair2.ltl	c25b537330ae7b4ac5bf07773ac3bf3f1ed12916740fb3294b86a23e79b58845	no	0.153743		exact:unsupported_or_failed;strict:unsupported_or_failed	no	0.157172		exact:unsupported_or_failed;strict:unsupported_or_failed
robot_repair3.ltl	56a5d18e47f148a568b345bb0c50577e3f979befad38d11741252d5ecefe6399	no	0.153785		exact:unsupported_or_failed;strict:unsupported_or_failed	no	0.153244		exact:unsupported_or_failed;strict:unsupported_or_failed
robot_repair4.ltl	545d1f6de64e43209c90d3213b3b39d3704c6ec9d8ed2a272ed8cd4f92d040e5	no	0.155092		exact:unsupported_or_failed;strict:unsupported_or_failed	no	0.154002		exact:unsupported_or_failed;strict:unsupported_or_failed
robot_repair5.ltl	083a003a31c074fec41e91c82d1b7a5fc59918e8ed4b3c6e60334e290279ca58	no	0.188931		exact:unsupported_or_failed;strict:unsupported_or_failed	no	0.191126		exact:unsupported_or_failed;strict:unsupported_or_failed
robot_running-real.ltl	72091a36223a093067b005417ad3a56a0b7fd087ee51d602e959558aa0224865	no	0.147949		exact:unsupported_or_failed;strict:unsupported_or_failed	no	0.146365		exact:unsupported_or_failed;strict:unsupported_or_failed
round_robin_arbiter_pb_10_pe_.ltl	25528de2e4d7e251f35615340fe23147c516ad591273005eb492362d2c57a840	yes	0.127125	exact		yes	0.130877	exact	
round_robin_arbiter_pb_2_pe_.ltl	7b1bc9556b43579717eac8bd665e0e1be5d2b77cd735630a4ce06bfa64f41549	yes	0.070539	exact		yes	0.072465	exact	
round_robin_arbiter_pb_3_pe_.ltl	80aec00d0bf86748744de4570545765f3e10c865c6d402c8156f7acb75cda5e6	yes	0.078697	exact		yes	0.074412	exact	
round_robin_arbiter_pb_4_pe_.ltl	68500a6fffe856eff72062d3568a81f627d5b12262a2a26d439f2b54a36d1d90	yes	0.082534	exact		yes	0.079772	exact	
round_robin_arbiter_pb_5_pe_.ltl	37118b38c11775acf7e9d2546b3e073efdff5b49478cce489b4473cc1fa56866	yes	0.088232	exact		yes	0.090578	exact	
round_robin_arbiter_pb_6_pe_.ltl	69c19d7216a105a255769b525d738184a7927ede230d1d8c792cba16a5feda15	yes	0.090813	exact		yes	0.094217	exact	
round_robin_arbiter_pb_7_pe_.ltl	5271db0c0a854ab3d559d0a4e25acbf5e11b2f6b339bf4ca809611c5d87311a1	yes	0.104001	exact		yes	0.098242	exact	
round_robin_arbiter_pb_8_pe_.ltl	2e2f505de873199c3d38d411096c88ecd6b45b54d889e0d9247e8984a6744d33	yes	0.111179	exact		yes	0.106468	exact	
round_robin_arbiter_unreal1_pb_2_10_pe_.ltl	0c36e4e0de3980b44bd60105d08f950a865b85c04d9dea7a33cd424e9f12dd66	no	0.861533		exact:budget_exhausted;strict:budget_exhausted	no	1.011251		exact:budget_exhausted;strict:budget_exhausted
round_robin_arbiter_unreal1_pb_2_11_pe_.ltl	371ae84e76572f036f8e737e4c60bcb9ea25fb5563bbad4d82903d8d0526fc8a	no	0.862880		exact:budget_exhausted;strict:budget_exhausted	no	1.015173		exact:budget_exhausted;strict:budget_exhausted
round_robin_arbiter_unreal1_pb_2_12_pe_.ltl	6b06d5e135a7a2e56c6a1335671da8ff348cef970cfd9c76d58300228400a030	no	0.860072		exact:budget_exhausted;strict:budget_exhausted	no	1.011932		exact:budget_exhausted;strict:budget_exhausted
round_robin_arbiter_unreal1_pb_2_13_pe_.ltl	2bc3da11fbf2e436885f8c31a90a8ef17af4e163915d1c0184521a520ce530eb	no	0.858791		exact:budget_exhausted;strict:budget_exhausted	no	1.009251		exact:budget_exhausted;strict:budget_exhausted
round_robin_arbiter_unreal1_pb_2_14_pe_.ltl	108d6b690f554a6a2630ae6530c004ff252cb305b8396229b2df26360703e729	no	0.856922		exact:budget_exhausted;strict:budget_exhausted	no	1.008323		exact:budget_exhausted;strict:budget_exhausted
round_robin_arbiter_unreal1_pb_2_15_pe_.ltl	bc37040eed509f56a8f94a2d774714e12ef2815b5be941379698acad56a8f1a0	no	0.857483		exact:budget_exhausted;strict:budget_exhausted	no	1.008890		exact:budget_exhausted;strict:budget_exhausted
round_robin_arbiter_unreal1_pb_2_16_pe_.ltl	9692f6d95b44ec1d11e95d94bda59969d965112936650d1c0c8fecf376e99095	no	0.856679		exact:budget_exhausted;strict:budget_exhausted	no	1.006552		exact:budget_exhausted;strict:budget_exhausted
round_robin_arbiter_unreal1_pb_2_1_pe_.ltl	c92f3be206a19e5864c0230be9ac112ea9dd53788d5f383112fd4d7ed3417afc	yes	0.073469	exact		yes	0.074484	exact	
round_robin_arbiter_unreal1_pb_2_2_pe_.ltl	4cee827d9b70050cf41121eb0b2b1b16aa7e1db359faf94039391c87b7260cd4	yes	0.075567	exact		yes	0.075829	exact	
round_robin_arbiter_unreal1_pb_2_3_pe_.ltl	1eef04336db83b510ed150973d842c0fa169065d35359ae82c56407fb0ad3bb8	yes	0.077409	exact		yes	0.077363	exact	
round_robin_arbiter_unreal1_pb_2_4_pe_.ltl	1d5aba1753dd9671786433e3a4c9c43f3087554dbb8dbaa83b51646cd5e21ef6	yes	0.080135	exact		yes	0.080077	exact	
round_robin_arbiter_unreal1_pb_2_5_pe_.ltl	2c63127d65a1b8956334fdf7832051dd07fe95c6fe5c1e9b73728f49ba3cfbc8	yes	0.085892	exact		yes	0.085800	exact	
round_robin_arbiter_unreal1_pb_2_6_pe_.ltl	b3a7a8ec5117c2d1609f59857f788c84639868bbdf99d9f0ccfcdf96f2cd1941	yes	0.098584	exact		yes	0.092875	exact	
round_robin_arbiter_unreal1_pb_2_7_pe_.ltl	48e4bc5e2cd7f8c6efb06f959cc21a5fbb630698efdc3ca2fc587284e0293d2f	yes	0.128579	exact		yes	0.123987	exact	
round_robin_arbiter_unreal1_pb_2_8_pe_.ltl	2a5168e412ddd5a5195f2c8e5d2602d7c3ddcf26e1ceb5b7a3a5b19112dc88ca	yes	0.210023	exact		yes	0.213938	exact	
round_robin_arbiter_unreal1_pb_2_9_pe_.ltl	3993604bb5ef27d03797a50716240deefc1ccf4b1d0bb2831368aa58b1cec6e3	yes	0.535083	exact		yes	0.495065	exact	
round_robin_arbiter_unreal1_pb_3_10_pe_.ltl	2f9a27726df00d0267dfc59285a9bf1eab26f4e96bf5b10fecfd7f8535ea44e1	no	0.861203		exact:budget_exhausted;strict:budget_exhausted	no	1.012027		exact:budget_exhausted;strict:budget_exhausted
round_robin_arbiter_unreal1_pb_3_11_pe_.ltl	403802d7e041ad7e0767000c303ad5a97545f028c31d7ae80e9765fb58a28302	no	0.861959		exact:budget_exhausted;strict:budget_exhausted	no	1.013905		exact:budget_exhausted;strict:budget_exhausted
round_robin_arbiter_unreal1_pb_3_12_pe_.ltl	69a083da883de3f903a63f41dc49ecbd2966872ad44078e6b71f08947137c479	no	0.860632		exact:budget_exhausted;strict:budget_exhausted	no	1.011474		exact:budget_exhausted;strict:budget_exhausted
round_robin_arbiter_unreal1_pb_3_13_pe_.ltl	dddf19c55ae86998e149d7426b818962e95a85d0db9807c5920037b1e2eb72fd	no	0.858801		exact:budget_exhausted;strict:budget_exhausted	no	1.009925		exact:budget_exhausted;strict:budget_exhausted
round_robin_arbiter_unreal1_pb_3_14_pe_.ltl	e0e7ce644d8d14c868caddc105b59288960ff674e03d7ba6d1a551f20870fac4	no	0.858128		exact:budget_exhausted;strict:budget_exhausted	no	1.008687		exact:budget_exhausted;strict:budget_exhausted
round_robin_arbiter_unreal1_pb_3_15_pe_.ltl	2d9c889f60d392bdab05644afcdeca307b47b145c3cfde99a8328ff229348566	no	0.859041		exact:budget_exhausted;strict:budget_exhausted	no	1.009413		exact:budget_exhausted;strict:budget_exhausted
round_robin_arbiter_unreal1_pb_3_16_pe_.ltl	0337936ce912628fee2cf3acb5db9640d10f0270c7b3c53ff4c4bbac8a803ba3	no	0.858077		exact:budget_exhausted;strict:budget_exhausted	no	1.006523		exact:budget_exhausted;strict:budget_exhausted
round_robin_arbiter_unreal1_pb_3_1_pe_.ltl	26dadcf7ed9e36e8785cf4008f31d8b3c1b8c8dd95a040858d031107d9516cbb	yes	0.081530	exact		yes	0.081202	exact	
round_robin_arbiter_unreal1_pb_3_20_pe_.ltl	0303a267cc5cdc25ae4543c34c1d01cb5f3451b5026c737affeb07214b50b124	no	0.856723		exact:budget_exhausted;strict:budget_exhausted	no	1.007280		exact:budget_exhausted;strict:budget_exhausted
round_robin_arbiter_unreal1_pb_3_22_pe_.ltl	56c9f2fda059859d47932e434b4a079d8057938f5d3df193386f456ca7b8aeed	no	0.856540		exact:budget_exhausted;strict:budget_exhausted	no	1.006862		exact:budget_exhausted;strict:budget_exhausted
round_robin_arbiter_unreal1_pb_3_2_pe_.ltl	a31240e1567c7bed4f6b90929a2f1c68969a9af00778dc07f70ecd4d1ae510df	yes	0.087107	exact		yes	0.087695	exact	
round_robin_arbiter_unreal1_pb_3_3_pe_.ltl	09babb9b71c08578d83de341427bcdc266e132f4d5408e3dec36f9bc468f6485	yes	0.090032	exact		yes	0.087345	exact	
round_robin_arbiter_unreal1_pb_3_4_pe_.ltl	073112ac0d05f254472541ea22597b1eb7833ecf337d61ad892bcbb67d933365	yes	0.098903	exact		yes	0.094272	exact	
round_robin_arbiter_unreal1_pb_3_50_pe_.ltl	89376b36e0f47e11c2c4e08ac6c2efebfa631e64c7d200caefdc8f09a1e75ca6	no	0.858270		exact:budget_exhausted;strict:budget_exhausted	no	1.007280		exact:budget_exhausted;strict:budget_exhausted
round_robin_arbiter_unreal1_pb_3_5_pe_.ltl	93c02328b770c7406263c98fb73042ce134d106f1f4efe7c6fa983502b1a87ed	yes	0.116601	exact		yes	0.118447	exact	
round_robin_arbiter_unreal1_pb_3_6_pe_.ltl	21776d90a25d41ba679a487dcc0e6395b50ad3689f20e1df203aa085de820ff8	yes	0.164398	exact		yes	0.164805	exact	
round_robin_arbiter_unreal1_pb_3_7_pe_.ltl	926b1082881d55db7292582ef21260bebd43a09baf05ba1f37f7c8eb59a4be5d	yes	0.276040	exact		yes	0.276908	exact	
round_robin_arbiter_unreal1_pb_3_8_pe_.ltl	c87513801f06ab80e7b2c4815f18c01403a053280f629594fb1facd031a7515f	yes	0.571455	exact		yes	0.571574	exact	
round_robin_arbiter_unreal1_pb_3_9_pe_.ltl	f93a14bd30a961a59a1a647c511c05543b5b8b32babe183be613e12995fedfa3	no	0.858322		exact:budget_exhausted;strict:budget_exhausted	no	1.005134		exact:budget_exhausted;strict:budget_exhausted
round_robin_arbiter_unreal1_pb_4_10_pe_.ltl	42a870f2d7b624a6a7ddceedaceeb63a88ac659affcbb70454708d080ec0f8b9	no	0.860037		exact:budget_exhausted;strict:budget_exhausted	no	1.011687		exact:budget_exhausted;strict:budget_exhausted
round_robin_arbiter_unreal1_pb_4_11_pe_.ltl	349e63aba9d03250ff9dd2f12e1afa6cf87bff14cd3ed3ac814078e744d34650	no	0.862254		exact:budget_exhausted;strict:budget_exhausted	no	1.014945		exact:budget_exhausted;strict:budget_exhausted
round_robin_arbiter_unreal1_pb_4_12_pe_.ltl	e7c0ee7bfc5576d28291f7d753e7219ba41a341c06df087e97a74c0f017a0feb	no	0.860870		exact:budget_exhausted;strict:budget_exhausted	no	1.012692		exact:budget_exhausted;strict:budget_exhausted
round_robin_arbiter_unreal1_pb_4_13_pe_.ltl	a8db73225108719df3007e84c1f26933f3c1cd6cfa82c7ba2a629e2f91366cba	no	0.858189		exact:budget_exhausted;strict:budget_exhausted	no	1.010155		exact:budget_exhausted;strict:budget_exhausted
round_robin_arbiter_unreal1_pb_4_14_pe_.ltl	783dc5afe619140766e57bf3dffb7fd4b0445e02ef37c14ca0ee4820bd6e968e	no	0.858014		exact:budget_exhausted;strict:budget_exhausted	no	1.008375		exact:budget_exhausted;strict:budget_exhausted
round_robin_arbiter_unreal1_pb_4_15_pe_.ltl	82cbe078469f7bffaf28b47f566cde5574a7f86f4e1addbb12789617f8bad2ec	no	0.857743		exact:budget_exhausted;strict:budget_exhausted	no	1.008674		exact:budget_exhausted;strict:budget_exhausted
round_robin_arbiter_unreal1_pb_4_1_pe_.ltl	8ee30bb8d3a9d5280851c3d97b359d3b11247ce3ec2924e4de1ed5377698a139	yes	0.096457	exact		yes	0.090685	exact	
round_robin_arbiter_unreal1_pb_4_2_pe_.ltl	d71114cab6f565f66087aa84d2c31ae1d77c3e318729d442179424082afb8774	yes	0.099736	exact		yes	0.101407	exact	
round_robin_arbiter_unreal1_pb_4_3_pe_.ltl	8ebef951a7e914abde8ec37f711a9cc15e7841a792eeaeee80816a4a1724490b	yes	0.114650	exact		yes	0.112244	exact	
round_robin_arbiter_unreal1_pb_4_4_pe_.ltl	73e258ebf79b1a269d4038b106f00ebc2dd9de7f7e62752d189df1105514f1b4	yes	0.137027	exact		yes	0.137722	exact	
round_robin_arbiter_unreal1_pb_4_5_pe_.ltl	71efb7843e68f0bffc62195b57d4ce777278abb8689795a2b2fdf8063b591ffc	yes	0.186285	exact		yes	0.186320	exact	
round_robin_arbiter_unreal1_pb_4_6_pe_.ltl	4d61f4d1d0db4b938f827b3605ccea2f05cb55a7eb3ee646d96c692c2b387040	yes	0.310618	exact		yes	0.308326	exact	
round_robin_arbiter_unreal1_pb_4_7_pe_.ltl	37b058a916b92e46a5a0086d36e2d8b71784c52d2cdb898f39c99cb0e32b0a7e	yes	0.577318	exact		yes	0.548789	exact	
round_robin_arbiter_unreal1_pb_4_8_pe_.ltl	7dd3fc6b542d6d21a435b914c4a75cf06094be300b234c46dbc6afd431d635a2	no	0.854603		exact:budget_exhausted;strict:budget_exhausted	no	1.004875		exact:budget_exhausted;strict:budget_exhausted
round_robin_arbiter_unreal1_pb_4_9_pe_.ltl	fc0ab88e5397170b11559532574553cd5a58b80302f26238a70f3632c3c7b0ad	no	0.855794		exact:budget_exhausted;strict:budget_exhausted	no	1.005156		exact:budget_exhausted;strict:budget_exhausted
round_robin_arbiter_unreal2_pb_2_pe_.ltl	1d2efe4a482915c316c761b9fbbf2128e38defdcbb9de3b7a2e494b32953f16d	yes	0.074153	exact		yes	0.075403	exact	
round_robin_arbiter_unreal2_pb_3_pe_.ltl	71588f323b2b31357525710759d0420cdb6d137d17e4b3e16116c91606b7f577	yes	0.082409	exact		yes	0.083569	exact	
round_robin_arbiter_unreal2_pb_4_pe_.ltl	2d4939672260cd86a72cd6d16551ecd1d8eccea5a2b91011047f3183f62fad66	yes	0.099328	exact		yes	0.099611	exact	
round_robin_arbiter_unreal2_pb_5_pe_.ltl	889039f65db9237d8f0d0b65ab85aeb542762feebb0af7cbe27eb067888c83fd	yes	0.118940	exact		yes	0.121707	exact	
round_robin_arbiter_unreal2_pb_6_pe_.ltl	78320905f3a0a41b6548a1d9788f232b177009e214dcdfeefc29f48c91e4610d	yes	0.152862	exact		yes	0.151534	exact	
round_robin_arbiter_unreal2_pb_7_pe_.ltl	7686a86013e7f485ab6c1fa7398376428993bea08640ffb805497adf054abb72	yes	0.192912	exact		yes	0.192839	exact	
rw_arbiter_pb_1_pe_.ltl	cefa1f5a8f8b96a54f55fac3861cd27b9c4a2807da441b2701b5871c1ba6ca67	yes	0.076204	exact		yes	0.077278	exact	
rw_arbiter_pb_2_pe_.ltl	bb468728d92ecf3cf3585244f3df58c4755066a50c5ccbb4707b1ac4c1ed93df	yes	0.093437	exact		yes	0.086945	exact	
rw_arbiter_pb_3_pe_.ltl	7b3ba1d980f9b7e3746d22d51ba95e8a282baca3a366fa5f6de9912dd2ea93bc	yes	0.112720	exact		yes	0.113637	exact	
rw_arbiter_pb_4_pe_.ltl	43e9932662478df52c437e2cb821d701a0890a9b3b300e57e6c1a6e5ee95aee0	yes	0.142701	exact		yes	0.141528	exact	
rw_arbiter_pb_5_pe_.ltl	7e5c5838bb6677e61c1b1f5982276ba18983b3703778ad5c9f78394f735f8dd4	yes	0.180425	exact		yes	0.180825	exact	
scheduler-real.ltl	739b21c6a1ad7e6d0850e99bc09b30667cdd273a7655232fb9bebe235d86e17d	no	0.153980		exact:unsupported_or_failed;strict:unsupported_or_failed	no	0.154560		exact:unsupported_or_failed;strict:unsupported_or_failed
shift_pb_100_pe_.ltl	bf29ffe6240d6b802f3044ef8877b39a3e2943cacf870348a3441aa4e41f37f2	yes	0.386477	exact		yes	0.387798	exact	
shift_pb_10_pe_.ltl	1991b99b7e8be353996de835497a15ac2efcf60239378fd36f21b32a210f8f6d	yes	0.073600	exact		yes	0.074332	exact	
shift_pb_125_pe_.ltl	937e3b9a6432de9a28a796e619682627027789c5d90283f4a078d0b7b2e80683	yes	0.569849	exact		yes	0.582469	exact	
shift_pb_12_pe_.ltl	5b2344f5c2f5447b02c3552b28e0b11c815fa145f6206af7cf7c72285e8dc662	yes	0.076285	exact		yes	0.074660	exact	
shift_pb_132_pe_.ltl	b6a18a17eecd278a59a99c0e3d5704877502b0286c3676702c94ef3e33d7aaa2	yes	0.645418	exact		yes	0.634231	exact	
shift_pb_16_pe_.ltl	d6084c641eea00942034736101c2237e386c7c3ea32a7b237756b03a3c6b70ed	yes	0.079113	exact		yes	0.078387	exact	
shift_pb_250_pe_.ltl	026cbbb796442fc1dda8ddcae88fba654fe3301df0a199a03c09a0b78943217d	no	0.854320		exact:budget_exhausted;strict:budget_exhausted	no	1.005034		exact:budget_exhausted;strict:budget_exhausted
shift_pb_32_pe_.ltl	13cd0a791474348a66311b0bfb6a4c1f959e5f1fb9b6915ca8d1c410c16e3a2b	yes	0.109080	exact		yes	0.108542	exact	
shift_pb_500_pe_.ltl	758ed0601a41bb151aeb1bdd4214f21191ff06519f1c3c4a6e97f825847ba033	no	0.854069		exact:budget_exhausted;strict:budget_exhausted	no	1.004593		exact:budget_exhausted;strict:budget_exhausted
shift_pb_64_pe_.ltl	a38036bf69fcce7172398e0315aaf6c3692297d514128ab6bf4ba64538dca3a3	yes	0.212071	exact		yes	0.211939	exact	
shift_pb_8_pe_.ltl	4ca66da9be7596361cd6bc1c63d003aa45dbf4d591f67f5e4e9bef1bd36735aa	yes	0.073386	exact		yes	0.072962	exact	
simple_arbiter_enc_pb_10_pe_.ltl	187cde948cc0d88d0c1d2162c4f8b4179b1790f45f7122f8b2bfc42bed8195dd	yes	0.108909	exact		yes	0.108585	exact	
simple_arbiter_enc_pb_11_pe_.ltl	777f868835c095caf5696bdd7c5a0cc0155e6be735991f4d424594e0cfc11c50	yes	0.105513	exact		yes	0.108954	exact	
simple_arbiter_enc_pb_12_pe_.ltl	f97956493f3c613619512bbd072c7bc466da2ffef24b34aee4562c6b7772bf64	yes	0.114180	exact		yes	0.109442	exact	
simple_arbiter_enc_pb_13_pe_.ltl	724ebc52cfcc9e4cc5a90c19f6ab58443dc0c5581bafcfb1939e6e4c3f3a9613	yes	0.115445	exact		yes	0.115618	exact	
simple_arbiter_enc_pb_14_pe_.ltl	1dbc22839e0905a061757acdce07cf5fb0b39d3f4c54fac08b0201f4a91cb523	yes	0.119450	exact		yes	0.118945	exact	
simple_arbiter_enc_pb_15_pe_.ltl	8ace5e8d8ad7e2b00b93c5d68dbef2a18ea2e25606eb9b221558716b1b05fd37	yes	0.122293	exact		yes	0.117984	exact	
simple_arbiter_enc_pb_16_pe_.ltl	6c8b004e1a67425ae54e9da0472c75540c14a7adf2632427637361f330b5c287	yes	0.127986	exact		yes	0.126229	exact	
simple_arbiter_enc_pb_32_pe_.ltl	1d01bb0f368a9be95e551ee6812f6d90330acba44ac3df994e79bf77cbbf427a	yes	0.346488	exact		yes	0.335293	exact	
simple_arbiter_enc_pb_8_pe_.ltl	3d021a6d438d6799990675ca64c49cef848c6c69d688b504c8429de2077fa415	yes	0.083494	exact		yes	0.084391	exact	
simple_arbiter_unreal1_pb_16_1_pe_.ltl	b7bf0657294547f997fc16a166e033a5cb5a0a82c04881853a7f0787e3cdcd55	no	0.854845		exact:budget_exhausted;strict:budget_exhausted	yes	0.940604	exact	
simple_arbiter_unreal1_pb_16_2_pe_.ltl	c35f0b155fe843e5ad9349a65eb6473323477486aec6ca4df9f0b6f4a93e3c3e	no	0.854711		exact:budget_exhausted;strict:budget_exhausted	no	1.004254		exact:budget_exhausted;strict:budget_exhausted
simple_arbiter_unreal1_pb_16_3_pe_.ltl	6170e2b5f5e126fca05288f2633cc86f1a642abfea8074c0460b13bcc0681661	no	0.854228		exact:budget_exhausted;strict:budget_exhausted	no	1.004335		exact:budget_exhausted;strict:budget_exhausted
simple_arbiter_unreal1_pb_16_4_pe_.ltl	c6dac6c4ebd65f66d72bc41d6390672fec7a4e5dd84a0a926a4fef1321c554b1	no	0.854164		exact:budget_exhausted;strict:budget_exhausted	no	1.004030		exact:budget_exhausted;strict:budget_exhausted
simple_arbiter_unreal1_pb_16_5_pe_.ltl	884259dfcbda03dfd367999f3614588e3c64dbba76d3fcea7383f0241011a126	no	0.854713		exact:budget_exhausted;strict:budget_exhausted	no	1.004721		exact:budget_exhausted;strict:budget_exhausted
simple_arbiter_unreal1_pb_2_10_pe_.ltl	af76920b2681381c206e83370ffb648fe5c2d1ff6c4643ae2de39c11a286122b	no	0.860873		exact:budget_exhausted;strict:budget_exhausted	no	1.012859		exact:budget_exhausted;strict:budget_exhausted
simple_arbiter_unreal1_pb_2_12_pe_.ltl	58d197df9afeaf1e9a91735befa64ba607266feb1d4620dd3e2bdb6405734b45	no	0.861333		exact:budget_exhausted;strict:budget_exhausted	no	1.012424		exact:budget_exhausted;strict:budget_exhausted
simple_arbiter_unreal1_pb_2_1_pe_.ltl	6208e31175ea850b26eff3f465d230c4755190f4e8822c5cdc4bce55b74bf5c0	yes	0.071578	exact		yes	0.069206	exact	
simple_arbiter_unreal1_pb_2_2_pe_.ltl	9e717d424db1807fcdb5ff45c5915ecac3cd4e521249b27646ee082a8bf748d9	yes	0.068468	exact		yes	0.070352	exact	
simple_arbiter_unreal1_pb_2_3_pe_.ltl	b3f02a47416d02d4483d7fa2572bd5bfddc1e39310f27af5a11d91aeaa740ac5	yes	0.070846	exact		yes	0.070021	exact	
simple_arbiter_unreal1_pb_2_4_pe_.ltl	50306b1c640545b84832a6c77a0521606233026c581c64a8cf05022e2c911789	yes	0.071990	exact		yes	0.072655	exact	
simple_arbiter_unreal1_pb_2_5_pe_.ltl	a9c5a46585af64a9262d925cf9019b520ad78b08ee8e3eb53586be46fea1111b	yes	0.074621	exact		yes	0.074496	exact	
simple_arbiter_unreal1_pb_2_6_pe_.ltl	126523e75a0015449898a9505c0398844cd9b80377022f32a2e9c5a207e42e86	yes	0.083189	exact		yes	0.083039	exact	
simple_arbiter_unreal1_pb_2_7_pe_.ltl	07fa5c0998f04a0b42919483f1db4ae4f47001f13724fca2e1c61d101d2c0b3c	yes	0.104498	exact		yes	0.105400	exact	
simple_arbiter_unreal1_pb_2_8_pe_.ltl	89e6e0b730538d0b58d32737a92a472343381c40fc100be3fe1775492c32c6b6	yes	0.174627	exact		yes	0.168969	exact	
simple_arbiter_unreal1_pb_2_9_pe_.ltl	00f94fe6c27ef30facc12d7af40c58bdfefd1f36b8691c16f956e0da9fbdf939	yes	0.419011	exact		yes	0.414415	exact	
simple_arbiter_unreal1_pb_3_11_pe_.ltl	1617373213752331e1f6f3f8433b275728d8a273371db09f04442a11f011f384	no	0.863315		exact:budget_exhausted;strict:budget_exhausted	no	1.014812		exact:budget_exhausted;strict:budget_exhausted
simple_arbiter_unreal1_pb_3_1_pe_.ltl	6f957a7bde483b146eb11d8e3f5dadde1f03f63c334ef8668297d6c2c04d2715	yes	0.072102	exact		yes	0.072616	exact	
simple_arbiter_unreal1_pb_3_2_pe_.ltl	79221709fbdbc0463a633f0dd217758a0bbb87eafaefdabffd78d70febcac9cd	yes	0.073518	exact		yes	0.074057	exact	
simple_arbiter_unreal1_pb_3_3_pe_.ltl	2d356e5cf6647879afb96be19d96fd7ebba540d4b637dc25477edecbf86de9ab	yes	0.077149	exact		yes	0.075262	exact	
simple_arbiter_unreal1_pb_3_4_pe_.ltl	36aa32a5a5f31de016f3b2b9ea4ab5db57ca2689edf45f57ec5b8cd46149b066	yes	0.081918	exact		yes	0.080887	exact	
simple_arbiter_unreal1_pb_3_5_pe_.ltl	1c9ee31591108501e39a663d8619e8cdcebffd754b1d3a65dfffa0589e14f720	yes	0.094712	exact		yes	0.092587	exact	
simple_arbiter_unreal1_pb_3_6_pe_.ltl	83aa3f28c35ffa0e22df2c915894fe79c377b8880ac103bbb23b61b5a20e603b	yes	0.122190	exact		yes	0.122393	exact	
simple_arbiter_unreal1_pb_3_7_pe_.ltl	75eff4bcac2a5a0ef0c0e16c2b1d680718007eb22933474e31c0dd0ec84e223c	yes	0.201719	exact		yes	0.193820	exact	
simple_arbiter_unreal1_pb_3_8_pe_.ltl	f7d0125eec175e61a15c8a785e079d37412f572af608ce2980dbf35894a53eb2	yes	0.419486	exact		yes	0.407886	exact	
simple_arbiter_unreal1_pb_3_9_pe_.ltl	7e246cee06c8bbcd6eb02bbd4c26412626c4fcb14d966da567baca8845d8cfec	no	0.857241		exact:budget_exhausted;strict:budget_exhausted	no	1.008639		exact:budget_exhausted;strict:budget_exhausted
simple_arbiter_unreal1_pb_4_10_pe_.ltl	11e373bf1cc70dae6bfad667cdd89f268518b4f68456244aab0cfb6c10acc02e	no	0.860243		exact:budget_exhausted;strict:budget_exhausted	no	1.011469		exact:budget_exhausted;strict:budget_exhausted
simple_arbiter_unreal1_pb_4_12_pe_.ltl	a6bf87df180bf5d68e2c5971bd30ac0d667095ccd8d02f28f183a8f8e392c9fa	no	0.860465		exact:budget_exhausted;strict:budget_exhausted	no	1.012750		exact:budget_exhausted;strict:budget_exhausted
simple_arbiter_unreal1_pb_4_1_pe_.ltl	6cae1a1c7f7e360be8809ef53ee7d47c721504faac08b141d6aa01149927cee8	yes	0.078426	exact		yes	0.080539	exact	
simple_arbiter_unreal1_pb_4_2_pe_.ltl	69258b8bed57beb74ea7faac39ebe6edf578ad221a0e890a3c9b4babe59e832b	yes	0.084292	exact		yes	0.080540	exact	
simple_arbiter_unreal1_pb_4_3_pe_.ltl	df62bd3157e0c28b5f317f6eae620de8d182202b91dc613976f2c970b1b01fe8	yes	0.086424	exact		yes	0.086019	exact	
simple_arbiter_unreal1_pb_4_4_pe_.ltl	03231918453625104bcce8991f741d1851b188d1d80864da545fbe49f086c4ac	yes	0.101617	exact		yes	0.103343	exact	
simple_arbiter_unreal1_pb_4_5_pe_.ltl	dbd9ef67fa10cdff1728487032e46261fe4c42169c5b72b14753b915804fb912	yes	0.136181	exact		yes	0.135715	exact	
simple_arbiter_unreal1_pb_4_6_pe_.ltl	e7e18471635ef1f67fb0f499f06e100faf73ecd9f7ca947040321a32095474a7	yes	0.209695	exact		yes	0.198708	exact	
simple_arbiter_unreal1_pb_4_7_pe_.ltl	8014a52dc2dcae93c9f67e669a34059d4353f3370f8a7ab89c0afbe2a79902c1	yes	0.393700	exact		yes	0.398975	exact	
simple_arbiter_unreal1_pb_4_8_pe_.ltl	73827d952e7a0e37047274bc4ca4e53c24711e3c6f123de2b7b712f1a7cd064b	no	0.854267		exact:budget_exhausted;strict:budget_exhausted	yes	0.911013	exact	
simple_arbiter_unreal1_pb_4_9_pe_.ltl	0858e2242726b28eb748d3bc3d4bd09557c509b5226ad050db7cd02a77f0cfd6	no	0.857441		exact:budget_exhausted;strict:budget_exhausted	no	1.007878		exact:budget_exhausted;strict:budget_exhausted
simple_arbiter_unreal1_pb_5_10_pe_.ltl	f116d3ea4c84718a32d0356f1ddab16edc797006498335040864c986bf558bd1	no	0.860977		exact:budget_exhausted;strict:budget_exhausted	no	1.011848		exact:budget_exhausted;strict:budget_exhausted
simple_arbiter_unreal1_pb_5_1_pe_.ltl	6d9d8ab42a234c4a766d8112a2a3f1f0dcfc9d1c6ec0168f8f661cac3398ef68	yes	0.088235	exact		yes	0.087558	exact	
simple_arbiter_unreal1_pb_5_2_pe_.ltl	9c3994507f195d185a34b4c26ea49515d411974720ae0ea5729c7c16ec9cd7c3	yes	0.095123	exact		yes	0.095931	exact	
simple_arbiter_unreal1_pb_5_3_pe_.ltl	bd2ae5b415af7aa755bd02f02b03b1bc6afdf80c6f132b6a9b1c465ad3c77387	yes	0.110735	exact		yes	0.111216	exact	
simple_arbiter_unreal1_pb_5_4_pe_.ltl	082e0f033db24cfcd1688c84bcdc4180f1543c9fdca069841617841a20e3e954	yes	0.141715	exact		yes	0.135742	exact	
simple_arbiter_unreal1_pb_5_5_pe_.ltl	5a91778eada45238f005a460176db33381178b0c60a509696282a766711e7a0e	yes	0.206044	exact		yes	0.209277	exact	
simple_arbiter_unreal1_pb_5_6_pe_.ltl	3e658866cd8e0bf3ebea1a9d923c1aed3c60999bebc9032fdefd108db3cddfbe	yes	0.364093	exact		yes	0.342714	exact	
simple_arbiter_unreal1_pb_5_7_pe_.ltl	cbb7e8c704ffce1d41347fd1a8af34878dae21e194b934a1480f2dcf72612505	yes	0.743763	exact		yes	0.710562	exact	
simple_arbiter_unreal1_pb_5_8_pe_.ltl	1851a7875ea75ec035d0f9435ace3693dcf195acaf29fd5e19c25129a56636d5	no	0.854417		exact:budget_exhausted;strict:budget_exhausted	no	1.004607		exact:budget_exhausted;strict:budget_exhausted
simple_arbiter_unreal1_pb_5_9_pe_.ltl	bc25534c3788fb34b9187c8bc80617b93270051c1f8f6337d856dbf35474fcc1	no	0.855313		exact:budget_exhausted;strict:budget_exhausted	no	1.007584		exact:budget_exhausted;strict:budget_exhausted
simple_arbiter_unreal1_pb_6_1_pe_.ltl	b33a10529ad1195345029e112e41f2c8d2d6252c5068912dd495b2fc41a13e69	yes	0.095900	exact		yes	0.098227	exact	
simple_arbiter_unreal1_pb_6_2_pe_.ltl	89ad89f29e8f211d30299cfd427baf755eb93f49a5c37667c84e01cdb46947ad	yes	0.111776	exact		yes	0.114804	exact	
simple_arbiter_unreal1_pb_6_3_pe_.ltl	c370b7eb7d617452c20bfc59e4c24c2c8b6ef1ef8a456458b742172bb996aded	yes	0.135890	exact		yes	0.141238	exact	
simple_arbiter_unreal1_pb_6_4_pe_.ltl	062c942820bdc75d6dae63c8c6b599b1ead4e29694907b8a69c7493a089c5711	yes	0.200759	exact		yes	0.201064	exact	
simple_arbiter_unreal1_pb_6_5_pe_.ltl	c6bdf4d52a495b4cbec7214a6c3dad74ce3e0077d22e653b918feb9deae45e01	yes	0.336788	exact		yes	0.330921	exact	
simple_arbiter_unreal1_pb_8_8_pe_.ltl	dd6e4bc4f2d8e9ff1fcbee1919f25fc3dbb2a7d3140d5cb3e8078dfaf7666a13	no	0.853743		exact:budget_exhausted;strict:budget_exhausted	no	1.004610		exact:budget_exhausted;strict:budget_exhausted
simple_arbiter_unreal2_pb_10_pe_.ltl	13dc63f092deffce329814eac3a675412e265557fa370874cd15cfe635760129	yes	0.269316	exact		yes	0.266457	exact	
simple_arbiter_unreal2_pb_25_pe_.ltl	ee4e88c2a1dc3493a61375e86752e645699ee0ef4e3bd419a85d68aef63d3345	no	0.854062		exact:budget_exhausted;strict:budget_exhausted	no	1.005349		exact:budget_exhausted;strict:budget_exhausted
simple_arbiter_unreal2_pb_2_pe_.ltl	a97ff28b9538fa316fe38e82a9a025a85af4a9bbf58201bb62ea2d3fa096ae24	yes	0.067071	exact		yes	0.068835	exact	
simple_arbiter_unreal2_pb_3_pe_.ltl	264c99e85f9e43f595907c1d17576b5a10977755e745aba90b86fef10305d8ef	yes	0.074299	exact		yes	0.074902	exact	
simple_arbiter_unreal2_pb_4_pe_.ltl	de45b088a61244d22501ba3db6a291e448f161f317bcfb55ebc2841bc277dafd	yes	0.084177	exact		yes	0.082826	exact	
simple_arbiter_unreal2_pb_50_pe_.ltl	23ef06fea1810e9efb3356245597027e676b60e456147e240d435d4d6d99ba2a	no	0.853857		exact:budget_exhausted;strict:budget_exhausted	no	1.004273		exact:budget_exhausted;strict:budget_exhausted
simple_arbiter_unreal2_pb_5_pe_.ltl	5dd68fa6f6e8c73c8da408dcb8403458319d007e301416cff1a6bbceaa2ecc68	yes	0.093460	exact		yes	0.089676	exact	
simple_arbiter_unreal2_pb_60_pe_.ltl	7f2a17dc48beeec8177f7cfec918cbdcbb8749cc2cd8b3c74efb594aaf248f88	no	0.854035		exact:budget_exhausted;strict:budget_exhausted	no	1.004655		exact:budget_exhausted;strict:budget_exhausted
simple_arbiter_unreal2_pb_6_pe_.ltl	7bf6aaa6b1abf1dbd937be2fa496f70d6769d260d3ab1dd428228153226be263	yes	0.106261	exact		yes	0.106049	exact	
simple_arbiter_unreal2_pb_75_pe_.ltl	ac286ae38a17fa4dbbcea8944c2f89c2576814c5cfb5b89fc10987e1d3f2238a	no	0.854037		exact:budget_exhausted;strict:budget_exhausted	no	1.004734		exact:budget_exhausted;strict:budget_exhausted
simple_arbiter_unreal2_pb_7_pe_.ltl	c5019ffe5ea1acb46044514b26bcd525f646a2017d47cc986e30c6c2b7e5159c	yes	0.129401	exact		yes	0.130416	exact	
simple_arbiter_unreal2_pb_8_pe_.ltl	99812d2653842cc24bbb7809832be42ff7b93d19e1956cdd97b1cb61d0a72892	yes	0.163744	exact		yes	0.164497	exact	
simple_arbiter_with_hints_pb_10_pe_.ltl	3dc35c8f9acd28565fab413c28f220a0a9e27114407f29f0a3d7405de709b5f2	yes	0.199441	exact		yes	0.199446	exact	
simple_arbiter_with_hints_pb_12_pe_.ltl	1f6f48d9f3aa5159ad7dd95e816c7f9319a61603e234364467b97399cacbb61f	yes	0.491072	exact		yes	0.494137	exact	
simple_arbiter_with_hints_pb_15_pe_.ltl	20f987ae31479612bbb925866631db00ed4a7a8fb9ebd92b07736ea09565acc0	no	0.856160		exact:budget_exhausted;strict:budget_exhausted	no	1.006216		exact:budget_exhausted;strict:budget_exhausted
simple_arbiter_with_hints_pb_2_pe_.ltl	aca80e7bef1ebea5974e8be9a735eba550c028d5c446e833faf404f31df7c682	yes	0.070124	exact		yes	0.071155	exact	
simple_arbiter_with_hints_pb_4_pe_.ltl	2608cdb397971c6c11557d0e45a7ac2b48699bf63b6c76f007449c4c90bab93e	yes	0.078278	exact		yes	0.078588	exact	
simple_arbiter_with_hints_pb_6_pe_.ltl	49755d8deda4cb4775db54811dbe81163f14917db853a434311f71f178798bf5	yes	0.097197	exact		yes	0.095969	exact	
simple_arbiter_with_hints_pb_8_pe_.ltl	1a65482a253c1051a6a58fa981e09bbf522b060cda3f5cf55e7e79beff271c1c	yes	0.130494	exact		yes	0.129522	exact	
solitary-real.ltl	d56791d549d087e940ed0fdf68e0d53e4fceac0f3483ac0114c1179adc453d65	no	0.136342		exact:unsupported_or_failed;strict:unsupported_or_failed	no	0.133646		exact:unsupported_or_failed;strict:unsupported_or_failed
solitary0.ltl	0fa76be1895cdb7cb486c90b09dc4398641bfef974bba730e42d4979daee4990	no	0.133634		exact:unsupported_or_failed;strict:unsupported_or_failed	no	0.133010		exact:unsupported_or_failed;strict:unsupported_or_failed
sort4-real.ltl	4204123a99bc074c1ed399fb7b69f2fd4881b6c56f82bec89915885ae0170333	no	0.193342		exact:unsupported_or_failed;strict:unsupported_or_failed	no	0.193713		exact:unsupported_or_failed;strict:unsupported_or_failed
sort40.ltl	1a0760325c20e0bf87a7279c50e380a0d3aa4576a5f3eada8f32c42886386268	no	0.146386		exact:unsupported_or_failed;strict:unsupported_or_failed	no	0.147209		exact:unsupported_or_failed;strict:unsupported_or_failed
sort41.ltl	26921b34290e50161926b0f3b5cbf35c2bf52b79bca982d560673f568bd5bed5	no	0.156370		exact:unsupported_or_failed;strict:unsupported_or_failed	no	0.154765		exact:unsupported_or_failed;strict:unsupported_or_failed
sort42.ltl	eeb9e707f90925ca81039549584989db5649c81e45833c88ea039bad8df06e49	no	0.174472		exact:unsupported_or_failed;strict:unsupported_or_failed	no	0.174952		exact:unsupported_or_failed;strict:unsupported_or_failed
sort50.ltl	4ce9d5ad6d177dd2d476f0bfd5fb0f4a2e22846722733bc73cbc2c44fddee63b	no	0.172245		exact:unsupported_or_failed;strict:unsupported_or_failed	no	0.171327		exact:unsupported_or_failed;strict:unsupported_or_failed
sort51.ltl	51d353ace64c3b0af26f04e72a249d96972fd86428a01957339ee3d694123f46	no	0.204866		exact:unsupported_or_failed;strict:unsupported_or_failed	no	0.203031		exact:unsupported_or_failed;strict:unsupported_or_failed
sort52.ltl	b507c85ce596ededadfd375b05e60f1dace4dda71b7537478856b97c9207fb90	no	0.254792		exact:unsupported_or_failed;strict:unsupported_or_failed	no	0.249630		exact:unsupported_or_failed;strict:unsupported_or_failed
sort53.ltl	ef3399288b58b722fb81a4401b2d477b160464f4d16adcf05be07de20b6e5a50	no	0.326021		exact:unsupported_or_failed;strict:unsupported_or_failed	no	0.322842		exact:unsupported_or_failed;strict:unsupported_or_failed
square5x5-real.ltl	33799bbe5e0d98193391e70e3343ffb66f23cb93af7898ab6ee20267d980c87a	no	0.149228		exact:unsupported_or_failed;strict:unsupported_or_failed	no	0.149176		exact:unsupported_or_failed;strict:unsupported_or_failed
square5x50.ltl	a52370ab6063244e998d42ba55420acf4933f35dfbc83d92d90ad088e0fa6286	no	0.141346		exact:unsupported_or_failed;strict:unsupported_or_failed	no	0.146307		exact:unsupported_or_failed;strict:unsupported_or_failed
square5x51.ltl	32640b80ae2227871691753fa2a86577054847bdaf8096c88f6adf6e0a2901b6	no	0.145525		exact:unsupported_or_failed;strict:unsupported_or_failed	no	0.142944		exact:unsupported_or_failed;strict:unsupported_or_failed
square5x52.ltl	8e194a1bf8696692260132a930a9122272e82e24e4ccc6a857b8a2aac34e9127	no	0.145380		exact:unsupported_or_failed;strict:unsupported_or_failed	no	0.144646		exact:unsupported_or_failed;strict:unsupported_or_failed
square5x53.ltl	83d4caeb18766dcdebe2e95450e8ab1bfa3403f5e97854a9037caad003edaf35	no	0.147503		exact:unsupported_or_failed;strict:unsupported_or_failed	no	0.147894		exact:unsupported_or_failed;strict:unsupported_or_failed
square5x54.ltl	22a5825ccd2f621559007bca1582257f1a1fb95daaabb0552e0f1add9e94e719	no	0.148583		exact:unsupported_or_failed;strict:unsupported_or_failed	no	0.145843		exact:unsupported_or_failed;strict:unsupported_or_failed
storage-GF-64-real.ltl	27e1263992b135a9c0c0b621a8237f942e8d1bf148f2fc6807c272657895aeb6	no	0.137615		exact:unsupported_or_failed;strict:unsupported_or_failed	no	0.138804		exact:unsupported_or_failed;strict:unsupported_or_failed
tasks-real.ltl	06a2359dbed12be0a6692a5975f30a3338eb74e84550f68108a64b49b2648509	no	0.140137		exact:unsupported_or_failed;strict:unsupported_or_failed	no	0.230652		exact:unsupported_or_failed;strict:unsupported_or_failed
tasks-unreal0.ltl	414b85f00f85a1a6006500fbacbc5b6b200fc826b438c9a3f310fc62f3179850	no	0.158439		exact:unsupported_or_failed;strict:unsupported_or_failed	no	0.155534		exact:unsupported_or_failed;strict:unsupported_or_failed
tasks-unreal1.ltl	f3dcdf44b4eed50cd1c009713ced11a4603e1982645cb13f9f19490183e73795	no	0.163972		exact:unsupported_or_failed;strict:unsupported_or_failed	no	0.163505		exact:unsupported_or_failed;strict:unsupported_or_failed
tasks-unreal2.ltl	b1b238cdfba8d66bc8616d5810917865a8b056c8da523c9b48db9557b486e5a4	no	0.165737		exact:unsupported_or_failed;strict:unsupported_or_failed	no	0.166534		exact:unsupported_or_failed;strict:unsupported_or_failed
taxi-service-real.ltl	d0df9fe31a4d88f4739659ab4c149cc7db52121f724e6f9702fc5f17d5ecf64f	no	0.142933		exact:unsupported_or_failed;strict:unsupported_or_failed	no	0.139767		exact:unsupported_or_failed;strict:unsupported_or_failed
taxi-service-u-unreal.ltl	30a4243e1efae8b260fcc7de34b97b60f640ee3e823109b8896b8f4780544c10	no	0.139939		exact:unsupported_or_failed;strict:unsupported_or_failed	no	0.137817		exact:unsupported_or_failed;strict:unsupported_or_failed
test2_f2774e0b.ltl	a45a02bdbfe471fdf70aa3539c6cfd322e1240e35d63c200987ea1afb8ef8a12	yes	0.078871	exact		yes	0.079670	exact	
test3_efe2feaf.ltl	22878dad90cb238dc94671cbd57d96951548156b43db8498a4dfe8d738204944	no	0.188362		exact:unsupported_or_failed;strict:unsupported_or_failed	no	0.192579		exact:unsupported_or_failed;strict:unsupported_or_failed
test4_4b82b1f4.ltl	8d79b8d66f8620e46251334d79dd80f20dc6a9c48615ee9614a926105d190ebe	yes	0.074637	exact		yes	0.074755	exact	
test5_6cbc6174.ltl	4a796b2d47584062edc78fc4f5d72dadca6b8152e73a7f30f9c0755a9feb1eac	no	0.137804		exact:unsupported_or_failed;strict:unsupported_or_failed	no	0.136261		exact:unsupported_or_failed;strict:unsupported_or_failed
test6_0f5381e9.ltl	53f6a88503ff11633c660d3b9571ba43d6a034273c3859b74d39eeca29740de6	yes	0.078565	exact		yes	0.079562	exact	
test7_2c5b09da.ltl	080484575baab35e68b7003ad5f54a5097048085560bf5f36cd8a8b85b05da38	no	0.157016		exact:unsupported_or_failed;strict:unsupported_or_failed	no	0.155991		exact:unsupported_or_failed;strict:unsupported_or_failed
test8_88f351a6.ltl	862ba65951276b712499b8a6ebb1212dc87dccdc0f7de812044b369260b996ff	yes	0.080447	exact		yes	0.078177	exact	
test9_dd3a27e1.ltl	f460d39ce7d7da39c2121dc4430161404c1c85fa6ec355e0477f5f273666f411	no	0.152265		exact:unsupported_or_failed;strict:unsupported_or_failed	no	0.152407		exact:unsupported_or_failed;strict:unsupported_or_failed
test_f3987563.ltl	be9f0e9009cce721dd66b68b2792697d7a71c345195f0cd7c95f15256f35340b	no	0.131234		exact:unsupported_or_failed;strict:unsupported_or_failed	no	0.134020		exact:unsupported_or_failed;strict:unsupported_or_failed
thermostat-F-real.ltl	7aba4a33b2df2004914c87dd817be02d85259dfbf10ee152f647bf17279ecd20	no	0.141214		exact:unsupported_or_failed;strict:unsupported_or_failed	no	0.142396		exact:unsupported_or_failed;strict:unsupported_or_failed
thermostat-GF-real.ltl	4027f04c7c10578507f0858b4c79d75cecaff06e2c1e5809dc5fbb0417404bcb	no	0.143493		exact:unsupported_or_failed;strict:unsupported_or_failed	no	0.146699		exact:unsupported_or_failed;strict:unsupported_or_failed
thermostat-GF-unreal0.ltl	df0fb222beb62fa10e493e59e6926a6afc7ff0bbd42b7a9adc06687b344b26b9	no	0.145086		exact:unsupported_or_failed;strict:unsupported_or_failed	no	0.142366		exact:unsupported_or_failed;strict:unsupported_or_failed
thermostat-GF-unreal1.ltl	8f467cfb5f2b19aa5e19900db62b731fbc34c40717648d3bf1edce0eead27202	no	0.159770		exact:unsupported_or_failed;strict:unsupported_or_failed	no	0.160352		exact:unsupported_or_failed;strict:unsupported_or_failed
thermostat-GF-unreal2.ltl	05158efb37968c3b27d33881a442463d06d81eb09778761fe2381c30beb514a2	no	0.181455		exact:unsupported_or_failed;strict:unsupported_or_failed	no	0.179843		exact:unsupported_or_failed;strict:unsupported_or_failed
tmp_13cfc6f2.ltl	34a8e655d49e64fb408f6a6518aff4531e77fa94d5d8f48885a5faaeb318af4a	no	0.854409		exact:budget_exhausted;strict:budget_exhausted	no	1.004128		exact:budget_exhausted;strict:budget_exhausted
unordered-visits-charging0.ltl	8187af39d01d8874a3c59f6842affd9ee791dc5d3287c62d247b226bbc3991d5	no	0.165488		exact:unsupported_or_failed;strict:unsupported_or_failed	no	0.166013		exact:unsupported_or_failed;strict:unsupported_or_failed
unordered-visits-real.ltl	0c934ad988647c3dd5845c60deb8d41c7ecdd475ef0c13fe2357e77c1d71434b	no	0.145707		exact:unsupported_or_failed;strict:unsupported_or_failed	no	0.142096		exact:unsupported_or_failed;strict:unsupported_or_failed
workstation_resupply_pb_1_pe_.ltl	413a3772c36dbd78a50de1e14b26fa9eeaba424b1951f9bd86dc2faab038d61c	no	0.240710		exact:unsupported_or_failed;strict:unsupported_or_failed	no	0.232896		exact:unsupported_or_failed;strict:unsupported_or_failed
workstation_resupply_pb_2_pe_.ltl	d0a5ec3357d48f3e941b59218aad616d0a19162de13b8d9fe001b2cc864c1284	no	0.857278		exact:budget_exhausted;strict:budget_exhausted	no	1.008434		exact:budget_exhausted;strict:budget_exhausted
workstation_resupply_pb_3_pe_.ltl	b33f36671077d7deaca4cf28aed516cf460eed4f618459f51dc2b73ccd338407	no	0.854225		exact:budget_exhausted;strict:budget_exhausted	no	1.004369		exact:budget_exhausted;strict:budget_exhausted
workstation_resupply_pb_4_pe_.ltl	291164dbbd14ded4472b32c18b13ccf0896b9cde15aa28f9186149a3584e5453	no	0.854008		exact:budget_exhausted;strict:budget_exhausted	no	1.004007		exact:budget_exhausted;strict:budget_exhausted
workstation_resupply_pb_5_pe_.ltl	de5a9fd7f882007b1f6ab83ffc7db5939b7bf150cdeee8fb869fcfde46383ac5	no	0.853904		exact:budget_exhausted;strict:budget_exhausted	no	1.004661		exact:budget_exhausted;strict:budget_exhausted
workstation_resupply_pb_6_pe_.ltl	4cca520ec63ebb56df90820aec1480664b62ada0296e6a2a39aca084a3de3801	no	0.854718		exact:budget_exhausted;strict:budget_exhausted	no	1.005048		exact:budget_exhausted;strict:budget_exhausted
workstation_resupply_pb_7_pe_.ltl	a4ca1cac20f0289db00cd39816442a95d0504dafcc243d634bf76a6a1321d3f2	no	0.854870		exact:budget_exhausted;strict:budget_exhausted	no	1.004839		exact:budget_exhausted;strict:budget_exhausted
