instance	tlsf
case_2e41ab110475e7326c742264.ltl	case_2e41ab110475e7326c742264.tlsf
case_a28ef0affc368b0d9a6182ab.ltl	case_a28ef0affc368b0d9a6182ab.tlsf
case_065653165f5cd257541931fa.ltl	case_065653165f5cd257541931fa.tlsf
case_86bc42272fa151b0ac541b4c.ltl	case_86bc42272fa151b0ac541b4c.tlsf
case_fb1e23cc9a39c0972ee757c8.ltl	case_fb1e23cc9a39c0972ee757c8.tlsf
case_a60da27ddebe83f3213e6fce.ltl	case_a60da27ddebe83f3213e6fce.tlsf
case_82a8ac3330a98a506d5dfd93.ltl	case_82a8ac3330a98a506d5dfd93.tlsf
case_c24b061e26c0318d831bb50b.ltl	case_c24b061e26c0318d831bb50b.tlsf
case_a9e3db8023d39183110bcf31.ltl	case_a9e3db8023d39183110bcf31.tlsf
case_473c03de02d33db22096becb.ltl	case_473c03de02d33db22096becb.tlsf
case_3d76e72d20230acc00ef6694.ltl	case_3d76e72d20230acc00ef6694.tlsf
case_51100105690caa73d9010a58.ltl	case_51100105690caa73d9010a58.tlsf
case_3ebf5268e1ab9d79208699ad.ltl	case_3ebf5268e1ab9d79208699ad.tlsf
case_c5933782dbabc449988bc146.ltl	case_c5933782dbabc449988bc146.tlsf
case_95a13f74157d3e9087c109cc.ltl	case_95a13f74157d3e9087c109cc.tlsf
case_5c4226254d0850d6ce9c3d2e.ltl	case_5c4226254d0850d6ce9c3d2e.tlsf
case_48facf50fa358877495d54c7.ltl	case_48facf50fa358877495d54c7.tlsf
case_ca6f693c21dcc8ce8f26395b.ltl	case_ca6f693c21dcc8ce8f26395b.tlsf
case_984501fe66720d438b9b2a57.ltl	case_984501fe66720d438b9b2a57.tlsf
case_33c13e4dde286ddbbb311748.ltl	case_33c13e4dde286ddbbb311748.tlsf
case_d5ba42b0c0248a2dbf03c2eb.ltl	case_d5ba42b0c0248a2dbf03c2eb.tlsf
case_65a384a45b271691b5ed2703.ltl	case_65a384a45b271691b5ed2703.tlsf
case_1ec4407b91e9aba424cf1e33.ltl	case_1ec4407b91e9aba424cf1e33.tlsf
case_b19d61238bee78824bf1e4cd.ltl	case_b19d61238bee78824bf1e4cd.tlsf
case_197799dea7057cd7738b5cee.ltl	case_197799dea7057cd7738b5cee.tlsf
case_d2aa115428716ec74316b720.ltl	case_d2aa115428716ec74316b720.tlsf
case_d5d2d1297efb70325844da1a.ltl	case_d5d2d1297efb70325844da1a.tlsf
case_2a1a4de954878f89d5921834.ltl	case_2a1a4de954878f89d5921834.tlsf
case_5e51dc068c04752cd2a625d9.ltl	case_5e51dc068c04752cd2a625d9.tlsf
case_43d5447a03900bcc451e0930.ltl	case_43d5447a03900bcc451e0930.tlsf
case_0bde783103f82fd923fa57d8.ltl	case_0bde783103f82fd923fa57d8.tlsf
case_d17568495c9062c50549ff72.ltl	case_d17568495c9062c50549ff72.tlsf
case_977783b35940bf6435ee2d14.ltl	case_977783b35940bf6435ee2d14.tlsf
case_946e19f4a5494034db49bd8e.ltl	case_946e19f4a5494034db49bd8e.tlsf
case_bc118e99e407c68364406bb8.ltl	case_bc118e99e407c68364406bb8.tlsf
case_e77d3ba3e200e6c95388f966.ltl	case_e77d3ba3e200e6c95388f966.tlsf
case_166ef893b21e9895aa04f02e.ltl	case_166ef893b21e9895aa04f02e.tlsf
case_4dced69778d1039356dca3b0.ltl	case_4dced69778d1039356dca3b0.tlsf
case_044176872b50ac383b31c0c6.ltl	case_044176872b50ac383b31c0c6.tlsf
case_32e3bf038ad9090f911c6756.ltl	case_32e3bf038ad9090f911c6756.tlsf
case_d80d76f438886ff01d632108.ltl	case_d80d76f438886ff01d632108.tlsf
case_eeecaf4787b44d9ceba4a5cf.ltl	case_eeecaf4787b44d9ceba4a5cf.tlsf
case_14b348c6e8c3d1f75875bcbf.ltl	case_14b348c6e8c3d1f75875bcbf.tlsf
case_4a17e56c33f5c837f420924e.ltl	case_4a17e56c33f5c837f420924e.tlsf
case_a44e2c7ba9d9acca586d2eef.ltl	case_a44e2c7ba9d9acca586d2eef.tlsf
case_4f19884320c209ed2a51667e.ltl	case_4f19884320c209ed2a51667e.tlsf
case_684c8e7d5565207e1f18d93f.ltl	case_684c8e7d5565207e1f18d93f.tlsf
case_0528883dbd8ba5b4a67561c4.ltl	case_0528883dbd8ba5b4a67561c4.tlsf
case_26990529f30d904e9ce4e8d5.ltl	case_26990529f30d904e9ce4e8d5.tlsf
case_41c7677dd7e712955114e894.ltl	case_41c7677dd7e712955114e894.tlsf
case_4ff7d80b814d93a5b725bba6.ltl	case_4ff7d80b814d93a5b725bba6.tlsf
case_84e52ad44c4f8b7eb0a9dbe3.ltl	case_84e52ad44c4f8b7eb0a9dbe3.tlsf
case_3160cd71c3cba7dbb51a8d91.ltl	case_3160cd71c3cba7dbb51a8d91.tlsf
case_2e5c5b3f5a4275c5b74f499e.ltl	case_2e5c5b3f5a4275c5b74f499e.tlsf
case_9295ff369bf0931d77779ca3.ltl	case_9295ff369bf0931d77779ca3.tlsf
case_ecc86cd9230a1a10b8719acf.ltl	case_ecc86cd9230a1a10b8719acf.tlsf
case_d7e7c5f4342c9ebd2d28745c.ltl	case_d7e7c5f4342c9ebd2d28745c.tlsf
case_753f3811644fd083c7a78446.ltl	case_753f3811644fd083c7a78446.tlsf
case_021b9f3515b62cb891423436.ltl	case_021b9f3515b62cb891423436.tlsf
case_029f6e03e2bbc834edfcc3e2.ltl	case_029f6e03e2bbc834edfcc3e2.tlsf
case_f105d1c384919217d78a13a8.ltl	case_f105d1c384919217d78a13a8.tlsf
case_f25514639a7e6c8ac1f96c41.ltl	case_f25514639a7e6c8ac1f96c41.tlsf
case_247f3253108d946b896b4b0e.ltl	case_247f3253108d946b896b4b0e.tlsf
case_f1555860871a1c1190e9aa87.ltl	case_f1555860871a1c1190e9aa87.tlsf
case_e8c9fee99519c8e924e20e55.ltl	case_e8c9fee99519c8e924e20e55.tlsf
case_9d5c617ff04caa75cc175109.ltl	case_9d5c617ff04caa75cc175109.tlsf
case_6e40d936b420815d668ddca8.ltl	case_6e40d936b420815d668ddca8.tlsf
case_fbee7ddcfad6237a2fd82476.ltl	case_fbee7ddcfad6237a2fd82476.tlsf
case_0f682eef30aad5ef57301e48.ltl	case_0f682eef30aad5ef57301e48.tlsf
case_978c11a458b071c807ecb1a9.ltl	case_978c11a458b071c807ecb1a9.tlsf
case_16b054b0972baf6382798d5a.ltl	case_16b054b0972baf6382798d5a.tlsf
case_79fc63ca92279eb3c852be95.ltl	case_79fc63ca92279eb3c852be95.tlsf
case_0b23c618db8cb83a989b3996.ltl	case_0b23c618db8cb83a989b3996.tlsf
case_8f2f1d0fcb0f40da3cc56aef.ltl	case_8f2f1d0fcb0f40da3cc56aef.tlsf
case_649e769193ed9d1b0d3721b4.ltl	case_649e769193ed9d1b0d3721b4.tlsf
case_b19d7f410391bed07a3e6075.ltl	case_b19d7f410391bed07a3e6075.tlsf
case_07c7e8865e4e16535f709b52.ltl	case_07c7e8865e4e16535f709b52.tlsf
case_51e1f6888329c74cd5c11192.ltl	case_51e1f6888329c74cd5c11192.tlsf
case_7f0106a7f03648f7b6083d42.ltl	case_7f0106a7f03648f7b6083d42.tlsf
case_efe2c08685202179a3c0f287.ltl	case_efe2c08685202179a3c0f287.tlsf
case_808c43b3cfc4674f2dabb376.ltl	case_808c43b3cfc4674f2dabb376.tlsf
case_289d7744e21bab35b5ba34d6.ltl	case_289d7744e21bab35b5ba34d6.tlsf
case_b787410afd825cfd72678ef4.ltl	case_b787410afd825cfd72678ef4.tlsf
case_905769565af7db395112c2ef.ltl	case_905769565af7db395112c2ef.tlsf
case_d37341c42badc4f4f4f54b5c.ltl	case_d37341c42badc4f4f4f54b5c.tlsf
case_fab2b4908ddf7e3cedbdfe16.ltl	case_fab2b4908ddf7e3cedbdfe16.tlsf
case_0a876c8e7c6ff904e3b79e26.ltl	case_0a876c8e7c6ff904e3b79e26.tlsf
case_d424412d4159b3734252c247.ltl	case_d424412d4159b3734252c247.tlsf
case_2b93fba226a3a2462331e76c.ltl	case_2b93fba226a3a2462331e76c.tlsf
case_f0d37eac7c382aa43b502924.ltl	case_f0d37eac7c382aa43b502924.tlsf
case_8ac67843973fd770b32aeb34.ltl	case_8ac67843973fd770b32aeb34.tlsf
case_1728f1b2a2aaa9ebe6ab5d3e.ltl	case_1728f1b2a2aaa9ebe6ab5d3e.tlsf
case_788313c1f37e446477260f19.ltl	case_788313c1f37e446477260f19.tlsf
case_ace045e2ce56be27bc88c50b.ltl	case_ace045e2ce56be27bc88c50b.tlsf
case_9dec93e044d64abe05bf9e45.ltl	case_9dec93e044d64abe05bf9e45.tlsf
case_e1a9be24d05a4a2ffded3133.ltl	case_e1a9be24d05a4a2ffded3133.tlsf
case_93f8425537af06da6887db9f.ltl	case_93f8425537af06da6887db9f.tlsf
case_1e774c2ef099ed50c2579cfe.ltl	case_1e774c2ef099ed50c2579cfe.tlsf
case_2874b52a5631f23460638ae2.ltl	case_2874b52a5631f23460638ae2.tlsf
case_25da688c18c0321ba46741a4.ltl	case_25da688c18c0321ba46741a4.tlsf
case_e680b659b78fbcd82c92363d.ltl	case_e680b659b78fbcd82c92363d.tlsf
case_d5bf085ce59a1adc3f2246a2.ltl	case_d5bf085ce59a1adc3f2246a2.tlsf
case_12734719811ccb16241e4522.ltl	case_12734719811ccb16241e4522.tlsf
case_67f6e9479cbd47003e899495.ltl	case_67f6e9479cbd47003e899495.tlsf
case_d6b4a6bddd0de7d55d6c3562.ltl	case_d6b4a6bddd0de7d55d6c3562.tlsf
case_7212e8cd6cfea8cb05e587c1.ltl	case_7212e8cd6cfea8cb05e587c1.tlsf
case_cf594d70ba8ffd1478fac5b7.ltl	case_cf594d70ba8ffd1478fac5b7.tlsf
case_a2fe3702859ba6dac068db45.ltl	case_a2fe3702859ba6dac068db45.tlsf
case_bd6ead2a6d6635aa44bc01e0.ltl	case_bd6ead2a6d6635aa44bc01e0.tlsf
case_d031b35cadaaebcdc17b0d4a.ltl	case_d031b35cadaaebcdc17b0d4a.tlsf
case_55702b9b2ab2265ad43dfdbd.ltl	case_55702b9b2ab2265ad43dfdbd.tlsf
case_1f5261610e8ef06c59a2b8e5.ltl	case_1f5261610e8ef06c59a2b8e5.tlsf
case_57fe441f565dbaeb73a9cc24.ltl	case_57fe441f565dbaeb73a9cc24.tlsf
case_f7b027c0a24cc6e073062f36.ltl	case_f7b027c0a24cc6e073062f36.tlsf
case_bcfc5dc5887d2ac5d3cb5fa7.ltl	case_bcfc5dc5887d2ac5d3cb5fa7.tlsf
case_9c8420d5b91ced1d21a9c85d.ltl	case_9c8420d5b91ced1d21a9c85d.tlsf
case_e8992485622927a11c8507a6.ltl	case_e8992485622927a11c8507a6.tlsf
case_5b1c991859305b5724db3227.ltl	case_5b1c991859305b5724db3227.tlsf
case_28a6aba82b099b1a951d3ab3.ltl	case_28a6aba82b099b1a951d3ab3.tlsf
case_e0bb1ab0b34b366d59ab91df.ltl	case_e0bb1ab0b34b366d59ab91df.tlsf
case_5334a9dd85a389fefb83f86f.ltl	case_5334a9dd85a389fefb83f86f.tlsf
case_db6f7e8146ae04e2589146d3.ltl	case_db6f7e8146ae04e2589146d3.tlsf
case_e01e12d718d3b34c592f6c38.ltl	case_e01e12d718d3b34c592f6c38.tlsf
case_8997b4245d110bd6cfbeeaee.ltl	case_8997b4245d110bd6cfbeeaee.tlsf
case_33e158e857e96a14241b02fb.ltl	case_33e158e857e96a14241b02fb.tlsf
case_e13f59b3403cb3704c149a9d.ltl	case_e13f59b3403cb3704c149a9d.tlsf
case_be9f8986aa615218b554f605.ltl	case_be9f8986aa615218b554f605.tlsf
case_dcee06bfd69c1d515c32fee4.ltl	case_dcee06bfd69c1d515c32fee4.tlsf
case_c96e8f5d208a008c681f51f7.ltl	case_c96e8f5d208a008c681f51f7.tlsf
case_1436884d6fb558bb33e37ccf.ltl	case_1436884d6fb558bb33e37ccf.tlsf
case_6fec18a0ea015a2661f4c460.ltl	case_6fec18a0ea015a2661f4c460.tlsf
case_e86afdad48e63eba40b5d015.ltl	case_e86afdad48e63eba40b5d015.tlsf
case_4a7a81fe2eca2a460db63afb.ltl	case_4a7a81fe2eca2a460db63afb.tlsf
case_2f2ec78e2ce08c28d890cc2b.ltl	case_2f2ec78e2ce08c28d890cc2b.tlsf
case_35426c3d6d0ff7179b7a9fef.ltl	case_35426c3d6d0ff7179b7a9fef.tlsf
case_7448a6c2e3aa7a813e05e0c9.ltl	case_7448a6c2e3aa7a813e05e0c9.tlsf
case_bf1f4cb62c16cfae83dab690.ltl	case_bf1f4cb62c16cfae83dab690.tlsf
case_f32cd0b0feaac9ff27177b3e.ltl	case_f32cd0b0feaac9ff27177b3e.tlsf
case_0c25502b5f3174c5807d1b09.ltl	case_0c25502b5f3174c5807d1b09.tlsf
case_b0084ae6f75d5ad748b15c7f.ltl	case_b0084ae6f75d5ad748b15c7f.tlsf
case_4ebef1dfd94843670d511990.ltl	case_4ebef1dfd94843670d511990.tlsf
case_313da9beb64117e1a62d939c.ltl	case_313da9beb64117e1a62d939c.tlsf
case_9ca50f1f874776f60719a6ec.ltl	case_9ca50f1f874776f60719a6ec.tlsf
case_ebd8bdae11b9a3caffa271d1.ltl	case_ebd8bdae11b9a3caffa271d1.tlsf
case_5f0ac7dca3cf87d718f5afa7.ltl	case_5f0ac7dca3cf87d718f5afa7.tlsf
case_8d6596ad2d44cb570adc37aa.ltl	case_8d6596ad2d44cb570adc37aa.tlsf
case_be1a4448fe7e596dafd68c04.ltl	case_be1a4448fe7e596dafd68c04.tlsf
case_4c42c44aaea1ae2f47956411.ltl	case_4c42c44aaea1ae2f47956411.tlsf
case_d301155275b2f364c13e8614.ltl	case_d301155275b2f364c13e8614.tlsf
case_36307224e93179e42a5b8f75.ltl	case_36307224e93179e42a5b8f75.tlsf
case_4c52dbb5dea8792656cb7cf3.ltl	case_4c52dbb5dea8792656cb7cf3.tlsf
case_29174dfa3ca16dc4fc17ec70.ltl	case_29174dfa3ca16dc4fc17ec70.tlsf
case_06a24ed52fc19bc9a7094be5.ltl	case_06a24ed52fc19bc9a7094be5.tlsf
case_85fb7b11927d579adc555ed3.ltl	case_85fb7b11927d579adc555ed3.tlsf
case_607f41439270ab70ebe2b265.ltl	case_607f41439270ab70ebe2b265.tlsf
case_4790d41720bbdaabfd0d037f.ltl	case_4790d41720bbdaabfd0d037f.tlsf
case_5e5a4581a188f5aa9462aa69.ltl	case_5e5a4581a188f5aa9462aa69.tlsf
case_649803611f99ec24da829f00.ltl	case_649803611f99ec24da829f00.tlsf
case_9474c0183782c91e59e772f8.ltl	case_9474c0183782c91e59e772f8.tlsf
case_7af29bac09c3fe3fbd96190d.ltl	case_7af29bac09c3fe3fbd96190d.tlsf
case_6efc0f06eeac9f60fd5dd67f.ltl	case_6efc0f06eeac9f60fd5dd67f.tlsf
case_0a6b3123c36b7e870f9c3837.ltl	case_0a6b3123c36b7e870f9c3837.tlsf
case_01438e854793da023a23ce80.ltl	case_01438e854793da023a23ce80.tlsf
case_87350339e98a2f87b9a2c618.ltl	case_87350339e98a2f87b9a2c618.tlsf
case_3768176e656a4bda77979c0d.ltl	case_3768176e656a4bda77979c0d.tlsf
case_d5e49abd26955e10b496c59a.ltl	case_d5e49abd26955e10b496c59a.tlsf
case_18d8934598ce6414b11fe224.ltl	case_18d8934598ce6414b11fe224.tlsf
case_117b53cb6ba7e8a52416012a.ltl	case_117b53cb6ba7e8a52416012a.tlsf
case_eaf34d74875acec406b9b494.ltl	case_eaf34d74875acec406b9b494.tlsf
case_110653d53f2d8d47741a22de.ltl	case_110653d53f2d8d47741a22de.tlsf
case_905c8cd7235fc4cc6c322138.ltl	case_905c8cd7235fc4cc6c322138.tlsf
case_4a4db10ed75b80dead01c30c.ltl	case_4a4db10ed75b80dead01c30c.tlsf
case_63e52a129537c49326a4e747.ltl	case_63e52a129537c49326a4e747.tlsf
case_350b71631e4d6dab08ceea96.ltl	case_350b71631e4d6dab08ceea96.tlsf
case_2ef49f792558df0c46c38e71.ltl	case_2ef49f792558df0c46c38e71.tlsf
case_067986898d91fa5c7b1e4a82.ltl	case_067986898d91fa5c7b1e4a82.tlsf
case_a608ffe1c430fdb1fc334864.ltl	case_a608ffe1c430fdb1fc334864.tlsf
case_76db904e71bec352d2ea6642.ltl	case_76db904e71bec352d2ea6642.tlsf
case_1849d9f07c28888b27217984.ltl	case_1849d9f07c28888b27217984.tlsf
case_b63e0fa90102a74f88b88dd4.ltl	case_b63e0fa90102a74f88b88dd4.tlsf
case_af2680af32f8e40b2a095972.ltl	case_af2680af32f8e40b2a095972.tlsf
case_123e2ac0babd93d6ce856905.ltl	case_123e2ac0babd93d6ce856905.tlsf
case_fc5ade4140c7afbacf36549b.ltl	case_fc5ade4140c7afbacf36549b.tlsf
case_50b7ab11d76fde56fdda2848.ltl	case_50b7ab11d76fde56fdda2848.tlsf
case_0c610b35a2e3403f0134148d.ltl	case_0c610b35a2e3403f0134148d.tlsf
case_a43ee9a1a69878817282f25e.ltl	case_a43ee9a1a69878817282f25e.tlsf
case_9f9838c42a7de9b656fd960b.ltl	case_9f9838c42a7de9b656fd960b.tlsf
case_792ad9b8ddff5a4d0d7053b1.ltl	case_792ad9b8ddff5a4d0d7053b1.tlsf
case_0ad470bc75efaee05f3f9d5b.ltl	case_0ad470bc75efaee05f3f9d5b.tlsf
case_a5a489d81ad1293f110621ba.ltl	case_a5a489d81ad1293f110621ba.tlsf
case_18361922f5b59e955a50fc22.ltl	case_18361922f5b59e955a50fc22.tlsf
case_6e2f5f7067ba0da4c26f9c3b.ltl	case_6e2f5f7067ba0da4c26f9c3b.tlsf
case_e24e300de8dd4930926e483f.ltl	case_e24e300de8dd4930926e483f.tlsf
case_079ad9c16637177075cf7384.ltl	case_079ad9c16637177075cf7384.tlsf
case_d8c497d8bda95d36687295ba.ltl	case_d8c497d8bda95d36687295ba.tlsf
case_b518b8c7b497c9c22e3dd866.ltl	case_b518b8c7b497c9c22e3dd866.tlsf
case_4ecbf039a94b71499a717c09.ltl	case_4ecbf039a94b71499a717c09.tlsf
case_8c299409c13a056ab608fa1d.ltl	case_8c299409c13a056ab608fa1d.tlsf
case_7bd64760558b96806c798b84.ltl	case_7bd64760558b96806c798b84.tlsf
case_c7152ead17fc1e0121f23e30.ltl	case_c7152ead17fc1e0121f23e30.tlsf
case_68b2060dd9535acd5fad4367.ltl	case_68b2060dd9535acd5fad4367.tlsf
case_e2f941d62396c262d4ccc1b5.ltl	case_e2f941d62396c262d4ccc1b5.tlsf
case_eca220491c4fd91f77532623.ltl	case_eca220491c4fd91f77532623.tlsf
case_58757f5e5fa1637f3779bdb7.ltl	case_58757f5e5fa1637f3779bdb7.tlsf
case_f605f9775c4c753b3f7a63ef.ltl	case_f605f9775c4c753b3f7a63ef.tlsf
case_c8186519643b39b306b2e608.ltl	case_c8186519643b39b306b2e608.tlsf
case_209ca5f286e519315ea2d3d6.ltl	case_209ca5f286e519315ea2d3d6.tlsf
case_2685f891cd4600961e1f2f0b.ltl	case_2685f891cd4600961e1f2f0b.tlsf
case_38cecb8897e17b12fdfb468d.ltl	case_38cecb8897e17b12fdfb468d.tlsf
case_666ec6b1f68fe5d766bbb4f0.ltl	case_666ec6b1f68fe5d766bbb4f0.tlsf
case_6dd3f88d12c9bc6d7bc4e2ed.ltl	case_6dd3f88d12c9bc6d7bc4e2ed.tlsf
case_73fe14b79a8e01e091d2911f.ltl	case_73fe14b79a8e01e091d2911f.tlsf
case_4123f15804071403d58955f9.ltl	case_4123f15804071403d58955f9.tlsf
case_504faac097a153ce5f725ce3.ltl	case_504faac097a153ce5f725ce3.tlsf
case_3398d4da0c5d5a1b893500e1.ltl	case_3398d4da0c5d5a1b893500e1.tlsf
case_a3476654dcab3a8543536fea.ltl	case_a3476654dcab3a8543536fea.tlsf
case_03cb4170df9f79f7c7ce318c.ltl	case_03cb4170df9f79f7c7ce318c.tlsf
case_89a5a268612fd6e9b976cdc2.ltl	case_89a5a268612fd6e9b976cdc2.tlsf
case_290b8d73a64d57e08f6b6505.ltl	case_290b8d73a64d57e08f6b6505.tlsf
case_7d4cdd7d4bc0077a24554068.ltl	case_7d4cdd7d4bc0077a24554068.tlsf
case_1c3122be2b3dc353e40f3b7b.ltl	case_1c3122be2b3dc353e40f3b7b.tlsf
case_2da513ba430c5983697111f6.ltl	case_2da513ba430c5983697111f6.tlsf
case_a9e812bcb62fa95822f5f002.ltl	case_a9e812bcb62fa95822f5f002.tlsf
case_0b58a1510c9b2002026c47c5.ltl	case_0b58a1510c9b2002026c47c5.tlsf
case_e4b77c753bbebecb49bac45a.ltl	case_e4b77c753bbebecb49bac45a.tlsf
case_229578ad055c2e7b1df12117.ltl	case_229578ad055c2e7b1df12117.tlsf
case_d8d0b83bbcaeee7ab4861086.ltl	case_d8d0b83bbcaeee7ab4861086.tlsf
case_3054bf919ff80c5df8bfd9c3.ltl	case_3054bf919ff80c5df8bfd9c3.tlsf
case_0197b766bad407b312c9ffe0.ltl	case_0197b766bad407b312c9ffe0.tlsf
case_723355051535b1ce3cf741d7.ltl	case_723355051535b1ce3cf741d7.tlsf
case_182158709db6247e29d5d371.ltl	case_182158709db6247e29d5d371.tlsf
case_8c7af0287b9206d019dd352e.ltl	case_8c7af0287b9206d019dd352e.tlsf
case_d7d4c7810822abbfcd07969f.ltl	case_d7d4c7810822abbfcd07969f.tlsf
case_83f859310f80d98744d4d58c.ltl	case_83f859310f80d98744d4d58c.tlsf
case_6f0dc6797da37bacff63bf5d.ltl	case_6f0dc6797da37bacff63bf5d.tlsf
case_82ec4c9de852d4c96d32c41e.ltl	case_82ec4c9de852d4c96d32c41e.tlsf
case_746560e1e789d101d9d7567b.ltl	case_746560e1e789d101d9d7567b.tlsf
case_25a98e0dc9cbcbaa9ab0df87.ltl	case_25a98e0dc9cbcbaa9ab0df87.tlsf
case_28d4e364890a733f74e20b25.ltl	case_28d4e364890a733f74e20b25.tlsf
case_b54a65c30a07f0c96cada256.ltl	case_b54a65c30a07f0c96cada256.tlsf
case_97c2b79e4bbc44b7394a38a1.ltl	case_97c2b79e4bbc44b7394a38a1.tlsf
case_7f1a66774259b9481305efd3.ltl	case_7f1a66774259b9481305efd3.tlsf
case_ae5793c3ea1829c28ee869a5.ltl	case_ae5793c3ea1829c28ee869a5.tlsf
case_9da4c0df6306d11d65e11da9.ltl	case_9da4c0df6306d11d65e11da9.tlsf
case_fffb907a488e1ebbdaef0fc0.ltl	case_fffb907a488e1ebbdaef0fc0.tlsf
case_ba70fc75720e0e5111607963.ltl	case_ba70fc75720e0e5111607963.tlsf
case_5093b2968c93124fd6345078.ltl	case_5093b2968c93124fd6345078.tlsf
case_956d9adea3b2892cd320195f.ltl	case_956d9adea3b2892cd320195f.tlsf
case_4310600df38b5090168313e7.ltl	case_4310600df38b5090168313e7.tlsf
case_6afd5887bb5b4e11d60a2370.ltl	case_6afd5887bb5b4e11d60a2370.tlsf
case_61c9c912c0b6a349edc40e30.ltl	case_61c9c912c0b6a349edc40e30.tlsf
case_627bd65b81479135f8484203.ltl	case_627bd65b81479135f8484203.tlsf
case_905129d722445e8ee2230e48.ltl	case_905129d722445e8ee2230e48.tlsf
case_b5e23a19fd7761383392fe43.ltl	case_b5e23a19fd7761383392fe43.tlsf
case_e1b6b58af9f89f722fa93b38.ltl	case_e1b6b58af9f89f722fa93b38.tlsf
case_6806b4c7795fe881594410f0.ltl	case_6806b4c7795fe881594410f0.tlsf
case_f1b6cd52c7042e97bb3ec5a3.ltl	case_f1b6cd52c7042e97bb3ec5a3.tlsf
case_e402b1dfa1b266c8aa0bf0b9.ltl	case_e402b1dfa1b266c8aa0bf0b9.tlsf
case_609578c9074c7a9af31bb537.ltl	case_609578c9074c7a9af31bb537.tlsf
case_d59fe19176a3a171282c3b3f.ltl	case_d59fe19176a3a171282c3b3f.tlsf
case_f2901ba2c65df40eaaf958a2.ltl	case_f2901ba2c65df40eaaf958a2.tlsf
case_bfc7b3ee2edf28b00b63e422.ltl	case_bfc7b3ee2edf28b00b63e422.tlsf
case_6788dd7cbd03777a1a22f43c.ltl	case_6788dd7cbd03777a1a22f43c.tlsf
case_6ba53897f33a927fe350c3b2.ltl	case_6ba53897f33a927fe350c3b2.tlsf
case_31326351b75ea251360d2fea.ltl	case_31326351b75ea251360d2fea.tlsf
case_f90ea5ddd2a574188d61198e.ltl	case_f90ea5ddd2a574188d61198e.tlsf
case_5eaf44d2812526aa9067e5d4.ltl	case_5eaf44d2812526aa9067e5d4.tlsf
case_8545f5111140f702c8d78c04.ltl	case_8545f5111140f702c8d78c04.tlsf
case_8d88d7dba87941f8fdbc8852.ltl	case_8d88d7dba87941f8fdbc8852.tlsf
case_2ca2d48735f0e85aaa9f80fa.ltl	case_2ca2d48735f0e85aaa9f80fa.tlsf
case_00098e1c423098d59f0f5596.ltl	case_00098e1c423098d59f0f5596.tlsf
case_06032e519d705760f75afeb4.ltl	case_06032e519d705760f75afeb4.tlsf
case_a952942012d8fcfb81d8c9be.ltl	case_a952942012d8fcfb81d8c9be.tlsf
case_82809106c64c6d3298e27269.ltl	case_82809106c64c6d3298e27269.tlsf
case_d49a985dbd648f0bc514bd0e.ltl	case_d49a985dbd648f0bc514bd0e.tlsf
case_5cda92f2402c8741158ff235.ltl	case_5cda92f2402c8741158ff235.tlsf
case_ab279da2a7140148cf193334.ltl	case_ab279da2a7140148cf193334.tlsf
case_440629865fce64847715dd90.ltl	case_440629865fce64847715dd90.tlsf
case_9fc1dbedbb9e2488a7face70.ltl	case_9fc1dbedbb9e2488a7face70.tlsf
case_84adc59daa6ece1b22b73dd8.ltl	case_84adc59daa6ece1b22b73dd8.tlsf
case_7a5bcf1314056ca0d231d8d4.ltl	case_7a5bcf1314056ca0d231d8d4.tlsf
case_f839587a6a158e73ca5917be.ltl	case_f839587a6a158e73ca5917be.tlsf
case_ccd979998216114c42e67083.ltl	case_ccd979998216114c42e67083.tlsf
case_4097abf27cc142e67d87be93.ltl	case_4097abf27cc142e67d87be93.tlsf
case_cc7c63024c1dfeff2b13181d.ltl	case_cc7c63024c1dfeff2b13181d.tlsf
case_ecaabb1a0f506e416e8f4eb1.ltl	case_ecaabb1a0f506e416e8f4eb1.tlsf
case_e8ce864d5ae5d4e2af15b765.ltl	case_e8ce864d5ae5d4e2af15b765.tlsf
case_cc13412fcd36a18ebde26d1a.ltl	case_cc13412fcd36a18ebde26d1a.tlsf
case_a19d2014c34bbf1fcb42967c.ltl	case_a19d2014c34bbf1fcb42967c.tlsf
case_fdb828a1e811af3b18806cc0.ltl	case_fdb828a1e811af3b18806cc0.tlsf
case_9d35f8f55ec157345f0e9213.ltl	case_9d35f8f55ec157345f0e9213.tlsf
case_bc43fce408f6dd6b8a953c8e.ltl	case_bc43fce408f6dd6b8a953c8e.tlsf
case_f9fa75cc1bc640795712543a.ltl	case_f9fa75cc1bc640795712543a.tlsf
case_882af6a097c1b57d4b524141.ltl	case_882af6a097c1b57d4b524141.tlsf
case_e39f97cb7f324db28a0f8f1a.ltl	case_e39f97cb7f324db28a0f8f1a.tlsf
case_f6a2b7a337ae546972592e02.ltl	case_f6a2b7a337ae546972592e02.tlsf
case_bf911e4563cdb0f0679b90c9.ltl	case_bf911e4563cdb0f0679b90c9.tlsf
case_01be8bb75c6254bcf689573b.ltl	case_01be8bb75c6254bcf689573b.tlsf
case_235247f48067095993bcb681.ltl	case_235247f48067095993bcb681.tlsf
case_02b705791c2692d875536f37.ltl	case_02b705791c2692d875536f37.tlsf
case_7ce773212d87e679d4e95f99.ltl	case_7ce773212d87e679d4e95f99.tlsf
case_1ad281b3078ee8d7b6b89e36.ltl	case_1ad281b3078ee8d7b6b89e36.tlsf
case_26beda4b77b561b943da9f97.ltl	case_26beda4b77b561b943da9f97.tlsf
case_1762581392ae3eb9b0a5665d.ltl	case_1762581392ae3eb9b0a5665d.tlsf
case_f097b3528d8c7dc7b8ecc5b1.ltl	case_f097b3528d8c7dc7b8ecc5b1.tlsf
case_08c026f15d3f4b7282662880.ltl	case_08c026f15d3f4b7282662880.tlsf
case_7eb3cf37ab74052b2e03da24.ltl	case_7eb3cf37ab74052b2e03da24.tlsf
case_90048821f4ab20cfe9ba84f4.ltl	case_90048821f4ab20cfe9ba84f4.tlsf
case_be0a1842ce69c17b8964f5d7.ltl	case_be0a1842ce69c17b8964f5d7.tlsf
case_83346cae9fa319c44f14b2dd.ltl	case_83346cae9fa319c44f14b2dd.tlsf
case_75444f19df4621a8a1c8c7ce.ltl	case_75444f19df4621a8a1c8c7ce.tlsf
case_d98ed2d745b6dad5954fc9fb.ltl	case_d98ed2d745b6dad5954fc9fb.tlsf
case_b610a0fbdb41a4eab8b1ef10.ltl	case_b610a0fbdb41a4eab8b1ef10.tlsf
case_28b53bc02dac03bc6746277b.ltl	case_28b53bc02dac03bc6746277b.tlsf
case_bd9c904f8722db64b065a6e6.ltl	case_bd9c904f8722db64b065a6e6.tlsf
case_a57c57f41d4df07c2a78e54c.ltl	case_a57c57f41d4df07c2a78e54c.tlsf
case_9b9aca9ee2b2796397ee9117.ltl	case_9b9aca9ee2b2796397ee9117.tlsf
case_a544df3ad2098a0804967f29.ltl	case_a544df3ad2098a0804967f29.tlsf
case_107f6f4352a42cda7e866310.ltl	case_107f6f4352a42cda7e866310.tlsf
case_5049947f418420980b7026f7.ltl	case_5049947f418420980b7026f7.tlsf
case_55056aacfd66f2f32798a25f.ltl	case_55056aacfd66f2f32798a25f.tlsf
case_ae0bfabb404e25b1ac0c9900.ltl	case_ae0bfabb404e25b1ac0c9900.tlsf
case_cc9f5981f4f15e2abf307594.ltl	case_cc9f5981f4f15e2abf307594.tlsf
case_bd2a9819d8ac063d9844c2fd.ltl	case_bd2a9819d8ac063d9844c2fd.tlsf
case_50ab97c281021ff858841b8e.ltl	case_50ab97c281021ff858841b8e.tlsf
case_5c91ad79e68f245b5398e012.ltl	case_5c91ad79e68f245b5398e012.tlsf
case_61925ed211b586b7a54ddf4e.ltl	case_61925ed211b586b7a54ddf4e.tlsf
case_2d59b90ef3e29d2d3da8f3ec.ltl	case_2d59b90ef3e29d2d3da8f3ec.tlsf
case_e7de6e3693a739bd8c2cbcb0.ltl	case_e7de6e3693a739bd8c2cbcb0.tlsf
case_e257f3d750be3fe460c10891.ltl	case_e257f3d750be3fe460c10891.tlsf
case_1e272f80ecff8e081d5f40ae.ltl	case_1e272f80ecff8e081d5f40ae.tlsf
case_12ba1a4ef7b2425871f1bb4d.ltl	case_12ba1a4ef7b2425871f1bb4d.tlsf
case_208f81e311a656cd240d4db6.ltl	case_208f81e311a656cd240d4db6.tlsf
case_641e35c87d2e8b38ed0281cc.ltl	case_641e35c87d2e8b38ed0281cc.tlsf
case_9805b6ed3fc4e003f9d6a5d9.ltl	case_9805b6ed3fc4e003f9d6a5d9.tlsf
case_a9ec495bd1785cddee2164e2.ltl	case_a9ec495bd1785cddee2164e2.tlsf
case_7cb79f11e8672b0a3965bdd9.ltl	case_7cb79f11e8672b0a3965bdd9.tlsf
case_bd67e08e7185d55274f26c56.ltl	case_bd67e08e7185d55274f26c56.tlsf
case_5f8e7358bfe641d2cd168854.ltl	case_5f8e7358bfe641d2cd168854.tlsf
case_9826046d8325495a43205aa4.ltl	case_9826046d8325495a43205aa4.tlsf
case_e4e6f3523c957a319f8df6f1.ltl	case_e4e6f3523c957a319f8df6f1.tlsf
case_737690c8a17c1c99751350ab.ltl	case_737690c8a17c1c99751350ab.tlsf
case_df17aa069de498b8a76a7827.ltl	case_df17aa069de498b8a76a7827.tlsf
case_bf59d9eb0f1a4442d9f4c2d7.ltl	case_bf59d9eb0f1a4442d9f4c2d7.tlsf
case_c294d0ee2443a0ae7ddd4668.ltl	case_c294d0ee2443a0ae7ddd4668.tlsf
case_00ce3c3919e753664810d9bb.ltl	case_00ce3c3919e753664810d9bb.tlsf
case_a6a86b992c53d44371cadf12.ltl	case_a6a86b992c53d44371cadf12.tlsf
case_91e66ad3aa5ad61353d2bb12.ltl	case_91e66ad3aa5ad61353d2bb12.tlsf
case_202d490534686bf094229798.ltl	case_202d490534686bf094229798.tlsf
case_aedd15ad6c0b1f467d63deb7.ltl	case_aedd15ad6c0b1f467d63deb7.tlsf
case_ec948c1e66b8739994b92cb7.ltl	case_ec948c1e66b8739994b92cb7.tlsf
case_ba53a1088cbd205534b6b0ab.ltl	case_ba53a1088cbd205534b6b0ab.tlsf
case_059cf849d642c483a13f01d7.ltl	case_059cf849d642c483a13f01d7.tlsf
case_aa3673c791a59a619e141ae6.ltl	case_aa3673c791a59a619e141ae6.tlsf
case_31b87b7552b6bc2e72091472.ltl	case_31b87b7552b6bc2e72091472.tlsf
case_a2927105ec39953dbef6d636.ltl	case_a2927105ec39953dbef6d636.tlsf
case_81fbe6ce355ce5b6146a8c1b.ltl	case_81fbe6ce355ce5b6146a8c1b.tlsf
case_fdb668fc24e8b877148e26b6.ltl	case_fdb668fc24e8b877148e26b6.tlsf
case_cc5ae3b47e03d9346f5ba37b.ltl	case_cc5ae3b47e03d9346f5ba37b.tlsf
case_fff0f37270d9a3870eabda15.ltl	case_fff0f37270d9a3870eabda15.tlsf
case_a9b7e1d452f27658dee084a3.ltl	case_a9b7e1d452f27658dee084a3.tlsf
case_8bbfb9a2470a0b6a0e204cee.ltl	case_8bbfb9a2470a0b6a0e204cee.tlsf
case_738445ca836407ab8d442257.ltl	case_738445ca836407ab8d442257.tlsf
case_616efaf448cdfb6cb8fcafc5.ltl	case_616efaf448cdfb6cb8fcafc5.tlsf
case_410ac5436773d280b4be7e7c.ltl	case_410ac5436773d280b4be7e7c.tlsf
case_53a33534b768a12c86eca779.ltl	case_53a33534b768a12c86eca779.tlsf
case_d7f4a5bf3d95c8139adaeda6.ltl	case_d7f4a5bf3d95c8139adaeda6.tlsf
case_177abfec99d9c8cc81484a03.ltl	case_177abfec99d9c8cc81484a03.tlsf
case_e967f32981944fcc64453944.ltl	case_e967f32981944fcc64453944.tlsf
case_d74be8eb8202ad864a23df51.ltl	case_d74be8eb8202ad864a23df51.tlsf
case_265957c7c04a309fc0987243.ltl	case_265957c7c04a309fc0987243.tlsf
case_eee8042a810a5d8b00a047ff.ltl	case_eee8042a810a5d8b00a047ff.tlsf
case_901eea8bd9190fe1414b6a35.ltl	case_901eea8bd9190fe1414b6a35.tlsf
case_6132ae233ec879caf8960d92.ltl	case_6132ae233ec879caf8960d92.tlsf
case_0feb59d18ebbec8d8d0322e6.ltl	case_0feb59d18ebbec8d8d0322e6.tlsf
case_d69e0cf104624143a67d0886.ltl	case_d69e0cf104624143a67d0886.tlsf
case_c7961909ef601e0e08c5c451.ltl	case_c7961909ef601e0e08c5c451.tlsf
case_2e7949d8ff3f655284564bc3.ltl	case_2e7949d8ff3f655284564bc3.tlsf
case_46fd66e2b2bb8dbf3b219ddc.ltl	case_46fd66e2b2bb8dbf3b219ddc.tlsf
case_4c13100ac779e4dcbc3710f8.ltl	case_4c13100ac779e4dcbc3710f8.tlsf
case_2e2809d5ebb64af49cfca52b.ltl	case_2e2809d5ebb64af49cfca52b.tlsf
case_60e5d0e0c5f0fb38ce3fb9ab.ltl	case_60e5d0e0c5f0fb38ce3fb9ab.tlsf
case_8db4d8a44cd78eca13282b46.ltl	case_8db4d8a44cd78eca13282b46.tlsf
case_9131e10e4bb3f473fadf0770.ltl	case_9131e10e4bb3f473fadf0770.tlsf
case_e967a9693dbdf0933bfb0a02.ltl	case_e967a9693dbdf0933bfb0a02.tlsf
case_fbbee447d4dfeebff0a08ec2.ltl	case_fbbee447d4dfeebff0a08ec2.tlsf
case_da050689de198908fb99d0f7.ltl	case_da050689de198908fb99d0f7.tlsf
case_d9549b6c8f82e109ec23d78f.ltl	case_d9549b6c8f82e109ec23d78f.tlsf
case_ed4bf2ac79bf4516cb66f56f.ltl	case_ed4bf2ac79bf4516cb66f56f.tlsf
case_bf5f615c9199501a4a666cfd.ltl	case_bf5f615c9199501a4a666cfd.tlsf
case_1a45df0812b7033787627a75.ltl	case_1a45df0812b7033787627a75.tlsf
case_82d10c98788f85666af40590.ltl	case_82d10c98788f85666af40590.tlsf
case_c3b1ad30e2d5db2837faaaa0.ltl	case_c3b1ad30e2d5db2837faaaa0.tlsf
case_cbb7f6813caa7307cfc57f54.ltl	case_cbb7f6813caa7307cfc57f54.tlsf
case_c9478d3349b501306d6942b8.ltl	case_c9478d3349b501306d6942b8.tlsf
case_6e5393a586fbcd3a8d526611.ltl	case_6e5393a586fbcd3a8d526611.tlsf
case_999e55513412e9bde05b4dde.ltl	case_999e55513412e9bde05b4dde.tlsf
case_dc66df144e2015160d2142f6.ltl	case_dc66df144e2015160d2142f6.tlsf
case_71dc9d3967e465d413fd50c0.ltl	case_71dc9d3967e465d413fd50c0.tlsf
case_36645153625ca28cccd64e20.ltl	case_36645153625ca28cccd64e20.tlsf
case_5d397ef88098d863d971b141.ltl	case_5d397ef88098d863d971b141.tlsf
case_1af21eefd4fe887e5c7e29d4.ltl	case_1af21eefd4fe887e5c7e29d4.tlsf
case_c171407da781e08c23e24d3a.ltl	case_c171407da781e08c23e24d3a.tlsf
case_78e4686168957c69c40beed6.ltl	case_78e4686168957c69c40beed6.tlsf
case_8eac4c582f5a60e79e7eb8a0.ltl	case_8eac4c582f5a60e79e7eb8a0.tlsf
case_d121c138be655ec8f70a1ca4.ltl	case_d121c138be655ec8f70a1ca4.tlsf
case_65658aebe7359a4b59e66b47.ltl	case_65658aebe7359a4b59e66b47.tlsf
case_1da571e3aa0263f8a5c611ad.ltl	case_1da571e3aa0263f8a5c611ad.tlsf
case_d3454d1be8c63fd8da149808.ltl	case_d3454d1be8c63fd8da149808.tlsf
case_572ae3daf4a2efe0f583e01e.ltl	case_572ae3daf4a2efe0f583e01e.tlsf
case_108db67c9ed3a0bd35147c79.ltl	case_108db67c9ed3a0bd35147c79.tlsf
case_66b84fc4ae633c7d684384a6.ltl	case_66b84fc4ae633c7d684384a6.tlsf
case_56d9257d963851ed727ca38d.ltl	case_56d9257d963851ed727ca38d.tlsf
case_4821555518ecc55c14ea89f0.ltl	case_4821555518ecc55c14ea89f0.tlsf
case_448144a53daa1155ffdf4271.ltl	case_448144a53daa1155ffdf4271.tlsf
case_41783dbe86d496d8c4569c84.ltl	case_41783dbe86d496d8c4569c84.tlsf
case_90f778fcc6385990a524a94d.ltl	case_90f778fcc6385990a524a94d.tlsf
case_fec95aa96f7d648dc5afe089.ltl	case_fec95aa96f7d648dc5afe089.tlsf
case_b2deaa4bf0a378ecc4a45182.ltl	case_b2deaa4bf0a378ecc4a45182.tlsf
case_9a7aaf03ecf665ad42d65b39.ltl	case_9a7aaf03ecf665ad42d65b39.tlsf
case_c06ab589bdd591422c19984c.ltl	case_c06ab589bdd591422c19984c.tlsf
case_661d3e8d76553cb569f21453.ltl	case_661d3e8d76553cb569f21453.tlsf
case_62ab1f5feb671c4291f39ea7.ltl	case_62ab1f5feb671c4291f39ea7.tlsf
case_9d3aa3b3b1c292989fbba842.ltl	case_9d3aa3b3b1c292989fbba842.tlsf
case_6378ee7190ebb96162b5ccdb.ltl	case_6378ee7190ebb96162b5ccdb.tlsf
case_d82ed653f4ff596d84adcd24.ltl	case_d82ed653f4ff596d84adcd24.tlsf
case_297e50980ee410ec34370602.ltl	case_297e50980ee410ec34370602.tlsf
case_7187711de6c9a23ad6676954.ltl	case_7187711de6c9a23ad6676954.tlsf
case_36247377d1badc839557156e.ltl	case_36247377d1badc839557156e.tlsf
case_63796d10bfeabe2eda7bf268.ltl	case_63796d10bfeabe2eda7bf268.tlsf
case_4b044a55ed9afe2d9b4d2056.ltl	case_4b044a55ed9afe2d9b4d2056.tlsf
case_576385bd4932f1da09cea219.ltl	case_576385bd4932f1da09cea219.tlsf
case_b8ea02e3538547e413c9eb8c.ltl	case_b8ea02e3538547e413c9eb8c.tlsf
case_cc176498cdbaf0b8afca4eac.ltl	case_cc176498cdbaf0b8afca4eac.tlsf
case_02b56b7c93d4af65c273649f.ltl	case_02b56b7c93d4af65c273649f.tlsf
case_1146d2e469059be99f7b02ef.ltl	case_1146d2e469059be99f7b02ef.tlsf
case_2588c6ceffb68e0fb2a0939f.ltl	case_2588c6ceffb68e0fb2a0939f.tlsf
case_b8275313d626ae40a104b00f.ltl	case_b8275313d626ae40a104b00f.tlsf
case_a0c41ea451eecaf051175b0f.ltl	case_a0c41ea451eecaf051175b0f.tlsf
case_5597b5f52590f8e4a574ddcf.ltl	case_5597b5f52590f8e4a574ddcf.tlsf
case_88df2bb6f1e591d103a3db0b.ltl	case_88df2bb6f1e591d103a3db0b.tlsf
case_cb449f35d87c8af821158882.ltl	case_cb449f35d87c8af821158882.tlsf
case_5299b785db0d58e687ec64df.ltl	case_5299b785db0d58e687ec64df.tlsf
case_5488ae80273f411059110621.ltl	case_5488ae80273f411059110621.tlsf
case_b2c1c1d117126e788ca64edf.ltl	case_b2c1c1d117126e788ca64edf.tlsf
case_e84ed28795466fb679c0e579.ltl	case_e84ed28795466fb679c0e579.tlsf
case_e62651f089e336564e006bba.ltl	case_e62651f089e336564e006bba.tlsf
case_4ddcd9dd2c165b3243557f31.ltl	case_4ddcd9dd2c165b3243557f31.tlsf
case_0d7faccd0f5157ec88c77495.ltl	case_0d7faccd0f5157ec88c77495.tlsf
case_5edbad684cba441af5ca8a10.ltl	case_5edbad684cba441af5ca8a10.tlsf
case_7974bd01800fcba4fa588e89.ltl	case_7974bd01800fcba4fa588e89.tlsf
case_1224e588e0f2a82d25bac28e.ltl	case_1224e588e0f2a82d25bac28e.tlsf
case_2cca33d2fcfc8b205c3f9c42.ltl	case_2cca33d2fcfc8b205c3f9c42.tlsf
case_bf0a1594685c5f36eb74e923.ltl	case_bf0a1594685c5f36eb74e923.tlsf
case_cc944c060741674d628b59c9.ltl	case_cc944c060741674d628b59c9.tlsf
case_8259eeb995a7e00fa8bb06a5.ltl	case_8259eeb995a7e00fa8bb06a5.tlsf
case_86a0c9cbcad9410f0ecdf205.ltl	case_86a0c9cbcad9410f0ecdf205.tlsf
case_56a42b6f8f6565ea0d1fb085.ltl	case_56a42b6f8f6565ea0d1fb085.tlsf
case_4477aea22f7f857cc129716f.ltl	case_4477aea22f7f857cc129716f.tlsf
case_7607389d35911387ef3bd269.ltl	case_7607389d35911387ef3bd269.tlsf
case_d53620f1cdc6abcfde55c770.ltl	case_d53620f1cdc6abcfde55c770.tlsf
case_b05b23b998554e72d7e1d349.ltl	case_b05b23b998554e72d7e1d349.tlsf
case_167ecd7482b5d11ad61c6204.ltl	case_167ecd7482b5d11ad61c6204.tlsf
case_e93e834cdf7b2cd4c03f1196.ltl	case_e93e834cdf7b2cd4c03f1196.tlsf
case_6f28aed794d95bc010829f04.ltl	case_6f28aed794d95bc010829f04.tlsf
case_0a487c1c23f1a1165efa902d.ltl	case_0a487c1c23f1a1165efa902d.tlsf
case_c6fba2dadab552ce331815d4.ltl	case_c6fba2dadab552ce331815d4.tlsf
case_856f16c731a3972de312128d.ltl	case_856f16c731a3972de312128d.tlsf
case_337b21b2008300a22539d8f0.ltl	case_337b21b2008300a22539d8f0.tlsf
case_d1ad7bd5cdfac12c293f4a1d.ltl	case_d1ad7bd5cdfac12c293f4a1d.tlsf
case_a67db0a78c58fb163ffa9f52.ltl	case_a67db0a78c58fb163ffa9f52.tlsf
case_e4db2aa3f88b24a98dd5d439.ltl	case_e4db2aa3f88b24a98dd5d439.tlsf
case_8e9cd454c17768a4cd2c9288.ltl	case_8e9cd454c17768a4cd2c9288.tlsf
case_f8ee70db99fa5e49dd152198.ltl	case_f8ee70db99fa5e49dd152198.tlsf
case_ca0e535be75021da8dae9848.ltl	case_ca0e535be75021da8dae9848.tlsf
case_d8a0441275289dfda30c3e6f.ltl	case_d8a0441275289dfda30c3e6f.tlsf
case_d90d2441b99748f29418122f.ltl	case_d90d2441b99748f29418122f.tlsf
case_2917296ff9a84da30f4dc93b.ltl	case_2917296ff9a84da30f4dc93b.tlsf
case_76ee8478cfbe1f371a9da799.ltl	case_76ee8478cfbe1f371a9da799.tlsf
case_2d2949ce4e0f6ca4a39899a3.ltl	case_2d2949ce4e0f6ca4a39899a3.tlsf
case_3d7674feaab4820c906d6354.ltl	case_3d7674feaab4820c906d6354.tlsf
case_39cdac3c91bf159b3666b82b.ltl	case_39cdac3c91bf159b3666b82b.tlsf
case_a79b04e941796023a3934272.ltl	case_a79b04e941796023a3934272.tlsf
case_8fe10ec62dd2a913595b66e5.ltl	case_8fe10ec62dd2a913595b66e5.tlsf
case_adaf173762754ac4ca54d153.ltl	case_adaf173762754ac4ca54d153.tlsf
case_5fd86d4942686132c2311261.ltl	case_5fd86d4942686132c2311261.tlsf
case_e9a490355bc87c4c163f3fbb.ltl	case_e9a490355bc87c4c163f3fbb.tlsf
case_d15fb6a62bda18dbc1c5d7d3.ltl	case_d15fb6a62bda18dbc1c5d7d3.tlsf
case_827298c197b40182bcec7894.ltl	case_827298c197b40182bcec7894.tlsf
case_02561d47c4d32f2661a2eaec.ltl	case_02561d47c4d32f2661a2eaec.tlsf
case_a510d52e81dabcc8624237c0.ltl	case_a510d52e81dabcc8624237c0.tlsf
case_56694799fc104c0d60ac2674.ltl	case_56694799fc104c0d60ac2674.tlsf
case_10af53393fa2e6e53798f821.ltl	case_10af53393fa2e6e53798f821.tlsf
case_ebd53957e358e3ea391f5ece.ltl	case_ebd53957e358e3ea391f5ece.tlsf
case_ee29ce5c91cd71f113e93c4a.ltl	case_ee29ce5c91cd71f113e93c4a.tlsf
case_f414432646a33e32dddbc6bd.ltl	case_f414432646a33e32dddbc6bd.tlsf
case_aaaef7a4c874da047c5c227a.ltl	case_aaaef7a4c874da047c5c227a.tlsf
case_2eb9a9a36f8cdac88b2e1f0f.ltl	case_2eb9a9a36f8cdac88b2e1f0f.tlsf
case_072285c685d1a83f0a443d7e.ltl	case_072285c685d1a83f0a443d7e.tlsf
case_f960c2a36c7a94675913f744.ltl	case_f960c2a36c7a94675913f744.tlsf
case_ddaec667534136ed6de77087.ltl	case_ddaec667534136ed6de77087.tlsf
case_2efe76c9faae9f132fae5d1b.ltl	case_2efe76c9faae9f132fae5d1b.tlsf
case_2c4a58b9416c2b977bdd5702.ltl	case_2c4a58b9416c2b977bdd5702.tlsf
case_44283e0cbeb711c043aa88db.ltl	case_44283e0cbeb711c043aa88db.tlsf
case_5c933e61fc57044fd991210a.ltl	case_5c933e61fc57044fd991210a.tlsf
case_11f6f0080d1f1ec93fb1c78b.ltl	case_11f6f0080d1f1ec93fb1c78b.tlsf
case_84ea3cf4bfa74c9a7b358815.ltl	case_84ea3cf4bfa74c9a7b358815.tlsf
case_d20276cf39c1c39bd82e5595.ltl	case_d20276cf39c1c39bd82e5595.tlsf
case_91d2ce7d6f07a15236d25c25.ltl	case_91d2ce7d6f07a15236d25c25.tlsf
case_3c57b0cfe78cf3c0467dc4bf.ltl	case_3c57b0cfe78cf3c0467dc4bf.tlsf
case_534f39f575d0f39a19178576.ltl	case_534f39f575d0f39a19178576.tlsf
case_b432eb89915624464993b2fe.ltl	case_b432eb89915624464993b2fe.tlsf
case_0fafbcc60c8684d1c0a57381.ltl	case_0fafbcc60c8684d1c0a57381.tlsf
case_9fefec02147d9e8fa273c26b.ltl	case_9fefec02147d9e8fa273c26b.tlsf
case_a8be5ff8f3d07fc0b12ff7f9.ltl	case_a8be5ff8f3d07fc0b12ff7f9.tlsf
case_2fa0e928cdbc62e19491745d.ltl	case_2fa0e928cdbc62e19491745d.tlsf
case_5d5f30f9a5156c3d1599994c.ltl	case_5d5f30f9a5156c3d1599994c.tlsf
case_ef1cbd8d9ba13885d50f345b.ltl	case_ef1cbd8d9ba13885d50f345b.tlsf
case_8d50f0c0c65fcf4fd160fcc1.ltl	case_8d50f0c0c65fcf4fd160fcc1.tlsf
case_25896d3c7e8045bd4b015e7b.ltl	case_25896d3c7e8045bd4b015e7b.tlsf
case_e8b2dce2c967b8bc5beb34b0.ltl	case_e8b2dce2c967b8bc5beb34b0.tlsf
case_271b7fd6ca8f9e5c2a5962b1.ltl	case_271b7fd6ca8f9e5c2a5962b1.tlsf
case_c11abda7c9bc1a32ed0d41a6.ltl	case_c11abda7c9bc1a32ed0d41a6.tlsf
case_3af98ba3fd5a985f48e504ad.ltl	case_3af98ba3fd5a985f48e504ad.tlsf
case_b69e86e34c57cfe3c5c7bcaf.ltl	case_b69e86e34c57cfe3c5c7bcaf.tlsf
case_35338b12ad486aa3839d5163.ltl	case_35338b12ad486aa3839d5163.tlsf
case_ea97302f7e4ffaa6b442f07f.ltl	case_ea97302f7e4ffaa6b442f07f.tlsf
case_d77f06264b1559b39e12eead.ltl	case_d77f06264b1559b39e12eead.tlsf
case_be577fb8594a9a201bb1f0e6.ltl	case_be577fb8594a9a201bb1f0e6.tlsf
case_1172224254a6b5196c0b19bb.ltl	case_1172224254a6b5196c0b19bb.tlsf
case_a7cecac1d97ab1ee94cf949e.ltl	case_a7cecac1d97ab1ee94cf949e.tlsf
case_7b6ccc11db39ebe079f51892.ltl	case_7b6ccc11db39ebe079f51892.tlsf
case_0f4ee02e6e96122c2ca3a4a9.ltl	case_0f4ee02e6e96122c2ca3a4a9.tlsf
case_6b08ef036f2545b62dae9be2.ltl	case_6b08ef036f2545b62dae9be2.tlsf
case_cd27c654fa0a0e2c9d154140.ltl	case_cd27c654fa0a0e2c9d154140.tlsf
case_b5d1c70bc487111a7dc1b7a6.ltl	case_b5d1c70bc487111a7dc1b7a6.tlsf
case_2cfff8348cc67deefc13eb79.ltl	case_2cfff8348cc67deefc13eb79.tlsf
case_f71d3375b86eb751427633ce.ltl	case_f71d3375b86eb751427633ce.tlsf
case_6e37140fe93dbdc19e1520b1.ltl	case_6e37140fe93dbdc19e1520b1.tlsf
case_4193a8889b983672d3a81a28.ltl	case_4193a8889b983672d3a81a28.tlsf
case_5f7d050c8dc4350726bbb812.ltl	case_5f7d050c8dc4350726bbb812.tlsf
case_30209e92bbb137d769032b81.ltl	case_30209e92bbb137d769032b81.tlsf
case_e615b50eeb022ea0c48edc7e.ltl	case_e615b50eeb022ea0c48edc7e.tlsf
case_6c780a9bd168dac2049da27c.ltl	case_6c780a9bd168dac2049da27c.tlsf
case_af0463cdaf93eec4f78dfe3e.ltl	case_af0463cdaf93eec4f78dfe3e.tlsf
case_c45a42ba955f091c47695078.ltl	case_c45a42ba955f091c47695078.tlsf
case_85f714c89a541b176c055e4a.ltl	case_85f714c89a541b176c055e4a.tlsf
case_245500e188c19ebd306d4551.ltl	case_245500e188c19ebd306d4551.tlsf
case_8268015aee8cff67e00cd543.ltl	case_8268015aee8cff67e00cd543.tlsf
case_90865c093f9b4d68e23891d6.ltl	case_90865c093f9b4d68e23891d6.tlsf
case_66bd00ac7215798113b4b4e6.ltl	case_66bd00ac7215798113b4b4e6.tlsf
case_2f7bdebf295daf1688856341.ltl	case_2f7bdebf295daf1688856341.tlsf
case_9c9c75ebd974f3b77208243f.ltl	case_9c9c75ebd974f3b77208243f.tlsf
case_03336bf254cf598beb65ba92.ltl	case_03336bf254cf598beb65ba92.tlsf
case_18317960c68a23e2b2325fd6.ltl	case_18317960c68a23e2b2325fd6.tlsf
case_4c54193ecb677203392d3d37.ltl	case_4c54193ecb677203392d3d37.tlsf
case_b20a66984fa3e50ae1c41942.ltl	case_b20a66984fa3e50ae1c41942.tlsf
case_130d0be4b481a11b6f08cb9a.ltl	case_130d0be4b481a11b6f08cb9a.tlsf
case_fb90633ebfa99eac6062cbfd.ltl	case_fb90633ebfa99eac6062cbfd.tlsf
case_50bdb49d8ecf4054f729c71f.ltl	case_50bdb49d8ecf4054f729c71f.tlsf
case_ac754228b1c02ad563d6d123.ltl	case_ac754228b1c02ad563d6d123.tlsf
case_70673eaa462ade56dcc0cf49.ltl	case_70673eaa462ade56dcc0cf49.tlsf
case_2059e797da9153f9135fe706.ltl	case_2059e797da9153f9135fe706.tlsf
case_0f456297f8b7133b1155ecf6.ltl	case_0f456297f8b7133b1155ecf6.tlsf
case_7bd225c22253f522119eb07b.ltl	case_7bd225c22253f522119eb07b.tlsf
case_83ad917db1643c9caf06ef9b.ltl	case_83ad917db1643c9caf06ef9b.tlsf
case_2db652eb6e8adf3f2e344727.ltl	case_2db652eb6e8adf3f2e344727.tlsf
case_1bdf314d4d678bcf04c1d57b.ltl	case_1bdf314d4d678bcf04c1d57b.tlsf
case_30dbe94e0ae8e2b3d168f26f.ltl	case_30dbe94e0ae8e2b3d168f26f.tlsf
case_4ca99681b753862d66973da5.ltl	case_4ca99681b753862d66973da5.tlsf
case_533da91b217028a1ee3695ad.ltl	case_533da91b217028a1ee3695ad.tlsf
case_89d0aab46a4c994253949701.ltl	case_89d0aab46a4c994253949701.tlsf
case_a566b23ff9a5e62a3b6c0c57.ltl	case_a566b23ff9a5e62a3b6c0c57.tlsf
case_625d10173c42840d9c9d5c56.ltl	case_625d10173c42840d9c9d5c56.tlsf
case_2b25f69bfdaf0d9069819e2a.ltl	case_2b25f69bfdaf0d9069819e2a.tlsf
case_d770dcf6749b9f149aaa36a2.ltl	case_d770dcf6749b9f149aaa36a2.tlsf
case_654576c6e2f38b9c93c57743.ltl	case_654576c6e2f38b9c93c57743.tlsf
case_d6b9241b8a8524cb6bf92c5f.ltl	case_d6b9241b8a8524cb6bf92c5f.tlsf
case_1f97c9d12e9c864565fd9060.ltl	case_1f97c9d12e9c864565fd9060.tlsf
case_d9ba451335d0f783bc23058d.ltl	case_d9ba451335d0f783bc23058d.tlsf
case_4cceac472a0b386c0e66e2f7.ltl	case_4cceac472a0b386c0e66e2f7.tlsf
case_8af40e2982fe6d92a4549588.ltl	case_8af40e2982fe6d92a4549588.tlsf
case_90dfff86c2537e78dc0ba065.ltl	case_90dfff86c2537e78dc0ba065.tlsf
case_2a3bb7624689e8e32fb1fcd4.ltl	case_2a3bb7624689e8e32fb1fcd4.tlsf
case_40369159d11b0914f0f6d81d.ltl	case_40369159d11b0914f0f6d81d.tlsf
case_511638261d47ca14d1f16806.ltl	case_511638261d47ca14d1f16806.tlsf
case_9b4c8b32b811ca2dbc290caa.ltl	case_9b4c8b32b811ca2dbc290caa.tlsf
case_5e9a1a1f2626a045191be531.ltl	case_5e9a1a1f2626a045191be531.tlsf
case_823ce820f09f2a651ce9905e.ltl	case_823ce820f09f2a651ce9905e.tlsf
case_75c4626841f0c5042a32bf2f.ltl	case_75c4626841f0c5042a32bf2f.tlsf
case_1f3940f31d6ea276e7884f28.ltl	case_1f3940f31d6ea276e7884f28.tlsf
case_059c691c502bdc5ace230b9a.ltl	case_059c691c502bdc5ace230b9a.tlsf
case_e880d91d96e420ec251f4f79.ltl	case_e880d91d96e420ec251f4f79.tlsf
case_1785f7e87f3c6ef93c508498.ltl	case_1785f7e87f3c6ef93c508498.tlsf
case_4b959456db64547c6ae486c9.ltl	case_4b959456db64547c6ae486c9.tlsf
case_a290249155dae6b3a545f74b.ltl	case_a290249155dae6b3a545f74b.tlsf
case_f0922bc58a2a190883839ebf.ltl	case_f0922bc58a2a190883839ebf.tlsf
case_9b9fbe3ed0f4f1e8988e93a3.ltl	case_9b9fbe3ed0f4f1e8988e93a3.tlsf
case_dd69276ff37a44044b7c018d.ltl	case_dd69276ff37a44044b7c018d.tlsf
case_8613b667f746c022c6f7bd9e.ltl	case_8613b667f746c022c6f7bd9e.tlsf
case_e741f197a58f2163daa8f163.ltl	case_e741f197a58f2163daa8f163.tlsf
case_4bed46038ebe4bfe383cfa93.ltl	case_4bed46038ebe4bfe383cfa93.tlsf
case_804d52c82247ce062f3e7513.ltl	case_804d52c82247ce062f3e7513.tlsf
case_792b9a73fe6b94c110a43a86.ltl	case_792b9a73fe6b94c110a43a86.tlsf
case_4ee8770a2c57c8b23062b1be.ltl	case_4ee8770a2c57c8b23062b1be.tlsf
case_9ed6f5abd3dd51bb8090b312.ltl	case_9ed6f5abd3dd51bb8090b312.tlsf
case_531d645c414db4b5997e7782.ltl	case_531d645c414db4b5997e7782.tlsf
case_262cbb6a0001a1447531145c.ltl	case_262cbb6a0001a1447531145c.tlsf
case_785f4f6063992acdd1749724.ltl	case_785f4f6063992acdd1749724.tlsf
case_f9980baf4fe3be17cfc5e422.ltl	case_f9980baf4fe3be17cfc5e422.tlsf
case_a902bdc7606ae291287fa818.ltl	case_a902bdc7606ae291287fa818.tlsf
case_af473ac85415cbc13b36834f.ltl	case_af473ac85415cbc13b36834f.tlsf
case_46fa745034e211f061c0ab57.ltl	case_46fa745034e211f061c0ab57.tlsf
case_a9b1946fd27e86a4a7384465.ltl	case_a9b1946fd27e86a4a7384465.tlsf
case_83ed31f1e9c8f7ae8520fcc9.ltl	case_83ed31f1e9c8f7ae8520fcc9.tlsf
case_e7df13b3a9ebbfdf9c5b0f49.ltl	case_e7df13b3a9ebbfdf9c5b0f49.tlsf
case_1246707ca1e09b5a804a6b3b.ltl	case_1246707ca1e09b5a804a6b3b.tlsf
case_4d39ba1913d5b12ea7c16b0b.ltl	case_4d39ba1913d5b12ea7c16b0b.tlsf
case_b3349f3dbf439a3d2ab40d65.ltl	case_b3349f3dbf439a3d2ab40d65.tlsf
case_e07b0532453b578c691a74e2.ltl	case_e07b0532453b578c691a74e2.tlsf
case_04943ae2f50e972ad2c24fa5.ltl	case_04943ae2f50e972ad2c24fa5.tlsf
case_7d6578b8646840440512022d.ltl	case_7d6578b8646840440512022d.tlsf
case_8d163fe08d60b0bc6d77dd49.ltl	case_8d163fe08d60b0bc6d77dd49.tlsf
case_f3f875994b67e83437fb51fa.ltl	case_f3f875994b67e83437fb51fa.tlsf
case_65eafb2267aa83e336c8e69d.ltl	case_65eafb2267aa83e336c8e69d.tlsf
case_84ab1083d9ff3e2a7fe3f75c.ltl	case_84ab1083d9ff3e2a7fe3f75c.tlsf
case_61dcefde4373520f2bc6c9dc.ltl	case_61dcefde4373520f2bc6c9dc.tlsf
case_5a46564557c7350d5a7af3c8.ltl	case_5a46564557c7350d5a7af3c8.tlsf
case_29a3bac40d3f38dd6d27eb2d.ltl	case_29a3bac40d3f38dd6d27eb2d.tlsf
case_5315553cef67856ae4e597d2.ltl	case_5315553cef67856ae4e597d2.tlsf
case_7d87ba6fb82e4faeffaa55ce.ltl	case_7d87ba6fb82e4faeffaa55ce.tlsf
case_7601b66077480d993039b83d.ltl	case_7601b66077480d993039b83d.tlsf
case_f2bb64de7c1801c1b61917bf.ltl	case_f2bb64de7c1801c1b61917bf.tlsf
case_5f630c56b049034cbb540d94.ltl	case_5f630c56b049034cbb540d94.tlsf
case_238b76a79cf6831ba24a3444.ltl	case_238b76a79cf6831ba24a3444.tlsf
case_b4710f5a08647d999430195e.ltl	case_b4710f5a08647d999430195e.tlsf
case_cbfdafb31ee6093a59bbc47f.ltl	case_cbfdafb31ee6093a59bbc47f.tlsf
case_3aeee66e4fcfbca4253110bd.ltl	case_3aeee66e4fcfbca4253110bd.tlsf
case_60b26e88d3ff0dfdcdc68129.ltl	case_60b26e88d3ff0dfdcdc68129.tlsf
case_96d80b0e74678c7574165f90.ltl	case_96d80b0e74678c7574165f90.tlsf
case_e37104920ac7d074b0683182.ltl	case_e37104920ac7d074b0683182.tlsf
case_c17948c503ef6067fed9e585.ltl	case_c17948c503ef6067fed9e585.tlsf
case_cf89c5d1930b42d2b8904c74.ltl	case_cf89c5d1930b42d2b8904c74.tlsf
case_fefb29c3f088f617ccf205b6.ltl	case_fefb29c3f088f617ccf205b6.tlsf
case_814290aa804751a4f16d11a6.ltl	case_814290aa804751a4f16d11a6.tlsf
case_3bc8d33b8fab1f33562b1da3.ltl	case_3bc8d33b8fab1f33562b1da3.tlsf
case_059a07acda97e92ff2c1752c.ltl	case_059a07acda97e92ff2c1752c.tlsf
case_fc30fd066f76f4c60af11251.ltl	case_fc30fd066f76f4c60af11251.tlsf
case_4e8cefca87191fb40758fb84.ltl	case_4e8cefca87191fb40758fb84.tlsf
case_0cbc278468b4f5a128afa538.ltl	case_0cbc278468b4f5a128afa538.tlsf
case_7764e66d2f3073fbc2d05ea4.ltl	case_7764e66d2f3073fbc2d05ea4.tlsf
case_1fb5b34123a99d30f3af29b7.ltl	case_1fb5b34123a99d30f3af29b7.tlsf
case_32ccdb36a0f419a25ea7b37a.ltl	case_32ccdb36a0f419a25ea7b37a.tlsf
case_38d1b838cef29dc91bffe6f6.ltl	case_38d1b838cef29dc91bffe6f6.tlsf
case_68c00b57c81e666326d71541.ltl	case_68c00b57c81e666326d71541.tlsf
case_2041b5dcec69d2e42c6174d2.ltl	case_2041b5dcec69d2e42c6174d2.tlsf
case_476d60463cfbef9ad015e1db.ltl	case_476d60463cfbef9ad015e1db.tlsf
case_b09f88c9b6ba2702649d71e3.ltl	case_b09f88c9b6ba2702649d71e3.tlsf
case_4a16e085627b32e1d0696071.ltl	case_4a16e085627b32e1d0696071.tlsf
case_5473d4e4b0849cf4281e7350.ltl	case_5473d4e4b0849cf4281e7350.tlsf
case_5b6bc796a3373aa9b84a54c2.ltl	case_5b6bc796a3373aa9b84a54c2.tlsf
case_71403ca9e411dbb906b70085.ltl	case_71403ca9e411dbb906b70085.tlsf
case_e7ef8eda80a7211e00deabd6.ltl	case_e7ef8eda80a7211e00deabd6.tlsf
case_1adfb8934ee453aef4fdad66.ltl	case_1adfb8934ee453aef4fdad66.tlsf
case_9b556d69e6a04a8e98f3fa4e.ltl	case_9b556d69e6a04a8e98f3fa4e.tlsf
case_7b46258846189b926e7d3764.ltl	case_7b46258846189b926e7d3764.tlsf
case_9b5b440f8424c63d276f3eaf.ltl	case_9b5b440f8424c63d276f3eaf.tlsf
case_1a5553ce65af8a14a19cf046.ltl	case_1a5553ce65af8a14a19cf046.tlsf
case_cb487c33a3000a92b36a966c.ltl	case_cb487c33a3000a92b36a966c.tlsf
case_f40af14c240be1d2f445f22f.ltl	case_f40af14c240be1d2f445f22f.tlsf
case_945c7bbc22f5a1dfdb8369de.ltl	case_945c7bbc22f5a1dfdb8369de.tlsf
case_17a720990b4bc474f7b9c025.ltl	case_17a720990b4bc474f7b9c025.tlsf
case_8133e0034cc7cbf0d78990ad.ltl	case_8133e0034cc7cbf0d78990ad.tlsf
case_2239a799a673e22cd1419d48.ltl	case_2239a799a673e22cd1419d48.tlsf
case_c30d2a2d46de61cc75bcfcbf.ltl	case_c30d2a2d46de61cc75bcfcbf.tlsf
case_29b5267832e0674231475592.ltl	case_29b5267832e0674231475592.tlsf
case_e49e15ab00a5b886084862b8.ltl	case_e49e15ab00a5b886084862b8.tlsf
case_c6b4f0190d33faed18543a41.ltl	case_c6b4f0190d33faed18543a41.tlsf
case_1112ab54531e94fb6ac04a75.ltl	case_1112ab54531e94fb6ac04a75.tlsf
case_dfb8d58638d9dccd623b1642.ltl	case_dfb8d58638d9dccd623b1642.tlsf
case_2bd790593983f51c90c8ad65.ltl	case_2bd790593983f51c90c8ad65.tlsf
case_a222a26e47edda43f85992f4.ltl	case_a222a26e47edda43f85992f4.tlsf
case_987175a77af8a525407ea0e3.ltl	case_987175a77af8a525407ea0e3.tlsf
case_95126acccf9b414ce5b141b4.ltl	case_95126acccf9b414ce5b141b4.tlsf
case_48e7c63c629c08310153f8d1.ltl	case_48e7c63c629c08310153f8d1.tlsf
case_ac8f2f994c03d2afd50b6b92.ltl	case_ac8f2f994c03d2afd50b6b92.tlsf
case_2f5ae17e56ec8066b1433dcb.ltl	case_2f5ae17e56ec8066b1433dcb.tlsf
case_ba750e9ec1fbba5c806e713d.ltl	case_ba750e9ec1fbba5c806e713d.tlsf
case_9ca9e5928950d5eed191e27e.ltl	case_9ca9e5928950d5eed191e27e.tlsf
case_32ed4587165631adbb8c985d.ltl	case_32ed4587165631adbb8c985d.tlsf
case_c43939b188185a43f7283866.ltl	case_c43939b188185a43f7283866.tlsf
case_fc54317fb98533bd794c3cf9.ltl	case_fc54317fb98533bd794c3cf9.tlsf
case_b8ad7952c4c44749a165e4b1.ltl	case_b8ad7952c4c44749a165e4b1.tlsf
case_0c72e1ff01454dea95f72f89.ltl	case_0c72e1ff01454dea95f72f89.tlsf
case_c176c81d6997f7586a00131c.ltl	case_c176c81d6997f7586a00131c.tlsf
case_4f125e4c37633a87b05eaf57.ltl	case_4f125e4c37633a87b05eaf57.tlsf
case_2b797d1919db8cd52e02fde6.ltl	case_2b797d1919db8cd52e02fde6.tlsf
case_bfded523b946b17a112eec9f.ltl	case_bfded523b946b17a112eec9f.tlsf
case_3d300a6cbaa4a36458784669.ltl	case_3d300a6cbaa4a36458784669.tlsf
case_d7556c14f13a1042c6688439.ltl	case_d7556c14f13a1042c6688439.tlsf
case_0485d7d4585b356df0c8eaf6.ltl	case_0485d7d4585b356df0c8eaf6.tlsf
case_9c39f06a3a590f2aacef105b.ltl	case_9c39f06a3a590f2aacef105b.tlsf
case_fd853d5db214b637b06a4575.ltl	case_fd853d5db214b637b06a4575.tlsf
case_5ed4e002ad5369c996374655.ltl	case_5ed4e002ad5369c996374655.tlsf
case_d7a82ce3a4b5031c9e39cf63.ltl	case_d7a82ce3a4b5031c9e39cf63.tlsf
case_9bdcdeb0e8b26740ec64a7d3.ltl	case_9bdcdeb0e8b26740ec64a7d3.tlsf
case_6498d913ef47b4eedde3e859.ltl	case_6498d913ef47b4eedde3e859.tlsf
case_1fedad20ba01734c611b0007.ltl	case_1fedad20ba01734c611b0007.tlsf
case_766a202b166883c73c461884.ltl	case_766a202b166883c73c461884.tlsf
case_3eae5a14ae31dbcdb307e9bd.ltl	case_3eae5a14ae31dbcdb307e9bd.tlsf
case_4d51d04196a43fd4d369ba42.ltl	case_4d51d04196a43fd4d369ba42.tlsf
case_e212fb6e0679ec611b938016.ltl	case_e212fb6e0679ec611b938016.tlsf
case_4dc7283358df745904a85858.ltl	case_4dc7283358df745904a85858.tlsf
case_deefe2894b129770f59e973a.ltl	case_deefe2894b129770f59e973a.tlsf
case_2d0993bc79672f507b829e6e.ltl	case_2d0993bc79672f507b829e6e.tlsf
case_1652e75c8408d240065b6351.ltl	case_1652e75c8408d240065b6351.tlsf
case_52b5d97f8c066ffae6c6a8ee.ltl	case_52b5d97f8c066ffae6c6a8ee.tlsf
case_11d76af31ece69a0e4754fd7.ltl	case_11d76af31ece69a0e4754fd7.tlsf
case_a28b37948e06123956ddacc2.ltl	case_a28b37948e06123956ddacc2.tlsf
case_50b96bd5406d1a0891b64a98.ltl	case_50b96bd5406d1a0891b64a98.tlsf
case_4c42d1df0f46c3b922d229bb.ltl	case_4c42d1df0f46c3b922d229bb.tlsf
case_3a54d350498316ded058ceb6.ltl	case_3a54d350498316ded058ceb6.tlsf
case_5cc5ae2bd54bc1b5e03b4334.ltl	case_5cc5ae2bd54bc1b5e03b4334.tlsf
case_96c3bb3ead3306928f7f8969.ltl	case_96c3bb3ead3306928f7f8969.tlsf
case_8c7f2beb95805820023fb09c.ltl	case_8c7f2beb95805820023fb09c.tlsf
case_6da3f5330aab9a4f7a85f73f.ltl	case_6da3f5330aab9a4f7a85f73f.tlsf
case_b592406fb31fc0555c0d3b30.ltl	case_b592406fb31fc0555c0d3b30.tlsf
case_e375e37c5b492f038b193d84.ltl	case_e375e37c5b492f038b193d84.tlsf
case_f125f7aab7a41d37c0108899.ltl	case_f125f7aab7a41d37c0108899.tlsf
case_d312e9ad171f38180f452809.ltl	case_d312e9ad171f38180f452809.tlsf
case_77dd3387fc65778087653843.ltl	case_77dd3387fc65778087653843.tlsf
case_d68e30c53b8cd2b6efdc97e4.ltl	case_d68e30c53b8cd2b6efdc97e4.tlsf
case_3336d3fb38ce325089b35a81.ltl	case_3336d3fb38ce325089b35a81.tlsf
case_36b8da18008365d51b04a4db.ltl	case_36b8da18008365d51b04a4db.tlsf
case_c3a79a52523d0d1b9889e2e6.ltl	case_c3a79a52523d0d1b9889e2e6.tlsf
case_5d4610c49696167989a74dc2.ltl	case_5d4610c49696167989a74dc2.tlsf
case_ea8c6f83f3980c379a2da9d1.ltl	case_ea8c6f83f3980c379a2da9d1.tlsf
case_26187888eb055c423984f737.ltl	case_26187888eb055c423984f737.tlsf
case_2fa30b2c65ae0b0725000289.ltl	case_2fa30b2c65ae0b0725000289.tlsf
case_af1b49de6f2dfb794e2c21a2.ltl	case_af1b49de6f2dfb794e2c21a2.tlsf
case_4d65d6cbe18f8337a5037985.ltl	case_4d65d6cbe18f8337a5037985.tlsf
case_0b7f4ae323c7eeaf6a2d1799.ltl	case_0b7f4ae323c7eeaf6a2d1799.tlsf
case_a053cf4e42ba2476f5267166.ltl	case_a053cf4e42ba2476f5267166.tlsf
case_014c92808760aa177e8e835a.ltl	case_014c92808760aa177e8e835a.tlsf
case_664a88d7da78f05894b2dc0b.ltl	case_664a88d7da78f05894b2dc0b.tlsf
case_42b2fe95e0bc8ac5d5c6ca11.ltl	case_42b2fe95e0bc8ac5d5c6ca11.tlsf
case_62c67ccc63d72e85c29b85d2.ltl	case_62c67ccc63d72e85c29b85d2.tlsf
case_34a437e9d8983c13579c3feb.ltl	case_34a437e9d8983c13579c3feb.tlsf
case_e3674c327db3349be9dffeda.ltl	case_e3674c327db3349be9dffeda.tlsf
case_d943a8601401818e016c95e5.ltl	case_d943a8601401818e016c95e5.tlsf
case_7cfae8da2c8911430190491a.ltl	case_7cfae8da2c8911430190491a.tlsf
case_5b47440f86abf8c5e0fdeae6.ltl	case_5b47440f86abf8c5e0fdeae6.tlsf
case_0c11543249e73ef4ffa43f5e.ltl	case_0c11543249e73ef4ffa43f5e.tlsf
case_f417d2457518ce1ad5dff420.ltl	case_f417d2457518ce1ad5dff420.tlsf
case_ac90e0f34393398b75e19d35.ltl	case_ac90e0f34393398b75e19d35.tlsf
case_a366f4bfffc11bd519e945b2.ltl	case_a366f4bfffc11bd519e945b2.tlsf
case_eaf2247a5c68a9dba3b9897c.ltl	case_eaf2247a5c68a9dba3b9897c.tlsf
case_e8d437df1da384693087e05c.ltl	case_e8d437df1da384693087e05c.tlsf
case_d350546d17bc923e69fa39e9.ltl	case_d350546d17bc923e69fa39e9.tlsf
case_488f007323f1629878eba408.ltl	case_488f007323f1629878eba408.tlsf
case_d06edc1aeb6ab42894048608.ltl	case_d06edc1aeb6ab42894048608.tlsf
case_4736dfad95454d14a9d47ec3.ltl	case_4736dfad95454d14a9d47ec3.tlsf
case_f7209af64c32e91a88c2e005.ltl	case_f7209af64c32e91a88c2e005.tlsf
case_bbdae25460ba8009ab403a62.ltl	case_bbdae25460ba8009ab403a62.tlsf
case_e1454edbe5db1c96b29d5a10.ltl	case_e1454edbe5db1c96b29d5a10.tlsf
case_451ced49742e439e22de5d4f.ltl	case_451ced49742e439e22de5d4f.tlsf
case_70780dda00f7d853aa50047d.ltl	case_70780dda00f7d853aa50047d.tlsf
case_ce24f33ebf3f84ae9e60f232.ltl	case_ce24f33ebf3f84ae9e60f232.tlsf
case_4635ffdaa59ec387d61ace78.ltl	case_4635ffdaa59ec387d61ace78.tlsf
case_72112a0821bc8758147360e0.ltl	case_72112a0821bc8758147360e0.tlsf
case_8c18874699ee85bbba2a8220.ltl	case_8c18874699ee85bbba2a8220.tlsf
case_11e45dc66111adaeacc13495.ltl	case_11e45dc66111adaeacc13495.tlsf
case_281a60fecb66db656dc14c9e.ltl	case_281a60fecb66db656dc14c9e.tlsf
case_0d394aabf707e0d35b92b9f7.ltl	case_0d394aabf707e0d35b92b9f7.tlsf
case_223c3a7cd0ebd6d4f19ec4ac.ltl	case_223c3a7cd0ebd6d4f19ec4ac.tlsf
case_fd9eab366776d420d6f4ae28.ltl	case_fd9eab366776d420d6f4ae28.tlsf
case_664af193790e531c190d2745.ltl	case_664af193790e531c190d2745.tlsf
case_e41750ed48b8c6411f39acb4.ltl	case_e41750ed48b8c6411f39acb4.tlsf
case_0fa3e0f143b73c9dc0e04d1f.ltl	case_0fa3e0f143b73c9dc0e04d1f.tlsf
case_45496d35f9c45c01926b5e01.ltl	case_45496d35f9c45c01926b5e01.tlsf
case_1cfa408095db6852854062ba.ltl	case_1cfa408095db6852854062ba.tlsf
case_f4d7708ac0759be9f87a8baf.ltl	case_f4d7708ac0759be9f87a8baf.tlsf
case_d7ec9ce59418867e6e3b81a7.ltl	case_d7ec9ce59418867e6e3b81a7.tlsf
case_589d39fc7e5472a456399474.ltl	case_589d39fc7e5472a456399474.tlsf
case_bd672e2a730a4132caa622c8.ltl	case_bd672e2a730a4132caa622c8.tlsf
case_aa16a68d50c873bc2de51e72.ltl	case_aa16a68d50c873bc2de51e72.tlsf
case_e15e6d6e5dbb376009fd2476.ltl	case_e15e6d6e5dbb376009fd2476.tlsf
case_3f44600737d0c716705a0ca6.ltl	case_3f44600737d0c716705a0ca6.tlsf
case_281dece16e4677705330f4b5.ltl	case_281dece16e4677705330f4b5.tlsf
case_b90a11548753c0da00403c72.ltl	case_b90a11548753c0da00403c72.tlsf
case_723a67d10f95e6b3e85a178e.ltl	case_723a67d10f95e6b3e85a178e.tlsf
case_1e5921afba847a5ec84e0225.ltl	case_1e5921afba847a5ec84e0225.tlsf
case_39677ea604db4b95b44bff1b.ltl	case_39677ea604db4b95b44bff1b.tlsf
case_4ba5a07845c2ef3ebeccb79a.ltl	case_4ba5a07845c2ef3ebeccb79a.tlsf
case_ac2f5c6708cefc41cfe2f160.ltl	case_ac2f5c6708cefc41cfe2f160.tlsf
case_823428f6e4b83ddcc0094645.ltl	case_823428f6e4b83ddcc0094645.tlsf
case_f0fe178a3884f5b2b1b462a3.ltl	case_f0fe178a3884f5b2b1b462a3.tlsf
case_41159a312d6837b94c7a266a.ltl	case_41159a312d6837b94c7a266a.tlsf
case_94199845b647fb7d1e1d4cb8.ltl	case_94199845b647fb7d1e1d4cb8.tlsf
case_f9b508727de576188cf7a16c.ltl	case_f9b508727de576188cf7a16c.tlsf
case_120ac88cc6ea2bf586ab0e43.ltl	case_120ac88cc6ea2bf586ab0e43.tlsf
case_dd8fe827d5bfcab381e5cc02.ltl	case_dd8fe827d5bfcab381e5cc02.tlsf
case_eec85d6d702b623a7291953c.ltl	case_eec85d6d702b623a7291953c.tlsf
case_2762dc3b1c9ee2b666c63d67.ltl	case_2762dc3b1c9ee2b666c63d67.tlsf
case_af6ec573a46d85fa40accc6f.ltl	case_af6ec573a46d85fa40accc6f.tlsf
case_0d5f8b799be58f2efaa12906.ltl	case_0d5f8b799be58f2efaa12906.tlsf
case_8f9ada2673c07e8c0083880c.ltl	case_8f9ada2673c07e8c0083880c.tlsf
case_f26245d73344186f49331027.ltl	case_f26245d73344186f49331027.tlsf
case_aab5993751b8ac25e76b784b.ltl	case_aab5993751b8ac25e76b784b.tlsf
case_9dd040363085677f7da19244.ltl	case_9dd040363085677f7da19244.tlsf
case_08b362e515dd8481bc99c0a1.ltl	case_08b362e515dd8481bc99c0a1.tlsf
case_99accce47697f2ef7176175c.ltl	case_99accce47697f2ef7176175c.tlsf
case_f3b236e3e3076b3589033a46.ltl	case_f3b236e3e3076b3589033a46.tlsf
case_b5223d729a9549ffa14c1151.ltl	case_b5223d729a9549ffa14c1151.tlsf
case_9c4a1bd3694ee072c5c5dd63.ltl	case_9c4a1bd3694ee072c5c5dd63.tlsf
case_b27617fc027736a8413ae80a.ltl	case_b27617fc027736a8413ae80a.tlsf
case_4f8be089d5f26702419d05c8.ltl	case_4f8be089d5f26702419d05c8.tlsf
case_a62a75855b9392fcccad626c.ltl	case_a62a75855b9392fcccad626c.tlsf
case_da4678b1301e2437faf9f355.ltl	case_da4678b1301e2437faf9f355.tlsf
case_c79d7789c925ba4088f72b5a.ltl	case_c79d7789c925ba4088f72b5a.tlsf
case_0750311fba6c54f5db5ab4a1.ltl	case_0750311fba6c54f5db5ab4a1.tlsf
case_f27fa46cae41d9a044f6f97f.ltl	case_f27fa46cae41d9a044f6f97f.tlsf
case_b621e6b56e8c31bbad8afbfd.ltl	case_b621e6b56e8c31bbad8afbfd.tlsf
case_1605fa094a175a334ed7e86e.ltl	case_1605fa094a175a334ed7e86e.tlsf
case_47d1c7a61d28a3850d459eaf.ltl	case_47d1c7a61d28a3850d459eaf.tlsf
case_7903100cf782c6d70de9c7ac.ltl	case_7903100cf782c6d70de9c7ac.tlsf
case_4c36849901fc641f5b776966.ltl	case_4c36849901fc641f5b776966.tlsf
case_15d31520fe1fab99c19f5cbe.ltl	case_15d31520fe1fab99c19f5cbe.tlsf
case_b5b394ab2db4ee71d4638710.ltl	case_b5b394ab2db4ee71d4638710.tlsf
case_48b1a188a89d3caa6c1a8bf0.ltl	case_48b1a188a89d3caa6c1a8bf0.tlsf
case_064b6deeed6f253f770e083f.ltl	case_064b6deeed6f253f770e083f.tlsf
case_3e6c9bdea3e51bfa4c8768af.ltl	case_3e6c9bdea3e51bfa4c8768af.tlsf
case_412dccb72297d7cdd11eee84.ltl	case_412dccb72297d7cdd11eee84.tlsf
case_f5a3a950d2731509a0a39564.ltl	case_f5a3a950d2731509a0a39564.tlsf
case_7c8c6ca675d2e0676b7ced26.ltl	case_7c8c6ca675d2e0676b7ced26.tlsf
case_50bdf9b0570d526988a32283.ltl	case_50bdf9b0570d526988a32283.tlsf
case_9e0411c98886948a718a91b4.ltl	case_9e0411c98886948a718a91b4.tlsf
case_97f3c7fd6d8601aa6d905b1f.ltl	case_97f3c7fd6d8601aa6d905b1f.tlsf
case_9cc94aa4b6c33b03d0c9fa3b.ltl	case_9cc94aa4b6c33b03d0c9fa3b.tlsf
case_11747fd57e5807ad587ee62f.ltl	case_11747fd57e5807ad587ee62f.tlsf
case_9d153359ad373f80fabc031f.ltl	case_9d153359ad373f80fabc031f.tlsf
case_4d70696b996fab7e138dccab.ltl	case_4d70696b996fab7e138dccab.tlsf
case_fe32f61c159373ae0e56de6d.ltl	case_fe32f61c159373ae0e56de6d.tlsf
case_aa8fd4a13816165b26ed02d7.ltl	case_aa8fd4a13816165b26ed02d7.tlsf
case_2546170fb0a50fd164782f59.ltl	case_2546170fb0a50fd164782f59.tlsf
case_40b2393234101136b86091e3.ltl	case_40b2393234101136b86091e3.tlsf
case_3bec75a52d1733f437f1c786.ltl	case_3bec75a52d1733f437f1c786.tlsf
case_7e6aa2e3c4098602719b1d6d.ltl	case_7e6aa2e3c4098602719b1d6d.tlsf
case_575b07044b04b115a8bed985.ltl	case_575b07044b04b115a8bed985.tlsf
case_359d854c6afc1a8edf49843b.ltl	case_359d854c6afc1a8edf49843b.tlsf
case_91fd0cababac78f54634b96e.ltl	case_91fd0cababac78f54634b96e.tlsf
case_5ecbcc8dbb58977d5f4fb4bd.ltl	case_5ecbcc8dbb58977d5f4fb4bd.tlsf
case_65b833004d1b53887bcf1ca2.ltl	case_65b833004d1b53887bcf1ca2.tlsf
case_5f081d434a9fb77dcc72ff59.ltl	case_5f081d434a9fb77dcc72ff59.tlsf
case_0191d58170c22f823b047034.ltl	case_0191d58170c22f823b047034.tlsf
case_aeb7db7fa9cacc2f01fd5dcc.ltl	case_aeb7db7fa9cacc2f01fd5dcc.tlsf
case_2562a6efc6fc9fed9c47676e.ltl	case_2562a6efc6fc9fed9c47676e.tlsf
case_49944048fb00043e3a91512b.ltl	case_49944048fb00043e3a91512b.tlsf
case_98b35059e2854894d681a8a8.ltl	case_98b35059e2854894d681a8a8.tlsf
case_c767edc6d6c8d9577219dc7a.ltl	case_c767edc6d6c8d9577219dc7a.tlsf
case_21d360545d5aaa404ec39a7e.ltl	case_21d360545d5aaa404ec39a7e.tlsf
case_2a17eec55706f0eee2b4ffe6.ltl	case_2a17eec55706f0eee2b4ffe6.tlsf
case_4236b67fee86fc007cdba246.ltl	case_4236b67fee86fc007cdba246.tlsf
case_88274ff3c3fdb1e698ddc9d5.ltl	case_88274ff3c3fdb1e698ddc9d5.tlsf
case_596f4c0506031c7108c2cd19.ltl	case_596f4c0506031c7108c2cd19.tlsf
case_faaa69455d5e26e800117555.ltl	case_faaa69455d5e26e800117555.tlsf
case_ab3453039ef3f542b6dfcd59.ltl	case_ab3453039ef3f542b6dfcd59.tlsf
case_da40095f2e218e486dc41d21.ltl	case_da40095f2e218e486dc41d21.tlsf
case_987852a0e2ba2f6bd0fa98ce.ltl	case_987852a0e2ba2f6bd0fa98ce.tlsf
case_45817d5036b48e12d0859fd8.ltl	case_45817d5036b48e12d0859fd8.tlsf
case_4de40b7f37a18f624b20f370.ltl	case_4de40b7f37a18f624b20f370.tlsf
case_e6ceba9935c0d8f33bb63ac3.ltl	case_e6ceba9935c0d8f33bb63ac3.tlsf
case_a2232bbe172a9f41bdd61947.ltl	case_a2232bbe172a9f41bdd61947.tlsf
case_409a418ad370ac890a781b39.ltl	case_409a418ad370ac890a781b39.tlsf
case_e075cc65c8cbf1adf34a948a.ltl	case_e075cc65c8cbf1adf34a948a.tlsf
case_8ce33146a594d2dbb3c7b8f2.ltl	case_8ce33146a594d2dbb3c7b8f2.tlsf
case_03ba3a507aa38ddd1e3b5b69.ltl	case_03ba3a507aa38ddd1e3b5b69.tlsf
case_6ee736c7716f55e0a8b68f8e.ltl	case_6ee736c7716f55e0a8b68f8e.tlsf
case_d9ee17c6cfba647e2a59ba68.ltl	case_d9ee17c6cfba647e2a59ba68.tlsf
case_45aba9187bce9f8e0645a13c.ltl	case_45aba9187bce9f8e0645a13c.tlsf
case_05e946b0ff58f88e70c985a6.ltl	case_05e946b0ff58f88e70c985a6.tlsf
case_32bd17fb6c8cde181ebd6ca5.ltl	case_32bd17fb6c8cde181ebd6ca5.tlsf
case_8c21689768a512b3936df618.ltl	case_8c21689768a512b3936df618.tlsf
case_4c4d012736a26600d1a6b87c.ltl	case_4c4d012736a26600d1a6b87c.tlsf
case_a835b43aede8803c0a247004.ltl	case_a835b43aede8803c0a247004.tlsf
case_4752925c5d4754ab18950242.ltl	case_4752925c5d4754ab18950242.tlsf
case_cc7d3bbefac8c0b4f4b94450.ltl	case_cc7d3bbefac8c0b4f4b94450.tlsf
case_c8dc6417a0f796583499a4a0.ltl	case_c8dc6417a0f796583499a4a0.tlsf
case_d4979ffe4d2d8d70397b4398.ltl	case_d4979ffe4d2d8d70397b4398.tlsf
case_6e5ccdc8d5a7a94ea469b6ef.ltl	case_6e5ccdc8d5a7a94ea469b6ef.tlsf
case_27e6cc5e09dd84b0e7ef74c4.ltl	case_27e6cc5e09dd84b0e7ef74c4.tlsf
case_f710a1ef759316a05b07e61c.ltl	case_f710a1ef759316a05b07e61c.tlsf
case_40322cd3976f9ef1f19e6af2.ltl	case_40322cd3976f9ef1f19e6af2.tlsf
case_f987361e2476fef9d0de1861.ltl	case_f987361e2476fef9d0de1861.tlsf
case_3c879244dce5143474fa0bc7.ltl	case_3c879244dce5143474fa0bc7.tlsf
case_f5bf340f10be2feb42ed72eb.ltl	case_f5bf340f10be2feb42ed72eb.tlsf
case_0c40929f211ab6d49f30f151.ltl	case_0c40929f211ab6d49f30f151.tlsf
case_58ce55db38df93c8665f338d.ltl	case_58ce55db38df93c8665f338d.tlsf
case_4fbfcc7d004fe31573ed2fd9.ltl	case_4fbfcc7d004fe31573ed2fd9.tlsf
case_1bfd7f100242d55fdf81c0fa.ltl	case_1bfd7f100242d55fdf81c0fa.tlsf
case_8b4d3653cbbf29302f258102.ltl	case_8b4d3653cbbf29302f258102.tlsf
case_5e168019cc5537cf4e4b4ec2.ltl	case_5e168019cc5537cf4e4b4ec2.tlsf
case_c3a8138225afc03ff1aa2847.ltl	case_c3a8138225afc03ff1aa2847.tlsf
case_03d68b6dd201e7ac675dff81.ltl	case_03d68b6dd201e7ac675dff81.tlsf
case_92416a1a6c1ae85890df770b.ltl	case_92416a1a6c1ae85890df770b.tlsf
case_693d3821f4babf1ec4e8f58d.ltl	case_693d3821f4babf1ec4e8f58d.tlsf
case_adf997d3a2997b118a843470.ltl	case_adf997d3a2997b118a843470.tlsf
case_f38280f9571b747f7b36cdbd.ltl	case_f38280f9571b747f7b36cdbd.tlsf
case_640db8a61c762042a838a4a7.ltl	case_640db8a61c762042a838a4a7.tlsf
case_2f985c0103c78aff5f61093b.ltl	case_2f985c0103c78aff5f61093b.tlsf
case_3ae8293ea4f4ae8f2c7f7e9c.ltl	case_3ae8293ea4f4ae8f2c7f7e9c.tlsf
case_830c1e0714afd5b6ed30ae6c.ltl	case_830c1e0714afd5b6ed30ae6c.tlsf
case_dde83072ba99d92ed0d6d795.ltl	case_dde83072ba99d92ed0d6d795.tlsf
case_b81032cae39740601f947578.ltl	case_b81032cae39740601f947578.tlsf
case_70e11d8f015949af503f7bca.ltl	case_70e11d8f015949af503f7bca.tlsf
case_c035a92c227857516f98864d.ltl	case_c035a92c227857516f98864d.tlsf
case_b10671a4138a6b4fffd8affa.ltl	case_b10671a4138a6b4fffd8affa.tlsf
case_a15e31be30f7984c3c4a93a9.ltl	case_a15e31be30f7984c3c4a93a9.tlsf
case_c9ccd9a6561eb1a8b18b8dc3.ltl	case_c9ccd9a6561eb1a8b18b8dc3.tlsf
case_488697c7ec44c2a7f372a620.ltl	case_488697c7ec44c2a7f372a620.tlsf
case_09e9a87945f4fadd772da949.ltl	case_09e9a87945f4fadd772da949.tlsf
case_2320d2b2b527500857bf1f76.ltl	case_2320d2b2b527500857bf1f76.tlsf
case_d4bf12aec5fede0569cbb774.ltl	case_d4bf12aec5fede0569cbb774.tlsf
case_62d7599134ac796e73e4c9c6.ltl	case_62d7599134ac796e73e4c9c6.tlsf
case_f69f1a7202032519ef18ff49.ltl	case_f69f1a7202032519ef18ff49.tlsf
case_8e9331e315646e90a790e5eb.ltl	case_8e9331e315646e90a790e5eb.tlsf
case_e1d70550cb2833d600ca718b.ltl	case_e1d70550cb2833d600ca718b.tlsf
case_0faaac9617dfe878a2b28379.ltl	case_0faaac9617dfe878a2b28379.tlsf
case_e2b10b3c5d129bbbb64f0df7.ltl	case_e2b10b3c5d129bbbb64f0df7.tlsf
case_93204cbd7385181c333bf18e.ltl	case_93204cbd7385181c333bf18e.tlsf
case_e6a3bb644aa4e77848db20f8.ltl	case_e6a3bb644aa4e77848db20f8.tlsf
case_6b47b1aeba8a85a87b3a0ad6.ltl	case_6b47b1aeba8a85a87b3a0ad6.tlsf
case_399926107c01016c02c5bf5b.ltl	case_399926107c01016c02c5bf5b.tlsf
case_1a13d35f4493b1b693ef9f5b.ltl	case_1a13d35f4493b1b693ef9f5b.tlsf
case_3b7929cd9cdfcc5b4fe4fe5b.ltl	case_3b7929cd9cdfcc5b4fe4fe5b.tlsf
case_0c125b70dafddfbd4359da26.ltl	case_0c125b70dafddfbd4359da26.tlsf
case_0124233cf41b897cd7443f26.ltl	case_0124233cf41b897cd7443f26.tlsf
case_defc198654fc50b6957b8a9c.ltl	case_defc198654fc50b6957b8a9c.tlsf
case_9e23d2c624e5e77230aad3dc.ltl	case_9e23d2c624e5e77230aad3dc.tlsf
case_2080790bd223cc1965dd4e56.ltl	case_2080790bd223cc1965dd4e56.tlsf
case_b9bfef93cfe02201af617be8.ltl	case_b9bfef93cfe02201af617be8.tlsf
case_50543b0d70f9b5809b62cce6.ltl	case_50543b0d70f9b5809b62cce6.tlsf
case_41faae812e6432f539723d04.ltl	case_41faae812e6432f539723d04.tlsf
case_c297f389db5edda26ce27074.ltl	case_c297f389db5edda26ce27074.tlsf
case_b0c25b31ff097c7e6efe4ae7.ltl	case_b0c25b31ff097c7e6efe4ae7.tlsf
case_737c41b79c1895d30c0a17c1.ltl	case_737c41b79c1895d30c0a17c1.tlsf
case_5e2361b366a9b4b31d77e456.ltl	case_5e2361b366a9b4b31d77e456.tlsf
case_7b5ecd9e6e81faa49335cf07.ltl	case_7b5ecd9e6e81faa49335cf07.tlsf
case_0806da0c46bb0d0815a92f58.ltl	case_0806da0c46bb0d0815a92f58.tlsf
case_cdb5553f489f6775b9839511.ltl	case_cdb5553f489f6775b9839511.tlsf
case_a7812f2579927b7f1c1ef77c.ltl	case_a7812f2579927b7f1c1ef77c.tlsf
case_b07bc298f26f1025f3fdc5a2.ltl	case_b07bc298f26f1025f3fdc5a2.tlsf
case_3e8a9b7cc4a7201eb61939b7.ltl	case_3e8a9b7cc4a7201eb61939b7.tlsf
case_2dfb4dd3a277fdae39554318.ltl	case_2dfb4dd3a277fdae39554318.tlsf
case_f126f42ec03f38e243de80f2.ltl	case_f126f42ec03f38e243de80f2.tlsf
case_b0ac8341e8c5b7d078a5e086.ltl	case_b0ac8341e8c5b7d078a5e086.tlsf
case_aa085ee635590d3dc3f9afb1.ltl	case_aa085ee635590d3dc3f9afb1.tlsf
case_fa89dbfbb236d94f2906033d.ltl	case_fa89dbfbb236d94f2906033d.tlsf
case_8ac2ce0fb67a6138a73d45a9.ltl	case_8ac2ce0fb67a6138a73d45a9.tlsf
case_ff4d8c34c4b5a6c426fb0044.ltl	case_ff4d8c34c4b5a6c426fb0044.tlsf
case_136587b630e8614c6db594c4.ltl	case_136587b630e8614c6db594c4.tlsf
case_9abc8a6499d48241f4b3d6fa.ltl	case_9abc8a6499d48241f4b3d6fa.tlsf
case_c5809a3d49ecc3960cd51375.ltl	case_c5809a3d49ecc3960cd51375.tlsf
case_13e38f2f4d34bebedfbe9031.ltl	case_13e38f2f4d34bebedfbe9031.tlsf
case_1747aa6fc6dc4c0c5fe882dc.ltl	case_1747aa6fc6dc4c0c5fe882dc.tlsf
case_a67fbbc89ee77e923de967c6.ltl	case_a67fbbc89ee77e923de967c6.tlsf
case_081c27d5bb45aa2486991a09.ltl	case_081c27d5bb45aa2486991a09.tlsf
case_a7fb995b1f074deaddf3f5c8.ltl	case_a7fb995b1f074deaddf3f5c8.tlsf
case_2bc2535977a7887a88054b84.ltl	case_2bc2535977a7887a88054b84.tlsf
case_a8dcc6efa2536fdf5433d14b.ltl	case_a8dcc6efa2536fdf5433d14b.tlsf
case_eef6fc664c111f8174cf23e0.ltl	case_eef6fc664c111f8174cf23e0.tlsf
case_c7280047c5430d5d6f873525.ltl	case_c7280047c5430d5d6f873525.tlsf
case_e0be409d2d5ba7c294b18562.ltl	case_e0be409d2d5ba7c294b18562.tlsf
case_71d03a9842f78600dde56518.ltl	case_71d03a9842f78600dde56518.tlsf
case_26df055e0fd1d64b22cc3c03.ltl	case_26df055e0fd1d64b22cc3c03.tlsf
case_b5d7636993b1b57e75feb0d3.ltl	case_b5d7636993b1b57e75feb0d3.tlsf
case_e955adea4aa928d8bf387993.ltl	case_e955adea4aa928d8bf387993.tlsf
case_4f6e73bd3fa17a511cbed421.ltl	case_4f6e73bd3fa17a511cbed421.tlsf
case_e95df3ec9b0c2769494b6920.ltl	case_e95df3ec9b0c2769494b6920.tlsf
case_11b4acbb615967cc6fb4fa24.ltl	case_11b4acbb615967cc6fb4fa24.tlsf
case_7946e37935902176fe6843ac.ltl	case_7946e37935902176fe6843ac.tlsf
case_4297e4ddfc30f4bbb5225aa1.ltl	case_4297e4ddfc30f4bbb5225aa1.tlsf
case_2be143a7c3a6bc6ab3807b70.ltl	case_2be143a7c3a6bc6ab3807b70.tlsf
case_5d65a33e812049995d4a7e19.ltl	case_5d65a33e812049995d4a7e19.tlsf
case_af2ce9c1230fd9fd2752f2f4.ltl	case_af2ce9c1230fd9fd2752f2f4.tlsf
case_e7b64362f54f02c057e7af54.ltl	case_e7b64362f54f02c057e7af54.tlsf
case_54fb268ea361a4f4cb01786d.ltl	case_54fb268ea361a4f4cb01786d.tlsf
case_adf4d3c3778a6b6492430fee.ltl	case_adf4d3c3778a6b6492430fee.tlsf
case_e363825937f5187a8a3ae9b4.ltl	case_e363825937f5187a8a3ae9b4.tlsf
case_3aa030ed90f598ec22bf0c8b.ltl	case_3aa030ed90f598ec22bf0c8b.tlsf
case_ef8ebce37ffc8a70de50b605.ltl	case_ef8ebce37ffc8a70de50b605.tlsf
case_5e19da091d404c8a8e2e4ae5.ltl	case_5e19da091d404c8a8e2e4ae5.tlsf
case_bfea8cdeeb3a3c52c2613832.ltl	case_bfea8cdeeb3a3c52c2613832.tlsf
case_594afc79c646e7d8e5ead0c4.ltl	case_594afc79c646e7d8e5ead0c4.tlsf
case_78a91f13c39d4dec311d8cc8.ltl	case_78a91f13c39d4dec311d8cc8.tlsf
case_8b996ca684d893943fdacb4c.ltl	case_8b996ca684d893943fdacb4c.tlsf
case_7ed9a07389a90679e435e9d7.ltl	case_7ed9a07389a90679e435e9d7.tlsf
case_1481c75bdfb5cdda8ba38a58.ltl	case_1481c75bdfb5cdda8ba38a58.tlsf
case_bc1da80a514344699163398e.ltl	case_bc1da80a514344699163398e.tlsf
case_b573c7eca88a12e94662f56d.ltl	case_b573c7eca88a12e94662f56d.tlsf
case_c0aa2686ca50570c0c1b61b6.ltl	case_c0aa2686ca50570c0c1b61b6.tlsf
case_2a9b7b61cc96afa5fbcdb4e8.ltl	case_2a9b7b61cc96afa5fbcdb4e8.tlsf
case_eace12911c3976790e5e4ba6.ltl	case_eace12911c3976790e5e4ba6.tlsf
case_6f1af948b5afe3e295af0972.ltl	case_6f1af948b5afe3e295af0972.tlsf
case_b9ebf01d047bd1d202043c1c.ltl	case_b9ebf01d047bd1d202043c1c.tlsf
case_7ce7bbee099577e7d519344b.ltl	case_7ce7bbee099577e7d519344b.tlsf
case_0454aae53776961c9323f888.ltl	case_0454aae53776961c9323f888.tlsf
case_2deb5bbbb024a16c364bceac.ltl	case_2deb5bbbb024a16c364bceac.tlsf
case_00fa8d8119ceae452c142b98.ltl	case_00fa8d8119ceae452c142b98.tlsf
case_be386fc7d0657588df86e24b.ltl	case_be386fc7d0657588df86e24b.tlsf
case_516462330e0dbfc74cc27715.ltl	case_516462330e0dbfc74cc27715.tlsf
case_f47290aa20d6bfc19df5974b.ltl	case_f47290aa20d6bfc19df5974b.tlsf
case_1c289a181149fbebd30d0b3c.ltl	case_1c289a181149fbebd30d0b3c.tlsf
case_e8172cdf175b650a8962a758.ltl	case_e8172cdf175b650a8962a758.tlsf
case_53c7b1f2156b9660ced642ff.ltl	case_53c7b1f2156b9660ced642ff.tlsf
case_1eb67152733025a92e2da7a7.ltl	case_1eb67152733025a92e2da7a7.tlsf
case_379550c2a4f5777669cf63ad.ltl	case_379550c2a4f5777669cf63ad.tlsf
case_83ab08d9d6e59bf23bbf0a6b.ltl	case_83ab08d9d6e59bf23bbf0a6b.tlsf
case_0181a7410a19afdb06ec3f5d.ltl	case_0181a7410a19afdb06ec3f5d.tlsf
case_9080949592930a6845727331.ltl	case_9080949592930a6845727331.tlsf
case_a37b056e40e52a6e9f32e6b1.ltl	case_a37b056e40e52a6e9f32e6b1.tlsf
case_d1abb173939ccf53a4ff7f9a.ltl	case_d1abb173939ccf53a4ff7f9a.tlsf
case_a53cdb43ca64d3c3de051d47.ltl	case_a53cdb43ca64d3c3de051d47.tlsf
case_e8b1e4bf38b1701ebca095ce.ltl	case_e8b1e4bf38b1701ebca095ce.tlsf
case_158e6622484bf46e069821e9.ltl	case_158e6622484bf46e069821e9.tlsf
case_5c6537d85887824d5bcbe2db.ltl	case_5c6537d85887824d5bcbe2db.tlsf
case_825787c2886e5deb361acca8.ltl	case_825787c2886e5deb361acca8.tlsf
case_4e62a6bf65b6ca7cc46a43db.ltl	case_4e62a6bf65b6ca7cc46a43db.tlsf
case_f20c192b1087071bed9a7114.ltl	case_f20c192b1087071bed9a7114.tlsf
case_9a4765b85ff02686f27a0d43.ltl	case_9a4765b85ff02686f27a0d43.tlsf
case_ddbae1a41020e303846da0b3.ltl	case_ddbae1a41020e303846da0b3.tlsf
case_4c1a6a33531c6fe90fad2f67.ltl	case_4c1a6a33531c6fe90fad2f67.tlsf
case_1e14505717d8b092b68427a3.ltl	case_1e14505717d8b092b68427a3.tlsf
case_799a01a2d3792325cd8705ca.ltl	case_799a01a2d3792325cd8705ca.tlsf
case_768da6c2ccd2ae67f82592a9.ltl	case_768da6c2ccd2ae67f82592a9.tlsf
case_4be673272c61ea8f390bfc3d.ltl	case_4be673272c61ea8f390bfc3d.tlsf
case_65769c8347e7a4e39c73268f.ltl	case_65769c8347e7a4e39c73268f.tlsf
case_d702d7cc6cb29806c25eab0a.ltl	case_d702d7cc6cb29806c25eab0a.tlsf
case_dddc13af6049ab69af7294d2.ltl	case_dddc13af6049ab69af7294d2.tlsf
case_7c80d19046616cf9f080bb05.ltl	case_7c80d19046616cf9f080bb05.tlsf
case_64dee0cb418c3d3d7662460e.ltl	case_64dee0cb418c3d3d7662460e.tlsf
case_9aa84515cda1d8ad0c34d233.ltl	case_9aa84515cda1d8ad0c34d233.tlsf
case_128b21db338790b137d72584.ltl	case_128b21db338790b137d72584.tlsf
case_d3ee2774c8b0dfe1c14db9af.ltl	case_d3ee2774c8b0dfe1c14db9af.tlsf
case_6f3b7b7b8f356e691f95f8c6.ltl	case_6f3b7b7b8f356e691f95f8c6.tlsf
case_e95f2449dcdcf357ff49a380.ltl	case_e95f2449dcdcf357ff49a380.tlsf
case_d9d59527266e5083ec7651d1.ltl	case_d9d59527266e5083ec7651d1.tlsf
case_6b12e4d7d92d4a0568ca26a1.ltl	case_6b12e4d7d92d4a0568ca26a1.tlsf
case_55d1f0ae7e52f13482f71fa5.ltl	case_55d1f0ae7e52f13482f71fa5.tlsf
case_6c49ebdd2f2caf8ad9096b9b.ltl	case_6c49ebdd2f2caf8ad9096b9b.tlsf
case_e40dd3e6bfb6de819806605f.ltl	case_e40dd3e6bfb6de819806605f.tlsf
case_e5b3edfade6ff3b2d519898c.ltl	case_e5b3edfade6ff3b2d519898c.tlsf
case_0b8d7123a96724faf8bee4ab.ltl	case_0b8d7123a96724faf8bee4ab.tlsf
case_8039aa52a93eb68e091e95d6.ltl	case_8039aa52a93eb68e091e95d6.tlsf
case_7129492f3ef31d6c57117aa2.ltl	case_7129492f3ef31d6c57117aa2.tlsf
case_c46a63d2ae209fa42156c872.ltl	case_c46a63d2ae209fa42156c872.tlsf
case_e1e4cea1863b8e7f0fdeca9d.ltl	case_e1e4cea1863b8e7f0fdeca9d.tlsf
case_0b39a9909f4456d1bbc58e52.ltl	case_0b39a9909f4456d1bbc58e52.tlsf
case_4ec0a655a963ea106240b5f5.ltl	case_4ec0a655a963ea106240b5f5.tlsf
case_220cf2abb42c8ad0a93f7540.ltl	case_220cf2abb42c8ad0a93f7540.tlsf
case_10543158c4722d311189ce61.ltl	case_10543158c4722d311189ce61.tlsf
case_423da037ed698ddc0e86e674.ltl	case_423da037ed698ddc0e86e674.tlsf
case_a1fc5bb1be48ed60d9a7ed56.ltl	case_a1fc5bb1be48ed60d9a7ed56.tlsf
case_f9136327960fa6e5154e374a.ltl	case_f9136327960fa6e5154e374a.tlsf
case_4fa4171b383dc03f6f343486.ltl	case_4fa4171b383dc03f6f343486.tlsf
case_12a4065ae88cccc1d5a154f4.ltl	case_12a4065ae88cccc1d5a154f4.tlsf
case_18a1be6533783d0478e2b21f.ltl	case_18a1be6533783d0478e2b21f.tlsf
case_5696f886d2d69c09ad3db743.ltl	case_5696f886d2d69c09ad3db743.tlsf
case_ca9cfe59dd55bf0f8fa31122.ltl	case_ca9cfe59dd55bf0f8fa31122.tlsf
case_1573059748bccb998a9828c4.ltl	case_1573059748bccb998a9828c4.tlsf
case_bc536bfe6d07dca1646d278c.ltl	case_bc536bfe6d07dca1646d278c.tlsf
case_235a843b2e1af5bb5de739b4.ltl	case_235a843b2e1af5bb5de739b4.tlsf
case_5836cdf5a5e21dd5b75b8fb7.ltl	case_5836cdf5a5e21dd5b75b8fb7.tlsf
case_603c9d113a2e924f45ce5123.ltl	case_603c9d113a2e924f45ce5123.tlsf
case_5860ddda7c88f5f11376540b.ltl	case_5860ddda7c88f5f11376540b.tlsf
case_dad14801c85efb7808f97091.ltl	case_dad14801c85efb7808f97091.tlsf
case_69b841380ccfbe2b4226be09.ltl	case_69b841380ccfbe2b4226be09.tlsf
case_28ba5f1500f0ae9aeaf16a30.ltl	case_28ba5f1500f0ae9aeaf16a30.tlsf
case_8c7b19e6029d98ad30a61dfa.ltl	case_8c7b19e6029d98ad30a61dfa.tlsf
case_a1bdfa3a552998c42d1000c6.ltl	case_a1bdfa3a552998c42d1000c6.tlsf
case_a7be8b475a1a9f72c54b1f35.ltl	case_a7be8b475a1a9f72c54b1f35.tlsf
case_40a66151e1ff8ab672fd0514.ltl	case_40a66151e1ff8ab672fd0514.tlsf
case_a33d13b80fd89d6667560184.ltl	case_a33d13b80fd89d6667560184.tlsf
case_06185516b491555268fb1600.ltl	case_06185516b491555268fb1600.tlsf
case_82996f6930de1f018bd7f726.ltl	case_82996f6930de1f018bd7f726.tlsf
case_78c25ef8d06da0f01c7d9351.ltl	case_78c25ef8d06da0f01c7d9351.tlsf
case_ebc96345e5c33df5c2a1c84f.ltl	case_ebc96345e5c33df5c2a1c84f.tlsf
case_667210f246b8d4bc094d3d66.ltl	case_667210f246b8d4bc094d3d66.tlsf
case_02230bfb94f82638ee24dd00.ltl	case_02230bfb94f82638ee24dd00.tlsf
case_960a3abc603b12113e9a9761.ltl	case_960a3abc603b12113e9a9761.tlsf
case_fc82bffba7015797d6f8a8b2.ltl	case_fc82bffba7015797d6f8a8b2.tlsf
case_239a036ada749d68d401b37c.ltl	case_239a036ada749d68d401b37c.tlsf
case_cedc33cba612b8d31058ece5.ltl	case_cedc33cba612b8d31058ece5.tlsf
case_10caf6613569f6733abe0edc.ltl	case_10caf6613569f6733abe0edc.tlsf
case_c6029d80ae1a4ac900fdf622.ltl	case_c6029d80ae1a4ac900fdf622.tlsf
case_40768e6f3a6fb67b33bbe881.ltl	case_40768e6f3a6fb67b33bbe881.tlsf
case_509959b103187e3497397cbc.ltl	case_509959b103187e3497397cbc.tlsf
case_f08aa17825b4ab380de5e180.ltl	case_f08aa17825b4ab380de5e180.tlsf
case_11b0f18b17d27ff5f5cd2aeb.ltl	case_11b0f18b17d27ff5f5cd2aeb.tlsf
case_1305a18feddc57db5a73f0b3.ltl	case_1305a18feddc57db5a73f0b3.tlsf
case_a0f52faeec03a2572fa1bfc1.ltl	case_a0f52faeec03a2572fa1bfc1.tlsf
case_43eb9dbe048ba8cc2a6cc459.ltl	case_43eb9dbe048ba8cc2a6cc459.tlsf
case_88a62c37ccecca21ab07112a.ltl	case_88a62c37ccecca21ab07112a.tlsf
case_8fb0ea7e9282a63ddeeed0d9.ltl	case_8fb0ea7e9282a63ddeeed0d9.tlsf
case_529bf5fb79762087b7b80cf9.ltl	case_529bf5fb79762087b7b80cf9.tlsf
case_ad9afeb39b3700d17ea1fb7f.ltl	case_ad9afeb39b3700d17ea1fb7f.tlsf
case_feca7cbf9566d8100c6bd667.ltl	case_feca7cbf9566d8100c6bd667.tlsf
case_d6671e31b267cec6bec0ba77.ltl	case_d6671e31b267cec6bec0ba77.tlsf
case_566c8e22e00fc3a141b1e32a.ltl	case_566c8e22e00fc3a141b1e32a.tlsf
case_7003be9489b7e7536816a5e0.ltl	case_7003be9489b7e7536816a5e0.tlsf
case_5664324779dccbc8af5af87c.ltl	case_5664324779dccbc8af5af87c.tlsf
case_2ad981e9709bed326c01ace6.ltl	case_2ad981e9709bed326c01ace6.tlsf
case_a65b0944c94aefefb1398b09.ltl	case_a65b0944c94aefefb1398b09.tlsf
case_d798b4ae93bef0a766a6bce8.ltl	case_d798b4ae93bef0a766a6bce8.tlsf
case_4a2de6425b7f4449f35de6f3.ltl	case_4a2de6425b7f4449f35de6f3.tlsf
case_a022a66c6d610f7a813253c6.ltl	case_a022a66c6d610f7a813253c6.tlsf
case_9ce3d8adb208e1cc450752de.ltl	case_9ce3d8adb208e1cc450752de.tlsf
case_1a3652cd68d2a127fdb3a83b.ltl	case_1a3652cd68d2a127fdb3a83b.tlsf
case_f12a08119b48ca819d8716ce.ltl	case_f12a08119b48ca819d8716ce.tlsf
case_cf19f9e4731b312e6b6da87b.ltl	case_cf19f9e4731b312e6b6da87b.tlsf
case_dea256146aaa58bb9b8d3612.ltl	case_dea256146aaa58bb9b8d3612.tlsf
case_3bc3566f9b9b77fa89b74b6b.ltl	case_3bc3566f9b9b77fa89b74b6b.tlsf
case_e05d49b24278e856bf051f28.ltl	case_e05d49b24278e856bf051f28.tlsf
case_e54d606214a41efd59fd5c89.ltl	case_e54d606214a41efd59fd5c89.tlsf
case_93dcda810e3f722c8af652a7.ltl	case_93dcda810e3f722c8af652a7.tlsf
case_612bf02d750a82de6de891a7.ltl	case_612bf02d750a82de6de891a7.tlsf
case_96a97bdfec5b32a9510a3ff2.ltl	case_96a97bdfec5b32a9510a3ff2.tlsf
case_4e29b7fe33830f03874a2734.ltl	case_4e29b7fe33830f03874a2734.tlsf
case_54d8b2234ead15877833697c.ltl	case_54d8b2234ead15877833697c.tlsf
case_3c5ec882f1c374fe49512a03.ltl	case_3c5ec882f1c374fe49512a03.tlsf
case_964709ba69cdb64d77bbd965.ltl	case_964709ba69cdb64d77bbd965.tlsf
case_f69abf8e6794312cd428dff9.ltl	case_f69abf8e6794312cd428dff9.tlsf
case_57b4fd809d0fa18e6610b0e1.ltl	case_57b4fd809d0fa18e6610b0e1.tlsf
case_4b593ce1a9b5844d99b13591.ltl	case_4b593ce1a9b5844d99b13591.tlsf
case_e414a4a67fd0fc04fd2fb57c.ltl	case_e414a4a67fd0fc04fd2fb57c.tlsf
case_b86d494ba0ed7f6fe36d1ff5.ltl	case_b86d494ba0ed7f6fe36d1ff5.tlsf
case_e2bf4ca60058eb6bd7343c9e.ltl	case_e2bf4ca60058eb6bd7343c9e.tlsf
case_7362c437dbbeeca5861de5ff.ltl	case_7362c437dbbeeca5861de5ff.tlsf
case_07682dc88bfb7f1f5e2b117d.ltl	case_07682dc88bfb7f1f5e2b117d.tlsf
case_9b4625ef6597299cb03538d2.ltl	case_9b4625ef6597299cb03538d2.tlsf
case_3d3df1b697430ef42d08c1d3.ltl	case_3d3df1b697430ef42d08c1d3.tlsf
case_1011faab76c52d7b511a734b.ltl	case_1011faab76c52d7b511a734b.tlsf
case_7f5d352788ca65a5a10207ae.ltl	case_7f5d352788ca65a5a10207ae.tlsf
case_0fc88f6cecc40822e1b01306.ltl	case_0fc88f6cecc40822e1b01306.tlsf
case_aab7c75e988361c9cadd5b83.ltl	case_aab7c75e988361c9cadd5b83.tlsf
case_04bb20facfbb1f6d44ec0605.ltl	case_04bb20facfbb1f6d44ec0605.tlsf
case_f2f51bd1812be512e281c79e.ltl	case_f2f51bd1812be512e281c79e.tlsf
case_ca5be435974747b8b6a7a62e.ltl	case_ca5be435974747b8b6a7a62e.tlsf
case_ae6c654d588239cfd0e576d1.ltl	case_ae6c654d588239cfd0e576d1.tlsf
case_2c118fdcc0d27dc15eb023f0.ltl	case_2c118fdcc0d27dc15eb023f0.tlsf
case_7005ad14b905f199012a77f2.ltl	case_7005ad14b905f199012a77f2.tlsf
case_cf6d8138b6e957ed9b138e63.ltl	case_cf6d8138b6e957ed9b138e63.tlsf
case_ebfe1cd2e41bd63a26abea35.ltl	case_ebfe1cd2e41bd63a26abea35.tlsf
case_38d238765cb16e5fa6261625.ltl	case_38d238765cb16e5fa6261625.tlsf
case_19fd7d1f04c1882e2ee1cea9.ltl	case_19fd7d1f04c1882e2ee1cea9.tlsf
case_f956d5c4ed86a2732ae335a0.ltl	case_f956d5c4ed86a2732ae335a0.tlsf
case_f89a650d3db1812e39c8977a.ltl	case_f89a650d3db1812e39c8977a.tlsf
case_d02419431b060a338974efdf.ltl	case_d02419431b060a338974efdf.tlsf
case_167585b95893c7ffac7248d8.ltl	case_167585b95893c7ffac7248d8.tlsf
case_eb7a74b2455340476b33d657.ltl	case_eb7a74b2455340476b33d657.tlsf
case_ecc68b51f831b066151425ba.ltl	case_ecc68b51f831b066151425ba.tlsf
case_ce783bb1514b39906f8edf45.ltl	case_ce783bb1514b39906f8edf45.tlsf
case_dd2df06abe60160827129d9d.ltl	case_dd2df06abe60160827129d9d.tlsf
case_4ef4c05b1e7ebc1cf325d02a.ltl	case_4ef4c05b1e7ebc1cf325d02a.tlsf
case_34fc5ef4d5b5b5e4ff5a0fd9.ltl	case_34fc5ef4d5b5b5e4ff5a0fd9.tlsf
case_47c4d8e06df43d4cc0fd3b69.ltl	case_47c4d8e06df43d4cc0fd3b69.tlsf
case_a0b993d916e031a198aaf5d8.ltl	case_a0b993d916e031a198aaf5d8.tlsf
case_098ed1d51371b4f577bd5efc.ltl	case_098ed1d51371b4f577bd5efc.tlsf
case_e4d4b7bbdb4b4867704a1a7f.ltl	case_e4d4b7bbdb4b4867704a1a7f.tlsf
case_2f599b0039e71c039d9d0495.ltl	case_2f599b0039e71c039d9d0495.tlsf
case_49d8541b21270f73e10b3bde.ltl	case_49d8541b21270f73e10b3bde.tlsf
case_90b640b05a2f734209b72db5.ltl	case_90b640b05a2f734209b72db5.tlsf
case_44c379e06a9aeb0becf7e84d.ltl	case_44c379e06a9aeb0becf7e84d.tlsf
case_daa528b2b336bfc56de94417.ltl	case_daa528b2b336bfc56de94417.tlsf
case_9f66970005069eea30ff48b1.ltl	case_9f66970005069eea30ff48b1.tlsf
case_3095a867bee12b5bf6f781cf.ltl	case_3095a867bee12b5bf6f781cf.tlsf
case_11cac24e81598bdc61686f77.ltl	case_11cac24e81598bdc61686f77.tlsf
case_d3d1cc2a32cf13d3c9cca641.ltl	case_d3d1cc2a32cf13d3c9cca641.tlsf
case_223f543bed078b775264eb8e.ltl	case_223f543bed078b775264eb8e.tlsf
case_916c467699fc326cc52f67bc.ltl	case_916c467699fc326cc52f67bc.tlsf
case_b2286d6634913777b7fdc3b7.ltl	case_b2286d6634913777b7fdc3b7.tlsf
case_9cd4cbc4e37ca1e1d3fb81da.ltl	case_9cd4cbc4e37ca1e1d3fb81da.tlsf
case_ed2e8f6cc65550c42b88f7ed.ltl	case_ed2e8f6cc65550c42b88f7ed.tlsf
case_c767caa32e7b70e13e9cca9e.ltl	case_c767caa32e7b70e13e9cca9e.tlsf
case_1f5ed9e3542ef2f8d0de9dcd.ltl	case_1f5ed9e3542ef2f8d0de9dcd.tlsf
case_8996b122c7953b2e83638db9.ltl	case_8996b122c7953b2e83638db9.tlsf
case_fb5999379dcf8d63bc706368.ltl	case_fb5999379dcf8d63bc706368.tlsf
case_93681424c4e20a46fc143ac8.ltl	case_93681424c4e20a46fc143ac8.tlsf
case_da478ae36fc5cc69e7943cbd.ltl	case_da478ae36fc5cc69e7943cbd.tlsf
case_702aad964412d36d25e7900b.ltl	case_702aad964412d36d25e7900b.tlsf
case_732b52b247f0029e463eca36.ltl	case_732b52b247f0029e463eca36.tlsf
case_4af8a764368660621f125a58.ltl	case_4af8a764368660621f125a58.tlsf
case_e50e18c6fcf469b76cb027ef.ltl	case_e50e18c6fcf469b76cb027ef.tlsf
case_165fbff3a913de5979b75947.ltl	case_165fbff3a913de5979b75947.tlsf
case_6cc8104694701e83d3934b99.ltl	case_6cc8104694701e83d3934b99.tlsf
case_547ebaa009a85529c376e31c.ltl	case_547ebaa009a85529c376e31c.tlsf
case_18df5b2ba77133d5486c5686.ltl	case_18df5b2ba77133d5486c5686.tlsf
case_0ea1b983a57075ff49c1db72.ltl	case_0ea1b983a57075ff49c1db72.tlsf
case_9564915b78d05670a40fa6cc.ltl	case_9564915b78d05670a40fa6cc.tlsf
case_965df914009c1fe7e7a18948.ltl	case_965df914009c1fe7e7a18948.tlsf
case_ab5155945730fcd147cb533d.ltl	case_ab5155945730fcd147cb533d.tlsf
case_e42cfccc9a13e1b4db7b18c7.ltl	case_e42cfccc9a13e1b4db7b18c7.tlsf
case_3006b0c7d1dd0721d071a7c2.ltl	case_3006b0c7d1dd0721d071a7c2.tlsf
case_0b747c4621cbc1aea570c042.ltl	case_0b747c4621cbc1aea570c042.tlsf
case_8d8c75756d8a643e6327c567.ltl	case_8d8c75756d8a643e6327c567.tlsf
case_480c734d2e1891ff4c79bd15.ltl	case_480c734d2e1891ff4c79bd15.tlsf
case_d91de23e0e48b5a1d5fb0084.ltl	case_d91de23e0e48b5a1d5fb0084.tlsf
case_db155192be65148d3e6c02f4.ltl	case_db155192be65148d3e6c02f4.tlsf
case_6d6be998c3c2d4bd0fcdb234.ltl	case_6d6be998c3c2d4bd0fcdb234.tlsf
case_8afd1f0e330e4abd7585040d.ltl	case_8afd1f0e330e4abd7585040d.tlsf
case_606a70744259d28dbeb5ebba.ltl	case_606a70744259d28dbeb5ebba.tlsf
case_dcd441262eb4523b0feb76e7.ltl	case_dcd441262eb4523b0feb76e7.tlsf
case_157810f142d70620b6f749ff.ltl	case_157810f142d70620b6f749ff.tlsf
case_650684641a26bcfd4fd69b98.ltl	case_650684641a26bcfd4fd69b98.tlsf
case_8653b6716874955cef149067.ltl	case_8653b6716874955cef149067.tlsf
case_083b68597aba07630d5241f9.ltl	case_083b68597aba07630d5241f9.tlsf
case_52cb3aa91972cbd6ed968d7c.ltl	case_52cb3aa91972cbd6ed968d7c.tlsf
case_7cb72dddcb99daece75c985b.ltl	case_7cb72dddcb99daece75c985b.tlsf
case_cbf4132f16ac4d2ebb8b8cee.ltl	case_cbf4132f16ac4d2ebb8b8cee.tlsf
case_c2a5d2e7db8d185f7100fae2.ltl	case_c2a5d2e7db8d185f7100fae2.tlsf
case_717c69057cb62bc9b8b0e7be.ltl	case_717c69057cb62bc9b8b0e7be.tlsf
case_4b13ed14583e5f5198aeef90.ltl	case_4b13ed14583e5f5198aeef90.tlsf
case_f93ccb69c237239c061f8f75.ltl	case_f93ccb69c237239c061f8f75.tlsf
case_a1b49e4d9d48f32eb7621519.ltl	case_a1b49e4d9d48f32eb7621519.tlsf
case_0a959ef591d3f0488d2da57e.ltl	case_0a959ef591d3f0488d2da57e.tlsf
case_e6f152f91005f83126c9e3bd.ltl	case_e6f152f91005f83126c9e3bd.tlsf
case_347caf0a25ef3098fbf09037.ltl	case_347caf0a25ef3098fbf09037.tlsf
case_f5a073430ca32ba56b00a831.ltl	case_f5a073430ca32ba56b00a831.tlsf
case_88b4e5cb3f6fee16401bf8c6.ltl	case_88b4e5cb3f6fee16401bf8c6.tlsf
case_e39245e5e6137189d1a4a809.ltl	case_e39245e5e6137189d1a4a809.tlsf
case_bfff8f853e6ab66bab8e4f03.ltl	case_bfff8f853e6ab66bab8e4f03.tlsf
case_0dba0f5ae421e116d8f69bae.ltl	case_0dba0f5ae421e116d8f69bae.tlsf
case_41d2334a7ceb8020eed74789.ltl	case_41d2334a7ceb8020eed74789.tlsf
case_41211416acd5ffc7267ab17a.ltl	case_41211416acd5ffc7267ab17a.tlsf
case_8df54db86534a83c37013873.ltl	case_8df54db86534a83c37013873.tlsf
case_6bcf402f33f19cd11f6a8640.ltl	case_6bcf402f33f19cd11f6a8640.tlsf
case_5e765582c3382f5439d65c2c.ltl	case_5e765582c3382f5439d65c2c.tlsf
case_538266134c16d51f64ec89d0.ltl	case_538266134c16d51f64ec89d0.tlsf
case_483579ace0bd30983bf7277c.ltl	case_483579ace0bd30983bf7277c.tlsf
case_01412ada7b8cd70884412f78.ltl	case_01412ada7b8cd70884412f78.tlsf
case_975a9575fd6151fa75c87d4d.ltl	case_975a9575fd6151fa75c87d4d.tlsf
case_709e5d19fbf663bc19af68cd.ltl	case_709e5d19fbf663bc19af68cd.tlsf
case_8cc138b3bc56366bff3790bd.ltl	case_8cc138b3bc56366bff3790bd.tlsf
case_7a0b930dc698b7401f299062.ltl	case_7a0b930dc698b7401f299062.tlsf
case_91db16cae7f4c4c93de1eef9.ltl	case_91db16cae7f4c4c93de1eef9.tlsf
case_8d08f1cef7965fd24d12b112.ltl	case_8d08f1cef7965fd24d12b112.tlsf
case_65006497ea863312d234504f.ltl	case_65006497ea863312d234504f.tlsf
case_0531eb4301742fd521f840e9.ltl	case_0531eb4301742fd521f840e9.tlsf
case_9ce89c62f68d11ba994cf2ba.ltl	case_9ce89c62f68d11ba994cf2ba.tlsf
case_6a78c2a63974266332143645.ltl	case_6a78c2a63974266332143645.tlsf
case_ab5525796397a9ef09f18d05.ltl	case_ab5525796397a9ef09f18d05.tlsf
case_78980e8572d60c7021bf894f.ltl	case_78980e8572d60c7021bf894f.tlsf
case_b1133a5623478b6dcde7a2d0.ltl	case_b1133a5623478b6dcde7a2d0.tlsf
case_abe2225fac1a3bf7bba7c011.ltl	case_abe2225fac1a3bf7bba7c011.tlsf
case_5b60242d1e1ab451a3fdfa09.ltl	case_5b60242d1e1ab451a3fdfa09.tlsf
case_1e3555a4e11d10f234a5e8e0.ltl	case_1e3555a4e11d10f234a5e8e0.tlsf
case_c98f0f8156de2bbcbcb973fe.ltl	case_c98f0f8156de2bbcbcb973fe.tlsf
case_c5204eaac7924a57812bd305.ltl	case_c5204eaac7924a57812bd305.tlsf
case_5ed3cd56d89256401c0f6681.ltl	case_5ed3cd56d89256401c0f6681.tlsf
case_1ade59af2ffb24d92c1838fd.ltl	case_1ade59af2ffb24d92c1838fd.tlsf
case_6eccace9aabf783e13ced3d8.ltl	case_6eccace9aabf783e13ced3d8.tlsf
case_cf4a3ebb335e3e9b7a6e8cfb.ltl	case_cf4a3ebb335e3e9b7a6e8cfb.tlsf
case_ac2bdbe0f4a6da2bcd19fb80.ltl	case_ac2bdbe0f4a6da2bcd19fb80.tlsf
case_092b4c21b4ffd7fc9500b80a.ltl	case_092b4c21b4ffd7fc9500b80a.tlsf
case_81bdf5f4f6f85d5d5978802f.ltl	case_81bdf5f4f6f85d5d5978802f.tlsf
case_7e0f899ed46a393378139c6c.ltl	case_7e0f899ed46a393378139c6c.tlsf
case_0ba6907e2006de76e7c0a0f7.ltl	case_0ba6907e2006de76e7c0a0f7.tlsf
case_9373124ccdac1eaf1036517b.ltl	case_9373124ccdac1eaf1036517b.tlsf
case_59e99124a1f1178e58d5110d.ltl	case_59e99124a1f1178e58d5110d.tlsf
case_f0fbc5fe27f71e6f7ef1e2ef.ltl	case_f0fbc5fe27f71e6f7ef1e2ef.tlsf
case_60bd6887680d82222edb6d69.ltl	case_60bd6887680d82222edb6d69.tlsf
case_9b75697dcc6090af2f9ac38c.ltl	case_9b75697dcc6090af2f9ac38c.tlsf
case_35dbbe85dad556408a67c70d.ltl	case_35dbbe85dad556408a67c70d.tlsf
case_5501146ac511db785321ba3e.ltl	case_5501146ac511db785321ba3e.tlsf
case_a5319a692de7101171297b1b.ltl	case_a5319a692de7101171297b1b.tlsf
case_ee53b08d9730631ca9460979.ltl	case_ee53b08d9730631ca9460979.tlsf
case_8fed50f6a5046e97aa4bf562.ltl	case_8fed50f6a5046e97aa4bf562.tlsf
case_ca68bef4781a677d79572c32.ltl	case_ca68bef4781a677d79572c32.tlsf
case_651a71f4edb36a30c732e7f2.ltl	case_651a71f4edb36a30c732e7f2.tlsf
case_afdb3b6c159b1c3015680bc7.ltl	case_afdb3b6c159b1c3015680bc7.tlsf
case_28c9d6c7911bc7b380d3a5fa.ltl	case_28c9d6c7911bc7b380d3a5fa.tlsf
case_76d68f4ab0faa23d34500ff3.ltl	case_76d68f4ab0faa23d34500ff3.tlsf
case_5c6ac27caf56759c17310413.ltl	case_5c6ac27caf56759c17310413.tlsf
case_9ca6b5d9bb288ecb1c2eeb61.ltl	case_9ca6b5d9bb288ecb1c2eeb61.tlsf
case_94f3ab2a330d8ad7392f4019.ltl	case_94f3ab2a330d8ad7392f4019.tlsf
case_dd4cdf3029c9b533426449c5.ltl	case_dd4cdf3029c9b533426449c5.tlsf
case_28b4b7278f6089f64a5f5ffe.ltl	case_28b4b7278f6089f64a5f5ffe.tlsf
case_9447e5763da30a2faa55d0db.ltl	case_9447e5763da30a2faa55d0db.tlsf
case_144845ae905dcbde40724b28.ltl	case_144845ae905dcbde40724b28.tlsf
case_83e6b38346ffa269766af773.ltl	case_83e6b38346ffa269766af773.tlsf
case_3ae8169a67d92565032e3b91.ltl	case_3ae8169a67d92565032e3b91.tlsf
case_c582293d8b68dda58914b886.ltl	case_c582293d8b68dda58914b886.tlsf
case_7e138164457c188e4d76e6f0.ltl	case_7e138164457c188e4d76e6f0.tlsf
case_e7e07111f8094a3cae859b26.ltl	case_e7e07111f8094a3cae859b26.tlsf
case_23833afb106aad4f676b216f.ltl	case_23833afb106aad4f676b216f.tlsf
case_a46c324b9b15266b32ba6d39.ltl	case_a46c324b9b15266b32ba6d39.tlsf
case_97f1e510c3f772b545f0f879.ltl	case_97f1e510c3f772b545f0f879.tlsf
case_ce9049fa2260463e1a34f9c9.ltl	case_ce9049fa2260463e1a34f9c9.tlsf
case_a14154bb40becfa942da2983.ltl	case_a14154bb40becfa942da2983.tlsf
case_1f58f69763bf46476d51ec7b.ltl	case_1f58f69763bf46476d51ec7b.tlsf
case_7f82e49a7644db375563af71.ltl	case_7f82e49a7644db375563af71.tlsf
case_bdd7165872b70623fc4b7e2d.ltl	case_bdd7165872b70623fc4b7e2d.tlsf
case_441f17c30a689053fd349805.ltl	case_441f17c30a689053fd349805.tlsf
case_2c877caa4b646b7791527c0c.ltl	case_2c877caa4b646b7791527c0c.tlsf
case_1e241da3807be839905f0cba.ltl	case_1e241da3807be839905f0cba.tlsf
case_6e6af07ca099d28600265c2d.ltl	case_6e6af07ca099d28600265c2d.tlsf
case_8149e13ad3479b4d3505ae32.ltl	case_8149e13ad3479b4d3505ae32.tlsf
case_007631e3c81f105115cb1c4c.ltl	case_007631e3c81f105115cb1c4c.tlsf
case_e7caebe233a2ec027bc299e3.ltl	case_e7caebe233a2ec027bc299e3.tlsf
case_a3fe20c9fd2f9a980e766b0c.ltl	case_a3fe20c9fd2f9a980e766b0c.tlsf
case_a7477b3d29ed5c0a3096c8ff.ltl	case_a7477b3d29ed5c0a3096c8ff.tlsf
case_d8526ccfe47363654f61f4a6.ltl	case_d8526ccfe47363654f61f4a6.tlsf
case_27539e496c0130d961218b7b.ltl	case_27539e496c0130d961218b7b.tlsf
case_3287a054a3cdf2a6301f4b37.ltl	case_3287a054a3cdf2a6301f4b37.tlsf
case_d8e35ded4889ee4efafc3736.ltl	case_d8e35ded4889ee4efafc3736.tlsf
case_6dbc0b660680371d8097636f.ltl	case_6dbc0b660680371d8097636f.tlsf
case_eb9ea19e71f85c0e6fdc5726.ltl	case_eb9ea19e71f85c0e6fdc5726.tlsf
case_8b372a8ec3a2b4a714905a57.ltl	case_8b372a8ec3a2b4a714905a57.tlsf
case_4db2ee9f934955313d5ce2fb.ltl	case_4db2ee9f934955313d5ce2fb.tlsf
case_8240301e9a019785e451c1a8.ltl	case_8240301e9a019785e451c1a8.tlsf
case_879e29f05a0d4f6baf5a304c.ltl	case_879e29f05a0d4f6baf5a304c.tlsf
case_3974a8d6def0e6996ea1ed2f.ltl	case_3974a8d6def0e6996ea1ed2f.tlsf
case_b09df36b1065df6ce687790a.ltl	case_b09df36b1065df6ce687790a.tlsf
case_f0e3184c51c33a4e41f3f323.ltl	case_f0e3184c51c33a4e41f3f323.tlsf
case_0e2be5b1925a995fd3a25256.ltl	case_0e2be5b1925a995fd3a25256.tlsf
case_198aeaae0e3aae7baa9a020f.ltl	case_198aeaae0e3aae7baa9a020f.tlsf
case_317df9c2d2219e1f350b5bfa.ltl	case_317df9c2d2219e1f350b5bfa.tlsf
case_3ab17f0b92f94b5afcfacba1.ltl	case_3ab17f0b92f94b5afcfacba1.tlsf
case_654701736ec15f253f2525b3.ltl	case_654701736ec15f253f2525b3.tlsf
case_f7cc43001ecfc142b5244578.ltl	case_f7cc43001ecfc142b5244578.tlsf
case_cc19d3750930083b96dfa3ce.ltl	case_cc19d3750930083b96dfa3ce.tlsf
case_6bef194fb7dc233cc8ce3b57.ltl	case_6bef194fb7dc233cc8ce3b57.tlsf
case_3c5a2dcdfb76e5b3b4d547ee.ltl	case_3c5a2dcdfb76e5b3b4d547ee.tlsf
case_a96650b40e80563d58c56581.ltl	case_a96650b40e80563d58c56581.tlsf
case_c95cd826f623d67a5ceb8291.ltl	case_c95cd826f623d67a5ceb8291.tlsf
case_f9ebb29a539b6b6451302393.ltl	case_f9ebb29a539b6b6451302393.tlsf
case_43cd3680d69fa20b27cfc32a.ltl	case_43cd3680d69fa20b27cfc32a.tlsf
case_7b7229116fe9fc5f8fbda5b1.ltl	case_7b7229116fe9fc5f8fbda5b1.tlsf
case_79a94e0177fb2b5d2f9b407c.ltl	case_79a94e0177fb2b5d2f9b407c.tlsf
case_1e855d6c37208c577ec9af23.ltl	case_1e855d6c37208c577ec9af23.tlsf
case_976abe28a6e04c2f7726e53c.ltl	case_976abe28a6e04c2f7726e53c.tlsf
case_b9b1b0194c99a49202fcef2e.ltl	case_b9b1b0194c99a49202fcef2e.tlsf
case_94ff74cb697ab90192d2feea.ltl	case_94ff74cb697ab90192d2feea.tlsf
case_bddbf0cf19c3c425f5cefb5f.ltl	case_bddbf0cf19c3c425f5cefb5f.tlsf
case_8aaabaef19caedad250962d4.ltl	case_8aaabaef19caedad250962d4.tlsf
case_c945d90137332deb3d4ebb55.ltl	case_c945d90137332deb3d4ebb55.tlsf
case_2ee1021897a3ec82fe7c529c.ltl	case_2ee1021897a3ec82fe7c529c.tlsf
case_3615832cddf84fe658df56d5.ltl	case_3615832cddf84fe658df56d5.tlsf
case_3cf11c0298f0bfc159bd2ada.ltl	case_3cf11c0298f0bfc159bd2ada.tlsf
case_05f27fbe028e0f14893a140e.ltl	case_05f27fbe028e0f14893a140e.tlsf
case_fbdea57e01a8c79f09118b1d.ltl	case_fbdea57e01a8c79f09118b1d.tlsf
case_294f946a1744657ac813c39f.ltl	case_294f946a1744657ac813c39f.tlsf
case_7ceb22a628f1bc52c02d0c7b.ltl	case_7ceb22a628f1bc52c02d0c7b.tlsf
case_92ed56e49530fd61e06335d7.ltl	case_92ed56e49530fd61e06335d7.tlsf
case_5dcc5650bfc3aa89bd329ff5.ltl	case_5dcc5650bfc3aa89bd329ff5.tlsf
case_d449b19d3a518868f5f98899.ltl	case_d449b19d3a518868f5f98899.tlsf
case_ea2cefe3855829c5f53e55c7.ltl	case_ea2cefe3855829c5f53e55c7.tlsf
case_f83f91fecda7c96d0b51340d.ltl	case_f83f91fecda7c96d0b51340d.tlsf
case_7e099dfce615fcaa706ed8c3.ltl	case_7e099dfce615fcaa706ed8c3.tlsf
case_b145fc5c7e1bd70da3755483.ltl	case_b145fc5c7e1bd70da3755483.tlsf
case_9db1e70bd9825a6c39a505d6.ltl	case_9db1e70bd9825a6c39a505d6.tlsf
case_4262f246f0b1c11aca9684e1.ltl	case_4262f246f0b1c11aca9684e1.tlsf
case_ef4acaeaf06694288cd875c9.ltl	case_ef4acaeaf06694288cd875c9.tlsf
case_5b781d3cd2cde51a039dba43.ltl	case_5b781d3cd2cde51a039dba43.tlsf
case_8149a56d15ebef964d94c379.ltl	case_8149a56d15ebef964d94c379.tlsf
case_2c0caae1d3c62a9d7b34a3a0.ltl	case_2c0caae1d3c62a9d7b34a3a0.tlsf
case_8d6eb9a8d83d8a536fe8e69f.ltl	case_8d6eb9a8d83d8a536fe8e69f.tlsf
case_1b6022b1bdf4d0da2a3cad58.ltl	case_1b6022b1bdf4d0da2a3cad58.tlsf
case_5bfb7fffd7844db479a56672.ltl	case_5bfb7fffd7844db479a56672.tlsf
case_85e2d6221a6019222ac01be4.ltl	case_85e2d6221a6019222ac01be4.tlsf
case_820b34e7a069c7a2e5d5e8a0.ltl	case_820b34e7a069c7a2e5d5e8a0.tlsf
case_a21309901cfac28122564762.ltl	case_a21309901cfac28122564762.tlsf
case_4aae20e7b3fd3d9c40227022.ltl	case_4aae20e7b3fd3d9c40227022.tlsf
case_b215395a81ef5de4ac89faed.ltl	case_b215395a81ef5de4ac89faed.tlsf
case_b82010d4a301efca63f4fc2e.ltl	case_b82010d4a301efca63f4fc2e.tlsf
case_3ec41b4ddd6699b085e63906.ltl	case_3ec41b4ddd6699b085e63906.tlsf
case_467f9fd34ed41946a7c1d693.ltl	case_467f9fd34ed41946a7c1d693.tlsf
case_e09e84fd160d3c90ac493eb6.ltl	case_e09e84fd160d3c90ac493eb6.tlsf
case_1678e1963b82f5fa0812ce1d.ltl	case_1678e1963b82f5fa0812ce1d.tlsf
case_bb95c5e9bafce1e80af84ca3.ltl	case_bb95c5e9bafce1e80af84ca3.tlsf
case_cd1a1b18a55a2436070bb6c4.ltl	case_cd1a1b18a55a2436070bb6c4.tlsf
case_fc34506de9b1da6cf3c6f342.ltl	case_fc34506de9b1da6cf3c6f342.tlsf
case_541f2ee333a3bdde7f403e83.ltl	case_541f2ee333a3bdde7f403e83.tlsf
case_7fd310a39018a33133e58f5b.ltl	case_7fd310a39018a33133e58f5b.tlsf
case_6a23e8b08bc33c34dd637fc6.ltl	case_6a23e8b08bc33c34dd637fc6.tlsf
case_dd925f92ec18ce3d58d2cc18.ltl	case_dd925f92ec18ce3d58d2cc18.tlsf
case_5ac9f3875ad6d7db3f7003c5.ltl	case_5ac9f3875ad6d7db3f7003c5.tlsf
case_a702bdabbd895e12d32ec901.ltl	case_a702bdabbd895e12d32ec901.tlsf
case_76b14b99534a6522bffc2cae.ltl	case_76b14b99534a6522bffc2cae.tlsf
case_d3ddd5f7de287b235ba2d212.ltl	case_d3ddd5f7de287b235ba2d212.tlsf
case_4545e432d038923903ce1f96.ltl	case_4545e432d038923903ce1f96.tlsf
case_ba2100a0abdfce65dee2aaac.ltl	case_ba2100a0abdfce65dee2aaac.tlsf
case_1b9e28adcf1a7fa45558e733.ltl	case_1b9e28adcf1a7fa45558e733.tlsf
case_5223e09751f7b5b03edb359c.ltl	case_5223e09751f7b5b03edb359c.tlsf
case_10f3814acf44969e7f8f1e31.ltl	case_10f3814acf44969e7f8f1e31.tlsf
case_0f6ef7277b02ff53e671e6d9.ltl	case_0f6ef7277b02ff53e671e6d9.tlsf
case_0f3c7b0bff8691787d2faad1.ltl	case_0f3c7b0bff8691787d2faad1.tlsf
case_88e1094eff444b3dbf2199f8.ltl	case_88e1094eff444b3dbf2199f8.tlsf
case_fe269ca16e3e7432ce3b9a93.ltl	case_fe269ca16e3e7432ce3b9a93.tlsf
case_cd6cad23a90ca382302c8949.ltl	case_cd6cad23a90ca382302c8949.tlsf
case_934f8f22db7941506caae55d.ltl	case_934f8f22db7941506caae55d.tlsf
case_5029063ba6bde00e6a07abf8.ltl	case_5029063ba6bde00e6a07abf8.tlsf
case_97d4b51e10a4f521d69239d3.ltl	case_97d4b51e10a4f521d69239d3.tlsf
case_7ad324f19e1a30a8c17fd4f1.ltl	case_7ad324f19e1a30a8c17fd4f1.tlsf
case_b9805fd80d9480b4d931bc99.ltl	case_b9805fd80d9480b4d931bc99.tlsf
case_54f86dae4b5c084bc1b74dbd.ltl	case_54f86dae4b5c084bc1b74dbd.tlsf
case_959f13f91a38cea93597ea4d.ltl	case_959f13f91a38cea93597ea4d.tlsf
case_1f8bf118a1250663194c876e.ltl	case_1f8bf118a1250663194c876e.tlsf
case_4d4b917513c7ba2419b0d928.ltl	case_4d4b917513c7ba2419b0d928.tlsf
case_d82900be8c5fe7c852bad023.ltl	case_d82900be8c5fe7c852bad023.tlsf
case_ea4f8ce632cb5cf8f0b0f3a7.ltl	case_ea4f8ce632cb5cf8f0b0f3a7.tlsf
case_1cf255cebbc1a98550dee344.ltl	case_1cf255cebbc1a98550dee344.tlsf
case_01028403569c43fc475ad054.ltl	case_01028403569c43fc475ad054.tlsf
case_c30b7a8a10ff30fbcc89b507.ltl	case_c30b7a8a10ff30fbcc89b507.tlsf
case_709fcfcc0c0772407bbdac51.ltl	case_709fcfcc0c0772407bbdac51.tlsf
case_2dc1f8bb6d467cd2307b778a.ltl	case_2dc1f8bb6d467cd2307b778a.tlsf
case_1bf2cb5fb73477483b225e20.ltl	case_1bf2cb5fb73477483b225e20.tlsf
case_dba3a646ade476cfe67bded0.ltl	case_dba3a646ade476cfe67bded0.tlsf
case_6af9f8b102f58cfdab9201b6.ltl	case_6af9f8b102f58cfdab9201b6.tlsf
case_230669429017a543d54c3435.ltl	case_230669429017a543d54c3435.tlsf
case_8359b0633544493593e19b47.ltl	case_8359b0633544493593e19b47.tlsf
case_0f0986ace67b3364f2ce019f.ltl	case_0f0986ace67b3364f2ce019f.tlsf
case_c85ceadd6bac266e91c7121a.ltl	case_c85ceadd6bac266e91c7121a.tlsf
case_6c3144f96bd950c1ca1db265.ltl	case_6c3144f96bd950c1ca1db265.tlsf
case_80f32f3498d40ff08e18d496.ltl	case_80f32f3498d40ff08e18d496.tlsf
case_e8295da41f8cdca765697885.ltl	case_e8295da41f8cdca765697885.tlsf
case_fccf22f372c90fb2de6b0ec1.ltl	case_fccf22f372c90fb2de6b0ec1.tlsf
case_f71bd2c78a7ee897cd55f9c6.ltl	case_f71bd2c78a7ee897cd55f9c6.tlsf
case_3d1a330f4eff7b18ea02137b.ltl	case_3d1a330f4eff7b18ea02137b.tlsf
case_80fee26b0568e2d8c33dba6e.ltl	case_80fee26b0568e2d8c33dba6e.tlsf
case_5a8faa5398431a3bf91a3656.ltl	case_5a8faa5398431a3bf91a3656.tlsf
case_356f7caa70a3f0d92b89996b.ltl	case_356f7caa70a3f0d92b89996b.tlsf
case_bff6dc5535c66bed1c9d8853.ltl	case_bff6dc5535c66bed1c9d8853.tlsf
case_5b1129d271a6e46b3c1a1f2d.ltl	case_5b1129d271a6e46b3c1a1f2d.tlsf
case_53dc63663cd14c13cd825373.ltl	case_53dc63663cd14c13cd825373.tlsf
case_db44592feff228a66865bb88.ltl	case_db44592feff228a66865bb88.tlsf
case_8a591d3de5c08795fab88d02.ltl	case_8a591d3de5c08795fab88d02.tlsf
case_bdfa1ad079a7ce4f507c33d0.ltl	case_bdfa1ad079a7ce4f507c33d0.tlsf
case_614389516c2a5b2737cd5f12.ltl	case_614389516c2a5b2737cd5f12.tlsf
case_d01ff391cdbe849975d745cb.ltl	case_d01ff391cdbe849975d745cb.tlsf
case_a8e78e44466cbc551b59849b.ltl	case_a8e78e44466cbc551b59849b.tlsf
case_c87b1aa55e60b8e92d64c57d.ltl	case_c87b1aa55e60b8e92d64c57d.tlsf
case_3039c033ce6a78065dc64fed.ltl	case_3039c033ce6a78065dc64fed.tlsf
case_b54ff0d69045bd82977733f3.ltl	case_b54ff0d69045bd82977733f3.tlsf
case_58f041c11594b41286b85549.ltl	case_58f041c11594b41286b85549.tlsf
case_c19b4a902d8c39edef3e3663.ltl	case_c19b4a902d8c39edef3e3663.tlsf
case_aa3a4b076a69798cbe0b4db5.ltl	case_aa3a4b076a69798cbe0b4db5.tlsf
case_74ba295fd23d8f185c4e3e19.ltl	case_74ba295fd23d8f185c4e3e19.tlsf
case_c0b14200e63fe5d041352eb9.ltl	case_c0b14200e63fe5d041352eb9.tlsf
case_66796026b1fd8624e76cbf90.ltl	case_66796026b1fd8624e76cbf90.tlsf
case_2d2d9432d83a8a0f01eba4c4.ltl	case_2d2d9432d83a8a0f01eba4c4.tlsf
case_09536d56161cdd9454baca12.ltl	case_09536d56161cdd9454baca12.tlsf
case_04a9b00d454d1dae63e81a4e.ltl	case_04a9b00d454d1dae63e81a4e.tlsf
case_851580190393ecadd92d7aeb.ltl	case_851580190393ecadd92d7aeb.tlsf
case_580d50ce104e9e11d81f6ac9.ltl	case_580d50ce104e9e11d81f6ac9.tlsf
case_6558adeabb069c7cc6256af3.ltl	case_6558adeabb069c7cc6256af3.tlsf
case_a11d7b7413bb505d83b78b30.ltl	case_a11d7b7413bb505d83b78b30.tlsf
case_03e92beedf0d62206a2e9f63.ltl	case_03e92beedf0d62206a2e9f63.tlsf
case_f4733c922f3a27141ed1b7b9.ltl	case_f4733c922f3a27141ed1b7b9.tlsf
case_b30fe1954bedaf0631e5cebd.ltl	case_b30fe1954bedaf0631e5cebd.tlsf
case_74c7605387c7d1ad64cf4adc.ltl	case_74c7605387c7d1ad64cf4adc.tlsf
case_41f2b24b6e40f132e3d14911.ltl	case_41f2b24b6e40f132e3d14911.tlsf
case_7ae628a9acc86f8c329b01b6.ltl	case_7ae628a9acc86f8c329b01b6.tlsf
case_cdad4369bcbe2670a2b5205e.ltl	case_cdad4369bcbe2670a2b5205e.tlsf
case_627036add7f2a04e198bc09e.ltl	case_627036add7f2a04e198bc09e.tlsf
case_d5f8421afafeb1704a4cf2ed.ltl	case_d5f8421afafeb1704a4cf2ed.tlsf
case_972967a64290f6b9a9414d0e.ltl	case_972967a64290f6b9a9414d0e.tlsf
case_168804900748cd1634139cc3.ltl	case_168804900748cd1634139cc3.tlsf
case_963b7e8578475b5b24670c5d.ltl	case_963b7e8578475b5b24670c5d.tlsf
case_abc79644dbfe6556339bcd53.ltl	case_abc79644dbfe6556339bcd53.tlsf
case_32e0408e0cd8cd201b131350.ltl	case_32e0408e0cd8cd201b131350.tlsf
case_e7d42ae5af2a4e56d7decf94.ltl	case_e7d42ae5af2a4e56d7decf94.tlsf
case_064c9f7f0cd3fdbe4d7c8182.ltl	case_064c9f7f0cd3fdbe4d7c8182.tlsf
case_640d73c9d72bfde7eeb2a244.ltl	case_640d73c9d72bfde7eeb2a244.tlsf
case_ff1ffc1044a310fa080c578c.ltl	case_ff1ffc1044a310fa080c578c.tlsf
case_c5ac1c125d83bf87bb5beb7c.ltl	case_c5ac1c125d83bf87bb5beb7c.tlsf
case_a30a3641aa69206d8e967dc8.ltl	case_a30a3641aa69206d8e967dc8.tlsf
case_905e8289d28dfca901a2a8cb.ltl	case_905e8289d28dfca901a2a8cb.tlsf
case_945f033dc02ac0f44d0d2686.ltl	case_945f033dc02ac0f44d0d2686.tlsf
case_c1defdf35dbbd07c3712d8c7.ltl	case_c1defdf35dbbd07c3712d8c7.tlsf
case_d8c26be2a9a393c02ddc4253.ltl	case_d8c26be2a9a393c02ddc4253.tlsf
case_4b4e4ce1fed1c7a46ea6975f.ltl	case_4b4e4ce1fed1c7a46ea6975f.tlsf
case_89cdec2468c1ebf60367d654.ltl	case_89cdec2468c1ebf60367d654.tlsf
case_1443d0be8f365991d081123a.ltl	case_1443d0be8f365991d081123a.tlsf
case_fd458a9b18261886e11e77bf.ltl	case_fd458a9b18261886e11e77bf.tlsf
case_d297f3cb92ab6b9e41d54f4b.ltl	case_d297f3cb92ab6b9e41d54f4b.tlsf
case_2acb9edad308b3073ea0dbeb.ltl	case_2acb9edad308b3073ea0dbeb.tlsf
case_b7f52afe43db2631e3a13c30.ltl	case_b7f52afe43db2631e3a13c30.tlsf
case_9b0c685ef07e1100c5055b80.ltl	case_9b0c685ef07e1100c5055b80.tlsf
case_debdacd7e4aef7e437d8a775.ltl	case_debdacd7e4aef7e437d8a775.tlsf
case_5c66e321896c765b8323e37e.ltl	case_5c66e321896c765b8323e37e.tlsf
case_b45caca04a2c62978a41f06a.ltl	case_b45caca04a2c62978a41f06a.tlsf
case_58428cc53ad13cd7321f722b.ltl	case_58428cc53ad13cd7321f722b.tlsf
case_b85746ebce071400b41eb615.ltl	case_b85746ebce071400b41eb615.tlsf
case_5ae83d4cd251f844cebd75b5.ltl	case_5ae83d4cd251f844cebd75b5.tlsf
case_ef7a9e4dadfcd112430f1892.ltl	case_ef7a9e4dadfcd112430f1892.tlsf
case_1526239a229c760eae421189.ltl	case_1526239a229c760eae421189.tlsf
case_28bc7ba98421e9a9c8ea76a2.ltl	case_28bc7ba98421e9a9c8ea76a2.tlsf
case_55192dc6b32ae134593a53a7.ltl	case_55192dc6b32ae134593a53a7.tlsf
case_a1fee0ad4107f5ede87f08e3.ltl	case_a1fee0ad4107f5ede87f08e3.tlsf
case_f5b69a16b26fc5bb3abce7ff.ltl	case_f5b69a16b26fc5bb3abce7ff.tlsf
case_48e76b8999cc7247d0782789.ltl	case_48e76b8999cc7247d0782789.tlsf
case_3bbe45778bfc230596de8d80.ltl	case_3bbe45778bfc230596de8d80.tlsf
case_34f230a9cb1f1955a8bbaf9f.ltl	case_34f230a9cb1f1955a8bbaf9f.tlsf
case_cebb54c6bedca4d2a75d4cd6.ltl	case_cebb54c6bedca4d2a75d4cd6.tlsf
case_4c4f489f1865a80bd9cff88f.ltl	case_4c4f489f1865a80bd9cff88f.tlsf
case_2046fa71d4ba57a8549d473f.ltl	case_2046fa71d4ba57a8549d473f.tlsf
case_b8fd3d59b08cbd589d935c77.ltl	case_b8fd3d59b08cbd589d935c77.tlsf
case_d158dcf5d72fd2ba47b11274.ltl	case_d158dcf5d72fd2ba47b11274.tlsf
case_a3e9b514a8c595907666c15c.ltl	case_a3e9b514a8c595907666c15c.tlsf
case_e2da6625a3063228ed1ed841.ltl	case_e2da6625a3063228ed1ed841.tlsf
case_46d5aa193b601d4897598550.ltl	case_46d5aa193b601d4897598550.tlsf
case_54b445ea2e720085e9d1f20c.ltl	case_54b445ea2e720085e9d1f20c.tlsf
case_dabe410c6ac1161127986dab.ltl	case_dabe410c6ac1161127986dab.tlsf
case_d3af7db655d44d767c5fc033.ltl	case_d3af7db655d44d767c5fc033.tlsf
case_80d4a9ea871e6d7de615aeaf.ltl	case_80d4a9ea871e6d7de615aeaf.tlsf
case_93e27478edf999f8db903606.ltl	case_93e27478edf999f8db903606.tlsf
case_983c8f3341b3d3654972488e.ltl	case_983c8f3341b3d3654972488e.tlsf
case_9703149efffc9cfb2524ce0e.ltl	case_9703149efffc9cfb2524ce0e.tlsf
case_414117cb4d32a985e8b4c138.ltl	case_414117cb4d32a985e8b4c138.tlsf
case_f566ede8c31457d731db92c1.ltl	case_f566ede8c31457d731db92c1.tlsf
case_f112fe937aa683f70c00a6ca.ltl	case_f112fe937aa683f70c00a6ca.tlsf
case_b4108831635c63696d9f37f8.ltl	case_b4108831635c63696d9f37f8.tlsf
case_692790b218011c059c83114b.ltl	case_692790b218011c059c83114b.tlsf
